2024-10-21 03:12:06,319 INFO ===> New TaichiEnv created.
2024-10-21 03:12:06,319 INFO ===> Specifications: horizon = 600, dt = 0.01, n_substeps = 20, dt_sub = 0.0005
2024-10-21 03:12:29,829 ERROR ===> [Warning] Aborting epoch: 0
2024-10-21 03:12:29,829 ERROR ===> [Warning] Particle has nan or inf: False
2024-10-21 03:12:29,829 ERROR ===> [Warning] Strange loss or gradient.
2024-10-21 03:12:29,829 ERROR ===> [Warning] Skill params: [ 1.    0.45  0.8   0.   -0.1 ]
2024-10-21 03:12:29,829 ERROR ===> [Warning] Skill params grad: [ 2.0949998e+14 -5.0981617e+14 -8.6856720e+06  7.1915389e+14
 -1.0656765e+07]
2024-10-21 03:12:29,829 ERROR ===> [Warning] Loss info: {'particle_has_naninf': False, 'height_map_loss': 29.20722770690918, 'emd_loss': 28.403329849243164, 'total_loss': 29.20722770690918}
2024-10-21 03:12:29,830 INFO =====> Epoch: 0
2024-10-21 03:12:29,830 INFO =====> EMD Loss: nan
2024-10-21 03:12:29,830 INFO =====> Height map loss: nan
2024-10-21 03:12:29,831 INFO =====> Insertion loss: nan
2024-10-21 03:12:29,831 INFO =====> Grad: [1.e-06 1.e-06 1.e-06 1.e-06 1.e-06]
2024-10-21 03:12:29,831 INFO =====> Skill params: [ 9.9978918e-01  4.4978920e-01  7.9978919e-01 -2.1079510e-04
 -1.0021079e-01]
2024-10-21 03:12:29,831 INFO =====> Num. aborted data so far: 1
2024-10-21 03:12:30,100 INFO ===> New TaichiEnv created.
2024-10-21 03:12:30,100 INFO ===> Specifications: horizon = 600, dt = 0.01, n_substeps = 20, dt_sub = 0.0005
2024-10-21 03:12:53,539 ERROR ===> [Warning] Aborting epoch: 1
2024-10-21 03:12:53,539 ERROR ===> [Warning] Particle has nan or inf: False
2024-10-21 03:12:53,539 ERROR ===> [Warning] Strange loss or gradient.
2024-10-21 03:12:53,539 ERROR ===> [Warning] Skill params: [ 9.9978918e-01  4.4978920e-01  7.9978919e-01 -2.1079510e-04
 -1.0021079e-01]
2024-10-21 03:12:53,539 ERROR ===> [Warning] Skill params grad: [ 1.2642348e+11 -1.5651712e+11  1.8958738e+05 -3.8427123e+12
  7.7114375e+03]
2024-10-21 03:12:53,539 ERROR ===> [Warning] Loss info: {'particle_has_naninf': False, 'height_map_loss': 29.188692092895508, 'emd_loss': 28.43709945678711, 'total_loss': 29.188692092895508}
2024-10-21 03:12:53,540 INFO =====> Epoch: 1
2024-10-21 03:12:53,540 INFO =====> EMD Loss: nan
2024-10-21 03:12:53,540 INFO =====> Height map loss: nan
2024-10-21 03:12:53,540 INFO =====> Insertion loss: nan
2024-10-21 03:12:53,540 INFO =====> Grad: [1.e-06 1.e-06 1.e-06 1.e-06 1.e-06]
2024-10-21 03:12:53,540 INFO =====> Skill params: [ 9.99566972e-01  4.49566990e-01  7.99566984e-01 -4.32990026e-04
 -1.00432985e-01]
2024-10-21 03:12:53,540 INFO =====> Num. aborted data so far: 2
2024-10-21 03:12:53,823 INFO ===> New TaichiEnv created.
2024-10-21 03:12:53,823 INFO ===> Specifications: horizon = 600, dt = 0.01, n_substeps = 20, dt_sub = 0.0005
2024-10-21 03:13:17,427 INFO =====> Epoch: 2
2024-10-21 03:13:17,427 INFO =====> EMD Loss: 28.43592071533203
2024-10-21 03:13:17,427 INFO =====> Height map loss: 29.206689834594727
2024-10-21 03:13:17,427 INFO =====> Insertion loss: 0.0
2024-10-21 03:13:17,427 INFO =====> Grad: [-6.3731824e+04  1.1789475e+05  1.4463531e-02  1.4936770e+05
 -1.0927799e-02]
2024-10-21 03:13:17,427 INFO =====> Skill params: [ 1.          0.38632143  0.7363326  -0.06367855 -0.03720691]
2024-10-21 03:13:17,427 INFO =====> Num. aborted data so far: 2
2024-10-21 03:13:17,717 INFO ===> New TaichiEnv created.
2024-10-21 03:13:17,717 INFO ===> Specifications: horizon = 600, dt = 0.01, n_substeps = 20, dt_sub = 0.0005
2024-10-21 03:13:41,236 INFO =====> Epoch: 3
2024-10-21 03:13:41,236 INFO =====> EMD Loss: 28.517181396484375
2024-10-21 03:13:41,236 INFO =====> Height map loss: 29.568603515625
2024-10-21 03:13:41,236 INFO =====> Insertion loss: 0.0
2024-10-21 03:13:41,236 INFO =====> Grad: [-2.5710680e+07  8.9760392e+07 -1.4339054e+00 -2.0311008e+07
  1.4916252e+00]
2024-10-21 03:13:41,236 INFO =====> Skill params: [ 1.0000000e+00  3.2307592e-01  7.9957527e-01 -4.3453276e-04
 -1.0045093e-01]
2024-10-21 03:13:41,236 INFO =====> Num. aborted data so far: 2
2024-10-21 03:13:41,525 INFO ===> New TaichiEnv created.
2024-10-21 03:13:41,525 INFO ===> Specifications: horizon = 600, dt = 0.01, n_substeps = 20, dt_sub = 0.0005
2024-10-21 03:14:04,615 INFO =====> Epoch: 4
2024-10-21 03:14:04,615 INFO =====> EMD Loss: 27.660747528076172
2024-10-21 03:14:04,616 INFO =====> Height map loss: 28.347654342651367
2024-10-21 03:14:04,616 INFO =====> Insertion loss: 0.0
2024-10-21 03:14:04,616 INFO =====> Grad: [ 9.1807354e+03 -8.4677133e+04 -1.1255513e-01 -1.8674109e+06
  3.3993572e-03]
2024-10-21 03:14:04,616 INFO =====> Skill params: [ 0.9999762   0.3231388   0.80479026  0.00566612 -0.10060286]
2024-10-21 03:14:04,616 INFO =====> Num. aborted data so far: 2
2024-10-21 03:14:04,940 INFO ===> New TaichiEnv created.
2024-10-21 03:14:04,940 INFO ===> Specifications: horizon = 600, dt = 0.01, n_substeps = 20, dt_sub = 0.0005
2024-10-21 03:14:28,259 INFO =====> Epoch: 5
2024-10-21 03:14:28,259 INFO =====> EMD Loss: 27.90369415283203
2024-10-21 03:14:28,259 INFO =====> Height map loss: 28.598066329956055
2024-10-21 03:14:28,259 INFO =====> Insertion loss: 0.0
2024-10-21 03:14:28,259 INFO =====> Grad: [ 9.6902828e+04 -4.1444169e+05  3.3495312e-03  2.4956139e+05
  5.5190753e-02]
2024-10-21 03:14:28,259 INFO =====> Skill params: [ 0.99971133  0.32346326  0.80462664  0.00480681 -0.10320072]
2024-10-21 03:14:28,259 INFO =====> Num. aborted data so far: 2
2024-10-21 03:14:28,549 INFO ===> New TaichiEnv created.
2024-10-21 03:14:28,549 INFO ===> Specifications: horizon = 600, dt = 0.01, n_substeps = 20, dt_sub = 0.0005
2024-10-21 03:14:51,728 INFO =====> Epoch: 6
2024-10-21 03:14:51,728 INFO =====> EMD Loss: 27.878833770751953
2024-10-21 03:14:51,728 INFO =====> Height map loss: 28.609209060668945
2024-10-21 03:14:51,728 INFO =====> Insertion loss: 0.0
2024-10-21 03:14:51,729 INFO =====> Grad: [ 1.0178969e+04 -3.5797980e+04 -6.1439164e-04  2.8498734e+04
 -3.9153394e-05]
2024-10-21 03:14:51,729 INFO =====> Skill params: [ 0.999682    0.3234928   0.8046583   0.00470337 -0.10319877]
2024-10-21 03:14:51,729 INFO =====> Num. aborted data so far: 2
2024-10-21 03:14:52,101 INFO ===> New TaichiEnv created.
2024-10-21 03:14:52,101 INFO ===> Specifications: horizon = 600, dt = 0.01, n_substeps = 20, dt_sub = 0.0005
2024-10-21 03:15:15,768 INFO =====> Epoch: 7
2024-10-21 03:15:15,768 INFO =====> EMD Loss: 27.851463317871094
2024-10-21 03:15:15,768 INFO =====> Height map loss: 28.62834358215332
2024-10-21 03:15:15,768 INFO =====> Insertion loss: 0.0
2024-10-21 03:15:15,768 INFO =====> Grad: [ 1.5618430e+04 -5.6124812e+04  1.6311673e-03 -1.3495433e+04
  9.0094600e-03]
2024-10-21 03:15:15,768 INFO =====> Skill params: [ 0.99963456  0.3235416   0.8045698   0.004755   -0.10366996]
2024-10-21 03:15:15,768 INFO =====> Num. aborted data so far: 2
2024-10-21 03:15:16,073 INFO ===> New TaichiEnv created.
2024-10-21 03:15:16,073 INFO ===> Specifications: horizon = 600, dt = 0.01, n_substeps = 20, dt_sub = 0.0005
2024-10-21 03:15:39,302 INFO =====> Epoch: 8
2024-10-21 03:15:39,302 INFO =====> EMD Loss: 27.844829559326172
2024-10-21 03:15:39,302 INFO =====> Height map loss: 28.580453872680664
2024-10-21 03:15:39,302 INFO =====> Insertion loss: 0.0
2024-10-21 03:15:39,302 INFO =====> Grad: [ 7.7190025e+05 -2.9211405e+06  2.1982476e-01  4.3274840e+06
  2.8555867e-01]
2024-10-21 03:15:39,303 INFO =====> Skill params: [ 0.9971655   0.32621768  0.79223704 -0.0120683  -0.11894618]
2024-10-21 03:15:39,303 INFO =====> Num. aborted data so far: 2
2024-10-21 03:15:39,599 INFO ===> New TaichiEnv created.
2024-10-21 03:15:39,599 INFO ===> Specifications: horizon = 600, dt = 0.01, n_substeps = 20, dt_sub = 0.0005
2024-10-21 03:16:02,825 INFO =====> Epoch: 9
2024-10-21 03:16:02,825 INFO =====> EMD Loss: 27.616390228271484
2024-10-21 03:16:02,825 INFO =====> Height map loss: 28.26874542236328
2024-10-21 03:16:02,825 INFO =====> Insertion loss: 0.0
2024-10-21 03:16:02,825 INFO =====> Grad: [-1.7454111e+04  3.4910773e+04  4.5930374e-02  1.6316986e+05
  4.1976408e-03]
2024-10-21 03:16:02,825 INFO =====> Skill params: [ 0.99722433  0.32618397  0.78952336 -0.01273691 -0.11918288]
2024-10-21 03:16:02,825 INFO =====> Num. aborted data so far: 2
2024-10-21 03:16:03,132 INFO ===> New TaichiEnv created.
2024-10-21 03:16:03,132 INFO ===> Specifications: horizon = 600, dt = 0.01, n_substeps = 20, dt_sub = 0.0005
2024-10-21 03:16:26,669 INFO =====> Epoch: 10
2024-10-21 03:16:26,669 INFO =====> EMD Loss: 27.58802032470703
2024-10-21 03:16:26,669 INFO =====> Height map loss: 28.308910369873047
2024-10-21 03:16:26,669 INFO =====> Insertion loss: 0.0
2024-10-21 03:16:26,669 INFO =====> Grad: [ 1.9724023e+05 -5.3415094e+05  1.5603781e-02 -1.7709806e+06
  5.8998954e-02]
2024-10-21 03:16:26,669 INFO =====> Skill params: [ 0.9965234   0.32672766  0.7885517  -0.00514293 -0.12268437]
2024-10-21 03:16:26,669 INFO =====> Num. aborted data so far: 2
2024-10-21 03:16:26,983 INFO ===> New TaichiEnv created.
2024-10-21 03:16:26,983 INFO ===> Specifications: horizon = 600, dt = 0.01, n_substeps = 20, dt_sub = 0.0005
2024-10-21 03:16:50,188 INFO =====> Epoch: 11
2024-10-21 03:16:50,188 INFO =====> EMD Loss: 27.545894622802734
2024-10-21 03:16:50,188 INFO =====> Height map loss: 28.054882049560547
2024-10-21 03:16:50,188 INFO =====> Insertion loss: 0.0
2024-10-21 03:16:50,188 INFO =====> Grad: [ 2.2757241e+05 -2.2288569e+05 -8.0681527e-01 -4.9334725e+06
  2.9326117e-02]
2024-10-21 03:16:50,188 INFO =====> Skill params: [ 0.9956709   0.3269668   0.82915556  0.01588728 -0.1245182 ]
2024-10-21 03:16:50,188 INFO =====> Num. aborted data so far: 2
2024-10-21 03:16:50,508 INFO ===> New TaichiEnv created.
2024-10-21 03:16:50,508 INFO ===> Specifications: horizon = 600, dt = 0.01, n_substeps = 20, dt_sub = 0.0005
2024-10-21 03:17:13,923 INFO =====> Epoch: 12
2024-10-21 03:17:13,923 INFO =====> EMD Loss: 27.75519371032715
2024-10-21 03:17:13,923 INFO =====> Height map loss: 28.129859924316406
2024-10-21 03:17:13,923 INFO =====> Insertion loss: 0.0
2024-10-21 03:17:13,923 INFO =====> Grad: [-1.372962e+06  5.422253e+06 -2.727776e+00  8.384811e+07 -4.839529e-01]
2024-10-21 03:17:13,923 INFO =====> Skill params: [ 1.          0.3208632   0.8871076  -0.04648555 -0.09603631]
2024-10-21 03:17:13,923 INFO =====> Num. aborted data so far: 2
2024-10-21 03:17:14,230 INFO ===> New TaichiEnv created.
2024-10-21 03:17:14,230 INFO ===> Specifications: horizon = 600, dt = 0.01, n_substeps = 20, dt_sub = 0.0005
2024-10-21 03:17:38,039 INFO =====> Epoch: 13
2024-10-21 03:17:38,039 INFO =====> EMD Loss: 28.45073890686035
2024-10-21 03:17:38,039 INFO =====> Height map loss: 29.17719268798828
2024-10-21 03:17:38,039 INFO =====> Insertion loss: 0.0
2024-10-21 03:17:38,039 INFO =====> Grad: [ 1.2378445e+04 -4.4367371e+04  5.4468168e-04  1.3009303e+05
 -2.4153374e-03]
2024-10-21 03:17:38,039 INFO =====> Skill params: [ 0.9999487   0.32091582  0.8870954  -0.04658756 -0.09588648]
2024-10-21 03:17:38,039 INFO =====> Num. aborted data so far: 2
2024-10-21 03:17:38,352 INFO ===> New TaichiEnv created.
2024-10-21 03:17:38,352 INFO ===> Specifications: horizon = 600, dt = 0.01, n_substeps = 20, dt_sub = 0.0005
2024-10-21 03:18:02,326 INFO =====> Epoch: 14
2024-10-21 03:18:02,326 INFO =====> EMD Loss: 28.422462463378906
2024-10-21 03:18:02,326 INFO =====> Height map loss: 29.2210750579834
2024-10-21 03:18:02,326 INFO =====> Insertion loss: 0.0
2024-10-21 03:18:02,327 INFO =====> Grad: [-4.9606758e+03  2.1457402e+04  2.8504641e-03 -1.1352431e+05
  1.0022869e-03]
2024-10-21 03:18:02,327 INFO =====> Skill params: [ 0.9999704   0.32088897  0.8870281  -0.04649373 -0.09595202]
2024-10-21 03:18:02,327 INFO =====> Num. aborted data so far: 2
2024-10-21 03:18:02,634 INFO ===> New TaichiEnv created.
2024-10-21 03:18:02,635 INFO ===> Specifications: horizon = 600, dt = 0.01, n_substeps = 20, dt_sub = 0.0005
2024-10-21 03:18:25,998 INFO =====> Epoch: 15
2024-10-21 03:18:25,998 INFO =====> EMD Loss: 28.44771385192871
2024-10-21 03:18:25,998 INFO =====> Height map loss: 29.167327880859375
2024-10-21 03:18:25,998 INFO =====> Insertion loss: 0.0
2024-10-21 03:18:25,998 INFO =====> Grad: [-1.9877822e+04  9.3363383e+04  2.5106061e-02 -3.1719194e+05
  3.2559657e-03]
2024-10-21 03:18:25,998 INFO =====> Skill params: [ 1.          0.32076588  0.88640344 -0.04621738 -0.09617645]
2024-10-21 03:18:25,998 INFO =====> Num. aborted data so far: 2
2024-10-21 03:18:26,312 INFO ===> New TaichiEnv created.
2024-10-21 03:18:26,312 INFO ===> Specifications: horizon = 600, dt = 0.01, n_substeps = 20, dt_sub = 0.0005
2024-10-21 03:18:49,966 ERROR ===> [Warning] Aborting epoch: 16
2024-10-21 03:18:49,966 ERROR ===> [Warning] Particle has nan or inf: False
2024-10-21 03:18:49,966 ERROR ===> [Warning] Strange loss or gradient.
2024-10-21 03:18:49,966 ERROR ===> [Warning] Skill params: [ 1.          0.32076588  0.88640344 -0.04621738 -0.09617645]
2024-10-21 03:18:49,966 ERROR ===> [Warning] Skill params grad: [ 1.36844914e+14 -2.13047491e+14  4.57569504e+08 -2.02932459e+16
 -3.81389280e+08]
2024-10-21 03:18:49,966 ERROR ===> [Warning] Loss info: {'particle_has_naninf': False, 'height_map_loss': 29.18226432800293, 'emd_loss': 28.46517562866211, 'total_loss': 29.18226432800293}
2024-10-21 03:18:49,967 INFO =====> Epoch: 16
2024-10-21 03:18:49,967 INFO =====> EMD Loss: nan
2024-10-21 03:18:49,967 INFO =====> Height map loss: nan
2024-10-21 03:18:49,967 INFO =====> Insertion loss: nan
2024-10-21 03:18:49,967 INFO =====> Grad: [1.e-06 1.e-06 1.e-06 1.e-06 1.e-06]
2024-10-21 03:18:49,967 INFO =====> Skill params: [ 1.          0.32076588  0.88640344 -0.04621738 -0.09617652]
2024-10-21 03:18:49,967 INFO =====> Num. aborted data so far: 3
2024-10-21 03:18:50,299 INFO ===> New TaichiEnv created.
2024-10-21 03:18:50,299 INFO ===> Specifications: horizon = 600, dt = 0.01, n_substeps = 20, dt_sub = 0.0005
2024-10-21 03:19:13,880 INFO =====> Epoch: 17
2024-10-21 03:19:13,880 INFO =====> EMD Loss: 28.465057373046875
2024-10-21 03:19:13,880 INFO =====> Height map loss: 29.182483673095703
2024-10-21 03:19:13,880 INFO =====> Insertion loss: 0.0
2024-10-21 03:19:13,880 INFO =====> Grad: [-3.2602836e+04  1.3012329e+05 -6.3557946e-03  6.6280414e+04
  1.3103152e-02]
2024-10-21 03:19:13,880 INFO =====> Skill params: [ 1.          0.32057527  0.88657916 -0.04628154 -0.09717993]
2024-10-21 03:19:13,880 INFO =====> Num. aborted data so far: 3
2024-10-21 03:19:14,197 INFO ===> New TaichiEnv created.
2024-10-21 03:19:14,197 INFO ===> Specifications: horizon = 600, dt = 0.01, n_substeps = 20, dt_sub = 0.0005
2024-10-21 03:19:37,721 INFO =====> Epoch: 18
2024-10-21 03:19:37,721 INFO =====> EMD Loss: 28.47016143798828
2024-10-21 03:19:37,721 INFO =====> Height map loss: 29.195112228393555
2024-10-21 03:19:37,721 INFO =====> Insertion loss: 0.0
2024-10-21 03:19:37,721 INFO =====> Grad: [ 3.2917762e+04 -6.4890508e+04  1.3359459e-03  2.0399661e+05
  1.3671411e-03]
2024-10-21 03:19:37,722 INFO =====> Skill params: [ 0.9998224   0.32067546  0.88654023 -0.0464897  -0.09729028]
2024-10-21 03:19:37,722 INFO =====> Num. aborted data so far: 3
2024-10-21 03:19:38,060 INFO ===> New TaichiEnv created.
2024-10-21 03:19:38,060 INFO ===> Specifications: horizon = 600, dt = 0.01, n_substeps = 20, dt_sub = 0.0005
2024-10-21 03:20:01,832 ERROR ===> [Warning] Aborting epoch: 19
2024-10-21 03:20:01,832 ERROR ===> [Warning] Particle has nan or inf: False
2024-10-21 03:20:01,832 ERROR ===> [Warning] Strange loss or gradient.
2024-10-21 03:20:01,832 ERROR ===> [Warning] Skill params: [ 0.9998224   0.32067546  0.88654023 -0.0464897  -0.09729028]
2024-10-21 03:20:01,832 ERROR ===> [Warning] Skill params grad: [ 1.8508281e+13 -3.4453110e+13 -1.9956080e+07 -2.4125280e+15
  8.1343455e+06]
2024-10-21 03:20:01,832 ERROR ===> [Warning] Loss info: {'particle_has_naninf': False, 'height_map_loss': 29.188892364501953, 'emd_loss': 28.470680236816406, 'total_loss': 29.188892364501953}
2024-10-21 03:20:01,833 INFO =====> Epoch: 19
2024-10-21 03:20:01,833 INFO =====> EMD Loss: nan
2024-10-21 03:20:01,833 INFO =====> Height map loss: nan
2024-10-21 03:20:01,833 INFO =====> Insertion loss: nan
2024-10-21 03:20:01,833 INFO =====> Grad: [1.e-06 1.e-06 1.e-06 1.e-06 1.e-06]
2024-10-21 03:20:01,833 INFO =====> Skill params: [ 0.9998224   0.32067546  0.8865402  -0.0464897  -0.09729037]
2024-10-21 03:20:01,833 INFO =====> Num. aborted data so far: 4
2024-10-21 03:20:02,175 INFO ===> New TaichiEnv created.
2024-10-21 03:20:02,175 INFO ===> Specifications: horizon = 600, dt = 0.01, n_substeps = 20, dt_sub = 0.0005
2024-10-21 03:20:25,974 ERROR ===> [Warning] Aborting epoch: 20
2024-10-21 03:20:25,974 ERROR ===> [Warning] Particle has nan or inf: False
2024-10-21 03:20:25,974 ERROR ===> [Warning] Strange loss or gradient.
2024-10-21 03:20:25,974 ERROR ===> [Warning] Skill params: [ 0.9998224   0.32067546  0.8865402  -0.0464897  -0.09729037]
2024-10-21 03:20:25,974 ERROR ===> [Warning] Skill params grad: [-2.4557629e+13  4.5540134e+13 -4.3387224e+07  3.2109538e+15
  3.3096752e+07]
2024-10-21 03:20:25,974 ERROR ===> [Warning] Loss info: {'particle_has_naninf': False, 'height_map_loss': 29.16949462890625, 'emd_loss': 28.46615982055664, 'total_loss': 29.16949462890625}
2024-10-21 03:20:25,975 INFO =====> Epoch: 20
2024-10-21 03:20:25,975 INFO =====> EMD Loss: nan
2024-10-21 03:20:25,975 INFO =====> Height map loss: nan
2024-10-21 03:20:25,975 INFO =====> Insertion loss: nan
2024-10-21 03:20:25,976 INFO =====> Grad: [1.e-06 1.e-06 1.e-06 1.e-06 1.e-06]
2024-10-21 03:20:25,976 INFO =====> Skill params: [ 0.9998224   0.32067546  0.8865401  -0.0464897  -0.09729046]
2024-10-21 03:20:25,976 INFO =====> Num. aborted data so far: 5
2024-10-21 03:20:26,313 INFO ===> New TaichiEnv created.
2024-10-21 03:20:26,313 INFO ===> Specifications: horizon = 600, dt = 0.01, n_substeps = 20, dt_sub = 0.0005
2024-10-21 03:20:49,612 INFO =====> Epoch: 21
2024-10-21 03:20:49,613 INFO =====> EMD Loss: 28.460290908813477
2024-10-21 03:20:49,613 INFO =====> Height map loss: 29.16781234741211
2024-10-21 03:20:49,613 INFO =====> Insertion loss: 0.0
2024-10-21 03:20:49,613 INFO =====> Grad: [-4.1866383e+04  3.1866789e+04 -1.0527425e-01  2.4757580e+06
 -2.2471881e-02]
2024-10-21 03:20:49,613 INFO =====> Skill params: [ 1.          0.32061782  0.8901274  -0.04944524 -0.09516717]
2024-10-21 03:20:49,613 INFO =====> Num. aborted data so far: 5
2024-10-21 03:20:49,956 INFO ===> New TaichiEnv created.
2024-10-21 03:20:49,956 INFO ===> Specifications: horizon = 600, dt = 0.01, n_substeps = 20, dt_sub = 0.0005
2024-10-21 03:21:13,395 INFO =====> Epoch: 22
2024-10-21 03:21:13,395 INFO =====> EMD Loss: 28.46196937561035
2024-10-21 03:21:13,395 INFO =====> Height map loss: 29.171056747436523
2024-10-21 03:21:13,395 INFO =====> Insertion loss: 0.0
2024-10-21 03:21:13,396 INFO =====> Grad: [-2.8922870e+07  3.4354240e+07  2.3993195e+01  2.5242654e+08
  1.7208138e+00]
2024-10-21 03:21:13,396 INFO =====> Skill params: [ 1.          0.27512386  0.8270515  -0.11147323 -0.15450169]
2024-10-21 03:21:13,396 INFO =====> Num. aborted data so far: 5
2024-10-21 03:21:13,798 INFO ===> New TaichiEnv created.
2024-10-21 03:21:13,798 INFO ===> Specifications: horizon = 600, dt = 0.01, n_substeps = 20, dt_sub = 0.0005
2024-10-21 03:21:37,427 INFO =====> Epoch: 23
2024-10-21 03:21:37,427 INFO =====> EMD Loss: 27.148662567138672
2024-10-21 03:21:37,428 INFO =====> Height map loss: 28.193361282348633
2024-10-21 03:21:37,428 INFO =====> Insertion loss: 0.0
2024-10-21 03:21:37,428 INFO =====> Grad: [ 9.1939328e+07 -1.1713247e+08  1.1717502e+02  5.4334162e+09
 -3.3495369e+01]
2024-10-21 03:21:37,428 INFO =====> Skill params: [ 0.9396611   0.3341103   0.7649726  -0.17465502 -0.09134132]
2024-10-21 03:21:37,428 INFO =====> Num. aborted data so far: 5
2024-10-21 03:21:37,758 INFO ===> New TaichiEnv created.
2024-10-21 03:21:37,758 INFO ===> Specifications: horizon = 600, dt = 0.01, n_substeps = 20, dt_sub = 0.0005
2024-10-21 03:22:00,603 INFO =====> Epoch: 24
2024-10-21 03:22:00,603 INFO =====> EMD Loss: 26.697866439819336
2024-10-21 03:22:00,603 INFO =====> Height map loss: 27.523651123046875
2024-10-21 03:22:00,603 INFO =====> Insertion loss: 0.0
2024-10-21 03:22:00,603 INFO =====> Grad: [ 7.9959523e+04  1.5983145e+05 -7.7436715e-03 -1.1269928e+06
  2.0656772e-03]
2024-10-21 03:22:00,603 INFO =====> Skill params: [ 0.9396058   0.33402544  0.764977   -0.1746412  -0.09134542]
2024-10-21 03:22:00,603 INFO =====> Num. aborted data so far: 5
2024-10-21 03:22:00,929 INFO ===> New TaichiEnv created.
2024-10-21 03:22:00,929 INFO ===> Specifications: horizon = 600, dt = 0.01, n_substeps = 20, dt_sub = 0.0005
2024-10-21 03:22:24,864 INFO =====> Epoch: 25
2024-10-21 03:22:24,864 INFO =====> EMD Loss: 26.686941146850586
2024-10-21 03:22:24,864 INFO =====> Height map loss: 27.59272575378418
2024-10-21 03:22:24,864 INFO =====> Insertion loss: 0.0
2024-10-21 03:22:24,864 INFO =====> Grad: [ 4.6354770e+02  4.1569723e+04 -4.1384751e-04  1.2800269e+04
  1.0433978e-03]
2024-10-21 03:22:24,864 INFO =====> Skill params: [ 0.9396054   0.3340022   0.7649772  -0.17464137 -0.0913476 ]
2024-10-21 03:22:24,864 INFO =====> Num. aborted data so far: 5
2024-10-21 03:22:25,195 INFO ===> New TaichiEnv created.
2024-10-21 03:22:25,195 INFO ===> Specifications: horizon = 600, dt = 0.01, n_substeps = 20, dt_sub = 0.0005
2024-10-21 03:22:48,681 INFO =====> Epoch: 26
2024-10-21 03:22:48,681 INFO =====> EMD Loss: 26.710641860961914
2024-10-21 03:22:48,681 INFO =====> Height map loss: 27.582901000976562
2024-10-21 03:22:48,681 INFO =====> Insertion loss: 0.0
2024-10-21 03:22:48,681 INFO =====> Grad: [ 1.5207564e+04 -7.2214633e+04  8.3966937e-04 -2.0887627e+03
  1.4049545e-03]
2024-10-21 03:22:48,682 INFO =====> Skill params: [ 0.93959373  0.33404478  0.7649767  -0.17464134 -0.0913507 ]
2024-10-21 03:22:48,682 INFO =====> Num. aborted data so far: 5
2024-10-21 03:22:49,078 INFO ===> New TaichiEnv created.
2024-10-21 03:22:49,078 INFO ===> Specifications: horizon = 600, dt = 0.01, n_substeps = 20, dt_sub = 0.0005
2024-10-21 03:23:12,148 INFO =====> Epoch: 27
2024-10-21 03:23:12,148 INFO =====> EMD Loss: 26.7088680267334
2024-10-21 03:23:12,148 INFO =====> Height map loss: 27.54119110107422
2024-10-21 03:23:12,148 INFO =====> Insertion loss: 0.0
2024-10-21 03:23:12,148 INFO =====> Grad: [-1.3956721e+04  2.9230553e+04  7.9841923e-04  1.2979953e+04
 -1.4645448e-04]
2024-10-21 03:23:12,149 INFO =====> Skill params: [ 0.93960506  0.3340266   0.76497614 -0.17464153 -0.09135036]
2024-10-21 03:23:12,149 INFO =====> Num. aborted data so far: 5
2024-10-21 03:23:12,476 INFO ===> New TaichiEnv created.
2024-10-21 03:23:12,476 INFO ===> Specifications: horizon = 600, dt = 0.01, n_substeps = 20, dt_sub = 0.0005
2024-10-21 03:23:35,596 INFO =====> Epoch: 28
2024-10-21 03:23:35,596 INFO =====> EMD Loss: 26.712148666381836
2024-10-21 03:23:35,596 INFO =====> Height map loss: 27.561595916748047
2024-10-21 03:23:35,596 INFO =====> Insertion loss: 0.0
2024-10-21 03:23:35,596 INFO =====> Grad: [-1.4062553e+05  4.2746506e+05  9.4642397e-03 -1.1714630e+05
  9.6008985e-04]
2024-10-21 03:23:35,596 INFO =====> Skill params: [ 0.93972516  0.33374646  0.76496965 -0.17463976 -0.09135272]
2024-10-21 03:23:35,596 INFO =====> Num. aborted data so far: 5
2024-10-21 03:23:36,006 INFO ===> New TaichiEnv created.
2024-10-21 03:23:36,007 INFO ===> Specifications: horizon = 600, dt = 0.01, n_substeps = 20, dt_sub = 0.0005
2024-10-21 03:23:59,423 INFO =====> Epoch: 29
2024-10-21 03:23:59,423 INFO =====> EMD Loss: 26.684494018554688
2024-10-21 03:23:59,423 INFO =====> Height map loss: 27.56484603881836
2024-10-21 03:23:59,423 INFO =====> Insertion loss: 0.0
2024-10-21 03:23:59,423 INFO =====> Grad: [-3.6232253e+03  5.3679914e+04  2.5502527e-02 -1.3967000e+06
 -1.6127162e-02]
2024-10-21 03:23:59,423 INFO =====> Skill params: [ 0.93972844  0.3337094   0.7649511  -0.17461748 -0.091311  ]
2024-10-21 03:23:59,423 INFO =====> Num. aborted data so far: 5
2024-10-21 03:23:59,762 INFO ===> New TaichiEnv created.
2024-10-21 03:23:59,762 INFO ===> Specifications: horizon = 600, dt = 0.01, n_substeps = 20, dt_sub = 0.0005
2024-10-21 03:24:22,921 INFO =====> Epoch: 30
2024-10-21 03:24:22,921 INFO =====> EMD Loss: 26.70254898071289
2024-10-21 03:24:22,921 INFO =====> Height map loss: 27.59767723083496
2024-10-21 03:24:22,921 INFO =====> Insertion loss: 0.0
2024-10-21 03:24:22,921 INFO =====> Grad: [ 8.6881906e+05 -2.0089184e+07 -1.7089226e+01  4.2436086e+08
 -8.3339796e+00]
2024-10-21 03:24:22,921 INFO =====> Skill params: [ 0.93890405  0.34796113  0.77777064 -0.1817077  -0.06992643]
2024-10-21 03:24:22,921 INFO =====> Num. aborted data so far: 5
2024-10-21 03:24:23,260 INFO ===> New TaichiEnv created.
2024-10-21 03:24:23,260 INFO ===> Specifications: horizon = 600, dt = 0.01, n_substeps = 20, dt_sub = 0.0005
2024-10-21 03:24:46,917 ERROR ===> [Warning] Aborting epoch: 31
2024-10-21 03:24:46,917 ERROR ===> [Warning] Particle has nan or inf: False
2024-10-21 03:24:46,917 ERROR ===> [Warning] Strange loss or gradient.
2024-10-21 03:24:46,917 ERROR ===> [Warning] Skill params: [ 0.93890405  0.34796113  0.77777064 -0.1817077  -0.06992643]
2024-10-21 03:24:46,917 ERROR ===> [Warning] Skill params grad: [ 6.6254914e+12  2.6039644e+13 -6.2036336e+07 -6.0274840e+14
  1.5358100e+06]
2024-10-21 03:24:46,917 ERROR ===> [Warning] Loss info: {'particle_has_naninf': False, 'height_map_loss': 27.85215187072754, 'emd_loss': 27.20377540588379, 'total_loss': 27.85215187072754}
2024-10-21 03:24:46,918 INFO =====> Epoch: 31
2024-10-21 03:24:46,918 INFO =====> EMD Loss: nan
2024-10-21 03:24:46,918 INFO =====> Height map loss: nan
2024-10-21 03:24:46,918 INFO =====> Insertion loss: nan
2024-10-21 03:24:46,918 INFO =====> Grad: [1.e-06 1.e-06 1.e-06 1.e-06 1.e-06]
2024-10-21 03:24:46,918 INFO =====> Skill params: [ 0.93890405  0.34796113  0.77777064 -0.1817077  -0.06992643]
2024-10-21 03:24:46,918 INFO =====> Num. aborted data so far: 6
2024-10-21 03:24:47,292 INFO ===> New TaichiEnv created.
2024-10-21 03:24:47,292 INFO ===> Specifications: horizon = 600, dt = 0.01, n_substeps = 20, dt_sub = 0.0005
2024-10-21 03:25:10,347 INFO =====> Epoch: 32
2024-10-21 03:25:10,347 INFO =====> EMD Loss: 27.206371307373047
2024-10-21 03:25:10,347 INFO =====> Height map loss: 27.864133834838867
2024-10-21 03:25:10,347 INFO =====> Insertion loss: 0.0
2024-10-21 03:25:10,347 INFO =====> Grad: [-3.3037380e+06 -1.4578819e+07  9.0162048e+00  7.5281709e+08
  2.9498177e+00]
2024-10-21 03:25:10,348 INFO =====> Skill params: [ 0.9423819   0.3592677   0.7703081  -0.1953541  -0.07826313]
2024-10-21 03:25:10,348 INFO =====> Num. aborted data so far: 6
2024-10-21 03:25:10,689 INFO ===> New TaichiEnv created.
2024-10-21 03:25:10,689 INFO ===> Specifications: horizon = 600, dt = 0.01, n_substeps = 20, dt_sub = 0.0005
2024-10-21 03:25:33,553 ERROR ===> [Warning] Aborting epoch: 33
2024-10-21 03:25:33,553 ERROR ===> [Warning] Particle has nan or inf: False
2024-10-21 03:25:33,553 ERROR ===> [Warning] Strange loss or gradient.
2024-10-21 03:25:33,553 ERROR ===> [Warning] Skill params: [ 0.9423819   0.3592677   0.7703081  -0.1953541  -0.07826313]
2024-10-21 03:25:33,553 ERROR ===> [Warning] Skill params grad: [-1.7482551e+10 -5.9221801e+09  1.7403145e+04  2.6077795e+11
  4.2794648e+03]
2024-10-21 03:25:33,553 ERROR ===> [Warning] Loss info: {'particle_has_naninf': False, 'height_map_loss': 27.804136276245117, 'emd_loss': 26.93009376525879, 'total_loss': 27.804136276245117}
2024-10-21 03:25:33,554 INFO =====> Epoch: 33
2024-10-21 03:25:33,555 INFO =====> EMD Loss: nan
2024-10-21 03:25:33,555 INFO =====> Height map loss: nan
2024-10-21 03:25:33,555 INFO =====> Insertion loss: nan
2024-10-21 03:25:33,555 INFO =====> Grad: [1.e-06 1.e-06 1.e-06 1.e-06 1.e-06]
2024-10-21 03:25:33,555 INFO =====> Skill params: [ 0.9423819   0.3592677   0.7703081  -0.1953541  -0.07826313]
2024-10-21 03:25:33,555 INFO =====> Num. aborted data so far: 7
2024-10-21 03:25:33,906 INFO ===> New TaichiEnv created.
2024-10-21 03:25:33,906 INFO ===> Specifications: horizon = 600, dt = 0.01, n_substeps = 20, dt_sub = 0.0005
2024-10-21 03:25:56,891 INFO =====> Epoch: 34
2024-10-21 03:25:56,891 INFO =====> EMD Loss: 26.92725944519043
2024-10-21 03:25:56,891 INFO =====> Height map loss: 27.81218147277832
2024-10-21 03:25:56,891 INFO =====> Insertion loss: 0.0
2024-10-21 03:25:56,891 INFO =====> Grad: [ 4.0987742e+04 -2.9625773e+04 -3.8912594e-03 -2.3316812e+06
 -9.2998892e-03]
2024-10-21 03:25:56,891 INFO =====> Skill params: [ 0.942334    0.35929325  0.77031165 -0.19530714 -0.07823393]
2024-10-21 03:25:56,891 INFO =====> Num. aborted data so far: 7
2024-10-21 03:25:57,244 INFO ===> New TaichiEnv created.
2024-10-21 03:25:57,244 INFO ===> Specifications: horizon = 600, dt = 0.01, n_substeps = 20, dt_sub = 0.0005
2024-10-21 03:26:20,338 INFO =====> Epoch: 35
2024-10-21 03:26:20,339 INFO =====> EMD Loss: 26.941665649414062
2024-10-21 03:26:20,339 INFO =====> Height map loss: 27.781694412231445
2024-10-21 03:26:20,339 INFO =====> Insertion loss: 0.0
2024-10-21 03:26:20,339 INFO =====> Grad: [ 1.17553736e+08  2.71879000e+06 -3.96239716e+02 -9.62924954e+09
 -2.83100529e+01]
2024-10-21 03:26:20,339 INFO =====> Skill params: [ 0.8843669   0.35682556  0.83271694 -0.13488686 -0.02581104]
2024-10-21 03:26:20,339 INFO =====> Num. aborted data so far: 7
2024-10-21 03:26:20,683 INFO ===> New TaichiEnv created.
2024-10-21 03:26:20,683 INFO ===> Specifications: horizon = 600, dt = 0.01, n_substeps = 20, dt_sub = 0.0005
2024-10-21 03:26:44,029 INFO =====> Epoch: 36
2024-10-21 03:26:44,030 INFO =====> EMD Loss: 28.379396438598633
2024-10-21 03:26:44,030 INFO =====> Height map loss: 29.21942710876465
2024-10-21 03:26:44,030 INFO =====> Insertion loss: 0.0
2024-10-21 03:26:44,030 INFO =====> Grad: [ 3.6270617e+04 -3.3130309e+05 -7.9214685e-03 -3.0897588e+05
 -6.0882862e-03]
2024-10-21 03:26:44,030 INFO =====> Skill params: [ 0.8843481   0.35714254  0.83271825 -0.13488482 -0.02579915]
2024-10-21 03:26:44,030 INFO =====> Num. aborted data so far: 7
2024-10-21 03:26:44,375 INFO ===> New TaichiEnv created.
2024-10-21 03:26:44,375 INFO ===> Specifications: horizon = 600, dt = 0.01, n_substeps = 20, dt_sub = 0.0005
2024-10-21 03:27:08,265 INFO =====> Epoch: 37
2024-10-21 03:27:08,265 INFO =====> EMD Loss: 28.404573440551758
2024-10-21 03:27:08,265 INFO =====> Height map loss: 29.195140838623047
2024-10-21 03:27:08,265 INFO =====> Insertion loss: 0.0
2024-10-21 03:27:08,265 INFO =====> Grad: [ 9.2712922e+04 -2.3451020e+06 -1.0196306e-01 -6.2630855e+06
  8.3706323e-03]
2024-10-21 03:27:08,265 INFO =====> Skill params: [ 0.8842973   0.35950586  0.8327361  -0.13484116 -0.02581637]
2024-10-21 03:27:08,265 INFO =====> Num. aborted data so far: 7
2024-10-21 03:27:08,612 INFO ===> New TaichiEnv created.
2024-10-21 03:27:08,613 INFO ===> Specifications: horizon = 600, dt = 0.01, n_substeps = 20, dt_sub = 0.0005
2024-10-21 03:27:31,782 INFO =====> Epoch: 38
2024-10-21 03:27:31,782 INFO =====> EMD Loss: 28.360034942626953
2024-10-21 03:27:31,782 INFO =====> Height map loss: 29.28483009338379
2024-10-21 03:27:31,782 INFO =====> Insertion loss: 0.0
2024-10-21 03:27:31,782 INFO =====> Grad: [ 1.5173786e+05 -8.7411944e+05 -2.2844467e-02  8.7871356e+05
  1.8379567e-02]
2024-10-21 03:27:31,783 INFO =====> Skill params: [ 0.8842097   0.36043432  0.8327403  -0.13484761 -0.02585623]
2024-10-21 03:27:31,783 INFO =====> Num. aborted data so far: 7
2024-10-21 03:27:32,128 INFO ===> New TaichiEnv created.
2024-10-21 03:27:32,128 INFO ===> Specifications: horizon = 600, dt = 0.01, n_substeps = 20, dt_sub = 0.0005
2024-10-21 03:27:55,414 INFO =====> Epoch: 39
2024-10-21 03:27:55,414 INFO =====> EMD Loss: 28.354778289794922
2024-10-21 03:27:55,414 INFO =====> Height map loss: 29.289566040039062
2024-10-21 03:27:55,414 INFO =====> Insertion loss: 0.0
2024-10-21 03:27:55,414 INFO =====> Grad: [ 1.4726006e+04 -3.2271119e+05  7.9723028e-03 -8.1736781e+05
 -5.1907706e-03]
2024-10-21 03:27:55,414 INFO =====> Skill params: [ 0.88420075  0.36079565  0.83273876 -0.13484128 -0.02584437]
2024-10-21 03:27:55,414 INFO =====> Num. aborted data so far: 7
2024-10-21 03:27:55,754 INFO ===> New TaichiEnv created.
2024-10-21 03:27:55,754 INFO ===> Specifications: horizon = 600, dt = 0.01, n_substeps = 20, dt_sub = 0.0005
2024-10-21 03:28:19,196 ERROR ===> [Warning] Aborting epoch: 40
2024-10-21 03:28:19,196 ERROR ===> [Warning] Particle has nan or inf: False
2024-10-21 03:28:19,196 ERROR ===> [Warning] Strange loss or gradient.
2024-10-21 03:28:19,197 ERROR ===> [Warning] Skill params: [ 0.88420075  0.36079565  0.83273876 -0.13484128 -0.02584437]
2024-10-21 03:28:19,197 ERROR ===> [Warning] Skill params grad: [-2.1852210e+08  6.8785930e+09 -9.1050385e+01  1.5872131e+10
 -2.0074986e+02]
2024-10-21 03:28:19,197 ERROR ===> [Warning] Loss info: {'particle_has_naninf': False, 'height_map_loss': 29.22557258605957, 'emd_loss': 28.407827377319336, 'total_loss': 29.22557258605957}
2024-10-21 03:28:19,198 INFO =====> Epoch: 40
2024-10-21 03:28:19,198 INFO =====> EMD Loss: nan
2024-10-21 03:28:19,198 INFO =====> Height map loss: nan
2024-10-21 03:28:19,198 INFO =====> Insertion loss: nan
2024-10-21 03:28:19,198 INFO =====> Grad: [1.e-06 1.e-06 1.e-06 1.e-06 1.e-06]
2024-10-21 03:28:19,198 INFO =====> Skill params: [ 0.88420075  0.36079565  0.83273876 -0.13484128 -0.02584437]
2024-10-21 03:28:19,198 INFO =====> Num. aborted data so far: 8
2024-10-21 03:28:19,537 INFO ===> New TaichiEnv created.
2024-10-21 03:28:19,537 INFO ===> Specifications: horizon = 600, dt = 0.01, n_substeps = 20, dt_sub = 0.0005
2024-10-21 03:28:43,579 INFO =====> Epoch: 41
2024-10-21 03:28:43,579 INFO =====> EMD Loss: 28.376710891723633
2024-10-21 03:28:43,579 INFO =====> Height map loss: 29.23303985595703
2024-10-21 03:28:43,579 INFO =====> Insertion loss: 0.0
2024-10-21 03:28:43,579 INFO =====> Grad: [ 2.4671318e+04 -4.0222416e+05  8.0503710e-03 -6.5283150e+05
  1.0993975e-02]
2024-10-21 03:28:43,579 INFO =====> Skill params: [ 0.88418406  0.361296    0.832737   -0.13483566 -0.0258723 ]
2024-10-21 03:28:43,579 INFO =====> Num. aborted data so far: 8
2024-10-21 03:28:43,918 INFO ===> New TaichiEnv created.
2024-10-21 03:28:43,918 INFO ===> Specifications: horizon = 600, dt = 0.01, n_substeps = 20, dt_sub = 0.0005
2024-10-21 03:29:07,897 INFO =====> Epoch: 42
2024-10-21 03:29:07,897 INFO =====> EMD Loss: 28.404865264892578
2024-10-21 03:29:07,897 INFO =====> Height map loss: 29.27484893798828
2024-10-21 03:29:07,897 INFO =====> Insertion loss: 0.0
2024-10-21 03:29:07,897 INFO =====> Grad: [-3.4144816e+04  3.0567544e+05  6.9968682e-04  4.3052344e+04
  3.1172100e-03]
2024-10-21 03:29:07,897 INFO =====> Skill params: [ 0.8842084   0.3608952   0.83273685 -0.13483605 -0.02588064]
2024-10-21 03:29:07,897 INFO =====> Num. aborted data so far: 8
2024-10-21 03:29:08,237 INFO ===> New TaichiEnv created.
2024-10-21 03:29:08,237 INFO ===> Specifications: horizon = 600, dt = 0.01, n_substeps = 20, dt_sub = 0.0005
2024-10-21 03:29:31,519 INFO =====> Epoch: 43
2024-10-21 03:29:31,519 INFO =====> EMD Loss: 28.425758361816406
2024-10-21 03:29:31,519 INFO =====> Height map loss: 29.238222122192383
2024-10-21 03:29:31,519 INFO =====> Insertion loss: 0.0
2024-10-21 03:29:31,519 INFO =====> Grad: [ 8.2473789e+04 -1.1452395e+06  2.1973776e-02 -1.9098838e+06
  3.1526119e-02]
2024-10-21 03:29:31,519 INFO =====> Skill params: [ 0.8841464   0.3624776   0.8327316  -0.13481778 -0.02596962]
2024-10-21 03:29:31,519 INFO =====> Num. aborted data so far: 8
2024-10-21 03:29:31,869 INFO ===> New TaichiEnv created.
2024-10-21 03:29:31,869 INFO ===> Specifications: horizon = 600, dt = 0.01, n_substeps = 20, dt_sub = 0.0005
2024-10-21 03:29:55,227 INFO =====> Epoch: 44
2024-10-21 03:29:55,227 INFO =====> EMD Loss: 28.336381912231445
2024-10-21 03:29:55,227 INFO =====> Height map loss: 29.154268264770508
2024-10-21 03:29:55,227 INFO =====> Insertion loss: 0.0
2024-10-21 03:29:55,227 INFO =====> Grad: [ 5.5722979e+03  9.7777766e+04 -3.4894668e-03  3.2941991e+05
 -7.0631364e-03]
2024-10-21 03:29:55,227 INFO =====> Skill params: [ 0.884142    0.3623352   0.8327325  -0.1348211  -0.02594861]
2024-10-21 03:29:55,227 INFO =====> Num. aborted data so far: 8
2024-10-21 03:29:55,571 INFO ===> New TaichiEnv created.
2024-10-21 03:29:55,571 INFO ===> Specifications: horizon = 600, dt = 0.01, n_substeps = 20, dt_sub = 0.0005
2024-10-21 03:30:18,882 INFO =====> Epoch: 45
2024-10-21 03:30:18,882 INFO =====> EMD Loss: 28.32415771484375
2024-10-21 03:30:18,882 INFO =====> Height map loss: 29.165708541870117
2024-10-21 03:30:18,882 INFO =====> Insertion loss: 0.0
2024-10-21 03:30:18,882 INFO =====> Grad: [-9.1191132e+02  5.0353691e+04  4.1524735e-03  9.0637900e+03
 -3.9636134e-04]
2024-10-21 03:30:18,882 INFO =====> Skill params: [ 0.88414276  0.3622579   0.83273137 -0.13482119 -0.02594736]
2024-10-21 03:30:18,882 INFO =====> Num. aborted data so far: 8
2024-10-21 03:30:19,238 INFO ===> New TaichiEnv created.
2024-10-21 03:30:19,238 INFO ===> Specifications: horizon = 600, dt = 0.01, n_substeps = 20, dt_sub = 0.0005
2024-10-21 03:30:42,459 INFO =====> Epoch: 46
2024-10-21 03:30:42,459 INFO =====> EMD Loss: 28.349843978881836
2024-10-21 03:30:42,459 INFO =====> Height map loss: 29.231204986572266
2024-10-21 03:30:42,459 INFO =====> Insertion loss: 0.0
2024-10-21 03:30:42,459 INFO =====> Grad: [ 1.9099645e+04 -3.5190716e+05 -7.0688687e-03 -7.3116550e+05
  1.0461978e-02]
2024-10-21 03:30:42,459 INFO =====> Skill params: [ 0.88412595  0.36282736  0.83273333 -0.134813   -0.02598195]
2024-10-21 03:30:42,459 INFO =====> Num. aborted data so far: 8
2024-10-21 03:30:42,904 INFO ===> New TaichiEnv created.
2024-10-21 03:30:42,904 INFO ===> Specifications: horizon = 600, dt = 0.01, n_substeps = 20, dt_sub = 0.0005
2024-10-21 03:31:06,191 INFO =====> Epoch: 47
2024-10-21 03:31:06,191 INFO =====> EMD Loss: 28.38389015197754
2024-10-21 03:31:06,191 INFO =====> Height map loss: 29.208797454833984
2024-10-21 03:31:06,191 INFO =====> Insertion loss: 0.0
2024-10-21 03:31:06,191 INFO =====> Grad: [-2.5885759e+05  7.4644705e+06 -6.3277996e-01  1.9270740e+07
 -1.4614380e-02]
2024-10-21 03:31:06,191 INFO =====> Skill params: [ 0.88436615  0.35034516  0.83292085 -0.13504052 -0.02593102]
2024-10-21 03:31:06,191 INFO =====> Num. aborted data so far: 8
2024-10-21 03:31:06,554 INFO ===> New TaichiEnv created.
2024-10-21 03:31:06,554 INFO ===> Specifications: horizon = 600, dt = 0.01, n_substeps = 20, dt_sub = 0.0005
2024-10-21 03:31:30,058 ERROR ===> [Warning] Aborting epoch: 48
2024-10-21 03:31:30,058 ERROR ===> [Warning] Particle has nan or inf: False
2024-10-21 03:31:30,059 ERROR ===> [Warning] Strange loss or gradient.
2024-10-21 03:31:30,059 ERROR ===> [Warning] Skill params: [ 0.88436615  0.35034516  0.83292085 -0.13504052 -0.02593102]
2024-10-21 03:31:30,059 ERROR ===> [Warning] Skill params grad: [-3.9417007e+12  1.3168254e+14  9.0280440e+06  4.7421158e+13
 -2.0485291e+05]
2024-10-21 03:31:30,059 ERROR ===> [Warning] Loss info: {'particle_has_naninf': False, 'height_map_loss': 29.217426300048828, 'emd_loss': 28.261682510375977, 'total_loss': 29.217426300048828}
2024-10-21 03:31:30,060 INFO =====> Epoch: 48
2024-10-21 03:31:30,060 INFO =====> EMD Loss: nan
2024-10-21 03:31:30,060 INFO =====> Height map loss: nan
2024-10-21 03:31:30,060 INFO =====> Insertion loss: nan
2024-10-21 03:31:30,060 INFO =====> Grad: [1.e-06 1.e-06 1.e-06 1.e-06 1.e-06]
2024-10-21 03:31:30,060 INFO =====> Skill params: [ 0.88436615  0.35034516  0.83292085 -0.13504052 -0.02593103]
2024-10-21 03:31:30,060 INFO =====> Num. aborted data so far: 9
2024-10-21 03:31:30,502 INFO ===> New TaichiEnv created.
2024-10-21 03:31:30,503 INFO ===> Specifications: horizon = 600, dt = 0.01, n_substeps = 20, dt_sub = 0.0005
2024-10-21 03:31:53,736 ERROR ===> [Warning] Aborting epoch: 49
2024-10-21 03:31:53,736 ERROR ===> [Warning] Particle has nan or inf: False
2024-10-21 03:31:53,736 ERROR ===> [Warning] Strange loss or gradient.
2024-10-21 03:31:53,736 ERROR ===> [Warning] Skill params: [ 0.88436615  0.35034516  0.83292085 -0.13504052 -0.02593103]
2024-10-21 03:31:53,736 ERROR ===> [Warning] Skill params grad: [-2.6892141e+10  8.9950067e+11 -2.4313586e+04  3.2408378e+11
 -9.5470215e+02]
2024-10-21 03:31:53,736 ERROR ===> [Warning] Loss info: {'particle_has_naninf': False, 'height_map_loss': 29.217119216918945, 'emd_loss': 28.248659133911133, 'total_loss': 29.217119216918945}
2024-10-21 03:31:53,737 INFO =====> Epoch: 49
2024-10-21 03:31:53,737 INFO =====> EMD Loss: nan
2024-10-21 03:31:53,737 INFO =====> Height map loss: nan
2024-10-21 03:31:53,737 INFO =====> Insertion loss: nan
2024-10-21 03:31:53,737 INFO =====> Grad: [1.e-06 1.e-06 1.e-06 1.e-06 1.e-06]
2024-10-21 03:31:53,738 INFO =====> Skill params: [ 0.88436615  0.35034516  0.83292085 -0.13504052 -0.02593103]
2024-10-21 03:31:53,738 INFO =====> Num. aborted data so far: 10
2024-10-21 03:31:54,112 INFO ===> New TaichiEnv created.
2024-10-21 03:31:54,112 INFO ===> Specifications: horizon = 600, dt = 0.01, n_substeps = 20, dt_sub = 0.0005
2024-10-21 03:32:17,403 ERROR ===> [Warning] Aborting epoch: 50
2024-10-21 03:32:17,403 ERROR ===> [Warning] Particle has nan or inf: False
2024-10-21 03:32:17,403 ERROR ===> [Warning] Strange loss or gradient.
2024-10-21 03:32:17,403 ERROR ===> [Warning] Skill params: [ 0.88436615  0.35034516  0.83292085 -0.13504052 -0.02593103]
2024-10-21 03:32:17,404 ERROR ===> [Warning] Skill params grad: [-4.3016611e+12  1.4367140e+14  1.0789880e+06  5.1729580e+13
 -1.1850219e+06]
2024-10-21 03:32:17,404 ERROR ===> [Warning] Loss info: {'particle_has_naninf': False, 'height_map_loss': 29.225048065185547, 'emd_loss': 28.25003433227539, 'total_loss': 29.225048065185547}
2024-10-21 03:32:17,405 INFO =====> Epoch: 50
2024-10-21 03:32:17,405 INFO =====> EMD Loss: nan
2024-10-21 03:32:17,405 INFO =====> Height map loss: nan
2024-10-21 03:32:17,405 INFO =====> Insertion loss: nan
2024-10-21 03:32:17,405 INFO =====> Grad: [1.e-06 1.e-06 1.e-06 1.e-06 1.e-06]
2024-10-21 03:32:17,405 INFO =====> Skill params: [ 0.88436615  0.35034516  0.83292085 -0.13504052 -0.02593103]
2024-10-21 03:32:17,405 INFO =====> Num. aborted data so far: 11
2024-10-21 03:32:17,801 INFO ===> New TaichiEnv created.
2024-10-21 03:32:17,801 INFO ===> Specifications: horizon = 600, dt = 0.01, n_substeps = 20, dt_sub = 0.0005
2024-10-21 03:32:41,342 ERROR ===> [Warning] Aborting epoch: 51
2024-10-21 03:32:41,342 ERROR ===> [Warning] Particle has nan or inf: False
2024-10-21 03:32:41,342 ERROR ===> [Warning] Strange loss or gradient.
2024-10-21 03:32:41,342 ERROR ===> [Warning] Skill params: [ 0.88436615  0.35034516  0.83292085 -0.13504052 -0.02593103]
2024-10-21 03:32:41,342 ERROR ===> [Warning] Skill params grad: [-1.3617871e+13  4.5432724e+14  4.0873160e+06  1.6352093e+14
 -4.5739420e+06]
2024-10-21 03:32:41,342 ERROR ===> [Warning] Loss info: {'particle_has_naninf': False, 'height_map_loss': 29.220365524291992, 'emd_loss': 28.248706817626953, 'total_loss': 29.220365524291992}
2024-10-21 03:32:41,343 INFO =====> Epoch: 51
2024-10-21 03:32:41,343 INFO =====> EMD Loss: nan
2024-10-21 03:32:41,343 INFO =====> Height map loss: nan
2024-10-21 03:32:41,343 INFO =====> Insertion loss: nan
2024-10-21 03:32:41,343 INFO =====> Grad: [1.e-06 1.e-06 1.e-06 1.e-06 1.e-06]
2024-10-21 03:32:41,343 INFO =====> Skill params: [ 0.88436615  0.35034516  0.83292085 -0.13504052 -0.02593104]
2024-10-21 03:32:41,343 INFO =====> Num. aborted data so far: 12
2024-10-21 03:32:41,701 INFO ===> New TaichiEnv created.
2024-10-21 03:32:41,701 INFO ===> Specifications: horizon = 600, dt = 0.01, n_substeps = 20, dt_sub = 0.0005
2024-10-21 03:33:05,149 ERROR ===> [Warning] Aborting epoch: 52
2024-10-21 03:33:05,149 ERROR ===> [Warning] Particle has nan or inf: False
2024-10-21 03:33:05,149 ERROR ===> [Warning] Strange loss or gradient.
2024-10-21 03:33:05,149 ERROR ===> [Warning] Skill params: [ 0.88436615  0.35034516  0.83292085 -0.13504052 -0.02593104]
2024-10-21 03:33:05,149 ERROR ===> [Warning] Skill params grad: [-4.6726044e+11  1.5602286e+13 -8.2737625e+04  5.6168877e+12
 -3.4365293e+04]
2024-10-21 03:33:05,149 ERROR ===> [Warning] Loss info: {'particle_has_naninf': False, 'height_map_loss': 29.229724884033203, 'emd_loss': 28.24812126159668, 'total_loss': 29.229724884033203}
2024-10-21 03:33:05,150 INFO =====> Epoch: 52
2024-10-21 03:33:05,150 INFO =====> EMD Loss: nan
2024-10-21 03:33:05,150 INFO =====> Height map loss: nan
2024-10-21 03:33:05,150 INFO =====> Insertion loss: nan
2024-10-21 03:33:05,150 INFO =====> Grad: [1.e-06 1.e-06 1.e-06 1.e-06 1.e-06]
2024-10-21 03:33:05,150 INFO =====> Skill params: [ 0.88436615  0.35034516  0.83292085 -0.13504052 -0.02593104]
2024-10-21 03:33:05,150 INFO =====> Num. aborted data so far: 13
2024-10-21 03:33:05,505 INFO ===> New TaichiEnv created.
2024-10-21 03:33:05,505 INFO ===> Specifications: horizon = 600, dt = 0.01, n_substeps = 20, dt_sub = 0.0005
2024-10-21 03:33:28,993 ERROR ===> [Warning] Aborting epoch: 53
2024-10-21 03:33:28,993 ERROR ===> [Warning] Particle has nan or inf: False
2024-10-21 03:33:28,993 ERROR ===> [Warning] Strange loss or gradient.
2024-10-21 03:33:28,993 ERROR ===> [Warning] Skill params: [ 0.88436615  0.35034516  0.83292085 -0.13504052 -0.02593104]
2024-10-21 03:33:28,993 ERROR ===> [Warning] Skill params grad: [-4.4095431e+13  1.4724717e+15  4.9848444e+07  5.3013093e+14
 -7.4514415e+06]
2024-10-21 03:33:28,993 ERROR ===> [Warning] Loss info: {'particle_has_naninf': False, 'height_map_loss': 29.232683181762695, 'emd_loss': 28.243444442749023, 'total_loss': 29.232683181762695}
2024-10-21 03:33:28,994 INFO =====> Epoch: 53
2024-10-21 03:33:28,994 INFO =====> EMD Loss: nan
2024-10-21 03:33:28,994 INFO =====> Height map loss: nan
2024-10-21 03:33:28,994 INFO =====> Insertion loss: nan
2024-10-21 03:33:28,994 INFO =====> Grad: [1.e-06 1.e-06 1.e-06 1.e-06 1.e-06]
2024-10-21 03:33:28,994 INFO =====> Skill params: [ 0.88436615  0.35034516  0.83292085 -0.13504052 -0.02593105]
2024-10-21 03:33:28,994 INFO =====> Num. aborted data so far: 14
2024-10-21 03:33:29,354 INFO ===> New TaichiEnv created.
2024-10-21 03:33:29,354 INFO ===> Specifications: horizon = 600, dt = 0.01, n_substeps = 20, dt_sub = 0.0005
2024-10-21 03:33:52,592 ERROR ===> [Warning] Aborting epoch: 54
2024-10-21 03:33:52,592 ERROR ===> [Warning] Particle has nan or inf: False
2024-10-21 03:33:52,592 ERROR ===> [Warning] Strange loss or gradient.
2024-10-21 03:33:52,592 ERROR ===> [Warning] Skill params: [ 0.88436615  0.35034516  0.83292085 -0.13504052 -0.02593105]
2024-10-21 03:33:52,592 ERROR ===> [Warning] Skill params grad: [-1.19102707e+09  3.98919066e+10 -1.60653027e+03  1.43758807e+10
 -1.17214195e+02]
2024-10-21 03:33:52,592 ERROR ===> [Warning] Loss info: {'particle_has_naninf': False, 'height_map_loss': 29.220603942871094, 'emd_loss': 28.25025177001953, 'total_loss': 29.220603942871094}
2024-10-21 03:33:52,593 INFO =====> Epoch: 54
2024-10-21 03:33:52,593 INFO =====> EMD Loss: nan
2024-10-21 03:33:52,593 INFO =====> Height map loss: nan
2024-10-21 03:33:52,593 INFO =====> Insertion loss: nan
2024-10-21 03:33:52,593 INFO =====> Grad: [1.e-06 1.e-06 1.e-06 1.e-06 1.e-06]
2024-10-21 03:33:52,593 INFO =====> Skill params: [ 0.88436615  0.35034516  0.83292085 -0.13504052 -0.02593105]
2024-10-21 03:33:52,593 INFO =====> Num. aborted data so far: 15
2024-10-21 03:33:52,949 INFO ===> New TaichiEnv created.
2024-10-21 03:33:52,949 INFO ===> Specifications: horizon = 600, dt = 0.01, n_substeps = 20, dt_sub = 0.0005
2024-10-21 03:34:16,273 ERROR ===> [Warning] Aborting epoch: 55
2024-10-21 03:34:16,273 ERROR ===> [Warning] Particle has nan or inf: False
2024-10-21 03:34:16,273 ERROR ===> [Warning] Strange loss or gradient.
2024-10-21 03:34:16,273 ERROR ===> [Warning] Skill params: [ 0.88436615  0.35034516  0.83292085 -0.13504052 -0.02593105]
2024-10-21 03:34:16,273 ERROR ===> [Warning] Skill params grad: [ 4.7255726e+11 -1.5777647e+13  4.0400894e+05 -5.6799454e+12
  1.5826455e+05]
2024-10-21 03:34:16,273 ERROR ===> [Warning] Loss info: {'particle_has_naninf': False, 'height_map_loss': 29.21635627746582, 'emd_loss': 28.245487213134766, 'total_loss': 29.21635627746582}
2024-10-21 03:34:16,274 INFO =====> Epoch: 55
2024-10-21 03:34:16,274 INFO =====> EMD Loss: nan
2024-10-21 03:34:16,274 INFO =====> Height map loss: nan
2024-10-21 03:34:16,274 INFO =====> Insertion loss: nan
2024-10-21 03:34:16,275 INFO =====> Grad: [1.e-06 1.e-06 1.e-06 1.e-06 1.e-06]
2024-10-21 03:34:16,275 INFO =====> Skill params: [ 0.88436615  0.35034516  0.83292085 -0.13504052 -0.02593106]
2024-10-21 03:34:16,275 INFO =====> Num. aborted data so far: 16
2024-10-21 03:34:16,627 INFO ===> New TaichiEnv created.
2024-10-21 03:34:16,627 INFO ===> Specifications: horizon = 600, dt = 0.01, n_substeps = 20, dt_sub = 0.0005
2024-10-21 03:34:39,976 ERROR ===> [Warning] Aborting epoch: 56
2024-10-21 03:34:39,976 ERROR ===> [Warning] Particle has nan or inf: False
2024-10-21 03:34:39,976 ERROR ===> [Warning] Strange loss or gradient.
2024-10-21 03:34:39,976 ERROR ===> [Warning] Skill params: [ 0.88436615  0.35034516  0.83292085 -0.13504052 -0.02593106]
2024-10-21 03:34:39,976 ERROR ===> [Warning] Skill params grad: [ 1.5877036e+11 -5.3091762e+12  1.6666875e+03 -1.9123584e+12
  4.2955027e+04]
2024-10-21 03:34:39,976 ERROR ===> [Warning] Loss info: {'particle_has_naninf': False, 'height_map_loss': 29.221473693847656, 'emd_loss': 28.24541664123535, 'total_loss': 29.221473693847656}
2024-10-21 03:34:39,977 INFO =====> Epoch: 56
2024-10-21 03:34:39,977 INFO =====> EMD Loss: nan
2024-10-21 03:34:39,977 INFO =====> Height map loss: nan
2024-10-21 03:34:39,977 INFO =====> Insertion loss: nan
2024-10-21 03:34:39,977 INFO =====> Grad: [1.e-06 1.e-06 1.e-06 1.e-06 1.e-06]
2024-10-21 03:34:39,977 INFO =====> Skill params: [ 0.88436615  0.35034516  0.83292085 -0.13504052 -0.02593106]
2024-10-21 03:34:39,977 INFO =====> Num. aborted data so far: 17
2024-10-21 03:34:40,359 INFO ===> New TaichiEnv created.
2024-10-21 03:34:40,359 INFO ===> Specifications: horizon = 600, dt = 0.01, n_substeps = 20, dt_sub = 0.0005
2024-10-21 03:35:03,953 ERROR ===> [Warning] Aborting epoch: 57
2024-10-21 03:35:03,953 ERROR ===> [Warning] Particle has nan or inf: False
2024-10-21 03:35:03,953 ERROR ===> [Warning] Strange loss or gradient.
2024-10-21 03:35:03,953 ERROR ===> [Warning] Skill params: [ 0.88436615  0.35034516  0.83292085 -0.13504052 -0.02593106]
2024-10-21 03:35:03,953 ERROR ===> [Warning] Skill params grad: [-6.3965700e+12  2.1387176e+14 -6.3030455e+06  7.7032570e+13
 -2.3273145e+06]
2024-10-21 03:35:03,953 ERROR ===> [Warning] Loss info: {'particle_has_naninf': False, 'height_map_loss': 29.22437286376953, 'emd_loss': 28.244518280029297, 'total_loss': 29.22437286376953}
2024-10-21 03:35:03,954 INFO =====> Epoch: 57
2024-10-21 03:35:03,954 INFO =====> EMD Loss: nan
2024-10-21 03:35:03,954 INFO =====> Height map loss: nan
2024-10-21 03:35:03,954 INFO =====> Insertion loss: nan
2024-10-21 03:35:03,954 INFO =====> Grad: [1.e-06 1.e-06 1.e-06 1.e-06 1.e-06]
2024-10-21 03:35:03,954 INFO =====> Skill params: [ 0.88436615  0.35034516  0.83292085 -0.13504052 -0.02593107]
2024-10-21 03:35:03,954 INFO =====> Num. aborted data so far: 18
2024-10-21 03:35:04,307 INFO ===> New TaichiEnv created.
2024-10-21 03:35:04,307 INFO ===> Specifications: horizon = 600, dt = 0.01, n_substeps = 20, dt_sub = 0.0005
2024-10-21 03:35:27,474 ERROR ===> [Warning] Aborting epoch: 58
2024-10-21 03:35:27,474 ERROR ===> [Warning] Particle has nan or inf: False
2024-10-21 03:35:27,474 ERROR ===> [Warning] Strange loss or gradient.
2024-10-21 03:35:27,474 ERROR ===> [Warning] Skill params: [ 0.88436615  0.35034516  0.83292085 -0.13504052 -0.02593107]
2024-10-21 03:35:27,474 ERROR ===> [Warning] Skill params grad: [-2.1687507e+12  7.2384007e+13  5.5910200e+05  2.6056268e+13
 -2.2029667e+05]
2024-10-21 03:35:27,474 ERROR ===> [Warning] Loss info: {'particle_has_naninf': False, 'height_map_loss': 29.221723556518555, 'emd_loss': 28.245668411254883, 'total_loss': 29.221723556518555}
2024-10-21 03:35:27,475 INFO =====> Epoch: 58
2024-10-21 03:35:27,475 INFO =====> EMD Loss: nan
2024-10-21 03:35:27,475 INFO =====> Height map loss: nan
2024-10-21 03:35:27,475 INFO =====> Insertion loss: nan
2024-10-21 03:35:27,475 INFO =====> Grad: [1.e-06 1.e-06 1.e-06 1.e-06 1.e-06]
2024-10-21 03:35:27,475 INFO =====> Skill params: [ 0.88436615  0.35034516  0.83292085 -0.13504052 -0.02593108]
2024-10-21 03:35:27,475 INFO =====> Num. aborted data so far: 19
2024-10-21 03:35:27,814 INFO ===> New TaichiEnv created.
2024-10-21 03:35:27,814 INFO ===> Specifications: horizon = 600, dt = 0.01, n_substeps = 20, dt_sub = 0.0005
2024-10-21 03:35:51,251 ERROR ===> [Warning] Aborting epoch: 59
2024-10-21 03:35:51,251 ERROR ===> [Warning] Particle has nan or inf: False
2024-10-21 03:35:51,251 ERROR ===> [Warning] Strange loss or gradient.
2024-10-21 03:35:51,251 ERROR ===> [Warning] Skill params: [ 0.88436615  0.35034516  0.83292085 -0.13504052 -0.02593108]
2024-10-21 03:35:51,251 ERROR ===> [Warning] Skill params grad: [-3.3493703e+10  1.1176363e+12  4.9960938e+01  4.0227154e+11
  3.3716152e+03]
2024-10-21 03:35:51,251 ERROR ===> [Warning] Loss info: {'particle_has_naninf': False, 'height_map_loss': 29.22112274169922, 'emd_loss': 28.263402938842773, 'total_loss': 29.22112274169922}
2024-10-21 03:35:51,252 INFO =====> Epoch: 59
2024-10-21 03:35:51,252 INFO =====> EMD Loss: nan
2024-10-21 03:35:51,252 INFO =====> Height map loss: nan
2024-10-21 03:35:51,252 INFO =====> Insertion loss: nan
2024-10-21 03:35:51,252 INFO =====> Grad: [1.e-06 1.e-06 1.e-06 1.e-06 1.e-06]
2024-10-21 03:35:51,252 INFO =====> Skill params: [ 0.88436615  0.35034516  0.83292085 -0.13504052 -0.02593108]
2024-10-21 03:35:51,252 INFO =====> Num. aborted data so far: 20
2024-10-21 03:35:51,607 INFO ===> New TaichiEnv created.
2024-10-21 03:35:51,607 INFO ===> Specifications: horizon = 600, dt = 0.01, n_substeps = 20, dt_sub = 0.0005
2024-10-21 03:36:14,955 ERROR ===> [Warning] Aborting epoch: 60
2024-10-21 03:36:14,956 ERROR ===> [Warning] Particle has nan or inf: False
2024-10-21 03:36:14,956 ERROR ===> [Warning] Strange loss or gradient.
2024-10-21 03:36:14,956 ERROR ===> [Warning] Skill params: [ 0.88436615  0.35034516  0.83292085 -0.13504052 -0.02593108]
2024-10-21 03:36:14,956 ERROR ===> [Warning] Skill params grad: [-6.320409e+09  2.113946e+11 -4.525676e+03  7.615261e+10 -2.110205e+03]
2024-10-21 03:36:14,956 ERROR ===> [Warning] Loss info: {'particle_has_naninf': False, 'height_map_loss': 29.22464370727539, 'emd_loss': 28.24830436706543, 'total_loss': 29.22464370727539}
2024-10-21 03:36:14,957 INFO =====> Epoch: 60
2024-10-21 03:36:14,957 INFO =====> EMD Loss: nan
2024-10-21 03:36:14,957 INFO =====> Height map loss: nan
2024-10-21 03:36:14,957 INFO =====> Insertion loss: nan
2024-10-21 03:36:14,957 INFO =====> Grad: [1.e-06 1.e-06 1.e-06 1.e-06 1.e-06]
2024-10-21 03:36:14,957 INFO =====> Skill params: [ 0.88436615  0.35034516  0.83292085 -0.13504052 -0.02593109]
2024-10-21 03:36:14,957 INFO =====> Num. aborted data so far: 21
2024-10-21 03:36:15,318 INFO ===> New TaichiEnv created.
2024-10-21 03:36:15,318 INFO ===> Specifications: horizon = 600, dt = 0.01, n_substeps = 20, dt_sub = 0.0005
2024-10-21 03:36:38,739 ERROR ===> [Warning] Aborting epoch: 61
2024-10-21 03:36:38,739 ERROR ===> [Warning] Particle has nan or inf: False
2024-10-21 03:36:38,739 ERROR ===> [Warning] Strange loss or gradient.
2024-10-21 03:36:38,740 ERROR ===> [Warning] Skill params: [ 0.88436615  0.35034516  0.83292085 -0.13504052 -0.02593109]
2024-10-21 03:36:38,740 ERROR ===> [Warning] Skill params grad: [-2.5655662e+13  8.5933545e+14 -5.2317456e+07  3.0972922e+14
  7.1819362e+05]
2024-10-21 03:36:38,740 ERROR ===> [Warning] Loss info: {'particle_has_naninf': False, 'height_map_loss': 29.221860885620117, 'emd_loss': 28.246662139892578, 'total_loss': 29.221860885620117}
2024-10-21 03:36:38,741 INFO =====> Epoch: 61
2024-10-21 03:36:38,741 INFO =====> EMD Loss: nan
2024-10-21 03:36:38,741 INFO =====> Height map loss: nan
2024-10-21 03:36:38,741 INFO =====> Insertion loss: nan
2024-10-21 03:36:38,741 INFO =====> Grad: [1.e-06 1.e-06 1.e-06 1.e-06 1.e-06]
2024-10-21 03:36:38,741 INFO =====> Skill params: [ 0.88436615  0.35034516  0.83292085 -0.13504052 -0.0259311 ]
2024-10-21 03:36:38,741 INFO =====> Num. aborted data so far: 22
2024-10-21 03:36:39,088 INFO ===> New TaichiEnv created.
2024-10-21 03:36:39,088 INFO ===> Specifications: horizon = 600, dt = 0.01, n_substeps = 20, dt_sub = 0.0005
2024-10-21 03:37:02,806 ERROR ===> [Warning] Aborting epoch: 62
2024-10-21 03:37:02,806 ERROR ===> [Warning] Particle has nan or inf: False
2024-10-21 03:37:02,806 ERROR ===> [Warning] Strange loss or gradient.
2024-10-21 03:37:02,806 ERROR ===> [Warning] Skill params: [ 0.88436615  0.35034516  0.83292085 -0.13504052 -0.0259311 ]
2024-10-21 03:37:02,806 ERROR ===> [Warning] Skill params grad: [ 1.1152698e+12 -3.7239082e+13 -1.1045318e+06 -1.3405525e+13
  2.1951983e+05]
2024-10-21 03:37:02,806 ERROR ===> [Warning] Loss info: {'particle_has_naninf': False, 'height_map_loss': 29.220178604125977, 'emd_loss': 28.250261306762695, 'total_loss': 29.220178604125977}
2024-10-21 03:37:02,807 INFO =====> Epoch: 62
2024-10-21 03:37:02,808 INFO =====> EMD Loss: nan
2024-10-21 03:37:02,808 INFO =====> Height map loss: nan
2024-10-21 03:37:02,808 INFO =====> Insertion loss: nan
2024-10-21 03:37:02,808 INFO =====> Grad: [1.e-06 1.e-06 1.e-06 1.e-06 1.e-06]
2024-10-21 03:37:02,808 INFO =====> Skill params: [ 0.88436615  0.35034516  0.83292085 -0.13504052 -0.02593111]
2024-10-21 03:37:02,808 INFO =====> Num. aborted data so far: 23
2024-10-21 03:37:03,160 INFO ===> New TaichiEnv created.
2024-10-21 03:37:03,160 INFO ===> Specifications: horizon = 600, dt = 0.01, n_substeps = 20, dt_sub = 0.0005
2024-10-21 03:37:26,452 ERROR ===> [Warning] Aborting epoch: 63
2024-10-21 03:37:26,453 ERROR ===> [Warning] Particle has nan or inf: False
2024-10-21 03:37:26,453 ERROR ===> [Warning] Strange loss or gradient.
2024-10-21 03:37:26,453 ERROR ===> [Warning] Skill params: [ 0.88436615  0.35034516  0.83292085 -0.13504052 -0.02593111]
2024-10-21 03:37:26,453 ERROR ===> [Warning] Skill params grad: [ 5.6092570e+11 -1.8750204e+13  2.9465194e+05 -6.7529768e+12
  3.8850402e+04]
2024-10-21 03:37:26,453 ERROR ===> [Warning] Loss info: {'particle_has_naninf': False, 'height_map_loss': 29.22043800354004, 'emd_loss': 28.246978759765625, 'total_loss': 29.22043800354004}
2024-10-21 03:37:26,454 INFO =====> Epoch: 63
2024-10-21 03:37:26,454 INFO =====> EMD Loss: nan
2024-10-21 03:37:26,454 INFO =====> Height map loss: nan
2024-10-21 03:37:26,454 INFO =====> Insertion loss: nan
2024-10-21 03:37:26,454 INFO =====> Grad: [1.e-06 1.e-06 1.e-06 1.e-06 1.e-06]
2024-10-21 03:37:26,454 INFO =====> Skill params: [ 0.88436615  0.35034516  0.83292085 -0.13504052 -0.02593111]
2024-10-21 03:37:26,454 INFO =====> Num. aborted data so far: 24
2024-10-21 03:37:26,803 INFO ===> New TaichiEnv created.
2024-10-21 03:37:26,804 INFO ===> Specifications: horizon = 600, dt = 0.01, n_substeps = 20, dt_sub = 0.0005
2024-10-21 03:37:49,945 ERROR ===> [Warning] Aborting epoch: 64
2024-10-21 03:37:49,945 ERROR ===> [Warning] Particle has nan or inf: False
2024-10-21 03:37:49,945 ERROR ===> [Warning] Strange loss or gradient.
2024-10-21 03:37:49,945 ERROR ===> [Warning] Skill params: [ 0.88436615  0.35034516  0.83292085 -0.13504052 -0.02593111]
2024-10-21 03:37:49,945 ERROR ===> [Warning] Skill params grad: [ 2.8039302e+12 -9.3597253e+13 -3.9591605e+06 -3.3692987e+13
  5.9454638e+05]
2024-10-21 03:37:49,945 ERROR ===> [Warning] Loss info: {'particle_has_naninf': False, 'height_map_loss': 29.21690559387207, 'emd_loss': 28.245529174804688, 'total_loss': 29.21690559387207}
2024-10-21 03:37:49,946 INFO =====> Epoch: 64
2024-10-21 03:37:49,946 INFO =====> EMD Loss: nan
2024-10-21 03:37:49,946 INFO =====> Height map loss: nan
2024-10-21 03:37:49,946 INFO =====> Insertion loss: nan
2024-10-21 03:37:49,946 INFO =====> Grad: [1.e-06 1.e-06 1.e-06 1.e-06 1.e-06]
2024-10-21 03:37:49,946 INFO =====> Skill params: [ 0.88436615  0.35034516  0.83292085 -0.13504052 -0.02593112]
2024-10-21 03:37:49,946 INFO =====> Num. aborted data so far: 25
2024-10-21 03:37:50,306 INFO ===> New TaichiEnv created.
2024-10-21 03:37:50,306 INFO ===> Specifications: horizon = 600, dt = 0.01, n_substeps = 20, dt_sub = 0.0005
2024-10-21 03:38:13,399 ERROR ===> [Warning] Aborting epoch: 65
2024-10-21 03:38:13,399 ERROR ===> [Warning] Particle has nan or inf: False
2024-10-21 03:38:13,399 ERROR ===> [Warning] Strange loss or gradient.
2024-10-21 03:38:13,399 ERROR ===> [Warning] Skill params: [ 0.88436615  0.35034516  0.83292085 -0.13504052 -0.02593112]
2024-10-21 03:38:13,399 ERROR ===> [Warning] Skill params grad: [ 8.3156531e+13 -2.7741205e+15 -1.7899056e+07 -9.9838756e+14
  1.2672911e+07]
2024-10-21 03:38:13,399 ERROR ===> [Warning] Loss info: {'particle_has_naninf': False, 'height_map_loss': 29.212257385253906, 'emd_loss': 28.227163314819336, 'total_loss': 29.212257385253906}
2024-10-21 03:38:13,400 INFO =====> Epoch: 65
2024-10-21 03:38:13,400 INFO =====> EMD Loss: nan
2024-10-21 03:38:13,401 INFO =====> Height map loss: nan
2024-10-21 03:38:13,401 INFO =====> Insertion loss: nan
2024-10-21 03:38:13,401 INFO =====> Grad: [1.e-06 1.e-06 1.e-06 1.e-06 1.e-06]
2024-10-21 03:38:13,401 INFO =====> Skill params: [ 0.88436615  0.35034516  0.83292085 -0.13504052 -0.02593113]
2024-10-21 03:38:13,401 INFO =====> Num. aborted data so far: 26
2024-10-21 03:38:13,753 INFO ===> New TaichiEnv created.
2024-10-21 03:38:13,753 INFO ===> Specifications: horizon = 600, dt = 0.01, n_substeps = 20, dt_sub = 0.0005
2024-10-21 03:38:36,841 ERROR ===> [Warning] Aborting epoch: 66
2024-10-21 03:38:36,841 ERROR ===> [Warning] Particle has nan or inf: False
2024-10-21 03:38:36,841 ERROR ===> [Warning] Strange loss or gradient.
2024-10-21 03:38:36,841 ERROR ===> [Warning] Skill params: [ 0.88436615  0.35034516  0.83292085 -0.13504052 -0.02593113]
2024-10-21 03:38:36,841 ERROR ===> [Warning] Skill params grad: [ 1.8259132e+10 -6.1139177e+11 -8.1222363e+03 -2.2034181e+11
 -3.0738523e+03]
2024-10-21 03:38:36,841 ERROR ===> [Warning] Loss info: {'particle_has_naninf': False, 'height_map_loss': 29.212486267089844, 'emd_loss': 28.24659538269043, 'total_loss': 29.212486267089844}
2024-10-21 03:38:36,842 INFO =====> Epoch: 66
2024-10-21 03:38:36,842 INFO =====> EMD Loss: nan
2024-10-21 03:38:36,842 INFO =====> Height map loss: nan
2024-10-21 03:38:36,842 INFO =====> Insertion loss: nan
2024-10-21 03:38:36,842 INFO =====> Grad: [1.e-06 1.e-06 1.e-06 1.e-06 1.e-06]
2024-10-21 03:38:36,842 INFO =====> Skill params: [ 0.88436615  0.35034516  0.83292085 -0.13504052 -0.02593114]
2024-10-21 03:38:36,842 INFO =====> Num. aborted data so far: 27
2024-10-21 03:38:37,193 INFO ===> New TaichiEnv created.
2024-10-21 03:38:37,193 INFO ===> Specifications: horizon = 600, dt = 0.01, n_substeps = 20, dt_sub = 0.0005
2024-10-21 03:39:00,341 ERROR ===> [Warning] Aborting epoch: 67
2024-10-21 03:39:00,341 ERROR ===> [Warning] Particle has nan or inf: False
2024-10-21 03:39:00,341 ERROR ===> [Warning] Strange loss or gradient.
2024-10-21 03:39:00,341 ERROR ===> [Warning] Skill params: [ 0.88436615  0.35034516  0.83292085 -0.13504052 -0.02593114]
2024-10-21 03:39:00,341 ERROR ===> [Warning] Skill params grad: [-3.4149618e+10  1.1413752e+12  9.1347812e+03  4.1107132e+11
 -6.7338276e+03]
2024-10-21 03:39:00,341 ERROR ===> [Warning] Loss info: {'particle_has_naninf': False, 'height_map_loss': 29.21982765197754, 'emd_loss': 28.248132705688477, 'total_loss': 29.21982765197754}
2024-10-21 03:39:00,342 INFO =====> Epoch: 67
2024-10-21 03:39:00,342 INFO =====> EMD Loss: nan
2024-10-21 03:39:00,342 INFO =====> Height map loss: nan
2024-10-21 03:39:00,342 INFO =====> Insertion loss: nan
2024-10-21 03:39:00,342 INFO =====> Grad: [1.e-06 1.e-06 1.e-06 1.e-06 1.e-06]
2024-10-21 03:39:00,343 INFO =====> Skill params: [ 0.88436615  0.35034516  0.83292085 -0.13504052 -0.02593115]
2024-10-21 03:39:00,343 INFO =====> Num. aborted data so far: 28
2024-10-21 03:39:00,711 INFO ===> New TaichiEnv created.
2024-10-21 03:39:00,711 INFO ===> Specifications: horizon = 600, dt = 0.01, n_substeps = 20, dt_sub = 0.0005
2024-10-21 03:39:23,914 ERROR ===> [Warning] Aborting epoch: 68
2024-10-21 03:39:23,914 ERROR ===> [Warning] Particle has nan or inf: False
2024-10-21 03:39:23,914 ERROR ===> [Warning] Strange loss or gradient.
2024-10-21 03:39:23,915 ERROR ===> [Warning] Skill params: [ 0.88436615  0.35034516  0.83292085 -0.13504052 -0.02593115]
2024-10-21 03:39:23,915 ERROR ===> [Warning] Skill params grad: [-1.5667009e+09  5.2328038e+10  2.8166846e+03  1.8839810e+10
 -4.6697144e+02]
2024-10-21 03:39:23,915 ERROR ===> [Warning] Loss info: {'particle_has_naninf': False, 'height_map_loss': 29.22519874572754, 'emd_loss': 28.25020408630371, 'total_loss': 29.22519874572754}
2024-10-21 03:39:23,916 INFO =====> Epoch: 68
2024-10-21 03:39:23,916 INFO =====> EMD Loss: nan
2024-10-21 03:39:23,916 INFO =====> Height map loss: nan
2024-10-21 03:39:23,916 INFO =====> Insertion loss: nan
2024-10-21 03:39:23,916 INFO =====> Grad: [1.e-06 1.e-06 1.e-06 1.e-06 1.e-06]
2024-10-21 03:39:23,916 INFO =====> Skill params: [ 0.88436615  0.35034516  0.83292085 -0.13504052 -0.02593116]
2024-10-21 03:39:23,916 INFO =====> Num. aborted data so far: 29
2024-10-21 03:39:24,287 INFO ===> New TaichiEnv created.
2024-10-21 03:39:24,287 INFO ===> Specifications: horizon = 600, dt = 0.01, n_substeps = 20, dt_sub = 0.0005
2024-10-21 03:39:47,289 ERROR ===> [Warning] Aborting epoch: 69
2024-10-21 03:39:47,289 ERROR ===> [Warning] Particle has nan or inf: False
2024-10-21 03:39:47,289 ERROR ===> [Warning] Strange loss or gradient.
2024-10-21 03:39:47,289 ERROR ===> [Warning] Skill params: [ 0.88436615  0.35034516  0.83292085 -0.13504052 -0.02593116]
2024-10-21 03:39:47,289 ERROR ===> [Warning] Skill params grad: [-2.5304019e+10  8.4501909e+11  3.3062969e+04  3.0424479e+11
 -4.5841015e+01]
2024-10-21 03:39:47,289 ERROR ===> [Warning] Loss info: {'particle_has_naninf': False, 'height_map_loss': 29.22426414489746, 'emd_loss': 28.257383346557617, 'total_loss': 29.22426414489746}
2024-10-21 03:39:47,290 INFO =====> Epoch: 69
2024-10-21 03:39:47,290 INFO =====> EMD Loss: nan
2024-10-21 03:39:47,291 INFO =====> Height map loss: nan
2024-10-21 03:39:47,291 INFO =====> Insertion loss: nan
2024-10-21 03:39:47,291 INFO =====> Grad: [1.e-06 1.e-06 1.e-06 1.e-06 1.e-06]
2024-10-21 03:39:47,291 INFO =====> Skill params: [ 0.88436615  0.35034516  0.83292085 -0.13504052 -0.02593117]
2024-10-21 03:39:47,291 INFO =====> Num. aborted data so far: 30
2024-10-21 03:39:47,666 INFO ===> New TaichiEnv created.
2024-10-21 03:39:47,666 INFO ===> Specifications: horizon = 600, dt = 0.01, n_substeps = 20, dt_sub = 0.0005
2024-10-21 03:40:10,712 ERROR ===> [Warning] Aborting epoch: 70
2024-10-21 03:40:10,713 ERROR ===> [Warning] Particle has nan or inf: False
2024-10-21 03:40:10,713 ERROR ===> [Warning] Strange loss or gradient.
2024-10-21 03:40:10,713 ERROR ===> [Warning] Skill params: [ 0.88436615  0.35034516  0.83292085 -0.13504052 -0.02593117]
2024-10-21 03:40:10,713 ERROR ===> [Warning] Skill params grad: [ 1.6796415e+12 -5.6022673e+13  1.7281212e+05 -2.0161455e+13
 -1.6447245e+05]
2024-10-21 03:40:10,713 ERROR ===> [Warning] Loss info: {'particle_has_naninf': False, 'height_map_loss': 29.212265014648438, 'emd_loss': 28.24871253967285, 'total_loss': 29.212265014648438}
2024-10-21 03:40:10,714 INFO =====> Epoch: 70
2024-10-21 03:40:10,714 INFO =====> EMD Loss: nan
2024-10-21 03:40:10,714 INFO =====> Height map loss: nan
2024-10-21 03:40:10,714 INFO =====> Insertion loss: nan
2024-10-21 03:40:10,714 INFO =====> Grad: [1.e-06 1.e-06 1.e-06 1.e-06 1.e-06]
2024-10-21 03:40:10,714 INFO =====> Skill params: [ 0.88436615  0.35034516  0.83292085 -0.13504052 -0.02593118]
2024-10-21 03:40:10,714 INFO =====> Num. aborted data so far: 31
2024-10-21 03:40:11,099 INFO ===> New TaichiEnv created.
2024-10-21 03:40:11,099 INFO ===> Specifications: horizon = 600, dt = 0.01, n_substeps = 20, dt_sub = 0.0005
2024-10-21 03:40:34,481 ERROR ===> [Warning] Aborting epoch: 71
2024-10-21 03:40:34,481 ERROR ===> [Warning] Particle has nan or inf: False
2024-10-21 03:40:34,481 ERROR ===> [Warning] Strange loss or gradient.
2024-10-21 03:40:34,481 ERROR ===> [Warning] Skill params: [ 0.88436615  0.35034516  0.83292085 -0.13504052 -0.02593118]
2024-10-21 03:40:34,481 ERROR ===> [Warning] Skill params grad: [ 5.2849645e+08 -1.7658583e+10 -7.2066833e+01 -6.4058076e+09
  1.0219313e+02]
2024-10-21 03:40:34,481 ERROR ===> [Warning] Loss info: {'particle_has_naninf': False, 'height_map_loss': 29.219186782836914, 'emd_loss': 28.246854782104492, 'total_loss': 29.219186782836914}
2024-10-21 03:40:34,482 INFO =====> Epoch: 71
2024-10-21 03:40:34,482 INFO =====> EMD Loss: nan
2024-10-21 03:40:34,482 INFO =====> Height map loss: nan
2024-10-21 03:40:34,482 INFO =====> Insertion loss: nan
2024-10-21 03:40:34,482 INFO =====> Grad: [1.e-06 1.e-06 1.e-06 1.e-06 1.e-06]
2024-10-21 03:40:34,482 INFO =====> Skill params: [ 0.88436615  0.35034516  0.83292085 -0.13504052 -0.0259312 ]
2024-10-21 03:40:34,482 INFO =====> Num. aborted data so far: 32
2024-10-21 03:40:34,930 INFO ===> New TaichiEnv created.
2024-10-21 03:40:34,930 INFO ===> Specifications: horizon = 600, dt = 0.01, n_substeps = 20, dt_sub = 0.0005
2024-10-21 03:40:58,100 ERROR ===> [Warning] Aborting epoch: 72
2024-10-21 03:40:58,100 ERROR ===> [Warning] Particle has nan or inf: False
2024-10-21 03:40:58,100 ERROR ===> [Warning] Strange loss or gradient.
2024-10-21 03:40:58,100 ERROR ===> [Warning] Skill params: [ 0.88436615  0.35034516  0.83292085 -0.13504052 -0.0259312 ]
2024-10-21 03:40:58,100 ERROR ===> [Warning] Skill params grad: [-7.9888410e+11  2.6674452e+13  8.4792988e+05  9.6041907e+12
 -1.0924745e+05]
2024-10-21 03:40:58,100 ERROR ===> [Warning] Loss info: {'particle_has_naninf': False, 'height_map_loss': 29.218442916870117, 'emd_loss': 28.245668411254883, 'total_loss': 29.218442916870117}
2024-10-21 03:40:58,101 INFO =====> Epoch: 72
2024-10-21 03:40:58,101 INFO =====> EMD Loss: nan
2024-10-21 03:40:58,101 INFO =====> Height map loss: nan
2024-10-21 03:40:58,101 INFO =====> Insertion loss: nan
2024-10-21 03:40:58,101 INFO =====> Grad: [1.e-06 1.e-06 1.e-06 1.e-06 1.e-06]
2024-10-21 03:40:58,101 INFO =====> Skill params: [ 0.88436615  0.35034516  0.83292085 -0.13504052 -0.02593121]
2024-10-21 03:40:58,101 INFO =====> Num. aborted data so far: 33
2024-10-21 03:40:58,546 INFO ===> New TaichiEnv created.
2024-10-21 03:40:58,546 INFO ===> Specifications: horizon = 600, dt = 0.01, n_substeps = 20, dt_sub = 0.0005
2024-10-21 03:41:21,915 ERROR ===> [Warning] Aborting epoch: 73
2024-10-21 03:41:21,915 ERROR ===> [Warning] Particle has nan or inf: False
2024-10-21 03:41:21,915 ERROR ===> [Warning] Strange loss or gradient.
2024-10-21 03:41:21,915 ERROR ===> [Warning] Skill params: [ 0.88436615  0.35034516  0.83292085 -0.13504052 -0.02593121]
2024-10-21 03:41:21,915 ERROR ===> [Warning] Skill params grad: [ 3.4434908e+10 -1.1496675e+12 -1.3521160e+04 -4.1389087e+11
 -3.5866990e+03]
2024-10-21 03:41:21,916 ERROR ===> [Warning] Loss info: {'particle_has_naninf': False, 'height_map_loss': 29.217058181762695, 'emd_loss': 28.24798011779785, 'total_loss': 29.217058181762695}
2024-10-21 03:41:21,916 INFO =====> Epoch: 73
2024-10-21 03:41:21,917 INFO =====> EMD Loss: nan
2024-10-21 03:41:21,917 INFO =====> Height map loss: nan
2024-10-21 03:41:21,917 INFO =====> Insertion loss: nan
2024-10-21 03:41:21,917 INFO =====> Grad: [1.e-06 1.e-06 1.e-06 1.e-06 1.e-06]
2024-10-21 03:41:21,917 INFO =====> Skill params: [ 0.88436615  0.35034516  0.83292085 -0.13504052 -0.02593122]
2024-10-21 03:41:21,917 INFO =====> Num. aborted data so far: 34
2024-10-21 03:41:22,318 INFO ===> New TaichiEnv created.
2024-10-21 03:41:22,318 INFO ===> Specifications: horizon = 600, dt = 0.01, n_substeps = 20, dt_sub = 0.0005
2024-10-21 03:41:45,816 ERROR ===> [Warning] Aborting epoch: 74
2024-10-21 03:41:45,816 ERROR ===> [Warning] Particle has nan or inf: False
2024-10-21 03:41:45,816 ERROR ===> [Warning] Strange loss or gradient.
2024-10-21 03:41:45,816 ERROR ===> [Warning] Skill params: [ 0.88436615  0.35034516  0.83292085 -0.13504052 -0.02593122]
2024-10-21 03:41:45,817 ERROR ===> [Warning] Skill params grad: [-1.9535074e+12  6.5142906e+13 -2.3158250e+05  2.3441214e+13
 -7.8670648e+04]
2024-10-21 03:41:45,817 ERROR ===> [Warning] Loss info: {'particle_has_naninf': False, 'height_map_loss': 29.21214485168457, 'emd_loss': 28.245210647583008, 'total_loss': 29.21214485168457}
2024-10-21 03:41:45,817 INFO =====> Epoch: 74
2024-10-21 03:41:45,818 INFO =====> EMD Loss: nan
2024-10-21 03:41:45,818 INFO =====> Height map loss: nan
2024-10-21 03:41:45,818 INFO =====> Insertion loss: nan
2024-10-21 03:41:45,818 INFO =====> Grad: [1.e-06 1.e-06 1.e-06 1.e-06 1.e-06]
2024-10-21 03:41:45,818 INFO =====> Skill params: [ 0.88436615  0.35034516  0.83292085 -0.13504052 -0.02593124]
2024-10-21 03:41:45,818 INFO =====> Num. aborted data so far: 35
2024-10-21 03:41:46,183 INFO ===> New TaichiEnv created.
2024-10-21 03:41:46,183 INFO ===> Specifications: horizon = 600, dt = 0.01, n_substeps = 20, dt_sub = 0.0005
2024-10-21 03:42:09,720 ERROR ===> [Warning] Aborting epoch: 75
2024-10-21 03:42:09,720 ERROR ===> [Warning] Particle has nan or inf: False
2024-10-21 03:42:09,720 ERROR ===> [Warning] Strange loss or gradient.
2024-10-21 03:42:09,720 ERROR ===> [Warning] Skill params: [ 0.88436615  0.35034516  0.83292085 -0.13504052 -0.02593124]
2024-10-21 03:42:09,720 ERROR ===> [Warning] Skill params grad: [ 4.1001986e+11 -1.3689802e+13  1.5292862e+05 -4.9287654e+12
  1.9305716e+05]
2024-10-21 03:42:09,720 ERROR ===> [Warning] Loss info: {'particle_has_naninf': False, 'height_map_loss': 29.232101440429688, 'emd_loss': 28.248559951782227, 'total_loss': 29.232101440429688}
2024-10-21 03:42:09,721 INFO =====> Epoch: 75
2024-10-21 03:42:09,721 INFO =====> EMD Loss: nan
2024-10-21 03:42:09,721 INFO =====> Height map loss: nan
2024-10-21 03:42:09,721 INFO =====> Insertion loss: nan
2024-10-21 03:42:09,721 INFO =====> Grad: [1.e-06 1.e-06 1.e-06 1.e-06 1.e-06]
2024-10-21 03:42:09,721 INFO =====> Skill params: [ 0.88436615  0.35034516  0.83292085 -0.13504052 -0.02593125]
2024-10-21 03:42:09,721 INFO =====> Num. aborted data so far: 36
2024-10-21 03:42:10,103 INFO ===> New TaichiEnv created.
2024-10-21 03:42:10,103 INFO ===> Specifications: horizon = 600, dt = 0.01, n_substeps = 20, dt_sub = 0.0005
2024-10-21 03:42:33,349 ERROR ===> [Warning] Aborting epoch: 76
2024-10-21 03:42:33,349 ERROR ===> [Warning] Particle has nan or inf: False
2024-10-21 03:42:33,349 ERROR ===> [Warning] Strange loss or gradient.
2024-10-21 03:42:33,349 ERROR ===> [Warning] Skill params: [ 0.88436615  0.35034516  0.83292085 -0.13504052 -0.02593125]
2024-10-21 03:42:33,349 ERROR ===> [Warning] Skill params grad: [ 8.9640436e+10 -2.9980358e+12 -1.2647039e+05 -1.0800002e+12
  2.9484135e+04]
2024-10-21 03:42:33,349 ERROR ===> [Warning] Loss info: {'particle_has_naninf': False, 'height_map_loss': 29.216440200805664, 'emd_loss': 28.255630493164062, 'total_loss': 29.216440200805664}
2024-10-21 03:42:33,350 INFO =====> Epoch: 76
2024-10-21 03:42:33,350 INFO =====> EMD Loss: nan
2024-10-21 03:42:33,350 INFO =====> Height map loss: nan
2024-10-21 03:42:33,350 INFO =====> Insertion loss: nan
2024-10-21 03:42:33,350 INFO =====> Grad: [1.e-06 1.e-06 1.e-06 1.e-06 1.e-06]
2024-10-21 03:42:33,350 INFO =====> Skill params: [ 0.88436615  0.35034516  0.83292085 -0.13504052 -0.02593127]
2024-10-21 03:42:33,350 INFO =====> Num. aborted data so far: 37
2024-10-21 03:42:33,719 INFO ===> New TaichiEnv created.
2024-10-21 03:42:33,719 INFO ===> Specifications: horizon = 600, dt = 0.01, n_substeps = 20, dt_sub = 0.0005
2024-10-21 03:42:57,220 ERROR ===> [Warning] Aborting epoch: 77
2024-10-21 03:42:57,220 ERROR ===> [Warning] Particle has nan or inf: False
2024-10-21 03:42:57,220 ERROR ===> [Warning] Strange loss or gradient.
2024-10-21 03:42:57,220 ERROR ===> [Warning] Skill params: [ 0.88436615  0.35034516  0.83292085 -0.13504052 -0.02593127]
2024-10-21 03:42:57,220 ERROR ===> [Warning] Skill params grad: [ 6.5105402e+11 -2.1715397e+13 -1.4520666e+06 -7.8149557e+12
  1.5783606e+05]
2024-10-21 03:42:57,220 ERROR ===> [Warning] Loss info: {'particle_has_naninf': False, 'height_map_loss': 29.220863342285156, 'emd_loss': 28.248538970947266, 'total_loss': 29.220863342285156}
2024-10-21 03:42:57,221 INFO =====> Epoch: 77
2024-10-21 03:42:57,221 INFO =====> EMD Loss: nan
2024-10-21 03:42:57,221 INFO =====> Height map loss: nan
2024-10-21 03:42:57,221 INFO =====> Insertion loss: nan
2024-10-21 03:42:57,221 INFO =====> Grad: [1.e-06 1.e-06 1.e-06 1.e-06 1.e-06]
2024-10-21 03:42:57,221 INFO =====> Skill params: [ 0.88436615  0.35034516  0.83292085 -0.13504052 -0.02593129]
2024-10-21 03:42:57,221 INFO =====> Num. aborted data so far: 38
2024-10-21 03:42:57,577 INFO ===> New TaichiEnv created.
2024-10-21 03:42:57,577 INFO ===> Specifications: horizon = 600, dt = 0.01, n_substeps = 20, dt_sub = 0.0005
2024-10-21 03:43:20,916 ERROR ===> [Warning] Aborting epoch: 78
2024-10-21 03:43:20,916 ERROR ===> [Warning] Particle has nan or inf: False
2024-10-21 03:43:20,916 ERROR ===> [Warning] Strange loss or gradient.
2024-10-21 03:43:20,916 ERROR ===> [Warning] Skill params: [ 0.88436615  0.35034516  0.83292085 -0.13504052 -0.02593129]
2024-10-21 03:43:20,916 ERROR ===> [Warning] Skill params grad: [ 1.716161e+12 -5.724464e+13 -1.051721e+06 -2.060193e+13  5.324600e+05]
2024-10-21 03:43:20,916 ERROR ===> [Warning] Loss info: {'particle_has_naninf': False, 'height_map_loss': 29.21276092529297, 'emd_loss': 28.245771408081055, 'total_loss': 29.21276092529297}
2024-10-21 03:43:20,917 INFO =====> Epoch: 78
2024-10-21 03:43:20,917 INFO =====> EMD Loss: nan
2024-10-21 03:43:20,917 INFO =====> Height map loss: nan
2024-10-21 03:43:20,917 INFO =====> Insertion loss: nan
2024-10-21 03:43:20,917 INFO =====> Grad: [1.e-06 1.e-06 1.e-06 1.e-06 1.e-06]
2024-10-21 03:43:20,917 INFO =====> Skill params: [ 0.88436615  0.35034516  0.83292085 -0.13504052 -0.0259313 ]
2024-10-21 03:43:20,917 INFO =====> Num. aborted data so far: 39
2024-10-21 03:43:21,273 INFO ===> New TaichiEnv created.
2024-10-21 03:43:21,273 INFO ===> Specifications: horizon = 600, dt = 0.01, n_substeps = 20, dt_sub = 0.0005
2024-10-21 03:43:45,064 ERROR ===> [Warning] Aborting epoch: 79
2024-10-21 03:43:45,065 ERROR ===> [Warning] Particle has nan or inf: False
2024-10-21 03:43:45,065 ERROR ===> [Warning] Strange loss or gradient.
2024-10-21 03:43:45,065 ERROR ===> [Warning] Skill params: [ 0.88436615  0.35034516  0.83292085 -0.13504052 -0.0259313 ]
2024-10-21 03:43:45,065 ERROR ===> [Warning] Skill params grad: [-2.3901549e+18  7.9597798e+19  1.7015190e+11  2.8628358e+19
 -6.4402489e+11]
2024-10-21 03:43:45,065 ERROR ===> [Warning] Loss info: {'particle_has_naninf': False, 'height_map_loss': 29.225643157958984, 'emd_loss': 28.24925994873047, 'total_loss': 29.225643157958984}
2024-10-21 03:43:45,066 INFO =====> Epoch: 79
2024-10-21 03:43:45,066 INFO =====> EMD Loss: nan
2024-10-21 03:43:45,066 INFO =====> Height map loss: nan
2024-10-21 03:43:45,066 INFO =====> Insertion loss: nan
2024-10-21 03:43:45,066 INFO =====> Grad: [1.e-06 1.e-06 1.e-06 1.e-06 1.e-06]
2024-10-21 03:43:45,066 INFO =====> Skill params: [ 0.88436615  0.35034516  0.83292085 -0.13504052 -0.02593132]
2024-10-21 03:43:45,066 INFO =====> Num. aborted data so far: 40
2024-10-21 03:43:45,421 INFO ===> New TaichiEnv created.
2024-10-21 03:43:45,421 INFO ===> Specifications: horizon = 600, dt = 0.01, n_substeps = 20, dt_sub = 0.0005
2024-10-21 03:44:09,141 ERROR ===> [Warning] Aborting epoch: 80
2024-10-21 03:44:09,141 ERROR ===> [Warning] Particle has nan or inf: False
2024-10-21 03:44:09,141 ERROR ===> [Warning] Strange loss or gradient.
2024-10-21 03:44:09,141 ERROR ===> [Warning] Skill params: [ 0.88436615  0.35034516  0.83292085 -0.13504052 -0.02593132]
2024-10-21 03:44:09,141 ERROR ===> [Warning] Skill params grad: [-4.7193650e+13  1.5729847e+15 -4.2965536e+07  5.6590328e+14
 -5.0526135e+06]
2024-10-21 03:44:09,141 ERROR ===> [Warning] Loss info: {'particle_has_naninf': False, 'height_map_loss': 29.2335147857666, 'emd_loss': 28.24802017211914, 'total_loss': 29.2335147857666}
2024-10-21 03:44:09,142 INFO =====> Epoch: 80
2024-10-21 03:44:09,143 INFO =====> EMD Loss: nan
2024-10-21 03:44:09,143 INFO =====> Height map loss: nan
2024-10-21 03:44:09,143 INFO =====> Insertion loss: nan
2024-10-21 03:44:09,143 INFO =====> Grad: [1.e-06 1.e-06 1.e-06 1.e-06 1.e-06]
2024-10-21 03:44:09,143 INFO =====> Skill params: [ 0.88436615  0.35034516  0.83292085 -0.13504052 -0.02593134]
2024-10-21 03:44:09,143 INFO =====> Num. aborted data so far: 41
2024-10-21 03:44:09,500 INFO ===> New TaichiEnv created.
2024-10-21 03:44:09,500 INFO ===> Specifications: horizon = 600, dt = 0.01, n_substeps = 20, dt_sub = 0.0005
2024-10-21 03:44:33,053 ERROR ===> [Warning] Aborting epoch: 81
2024-10-21 03:44:33,053 ERROR ===> [Warning] Particle has nan or inf: False
2024-10-21 03:44:33,053 ERROR ===> [Warning] Strange loss or gradient.
2024-10-21 03:44:33,053 ERROR ===> [Warning] Skill params: [ 0.88436615  0.35034516  0.83292085 -0.13504052 -0.02593134]
2024-10-21 03:44:33,053 ERROR ===> [Warning] Skill params grad: [ 7.8787720e+12 -2.6306871e+14  1.9705308e+07 -9.4714599e+13
  3.0977040e+06]
2024-10-21 03:44:33,053 ERROR ===> [Warning] Loss info: {'particle_has_naninf': False, 'height_map_loss': 29.215959548950195, 'emd_loss': 28.248014450073242, 'total_loss': 29.215959548950195}
2024-10-21 03:44:33,054 INFO =====> Epoch: 81
2024-10-21 03:44:33,054 INFO =====> EMD Loss: nan
2024-10-21 03:44:33,054 INFO =====> Height map loss: nan
2024-10-21 03:44:33,054 INFO =====> Insertion loss: nan
2024-10-21 03:44:33,054 INFO =====> Grad: [1.e-06 1.e-06 1.e-06 1.e-06 1.e-06]
2024-10-21 03:44:33,055 INFO =====> Skill params: [ 0.88436615  0.35034516  0.83292085 -0.13504052 -0.02593136]
2024-10-21 03:44:33,055 INFO =====> Num. aborted data so far: 42
2024-10-21 03:44:33,416 INFO ===> New TaichiEnv created.
2024-10-21 03:44:33,417 INFO ===> Specifications: horizon = 600, dt = 0.01, n_substeps = 20, dt_sub = 0.0005
2024-10-21 03:44:56,657 ERROR ===> [Warning] Aborting epoch: 82
2024-10-21 03:44:56,657 ERROR ===> [Warning] Particle has nan or inf: False
2024-10-21 03:44:56,657 ERROR ===> [Warning] Strange loss or gradient.
2024-10-21 03:44:56,657 ERROR ===> [Warning] Skill params: [ 0.88436615  0.35034516  0.83292085 -0.13504052 -0.02593136]
2024-10-21 03:44:56,657 ERROR ===> [Warning] Skill params grad: [-1.3807513e+11  4.6134209e+12  2.6765809e+05  1.6613022e+12
 -3.9259605e+04]
2024-10-21 03:44:56,657 ERROR ===> [Warning] Loss info: {'particle_has_naninf': False, 'height_map_loss': 29.22439956665039, 'emd_loss': 28.249786376953125, 'total_loss': 29.22439956665039}
2024-10-21 03:44:56,658 INFO =====> Epoch: 82
2024-10-21 03:44:56,658 INFO =====> EMD Loss: nan
2024-10-21 03:44:56,658 INFO =====> Height map loss: nan
2024-10-21 03:44:56,658 INFO =====> Insertion loss: nan
2024-10-21 03:44:56,658 INFO =====> Grad: [1.e-06 1.e-06 1.e-06 1.e-06 1.e-06]
2024-10-21 03:44:56,658 INFO =====> Skill params: [ 0.88436615  0.35034516  0.83292085 -0.13504052 -0.02593139]
2024-10-21 03:44:56,658 INFO =====> Num. aborted data so far: 43
2024-10-21 03:44:57,027 INFO ===> New TaichiEnv created.
2024-10-21 03:44:57,027 INFO ===> Specifications: horizon = 600, dt = 0.01, n_substeps = 20, dt_sub = 0.0005
2024-10-21 03:45:20,237 ERROR ===> [Warning] Aborting epoch: 83
2024-10-21 03:45:20,237 ERROR ===> [Warning] Particle has nan or inf: False
2024-10-21 03:45:20,237 ERROR ===> [Warning] Strange loss or gradient.
2024-10-21 03:45:20,237 ERROR ===> [Warning] Skill params: [ 0.88436615  0.35034516  0.83292085 -0.13504052 -0.02593139]
2024-10-21 03:45:20,238 ERROR ===> [Warning] Skill params grad: [ 9.7012062e+13 -3.2427913e+15 -8.5500384e+07 -1.1678969e+15
  2.6962222e+07]
2024-10-21 03:45:20,238 ERROR ===> [Warning] Loss info: {'particle_has_naninf': False, 'height_map_loss': 29.216835021972656, 'emd_loss': 28.24442481994629, 'total_loss': 29.216835021972656}
2024-10-21 03:45:20,239 INFO =====> Epoch: 83
2024-10-21 03:45:20,239 INFO =====> EMD Loss: nan
2024-10-21 03:45:20,239 INFO =====> Height map loss: nan
2024-10-21 03:45:20,239 INFO =====> Insertion loss: nan
2024-10-21 03:45:20,239 INFO =====> Grad: [1.e-06 1.e-06 1.e-06 1.e-06 1.e-06]
2024-10-21 03:45:20,239 INFO =====> Skill params: [ 0.88436615  0.35034516  0.83292085 -0.13504052 -0.02593141]
2024-10-21 03:45:20,239 INFO =====> Num. aborted data so far: 44
2024-10-21 03:45:20,671 INFO ===> New TaichiEnv created.
2024-10-21 03:45:20,671 INFO ===> Specifications: horizon = 600, dt = 0.01, n_substeps = 20, dt_sub = 0.0005
2024-10-21 03:45:44,042 ERROR ===> [Warning] Aborting epoch: 84
2024-10-21 03:45:44,042 ERROR ===> [Warning] Particle has nan or inf: False
2024-10-21 03:45:44,042 ERROR ===> [Warning] Strange loss or gradient.
2024-10-21 03:45:44,042 ERROR ===> [Warning] Skill params: [ 0.88436615  0.35034516  0.83292085 -0.13504052 -0.02593141]
2024-10-21 03:45:44,042 ERROR ===> [Warning] Skill params grad: [-6.9473526e+10  2.3188650e+12 -2.1400227e+04  8.3469527e+11
 -1.4569258e+04]
2024-10-21 03:45:44,042 ERROR ===> [Warning] Loss info: {'particle_has_naninf': False, 'height_map_loss': 29.221031188964844, 'emd_loss': 28.24321174621582, 'total_loss': 29.221031188964844}
2024-10-21 03:45:44,043 INFO =====> Epoch: 84
2024-10-21 03:45:44,043 INFO =====> EMD Loss: nan
2024-10-21 03:45:44,043 INFO =====> Height map loss: nan
2024-10-21 03:45:44,043 INFO =====> Insertion loss: nan
2024-10-21 03:45:44,043 INFO =====> Grad: [1.e-06 1.e-06 1.e-06 1.e-06 1.e-06]
2024-10-21 03:45:44,043 INFO =====> Skill params: [ 0.88436615  0.35034516  0.83292085 -0.13504052 -0.02593143]
2024-10-21 03:45:44,043 INFO =====> Num. aborted data so far: 45
2024-10-21 03:45:44,425 INFO ===> New TaichiEnv created.
2024-10-21 03:45:44,425 INFO ===> Specifications: horizon = 600, dt = 0.01, n_substeps = 20, dt_sub = 0.0005
2024-10-21 03:46:07,717 ERROR ===> [Warning] Aborting epoch: 85
2024-10-21 03:46:07,717 ERROR ===> [Warning] Particle has nan or inf: False
2024-10-21 03:46:07,717 ERROR ===> [Warning] Strange loss or gradient.
2024-10-21 03:46:07,717 ERROR ===> [Warning] Skill params: [ 0.88436615  0.35034516  0.83292085 -0.13504052 -0.02593143]
2024-10-21 03:46:07,718 ERROR ===> [Warning] Skill params grad: [ 7.4602617e+11 -2.4878229e+13 -9.7824506e+05 -8.9528247e+12
 -1.2224875e+04]
2024-10-21 03:46:07,718 ERROR ===> [Warning] Loss info: {'particle_has_naninf': False, 'height_map_loss': 29.213605880737305, 'emd_loss': 28.246763229370117, 'total_loss': 29.213605880737305}
2024-10-21 03:46:07,719 INFO =====> Epoch: 85
2024-10-21 03:46:07,719 INFO =====> EMD Loss: nan
2024-10-21 03:46:07,719 INFO =====> Height map loss: nan
2024-10-21 03:46:07,719 INFO =====> Insertion loss: nan
2024-10-21 03:46:07,719 INFO =====> Grad: [1.e-06 1.e-06 1.e-06 1.e-06 1.e-06]
2024-10-21 03:46:07,719 INFO =====> Skill params: [ 0.88436615  0.35034516  0.83292085 -0.13504052 -0.02593146]
2024-10-21 03:46:07,719 INFO =====> Num. aborted data so far: 46
2024-10-21 03:46:08,103 INFO ===> New TaichiEnv created.
2024-10-21 03:46:08,103 INFO ===> Specifications: horizon = 600, dt = 0.01, n_substeps = 20, dt_sub = 0.0005
2024-10-21 03:46:31,573 ERROR ===> [Warning] Aborting epoch: 86
2024-10-21 03:46:31,573 ERROR ===> [Warning] Particle has nan or inf: False
2024-10-21 03:46:31,573 ERROR ===> [Warning] Strange loss or gradient.
2024-10-21 03:46:31,573 ERROR ===> [Warning] Skill params: [ 0.88436615  0.35034516  0.83292085 -0.13504052 -0.02593146]
2024-10-21 03:46:31,574 ERROR ===> [Warning] Skill params grad: [ 1.5071606e+11 -5.0341478e+12 -7.0083891e+04 -1.8126003e+12
  2.9175787e+04]
2024-10-21 03:46:31,574 ERROR ===> [Warning] Loss info: {'particle_has_naninf': False, 'height_map_loss': 29.216609954833984, 'emd_loss': 28.24671173095703, 'total_loss': 29.216609954833984}
2024-10-21 03:46:31,575 INFO =====> Epoch: 86
2024-10-21 03:46:31,575 INFO =====> EMD Loss: nan
2024-10-21 03:46:31,575 INFO =====> Height map loss: nan
2024-10-21 03:46:31,575 INFO =====> Insertion loss: nan
2024-10-21 03:46:31,575 INFO =====> Grad: [1.e-06 1.e-06 1.e-06 1.e-06 1.e-06]
2024-10-21 03:46:31,575 INFO =====> Skill params: [ 0.88436615  0.35034516  0.83292085 -0.13504052 -0.02593149]
2024-10-21 03:46:31,575 INFO =====> Num. aborted data so far: 47
2024-10-21 03:46:31,950 INFO ===> New TaichiEnv created.
2024-10-21 03:46:31,950 INFO ===> Specifications: horizon = 600, dt = 0.01, n_substeps = 20, dt_sub = 0.0005
2024-10-21 03:46:55,486 ERROR ===> [Warning] Aborting epoch: 87
2024-10-21 03:46:55,486 ERROR ===> [Warning] Particle has nan or inf: False
2024-10-21 03:46:55,486 ERROR ===> [Warning] Strange loss or gradient.
2024-10-21 03:46:55,486 ERROR ===> [Warning] Skill params: [ 0.88436615  0.35034516  0.83292085 -0.13504052 -0.02593149]
2024-10-21 03:46:55,486 ERROR ===> [Warning] Skill params grad: [ 3.50852455e+12 -1.17335285e+14 -1.14216000e+05 -4.22692814e+13
  1.14996238e+06]
2024-10-21 03:46:55,486 ERROR ===> [Warning] Loss info: {'particle_has_naninf': False, 'height_map_loss': 29.228586196899414, 'emd_loss': 28.248098373413086, 'total_loss': 29.228586196899414}
2024-10-21 03:46:55,487 INFO =====> Epoch: 87
2024-10-21 03:46:55,487 INFO =====> EMD Loss: nan
2024-10-21 03:46:55,487 INFO =====> Height map loss: nan
2024-10-21 03:46:55,487 INFO =====> Insertion loss: nan
2024-10-21 03:46:55,487 INFO =====> Grad: [1.e-06 1.e-06 1.e-06 1.e-06 1.e-06]
2024-10-21 03:46:55,487 INFO =====> Skill params: [ 0.88436615  0.35034516  0.83292085 -0.13504052 -0.02593151]
2024-10-21 03:46:55,487 INFO =====> Num. aborted data so far: 48
2024-10-21 03:46:55,888 INFO ===> New TaichiEnv created.
2024-10-21 03:46:55,888 INFO ===> Specifications: horizon = 600, dt = 0.01, n_substeps = 20, dt_sub = 0.0005
2024-10-21 03:47:19,525 ERROR ===> [Warning] Aborting epoch: 88
2024-10-21 03:47:19,525 ERROR ===> [Warning] Particle has nan or inf: False
2024-10-21 03:47:19,525 ERROR ===> [Warning] Strange loss or gradient.
2024-10-21 03:47:19,525 ERROR ===> [Warning] Skill params: [ 0.88436615  0.35034516  0.83292085 -0.13504052 -0.02593151]
2024-10-21 03:47:19,525 ERROR ===> [Warning] Skill params grad: [ 1.4982842e+12 -5.0064727e+13  6.5250438e+05 -1.8028534e+13
  5.3129652e+04]
2024-10-21 03:47:19,525 ERROR ===> [Warning] Loss info: {'particle_has_naninf': False, 'height_map_loss': 29.219871520996094, 'emd_loss': 28.255739212036133, 'total_loss': 29.219871520996094}
2024-10-21 03:47:19,526 INFO =====> Epoch: 88
2024-10-21 03:47:19,526 INFO =====> EMD Loss: nan
2024-10-21 03:47:19,526 INFO =====> Height map loss: nan
2024-10-21 03:47:19,526 INFO =====> Insertion loss: nan
2024-10-21 03:47:19,526 INFO =====> Grad: [1.e-06 1.e-06 1.e-06 1.e-06 1.e-06]
2024-10-21 03:47:19,527 INFO =====> Skill params: [ 0.88436615  0.35034516  0.83292085 -0.13504052 -0.02593154]
2024-10-21 03:47:19,527 INFO =====> Num. aborted data so far: 49
2024-10-21 03:47:19,894 INFO ===> New TaichiEnv created.
2024-10-21 03:47:19,894 INFO ===> Specifications: horizon = 600, dt = 0.01, n_substeps = 20, dt_sub = 0.0005
2024-10-21 03:47:43,432 ERROR ===> [Warning] Aborting epoch: 89
2024-10-21 03:47:43,432 ERROR ===> [Warning] Particle has nan or inf: False
2024-10-21 03:47:43,432 ERROR ===> [Warning] Strange loss or gradient.
2024-10-21 03:47:43,432 ERROR ===> [Warning] Skill params: [ 0.88436615  0.35034516  0.83292085 -0.13504052 -0.02593154]
2024-10-21 03:47:43,432 ERROR ===> [Warning] Skill params grad: [-3.3681590e+12  1.1246178e+14  2.2924062e+06  4.0490762e+13
 -3.7409262e+05]
2024-10-21 03:47:43,432 ERROR ===> [Warning] Loss info: {'particle_has_naninf': False, 'height_map_loss': 29.21090316772461, 'emd_loss': 28.24535369873047, 'total_loss': 29.21090316772461}
2024-10-21 03:47:43,433 INFO =====> Epoch: 89
2024-10-21 03:47:43,433 INFO =====> EMD Loss: nan
2024-10-21 03:47:43,433 INFO =====> Height map loss: nan
2024-10-21 03:47:43,433 INFO =====> Insertion loss: nan
2024-10-21 03:47:43,433 INFO =====> Grad: [1.e-06 1.e-06 1.e-06 1.e-06 1.e-06]
2024-10-21 03:47:43,433 INFO =====> Skill params: [ 0.88436615  0.35034516  0.83292085 -0.13504052 -0.02593158]
2024-10-21 03:47:43,433 INFO =====> Num. aborted data so far: 50
2024-10-21 03:47:43,809 INFO ===> New TaichiEnv created.
2024-10-21 03:47:43,809 INFO ===> Specifications: horizon = 600, dt = 0.01, n_substeps = 20, dt_sub = 0.0005
2024-10-21 03:48:06,952 ERROR ===> [Warning] Aborting epoch: 90
2024-10-21 03:48:06,952 ERROR ===> [Warning] Particle has nan or inf: False
2024-10-21 03:48:06,952 ERROR ===> [Warning] Strange loss or gradient.
2024-10-21 03:48:06,952 ERROR ===> [Warning] Skill params: [ 0.88436615  0.35034516  0.83292085 -0.13504052 -0.02593158]
2024-10-21 03:48:06,952 ERROR ===> [Warning] Skill params grad: [-1.08737075e+18  3.62714394e+19 -1.96772102e+12  1.30532250e+19
 -2.02157900e+11]
2024-10-21 03:48:06,952 ERROR ===> [Warning] Loss info: {'particle_has_naninf': False, 'height_map_loss': 29.22002601623535, 'emd_loss': 28.2467098236084, 'total_loss': 29.22002601623535}
2024-10-21 03:48:06,953 INFO =====> Epoch: 90
2024-10-21 03:48:06,953 INFO =====> EMD Loss: nan
2024-10-21 03:48:06,953 INFO =====> Height map loss: nan
2024-10-21 03:48:06,953 INFO =====> Insertion loss: nan
2024-10-21 03:48:06,953 INFO =====> Grad: [1.e-06 1.e-06 1.e-06 1.e-06 1.e-06]
2024-10-21 03:48:06,953 INFO =====> Skill params: [ 0.88436615  0.35034516  0.83292085 -0.13504052 -0.02593161]
2024-10-21 03:48:06,953 INFO =====> Num. aborted data so far: 51
2024-10-21 03:48:07,312 INFO ===> New TaichiEnv created.
2024-10-21 03:48:07,312 INFO ===> Specifications: horizon = 600, dt = 0.01, n_substeps = 20, dt_sub = 0.0005
2024-10-21 03:48:31,114 ERROR ===> [Warning] Aborting epoch: 91
2024-10-21 03:48:31,114 ERROR ===> [Warning] Particle has nan or inf: False
2024-10-21 03:48:31,114 ERROR ===> [Warning] Strange loss or gradient.
2024-10-21 03:48:31,114 ERROR ===> [Warning] Skill params: [ 0.88436615  0.35034516  0.83292085 -0.13504052 -0.02593161]
2024-10-21 03:48:31,114 ERROR ===> [Warning] Skill params grad: [-2.2333626e+16  7.4439480e+17  1.2272716e+10  2.6780989e+17
 -6.0496937e+09]
2024-10-21 03:48:31,114 ERROR ===> [Warning] Loss info: {'particle_has_naninf': False, 'height_map_loss': 29.22374725341797, 'emd_loss': 28.255340576171875, 'total_loss': 29.22374725341797}
2024-10-21 03:48:31,115 INFO =====> Epoch: 91
2024-10-21 03:48:31,115 INFO =====> EMD Loss: nan
2024-10-21 03:48:31,115 INFO =====> Height map loss: nan
2024-10-21 03:48:31,115 INFO =====> Insertion loss: nan
2024-10-21 03:48:31,115 INFO =====> Grad: [1.e-06 1.e-06 1.e-06 1.e-06 1.e-06]
2024-10-21 03:48:31,116 INFO =====> Skill params: [ 0.88436615  0.35034516  0.83292085 -0.13504052 -0.02593165]
2024-10-21 03:48:31,116 INFO =====> Num. aborted data so far: 52
2024-10-21 03:48:31,500 INFO ===> New TaichiEnv created.
2024-10-21 03:48:31,500 INFO ===> Specifications: horizon = 600, dt = 0.01, n_substeps = 20, dt_sub = 0.0005
2024-10-21 03:48:54,732 ERROR ===> [Warning] Aborting epoch: 92
2024-10-21 03:48:54,732 ERROR ===> [Warning] Particle has nan or inf: False
2024-10-21 03:48:54,732 ERROR ===> [Warning] Strange loss or gradient.
2024-10-21 03:48:54,732 ERROR ===> [Warning] Skill params: [ 0.88436615  0.35034516  0.83292085 -0.13504052 -0.02593165]
2024-10-21 03:48:54,732 ERROR ===> [Warning] Skill params grad: [-5.4888763e+10  1.8314124e+12  6.7201000e+04  6.5917564e+11
 -1.9408283e+04]
2024-10-21 03:48:54,732 ERROR ===> [Warning] Loss info: {'particle_has_naninf': False, 'height_map_loss': 29.219629287719727, 'emd_loss': 28.24666976928711, 'total_loss': 29.219629287719727}
2024-10-21 03:48:54,733 INFO =====> Epoch: 92
2024-10-21 03:48:54,733 INFO =====> EMD Loss: nan
2024-10-21 03:48:54,733 INFO =====> Height map loss: nan
2024-10-21 03:48:54,733 INFO =====> Insertion loss: nan
2024-10-21 03:48:54,733 INFO =====> Grad: [1.e-06 1.e-06 1.e-06 1.e-06 1.e-06]
2024-10-21 03:48:54,733 INFO =====> Skill params: [ 0.88436615  0.35034516  0.83292085 -0.13504052 -0.02593168]
2024-10-21 03:48:54,733 INFO =====> Num. aborted data so far: 53
2024-10-21 03:48:55,174 INFO ===> New TaichiEnv created.
2024-10-21 03:48:55,174 INFO ===> Specifications: horizon = 600, dt = 0.01, n_substeps = 20, dt_sub = 0.0005
2024-10-21 03:49:18,539 ERROR ===> [Warning] Aborting epoch: 93
2024-10-21 03:49:18,540 ERROR ===> [Warning] Particle has nan or inf: False
2024-10-21 03:49:18,540 ERROR ===> [Warning] Strange loss or gradient.
2024-10-21 03:49:18,540 ERROR ===> [Warning] Skill params: [ 0.88436615  0.35034516  0.83292085 -0.13504052 -0.02593168]
2024-10-21 03:49:18,540 ERROR ===> [Warning] Skill params grad: [-5.9936092e+13  1.9995603e+15 -4.4072688e+07  7.1966922e+14
 -6.9062330e+06]
2024-10-21 03:49:18,540 ERROR ===> [Warning] Loss info: {'particle_has_naninf': False, 'height_map_loss': 29.23881721496582, 'emd_loss': 28.24676513671875, 'total_loss': 29.23881721496582}
2024-10-21 03:49:18,541 INFO =====> Epoch: 93
2024-10-21 03:49:18,541 INFO =====> EMD Loss: nan
2024-10-21 03:49:18,541 INFO =====> Height map loss: nan
2024-10-21 03:49:18,541 INFO =====> Insertion loss: nan
2024-10-21 03:49:18,541 INFO =====> Grad: [1.e-06 1.e-06 1.e-06 1.e-06 1.e-06]
2024-10-21 03:49:18,541 INFO =====> Skill params: [ 0.88436615  0.35034516  0.83292085 -0.13504052 -0.02593172]
2024-10-21 03:49:18,541 INFO =====> Num. aborted data so far: 54
2024-10-21 03:49:18,919 INFO ===> New TaichiEnv created.
2024-10-21 03:49:18,919 INFO ===> Specifications: horizon = 600, dt = 0.01, n_substeps = 20, dt_sub = 0.0005
2024-10-21 03:49:42,287 ERROR ===> [Warning] Aborting epoch: 94
2024-10-21 03:49:42,287 ERROR ===> [Warning] Particle has nan or inf: False
2024-10-21 03:49:42,287 ERROR ===> [Warning] Strange loss or gradient.
2024-10-21 03:49:42,287 ERROR ===> [Warning] Skill params: [ 0.88436615  0.35034516  0.83292085 -0.13504052 -0.02593172]
2024-10-21 03:49:42,288 ERROR ===> [Warning] Skill params grad: [-3.2922126e+10  1.0983661e+12  5.6684891e+04  3.9532098e+11
 -3.1473513e+03]
2024-10-21 03:49:42,288 ERROR ===> [Warning] Loss info: {'particle_has_naninf': False, 'height_map_loss': 29.217981338500977, 'emd_loss': 28.24558448791504, 'total_loss': 29.217981338500977}
2024-10-21 03:49:42,289 INFO =====> Epoch: 94
2024-10-21 03:49:42,289 INFO =====> EMD Loss: nan
2024-10-21 03:49:42,289 INFO =====> Height map loss: nan
2024-10-21 03:49:42,289 INFO =====> Insertion loss: nan
2024-10-21 03:49:42,289 INFO =====> Grad: [1.e-06 1.e-06 1.e-06 1.e-06 1.e-06]
2024-10-21 03:49:42,289 INFO =====> Skill params: [ 0.88436615  0.35034516  0.83292085 -0.13504052 -0.02593176]
2024-10-21 03:49:42,289 INFO =====> Num. aborted data so far: 55
2024-10-21 03:49:42,661 INFO ===> New TaichiEnv created.
2024-10-21 03:49:42,661 INFO ===> Specifications: horizon = 600, dt = 0.01, n_substeps = 20, dt_sub = 0.0005
2024-10-21 03:50:06,574 ERROR ===> [Warning] Aborting epoch: 95
2024-10-21 03:50:06,574 ERROR ===> [Warning] Particle has nan or inf: False
2024-10-21 03:50:06,574 ERROR ===> [Warning] Strange loss or gradient.
2024-10-21 03:50:06,574 ERROR ===> [Warning] Skill params: [ 0.88436615  0.35034516  0.83292085 -0.13504052 -0.02593176]
2024-10-21 03:50:06,574 ERROR ===> [Warning] Skill params grad: [-2.0445665e+13  6.8301845e+14  3.9751824e+07  2.4592102e+14
  9.3635044e+05]
2024-10-21 03:50:06,574 ERROR ===> [Warning] Loss info: {'particle_has_naninf': False, 'height_map_loss': 29.217201232910156, 'emd_loss': 28.248523712158203, 'total_loss': 29.217201232910156}
2024-10-21 03:50:06,575 INFO =====> Epoch: 95
2024-10-21 03:50:06,575 INFO =====> EMD Loss: nan
2024-10-21 03:50:06,576 INFO =====> Height map loss: nan
2024-10-21 03:50:06,576 INFO =====> Insertion loss: nan
2024-10-21 03:50:06,576 INFO =====> Grad: [1.e-06 1.e-06 1.e-06 1.e-06 1.e-06]
2024-10-21 03:50:06,576 INFO =====> Skill params: [ 0.88436615  0.35034516  0.83292085 -0.13504052 -0.02593181]
2024-10-21 03:50:06,576 INFO =====> Num. aborted data so far: 56
2024-10-21 03:50:06,962 INFO ===> New TaichiEnv created.
2024-10-21 03:50:06,962 INFO ===> Specifications: horizon = 600, dt = 0.01, n_substeps = 20, dt_sub = 0.0005
2024-10-21 03:50:30,410 ERROR ===> [Warning] Aborting epoch: 96
2024-10-21 03:50:30,410 ERROR ===> [Warning] Particle has nan or inf: False
2024-10-21 03:50:30,410 ERROR ===> [Warning] Strange loss or gradient.
2024-10-21 03:50:30,410 ERROR ===> [Warning] Skill params: [ 0.88436615  0.35034516  0.83292085 -0.13504052 -0.02593181]
2024-10-21 03:50:30,411 ERROR ===> [Warning] Skill params grad: [ 3.1088534e+13 -1.0401184e+15 -1.7225388e+07 -3.7472294e+14
  6.9011881e+05]
2024-10-21 03:50:30,411 ERROR ===> [Warning] Loss info: {'particle_has_naninf': False, 'height_map_loss': 29.229150772094727, 'emd_loss': 28.262800216674805, 'total_loss': 29.229150772094727}
2024-10-21 03:50:30,412 INFO =====> Epoch: 96
2024-10-21 03:50:30,412 INFO =====> EMD Loss: nan
2024-10-21 03:50:30,412 INFO =====> Height map loss: nan
2024-10-21 03:50:30,412 INFO =====> Insertion loss: nan
2024-10-21 03:50:30,412 INFO =====> Grad: [1.e-06 1.e-06 1.e-06 1.e-06 1.e-06]
2024-10-21 03:50:30,412 INFO =====> Skill params: [ 0.88436615  0.35034516  0.83292085 -0.13504052 -0.02593185]
2024-10-21 03:50:30,412 INFO =====> Num. aborted data so far: 57
2024-10-21 03:50:30,779 INFO ===> New TaichiEnv created.
2024-10-21 03:50:30,779 INFO ===> Specifications: horizon = 600, dt = 0.01, n_substeps = 20, dt_sub = 0.0005
2024-10-21 03:50:54,468 ERROR ===> [Warning] Aborting epoch: 97
2024-10-21 03:50:54,468 ERROR ===> [Warning] Particle has nan or inf: False
2024-10-21 03:50:54,469 ERROR ===> [Warning] Strange loss or gradient.
2024-10-21 03:50:54,469 ERROR ===> [Warning] Skill params: [ 0.88436615  0.35034516  0.83292085 -0.13504052 -0.02593185]
2024-10-21 03:50:54,469 ERROR ===> [Warning] Skill params grad: [-1.9644620e+13  6.5448087e+14 -2.0037098e+07  2.3542945e+14
 -4.9570320e+06]
2024-10-21 03:50:54,469 ERROR ===> [Warning] Loss info: {'particle_has_naninf': False, 'height_map_loss': 29.21612548828125, 'emd_loss': 28.250383377075195, 'total_loss': 29.21612548828125}
2024-10-21 03:50:54,470 INFO =====> Epoch: 97
2024-10-21 03:50:54,470 INFO =====> EMD Loss: nan
2024-10-21 03:50:54,470 INFO =====> Height map loss: nan
2024-10-21 03:50:54,470 INFO =====> Insertion loss: nan
2024-10-21 03:50:54,470 INFO =====> Grad: [1.e-06 1.e-06 1.e-06 1.e-06 1.e-06]
2024-10-21 03:50:54,470 INFO =====> Skill params: [ 0.88436615  0.35034516  0.83292085 -0.13504052 -0.0259319 ]
2024-10-21 03:50:54,470 INFO =====> Num. aborted data so far: 58
2024-10-21 03:50:54,851 INFO ===> New TaichiEnv created.
2024-10-21 03:50:54,851 INFO ===> Specifications: horizon = 600, dt = 0.01, n_substeps = 20, dt_sub = 0.0005
2024-10-21 03:51:18,168 ERROR ===> [Warning] Aborting epoch: 98
2024-10-21 03:51:18,168 ERROR ===> [Warning] Particle has nan or inf: False
2024-10-21 03:51:18,168 ERROR ===> [Warning] Strange loss or gradient.
2024-10-21 03:51:18,168 ERROR ===> [Warning] Skill params: [ 0.88436615  0.35034516  0.83292085 -0.13504052 -0.0259319 ]
2024-10-21 03:51:18,169 ERROR ===> [Warning] Skill params grad: [-2.5080512e+13  8.3826803e+14 -9.0712380e+06  3.0191033e+14
 -3.8908080e+06]
2024-10-21 03:51:18,169 ERROR ===> [Warning] Loss info: {'particle_has_naninf': False, 'height_map_loss': 29.217042922973633, 'emd_loss': 28.249879837036133, 'total_loss': 29.217042922973633}
2024-10-21 03:51:18,170 INFO =====> Epoch: 98
2024-10-21 03:51:18,170 INFO =====> EMD Loss: nan
2024-10-21 03:51:18,170 INFO =====> Height map loss: nan
2024-10-21 03:51:18,170 INFO =====> Insertion loss: nan
2024-10-21 03:51:18,170 INFO =====> Grad: [1.e-06 1.e-06 1.e-06 1.e-06 1.e-06]
2024-10-21 03:51:18,170 INFO =====> Skill params: [ 0.88436615  0.35034516  0.83292085 -0.13504052 -0.02593195]
2024-10-21 03:51:18,170 INFO =====> Num. aborted data so far: 59
2024-10-21 03:51:18,542 INFO ===> New TaichiEnv created.
2024-10-21 03:51:18,542 INFO ===> Specifications: horizon = 600, dt = 0.01, n_substeps = 20, dt_sub = 0.0005
2024-10-21 03:51:42,187 ERROR ===> [Warning] Aborting epoch: 99
2024-10-21 03:51:42,187 ERROR ===> [Warning] Particle has nan or inf: False
2024-10-21 03:51:42,187 ERROR ===> [Warning] Strange loss or gradient.
2024-10-21 03:51:42,187 ERROR ===> [Warning] Skill params: [ 0.88436615  0.35034516  0.83292085 -0.13504052 -0.02593195]
2024-10-21 03:51:42,187 ERROR ===> [Warning] Skill params grad: [ 3.8188102e+12 -1.2706158e+14 -6.2310655e+06 -4.5685412e+13
  1.5317981e+06]
2024-10-21 03:51:42,187 ERROR ===> [Warning] Loss info: {'particle_has_naninf': False, 'height_map_loss': 29.220500946044922, 'emd_loss': 28.250568389892578, 'total_loss': 29.220500946044922}
2024-10-21 03:51:42,188 INFO =====> Epoch: 99
2024-10-21 03:51:42,188 INFO =====> EMD Loss: nan
2024-10-21 03:51:42,188 INFO =====> Height map loss: nan
2024-10-21 03:51:42,188 INFO =====> Insertion loss: nan
2024-10-21 03:51:42,188 INFO =====> Grad: [1.e-06 1.e-06 1.e-06 1.e-06 1.e-06]
2024-10-21 03:51:42,188 INFO =====> Skill params: [ 0.88436615  0.35034516  0.83292085 -0.13504052 -0.025932  ]
2024-10-21 03:51:42,188 INFO =====> Num. aborted data so far: 60
2024-10-21 03:51:42,574 INFO ===> New TaichiEnv created.
2024-10-21 03:51:42,575 INFO ===> Specifications: horizon = 600, dt = 0.01, n_substeps = 20, dt_sub = 0.0005
2024-10-21 03:52:06,249 INFO =====> Epoch: 100
2024-10-21 03:52:06,249 INFO =====> EMD Loss: 28.248958587646484
2024-10-21 03:52:06,249 INFO =====> Height map loss: 29.213470458984375
2024-10-21 03:52:06,249 INFO =====> Insertion loss: 0.0
2024-10-21 03:52:06,249 INFO =====> Grad: [ 1.1236859e+07 -3.7382128e+08 -5.7056808e+00 -1.3532821e+08
  1.0235615e+00]
2024-10-21 03:52:06,249 INFO =====> Skill params: [ 0.82508564  0.4135895   0.8582062  -0.11094009 -0.06875252]
2024-10-21 03:52:06,249 INFO =====> Num. aborted data so far: 60
2024-10-21 03:52:06,615 INFO ===> New TaichiEnv created.
2024-10-21 03:52:06,615 INFO ===> Specifications: horizon = 600, dt = 0.01, n_substeps = 20, dt_sub = 0.0005
2024-10-21 03:52:30,691 INFO =====> Epoch: 101
2024-10-21 03:52:30,691 INFO =====> EMD Loss: 28.875686645507812
2024-10-21 03:52:30,691 INFO =====> Height map loss: 30.27840805053711
2024-10-21 03:52:30,691 INFO =====> Insertion loss: 0.0
2024-10-21 03:52:30,691 INFO =====> Grad: [ 5.501958e+04 -5.991178e+05  2.624704e-02 -8.205533e+05  1.811449e-02]
2024-10-21 03:52:30,691 INFO =====> Skill params: [ 0.8247797   0.41369635  0.8580836  -0.11078606 -0.06955127]
2024-10-21 03:52:30,691 INFO =====> Num. aborted data so far: 60
2024-10-21 03:52:31,076 INFO ===> New TaichiEnv created.
2024-10-21 03:52:31,077 INFO ===> Specifications: horizon = 600, dt = 0.01, n_substeps = 20, dt_sub = 0.0005
2024-10-21 03:52:54,656 INFO =====> Epoch: 102
2024-10-21 03:52:54,656 INFO =====> EMD Loss: 28.85047721862793
2024-10-21 03:52:54,656 INFO =====> Height map loss: 30.194793701171875
2024-10-21 03:52:54,656 INFO =====> Insertion loss: 0.0
2024-10-21 03:52:54,656 INFO =====> Grad: [ 5.8827590e+04 -5.6977375e+05 -4.1734539e-02 -7.8980025e+05
 -7.2616795e-03]
2024-10-21 03:52:54,656 INFO =====> Skill params: [ 0.8244349   0.41380346  0.8582891  -0.11062977 -0.06921376]
2024-10-21 03:52:54,656 INFO =====> Num. aborted data so far: 60
2024-10-21 03:52:55,028 INFO ===> New TaichiEnv created.
2024-10-21 03:52:55,028 INFO ===> Specifications: horizon = 600, dt = 0.01, n_substeps = 20, dt_sub = 0.0005
2024-10-21 03:53:18,833 INFO =====> Epoch: 103
2024-10-21 03:53:18,833 INFO =====> EMD Loss: 28.85321807861328
2024-10-21 03:53:18,833 INFO =====> Height map loss: 30.123046875
2024-10-21 03:53:18,834 INFO =====> Insertion loss: 0.0
2024-10-21 03:53:18,834 INFO =====> Grad: [ 2.2274241e+05 -8.9075944e+05  2.1053813e-02  4.5781419e+05
  1.6616015e-02]
2024-10-21 03:53:18,834 INFO =====> Skill params: [ 0.82305896  0.41397995  0.85817987 -0.11072526 -0.07002775]
2024-10-21 03:53:18,834 INFO =====> Num. aborted data so far: 60
2024-10-21 03:53:19,213 INFO ===> New TaichiEnv created.
2024-10-21 03:53:19,213 INFO ===> Specifications: horizon = 600, dt = 0.01, n_substeps = 20, dt_sub = 0.0005
2024-10-21 03:53:42,884 INFO =====> Epoch: 104
2024-10-21 03:53:42,884 INFO =====> EMD Loss: 29.024633407592773
2024-10-21 03:53:42,884 INFO =====> Height map loss: 30.40475082397461
2024-10-21 03:53:42,884 INFO =====> Insertion loss: 0.0
2024-10-21 03:53:42,884 INFO =====> Grad: [-7.1061203e+04  1.8991662e+05 -1.3905440e-02 -4.4142928e+05
  1.0677718e-03]
2024-10-21 03:53:42,884 INFO =====> Skill params: [ 0.8235217   0.41394028  0.8582559  -0.11062821 -0.0700829 ]
2024-10-21 03:53:42,884 INFO =====> Num. aborted data so far: 60
2024-10-21 03:53:43,250 INFO ===> New TaichiEnv created.
2024-10-21 03:53:43,250 INFO ===> Specifications: horizon = 600, dt = 0.01, n_substeps = 20, dt_sub = 0.0005
2024-10-21 03:54:07,032 INFO =====> Epoch: 105
2024-10-21 03:54:07,032 INFO =====> EMD Loss: 28.919189453125
2024-10-21 03:54:07,032 INFO =====> Height map loss: 30.27007484436035
2024-10-21 03:54:07,032 INFO =====> Insertion loss: 0.0
2024-10-21 03:54:07,032 INFO =====> Grad: [ 1.7146147e+05 -1.3769915e+06  4.6536583e-02 -1.8893204e+06
 -4.5516882e-02]
2024-10-21 03:54:07,032 INFO =====> Skill params: [ 0.8223451   0.41424343  0.8579875  -0.11019036 -0.06760722]
2024-10-21 03:54:07,032 INFO =====> Num. aborted data so far: 60
2024-10-21 03:54:07,396 INFO ===> New TaichiEnv created.
2024-10-21 03:54:07,396 INFO ===> Specifications: horizon = 600, dt = 0.01, n_substeps = 20, dt_sub = 0.0005
2024-10-21 03:54:31,144 INFO =====> Epoch: 106
2024-10-21 03:54:31,144 INFO =====> EMD Loss: 29.05597686767578
2024-10-21 03:54:31,144 INFO =====> Height map loss: 30.35309410095215
2024-10-21 03:54:31,144 INFO =====> Insertion loss: 0.0
2024-10-21 03:54:31,144 INFO =====> Grad: [-4.1903378e+05  4.8005840e+06 -3.9773911e-02  5.8655260e+06
  1.6512652e-01]
2024-10-21 03:54:31,144 INFO =====> Skill params: [ 0.82537264  0.4131295   0.8582293  -0.11162285 -0.07697001]
2024-10-21 03:54:31,144 INFO =====> Num. aborted data so far: 60
2024-10-21 03:54:31,533 INFO ===> New TaichiEnv created.
2024-10-21 03:54:31,533 INFO ===> Specifications: horizon = 600, dt = 0.01, n_substeps = 20, dt_sub = 0.0005
2024-10-21 03:54:55,351 ERROR ===> [Warning] Aborting epoch: 107
2024-10-21 03:54:55,351 ERROR ===> [Warning] Particle has nan or inf: False
2024-10-21 03:54:55,351 ERROR ===> [Warning] Strange loss or gradient.
2024-10-21 03:54:55,351 ERROR ===> [Warning] Skill params: [ 0.82537264  0.4131295   0.8582293  -0.11162285 -0.07697001]
2024-10-21 03:54:55,351 ERROR ===> [Warning] Skill params grad: [ 6.1293847e+10 -1.1174217e+12  8.7286562e+04 -9.4165428e+11
 -2.5399764e+04]
2024-10-21 03:54:55,351 ERROR ===> [Warning] Loss info: {'particle_has_naninf': False, 'height_map_loss': 30.18315887451172, 'emd_loss': 28.862804412841797, 'total_loss': 30.18315887451172}
2024-10-21 03:54:55,352 INFO =====> Epoch: 107
2024-10-21 03:54:55,352 INFO =====> EMD Loss: nan
2024-10-21 03:54:55,352 INFO =====> Height map loss: nan
2024-10-21 03:54:55,352 INFO =====> Insertion loss: nan
2024-10-21 03:54:55,352 INFO =====> Grad: [1.e-06 1.e-06 1.e-06 1.e-06 1.e-06]
2024-10-21 03:54:55,352 INFO =====> Skill params: [ 0.82537264  0.4131295   0.8582293  -0.11162285 -0.07697007]
2024-10-21 03:54:55,352 INFO =====> Num. aborted data so far: 61
2024-10-21 03:54:55,762 INFO ===> New TaichiEnv created.
2024-10-21 03:54:55,762 INFO ===> Specifications: horizon = 600, dt = 0.01, n_substeps = 20, dt_sub = 0.0005
2024-10-21 03:55:19,890 INFO =====> Epoch: 108
2024-10-21 03:55:19,890 INFO =====> EMD Loss: 28.850872039794922
2024-10-21 03:55:19,890 INFO =====> Height map loss: 30.1612548828125
2024-10-21 03:55:19,890 INFO =====> Insertion loss: 0.0
2024-10-21 03:55:19,890 INFO =====> Grad: [ 6.3501812e+04 -6.9327273e+04 -3.2965116e-02  1.0875720e+06
  2.6843412e-02]
2024-10-21 03:55:19,891 INFO =====> Skill params: [ 0.8248629   0.4131474   0.85845196 -0.11191797 -0.07866062]
2024-10-21 03:55:19,891 INFO =====> Num. aborted data so far: 61
2024-10-21 03:55:20,261 INFO ===> New TaichiEnv created.
2024-10-21 03:55:20,261 INFO ===> Specifications: horizon = 600, dt = 0.01, n_substeps = 20, dt_sub = 0.0005
2024-10-21 03:55:44,389 INFO =====> Epoch: 109
2024-10-21 03:55:44,390 INFO =====> EMD Loss: 28.86186408996582
2024-10-21 03:55:44,390 INFO =====> Height map loss: 30.17150115966797
2024-10-21 03:55:44,390 INFO =====> Insertion loss: 0.0
2024-10-21 03:55:44,390 INFO =====> Grad: [-1.5580317e+05  2.4608180e+06 -2.5341761e-01  3.9591348e+06
  3.0844068e-02]
2024-10-21 03:55:44,390 INFO =====> Skill params: [ 0.826181    0.41247866  0.8602555  -0.11305022 -0.08070713]
2024-10-21 03:55:44,390 INFO =====> Num. aborted data so far: 61
2024-10-21 03:55:44,751 INFO ===> New TaichiEnv created.
2024-10-21 03:55:44,751 INFO ===> Specifications: horizon = 600, dt = 0.01, n_substeps = 20, dt_sub = 0.0005
2024-10-21 03:56:08,224 INFO =====> Epoch: 110
2024-10-21 03:56:08,224 INFO =====> EMD Loss: 28.922340393066406
2024-10-21 03:56:08,224 INFO =====> Height map loss: 30.26982879638672
2024-10-21 03:56:08,224 INFO =====> Insertion loss: 0.0
2024-10-21 03:56:08,224 INFO =====> Grad: [-5.7818270e+04  8.2306669e+05 -8.4569298e-02  1.8635355e+06
 -6.6977292e-02]
2024-10-21 03:56:08,224 INFO =====> Skill params: [ 0.8266966   0.4122429   0.86088985 -0.11361197 -0.07603559]
2024-10-21 03:56:08,224 INFO =====> Num. aborted data so far: 61
2024-10-21 03:56:08,602 INFO ===> New TaichiEnv created.
2024-10-21 03:56:08,602 INFO ===> Specifications: horizon = 600, dt = 0.01, n_substeps = 20, dt_sub = 0.0005
2024-10-21 03:56:32,035 ERROR ===> [Warning] Aborting epoch: 111
2024-10-21 03:56:32,035 ERROR ===> [Warning] Particle has nan or inf: False
2024-10-21 03:56:32,035 ERROR ===> [Warning] Strange loss or gradient.
2024-10-21 03:56:32,035 ERROR ===> [Warning] Skill params: [ 0.8266966   0.4122429   0.86088985 -0.11361197 -0.07603559]
2024-10-21 03:56:32,035 ERROR ===> [Warning] Skill params grad: [ 4.5413816e+09 -5.5330931e+10  4.3172988e+03 -3.1373240e+10
  1.1471962e+03]
2024-10-21 03:56:32,035 ERROR ===> [Warning] Loss info: {'particle_has_naninf': False, 'height_map_loss': 30.32262420654297, 'emd_loss': 29.01326560974121, 'total_loss': 30.32262420654297}
2024-10-21 03:56:32,036 INFO =====> Epoch: 111
2024-10-21 03:56:32,036 INFO =====> EMD Loss: nan
2024-10-21 03:56:32,036 INFO =====> Height map loss: nan
2024-10-21 03:56:32,036 INFO =====> Insertion loss: nan
2024-10-21 03:56:32,036 INFO =====> Grad: [1.e-06 1.e-06 1.e-06 1.e-06 1.e-06]
2024-10-21 03:56:32,036 INFO =====> Skill params: [ 0.8266966   0.4122429   0.86088985 -0.11361197 -0.07603566]
2024-10-21 03:56:32,036 INFO =====> Num. aborted data so far: 62
2024-10-21 03:56:32,399 INFO ===> New TaichiEnv created.
2024-10-21 03:56:32,399 INFO ===> Specifications: horizon = 600, dt = 0.01, n_substeps = 20, dt_sub = 0.0005
2024-10-21 03:56:56,378 ERROR ===> [Warning] Aborting epoch: 112
2024-10-21 03:56:56,378 ERROR ===> [Warning] Particle has nan or inf: False
2024-10-21 03:56:56,378 ERROR ===> [Warning] Strange loss or gradient.
2024-10-21 03:56:56,378 ERROR ===> [Warning] Skill params: [ 0.8266966   0.4122429   0.86088985 -0.11361197 -0.07603566]
2024-10-21 03:56:56,378 ERROR ===> [Warning] Skill params grad: [ 1.2114885e+12 -1.5101988e+13  7.4185612e+05 -8.7669809e+12
  5.1150250e+05]
2024-10-21 03:56:56,378 ERROR ===> [Warning] Loss info: {'particle_has_naninf': False, 'height_map_loss': 30.32466697692871, 'emd_loss': 28.997882843017578, 'total_loss': 30.32466697692871}
2024-10-21 03:56:56,379 INFO =====> Epoch: 112
2024-10-21 03:56:56,379 INFO =====> EMD Loss: nan
2024-10-21 03:56:56,379 INFO =====> Height map loss: nan
2024-10-21 03:56:56,379 INFO =====> Insertion loss: nan
2024-10-21 03:56:56,380 INFO =====> Grad: [1.e-06 1.e-06 1.e-06 1.e-06 1.e-06]
2024-10-21 03:56:56,380 INFO =====> Skill params: [ 0.8266966   0.4122429   0.86088985 -0.11361197 -0.07603574]
2024-10-21 03:56:56,380 INFO =====> Num. aborted data so far: 63
2024-10-21 03:56:56,762 INFO ===> New TaichiEnv created.
2024-10-21 03:56:56,762 INFO ===> Specifications: horizon = 600, dt = 0.01, n_substeps = 20, dt_sub = 0.0005
2024-10-21 03:57:20,241 ERROR ===> [Warning] Aborting epoch: 113
2024-10-21 03:57:20,241 ERROR ===> [Warning] Particle has nan or inf: False
2024-10-21 03:57:20,241 ERROR ===> [Warning] Strange loss or gradient.
2024-10-21 03:57:20,241 ERROR ===> [Warning] Skill params: [ 0.8266966   0.4122429   0.86088985 -0.11361197 -0.07603574]
2024-10-21 03:57:20,241 ERROR ===> [Warning] Skill params grad: [ 1.9042333e+09 -2.3206961e+10  4.5142273e+01 -1.3161203e+10
  5.3027179e+02]
2024-10-21 03:57:20,241 ERROR ===> [Warning] Loss info: {'particle_has_naninf': False, 'height_map_loss': 30.307476043701172, 'emd_loss': 29.0142765045166, 'total_loss': 30.307476043701172}
2024-10-21 03:57:20,242 INFO =====> Epoch: 113
2024-10-21 03:57:20,242 INFO =====> EMD Loss: nan
2024-10-21 03:57:20,243 INFO =====> Height map loss: nan
2024-10-21 03:57:20,243 INFO =====> Insertion loss: nan
2024-10-21 03:57:20,243 INFO =====> Grad: [1.e-06 1.e-06 1.e-06 1.e-06 1.e-06]
2024-10-21 03:57:20,243 INFO =====> Skill params: [ 0.8266966   0.4122429   0.86088985 -0.11361197 -0.07603582]
2024-10-21 03:57:20,243 INFO =====> Num. aborted data so far: 64
2024-10-21 03:57:20,613 INFO ===> New TaichiEnv created.
2024-10-21 03:57:20,613 INFO ===> Specifications: horizon = 600, dt = 0.01, n_substeps = 20, dt_sub = 0.0005
2024-10-21 03:57:44,037 ERROR ===> [Warning] Aborting epoch: 114
2024-10-21 03:57:44,037 ERROR ===> [Warning] Particle has nan or inf: False
2024-10-21 03:57:44,037 ERROR ===> [Warning] Strange loss or gradient.
2024-10-21 03:57:44,037 ERROR ===> [Warning] Skill params: [ 0.8266966   0.4122429   0.86088985 -0.11361197 -0.07603582]
2024-10-21 03:57:44,037 ERROR ===> [Warning] Skill params grad: [-4.2038833e+09  5.3131653e+10 -4.8953125e+02  3.1259034e+10
  1.2382808e+02]
2024-10-21 03:57:44,037 ERROR ===> [Warning] Loss info: {'particle_has_naninf': False, 'height_map_loss': 30.338096618652344, 'emd_loss': 29.01857566833496, 'total_loss': 30.338096618652344}
2024-10-21 03:57:44,038 INFO =====> Epoch: 114
2024-10-21 03:57:44,038 INFO =====> EMD Loss: nan
2024-10-21 03:57:44,038 INFO =====> Height map loss: nan
2024-10-21 03:57:44,038 INFO =====> Insertion loss: nan
2024-10-21 03:57:44,038 INFO =====> Grad: [1.e-06 1.e-06 1.e-06 1.e-06 1.e-06]
2024-10-21 03:57:44,038 INFO =====> Skill params: [ 0.8266966   0.4122429   0.86088985 -0.11361197 -0.07603591]
2024-10-21 03:57:44,038 INFO =====> Num. aborted data so far: 65
2024-10-21 03:57:44,397 INFO ===> New TaichiEnv created.
2024-10-21 03:57:44,398 INFO ===> Specifications: horizon = 600, dt = 0.01, n_substeps = 20, dt_sub = 0.0005
2024-10-21 03:58:07,866 ERROR ===> [Warning] Aborting epoch: 115
2024-10-21 03:58:07,866 ERROR ===> [Warning] Particle has nan or inf: False
2024-10-21 03:58:07,866 ERROR ===> [Warning] Strange loss or gradient.
2024-10-21 03:58:07,866 ERROR ===> [Warning] Skill params: [ 0.8266966   0.4122429   0.86088985 -0.11361197 -0.07603591]
2024-10-21 03:58:07,866 ERROR ===> [Warning] Skill params grad: [-1.0187908e+09  1.2868621e+10 -5.1875476e+02  7.5622784e+09
 -1.6569654e+01]
2024-10-21 03:58:07,866 ERROR ===> [Warning] Loss info: {'particle_has_naninf': False, 'height_map_loss': 30.328718185424805, 'emd_loss': 29.01633644104004, 'total_loss': 30.328718185424805}
2024-10-21 03:58:07,867 INFO =====> Epoch: 115
2024-10-21 03:58:07,867 INFO =====> EMD Loss: nan
2024-10-21 03:58:07,867 INFO =====> Height map loss: nan
2024-10-21 03:58:07,867 INFO =====> Insertion loss: nan
2024-10-21 03:58:07,867 INFO =====> Grad: [1.e-06 1.e-06 1.e-06 1.e-06 1.e-06]
2024-10-21 03:58:07,867 INFO =====> Skill params: [ 0.8266966   0.4122429   0.86088985 -0.11361197 -0.076036  ]
2024-10-21 03:58:07,867 INFO =====> Num. aborted data so far: 66
2024-10-21 03:58:08,225 INFO ===> New TaichiEnv created.
2024-10-21 03:58:08,225 INFO ===> Specifications: horizon = 600, dt = 0.01, n_substeps = 20, dt_sub = 0.0005
2024-10-21 03:58:31,900 ERROR ===> [Warning] Aborting epoch: 116
2024-10-21 03:58:31,900 ERROR ===> [Warning] Particle has nan or inf: False
2024-10-21 03:58:31,900 ERROR ===> [Warning] Strange loss or gradient.
2024-10-21 03:58:31,900 ERROR ===> [Warning] Skill params: [ 0.8266966   0.4122429   0.86088985 -0.11361197 -0.076036  ]
2024-10-21 03:58:31,900 ERROR ===> [Warning] Skill params grad: [ 1.5858553e+10 -2.0032519e+11  9.9989844e+03 -1.1777419e+11
  3.0364797e+03]
2024-10-21 03:58:31,900 ERROR ===> [Warning] Loss info: {'particle_has_naninf': False, 'height_map_loss': 30.334993362426758, 'emd_loss': 29.015972137451172, 'total_loss': 30.334993362426758}
2024-10-21 03:58:31,901 INFO =====> Epoch: 116
2024-10-21 03:58:31,901 INFO =====> EMD Loss: nan
2024-10-21 03:58:31,902 INFO =====> Height map loss: nan
2024-10-21 03:58:31,902 INFO =====> Insertion loss: nan
2024-10-21 03:58:31,902 INFO =====> Grad: [1.e-06 1.e-06 1.e-06 1.e-06 1.e-06]
2024-10-21 03:58:31,902 INFO =====> Skill params: [ 0.8266966   0.4122429   0.86088985 -0.11361197 -0.0760361 ]
2024-10-21 03:58:31,902 INFO =====> Num. aborted data so far: 67
2024-10-21 03:58:32,268 INFO ===> New TaichiEnv created.
2024-10-21 03:58:32,268 INFO ===> Specifications: horizon = 600, dt = 0.01, n_substeps = 20, dt_sub = 0.0005
2024-10-21 03:58:55,923 ERROR ===> [Warning] Aborting epoch: 117
2024-10-21 03:58:55,923 ERROR ===> [Warning] Particle has nan or inf: False
2024-10-21 03:58:55,923 ERROR ===> [Warning] Strange loss or gradient.
2024-10-21 03:58:55,923 ERROR ===> [Warning] Skill params: [ 0.8266966   0.4122429   0.86088985 -0.11361197 -0.0760361 ]
2024-10-21 03:58:55,923 ERROR ===> [Warning] Skill params grad: [ 2.7892150e+09 -5.3449372e+10  3.7422710e+03 -4.1530331e+10
  1.0881918e+03]
2024-10-21 03:58:55,923 ERROR ===> [Warning] Loss info: {'particle_has_naninf': False, 'height_map_loss': 30.32527732849121, 'emd_loss': 29.005739212036133, 'total_loss': 30.32527732849121}
2024-10-21 03:58:55,924 INFO =====> Epoch: 117
2024-10-21 03:58:55,924 INFO =====> EMD Loss: nan
2024-10-21 03:58:55,924 INFO =====> Height map loss: nan
2024-10-21 03:58:55,924 INFO =====> Insertion loss: nan
2024-10-21 03:58:55,924 INFO =====> Grad: [1.e-06 1.e-06 1.e-06 1.e-06 1.e-06]
2024-10-21 03:58:55,924 INFO =====> Skill params: [ 0.8266966   0.4122429   0.86088985 -0.11361197 -0.0760362 ]
2024-10-21 03:58:55,924 INFO =====> Num. aborted data so far: 68
2024-10-21 03:58:56,334 INFO ===> New TaichiEnv created.
2024-10-21 03:58:56,334 INFO ===> Specifications: horizon = 600, dt = 0.01, n_substeps = 20, dt_sub = 0.0005
2024-10-21 03:59:19,679 INFO =====> Epoch: 118
2024-10-21 03:59:19,680 INFO =====> EMD Loss: 29.0211238861084
2024-10-21 03:59:19,680 INFO =====> Height map loss: 30.323394775390625
2024-10-21 03:59:19,680 INFO =====> Insertion loss: 0.0
2024-10-21 03:59:19,680 INFO =====> Grad: [ 2.1550060e+06 -3.9722896e+07 -2.2961688e-01 -3.0392210e+07
  5.2960038e-01]
2024-10-21 03:59:19,680 INFO =====> Skill params: [ 0.80011886  0.42896807  0.8635129  -0.09997669 -0.1180885 ]
2024-10-21 03:59:19,680 INFO =====> Num. aborted data so far: 68
2024-10-21 03:59:20,112 INFO ===> New TaichiEnv created.
2024-10-21 03:59:20,112 INFO ===> Specifications: horizon = 600, dt = 0.01, n_substeps = 20, dt_sub = 0.0005
2024-10-21 03:59:43,792 INFO =====> Epoch: 119
2024-10-21 03:59:43,792 INFO =====> EMD Loss: 28.814908981323242
2024-10-21 03:59:43,792 INFO =====> Height map loss: 30.448566436767578
2024-10-21 03:59:43,792 INFO =====> Insertion loss: 0.0
2024-10-21 03:59:43,792 INFO =====> Grad: [-6.8788523e+04  3.0428141e+05 -1.0962012e-03 -2.8738352e+04
  3.5332346e-03]
2024-10-21 03:59:43,792 INFO =====> Skill params: [ 0.80101305  0.42883304  0.86352605 -0.0999631  -0.11838423]
2024-10-21 03:59:43,792 INFO =====> Num. aborted data so far: 68
2024-10-21 03:59:44,155 INFO ===> New TaichiEnv created.
2024-10-21 03:59:44,155 INFO ===> Specifications: horizon = 600, dt = 0.01, n_substeps = 20, dt_sub = 0.0005
2024-10-21 04:00:07,842 INFO =====> Epoch: 120
2024-10-21 04:00:07,842 INFO =====> EMD Loss: 28.743061065673828
2024-10-21 04:00:07,842 INFO =====> Height map loss: 30.40878677368164
2024-10-21 04:00:07,842 INFO =====> Insertion loss: 0.0
2024-10-21 04:00:07,842 INFO =====> Grad: [-9.7433414e+04  4.2490228e+05 -4.3098102e-03  7.4150874e+03
  2.9462699e-05]
2024-10-21 04:00:07,842 INFO =====> Skill params: [ 0.8023478   0.42863426  0.86358076 -0.09996679 -0.11838683]
2024-10-21 04:00:07,842 INFO =====> Num. aborted data so far: 68
2024-10-21 04:00:08,204 INFO ===> New TaichiEnv created.
2024-10-21 04:00:08,204 INFO ===> Specifications: horizon = 600, dt = 0.01, n_substeps = 20, dt_sub = 0.0005
2024-10-21 04:00:32,324 INFO =====> Epoch: 121
2024-10-21 04:00:32,325 INFO =====> EMD Loss: 28.758413314819336
2024-10-21 04:00:32,325 INFO =====> Height map loss: 30.369747161865234
2024-10-21 04:00:32,325 INFO =====> Insertion loss: 0.0
2024-10-21 04:00:32,325 INFO =====> Grad: [ 4.6055957e+04 -2.1807080e+05 -9.0908165e-05  1.7293020e+04
  1.9370838e-03]
2024-10-21 04:00:32,325 INFO =====> Skill params: [ 0.8016828   0.42874178  0.86358196 -0.09997588 -0.11856697]
2024-10-21 04:00:32,325 INFO =====> Num. aborted data so far: 68
2024-10-21 04:00:32,704 INFO ===> New TaichiEnv created.
2024-10-21 04:00:32,704 INFO ===> Specifications: horizon = 600, dt = 0.01, n_substeps = 20, dt_sub = 0.0005
2024-10-21 04:00:56,512 INFO =====> Epoch: 122
2024-10-21 04:00:56,512 INFO =====> EMD Loss: 28.752050399780273
2024-10-21 04:00:56,512 INFO =====> Height map loss: 30.338319778442383
2024-10-21 04:00:56,512 INFO =====> Insertion loss: 0.0
2024-10-21 04:00:56,512 INFO =====> Grad: [ 1.5267881e+05 -1.1660891e+06  1.6195072e-01 -8.0964900e+05
 -6.3473515e-02]
2024-10-21 04:00:56,512 INFO =====> Skill params: [ 0.7993605   0.4293479   0.86129946 -0.09952745 -0.11237469]
2024-10-21 04:00:56,512 INFO =====> Num. aborted data so far: 68
2024-10-21 04:00:56,947 INFO ===> New TaichiEnv created.
2024-10-21 04:00:56,947 INFO ===> Specifications: horizon = 600, dt = 0.01, n_substeps = 20, dt_sub = 0.0005
2024-10-21 04:01:20,738 INFO =====> Epoch: 123
2024-10-21 04:01:20,739 INFO =====> EMD Loss: 28.79287338256836
2024-10-21 04:01:20,739 INFO =====> Height map loss: 30.552780151367188
2024-10-21 04:01:20,739 INFO =====> Insertion loss: 0.0
2024-10-21 04:01:20,739 INFO =====> Grad: [-3.2648931e+05  2.3911812e+06  5.8194019e-02  3.5860580e+06
  1.4104787e-01]
2024-10-21 04:01:20,739 INFO =====> Skill params: [ 0.8045772   0.42803806  0.860435   -0.10161994 -0.1265122 ]
2024-10-21 04:01:20,739 INFO =====> Num. aborted data so far: 68
2024-10-21 04:01:21,133 INFO ===> New TaichiEnv created.
2024-10-21 04:01:21,133 INFO ===> Specifications: horizon = 600, dt = 0.01, n_substeps = 20, dt_sub = 0.0005
2024-10-21 04:01:44,725 INFO =====> Epoch: 124
2024-10-21 04:01:44,725 INFO =====> EMD Loss: 28.508865356445312
2024-10-21 04:01:44,725 INFO =====> Height map loss: 30.210407257080078
2024-10-21 04:01:44,725 INFO =====> Insertion loss: 0.0
2024-10-21 04:01:44,725 INFO =====> Grad: [-4.0165074e+04  9.7086023e+04 -2.5072224e-03 -3.2981250e+05
 -6.0623459e-04]
2024-10-21 04:01:44,725 INFO =====> Skill params: [ 0.8052536   0.427982    0.8604743  -0.10141709 -0.12644815]
2024-10-21 04:01:44,725 INFO =====> Num. aborted data so far: 68
2024-10-21 04:01:45,123 INFO ===> New TaichiEnv created.
2024-10-21 04:01:45,123 INFO ===> Specifications: horizon = 600, dt = 0.01, n_substeps = 20, dt_sub = 0.0005
2024-10-21 04:02:09,232 ERROR ===> [Warning] Aborting epoch: 125
2024-10-21 04:02:09,232 ERROR ===> [Warning] Particle has nan or inf: False
2024-10-21 04:02:09,232 ERROR ===> [Warning] Strange loss or gradient.
2024-10-21 04:02:09,232 ERROR ===> [Warning] Skill params: [ 0.8052536   0.427982    0.8604743  -0.10141709 -0.12644815]
2024-10-21 04:02:09,232 ERROR ===> [Warning] Skill params grad: [ 8.0804112e+11 -7.9829402e+12  7.1767950e+05 -1.6259576e+13
 -1.7923608e+05]
2024-10-21 04:02:09,232 ERROR ===> [Warning] Loss info: {'particle_has_naninf': False, 'height_map_loss': 30.196168899536133, 'emd_loss': 28.539047241210938, 'total_loss': 30.196168899536133}
2024-10-21 04:02:09,233 INFO =====> Epoch: 125
2024-10-21 04:02:09,233 INFO =====> EMD Loss: nan
2024-10-21 04:02:09,233 INFO =====> Height map loss: nan
2024-10-21 04:02:09,233 INFO =====> Insertion loss: nan
2024-10-21 04:02:09,233 INFO =====> Grad: [1.e-06 1.e-06 1.e-06 1.e-06 1.e-06]
2024-10-21 04:02:09,233 INFO =====> Skill params: [ 0.8052536   0.427982    0.8604743  -0.10141709 -0.12644826]
2024-10-21 04:02:09,233 INFO =====> Num. aborted data so far: 69
2024-10-21 04:02:09,652 INFO ===> New TaichiEnv created.
2024-10-21 04:02:09,652 INFO ===> Specifications: horizon = 600, dt = 0.01, n_substeps = 20, dt_sub = 0.0005
2024-10-21 04:02:33,276 INFO =====> Epoch: 126
2024-10-21 04:02:33,277 INFO =====> EMD Loss: 28.529821395874023
2024-10-21 04:02:33,277 INFO =====> Height map loss: 30.191387176513672
2024-10-21 04:02:33,277 INFO =====> Insertion loss: 0.0
2024-10-21 04:02:33,277 INFO =====> Grad: [ 3.2488992e+08 -3.1746112e+09  3.7062778e+02 -6.3937920e+09
 -2.5557097e+02]
2024-10-21 04:02:33,277 INFO =====> Skill params: [ 0.7420115   0.49119708  0.7972318  -0.03817816 -0.06320285]
2024-10-21 04:02:33,277 INFO =====> Num. aborted data so far: 69
2024-10-21 04:02:33,648 INFO ===> New TaichiEnv created.
2024-10-21 04:02:33,648 INFO ===> Specifications: horizon = 600, dt = 0.01, n_substeps = 20, dt_sub = 0.0005
2024-10-21 04:02:58,824 INFO =====> Epoch: 127
2024-10-21 04:02:58,824 INFO =====> EMD Loss: 30.207117080688477
2024-10-21 04:02:58,824 INFO =====> Height map loss: 32.846744537353516
2024-10-21 04:02:58,824 INFO =====> Insertion loss: 0.0
2024-10-21 04:02:58,824 INFO =====> Grad: [ 6.1350202e+08 -2.4339735e+09  1.7177785e+02 -3.1379389e+09
  4.3048981e+01]
2024-10-21 04:02:58,824 INFO =====> Skill params: [ 0.6854977   0.53093934  0.7694704  -0.00912033 -0.07425939]
2024-10-21 04:02:58,824 INFO =====> Num. aborted data so far: 69
2024-10-21 04:02:59,209 INFO ===> New TaichiEnv created.
2024-10-21 04:02:59,209 INFO ===> Specifications: horizon = 600, dt = 0.01, n_substeps = 20, dt_sub = 0.0005
2024-10-21 04:03:24,996 INFO =====> Epoch: 128
2024-10-21 04:03:24,997 INFO =====> EMD Loss: 31.027151107788086
2024-10-21 04:03:24,997 INFO =====> Height map loss: 33.83224105834961
2024-10-21 04:03:24,997 INFO =====> Insertion loss: 0.0
2024-10-21 04:03:24,997 INFO =====> Grad: [ 1.3938495e+05 -3.3747050e+05  2.9540809e-03  6.7523867e+04
  1.2930111e-05]
2024-10-21 04:03:24,997 INFO =====> Skill params: [ 0.6854842   0.5309451   0.7694699  -0.00912099 -0.07425939]
2024-10-21 04:03:24,997 INFO =====> Num. aborted data so far: 69
2024-10-21 04:03:25,363 INFO ===> New TaichiEnv created.
2024-10-21 04:03:25,363 INFO ===> Specifications: horizon = 600, dt = 0.01, n_substeps = 20, dt_sub = 0.0005
2024-10-21 04:03:51,734 INFO =====> Epoch: 129
2024-10-21 04:03:51,734 INFO =====> EMD Loss: 31.011714935302734
2024-10-21 04:03:51,734 INFO =====> Height map loss: 33.841224670410156
2024-10-21 04:03:51,734 INFO =====> Insertion loss: 0.0
2024-10-21 04:03:51,734 INFO =====> Grad: [ 7.8084766e+04 -1.9014773e+05 -1.0934151e-03 -3.8097160e+04
 -8.7294729e-06]
2024-10-21 04:03:51,734 INFO =====> Skill params: [ 0.6854762   0.5309486   0.7694701  -0.0091206  -0.07425939]
2024-10-21 04:03:51,734 INFO =====> Num. aborted data so far: 69
2024-10-21 04:03:52,147 INFO ===> New TaichiEnv created.
2024-10-21 04:03:52,148 INFO ===> Specifications: horizon = 600, dt = 0.01, n_substeps = 20, dt_sub = 0.0005
2024-10-21 04:04:18,578 INFO =====> Epoch: 130
2024-10-21 04:04:18,578 INFO =====> EMD Loss: 31.02340316772461
2024-10-21 04:04:18,578 INFO =====> Height map loss: 33.83253860473633
2024-10-21 04:04:18,578 INFO =====> Insertion loss: 0.0
2024-10-21 04:04:18,578 INFO =====> Grad: [ 8.4090836e+04 -2.0240297e+05  1.1056982e-03  3.5533703e+04
  9.9855370e-04]
2024-10-21 04:04:18,578 INFO =====> Skill params: [ 0.6854671   0.53095245  0.76946986 -0.00912098 -0.07425969]
2024-10-21 04:04:18,578 INFO =====> Num. aborted data so far: 69
2024-10-21 04:04:18,962 INFO ===> New TaichiEnv created.
2024-10-21 04:04:18,963 INFO ===> Specifications: horizon = 600, dt = 0.01, n_substeps = 20, dt_sub = 0.0005
2024-10-21 04:04:44,987 INFO =====> Epoch: 131
2024-10-21 04:04:44,988 INFO =====> EMD Loss: 31.010774612426758
2024-10-21 04:04:44,988 INFO =====> Height map loss: 33.81380844116211
2024-10-21 04:04:44,988 INFO =====> Insertion loss: 0.0
2024-10-21 04:04:44,988 INFO =====> Grad: [-2.4164371e+04  5.6181957e+04 -1.1134050e-03 -1.2803823e+04
  3.6467910e-03]
2024-10-21 04:04:44,988 INFO =====> Skill params: [ 0.68546987  0.5309513   0.7694701  -0.00912084 -0.07426085]
2024-10-21 04:04:44,988 INFO =====> Num. aborted data so far: 69
2024-10-21 04:04:45,348 INFO ===> New TaichiEnv created.
2024-10-21 04:04:45,348 INFO ===> Specifications: horizon = 600, dt = 0.01, n_substeps = 20, dt_sub = 0.0005
2024-10-21 04:05:11,267 INFO =====> Epoch: 132
2024-10-21 04:05:11,267 INFO =====> EMD Loss: 31.030611038208008
2024-10-21 04:05:11,267 INFO =====> Height map loss: 33.841312408447266
2024-10-21 04:05:11,267 INFO =====> Insertion loss: 0.0
2024-10-21 04:05:11,267 INFO =====> Grad: [-9.8726164e+04  2.4050845e+05 -3.2128370e-04 -1.7068076e+04
  3.7556447e-03]
2024-10-21 04:05:11,267 INFO =====> Skill params: [ 0.6854817   0.5309462   0.76947016 -0.00912063 -0.0742621 ]
2024-10-21 04:05:11,267 INFO =====> Num. aborted data so far: 69
2024-10-21 04:05:11,648 INFO ===> New TaichiEnv created.
2024-10-21 04:05:11,648 INFO ===> Specifications: horizon = 600, dt = 0.01, n_substeps = 20, dt_sub = 0.0005
2024-10-21 04:05:37,673 INFO =====> Epoch: 133
2024-10-21 04:05:37,673 INFO =====> EMD Loss: 31.01527976989746
2024-10-21 04:05:37,673 INFO =====> Height map loss: 33.83054733276367
2024-10-21 04:05:37,673 INFO =====> Insertion loss: 0.0
2024-10-21 04:05:37,673 INFO =====> Grad: [-4.5116925e+05  1.0878404e+06 -4.1833571e-03 -3.5955556e+05
  2.8024310e-02]
2024-10-21 04:05:37,673 INFO =====> Skill params: [ 0.6855387   0.5309218   0.7694711  -0.00911607 -0.07427197]
2024-10-21 04:05:37,673 INFO =====> Num. aborted data so far: 69
2024-10-21 04:05:38,075 INFO ===> New TaichiEnv created.
2024-10-21 04:05:38,075 INFO ===> Specifications: horizon = 600, dt = 0.01, n_substeps = 20, dt_sub = 0.0005
2024-10-21 04:06:04,044 INFO =====> Epoch: 134
2024-10-21 04:06:04,044 INFO =====> EMD Loss: 31.028854370117188
2024-10-21 04:06:04,044 INFO =====> Height map loss: 33.82672119140625
2024-10-21 04:06:04,044 INFO =====> Insertion loss: 0.0
2024-10-21 04:06:04,044 INFO =====> Grad: [ 5.2585840e+04 -1.2604366e+05  7.7975361e-05  2.0085783e+04
  1.4518809e-03]
2024-10-21 04:06:04,044 INFO =====> Skill params: [ 0.6855317   0.5309248   0.7694711  -0.00911633 -0.07427251]
2024-10-21 04:06:04,044 INFO =====> Num. aborted data so far: 69
2024-10-21 04:06:04,415 INFO ===> New TaichiEnv created.
2024-10-21 04:06:04,416 INFO ===> Specifications: horizon = 600, dt = 0.01, n_substeps = 20, dt_sub = 0.0005
2024-10-21 04:06:30,710 INFO =====> Epoch: 135
2024-10-21 04:06:30,710 INFO =====> EMD Loss: 31.024015426635742
2024-10-21 04:06:30,710 INFO =====> Height map loss: 33.82368087768555
2024-10-21 04:06:30,710 INFO =====> Insertion loss: 0.0
2024-10-21 04:06:30,710 INFO =====> Grad: [-1.3490616e+05  3.3398347e+05  7.7113835e-04  2.3385905e+05
  1.0920366e-02]
2024-10-21 04:06:30,710 INFO =====> Skill params: [ 0.68555063  0.5309165   0.76947093 -0.00911964 -0.07427678]
2024-10-21 04:06:30,710 INFO =====> Num. aborted data so far: 69
2024-10-21 04:06:31,098 INFO ===> New TaichiEnv created.
2024-10-21 04:06:31,099 INFO ===> Specifications: horizon = 600, dt = 0.01, n_substeps = 20, dt_sub = 0.0005
2024-10-21 04:06:56,865 INFO =====> Epoch: 136
2024-10-21 04:06:56,865 INFO =====> EMD Loss: 31.045835494995117
2024-10-21 04:06:56,865 INFO =====> Height map loss: 33.83707046508789
2024-10-21 04:06:56,865 INFO =====> Insertion loss: 0.0
2024-10-21 04:06:56,865 INFO =====> Grad: [ 3.5513074e+04 -7.8138094e+04  4.3777336e-04 -2.1248049e+04
 -1.8693246e-03]
2024-10-21 04:06:56,865 INFO =====> Skill params: [ 0.6855454   0.53091854  0.7694708  -0.00911932 -0.07427601]
2024-10-21 04:06:56,865 INFO =====> Num. aborted data so far: 69
2024-10-21 04:06:57,273 INFO ===> New TaichiEnv created.
2024-10-21 04:06:57,273 INFO ===> Specifications: horizon = 600, dt = 0.01, n_substeps = 20, dt_sub = 0.0005
2024-10-21 04:07:23,330 INFO =====> Epoch: 137
2024-10-21 04:07:23,331 INFO =====> EMD Loss: 31.017080307006836
2024-10-21 04:07:23,331 INFO =====> Height map loss: 33.82849884033203
2024-10-21 04:07:23,331 INFO =====> Insertion loss: 0.0
2024-10-21 04:07:23,331 INFO =====> Grad: [-8.0860508e+04  2.0152955e+05  2.1268751e-03  2.2912064e+04
 -3.1710697e-05]
2024-10-21 04:07:23,331 INFO =====> Skill params: [ 0.685558    0.530913    0.7694702  -0.00911968 -0.07427599]
2024-10-21 04:07:23,331 INFO =====> Num. aborted data so far: 69
2024-10-21 04:07:23,713 INFO ===> New TaichiEnv created.
2024-10-21 04:07:23,713 INFO ===> Specifications: horizon = 600, dt = 0.01, n_substeps = 20, dt_sub = 0.0005
2024-10-21 04:07:50,217 INFO =====> Epoch: 138
2024-10-21 04:07:50,217 INFO =====> EMD Loss: 31.01008415222168
2024-10-21 04:07:50,217 INFO =====> Height map loss: 33.815799713134766
2024-10-21 04:07:50,217 INFO =====> Insertion loss: 0.0
2024-10-21 04:07:50,218 INFO =====> Grad: [-1.1615754e+05  2.7864516e+05 -7.6412421e-04 -4.6260547e+04
 -2.9432294e-03]
2024-10-21 04:07:50,218 INFO =====> Skill params: [ 0.6855771   0.5309049   0.76947045 -0.00911891 -0.07427464]
2024-10-21 04:07:50,218 INFO =====> Num. aborted data so far: 69
2024-10-21 04:07:50,582 INFO ===> New TaichiEnv created.
2024-10-21 04:07:50,582 INFO ===> Specifications: horizon = 600, dt = 0.01, n_substeps = 20, dt_sub = 0.0005
2024-10-21 04:08:16,878 INFO =====> Epoch: 139
2024-10-21 04:08:16,878 INFO =====> EMD Loss: 31.02496337890625
2024-10-21 04:08:16,878 INFO =====> Height map loss: 33.84656524658203
2024-10-21 04:08:16,878 INFO =====> Insertion loss: 0.0
2024-10-21 04:08:16,878 INFO =====> Grad: [-1.9070330e+05  4.5310678e+05 -1.2538345e-03 -2.4116756e+04
 -3.6365381e-07]
2024-10-21 04:08:16,878 INFO =====> Skill params: [ 0.6856102   0.53089094  0.7694708  -0.00911849 -0.07427464]
2024-10-21 04:08:16,878 INFO =====> Num. aborted data so far: 69
2024-10-21 04:08:17,250 INFO ===> New TaichiEnv created.
2024-10-21 04:08:17,250 INFO ===> Specifications: horizon = 600, dt = 0.01, n_substeps = 20, dt_sub = 0.0005
2024-10-21 04:08:43,426 INFO =====> Epoch: 140
2024-10-21 04:08:43,427 INFO =====> EMD Loss: 31.02349853515625
2024-10-21 04:08:43,427 INFO =====> Height map loss: 33.84004211425781
2024-10-21 04:08:43,427 INFO =====> Insertion loss: 0.0
2024-10-21 04:08:43,427 INFO =====> Grad: [-1.3953391e+04  3.4177375e+04 -9.5677353e-04 -1.1378736e+05
  2.3279090e-03]
2024-10-21 04:08:43,427 INFO =====> Skill params: [ 0.68561274  0.5308898   0.7694711  -0.0091164  -0.07427583]
2024-10-21 04:08:43,427 INFO =====> Num. aborted data so far: 69
2024-10-21 04:08:43,799 INFO ===> New TaichiEnv created.
2024-10-21 04:08:43,799 INFO ===> Specifications: horizon = 600, dt = 0.01, n_substeps = 20, dt_sub = 0.0005
2024-10-21 04:09:10,113 INFO =====> Epoch: 141
2024-10-21 04:09:10,114 INFO =====> EMD Loss: 31.015968322753906
2024-10-21 04:09:10,114 INFO =====> Height map loss: 33.826175689697266
2024-10-21 04:09:10,114 INFO =====> Insertion loss: 0.0
2024-10-21 04:09:10,114 INFO =====> Grad: [-1.5315704e+04  3.8244191e+04 -4.5006728e-04  5.9919914e+04
 -1.4774532e-03]
2024-10-21 04:09:10,114 INFO =====> Skill params: [ 0.68561566  0.5308885   0.7694713  -0.00911757 -0.07427504]
2024-10-21 04:09:10,114 INFO =====> Num. aborted data so far: 69
2024-10-21 04:09:10,478 INFO ===> New TaichiEnv created.
2024-10-21 04:09:10,479 INFO ===> Specifications: horizon = 600, dt = 0.01, n_substeps = 20, dt_sub = 0.0005
2024-10-21 04:09:36,557 INFO =====> Epoch: 142
2024-10-21 04:09:36,557 INFO =====> EMD Loss: 31.011821746826172
2024-10-21 04:09:36,557 INFO =====> Height map loss: 33.82615661621094
2024-10-21 04:09:36,557 INFO =====> Insertion loss: 0.0
2024-10-21 04:09:36,557 INFO =====> Grad: [-9.3609492e+04  2.2644523e+05 -4.5903178e-04 -8.1009578e+04
 -5.7641906e-03]
2024-10-21 04:09:36,557 INFO =====> Skill params: [ 0.6856347   0.53088033  0.76947147 -0.00911591 -0.07427178]
2024-10-21 04:09:36,557 INFO =====> Num. aborted data so far: 69
2024-10-21 04:09:37,011 INFO ===> New TaichiEnv created.
2024-10-21 04:09:37,011 INFO ===> Specifications: horizon = 600, dt = 0.01, n_substeps = 20, dt_sub = 0.0005
2024-10-21 04:10:03,319 INFO =====> Epoch: 143
2024-10-21 04:10:03,319 INFO =====> EMD Loss: 31.008316040039062
2024-10-21 04:10:03,320 INFO =====> Height map loss: 33.83561706542969
2024-10-21 04:10:03,320 INFO =====> Insertion loss: 0.0
2024-10-21 04:10:03,320 INFO =====> Grad: [ 8.9644969e+04 -2.1232333e+05 -2.7452025e-03 -4.9100630e+03
 -6.2334130e-04]
2024-10-21 04:10:03,320 INFO =====> Skill params: [ 0.6856155   0.5308884   0.7694725  -0.00911581 -0.0742714 ]
2024-10-21 04:10:03,320 INFO =====> Num. aborted data so far: 69
2024-10-21 04:10:03,703 INFO ===> New TaichiEnv created.
2024-10-21 04:10:03,703 INFO ===> Specifications: horizon = 600, dt = 0.01, n_substeps = 20, dt_sub = 0.0005
2024-10-21 04:10:30,360 INFO =====> Epoch: 144
2024-10-21 04:10:30,360 INFO =====> EMD Loss: 31.021860122680664
2024-10-21 04:10:30,360 INFO =====> Height map loss: 33.827415466308594
2024-10-21 04:10:30,360 INFO =====> Insertion loss: 0.0
2024-10-21 04:10:30,360 INFO =====> Grad: [ 5.2502438e+04 -1.3400034e+05 -1.1553534e-03  2.9696584e+04
  6.5210434e-03]
2024-10-21 04:10:30,360 INFO =====> Skill params: [ 0.6856036   0.53089374  0.76947296 -0.00911648 -0.0742755 ]
2024-10-21 04:10:30,360 INFO =====> Num. aborted data so far: 69
2024-10-21 04:10:30,724 INFO ===> New TaichiEnv created.
2024-10-21 04:10:30,725 INFO ===> Specifications: horizon = 600, dt = 0.01, n_substeps = 20, dt_sub = 0.0005
2024-10-21 04:10:56,696 INFO =====> Epoch: 145
2024-10-21 04:10:56,697 INFO =====> EMD Loss: 31.014863967895508
2024-10-21 04:10:56,697 INFO =====> Height map loss: 33.842655181884766
2024-10-21 04:10:56,697 INFO =====> Insertion loss: 0.0
2024-10-21 04:10:56,697 INFO =====> Grad: [-1.0072527e+05  2.3726822e+05 -6.6774606e-05  1.4653164e+04
 -1.9827154e-03]
2024-10-21 04:10:56,697 INFO =====> Skill params: [ 0.6856276   0.5308837   0.76947296 -0.00911683 -0.07427419]
2024-10-21 04:10:56,697 INFO =====> Num. aborted data so far: 69
2024-10-21 04:10:57,080 INFO ===> New TaichiEnv created.
2024-10-21 04:10:57,080 INFO ===> Specifications: horizon = 600, dt = 0.01, n_substeps = 20, dt_sub = 0.0005
2024-10-21 04:11:23,092 INFO =====> Epoch: 146
2024-10-21 04:11:23,092 INFO =====> EMD Loss: 31.014875411987305
2024-10-21 04:11:23,092 INFO =====> Height map loss: 33.8468132019043
2024-10-21 04:11:23,092 INFO =====> Insertion loss: 0.0
2024-10-21 04:11:23,092 INFO =====> Grad: [ 4.46862500e+04 -1.13516086e+05 -1.07762171e-05 -6.63335938e+04
  1.87110284e-03]
2024-10-21 04:11:23,092 INFO =====> Skill params: [ 0.6856164   0.5308888   0.76947296 -0.00911516 -0.07427549]
2024-10-21 04:11:23,092 INFO =====> Num. aborted data so far: 69
2024-10-21 04:11:23,491 INFO ===> New TaichiEnv created.
2024-10-21 04:11:23,492 INFO ===> Specifications: horizon = 600, dt = 0.01, n_substeps = 20, dt_sub = 0.0005
2024-10-21 04:11:50,359 INFO =====> Epoch: 147
2024-10-21 04:11:50,359 INFO =====> EMD Loss: 31.016387939453125
2024-10-21 04:11:50,360 INFO =====> Height map loss: 33.830230712890625
2024-10-21 04:11:50,360 INFO =====> Insertion loss: 0.0
2024-10-21 04:11:50,360 INFO =====> Grad: [ 3.7839793e+04 -9.1990938e+04 -6.0223055e-04  3.4918422e+04
  6.1400497e-04]
2024-10-21 04:11:50,360 INFO =====> Skill params: [ 0.68560636  0.5308931   0.76947325 -0.00911609 -0.07427595]
2024-10-21 04:11:50,360 INFO =====> Num. aborted data so far: 69
2024-10-21 04:11:50,738 INFO ===> New TaichiEnv created.
2024-10-21 04:11:50,738 INFO ===> Specifications: horizon = 600, dt = 0.01, n_substeps = 20, dt_sub = 0.0005
2024-10-21 04:12:16,907 INFO =====> Epoch: 148
2024-10-21 04:12:16,907 INFO =====> EMD Loss: 31.01799774169922
2024-10-21 04:12:16,907 INFO =====> Height map loss: 33.83449172973633
2024-10-21 04:12:16,907 INFO =====> Insertion loss: 0.0
2024-10-21 04:12:16,907 INFO =====> Grad: [ 1.1844471e+05 -2.8772369e+05 -1.6289151e-03 -1.2004981e+04
  1.0619145e-04]
2024-10-21 04:12:16,907 INFO =====> Skill params: [ 0.6855734   0.5309073   0.769474   -0.00911575 -0.07427603]
2024-10-21 04:12:16,907 INFO =====> Num. aborted data so far: 69
2024-10-21 04:12:17,288 INFO ===> New TaichiEnv created.
2024-10-21 04:12:17,288 INFO ===> Specifications: horizon = 600, dt = 0.01, n_substeps = 20, dt_sub = 0.0005
2024-10-21 04:12:43,212 INFO =====> Epoch: 149
2024-10-21 04:12:43,213 INFO =====> EMD Loss: 31.0255126953125
2024-10-21 04:12:43,213 INFO =====> Height map loss: 33.824859619140625
2024-10-21 04:12:43,213 INFO =====> Insertion loss: 0.0
2024-10-21 04:12:43,213 INFO =====> Grad: [ 1.4714691e+05 -3.5486181e+05  1.4124578e-04 -1.4096784e+04
  8.7235012e-04]
2024-10-21 04:12:43,213 INFO =====> Skill params: [ 0.6855302   0.53092575  0.76947397 -0.00911533 -0.07427675]
2024-10-21 04:12:43,213 INFO =====> Num. aborted data so far: 69
2024-10-21 04:12:43,215 INFO ====> Finished training.
2024-10-21 04:12:43,215 INFO ====> Final EMD loss: 31.0255126953125
2024-10-21 04:12:43,215 INFO ====> Final height map loss: 33.824859619140625
2024-10-21 04:12:43,215 INFO ====> Final insertion loss: 0.0
2024-10-21 04:12:43,215 INFO ====> Final skill params: [ 0.6855302   0.53092575  0.76947397 -0.00911533 -0.07427675]
