2024-10-27 00:35:29,378 INFO ===> Start grad computation at:, 2024-10-27 0:35:29
2024-10-27 00:35:29,982 INFO ===> New TaichiEnv created.
2024-10-27 00:35:29,982 INFO ===> Specifications: horizon = 311, dt = 0.01, n_substeps = 20, dt_sub = 0.0005
2024-10-27 00:35:30,118 DEBUG loaded <trimesh.Trimesh(vertices.shape=(916, 3), faces.shape=(856, 3))> using `load_obj` in 0.0027s
2024-10-27 00:35:30,259 DEBUG loaded <trimesh.Trimesh(vertices.shape=(48, 3), faces.shape=(28, 3))> using `load_obj` in 0.0006s
2024-10-27 00:35:57,416 INFO =====> Epoch: 0
2024-10-27 00:35:57,416 INFO =====> Loss info: {'particle_has_naninf': False, 'height_map_loss': 3.786917209625244, 'emd_loss': 8.982931137084961, 'total_loss': 3.786917209625244}
2024-10-27 00:35:57,417 INFO =====> Param: E: [459558.38], nu: [0.21510571], rho: [2042.3599], sand_angle: [34.42089]
2024-10-27 00:35:57,417 INFO =====> Grad: [-8.2325013e-03 -1.0738865e+04 -1.8593342e+01 -5.8136023e+02]
2024-10-27 00:35:57,417 INFO =====> Num. aborted data so far: 0
2024-10-27 00:35:57,700 INFO ===> New TaichiEnv created.
2024-10-27 00:35:57,701 INFO ===> Specifications: horizon = 311, dt = 0.01, n_substeps = 20, dt_sub = 0.0005
2024-10-27 00:35:57,721 DEBUG loaded <trimesh.Trimesh(vertices.shape=(916, 3), faces.shape=(856, 3))> using `load_obj` in 0.0027s
2024-10-27 00:35:57,855 DEBUG loaded <trimesh.Trimesh(vertices.shape=(48, 3), faces.shape=(28, 3))> using `load_obj` in 0.0007s
2024-10-27 00:36:24,010 INFO =====> Epoch: 1
2024-10-27 00:36:24,010 INFO =====> Loss info: {'particle_has_naninf': False, 'height_map_loss': 3.9186902046203613, 'emd_loss': 8.329263687133789, 'total_loss': 3.9186902046203613}
2024-10-27 00:36:24,010 INFO =====> Param: E: [419101.44], nu: [0.19051334], rho: [1961.462], sand_angle: [36.382973]
2024-10-27 00:36:24,010 INFO =====> Grad: [ 6.5040402e-03  1.2602696e+04  1.0503933e+01 -4.3635339e+02]
2024-10-27 00:36:24,010 INFO =====> Num. aborted data so far: 0
2024-10-27 00:36:24,277 INFO ===> New TaichiEnv created.
2024-10-27 00:36:24,277 INFO ===> Specifications: horizon = 311, dt = 0.01, n_substeps = 20, dt_sub = 0.0005
2024-10-27 00:36:24,299 DEBUG loaded <trimesh.Trimesh(vertices.shape=(916, 3), faces.shape=(856, 3))> using `load_obj` in 0.0029s
2024-10-27 00:36:24,435 DEBUG loaded <trimesh.Trimesh(vertices.shape=(48, 3), faces.shape=(28, 3))> using `load_obj` in 0.0007s
2024-10-27 00:36:50,810 INFO =====> Epoch: 2
2024-10-27 00:36:50,810 INFO =====> Loss info: {'particle_has_naninf': False, 'height_map_loss': 4.00047492980957, 'emd_loss': 8.214632987976074, 'total_loss': 4.00047492980957}
2024-10-27 00:36:50,811 INFO =====> Param: E: [378769.88], nu: [0.17181166], rho: [2022.0946], sand_angle: [38.15551]
2024-10-27 00:36:50,811 INFO =====> Grad: [ 7.9855490e-03  1.1275242e+04 -8.0868902e+00 -4.5158090e+02]
2024-10-27 00:36:50,811 INFO =====> Num. aborted data so far: 0
2024-10-27 00:36:51,076 INFO ===> New TaichiEnv created.
2024-10-27 00:36:51,076 INFO ===> Specifications: horizon = 311, dt = 0.01, n_substeps = 20, dt_sub = 0.0005
2024-10-27 00:36:51,097 DEBUG loaded <trimesh.Trimesh(vertices.shape=(916, 3), faces.shape=(856, 3))> using `load_obj` in 0.0028s
2024-10-27 00:36:51,234 DEBUG loaded <trimesh.Trimesh(vertices.shape=(48, 3), faces.shape=(28, 3))> using `load_obj` in 0.0007s
2024-10-27 00:37:17,596 INFO =====> Epoch: 3
2024-10-27 00:37:17,596 INFO =====> Loss info: {'particle_has_naninf': False, 'height_map_loss': 4.06220817565918, 'emd_loss': 8.863180160522461, 'total_loss': 4.06220817565918}
2024-10-27 00:37:17,596 INFO =====> Param: E: [346127.6], nu: [0.14847332], rho: [1910.2966], sand_angle: [36.104156]
2024-10-27 00:37:17,596 INFO =====> Grad: [7.1585630e-03 1.9782287e+04 2.0004368e+01 6.5146173e+02]
2024-10-27 00:37:17,596 INFO =====> Num. aborted data so far: 0
2024-10-27 00:37:17,936 INFO ===> New TaichiEnv created.
2024-10-27 00:37:17,936 INFO ===> Specifications: horizon = 311, dt = 0.01, n_substeps = 20, dt_sub = 0.0005
2024-10-27 00:37:17,960 DEBUG loaded <trimesh.Trimesh(vertices.shape=(916, 3), faces.shape=(856, 3))> using `load_obj` in 0.0032s
2024-10-27 00:37:18,106 DEBUG loaded <trimesh.Trimesh(vertices.shape=(48, 3), faces.shape=(28, 3))> using `load_obj` in 0.0008s
2024-10-27 00:37:44,451 INFO =====> Epoch: 4
2024-10-27 00:37:44,451 INFO =====> Loss info: {'particle_has_naninf': False, 'height_map_loss': 4.033105850219727, 'emd_loss': 9.017623901367188, 'total_loss': 4.033105850219727}
2024-10-27 00:37:44,451 INFO =====> Param: E: [392836.78], nu: [0.16433491], rho: [1780.848], sand_angle: [38.511646]
2024-10-27 00:37:44,452 INFO =====> Grad: [-1.4413602e-02 -1.4743649e+04  3.8267910e+01 -1.1186720e+03]
2024-10-27 00:37:44,452 INFO =====> Num. aborted data so far: 0
2024-10-27 00:37:44,726 INFO ===> New TaichiEnv created.
2024-10-27 00:37:44,726 INFO ===> Specifications: horizon = 311, dt = 0.01, n_substeps = 20, dt_sub = 0.0005
2024-10-27 00:37:44,747 DEBUG loaded <trimesh.Trimesh(vertices.shape=(916, 3), faces.shape=(856, 3))> using `load_obj` in 0.0028s
2024-10-27 00:37:44,882 DEBUG loaded <trimesh.Trimesh(vertices.shape=(48, 3), faces.shape=(28, 3))> using `load_obj` in 0.0007s
2024-10-27 00:38:11,237 INFO =====> Epoch: 5
2024-10-27 00:38:11,238 INFO =====> Loss info: {'particle_has_naninf': False, 'height_map_loss': 4.047860622406006, 'emd_loss': 8.233779907226562, 'total_loss': 4.047860622406006}
2024-10-27 00:38:11,239 INFO =====> Param: E: [355277.66], nu: [0.14403516], rho: [1772.0052], sand_angle: [36.782112]
2024-10-27 00:38:11,239 INFO =====> Grad: [1.3666115e-02 2.3345932e+04 2.4838777e+00 9.1068719e+02]
2024-10-27 00:38:11,240 INFO =====> Num. aborted data so far: 0
2024-10-27 00:38:11,609 INFO ===> New TaichiEnv created.
2024-10-27 00:38:11,609 INFO ===> Specifications: horizon = 311, dt = 0.01, n_substeps = 20, dt_sub = 0.0005
2024-10-27 00:38:11,633 DEBUG loaded <trimesh.Trimesh(vertices.shape=(916, 3), faces.shape=(856, 3))> using `load_obj` in 0.0030s
2024-10-27 00:38:11,778 DEBUG loaded <trimesh.Trimesh(vertices.shape=(48, 3), faces.shape=(28, 3))> using `load_obj` in 0.0008s
2024-10-27 00:38:37,878 INFO =====> Epoch: 6
2024-10-27 00:38:37,878 INFO =====> Loss info: {'particle_has_naninf': False, 'height_map_loss': 4.037020206451416, 'emd_loss': 8.435882568359375, 'total_loss': 4.037020206451416}
2024-10-27 00:38:37,878 INFO =====> Param: E: [413033.72], nu: [0.16826299], rho: [1800.5631], sand_angle: [39.07386]
2024-10-27 00:38:37,878 INFO =====> Grad: [-4.8923500e-02 -4.1131477e+04 -7.7372675e+00 -1.6614180e+03]
2024-10-27 00:38:37,878 INFO =====> Num. aborted data so far: 0
2024-10-27 00:38:38,171 INFO ===> New TaichiEnv created.
2024-10-27 00:38:38,171 INFO ===> Specifications: horizon = 311, dt = 0.01, n_substeps = 20, dt_sub = 0.0005
2024-10-27 00:38:38,194 DEBUG loaded <trimesh.Trimesh(vertices.shape=(916, 3), faces.shape=(856, 3))> using `load_obj` in 0.0028s
2024-10-27 00:38:38,331 DEBUG loaded <trimesh.Trimesh(vertices.shape=(48, 3), faces.shape=(28, 3))> using `load_obj` in 0.0007s
2024-10-27 00:39:04,565 INFO =====> Epoch: 7
2024-10-27 00:39:04,566 INFO =====> Loss info: {'particle_has_naninf': False, 'height_map_loss': 4.069838047027588, 'emd_loss': 8.242671012878418, 'total_loss': 4.069838047027588}
2024-10-27 00:39:04,566 INFO =====> Param: E: [389788.03], nu: [0.15932964], rho: [1820.9602], sand_angle: [37.61853]
2024-10-27 00:39:04,566 INFO =====> Grad: [ 2.0086218e-02  1.4998762e+04 -5.2868519e+00  1.1273942e+03]
2024-10-27 00:39:04,566 INFO =====> Num. aborted data so far: 0
2024-10-27 00:39:04,891 INFO ===> New TaichiEnv created.
2024-10-27 00:39:04,891 INFO ===> Specifications: horizon = 311, dt = 0.01, n_substeps = 20, dt_sub = 0.0005
2024-10-27 00:39:04,918 DEBUG loaded <trimesh.Trimesh(vertices.shape=(916, 3), faces.shape=(856, 3))> using `load_obj` in 0.0029s
2024-10-27 00:39:05,071 DEBUG loaded <trimesh.Trimesh(vertices.shape=(48, 3), faces.shape=(28, 3))> using `load_obj` in 0.0008s
2024-10-27 00:39:31,528 INFO =====> Epoch: 8
2024-10-27 00:39:31,529 INFO =====> Loss info: {'particle_has_naninf': False, 'height_map_loss': 4.027394771575928, 'emd_loss': 8.225292205810547, 'total_loss': 4.027394771575928}
2024-10-27 00:39:31,529 INFO =====> Param: E: [349179.9], nu: [0.14040771], rho: [1765.3026], sand_angle: [35.849014]
2024-10-27 00:39:31,529 INFO =====> Grad: [4.3420609e-02 3.7616062e+04 1.4621737e+01 1.5690975e+03]
2024-10-27 00:39:31,529 INFO =====> Num. aborted data so far: 0
2024-10-27 00:39:31,844 INFO ===> New TaichiEnv created.
2024-10-27 00:39:31,844 INFO ===> Specifications: horizon = 311, dt = 0.01, n_substeps = 20, dt_sub = 0.0005
2024-10-27 00:39:31,866 DEBUG loaded <trimesh.Trimesh(vertices.shape=(916, 3), faces.shape=(856, 3))> using `load_obj` in 0.0029s
2024-10-27 00:39:32,022 DEBUG loaded <trimesh.Trimesh(vertices.shape=(48, 3), faces.shape=(28, 3))> using `load_obj` in 0.0008s
2024-10-27 00:39:58,270 INFO =====> Epoch: 9
2024-10-27 00:39:58,270 INFO =====> Loss info: {'particle_has_naninf': False, 'height_map_loss': 4.021325588226318, 'emd_loss': 8.772268295288086, 'total_loss': 4.021325588226318}
2024-10-27 00:39:58,270 INFO =====> Param: E: [346976.44], nu: [0.14142898], rho: [1716.4999], sand_angle: [36.43272]
2024-10-27 00:39:58,270 INFO =====> Grad: [ 2.2365374e-03 -1.9270654e+03  1.2787333e+01 -4.9961835e+02]
2024-10-27 00:39:58,270 INFO =====> Num. aborted data so far: 0
2024-10-27 00:39:58,554 INFO ===> New TaichiEnv created.
2024-10-27 00:39:58,554 INFO ===> Specifications: horizon = 311, dt = 0.01, n_substeps = 20, dt_sub = 0.0005
2024-10-27 00:39:58,576 DEBUG loaded <trimesh.Trimesh(vertices.shape=(916, 3), faces.shape=(856, 3))> using `load_obj` in 0.0027s
2024-10-27 00:39:58,709 DEBUG loaded <trimesh.Trimesh(vertices.shape=(48, 3), faces.shape=(28, 3))> using `load_obj` in 0.0007s
2024-10-27 00:40:25,103 INFO =====> Epoch: 10
2024-10-27 00:40:25,103 INFO =====> Loss info: {'particle_has_naninf': False, 'height_map_loss': 4.029178619384766, 'emd_loss': 8.587557792663574, 'total_loss': 4.029178619384766}
2024-10-27 00:40:25,104 INFO =====> Param: E: [364030.2], nu: [0.1525238], rho: [1828.3021], sand_angle: [36.64511]
2024-10-27 00:40:25,104 INFO =====> Grad: [-1.7053001e-02 -2.1209047e+04 -3.9302319e+01 -1.7285522e+02]
2024-10-27 00:40:25,104 INFO =====> Num. aborted data so far: 0
2024-10-27 00:40:25,410 INFO ===> New TaichiEnv created.
2024-10-27 00:40:25,410 INFO ===> Specifications: horizon = 311, dt = 0.01, n_substeps = 20, dt_sub = 0.0005
2024-10-27 00:40:25,433 DEBUG loaded <trimesh.Trimesh(vertices.shape=(916, 3), faces.shape=(856, 3))> using `load_obj` in 0.0029s
2024-10-27 00:40:25,572 DEBUG loaded <trimesh.Trimesh(vertices.shape=(48, 3), faces.shape=(28, 3))> using `load_obj` in 0.0007s
2024-10-27 00:40:52,047 INFO =====> Epoch: 11
2024-10-27 00:40:52,047 INFO =====> Loss info: {'particle_has_naninf': False, 'height_map_loss': 4.030707359313965, 'emd_loss': 8.429923057556152, 'total_loss': 4.030707359313965}
2024-10-27 00:40:52,047 INFO =====> Param: E: [342711.28], nu: [0.14323096], rho: [1893.7517], sand_angle: [36.224907]
2024-10-27 00:40:52,047 INFO =====> Grad: [ 2.1481184e-02  1.7631225e+04 -2.3977762e+01  3.2733832e+02]
2024-10-27 00:40:52,047 INFO =====> Num. aborted data so far: 0
2024-10-27 00:40:52,353 INFO ===> New TaichiEnv created.
2024-10-27 00:40:52,354 INFO ===> Specifications: horizon = 311, dt = 0.01, n_substeps = 20, dt_sub = 0.0005
2024-10-27 00:40:52,377 DEBUG loaded <trimesh.Trimesh(vertices.shape=(916, 3), faces.shape=(856, 3))> using `load_obj` in 0.0030s
2024-10-27 00:40:52,520 DEBUG loaded <trimesh.Trimesh(vertices.shape=(48, 3), faces.shape=(28, 3))> using `load_obj` in 0.0007s
2024-10-27 00:41:19,032 INFO =====> Epoch: 12
2024-10-27 00:41:19,032 INFO =====> Loss info: {'particle_has_naninf': False, 'height_map_loss': 4.039334774017334, 'emd_loss': 9.02363395690918, 'total_loss': 4.039334774017334}
2024-10-27 00:41:19,032 INFO =====> Param: E: [340812.44], nu: [0.14526233], rho: [1871.9943], sand_angle: [37.524704]
2024-10-27 00:41:19,034 INFO =====> Grad: [ 1.8159328e-03 -3.6638982e+03  7.6345196e+00 -1.0537039e+03]
2024-10-27 00:41:19,034 INFO =====> Num. aborted data so far: 0
2024-10-27 00:41:19,355 INFO ===> New TaichiEnv created.
2024-10-27 00:41:19,355 INFO ===> Specifications: horizon = 311, dt = 0.01, n_substeps = 20, dt_sub = 0.0005
2024-10-27 00:41:19,383 DEBUG loaded <trimesh.Trimesh(vertices.shape=(916, 3), faces.shape=(856, 3))> using `load_obj` in 0.0058s
2024-10-27 00:41:19,524 DEBUG loaded <trimesh.Trimesh(vertices.shape=(48, 3), faces.shape=(28, 3))> using `load_obj` in 0.0007s
2024-10-27 00:41:45,983 INFO =====> Epoch: 13
2024-10-27 00:41:45,983 INFO =====> Loss info: {'particle_has_naninf': False, 'height_map_loss': 4.061800003051758, 'emd_loss': 8.849546432495117, 'total_loss': 4.061800003051758}
2024-10-27 00:41:45,984 INFO =====> Param: E: [350288.2], nu: [0.14527111], rho: [1795.524], sand_angle: [37.65329]
2024-10-27 00:41:45,984 INFO =====> Grad: [-8.6951116e-03 -1.5012170e+01  2.9083551e+01 -9.8972794e+01]
2024-10-27 00:41:45,984 INFO =====> Num. aborted data so far: 0
2024-10-27 00:41:46,309 INFO ===> New TaichiEnv created.
2024-10-27 00:41:46,309 INFO ===> Specifications: horizon = 311, dt = 0.01, n_substeps = 20, dt_sub = 0.0005
2024-10-27 00:41:46,334 DEBUG loaded <trimesh.Trimesh(vertices.shape=(916, 3), faces.shape=(856, 3))> using `load_obj` in 0.0030s
2024-10-27 00:41:46,482 DEBUG loaded <trimesh.Trimesh(vertices.shape=(48, 3), faces.shape=(28, 3))> using `load_obj` in 0.0007s
2024-10-27 00:42:12,883 INFO =====> Epoch: 14
2024-10-27 00:42:12,883 INFO =====> Loss info: {'particle_has_naninf': False, 'height_map_loss': 4.046448707580566, 'emd_loss': 8.422821998596191, 'total_loss': 4.046448707580566}
2024-10-27 00:42:12,883 INFO =====> Param: E: [347727.7], nu: [0.14491092], rho: [1842.533], sand_angle: [38.33509]
2024-10-27 00:42:12,883 INFO =====> Grad: [ 2.2308214e-03  5.8472668e+02 -1.7764507e+01 -5.0984720e+02]
2024-10-27 00:42:12,883 INFO =====> Num. aborted data so far: 0
2024-10-27 00:42:13,177 INFO ===> New TaichiEnv created.
2024-10-27 00:42:13,177 INFO ===> Specifications: horizon = 311, dt = 0.01, n_substeps = 20, dt_sub = 0.0005
2024-10-27 00:42:13,199 DEBUG loaded <trimesh.Trimesh(vertices.shape=(916, 3), faces.shape=(856, 3))> using `load_obj` in 0.0028s
2024-10-27 00:42:13,334 DEBUG loaded <trimesh.Trimesh(vertices.shape=(48, 3), faces.shape=(28, 3))> using `load_obj` in 0.0007s
2024-10-27 00:42:39,457 INFO =====> Epoch: 15
2024-10-27 00:42:39,457 INFO =====> Loss info: {'particle_has_naninf': False, 'height_map_loss': 4.076568603515625, 'emd_loss': 8.462686538696289, 'total_loss': 4.076568603515625}
2024-10-27 00:42:39,457 INFO =====> Param: E: [383375.97], nu: [0.16070026], rho: [1789.9883], sand_angle: [39.19461]
2024-10-27 00:42:39,457 INFO =====> Grad: [-3.5670642e-02 -2.8065756e+04  1.9972580e+01 -6.3361267e+02]
2024-10-27 00:42:39,457 INFO =====> Num. aborted data so far: 0
2024-10-27 00:42:39,753 INFO ===> New TaichiEnv created.
2024-10-27 00:42:39,753 INFO ===> Specifications: horizon = 311, dt = 0.01, n_substeps = 20, dt_sub = 0.0005
2024-10-27 00:42:39,776 DEBUG loaded <trimesh.Trimesh(vertices.shape=(916, 3), faces.shape=(856, 3))> using `load_obj` in 0.0028s
2024-10-27 00:42:39,913 DEBUG loaded <trimesh.Trimesh(vertices.shape=(48, 3), faces.shape=(28, 3))> using `load_obj` in 0.0007s
2024-10-27 00:43:06,164 INFO =====> Epoch: 16
2024-10-27 00:43:06,164 INFO =====> Loss info: {'particle_has_naninf': False, 'height_map_loss': 4.086618900299072, 'emd_loss': 8.249804496765137, 'total_loss': 4.086618900299072}
2024-10-27 00:43:06,164 INFO =====> Param: E: [432347.62], nu: [0.18330781], rho: [1911.8619], sand_angle: [40.]
2024-10-27 00:43:06,164 INFO =====> Grad: [-7.3462754e-02 -5.4522773e+04 -6.8983002e+01 -2.4470549e+03]
2024-10-27 00:43:06,164 INFO =====> Num. aborted data so far: 0
2024-10-27 00:43:06,462 INFO ===> New TaichiEnv created.
2024-10-27 00:43:06,462 INFO ===> Specifications: horizon = 311, dt = 0.01, n_substeps = 20, dt_sub = 0.0005
2024-10-27 00:43:06,486 DEBUG loaded <trimesh.Trimesh(vertices.shape=(916, 3), faces.shape=(856, 3))> using `load_obj` in 0.0028s
2024-10-27 00:43:06,628 DEBUG loaded <trimesh.Trimesh(vertices.shape=(48, 3), faces.shape=(28, 3))> using `load_obj` in 0.0007s
2024-10-27 00:43:33,013 INFO =====> Epoch: 17
2024-10-27 00:43:33,013 INFO =====> Loss info: {'particle_has_naninf': False, 'height_map_loss': 4.124237060546875, 'emd_loss': 8.256319999694824, 'total_loss': 4.124237060546875}
2024-10-27 00:43:33,014 INFO =====> Param: E: [442749.97], nu: [0.18452013], rho: [1953.0768], sand_angle: [39.942535]
2024-10-27 00:43:33,014 INFO =====> Grad: [-1.5008266e-02 -2.7757593e+03 -2.2923801e+01  5.6868950e+01]
2024-10-27 00:43:33,014 INFO =====> Num. aborted data so far: 0
2024-10-27 00:43:33,345 INFO ===> New TaichiEnv created.
2024-10-27 00:43:33,345 INFO ===> Specifications: horizon = 311, dt = 0.01, n_substeps = 20, dt_sub = 0.0005
2024-10-27 00:43:33,370 DEBUG loaded <trimesh.Trimesh(vertices.shape=(916, 3), faces.shape=(856, 3))> using `load_obj` in 0.0029s
2024-10-27 00:43:33,529 DEBUG loaded <trimesh.Trimesh(vertices.shape=(48, 3), faces.shape=(28, 3))> using `load_obj` in 0.0008s
2024-10-27 00:43:59,946 INFO =====> Epoch: 18
2024-10-27 00:43:59,946 INFO =====> Loss info: {'particle_has_naninf': False, 'height_map_loss': 4.1180949211120605, 'emd_loss': 8.25469970703125, 'total_loss': 4.1180949211120605}
2024-10-27 00:43:59,946 INFO =====> Param: E: [449926.6], nu: [0.18767919], rho: [1954.8125], sand_angle: [40.]
2024-10-27 00:43:59,947 INFO =====> Grad: [-9.8867677e-03 -6.8964146e+03 -9.1593868e-01 -3.8305096e+02]
2024-10-27 00:43:59,947 INFO =====> Num. aborted data so far: 0
2024-10-27 00:44:00,266 INFO ===> New TaichiEnv created.
2024-10-27 00:44:00,267 INFO ===> Specifications: horizon = 311, dt = 0.01, n_substeps = 20, dt_sub = 0.0005
2024-10-27 00:44:00,289 DEBUG loaded <trimesh.Trimesh(vertices.shape=(916, 3), faces.shape=(856, 3))> using `load_obj` in 0.0030s
2024-10-27 00:44:00,436 DEBUG loaded <trimesh.Trimesh(vertices.shape=(48, 3), faces.shape=(28, 3))> using `load_obj` in 0.0007s
2024-10-27 00:44:26,953 INFO =====> Epoch: 19
2024-10-27 00:44:26,954 INFO =====> Loss info: {'particle_has_naninf': False, 'height_map_loss': 4.1253485679626465, 'emd_loss': 8.268550872802734, 'total_loss': 4.1253485679626465}
2024-10-27 00:44:26,954 INFO =====> Param: E: [434359.12], nu: [0.1830289], rho: [1941.3907], sand_angle: [40.]
2024-10-27 00:44:26,954 INFO =====> Grad: [ 2.0991603e-02  9.7366914e+03  6.7434168e+00 -1.7130186e+01]
2024-10-27 00:44:26,954 INFO =====> Num. aborted data so far: 0
2024-10-27 00:44:27,285 INFO ===> New TaichiEnv created.
2024-10-27 00:44:27,285 INFO ===> Specifications: horizon = 311, dt = 0.01, n_substeps = 20, dt_sub = 0.0005
2024-10-27 00:44:27,311 DEBUG loaded <trimesh.Trimesh(vertices.shape=(916, 3), faces.shape=(856, 3))> using `load_obj` in 0.0030s
2024-10-27 00:44:27,471 DEBUG loaded <trimesh.Trimesh(vertices.shape=(48, 3), faces.shape=(28, 3))> using `load_obj` in 0.0008s
2024-10-27 00:44:53,898 INFO =====> Epoch: 20
2024-10-27 00:44:53,898 INFO =====> Loss info: {'particle_has_naninf': False, 'height_map_loss': 4.124924182891846, 'emd_loss': 8.2761812210083, 'total_loss': 4.124924182891846}
2024-10-27 00:44:53,899 INFO =====> Param: E: [437959.5], nu: [0.18680352], rho: [1969.1036], sand_angle: [40.]
2024-10-27 00:44:53,899 INFO =====> Grad: [-4.6131699e-03 -7.5516553e+03 -1.3416833e+01 -5.8742828e+02]
2024-10-27 00:44:53,899 INFO =====> Num. aborted data so far: 0
2024-10-27 00:44:54,235 INFO ===> New TaichiEnv created.
2024-10-27 00:44:54,236 INFO ===> Specifications: horizon = 311, dt = 0.01, n_substeps = 20, dt_sub = 0.0005
2024-10-27 00:44:54,261 DEBUG loaded <trimesh.Trimesh(vertices.shape=(916, 3), faces.shape=(856, 3))> using `load_obj` in 0.0030s
2024-10-27 00:44:54,421 DEBUG loaded <trimesh.Trimesh(vertices.shape=(48, 3), faces.shape=(28, 3))> using `load_obj` in 0.0008s
2024-10-27 00:45:20,919 INFO =====> Epoch: 21
2024-10-27 00:45:20,919 INFO =====> Loss info: {'particle_has_naninf': False, 'height_map_loss': 4.1248321533203125, 'emd_loss': 8.255464553833008, 'total_loss': 4.1248321533203125}
2024-10-27 00:45:20,919 INFO =====> Param: E: [436650.25], nu: [0.18359883], rho: [1968.3608], sand_angle: [40.]
2024-10-27 00:45:20,920 INFO =====> Grad: [ 1.5917951e-03  6.1139126e+03  3.4118322e-01 -1.0880149e+02]
2024-10-27 00:45:20,920 INFO =====> Num. aborted data so far: 0
2024-10-27 00:45:21,270 INFO ===> New TaichiEnv created.
2024-10-27 00:45:21,270 INFO ===> Specifications: horizon = 311, dt = 0.01, n_substeps = 20, dt_sub = 0.0005
2024-10-27 00:45:21,295 DEBUG loaded <trimesh.Trimesh(vertices.shape=(916, 3), faces.shape=(856, 3))> using `load_obj` in 0.0030s
2024-10-27 00:45:21,456 DEBUG loaded <trimesh.Trimesh(vertices.shape=(48, 3), faces.shape=(28, 3))> using `load_obj` in 0.0008s
2024-10-27 00:45:47,940 INFO =====> Epoch: 22
2024-10-27 00:45:47,940 INFO =====> Loss info: {'particle_has_naninf': False, 'height_map_loss': 4.126536846160889, 'emd_loss': 8.277677536010742, 'total_loss': 4.126536846160889}
2024-10-27 00:45:47,940 INFO =====> Param: E: [440169.3], nu: [0.18669483], rho: [2010.5623], sand_angle: [40.]
2024-10-27 00:45:47,940 INFO =====> Grad: [-4.0652631e-03 -5.6304893e+03 -1.9080574e+01 -2.2977213e+02]
2024-10-27 00:45:47,940 INFO =====> Num. aborted data so far: 0
2024-10-27 00:45:48,249 INFO ===> New TaichiEnv created.
2024-10-27 00:45:48,249 INFO ===> Specifications: horizon = 311, dt = 0.01, n_substeps = 20, dt_sub = 0.0005
2024-10-27 00:45:48,272 DEBUG loaded <trimesh.Trimesh(vertices.shape=(916, 3), faces.shape=(856, 3))> using `load_obj` in 0.0028s
2024-10-27 00:45:48,416 DEBUG loaded <trimesh.Trimesh(vertices.shape=(48, 3), faces.shape=(28, 3))> using `load_obj` in 0.0007s
2024-10-27 00:46:14,711 INFO =====> Epoch: 23
2024-10-27 00:46:14,711 INFO =====> Loss info: {'particle_has_naninf': False, 'height_map_loss': 4.122357368469238, 'emd_loss': 8.266620635986328, 'total_loss': 4.122357368469238}
2024-10-27 00:46:14,712 INFO =====> Param: E: [410543.94], nu: [0.17292708], rho: [1959.404], sand_angle: [39.954773]
2024-10-27 00:46:14,712 INFO =====> Grad: [3.6748338e-02 2.6385598e+04 2.3190649e+01 3.3849319e+01]
2024-10-27 00:46:14,712 INFO =====> Num. aborted data so far: 0
2024-10-27 00:46:15,030 INFO ===> New TaichiEnv created.
2024-10-27 00:46:15,030 INFO ===> Specifications: horizon = 311, dt = 0.01, n_substeps = 20, dt_sub = 0.0005
2024-10-27 00:46:15,053 DEBUG loaded <trimesh.Trimesh(vertices.shape=(916, 3), faces.shape=(856, 3))> using `load_obj` in 0.0028s
2024-10-27 00:46:15,195 DEBUG loaded <trimesh.Trimesh(vertices.shape=(48, 3), faces.shape=(28, 3))> using `load_obj` in 0.0007s
2024-10-27 00:46:41,627 INFO =====> Epoch: 24
2024-10-27 00:46:41,627 INFO =====> Loss info: {'particle_has_naninf': False, 'height_map_loss': 4.1330366134643555, 'emd_loss': 8.262965202331543, 'total_loss': 4.1330366134643555}
2024-10-27 00:46:41,627 INFO =====> Param: E: [418600.72], nu: [0.18200362], rho: [1942.3025], sand_angle: [40.]
2024-10-27 00:46:41,627 INFO =====> Grad: [-9.5589254e-03 -1.7227225e+04  7.3979106e+00 -1.2234950e+03]
2024-10-27 00:46:41,627 INFO =====> Num. aborted data so far: 0
2024-10-27 00:46:41,973 INFO ===> New TaichiEnv created.
2024-10-27 00:46:41,973 INFO ===> Specifications: horizon = 311, dt = 0.01, n_substeps = 20, dt_sub = 0.0005
2024-10-27 00:46:41,998 DEBUG loaded <trimesh.Trimesh(vertices.shape=(916, 3), faces.shape=(856, 3))> using `load_obj` in 0.0030s
2024-10-27 00:46:42,158 DEBUG loaded <trimesh.Trimesh(vertices.shape=(48, 3), faces.shape=(28, 3))> using `load_obj` in 0.0008s
2024-10-27 00:47:08,711 INFO =====> Epoch: 25
2024-10-27 00:47:08,712 INFO =====> Loss info: {'particle_has_naninf': False, 'height_map_loss': 4.123819351196289, 'emd_loss': 8.268444061279297, 'total_loss': 4.123819351196289}
2024-10-27 00:47:08,712 INFO =====> Param: E: [412908.56], nu: [0.18194073], rho: [2023.3956], sand_angle: [39.482586]
2024-10-27 00:47:08,712 INFO =====> Grad: [ 6.4329915e-03  1.1323822e+02 -3.8766663e+01  4.0233835e+02]
2024-10-27 00:47:08,712 INFO =====> Num. aborted data so far: 0
2024-10-27 00:47:09,027 INFO ===> New TaichiEnv created.
2024-10-27 00:47:09,027 INFO ===> Specifications: horizon = 311, dt = 0.01, n_substeps = 20, dt_sub = 0.0005
2024-10-27 00:47:09,053 DEBUG loaded <trimesh.Trimesh(vertices.shape=(916, 3), faces.shape=(856, 3))> using `load_obj` in 0.0048s
2024-10-27 00:47:09,201 DEBUG loaded <trimesh.Trimesh(vertices.shape=(48, 3), faces.shape=(28, 3))> using `load_obj` in 0.0007s
2024-10-27 00:47:35,691 INFO =====> Epoch: 26
2024-10-27 00:47:35,691 INFO =====> Loss info: {'particle_has_naninf': False, 'height_map_loss': 4.095850467681885, 'emd_loss': 8.260921478271484, 'total_loss': 4.095850467681885}
2024-10-27 00:47:35,692 INFO =====> Param: E: [402379.97], nu: [0.17420773], rho: [1989.1228], sand_angle: [39.373257]
2024-10-27 00:47:35,692 INFO =====> Grad: [1.14479950e-02 1.36230918e+04 1.59219265e+01 8.06990891e+01]
2024-10-27 00:47:35,692 INFO =====> Num. aborted data so far: 0
2024-10-27 00:47:36,027 INFO ===> New TaichiEnv created.
2024-10-27 00:47:36,027 INFO ===> Specifications: horizon = 311, dt = 0.01, n_substeps = 20, dt_sub = 0.0005
2024-10-27 00:47:36,051 DEBUG loaded <trimesh.Trimesh(vertices.shape=(916, 3), faces.shape=(856, 3))> using `load_obj` in 0.0030s
2024-10-27 00:47:36,208 DEBUG loaded <trimesh.Trimesh(vertices.shape=(48, 3), faces.shape=(28, 3))> using `load_obj` in 0.0008s
2024-10-27 00:48:02,709 INFO =====> Epoch: 27
2024-10-27 00:48:02,709 INFO =====> Loss info: {'particle_has_naninf': False, 'height_map_loss': 4.1015424728393555, 'emd_loss': 8.46240234375, 'total_loss': 4.1015424728393555}
2024-10-27 00:48:02,710 INFO =====> Param: E: [388275.1], nu: [0.16570994], rho: [2065.0317], sand_angle: [37.69354]
2024-10-27 00:48:02,710 INFO =====> Grad: [ 1.49254445e-02  1.47445283e+04 -3.81375427e+01  1.38826196e+03]
2024-10-27 00:48:02,710 INFO =====> Num. aborted data so far: 0
2024-10-27 00:48:03,066 INFO ===> New TaichiEnv created.
2024-10-27 00:48:03,066 INFO ===> Specifications: horizon = 311, dt = 0.01, n_substeps = 20, dt_sub = 0.0005
2024-10-27 00:48:03,091 DEBUG loaded <trimesh.Trimesh(vertices.shape=(916, 3), faces.shape=(856, 3))> using `load_obj` in 0.0030s
2024-10-27 00:48:03,251 DEBUG loaded <trimesh.Trimesh(vertices.shape=(48, 3), faces.shape=(28, 3))> using `load_obj` in 0.0008s
2024-10-27 00:48:29,529 INFO =====> Epoch: 28
2024-10-27 00:48:29,530 INFO =====> Loss info: {'particle_has_naninf': False, 'height_map_loss': 4.039670467376709, 'emd_loss': 8.85440444946289, 'total_loss': 4.039670467376709}
2024-10-27 00:48:29,530 INFO =====> Param: E: [391261.88], nu: [0.16346163], rho: [2000.6821], sand_angle: [37.189365]
2024-10-27 00:48:29,530 INFO =====> Grad: [-3.0017155e-03  3.7102471e+03  3.3577538e+01  4.0042941e+02]
2024-10-27 00:48:29,530 INFO =====> Num. aborted data so far: 0
2024-10-27 00:48:29,871 INFO ===> New TaichiEnv created.
2024-10-27 00:48:29,871 INFO ===> Specifications: horizon = 311, dt = 0.01, n_substeps = 20, dt_sub = 0.0005
2024-10-27 00:48:29,897 DEBUG loaded <trimesh.Trimesh(vertices.shape=(916, 3), faces.shape=(856, 3))> using `load_obj` in 0.0030s
2024-10-27 00:48:30,054 DEBUG loaded <trimesh.Trimesh(vertices.shape=(48, 3), faces.shape=(28, 3))> using `load_obj` in 0.0008s
2024-10-27 00:48:56,720 INFO =====> Epoch: 29
2024-10-27 00:48:56,720 INFO =====> Loss info: {'particle_has_naninf': False, 'height_map_loss': 4.0376081466674805, 'emd_loss': 8.650299072265625, 'total_loss': 4.0376081466674805}
2024-10-27 00:48:56,720 INFO =====> Param: E: [415835.22], nu: [0.17365822], rho: [2080.2761], sand_angle: [38.760616]
2024-10-27 00:48:56,721 INFO =====> Grad: [-2.5426505e-02 -1.6864051e+04 -4.5599773e+01 -1.3642169e+03]
2024-10-27 00:48:56,721 INFO =====> Num. aborted data so far: 0
2024-10-27 00:48:57,039 INFO ===> New TaichiEnv created.
2024-10-27 00:48:57,039 INFO ===> Specifications: horizon = 311, dt = 0.01, n_substeps = 20, dt_sub = 0.0005
2024-10-27 00:48:57,061 DEBUG loaded <trimesh.Trimesh(vertices.shape=(916, 3), faces.shape=(856, 3))> using `load_obj` in 0.0029s
2024-10-27 00:48:57,203 DEBUG loaded <trimesh.Trimesh(vertices.shape=(48, 3), faces.shape=(28, 3))> using `load_obj` in 0.0007s
2024-10-27 00:49:23,779 INFO =====> Epoch: 30
2024-10-27 00:49:23,779 INFO =====> Loss info: {'particle_has_naninf': False, 'height_map_loss': 4.068533420562744, 'emd_loss': 8.449774742126465, 'total_loss': 4.068533420562744}
2024-10-27 00:49:23,779 INFO =====> Param: E: [431971.], nu: [0.18166067], rho: [2132.0361], sand_angle: [38.73681]
2024-10-27 00:49:23,779 INFO =====> Grad: [-1.6381316e-02 -1.2978427e+04 -2.9772251e+01  1.9611475e+01]
2024-10-27 00:49:23,779 INFO =====> Num. aborted data so far: 0
2024-10-27 00:49:24,095 INFO ===> New TaichiEnv created.
2024-10-27 00:49:24,096 INFO ===> Specifications: horizon = 311, dt = 0.01, n_substeps = 20, dt_sub = 0.0005
2024-10-27 00:49:24,117 DEBUG loaded <trimesh.Trimesh(vertices.shape=(916, 3), faces.shape=(856, 3))> using `load_obj` in 0.0028s
2024-10-27 00:49:24,259 DEBUG loaded <trimesh.Trimesh(vertices.shape=(48, 3), faces.shape=(28, 3))> using `load_obj` in 0.0007s
2024-10-27 00:49:50,742 INFO =====> Epoch: 31
2024-10-27 00:49:50,742 INFO =====> Loss info: {'particle_has_naninf': False, 'height_map_loss': 4.069934368133545, 'emd_loss': 8.246305465698242, 'total_loss': 4.069934368133545}
2024-10-27 00:49:50,743 INFO =====> Param: E: [437234.22], nu: [0.18203983], rho: [2041.5503], sand_angle: [40.]
2024-10-27 00:49:50,743 INFO =====> Grad: [-5.086763e-03 -5.834189e+02  6.021098e+01 -1.283828e+03]
2024-10-27 00:49:50,743 INFO =====> Num. aborted data so far: 0
2024-10-27 00:49:51,110 INFO ===> New TaichiEnv created.
2024-10-27 00:49:51,110 INFO ===> Specifications: horizon = 311, dt = 0.01, n_substeps = 20, dt_sub = 0.0005
2024-10-27 00:49:51,142 DEBUG loaded <trimesh.Trimesh(vertices.shape=(916, 3), faces.shape=(856, 3))> using `load_obj` in 0.0031s
2024-10-27 00:49:51,304 DEBUG loaded <trimesh.Trimesh(vertices.shape=(48, 3), faces.shape=(28, 3))> using `load_obj` in 0.0008s
2024-10-27 00:50:17,843 INFO =====> Epoch: 32
2024-10-27 00:50:17,843 INFO =====> Loss info: {'particle_has_naninf': False, 'height_map_loss': 4.12890625, 'emd_loss': 8.275690078735352, 'total_loss': 4.12890625}
2024-10-27 00:50:17,843 INFO =====> Param: E: [445453.56], nu: [0.19523402], rho: [1990.5409], sand_angle: [40.]
2024-10-27 00:50:17,843 INFO =====> Grad: [-7.6005850e-03 -2.1192785e+04  3.4019764e+01 -6.1573315e+02]
2024-10-27 00:50:17,843 INFO =====> Num. aborted data so far: 0
2024-10-27 00:50:18,162 INFO ===> New TaichiEnv created.
2024-10-27 00:50:18,162 INFO ===> Specifications: horizon = 311, dt = 0.01, n_substeps = 20, dt_sub = 0.0005
2024-10-27 00:50:18,184 DEBUG loaded <trimesh.Trimesh(vertices.shape=(916, 3), faces.shape=(856, 3))> using `load_obj` in 0.0029s
2024-10-27 00:50:18,330 DEBUG loaded <trimesh.Trimesh(vertices.shape=(48, 3), faces.shape=(28, 3))> using `load_obj` in 0.0007s
2024-10-27 00:50:44,873 INFO =====> Epoch: 33
2024-10-27 00:50:44,874 INFO =====> Loss info: {'particle_has_naninf': False, 'height_map_loss': 4.123716354370117, 'emd_loss': 8.267106056213379, 'total_loss': 4.123716354370117}
2024-10-27 00:50:44,874 INFO =====> Param: E: [422489.3], nu: [0.18526983], rho: [2012.6309], sand_angle: [39.04785]
2024-10-27 00:50:44,874 INFO =====> Grad: [ 2.1621345e-02  1.5998334e+04 -1.4114877e+01  8.1255023e+02]
2024-10-27 00:50:44,874 INFO =====> Num. aborted data so far: 0
2024-10-27 00:50:45,200 INFO ===> New TaichiEnv created.
2024-10-27 00:50:45,200 INFO ===> Specifications: horizon = 311, dt = 0.01, n_substeps = 20, dt_sub = 0.0005
2024-10-27 00:50:45,223 DEBUG loaded <trimesh.Trimesh(vertices.shape=(916, 3), faces.shape=(856, 3))> using `load_obj` in 0.0029s
2024-10-27 00:50:45,365 DEBUG loaded <trimesh.Trimesh(vertices.shape=(48, 3), faces.shape=(28, 3))> using `load_obj` in 0.0007s
2024-10-27 00:51:11,879 INFO =====> Epoch: 34
2024-10-27 00:51:11,879 INFO =====> Loss info: {'particle_has_naninf': False, 'height_map_loss': 4.073318958282471, 'emd_loss': 8.254626274108887, 'total_loss': 4.073318958282471}
2024-10-27 00:51:11,879 INFO =====> Param: E: [396952.16], nu: [0.17782925], rho: [1990.4432], sand_angle: [39.034035]
2024-10-27 00:51:11,879 INFO =====> Grad: [2.4932815e-02 1.1660806e+04 1.3584215e+01 1.1187644e+01]
2024-10-27 00:51:11,879 INFO =====> Num. aborted data so far: 0
2024-10-27 00:51:12,232 INFO ===> New TaichiEnv created.
2024-10-27 00:51:12,232 INFO ===> Specifications: horizon = 311, dt = 0.01, n_substeps = 20, dt_sub = 0.0005
2024-10-27 00:51:12,257 DEBUG loaded <trimesh.Trimesh(vertices.shape=(916, 3), faces.shape=(856, 3))> using `load_obj` in 0.0030s
2024-10-27 00:51:12,418 DEBUG loaded <trimesh.Trimesh(vertices.shape=(48, 3), faces.shape=(28, 3))> using `load_obj` in 0.0008s
2024-10-27 00:51:39,057 INFO =====> Epoch: 35
2024-10-27 00:51:39,057 INFO =====> Loss info: {'particle_has_naninf': False, 'height_map_loss': 4.085713863372803, 'emd_loss': 8.44421672821045, 'total_loss': 4.085713863372803}
2024-10-27 00:51:39,058 INFO =====> Param: E: [413253.22], nu: [0.17719685], rho: [2026.3359], sand_angle: [39.392605]
2024-10-27 00:51:39,058 INFO =====> Grad: [-1.5626524e-02  9.4042914e+02 -2.1406183e+01 -2.7718991e+02]
2024-10-27 00:51:39,058 INFO =====> Num. aborted data so far: 0
2024-10-27 00:51:39,410 INFO ===> New TaichiEnv created.
2024-10-27 00:51:39,411 INFO ===> Specifications: horizon = 311, dt = 0.01, n_substeps = 20, dt_sub = 0.0005
2024-10-27 00:51:39,441 DEBUG loaded <trimesh.Trimesh(vertices.shape=(916, 3), faces.shape=(856, 3))> using `load_obj` in 0.0030s
2024-10-27 00:51:39,602 DEBUG loaded <trimesh.Trimesh(vertices.shape=(48, 3), faces.shape=(28, 3))> using `load_obj` in 0.0008s
2024-10-27 00:52:05,891 INFO =====> Epoch: 36
2024-10-27 00:52:05,891 INFO =====> Loss info: {'particle_has_naninf': False, 'height_map_loss': 4.094801425933838, 'emd_loss': 8.258397102355957, 'total_loss': 4.094801425933838}
2024-10-27 00:52:05,891 INFO =====> Param: E: [426641.16], nu: [0.18798856], rho: [2031.6422], sand_angle: [39.45605]
2024-10-27 00:52:05,892 INFO =====> Grad: [-1.2457669e-02 -1.6196790e+04 -3.0039160e+00 -4.6538013e+01]
2024-10-27 00:52:05,892 INFO =====> Num. aborted data so far: 0
2024-10-27 00:52:06,222 INFO ===> New TaichiEnv created.
2024-10-27 00:52:06,222 INFO ===> Specifications: horizon = 311, dt = 0.01, n_substeps = 20, dt_sub = 0.0005
2024-10-27 00:52:06,247 DEBUG loaded <trimesh.Trimesh(vertices.shape=(916, 3), faces.shape=(856, 3))> using `load_obj` in 0.0030s
2024-10-27 00:52:06,402 DEBUG loaded <trimesh.Trimesh(vertices.shape=(48, 3), faces.shape=(28, 3))> using `load_obj` in 0.0008s
2024-10-27 00:52:32,829 INFO =====> Epoch: 37
2024-10-27 00:52:32,829 INFO =====> Loss info: {'particle_has_naninf': False, 'height_map_loss': 4.085070610046387, 'emd_loss': 8.251072883605957, 'total_loss': 4.085070610046387}
2024-10-27 00:52:32,830 INFO =====> Param: E: [472771.1], nu: [0.2156608], rho: [2122.5776], sand_angle: [40.]
2024-10-27 00:52:32,830 INFO =====> Grad: [-5.9525188e-02 -8.1407844e+04 -5.9698788e+01 -2.4572036e+03]
2024-10-27 00:52:32,830 INFO =====> Num. aborted data so far: 0
2024-10-27 00:52:33,185 INFO ===> New TaichiEnv created.
2024-10-27 00:52:33,185 INFO ===> Specifications: horizon = 311, dt = 0.01, n_substeps = 20, dt_sub = 0.0005
2024-10-27 00:52:33,210 DEBUG loaded <trimesh.Trimesh(vertices.shape=(916, 3), faces.shape=(856, 3))> using `load_obj` in 0.0030s
2024-10-27 00:52:33,370 DEBUG loaded <trimesh.Trimesh(vertices.shape=(48, 3), faces.shape=(28, 3))> using `load_obj` in 0.0008s
2024-10-27 00:53:00,055 INFO =====> Epoch: 38
2024-10-27 00:53:00,055 INFO =====> Loss info: {'particle_has_naninf': False, 'height_map_loss': 4.116257190704346, 'emd_loss': 8.278430938720703, 'total_loss': 4.116257190704346}
2024-10-27 00:53:00,056 INFO =====> Param: E: [508866.75], nu: [0.23496264], rho: [2164.269], sand_angle: [40.]
2024-10-27 00:53:00,056 INFO =====> Grad: [-5.3811487e-02 -6.8007422e+04 -2.6918409e+01 -2.8794180e+03]
2024-10-27 00:53:00,056 INFO =====> Num. aborted data so far: 0
2024-10-27 00:53:00,412 INFO ===> New TaichiEnv created.
2024-10-27 00:53:00,412 INFO ===> Specifications: horizon = 311, dt = 0.01, n_substeps = 20, dt_sub = 0.0005
2024-10-27 00:53:00,436 DEBUG loaded <trimesh.Trimesh(vertices.shape=(916, 3), faces.shape=(856, 3))> using `load_obj` in 0.0030s
2024-10-27 00:53:00,601 DEBUG loaded <trimesh.Trimesh(vertices.shape=(48, 3), faces.shape=(28, 3))> using `load_obj` in 0.0008s
2024-10-27 00:53:27,153 INFO =====> Epoch: 39
2024-10-27 00:53:27,153 INFO =====> Loss info: {'particle_has_naninf': False, 'height_map_loss': 4.121064186096191, 'emd_loss': 8.255754470825195, 'total_loss': 4.121064186096191}
2024-10-27 00:53:27,153 INFO =====> Param: E: [533024.94], nu: [0.2525521], rho: [2198.4263], sand_angle: [40.]
2024-10-27 00:53:27,154 INFO =====> Grad: [-3.6970247e-02 -7.0747953e+04 -2.1428076e+01 -2.3963845e+03]
2024-10-27 00:53:27,154 INFO =====> Num. aborted data so far: 0
2024-10-27 00:53:27,470 INFO ===> New TaichiEnv created.
2024-10-27 00:53:27,471 INFO ===> Specifications: horizon = 311, dt = 0.01, n_substeps = 20, dt_sub = 0.0005
2024-10-27 00:53:27,493 DEBUG loaded <trimesh.Trimesh(vertices.shape=(916, 3), faces.shape=(856, 3))> using `load_obj` in 0.0028s
2024-10-27 00:53:27,633 DEBUG loaded <trimesh.Trimesh(vertices.shape=(48, 3), faces.shape=(28, 3))> using `load_obj` in 0.0007s
2024-10-27 00:53:54,219 INFO =====> Epoch: 40
2024-10-27 00:53:54,219 INFO =====> Loss info: {'particle_has_naninf': False, 'height_map_loss': 4.106403827667236, 'emd_loss': 8.262223243713379, 'total_loss': 4.106403827667236}
2024-10-27 00:53:54,219 INFO =====> Param: E: [545261.56], nu: [0.26383242], rho: [2200.], sand_angle: [40.]
2024-10-27 00:53:54,219 INFO =====> Grad: [-1.8107358e-02 -4.6074270e+04 -2.7739828e+00 -1.2223018e+03]
2024-10-27 00:53:54,219 INFO =====> Num. aborted data so far: 0
2024-10-27 00:53:54,583 INFO ===> New TaichiEnv created.
2024-10-27 00:53:54,583 INFO ===> Specifications: horizon = 311, dt = 0.01, n_substeps = 20, dt_sub = 0.0005
2024-10-27 00:53:54,612 DEBUG loaded <trimesh.Trimesh(vertices.shape=(916, 3), faces.shape=(856, 3))> using `load_obj` in 0.0032s
2024-10-27 00:53:54,774 DEBUG loaded <trimesh.Trimesh(vertices.shape=(48, 3), faces.shape=(28, 3))> using `load_obj` in 0.0008s
2024-10-27 00:54:21,395 INFO =====> Epoch: 41
2024-10-27 00:54:21,395 INFO =====> Loss info: {'particle_has_naninf': False, 'height_map_loss': 4.107998371124268, 'emd_loss': 8.061517715454102, 'total_loss': 4.107998371124268}
2024-10-27 00:54:21,395 INFO =====> Param: E: [544837.1], nu: [0.25918043], rho: [2190.6096], sand_angle: [39.36869]
2024-10-27 00:54:21,395 INFO =====> Grad: [5.958530e-04 1.822422e+04 5.313571e+00 8.922484e+02]
2024-10-27 00:54:21,395 INFO =====> Num. aborted data so far: 0
2024-10-27 00:54:21,712 INFO ===> New TaichiEnv created.
2024-10-27 00:54:21,712 INFO ===> Specifications: horizon = 311, dt = 0.01, n_substeps = 20, dt_sub = 0.0005
2024-10-27 00:54:21,737 DEBUG loaded <trimesh.Trimesh(vertices.shape=(916, 3), faces.shape=(856, 3))> using `load_obj` in 0.0030s
2024-10-27 00:54:21,886 DEBUG loaded <trimesh.Trimesh(vertices.shape=(48, 3), faces.shape=(28, 3))> using `load_obj` in 0.0007s
2024-10-27 00:54:48,248 INFO =====> Epoch: 42
2024-10-27 00:54:48,248 INFO =====> Loss info: {'particle_has_naninf': False, 'height_map_loss': 4.071366786956787, 'emd_loss': 8.044395446777344, 'total_loss': 4.071366786956787}
2024-10-27 00:54:48,248 INFO =====> Param: E: [548259.4], nu: [0.26440895], rho: [2155.6492], sand_angle: [39.34173]
2024-10-27 00:54:48,248 INFO =====> Grad: [-4.5645302e-03 -1.9702775e+04  1.9243429e+01  3.6151447e+01]
2024-10-27 00:54:48,248 INFO =====> Num. aborted data so far: 0
2024-10-27 00:54:48,613 INFO ===> New TaichiEnv created.
2024-10-27 00:54:48,613 INFO ===> Specifications: horizon = 311, dt = 0.01, n_substeps = 20, dt_sub = 0.0005
2024-10-27 00:54:48,638 DEBUG loaded <trimesh.Trimesh(vertices.shape=(916, 3), faces.shape=(856, 3))> using `load_obj` in 0.0030s
2024-10-27 00:54:48,801 DEBUG loaded <trimesh.Trimesh(vertices.shape=(48, 3), faces.shape=(28, 3))> using `load_obj` in 0.0008s
2024-10-27 00:55:15,328 INFO =====> Epoch: 43
2024-10-27 00:55:15,328 INFO =====> Loss info: {'particle_has_naninf': False, 'height_map_loss': 4.07285213470459, 'emd_loss': 8.04174518585205, 'total_loss': 4.07285213470459}
2024-10-27 00:55:15,329 INFO =====> Param: E: [561637.94], nu: [0.27156043], rho: [2159.7769], sand_angle: [39.817425]
2024-10-27 00:55:15,329 INFO =====> Grad: [-1.7320285e-02 -2.6246154e+04 -2.1561127e+00 -6.1207233e+02]
2024-10-27 00:55:15,329 INFO =====> Num. aborted data so far: 0
2024-10-27 00:55:15,657 INFO ===> New TaichiEnv created.
2024-10-27 00:55:15,657 INFO ===> Specifications: horizon = 311, dt = 0.01, n_substeps = 20, dt_sub = 0.0005
2024-10-27 00:55:15,679 DEBUG loaded <trimesh.Trimesh(vertices.shape=(916, 3), faces.shape=(856, 3))> using `load_obj` in 0.0028s
2024-10-27 00:55:15,827 DEBUG loaded <trimesh.Trimesh(vertices.shape=(48, 3), faces.shape=(28, 3))> using `load_obj` in 0.0007s
2024-10-27 00:55:42,414 INFO =====> Epoch: 44
2024-10-27 00:55:42,415 INFO =====> Loss info: {'particle_has_naninf': False, 'height_map_loss': 4.092594623565674, 'emd_loss': 7.897120952606201, 'total_loss': 4.092594623565674}
2024-10-27 00:55:42,415 INFO =====> Param: E: [581484.], nu: [0.28323445], rho: [2155.5513], sand_angle: [40.]
2024-10-27 00:55:42,415 INFO =====> Grad: [-2.5671434e-02 -4.3734684e+04  2.0948315e+00 -2.0624834e+03]
2024-10-27 00:55:42,415 INFO =====> Num. aborted data so far: 0
2024-10-27 00:55:42,738 INFO ===> New TaichiEnv created.
2024-10-27 00:55:42,738 INFO ===> Specifications: horizon = 311, dt = 0.01, n_substeps = 20, dt_sub = 0.0005
2024-10-27 00:55:42,761 DEBUG loaded <trimesh.Trimesh(vertices.shape=(916, 3), faces.shape=(856, 3))> using `load_obj` in 0.0028s
2024-10-27 00:55:42,909 DEBUG loaded <trimesh.Trimesh(vertices.shape=(48, 3), faces.shape=(28, 3))> using `load_obj` in 0.0007s
2024-10-27 00:56:09,510 INFO =====> Epoch: 45
2024-10-27 00:56:09,510 INFO =====> Loss info: {'particle_has_naninf': False, 'height_map_loss': 4.096156120300293, 'emd_loss': 7.899306297302246, 'total_loss': 4.096156120300293}
2024-10-27 00:56:09,511 INFO =====> Param: E: [579929.56], nu: [0.29087108], rho: [2093.1016], sand_angle: [40.]
2024-10-27 00:56:09,511 INFO =====> Grad: [ 1.9080719e-03 -2.7968969e+04  3.1969185e+01 -3.8939389e+02]
2024-10-27 00:56:09,511 INFO =====> Num. aborted data so far: 0
2024-10-27 00:56:09,853 INFO ===> New TaichiEnv created.
2024-10-27 00:56:09,853 INFO ===> Specifications: horizon = 311, dt = 0.01, n_substeps = 20, dt_sub = 0.0005
2024-10-27 00:56:09,877 DEBUG loaded <trimesh.Trimesh(vertices.shape=(916, 3), faces.shape=(856, 3))> using `load_obj` in 0.0028s
2024-10-27 00:56:10,036 DEBUG loaded <trimesh.Trimesh(vertices.shape=(48, 3), faces.shape=(28, 3))> using `load_obj` in 0.0008s
2024-10-27 00:56:36,385 INFO =====> Epoch: 46
2024-10-27 00:56:36,385 INFO =====> Loss info: {'particle_has_naninf': False, 'height_map_loss': 4.108080863952637, 'emd_loss': 7.900936126708984, 'total_loss': 4.108080863952637}
2024-10-27 00:56:36,385 INFO =====> Param: E: [561733.], nu: [0.27917165], rho: [2126.7354], sand_angle: [39.23113]
2024-10-27 00:56:36,385 INFO =====> Grad: [ 2.2125969e-02  4.3754703e+04 -1.6716734e+01  9.9164984e+02]
2024-10-27 00:56:36,385 INFO =====> Num. aborted data so far: 0
2024-10-27 00:56:36,762 INFO ===> New TaichiEnv created.
2024-10-27 00:56:36,762 INFO ===> Specifications: horizon = 311, dt = 0.01, n_substeps = 20, dt_sub = 0.0005
2024-10-27 00:56:36,788 DEBUG loaded <trimesh.Trimesh(vertices.shape=(916, 3), faces.shape=(856, 3))> using `load_obj` in 0.0030s
2024-10-27 00:56:36,951 DEBUG loaded <trimesh.Trimesh(vertices.shape=(48, 3), faces.shape=(28, 3))> using `load_obj` in 0.0008s
2024-10-27 00:57:03,758 INFO =====> Epoch: 47
2024-10-27 00:57:03,758 INFO =====> Loss info: {'particle_has_naninf': False, 'height_map_loss': 4.075037956237793, 'emd_loss': 8.044367790222168, 'total_loss': 4.075037956237793}
2024-10-27 00:57:03,758 INFO =====> Param: E: [533358.7], nu: [0.2631159], rho: [2070.1353], sand_angle: [37.50143]
2024-10-27 00:57:03,759 INFO =====> Grad: [3.6623579e-02 6.6122078e+04 2.8582024e+01 2.5280986e+03]
2024-10-27 00:57:03,759 INFO =====> Num. aborted data so far: 0
2024-10-27 00:57:04,122 INFO ===> New TaichiEnv created.
2024-10-27 00:57:04,122 INFO ===> Specifications: horizon = 311, dt = 0.01, n_substeps = 20, dt_sub = 0.0005
2024-10-27 00:57:04,157 DEBUG loaded <trimesh.Trimesh(vertices.shape=(916, 3), faces.shape=(856, 3))> using `load_obj` in 0.0041s
2024-10-27 00:57:04,342 DEBUG loaded <trimesh.Trimesh(vertices.shape=(48, 3), faces.shape=(28, 3))> using `load_obj` in 0.0008s
2024-10-27 00:57:31,090 INFO =====> Epoch: 48
2024-10-27 00:57:31,090 INFO =====> Loss info: {'particle_has_naninf': False, 'height_map_loss': 3.9832749366760254, 'emd_loss': 7.967677116394043, 'total_loss': 3.9832749366760254}
2024-10-27 00:57:31,090 INFO =====> Param: E: [548189.], nu: [0.27094156], rho: [2046.6134], sand_angle: [38.033173]
2024-10-27 00:57:31,090 INFO =====> Grad: [-1.86804496e-02 -3.15559746e+04  1.13953495e+01 -7.47953857e+02]
2024-10-27 00:57:31,090 INFO =====> Num. aborted data so far: 0
2024-10-27 00:57:31,422 INFO ===> New TaichiEnv created.
2024-10-27 00:57:31,422 INFO ===> Specifications: horizon = 311, dt = 0.01, n_substeps = 20, dt_sub = 0.0005
2024-10-27 00:57:31,444 DEBUG loaded <trimesh.Trimesh(vertices.shape=(916, 3), faces.shape=(856, 3))> using `load_obj` in 0.0028s
2024-10-27 00:57:31,594 DEBUG loaded <trimesh.Trimesh(vertices.shape=(48, 3), faces.shape=(28, 3))> using `load_obj` in 0.0007s
2024-10-27 00:57:58,112 INFO =====> Epoch: 49
2024-10-27 00:57:58,112 INFO =====> Loss info: {'particle_has_naninf': False, 'height_map_loss': 3.9927334785461426, 'emd_loss': 7.994758605957031, 'total_loss': 3.9927334785461426}
2024-10-27 00:57:58,112 INFO =====> Param: E: [539625.3], nu: [0.2651094], rho: [2095.9197], sand_angle: [36.901627]
2024-10-27 00:57:58,112 INFO =====> Grad: [ 1.0328510e-02  2.2700090e+04 -2.3850367e+01  1.6170297e+03]
2024-10-27 00:57:58,112 INFO =====> Num. aborted data so far: 0
2024-10-27 00:57:58,445 INFO ===> New TaichiEnv created.
2024-10-27 00:57:58,445 INFO ===> Specifications: horizon = 311, dt = 0.01, n_substeps = 20, dt_sub = 0.0005
2024-10-27 00:57:58,468 DEBUG loaded <trimesh.Trimesh(vertices.shape=(916, 3), faces.shape=(856, 3))> using `load_obj` in 0.0029s
2024-10-27 00:57:58,617 DEBUG loaded <trimesh.Trimesh(vertices.shape=(48, 3), faces.shape=(28, 3))> using `load_obj` in 0.0007s
2024-10-27 00:58:25,057 INFO =====> Epoch: 50
2024-10-27 00:58:25,057 INFO =====> Loss info: {'particle_has_naninf': False, 'height_map_loss': 3.960491418838501, 'emd_loss': 7.957855224609375, 'total_loss': 3.960491418838501}
2024-10-27 00:58:25,057 INFO =====> Param: E: [517320.1], nu: [0.25479862], rho: [2041.6034], sand_angle: [35.78405]
2024-10-27 00:58:25,057 INFO =====> Grad: [2.7273845e-02 4.0273242e+04 2.6540667e+01 1.6196313e+03]
2024-10-27 00:58:25,057 INFO =====> Num. aborted data so far: 0
2024-10-27 00:58:25,390 INFO ===> New TaichiEnv created.
2024-10-27 00:58:25,390 INFO ===> Specifications: horizon = 311, dt = 0.01, n_substeps = 20, dt_sub = 0.0005
2024-10-27 00:58:25,414 DEBUG loaded <trimesh.Trimesh(vertices.shape=(916, 3), faces.shape=(856, 3))> using `load_obj` in 0.0028s
2024-10-27 00:58:25,564 DEBUG loaded <trimesh.Trimesh(vertices.shape=(48, 3), faces.shape=(28, 3))> using `load_obj` in 0.0007s
2024-10-27 00:58:52,174 INFO =====> Epoch: 51
2024-10-27 00:58:52,174 INFO =====> Loss info: {'particle_has_naninf': False, 'height_map_loss': 3.9458706378936768, 'emd_loss': 7.960921287536621, 'total_loss': 3.9458706378936768}
2024-10-27 00:58:52,174 INFO =====> Param: E: [531274.06], nu: [0.26025015], rho: [2097.858], sand_angle: [36.14417]
2024-10-27 00:58:52,174 INFO =====> Grad: [-1.6595690e-02 -2.0507641e+04 -2.7902885e+01 -4.9835550e+02]
2024-10-27 00:58:52,174 INFO =====> Num. aborted data so far: 0
2024-10-27 00:58:52,512 INFO ===> New TaichiEnv created.
2024-10-27 00:58:52,512 INFO ===> Specifications: horizon = 311, dt = 0.01, n_substeps = 20, dt_sub = 0.0005
2024-10-27 00:58:52,535 DEBUG loaded <trimesh.Trimesh(vertices.shape=(916, 3), faces.shape=(856, 3))> using `load_obj` in 0.0028s
2024-10-27 00:58:52,682 DEBUG loaded <trimesh.Trimesh(vertices.shape=(48, 3), faces.shape=(28, 3))> using `load_obj` in 0.0008s
2024-10-27 00:59:19,202 INFO =====> Epoch: 52
2024-10-27 00:59:19,202 INFO =====> Loss info: {'particle_has_naninf': False, 'height_map_loss': 3.9354004859924316, 'emd_loss': 7.963150501251221, 'total_loss': 3.9354004859924316}
2024-10-27 00:59:19,202 INFO =====> Param: E: [516622.03], nu: [0.2531012], rho: [2066.1038], sand_angle: [35.937004]
2024-10-27 00:59:19,202 INFO =====> Grad: [1.6993986e-02 2.6191049e+04 1.5252971e+01 2.7256433e+02]
2024-10-27 00:59:19,202 INFO =====> Num. aborted data so far: 0
2024-10-27 00:59:19,549 INFO ===> New TaichiEnv created.
2024-10-27 00:59:19,550 INFO ===> Specifications: horizon = 311, dt = 0.01, n_substeps = 20, dt_sub = 0.0005
2024-10-27 00:59:19,575 DEBUG loaded <trimesh.Trimesh(vertices.shape=(916, 3), faces.shape=(856, 3))> using `load_obj` in 0.0031s
2024-10-27 00:59:19,734 DEBUG loaded <trimesh.Trimesh(vertices.shape=(48, 3), faces.shape=(28, 3))> using `load_obj` in 0.0008s
2024-10-27 00:59:46,194 INFO =====> Epoch: 53
2024-10-27 00:59:46,194 INFO =====> Loss info: {'particle_has_naninf': False, 'height_map_loss': 3.9334421157836914, 'emd_loss': 7.964324474334717, 'total_loss': 3.9334421157836914}
2024-10-27 00:59:46,194 INFO =====> Param: E: [513683.97], nu: [0.25569618], rho: [2088.0027], sand_angle: [35.5081]
2024-10-27 00:59:46,194 INFO =====> Grad: [ 3.2363008e-03 -9.0496426e+03 -1.0076386e+01  5.4033386e+02]
2024-10-27 00:59:46,194 INFO =====> Num. aborted data so far: 0
2024-10-27 00:59:46,521 INFO ===> New TaichiEnv created.
2024-10-27 00:59:46,521 INFO ===> Specifications: horizon = 311, dt = 0.01, n_substeps = 20, dt_sub = 0.0005
2024-10-27 00:59:46,543 DEBUG loaded <trimesh.Trimesh(vertices.shape=(916, 3), faces.shape=(856, 3))> using `load_obj` in 0.0029s
2024-10-27 00:59:46,691 DEBUG loaded <trimesh.Trimesh(vertices.shape=(48, 3), faces.shape=(28, 3))> using `load_obj` in 0.0007s
2024-10-27 01:00:13,251 INFO =====> Epoch: 54
2024-10-27 01:00:13,251 INFO =====> Loss info: {'particle_has_naninf': False, 'height_map_loss': 3.9260034561157227, 'emd_loss': 7.956726551055908, 'total_loss': 3.9260034561157227}
2024-10-27 01:00:13,251 INFO =====> Param: E: [528590.4], nu: [0.2598115], rho: [2111.4219], sand_angle: [36.141453]
2024-10-27 01:00:13,252 INFO =====> Grad: [-1.6028488e-02 -1.3731923e+04 -1.0336852e+01 -7.7260907e+02]
2024-10-27 01:00:13,252 INFO =====> Num. aborted data so far: 0
2024-10-27 01:00:13,596 INFO ===> New TaichiEnv created.
2024-10-27 01:00:13,597 INFO ===> Specifications: horizon = 311, dt = 0.01, n_substeps = 20, dt_sub = 0.0005
2024-10-27 01:00:13,621 DEBUG loaded <trimesh.Trimesh(vertices.shape=(916, 3), faces.shape=(856, 3))> using `load_obj` in 0.0046s
2024-10-27 01:00:13,771 DEBUG loaded <trimesh.Trimesh(vertices.shape=(48, 3), faces.shape=(28, 3))> using `load_obj` in 0.0007s
2024-10-27 01:00:40,226 INFO =====> Epoch: 55
2024-10-27 01:00:40,226 INFO =====> Loss info: {'particle_has_naninf': False, 'height_map_loss': 3.9477121829986572, 'emd_loss': 7.961267471313477, 'total_loss': 3.9477121829986572}
2024-10-27 01:00:40,226 INFO =====> Param: E: [530909.25], nu: [0.26670435], rho: [2149.704], sand_angle: [35.93221]
2024-10-27 01:00:40,226 INFO =====> Grad: [-2.3670930e-03 -2.2357318e+04 -1.6521666e+01  2.4268184e+02]
2024-10-27 01:00:40,226 INFO =====> Num. aborted data so far: 0
2024-10-27 01:00:40,554 INFO ===> New TaichiEnv created.
2024-10-27 01:00:40,554 INFO ===> Specifications: horizon = 311, dt = 0.01, n_substeps = 20, dt_sub = 0.0005
2024-10-27 01:00:40,576 DEBUG loaded <trimesh.Trimesh(vertices.shape=(916, 3), faces.shape=(856, 3))> using `load_obj` in 0.0029s
2024-10-27 01:00:40,719 DEBUG loaded <trimesh.Trimesh(vertices.shape=(48, 3), faces.shape=(28, 3))> using `load_obj` in 0.0007s
2024-10-27 01:01:07,077 INFO =====> Epoch: 56
2024-10-27 01:01:07,078 INFO =====> Loss info: {'particle_has_naninf': False, 'height_map_loss': 3.9350171089172363, 'emd_loss': 7.957664489746094, 'total_loss': 3.9350171089172363}
2024-10-27 01:01:07,078 INFO =====> Param: E: [537215.56], nu: [0.2748927], rho: [2149.781], sand_angle: [35.72392]
2024-10-27 01:01:07,078 INFO =====> Grad: [-6.1376090e-03 -2.6086000e+04 -3.1518891e-02  2.2967914e+02]
2024-10-27 01:01:07,078 INFO =====> Num. aborted data so far: 0
2024-10-27 01:01:07,418 INFO ===> New TaichiEnv created.
2024-10-27 01:01:07,418 INFO ===> Specifications: horizon = 311, dt = 0.01, n_substeps = 20, dt_sub = 0.0005
2024-10-27 01:01:07,441 DEBUG loaded <trimesh.Trimesh(vertices.shape=(916, 3), faces.shape=(856, 3))> using `load_obj` in 0.0028s
2024-10-27 01:01:07,589 DEBUG loaded <trimesh.Trimesh(vertices.shape=(48, 3), faces.shape=(28, 3))> using `load_obj` in 0.0007s
2024-10-27 01:01:34,244 INFO =====> Epoch: 57
2024-10-27 01:01:34,245 INFO =====> Loss info: {'particle_has_naninf': False, 'height_map_loss': 3.920891046524048, 'emd_loss': 7.953652858734131, 'total_loss': 3.920891046524048}
2024-10-27 01:01:34,245 INFO =====> Param: E: [515658.22], nu: [0.2622252], rho: [2105.5642], sand_angle: [35.487053]
2024-10-27 01:01:34,246 INFO =====> Grad: [2.1171832e-02 4.1783449e+04 1.7888363e+01 2.4848302e+02]
2024-10-27 01:01:34,246 INFO =====> Num. aborted data so far: 0
2024-10-27 01:01:34,621 INFO ===> New TaichiEnv created.
2024-10-27 01:01:34,621 INFO ===> Specifications: horizon = 311, dt = 0.01, n_substeps = 20, dt_sub = 0.0005
2024-10-27 01:01:34,647 DEBUG loaded <trimesh.Trimesh(vertices.shape=(916, 3), faces.shape=(856, 3))> using `load_obj` in 0.0030s
2024-10-27 01:01:34,820 DEBUG loaded <trimesh.Trimesh(vertices.shape=(48, 3), faces.shape=(28, 3))> using `load_obj` in 0.0008s
2024-10-27 01:02:01,180 INFO =====> Epoch: 58
2024-10-27 01:02:01,181 INFO =====> Loss info: {'particle_has_naninf': False, 'height_map_loss': 3.920909881591797, 'emd_loss': 7.953411102294922, 'total_loss': 3.920909881591797}
2024-10-27 01:02:01,181 INFO =====> Param: E: [494497.16], nu: [0.25072902], rho: [2088.9207], sand_angle: [35.0731]
2024-10-27 01:02:01,181 INFO =====> Grad: [2.0921987e-02 3.8616172e+04 6.4234562e+00 4.1554803e+02]
2024-10-27 01:02:01,181 INFO =====> Num. aborted data so far: 0
2024-10-27 01:02:01,515 INFO ===> New TaichiEnv created.
2024-10-27 01:02:01,515 INFO ===> Specifications: horizon = 311, dt = 0.01, n_substeps = 20, dt_sub = 0.0005
2024-10-27 01:02:01,539 DEBUG loaded <trimesh.Trimesh(vertices.shape=(916, 3), faces.shape=(856, 3))> using `load_obj` in 0.0029s
2024-10-27 01:02:01,698 DEBUG loaded <trimesh.Trimesh(vertices.shape=(48, 3), faces.shape=(28, 3))> using `load_obj` in 0.0008s
2024-10-27 01:02:28,196 INFO =====> Epoch: 59
2024-10-27 01:02:28,196 INFO =====> Loss info: {'particle_has_naninf': False, 'height_map_loss': 3.9257707595825195, 'emd_loss': 8.13568115234375, 'total_loss': 3.9257707595825195}
2024-10-27 01:02:28,196 INFO =====> Param: E: [517375.7], nu: [0.25796553], rho: [2055.9443], sand_angle: [35.474007]
2024-10-27 01:02:28,196 INFO =====> Grad: [-2.3018092e-02 -2.3688963e+04  1.2345368e+01 -3.8490439e+02]
2024-10-27 01:02:28,197 INFO =====> Num. aborted data so far: 0
2024-10-27 01:02:28,538 INFO ===> New TaichiEnv created.
2024-10-27 01:02:28,538 INFO ===> Specifications: horizon = 311, dt = 0.01, n_substeps = 20, dt_sub = 0.0005
2024-10-27 01:02:28,563 DEBUG loaded <trimesh.Trimesh(vertices.shape=(916, 3), faces.shape=(856, 3))> using `load_obj` in 0.0030s
2024-10-27 01:02:28,729 DEBUG loaded <trimesh.Trimesh(vertices.shape=(48, 3), faces.shape=(28, 3))> using `load_obj` in 0.0008s
2024-10-27 01:02:55,408 INFO =====> Epoch: 60
2024-10-27 01:02:55,408 INFO =====> Loss info: {'particle_has_naninf': False, 'height_map_loss': 3.9127042293548584, 'emd_loss': 7.950896263122559, 'total_loss': 3.9127042293548584}
2024-10-27 01:02:55,408 INFO =====> Param: E: [511002.25], nu: [0.2550226], rho: [2081.1797], sand_angle: [35.04139]
2024-10-27 01:02:55,408 INFO =====> Grad: [ 6.1143707e-03  9.1793037e+03 -9.0789127e+00  3.9777502e+02]
2024-10-27 01:02:55,408 INFO =====> Num. aborted data so far: 0
2024-10-27 01:02:55,759 INFO ===> New TaichiEnv created.
2024-10-27 01:02:55,759 INFO ===> Specifications: horizon = 311, dt = 0.01, n_substeps = 20, dt_sub = 0.0005
2024-10-27 01:02:55,782 DEBUG loaded <trimesh.Trimesh(vertices.shape=(916, 3), faces.shape=(856, 3))> using `load_obj` in 0.0029s
2024-10-27 01:02:55,928 DEBUG loaded <trimesh.Trimesh(vertices.shape=(48, 3), faces.shape=(28, 3))> using `load_obj` in 0.0007s
2024-10-27 01:03:22,416 INFO =====> Epoch: 61
2024-10-27 01:03:22,416 INFO =====> Loss info: {'particle_has_naninf': False, 'height_map_loss': 3.912853240966797, 'emd_loss': 7.939591407775879, 'total_loss': 3.912853240966797}
2024-10-27 01:03:22,417 INFO =====> Param: E: [508879.06], nu: [0.251889], rho: [2085.186], sand_angle: [34.283535]
2024-10-27 01:03:22,417 INFO =====> Grad: [ 1.9334414e-03  9.3182236e+03 -1.3678570e+00  6.8090265e+02]
2024-10-27 01:03:22,417 INFO =====> Num. aborted data so far: 0
2024-10-27 01:03:22,758 INFO ===> New TaichiEnv created.
2024-10-27 01:03:22,758 INFO ===> Specifications: horizon = 311, dt = 0.01, n_substeps = 20, dt_sub = 0.0005
2024-10-27 01:03:22,781 DEBUG loaded <trimesh.Trimesh(vertices.shape=(916, 3), faces.shape=(856, 3))> using `load_obj` in 0.0029s
2024-10-27 01:03:22,929 DEBUG loaded <trimesh.Trimesh(vertices.shape=(48, 3), faces.shape=(28, 3))> using `load_obj` in 0.0007s
2024-10-27 01:03:49,459 INFO =====> Epoch: 62
2024-10-27 01:03:49,460 INFO =====> Loss info: {'particle_has_naninf': False, 'height_map_loss': 3.895913600921631, 'emd_loss': 7.930972099304199, 'total_loss': 3.895913600921631}
2024-10-27 01:03:49,461 INFO =====> Param: E: [477865.97], nu: [0.23484088], rho: [1969.2225], sand_angle: [32.665047]
2024-10-27 01:03:49,461 INFO =====> Grad: [3.0742120e-02 5.7102434e+04 5.5253830e+01 1.6057861e+03]
2024-10-27 01:03:49,461 INFO =====> Num. aborted data so far: 0
2024-10-27 01:03:49,865 INFO ===> New TaichiEnv created.
2024-10-27 01:03:49,865 INFO ===> Specifications: horizon = 311, dt = 0.01, n_substeps = 20, dt_sub = 0.0005
2024-10-27 01:03:49,891 DEBUG loaded <trimesh.Trimesh(vertices.shape=(916, 3), faces.shape=(856, 3))> using `load_obj` in 0.0030s
2024-10-27 01:03:50,060 DEBUG loaded <trimesh.Trimesh(vertices.shape=(48, 3), faces.shape=(28, 3))> using `load_obj` in 0.0008s
2024-10-27 01:04:16,749 INFO =====> Epoch: 63
2024-10-27 01:04:16,750 INFO =====> Loss info: {'particle_has_naninf': False, 'height_map_loss': 3.8169047832489014, 'emd_loss': 8.310114860534668, 'total_loss': 3.8169047832489014}
2024-10-27 01:04:16,750 INFO =====> Param: E: [472152.3], nu: [0.23219919], rho: [1996.0193], sand_angle: [32.409916]
2024-10-27 01:04:16,750 INFO =====> Grad: [ 5.3951447e-03  8.4236963e+03 -1.2290565e+01  2.4092305e+02]
2024-10-27 01:04:16,750 INFO =====> Num. aborted data so far: 0
2024-10-27 01:04:17,087 INFO ===> New TaichiEnv created.
2024-10-27 01:04:17,088 INFO ===> Specifications: horizon = 311, dt = 0.01, n_substeps = 20, dt_sub = 0.0005
2024-10-27 01:04:17,111 DEBUG loaded <trimesh.Trimesh(vertices.shape=(916, 3), faces.shape=(856, 3))> using `load_obj` in 0.0028s
2024-10-27 01:04:17,261 DEBUG loaded <trimesh.Trimesh(vertices.shape=(48, 3), faces.shape=(28, 3))> using `load_obj` in 0.0007s
2024-10-27 01:04:44,000 INFO =====> Epoch: 64
2024-10-27 01:04:44,000 INFO =====> Loss info: {'particle_has_naninf': False, 'height_map_loss': 3.8057854175567627, 'emd_loss': 8.315028190612793, 'total_loss': 3.8057854175567627}
2024-10-27 01:04:44,001 INFO =====> Param: E: [450294.9], nu: [0.21855117], rho: [1896.8826], sand_angle: [30.83052]
2024-10-27 01:04:44,001 INFO =====> Grad: [2.0865513e-02 4.5768949e+04 5.5372761e+01 1.6332009e+03]
2024-10-27 01:04:44,001 INFO =====> Num. aborted data so far: 0
2024-10-27 01:04:44,394 INFO ===> New TaichiEnv created.
2024-10-27 01:04:44,395 INFO ===> Specifications: horizon = 311, dt = 0.01, n_substeps = 20, dt_sub = 0.0005
2024-10-27 01:04:44,420 DEBUG loaded <trimesh.Trimesh(vertices.shape=(916, 3), faces.shape=(856, 3))> using `load_obj` in 0.0030s
2024-10-27 01:04:44,590 DEBUG loaded <trimesh.Trimesh(vertices.shape=(48, 3), faces.shape=(28, 3))> using `load_obj` in 0.0008s
2024-10-27 01:05:11,422 INFO =====> Epoch: 65
2024-10-27 01:05:11,422 INFO =====> Loss info: {'particle_has_naninf': False, 'height_map_loss': 3.7462270259857178, 'emd_loss': 8.733552932739258, 'total_loss': 3.7462270259857178}
2024-10-27 01:05:11,422 INFO =====> Param: E: [460148.1], nu: [0.22331347], rho: [1868.429], sand_angle: [31.74985]
2024-10-27 01:05:11,423 INFO =====> Grad: [-9.03367158e-03 -1.53256963e+04  1.53274355e+01 -9.42573975e+02]
2024-10-27 01:05:11,423 INFO =====> Num. aborted data so far: 0
2024-10-27 01:05:11,873 INFO ===> New TaichiEnv created.
2024-10-27 01:05:11,874 INFO ===> Specifications: horizon = 311, dt = 0.01, n_substeps = 20, dt_sub = 0.0005
2024-10-27 01:05:11,899 DEBUG loaded <trimesh.Trimesh(vertices.shape=(916, 3), faces.shape=(856, 3))> using `load_obj` in 0.0030s
2024-10-27 01:05:12,056 DEBUG loaded <trimesh.Trimesh(vertices.shape=(48, 3), faces.shape=(28, 3))> using `load_obj` in 0.0007s
2024-10-27 01:05:38,863 INFO =====> Epoch: 66
2024-10-27 01:05:38,863 INFO =====> Loss info: {'particle_has_naninf': False, 'height_map_loss': 3.776484489440918, 'emd_loss': 8.32923412322998, 'total_loss': 3.776484489440918}
2024-10-27 01:05:38,863 INFO =====> Param: E: [479486.25], nu: [0.23148689], rho: [1909.4534], sand_angle: [32.25814]
2024-10-27 01:05:38,863 INFO =====> Grad: [-1.7665971e-02 -2.5831088e+04 -2.1708454e+01 -5.0091449e+02]
2024-10-27 01:05:38,863 INFO =====> Num. aborted data so far: 0
2024-10-27 01:05:39,213 INFO ===> New TaichiEnv created.
2024-10-27 01:05:39,213 INFO ===> Specifications: horizon = 311, dt = 0.01, n_substeps = 20, dt_sub = 0.0005
2024-10-27 01:05:39,236 DEBUG loaded <trimesh.Trimesh(vertices.shape=(916, 3), faces.shape=(856, 3))> using `load_obj` in 0.0030s
2024-10-27 01:05:39,385 DEBUG loaded <trimesh.Trimesh(vertices.shape=(48, 3), faces.shape=(28, 3))> using `load_obj` in 0.0007s
2024-10-27 01:06:05,865 INFO =====> Epoch: 67
2024-10-27 01:06:05,865 INFO =====> Loss info: {'particle_has_naninf': False, 'height_map_loss': 3.7883694171905518, 'emd_loss': 8.312277793884277, 'total_loss': 3.7883694171905518}
2024-10-27 01:06:05,865 INFO =====> Param: E: [479825.], nu: [0.2291862], rho: [1893.1602], sand_angle: [31.85876]
2024-10-27 01:06:05,865 INFO =====> Grad: [-2.9359112e-04  6.9162393e+03  8.2230396e+00  3.7639975e+02]
2024-10-27 01:06:05,865 INFO =====> Num. aborted data so far: 0
2024-10-27 01:06:06,242 INFO ===> New TaichiEnv created.
2024-10-27 01:06:06,242 INFO ===> Specifications: horizon = 311, dt = 0.01, n_substeps = 20, dt_sub = 0.0005
2024-10-27 01:06:06,268 DEBUG loaded <trimesh.Trimesh(vertices.shape=(916, 3), faces.shape=(856, 3))> using `load_obj` in 0.0030s
2024-10-27 01:06:06,432 DEBUG loaded <trimesh.Trimesh(vertices.shape=(48, 3), faces.shape=(28, 3))> using `load_obj` in 0.0008s
2024-10-27 01:06:32,890 INFO =====> Epoch: 68
2024-10-27 01:06:32,890 INFO =====> Loss info: {'particle_has_naninf': False, 'height_map_loss': 3.783766746520996, 'emd_loss': 8.317008018493652, 'total_loss': 3.783766746520996}
2024-10-27 01:06:32,890 INFO =====> Param: E: [493188.44], nu: [0.23842603], rho: [1922.2814], sand_angle: [32.785538]
2024-10-27 01:06:32,890 INFO =====> Grad: [-1.1241064e-02 -2.7553432e+04 -1.4185684e+01 -8.6668109e+02]
2024-10-27 01:06:32,890 INFO =====> Num. aborted data so far: 0
2024-10-27 01:06:33,308 INFO ===> New TaichiEnv created.
2024-10-27 01:06:33,308 INFO ===> Specifications: horizon = 311, dt = 0.01, n_substeps = 20, dt_sub = 0.0005
2024-10-27 01:06:33,332 DEBUG loaded <trimesh.Trimesh(vertices.shape=(916, 3), faces.shape=(856, 3))> using `load_obj` in 0.0030s
2024-10-27 01:06:33,486 DEBUG loaded <trimesh.Trimesh(vertices.shape=(48, 3), faces.shape=(28, 3))> using `load_obj` in 0.0007s
2024-10-27 01:06:59,921 INFO =====> Epoch: 69
2024-10-27 01:06:59,921 INFO =====> Loss info: {'particle_has_naninf': False, 'height_map_loss': 3.8008766174316406, 'emd_loss': 8.093814849853516, 'total_loss': 3.8008766174316406}
2024-10-27 01:06:59,921 INFO =====> Param: E: [498635.8], nu: [0.2364813], rho: [1949.2327], sand_angle: [33.030956]
2024-10-27 01:06:59,921 INFO =====> Grad: [-4.3632858e-03  5.5121104e+03 -1.2639944e+01 -2.1838657e+02]
2024-10-27 01:06:59,921 INFO =====> Num. aborted data so far: 0
2024-10-27 01:07:00,305 INFO ===> New TaichiEnv created.
2024-10-27 01:07:00,305 INFO ===> Specifications: horizon = 311, dt = 0.01, n_substeps = 20, dt_sub = 0.0005
2024-10-27 01:07:00,329 DEBUG loaded <trimesh.Trimesh(vertices.shape=(916, 3), faces.shape=(856, 3))> using `load_obj` in 0.0029s
2024-10-27 01:07:00,486 DEBUG loaded <trimesh.Trimesh(vertices.shape=(48, 3), faces.shape=(28, 3))> using `load_obj` in 0.0008s
2024-10-27 01:07:27,111 INFO =====> Epoch: 70
2024-10-27 01:07:27,111 INFO =====> Loss info: {'particle_has_naninf': False, 'height_map_loss': 3.8049144744873047, 'emd_loss': 8.30090618133545, 'total_loss': 3.8049144744873047}
2024-10-27 01:07:27,111 INFO =====> Param: E: [519009.5], nu: [0.24838299], rho: [1981.3826], sand_angle: [33.23995]
2024-10-27 01:07:27,111 INFO =====> Grad: [-1.6353441e-02 -3.4542520e+04 -1.4609471e+01 -1.7681363e+02]
2024-10-27 01:07:27,111 INFO =====> Num. aborted data so far: 0
2024-10-27 01:07:27,498 INFO ===> New TaichiEnv created.
2024-10-27 01:07:27,498 INFO ===> Specifications: horizon = 311, dt = 0.01, n_substeps = 20, dt_sub = 0.0005
2024-10-27 01:07:27,522 DEBUG loaded <trimesh.Trimesh(vertices.shape=(916, 3), faces.shape=(856, 3))> using `load_obj` in 0.0029s
2024-10-27 01:07:27,676 DEBUG loaded <trimesh.Trimesh(vertices.shape=(48, 3), faces.shape=(28, 3))> using `load_obj` in 0.0007s
2024-10-27 01:07:54,040 INFO =====> Epoch: 71
2024-10-27 01:07:54,040 INFO =====> Loss info: {'particle_has_naninf': False, 'height_map_loss': 3.815613031387329, 'emd_loss': 8.08508586883545, 'total_loss': 3.815613031387329}
2024-10-27 01:07:54,041 INFO =====> Param: E: [505693.34], nu: [0.24548395], rho: [1948.0724], sand_angle: [33.593876]
2024-10-27 01:07:54,041 INFO =====> Grad: [ 1.0372554e-02  8.0159043e+03  1.4689617e+01 -2.8586749e+02]
2024-10-27 01:07:54,041 INFO =====> Num. aborted data so far: 0
2024-10-27 01:07:54,377 INFO ===> New TaichiEnv created.
2024-10-27 01:07:54,377 INFO ===> Specifications: horizon = 311, dt = 0.01, n_substeps = 20, dt_sub = 0.0005
2024-10-27 01:07:54,401 DEBUG loaded <trimesh.Trimesh(vertices.shape=(916, 3), faces.shape=(856, 3))> using `load_obj` in 0.0029s
2024-10-27 01:07:54,547 DEBUG loaded <trimesh.Trimesh(vertices.shape=(48, 3), faces.shape=(28, 3))> using `load_obj` in 0.0007s
2024-10-27 01:08:21,166 INFO =====> Epoch: 72
2024-10-27 01:08:21,166 INFO =====> Loss info: {'particle_has_naninf': False, 'height_map_loss': 3.847649574279785, 'emd_loss': 8.098418235778809, 'total_loss': 3.847649574279785}
2024-10-27 01:08:21,166 INFO =====> Param: E: [512697.62], nu: [0.24394906], rho: [1959.1357], sand_angle: [33.502705]
2024-10-27 01:08:21,166 INFO =====> Grad: [-5.2080043e-03  4.0309966e+03 -4.6398988e+00  6.9889107e+01]
2024-10-27 01:08:21,166 INFO =====> Num. aborted data so far: 0
2024-10-27 01:08:21,511 INFO ===> New TaichiEnv created.
2024-10-27 01:08:21,511 INFO ===> Specifications: horizon = 311, dt = 0.01, n_substeps = 20, dt_sub = 0.0005
2024-10-27 01:08:21,537 DEBUG loaded <trimesh.Trimesh(vertices.shape=(916, 3), faces.shape=(856, 3))> using `load_obj` in 0.0029s
2024-10-27 01:08:21,698 DEBUG loaded <trimesh.Trimesh(vertices.shape=(48, 3), faces.shape=(28, 3))> using `load_obj` in 0.0008s
2024-10-27 01:08:48,339 INFO =====> Epoch: 73
2024-10-27 01:08:48,339 INFO =====> Loss info: {'particle_has_naninf': False, 'height_map_loss': 3.827681064605713, 'emd_loss': 8.086597442626953, 'total_loss': 3.827681064605713}
2024-10-27 01:08:48,339 INFO =====> Param: E: [502024.3], nu: [0.23293956], rho: [1955.0991], sand_angle: [31.61885]
2024-10-27 01:08:48,340 INFO =====> Grad: [7.6383976e-03 2.9260318e+04 1.6065769e+00 1.7056976e+03]
2024-10-27 01:08:48,340 INFO =====> Num. aborted data so far: 0
2024-10-27 01:08:48,699 INFO ===> New TaichiEnv created.
2024-10-27 01:08:48,700 INFO ===> Specifications: horizon = 311, dt = 0.01, n_substeps = 20, dt_sub = 0.0005
2024-10-27 01:08:48,725 DEBUG loaded <trimesh.Trimesh(vertices.shape=(916, 3), faces.shape=(856, 3))> using `load_obj` in 0.0030s
2024-10-27 01:08:48,888 DEBUG loaded <trimesh.Trimesh(vertices.shape=(48, 3), faces.shape=(28, 3))> using `load_obj` in 0.0008s
2024-10-27 01:09:15,662 INFO =====> Epoch: 74
2024-10-27 01:09:15,662 INFO =====> Loss info: {'particle_has_naninf': False, 'height_map_loss': 3.7720580101013184, 'emd_loss': 8.307929992675781, 'total_loss': 3.7720580101013184}
2024-10-27 01:09:15,663 INFO =====> Param: E: [500719.88], nu: [0.23029336], rho: [1930.3083], sand_angle: [31.363312]
2024-10-27 01:09:15,663 INFO =====> Grad: [8.8580744e-04 6.6954370e+03 9.4776344e+00 2.2021982e+02]
2024-10-27 01:09:15,663 INFO =====> Num. aborted data so far: 0
2024-10-27 01:09:16,027 INFO ===> New TaichiEnv created.
2024-10-27 01:09:16,027 INFO ===> Specifications: horizon = 311, dt = 0.01, n_substeps = 20, dt_sub = 0.0005
2024-10-27 01:09:16,060 DEBUG loaded <trimesh.Trimesh(vertices.shape=(916, 3), faces.shape=(856, 3))> using `load_obj` in 0.0049s
2024-10-27 01:09:16,224 DEBUG loaded <trimesh.Trimesh(vertices.shape=(48, 3), faces.shape=(28, 3))> using `load_obj` in 0.0008s
2024-10-27 01:09:42,763 INFO =====> Epoch: 75
2024-10-27 01:09:42,763 INFO =====> Loss info: {'particle_has_naninf': False, 'height_map_loss': 3.765483856201172, 'emd_loss': 8.300131797790527, 'total_loss': 3.765483856201172}
2024-10-27 01:09:42,764 INFO =====> Param: E: [497651.6], nu: [0.23738408], rho: [1971.6099], sand_angle: [32.46412]
2024-10-27 01:09:42,764 INFO =====> Grad: [ 1.9790002e-03 -1.7465104e+04 -1.5518253e+01 -9.6002209e+02]
2024-10-27 01:09:42,764 INFO =====> Num. aborted data so far: 0
2024-10-27 01:09:43,108 INFO ===> New TaichiEnv created.
2024-10-27 01:09:43,109 INFO ===> Specifications: horizon = 311, dt = 0.01, n_substeps = 20, dt_sub = 0.0005
2024-10-27 01:09:43,131 DEBUG loaded <trimesh.Trimesh(vertices.shape=(916, 3), faces.shape=(856, 3))> using `load_obj` in 0.0029s
2024-10-27 01:09:43,279 DEBUG loaded <trimesh.Trimesh(vertices.shape=(48, 3), faces.shape=(28, 3))> using `load_obj` in 0.0007s
2024-10-27 01:10:09,943 INFO =====> Epoch: 76
2024-10-27 01:10:09,943 INFO =====> Loss info: {'particle_has_naninf': False, 'height_map_loss': 3.80045485496521, 'emd_loss': 8.319747924804688, 'total_loss': 3.80045485496521}
2024-10-27 01:10:09,943 INFO =====> Param: E: [509440.38], nu: [0.24406952], rho: [2053.6565], sand_angle: [32.838486]
2024-10-27 01:10:09,943 INFO =====> Grad: [-7.3420708e-03 -1.5983106e+04 -3.4212059e+01 -3.1192670e+02]
2024-10-27 01:10:09,943 INFO =====> Num. aborted data so far: 0
2024-10-27 01:10:10,286 INFO ===> New TaichiEnv created.
2024-10-27 01:10:10,286 INFO ===> Specifications: horizon = 311, dt = 0.01, n_substeps = 20, dt_sub = 0.0005
2024-10-27 01:10:10,309 DEBUG loaded <trimesh.Trimesh(vertices.shape=(916, 3), faces.shape=(856, 3))> using `load_obj` in 0.0028s
2024-10-27 01:10:10,458 DEBUG loaded <trimesh.Trimesh(vertices.shape=(48, 3), faces.shape=(28, 3))> using `load_obj` in 0.0007s
2024-10-27 01:10:36,855 INFO =====> Epoch: 77
2024-10-27 01:10:36,855 INFO =====> Loss info: {'particle_has_naninf': False, 'height_map_loss': 3.8046889305114746, 'emd_loss': 8.308923721313477, 'total_loss': 3.8046889305114746}
2024-10-27 01:10:36,855 INFO =====> Param: E: [527066.3], nu: [0.25316378], rho: [2139.044], sand_angle: [33.55797]
2024-10-27 01:10:36,855 INFO =====> Grad: [-1.0843767e-02 -2.1536092e+04 -4.0133591e+01 -5.8403589e+02]
2024-10-27 01:10:36,855 INFO =====> Num. aborted data so far: 0
2024-10-27 01:10:37,244 INFO ===> New TaichiEnv created.
2024-10-27 01:10:37,244 INFO ===> Specifications: horizon = 311, dt = 0.01, n_substeps = 20, dt_sub = 0.0005
2024-10-27 01:10:37,269 DEBUG loaded <trimesh.Trimesh(vertices.shape=(916, 3), faces.shape=(856, 3))> using `load_obj` in 0.0029s
2024-10-27 01:10:37,425 DEBUG loaded <trimesh.Trimesh(vertices.shape=(48, 3), faces.shape=(28, 3))> using `load_obj` in 0.0008s
2024-10-27 01:11:04,129 INFO =====> Epoch: 78
2024-10-27 01:11:04,129 INFO =====> Loss info: {'particle_has_naninf': False, 'height_map_loss': 3.823915719985962, 'emd_loss': 7.933716773986816, 'total_loss': 3.823915719985962}
2024-10-27 01:11:04,129 INFO =====> Param: E: [531671.94], nu: [0.2501947], rho: [2139.593], sand_angle: [33.487892]
2024-10-27 01:11:04,129 INFO =====> Grad: [-2.6952014e-03  6.6998384e+03 -2.4486595e-01  5.3977871e+01]
2024-10-27 01:11:04,129 INFO =====> Num. aborted data so far: 0
2024-10-27 01:11:04,469 INFO ===> New TaichiEnv created.
2024-10-27 01:11:04,469 INFO ===> Specifications: horizon = 311, dt = 0.01, n_substeps = 20, dt_sub = 0.0005
2024-10-27 01:11:04,492 DEBUG loaded <trimesh.Trimesh(vertices.shape=(916, 3), faces.shape=(856, 3))> using `load_obj` in 0.0029s
2024-10-27 01:11:04,639 DEBUG loaded <trimesh.Trimesh(vertices.shape=(48, 3), faces.shape=(28, 3))> using `load_obj` in 0.0007s
2024-10-27 01:11:31,264 INFO =====> Epoch: 79
2024-10-27 01:11:31,264 INFO =====> Loss info: {'particle_has_naninf': False, 'height_map_loss': 3.8280344009399414, 'emd_loss': 8.09085464477539, 'total_loss': 3.8280344009399414}
2024-10-27 01:11:31,264 INFO =====> Param: E: [566745.75], nu: [0.26758468], rho: [2200.], sand_angle: [35.550453]
2024-10-27 01:11:31,264 INFO =====> Grad: [-2.3399731e-02 -4.4572070e+04 -4.3769226e+01 -1.9883727e+03]
2024-10-27 01:11:31,264 INFO =====> Num. aborted data so far: 0
2024-10-27 01:11:31,645 INFO ===> New TaichiEnv created.
2024-10-27 01:11:31,646 INFO ===> Specifications: horizon = 311, dt = 0.01, n_substeps = 20, dt_sub = 0.0005
2024-10-27 01:11:31,670 DEBUG loaded <trimesh.Trimesh(vertices.shape=(916, 3), faces.shape=(856, 3))> using `load_obj` in 0.0029s
2024-10-27 01:11:31,827 DEBUG loaded <trimesh.Trimesh(vertices.shape=(48, 3), faces.shape=(28, 3))> using `load_obj` in 0.0007s
2024-10-27 01:11:58,424 INFO =====> Epoch: 80
2024-10-27 01:11:58,425 INFO =====> Loss info: {'particle_has_naninf': False, 'height_map_loss': 3.9141392707824707, 'emd_loss': 7.946480751037598, 'total_loss': 3.9141392707824707}
2024-10-27 01:11:58,425 INFO =====> Param: E: [532905.25], nu: [0.26273516], rho: [2200.], sand_angle: [34.60433]
2024-10-27 01:11:58,425 INFO =====> Grad: [ 2.5352882e-02  1.1933077e+04 -1.0849772e+01  9.0682880e+02]
2024-10-27 01:11:58,425 INFO =====> Num. aborted data so far: 0
2024-10-27 01:11:58,790 INFO ===> New TaichiEnv created.
2024-10-27 01:11:58,790 INFO ===> Specifications: horizon = 311, dt = 0.01, n_substeps = 20, dt_sub = 0.0005
2024-10-27 01:11:58,814 DEBUG loaded <trimesh.Trimesh(vertices.shape=(916, 3), faces.shape=(856, 3))> using `load_obj` in 0.0028s
2024-10-27 01:11:58,964 DEBUG loaded <trimesh.Trimesh(vertices.shape=(48, 3), faces.shape=(28, 3))> using `load_obj` in 0.0007s
2024-10-27 01:12:25,472 INFO =====> Epoch: 81
2024-10-27 01:12:25,473 INFO =====> Loss info: {'particle_has_naninf': False, 'height_map_loss': 3.8977153301239014, 'emd_loss': 7.941473007202148, 'total_loss': 3.8977153301239014}
2024-10-27 01:12:25,473 INFO =====> Param: E: [511002.4], nu: [0.25623298], rho: [2151.5637], sand_angle: [34.55193]
2024-10-27 01:12:25,473 INFO =====> Grad: [1.6594116e-02 1.5510088e+04 2.3386780e+01 4.7653004e+01]
2024-10-27 01:12:25,473 INFO =====> Num. aborted data so far: 0
2024-10-27 01:12:25,834 INFO ===> New TaichiEnv created.
2024-10-27 01:12:25,834 INFO ===> Specifications: horizon = 311, dt = 0.01, n_substeps = 20, dt_sub = 0.0005
2024-10-27 01:12:25,861 DEBUG loaded <trimesh.Trimesh(vertices.shape=(916, 3), faces.shape=(856, 3))> using `load_obj` in 0.0030s
2024-10-27 01:12:26,021 DEBUG loaded <trimesh.Trimesh(vertices.shape=(48, 3), faces.shape=(28, 3))> using `load_obj` in 0.0008s
2024-10-27 01:12:52,665 INFO =====> Epoch: 82
2024-10-27 01:12:52,665 INFO =====> Loss info: {'particle_has_naninf': False, 'height_map_loss': 3.9028491973876953, 'emd_loss': 8.126399993896484, 'total_loss': 3.9028491973876953}
2024-10-27 01:12:52,665 INFO =====> Param: E: [510530.78], nu: [0.25538376], rho: [2189.9006], sand_angle: [33.362343]
2024-10-27 01:12:52,666 INFO =====> Grad: [ 3.3898672e-04  1.9224656e+03 -1.8100613e+01  1.1076624e+03]
2024-10-27 01:12:52,666 INFO =====> Num. aborted data so far: 0
2024-10-27 01:12:53,070 INFO ===> New TaichiEnv created.
2024-10-27 01:12:53,070 INFO ===> Specifications: horizon = 311, dt = 0.01, n_substeps = 20, dt_sub = 0.0005
2024-10-27 01:12:53,098 DEBUG loaded <trimesh.Trimesh(vertices.shape=(916, 3), faces.shape=(856, 3))> using `load_obj` in 0.0031s
2024-10-27 01:12:53,273 DEBUG loaded <trimesh.Trimesh(vertices.shape=(48, 3), faces.shape=(28, 3))> using `load_obj` in 0.0008s
2024-10-27 01:13:20,026 INFO =====> Epoch: 83
2024-10-27 01:13:20,026 INFO =====> Loss info: {'particle_has_naninf': False, 'height_map_loss': 3.8232505321502686, 'emd_loss': 8.2952241897583, 'total_loss': 3.8232505321502686}
2024-10-27 01:13:20,027 INFO =====> Param: E: [514271.9], nu: [0.25920662], rho: [2160.5032], sand_angle: [32.66816]
2024-10-27 01:13:20,027 INFO =====> Grad: [-2.5554842e-03 -8.2706650e+03  1.3401350e+01  6.2853729e+02]
2024-10-27 01:13:20,027 INFO =====> Num. aborted data so far: 0
2024-10-27 01:13:20,365 INFO ===> New TaichiEnv created.
2024-10-27 01:13:20,365 INFO ===> Specifications: horizon = 311, dt = 0.01, n_substeps = 20, dt_sub = 0.0005
2024-10-27 01:13:20,388 DEBUG loaded <trimesh.Trimesh(vertices.shape=(916, 3), faces.shape=(856, 3))> using `load_obj` in 0.0028s
2024-10-27 01:13:20,537 DEBUG loaded <trimesh.Trimesh(vertices.shape=(48, 3), faces.shape=(28, 3))> using `load_obj` in 0.0007s
2024-10-27 01:13:47,045 INFO =====> Epoch: 84
2024-10-27 01:13:47,045 INFO =====> Loss info: {'particle_has_naninf': False, 'height_map_loss': 3.801003932952881, 'emd_loss': 8.30193042755127, 'total_loss': 3.801003932952881}
2024-10-27 01:13:47,045 INFO =====> Param: E: [518100.12], nu: [0.25868502], rho: [2168.2615], sand_angle: [33.1866]
2024-10-27 01:13:47,045 INFO =====> Grad: [-2.4853407e-03  1.0706760e+03 -3.3593261e+00 -4.5143188e+02]
2024-10-27 01:13:47,045 INFO =====> Num. aborted data so far: 0
2024-10-27 01:13:47,445 INFO ===> New TaichiEnv created.
2024-10-27 01:13:47,445 INFO ===> Specifications: horizon = 311, dt = 0.01, n_substeps = 20, dt_sub = 0.0005
2024-10-27 01:13:47,469 DEBUG loaded <trimesh.Trimesh(vertices.shape=(916, 3), faces.shape=(856, 3))> using `load_obj` in 0.0029s
2024-10-27 01:13:47,634 DEBUG loaded <trimesh.Trimesh(vertices.shape=(48, 3), faces.shape=(28, 3))> using `load_obj` in 0.0013s
2024-10-27 01:14:14,403 INFO =====> Epoch: 85
2024-10-27 01:14:14,403 INFO =====> Loss info: {'particle_has_naninf': False, 'height_map_loss': 3.8179879188537598, 'emd_loss': 8.09400749206543, 'total_loss': 3.8179879188537598}
2024-10-27 01:14:14,403 INFO =====> Param: E: [492656.84], nu: [0.24806084], rho: [2131.338], sand_angle: [33.634315]
2024-10-27 01:14:14,404 INFO =====> Grad: [ 1.7116655e-02  2.1966227e+04  1.5598611e+01 -3.7360565e+02]
2024-10-27 01:14:14,404 INFO =====> Num. aborted data so far: 0
2024-10-27 01:14:14,739 INFO ===> New TaichiEnv created.
2024-10-27 01:14:14,739 INFO ===> Specifications: horizon = 311, dt = 0.01, n_substeps = 20, dt_sub = 0.0005
2024-10-27 01:14:14,762 DEBUG loaded <trimesh.Trimesh(vertices.shape=(916, 3), faces.shape=(856, 3))> using `load_obj` in 0.0028s
2024-10-27 01:14:14,907 DEBUG loaded <trimesh.Trimesh(vertices.shape=(48, 3), faces.shape=(28, 3))> using `load_obj` in 0.0007s
2024-10-27 01:14:41,657 INFO =====> Epoch: 86
2024-10-27 01:14:41,657 INFO =====> Loss info: {'particle_has_naninf': False, 'height_map_loss': 3.8443057537078857, 'emd_loss': 8.319429397583008, 'total_loss': 3.8443057537078857}
2024-10-27 01:14:41,657 INFO =====> Param: E: [464041.56], nu: [0.23551814], rho: [2114.8528], sand_angle: [31.800768]
2024-10-27 01:14:41,657 INFO =====> Grad: [2.0478679e-02 2.6800324e+04 6.6430826e+00 1.7815750e+03]
2024-10-27 01:14:41,657 INFO =====> Num. aborted data so far: 0
2024-10-27 01:14:42,017 INFO ===> New TaichiEnv created.
2024-10-27 01:14:42,017 INFO ===> Specifications: horizon = 311, dt = 0.01, n_substeps = 20, dt_sub = 0.0005
2024-10-27 01:14:42,042 DEBUG loaded <trimesh.Trimesh(vertices.shape=(916, 3), faces.shape=(856, 3))> using `load_obj` in 0.0029s
2024-10-27 01:14:42,192 DEBUG loaded <trimesh.Trimesh(vertices.shape=(48, 3), faces.shape=(28, 3))> using `load_obj` in 0.0007s
2024-10-27 01:15:08,740 INFO =====> Epoch: 87
2024-10-27 01:15:08,741 INFO =====> Loss info: {'particle_has_naninf': False, 'height_map_loss': 3.7944347858428955, 'emd_loss': 8.764785766601562, 'total_loss': 3.7944347858428955}
2024-10-27 01:15:08,741 INFO =====> Param: E: [484671.1], nu: [0.23888835], rho: [2083.536], sand_angle: [32.465282]
2024-10-27 01:15:08,741 INFO =====> Grad: [-1.4816356e-02 -6.8708203e+03  1.2214219e+01 -6.2653241e+02]
2024-10-27 01:15:08,741 INFO =====> Num. aborted data so far: 0
2024-10-27 01:15:09,130 INFO ===> New TaichiEnv created.
2024-10-27 01:15:09,130 INFO ===> Specifications: horizon = 311, dt = 0.01, n_substeps = 20, dt_sub = 0.0005
2024-10-27 01:15:09,157 DEBUG loaded <trimesh.Trimesh(vertices.shape=(916, 3), faces.shape=(856, 3))> using `load_obj` in 0.0030s
2024-10-27 01:15:09,327 DEBUG loaded <trimesh.Trimesh(vertices.shape=(48, 3), faces.shape=(28, 3))> using `load_obj` in 0.0008s
2024-10-27 01:15:36,132 INFO =====> Epoch: 88
2024-10-27 01:15:36,132 INFO =====> Loss info: {'particle_has_naninf': False, 'height_map_loss': 3.807727813720703, 'emd_loss': 8.311305046081543, 'total_loss': 3.807727813720703}
2024-10-27 01:15:36,132 INFO =====> Param: E: [518687.34], nu: [0.25037593], rho: [2124.155], sand_angle: [33.29956]
2024-10-27 01:15:36,132 INFO =====> Grad: [-2.7492212e-02 -2.3846889e+04 -1.5551175e+01 -7.7363611e+02]
2024-10-27 01:15:36,132 INFO =====> Num. aborted data so far: 0
2024-10-27 01:15:36,483 INFO ===> New TaichiEnv created.
2024-10-27 01:15:36,483 INFO ===> Specifications: horizon = 311, dt = 0.01, n_substeps = 20, dt_sub = 0.0005
2024-10-27 01:15:36,506 DEBUG loaded <trimesh.Trimesh(vertices.shape=(916, 3), faces.shape=(856, 3))> using `load_obj` in 0.0029s
2024-10-27 01:15:36,657 DEBUG loaded <trimesh.Trimesh(vertices.shape=(48, 3), faces.shape=(28, 3))> using `load_obj` in 0.0007s
2024-10-27 01:16:03,191 INFO =====> Epoch: 89
2024-10-27 01:16:03,192 INFO =====> Loss info: {'particle_has_naninf': False, 'height_map_loss': 3.8185782432556152, 'emd_loss': 8.300346374511719, 'total_loss': 3.8185782432556152}
2024-10-27 01:16:03,192 INFO =====> Param: E: [522139.1], nu: [0.24651639], rho: [2076.1694], sand_angle: [34.175335]
2024-10-27 01:16:03,192 INFO =====> Grad: [-2.6505273e-03  7.6580620e+03  1.8291452e+01 -8.0180627e+02]
2024-10-27 01:16:03,192 INFO =====> Num. aborted data so far: 0
2024-10-27 01:16:03,572 INFO ===> New TaichiEnv created.
2024-10-27 01:16:03,572 INFO ===> Specifications: horizon = 311, dt = 0.01, n_substeps = 20, dt_sub = 0.0005
2024-10-27 01:16:03,596 DEBUG loaded <trimesh.Trimesh(vertices.shape=(916, 3), faces.shape=(856, 3))> using `load_obj` in 0.0028s
2024-10-27 01:16:03,751 DEBUG loaded <trimesh.Trimesh(vertices.shape=(48, 3), faces.shape=(28, 3))> using `load_obj` in 0.0007s
2024-10-27 01:16:30,319 INFO =====> Epoch: 90
2024-10-27 01:16:30,319 INFO =====> Loss info: {'particle_has_naninf': False, 'height_map_loss': 3.880134344100952, 'emd_loss': 7.9444193840026855, 'total_loss': 3.880134344100952}
2024-10-27 01:16:30,319 INFO =====> Param: E: [547316.9], nu: [0.25759217], rho: [2126.6282], sand_angle: [34.81368]
2024-10-27 01:16:30,320 INFO =====> Grad: [-1.9993942e-02 -2.2258611e+04 -1.9253901e+01 -5.6609094e+02]
2024-10-27 01:16:30,320 INFO =====> Num. aborted data so far: 0
2024-10-27 01:16:30,667 INFO ===> New TaichiEnv created.
2024-10-27 01:16:30,667 INFO ===> Specifications: horizon = 311, dt = 0.01, n_substeps = 20, dt_sub = 0.0005
2024-10-27 01:16:30,690 DEBUG loaded <trimesh.Trimesh(vertices.shape=(916, 3), faces.shape=(856, 3))> using `load_obj` in 0.0028s
2024-10-27 01:16:30,843 DEBUG loaded <trimesh.Trimesh(vertices.shape=(48, 3), faces.shape=(28, 3))> using `load_obj` in 0.0007s
2024-10-27 01:16:57,353 INFO =====> Epoch: 91
2024-10-27 01:16:57,353 INFO =====> Loss info: {'particle_has_naninf': False, 'height_map_loss': 3.9152238368988037, 'emd_loss': 7.928592681884766, 'total_loss': 3.9152238368988037}
2024-10-27 01:16:57,353 INFO =====> Param: E: [543954.25], nu: [0.2545675], rho: [2040.7256], sand_angle: [35.71603]
2024-10-27 01:16:57,353 INFO =====> Grad: [ 2.5368575e-03  5.7932134e+03  3.7039692e+01 -7.9208453e+02]
2024-10-27 01:16:57,353 INFO =====> Num. aborted data so far: 0
2024-10-27 01:16:57,708 INFO ===> New TaichiEnv created.
2024-10-27 01:16:57,708 INFO ===> Specifications: horizon = 311, dt = 0.01, n_substeps = 20, dt_sub = 0.0005
2024-10-27 01:16:57,732 DEBUG loaded <trimesh.Trimesh(vertices.shape=(916, 3), faces.shape=(856, 3))> using `load_obj` in 0.0028s
2024-10-27 01:16:57,884 DEBUG loaded <trimesh.Trimesh(vertices.shape=(48, 3), faces.shape=(28, 3))> using `load_obj` in 0.0007s
2024-10-27 01:17:24,342 INFO =====> Epoch: 92
2024-10-27 01:17:24,342 INFO =====> Loss info: {'particle_has_naninf': False, 'height_map_loss': 3.916210412979126, 'emd_loss': 7.953498840332031, 'total_loss': 3.916210412979126}
2024-10-27 01:17:24,342 INFO =====> Param: E: [519928.94], nu: [0.23923063], rho: [1982.4816], sand_angle: [33.650017]
2024-10-27 01:17:24,342 INFO =====> Grad: [1.8588634e-02 3.1866240e+04 2.5627174e+01 2.2725442e+03]
2024-10-27 01:17:24,342 INFO =====> Num. aborted data so far: 0
2024-10-27 01:17:24,691 INFO ===> New TaichiEnv created.
2024-10-27 01:17:24,692 INFO ===> Specifications: horizon = 311, dt = 0.01, n_substeps = 20, dt_sub = 0.0005
2024-10-27 01:17:24,715 DEBUG loaded <trimesh.Trimesh(vertices.shape=(916, 3), faces.shape=(856, 3))> using `load_obj` in 0.0029s
2024-10-27 01:17:24,867 DEBUG loaded <trimesh.Trimesh(vertices.shape=(48, 3), faces.shape=(28, 3))> using `load_obj` in 0.0007s
2024-10-27 01:17:51,443 INFO =====> Epoch: 93
2024-10-27 01:17:51,443 INFO =====> Loss info: {'particle_has_naninf': False, 'height_map_loss': 3.860823631286621, 'emd_loss': 8.10277271270752, 'total_loss': 3.860823631286621}
2024-10-27 01:17:51,443 INFO =====> Param: E: [517000.6], nu: [0.23451605], rho: [2021.2616], sand_angle: [33.345634]
2024-10-27 01:17:51,443 INFO =====> Grad: [ 2.1517426e-03  9.3980684e+03 -1.6697483e+01  3.1910916e+02]
2024-10-27 01:17:51,443 INFO =====> Num. aborted data so far: 0
2024-10-27 01:17:51,805 INFO ===> New TaichiEnv created.
2024-10-27 01:17:51,805 INFO ===> Specifications: horizon = 311, dt = 0.01, n_substeps = 20, dt_sub = 0.0005
2024-10-27 01:17:51,830 DEBUG loaded <trimesh.Trimesh(vertices.shape=(916, 3), faces.shape=(856, 3))> using `load_obj` in 0.0028s
2024-10-27 01:17:51,995 DEBUG loaded <trimesh.Trimesh(vertices.shape=(48, 3), faces.shape=(28, 3))> using `load_obj` in 0.0007s
2024-10-27 01:18:18,615 INFO =====> Epoch: 94
2024-10-27 01:18:18,615 INFO =====> Loss info: {'particle_has_naninf': False, 'height_map_loss': 3.8134360313415527, 'emd_loss': 8.295729637145996, 'total_loss': 3.8134360313415527}
2024-10-27 01:18:18,615 INFO =====> Param: E: [510348.75], nu: [0.2365157], rho: [2035.3627], sand_angle: [33.203205]
2024-10-27 01:18:18,615 INFO =====> Grad: [ 4.6627768e-03 -3.7891306e+03 -5.7829628e+00  1.4180249e+02]
2024-10-27 01:18:18,615 INFO =====> Num. aborted data so far: 0
2024-10-27 01:18:18,967 INFO ===> New TaichiEnv created.
2024-10-27 01:18:18,967 INFO ===> Specifications: horizon = 311, dt = 0.01, n_substeps = 20, dt_sub = 0.0005
2024-10-27 01:18:18,991 DEBUG loaded <trimesh.Trimesh(vertices.shape=(916, 3), faces.shape=(856, 3))> using `load_obj` in 0.0029s
2024-10-27 01:18:19,145 DEBUG loaded <trimesh.Trimesh(vertices.shape=(48, 3), faces.shape=(28, 3))> using `load_obj` in 0.0007s
2024-10-27 01:18:45,725 INFO =====> Epoch: 95
2024-10-27 01:18:45,725 INFO =====> Loss info: {'particle_has_naninf': False, 'height_map_loss': 3.822380542755127, 'emd_loss': 8.290623664855957, 'total_loss': 3.822380542755127}
2024-10-27 01:18:45,725 INFO =====> Param: E: [531964.6], nu: [0.24914162], rho: [2101.1357], sand_angle: [33.331615]
2024-10-27 01:18:45,726 INFO =====> Grad: [-1.5295747e-02 -2.4756010e+04 -2.8140156e+01 -1.2138386e+02]
2024-10-27 01:18:45,726 INFO =====> Num. aborted data so far: 0
2024-10-27 01:18:46,094 INFO ===> New TaichiEnv created.
2024-10-27 01:18:46,094 INFO ===> Specifications: horizon = 311, dt = 0.01, n_substeps = 20, dt_sub = 0.0005
2024-10-27 01:18:46,121 DEBUG loaded <trimesh.Trimesh(vertices.shape=(916, 3), faces.shape=(856, 3))> using `load_obj` in 0.0030s
2024-10-27 01:18:46,285 DEBUG loaded <trimesh.Trimesh(vertices.shape=(48, 3), faces.shape=(28, 3))> using `load_obj` in 0.0008s
2024-10-27 01:19:13,127 INFO =====> Epoch: 96
2024-10-27 01:19:13,128 INFO =====> Loss info: {'particle_has_naninf': False, 'height_map_loss': 3.819118022918701, 'emd_loss': 8.09255599975586, 'total_loss': 3.819118022918701}
2024-10-27 01:19:13,128 INFO =====> Param: E: [517869.78], nu: [0.24363346], rho: [2016.3268], sand_angle: [32.338264]
2024-10-27 01:19:13,128 INFO =====> Grad: [9.7060082e-03 1.0404838e+04 4.0785931e+01 9.3831110e+02]
2024-10-27 01:19:13,128 INFO =====> Num. aborted data so far: 0
2024-10-27 01:19:13,492 INFO ===> New TaichiEnv created.
2024-10-27 01:19:13,492 INFO ===> Specifications: horizon = 311, dt = 0.01, n_substeps = 20, dt_sub = 0.0005
2024-10-27 01:19:13,525 DEBUG loaded <trimesh.Trimesh(vertices.shape=(916, 3), faces.shape=(856, 3))> using `load_obj` in 0.0030s
2024-10-27 01:19:13,690 DEBUG loaded <trimesh.Trimesh(vertices.shape=(48, 3), faces.shape=(28, 3))> using `load_obj` in 0.0008s
2024-10-27 01:19:40,384 INFO =====> Epoch: 97
2024-10-27 01:19:40,385 INFO =====> Loss info: {'particle_has_naninf': False, 'height_map_loss': 3.794820547103882, 'emd_loss': 8.096160888671875, 'total_loss': 3.794820547103882}
2024-10-27 01:19:40,385 INFO =====> Param: E: [519949.78], nu: [0.24400362], rho: [1977.4377], sand_angle: [31.57367]
2024-10-27 01:19:40,385 INFO =====> Grad: [-1.3595688e-03 -6.6338837e+02  1.8304903e+01  7.0611823e+02]
2024-10-27 01:19:40,385 INFO =====> Num. aborted data so far: 0
2024-10-27 01:19:40,738 INFO ===> New TaichiEnv created.
2024-10-27 01:19:40,739 INFO ===> Specifications: horizon = 311, dt = 0.01, n_substeps = 20, dt_sub = 0.0005
2024-10-27 01:19:40,762 DEBUG loaded <trimesh.Trimesh(vertices.shape=(916, 3), faces.shape=(856, 3))> using `load_obj` in 0.0028s
2024-10-27 01:19:40,915 DEBUG loaded <trimesh.Trimesh(vertices.shape=(48, 3), faces.shape=(28, 3))> using `load_obj` in 0.0007s
2024-10-27 01:20:07,407 INFO =====> Epoch: 98
2024-10-27 01:20:07,408 INFO =====> Loss info: {'particle_has_naninf': False, 'height_map_loss': 3.7754695415496826, 'emd_loss': 8.076074600219727, 'total_loss': 3.7754695415496826}
2024-10-27 01:20:07,408 INFO =====> Param: E: [509080.78], nu: [0.24041899], rho: [2039.9917], sand_angle: [31.566216]
2024-10-27 01:20:07,408 INFO =====> Grad: [ 6.8415962e-03  6.1341660e+03 -3.0414362e+01  6.5302610e+00]
2024-10-27 01:20:07,408 INFO =====> Num. aborted data so far: 0
2024-10-27 01:20:07,758 INFO ===> New TaichiEnv created.
2024-10-27 01:20:07,759 INFO ===> Specifications: horizon = 311, dt = 0.01, n_substeps = 20, dt_sub = 0.0005
2024-10-27 01:20:07,782 DEBUG loaded <trimesh.Trimesh(vertices.shape=(916, 3), faces.shape=(856, 3))> using `load_obj` in 0.0029s
2024-10-27 01:20:07,936 DEBUG loaded <trimesh.Trimesh(vertices.shape=(48, 3), faces.shape=(28, 3))> using `load_obj` in 0.0007s
2024-10-27 01:20:34,490 INFO =====> Epoch: 99
2024-10-27 01:20:34,490 INFO =====> Loss info: {'particle_has_naninf': False, 'height_map_loss': 3.771744728088379, 'emd_loss': 8.301397323608398, 'total_loss': 3.771744728088379}
2024-10-27 01:20:34,490 INFO =====> Param: E: [527843.4], nu: [0.2551379], rho: [2093.7837], sand_angle: [32.20363]
2024-10-27 01:20:34,490 INFO =====> Grad: [-1.1732413e-02 -2.6997723e+04 -2.6385927e+01 -5.4090173e+02]
2024-10-27 01:20:34,490 INFO =====> Num. aborted data so far: 0
2024-10-27 01:20:34,891 INFO ===> New TaichiEnv created.
2024-10-27 01:20:34,891 INFO ===> Specifications: horizon = 311, dt = 0.01, n_substeps = 20, dt_sub = 0.0005
2024-10-27 01:20:34,918 DEBUG loaded <trimesh.Trimesh(vertices.shape=(916, 3), faces.shape=(856, 3))> using `load_obj` in 0.0031s
2024-10-27 01:20:35,091 DEBUG loaded <trimesh.Trimesh(vertices.shape=(48, 3), faces.shape=(28, 3))> using `load_obj` in 0.0008s
2024-10-27 01:21:01,522 INFO =====> Epoch: 100
2024-10-27 01:21:01,522 INFO =====> Loss info: {'particle_has_naninf': False, 'height_map_loss': 3.789494752883911, 'emd_loss': 8.087935447692871, 'total_loss': 3.789494752883911}
2024-10-27 01:21:01,522 INFO =====> Param: E: [512309.8], nu: [0.24362318], rho: [2044.4427], sand_angle: [31.043863]
2024-10-27 01:21:01,523 INFO =====> Grad: [9.50598810e-03 2.15136211e+04 2.41675205e+01 1.00358844e+03]
2024-10-27 01:21:01,523 INFO =====> Num. aborted data so far: 0
2024-10-27 01:21:01,875 INFO ===> New TaichiEnv created.
2024-10-27 01:21:01,875 INFO ===> Specifications: horizon = 311, dt = 0.01, n_substeps = 20, dt_sub = 0.0005
2024-10-27 01:21:01,899 DEBUG loaded <trimesh.Trimesh(vertices.shape=(916, 3), faces.shape=(856, 3))> using `load_obj` in 0.0029s
2024-10-27 01:21:02,058 DEBUG loaded <trimesh.Trimesh(vertices.shape=(48, 3), faces.shape=(28, 3))> using `load_obj` in 0.0007s
2024-10-27 01:21:28,753 INFO =====> Epoch: 101
2024-10-27 01:21:28,753 INFO =====> Loss info: {'particle_has_naninf': False, 'height_map_loss': 3.76330828666687, 'emd_loss': 8.29128646850586, 'total_loss': 3.76330828666687}
2024-10-27 01:21:28,753 INFO =====> Param: E: [546398.56], nu: [0.2604141], rho: [2077.2576], sand_angle: [31.72618]
2024-10-27 01:21:28,753 INFO =====> Grad: [-2.3495531e-02 -3.5121605e+04 -1.5587496e+01 -5.7364594e+02]
2024-10-27 01:21:28,753 INFO =====> Num. aborted data so far: 0
2024-10-27 01:21:29,138 INFO ===> New TaichiEnv created.
2024-10-27 01:21:29,138 INFO ===> Specifications: horizon = 311, dt = 0.01, n_substeps = 20, dt_sub = 0.0005
2024-10-27 01:21:29,164 DEBUG loaded <trimesh.Trimesh(vertices.shape=(916, 3), faces.shape=(856, 3))> using `load_obj` in 0.0030s
2024-10-27 01:21:29,336 DEBUG loaded <trimesh.Trimesh(vertices.shape=(48, 3), faces.shape=(28, 3))> using `load_obj` in 0.0008s
2024-10-27 01:21:56,188 INFO =====> Epoch: 102
2024-10-27 01:21:56,188 INFO =====> Loss info: {'particle_has_naninf': False, 'height_map_loss': 3.77409029006958, 'emd_loss': 8.059324264526367, 'total_loss': 3.77409029006958}
2024-10-27 01:21:56,188 INFO =====> Param: E: [580635.], nu: [0.28186724], rho: [2173.9778], sand_angle: [32.9821]
2024-10-27 01:21:56,188 INFO =====> Grad: [-2.6624713e-02 -5.7944250e+04 -5.5096462e+01 -1.0914861e+03]
2024-10-27 01:21:56,188 INFO =====> Num. aborted data so far: 0
2024-10-27 01:21:56,613 INFO ===> New TaichiEnv created.
2024-10-27 01:21:56,613 INFO ===> Specifications: horizon = 311, dt = 0.01, n_substeps = 20, dt_sub = 0.0005
2024-10-27 01:21:56,638 DEBUG loaded <trimesh.Trimesh(vertices.shape=(916, 3), faces.shape=(856, 3))> using `load_obj` in 0.0029s
2024-10-27 01:21:56,798 DEBUG loaded <trimesh.Trimesh(vertices.shape=(48, 3), faces.shape=(28, 3))> using `load_obj` in 0.0007s
2024-10-27 01:22:23,381 INFO =====> Epoch: 103
2024-10-27 01:22:23,381 INFO =====> Loss info: {'particle_has_naninf': False, 'height_map_loss': 3.796243906021118, 'emd_loss': 7.730825901031494, 'total_loss': 3.796243906021118}
2024-10-27 01:22:23,381 INFO =====> Param: E: [579084.44], nu: [0.28403452], rho: [2150.5908], sand_angle: [32.94093]
2024-10-27 01:22:23,381 INFO =====> Grad: [ 1.1442805e-03 -5.5664893e+03  1.2779278e+01  3.3948158e+01]
2024-10-27 01:22:23,381 INFO =====> Num. aborted data so far: 0
2024-10-27 01:22:23,784 INFO ===> New TaichiEnv created.
2024-10-27 01:22:23,784 INFO ===> Specifications: horizon = 311, dt = 0.01, n_substeps = 20, dt_sub = 0.0005
2024-10-27 01:22:23,813 DEBUG loaded <trimesh.Trimesh(vertices.shape=(916, 3), faces.shape=(856, 3))> using `load_obj` in 0.0051s
2024-10-27 01:22:23,970 DEBUG loaded <trimesh.Trimesh(vertices.shape=(48, 3), faces.shape=(28, 3))> using `load_obj` in 0.0007s
2024-10-27 01:22:50,589 INFO =====> Epoch: 104
2024-10-27 01:22:50,589 INFO =====> Loss info: {'particle_has_naninf': False, 'height_map_loss': 3.7942426204681396, 'emd_loss': 7.728329181671143, 'total_loss': 3.7942426204681396}
2024-10-27 01:22:50,589 INFO =====> Param: E: [579912.7], nu: [0.28744408], rho: [2177.184], sand_angle: [33.06926]
2024-10-27 01:22:50,589 INFO =====> Grad: [-5.7991437e-04 -8.3565010e+03 -1.3984837e+01 -1.0046788e+02]
2024-10-27 01:22:50,589 INFO =====> Num. aborted data so far: 0
2024-10-27 01:22:51,054 INFO ===> New TaichiEnv created.
2024-10-27 01:22:51,054 INFO ===> Specifications: horizon = 311, dt = 0.01, n_substeps = 20, dt_sub = 0.0005
2024-10-27 01:22:51,081 DEBUG loaded <trimesh.Trimesh(vertices.shape=(916, 3), faces.shape=(856, 3))> using `load_obj` in 0.0031s
2024-10-27 01:22:51,246 DEBUG loaded <trimesh.Trimesh(vertices.shape=(48, 3), faces.shape=(28, 3))> using `load_obj` in 0.0008s
2024-10-27 01:23:17,948 INFO =====> Epoch: 105
2024-10-27 01:23:17,948 INFO =====> Loss info: {'particle_has_naninf': False, 'height_map_loss': 3.7983248233795166, 'emd_loss': 7.728703498840332, 'total_loss': 3.7983248233795166}
2024-10-27 01:23:17,948 INFO =====> Param: E: [592040.4], nu: [0.2898947], rho: [2200.], sand_angle: [33.727577]
2024-10-27 01:23:17,948 INFO =====> Grad: [-8.2080439e-03 -5.7151704e+03 -1.4342885e+01 -4.9988440e+02]
2024-10-27 01:23:17,948 INFO =====> Num. aborted data so far: 0
2024-10-27 01:23:18,300 INFO ===> New TaichiEnv created.
2024-10-27 01:23:18,300 INFO ===> Specifications: horizon = 311, dt = 0.01, n_substeps = 20, dt_sub = 0.0005
2024-10-27 01:23:18,323 DEBUG loaded <trimesh.Trimesh(vertices.shape=(916, 3), faces.shape=(856, 3))> using `load_obj` in 0.0028s
2024-10-27 01:23:18,473 DEBUG loaded <trimesh.Trimesh(vertices.shape=(48, 3), faces.shape=(28, 3))> using `load_obj` in 0.0007s
2024-10-27 01:23:45,069 INFO =====> Epoch: 106
2024-10-27 01:23:45,069 INFO =====> Loss info: {'particle_has_naninf': False, 'height_map_loss': 3.835205554962158, 'emd_loss': 7.754006862640381, 'total_loss': 3.835205554962158}
2024-10-27 01:23:45,069 INFO =====> Param: E: [598257.94], nu: [0.28919086], rho: [2200.], sand_angle: [32.674152]
2024-10-27 01:23:45,069 INFO =====> Grad: [-4.0115761e-03  1.5576097e+03 -1.9281828e+00  8.0482495e+02]
2024-10-27 01:23:45,069 INFO =====> Num. aborted data so far: 0
2024-10-27 01:23:45,467 INFO ===> New TaichiEnv created.
2024-10-27 01:23:45,467 INFO ===> Specifications: horizon = 311, dt = 0.01, n_substeps = 20, dt_sub = 0.0005
2024-10-27 01:23:45,493 DEBUG loaded <trimesh.Trimesh(vertices.shape=(916, 3), faces.shape=(856, 3))> using `load_obj` in 0.0030s
2024-10-27 01:23:45,664 DEBUG loaded <trimesh.Trimesh(vertices.shape=(48, 3), faces.shape=(28, 3))> using `load_obj` in 0.0008s
2024-10-27 01:24:12,218 INFO =====> Epoch: 107
2024-10-27 01:24:12,218 INFO =====> Loss info: {'particle_has_naninf': False, 'height_map_loss': 3.7760672569274902, 'emd_loss': 7.7347731590271, 'total_loss': 3.7760672569274902}
2024-10-27 01:24:12,218 INFO =====> Param: E: [609045.7], nu: [0.29015785], rho: [2200.], sand_angle: [32.87589]
2024-10-27 01:24:12,218 INFO =====> Grad: [-6.7012613e-03 -2.0311067e+03 -1.0707907e+01 -1.4651837e+02]
2024-10-27 01:24:12,218 INFO =====> Num. aborted data so far: 0
2024-10-27 01:24:12,561 INFO ===> New TaichiEnv created.
2024-10-27 01:24:12,561 INFO ===> Specifications: horizon = 311, dt = 0.01, n_substeps = 20, dt_sub = 0.0005
2024-10-27 01:24:12,584 DEBUG loaded <trimesh.Trimesh(vertices.shape=(916, 3), faces.shape=(856, 3))> using `load_obj` in 0.0029s
2024-10-27 01:24:12,734 DEBUG loaded <trimesh.Trimesh(vertices.shape=(48, 3), faces.shape=(28, 3))> using `load_obj` in 0.0007s
2024-10-27 01:24:39,564 INFO =====> Epoch: 108
2024-10-27 01:24:39,565 INFO =====> Loss info: {'particle_has_naninf': False, 'height_map_loss': 3.786728620529175, 'emd_loss': 7.724208354949951, 'total_loss': 3.786728620529175}
2024-10-27 01:24:39,565 INFO =====> Param: E: [606301.75], nu: [0.29118723], rho: [2200.], sand_angle: [33.781307]
2024-10-27 01:24:39,565 INFO =====> Grad: [ 1.6185583e-03 -2.0522676e+03 -1.9270548e+01 -6.5110114e+02]
2024-10-27 01:24:39,565 INFO =====> Num. aborted data so far: 0
2024-10-27 01:24:39,923 INFO ===> New TaichiEnv created.
2024-10-27 01:24:39,923 INFO ===> Specifications: horizon = 311, dt = 0.01, n_substeps = 20, dt_sub = 0.0005
2024-10-27 01:24:39,947 DEBUG loaded <trimesh.Trimesh(vertices.shape=(916, 3), faces.shape=(856, 3))> using `load_obj` in 0.0029s
2024-10-27 01:24:40,105 DEBUG loaded <trimesh.Trimesh(vertices.shape=(48, 3), faces.shape=(28, 3))> using `load_obj` in 0.0007s
2024-10-27 01:25:06,536 INFO =====> Epoch: 109
2024-10-27 01:25:06,536 INFO =====> Loss info: {'particle_has_naninf': False, 'height_map_loss': 3.84733247756958, 'emd_loss': 7.7551774978637695, 'total_loss': 3.84733247756958}
2024-10-27 01:25:06,537 INFO =====> Param: E: [596210.25], nu: [0.2907647], rho: [2200.], sand_angle: [35.707314]
2024-10-27 01:25:06,537 INFO =====> Grad: [ 5.72048035e-03  7.99273743e+02 -1.52449465e+01 -1.65666748e+03]
2024-10-27 01:25:06,537 INFO =====> Num. aborted data so far: 0
2024-10-27 01:25:06,941 INFO ===> New TaichiEnv created.
2024-10-27 01:25:06,941 INFO ===> Specifications: horizon = 311, dt = 0.01, n_substeps = 20, dt_sub = 0.0005
2024-10-27 01:25:06,967 DEBUG loaded <trimesh.Trimesh(vertices.shape=(916, 3), faces.shape=(856, 3))> using `load_obj` in 0.0030s
2024-10-27 01:25:07,136 DEBUG loaded <trimesh.Trimesh(vertices.shape=(48, 3), faces.shape=(28, 3))> using `load_obj` in 0.0008s
2024-10-27 01:25:33,679 INFO =====> Epoch: 110
2024-10-27 01:25:33,679 INFO =====> Loss info: {'particle_has_naninf': False, 'height_map_loss': 3.9170424938201904, 'emd_loss': 7.761616230010986, 'total_loss': 3.9170424938201904}
2024-10-27 01:25:33,679 INFO =====> Param: E: [596778.56], nu: [0.30221826], rho: [2183.5146], sand_angle: [35.995743]
2024-10-27 01:25:33,679 INFO =====> Grad: [-3.0565143e-04 -2.2050396e+04  6.9473424e+00 -2.3634770e+02]
2024-10-27 01:25:33,679 INFO =====> Num. aborted data so far: 0
2024-10-27 01:25:34,036 INFO ===> New TaichiEnv created.
2024-10-27 01:25:34,036 INFO ===> Specifications: horizon = 311, dt = 0.01, n_substeps = 20, dt_sub = 0.0005
2024-10-27 01:25:34,062 DEBUG loaded <trimesh.Trimesh(vertices.shape=(916, 3), faces.shape=(856, 3))> using `load_obj` in 0.0029s
2024-10-27 01:25:34,213 DEBUG loaded <trimesh.Trimesh(vertices.shape=(48, 3), faces.shape=(28, 3))> using `load_obj` in 0.0007s
2024-10-27 01:26:00,752 INFO =====> Epoch: 111
2024-10-27 01:26:00,753 INFO =====> Loss info: {'particle_has_naninf': False, 'height_map_loss': 3.9356350898742676, 'emd_loss': 7.766361236572266, 'total_loss': 3.9356350898742676}
2024-10-27 01:26:00,754 INFO =====> Param: E: [614618.2], nu: [0.31603116], rho: [2200.], sand_angle: [37.207962]
2024-10-27 01:26:00,754 INFO =====> Grad: [-9.48692858e-03 -2.80447910e+04 -1.21788940e+01 -1.02029974e+03]
2024-10-27 01:26:00,754 INFO =====> Num. aborted data so far: 0
2024-10-27 01:26:01,156 INFO ===> New TaichiEnv created.
2024-10-27 01:26:01,156 INFO ===> Specifications: horizon = 311, dt = 0.01, n_substeps = 20, dt_sub = 0.0005
2024-10-27 01:26:01,180 DEBUG loaded <trimesh.Trimesh(vertices.shape=(916, 3), faces.shape=(856, 3))> using `load_obj` in 0.0030s
2024-10-27 01:26:01,356 DEBUG loaded <trimesh.Trimesh(vertices.shape=(48, 3), faces.shape=(28, 3))> using `load_obj` in 0.0008s
2024-10-27 01:26:27,899 INFO =====> Epoch: 112
2024-10-27 01:26:27,899 INFO =====> Loss info: {'particle_has_naninf': False, 'height_map_loss': 3.964980363845825, 'emd_loss': 7.76947021484375, 'total_loss': 3.964980363845825}
2024-10-27 01:26:27,899 INFO =====> Param: E: [634766.44], nu: [0.32537225], rho: [2200.], sand_angle: [38.420017]
2024-10-27 01:26:27,899 INFO =====> Grad: [-1.0723514e-02 -1.8832668e+04 -2.9784374e+01 -1.0478323e+03]
2024-10-27 01:26:27,899 INFO =====> Num. aborted data so far: 0
2024-10-27 01:26:28,255 INFO ===> New TaichiEnv created.
2024-10-27 01:26:28,256 INFO ===> Specifications: horizon = 311, dt = 0.01, n_substeps = 20, dt_sub = 0.0005
2024-10-27 01:26:28,282 DEBUG loaded <trimesh.Trimesh(vertices.shape=(916, 3), faces.shape=(856, 3))> using `load_obj` in 0.0028s
2024-10-27 01:26:28,437 DEBUG loaded <trimesh.Trimesh(vertices.shape=(48, 3), faces.shape=(28, 3))> using `load_obj` in 0.0007s
2024-10-27 01:26:54,856 INFO =====> Epoch: 113
2024-10-27 01:26:54,856 INFO =====> Loss info: {'particle_has_naninf': False, 'height_map_loss': 4.0336785316467285, 'emd_loss': 7.672824859619141, 'total_loss': 4.0336785316467285}
2024-10-27 01:26:54,856 INFO =====> Param: E: [673686.06], nu: [0.3496719], rho: [2200.], sand_angle: [40.]
2024-10-27 01:26:54,856 INFO =====> Grad: [-2.4930675e-02 -7.2626445e+04 -1.7179817e+01 -1.6426516e+03]
2024-10-27 01:26:54,856 INFO =====> Num. aborted data so far: 0
2024-10-27 01:26:55,267 INFO ===> New TaichiEnv created.
2024-10-27 01:26:55,267 INFO ===> Specifications: horizon = 311, dt = 0.01, n_substeps = 20, dt_sub = 0.0005
2024-10-27 01:26:55,298 DEBUG loaded <trimesh.Trimesh(vertices.shape=(916, 3), faces.shape=(856, 3))> using `load_obj` in 0.0048s
2024-10-27 01:26:55,468 DEBUG loaded <trimesh.Trimesh(vertices.shape=(48, 3), faces.shape=(28, 3))> using `load_obj` in 0.0008s
2024-10-27 01:27:21,968 INFO =====> Epoch: 114
2024-10-27 01:27:21,968 INFO =====> Loss info: {'particle_has_naninf': False, 'height_map_loss': 4.156851768493652, 'emd_loss': 7.581288814544678, 'total_loss': 4.156851768493652}
2024-10-27 01:27:21,969 INFO =====> Param: E: [639305.56], nu: [0.33190143], rho: [2167.69], sand_angle: [38.552994]
2024-10-27 01:27:21,969 INFO =====> Grad: [2.4891984e-02 6.0914434e+04 1.3211447e+01 1.4987968e+03]
2024-10-27 01:27:21,969 INFO =====> Num. aborted data so far: 0
2024-10-27 01:27:22,366 INFO ===> New TaichiEnv created.
2024-10-27 01:27:22,366 INFO ===> Specifications: horizon = 311, dt = 0.01, n_substeps = 20, dt_sub = 0.0005
2024-10-27 01:27:22,401 DEBUG loaded <trimesh.Trimesh(vertices.shape=(916, 3), faces.shape=(856, 3))> using `load_obj` in 0.0042s
2024-10-27 01:27:22,589 DEBUG loaded <trimesh.Trimesh(vertices.shape=(48, 3), faces.shape=(28, 3))> using `load_obj` in 0.0028s
2024-10-27 01:27:49,009 INFO =====> Epoch: 115
2024-10-27 01:27:49,009 INFO =====> Loss info: {'particle_has_naninf': False, 'height_map_loss': 4.0413336753845215, 'emd_loss': 7.681622505187988, 'total_loss': 4.0413336753845215}
2024-10-27 01:27:49,010 INFO =====> Param: E: [662225.6], nu: [0.32961428], rho: [2200.], sand_angle: [40.]
2024-10-27 01:27:49,010 INFO =====> Grad: [-1.6891085e-02  7.4571528e+03 -4.0914692e+01 -2.4066519e+03]
2024-10-27 01:27:49,010 INFO =====> Num. aborted data so far: 0
2024-10-27 01:27:49,354 INFO ===> New TaichiEnv created.
2024-10-27 01:27:49,355 INFO ===> Specifications: horizon = 311, dt = 0.01, n_substeps = 20, dt_sub = 0.0005
2024-10-27 01:27:49,377 DEBUG loaded <trimesh.Trimesh(vertices.shape=(916, 3), faces.shape=(856, 3))> using `load_obj` in 0.0029s
2024-10-27 01:27:49,524 DEBUG loaded <trimesh.Trimesh(vertices.shape=(48, 3), faces.shape=(28, 3))> using `load_obj` in 0.0007s
2024-10-27 01:28:16,252 INFO =====> Epoch: 116
2024-10-27 01:28:16,252 INFO =====> Loss info: {'particle_has_naninf': False, 'height_map_loss': 4.12794828414917, 'emd_loss': 7.582150936126709, 'total_loss': 4.12794828414917}
2024-10-27 01:28:16,252 INFO =====> Param: E: [658851.7], nu: [0.3359958], rho: [2200.], sand_angle: [39.679966]
2024-10-27 01:28:16,252 INFO =====> Grad: [ 2.3622189e-03 -2.0153641e+04 -1.0075069e+01  3.7930038e+02]
2024-10-27 01:28:16,252 INFO =====> Num. aborted data so far: 0
2024-10-27 01:28:16,610 INFO ===> New TaichiEnv created.
2024-10-27 01:28:16,610 INFO ===> Specifications: horizon = 311, dt = 0.01, n_substeps = 20, dt_sub = 0.0005
2024-10-27 01:28:16,633 DEBUG loaded <trimesh.Trimesh(vertices.shape=(916, 3), faces.shape=(856, 3))> using `load_obj` in 0.0028s
2024-10-27 01:28:16,785 DEBUG loaded <trimesh.Trimesh(vertices.shape=(48, 3), faces.shape=(28, 3))> using `load_obj` in 0.0007s
2024-10-27 01:28:43,424 INFO =====> Epoch: 117
2024-10-27 01:28:43,424 INFO =====> Loss info: {'particle_has_naninf': False, 'height_map_loss': 4.081932544708252, 'emd_loss': 7.571916103363037, 'total_loss': 4.081932544708252}
2024-10-27 01:28:43,424 INFO =====> Param: E: [625224.25], nu: [0.3162425], rho: [2158.8503], sand_angle: [38.558792]
2024-10-27 01:28:43,424 INFO =====> Grad: [2.6372209e-02 7.5787078e+04 1.8070276e+01 1.3481970e+03]
2024-10-27 01:28:43,424 INFO =====> Num. aborted data so far: 0
2024-10-27 01:28:43,797 INFO ===> New TaichiEnv created.
2024-10-27 01:28:43,797 INFO ===> Specifications: horizon = 311, dt = 0.01, n_substeps = 20, dt_sub = 0.0005
2024-10-27 01:28:43,822 DEBUG loaded <trimesh.Trimesh(vertices.shape=(916, 3), faces.shape=(856, 3))> using `load_obj` in 0.0030s
2024-10-27 01:28:43,978 DEBUG loaded <trimesh.Trimesh(vertices.shape=(48, 3), faces.shape=(28, 3))> using `load_obj` in 0.0007s
2024-10-27 01:29:10,795 INFO =====> Epoch: 118
2024-10-27 01:29:10,795 INFO =====> Loss info: {'particle_has_naninf': False, 'height_map_loss': 4.042798042297363, 'emd_loss': 7.689626693725586, 'total_loss': 4.042798042297363}
2024-10-27 01:29:10,795 INFO =====> Param: E: [610593.1], nu: [0.30769762], rho: [2096.7095], sand_angle: [37.101353]
2024-10-27 01:29:10,795 INFO =====> Grad: [1.1189118e-02 3.2303146e+04 2.8153278e+01 1.8734576e+03]
2024-10-27 01:29:10,795 INFO =====> Num. aborted data so far: 0
2024-10-27 01:29:11,194 INFO ===> New TaichiEnv created.
2024-10-27 01:29:11,194 INFO ===> Specifications: horizon = 311, dt = 0.01, n_substeps = 20, dt_sub = 0.0005
2024-10-27 01:29:11,220 DEBUG loaded <trimesh.Trimesh(vertices.shape=(916, 3), faces.shape=(856, 3))> using `load_obj` in 0.0030s
2024-10-27 01:29:11,389 DEBUG loaded <trimesh.Trimesh(vertices.shape=(48, 3), faces.shape=(28, 3))> using `load_obj` in 0.0008s
2024-10-27 01:29:38,155 INFO =====> Epoch: 119
2024-10-27 01:29:38,155 INFO =====> Loss info: {'particle_has_naninf': False, 'height_map_loss': 3.961414098739624, 'emd_loss': 7.772694110870361, 'total_loss': 3.961414098739624}
2024-10-27 01:29:38,156 INFO =====> Param: E: [637996.75], nu: [0.32302707], rho: [2187.7822], sand_angle: [38.177635]
2024-10-27 01:29:38,156 INFO =====> Grad: [-2.2059711e-02 -6.2857195e+04 -4.7884972e+01 -1.3958368e+03]
2024-10-27 01:29:38,156 INFO =====> Num. aborted data so far: 0
2024-10-27 01:29:38,602 INFO ===> New TaichiEnv created.
2024-10-27 01:29:38,602 INFO ===> Specifications: horizon = 311, dt = 0.01, n_substeps = 20, dt_sub = 0.0005
2024-10-27 01:29:38,628 DEBUG loaded <trimesh.Trimesh(vertices.shape=(916, 3), faces.shape=(856, 3))> using `load_obj` in 0.0030s
2024-10-27 01:29:38,797 DEBUG loaded <trimesh.Trimesh(vertices.shape=(48, 3), faces.shape=(28, 3))> using `load_obj` in 0.0008s
2024-10-27 01:30:05,553 INFO =====> Epoch: 120
2024-10-27 01:30:05,553 INFO =====> Loss info: {'particle_has_naninf': False, 'height_map_loss': 4.012779712677002, 'emd_loss': 7.660589694976807, 'total_loss': 4.012779712677002}
2024-10-27 01:30:05,553 INFO =====> Param: E: [652301.9], nu: [0.32065475], rho: [2156.8616], sand_angle: [38.794617]
2024-10-27 01:30:05,553 INFO =====> Grad: [-1.1215225e-02  9.2544258e+03  1.5727097e+01 -7.7397906e+02]
2024-10-27 01:30:05,553 INFO =====> Num. aborted data so far: 0
2024-10-27 01:30:05,918 INFO ===> New TaichiEnv created.
2024-10-27 01:30:05,919 INFO ===> Specifications: horizon = 311, dt = 0.01, n_substeps = 20, dt_sub = 0.0005
2024-10-27 01:30:05,942 DEBUG loaded <trimesh.Trimesh(vertices.shape=(916, 3), faces.shape=(856, 3))> using `load_obj` in 0.0028s
2024-10-27 01:30:06,090 DEBUG loaded <trimesh.Trimesh(vertices.shape=(48, 3), faces.shape=(28, 3))> using `load_obj` in 0.0007s
2024-10-27 01:30:32,666 INFO =====> Epoch: 121
2024-10-27 01:30:32,666 INFO =====> Loss info: {'particle_has_naninf': False, 'height_map_loss': 4.0534796714782715, 'emd_loss': 7.54770040512085, 'total_loss': 4.0534796714782715}
2024-10-27 01:30:32,666 INFO =====> Param: E: [679177.6], nu: [0.33513635], rho: [2200.], sand_angle: [40.]
2024-10-27 01:30:32,666 INFO =====> Grad: [-2.2082269e-02 -6.0286691e+04 -3.5458385e+01 -2.7823086e+03]
2024-10-27 01:30:32,666 INFO =====> Num. aborted data so far: 0
2024-10-27 01:30:33,039 INFO ===> New TaichiEnv created.
2024-10-27 01:30:33,039 INFO ===> Specifications: horizon = 311, dt = 0.01, n_substeps = 20, dt_sub = 0.0005
2024-10-27 01:30:33,070 DEBUG loaded <trimesh.Trimesh(vertices.shape=(916, 3), faces.shape=(856, 3))> using `load_obj` in 0.0049s
2024-10-27 01:30:33,230 DEBUG loaded <trimesh.Trimesh(vertices.shape=(48, 3), faces.shape=(28, 3))> using `load_obj` in 0.0008s
2024-10-27 01:30:59,751 INFO =====> Epoch: 122
2024-10-27 01:30:59,751 INFO =====> Loss info: {'particle_has_naninf': False, 'height_map_loss': 4.143176078796387, 'emd_loss': 7.58581018447876, 'total_loss': 4.143176078796387}
2024-10-27 01:30:59,751 INFO =====> Param: E: [670455.94], nu: [0.3342341], rho: [2173.1655], sand_angle: [39.283195]
2024-10-27 01:30:59,751 INFO =====> Grad: [6.8639452e-03 3.5648416e+03 1.3745103e+01 1.0333365e+03]
2024-10-27 01:30:59,751 INFO =====> Num. aborted data so far: 0
2024-10-27 01:31:00,177 INFO ===> New TaichiEnv created.
2024-10-27 01:31:00,177 INFO ===> Specifications: horizon = 311, dt = 0.01, n_substeps = 20, dt_sub = 0.0005
2024-10-27 01:31:00,201 DEBUG loaded <trimesh.Trimesh(vertices.shape=(916, 3), faces.shape=(856, 3))> using `load_obj` in 0.0029s
2024-10-27 01:31:00,353 DEBUG loaded <trimesh.Trimesh(vertices.shape=(48, 3), faces.shape=(28, 3))> using `load_obj` in 0.0007s
2024-10-27 01:31:27,116 INFO =====> Epoch: 123
2024-10-27 01:31:27,117 INFO =====> Loss info: {'particle_has_naninf': False, 'height_map_loss': 4.068464756011963, 'emd_loss': 7.562060356140137, 'total_loss': 4.068464756011963}
2024-10-27 01:31:27,117 INFO =====> Param: E: [665284.5], nu: [0.33795682], rho: [2162.2397], sand_angle: [39.093834]
2024-10-27 01:31:27,117 INFO =====> Grad: [ 3.8740174e-03 -1.4051290e+04  5.3219328e+00  2.5943787e+02]
2024-10-27 01:31:27,117 INFO =====> Num. aborted data so far: 0
2024-10-27 01:31:27,494 INFO ===> New TaichiEnv created.
2024-10-27 01:31:27,494 INFO ===> Specifications: horizon = 311, dt = 0.01, n_substeps = 20, dt_sub = 0.0005
2024-10-27 01:31:27,519 DEBUG loaded <trimesh.Trimesh(vertices.shape=(916, 3), faces.shape=(856, 3))> using `load_obj` in 0.0030s
2024-10-27 01:31:27,680 DEBUG loaded <trimesh.Trimesh(vertices.shape=(48, 3), faces.shape=(28, 3))> using `load_obj` in 0.0008s
2024-10-27 01:31:54,588 INFO =====> Epoch: 124
2024-10-27 01:31:54,588 INFO =====> Loss info: {'particle_has_naninf': False, 'height_map_loss': 4.060044288635254, 'emd_loss': 7.540252208709717, 'total_loss': 4.060044288635254}
2024-10-27 01:31:54,588 INFO =====> Param: E: [668783.7], nu: [0.3407184], rho: [2146.1343], sand_angle: [40.]
2024-10-27 01:31:54,588 INFO =====> Grad: [-2.4906187e-03 -9.9264346e+03  7.4812279e+00 -1.7469241e+03]
2024-10-27 01:31:54,588 INFO =====> Num. aborted data so far: 0
2024-10-27 01:31:54,993 INFO ===> New TaichiEnv created.
2024-10-27 01:31:54,993 INFO ===> Specifications: horizon = 311, dt = 0.01, n_substeps = 20, dt_sub = 0.0005
2024-10-27 01:31:55,018 DEBUG loaded <trimesh.Trimesh(vertices.shape=(916, 3), faces.shape=(856, 3))> using `load_obj` in 0.0029s
2024-10-27 01:31:55,175 DEBUG loaded <trimesh.Trimesh(vertices.shape=(48, 3), faces.shape=(28, 3))> using `load_obj` in 0.0008s
2024-10-27 01:32:21,580 INFO =====> Epoch: 125
2024-10-27 01:32:21,580 INFO =====> Loss info: {'particle_has_naninf': False, 'height_map_loss': 4.13442325592041, 'emd_loss': 7.581498146057129, 'total_loss': 4.13442325592041}
2024-10-27 01:32:21,580 INFO =====> Param: E: [661655.56], nu: [0.33199623], rho: [2123.8054], sand_angle: [38.822243]
2024-10-27 01:32:21,580 INFO =====> Grad: [4.8440732e-03 3.0943225e+04 9.9394960e+00 1.7002954e+03]
2024-10-27 01:32:21,580 INFO =====> Num. aborted data so far: 0
2024-10-27 01:32:21,971 INFO ===> New TaichiEnv created.
2024-10-27 01:32:21,972 INFO ===> Specifications: horizon = 311, dt = 0.01, n_substeps = 20, dt_sub = 0.0005
2024-10-27 01:32:21,996 DEBUG loaded <trimesh.Trimesh(vertices.shape=(916, 3), faces.shape=(856, 3))> using `load_obj` in 0.0030s
2024-10-27 01:32:22,202 DEBUG loaded <trimesh.Trimesh(vertices.shape=(48, 3), faces.shape=(28, 3))> using `load_obj` in 0.0010s
2024-10-27 01:32:48,930 INFO =====> Epoch: 126
2024-10-27 01:32:48,930 INFO =====> Loss info: {'particle_has_naninf': False, 'height_map_loss': 4.042271614074707, 'emd_loss': 7.54249382019043, 'total_loss': 4.042271614074707}
2024-10-27 01:32:48,930 INFO =====> Param: E: [649702.], nu: [0.32720882], rho: [2060.5845], sand_angle: [39.264008]
2024-10-27 01:32:48,931 INFO =====> Grad: [ 7.8479005e-03  1.6300469e+04  2.9127762e+01 -6.1102631e+02]
2024-10-27 01:32:48,931 INFO =====> Num. aborted data so far: 0
2024-10-27 01:32:49,323 INFO ===> New TaichiEnv created.
2024-10-27 01:32:49,324 INFO ===> Specifications: horizon = 311, dt = 0.01, n_substeps = 20, dt_sub = 0.0005
2024-10-27 01:32:49,348 DEBUG loaded <trimesh.Trimesh(vertices.shape=(916, 3), faces.shape=(856, 3))> using `load_obj` in 0.0030s
2024-10-27 01:32:49,516 DEBUG loaded <trimesh.Trimesh(vertices.shape=(48, 3), faces.shape=(28, 3))> using `load_obj` in 0.0008s
2024-10-27 01:33:16,038 INFO =====> Epoch: 127
2024-10-27 01:33:16,038 INFO =====> Loss info: {'particle_has_naninf': False, 'height_map_loss': 4.068380832672119, 'emd_loss': 7.556849002838135, 'total_loss': 4.068380832672119}
2024-10-27 01:33:16,038 INFO =====> Param: E: [655406.06], nu: [0.33931747], rho: [2082.1392], sand_angle: [38.436768]
2024-10-27 01:33:16,038 INFO =====> Grad: [-3.5672667e-03 -4.2339312e+04 -9.5100050e+00  1.1246442e+03]
2024-10-27 01:33:16,038 INFO =====> Num. aborted data so far: 0
2024-10-27 01:33:16,387 INFO ===> New TaichiEnv created.
2024-10-27 01:33:16,387 INFO ===> Specifications: horizon = 311, dt = 0.01, n_substeps = 20, dt_sub = 0.0005
2024-10-27 01:33:16,410 DEBUG loaded <trimesh.Trimesh(vertices.shape=(916, 3), faces.shape=(856, 3))> using `load_obj` in 0.0029s
2024-10-27 01:33:16,560 DEBUG loaded <trimesh.Trimesh(vertices.shape=(48, 3), faces.shape=(28, 3))> using `load_obj` in 0.0007s
2024-10-27 01:33:43,157 INFO =====> Epoch: 128
2024-10-27 01:33:43,157 INFO =====> Loss info: {'particle_has_naninf': False, 'height_map_loss': 4.025805950164795, 'emd_loss': 7.535774230957031, 'total_loss': 4.025805950164795}
2024-10-27 01:33:43,157 INFO =====> Param: E: [650612.06], nu: [0.32619712], rho: [2016.4292], sand_angle: [37.882988]
2024-10-27 01:33:43,157 INFO =====> Grad: [2.8524541e-03 4.7834035e+04 3.0238844e+01 7.2544427e+02]
2024-10-27 01:33:43,157 INFO =====> Num. aborted data so far: 0
2024-10-27 01:33:43,523 INFO ===> New TaichiEnv created.
2024-10-27 01:33:43,523 INFO ===> Specifications: horizon = 311, dt = 0.01, n_substeps = 20, dt_sub = 0.0005
2024-10-27 01:33:43,547 DEBUG loaded <trimesh.Trimesh(vertices.shape=(916, 3), faces.shape=(856, 3))> using `load_obj` in 0.0030s
2024-10-27 01:33:43,704 DEBUG loaded <trimesh.Trimesh(vertices.shape=(48, 3), faces.shape=(28, 3))> using `load_obj` in 0.0008s
2024-10-27 01:34:10,435 INFO =====> Epoch: 129
2024-10-27 01:34:10,435 INFO =====> Loss info: {'particle_has_naninf': False, 'height_map_loss': 3.9946534633636475, 'emd_loss': 7.6596879959106445, 'total_loss': 3.9946534633636475}
2024-10-27 01:34:10,435 INFO =====> Param: E: [674603.06], nu: [0.3421392], rho: [2045.1437], sand_angle: [38.558285]
2024-10-27 01:34:10,435 INFO =====> Grad: [-1.4636210e-02 -6.3845750e+04 -1.2747893e+01 -8.5905402e+02]
2024-10-27 01:34:10,435 INFO =====> Num. aborted data so far: 0
2024-10-27 01:34:10,776 INFO ===> New TaichiEnv created.
2024-10-27 01:34:10,776 INFO ===> Specifications: horizon = 311, dt = 0.01, n_substeps = 20, dt_sub = 0.0005
2024-10-27 01:34:10,799 DEBUG loaded <trimesh.Trimesh(vertices.shape=(916, 3), faces.shape=(856, 3))> using `load_obj` in 0.0028s
2024-10-27 01:34:10,943 DEBUG loaded <trimesh.Trimesh(vertices.shape=(48, 3), faces.shape=(28, 3))> using `load_obj` in 0.0007s
2024-10-27 01:34:37,454 INFO =====> Epoch: 130
2024-10-27 01:34:37,454 INFO =====> Loss info: {'particle_has_naninf': False, 'height_map_loss': 4.025928974151611, 'emd_loss': 7.5311126708984375, 'total_loss': 4.025928974151611}
2024-10-27 01:34:37,454 INFO =====> Param: E: [670192.1], nu: [0.3382529], rho: [1948.5597], sand_angle: [38.97298]
2024-10-27 01:34:37,454 INFO =====> Grad: [ 2.5591406e-03  1.4878217e+04  5.1378185e+01 -5.0482761e+02]
2024-10-27 01:34:37,454 INFO =====> Num. aborted data so far: 0
2024-10-27 01:34:37,845 INFO ===> New TaichiEnv created.
2024-10-27 01:34:37,845 INFO ===> Specifications: horizon = 311, dt = 0.01, n_substeps = 20, dt_sub = 0.0005
2024-10-27 01:34:37,869 DEBUG loaded <trimesh.Trimesh(vertices.shape=(916, 3), faces.shape=(856, 3))> using `load_obj` in 0.0029s
2024-10-27 01:34:38,025 DEBUG loaded <trimesh.Trimesh(vertices.shape=(48, 3), faces.shape=(28, 3))> using `load_obj` in 0.0008s
2024-10-27 01:35:04,669 INFO =====> Epoch: 131
2024-10-27 01:35:04,669 INFO =====> Loss info: {'particle_has_naninf': False, 'height_map_loss': 4.048885345458984, 'emd_loss': 7.547213554382324, 'total_loss': 4.048885345458984}
2024-10-27 01:35:04,670 INFO =====> Param: E: [686449.56], nu: [0.35073364], rho: [2011.4359], sand_angle: [40.]
2024-10-27 01:35:04,670 INFO =====> Grad: [-9.2592882e-03 -4.9333730e+04 -3.4582829e+01 -2.1047212e+03]
2024-10-27 01:35:04,670 INFO =====> Num. aborted data so far: 0
2024-10-27 01:35:05,054 INFO ===> New TaichiEnv created.
2024-10-27 01:35:05,054 INFO ===> Specifications: horizon = 311, dt = 0.01, n_substeps = 20, dt_sub = 0.0005
2024-10-27 01:35:05,077 DEBUG loaded <trimesh.Trimesh(vertices.shape=(916, 3), faces.shape=(856, 3))> using `load_obj` in 0.0028s
2024-10-27 01:35:05,226 DEBUG loaded <trimesh.Trimesh(vertices.shape=(48, 3), faces.shape=(28, 3))> using `load_obj` in 0.0007s
2024-10-27 01:35:31,775 INFO =====> Epoch: 132
2024-10-27 01:35:31,775 INFO =====> Loss info: {'particle_has_naninf': False, 'height_map_loss': 4.139570713043213, 'emd_loss': 7.53358793258667, 'total_loss': 4.139570713043213}
2024-10-27 01:35:31,775 INFO =====> Param: E: [690764.1], nu: [0.35637715], rho: [2067.562], sand_angle: [38.973175]
2024-10-27 01:35:31,775 INFO =====> Grad: [-2.3366776e-03 -2.1508152e+04 -3.1326000e+01  1.3728428e+03]
2024-10-27 01:35:31,775 INFO =====> Num. aborted data so far: 0
2024-10-27 01:35:32,123 INFO ===> New TaichiEnv created.
2024-10-27 01:35:32,123 INFO ===> Specifications: horizon = 311, dt = 0.01, n_substeps = 20, dt_sub = 0.0005
2024-10-27 01:35:32,152 DEBUG loaded <trimesh.Trimesh(vertices.shape=(916, 3), faces.shape=(856, 3))> using `load_obj` in 0.0061s
2024-10-27 01:35:32,303 DEBUG loaded <trimesh.Trimesh(vertices.shape=(48, 3), faces.shape=(28, 3))> using `load_obj` in 0.0007s
2024-10-27 01:35:58,890 INFO =====> Epoch: 133
2024-10-27 01:35:58,891 INFO =====> Loss info: {'particle_has_naninf': False, 'height_map_loss': 4.050449848175049, 'emd_loss': 7.552117824554443, 'total_loss': 4.050449848175049}
2024-10-27 01:35:58,891 INFO =====> Param: E: [690136.6], nu: [0.36307913], rho: [2014.1893], sand_angle: [37.97723]
2024-10-27 01:35:58,891 INFO =====> Grad: [ 3.2240769e-04 -2.4794559e+04  3.0022755e+01  1.3309604e+03]
2024-10-27 01:35:58,891 INFO =====> Num. aborted data so far: 0
2024-10-27 01:35:59,337 INFO ===> New TaichiEnv created.
2024-10-27 01:35:59,337 INFO ===> Specifications: horizon = 311, dt = 0.01, n_substeps = 20, dt_sub = 0.0005
2024-10-27 01:35:59,361 DEBUG loaded <trimesh.Trimesh(vertices.shape=(916, 3), faces.shape=(856, 3))> using `load_obj` in 0.0030s
2024-10-27 01:35:59,527 DEBUG loaded <trimesh.Trimesh(vertices.shape=(48, 3), faces.shape=(28, 3))> using `load_obj` in 0.0008s
2024-10-27 01:36:26,088 INFO =====> Epoch: 134
2024-10-27 01:36:26,088 INFO =====> Loss info: {'particle_has_naninf': False, 'height_map_loss': 4.006415843963623, 'emd_loss': 7.359540939331055, 'total_loss': 4.006415843963623}
2024-10-27 01:36:26,088 INFO =====> Param: E: [647505.4], nu: [0.33659887], rho: [1915.4524], sand_angle: [36.11356]
2024-10-27 01:36:26,088 INFO =====> Grad: [2.8131833e-02 1.7002417e+05 6.7461151e+01 2.9246392e+03]
2024-10-27 01:36:26,088 INFO =====> Num. aborted data so far: 0
2024-10-27 01:36:26,439 INFO ===> New TaichiEnv created.
2024-10-27 01:36:26,439 INFO ===> Specifications: horizon = 311, dt = 0.01, n_substeps = 20, dt_sub = 0.0005
2024-10-27 01:36:26,462 DEBUG loaded <trimesh.Trimesh(vertices.shape=(916, 3), faces.shape=(856, 3))> using `load_obj` in 0.0028s
2024-10-27 01:36:26,609 DEBUG loaded <trimesh.Trimesh(vertices.shape=(48, 3), faces.shape=(28, 3))> using `load_obj` in 0.0007s
2024-10-27 01:36:53,108 INFO =====> Epoch: 135
2024-10-27 01:36:53,108 INFO =====> Loss info: {'particle_has_naninf': False, 'height_map_loss': 3.9080402851104736, 'emd_loss': 7.596429824829102, 'total_loss': 3.9080402851104736}
2024-10-27 01:36:53,108 INFO =====> Param: E: [668638.6], nu: [0.34425008], rho: [1989.0504], sand_angle: [36.996387]
2024-10-27 01:36:53,108 INFO =====> Grad: [-1.4036730e-02 -4.8032984e+04 -5.3899857e+01 -1.3687379e+03]
2024-10-27 01:36:53,108 INFO =====> Num. aborted data so far: 0
2024-10-27 01:36:53,496 INFO ===> New TaichiEnv created.
2024-10-27 01:36:53,496 INFO ===> Specifications: horizon = 311, dt = 0.01, n_substeps = 20, dt_sub = 0.0005
2024-10-27 01:36:53,521 DEBUG loaded <trimesh.Trimesh(vertices.shape=(916, 3), faces.shape=(856, 3))> using `load_obj` in 0.0030s
2024-10-27 01:36:53,682 DEBUG loaded <trimesh.Trimesh(vertices.shape=(48, 3), faces.shape=(28, 3))> using `load_obj` in 0.0008s
2024-10-27 01:37:20,208 INFO =====> Epoch: 136
2024-10-27 01:37:20,208 INFO =====> Loss info: {'particle_has_naninf': False, 'height_map_loss': 3.954463005065918, 'emd_loss': 7.613892078399658, 'total_loss': 3.954463005065918}
2024-10-27 01:37:20,208 INFO =====> Param: E: [671292.4], nu: [0.34663537], rho: [2056.2278], sand_angle: [37.569187]
2024-10-27 01:37:20,208 INFO =====> Grad: [-1.6736347e-03 -1.4246579e+04 -5.1557816e+01 -8.5666815e+02]
2024-10-27 01:37:20,208 INFO =====> Num. aborted data so far: 0
2024-10-27 01:37:20,599 INFO ===> New TaichiEnv created.
2024-10-27 01:37:20,599 INFO ===> Specifications: horizon = 311, dt = 0.01, n_substeps = 20, dt_sub = 0.0005
2024-10-27 01:37:20,626 DEBUG loaded <trimesh.Trimesh(vertices.shape=(916, 3), faces.shape=(856, 3))> using `load_obj` in 0.0053s
2024-10-27 01:37:20,806 DEBUG loaded <trimesh.Trimesh(vertices.shape=(48, 3), faces.shape=(28, 3))> using `load_obj` in 0.0008s
2024-10-27 01:37:47,359 INFO =====> Epoch: 137
2024-10-27 01:37:47,359 INFO =====> Loss info: {'particle_has_naninf': False, 'height_map_loss': 3.9824604988098145, 'emd_loss': 7.640154838562012, 'total_loss': 3.9824604988098145}
2024-10-27 01:37:47,359 INFO =====> Param: E: [699001.94], nu: [0.36311734], rho: [2083.8362], sand_angle: [38.62619]
2024-10-27 01:37:47,360 INFO =====> Grad: [-1.84432026e-02 -1.09428734e+05 -2.04154072e+01 -1.59123462e+03]
2024-10-27 01:37:47,360 INFO =====> Num. aborted data so far: 0
2024-10-27 01:37:47,783 INFO ===> New TaichiEnv created.
2024-10-27 01:37:47,783 INFO ===> Specifications: horizon = 311, dt = 0.01, n_substeps = 20, dt_sub = 0.0005
2024-10-27 01:37:47,806 DEBUG loaded <trimesh.Trimesh(vertices.shape=(916, 3), faces.shape=(856, 3))> using `load_obj` in 0.0029s
2024-10-27 01:37:47,954 DEBUG loaded <trimesh.Trimesh(vertices.shape=(48, 3), faces.shape=(28, 3))> using `load_obj` in 0.0007s
2024-10-27 01:38:14,588 INFO =====> Epoch: 138
2024-10-27 01:38:14,588 INFO =====> Loss info: {'particle_has_naninf': False, 'height_map_loss': 4.037639141082764, 'emd_loss': 7.544894218444824, 'total_loss': 4.037639141082764}
2024-10-27 01:38:14,588 INFO =====> Param: E: [670724.3], nu: [0.36255458], rho: [2091.2646], sand_angle: [38.108044]
2024-10-27 01:38:14,588 INFO =====> Grad: [ 1.9961856e-02  3.5450508e+03 -5.2169080e+00  7.5013647e+02]
2024-10-27 01:38:14,588 INFO =====> Num. aborted data so far: 0
2024-10-27 01:38:14,937 INFO ===> New TaichiEnv created.
2024-10-27 01:38:14,937 INFO ===> Specifications: horizon = 311, dt = 0.01, n_substeps = 20, dt_sub = 0.0005
2024-10-27 01:38:14,960 DEBUG loaded <trimesh.Trimesh(vertices.shape=(916, 3), faces.shape=(856, 3))> using `load_obj` in 0.0029s
2024-10-27 01:38:15,108 DEBUG loaded <trimesh.Trimesh(vertices.shape=(48, 3), faces.shape=(28, 3))> using `load_obj` in 0.0007s
2024-10-27 01:38:41,632 INFO =====> Epoch: 139
2024-10-27 01:38:41,632 INFO =====> Loss info: {'particle_has_naninf': False, 'height_map_loss': 4.012011528015137, 'emd_loss': 7.524076461791992, 'total_loss': 4.012011528015137}
2024-10-27 01:38:41,633 INFO =====> Param: E: [663154.25], nu: [0.3649], rho: [2092.034], sand_angle: [37.673424]
2024-10-27 01:38:41,633 INFO =====> Grad: [ 5.1063760e-03 -1.4055647e+04 -5.1255107e-01  6.0264417e+02]
2024-10-27 01:38:41,633 INFO =====> Num. aborted data so far: 0
2024-10-27 01:38:42,056 INFO ===> New TaichiEnv created.
2024-10-27 01:38:42,056 INFO ===> Specifications: horizon = 311, dt = 0.01, n_substeps = 20, dt_sub = 0.0005
2024-10-27 01:38:42,080 DEBUG loaded <trimesh.Trimesh(vertices.shape=(916, 3), faces.shape=(856, 3))> using `load_obj` in 0.0028s
2024-10-27 01:38:42,227 DEBUG loaded <trimesh.Trimesh(vertices.shape=(48, 3), faces.shape=(28, 3))> using `load_obj` in 0.0007s
2024-10-27 01:39:09,100 INFO =====> Epoch: 140
2024-10-27 01:39:09,100 INFO =====> Loss info: {'particle_has_naninf': False, 'height_map_loss': 3.988272190093994, 'emd_loss': 7.486217975616455, 'total_loss': 3.988272190093994}
2024-10-27 01:39:09,101 INFO =====> Param: E: [681776.06], nu: [0.3797997], rho: [2099.0337], sand_angle: [38.99308]
2024-10-27 01:39:09,101 INFO =====> Grad: [-1.2469455e-02 -9.6037281e+04 -4.4286051e+00 -1.9102145e+03]
2024-10-27 01:39:09,101 INFO =====> Num. aborted data so far: 0
2024-10-27 01:39:09,564 INFO ===> New TaichiEnv created.
2024-10-27 01:39:09,564 INFO ===> Specifications: horizon = 311, dt = 0.01, n_substeps = 20, dt_sub = 0.0005
2024-10-27 01:39:09,590 DEBUG loaded <trimesh.Trimesh(vertices.shape=(916, 3), faces.shape=(856, 3))> using `load_obj` in 0.0030s
2024-10-27 01:39:09,750 DEBUG loaded <trimesh.Trimesh(vertices.shape=(48, 3), faces.shape=(28, 3))> using `load_obj` in 0.0008s
2024-10-27 01:39:36,319 INFO =====> Epoch: 141
2024-10-27 01:39:36,319 INFO =====> Loss info: {'particle_has_naninf': False, 'height_map_loss': 4.057214736938477, 'emd_loss': 7.367360591888428, 'total_loss': 4.057214736938477}
2024-10-27 01:39:36,319 INFO =====> Param: E: [670992.5], nu: [0.37877828], rho: [2093.5664], sand_angle: [38.384933]
2024-10-27 01:39:36,319 INFO =====> Grad: [6.9521116e-03 6.2490894e+03 3.2834899e+00 8.5100769e+02]
2024-10-27 01:39:36,319 INFO =====> Num. aborted data so far: 0
2024-10-27 01:39:36,743 INFO ===> New TaichiEnv created.
2024-10-27 01:39:36,743 INFO ===> Specifications: horizon = 311, dt = 0.01, n_substeps = 20, dt_sub = 0.0005
2024-10-27 01:39:36,769 DEBUG loaded <trimesh.Trimesh(vertices.shape=(916, 3), faces.shape=(856, 3))> using `load_obj` in 0.0029s
2024-10-27 01:39:36,932 DEBUG loaded <trimesh.Trimesh(vertices.shape=(48, 3), faces.shape=(28, 3))> using `load_obj` in 0.0008s
2024-10-27 01:40:03,320 INFO =====> Epoch: 142
2024-10-27 01:40:03,320 INFO =====> Loss info: {'particle_has_naninf': False, 'height_map_loss': 4.026925563812256, 'emd_loss': 7.361263275146484, 'total_loss': 4.026925563812256}
2024-10-27 01:40:03,320 INFO =====> Param: E: [667445.9], nu: [0.38828388], rho: [2077.437], sand_angle: [38.559353]
2024-10-27 01:40:03,322 INFO =====> Grad: [ 2.1725798e-03 -5.7846297e+04  9.2381706e+00 -2.3190105e+02]
2024-10-27 01:40:03,322 INFO =====> Num. aborted data so far: 0
2024-10-27 01:40:03,710 INFO ===> New TaichiEnv created.
2024-10-27 01:40:03,710 INFO ===> Specifications: horizon = 311, dt = 0.01, n_substeps = 20, dt_sub = 0.0005
2024-10-27 01:40:03,741 DEBUG loaded <trimesh.Trimesh(vertices.shape=(916, 3), faces.shape=(856, 3))> using `load_obj` in 0.0041s
2024-10-27 01:40:03,908 DEBUG loaded <trimesh.Trimesh(vertices.shape=(48, 3), faces.shape=(28, 3))> using `load_obj` in 0.0008s
2024-10-27 01:40:30,321 INFO =====> Epoch: 143
2024-10-27 01:40:30,321 INFO =====> Loss info: {'particle_has_naninf': False, 'height_map_loss': 4.042657375335693, 'emd_loss': 7.361456394195557, 'total_loss': 4.042657375335693}
2024-10-27 01:40:30,321 INFO =====> Param: E: [662449.9], nu: [0.4], rho: [2113.4434], sand_angle: [39.51449]
2024-10-27 01:40:30,321 INFO =====> Grad: [ 2.9124869e-03 -1.4551906e+05 -2.0092213e+01 -1.2637684e+03]
2024-10-27 01:40:30,321 INFO =====> Num. aborted data so far: 0
2024-10-27 01:40:30,668 INFO ===> New TaichiEnv created.
2024-10-27 01:40:30,668 INFO ===> Specifications: horizon = 311, dt = 0.01, n_substeps = 20, dt_sub = 0.0005
2024-10-27 01:40:30,690 DEBUG loaded <trimesh.Trimesh(vertices.shape=(916, 3), faces.shape=(856, 3))> using `load_obj` in 0.0029s
2024-10-27 01:40:30,841 DEBUG loaded <trimesh.Trimesh(vertices.shape=(48, 3), faces.shape=(28, 3))> using `load_obj` in 0.0007s
2024-10-27 01:40:57,155 INFO =====> Epoch: 144
2024-10-27 01:40:57,156 INFO =====> Loss info: {'particle_has_naninf': False, 'height_map_loss': 4.090545654296875, 'emd_loss': 7.210654258728027, 'total_loss': 4.090545654296875}
2024-10-27 01:40:57,156 INFO =====> Param: E: [641608.6], nu: [0.4], rho: [2116.361], sand_angle: [38.994637]
2024-10-27 01:40:57,156 INFO =====> Grad: [ 1.2208015e-02 -8.2227822e+03 -1.5448455e+00  6.6153198e+02]
2024-10-27 01:40:57,156 INFO =====> Num. aborted data so far: 0
2024-10-27 01:40:57,517 INFO ===> New TaichiEnv created.
2024-10-27 01:40:57,517 INFO ===> Specifications: horizon = 311, dt = 0.01, n_substeps = 20, dt_sub = 0.0005
2024-10-27 01:40:57,541 DEBUG loaded <trimesh.Trimesh(vertices.shape=(916, 3), faces.shape=(856, 3))> using `load_obj` in 0.0029s
2024-10-27 01:40:57,695 DEBUG loaded <trimesh.Trimesh(vertices.shape=(48, 3), faces.shape=(28, 3))> using `load_obj` in 0.0007s
2024-10-27 01:41:24,129 INFO =====> Epoch: 145
2024-10-27 01:41:24,129 INFO =====> Loss info: {'particle_has_naninf': False, 'height_map_loss': 4.072228908538818, 'emd_loss': 7.3745856285095215, 'total_loss': 4.072228908538818}
2024-10-27 01:41:24,129 INFO =====> Param: E: [640681.25], nu: [0.4], rho: [2150.1367], sand_angle: [39.71887]
2024-10-27 01:41:24,129 INFO =====> Grad: [ 5.1541277e-04 -4.1571559e+04 -1.7366417e+01 -8.9819611e+02]
2024-10-27 01:41:24,129 INFO =====> Num. aborted data so far: 0
2024-10-27 01:41:24,568 INFO ===> New TaichiEnv created.
2024-10-27 01:41:24,568 INFO ===> Specifications: horizon = 311, dt = 0.01, n_substeps = 20, dt_sub = 0.0005
2024-10-27 01:41:24,592 DEBUG loaded <trimesh.Trimesh(vertices.shape=(916, 3), faces.shape=(856, 3))> using `load_obj` in 0.0029s
2024-10-27 01:41:24,758 DEBUG loaded <trimesh.Trimesh(vertices.shape=(48, 3), faces.shape=(28, 3))> using `load_obj` in 0.0008s
2024-10-27 01:41:51,387 INFO =====> Epoch: 146
2024-10-27 01:41:51,387 INFO =====> Loss info: {'particle_has_naninf': False, 'height_map_loss': 4.101868152618408, 'emd_loss': 7.388021469116211, 'total_loss': 4.101868152618408}
2024-10-27 01:41:51,387 INFO =====> Param: E: [612883.7], nu: [0.38781205], rho: [2123.9937], sand_angle: [38.257828]
2024-10-27 01:41:51,387 INFO =====> Grad: [1.6316516e-02 8.4929891e+04 1.2930187e+01 1.9382841e+03]
2024-10-27 01:41:51,387 INFO =====> Num. aborted data so far: 0
2024-10-27 01:41:51,774 INFO ===> New TaichiEnv created.
2024-10-27 01:41:51,774 INFO ===> Specifications: horizon = 311, dt = 0.01, n_substeps = 20, dt_sub = 0.0005
2024-10-27 01:41:51,799 DEBUG loaded <trimesh.Trimesh(vertices.shape=(916, 3), faces.shape=(856, 3))> using `load_obj` in 0.0030s
2024-10-27 01:41:51,980 DEBUG loaded <trimesh.Trimesh(vertices.shape=(48, 3), faces.shape=(28, 3))> using `load_obj` in 0.0008s
2024-10-27 01:42:18,636 INFO =====> Epoch: 147
2024-10-27 01:42:18,636 INFO =====> Loss info: {'particle_has_naninf': False, 'height_map_loss': 4.033291816711426, 'emd_loss': 7.515190124511719, 'total_loss': 4.033291816711426}
2024-10-27 01:42:18,636 INFO =====> Param: E: [629405.94], nu: [0.39149222], rho: [2158.0525], sand_angle: [39.37906]
2024-10-27 01:42:18,636 INFO =====> Grad: [-9.5315017e-03 -2.4495082e+04 -1.6365063e+01 -1.5091919e+03]
2024-10-27 01:42:18,636 INFO =====> Num. aborted data so far: 0
2024-10-27 01:42:19,026 INFO ===> New TaichiEnv created.
2024-10-27 01:42:19,026 INFO ===> Specifications: horizon = 311, dt = 0.01, n_substeps = 20, dt_sub = 0.0005
2024-10-27 01:42:19,052 DEBUG loaded <trimesh.Trimesh(vertices.shape=(916, 3), faces.shape=(856, 3))> using `load_obj` in 0.0030s
2024-10-27 01:42:19,223 DEBUG loaded <trimesh.Trimesh(vertices.shape=(48, 3), faces.shape=(28, 3))> using `load_obj` in 0.0008s
2024-10-27 01:42:46,023 INFO =====> Epoch: 148
2024-10-27 01:42:46,023 INFO =====> Loss info: {'particle_has_naninf': False, 'height_map_loss': 4.082502841949463, 'emd_loss': 7.385317325592041, 'total_loss': 4.082502841949463}
2024-10-27 01:42:46,023 INFO =====> Param: E: [611389.8], nu: [0.39437294], rho: [2147.3865], sand_angle: [38.295387]
2024-10-27 01:42:46,023 INFO =====> Grad: [ 1.0286101e-02 -1.8266105e+04  4.8730745e+00  1.4729746e+03]
2024-10-27 01:42:46,023 INFO =====> Num. aborted data so far: 0
2024-10-27 01:42:46,379 INFO ===> New TaichiEnv created.
2024-10-27 01:42:46,379 INFO ===> Specifications: horizon = 311, dt = 0.01, n_substeps = 20, dt_sub = 0.0005
2024-10-27 01:42:46,402 DEBUG loaded <trimesh.Trimesh(vertices.shape=(916, 3), faces.shape=(856, 3))> using `load_obj` in 0.0028s
2024-10-27 01:42:46,552 DEBUG loaded <trimesh.Trimesh(vertices.shape=(48, 3), faces.shape=(28, 3))> using `load_obj` in 0.0007s
2024-10-27 01:43:12,990 INFO =====> Epoch: 149
2024-10-27 01:43:12,990 INFO =====> Loss info: {'particle_has_naninf': False, 'height_map_loss': 4.036243438720703, 'emd_loss': 7.513535022735596, 'total_loss': 4.036243438720703}
2024-10-27 01:43:12,990 INFO =====> Param: E: [622623.25], nu: [0.3914925], rho: [2164.0366], sand_angle: [38.380432]
2024-10-27 01:43:12,990 INFO =====> Grad: [-6.18278887e-03  1.73993301e+04 -7.25702143e+00 -1.09702736e+02]
2024-10-27 01:43:12,990 INFO =====> Num. aborted data so far: 0
2024-10-27 01:43:12,992 INFO ====> Finished training.
2024-10-27 01:43:12,993 INFO ====> Final loss: 
2024-10-27 01:43:12,993 INFO ====> Final params: E [622623.25], nu [0.3914925], rho [2164.0366], sand_angle [38.380432]
2024-10-27 01:43:12,993 INFO ===> End grad computation at:, 2024-10-27 1:43:12
2024-10-27 01:43:12,993 INFO ===> Total time taken: 4063.6147844791412 seconds
2024-10-27 01:43:12,993 INFO ===> Number of aborted data: 0
