2024-09-19 12:43:47,584 INFO ===> New TaichiEnv created.
2024-09-19 12:43:47,584 INFO ===> Specifications: horizon = 300, dt = 0.01, n_substeps = 20, dt_sub = 0.0005
2024-09-19 12:44:24,392 INFO =====> Epoch: 0
2024-09-19 12:44:24,392 INFO =====> EMD Loss: 27.062227249145508
2024-09-19 12:44:24,392 INFO =====> Height map loss: 28.716739654541016
2024-09-19 12:44:24,392 INFO =====> Trajectory grad mean: 1.3808788061141968
2024-09-19 12:44:24,392 INFO =====> Num. aborted data so far: 0
2024-09-19 12:44:24,623 INFO ===> New TaichiEnv created.
2024-09-19 12:44:24,623 INFO ===> Specifications: horizon = 300, dt = 0.01, n_substeps = 20, dt_sub = 0.0005
2024-09-19 12:45:01,819 INFO =====> Epoch: 1
2024-09-19 12:45:01,819 INFO =====> EMD Loss: 31.341869354248047
2024-09-19 12:45:01,819 INFO =====> Height map loss: 34.83049392700195
2024-09-19 12:45:01,819 INFO =====> Trajectory grad mean: -15773.1982421875
2024-09-19 12:45:01,819 INFO =====> Num. aborted data so far: 0
2024-09-19 12:45:02,026 INFO ===> New TaichiEnv created.
2024-09-19 12:45:02,026 INFO ===> Specifications: horizon = 300, dt = 0.01, n_substeps = 20, dt_sub = 0.0005
2024-09-19 12:45:38,679 INFO =====> Epoch: 2
2024-09-19 12:45:38,679 INFO =====> EMD Loss: 32.10167694091797
2024-09-19 12:45:38,679 INFO =====> Height map loss: 33.24467086791992
2024-09-19 12:45:38,679 INFO =====> Trajectory grad mean: 37802.28515625
2024-09-19 12:45:38,679 INFO =====> Num. aborted data so far: 0
2024-09-19 12:45:38,888 INFO ===> New TaichiEnv created.
2024-09-19 12:45:38,888 INFO ===> Specifications: horizon = 300, dt = 0.01, n_substeps = 20, dt_sub = 0.0005
2024-09-19 12:46:15,874 INFO =====> Epoch: 3
2024-09-19 12:46:15,874 INFO =====> EMD Loss: 34.238990783691406
2024-09-19 12:46:15,874 INFO =====> Height map loss: 35.537269592285156
2024-09-19 12:46:15,874 INFO =====> Trajectory grad mean: 100327.1875
2024-09-19 12:46:15,874 INFO =====> Num. aborted data so far: 0
2024-09-19 12:46:16,087 INFO ===> New TaichiEnv created.
2024-09-19 12:46:16,087 INFO ===> Specifications: horizon = 300, dt = 0.01, n_substeps = 20, dt_sub = 0.0005
2024-09-19 12:46:53,452 INFO =====> Epoch: 4
2024-09-19 12:46:53,453 INFO =====> EMD Loss: 34.11539840698242
2024-09-19 12:46:53,453 INFO =====> Height map loss: 35.3778076171875
2024-09-19 12:46:53,453 INFO =====> Trajectory grad mean: -2211805.5
2024-09-19 12:46:53,453 INFO =====> Num. aborted data so far: 0
2024-09-19 12:46:53,671 INFO ===> New TaichiEnv created.
2024-09-19 12:46:53,671 INFO ===> Specifications: horizon = 300, dt = 0.01, n_substeps = 20, dt_sub = 0.0005
2024-09-19 12:47:31,042 INFO =====> Epoch: 5
2024-09-19 12:47:31,042 INFO =====> EMD Loss: 37.4538459777832
2024-09-19 12:47:31,042 INFO =====> Height map loss: 38.9090576171875
2024-09-19 12:47:31,042 INFO =====> Trajectory grad mean: -29593.919921875
2024-09-19 12:47:31,042 INFO =====> Num. aborted data so far: 0
2024-09-19 12:47:31,257 INFO ===> New TaichiEnv created.
2024-09-19 12:47:31,257 INFO ===> Specifications: horizon = 300, dt = 0.01, n_substeps = 20, dt_sub = 0.0005
2024-09-19 12:48:08,710 INFO =====> Epoch: 6
2024-09-19 12:48:08,710 INFO =====> EMD Loss: 39.95573043823242
2024-09-19 12:48:08,710 INFO =====> Height map loss: 41.84541702270508
2024-09-19 12:48:08,710 INFO =====> Trajectory grad mean: 16102.2216796875
2024-09-19 12:48:08,710 INFO =====> Num. aborted data so far: 0
2024-09-19 12:48:08,944 INFO ===> New TaichiEnv created.
2024-09-19 12:48:08,944 INFO ===> Specifications: horizon = 300, dt = 0.01, n_substeps = 20, dt_sub = 0.0005
2024-09-19 12:48:46,372 INFO =====> Epoch: 7
2024-09-19 12:48:46,372 INFO =====> EMD Loss: 40.810523986816406
2024-09-19 12:48:46,372 INFO =====> Height map loss: 43.57577896118164
2024-09-19 12:48:46,372 INFO =====> Trajectory grad mean: 12023.7255859375
2024-09-19 12:48:46,372 INFO =====> Num. aborted data so far: 0
2024-09-19 12:48:46,591 INFO ===> New TaichiEnv created.
2024-09-19 12:48:46,591 INFO ===> Specifications: horizon = 300, dt = 0.01, n_substeps = 20, dt_sub = 0.0005
2024-09-19 12:49:24,218 INFO =====> Epoch: 8
2024-09-19 12:49:24,218 INFO =====> EMD Loss: 40.39787292480469
2024-09-19 12:49:24,218 INFO =====> Height map loss: 42.79183578491211
2024-09-19 12:49:24,218 INFO =====> Trajectory grad mean: -79133.4140625
2024-09-19 12:49:24,218 INFO =====> Num. aborted data so far: 0
2024-09-19 12:49:24,438 INFO ===> New TaichiEnv created.
2024-09-19 12:49:24,438 INFO ===> Specifications: horizon = 300, dt = 0.01, n_substeps = 20, dt_sub = 0.0005
2024-09-19 12:50:01,890 INFO =====> Epoch: 9
2024-09-19 12:50:01,891 INFO =====> EMD Loss: 39.45929718017578
2024-09-19 12:50:01,891 INFO =====> Height map loss: 42.93280029296875
2024-09-19 12:50:01,891 INFO =====> Trajectory grad mean: -68185.9921875
2024-09-19 12:50:01,891 INFO =====> Num. aborted data so far: 0
2024-09-19 12:50:02,114 INFO ===> New TaichiEnv created.
2024-09-19 12:50:02,114 INFO ===> Specifications: horizon = 300, dt = 0.01, n_substeps = 20, dt_sub = 0.0005
2024-09-19 12:50:39,647 INFO =====> Epoch: 10
2024-09-19 12:50:39,647 INFO =====> EMD Loss: 37.71815872192383
2024-09-19 12:50:39,647 INFO =====> Height map loss: 40.500606536865234
2024-09-19 12:50:39,647 INFO =====> Trajectory grad mean: -830.4163818359375
2024-09-19 12:50:39,647 INFO =====> Num. aborted data so far: 0
2024-09-19 12:50:39,882 INFO ===> New TaichiEnv created.
2024-09-19 12:50:39,882 INFO ===> Specifications: horizon = 300, dt = 0.01, n_substeps = 20, dt_sub = 0.0005
2024-09-19 12:51:17,157 INFO =====> Epoch: 11
2024-09-19 12:51:17,157 INFO =====> EMD Loss: 35.273956298828125
2024-09-19 12:51:17,157 INFO =====> Height map loss: 37.55826187133789
2024-09-19 12:51:17,157 INFO =====> Trajectory grad mean: 19191.5390625
2024-09-19 12:51:17,157 INFO =====> Num. aborted data so far: 0
2024-09-19 12:51:17,382 INFO ===> New TaichiEnv created.
2024-09-19 12:51:17,382 INFO ===> Specifications: horizon = 300, dt = 0.01, n_substeps = 20, dt_sub = 0.0005
2024-09-19 12:51:54,511 INFO =====> Epoch: 12
2024-09-19 12:51:54,511 INFO =====> EMD Loss: 33.32453918457031
2024-09-19 12:51:54,511 INFO =====> Height map loss: 36.086036682128906
2024-09-19 12:51:54,511 INFO =====> Trajectory grad mean: 178163.890625
2024-09-19 12:51:54,511 INFO =====> Num. aborted data so far: 0
2024-09-19 12:51:54,738 INFO ===> New TaichiEnv created.
2024-09-19 12:51:54,738 INFO ===> Specifications: horizon = 300, dt = 0.01, n_substeps = 20, dt_sub = 0.0005
2024-09-19 12:52:31,797 INFO =====> Epoch: 13
2024-09-19 12:52:31,797 INFO =====> EMD Loss: 32.09771728515625
2024-09-19 12:52:31,797 INFO =====> Height map loss: 34.781646728515625
2024-09-19 12:52:31,797 INFO =====> Trajectory grad mean: 44010.96875
2024-09-19 12:52:31,797 INFO =====> Num. aborted data so far: 0
2024-09-19 12:52:32,025 INFO ===> New TaichiEnv created.
2024-09-19 12:52:32,025 INFO ===> Specifications: horizon = 300, dt = 0.01, n_substeps = 20, dt_sub = 0.0005
2024-09-19 12:53:09,080 INFO =====> Epoch: 14
2024-09-19 12:53:09,080 INFO =====> EMD Loss: 32.154563903808594
2024-09-19 12:53:09,080 INFO =====> Height map loss: 34.723506927490234
2024-09-19 12:53:09,080 INFO =====> Trajectory grad mean: -53277.28515625
2024-09-19 12:53:09,080 INFO =====> Num. aborted data so far: 0
2024-09-19 12:53:09,309 INFO ===> New TaichiEnv created.
2024-09-19 12:53:09,309 INFO ===> Specifications: horizon = 300, dt = 0.01, n_substeps = 20, dt_sub = 0.0005
2024-09-19 12:53:46,367 INFO =====> Epoch: 15
2024-09-19 12:53:46,367 INFO =====> EMD Loss: 32.11860656738281
2024-09-19 12:53:46,367 INFO =====> Height map loss: 34.583152770996094
2024-09-19 12:53:46,367 INFO =====> Trajectory grad mean: -23509.837890625
2024-09-19 12:53:46,367 INFO =====> Num. aborted data so far: 0
2024-09-19 12:53:46,601 INFO ===> New TaichiEnv created.
2024-09-19 12:53:46,602 INFO ===> Specifications: horizon = 300, dt = 0.01, n_substeps = 20, dt_sub = 0.0005
2024-09-19 12:54:23,679 INFO =====> Epoch: 16
2024-09-19 12:54:23,679 INFO =====> EMD Loss: 32.186866760253906
2024-09-19 12:54:23,679 INFO =====> Height map loss: 34.5645637512207
2024-09-19 12:54:23,679 INFO =====> Trajectory grad mean: -3537.79248046875
2024-09-19 12:54:23,679 INFO =====> Num. aborted data so far: 0
2024-09-19 12:54:23,912 INFO ===> New TaichiEnv created.
2024-09-19 12:54:23,912 INFO ===> Specifications: horizon = 300, dt = 0.01, n_substeps = 20, dt_sub = 0.0005
2024-09-19 12:55:00,842 INFO =====> Epoch: 17
2024-09-19 12:55:00,842 INFO =====> EMD Loss: 31.052486419677734
2024-09-19 12:55:00,842 INFO =====> Height map loss: 33.35694122314453
2024-09-19 12:55:00,842 INFO =====> Trajectory grad mean: -18797.2734375
2024-09-19 12:55:00,842 INFO =====> Num. aborted data so far: 0
2024-09-19 12:55:01,075 INFO ===> New TaichiEnv created.
2024-09-19 12:55:01,075 INFO ===> Specifications: horizon = 300, dt = 0.01, n_substeps = 20, dt_sub = 0.0005
2024-09-19 12:55:38,188 INFO =====> Epoch: 18
2024-09-19 12:55:38,188 INFO =====> EMD Loss: 31.001497268676758
2024-09-19 12:55:38,188 INFO =====> Height map loss: 33.38428497314453
2024-09-19 12:55:38,188 INFO =====> Trajectory grad mean: -46138.76953125
2024-09-19 12:55:38,188 INFO =====> Num. aborted data so far: 0
2024-09-19 12:55:38,433 INFO ===> New TaichiEnv created.
2024-09-19 12:55:38,433 INFO ===> Specifications: horizon = 300, dt = 0.01, n_substeps = 20, dt_sub = 0.0005
2024-09-19 12:56:15,436 INFO =====> Epoch: 19
2024-09-19 12:56:15,436 INFO =====> EMD Loss: 30.9399356842041
2024-09-19 12:56:15,436 INFO =====> Height map loss: 33.338409423828125
2024-09-19 12:56:15,436 INFO =====> Trajectory grad mean: 981957.9375
2024-09-19 12:56:15,436 INFO =====> Num. aborted data so far: 0
2024-09-19 12:56:15,672 INFO ===> New TaichiEnv created.
2024-09-19 12:56:15,672 INFO ===> Specifications: horizon = 300, dt = 0.01, n_substeps = 20, dt_sub = 0.0005
2024-09-19 12:56:52,680 INFO =====> Epoch: 20
2024-09-19 12:56:52,680 INFO =====> EMD Loss: 33.60191345214844
2024-09-19 12:56:52,680 INFO =====> Height map loss: 35.74170684814453
2024-09-19 12:56:52,680 INFO =====> Trajectory grad mean: -27473.154296875
2024-09-19 12:56:52,680 INFO =====> Num. aborted data so far: 0
2024-09-19 12:56:52,917 INFO ===> New TaichiEnv created.
2024-09-19 12:56:52,917 INFO ===> Specifications: horizon = 300, dt = 0.01, n_substeps = 20, dt_sub = 0.0005
2024-09-19 12:57:30,265 INFO =====> Epoch: 21
2024-09-19 12:57:30,265 INFO =====> EMD Loss: 36.86000442504883
2024-09-19 12:57:30,265 INFO =====> Height map loss: 40.3334846496582
2024-09-19 12:57:30,265 INFO =====> Trajectory grad mean: -43677.9609375
2024-09-19 12:57:30,265 INFO =====> Num. aborted data so far: 0
2024-09-19 12:57:30,503 INFO ===> New TaichiEnv created.
2024-09-19 12:57:30,503 INFO ===> Specifications: horizon = 300, dt = 0.01, n_substeps = 20, dt_sub = 0.0005
2024-09-19 12:58:08,410 INFO =====> Epoch: 22
2024-09-19 12:58:08,410 INFO =====> EMD Loss: 39.94404983520508
2024-09-19 12:58:08,410 INFO =====> Height map loss: 43.766632080078125
2024-09-19 12:58:08,410 INFO =====> Trajectory grad mean: -37961.3125
2024-09-19 12:58:08,410 INFO =====> Num. aborted data so far: 0
2024-09-19 12:58:08,650 INFO ===> New TaichiEnv created.
2024-09-19 12:58:08,650 INFO ===> Specifications: horizon = 300, dt = 0.01, n_substeps = 20, dt_sub = 0.0005
2024-09-19 12:58:46,418 INFO =====> Epoch: 23
2024-09-19 12:58:46,418 INFO =====> EMD Loss: 40.932926177978516
2024-09-19 12:58:46,418 INFO =====> Height map loss: 44.34337615966797
2024-09-19 12:58:46,418 INFO =====> Trajectory grad mean: -14599.380859375
2024-09-19 12:58:46,418 INFO =====> Num. aborted data so far: 0
2024-09-19 12:58:46,657 INFO ===> New TaichiEnv created.
2024-09-19 12:58:46,657 INFO ===> Specifications: horizon = 300, dt = 0.01, n_substeps = 20, dt_sub = 0.0005
2024-09-19 12:59:24,192 INFO =====> Epoch: 24
2024-09-19 12:59:24,192 INFO =====> EMD Loss: 41.15141296386719
2024-09-19 12:59:24,192 INFO =====> Height map loss: 44.782684326171875
2024-09-19 12:59:24,192 INFO =====> Trajectory grad mean: 180417.203125
2024-09-19 12:59:24,192 INFO =====> Num. aborted data so far: 0
2024-09-19 12:59:24,434 INFO ===> New TaichiEnv created.
2024-09-19 12:59:24,434 INFO ===> Specifications: horizon = 300, dt = 0.01, n_substeps = 20, dt_sub = 0.0005
2024-09-19 13:00:02,165 INFO =====> Epoch: 25
2024-09-19 13:00:02,165 INFO =====> EMD Loss: 41.46677780151367
2024-09-19 13:00:02,165 INFO =====> Height map loss: 44.67561340332031
2024-09-19 13:00:02,165 INFO =====> Trajectory grad mean: -10325.0498046875
2024-09-19 13:00:02,165 INFO =====> Num. aborted data so far: 0
2024-09-19 13:00:02,408 INFO ===> New TaichiEnv created.
2024-09-19 13:00:02,408 INFO ===> Specifications: horizon = 300, dt = 0.01, n_substeps = 20, dt_sub = 0.0005
2024-09-19 13:00:40,132 INFO =====> Epoch: 26
2024-09-19 13:00:40,132 INFO =====> EMD Loss: 41.474571228027344
2024-09-19 13:00:40,132 INFO =====> Height map loss: 44.716522216796875
2024-09-19 13:00:40,132 INFO =====> Trajectory grad mean: 122988.90625
2024-09-19 13:00:40,132 INFO =====> Num. aborted data so far: 0
2024-09-19 13:00:40,379 INFO ===> New TaichiEnv created.
2024-09-19 13:00:40,379 INFO ===> Specifications: horizon = 300, dt = 0.01, n_substeps = 20, dt_sub = 0.0005
2024-09-19 13:01:18,018 INFO =====> Epoch: 27
2024-09-19 13:01:18,018 INFO =====> EMD Loss: 41.04759979248047
2024-09-19 13:01:18,018 INFO =====> Height map loss: 44.379661560058594
2024-09-19 13:01:18,018 INFO =====> Trajectory grad mean: -283986.5
2024-09-19 13:01:18,018 INFO =====> Num. aborted data so far: 0
2024-09-19 13:01:18,261 INFO ===> New TaichiEnv created.
2024-09-19 13:01:18,261 INFO ===> Specifications: horizon = 300, dt = 0.01, n_substeps = 20, dt_sub = 0.0005
2024-09-19 13:01:55,806 INFO =====> Epoch: 28
2024-09-19 13:01:55,806 INFO =====> EMD Loss: 40.82701110839844
2024-09-19 13:01:55,806 INFO =====> Height map loss: 44.58876037597656
2024-09-19 13:01:55,806 INFO =====> Trajectory grad mean: 15119.6640625
2024-09-19 13:01:55,806 INFO =====> Num. aborted data so far: 0
2024-09-19 13:01:56,050 INFO ===> New TaichiEnv created.
2024-09-19 13:01:56,050 INFO ===> Specifications: horizon = 300, dt = 0.01, n_substeps = 20, dt_sub = 0.0005
2024-09-19 13:02:33,705 INFO =====> Epoch: 29
2024-09-19 13:02:33,706 INFO =====> EMD Loss: 41.19795608520508
2024-09-19 13:02:33,706 INFO =====> Height map loss: 44.69104766845703
2024-09-19 13:02:33,706 INFO =====> Trajectory grad mean: -3319.473388671875
2024-09-19 13:02:33,706 INFO =====> Num. aborted data so far: 0
2024-09-19 13:02:33,950 INFO ===> New TaichiEnv created.
2024-09-19 13:02:33,950 INFO ===> Specifications: horizon = 300, dt = 0.01, n_substeps = 20, dt_sub = 0.0005
2024-09-19 13:03:11,581 INFO =====> Epoch: 30
2024-09-19 13:03:11,581 INFO =====> EMD Loss: 41.73456573486328
2024-09-19 13:03:11,581 INFO =====> Height map loss: 45.30195617675781
2024-09-19 13:03:11,581 INFO =====> Trajectory grad mean: -477189.3125
2024-09-19 13:03:11,581 INFO =====> Num. aborted data so far: 0
2024-09-19 13:03:11,826 INFO ===> New TaichiEnv created.
2024-09-19 13:03:11,826 INFO ===> Specifications: horizon = 300, dt = 0.01, n_substeps = 20, dt_sub = 0.0005
2024-09-19 13:03:49,436 INFO =====> Epoch: 31
2024-09-19 13:03:49,436 INFO =====> EMD Loss: 41.17814254760742
2024-09-19 13:03:49,436 INFO =====> Height map loss: 44.3532829284668
2024-09-19 13:03:49,436 INFO =====> Trajectory grad mean: 33418.8515625
2024-09-19 13:03:49,436 INFO =====> Num. aborted data so far: 0
2024-09-19 13:03:49,683 INFO ===> New TaichiEnv created.
2024-09-19 13:03:49,683 INFO ===> Specifications: horizon = 300, dt = 0.01, n_substeps = 20, dt_sub = 0.0005
2024-09-19 13:04:27,351 INFO =====> Epoch: 32
2024-09-19 13:04:27,351 INFO =====> EMD Loss: 40.675758361816406
2024-09-19 13:04:27,351 INFO =====> Height map loss: 43.51129150390625
2024-09-19 13:04:27,351 INFO =====> Trajectory grad mean: -14187.7587890625
2024-09-19 13:04:27,351 INFO =====> Num. aborted data so far: 0
2024-09-19 13:04:27,598 INFO ===> New TaichiEnv created.
2024-09-19 13:04:27,598 INFO ===> Specifications: horizon = 300, dt = 0.01, n_substeps = 20, dt_sub = 0.0005
2024-09-19 13:05:05,239 INFO =====> Epoch: 33
2024-09-19 13:05:05,239 INFO =====> EMD Loss: 40.23431396484375
2024-09-19 13:05:05,239 INFO =====> Height map loss: 43.413490295410156
2024-09-19 13:05:05,239 INFO =====> Trajectory grad mean: 2903.28662109375
2024-09-19 13:05:05,239 INFO =====> Num. aborted data so far: 0
2024-09-19 13:05:05,490 INFO ===> New TaichiEnv created.
2024-09-19 13:05:05,490 INFO ===> Specifications: horizon = 300, dt = 0.01, n_substeps = 20, dt_sub = 0.0005
2024-09-19 13:05:43,200 INFO =====> Epoch: 34
2024-09-19 13:05:43,200 INFO =====> EMD Loss: 40.13444519042969
2024-09-19 13:05:43,200 INFO =====> Height map loss: 43.228118896484375
2024-09-19 13:05:43,200 INFO =====> Trajectory grad mean: 5528.1103515625
2024-09-19 13:05:43,200 INFO =====> Num. aborted data so far: 0
2024-09-19 13:05:43,449 INFO ===> New TaichiEnv created.
2024-09-19 13:05:43,449 INFO ===> Specifications: horizon = 300, dt = 0.01, n_substeps = 20, dt_sub = 0.0005
2024-09-19 13:06:20,912 INFO =====> Epoch: 35
2024-09-19 13:06:20,912 INFO =====> EMD Loss: 39.90918731689453
2024-09-19 13:06:20,912 INFO =====> Height map loss: 42.669517517089844
2024-09-19 13:06:20,912 INFO =====> Trajectory grad mean: -3591.7431640625
2024-09-19 13:06:20,912 INFO =====> Num. aborted data so far: 0
2024-09-19 13:06:21,162 INFO ===> New TaichiEnv created.
2024-09-19 13:06:21,162 INFO ===> Specifications: horizon = 300, dt = 0.01, n_substeps = 20, dt_sub = 0.0005
2024-09-19 13:06:58,671 INFO =====> Epoch: 36
2024-09-19 13:06:58,671 INFO =====> EMD Loss: 39.49635314941406
2024-09-19 13:06:58,671 INFO =====> Height map loss: 42.4153938293457
2024-09-19 13:06:58,671 INFO =====> Trajectory grad mean: 11545.453125
2024-09-19 13:06:58,671 INFO =====> Num. aborted data so far: 0
2024-09-19 13:06:58,920 INFO ===> New TaichiEnv created.
2024-09-19 13:06:58,920 INFO ===> Specifications: horizon = 300, dt = 0.01, n_substeps = 20, dt_sub = 0.0005
2024-09-19 13:07:36,419 INFO =====> Epoch: 37
2024-09-19 13:07:36,419 INFO =====> EMD Loss: 39.362274169921875
2024-09-19 13:07:36,419 INFO =====> Height map loss: 42.09491729736328
2024-09-19 13:07:36,419 INFO =====> Trajectory grad mean: 5832.47900390625
2024-09-19 13:07:36,419 INFO =====> Num. aborted data so far: 0
2024-09-19 13:07:36,672 INFO ===> New TaichiEnv created.
2024-09-19 13:07:36,672 INFO ===> Specifications: horizon = 300, dt = 0.01, n_substeps = 20, dt_sub = 0.0005
2024-09-19 13:08:14,229 INFO =====> Epoch: 38
2024-09-19 13:08:14,229 INFO =====> EMD Loss: 39.81550216674805
2024-09-19 13:08:14,229 INFO =====> Height map loss: 42.29568099975586
2024-09-19 13:08:14,229 INFO =====> Trajectory grad mean: 5241.89208984375
2024-09-19 13:08:14,229 INFO =====> Num. aborted data so far: 0
2024-09-19 13:08:14,482 INFO ===> New TaichiEnv created.
2024-09-19 13:08:14,483 INFO ===> Specifications: horizon = 300, dt = 0.01, n_substeps = 20, dt_sub = 0.0005
2024-09-19 13:08:52,260 INFO =====> Epoch: 39
2024-09-19 13:08:52,260 INFO =====> EMD Loss: 40.15650177001953
2024-09-19 13:08:52,260 INFO =====> Height map loss: 42.210269927978516
2024-09-19 13:08:52,260 INFO =====> Trajectory grad mean: 20356.0546875
2024-09-19 13:08:52,260 INFO =====> Num. aborted data so far: 0
2024-09-19 13:08:52,513 INFO ===> New TaichiEnv created.
2024-09-19 13:08:52,513 INFO ===> Specifications: horizon = 300, dt = 0.01, n_substeps = 20, dt_sub = 0.0005
2024-09-19 13:09:30,081 INFO =====> Epoch: 40
2024-09-19 13:09:30,081 INFO =====> EMD Loss: 39.336769104003906
2024-09-19 13:09:30,081 INFO =====> Height map loss: 42.37981414794922
2024-09-19 13:09:30,081 INFO =====> Trajectory grad mean: 10999.41796875
2024-09-19 13:09:30,081 INFO =====> Num. aborted data so far: 0
2024-09-19 13:09:30,334 INFO ===> New TaichiEnv created.
2024-09-19 13:09:30,334 INFO ===> Specifications: horizon = 300, dt = 0.01, n_substeps = 20, dt_sub = 0.0005
2024-09-19 13:10:07,985 INFO =====> Epoch: 41
2024-09-19 13:10:07,986 INFO =====> EMD Loss: 39.85287857055664
2024-09-19 13:10:07,986 INFO =====> Height map loss: 42.33384323120117
2024-09-19 13:10:07,986 INFO =====> Trajectory grad mean: -8077.17626953125
2024-09-19 13:10:07,986 INFO =====> Num. aborted data so far: 0
2024-09-19 13:10:08,239 INFO ===> New TaichiEnv created.
2024-09-19 13:10:08,239 INFO ===> Specifications: horizon = 300, dt = 0.01, n_substeps = 20, dt_sub = 0.0005
2024-09-19 13:10:46,100 INFO =====> Epoch: 42
2024-09-19 13:10:46,100 INFO =====> EMD Loss: 40.143394470214844
2024-09-19 13:10:46,100 INFO =====> Height map loss: 42.248756408691406
2024-09-19 13:10:46,100 INFO =====> Trajectory grad mean: -8669.2138671875
2024-09-19 13:10:46,100 INFO =====> Num. aborted data so far: 0
2024-09-19 13:10:46,354 INFO ===> New TaichiEnv created.
2024-09-19 13:10:46,354 INFO ===> Specifications: horizon = 300, dt = 0.01, n_substeps = 20, dt_sub = 0.0005
2024-09-19 13:11:23,919 INFO =====> Epoch: 43
2024-09-19 13:11:23,919 INFO =====> EMD Loss: 39.94552230834961
2024-09-19 13:11:23,919 INFO =====> Height map loss: 42.28904342651367
2024-09-19 13:11:23,919 INFO =====> Trajectory grad mean: -1769.9490966796875
2024-09-19 13:11:23,919 INFO =====> Num. aborted data so far: 0
2024-09-19 13:11:24,173 INFO ===> New TaichiEnv created.
2024-09-19 13:11:24,173 INFO ===> Specifications: horizon = 300, dt = 0.01, n_substeps = 20, dt_sub = 0.0005
2024-09-19 13:12:01,828 INFO =====> Epoch: 44
2024-09-19 13:12:01,828 INFO =====> EMD Loss: 40.09650421142578
2024-09-19 13:12:01,828 INFO =====> Height map loss: 42.420082092285156
2024-09-19 13:12:01,828 INFO =====> Trajectory grad mean: -8668.75
2024-09-19 13:12:01,828 INFO =====> Num. aborted data so far: 0
2024-09-19 13:12:02,085 INFO ===> New TaichiEnv created.
2024-09-19 13:12:02,086 INFO ===> Specifications: horizon = 300, dt = 0.01, n_substeps = 20, dt_sub = 0.0005
2024-09-19 13:12:40,167 INFO =====> Epoch: 45
2024-09-19 13:12:40,167 INFO =====> EMD Loss: 40.122623443603516
2024-09-19 13:12:40,167 INFO =====> Height map loss: 42.32723617553711
2024-09-19 13:12:40,167 INFO =====> Trajectory grad mean: -999.9700317382812
2024-09-19 13:12:40,167 INFO =====> Num. aborted data so far: 0
2024-09-19 13:12:40,424 INFO ===> New TaichiEnv created.
2024-09-19 13:12:40,425 INFO ===> Specifications: horizon = 300, dt = 0.01, n_substeps = 20, dt_sub = 0.0005
2024-09-19 13:13:18,361 INFO =====> Epoch: 46
2024-09-19 13:13:18,361 INFO =====> EMD Loss: 39.66557693481445
2024-09-19 13:13:18,361 INFO =====> Height map loss: 42.285438537597656
2024-09-19 13:13:18,361 INFO =====> Trajectory grad mean: -13504.556640625
2024-09-19 13:13:18,361 INFO =====> Num. aborted data so far: 0
2024-09-19 13:13:18,617 INFO ===> New TaichiEnv created.
2024-09-19 13:13:18,618 INFO ===> Specifications: horizon = 300, dt = 0.01, n_substeps = 20, dt_sub = 0.0005
2024-09-19 13:13:56,458 INFO =====> Epoch: 47
2024-09-19 13:13:56,458 INFO =====> EMD Loss: 40.05607986450195
2024-09-19 13:13:56,458 INFO =====> Height map loss: 42.806880950927734
2024-09-19 13:13:56,458 INFO =====> Trajectory grad mean: -29325.05078125
2024-09-19 13:13:56,458 INFO =====> Num. aborted data so far: 0
2024-09-19 13:13:56,715 INFO ===> New TaichiEnv created.
2024-09-19 13:13:56,715 INFO ===> Specifications: horizon = 300, dt = 0.01, n_substeps = 20, dt_sub = 0.0005
2024-09-19 13:14:34,448 INFO =====> Epoch: 48
2024-09-19 13:14:34,448 INFO =====> EMD Loss: 41.22728729248047
2024-09-19 13:14:34,448 INFO =====> Height map loss: 43.19757080078125
2024-09-19 13:14:34,448 INFO =====> Trajectory grad mean: -5612.869140625
2024-09-19 13:14:34,448 INFO =====> Num. aborted data so far: 0
2024-09-19 13:14:34,710 INFO ===> New TaichiEnv created.
2024-09-19 13:14:34,710 INFO ===> Specifications: horizon = 300, dt = 0.01, n_substeps = 20, dt_sub = 0.0005
2024-09-19 13:15:12,420 INFO =====> Epoch: 49
2024-09-19 13:15:12,420 INFO =====> EMD Loss: 40.308143615722656
2024-09-19 13:15:12,420 INFO =====> Height map loss: 43.17768859863281
2024-09-19 13:15:12,420 INFO =====> Trajectory grad mean: 149048.40625
2024-09-19 13:15:12,420 INFO =====> Num. aborted data so far: 0
2024-09-19 13:15:12,678 INFO ===> New TaichiEnv created.
2024-09-19 13:15:12,678 INFO ===> Specifications: horizon = 300, dt = 0.01, n_substeps = 20, dt_sub = 0.0005
2024-09-19 13:15:50,330 INFO =====> Epoch: 50
2024-09-19 13:15:50,330 INFO =====> EMD Loss: 39.599605560302734
2024-09-19 13:15:50,330 INFO =====> Height map loss: 42.58086395263672
2024-09-19 13:15:50,330 INFO =====> Trajectory grad mean: 570.2680053710938
2024-09-19 13:15:50,330 INFO =====> Num. aborted data so far: 0
2024-09-19 13:15:50,589 INFO ===> New TaichiEnv created.
2024-09-19 13:15:50,589 INFO ===> Specifications: horizon = 300, dt = 0.01, n_substeps = 20, dt_sub = 0.0005
2024-09-19 13:16:28,200 INFO =====> Epoch: 51
2024-09-19 13:16:28,200 INFO =====> EMD Loss: 38.56829071044922
2024-09-19 13:16:28,200 INFO =====> Height map loss: 41.848602294921875
2024-09-19 13:16:28,200 INFO =====> Trajectory grad mean: -3565.729736328125
2024-09-19 13:16:28,200 INFO =====> Num. aborted data so far: 0
2024-09-19 13:16:28,459 INFO ===> New TaichiEnv created.
2024-09-19 13:16:28,459 INFO ===> Specifications: horizon = 300, dt = 0.01, n_substeps = 20, dt_sub = 0.0005
2024-09-19 13:17:05,877 INFO =====> Epoch: 52
2024-09-19 13:17:05,877 INFO =====> EMD Loss: 37.990543365478516
2024-09-19 13:17:05,877 INFO =====> Height map loss: 40.63288116455078
2024-09-19 13:17:05,877 INFO =====> Trajectory grad mean: -8609.6015625
2024-09-19 13:17:05,877 INFO =====> Num. aborted data so far: 0
2024-09-19 13:17:06,138 INFO ===> New TaichiEnv created.
2024-09-19 13:17:06,138 INFO ===> Specifications: horizon = 300, dt = 0.01, n_substeps = 20, dt_sub = 0.0005
2024-09-19 13:17:43,578 INFO =====> Epoch: 53
2024-09-19 13:17:43,578 INFO =====> EMD Loss: 36.92464828491211
2024-09-19 13:17:43,578 INFO =====> Height map loss: 39.84226608276367
2024-09-19 13:17:43,578 INFO =====> Trajectory grad mean: -3789.13818359375
2024-09-19 13:17:43,578 INFO =====> Num. aborted data so far: 0
2024-09-19 13:17:43,841 INFO ===> New TaichiEnv created.
2024-09-19 13:17:43,841 INFO ===> Specifications: horizon = 300, dt = 0.01, n_substeps = 20, dt_sub = 0.0005
2024-09-19 13:18:21,275 INFO =====> Epoch: 54
2024-09-19 13:18:21,275 INFO =====> EMD Loss: 36.07440948486328
2024-09-19 13:18:21,275 INFO =====> Height map loss: 38.77770233154297
2024-09-19 13:18:21,275 INFO =====> Trajectory grad mean: -4763.9423828125
2024-09-19 13:18:21,275 INFO =====> Num. aborted data so far: 0
2024-09-19 13:18:21,535 INFO ===> New TaichiEnv created.
2024-09-19 13:18:21,536 INFO ===> Specifications: horizon = 300, dt = 0.01, n_substeps = 20, dt_sub = 0.0005
2024-09-19 13:18:58,892 INFO =====> Epoch: 55
2024-09-19 13:18:58,893 INFO =====> EMD Loss: 36.06300354003906
2024-09-19 13:18:58,893 INFO =====> Height map loss: 39.072750091552734
2024-09-19 13:18:58,893 INFO =====> Trajectory grad mean: -7429.59619140625
2024-09-19 13:18:58,893 INFO =====> Num. aborted data so far: 0
2024-09-19 13:18:59,154 INFO ===> New TaichiEnv created.
2024-09-19 13:18:59,154 INFO ===> Specifications: horizon = 300, dt = 0.01, n_substeps = 20, dt_sub = 0.0005
2024-09-19 13:19:36,634 INFO =====> Epoch: 56
2024-09-19 13:19:36,634 INFO =====> EMD Loss: 36.46290588378906
2024-09-19 13:19:36,634 INFO =====> Height map loss: 39.18118667602539
2024-09-19 13:19:36,634 INFO =====> Trajectory grad mean: -2000.6480712890625
2024-09-19 13:19:36,634 INFO =====> Num. aborted data so far: 0
2024-09-19 13:19:36,895 INFO ===> New TaichiEnv created.
2024-09-19 13:19:36,895 INFO ===> Specifications: horizon = 300, dt = 0.01, n_substeps = 20, dt_sub = 0.0005
2024-09-19 13:20:14,456 INFO =====> Epoch: 57
2024-09-19 13:20:14,456 INFO =====> EMD Loss: 36.35242462158203
2024-09-19 13:20:14,456 INFO =====> Height map loss: 39.0384521484375
2024-09-19 13:20:14,456 INFO =====> Trajectory grad mean: 8611.669921875
2024-09-19 13:20:14,456 INFO =====> Num. aborted data so far: 0
2024-09-19 13:20:14,720 INFO ===> New TaichiEnv created.
2024-09-19 13:20:14,720 INFO ===> Specifications: horizon = 300, dt = 0.01, n_substeps = 20, dt_sub = 0.0005
2024-09-19 13:20:51,995 INFO =====> Epoch: 58
2024-09-19 13:20:51,995 INFO =====> EMD Loss: 36.10212326049805
2024-09-19 13:20:51,995 INFO =====> Height map loss: 38.75475311279297
2024-09-19 13:20:51,995 INFO =====> Trajectory grad mean: -1977.20654296875
2024-09-19 13:20:51,995 INFO =====> Num. aborted data so far: 0
2024-09-19 13:20:52,259 INFO ===> New TaichiEnv created.
2024-09-19 13:20:52,259 INFO ===> Specifications: horizon = 300, dt = 0.01, n_substeps = 20, dt_sub = 0.0005
2024-09-19 13:21:29,743 INFO =====> Epoch: 59
2024-09-19 13:21:29,743 INFO =====> EMD Loss: 36.02806091308594
2024-09-19 13:21:29,743 INFO =====> Height map loss: 38.257476806640625
2024-09-19 13:21:29,743 INFO =====> Trajectory grad mean: -23481.25
2024-09-19 13:21:29,743 INFO =====> Num. aborted data so far: 0
2024-09-19 13:21:30,006 INFO ===> New TaichiEnv created.
2024-09-19 13:21:30,006 INFO ===> Specifications: horizon = 300, dt = 0.01, n_substeps = 20, dt_sub = 0.0005
2024-09-19 13:22:07,503 INFO =====> Epoch: 60
2024-09-19 13:22:07,503 INFO =====> EMD Loss: 35.54745101928711
2024-09-19 13:22:07,503 INFO =====> Height map loss: 37.681419372558594
2024-09-19 13:22:07,503 INFO =====> Trajectory grad mean: -1271.8726806640625
2024-09-19 13:22:07,503 INFO =====> Num. aborted data so far: 0
2024-09-19 13:22:07,766 INFO ===> New TaichiEnv created.
2024-09-19 13:22:07,766 INFO ===> Specifications: horizon = 300, dt = 0.01, n_substeps = 20, dt_sub = 0.0005
2024-09-19 13:22:45,152 INFO =====> Epoch: 61
2024-09-19 13:22:45,152 INFO =====> EMD Loss: 35.90287399291992
2024-09-19 13:22:45,152 INFO =====> Height map loss: 38.15122604370117
2024-09-19 13:22:45,152 INFO =====> Trajectory grad mean: 6905.05224609375
2024-09-19 13:22:45,152 INFO =====> Num. aborted data so far: 0
2024-09-19 13:22:45,416 INFO ===> New TaichiEnv created.
2024-09-19 13:22:45,416 INFO ===> Specifications: horizon = 300, dt = 0.01, n_substeps = 20, dt_sub = 0.0005
2024-09-19 13:23:22,937 INFO =====> Epoch: 62
2024-09-19 13:23:22,938 INFO =====> EMD Loss: 36.269107818603516
2024-09-19 13:23:22,938 INFO =====> Height map loss: 38.33378219604492
2024-09-19 13:23:22,938 INFO =====> Trajectory grad mean: 14661.8486328125
2024-09-19 13:23:22,938 INFO =====> Num. aborted data so far: 0
2024-09-19 13:23:23,201 INFO ===> New TaichiEnv created.
2024-09-19 13:23:23,201 INFO ===> Specifications: horizon = 300, dt = 0.01, n_substeps = 20, dt_sub = 0.0005
2024-09-19 13:24:00,549 INFO =====> Epoch: 63
2024-09-19 13:24:00,549 INFO =====> EMD Loss: 36.41495895385742
2024-09-19 13:24:00,549 INFO =====> Height map loss: 38.027286529541016
2024-09-19 13:24:00,549 INFO =====> Trajectory grad mean: 16829.2421875
2024-09-19 13:24:00,549 INFO =====> Num. aborted data so far: 0
2024-09-19 13:24:00,814 INFO ===> New TaichiEnv created.
2024-09-19 13:24:00,814 INFO ===> Specifications: horizon = 300, dt = 0.01, n_substeps = 20, dt_sub = 0.0005
2024-09-19 13:24:38,244 INFO =====> Epoch: 64
2024-09-19 13:24:38,244 INFO =====> EMD Loss: 36.22898483276367
2024-09-19 13:24:38,244 INFO =====> Height map loss: 37.67665100097656
2024-09-19 13:24:38,244 INFO =====> Trajectory grad mean: -22485.08984375
2024-09-19 13:24:38,244 INFO =====> Num. aborted data so far: 0
2024-09-19 13:24:38,509 INFO ===> New TaichiEnv created.
2024-09-19 13:24:38,509 INFO ===> Specifications: horizon = 300, dt = 0.01, n_substeps = 20, dt_sub = 0.0005
2024-09-19 13:25:16,163 INFO =====> Epoch: 65
2024-09-19 13:25:16,163 INFO =====> EMD Loss: 36.34921646118164
2024-09-19 13:25:16,163 INFO =====> Height map loss: 38.05476379394531
2024-09-19 13:25:16,163 INFO =====> Trajectory grad mean: 274607.15625
2024-09-19 13:25:16,163 INFO =====> Num. aborted data so far: 0
2024-09-19 13:25:16,430 INFO ===> New TaichiEnv created.
2024-09-19 13:25:16,430 INFO ===> Specifications: horizon = 300, dt = 0.01, n_substeps = 20, dt_sub = 0.0005
2024-09-19 13:25:54,154 INFO =====> Epoch: 66
2024-09-19 13:25:54,154 INFO =====> EMD Loss: 37.18612289428711
2024-09-19 13:25:54,154 INFO =====> Height map loss: 38.851158142089844
2024-09-19 13:25:54,154 INFO =====> Trajectory grad mean: -7919.3623046875
2024-09-19 13:25:54,154 INFO =====> Num. aborted data so far: 0
2024-09-19 13:25:54,419 INFO ===> New TaichiEnv created.
2024-09-19 13:25:54,419 INFO ===> Specifications: horizon = 300, dt = 0.01, n_substeps = 20, dt_sub = 0.0005
2024-09-19 13:26:31,901 INFO =====> Epoch: 67
2024-09-19 13:26:31,901 INFO =====> EMD Loss: 37.62992858886719
2024-09-19 13:26:31,901 INFO =====> Height map loss: 39.3260612487793
2024-09-19 13:26:31,901 INFO =====> Trajectory grad mean: -22396.9453125
2024-09-19 13:26:31,901 INFO =====> Num. aborted data so far: 0
2024-09-19 13:26:32,166 INFO ===> New TaichiEnv created.
2024-09-19 13:26:32,167 INFO ===> Specifications: horizon = 300, dt = 0.01, n_substeps = 20, dt_sub = 0.0005
2024-09-19 13:27:09,843 INFO =====> Epoch: 68
2024-09-19 13:27:09,843 INFO =====> EMD Loss: 37.96621322631836
2024-09-19 13:27:09,843 INFO =====> Height map loss: 39.52412414550781
2024-09-19 13:27:09,843 INFO =====> Trajectory grad mean: 345917.59375
2024-09-19 13:27:09,843 INFO =====> Num. aborted data so far: 0
2024-09-19 13:27:10,112 INFO ===> New TaichiEnv created.
2024-09-19 13:27:10,112 INFO ===> Specifications: horizon = 300, dt = 0.01, n_substeps = 20, dt_sub = 0.0005
2024-09-19 13:27:47,514 INFO =====> Epoch: 69
2024-09-19 13:27:47,514 INFO =====> EMD Loss: 37.83851623535156
2024-09-19 13:27:47,514 INFO =====> Height map loss: 39.71552276611328
2024-09-19 13:27:47,514 INFO =====> Trajectory grad mean: 7032.1083984375
2024-09-19 13:27:47,514 INFO =====> Num. aborted data so far: 0
2024-09-19 13:27:47,780 INFO ===> New TaichiEnv created.
2024-09-19 13:27:47,780 INFO ===> Specifications: horizon = 300, dt = 0.01, n_substeps = 20, dt_sub = 0.0005
2024-09-19 13:28:25,498 INFO =====> Epoch: 70
2024-09-19 13:28:25,498 INFO =====> EMD Loss: 38.030738830566406
2024-09-19 13:28:25,498 INFO =====> Height map loss: 40.203330993652344
2024-09-19 13:28:25,498 INFO =====> Trajectory grad mean: -24461.7890625
2024-09-19 13:28:25,498 INFO =====> Num. aborted data so far: 0
2024-09-19 13:28:25,767 INFO ===> New TaichiEnv created.
2024-09-19 13:28:25,767 INFO ===> Specifications: horizon = 300, dt = 0.01, n_substeps = 20, dt_sub = 0.0005
2024-09-19 13:29:03,158 INFO =====> Epoch: 71
2024-09-19 13:29:03,158 INFO =====> EMD Loss: 38.330684661865234
2024-09-19 13:29:03,158 INFO =====> Height map loss: 40.11741638183594
2024-09-19 13:29:03,158 INFO =====> Trajectory grad mean: 7921.0380859375
2024-09-19 13:29:03,158 INFO =====> Num. aborted data so far: 0
2024-09-19 13:29:03,428 INFO ===> New TaichiEnv created.
2024-09-19 13:29:03,428 INFO ===> Specifications: horizon = 300, dt = 0.01, n_substeps = 20, dt_sub = 0.0005
2024-09-19 13:29:41,205 INFO =====> Epoch: 72
2024-09-19 13:29:41,205 INFO =====> EMD Loss: 38.67412567138672
2024-09-19 13:29:41,205 INFO =====> Height map loss: 40.694725036621094
2024-09-19 13:29:41,205 INFO =====> Trajectory grad mean: -447.59442138671875
2024-09-19 13:29:41,205 INFO =====> Num. aborted data so far: 0
2024-09-19 13:29:41,470 INFO ===> New TaichiEnv created.
2024-09-19 13:29:41,470 INFO ===> Specifications: horizon = 300, dt = 0.01, n_substeps = 20, dt_sub = 0.0005
2024-09-19 13:30:18,912 INFO =====> Epoch: 73
2024-09-19 13:30:18,912 INFO =====> EMD Loss: 39.089969635009766
2024-09-19 13:30:18,912 INFO =====> Height map loss: 41.13088607788086
2024-09-19 13:30:18,912 INFO =====> Trajectory grad mean: -9262.3271484375
2024-09-19 13:30:18,912 INFO =====> Num. aborted data so far: 0
2024-09-19 13:30:19,179 INFO ===> New TaichiEnv created.
2024-09-19 13:30:19,179 INFO ===> Specifications: horizon = 300, dt = 0.01, n_substeps = 20, dt_sub = 0.0005
2024-09-19 13:30:56,785 INFO =====> Epoch: 74
2024-09-19 13:30:56,785 INFO =====> EMD Loss: 39.154571533203125
2024-09-19 13:30:56,785 INFO =====> Height map loss: 41.54974365234375
2024-09-19 13:30:56,785 INFO =====> Trajectory grad mean: 9612.4150390625
2024-09-19 13:30:56,785 INFO =====> Num. aborted data so far: 0
2024-09-19 13:30:57,053 INFO ===> New TaichiEnv created.
2024-09-19 13:30:57,053 INFO ===> Specifications: horizon = 300, dt = 0.01, n_substeps = 20, dt_sub = 0.0005
2024-09-19 13:31:34,569 INFO =====> Epoch: 75
2024-09-19 13:31:34,569 INFO =====> EMD Loss: 39.12336349487305
2024-09-19 13:31:34,569 INFO =====> Height map loss: 41.74293899536133
2024-09-19 13:31:34,569 INFO =====> Trajectory grad mean: -3273.13623046875
2024-09-19 13:31:34,569 INFO =====> Num. aborted data so far: 0
2024-09-19 13:31:34,836 INFO ===> New TaichiEnv created.
2024-09-19 13:31:34,836 INFO ===> Specifications: horizon = 300, dt = 0.01, n_substeps = 20, dt_sub = 0.0005
2024-09-19 13:32:12,231 INFO =====> Epoch: 76
2024-09-19 13:32:12,231 INFO =====> EMD Loss: 39.19588088989258
2024-09-19 13:32:12,231 INFO =====> Height map loss: 41.744178771972656
2024-09-19 13:32:12,231 INFO =====> Trajectory grad mean: 8510.8662109375
2024-09-19 13:32:12,231 INFO =====> Num. aborted data so far: 0
2024-09-19 13:32:12,499 INFO ===> New TaichiEnv created.
2024-09-19 13:32:12,499 INFO ===> Specifications: horizon = 300, dt = 0.01, n_substeps = 20, dt_sub = 0.0005
2024-09-19 13:32:50,295 INFO =====> Epoch: 77
2024-09-19 13:32:50,295 INFO =====> EMD Loss: 39.60247039794922
2024-09-19 13:32:50,295 INFO =====> Height map loss: 41.93065643310547
2024-09-19 13:32:50,295 INFO =====> Trajectory grad mean: -20680.6796875
2024-09-19 13:32:50,295 INFO =====> Num. aborted data so far: 0
2024-09-19 13:32:50,563 INFO ===> New TaichiEnv created.
2024-09-19 13:32:50,563 INFO ===> Specifications: horizon = 300, dt = 0.01, n_substeps = 20, dt_sub = 0.0005
2024-09-19 13:33:28,027 INFO =====> Epoch: 78
2024-09-19 13:33:28,027 INFO =====> EMD Loss: 38.9346809387207
2024-09-19 13:33:28,027 INFO =====> Height map loss: 41.237945556640625
2024-09-19 13:33:28,027 INFO =====> Trajectory grad mean: 2445.98095703125
2024-09-19 13:33:28,027 INFO =====> Num. aborted data so far: 0
2024-09-19 13:33:28,296 INFO ===> New TaichiEnv created.
2024-09-19 13:33:28,296 INFO ===> Specifications: horizon = 300, dt = 0.01, n_substeps = 20, dt_sub = 0.0005
2024-09-19 13:34:05,972 INFO =====> Epoch: 79
2024-09-19 13:34:05,973 INFO =====> EMD Loss: 39.30858612060547
2024-09-19 13:34:05,973 INFO =====> Height map loss: 41.57990646362305
2024-09-19 13:34:05,973 INFO =====> Trajectory grad mean: -10385.2783203125
2024-09-19 13:34:05,973 INFO =====> Num. aborted data so far: 0
2024-09-19 13:34:06,244 INFO ===> New TaichiEnv created.
2024-09-19 13:34:06,244 INFO ===> Specifications: horizon = 300, dt = 0.01, n_substeps = 20, dt_sub = 0.0005
2024-09-19 13:34:43,725 INFO =====> Epoch: 80
2024-09-19 13:34:43,725 INFO =====> EMD Loss: 39.571922302246094
2024-09-19 13:34:43,725 INFO =====> Height map loss: 41.569488525390625
2024-09-19 13:34:43,725 INFO =====> Trajectory grad mean: 222916.78125
2024-09-19 13:34:43,725 INFO =====> Num. aborted data so far: 0
2024-09-19 13:34:43,997 INFO ===> New TaichiEnv created.
2024-09-19 13:34:43,998 INFO ===> Specifications: horizon = 300, dt = 0.01, n_substeps = 20, dt_sub = 0.0005
2024-09-19 13:35:21,533 INFO =====> Epoch: 81
2024-09-19 13:35:21,533 INFO =====> EMD Loss: 39.66347885131836
2024-09-19 13:35:21,533 INFO =====> Height map loss: 41.4857063293457
2024-09-19 13:35:21,533 INFO =====> Trajectory grad mean: 27375.26171875
2024-09-19 13:35:21,533 INFO =====> Num. aborted data so far: 0
2024-09-19 13:35:21,805 INFO ===> New TaichiEnv created.
2024-09-19 13:35:21,805 INFO ===> Specifications: horizon = 300, dt = 0.01, n_substeps = 20, dt_sub = 0.0005
2024-09-19 13:35:59,286 INFO =====> Epoch: 82
2024-09-19 13:35:59,286 INFO =====> EMD Loss: 39.424407958984375
2024-09-19 13:35:59,286 INFO =====> Height map loss: 41.324588775634766
2024-09-19 13:35:59,286 INFO =====> Trajectory grad mean: 6354.78857421875
2024-09-19 13:35:59,286 INFO =====> Num. aborted data so far: 0
2024-09-19 13:35:59,560 INFO ===> New TaichiEnv created.
2024-09-19 13:35:59,560 INFO ===> Specifications: horizon = 300, dt = 0.01, n_substeps = 20, dt_sub = 0.0005
2024-09-19 13:36:37,107 INFO =====> Epoch: 83
2024-09-19 13:36:37,107 INFO =====> EMD Loss: 38.69654083251953
2024-09-19 13:36:37,107 INFO =====> Height map loss: 40.77635192871094
2024-09-19 13:36:37,107 INFO =====> Trajectory grad mean: 4013.158203125
2024-09-19 13:36:37,107 INFO =====> Num. aborted data so far: 0
2024-09-19 13:36:37,381 INFO ===> New TaichiEnv created.
2024-09-19 13:36:37,381 INFO ===> Specifications: horizon = 300, dt = 0.01, n_substeps = 20, dt_sub = 0.0005
2024-09-19 13:37:14,815 INFO =====> Epoch: 84
2024-09-19 13:37:14,815 INFO =====> EMD Loss: 38.84862518310547
2024-09-19 13:37:14,816 INFO =====> Height map loss: 40.30728530883789
2024-09-19 13:37:14,816 INFO =====> Trajectory grad mean: 104647.75
2024-09-19 13:37:14,816 INFO =====> Num. aborted data so far: 0
2024-09-19 13:37:15,088 INFO ===> New TaichiEnv created.
2024-09-19 13:37:15,089 INFO ===> Specifications: horizon = 300, dt = 0.01, n_substeps = 20, dt_sub = 0.0005
2024-09-19 13:37:52,807 INFO =====> Epoch: 85
2024-09-19 13:37:52,807 INFO =====> EMD Loss: 38.675140380859375
2024-09-19 13:37:52,807 INFO =====> Height map loss: 40.237491607666016
2024-09-19 13:37:52,807 INFO =====> Trajectory grad mean: 10241.1826171875
2024-09-19 13:37:52,807 INFO =====> Num. aborted data so far: 0
2024-09-19 13:37:53,078 INFO ===> New TaichiEnv created.
2024-09-19 13:37:53,078 INFO ===> Specifications: horizon = 300, dt = 0.01, n_substeps = 20, dt_sub = 0.0005
2024-09-19 13:38:30,632 INFO =====> Epoch: 86
2024-09-19 13:38:30,632 INFO =====> EMD Loss: 37.86697006225586
2024-09-19 13:38:30,632 INFO =====> Height map loss: 39.233680725097656
2024-09-19 13:38:30,632 INFO =====> Trajectory grad mean: 191635.46875
2024-09-19 13:38:30,632 INFO =====> Num. aborted data so far: 0
2024-09-19 13:38:30,903 INFO ===> New TaichiEnv created.
2024-09-19 13:38:30,903 INFO ===> Specifications: horizon = 300, dt = 0.01, n_substeps = 20, dt_sub = 0.0005
2024-09-19 13:39:08,278 ERROR ===> [Warning] Aborting epoch: 87
2024-09-19 13:39:08,278 ERROR ===> [Warning] Particle has nan or inf: False
2024-09-19 13:39:08,278 ERROR ===> [Warning] Strange loss or gradient.
2024-09-19 13:39:08,278 ERROR ===> [Warning] Trajectory grad mean: -32194387968.0
2024-09-19 13:39:08,278 ERROR ===> [Warning] Loss info: {'particle_has_naninf': False, 'height_map_loss': 38.586299896240234, 'emd_loss': 37.30043411254883, 'total_loss': 37.30043411254883}
2024-09-19 13:39:08,280 INFO =====> Epoch: 87
2024-09-19 13:39:08,280 INFO =====> EMD Loss: nan
2024-09-19 13:39:08,280 INFO =====> Height map loss: nan
2024-09-19 13:39:08,280 INFO =====> Trajectory grad mean: 1.0000001111620804e-06
2024-09-19 13:39:08,280 INFO =====> Num. aborted data so far: 1
2024-09-19 13:39:08,554 INFO ===> New TaichiEnv created.
2024-09-19 13:39:08,554 INFO ===> Specifications: horizon = 300, dt = 0.01, n_substeps = 20, dt_sub = 0.0005
2024-09-19 13:39:45,812 ERROR ===> [Warning] Aborting epoch: 88
2024-09-19 13:39:45,812 ERROR ===> [Warning] Particle has nan or inf: False
2024-09-19 13:39:45,812 ERROR ===> [Warning] Strange loss or gradient.
2024-09-19 13:39:45,812 ERROR ===> [Warning] Trajectory grad mean: -9969939251200.0
2024-09-19 13:39:45,812 ERROR ===> [Warning] Loss info: {'particle_has_naninf': False, 'height_map_loss': 38.22247314453125, 'emd_loss': 37.2289924621582, 'total_loss': 37.2289924621582}
2024-09-19 13:39:45,814 INFO =====> Epoch: 88
2024-09-19 13:39:45,814 INFO =====> EMD Loss: nan
2024-09-19 13:39:45,814 INFO =====> Height map loss: nan
2024-09-19 13:39:45,814 INFO =====> Trajectory grad mean: 1.0000001111620804e-06
2024-09-19 13:39:45,814 INFO =====> Num. aborted data so far: 2
2024-09-19 13:39:46,091 INFO ===> New TaichiEnv created.
2024-09-19 13:39:46,091 INFO ===> Specifications: horizon = 300, dt = 0.01, n_substeps = 20, dt_sub = 0.0005
2024-09-19 13:40:23,308 ERROR ===> [Warning] Aborting epoch: 89
2024-09-19 13:40:23,308 ERROR ===> [Warning] Particle has nan or inf: False
2024-09-19 13:40:23,308 ERROR ===> [Warning] Strange loss or gradient.
2024-09-19 13:40:23,308 ERROR ===> [Warning] Trajectory grad mean: 304034624.0
2024-09-19 13:40:23,308 ERROR ===> [Warning] Loss info: {'particle_has_naninf': False, 'height_map_loss': 38.09697341918945, 'emd_loss': 37.252830505371094, 'total_loss': 37.252830505371094}
2024-09-19 13:40:23,309 INFO =====> Epoch: 89
2024-09-19 13:40:23,309 INFO =====> EMD Loss: nan
2024-09-19 13:40:23,309 INFO =====> Height map loss: nan
2024-09-19 13:40:23,309 INFO =====> Trajectory grad mean: 1.0000001111620804e-06
2024-09-19 13:40:23,309 INFO =====> Num. aborted data so far: 3
2024-09-19 13:40:23,582 INFO ===> New TaichiEnv created.
2024-09-19 13:40:23,582 INFO ===> Specifications: horizon = 300, dt = 0.01, n_substeps = 20, dt_sub = 0.0005
2024-09-19 13:41:00,957 ERROR ===> [Warning] Aborting epoch: 90
2024-09-19 13:41:00,957 ERROR ===> [Warning] Particle has nan or inf: False
2024-09-19 13:41:00,957 ERROR ===> [Warning] Strange loss or gradient.
2024-09-19 13:41:00,957 ERROR ===> [Warning] Trajectory grad mean: -1.19322781417472e+17
2024-09-19 13:41:00,957 ERROR ===> [Warning] Loss info: {'particle_has_naninf': False, 'height_map_loss': 37.75062561035156, 'emd_loss': 37.52202224731445, 'total_loss': 37.52202224731445}
2024-09-19 13:41:00,958 INFO =====> Epoch: 90
2024-09-19 13:41:00,958 INFO =====> EMD Loss: nan
2024-09-19 13:41:00,958 INFO =====> Height map loss: nan
2024-09-19 13:41:00,958 INFO =====> Trajectory grad mean: 1.0000001111620804e-06
2024-09-19 13:41:00,958 INFO =====> Num. aborted data so far: 4
2024-09-19 13:41:01,232 INFO ===> New TaichiEnv created.
2024-09-19 13:41:01,232 INFO ===> Specifications: horizon = 300, dt = 0.01, n_substeps = 20, dt_sub = 0.0005
2024-09-19 13:41:38,563 ERROR ===> [Warning] Aborting epoch: 91
2024-09-19 13:41:38,563 ERROR ===> [Warning] Particle has nan or inf: False
2024-09-19 13:41:38,563 ERROR ===> [Warning] Strange loss or gradient.
2024-09-19 13:41:38,563 ERROR ===> [Warning] Trajectory grad mean: 1.48669219209216e+16
2024-09-19 13:41:38,563 ERROR ===> [Warning] Loss info: {'particle_has_naninf': False, 'height_map_loss': 37.53877639770508, 'emd_loss': 36.890140533447266, 'total_loss': 36.890140533447266}
2024-09-19 13:41:38,564 INFO =====> Epoch: 91
2024-09-19 13:41:38,564 INFO =====> EMD Loss: nan
2024-09-19 13:41:38,564 INFO =====> Height map loss: nan
2024-09-19 13:41:38,564 INFO =====> Trajectory grad mean: 1.0000001111620804e-06
2024-09-19 13:41:38,564 INFO =====> Num. aborted data so far: 5
2024-09-19 13:41:38,835 INFO ===> New TaichiEnv created.
2024-09-19 13:41:38,835 INFO ===> Specifications: horizon = 300, dt = 0.01, n_substeps = 20, dt_sub = 0.0005
2024-09-19 13:42:16,105 ERROR ===> [Warning] Aborting epoch: 92
2024-09-19 13:42:16,105 ERROR ===> [Warning] Particle has nan or inf: False
2024-09-19 13:42:16,105 ERROR ===> [Warning] Strange loss or gradient.
2024-09-19 13:42:16,106 ERROR ===> [Warning] Trajectory grad mean: -1.4985436827539397e+23
2024-09-19 13:42:16,106 ERROR ===> [Warning] Loss info: {'particle_has_naninf': False, 'height_map_loss': 37.18101119995117, 'emd_loss': 36.45686721801758, 'total_loss': 36.45686721801758}
2024-09-19 13:42:16,107 INFO =====> Epoch: 92
2024-09-19 13:42:16,107 INFO =====> EMD Loss: nan
2024-09-19 13:42:16,107 INFO =====> Height map loss: nan
2024-09-19 13:42:16,107 INFO =====> Trajectory grad mean: 1.0000001111620804e-06
2024-09-19 13:42:16,107 INFO =====> Num. aborted data so far: 6
2024-09-19 13:42:16,380 INFO ===> New TaichiEnv created.
2024-09-19 13:42:16,380 INFO ===> Specifications: horizon = 300, dt = 0.01, n_substeps = 20, dt_sub = 0.0005
2024-09-19 13:42:53,548 ERROR ===> [Warning] Aborting epoch: 93
2024-09-19 13:42:53,548 ERROR ===> [Warning] Particle has nan or inf: False
2024-09-19 13:42:53,548 ERROR ===> [Warning] Strange loss or gradient.
2024-09-19 13:42:53,549 ERROR ===> [Warning] Trajectory grad mean: -8701661723754496.0
2024-09-19 13:42:53,549 ERROR ===> [Warning] Loss info: {'particle_has_naninf': False, 'height_map_loss': 37.439456939697266, 'emd_loss': 37.0113639831543, 'total_loss': 37.0113639831543}
2024-09-19 13:42:53,550 INFO =====> Epoch: 93
2024-09-19 13:42:53,550 INFO =====> EMD Loss: nan
2024-09-19 13:42:53,550 INFO =====> Height map loss: nan
2024-09-19 13:42:53,550 INFO =====> Trajectory grad mean: 1.0000001111620804e-06
2024-09-19 13:42:53,550 INFO =====> Num. aborted data so far: 7
2024-09-19 13:42:53,823 INFO ===> New TaichiEnv created.
2024-09-19 13:42:53,823 INFO ===> Specifications: horizon = 300, dt = 0.01, n_substeps = 20, dt_sub = 0.0005
2024-09-19 13:43:31,287 ERROR ===> [Warning] Aborting epoch: 94
2024-09-19 13:43:31,287 ERROR ===> [Warning] Particle has nan or inf: False
2024-09-19 13:43:31,287 ERROR ===> [Warning] Strange loss or gradient.
2024-09-19 13:43:31,287 ERROR ===> [Warning] Trajectory grad mean: -4.4817684281768175e+22
2024-09-19 13:43:31,287 ERROR ===> [Warning] Loss info: {'particle_has_naninf': False, 'height_map_loss': 37.83572769165039, 'emd_loss': 37.12879180908203, 'total_loss': 37.12879180908203}
2024-09-19 13:43:31,288 INFO =====> Epoch: 94
2024-09-19 13:43:31,288 INFO =====> EMD Loss: nan
2024-09-19 13:43:31,288 INFO =====> Height map loss: nan
2024-09-19 13:43:31,288 INFO =====> Trajectory grad mean: 1.0000001111620804e-06
2024-09-19 13:43:31,288 INFO =====> Num. aborted data so far: 8
2024-09-19 13:43:31,563 INFO ===> New TaichiEnv created.
2024-09-19 13:43:31,563 INFO ===> Specifications: horizon = 300, dt = 0.01, n_substeps = 20, dt_sub = 0.0005
2024-09-19 13:44:08,915 ERROR ===> [Warning] Aborting epoch: 95
2024-09-19 13:44:08,915 ERROR ===> [Warning] Particle has nan or inf: False
2024-09-19 13:44:08,915 ERROR ===> [Warning] Strange loss or gradient.
2024-09-19 13:44:08,915 ERROR ===> [Warning] Trajectory grad mean: 1.7037823554764158e+23
2024-09-19 13:44:08,915 ERROR ===> [Warning] Loss info: {'particle_has_naninf': False, 'height_map_loss': 37.424495697021484, 'emd_loss': 36.854103088378906, 'total_loss': 36.854103088378906}
2024-09-19 13:44:08,916 INFO =====> Epoch: 95
2024-09-19 13:44:08,916 INFO =====> EMD Loss: nan
2024-09-19 13:44:08,916 INFO =====> Height map loss: nan
2024-09-19 13:44:08,916 INFO =====> Trajectory grad mean: 1.0000001111620804e-06
2024-09-19 13:44:08,916 INFO =====> Num. aborted data so far: 9
2024-09-19 13:44:09,192 INFO ===> New TaichiEnv created.
2024-09-19 13:44:09,192 INFO ===> Specifications: horizon = 300, dt = 0.01, n_substeps = 20, dt_sub = 0.0005
2024-09-19 13:44:46,491 ERROR ===> [Warning] Aborting epoch: 96
2024-09-19 13:44:46,491 ERROR ===> [Warning] Particle has nan or inf: False
2024-09-19 13:44:46,491 ERROR ===> [Warning] Strange loss or gradient.
2024-09-19 13:44:46,491 ERROR ===> [Warning] Trajectory grad mean: 1.3766414031235076e+26
2024-09-19 13:44:46,491 ERROR ===> [Warning] Loss info: {'particle_has_naninf': False, 'height_map_loss': 37.29635238647461, 'emd_loss': 36.851829528808594, 'total_loss': 36.851829528808594}
2024-09-19 13:44:46,492 INFO =====> Epoch: 96
2024-09-19 13:44:46,492 INFO =====> EMD Loss: nan
2024-09-19 13:44:46,492 INFO =====> Height map loss: nan
2024-09-19 13:44:46,492 INFO =====> Trajectory grad mean: 1.0000001111620804e-06
2024-09-19 13:44:46,492 INFO =====> Num. aborted data so far: 10
2024-09-19 13:44:46,766 INFO ===> New TaichiEnv created.
2024-09-19 13:44:46,767 INFO ===> Specifications: horizon = 300, dt = 0.01, n_substeps = 20, dt_sub = 0.0005
2024-09-19 13:45:23,991 ERROR ===> [Warning] Aborting epoch: 97
2024-09-19 13:45:23,991 ERROR ===> [Warning] Particle has nan or inf: False
2024-09-19 13:45:23,991 ERROR ===> [Warning] Strange loss or gradient.
2024-09-19 13:45:23,991 ERROR ===> [Warning] Trajectory grad mean: 3.7740913123421246e+25
2024-09-19 13:45:23,991 ERROR ===> [Warning] Loss info: {'particle_has_naninf': False, 'height_map_loss': 37.29387664794922, 'emd_loss': 36.93029022216797, 'total_loss': 36.93029022216797}
2024-09-19 13:45:23,992 INFO =====> Epoch: 97
2024-09-19 13:45:23,992 INFO =====> EMD Loss: nan
2024-09-19 13:45:23,992 INFO =====> Height map loss: nan
2024-09-19 13:45:23,992 INFO =====> Trajectory grad mean: 1.0000001111620804e-06
2024-09-19 13:45:23,992 INFO =====> Num. aborted data so far: 11
2024-09-19 13:45:24,265 INFO ===> New TaichiEnv created.
2024-09-19 13:45:24,265 INFO ===> Specifications: horizon = 300, dt = 0.01, n_substeps = 20, dt_sub = 0.0005
2024-09-19 13:46:01,912 ERROR ===> [Warning] Aborting epoch: 98
2024-09-19 13:46:01,912 ERROR ===> [Warning] Particle has nan or inf: False
2024-09-19 13:46:01,912 ERROR ===> [Warning] Strange loss or gradient.
2024-09-19 13:46:01,912 ERROR ===> [Warning] Trajectory grad mean: 5.007020404280346e+26
2024-09-19 13:46:01,912 ERROR ===> [Warning] Loss info: {'particle_has_naninf': False, 'height_map_loss': 37.00183868408203, 'emd_loss': 37.08189392089844, 'total_loss': 37.08189392089844}
2024-09-19 13:46:01,913 INFO =====> Epoch: 98
2024-09-19 13:46:01,913 INFO =====> EMD Loss: nan
2024-09-19 13:46:01,913 INFO =====> Height map loss: nan
2024-09-19 13:46:01,913 INFO =====> Trajectory grad mean: 1.0000001111620804e-06
2024-09-19 13:46:01,913 INFO =====> Num. aborted data so far: 12
2024-09-19 13:46:02,189 INFO ===> New TaichiEnv created.
2024-09-19 13:46:02,189 INFO ===> Specifications: horizon = 300, dt = 0.01, n_substeps = 20, dt_sub = 0.0005
2024-09-19 13:46:39,350 ERROR ===> [Warning] Aborting epoch: 99
2024-09-19 13:46:39,350 ERROR ===> [Warning] Particle has nan or inf: False
2024-09-19 13:46:39,350 ERROR ===> [Warning] Strange loss or gradient.
2024-09-19 13:46:39,350 ERROR ===> [Warning] Trajectory grad mean: 1319840907264.0
2024-09-19 13:46:39,350 ERROR ===> [Warning] Loss info: {'particle_has_naninf': False, 'height_map_loss': 37.22041702270508, 'emd_loss': 36.715614318847656, 'total_loss': 36.715614318847656}
2024-09-19 13:46:39,351 INFO =====> Epoch: 99
2024-09-19 13:46:39,351 INFO =====> EMD Loss: nan
2024-09-19 13:46:39,351 INFO =====> Height map loss: nan
2024-09-19 13:46:39,351 INFO =====> Trajectory grad mean: 1.0000001111620804e-06
2024-09-19 13:46:39,351 INFO =====> Num. aborted data so far: 13
2024-09-19 13:46:39,624 INFO ===> New TaichiEnv created.
2024-09-19 13:46:39,624 INFO ===> Specifications: horizon = 300, dt = 0.01, n_substeps = 20, dt_sub = 0.0005
2024-09-19 13:47:16,965 ERROR ===> [Warning] Aborting epoch: 100
2024-09-19 13:47:16,965 ERROR ===> [Warning] Particle has nan or inf: False
2024-09-19 13:47:16,965 ERROR ===> [Warning] Strange loss or gradient.
2024-09-19 13:47:16,965 ERROR ===> [Warning] Trajectory grad mean: -9284301954744320.0
2024-09-19 13:47:16,965 ERROR ===> [Warning] Loss info: {'particle_has_naninf': False, 'height_map_loss': 37.03956604003906, 'emd_loss': 36.964839935302734, 'total_loss': 36.964839935302734}
2024-09-19 13:47:16,966 INFO =====> Epoch: 100
2024-09-19 13:47:16,966 INFO =====> EMD Loss: nan
2024-09-19 13:47:16,966 INFO =====> Height map loss: nan
2024-09-19 13:47:16,966 INFO =====> Trajectory grad mean: 1.0000001111620804e-06
2024-09-19 13:47:16,966 INFO =====> Num. aborted data so far: 14
2024-09-19 13:47:17,239 INFO ===> New TaichiEnv created.
2024-09-19 13:47:17,239 INFO ===> Specifications: horizon = 300, dt = 0.01, n_substeps = 20, dt_sub = 0.0005
2024-09-19 13:47:54,562 ERROR ===> [Warning] Aborting epoch: 101
2024-09-19 13:47:54,562 ERROR ===> [Warning] Particle has nan or inf: False
2024-09-19 13:47:54,562 ERROR ===> [Warning] Strange loss or gradient.
2024-09-19 13:47:54,562 ERROR ===> [Warning] Trajectory grad mean: -1.2182690166749696e+21
2024-09-19 13:47:54,562 ERROR ===> [Warning] Loss info: {'particle_has_naninf': False, 'height_map_loss': 37.33613204956055, 'emd_loss': 37.01797103881836, 'total_loss': 37.01797103881836}
2024-09-19 13:47:54,563 INFO =====> Epoch: 101
2024-09-19 13:47:54,563 INFO =====> EMD Loss: nan
2024-09-19 13:47:54,563 INFO =====> Height map loss: nan
2024-09-19 13:47:54,563 INFO =====> Trajectory grad mean: 1.0000001111620804e-06
2024-09-19 13:47:54,563 INFO =====> Num. aborted data so far: 15
2024-09-19 13:47:54,836 INFO ===> New TaichiEnv created.
2024-09-19 13:47:54,836 INFO ===> Specifications: horizon = 300, dt = 0.01, n_substeps = 20, dt_sub = 0.0005
2024-09-19 13:48:32,239 ERROR ===> [Warning] Aborting epoch: 102
2024-09-19 13:48:32,239 ERROR ===> [Warning] Particle has nan or inf: False
2024-09-19 13:48:32,239 ERROR ===> [Warning] Strange loss or gradient.
2024-09-19 13:48:32,239 ERROR ===> [Warning] Trajectory grad mean: 4.142683616139071e+19
2024-09-19 13:48:32,239 ERROR ===> [Warning] Loss info: {'particle_has_naninf': False, 'height_map_loss': 37.06174850463867, 'emd_loss': 36.89278030395508, 'total_loss': 36.89278030395508}
2024-09-19 13:48:32,240 INFO =====> Epoch: 102
2024-09-19 13:48:32,240 INFO =====> EMD Loss: nan
2024-09-19 13:48:32,240 INFO =====> Height map loss: nan
2024-09-19 13:48:32,240 INFO =====> Trajectory grad mean: 1.0000001111620804e-06
2024-09-19 13:48:32,240 INFO =====> Num. aborted data so far: 16
2024-09-19 13:48:32,514 INFO ===> New TaichiEnv created.
2024-09-19 13:48:32,514 INFO ===> Specifications: horizon = 300, dt = 0.01, n_substeps = 20, dt_sub = 0.0005
2024-09-19 13:49:10,132 ERROR ===> [Warning] Aborting epoch: 103
2024-09-19 13:49:10,132 ERROR ===> [Warning] Particle has nan or inf: False
2024-09-19 13:49:10,132 ERROR ===> [Warning] Strange loss or gradient.
2024-09-19 13:49:10,132 ERROR ===> [Warning] Trajectory grad mean: -208961752006656.0
2024-09-19 13:49:10,132 ERROR ===> [Warning] Loss info: {'particle_has_naninf': False, 'height_map_loss': 37.235843658447266, 'emd_loss': 37.315345764160156, 'total_loss': 37.315345764160156}
2024-09-19 13:49:10,133 INFO =====> Epoch: 103
2024-09-19 13:49:10,134 INFO =====> EMD Loss: nan
2024-09-19 13:49:10,134 INFO =====> Height map loss: nan
2024-09-19 13:49:10,134 INFO =====> Trajectory grad mean: 1.0000001111620804e-06
2024-09-19 13:49:10,134 INFO =====> Num. aborted data so far: 17
2024-09-19 13:49:10,406 INFO ===> New TaichiEnv created.
2024-09-19 13:49:10,407 INFO ===> Specifications: horizon = 300, dt = 0.01, n_substeps = 20, dt_sub = 0.0005
2024-09-19 13:49:47,821 ERROR ===> [Warning] Aborting epoch: 104
2024-09-19 13:49:47,821 ERROR ===> [Warning] Particle has nan or inf: False
2024-09-19 13:49:47,821 ERROR ===> [Warning] Strange loss or gradient.
2024-09-19 13:49:47,821 ERROR ===> [Warning] Trajectory grad mean: -1.1590463341293732e+19
2024-09-19 13:49:47,821 ERROR ===> [Warning] Loss info: {'particle_has_naninf': False, 'height_map_loss': 37.28609085083008, 'emd_loss': 37.01981735229492, 'total_loss': 37.01981735229492}
2024-09-19 13:49:47,822 INFO =====> Epoch: 104
2024-09-19 13:49:47,822 INFO =====> EMD Loss: nan
2024-09-19 13:49:47,822 INFO =====> Height map loss: nan
2024-09-19 13:49:47,822 INFO =====> Trajectory grad mean: 1.0000001111620804e-06
2024-09-19 13:49:47,822 INFO =====> Num. aborted data so far: 18
2024-09-19 13:49:48,095 INFO ===> New TaichiEnv created.
2024-09-19 13:49:48,095 INFO ===> Specifications: horizon = 300, dt = 0.01, n_substeps = 20, dt_sub = 0.0005
2024-09-19 13:50:25,763 ERROR ===> [Warning] Aborting epoch: 105
2024-09-19 13:50:25,763 ERROR ===> [Warning] Particle has nan or inf: False
2024-09-19 13:50:25,763 ERROR ===> [Warning] Strange loss or gradient.
2024-09-19 13:50:25,763 ERROR ===> [Warning] Trajectory grad mean: -1.3400463319760896e+16
2024-09-19 13:50:25,763 ERROR ===> [Warning] Loss info: {'particle_has_naninf': False, 'height_map_loss': 37.11141586303711, 'emd_loss': 37.034080505371094, 'total_loss': 37.034080505371094}
2024-09-19 13:50:25,764 INFO =====> Epoch: 105
2024-09-19 13:50:25,764 INFO =====> EMD Loss: nan
2024-09-19 13:50:25,764 INFO =====> Height map loss: nan
2024-09-19 13:50:25,764 INFO =====> Trajectory grad mean: 1.0000001111620804e-06
2024-09-19 13:50:25,764 INFO =====> Num. aborted data so far: 19
2024-09-19 13:50:26,037 INFO ===> New TaichiEnv created.
2024-09-19 13:50:26,037 INFO ===> Specifications: horizon = 300, dt = 0.01, n_substeps = 20, dt_sub = 0.0005
2024-09-19 13:51:03,302 ERROR ===> [Warning] Aborting epoch: 106
2024-09-19 13:51:03,302 ERROR ===> [Warning] Particle has nan or inf: False
2024-09-19 13:51:03,302 ERROR ===> [Warning] Strange loss or gradient.
2024-09-19 13:51:03,302 ERROR ===> [Warning] Trajectory grad mean: 318510479704064.0
2024-09-19 13:51:03,302 ERROR ===> [Warning] Loss info: {'particle_has_naninf': False, 'height_map_loss': 37.1419563293457, 'emd_loss': 37.00168228149414, 'total_loss': 37.00168228149414}
2024-09-19 13:51:03,304 INFO =====> Epoch: 106
2024-09-19 13:51:03,304 INFO =====> EMD Loss: nan
2024-09-19 13:51:03,304 INFO =====> Height map loss: nan
2024-09-19 13:51:03,304 INFO =====> Trajectory grad mean: 1.0000001111620804e-06
2024-09-19 13:51:03,304 INFO =====> Num. aborted data so far: 20
2024-09-19 13:51:03,576 INFO ===> New TaichiEnv created.
2024-09-19 13:51:03,576 INFO ===> Specifications: horizon = 300, dt = 0.01, n_substeps = 20, dt_sub = 0.0005
2024-09-19 13:51:41,065 INFO =====> Epoch: 107
2024-09-19 13:51:41,065 INFO =====> EMD Loss: 37.3192253112793
2024-09-19 13:51:41,065 INFO =====> Height map loss: 37.19389724731445
2024-09-19 13:51:41,065 INFO =====> Trajectory grad mean: -8888.0283203125
2024-09-19 13:51:41,065 INFO =====> Num. aborted data so far: 20
2024-09-19 13:51:41,337 INFO ===> New TaichiEnv created.
2024-09-19 13:51:41,337 INFO ===> Specifications: horizon = 300, dt = 0.01, n_substeps = 20, dt_sub = 0.0005
2024-09-19 13:52:18,563 INFO =====> Epoch: 108
2024-09-19 13:52:18,563 INFO =====> EMD Loss: 36.956581115722656
2024-09-19 13:52:18,563 INFO =====> Height map loss: 36.993534088134766
2024-09-19 13:52:18,563 INFO =====> Trajectory grad mean: -1099690.75
2024-09-19 13:52:18,563 INFO =====> Num. aborted data so far: 20
2024-09-19 13:52:18,835 INFO ===> New TaichiEnv created.
2024-09-19 13:52:18,835 INFO ===> Specifications: horizon = 300, dt = 0.01, n_substeps = 20, dt_sub = 0.0005
2024-09-19 13:52:56,041 ERROR ===> [Warning] Aborting epoch: 109
2024-09-19 13:52:56,041 ERROR ===> [Warning] Particle has nan or inf: False
2024-09-19 13:52:56,041 ERROR ===> [Warning] Strange loss or gradient.
2024-09-19 13:52:56,041 ERROR ===> [Warning] Trajectory grad mean: 1.781688143846462e+23
2024-09-19 13:52:56,041 ERROR ===> [Warning] Loss info: {'particle_has_naninf': False, 'height_map_loss': 37.39741897583008, 'emd_loss': 36.705448150634766, 'total_loss': 36.705448150634766}
2024-09-19 13:52:56,042 INFO =====> Epoch: 109
2024-09-19 13:52:56,042 INFO =====> EMD Loss: nan
2024-09-19 13:52:56,042 INFO =====> Height map loss: nan
2024-09-19 13:52:56,042 INFO =====> Trajectory grad mean: 1.0000001111620804e-06
2024-09-19 13:52:56,042 INFO =====> Num. aborted data so far: 21
2024-09-19 13:52:56,319 INFO ===> New TaichiEnv created.
2024-09-19 13:52:56,319 INFO ===> Specifications: horizon = 300, dt = 0.01, n_substeps = 20, dt_sub = 0.0005
2024-09-19 13:53:34,013 ERROR ===> [Warning] Aborting epoch: 110
2024-09-19 13:53:34,013 ERROR ===> [Warning] Particle has nan or inf: False
2024-09-19 13:53:34,013 ERROR ===> [Warning] Strange loss or gradient.
2024-09-19 13:53:34,013 ERROR ===> [Warning] Trajectory grad mean: 4.849615936631603e+18
2024-09-19 13:53:34,013 ERROR ===> [Warning] Loss info: {'particle_has_naninf': False, 'height_map_loss': 37.47975158691406, 'emd_loss': 37.27442169189453, 'total_loss': 37.27442169189453}
2024-09-19 13:53:34,015 INFO =====> Epoch: 110
2024-09-19 13:53:34,015 INFO =====> EMD Loss: nan
2024-09-19 13:53:34,015 INFO =====> Height map loss: nan
2024-09-19 13:53:34,015 INFO =====> Trajectory grad mean: 1.0000001111620804e-06
2024-09-19 13:53:34,015 INFO =====> Num. aborted data so far: 22
2024-09-19 13:53:34,289 INFO ===> New TaichiEnv created.
2024-09-19 13:53:34,289 INFO ===> Specifications: horizon = 300, dt = 0.01, n_substeps = 20, dt_sub = 0.0005
2024-09-19 13:54:11,542 ERROR ===> [Warning] Aborting epoch: 111
2024-09-19 13:54:11,542 ERROR ===> [Warning] Particle has nan or inf: False
2024-09-19 13:54:11,542 ERROR ===> [Warning] Strange loss or gradient.
2024-09-19 13:54:11,542 ERROR ===> [Warning] Trajectory grad mean: -2.485051928388567e+17
2024-09-19 13:54:11,542 ERROR ===> [Warning] Loss info: {'particle_has_naninf': False, 'height_map_loss': 37.4149284362793, 'emd_loss': 37.38604736328125, 'total_loss': 37.38604736328125}
2024-09-19 13:54:11,543 INFO =====> Epoch: 111
2024-09-19 13:54:11,544 INFO =====> EMD Loss: nan
2024-09-19 13:54:11,544 INFO =====> Height map loss: nan
2024-09-19 13:54:11,544 INFO =====> Trajectory grad mean: 1.0000001111620804e-06
2024-09-19 13:54:11,544 INFO =====> Num. aborted data so far: 23
2024-09-19 13:54:11,820 INFO ===> New TaichiEnv created.
2024-09-19 13:54:11,820 INFO ===> Specifications: horizon = 300, dt = 0.01, n_substeps = 20, dt_sub = 0.0005
2024-09-19 13:54:49,104 ERROR ===> [Warning] Aborting epoch: 112
2024-09-19 13:54:49,104 ERROR ===> [Warning] Particle has nan or inf: False
2024-09-19 13:54:49,104 ERROR ===> [Warning] Strange loss or gradient.
2024-09-19 13:54:49,104 ERROR ===> [Warning] Trajectory grad mean: -53372530982912.0
2024-09-19 13:54:49,105 ERROR ===> [Warning] Loss info: {'particle_has_naninf': False, 'height_map_loss': 37.63228225708008, 'emd_loss': 37.4239501953125, 'total_loss': 37.4239501953125}
2024-09-19 13:54:49,106 INFO =====> Epoch: 112
2024-09-19 13:54:49,106 INFO =====> EMD Loss: nan
2024-09-19 13:54:49,106 INFO =====> Height map loss: nan
2024-09-19 13:54:49,106 INFO =====> Trajectory grad mean: 1.0000001111620804e-06
2024-09-19 13:54:49,106 INFO =====> Num. aborted data so far: 24
2024-09-19 13:54:49,380 INFO ===> New TaichiEnv created.
2024-09-19 13:54:49,380 INFO ===> Specifications: horizon = 300, dt = 0.01, n_substeps = 20, dt_sub = 0.0005
2024-09-19 13:55:27,006 INFO =====> Epoch: 113
2024-09-19 13:55:27,006 INFO =====> EMD Loss: 37.52722930908203
2024-09-19 13:55:27,006 INFO =====> Height map loss: 37.6973762512207
2024-09-19 13:55:27,006 INFO =====> Trajectory grad mean: 1133093.75
2024-09-19 13:55:27,006 INFO =====> Num. aborted data so far: 24
2024-09-19 13:55:27,283 INFO ===> New TaichiEnv created.
2024-09-19 13:55:27,283 INFO ===> Specifications: horizon = 300, dt = 0.01, n_substeps = 20, dt_sub = 0.0005
2024-09-19 13:56:04,491 ERROR ===> [Warning] Aborting epoch: 114
2024-09-19 13:56:04,491 ERROR ===> [Warning] Particle has nan or inf: False
2024-09-19 13:56:04,491 ERROR ===> [Warning] Strange loss or gradient.
2024-09-19 13:56:04,491 ERROR ===> [Warning] Trajectory grad mean: 2.1115344281350963e+17
2024-09-19 13:56:04,491 ERROR ===> [Warning] Loss info: {'particle_has_naninf': False, 'height_map_loss': 37.548221588134766, 'emd_loss': 37.021690368652344, 'total_loss': 37.021690368652344}
2024-09-19 13:56:04,492 INFO =====> Epoch: 114
2024-09-19 13:56:04,492 INFO =====> EMD Loss: nan
2024-09-19 13:56:04,492 INFO =====> Height map loss: nan
2024-09-19 13:56:04,492 INFO =====> Trajectory grad mean: 1.0000001111620804e-06
2024-09-19 13:56:04,492 INFO =====> Num. aborted data so far: 25
2024-09-19 13:56:04,767 INFO ===> New TaichiEnv created.
2024-09-19 13:56:04,767 INFO ===> Specifications: horizon = 300, dt = 0.01, n_substeps = 20, dt_sub = 0.0005
2024-09-19 13:56:42,240 ERROR ===> [Warning] Aborting epoch: 115
2024-09-19 13:56:42,240 ERROR ===> [Warning] Particle has nan or inf: False
2024-09-19 13:56:42,240 ERROR ===> [Warning] Strange loss or gradient.
2024-09-19 13:56:42,240 ERROR ===> [Warning] Trajectory grad mean: -4657834587324416.0
2024-09-19 13:56:42,240 ERROR ===> [Warning] Loss info: {'particle_has_naninf': False, 'height_map_loss': 38.132469177246094, 'emd_loss': 37.52695846557617, 'total_loss': 37.52695846557617}
2024-09-19 13:56:42,241 INFO =====> Epoch: 115
2024-09-19 13:56:42,241 INFO =====> EMD Loss: nan
2024-09-19 13:56:42,241 INFO =====> Height map loss: nan
2024-09-19 13:56:42,241 INFO =====> Trajectory grad mean: 1.0000001111620804e-06
2024-09-19 13:56:42,241 INFO =====> Num. aborted data so far: 26
2024-09-19 13:56:42,517 INFO ===> New TaichiEnv created.
2024-09-19 13:56:42,517 INFO ===> Specifications: horizon = 300, dt = 0.01, n_substeps = 20, dt_sub = 0.0005
2024-09-19 13:57:19,934 ERROR ===> [Warning] Aborting epoch: 116
2024-09-19 13:57:19,934 ERROR ===> [Warning] Particle has nan or inf: False
2024-09-19 13:57:19,934 ERROR ===> [Warning] Strange loss or gradient.
2024-09-19 13:57:19,934 ERROR ===> [Warning] Trajectory grad mean: -7.751916334923566e+22
2024-09-19 13:57:19,934 ERROR ===> [Warning] Loss info: {'particle_has_naninf': False, 'height_map_loss': 38.02897644042969, 'emd_loss': 37.65522003173828, 'total_loss': 37.65522003173828}
2024-09-19 13:57:19,935 INFO =====> Epoch: 116
2024-09-19 13:57:19,935 INFO =====> EMD Loss: nan
2024-09-19 13:57:19,935 INFO =====> Height map loss: nan
2024-09-19 13:57:19,935 INFO =====> Trajectory grad mean: 1.0000001111620804e-06
2024-09-19 13:57:19,935 INFO =====> Num. aborted data so far: 27
2024-09-19 13:57:20,210 INFO ===> New TaichiEnv created.
2024-09-19 13:57:20,210 INFO ===> Specifications: horizon = 300, dt = 0.01, n_substeps = 20, dt_sub = 0.0005
2024-09-19 13:57:57,626 ERROR ===> [Warning] Aborting epoch: 117
2024-09-19 13:57:57,626 ERROR ===> [Warning] Particle has nan or inf: False
2024-09-19 13:57:57,626 ERROR ===> [Warning] Strange loss or gradient.
2024-09-19 13:57:57,626 ERROR ===> [Warning] Trajectory grad mean: 53987168256.0
2024-09-19 13:57:57,626 ERROR ===> [Warning] Loss info: {'particle_has_naninf': False, 'height_map_loss': 38.206085205078125, 'emd_loss': 37.70433044433594, 'total_loss': 37.70433044433594}
2024-09-19 13:57:57,627 INFO =====> Epoch: 117
2024-09-19 13:57:57,627 INFO =====> EMD Loss: nan
2024-09-19 13:57:57,627 INFO =====> Height map loss: nan
2024-09-19 13:57:57,627 INFO =====> Trajectory grad mean: 1.0000001111620804e-06
2024-09-19 13:57:57,627 INFO =====> Num. aborted data so far: 28
2024-09-19 13:57:57,900 INFO ===> New TaichiEnv created.
2024-09-19 13:57:57,900 INFO ===> Specifications: horizon = 300, dt = 0.01, n_substeps = 20, dt_sub = 0.0005
2024-09-19 13:58:35,324 ERROR ===> [Warning] Aborting epoch: 118
2024-09-19 13:58:35,324 ERROR ===> [Warning] Particle has nan or inf: False
2024-09-19 13:58:35,325 ERROR ===> [Warning] Strange loss or gradient.
2024-09-19 13:58:35,325 ERROR ===> [Warning] Trajectory grad mean: -613842157568.0
2024-09-19 13:58:35,325 ERROR ===> [Warning] Loss info: {'particle_has_naninf': False, 'height_map_loss': 38.29236602783203, 'emd_loss': 37.56573486328125, 'total_loss': 37.56573486328125}
2024-09-19 13:58:35,326 INFO =====> Epoch: 118
2024-09-19 13:58:35,326 INFO =====> EMD Loss: nan
2024-09-19 13:58:35,326 INFO =====> Height map loss: nan
2024-09-19 13:58:35,326 INFO =====> Trajectory grad mean: 1.0000001111620804e-06
2024-09-19 13:58:35,326 INFO =====> Num. aborted data so far: 29
2024-09-19 13:58:35,599 INFO ===> New TaichiEnv created.
2024-09-19 13:58:35,599 INFO ===> Specifications: horizon = 300, dt = 0.01, n_substeps = 20, dt_sub = 0.0005
2024-09-19 13:59:12,898 ERROR ===> [Warning] Aborting epoch: 119
2024-09-19 13:59:12,898 ERROR ===> [Warning] Particle has nan or inf: False
2024-09-19 13:59:12,898 ERROR ===> [Warning] Strange loss or gradient.
2024-09-19 13:59:12,898 ERROR ===> [Warning] Trajectory grad mean: 843586240.0
2024-09-19 13:59:12,898 ERROR ===> [Warning] Loss info: {'particle_has_naninf': False, 'height_map_loss': 38.08959197998047, 'emd_loss': 37.31254959106445, 'total_loss': 37.31254959106445}
2024-09-19 13:59:12,899 INFO =====> Epoch: 119
2024-09-19 13:59:12,899 INFO =====> EMD Loss: nan
2024-09-19 13:59:12,899 INFO =====> Height map loss: nan
2024-09-19 13:59:12,899 INFO =====> Trajectory grad mean: 1.0000001111620804e-06
2024-09-19 13:59:12,899 INFO =====> Num. aborted data so far: 30
2024-09-19 13:59:13,174 INFO ===> New TaichiEnv created.
2024-09-19 13:59:13,174 INFO ===> Specifications: horizon = 300, dt = 0.01, n_substeps = 20, dt_sub = 0.0005
2024-09-19 13:59:50,611 ERROR ===> [Warning] Aborting epoch: 120
2024-09-19 13:59:50,611 ERROR ===> [Warning] Particle has nan or inf: False
2024-09-19 13:59:50,611 ERROR ===> [Warning] Strange loss or gradient.
2024-09-19 13:59:50,611 ERROR ===> [Warning] Trajectory grad mean: -40432364945408.0
2024-09-19 13:59:50,611 ERROR ===> [Warning] Loss info: {'particle_has_naninf': False, 'height_map_loss': 38.137725830078125, 'emd_loss': 37.35447692871094, 'total_loss': 37.35447692871094}
2024-09-19 13:59:50,612 INFO =====> Epoch: 120
2024-09-19 13:59:50,612 INFO =====> EMD Loss: nan
2024-09-19 13:59:50,612 INFO =====> Height map loss: nan
2024-09-19 13:59:50,612 INFO =====> Trajectory grad mean: 1.0000001111620804e-06
2024-09-19 13:59:50,612 INFO =====> Num. aborted data so far: 31
2024-09-19 13:59:50,888 INFO ===> New TaichiEnv created.
2024-09-19 13:59:50,888 INFO ===> Specifications: horizon = 300, dt = 0.01, n_substeps = 20, dt_sub = 0.0005
2024-09-19 14:00:28,100 ERROR ===> [Warning] Aborting epoch: 121
2024-09-19 14:00:28,100 ERROR ===> [Warning] Particle has nan or inf: False
2024-09-19 14:00:28,100 ERROR ===> [Warning] Strange loss or gradient.
2024-09-19 14:00:28,100 ERROR ===> [Warning] Trajectory grad mean: 5917149600153600.0
2024-09-19 14:00:28,100 ERROR ===> [Warning] Loss info: {'particle_has_naninf': False, 'height_map_loss': 38.358333587646484, 'emd_loss': 37.36101531982422, 'total_loss': 37.36101531982422}
2024-09-19 14:00:28,101 INFO =====> Epoch: 121
2024-09-19 14:00:28,101 INFO =====> EMD Loss: nan
2024-09-19 14:00:28,101 INFO =====> Height map loss: nan
2024-09-19 14:00:28,101 INFO =====> Trajectory grad mean: 1.0000001111620804e-06
2024-09-19 14:00:28,101 INFO =====> Num. aborted data so far: 32
2024-09-19 14:00:28,376 INFO ===> New TaichiEnv created.
2024-09-19 14:00:28,376 INFO ===> Specifications: horizon = 300, dt = 0.01, n_substeps = 20, dt_sub = 0.0005
2024-09-19 14:01:05,774 ERROR ===> [Warning] Aborting epoch: 122
2024-09-19 14:01:05,774 ERROR ===> [Warning] Particle has nan or inf: False
2024-09-19 14:01:05,775 ERROR ===> [Warning] Strange loss or gradient.
2024-09-19 14:01:05,775 ERROR ===> [Warning] Trajectory grad mean: 25671520256.0
2024-09-19 14:01:05,775 ERROR ===> [Warning] Loss info: {'particle_has_naninf': False, 'height_map_loss': 38.19636535644531, 'emd_loss': 37.51183319091797, 'total_loss': 37.51183319091797}
2024-09-19 14:01:05,776 INFO =====> Epoch: 122
2024-09-19 14:01:05,776 INFO =====> EMD Loss: nan
2024-09-19 14:01:05,776 INFO =====> Height map loss: nan
2024-09-19 14:01:05,776 INFO =====> Trajectory grad mean: 1.0000001111620804e-06
2024-09-19 14:01:05,776 INFO =====> Num. aborted data so far: 33
2024-09-19 14:01:06,051 INFO ===> New TaichiEnv created.
2024-09-19 14:01:06,051 INFO ===> Specifications: horizon = 300, dt = 0.01, n_substeps = 20, dt_sub = 0.0005
2024-09-19 14:01:43,458 ERROR ===> [Warning] Aborting epoch: 123
2024-09-19 14:01:43,458 ERROR ===> [Warning] Particle has nan or inf: False
2024-09-19 14:01:43,458 ERROR ===> [Warning] Strange loss or gradient.
2024-09-19 14:01:43,458 ERROR ===> [Warning] Trajectory grad mean: -75626192896.0
2024-09-19 14:01:43,458 ERROR ===> [Warning] Loss info: {'particle_has_naninf': False, 'height_map_loss': 38.328216552734375, 'emd_loss': 37.396949768066406, 'total_loss': 37.396949768066406}
2024-09-19 14:01:43,460 INFO =====> Epoch: 123
2024-09-19 14:01:43,460 INFO =====> EMD Loss: nan
2024-09-19 14:01:43,460 INFO =====> Height map loss: nan
2024-09-19 14:01:43,460 INFO =====> Trajectory grad mean: 1.0000001111620804e-06
2024-09-19 14:01:43,460 INFO =====> Num. aborted data so far: 34
2024-09-19 14:01:43,736 INFO ===> New TaichiEnv created.
2024-09-19 14:01:43,736 INFO ===> Specifications: horizon = 300, dt = 0.01, n_substeps = 20, dt_sub = 0.0005
2024-09-19 14:02:21,230 ERROR ===> [Warning] Aborting epoch: 124
2024-09-19 14:02:21,230 ERROR ===> [Warning] Particle has nan or inf: False
2024-09-19 14:02:21,230 ERROR ===> [Warning] Strange loss or gradient.
2024-09-19 14:02:21,230 ERROR ===> [Warning] Trajectory grad mean: 39935016960.0
2024-09-19 14:02:21,230 ERROR ===> [Warning] Loss info: {'particle_has_naninf': False, 'height_map_loss': 38.487701416015625, 'emd_loss': 37.732765197753906, 'total_loss': 37.732765197753906}
2024-09-19 14:02:21,231 INFO =====> Epoch: 124
2024-09-19 14:02:21,231 INFO =====> EMD Loss: nan
2024-09-19 14:02:21,231 INFO =====> Height map loss: nan
2024-09-19 14:02:21,231 INFO =====> Trajectory grad mean: 1.0000001111620804e-06
2024-09-19 14:02:21,231 INFO =====> Num. aborted data so far: 35
2024-09-19 14:02:21,506 INFO ===> New TaichiEnv created.
2024-09-19 14:02:21,506 INFO ===> Specifications: horizon = 300, dt = 0.01, n_substeps = 20, dt_sub = 0.0005
2024-09-19 14:02:58,834 ERROR ===> [Warning] Aborting epoch: 125
2024-09-19 14:02:58,834 ERROR ===> [Warning] Particle has nan or inf: False
2024-09-19 14:02:58,834 ERROR ===> [Warning] Strange loss or gradient.
2024-09-19 14:02:58,834 ERROR ===> [Warning] Trajectory grad mean: 79057739841536.0
2024-09-19 14:02:58,834 ERROR ===> [Warning] Loss info: {'particle_has_naninf': False, 'height_map_loss': 38.40164566040039, 'emd_loss': 37.22623062133789, 'total_loss': 37.22623062133789}
2024-09-19 14:02:58,835 INFO =====> Epoch: 125
2024-09-19 14:02:58,835 INFO =====> EMD Loss: nan
2024-09-19 14:02:58,835 INFO =====> Height map loss: nan
2024-09-19 14:02:58,835 INFO =====> Trajectory grad mean: 1.0000001111620804e-06
2024-09-19 14:02:58,835 INFO =====> Num. aborted data so far: 36
2024-09-19 14:02:59,113 INFO ===> New TaichiEnv created.
2024-09-19 14:02:59,113 INFO ===> Specifications: horizon = 300, dt = 0.01, n_substeps = 20, dt_sub = 0.0005
2024-09-19 14:03:36,822 ERROR ===> [Warning] Aborting epoch: 126
2024-09-19 14:03:36,822 ERROR ===> [Warning] Particle has nan or inf: False
2024-09-19 14:03:36,822 ERROR ===> [Warning] Strange loss or gradient.
2024-09-19 14:03:36,822 ERROR ===> [Warning] Trajectory grad mean: 71288630542336.0
2024-09-19 14:03:36,822 ERROR ===> [Warning] Loss info: {'particle_has_naninf': False, 'height_map_loss': 38.25995635986328, 'emd_loss': 37.44891357421875, 'total_loss': 37.44891357421875}
2024-09-19 14:03:36,823 INFO =====> Epoch: 126
2024-09-19 14:03:36,823 INFO =====> EMD Loss: nan
2024-09-19 14:03:36,823 INFO =====> Height map loss: nan
2024-09-19 14:03:36,823 INFO =====> Trajectory grad mean: 1.0000001111620804e-06
2024-09-19 14:03:36,824 INFO =====> Num. aborted data so far: 37
2024-09-19 14:03:37,098 INFO ===> New TaichiEnv created.
2024-09-19 14:03:37,098 INFO ===> Specifications: horizon = 300, dt = 0.01, n_substeps = 20, dt_sub = 0.0005
2024-09-19 14:04:14,497 ERROR ===> [Warning] Aborting epoch: 127
2024-09-19 14:04:14,498 ERROR ===> [Warning] Particle has nan or inf: False
2024-09-19 14:04:14,498 ERROR ===> [Warning] Strange loss or gradient.
2024-09-19 14:04:14,498 ERROR ===> [Warning] Trajectory grad mean: -328160499466240.0
2024-09-19 14:04:14,498 ERROR ===> [Warning] Loss info: {'particle_has_naninf': False, 'height_map_loss': 38.288387298583984, 'emd_loss': 37.40196990966797, 'total_loss': 37.40196990966797}
2024-09-19 14:04:14,499 INFO =====> Epoch: 127
2024-09-19 14:04:14,499 INFO =====> EMD Loss: nan
2024-09-19 14:04:14,499 INFO =====> Height map loss: nan
2024-09-19 14:04:14,499 INFO =====> Trajectory grad mean: 1.0000001111620804e-06
2024-09-19 14:04:14,499 INFO =====> Num. aborted data so far: 38
2024-09-19 14:04:14,772 INFO ===> New TaichiEnv created.
2024-09-19 14:04:14,772 INFO ===> Specifications: horizon = 300, dt = 0.01, n_substeps = 20, dt_sub = 0.0005
2024-09-19 14:04:52,175 ERROR ===> [Warning] Aborting epoch: 128
2024-09-19 14:04:52,175 ERROR ===> [Warning] Particle has nan or inf: False
2024-09-19 14:04:52,175 ERROR ===> [Warning] Strange loss or gradient.
2024-09-19 14:04:52,175 ERROR ===> [Warning] Trajectory grad mean: 255924420608.0
2024-09-19 14:04:52,175 ERROR ===> [Warning] Loss info: {'particle_has_naninf': False, 'height_map_loss': 38.283714294433594, 'emd_loss': 37.36721420288086, 'total_loss': 37.36721420288086}
2024-09-19 14:04:52,176 INFO =====> Epoch: 128
2024-09-19 14:04:52,176 INFO =====> EMD Loss: nan
2024-09-19 14:04:52,176 INFO =====> Height map loss: nan
2024-09-19 14:04:52,176 INFO =====> Trajectory grad mean: 1.0000001111620804e-06
2024-09-19 14:04:52,176 INFO =====> Num. aborted data so far: 39
2024-09-19 14:04:52,451 INFO ===> New TaichiEnv created.
2024-09-19 14:04:52,451 INFO ===> Specifications: horizon = 300, dt = 0.01, n_substeps = 20, dt_sub = 0.0005
2024-09-19 14:05:29,772 ERROR ===> [Warning] Aborting epoch: 129
2024-09-19 14:05:29,772 ERROR ===> [Warning] Particle has nan or inf: False
2024-09-19 14:05:29,772 ERROR ===> [Warning] Strange loss or gradient.
2024-09-19 14:05:29,772 ERROR ===> [Warning] Trajectory grad mean: 14779817132032.0
2024-09-19 14:05:29,772 ERROR ===> [Warning] Loss info: {'particle_has_naninf': False, 'height_map_loss': 38.36000442504883, 'emd_loss': 37.361873626708984, 'total_loss': 37.361873626708984}
2024-09-19 14:05:29,773 INFO =====> Epoch: 129
2024-09-19 14:05:29,773 INFO =====> EMD Loss: nan
2024-09-19 14:05:29,773 INFO =====> Height map loss: nan
2024-09-19 14:05:29,773 INFO =====> Trajectory grad mean: 1.0000001111620804e-06
2024-09-19 14:05:29,773 INFO =====> Num. aborted data so far: 40
2024-09-19 14:05:30,051 INFO ===> New TaichiEnv created.
2024-09-19 14:05:30,051 INFO ===> Specifications: horizon = 300, dt = 0.01, n_substeps = 20, dt_sub = 0.0005
2024-09-19 14:06:07,714 ERROR ===> [Warning] Aborting epoch: 130
2024-09-19 14:06:07,714 ERROR ===> [Warning] Particle has nan or inf: False
2024-09-19 14:06:07,715 ERROR ===> [Warning] Strange loss or gradient.
2024-09-19 14:06:07,715 ERROR ===> [Warning] Trajectory grad mean: -718795056349184.0
2024-09-19 14:06:07,715 ERROR ===> [Warning] Loss info: {'particle_has_naninf': False, 'height_map_loss': 38.706138610839844, 'emd_loss': 37.532470703125, 'total_loss': 37.532470703125}
2024-09-19 14:06:07,716 INFO =====> Epoch: 130
2024-09-19 14:06:07,716 INFO =====> EMD Loss: nan
2024-09-19 14:06:07,716 INFO =====> Height map loss: nan
2024-09-19 14:06:07,716 INFO =====> Trajectory grad mean: 1.0000001111620804e-06
2024-09-19 14:06:07,716 INFO =====> Num. aborted data so far: 41
2024-09-19 14:06:07,992 INFO ===> New TaichiEnv created.
2024-09-19 14:06:07,992 INFO ===> Specifications: horizon = 300, dt = 0.01, n_substeps = 20, dt_sub = 0.0005
2024-09-19 14:06:45,369 ERROR ===> [Warning] Aborting epoch: 131
2024-09-19 14:06:45,369 ERROR ===> [Warning] Particle has nan or inf: False
2024-09-19 14:06:45,369 ERROR ===> [Warning] Strange loss or gradient.
2024-09-19 14:06:45,369 ERROR ===> [Warning] Trajectory grad mean: 7549956608.0
2024-09-19 14:06:45,369 ERROR ===> [Warning] Loss info: {'particle_has_naninf': False, 'height_map_loss': 38.39720153808594, 'emd_loss': 37.41591262817383, 'total_loss': 37.41591262817383}
2024-09-19 14:06:45,370 INFO =====> Epoch: 131
2024-09-19 14:06:45,370 INFO =====> EMD Loss: nan
2024-09-19 14:06:45,370 INFO =====> Height map loss: nan
2024-09-19 14:06:45,371 INFO =====> Trajectory grad mean: 1.0000001111620804e-06
2024-09-19 14:06:45,371 INFO =====> Num. aborted data so far: 42
2024-09-19 14:06:45,651 INFO ===> New TaichiEnv created.
2024-09-19 14:06:45,651 INFO ===> Specifications: horizon = 300, dt = 0.01, n_substeps = 20, dt_sub = 0.0005
2024-09-19 14:07:23,036 ERROR ===> [Warning] Aborting epoch: 132
2024-09-19 14:07:23,036 ERROR ===> [Warning] Particle has nan or inf: False
2024-09-19 14:07:23,036 ERROR ===> [Warning] Strange loss or gradient.
2024-09-19 14:07:23,036 ERROR ===> [Warning] Trajectory grad mean: -13146096926720.0
2024-09-19 14:07:23,036 ERROR ===> [Warning] Loss info: {'particle_has_naninf': False, 'height_map_loss': 38.555335998535156, 'emd_loss': 37.24550247192383, 'total_loss': 37.24550247192383}
2024-09-19 14:07:23,038 INFO =====> Epoch: 132
2024-09-19 14:07:23,038 INFO =====> EMD Loss: nan
2024-09-19 14:07:23,038 INFO =====> Height map loss: nan
2024-09-19 14:07:23,038 INFO =====> Trajectory grad mean: 1.0000001111620804e-06
2024-09-19 14:07:23,038 INFO =====> Num. aborted data so far: 43
2024-09-19 14:07:23,315 INFO ===> New TaichiEnv created.
2024-09-19 14:07:23,315 INFO ===> Specifications: horizon = 300, dt = 0.01, n_substeps = 20, dt_sub = 0.0005
2024-09-19 14:08:00,747 ERROR ===> [Warning] Aborting epoch: 133
2024-09-19 14:08:00,747 ERROR ===> [Warning] Particle has nan or inf: False
2024-09-19 14:08:00,747 ERROR ===> [Warning] Strange loss or gradient.
2024-09-19 14:08:00,747 ERROR ===> [Warning] Trajectory grad mean: 7749129207808.0
2024-09-19 14:08:00,747 ERROR ===> [Warning] Loss info: {'particle_has_naninf': False, 'height_map_loss': 38.74748992919922, 'emd_loss': 37.36921310424805, 'total_loss': 37.36921310424805}
2024-09-19 14:08:00,748 INFO =====> Epoch: 133
2024-09-19 14:08:00,748 INFO =====> EMD Loss: nan
2024-09-19 14:08:00,748 INFO =====> Height map loss: nan
2024-09-19 14:08:00,748 INFO =====> Trajectory grad mean: 1.0000001111620804e-06
2024-09-19 14:08:00,748 INFO =====> Num. aborted data so far: 44
2024-09-19 14:08:01,027 INFO ===> New TaichiEnv created.
2024-09-19 14:08:01,027 INFO ===> Specifications: horizon = 300, dt = 0.01, n_substeps = 20, dt_sub = 0.0005
2024-09-19 14:08:38,360 ERROR ===> [Warning] Aborting epoch: 134
2024-09-19 14:08:38,360 ERROR ===> [Warning] Particle has nan or inf: False
2024-09-19 14:08:38,360 ERROR ===> [Warning] Strange loss or gradient.
2024-09-19 14:08:38,360 ERROR ===> [Warning] Trajectory grad mean: 19881489596416.0
2024-09-19 14:08:38,360 ERROR ===> [Warning] Loss info: {'particle_has_naninf': False, 'height_map_loss': 38.7450065612793, 'emd_loss': 37.38853454589844, 'total_loss': 37.38853454589844}
2024-09-19 14:08:38,361 INFO =====> Epoch: 134
2024-09-19 14:08:38,362 INFO =====> EMD Loss: nan
2024-09-19 14:08:38,362 INFO =====> Height map loss: nan
2024-09-19 14:08:38,362 INFO =====> Trajectory grad mean: 1.0000001111620804e-06
2024-09-19 14:08:38,362 INFO =====> Num. aborted data so far: 45
2024-09-19 14:08:38,639 INFO ===> New TaichiEnv created.
2024-09-19 14:08:38,639 INFO ===> Specifications: horizon = 300, dt = 0.01, n_substeps = 20, dt_sub = 0.0005
2024-09-19 14:09:15,955 ERROR ===> [Warning] Aborting epoch: 135
2024-09-19 14:09:15,955 ERROR ===> [Warning] Particle has nan or inf: False
2024-09-19 14:09:15,955 ERROR ===> [Warning] Strange loss or gradient.
2024-09-19 14:09:15,955 ERROR ===> [Warning] Trajectory grad mean: -25914396114944.0
2024-09-19 14:09:15,955 ERROR ===> [Warning] Loss info: {'particle_has_naninf': False, 'height_map_loss': 38.88380432128906, 'emd_loss': 37.52314376831055, 'total_loss': 37.52314376831055}
2024-09-19 14:09:15,956 INFO =====> Epoch: 135
2024-09-19 14:09:15,956 INFO =====> EMD Loss: nan
2024-09-19 14:09:15,956 INFO =====> Height map loss: nan
2024-09-19 14:09:15,956 INFO =====> Trajectory grad mean: 1.0000001111620804e-06
2024-09-19 14:09:15,956 INFO =====> Num. aborted data so far: 46
2024-09-19 14:09:16,231 INFO ===> New TaichiEnv created.
2024-09-19 14:09:16,232 INFO ===> Specifications: horizon = 300, dt = 0.01, n_substeps = 20, dt_sub = 0.0005
2024-09-19 14:09:53,958 ERROR ===> [Warning] Aborting epoch: 136
2024-09-19 14:09:53,958 ERROR ===> [Warning] Particle has nan or inf: False
2024-09-19 14:09:53,958 ERROR ===> [Warning] Strange loss or gradient.
2024-09-19 14:09:53,958 ERROR ===> [Warning] Trajectory grad mean: 11730024448.0
2024-09-19 14:09:53,958 ERROR ===> [Warning] Loss info: {'particle_has_naninf': False, 'height_map_loss': 38.84225845336914, 'emd_loss': 37.57221603393555, 'total_loss': 37.57221603393555}
2024-09-19 14:09:53,959 INFO =====> Epoch: 136
2024-09-19 14:09:53,959 INFO =====> EMD Loss: nan
2024-09-19 14:09:53,959 INFO =====> Height map loss: nan
2024-09-19 14:09:53,959 INFO =====> Trajectory grad mean: 1.0000001111620804e-06
2024-09-19 14:09:53,959 INFO =====> Num. aborted data so far: 47
2024-09-19 14:09:54,238 INFO ===> New TaichiEnv created.
2024-09-19 14:09:54,238 INFO ===> Specifications: horizon = 300, dt = 0.01, n_substeps = 20, dt_sub = 0.0005
2024-09-19 14:10:31,587 ERROR ===> [Warning] Aborting epoch: 137
2024-09-19 14:10:31,587 ERROR ===> [Warning] Particle has nan or inf: False
2024-09-19 14:10:31,587 ERROR ===> [Warning] Strange loss or gradient.
2024-09-19 14:10:31,587 ERROR ===> [Warning] Trajectory grad mean: 203372052480.0
2024-09-19 14:10:31,587 ERROR ===> [Warning] Loss info: {'particle_has_naninf': False, 'height_map_loss': 38.8142204284668, 'emd_loss': 37.447471618652344, 'total_loss': 37.447471618652344}
2024-09-19 14:10:31,588 INFO =====> Epoch: 137
2024-09-19 14:10:31,588 INFO =====> EMD Loss: nan
2024-09-19 14:10:31,588 INFO =====> Height map loss: nan
2024-09-19 14:10:31,588 INFO =====> Trajectory grad mean: 1.0000001111620804e-06
2024-09-19 14:10:31,588 INFO =====> Num. aborted data so far: 48
2024-09-19 14:10:31,866 INFO ===> New TaichiEnv created.
2024-09-19 14:10:31,866 INFO ===> Specifications: horizon = 300, dt = 0.01, n_substeps = 20, dt_sub = 0.0005
2024-09-19 14:11:09,242 ERROR ===> [Warning] Aborting epoch: 138
2024-09-19 14:11:09,242 ERROR ===> [Warning] Particle has nan or inf: False
2024-09-19 14:11:09,242 ERROR ===> [Warning] Strange loss or gradient.
2024-09-19 14:11:09,242 ERROR ===> [Warning] Trajectory grad mean: 15430582272000.0
2024-09-19 14:11:09,242 ERROR ===> [Warning] Loss info: {'particle_has_naninf': False, 'height_map_loss': 38.78644561767578, 'emd_loss': 37.603607177734375, 'total_loss': 37.603607177734375}
2024-09-19 14:11:09,243 INFO =====> Epoch: 138
2024-09-19 14:11:09,243 INFO =====> EMD Loss: nan
2024-09-19 14:11:09,243 INFO =====> Height map loss: nan
2024-09-19 14:11:09,243 INFO =====> Trajectory grad mean: 1.0000001111620804e-06
2024-09-19 14:11:09,243 INFO =====> Num. aborted data so far: 49
2024-09-19 14:11:09,520 INFO ===> New TaichiEnv created.
2024-09-19 14:11:09,520 INFO ===> Specifications: horizon = 300, dt = 0.01, n_substeps = 20, dt_sub = 0.0005
2024-09-19 14:11:46,909 ERROR ===> [Warning] Aborting epoch: 139
2024-09-19 14:11:46,909 ERROR ===> [Warning] Particle has nan or inf: False
2024-09-19 14:11:46,909 ERROR ===> [Warning] Strange loss or gradient.
2024-09-19 14:11:46,909 ERROR ===> [Warning] Trajectory grad mean: 464009363456.0
2024-09-19 14:11:46,909 ERROR ===> [Warning] Loss info: {'particle_has_naninf': False, 'height_map_loss': 38.9002685546875, 'emd_loss': 37.4887809753418, 'total_loss': 37.4887809753418}
2024-09-19 14:11:46,910 INFO =====> Epoch: 139
2024-09-19 14:11:46,910 INFO =====> EMD Loss: nan
2024-09-19 14:11:46,910 INFO =====> Height map loss: nan
2024-09-19 14:11:46,910 INFO =====> Trajectory grad mean: 1.0000001111620804e-06
2024-09-19 14:11:46,910 INFO =====> Num. aborted data so far: 50
2024-09-19 14:11:47,187 INFO ===> New TaichiEnv created.
2024-09-19 14:11:47,187 INFO ===> Specifications: horizon = 300, dt = 0.01, n_substeps = 20, dt_sub = 0.0005
2024-09-19 14:12:24,600 ERROR ===> [Warning] Aborting epoch: 140
2024-09-19 14:12:24,600 ERROR ===> [Warning] Particle has nan or inf: False
2024-09-19 14:12:24,600 ERROR ===> [Warning] Strange loss or gradient.
2024-09-19 14:12:24,600 ERROR ===> [Warning] Trajectory grad mean: -368638394368.0
2024-09-19 14:12:24,600 ERROR ===> [Warning] Loss info: {'particle_has_naninf': False, 'height_map_loss': 38.807769775390625, 'emd_loss': 37.572696685791016, 'total_loss': 37.572696685791016}
2024-09-19 14:12:24,601 INFO =====> Epoch: 140
2024-09-19 14:12:24,601 INFO =====> EMD Loss: nan
2024-09-19 14:12:24,601 INFO =====> Height map loss: nan
2024-09-19 14:12:24,601 INFO =====> Trajectory grad mean: 1.0000001111620804e-06
2024-09-19 14:12:24,602 INFO =====> Num. aborted data so far: 51
2024-09-19 14:12:24,877 INFO ===> New TaichiEnv created.
2024-09-19 14:12:24,877 INFO ===> Specifications: horizon = 300, dt = 0.01, n_substeps = 20, dt_sub = 0.0005
2024-09-19 14:13:02,196 ERROR ===> [Warning] Aborting epoch: 141
2024-09-19 14:13:02,196 ERROR ===> [Warning] Particle has nan or inf: False
2024-09-19 14:13:02,196 ERROR ===> [Warning] Strange loss or gradient.
2024-09-19 14:13:02,196 ERROR ===> [Warning] Trajectory grad mean: 235489411072.0
2024-09-19 14:13:02,196 ERROR ===> [Warning] Loss info: {'particle_has_naninf': False, 'height_map_loss': 38.941001892089844, 'emd_loss': 37.605712890625, 'total_loss': 37.605712890625}
2024-09-19 14:13:02,197 INFO =====> Epoch: 141
2024-09-19 14:13:02,197 INFO =====> EMD Loss: nan
2024-09-19 14:13:02,197 INFO =====> Height map loss: nan
2024-09-19 14:13:02,197 INFO =====> Trajectory grad mean: 1.0000001111620804e-06
2024-09-19 14:13:02,197 INFO =====> Num. aborted data so far: 52
2024-09-19 14:13:02,473 INFO ===> New TaichiEnv created.
2024-09-19 14:13:02,473 INFO ===> Specifications: horizon = 300, dt = 0.01, n_substeps = 20, dt_sub = 0.0005
2024-09-19 14:13:39,811 ERROR ===> [Warning] Aborting epoch: 142
2024-09-19 14:13:39,811 ERROR ===> [Warning] Particle has nan or inf: False
2024-09-19 14:13:39,811 ERROR ===> [Warning] Strange loss or gradient.
2024-09-19 14:13:39,811 ERROR ===> [Warning] Trajectory grad mean: 2155446785802240.0
2024-09-19 14:13:39,811 ERROR ===> [Warning] Loss info: {'particle_has_naninf': False, 'height_map_loss': 38.89908218383789, 'emd_loss': 37.40114212036133, 'total_loss': 37.40114212036133}
2024-09-19 14:13:39,813 INFO =====> Epoch: 142
2024-09-19 14:13:39,813 INFO =====> EMD Loss: nan
2024-09-19 14:13:39,813 INFO =====> Height map loss: nan
2024-09-19 14:13:39,813 INFO =====> Trajectory grad mean: 1.0000001111620804e-06
2024-09-19 14:13:39,813 INFO =====> Num. aborted data so far: 53
2024-09-19 14:13:40,089 INFO ===> New TaichiEnv created.
2024-09-19 14:13:40,089 INFO ===> Specifications: horizon = 300, dt = 0.01, n_substeps = 20, dt_sub = 0.0005
2024-09-19 14:14:17,488 ERROR ===> [Warning] Aborting epoch: 143
2024-09-19 14:14:17,488 ERROR ===> [Warning] Particle has nan or inf: False
2024-09-19 14:14:17,488 ERROR ===> [Warning] Strange loss or gradient.
2024-09-19 14:14:17,488 ERROR ===> [Warning] Trajectory grad mean: -24451760521216.0
2024-09-19 14:14:17,488 ERROR ===> [Warning] Loss info: {'particle_has_naninf': False, 'height_map_loss': 39.01988983154297, 'emd_loss': 37.41926956176758, 'total_loss': 37.41926956176758}
2024-09-19 14:14:17,489 INFO =====> Epoch: 143
2024-09-19 14:14:17,489 INFO =====> EMD Loss: nan
2024-09-19 14:14:17,489 INFO =====> Height map loss: nan
2024-09-19 14:14:17,489 INFO =====> Trajectory grad mean: 1.0000001111620804e-06
2024-09-19 14:14:17,489 INFO =====> Num. aborted data so far: 54
2024-09-19 14:14:17,766 INFO ===> New TaichiEnv created.
2024-09-19 14:14:17,766 INFO ===> Specifications: horizon = 300, dt = 0.01, n_substeps = 20, dt_sub = 0.0005
2024-09-19 14:14:55,109 ERROR ===> [Warning] Aborting epoch: 144
2024-09-19 14:14:55,110 ERROR ===> [Warning] Particle has nan or inf: False
2024-09-19 14:14:55,110 ERROR ===> [Warning] Strange loss or gradient.
2024-09-19 14:14:55,110 ERROR ===> [Warning] Trajectory grad mean: -2437294063616.0
2024-09-19 14:14:55,110 ERROR ===> [Warning] Loss info: {'particle_has_naninf': False, 'height_map_loss': 38.89381408691406, 'emd_loss': 37.24710464477539, 'total_loss': 37.24710464477539}
2024-09-19 14:14:55,111 INFO =====> Epoch: 144
2024-09-19 14:14:55,111 INFO =====> EMD Loss: nan
2024-09-19 14:14:55,111 INFO =====> Height map loss: nan
2024-09-19 14:14:55,111 INFO =====> Trajectory grad mean: 1.0000001111620804e-06
2024-09-19 14:14:55,111 INFO =====> Num. aborted data so far: 55
2024-09-19 14:14:55,387 INFO ===> New TaichiEnv created.
2024-09-19 14:14:55,387 INFO ===> Specifications: horizon = 300, dt = 0.01, n_substeps = 20, dt_sub = 0.0005
2024-09-19 14:15:32,751 ERROR ===> [Warning] Aborting epoch: 145
2024-09-19 14:15:32,752 ERROR ===> [Warning] Particle has nan or inf: False
2024-09-19 14:15:32,752 ERROR ===> [Warning] Strange loss or gradient.
2024-09-19 14:15:32,752 ERROR ===> [Warning] Trajectory grad mean: 3685483806720.0
2024-09-19 14:15:32,752 ERROR ===> [Warning] Loss info: {'particle_has_naninf': False, 'height_map_loss': 38.862972259521484, 'emd_loss': 37.38926315307617, 'total_loss': 37.38926315307617}
2024-09-19 14:15:32,753 INFO =====> Epoch: 145
2024-09-19 14:15:32,753 INFO =====> EMD Loss: nan
2024-09-19 14:15:32,753 INFO =====> Height map loss: nan
2024-09-19 14:15:32,753 INFO =====> Trajectory grad mean: 1.0000001111620804e-06
2024-09-19 14:15:32,753 INFO =====> Num. aborted data so far: 56
2024-09-19 14:15:33,029 INFO ===> New TaichiEnv created.
2024-09-19 14:15:33,029 INFO ===> Specifications: horizon = 300, dt = 0.01, n_substeps = 20, dt_sub = 0.0005
2024-09-19 14:16:10,318 ERROR ===> [Warning] Aborting epoch: 146
2024-09-19 14:16:10,318 ERROR ===> [Warning] Particle has nan or inf: False
2024-09-19 14:16:10,318 ERROR ===> [Warning] Strange loss or gradient.
2024-09-19 14:16:10,318 ERROR ===> [Warning] Trajectory grad mean: -722920407040.0
2024-09-19 14:16:10,318 ERROR ===> [Warning] Loss info: {'particle_has_naninf': False, 'height_map_loss': 38.877384185791016, 'emd_loss': 37.19050979614258, 'total_loss': 37.19050979614258}
2024-09-19 14:16:10,319 INFO =====> Epoch: 146
2024-09-19 14:16:10,319 INFO =====> EMD Loss: nan
2024-09-19 14:16:10,319 INFO =====> Height map loss: nan
2024-09-19 14:16:10,319 INFO =====> Trajectory grad mean: 1.0000001111620804e-06
2024-09-19 14:16:10,319 INFO =====> Num. aborted data so far: 57
2024-09-19 14:16:10,599 INFO ===> New TaichiEnv created.
2024-09-19 14:16:10,599 INFO ===> Specifications: horizon = 300, dt = 0.01, n_substeps = 20, dt_sub = 0.0005
2024-09-19 14:16:47,790 ERROR ===> [Warning] Aborting epoch: 147
2024-09-19 14:16:47,790 ERROR ===> [Warning] Particle has nan or inf: False
2024-09-19 14:16:47,790 ERROR ===> [Warning] Strange loss or gradient.
2024-09-19 14:16:47,790 ERROR ===> [Warning] Trajectory grad mean: 824106811392.0
2024-09-19 14:16:47,790 ERROR ===> [Warning] Loss info: {'particle_has_naninf': False, 'height_map_loss': 38.745384216308594, 'emd_loss': 37.25727844238281, 'total_loss': 37.25727844238281}
2024-09-19 14:16:47,791 INFO =====> Epoch: 147
2024-09-19 14:16:47,791 INFO =====> EMD Loss: nan
2024-09-19 14:16:47,791 INFO =====> Height map loss: nan
2024-09-19 14:16:47,791 INFO =====> Trajectory grad mean: 1.0000001111620804e-06
2024-09-19 14:16:47,791 INFO =====> Num. aborted data so far: 58
2024-09-19 14:16:48,070 INFO ===> New TaichiEnv created.
2024-09-19 14:16:48,070 INFO ===> Specifications: horizon = 300, dt = 0.01, n_substeps = 20, dt_sub = 0.0005
2024-09-19 14:17:25,702 ERROR ===> [Warning] Aborting epoch: 148
2024-09-19 14:17:25,702 ERROR ===> [Warning] Particle has nan or inf: False
2024-09-19 14:17:25,702 ERROR ===> [Warning] Strange loss or gradient.
2024-09-19 14:17:25,702 ERROR ===> [Warning] Trajectory grad mean: 379643691008.0
2024-09-19 14:17:25,702 ERROR ===> [Warning] Loss info: {'particle_has_naninf': False, 'height_map_loss': 38.84022521972656, 'emd_loss': 37.2039909362793, 'total_loss': 37.2039909362793}
2024-09-19 14:17:25,703 INFO =====> Epoch: 148
2024-09-19 14:17:25,703 INFO =====> EMD Loss: nan
2024-09-19 14:17:25,703 INFO =====> Height map loss: nan
2024-09-19 14:17:25,703 INFO =====> Trajectory grad mean: 1.0000001111620804e-06
2024-09-19 14:17:25,703 INFO =====> Num. aborted data so far: 59
2024-09-19 14:17:25,984 INFO ===> New TaichiEnv created.
2024-09-19 14:17:25,984 INFO ===> Specifications: horizon = 300, dt = 0.01, n_substeps = 20, dt_sub = 0.0005
2024-09-19 14:18:03,318 ERROR ===> [Warning] Aborting epoch: 149
2024-09-19 14:18:03,318 ERROR ===> [Warning] Particle has nan or inf: False
2024-09-19 14:18:03,318 ERROR ===> [Warning] Strange loss or gradient.
2024-09-19 14:18:03,318 ERROR ===> [Warning] Trajectory grad mean: 66078248009728.0
2024-09-19 14:18:03,318 ERROR ===> [Warning] Loss info: {'particle_has_naninf': False, 'height_map_loss': 38.82719421386719, 'emd_loss': 37.620521545410156, 'total_loss': 37.620521545410156}
2024-09-19 14:18:03,319 INFO =====> Epoch: 149
2024-09-19 14:18:03,319 INFO =====> EMD Loss: nan
2024-09-19 14:18:03,319 INFO =====> Height map loss: nan
2024-09-19 14:18:03,319 INFO =====> Trajectory grad mean: 1.0000001111620804e-06
2024-09-19 14:18:03,319 INFO =====> Num. aborted data so far: 60
2024-09-19 14:18:03,320 INFO ====> Finished training.
2024-09-19 14:18:03,320 INFO ====> Final EMD loss: nan
2024-09-19 14:18:03,320 INFO ====> Final height map loss: nan
