2024-10-19 00:21:20,282 INFO ===> Start grad computation at:, 2024-10-19 0:21:20
2024-10-19 00:21:20,532 INFO ===> New TaichiEnv created.
2024-10-19 00:21:20,532 INFO ===> Specifications: horizon = 311, dt = 0.01, n_substeps = 20, dt_sub = 0.0005
2024-10-19 00:21:20,722 DEBUG loaded <trimesh.Trimesh(vertices.shape=(916, 3), faces.shape=(856, 3))> using `load_obj` in 0.0028s
2024-10-19 00:21:21,072 DEBUG loaded <trimesh.Trimesh(vertices.shape=(48, 3), faces.shape=(28, 3))> using `load_obj` in 0.0007s
2024-10-19 00:22:18,446 INFO =====> Epoch: 0
2024-10-19 00:22:18,446 INFO =====> Loss info: {'particle_has_naninf': False, 'height_map_loss': 32.7841682434082, 'emd_loss': 36.428401947021484, 'total_loss': 32.7841682434082}
2024-10-19 00:22:18,447 INFO =====> Param: E: [733778.], nu: [0.26540905], rho: [1937.6642], sand_angle: [23.300694]
2024-10-19 00:22:18,447 INFO =====> Grad: [-4.1011735e-03 -8.9958105e+03  3.8123520e+01  5.9746564e+02]
2024-10-19 00:22:18,447 INFO =====> Num. aborted data so far: 0
2024-10-19 00:22:18,868 INFO ===> New TaichiEnv created.
2024-10-19 00:22:18,868 INFO ===> Specifications: horizon = 311, dt = 0.01, n_substeps = 20, dt_sub = 0.0005
2024-10-19 00:22:18,889 DEBUG loaded <trimesh.Trimesh(vertices.shape=(916, 3), faces.shape=(856, 3))> using `load_obj` in 0.0028s
2024-10-19 00:22:19,022 DEBUG loaded <trimesh.Trimesh(vertices.shape=(48, 3), faces.shape=(28, 3))> using `load_obj` in 0.0007s
2024-10-19 00:23:00,482 INFO =====> Epoch: 1
2024-10-19 00:23:00,482 INFO =====> Loss info: {'particle_has_naninf': False, 'height_map_loss': 31.557825088500977, 'emd_loss': 35.37006759643555, 'total_loss': 31.557825088500977}
2024-10-19 00:23:00,482 INFO =====> Param: E: [792996.7], nu: [0.29548872], rho: [1892.181], sand_angle: [25.897741]
2024-10-19 00:23:00,482 INFO =====> Grad: [-1.0403248e-02 -2.6307930e+04  1.0863008e+01 -8.1586084e+02]
2024-10-19 00:23:00,482 INFO =====> Num. aborted data so far: 0
2024-10-19 00:23:00,786 INFO ===> New TaichiEnv created.
2024-10-19 00:23:00,787 INFO ===> Specifications: horizon = 311, dt = 0.01, n_substeps = 20, dt_sub = 0.0005
2024-10-19 00:23:00,808 DEBUG loaded <trimesh.Trimesh(vertices.shape=(916, 3), faces.shape=(856, 3))> using `load_obj` in 0.0029s
2024-10-19 00:23:00,944 DEBUG loaded <trimesh.Trimesh(vertices.shape=(48, 3), faces.shape=(28, 3))> using `load_obj` in 0.0007s
2024-10-19 00:23:31,856 INFO =====> Epoch: 2
2024-10-19 00:23:31,856 INFO =====> Loss info: {'particle_has_naninf': False, 'height_map_loss': 32.315032958984375, 'emd_loss': 35.96205139160156, 'total_loss': 32.315032958984375}
2024-10-19 00:23:31,857 INFO =====> Param: E: [755674.5], nu: [0.28025037], rho: [1978.1947], sand_angle: [26.717278]
2024-10-19 00:23:31,857 INFO =====> Grad: [ 7.7046687e-03  1.4429490e+04 -2.3226427e+01 -2.5288507e+02]
2024-10-19 00:23:31,857 INFO =====> Num. aborted data so far: 0
2024-10-19 00:23:32,131 INFO ===> New TaichiEnv created.
2024-10-19 00:23:32,132 INFO ===> Specifications: horizon = 311, dt = 0.01, n_substeps = 20, dt_sub = 0.0005
2024-10-19 00:23:32,157 DEBUG loaded <trimesh.Trimesh(vertices.shape=(916, 3), faces.shape=(856, 3))> using `load_obj` in 0.0053s
2024-10-19 00:23:32,298 DEBUG loaded <trimesh.Trimesh(vertices.shape=(48, 3), faces.shape=(28, 3))> using `load_obj` in 0.0007s
2024-10-19 00:24:03,355 INFO =====> Epoch: 3
2024-10-19 00:24:03,356 INFO =====> Loss info: {'particle_has_naninf': False, 'height_map_loss': 32.67365264892578, 'emd_loss': 36.1436767578125, 'total_loss': 32.67365264892578}
2024-10-19 00:24:03,356 INFO =====> Param: E: [767916.56], nu: [0.2958891], rho: [1909.1885], sand_angle: [26.384382]
2024-10-19 00:24:03,356 INFO =====> Grad: [-2.4437387e-03 -1.6163612e+04  1.9647568e+01  9.7995148e+01]
2024-10-19 00:24:03,356 INFO =====> Num. aborted data so far: 0
2024-10-19 00:24:03,725 INFO ===> New TaichiEnv created.
2024-10-19 00:24:03,725 INFO ===> Specifications: horizon = 311, dt = 0.01, n_substeps = 20, dt_sub = 0.0005
2024-10-19 00:24:03,746 DEBUG loaded <trimesh.Trimesh(vertices.shape=(916, 3), faces.shape=(856, 3))> using `load_obj` in 0.0029s
2024-10-19 00:24:03,889 DEBUG loaded <trimesh.Trimesh(vertices.shape=(48, 3), faces.shape=(28, 3))> using `load_obj` in 0.0007s
2024-10-19 00:24:34,752 INFO =====> Epoch: 4
2024-10-19 00:24:34,752 INFO =====> Loss info: {'particle_has_naninf': False, 'height_map_loss': 32.66261291503906, 'emd_loss': 36.05138397216797, 'total_loss': 32.66261291503906}
2024-10-19 00:24:34,752 INFO =====> Param: E: [794507.7], nu: [0.30928943], rho: [2028.3513], sand_angle: [28.524431]
2024-10-19 00:24:34,752 INFO =====> Grad: [-5.5500632e-03 -1.4506146e+04 -4.8970776e+01 -8.1177045e+02]
2024-10-19 00:24:34,753 INFO =====> Num. aborted data so far: 0
2024-10-19 00:24:35,023 INFO ===> New TaichiEnv created.
2024-10-19 00:24:35,023 INFO ===> Specifications: horizon = 311, dt = 0.01, n_substeps = 20, dt_sub = 0.0005
2024-10-19 00:24:35,044 DEBUG loaded <trimesh.Trimesh(vertices.shape=(916, 3), faces.shape=(856, 3))> using `load_obj` in 0.0028s
2024-10-19 00:24:35,180 DEBUG loaded <trimesh.Trimesh(vertices.shape=(48, 3), faces.shape=(28, 3))> using `load_obj` in 0.0007s
2024-10-19 00:25:06,249 INFO =====> Epoch: 5
2024-10-19 00:25:06,249 INFO =====> Loss info: {'particle_has_naninf': False, 'height_map_loss': 33.16252899169922, 'emd_loss': 36.632057189941406, 'total_loss': 33.16252899169922}
2024-10-19 00:25:06,249 INFO =====> Param: E: [776757.75], nu: [0.28937906], rho: [2021.8301], sand_angle: [26.79398]
2024-10-19 00:25:06,249 INFO =====> Grad: [3.6617971e-03 2.6319066e+04 2.5445635e+00 7.4399377e+02]
2024-10-19 00:25:06,249 INFO =====> Num. aborted data so far: 0
2024-10-19 00:25:06,601 INFO ===> New TaichiEnv created.
2024-10-19 00:25:06,601 INFO ===> Specifications: horizon = 311, dt = 0.01, n_substeps = 20, dt_sub = 0.0005
2024-10-19 00:25:06,624 DEBUG loaded <trimesh.Trimesh(vertices.shape=(916, 3), faces.shape=(856, 3))> using `load_obj` in 0.0029s
2024-10-19 00:25:06,763 DEBUG loaded <trimesh.Trimesh(vertices.shape=(48, 3), faces.shape=(28, 3))> using `load_obj` in 0.0007s
2024-10-19 00:25:37,663 INFO =====> Epoch: 6
2024-10-19 00:25:37,663 INFO =====> Loss info: {'particle_has_naninf': False, 'height_map_loss': 32.71194076538086, 'emd_loss': 36.12379455566406, 'total_loss': 32.71194076538086}
2024-10-19 00:25:37,663 INFO =====> Param: E: [772725.4], nu: [0.29036248], rho: [2060.1724], sand_angle: [27.536865]
2024-10-19 00:25:37,663 INFO =====> Grad: [ 7.9079950e-04 -1.2338273e+03 -1.4630045e+01 -3.1173157e+02]
2024-10-19 00:25:37,663 INFO =====> Num. aborted data so far: 0
2024-10-19 00:25:37,946 INFO ===> New TaichiEnv created.
2024-10-19 00:25:37,946 INFO ===> Specifications: horizon = 311, dt = 0.01, n_substeps = 20, dt_sub = 0.0005
2024-10-19 00:25:37,968 DEBUG loaded <trimesh.Trimesh(vertices.shape=(916, 3), faces.shape=(856, 3))> using `load_obj` in 0.0029s
2024-10-19 00:25:38,110 DEBUG loaded <trimesh.Trimesh(vertices.shape=(48, 3), faces.shape=(28, 3))> using `load_obj` in 0.0007s
2024-10-19 00:26:09,644 INFO =====> Epoch: 7
2024-10-19 00:26:09,644 INFO =====> Loss info: {'particle_has_naninf': False, 'height_map_loss': 32.91740798950195, 'emd_loss': 36.47180938720703, 'total_loss': 32.91740798950195}
2024-10-19 00:26:09,644 INFO =====> Param: E: [797798.4], nu: [0.3064095], rho: [2084.182], sand_angle: [28.812727]
2024-10-19 00:26:09,644 INFO =====> Grad: [-5.0811144e-03 -2.2166262e+04 -8.7930269e+00 -5.5509094e+02]
2024-10-19 00:26:09,644 INFO =====> Num. aborted data so far: 0
2024-10-19 00:26:09,919 INFO ===> New TaichiEnv created.
2024-10-19 00:26:09,919 INFO ===> Specifications: horizon = 311, dt = 0.01, n_substeps = 20, dt_sub = 0.0005
2024-10-19 00:26:09,941 DEBUG loaded <trimesh.Trimesh(vertices.shape=(916, 3), faces.shape=(856, 3))> using `load_obj` in 0.0027s
2024-10-19 00:26:10,075 DEBUG loaded <trimesh.Trimesh(vertices.shape=(48, 3), faces.shape=(28, 3))> using `load_obj` in 0.0007s
2024-10-19 00:26:51,596 INFO =====> Epoch: 8
2024-10-19 00:26:51,597 INFO =====> Loss info: {'particle_has_naninf': False, 'height_map_loss': 33.198307037353516, 'emd_loss': 36.776668548583984, 'total_loss': 33.198307037353516}
2024-10-19 00:26:51,597 INFO =====> Param: E: [794544.75], nu: [0.2892912], rho: [2012.8456], sand_angle: [27.554144]
2024-10-19 00:26:51,597 INFO =====> Grad: [6.2635151e-04 2.6679713e+04 2.7772146e+01 5.6625500e+02]
2024-10-19 00:26:51,597 INFO =====> Num. aborted data so far: 0
2024-10-19 00:26:51,996 INFO ===> New TaichiEnv created.
2024-10-19 00:26:51,996 INFO ===> Specifications: horizon = 311, dt = 0.01, n_substeps = 20, dt_sub = 0.0005
2024-10-19 00:26:52,017 DEBUG loaded <trimesh.Trimesh(vertices.shape=(916, 3), faces.shape=(856, 3))> using `load_obj` in 0.0028s
2024-10-19 00:26:52,153 DEBUG loaded <trimesh.Trimesh(vertices.shape=(48, 3), faces.shape=(28, 3))> using `load_obj` in 0.0007s
2024-10-19 00:27:23,499 INFO =====> Epoch: 9
2024-10-19 00:27:23,499 INFO =====> Loss info: {'particle_has_naninf': False, 'height_map_loss': 32.92366409301758, 'emd_loss': 36.448951721191406, 'total_loss': 32.92366409301758}
2024-10-19 00:27:23,500 INFO =====> Param: E: [772036.4], nu: [0.2803875], rho: [1992.6613], sand_angle: [27.962717]
2024-10-19 00:27:23,500 INFO =====> Grad: [ 4.3986808e-03  1.3719836e+04  7.5162416e+00 -1.7586395e+02]
2024-10-19 00:27:23,500 INFO =====> Num. aborted data so far: 0
2024-10-19 00:27:23,785 INFO ===> New TaichiEnv created.
2024-10-19 00:27:23,785 INFO ===> Specifications: horizon = 311, dt = 0.01, n_substeps = 20, dt_sub = 0.0005
2024-10-19 00:27:23,807 DEBUG loaded <trimesh.Trimesh(vertices.shape=(916, 3), faces.shape=(856, 3))> using `load_obj` in 0.0028s
2024-10-19 00:27:23,943 DEBUG loaded <trimesh.Trimesh(vertices.shape=(48, 3), faces.shape=(28, 3))> using `load_obj` in 0.0007s
2024-10-19 00:27:55,608 INFO =====> Epoch: 10
2024-10-19 00:27:55,608 INFO =====> Loss info: {'particle_has_naninf': False, 'height_map_loss': 33.025230407714844, 'emd_loss': 36.528785705566406, 'total_loss': 33.025230407714844}
2024-10-19 00:27:55,609 INFO =====> Param: E: [814452.44], nu: [0.2894836], rho: [2014.4088], sand_angle: [26.803047]
2024-10-19 00:27:55,609 INFO =====> Grad: [-1.0601404e-02 -1.3883808e+04 -7.7565069e+00  5.0900751e+02]
2024-10-19 00:27:55,609 INFO =====> Num. aborted data so far: 0
2024-10-19 00:27:55,974 INFO ===> New TaichiEnv created.
2024-10-19 00:27:55,974 INFO ===> Specifications: horizon = 311, dt = 0.01, n_substeps = 20, dt_sub = 0.0005
2024-10-19 00:27:56,003 DEBUG loaded <trimesh.Trimesh(vertices.shape=(916, 3), faces.shape=(856, 3))> using `load_obj` in 0.0039s
2024-10-19 00:27:56,189 DEBUG loaded <trimesh.Trimesh(vertices.shape=(48, 3), faces.shape=(28, 3))> using `load_obj` in 0.0008s
2024-10-19 00:28:27,366 INFO =====> Epoch: 11
2024-10-19 00:28:27,366 INFO =====> Loss info: {'particle_has_naninf': False, 'height_map_loss': 32.72643280029297, 'emd_loss': 36.110069274902344, 'total_loss': 32.72643280029297}
2024-10-19 00:28:27,366 INFO =====> Param: E: [811517.7], nu: [0.28439072], rho: [1942.1243], sand_angle: [26.10682]
2024-10-19 00:28:27,366 INFO =====> Grad: [6.9660979e-04 7.4721216e+03 2.7500181e+01 2.9720230e+02]
2024-10-19 00:28:27,366 INFO =====> Num. aborted data so far: 0
2024-10-19 00:28:27,718 INFO ===> New TaichiEnv created.
2024-10-19 00:28:27,719 INFO ===> Specifications: horizon = 311, dt = 0.01, n_substeps = 20, dt_sub = 0.0005
2024-10-19 00:28:27,741 DEBUG loaded <trimesh.Trimesh(vertices.shape=(916, 3), faces.shape=(856, 3))> using `load_obj` in 0.0028s
2024-10-19 00:28:27,874 DEBUG loaded <trimesh.Trimesh(vertices.shape=(48, 3), faces.shape=(28, 3))> using `load_obj` in 0.0007s
2024-10-19 00:29:10,790 INFO =====> Epoch: 12
2024-10-19 00:29:10,790 INFO =====> Loss info: {'particle_has_naninf': False, 'height_map_loss': 32.417930603027344, 'emd_loss': 36.10006332397461, 'total_loss': 32.417930603027344}
2024-10-19 00:29:10,791 INFO =====> Param: E: [799591.94], nu: [0.27480525], rho: [1912.9054], sand_angle: [25.34981]
2024-10-19 00:29:10,791 INFO =====> Grad: [2.7345771e-03 1.4000518e+04 1.0730507e+01 3.1574588e+02]
2024-10-19 00:29:10,791 INFO =====> Num. aborted data so far: 0
2024-10-19 00:29:11,121 INFO ===> New TaichiEnv created.
2024-10-19 00:29:11,121 INFO ===> Specifications: horizon = 311, dt = 0.01, n_substeps = 20, dt_sub = 0.0005
2024-10-19 00:29:11,143 DEBUG loaded <trimesh.Trimesh(vertices.shape=(916, 3), faces.shape=(856, 3))> using `load_obj` in 0.0028s
2024-10-19 00:29:11,277 DEBUG loaded <trimesh.Trimesh(vertices.shape=(48, 3), faces.shape=(28, 3))> using `load_obj` in 0.0006s
2024-10-19 00:29:42,213 INFO =====> Epoch: 13
2024-10-19 00:29:42,214 INFO =====> Loss info: {'particle_has_naninf': False, 'height_map_loss': 32.01898956298828, 'emd_loss': 35.96788787841797, 'total_loss': 32.01898956298828}
2024-10-19 00:29:42,214 INFO =====> Param: E: [791564.44], nu: [0.27423328], rho: [1983.6454], sand_angle: [25.385769]
2024-10-19 00:29:42,214 INFO =====> Grad: [ 1.7604886e-03  7.9265826e+02 -2.7557701e+01 -1.4230000e+01]
2024-10-19 00:29:42,214 INFO =====> Num. aborted data so far: 0
2024-10-19 00:29:42,504 INFO ===> New TaichiEnv created.
2024-10-19 00:29:42,504 INFO ===> Specifications: horizon = 311, dt = 0.01, n_substeps = 20, dt_sub = 0.0005
2024-10-19 00:29:42,527 DEBUG loaded <trimesh.Trimesh(vertices.shape=(916, 3), faces.shape=(856, 3))> using `load_obj` in 0.0028s
2024-10-19 00:29:42,664 DEBUG loaded <trimesh.Trimesh(vertices.shape=(48, 3), faces.shape=(28, 3))> using `load_obj` in 0.0007s
2024-10-19 00:30:13,943 INFO =====> Epoch: 14
2024-10-19 00:30:13,943 INFO =====> Loss info: {'particle_has_naninf': False, 'height_map_loss': 32.02833557128906, 'emd_loss': 35.88896560668945, 'total_loss': 32.02833557128906}
2024-10-19 00:30:13,943 INFO =====> Param: E: [806293.8], nu: [0.27990976], rho: [2059.1963], sand_angle: [25.925074]
2024-10-19 00:30:13,943 INFO =====> Grad: [-3.1511385e-03 -7.5863901e+03 -3.1784824e+01 -2.0547104e+02]
2024-10-19 00:30:13,943 INFO =====> Num. aborted data so far: 0
2024-10-19 00:30:14,291 INFO ===> New TaichiEnv created.
2024-10-19 00:30:14,291 INFO ===> Specifications: horizon = 311, dt = 0.01, n_substeps = 20, dt_sub = 0.0005
2024-10-19 00:30:14,313 DEBUG loaded <trimesh.Trimesh(vertices.shape=(916, 3), faces.shape=(856, 3))> using `load_obj` in 0.0029s
2024-10-19 00:30:14,463 DEBUG loaded <trimesh.Trimesh(vertices.shape=(48, 3), faces.shape=(28, 3))> using `load_obj` in 0.0007s
2024-10-19 00:30:45,208 INFO =====> Epoch: 15
2024-10-19 00:30:45,208 INFO =====> Loss info: {'particle_has_naninf': False, 'height_map_loss': 32.3437614440918, 'emd_loss': 36.0936279296875, 'total_loss': 32.3437614440918}
2024-10-19 00:30:45,208 INFO =====> Param: E: [784760.3], nu: [0.2754032], rho: [2079.7456], sand_angle: [26.333986]
2024-10-19 00:30:45,208 INFO =====> Grad: [ 4.6480852e-03  5.7726670e+03 -8.2717400e+00 -1.4904942e+02]
2024-10-19 00:30:45,208 INFO =====> Num. aborted data so far: 0
2024-10-19 00:30:45,507 INFO ===> New TaichiEnv created.
2024-10-19 00:30:45,508 INFO ===> Specifications: horizon = 311, dt = 0.01, n_substeps = 20, dt_sub = 0.0005
2024-10-19 00:30:45,532 DEBUG loaded <trimesh.Trimesh(vertices.shape=(916, 3), faces.shape=(856, 3))> using `load_obj` in 0.0028s
2024-10-19 00:30:45,673 DEBUG loaded <trimesh.Trimesh(vertices.shape=(48, 3), faces.shape=(28, 3))> using `load_obj` in 0.0007s
2024-10-19 00:31:16,699 INFO =====> Epoch: 16
2024-10-19 00:31:16,699 INFO =====> Loss info: {'particle_has_naninf': False, 'height_map_loss': 32.50960159301758, 'emd_loss': 36.08798599243164, 'total_loss': 32.50960159301758}
2024-10-19 00:31:16,700 INFO =====> Param: E: [759639.06], nu: [0.2586631], rho: [2067.587], sand_angle: [24.788273]
2024-10-19 00:31:16,700 INFO =====> Grad: [5.6054052e-03 2.3978174e+04 4.6568913e+00 6.1268298e+02]
2024-10-19 00:31:16,700 INFO =====> Num. aborted data so far: 0
2024-10-19 00:31:16,995 INFO ===> New TaichiEnv created.
2024-10-19 00:31:16,995 INFO ===> Specifications: horizon = 311, dt = 0.01, n_substeps = 20, dt_sub = 0.0005
2024-10-19 00:31:17,017 DEBUG loaded <trimesh.Trimesh(vertices.shape=(916, 3), faces.shape=(856, 3))> using `load_obj` in 0.0028s
2024-10-19 00:31:17,159 DEBUG loaded <trimesh.Trimesh(vertices.shape=(48, 3), faces.shape=(28, 3))> using `load_obj` in 0.0007s
2024-10-19 00:31:47,950 INFO =====> Epoch: 17
2024-10-19 00:31:47,950 INFO =====> Loss info: {'particle_has_naninf': False, 'height_map_loss': 31.95909881591797, 'emd_loss': 35.78084182739258, 'total_loss': 31.95909881591797}
2024-10-19 00:31:47,950 INFO =====> Param: E: [758154.44], nu: [0.25761005], rho: [1988.7598], sand_angle: [25.126635]
2024-10-19 00:31:47,950 INFO =====> Grad: [ 3.1435961e-04  1.4317388e+03  3.3041183e+01 -1.2797067e+02]
2024-10-19 00:31:47,950 INFO =====> Num. aborted data so far: 0
2024-10-19 00:31:48,291 INFO ===> New TaichiEnv created.
2024-10-19 00:31:48,291 INFO ===> Specifications: horizon = 311, dt = 0.01, n_substeps = 20, dt_sub = 0.0005
2024-10-19 00:31:48,313 DEBUG loaded <trimesh.Trimesh(vertices.shape=(916, 3), faces.shape=(856, 3))> using `load_obj` in 0.0029s
2024-10-19 00:31:48,464 DEBUG loaded <trimesh.Trimesh(vertices.shape=(48, 3), faces.shape=(28, 3))> using `load_obj` in 0.0007s
2024-10-19 00:32:19,812 INFO =====> Epoch: 18
2024-10-19 00:32:19,812 INFO =====> Loss info: {'particle_has_naninf': False, 'height_map_loss': 32.03746032714844, 'emd_loss': 35.91851806640625, 'total_loss': 32.03746032714844}
2024-10-19 00:32:19,812 INFO =====> Param: E: [770529.6], nu: [0.27235726], rho: [2085.366], sand_angle: [26.017498]
2024-10-19 00:32:19,812 INFO =====> Grad: [-2.5348784e-03 -2.1503166e+04 -4.8526527e+01 -3.3313239e+02]
2024-10-19 00:32:19,812 INFO =====> Num. aborted data so far: 0
2024-10-19 00:32:20,121 INFO ===> New TaichiEnv created.
2024-10-19 00:32:20,122 INFO ===> Specifications: horizon = 311, dt = 0.01, n_substeps = 20, dt_sub = 0.0005
2024-10-19 00:32:20,143 DEBUG loaded <trimesh.Trimesh(vertices.shape=(916, 3), faces.shape=(856, 3))> using `load_obj` in 0.0028s
2024-10-19 00:32:20,287 DEBUG loaded <trimesh.Trimesh(vertices.shape=(48, 3), faces.shape=(28, 3))> using `load_obj` in 0.0007s
2024-10-19 00:32:51,312 INFO =====> Epoch: 19
2024-10-19 00:32:51,312 INFO =====> Loss info: {'particle_has_naninf': False, 'height_map_loss': 32.37346649169922, 'emd_loss': 36.16591262817383, 'total_loss': 32.37346649169922}
2024-10-19 00:32:51,312 INFO =====> Param: E: [747724.75], nu: [0.2663592], rho: [2111.9177], sand_angle: [25.558798]
2024-10-19 00:32:51,312 INFO =====> Grad: [ 4.7511403e-03  8.4504414e+03 -1.2835089e+01  1.6446503e+02]
2024-10-19 00:32:51,312 INFO =====> Num. aborted data so far: 0
2024-10-19 00:32:51,625 INFO ===> New TaichiEnv created.
2024-10-19 00:32:51,626 INFO ===> Specifications: horizon = 311, dt = 0.01, n_substeps = 20, dt_sub = 0.0005
2024-10-19 00:32:51,649 DEBUG loaded <trimesh.Trimesh(vertices.shape=(916, 3), faces.shape=(856, 3))> using `load_obj` in 0.0029s
2024-10-19 00:32:51,802 DEBUG loaded <trimesh.Trimesh(vertices.shape=(48, 3), faces.shape=(28, 3))> using `load_obj` in 0.0007s
2024-10-19 00:33:22,770 INFO =====> Epoch: 20
2024-10-19 00:33:22,770 INFO =====> Loss info: {'particle_has_naninf': False, 'height_map_loss': 32.29164505004883, 'emd_loss': 36.104923248291016, 'total_loss': 32.29164505004883}
2024-10-19 00:33:22,770 INFO =====> Param: E: [719104.25], nu: [0.254643], rho: [2038.9103], sand_angle: [25.579798]
2024-10-19 00:33:22,770 INFO =====> Grad: [ 6.3434592e-03  1.6859395e+04  3.7745487e+01 -7.1434922e+00]
2024-10-19 00:33:22,771 INFO =====> Num. aborted data so far: 0
2024-10-19 00:33:23,076 INFO ===> New TaichiEnv created.
2024-10-19 00:33:23,076 INFO ===> Specifications: horizon = 311, dt = 0.01, n_substeps = 20, dt_sub = 0.0005
2024-10-19 00:33:23,103 DEBUG loaded <trimesh.Trimesh(vertices.shape=(916, 3), faces.shape=(856, 3))> using `load_obj` in 0.0039s
2024-10-19 00:33:23,293 DEBUG loaded <trimesh.Trimesh(vertices.shape=(48, 3), faces.shape=(28, 3))> using `load_obj` in 0.0008s
2024-10-19 00:33:55,347 INFO =====> Epoch: 21
2024-10-19 00:33:55,347 INFO =====> Loss info: {'particle_has_naninf': False, 'height_map_loss': 32.34214401245117, 'emd_loss': 36.132781982421875, 'total_loss': 32.34214401245117}
2024-10-19 00:33:55,347 INFO =====> Param: E: [684042.9], nu: [0.23830774], rho: [2011.6494], sand_angle: [24.83633]
2024-10-19 00:33:55,347 INFO =====> Grad: [8.8579925e-03 2.6043648e+04 1.3574122e+01 2.4683459e+02]
2024-10-19 00:33:55,347 INFO =====> Num. aborted data so far: 0
2024-10-19 00:33:55,655 INFO ===> New TaichiEnv created.
2024-10-19 00:33:55,655 INFO ===> Specifications: horizon = 311, dt = 0.01, n_substeps = 20, dt_sub = 0.0005
2024-10-19 00:33:55,677 DEBUG loaded <trimesh.Trimesh(vertices.shape=(916, 3), faces.shape=(856, 3))> using `load_obj` in 0.0028s
2024-10-19 00:33:55,827 DEBUG loaded <trimesh.Trimesh(vertices.shape=(48, 3), faces.shape=(28, 3))> using `load_obj` in 0.0007s
2024-10-19 00:34:27,183 INFO =====> Epoch: 22
2024-10-19 00:34:27,183 INFO =====> Loss info: {'particle_has_naninf': False, 'height_map_loss': 32.05513381958008, 'emd_loss': 36.063621520996094, 'total_loss': 32.05513381958008}
2024-10-19 00:34:27,183 INFO =====> Param: E: [660008.4], nu: [0.22737277], rho: [2005.3191], sand_angle: [24.484892]
2024-10-19 00:34:27,183 INFO =====> Grad: [6.22775452e-03 1.76266152e+04 2.99270725e+00 1.11381386e+02]
2024-10-19 00:34:27,183 INFO =====> Num. aborted data so far: 0
2024-10-19 00:34:27,488 INFO ===> New TaichiEnv created.
2024-10-19 00:34:27,488 INFO ===> Specifications: horizon = 311, dt = 0.01, n_substeps = 20, dt_sub = 0.0005
2024-10-19 00:34:27,510 DEBUG loaded <trimesh.Trimesh(vertices.shape=(916, 3), faces.shape=(856, 3))> using `load_obj` in 0.0028s
2024-10-19 00:34:27,653 DEBUG loaded <trimesh.Trimesh(vertices.shape=(48, 3), faces.shape=(28, 3))> using `load_obj` in 0.0007s
2024-10-19 00:34:58,667 INFO =====> Epoch: 23
2024-10-19 00:34:58,668 INFO =====> Loss info: {'particle_has_naninf': False, 'height_map_loss': 32.020301818847656, 'emd_loss': 35.869102478027344, 'total_loss': 32.020301818847656}
2024-10-19 00:34:58,668 INFO =====> Param: E: [651668.9], nu: [0.22621709], rho: [2036.9805], sand_angle: [24.491484]
2024-10-19 00:34:58,668 INFO =====> Grad: [ 2.0680702e-03  1.7684753e+03 -1.4493680e+01 -1.9819127e+00]
2024-10-19 00:34:58,668 INFO =====> Num. aborted data so far: 0
2024-10-19 00:34:59,054 INFO ===> New TaichiEnv created.
2024-10-19 00:34:59,054 INFO ===> Specifications: horizon = 311, dt = 0.01, n_substeps = 20, dt_sub = 0.0005
2024-10-19 00:34:59,083 DEBUG loaded <trimesh.Trimesh(vertices.shape=(916, 3), faces.shape=(856, 3))> using `load_obj` in 0.0039s
2024-10-19 00:34:59,279 DEBUG loaded <trimesh.Trimesh(vertices.shape=(48, 3), faces.shape=(28, 3))> using `load_obj` in 0.0009s
2024-10-19 00:35:30,338 INFO =====> Epoch: 24
2024-10-19 00:35:30,338 INFO =====> Loss info: {'particle_has_naninf': False, 'height_map_loss': 32.015621185302734, 'emd_loss': 35.92042922973633, 'total_loss': 32.015621185302734}
2024-10-19 00:35:30,338 INFO =====> Param: E: [629981.8], nu: [0.21213755], rho: [2043.9948], sand_angle: [24.046494]
2024-10-19 00:35:30,338 INFO =====> Grad: [ 5.4313801e-03  2.2826961e+04 -3.0491643e+00  1.2820355e+02]
2024-10-19 00:35:30,338 INFO =====> Num. aborted data so far: 0
2024-10-19 00:35:30,649 INFO ===> New TaichiEnv created.
2024-10-19 00:35:30,649 INFO ===> Specifications: horizon = 311, dt = 0.01, n_substeps = 20, dt_sub = 0.0005
2024-10-19 00:35:30,671 DEBUG loaded <trimesh.Trimesh(vertices.shape=(916, 3), faces.shape=(856, 3))> using `load_obj` in 0.0028s
2024-10-19 00:35:30,814 DEBUG loaded <trimesh.Trimesh(vertices.shape=(48, 3), faces.shape=(28, 3))> using `load_obj` in 0.0007s
2024-10-19 00:36:01,839 INFO =====> Epoch: 25
2024-10-19 00:36:01,840 INFO =====> Loss info: {'particle_has_naninf': False, 'height_map_loss': 31.91065788269043, 'emd_loss': 36.01763153076172, 'total_loss': 31.91065788269043}
2024-10-19 00:36:01,841 INFO =====> Param: E: [658531.56], nu: [0.21330407], rho: [2076.1948], sand_angle: [24.872175]
2024-10-19 00:36:01,841 INFO =====> Grad: [-7.6017836e-03 -1.7954353e+03 -1.3563615e+01 -2.3378494e+02]
2024-10-19 00:36:01,841 INFO =====> Num. aborted data so far: 0
2024-10-19 00:36:02,145 INFO ===> New TaichiEnv created.
2024-10-19 00:36:02,145 INFO ===> Specifications: horizon = 311, dt = 0.01, n_substeps = 20, dt_sub = 0.0005
2024-10-19 00:36:02,167 DEBUG loaded <trimesh.Trimesh(vertices.shape=(916, 3), faces.shape=(856, 3))> using `load_obj` in 0.0028s
2024-10-19 00:36:02,306 DEBUG loaded <trimesh.Trimesh(vertices.shape=(48, 3), faces.shape=(28, 3))> using `load_obj` in 0.0007s
2024-10-19 00:36:33,321 INFO =====> Epoch: 26
2024-10-19 00:36:33,322 INFO =====> Loss info: {'particle_has_naninf': False, 'height_map_loss': 32.10206985473633, 'emd_loss': 36.19706344604492, 'total_loss': 32.10206985473633}
2024-10-19 00:36:33,322 INFO =====> Param: E: [631860.6], nu: [0.2050925], rho: [1989.6339], sand_angle: [23.655363]
2024-10-19 00:36:33,322 INFO =====> Grad: [7.4300775e-03 1.2416053e+04 4.1335415e+01 3.5411597e+02]
2024-10-19 00:36:33,322 INFO =====> Num. aborted data so far: 0
2024-10-19 00:36:33,691 INFO ===> New TaichiEnv created.
2024-10-19 00:36:33,691 INFO ===> Specifications: horizon = 311, dt = 0.01, n_substeps = 20, dt_sub = 0.0005
2024-10-19 00:36:33,714 DEBUG loaded <trimesh.Trimesh(vertices.shape=(916, 3), faces.shape=(856, 3))> using `load_obj` in 0.0029s
2024-10-19 00:36:33,888 DEBUG loaded <trimesh.Trimesh(vertices.shape=(48, 3), faces.shape=(28, 3))> using `load_obj` in 0.0007s
2024-10-19 00:37:05,127 INFO =====> Epoch: 27
2024-10-19 00:37:05,127 INFO =====> Loss info: {'particle_has_naninf': False, 'height_map_loss': 31.8374080657959, 'emd_loss': 35.93408203125, 'total_loss': 31.8374080657959}
2024-10-19 00:37:05,127 INFO =====> Param: E: [603111.56], nu: [0.19478874], rho: [1894.26], sand_angle: [22.68106]
2024-10-19 00:37:05,127 INFO =====> Grad: [8.5302377e-03 1.5633139e+04 5.4171436e+01 2.8274463e+02]
2024-10-19 00:37:05,127 INFO =====> Num. aborted data so far: 0
2024-10-19 00:37:05,428 INFO ===> New TaichiEnv created.
2024-10-19 00:37:05,429 INFO ===> Specifications: horizon = 311, dt = 0.01, n_substeps = 20, dt_sub = 0.0005
2024-10-19 00:37:05,450 DEBUG loaded <trimesh.Trimesh(vertices.shape=(916, 3), faces.shape=(856, 3))> using `load_obj` in 0.0028s
2024-10-19 00:37:05,595 DEBUG loaded <trimesh.Trimesh(vertices.shape=(48, 3), faces.shape=(28, 3))> using `load_obj` in 0.0007s
2024-10-19 00:37:37,019 INFO =====> Epoch: 28
2024-10-19 00:37:37,019 INFO =====> Loss info: {'particle_has_naninf': False, 'height_map_loss': 31.556743621826172, 'emd_loss': 35.61850357055664, 'total_loss': 31.556743621826172}
2024-10-19 00:37:37,019 INFO =====> Param: E: [576898.6], nu: [0.18448307], rho: [1841.5132], sand_angle: [22.449028]
2024-10-19 00:37:37,019 INFO =====> Grad: [8.1077674e-03 1.5690234e+04 3.0149397e+01 6.4053726e+01]
2024-10-19 00:37:37,019 INFO =====> Num. aborted data so far: 0
2024-10-19 00:37:37,333 INFO ===> New TaichiEnv created.
2024-10-19 00:37:37,333 INFO ===> Specifications: horizon = 311, dt = 0.01, n_substeps = 20, dt_sub = 0.0005
2024-10-19 00:37:37,355 DEBUG loaded <trimesh.Trimesh(vertices.shape=(916, 3), faces.shape=(856, 3))> using `load_obj` in 0.0028s
2024-10-19 00:37:37,499 DEBUG loaded <trimesh.Trimesh(vertices.shape=(48, 3), faces.shape=(28, 3))> using `load_obj` in 0.0007s
2024-10-19 00:38:08,106 INFO =====> Epoch: 29
2024-10-19 00:38:08,106 INFO =====> Loss info: {'particle_has_naninf': False, 'height_map_loss': 31.456663131713867, 'emd_loss': 35.569156646728516, 'total_loss': 31.456663131713867}
2024-10-19 00:38:08,106 INFO =====> Param: E: [575065.5], nu: [0.18567811], rho: [1855.9581], sand_angle: [20.228542]
2024-10-19 00:38:08,106 INFO =====> Grad: [ 5.3811894e-04 -1.7273080e+03 -7.8657088e+00  8.1674011e+02]
2024-10-19 00:38:08,106 INFO =====> Num. aborted data so far: 0
2024-10-19 00:38:08,436 INFO ===> New TaichiEnv created.
2024-10-19 00:38:08,436 INFO ===> Specifications: horizon = 311, dt = 0.01, n_substeps = 20, dt_sub = 0.0005
2024-10-19 00:38:08,460 DEBUG loaded <trimesh.Trimesh(vertices.shape=(916, 3), faces.shape=(856, 3))> using `load_obj` in 0.0029s
2024-10-19 00:38:08,611 DEBUG loaded <trimesh.Trimesh(vertices.shape=(48, 3), faces.shape=(28, 3))> using `load_obj` in 0.0008s
2024-10-19 00:38:39,671 INFO =====> Epoch: 30
2024-10-19 00:38:39,672 INFO =====> Loss info: {'particle_has_naninf': False, 'height_map_loss': 31.047517776489258, 'emd_loss': 35.674354553222656, 'total_loss': 31.047517776489258}
2024-10-19 00:38:39,672 INFO =====> Param: E: [610831.9], nu: [0.19735523], rho: [1845.3094], sand_angle: [21.551426]
2024-10-19 00:38:39,672 INFO =====> Grad: [-1.2077316e-02 -1.7229557e+04  5.5134897e+00 -5.0822006e+02]
2024-10-19 00:38:39,672 INFO =====> Num. aborted data so far: 0
2024-10-19 00:38:39,992 INFO ===> New TaichiEnv created.
2024-10-19 00:38:39,992 INFO ===> Specifications: horizon = 311, dt = 0.01, n_substeps = 20, dt_sub = 0.0005
2024-10-19 00:38:40,014 DEBUG loaded <trimesh.Trimesh(vertices.shape=(916, 3), faces.shape=(856, 3))> using `load_obj` in 0.0029s
2024-10-19 00:38:40,160 DEBUG loaded <trimesh.Trimesh(vertices.shape=(48, 3), faces.shape=(28, 3))> using `load_obj` in 0.0007s
2024-10-19 00:39:12,272 INFO =====> Epoch: 31
2024-10-19 00:39:12,272 INFO =====> Loss info: {'particle_has_naninf': False, 'height_map_loss': 31.170957565307617, 'emd_loss': 35.66191864013672, 'total_loss': 31.170957565307617}
2024-10-19 00:39:12,272 INFO =====> Param: E: [600134.4], nu: [0.19268659], rho: [1791.3171], sand_angle: [20.815598]
2024-10-19 00:39:12,272 INFO =====> Grad: [3.4769701e-03 6.6074585e+03 2.8216791e+01 2.7575031e+02]
2024-10-19 00:39:12,272 INFO =====> Num. aborted data so far: 0
2024-10-19 00:39:12,580 INFO ===> New TaichiEnv created.
2024-10-19 00:39:12,580 INFO ===> Specifications: horizon = 311, dt = 0.01, n_substeps = 20, dt_sub = 0.0005
2024-10-19 00:39:12,602 DEBUG loaded <trimesh.Trimesh(vertices.shape=(916, 3), faces.shape=(856, 3))> using `load_obj` in 0.0028s
2024-10-19 00:39:12,744 DEBUG loaded <trimesh.Trimesh(vertices.shape=(48, 3), faces.shape=(28, 3))> using `load_obj` in 0.0007s
2024-10-19 00:39:43,586 INFO =====> Epoch: 32
2024-10-19 00:39:43,586 INFO =====> Loss info: {'particle_has_naninf': False, 'height_map_loss': 31.065149307250977, 'emd_loss': 35.723854064941406, 'total_loss': 31.065149307250977}
2024-10-19 00:39:43,586 INFO =====> Param: E: [589847.2], nu: [0.18446118], rho: [1870.8685], sand_angle: [21.11027]
2024-10-19 00:39:43,586 INFO =====> Grad: [ 3.2148531e-03  1.1437618e+04 -4.5637791e+01 -1.0521881e+02]
2024-10-19 00:39:43,586 INFO =====> Num. aborted data so far: 0
2024-10-19 00:39:43,911 INFO ===> New TaichiEnv created.
2024-10-19 00:39:43,911 INFO ===> Specifications: horizon = 311, dt = 0.01, n_substeps = 20, dt_sub = 0.0005
2024-10-19 00:39:43,935 DEBUG loaded <trimesh.Trimesh(vertices.shape=(916, 3), faces.shape=(856, 3))> using `load_obj` in 0.0028s
2024-10-19 00:39:44,088 DEBUG loaded <trimesh.Trimesh(vertices.shape=(48, 3), faces.shape=(28, 3))> using `load_obj` in 0.0007s
2024-10-19 00:40:15,285 INFO =====> Epoch: 33
2024-10-19 00:40:15,286 INFO =====> Loss info: {'particle_has_naninf': False, 'height_map_loss': 31.30003547668457, 'emd_loss': 35.769832611083984, 'total_loss': 31.30003547668457}
2024-10-19 00:40:15,286 INFO =====> Param: E: [607816.6], nu: [0.19168238], rho: [1923.8538], sand_angle: [20.19618]
2024-10-19 00:40:15,286 INFO =====> Grad: [-5.5564372e-03 -9.7845059e+03 -3.0606869e+01  3.2345288e+02]
2024-10-19 00:40:15,286 INFO =====> Num. aborted data so far: 0
2024-10-19 00:40:15,623 INFO ===> New TaichiEnv created.
2024-10-19 00:40:15,623 INFO ===> Specifications: horizon = 311, dt = 0.01, n_substeps = 20, dt_sub = 0.0005
2024-10-19 00:40:15,645 DEBUG loaded <trimesh.Trimesh(vertices.shape=(916, 3), faces.shape=(856, 3))> using `load_obj` in 0.0029s
2024-10-19 00:40:15,793 DEBUG loaded <trimesh.Trimesh(vertices.shape=(48, 3), faces.shape=(28, 3))> using `load_obj` in 0.0007s
2024-10-19 00:40:46,973 INFO =====> Epoch: 34
2024-10-19 00:40:46,973 INFO =====> Loss info: {'particle_has_naninf': False, 'height_map_loss': 31.025390625, 'emd_loss': 35.64700698852539, 'total_loss': 31.025390625}
2024-10-19 00:40:46,974 INFO =====> Param: E: [566757.8], nu: [0.1732584], rho: [1832.4657], sand_angle: [19.151512]
2024-10-19 00:40:46,974 INFO =====> Grad: [1.5835144e-02 2.9139277e+04 6.1370705e+01 3.7154901e+02]
2024-10-19 00:40:46,974 INFO =====> Num. aborted data so far: 0
2024-10-19 00:40:47,282 INFO ===> New TaichiEnv created.
2024-10-19 00:40:47,283 INFO ===> Specifications: horizon = 311, dt = 0.01, n_substeps = 20, dt_sub = 0.0005
2024-10-19 00:40:47,305 DEBUG loaded <trimesh.Trimesh(vertices.shape=(916, 3), faces.shape=(856, 3))> using `load_obj` in 0.0028s
2024-10-19 00:40:47,444 DEBUG loaded <trimesh.Trimesh(vertices.shape=(48, 3), faces.shape=(28, 3))> using `load_obj` in 0.0007s
2024-10-19 00:41:18,850 INFO =====> Epoch: 35
2024-10-19 00:41:18,850 INFO =====> Loss info: {'particle_has_naninf': False, 'height_map_loss': 31.09672737121582, 'emd_loss': 35.77486801147461, 'total_loss': 31.09672737121582}
2024-10-19 00:41:18,851 INFO =====> Param: E: [563578.4], nu: [0.17471774], rho: [1841.3546], sand_angle: [20.632364]
2024-10-19 00:41:18,851 INFO =====> Grad: [ 1.1647517e-03 -2.1919895e+03 -5.6718812e+00 -5.6549207e+02]
2024-10-19 00:41:18,851 INFO =====> Num. aborted data so far: 0
2024-10-19 00:41:19,248 INFO ===> New TaichiEnv created.
2024-10-19 00:41:19,248 INFO ===> Specifications: horizon = 311, dt = 0.01, n_substeps = 20, dt_sub = 0.0005
2024-10-19 00:41:19,271 DEBUG loaded <trimesh.Trimesh(vertices.shape=(916, 3), faces.shape=(856, 3))> using `load_obj` in 0.0030s
2024-10-19 00:41:19,426 DEBUG loaded <trimesh.Trimesh(vertices.shape=(48, 3), faces.shape=(28, 3))> using `load_obj` in 0.0007s
2024-10-19 00:41:50,755 INFO =====> Epoch: 36
2024-10-19 00:41:50,755 INFO =====> Loss info: {'particle_has_naninf': False, 'height_map_loss': 31.124610900878906, 'emd_loss': 35.949851989746094, 'total_loss': 31.124610900878906}
2024-10-19 00:41:50,755 INFO =====> Param: E: [563984.5], nu: [0.17307165], rho: [1838.1136], sand_angle: [21.235048]
2024-10-19 00:41:50,755 INFO =====> Grad: [-1.4114464e-04  2.3487734e+03  1.9623309e+00 -2.2241310e+02]
2024-10-19 00:41:50,755 INFO =====> Num. aborted data so far: 0
2024-10-19 00:41:51,075 INFO ===> New TaichiEnv created.
2024-10-19 00:41:51,076 INFO ===> Specifications: horizon = 311, dt = 0.01, n_substeps = 20, dt_sub = 0.0005
2024-10-19 00:41:51,098 DEBUG loaded <trimesh.Trimesh(vertices.shape=(916, 3), faces.shape=(856, 3))> using `load_obj` in 0.0030s
2024-10-19 00:41:51,251 DEBUG loaded <trimesh.Trimesh(vertices.shape=(48, 3), faces.shape=(28, 3))> using `load_obj` in 0.0007s
2024-10-19 00:42:22,517 INFO =====> Epoch: 37
2024-10-19 00:42:22,518 INFO =====> Loss info: {'particle_has_naninf': False, 'height_map_loss': 31.281728744506836, 'emd_loss': 35.807884216308594, 'total_loss': 31.281728744506836}
2024-10-19 00:42:22,518 INFO =====> Param: E: [572687.4], nu: [0.1707061], rho: [1785.2524], sand_angle: [20.009033]
2024-10-19 00:42:22,518 INFO =====> Grad: [-2.8970151e-03  3.2111760e+03  3.2217255e+01  4.6564749e+02]
2024-10-19 00:42:22,518 INFO =====> Num. aborted data so far: 0
2024-10-19 00:42:22,827 INFO ===> New TaichiEnv created.
2024-10-19 00:42:22,827 INFO ===> Specifications: horizon = 311, dt = 0.01, n_substeps = 20, dt_sub = 0.0005
2024-10-19 00:42:22,849 DEBUG loaded <trimesh.Trimesh(vertices.shape=(916, 3), faces.shape=(856, 3))> using `load_obj` in 0.0028s
2024-10-19 00:42:22,988 DEBUG loaded <trimesh.Trimesh(vertices.shape=(48, 3), faces.shape=(28, 3))> using `load_obj` in 0.0007s
2024-10-19 00:42:54,611 INFO =====> Epoch: 38
2024-10-19 00:42:54,611 INFO =====> Loss info: {'particle_has_naninf': False, 'height_map_loss': 31.067466735839844, 'emd_loss': 35.75034713745117, 'total_loss': 31.067466735839844}
2024-10-19 00:42:54,612 INFO =====> Param: E: [599085.6], nu: [0.17315246], rho: [1792.4027], sand_angle: [19.918545]
2024-10-19 00:42:54,612 INFO =====> Grad: [-9.1738598e-03 -3.1599250e+03 -4.1384583e+00  3.2618019e+01]
2024-10-19 00:42:54,612 INFO =====> Num. aborted data so far: 0
2024-10-19 00:42:54,925 INFO ===> New TaichiEnv created.
2024-10-19 00:42:54,925 INFO ===> Specifications: horizon = 311, dt = 0.01, n_substeps = 20, dt_sub = 0.0005
2024-10-19 00:42:54,948 DEBUG loaded <trimesh.Trimesh(vertices.shape=(916, 3), faces.shape=(856, 3))> using `load_obj` in 0.0028s
2024-10-19 00:42:55,090 DEBUG loaded <trimesh.Trimesh(vertices.shape=(48, 3), faces.shape=(28, 3))> using `load_obj` in 0.0007s
2024-10-19 00:43:26,200 INFO =====> Epoch: 39
2024-10-19 00:43:26,200 INFO =====> Loss info: {'particle_has_naninf': False, 'height_map_loss': 31.070871353149414, 'emd_loss': 35.64625930786133, 'total_loss': 31.070871353149414}
2024-10-19 00:43:26,200 INFO =====> Param: E: [566828.9], nu: [0.15658255], rho: [1791.6868], sand_angle: [17.934721]
2024-10-19 00:43:26,201 INFO =====> Grad: [1.2363464e-02 2.3839418e+04 3.9313230e-01 8.7114313e+02]
2024-10-19 00:43:26,201 INFO =====> Num. aborted data so far: 0
2024-10-19 00:43:26,524 INFO ===> New TaichiEnv created.
2024-10-19 00:43:26,524 INFO ===> Specifications: horizon = 311, dt = 0.01, n_substeps = 20, dt_sub = 0.0005
2024-10-19 00:43:26,547 DEBUG loaded <trimesh.Trimesh(vertices.shape=(916, 3), faces.shape=(856, 3))> using `load_obj` in 0.0029s
2024-10-19 00:43:26,699 DEBUG loaded <trimesh.Trimesh(vertices.shape=(48, 3), faces.shape=(28, 3))> using `load_obj` in 0.0007s
2024-10-19 00:43:58,067 INFO =====> Epoch: 40
2024-10-19 00:43:58,067 INFO =====> Loss info: {'particle_has_naninf': False, 'height_map_loss': 30.754892349243164, 'emd_loss': 35.815059661865234, 'total_loss': 30.754892349243164}
2024-10-19 00:43:58,067 INFO =====> Param: E: [560517.], nu: [0.15494083], rho: [1831.012], sand_angle: [17.98502]
2024-10-19 00:43:58,067 INFO =====> Grad: [ 2.3066010e-03  2.2437839e+03 -2.1149582e+01 -2.0956217e+01]
2024-10-19 00:43:58,067 INFO =====> Num. aborted data so far: 0
2024-10-19 00:43:58,381 INFO ===> New TaichiEnv created.
2024-10-19 00:43:58,382 INFO ===> Specifications: horizon = 311, dt = 0.01, n_substeps = 20, dt_sub = 0.0005
2024-10-19 00:43:58,404 DEBUG loaded <trimesh.Trimesh(vertices.shape=(916, 3), faces.shape=(856, 3))> using `load_obj` in 0.0028s
2024-10-19 00:43:58,548 DEBUG loaded <trimesh.Trimesh(vertices.shape=(48, 3), faces.shape=(28, 3))> using `load_obj` in 0.0007s
2024-10-19 00:44:30,672 INFO =====> Epoch: 41
2024-10-19 00:44:30,672 INFO =====> Loss info: {'particle_has_naninf': False, 'height_map_loss': 30.788286209106445, 'emd_loss': 35.850311279296875, 'total_loss': 30.788286209106445}
2024-10-19 00:44:30,672 INFO =====> Param: E: [536845.75], nu: [0.14415404], rho: [1769.1864], sand_angle: [16.281136]
2024-10-19 00:44:30,672 INFO =====> Grad: [8.8497009e-03 1.4878422e+04 3.4272957e+01 7.9945331e+02]
2024-10-19 00:44:30,672 INFO =====> Num. aborted data so far: 0
2024-10-19 00:44:30,988 INFO ===> New TaichiEnv created.
2024-10-19 00:44:30,988 INFO ===> Specifications: horizon = 311, dt = 0.01, n_substeps = 20, dt_sub = 0.0005
2024-10-19 00:44:31,010 DEBUG loaded <trimesh.Trimesh(vertices.shape=(916, 3), faces.shape=(856, 3))> using `load_obj` in 0.0028s
2024-10-19 00:44:31,152 DEBUG loaded <trimesh.Trimesh(vertices.shape=(48, 3), faces.shape=(28, 3))> using `load_obj` in 0.0007s
2024-10-19 00:45:02,100 INFO =====> Epoch: 42
2024-10-19 00:45:02,100 INFO =====> Loss info: {'particle_has_naninf': False, 'height_map_loss': 30.847023010253906, 'emd_loss': 35.86580276489258, 'total_loss': 30.847023010253906}
2024-10-19 00:45:02,100 INFO =====> Param: E: [559660.75], nu: [0.15615126], rho: [1781.8563], sand_angle: [18.000786]
2024-10-19 00:45:02,100 INFO =====> Grad: [-8.6760568e-03 -1.6967318e+04 -6.6846528e+00 -9.1209900e+02]
2024-10-19 00:45:02,100 INFO =====> Num. aborted data so far: 0
2024-10-19 00:45:02,429 INFO ===> New TaichiEnv created.
2024-10-19 00:45:02,429 INFO ===> Specifications: horizon = 311, dt = 0.01, n_substeps = 20, dt_sub = 0.0005
2024-10-19 00:45:02,452 DEBUG loaded <trimesh.Trimesh(vertices.shape=(916, 3), faces.shape=(856, 3))> using `load_obj` in 0.0028s
2024-10-19 00:45:02,603 DEBUG loaded <trimesh.Trimesh(vertices.shape=(48, 3), faces.shape=(28, 3))> using `load_obj` in 0.0007s
2024-10-19 00:45:34,204 INFO =====> Epoch: 43
2024-10-19 00:45:34,204 INFO =====> Loss info: {'particle_has_naninf': False, 'height_map_loss': 30.721982955932617, 'emd_loss': 35.764949798583984, 'total_loss': 30.721982955932617}
2024-10-19 00:45:34,204 INFO =====> Param: E: [577037.5], nu: [0.16610473], rho: [1782.5209], sand_angle: [18.586994]
2024-10-19 00:45:34,205 INFO =====> Grad: [-6.5198252e-03 -1.4069650e+04 -3.3262283e-01 -3.0017108e+02]
2024-10-19 00:45:34,205 INFO =====> Num. aborted data so far: 0
2024-10-19 00:45:34,579 INFO ===> New TaichiEnv created.
2024-10-19 00:45:34,580 INFO ===> Specifications: horizon = 311, dt = 0.01, n_substeps = 20, dt_sub = 0.0005
2024-10-19 00:45:34,602 DEBUG loaded <trimesh.Trimesh(vertices.shape=(916, 3), faces.shape=(856, 3))> using `load_obj` in 0.0028s
2024-10-19 00:45:34,748 DEBUG loaded <trimesh.Trimesh(vertices.shape=(48, 3), faces.shape=(28, 3))> using `load_obj` in 0.0007s
2024-10-19 00:46:06,524 INFO =====> Epoch: 44
2024-10-19 00:46:06,524 INFO =====> Loss info: {'particle_has_naninf': False, 'height_map_loss': 30.912975311279297, 'emd_loss': 35.734352111816406, 'total_loss': 30.912975311279297}
2024-10-19 00:46:06,524 INFO =====> Param: E: [559096.44], nu: [0.16034088], rho: [1806.0964], sand_angle: [18.458134]
2024-10-19 00:46:06,524 INFO =====> Grad: [ 6.6596698e-03  7.8610459e+03 -1.1321239e+01  6.2649757e+01]
2024-10-19 00:46:06,524 INFO =====> Num. aborted data so far: 0
2024-10-19 00:46:06,850 INFO ===> New TaichiEnv created.
2024-10-19 00:46:06,850 INFO ===> Specifications: horizon = 311, dt = 0.01, n_substeps = 20, dt_sub = 0.0005
2024-10-19 00:46:06,872 DEBUG loaded <trimesh.Trimesh(vertices.shape=(916, 3), faces.shape=(856, 3))> using `load_obj` in 0.0028s
2024-10-19 00:46:07,017 DEBUG loaded <trimesh.Trimesh(vertices.shape=(48, 3), faces.shape=(28, 3))> using `load_obj` in 0.0007s
2024-10-19 00:46:39,380 INFO =====> Epoch: 45
2024-10-19 00:46:39,380 INFO =====> Loss info: {'particle_has_naninf': False, 'height_map_loss': 30.894067764282227, 'emd_loss': 35.74562454223633, 'total_loss': 30.894067764282227}
2024-10-19 00:46:39,380 INFO =====> Param: E: [570924.56], nu: [0.16859609], rho: [1811.7108], sand_angle: [19.508327]
2024-10-19 00:46:39,381 INFO =====> Grad: [-4.2400672e-03 -1.1064776e+04 -2.5593281e+00 -5.1352863e+02]
2024-10-19 00:46:39,381 INFO =====> Num. aborted data so far: 0
2024-10-19 00:46:39,702 INFO ===> New TaichiEnv created.
2024-10-19 00:46:39,702 INFO ===> Specifications: horizon = 311, dt = 0.01, n_substeps = 20, dt_sub = 0.0005
2024-10-19 00:46:39,725 DEBUG loaded <trimesh.Trimesh(vertices.shape=(916, 3), faces.shape=(856, 3))> using `load_obj` in 0.0029s
2024-10-19 00:46:39,876 DEBUG loaded <trimesh.Trimesh(vertices.shape=(48, 3), faces.shape=(28, 3))> using `load_obj` in 0.0007s
2024-10-19 00:47:11,097 INFO =====> Epoch: 46
2024-10-19 00:47:11,097 INFO =====> Loss info: {'particle_has_naninf': False, 'height_map_loss': 31.14019012451172, 'emd_loss': 35.790260314941406, 'total_loss': 31.14019012451172}
2024-10-19 00:47:11,097 INFO =====> Param: E: [619516.7], nu: [0.19238584], rho: [1822.7229], sand_angle: [21.707232]
2024-10-19 00:47:11,098 INFO =====> Grad: [-2.5817331e-02 -4.5915207e+04 -4.7738805e+00 -1.4193687e+03]
2024-10-19 00:47:11,098 INFO =====> Num. aborted data so far: 0
2024-10-19 00:47:11,435 INFO ===> New TaichiEnv created.
2024-10-19 00:47:11,436 INFO ===> Specifications: horizon = 311, dt = 0.01, n_substeps = 20, dt_sub = 0.0005
2024-10-19 00:47:11,458 DEBUG loaded <trimesh.Trimesh(vertices.shape=(916, 3), faces.shape=(856, 3))> using `load_obj` in 0.0029s
2024-10-19 00:47:11,604 DEBUG loaded <trimesh.Trimesh(vertices.shape=(48, 3), faces.shape=(28, 3))> using `load_obj` in 0.0007s
2024-10-19 00:47:42,566 INFO =====> Epoch: 47
2024-10-19 00:47:42,566 INFO =====> Loss info: {'particle_has_naninf': False, 'height_map_loss': 31.222408294677734, 'emd_loss': 35.53900909423828, 'total_loss': 31.222408294677734}
2024-10-19 00:47:42,567 INFO =====> Param: E: [641401.9], nu: [0.20022535], rho: [1854.5717], sand_angle: [23.105295]
2024-10-19 00:47:42,567 INFO =====> Grad: [-1.1757394e-02 -1.4816653e+04 -1.3372469e+01 -9.5447174e+02]
2024-10-19 00:47:42,567 INFO =====> Num. aborted data so far: 0
2024-10-19 00:47:42,891 INFO ===> New TaichiEnv created.
2024-10-19 00:47:42,891 INFO ===> Specifications: horizon = 311, dt = 0.01, n_substeps = 20, dt_sub = 0.0005
2024-10-19 00:47:42,913 DEBUG loaded <trimesh.Trimesh(vertices.shape=(916, 3), faces.shape=(856, 3))> using `load_obj` in 0.0029s
2024-10-19 00:47:43,061 DEBUG loaded <trimesh.Trimesh(vertices.shape=(48, 3), faces.shape=(28, 3))> using `load_obj` in 0.0007s
2024-10-19 00:48:15,464 INFO =====> Epoch: 48
2024-10-19 00:48:15,464 INFO =====> Loss info: {'particle_has_naninf': False, 'height_map_loss': 31.650493621826172, 'emd_loss': 35.61677169799805, 'total_loss': 31.650493621826172}
2024-10-19 00:48:15,466 INFO =====> Param: E: [639212.5], nu: [0.20413697], rho: [1887.4181], sand_angle: [23.69822]
2024-10-19 00:48:15,466 INFO =====> Grad: [ 1.1165101e-03 -7.0678340e+03 -1.3375429e+01 -3.9095609e+02]
2024-10-19 00:48:15,466 INFO =====> Num. aborted data so far: 0
2024-10-19 00:48:15,784 INFO ===> New TaichiEnv created.
2024-10-19 00:48:15,784 INFO ===> Specifications: horizon = 311, dt = 0.01, n_substeps = 20, dt_sub = 0.0005
2024-10-19 00:48:15,807 DEBUG loaded <trimesh.Trimesh(vertices.shape=(916, 3), faces.shape=(856, 3))> using `load_obj` in 0.0028s
2024-10-19 00:48:15,949 DEBUG loaded <trimesh.Trimesh(vertices.shape=(48, 3), faces.shape=(28, 3))> using `load_obj` in 0.0007s
2024-10-19 00:48:46,819 INFO =====> Epoch: 49
2024-10-19 00:48:46,819 INFO =====> Loss info: {'particle_has_naninf': False, 'height_map_loss': 31.820404052734375, 'emd_loss': 35.83367919921875, 'total_loss': 31.820404052734375}
2024-10-19 00:48:46,819 INFO =====> Param: E: [655748.94], nu: [0.21412185], rho: [1906.1172], sand_angle: [23.451275]
2024-10-19 00:48:46,820 INFO =====> Grad: [-8.2886377e-03 -1.8038498e+04 -7.2748151e+00  1.5494443e+02]
2024-10-19 00:48:46,820 INFO =====> Num. aborted data so far: 0
2024-10-19 00:48:47,146 INFO ===> New TaichiEnv created.
2024-10-19 00:48:47,146 INFO ===> Specifications: horizon = 311, dt = 0.01, n_substeps = 20, dt_sub = 0.0005
2024-10-19 00:48:47,168 DEBUG loaded <trimesh.Trimesh(vertices.shape=(916, 3), faces.shape=(856, 3))> using `load_obj` in 0.0029s
2024-10-19 00:48:47,318 DEBUG loaded <trimesh.Trimesh(vertices.shape=(48, 3), faces.shape=(28, 3))> using `load_obj` in 0.0007s
2024-10-19 00:49:18,295 INFO =====> Epoch: 50
2024-10-19 00:49:18,295 INFO =====> Loss info: {'particle_has_naninf': False, 'height_map_loss': 31.735036849975586, 'emd_loss': 35.74825668334961, 'total_loss': 31.735036849975586}
2024-10-19 00:49:18,295 INFO =====> Param: E: [662965.25], nu: [0.2240363], rho: [1911.2375], sand_angle: [23.567965]
2024-10-19 00:49:18,296 INFO =====> Grad: [-3.4540195e-03 -1.7894350e+04 -1.8907957e+00 -6.9507286e+01]
2024-10-19 00:49:18,296 INFO =====> Num. aborted data so far: 0
2024-10-19 00:49:18,655 INFO ===> New TaichiEnv created.
2024-10-19 00:49:18,656 INFO ===> Specifications: horizon = 311, dt = 0.01, n_substeps = 20, dt_sub = 0.0005
2024-10-19 00:49:18,679 DEBUG loaded <trimesh.Trimesh(vertices.shape=(916, 3), faces.shape=(856, 3))> using `load_obj` in 0.0029s
2024-10-19 00:49:18,823 DEBUG loaded <trimesh.Trimesh(vertices.shape=(48, 3), faces.shape=(28, 3))> using `load_obj` in 0.0007s
2024-10-19 00:49:50,219 INFO =====> Epoch: 51
2024-10-19 00:49:50,219 INFO =====> Loss info: {'particle_has_naninf': False, 'height_map_loss': 31.712684631347656, 'emd_loss': 35.77211380004883, 'total_loss': 31.712684631347656}
2024-10-19 00:49:50,220 INFO =====> Param: E: [649801.94], nu: [0.21512221], rho: [1957.252], sand_angle: [24.094547]
2024-10-19 00:49:50,220 INFO =====> Grad: [ 6.1109802e-03  1.5908339e+04 -1.6849264e+01 -3.0177908e+02]
2024-10-19 00:49:50,220 INFO =====> Num. aborted data so far: 0
2024-10-19 00:49:50,539 INFO ===> New TaichiEnv created.
2024-10-19 00:49:50,539 INFO ===> Specifications: horizon = 311, dt = 0.01, n_substeps = 20, dt_sub = 0.0005
2024-10-19 00:49:50,563 DEBUG loaded <trimesh.Trimesh(vertices.shape=(916, 3), faces.shape=(856, 3))> using `load_obj` in 0.0028s
2024-10-19 00:49:50,711 DEBUG loaded <trimesh.Trimesh(vertices.shape=(48, 3), faces.shape=(28, 3))> using `load_obj` in 0.0007s
2024-10-19 00:50:21,681 INFO =====> Epoch: 52
2024-10-19 00:50:21,681 INFO =====> Loss info: {'particle_has_naninf': False, 'height_map_loss': 31.916608810424805, 'emd_loss': 35.923583984375, 'total_loss': 31.916608810424805}
2024-10-19 00:50:21,681 INFO =====> Param: E: [631540.94], nu: [0.20879692], rho: [2022.694], sand_angle: [24.962002]
2024-10-19 00:50:21,682 INFO =====> Grad: [ 8.4002772e-03  1.0929884e+04 -2.4972843e+01 -4.9043127e+02]
2024-10-19 00:50:21,682 INFO =====> Num. aborted data so far: 0
2024-10-19 00:50:22,018 INFO ===> New TaichiEnv created.
2024-10-19 00:50:22,018 INFO ===> Specifications: horizon = 311, dt = 0.01, n_substeps = 20, dt_sub = 0.0005
2024-10-19 00:50:22,042 DEBUG loaded <trimesh.Trimesh(vertices.shape=(916, 3), faces.shape=(856, 3))> using `load_obj` in 0.0029s
2024-10-19 00:50:22,197 DEBUG loaded <trimesh.Trimesh(vertices.shape=(48, 3), faces.shape=(28, 3))> using `load_obj` in 0.0007s
2024-10-19 00:50:53,100 INFO =====> Epoch: 53
2024-10-19 00:50:53,100 INFO =====> Loss info: {'particle_has_naninf': False, 'height_map_loss': 32.120208740234375, 'emd_loss': 36.268836975097656, 'total_loss': 32.120208740234375}
2024-10-19 00:50:53,100 INFO =====> Param: E: [650449.7], nu: [0.21722771], rho: [1995.592], sand_angle: [24.987873]
2024-10-19 00:50:53,100 INFO =====> Grad: [-8.64739809e-03 -1.43395469e+04  9.95880318e+00 -1.38763685e+01]
2024-10-19 00:50:53,100 INFO =====> Num. aborted data so far: 0
2024-10-19 00:50:53,421 INFO ===> New TaichiEnv created.
2024-10-19 00:50:53,421 INFO ===> Specifications: horizon = 311, dt = 0.01, n_substeps = 20, dt_sub = 0.0005
2024-10-19 00:50:53,443 DEBUG loaded <trimesh.Trimesh(vertices.shape=(916, 3), faces.shape=(856, 3))> using `load_obj` in 0.0028s
2024-10-19 00:50:53,586 DEBUG loaded <trimesh.Trimesh(vertices.shape=(48, 3), faces.shape=(28, 3))> using `load_obj` in 0.0007s
2024-10-19 00:51:25,285 INFO =====> Epoch: 54
2024-10-19 00:51:25,285 INFO =====> Loss info: {'particle_has_naninf': False, 'height_map_loss': 32.0837287902832, 'emd_loss': 36.1181640625, 'total_loss': 32.0837287902832}
2024-10-19 00:51:25,285 INFO =====> Param: E: [680591.6], nu: [0.23551865], rho: [2075.1494], sand_angle: [26.922836]
2024-10-19 00:51:25,285 INFO =====> Grad: [-1.4875227e-02 -3.6180012e+04 -3.2092274e+01 -1.2448457e+03]
2024-10-19 00:51:25,285 INFO =====> Num. aborted data so far: 0
2024-10-19 00:51:25,608 INFO ===> New TaichiEnv created.
2024-10-19 00:51:25,608 INFO ===> Specifications: horizon = 311, dt = 0.01, n_substeps = 20, dt_sub = 0.0005
2024-10-19 00:51:25,630 DEBUG loaded <trimesh.Trimesh(vertices.shape=(916, 3), faces.shape=(856, 3))> using `load_obj` in 0.0028s
2024-10-19 00:51:25,777 DEBUG loaded <trimesh.Trimesh(vertices.shape=(48, 3), faces.shape=(28, 3))> using `load_obj` in 0.0007s
2024-10-19 00:51:57,013 INFO =====> Epoch: 55
2024-10-19 00:51:57,013 INFO =====> Loss info: {'particle_has_naninf': False, 'height_map_loss': 32.84575271606445, 'emd_loss': 36.45341873168945, 'total_loss': 32.84575271606445}
2024-10-19 00:51:57,013 INFO =====> Param: E: [700837.6], nu: [0.24283718], rho: [2152.696], sand_angle: [27.666216]
2024-10-19 00:51:57,013 INFO =====> Grad: [-1.0005284e-02 -1.4116649e+04 -3.4052715e+01 -4.6678748e+02]
2024-10-19 00:51:57,013 INFO =====> Num. aborted data so far: 0
2024-10-19 00:51:57,425 INFO ===> New TaichiEnv created.
2024-10-19 00:51:57,425 INFO ===> Specifications: horizon = 311, dt = 0.01, n_substeps = 20, dt_sub = 0.0005
2024-10-19 00:51:57,449 DEBUG loaded <trimesh.Trimesh(vertices.shape=(916, 3), faces.shape=(856, 3))> using `load_obj` in 0.0029s
2024-10-19 00:51:57,606 DEBUG loaded <trimesh.Trimesh(vertices.shape=(48, 3), faces.shape=(28, 3))> using `load_obj` in 0.0008s
2024-10-19 00:52:28,796 INFO =====> Epoch: 56
2024-10-19 00:52:28,796 INFO =====> Loss info: {'particle_has_naninf': False, 'height_map_loss': 33.11405563354492, 'emd_loss': 36.74580001831055, 'total_loss': 33.11405563354492}
2024-10-19 00:52:28,796 INFO =====> Param: E: [712304.3], nu: [0.2433346], rho: [2200.], sand_angle: [27.241291]
2024-10-19 00:52:28,796 INFO =====> Grad: [-5.4664728e-03 -9.1035736e+02 -2.1615749e+01  2.5544533e+02]
2024-10-19 00:52:28,797 INFO =====> Num. aborted data so far: 0
2024-10-19 00:52:29,119 INFO ===> New TaichiEnv created.
2024-10-19 00:52:29,119 INFO ===> Specifications: horizon = 311, dt = 0.01, n_substeps = 20, dt_sub = 0.0005
2024-10-19 00:52:29,145 DEBUG loaded <trimesh.Trimesh(vertices.shape=(916, 3), faces.shape=(856, 3))> using `load_obj` in 0.0028s
2024-10-19 00:52:29,291 DEBUG loaded <trimesh.Trimesh(vertices.shape=(48, 3), faces.shape=(28, 3))> using `load_obj` in 0.0008s
2024-10-19 00:53:00,258 INFO =====> Epoch: 57
2024-10-19 00:53:00,258 INFO =====> Loss info: {'particle_has_naninf': False, 'height_map_loss': 32.99881362915039, 'emd_loss': 36.69194793701172, 'total_loss': 32.99881362915039}
2024-10-19 00:53:00,259 INFO =====> Param: E: [722462.94], nu: [0.24801445], rho: [2200.], sand_angle: [26.205122]
2024-10-19 00:53:00,259 INFO =====> Grad: [-4.6548122e-03 -8.2156787e+03 -7.4447637e+00  6.2546271e+02]
2024-10-19 00:53:00,259 INFO =====> Num. aborted data so far: 0
2024-10-19 00:53:00,580 INFO ===> New TaichiEnv created.
2024-10-19 00:53:00,580 INFO ===> Specifications: horizon = 311, dt = 0.01, n_substeps = 20, dt_sub = 0.0005
2024-10-19 00:53:00,603 DEBUG loaded <trimesh.Trimesh(vertices.shape=(916, 3), faces.shape=(856, 3))> using `load_obj` in 0.0028s
2024-10-19 00:53:00,756 DEBUG loaded <trimesh.Trimesh(vertices.shape=(48, 3), faces.shape=(28, 3))> using `load_obj` in 0.0007s
2024-10-19 00:53:31,645 INFO =====> Epoch: 58
2024-10-19 00:53:31,645 INFO =====> Loss info: {'particle_has_naninf': False, 'height_map_loss': 32.528289794921875, 'emd_loss': 36.286651611328125, 'total_loss': 32.528289794921875}
2024-10-19 00:53:31,645 INFO =====> Param: E: [747458.6], nu: [0.25937134], rho: [2200.], sand_angle: [26.39611]
2024-10-19 00:53:31,646 INFO =====> Grad: [-1.1828569e-02 -2.0266498e+04 -1.2900626e+01 -1.0957049e+02]
2024-10-19 00:53:31,646 INFO =====> Num. aborted data so far: 0
2024-10-19 00:53:31,973 INFO ===> New TaichiEnv created.
2024-10-19 00:53:31,973 INFO ===> Specifications: horizon = 311, dt = 0.01, n_substeps = 20, dt_sub = 0.0005
2024-10-19 00:53:31,995 DEBUG loaded <trimesh.Trimesh(vertices.shape=(916, 3), faces.shape=(856, 3))> using `load_obj` in 0.0028s
2024-10-19 00:53:32,140 DEBUG loaded <trimesh.Trimesh(vertices.shape=(48, 3), faces.shape=(28, 3))> using `load_obj` in 0.0007s
2024-10-19 00:54:03,140 INFO =====> Epoch: 59
2024-10-19 00:54:03,140 INFO =====> Loss info: {'particle_has_naninf': False, 'height_map_loss': 32.68364334106445, 'emd_loss': 36.3094596862793, 'total_loss': 32.68364334106445}
2024-10-19 00:54:03,140 INFO =====> Param: E: [753671.5], nu: [0.26590952], rho: [2147.5325], sand_angle: [26.362787]
2024-10-19 00:54:03,141 INFO =====> Grad: [-2.8027622e-03 -1.1313182e+04  2.1391878e+01  1.8137901e+01]
2024-10-19 00:54:03,141 INFO =====> Num. aborted data so far: 0
2024-10-19 00:54:03,619 INFO ===> New TaichiEnv created.
2024-10-19 00:54:03,619 INFO ===> Specifications: horizon = 311, dt = 0.01, n_substeps = 20, dt_sub = 0.0005
2024-10-19 00:54:03,649 DEBUG loaded <trimesh.Trimesh(vertices.shape=(916, 3), faces.shape=(856, 3))> using `load_obj` in 0.0039s
2024-10-19 00:54:03,845 DEBUG loaded <trimesh.Trimesh(vertices.shape=(48, 3), faces.shape=(28, 3))> using `load_obj` in 0.0008s
2024-10-19 00:54:35,005 INFO =====> Epoch: 60
2024-10-19 00:54:35,005 INFO =====> Loss info: {'particle_has_naninf': False, 'height_map_loss': 32.61619186401367, 'emd_loss': 36.23375701904297, 'total_loss': 32.61619186401367}
2024-10-19 00:54:35,005 INFO =====> Param: E: [744823.4], nu: [0.2532678], rho: [2124.1724], sand_angle: [25.1711]
2024-10-19 00:54:35,005 INFO =====> Grad: [3.8243658e-03 2.2639527e+04 9.1358271e+00 6.6431415e+02]
2024-10-19 00:54:35,005 INFO =====> Num. aborted data so far: 0
2024-10-19 00:54:35,334 INFO ===> New TaichiEnv created.
2024-10-19 00:54:35,334 INFO ===> Specifications: horizon = 311, dt = 0.01, n_substeps = 20, dt_sub = 0.0005
2024-10-19 00:54:35,357 DEBUG loaded <trimesh.Trimesh(vertices.shape=(916, 3), faces.shape=(856, 3))> using `load_obj` in 0.0028s
2024-10-19 00:54:35,496 DEBUG loaded <trimesh.Trimesh(vertices.shape=(48, 3), faces.shape=(28, 3))> using `load_obj` in 0.0007s
2024-10-19 00:55:08,427 INFO =====> Epoch: 61
2024-10-19 00:55:08,427 INFO =====> Loss info: {'particle_has_naninf': False, 'height_map_loss': 32.072906494140625, 'emd_loss': 36.015838623046875, 'total_loss': 32.072906494140625}
2024-10-19 00:55:08,428 INFO =====> Param: E: [739802.], nu: [0.2510284], rho: [2177.1147], sand_angle: [25.075758]
2024-10-19 00:55:08,428 INFO =====> Grad: [ 2.0654888e-03  3.8142151e+03 -2.0845774e+01  5.0445080e+01]
2024-10-19 00:55:08,428 INFO =====> Num. aborted data so far: 0
2024-10-19 00:55:08,753 INFO ===> New TaichiEnv created.
2024-10-19 00:55:08,753 INFO ===> Specifications: horizon = 311, dt = 0.01, n_substeps = 20, dt_sub = 0.0005
2024-10-19 00:55:08,775 DEBUG loaded <trimesh.Trimesh(vertices.shape=(916, 3), faces.shape=(856, 3))> using `load_obj` in 0.0028s
2024-10-19 00:55:08,920 DEBUG loaded <trimesh.Trimesh(vertices.shape=(48, 3), faces.shape=(28, 3))> using `load_obj` in 0.0007s
2024-10-19 00:55:39,724 INFO =====> Epoch: 62
2024-10-19 00:55:39,724 INFO =====> Loss info: {'particle_has_naninf': False, 'height_map_loss': 32.1572151184082, 'emd_loss': 36.03521728515625, 'total_loss': 32.1572151184082}
2024-10-19 00:55:39,725 INFO =====> Param: E: [754074.75], nu: [0.25747246], rho: [2170.784], sand_angle: [25.64631]
2024-10-19 00:55:39,725 INFO =====> Grad: [-5.7171793e-03 -1.0635661e+04  2.3666899e+00 -2.9116159e+02]
2024-10-19 00:55:39,725 INFO =====> Num. aborted data so far: 0
2024-10-19 00:55:40,138 INFO ===> New TaichiEnv created.
2024-10-19 00:55:40,138 INFO ===> Specifications: horizon = 311, dt = 0.01, n_substeps = 20, dt_sub = 0.0005
2024-10-19 00:55:40,168 DEBUG loaded <trimesh.Trimesh(vertices.shape=(916, 3), faces.shape=(856, 3))> using `load_obj` in 0.0039s
2024-10-19 00:55:40,360 DEBUG loaded <trimesh.Trimesh(vertices.shape=(48, 3), faces.shape=(28, 3))> using `load_obj` in 0.0009s
2024-10-19 00:56:11,290 INFO =====> Epoch: 63
2024-10-19 00:56:11,290 INFO =====> Loss info: {'particle_has_naninf': False, 'height_map_loss': 32.33443832397461, 'emd_loss': 36.13630294799805, 'total_loss': 32.33443832397461}
2024-10-19 00:56:11,291 INFO =====> Param: E: [738122.75], nu: [0.25288972], rho: [2191.1943], sand_angle: [25.1978]
2024-10-19 00:56:11,291 INFO =====> Grad: [ 6.2644519e-03  7.2520557e+03 -7.2997303e+00  2.1935329e+02]
2024-10-19 00:56:11,291 INFO =====> Num. aborted data so far: 0
2024-10-19 00:56:11,625 INFO ===> New TaichiEnv created.
2024-10-19 00:56:11,625 INFO ===> Specifications: horizon = 311, dt = 0.01, n_substeps = 20, dt_sub = 0.0005
2024-10-19 00:56:11,647 DEBUG loaded <trimesh.Trimesh(vertices.shape=(916, 3), faces.shape=(856, 3))> using `load_obj` in 0.0028s
2024-10-19 00:56:11,792 DEBUG loaded <trimesh.Trimesh(vertices.shape=(48, 3), faces.shape=(28, 3))> using `load_obj` in 0.0007s
2024-10-19 00:56:43,873 INFO =====> Epoch: 64
2024-10-19 00:56:43,873 INFO =====> Loss info: {'particle_has_naninf': False, 'height_map_loss': 32.18487548828125, 'emd_loss': 35.98464584350586, 'total_loss': 32.18487548828125}
2024-10-19 00:56:43,873 INFO =====> Param: E: [749933.8], nu: [0.2474942], rho: [2080.7107], sand_angle: [24.41571]
2024-10-19 00:56:43,873 INFO =====> Grad: [-4.4790544e-03  8.2206250e+03  5.2402493e+01  3.7450287e+02]
2024-10-19 00:56:43,873 INFO =====> Num. aborted data so far: 0
2024-10-19 00:56:44,195 INFO ===> New TaichiEnv created.
2024-10-19 00:56:44,196 INFO ===> Specifications: horizon = 311, dt = 0.01, n_substeps = 20, dt_sub = 0.0005
2024-10-19 00:56:44,220 DEBUG loaded <trimesh.Trimesh(vertices.shape=(916, 3), faces.shape=(856, 3))> using `load_obj` in 0.0028s
2024-10-19 00:56:44,369 DEBUG loaded <trimesh.Trimesh(vertices.shape=(48, 3), faces.shape=(28, 3))> using `load_obj` in 0.0007s
2024-10-19 00:57:15,085 INFO =====> Epoch: 65
2024-10-19 00:57:15,085 INFO =====> Loss info: {'particle_has_naninf': False, 'height_map_loss': 31.92093276977539, 'emd_loss': 35.64273452758789, 'total_loss': 31.92093276977539}
2024-10-19 00:57:15,085 INFO =====> Param: E: [741909.44], nu: [0.24147657], rho: [1991.684], sand_angle: [23.512754]
2024-10-19 00:57:15,085 INFO =====> Grad: [2.9104038e-03 8.8599014e+03 4.8472412e+01 4.2801041e+02]
2024-10-19 00:57:15,085 INFO =====> Num. aborted data so far: 0
2024-10-19 00:57:15,415 INFO ===> New TaichiEnv created.
2024-10-19 00:57:15,415 INFO ===> Specifications: horizon = 311, dt = 0.01, n_substeps = 20, dt_sub = 0.0005
2024-10-19 00:57:15,447 DEBUG loaded <trimesh.Trimesh(vertices.shape=(916, 3), faces.shape=(856, 3))> using `load_obj` in 0.0030s
2024-10-19 00:57:15,612 DEBUG loaded <trimesh.Trimesh(vertices.shape=(48, 3), faces.shape=(28, 3))> using `load_obj` in 0.0008s
2024-10-19 00:57:46,214 INFO =====> Epoch: 66
2024-10-19 00:57:46,214 INFO =====> Loss info: {'particle_has_naninf': False, 'height_map_loss': 31.642086029052734, 'emd_loss': 35.54042434692383, 'total_loss': 31.642086029052734}
2024-10-19 00:57:46,214 INFO =====> Param: E: [738518.3], nu: [0.24913536], rho: [1941.0945], sand_angle: [23.847218]
2024-10-19 00:57:46,214 INFO =====> Grad: [ 1.1685155e-03 -1.1025789e+04  2.7580807e+01 -1.5125162e+02]
2024-10-19 00:57:46,214 INFO =====> Num. aborted data so far: 0
2024-10-19 00:57:46,547 INFO ===> New TaichiEnv created.
2024-10-19 00:57:46,548 INFO ===> Specifications: horizon = 311, dt = 0.01, n_substeps = 20, dt_sub = 0.0005
2024-10-19 00:57:46,569 DEBUG loaded <trimesh.Trimesh(vertices.shape=(916, 3), faces.shape=(856, 3))> using `load_obj` in 0.0028s
2024-10-19 00:57:46,712 DEBUG loaded <trimesh.Trimesh(vertices.shape=(48, 3), faces.shape=(28, 3))> using `load_obj` in 0.0007s
2024-10-19 00:58:17,960 INFO =====> Epoch: 67
2024-10-19 00:58:17,960 INFO =====> Loss info: {'particle_has_naninf': False, 'height_map_loss': 31.684940338134766, 'emd_loss': 35.59567642211914, 'total_loss': 31.684940338134766}
2024-10-19 00:58:17,960 INFO =====> Param: E: [714328.5], nu: [0.23533289], rho: [1993.0823], sand_angle: [25.507542]
2024-10-19 00:58:17,961 INFO =====> Grad: [ 8.5582891e-03  2.0951814e+04 -2.8471779e+01 -8.3694507e+02]
2024-10-19 00:58:17,961 INFO =====> Num. aborted data so far: 0
2024-10-19 00:58:18,286 INFO ===> New TaichiEnv created.
2024-10-19 00:58:18,286 INFO ===> Specifications: horizon = 311, dt = 0.01, n_substeps = 20, dt_sub = 0.0005
2024-10-19 00:58:18,309 DEBUG loaded <trimesh.Trimesh(vertices.shape=(916, 3), faces.shape=(856, 3))> using `load_obj` in 0.0028s
2024-10-19 00:58:18,451 DEBUG loaded <trimesh.Trimesh(vertices.shape=(48, 3), faces.shape=(28, 3))> using `load_obj` in 0.0007s
2024-10-19 00:58:49,491 INFO =====> Epoch: 68
2024-10-19 00:58:49,492 INFO =====> Loss info: {'particle_has_naninf': False, 'height_map_loss': 32.30474853515625, 'emd_loss': 36.182518005371094, 'total_loss': 32.30474853515625}
2024-10-19 00:58:49,492 INFO =====> Param: E: [689749.], nu: [0.21966462], rho: [2006.8987], sand_angle: [24.385143]
2024-10-19 00:58:49,492 INFO =====> Grad: [ 8.9537520e-03  2.5976215e+04 -7.2060122e+00  5.7413202e+02]
2024-10-19 00:58:49,492 INFO =====> Num. aborted data so far: 0
2024-10-19 00:58:49,842 INFO ===> New TaichiEnv created.
2024-10-19 00:58:49,842 INFO ===> Specifications: horizon = 311, dt = 0.01, n_substeps = 20, dt_sub = 0.0005
2024-10-19 00:58:49,866 DEBUG loaded <trimesh.Trimesh(vertices.shape=(916, 3), faces.shape=(856, 3))> using `load_obj` in 0.0029s
2024-10-19 00:58:50,023 DEBUG loaded <trimesh.Trimesh(vertices.shape=(48, 3), faces.shape=(28, 3))> using `load_obj` in 0.0007s
2024-10-19 00:59:21,198 INFO =====> Epoch: 69
2024-10-19 00:59:21,198 INFO =====> Loss info: {'particle_has_naninf': False, 'height_map_loss': 31.950212478637695, 'emd_loss': 35.8370246887207, 'total_loss': 31.950212478637695}
2024-10-19 00:59:21,198 INFO =====> Param: E: [657332.7], nu: [0.20753303], rho: [2067.9238], sand_angle: [24.104147]
2024-10-19 00:59:21,198 INFO =====> Grad: [ 1.3046543e-02  2.0661604e+04 -3.2730564e+01  1.3690143e+02]
2024-10-19 00:59:21,198 INFO =====> Num. aborted data so far: 0
2024-10-19 00:59:21,532 INFO ===> New TaichiEnv created.
2024-10-19 00:59:21,532 INFO ===> Specifications: horizon = 311, dt = 0.01, n_substeps = 20, dt_sub = 0.0005
2024-10-19 00:59:21,556 DEBUG loaded <trimesh.Trimesh(vertices.shape=(916, 3), faces.shape=(856, 3))> using `load_obj` in 0.0029s
2024-10-19 00:59:21,707 DEBUG loaded <trimesh.Trimesh(vertices.shape=(48, 3), faces.shape=(28, 3))> using `load_obj` in 0.0007s
2024-10-19 00:59:53,128 INFO =====> Epoch: 70
2024-10-19 00:59:53,128 INFO =====> Loss info: {'particle_has_naninf': False, 'height_map_loss': 31.936647415161133, 'emd_loss': 36.019412994384766, 'total_loss': 31.936647415161133}
2024-10-19 00:59:53,128 INFO =====> Param: E: [661169.3], nu: [0.21542487], rho: [2059.7808], sand_angle: [24.375687]
2024-10-19 00:59:53,128 INFO =====> Grad: [-1.4675951e-03 -1.3167687e+04  4.1488929e+00 -1.2597064e+02]
2024-10-19 00:59:53,128 INFO =====> Num. aborted data so far: 0
2024-10-19 00:59:53,459 INFO ===> New TaichiEnv created.
2024-10-19 00:59:53,459 INFO ===> Specifications: horizon = 311, dt = 0.01, n_substeps = 20, dt_sub = 0.0005
2024-10-19 00:59:53,481 DEBUG loaded <trimesh.Trimesh(vertices.shape=(916, 3), faces.shape=(856, 3))> using `load_obj` in 0.0028s
2024-10-19 00:59:53,624 DEBUG loaded <trimesh.Trimesh(vertices.shape=(48, 3), faces.shape=(28, 3))> using `load_obj` in 0.0007s
2024-10-19 01:00:24,595 INFO =====> Epoch: 71
2024-10-19 01:00:24,596 INFO =====> Loss info: {'particle_has_naninf': False, 'height_map_loss': 31.976444244384766, 'emd_loss': 35.97184371948242, 'total_loss': 31.976444244384766}
2024-10-19 01:00:24,596 INFO =====> Param: E: [676531.94], nu: [0.22384247], rho: [2075.4646], sand_angle: [24.750912]
2024-10-19 01:00:24,596 INFO =====> Grad: [-5.7470775e-03 -1.3822915e+04 -7.6183529e+00 -1.6631364e+02]
2024-10-19 01:00:24,596 INFO =====> Num. aborted data so far: 0
2024-10-19 01:00:24,944 INFO ===> New TaichiEnv created.
2024-10-19 01:00:24,945 INFO ===> Specifications: horizon = 311, dt = 0.01, n_substeps = 20, dt_sub = 0.0005
2024-10-19 01:00:24,968 DEBUG loaded <trimesh.Trimesh(vertices.shape=(916, 3), faces.shape=(856, 3))> using `load_obj` in 0.0028s
2024-10-19 01:00:25,120 DEBUG loaded <trimesh.Trimesh(vertices.shape=(48, 3), faces.shape=(28, 3))> using `load_obj` in 0.0007s
2024-10-19 01:00:55,891 INFO =====> Epoch: 72
2024-10-19 01:00:55,892 INFO =====> Loss info: {'particle_has_naninf': False, 'height_map_loss': 32.0438346862793, 'emd_loss': 36.0977783203125, 'total_loss': 32.0438346862793}
2024-10-19 01:00:55,892 INFO =====> Param: E: [698759.94], nu: [0.23527679], rho: [2069.896], sand_angle: [25.10722]
2024-10-19 01:00:55,892 INFO =====> Grad: [-8.4262174e-03 -1.9105941e+04  2.5677326e+00 -1.5078435e+02]
2024-10-19 01:00:55,892 INFO =====> Num. aborted data so far: 0
2024-10-19 01:00:56,227 INFO ===> New TaichiEnv created.
2024-10-19 01:00:56,227 INFO ===> Specifications: horizon = 311, dt = 0.01, n_substeps = 20, dt_sub = 0.0005
2024-10-19 01:00:56,253 DEBUG loaded <trimesh.Trimesh(vertices.shape=(916, 3), faces.shape=(856, 3))> using `load_obj` in 0.0029s
2024-10-19 01:00:56,404 DEBUG loaded <trimesh.Trimesh(vertices.shape=(48, 3), faces.shape=(28, 3))> using `load_obj` in 0.0008s
2024-10-19 01:01:27,751 INFO =====> Epoch: 73
2024-10-19 01:01:27,751 INFO =====> Loss info: {'particle_has_naninf': False, 'height_map_loss': 32.23536682128906, 'emd_loss': 36.07796859741211, 'total_loss': 32.23536682128906}
2024-10-19 01:01:27,751 INFO =====> Param: E: [691507.8], nu: [0.22852911], rho: [2040.315], sand_angle: [23.90521]
2024-10-19 01:01:27,751 INFO =====> Grad: [2.6253895e-03 1.0948453e+04 1.3172672e+01 5.2173004e+02]
2024-10-19 01:01:27,751 INFO =====> Num. aborted data so far: 0
2024-10-19 01:01:28,079 INFO ===> New TaichiEnv created.
2024-10-19 01:01:28,079 INFO ===> Specifications: horizon = 311, dt = 0.01, n_substeps = 20, dt_sub = 0.0005
2024-10-19 01:01:28,101 DEBUG loaded <trimesh.Trimesh(vertices.shape=(916, 3), faces.shape=(856, 3))> using `load_obj` in 0.0028s
2024-10-19 01:01:28,241 DEBUG loaded <trimesh.Trimesh(vertices.shape=(48, 3), faces.shape=(28, 3))> using `load_obj` in 0.0007s
2024-10-19 01:01:59,543 INFO =====> Epoch: 74
2024-10-19 01:01:59,543 INFO =====> Loss info: {'particle_has_naninf': False, 'height_map_loss': 31.89682960510254, 'emd_loss': 35.8544807434082, 'total_loss': 31.89682960510254}
2024-10-19 01:01:59,543 INFO =====> Param: E: [702647.9], nu: [0.23290007], rho: [2020.3137], sand_angle: [24.255177]
2024-10-19 01:01:59,543 INFO =====> Grad: [-3.8866953e-03 -6.7933687e+03  8.5180445e+00 -1.4499767e+02]
2024-10-19 01:01:59,543 INFO =====> Num. aborted data so far: 0
2024-10-19 01:01:59,880 INFO ===> New TaichiEnv created.
2024-10-19 01:01:59,880 INFO ===> Specifications: horizon = 311, dt = 0.01, n_substeps = 20, dt_sub = 0.0005
2024-10-19 01:01:59,903 DEBUG loaded <trimesh.Trimesh(vertices.shape=(916, 3), faces.shape=(856, 3))> using `load_obj` in 0.0029s
2024-10-19 01:02:00,052 DEBUG loaded <trimesh.Trimesh(vertices.shape=(48, 3), faces.shape=(28, 3))> using `load_obj` in 0.0007s
2024-10-19 01:02:30,956 INFO =====> Epoch: 75
2024-10-19 01:02:30,956 INFO =====> Loss info: {'particle_has_naninf': False, 'height_map_loss': 31.881921768188477, 'emd_loss': 35.75043869018555, 'total_loss': 31.881921768188477}
2024-10-19 01:02:30,956 INFO =====> Param: E: [716720.56], nu: [0.23236346], rho: [2013.1887], sand_angle: [23.772755]
2024-10-19 01:02:30,956 INFO =====> Grad: [-4.7776746e-03  7.9131598e+02  2.8815866e+00  1.9186536e+02]
2024-10-19 01:02:30,956 INFO =====> Num. aborted data so far: 0
2024-10-19 01:02:31,296 INFO ===> New TaichiEnv created.
2024-10-19 01:02:31,296 INFO ===> Specifications: horizon = 311, dt = 0.01, n_substeps = 20, dt_sub = 0.0005
2024-10-19 01:02:31,319 DEBUG loaded <trimesh.Trimesh(vertices.shape=(916, 3), faces.shape=(856, 3))> using `load_obj` in 0.0030s
2024-10-19 01:02:31,465 DEBUG loaded <trimesh.Trimesh(vertices.shape=(48, 3), faces.shape=(28, 3))> using `load_obj` in 0.0007s
2024-10-19 01:03:02,652 INFO =====> Epoch: 76
2024-10-19 01:03:02,652 INFO =====> Loss info: {'particle_has_naninf': False, 'height_map_loss': 31.78091812133789, 'emd_loss': 35.765167236328125, 'total_loss': 31.78091812133789}
2024-10-19 01:03:02,653 INFO =====> Param: E: [706584.8], nu: [0.23197189], rho: [1928.8363], sand_angle: [23.901037]
2024-10-19 01:03:02,653 INFO =====> Grad: [ 3.3072443e-03  5.4783685e+02  3.8264423e+01 -4.8441319e+01]
2024-10-19 01:03:02,653 INFO =====> Num. aborted data so far: 0
2024-10-19 01:03:02,984 INFO ===> New TaichiEnv created.
2024-10-19 01:03:02,984 INFO ===> Specifications: horizon = 311, dt = 0.01, n_substeps = 20, dt_sub = 0.0005
2024-10-19 01:03:03,007 DEBUG loaded <trimesh.Trimesh(vertices.shape=(916, 3), faces.shape=(856, 3))> using `load_obj` in 0.0028s
2024-10-19 01:03:03,153 DEBUG loaded <trimesh.Trimesh(vertices.shape=(48, 3), faces.shape=(28, 3))> using `load_obj` in 0.0007s
2024-10-19 01:03:34,351 INFO =====> Epoch: 77
2024-10-19 01:03:34,351 INFO =====> Loss info: {'particle_has_naninf': False, 'height_map_loss': 31.77857780456543, 'emd_loss': 35.700313568115234, 'total_loss': 31.77857780456543}
2024-10-19 01:03:34,351 INFO =====> Param: E: [682183.94], nu: [0.22775386], rho: [1855.2279], sand_angle: [23.784317]
2024-10-19 01:03:34,351 INFO =====> Grad: [8.1871981e-03 5.6490479e+03 3.5792347e+01 4.1841717e+01]
2024-10-19 01:03:34,351 INFO =====> Num. aborted data so far: 0
2024-10-19 01:03:34,681 INFO ===> New TaichiEnv created.
2024-10-19 01:03:34,682 INFO ===> Specifications: horizon = 311, dt = 0.01, n_substeps = 20, dt_sub = 0.0005
2024-10-19 01:03:34,704 DEBUG loaded <trimesh.Trimesh(vertices.shape=(916, 3), faces.shape=(856, 3))> using `load_obj` in 0.0028s
2024-10-19 01:03:34,849 DEBUG loaded <trimesh.Trimesh(vertices.shape=(48, 3), faces.shape=(28, 3))> using `load_obj` in 0.0007s
2024-10-19 01:04:05,764 INFO =====> Epoch: 78
2024-10-19 01:04:05,764 INFO =====> Loss info: {'particle_has_naninf': False, 'height_map_loss': 31.774459838867188, 'emd_loss': 35.741493225097656, 'total_loss': 31.774459838867188}
2024-10-19 01:04:05,764 INFO =====> Param: E: [684692.6], nu: [0.23470557], rho: [1796.2335], sand_angle: [23.853148]
2024-10-19 01:04:05,764 INFO =====> Grad: [-7.9917134e-04 -9.0538867e+03  2.9332336e+01 -2.3413956e+01]
2024-10-19 01:04:05,764 INFO =====> Num. aborted data so far: 0
2024-10-19 01:04:06,183 INFO ===> New TaichiEnv created.
2024-10-19 01:04:06,183 INFO ===> Specifications: horizon = 311, dt = 0.01, n_substeps = 20, dt_sub = 0.0005
2024-10-19 01:04:06,213 DEBUG loaded <trimesh.Trimesh(vertices.shape=(916, 3), faces.shape=(856, 3))> using `load_obj` in 0.0039s
2024-10-19 01:04:06,410 DEBUG loaded <trimesh.Trimesh(vertices.shape=(48, 3), faces.shape=(28, 3))> using `load_obj` in 0.0009s
2024-10-19 01:04:37,637 INFO =====> Epoch: 79
2024-10-19 01:04:37,637 INFO =====> Loss info: {'particle_has_naninf': False, 'height_map_loss': 31.74545669555664, 'emd_loss': 35.67592239379883, 'total_loss': 31.74545669555664}
2024-10-19 01:04:37,637 INFO =====> Param: E: [669407.25], nu: [0.22136554], rho: [1722.2079], sand_angle: [22.299896]
2024-10-19 01:04:37,637 INFO =====> Grad: [4.7605750e-03 1.8179178e+04 3.9515518e+01 5.7544891e+02]
2024-10-19 01:04:37,637 INFO =====> Num. aborted data so far: 0
2024-10-19 01:04:37,974 INFO ===> New TaichiEnv created.
2024-10-19 01:04:37,974 INFO ===> Specifications: horizon = 311, dt = 0.01, n_substeps = 20, dt_sub = 0.0005
2024-10-19 01:04:37,997 DEBUG loaded <trimesh.Trimesh(vertices.shape=(916, 3), faces.shape=(856, 3))> using `load_obj` in 0.0028s
2024-10-19 01:04:38,143 DEBUG loaded <trimesh.Trimesh(vertices.shape=(48, 3), faces.shape=(28, 3))> using `load_obj` in 0.0007s
2024-10-19 01:05:10,423 INFO =====> Epoch: 80
2024-10-19 01:05:10,423 INFO =====> Loss info: {'particle_has_naninf': False, 'height_map_loss': 31.32779884338379, 'emd_loss': 35.18968200683594, 'total_loss': 31.32779884338379}
2024-10-19 01:05:10,424 INFO =====> Param: E: [698025.1], nu: [0.23070441], rho: [1713.4302], sand_angle: [22.67566]
2024-10-19 01:05:10,424 INFO =====> Grad: [-9.4817737e-03 -1.2637145e+04  4.4520493e+00 -1.3301111e+02]
2024-10-19 01:05:10,424 INFO =====> Num. aborted data so far: 0
2024-10-19 01:05:10,765 INFO ===> New TaichiEnv created.
2024-10-19 01:05:10,765 INFO ===> Specifications: horizon = 311, dt = 0.01, n_substeps = 20, dt_sub = 0.0005
2024-10-19 01:05:10,788 DEBUG loaded <trimesh.Trimesh(vertices.shape=(916, 3), faces.shape=(856, 3))> using `load_obj` in 0.0028s
2024-10-19 01:05:10,930 DEBUG loaded <trimesh.Trimesh(vertices.shape=(48, 3), faces.shape=(28, 3))> using `load_obj` in 0.0007s
2024-10-19 01:05:41,800 INFO =====> Epoch: 81
2024-10-19 01:05:41,800 INFO =====> Loss info: {'particle_has_naninf': False, 'height_map_loss': 31.349817276000977, 'emd_loss': 35.21476745605469, 'total_loss': 31.349817276000977}
2024-10-19 01:05:41,800 INFO =====> Param: E: [704339.5], nu: [0.22967006], rho: [1689.535], sand_angle: [22.483282]
2024-10-19 01:05:41,800 INFO =====> Grad: [-1.9947106e-03  1.3285449e+03  1.1631222e+01  6.4722206e+01]
2024-10-19 01:05:41,800 INFO =====> Num. aborted data so far: 0
2024-10-19 01:05:42,149 INFO ===> New TaichiEnv created.
2024-10-19 01:05:42,150 INFO ===> Specifications: horizon = 311, dt = 0.01, n_substeps = 20, dt_sub = 0.0005
2024-10-19 01:05:42,174 DEBUG loaded <trimesh.Trimesh(vertices.shape=(916, 3), faces.shape=(856, 3))> using `load_obj` in 0.0028s
2024-10-19 01:05:42,328 DEBUG loaded <trimesh.Trimesh(vertices.shape=(48, 3), faces.shape=(28, 3))> using `load_obj` in 0.0007s
2024-10-19 01:06:13,522 INFO =====> Epoch: 82
2024-10-19 01:06:13,522 INFO =====> Loss info: {'particle_has_naninf': False, 'height_map_loss': 31.284440994262695, 'emd_loss': 35.10306930541992, 'total_loss': 31.284440994262695}
2024-10-19 01:06:13,522 INFO =====> Param: E: [706808.3], nu: [0.2356236], rho: [1707.8142], sand_angle: [24.383547]
2024-10-19 01:06:13,523 INFO =====> Grad: [-7.4043596e-04 -7.3865347e+03 -8.4979839e+00 -7.5878583e+02]
2024-10-19 01:06:13,523 INFO =====> Num. aborted data so far: 0
2024-10-19 01:06:13,899 INFO ===> New TaichiEnv created.
2024-10-19 01:06:13,900 INFO ===> Specifications: horizon = 311, dt = 0.01, n_substeps = 20, dt_sub = 0.0005
2024-10-19 01:06:13,932 DEBUG loaded <trimesh.Trimesh(vertices.shape=(916, 3), faces.shape=(856, 3))> using `load_obj` in 0.0062s
2024-10-19 01:06:14,079 DEBUG loaded <trimesh.Trimesh(vertices.shape=(48, 3), faces.shape=(28, 3))> using `load_obj` in 0.0007s
2024-10-19 01:06:46,745 INFO =====> Epoch: 83
2024-10-19 01:06:46,745 INFO =====> Loss info: {'particle_has_naninf': False, 'height_map_loss': 31.8184871673584, 'emd_loss': 35.652584075927734, 'total_loss': 31.8184871673584}
2024-10-19 01:06:46,745 INFO =====> Param: E: [728732.94], nu: [0.24776539], rho: [1732.3953], sand_angle: [26.576153]
2024-10-19 01:06:46,745 INFO =====> Grad: [-6.6505228e-03 -1.5477582e+04 -1.0974688e+01 -1.1526558e+03]
2024-10-19 01:06:46,745 INFO =====> Num. aborted data so far: 0
2024-10-19 01:06:47,076 INFO ===> New TaichiEnv created.
2024-10-19 01:06:47,076 INFO ===> Specifications: horizon = 311, dt = 0.01, n_substeps = 20, dt_sub = 0.0005
2024-10-19 01:06:47,099 DEBUG loaded <trimesh.Trimesh(vertices.shape=(916, 3), faces.shape=(856, 3))> using `load_obj` in 0.0028s
2024-10-19 01:06:47,248 DEBUG loaded <trimesh.Trimesh(vertices.shape=(48, 3), faces.shape=(28, 3))> using `load_obj` in 0.0007s
2024-10-19 01:07:18,555 INFO =====> Epoch: 84
2024-10-19 01:07:18,555 INFO =====> Loss info: {'particle_has_naninf': False, 'height_map_loss': 32.622615814208984, 'emd_loss': 36.20718002319336, 'total_loss': 32.622615814208984}
2024-10-19 01:07:18,555 INFO =====> Param: E: [713183.], nu: [0.24224013], rho: [1638.3184], sand_angle: [25.670116]
2024-10-19 01:07:18,555 INFO =====> Grad: [4.6165036e-03 6.7862090e+03 4.9577675e+01 4.7163452e+02]
2024-10-19 01:07:18,555 INFO =====> Num. aborted data so far: 0
2024-10-19 01:07:18,923 INFO ===> New TaichiEnv created.
2024-10-19 01:07:18,923 INFO ===> Specifications: horizon = 311, dt = 0.01, n_substeps = 20, dt_sub = 0.0005
2024-10-19 01:07:18,951 DEBUG loaded <trimesh.Trimesh(vertices.shape=(916, 3), faces.shape=(856, 3))> using `load_obj` in 0.0029s
2024-10-19 01:07:19,119 DEBUG loaded <trimesh.Trimesh(vertices.shape=(48, 3), faces.shape=(28, 3))> using `load_obj` in 0.0008s
2024-10-19 01:07:50,232 INFO =====> Epoch: 85
2024-10-19 01:07:50,232 INFO =====> Loss info: {'particle_has_naninf': False, 'height_map_loss': 32.15555953979492, 'emd_loss': 36.0152702331543, 'total_loss': 32.15555953979492}
2024-10-19 01:07:50,232 INFO =====> Param: E: [690667.], nu: [0.2325295], rho: [1615.7976], sand_angle: [25.134283]
2024-10-19 01:07:50,232 INFO =====> Grad: [6.7862007e-03 1.1889101e+04 1.1375185e+01 2.6849606e+02]
2024-10-19 01:07:50,232 INFO =====> Num. aborted data so far: 0
2024-10-19 01:07:50,573 INFO ===> New TaichiEnv created.
2024-10-19 01:07:50,573 INFO ===> Specifications: horizon = 311, dt = 0.01, n_substeps = 20, dt_sub = 0.0005
2024-10-19 01:07:50,596 DEBUG loaded <trimesh.Trimesh(vertices.shape=(916, 3), faces.shape=(856, 3))> using `load_obj` in 0.0029s
2024-10-19 01:07:50,743 DEBUG loaded <trimesh.Trimesh(vertices.shape=(48, 3), faces.shape=(28, 3))> using `load_obj` in 0.0007s
2024-10-19 01:08:22,300 INFO =====> Epoch: 86
2024-10-19 01:08:22,300 INFO =====> Loss info: {'particle_has_naninf': False, 'height_map_loss': 31.948225021362305, 'emd_loss': 35.988800048828125, 'total_loss': 31.948225021362305}
2024-10-19 01:08:22,300 INFO =====> Param: E: [698233.75], nu: [0.23947898], rho: [1632.9235], sand_angle: [24.40949]
2024-10-19 01:08:22,300 INFO =====> Grad: [-2.1792005e-03 -8.2741494e+03 -8.2549171e+00  3.5396536e+02]
2024-10-19 01:08:22,300 INFO =====> Num. aborted data so far: 0
2024-10-19 01:08:22,641 INFO ===> New TaichiEnv created.
2024-10-19 01:08:22,642 INFO ===> Specifications: horizon = 311, dt = 0.01, n_substeps = 20, dt_sub = 0.0005
2024-10-19 01:08:22,664 DEBUG loaded <trimesh.Trimesh(vertices.shape=(916, 3), faces.shape=(856, 3))> using `load_obj` in 0.0028s
2024-10-19 01:08:22,813 DEBUG loaded <trimesh.Trimesh(vertices.shape=(48, 3), faces.shape=(28, 3))> using `load_obj` in 0.0007s
2024-10-19 01:08:54,411 INFO =====> Epoch: 87
2024-10-19 01:08:54,411 INFO =====> Loss info: {'particle_has_naninf': False, 'height_map_loss': 31.775293350219727, 'emd_loss': 35.6346435546875, 'total_loss': 31.775293350219727}
2024-10-19 01:08:54,412 INFO =====> Param: E: [670375.], nu: [0.22572528], rho: [1576.9128], sand_angle: [24.473377]
2024-10-19 01:08:54,412 INFO =====> Grad: [ 8.4783183e-03  1.7252271e+04  2.7388430e+01 -2.9605328e+01]
2024-10-19 01:08:54,412 INFO =====> Num. aborted data so far: 0
2024-10-19 01:08:54,757 INFO ===> New TaichiEnv created.
2024-10-19 01:08:54,757 INFO ===> Specifications: horizon = 311, dt = 0.01, n_substeps = 20, dt_sub = 0.0005
2024-10-19 01:08:54,780 DEBUG loaded <trimesh.Trimesh(vertices.shape=(916, 3), faces.shape=(856, 3))> using `load_obj` in 0.0028s
2024-10-19 01:08:54,925 DEBUG loaded <trimesh.Trimesh(vertices.shape=(48, 3), faces.shape=(28, 3))> using `load_obj` in 0.0007s
2024-10-19 01:09:26,157 INFO =====> Epoch: 88
2024-10-19 01:09:26,157 INFO =====> Loss info: {'particle_has_naninf': False, 'height_map_loss': 31.796701431274414, 'emd_loss': 35.65891647338867, 'total_loss': 31.796701431274414}
2024-10-19 01:09:26,157 INFO =====> Param: E: [651915.], nu: [0.21316393], rho: [1530.5026], sand_angle: [23.534678]
2024-10-19 01:09:26,157 INFO =====> Grad: [5.5723321e-03 1.6288228e+04 2.2521439e+01 4.3214981e+02]
2024-10-19 01:09:26,157 INFO =====> Num. aborted data so far: 0
2024-10-19 01:09:26,582 INFO ===> New TaichiEnv created.
2024-10-19 01:09:26,582 INFO ===> Specifications: horizon = 311, dt = 0.01, n_substeps = 20, dt_sub = 0.0005
2024-10-19 01:09:26,612 DEBUG loaded <trimesh.Trimesh(vertices.shape=(916, 3), faces.shape=(856, 3))> using `load_obj` in 0.0039s
2024-10-19 01:09:26,807 DEBUG loaded <trimesh.Trimesh(vertices.shape=(48, 3), faces.shape=(28, 3))> using `load_obj` in 0.0009s
2024-10-19 01:09:58,393 INFO =====> Epoch: 89
2024-10-19 01:09:58,394 INFO =====> Loss info: {'particle_has_naninf': False, 'height_map_loss': 31.614011764526367, 'emd_loss': 35.45436477661133, 'total_loss': 31.614011764526367}
2024-10-19 01:09:58,394 INFO =====> Param: E: [647620.], nu: [0.214573], rho: [1537.4663], sand_angle: [23.034595]
2024-10-19 01:09:58,394 INFO =====> Grad: [ 1.2328086e-03 -1.7350897e+03 -3.2090132e+00  2.2119202e+02]
2024-10-19 01:09:58,394 INFO =====> Num. aborted data so far: 0
2024-10-19 01:09:58,764 INFO ===> New TaichiEnv created.
2024-10-19 01:09:58,764 INFO ===> Specifications: horizon = 311, dt = 0.01, n_substeps = 20, dt_sub = 0.0005
2024-10-19 01:09:58,787 DEBUG loaded <trimesh.Trimesh(vertices.shape=(916, 3), faces.shape=(856, 3))> using `load_obj` in 0.0029s
2024-10-19 01:09:58,936 DEBUG loaded <trimesh.Trimesh(vertices.shape=(48, 3), faces.shape=(28, 3))> using `load_obj` in 0.0007s
2024-10-19 01:10:31,256 INFO =====> Epoch: 90
2024-10-19 01:10:31,256 INFO =====> Loss info: {'particle_has_naninf': False, 'height_map_loss': 31.521808624267578, 'emd_loss': 35.42766571044922, 'total_loss': 31.521808624267578}
2024-10-19 01:10:31,256 INFO =====> Param: E: [667728.3], nu: [0.22601601], rho: [1480.2166], sand_angle: [23.154581]
2024-10-19 01:10:31,257 INFO =====> Grad: [-5.7752142e-03 -1.4339306e+04  2.6849472e+01 -5.0383724e+01]
2024-10-19 01:10:31,257 INFO =====> Num. aborted data so far: 0
2024-10-19 01:10:31,590 INFO ===> New TaichiEnv created.
2024-10-19 01:10:31,590 INFO ===> Specifications: horizon = 311, dt = 0.01, n_substeps = 20, dt_sub = 0.0005
2024-10-19 01:10:31,613 DEBUG loaded <trimesh.Trimesh(vertices.shape=(916, 3), faces.shape=(856, 3))> using `load_obj` in 0.0028s
2024-10-19 01:10:31,761 DEBUG loaded <trimesh.Trimesh(vertices.shape=(48, 3), faces.shape=(28, 3))> using `load_obj` in 0.0007s
2024-10-19 01:11:02,195 INFO =====> Epoch: 91
2024-10-19 01:11:02,195 INFO =====> Loss info: {'particle_has_naninf': False, 'height_map_loss': 31.51396942138672, 'emd_loss': 35.34354782104492, 'total_loss': 31.51396942138672}
2024-10-19 01:11:02,195 INFO =====> Param: E: [684236.], nu: [0.23705614], rho: [1550.863], sand_angle: [23.812298]
2024-10-19 01:11:02,195 INFO =====> Grad: [-4.6593095e-03 -1.4005747e+04 -3.5134220e+01 -2.6787103e+02]
2024-10-19 01:11:02,195 INFO =====> Num. aborted data so far: 0
2024-10-19 01:11:02,538 INFO ===> New TaichiEnv created.
2024-10-19 01:11:02,538 INFO ===> Specifications: horizon = 311, dt = 0.01, n_substeps = 20, dt_sub = 0.0005
2024-10-19 01:11:02,569 DEBUG loaded <trimesh.Trimesh(vertices.shape=(916, 3), faces.shape=(856, 3))> using `load_obj` in 0.0039s
2024-10-19 01:11:02,763 DEBUG loaded <trimesh.Trimesh(vertices.shape=(48, 3), faces.shape=(28, 3))> using `load_obj` in 0.0009s
2024-10-19 01:11:33,445 INFO =====> Epoch: 92
2024-10-19 01:11:33,445 INFO =====> Loss info: {'particle_has_naninf': False, 'height_map_loss': 31.650768280029297, 'emd_loss': 35.61388397216797, 'total_loss': 31.650768280029297}
2024-10-19 01:11:33,446 INFO =====> Param: E: [707340.06], nu: [0.24812354], rho: [1551.9307], sand_angle: [24.067204]
2024-10-19 01:11:33,446 INFO =====> Grad: [-6.6458043e-03 -1.4219123e+04 -5.0371933e-01 -9.8810593e+01]
2024-10-19 01:11:33,446 INFO =====> Num. aborted data so far: 0
2024-10-19 01:11:33,782 INFO ===> New TaichiEnv created.
2024-10-19 01:11:33,782 INFO ===> Specifications: horizon = 311, dt = 0.01, n_substeps = 20, dt_sub = 0.0005
2024-10-19 01:11:33,806 DEBUG loaded <trimesh.Trimesh(vertices.shape=(916, 3), faces.shape=(856, 3))> using `load_obj` in 0.0029s
2024-10-19 01:11:33,951 DEBUG loaded <trimesh.Trimesh(vertices.shape=(48, 3), faces.shape=(28, 3))> using `load_obj` in 0.0007s
2024-10-19 01:12:05,267 INFO =====> Epoch: 93
2024-10-19 01:12:05,268 INFO =====> Loss info: {'particle_has_naninf': False, 'height_map_loss': 31.591503143310547, 'emd_loss': 35.567413330078125, 'total_loss': 31.591503143310547}
2024-10-19 01:12:05,269 INFO =====> Param: E: [706500.75], nu: [0.24757068], rho: [1492.7366], sand_angle: [24.343346]
2024-10-19 01:12:05,269 INFO =====> Grad: [ 2.2905090e-04  6.7396350e+02  2.8573364e+01 -1.0193893e+02]
2024-10-19 01:12:05,269 INFO =====> Num. aborted data so far: 0
2024-10-19 01:12:05,606 INFO ===> New TaichiEnv created.
2024-10-19 01:12:05,606 INFO ===> Specifications: horizon = 311, dt = 0.01, n_substeps = 20, dt_sub = 0.0005
2024-10-19 01:12:05,628 DEBUG loaded <trimesh.Trimesh(vertices.shape=(916, 3), faces.shape=(856, 3))> using `load_obj` in 0.0028s
2024-10-19 01:12:05,778 DEBUG loaded <trimesh.Trimesh(vertices.shape=(48, 3), faces.shape=(28, 3))> using `load_obj` in 0.0007s
2024-10-19 01:12:36,758 INFO =====> Epoch: 94
2024-10-19 01:12:36,758 INFO =====> Loss info: {'particle_has_naninf': False, 'height_map_loss': 31.725862503051758, 'emd_loss': 35.49455642700195, 'total_loss': 31.725862503051758}
2024-10-19 01:12:36,758 INFO =====> Param: E: [725576.], nu: [0.25550756], rho: [1388.0293], sand_angle: [24.153753]
2024-10-19 01:12:36,758 INFO =====> Grad: [-5.179887e-03 -9.482339e+03  6.399161e+01  6.651655e+01]
2024-10-19 01:12:36,758 INFO =====> Num. aborted data so far: 0
2024-10-19 01:12:37,161 INFO ===> New TaichiEnv created.
2024-10-19 01:12:37,161 INFO ===> Specifications: horizon = 311, dt = 0.01, n_substeps = 20, dt_sub = 0.0005
2024-10-19 01:12:37,186 DEBUG loaded <trimesh.Trimesh(vertices.shape=(916, 3), faces.shape=(856, 3))> using `load_obj` in 0.0029s
2024-10-19 01:12:37,345 DEBUG loaded <trimesh.Trimesh(vertices.shape=(48, 3), faces.shape=(28, 3))> using `load_obj` in 0.0007s
2024-10-19 01:13:07,987 INFO =====> Epoch: 95
2024-10-19 01:13:07,987 INFO =====> Loss info: {'particle_has_naninf': False, 'height_map_loss': 31.60344123840332, 'emd_loss': 35.390296936035156, 'total_loss': 31.60344123840332}
2024-10-19 01:13:07,987 INFO =====> Param: E: [715421.75], nu: [0.2556312], rho: [1326.1075], sand_angle: [23.970715]
2024-10-19 01:13:07,987 INFO =====> Grad: [ 2.6502686e-03 -1.4015398e+02  3.9017967e+01  6.1024261e+01]
2024-10-19 01:13:07,987 INFO =====> Num. aborted data so far: 0
2024-10-19 01:13:08,331 INFO ===> New TaichiEnv created.
2024-10-19 01:13:08,331 INFO ===> Specifications: horizon = 311, dt = 0.01, n_substeps = 20, dt_sub = 0.0005
2024-10-19 01:13:08,354 DEBUG loaded <trimesh.Trimesh(vertices.shape=(916, 3), faces.shape=(856, 3))> using `load_obj` in 0.0029s
2024-10-19 01:13:08,497 DEBUG loaded <trimesh.Trimesh(vertices.shape=(48, 3), faces.shape=(28, 3))> using `load_obj` in 0.0007s
2024-10-19 01:13:40,046 INFO =====> Epoch: 96
2024-10-19 01:13:40,046 INFO =====> Loss info: {'particle_has_naninf': False, 'height_map_loss': 31.57263946533203, 'emd_loss': 35.2946662902832, 'total_loss': 31.57263946533203}
2024-10-19 01:13:40,047 INFO =====> Param: E: [701822.44], nu: [0.24416205], rho: [1307.1265], sand_angle: [24.231867]
2024-10-19 01:13:40,047 INFO =====> Grad: [ 3.4479375e-03  1.3233275e+04  1.1429183e+01 -8.2882240e+01]
2024-10-19 01:13:40,047 INFO =====> Num. aborted data so far: 0
2024-10-19 01:13:40,397 INFO ===> New TaichiEnv created.
2024-10-19 01:13:40,398 INFO ===> Specifications: horizon = 311, dt = 0.01, n_substeps = 20, dt_sub = 0.0005
2024-10-19 01:13:40,421 DEBUG loaded <trimesh.Trimesh(vertices.shape=(916, 3), faces.shape=(856, 3))> using `load_obj` in 0.0028s
2024-10-19 01:13:40,572 DEBUG loaded <trimesh.Trimesh(vertices.shape=(48, 3), faces.shape=(28, 3))> using `load_obj` in 0.0007s
2024-10-19 01:14:11,617 INFO =====> Epoch: 97
2024-10-19 01:14:11,617 INFO =====> Loss info: {'particle_has_naninf': False, 'height_map_loss': 31.594945907592773, 'emd_loss': 35.44241714477539, 'total_loss': 31.594945907592773}
2024-10-19 01:14:11,617 INFO =====> Param: E: [709379.3], nu: [0.2470894], rho: [1404.3098], sand_angle: [25.125206]
2024-10-19 01:14:11,617 INFO =====> Grad: [-1.8307507e-03 -3.2181055e+03 -7.0378128e+01 -2.8039203e+02]
2024-10-19 01:14:11,617 INFO =====> Num. aborted data so far: 0
2024-10-19 01:14:11,965 INFO ===> New TaichiEnv created.
2024-10-19 01:14:11,965 INFO ===> Specifications: horizon = 311, dt = 0.01, n_substeps = 20, dt_sub = 0.0005
2024-10-19 01:14:11,989 DEBUG loaded <trimesh.Trimesh(vertices.shape=(916, 3), faces.shape=(856, 3))> using `load_obj` in 0.0029s
2024-10-19 01:14:12,143 DEBUG loaded <trimesh.Trimesh(vertices.shape=(48, 3), faces.shape=(28, 3))> using `load_obj` in 0.0007s
2024-10-19 01:14:42,850 INFO =====> Epoch: 98
2024-10-19 01:14:42,850 INFO =====> Loss info: {'particle_has_naninf': False, 'height_map_loss': 31.837751388549805, 'emd_loss': 35.75946044921875, 'total_loss': 31.837751388549805}
2024-10-19 01:14:42,850 INFO =====> Param: E: [709055.44], nu: [0.23340152], rho: [1341.5851], sand_angle: [23.76432]
2024-10-19 01:14:42,850 INFO =====> Grad: [7.4439449e-05 1.5835574e+04 4.6944954e+01 4.4891730e+02]
2024-10-19 01:14:42,850 INFO =====> Num. aborted data so far: 0
2024-10-19 01:14:43,227 INFO ===> New TaichiEnv created.
2024-10-19 01:14:43,227 INFO ===> Specifications: horizon = 311, dt = 0.01, n_substeps = 20, dt_sub = 0.0005
2024-10-19 01:14:43,249 DEBUG loaded <trimesh.Trimesh(vertices.shape=(916, 3), faces.shape=(856, 3))> using `load_obj` in 0.0028s
2024-10-19 01:14:43,395 DEBUG loaded <trimesh.Trimesh(vertices.shape=(48, 3), faces.shape=(28, 3))> using `load_obj` in 0.0007s
2024-10-19 01:15:14,299 INFO =====> Epoch: 99
2024-10-19 01:15:14,299 INFO =====> Loss info: {'particle_has_naninf': False, 'height_map_loss': 31.612409591674805, 'emd_loss': 35.304508209228516, 'total_loss': 31.612409591674805}
2024-10-19 01:15:14,299 INFO =====> Param: E: [711033.25], nu: [0.24128929], rho: [1294.897], sand_angle: [25.05561]
2024-10-19 01:15:14,299 INFO =====> Grad: [-4.3144618e-04 -8.9396807e+03  3.4696678e+01 -4.4269049e+02]
2024-10-19 01:15:14,299 INFO =====> Num. aborted data so far: 0
2024-10-19 01:15:14,629 INFO ===> New TaichiEnv created.
2024-10-19 01:15:14,630 INFO ===> Specifications: horizon = 311, dt = 0.01, n_substeps = 20, dt_sub = 0.0005
2024-10-19 01:15:14,654 DEBUG loaded <trimesh.Trimesh(vertices.shape=(916, 3), faces.shape=(856, 3))> using `load_obj` in 0.0028s
2024-10-19 01:15:14,806 DEBUG loaded <trimesh.Trimesh(vertices.shape=(48, 3), faces.shape=(28, 3))> using `load_obj` in 0.0007s
2024-10-19 01:15:45,665 INFO =====> Epoch: 100
2024-10-19 01:15:45,665 INFO =====> Loss info: {'particle_has_naninf': False, 'height_map_loss': 31.777591705322266, 'emd_loss': 35.69119644165039, 'total_loss': 31.777591705322266}
2024-10-19 01:15:45,665 INFO =====> Param: E: [733440.25], nu: [0.2577064], rho: [1375.189], sand_angle: [26.56208]
2024-10-19 01:15:45,665 INFO =====> Grad: [-4.9588112e-03 -2.0652949e+04 -6.5710632e+01 -5.5725415e+02]
2024-10-19 01:15:45,665 INFO =====> Num. aborted data so far: 0
2024-10-19 01:15:46,024 INFO ===> New TaichiEnv created.
2024-10-19 01:15:46,024 INFO ===> Specifications: horizon = 311, dt = 0.01, n_substeps = 20, dt_sub = 0.0005
2024-10-19 01:15:46,051 DEBUG loaded <trimesh.Trimesh(vertices.shape=(916, 3), faces.shape=(856, 3))> using `load_obj` in 0.0028s
2024-10-19 01:15:46,208 DEBUG loaded <trimesh.Trimesh(vertices.shape=(48, 3), faces.shape=(28, 3))> using `load_obj` in 0.0007s
2024-10-19 01:16:17,244 INFO =====> Epoch: 101
2024-10-19 01:16:17,244 INFO =====> Loss info: {'particle_has_naninf': False, 'height_map_loss': 32.57109069824219, 'emd_loss': 35.98741912841797, 'total_loss': 32.57109069824219}
2024-10-19 01:16:17,244 INFO =====> Param: E: [772922.7], nu: [0.27892557], rho: [1412.48], sand_angle: [27.418894]
2024-10-19 01:16:17,244 INFO =====> Grad: [-1.0610915e-02 -3.4154953e+04 -2.9793137e+01 -3.1236102e+02]
2024-10-19 01:16:17,244 INFO =====> Num. aborted data so far: 0
2024-10-19 01:16:17,580 INFO ===> New TaichiEnv created.
2024-10-19 01:16:17,581 INFO ===> Specifications: horizon = 311, dt = 0.01, n_substeps = 20, dt_sub = 0.0005
2024-10-19 01:16:17,603 DEBUG loaded <trimesh.Trimesh(vertices.shape=(916, 3), faces.shape=(856, 3))> using `load_obj` in 0.0028s
2024-10-19 01:16:17,749 DEBUG loaded <trimesh.Trimesh(vertices.shape=(48, 3), faces.shape=(28, 3))> using `load_obj` in 0.0007s
2024-10-19 01:16:49,576 INFO =====> Epoch: 102
2024-10-19 01:16:49,577 INFO =====> Loss info: {'particle_has_naninf': False, 'height_map_loss': 32.723655700683594, 'emd_loss': 36.079280853271484, 'total_loss': 32.723655700683594}
2024-10-19 01:16:49,577 INFO =====> Param: E: [795094.06], nu: [0.29352242], rho: [1411.5807], sand_angle: [28.060028]
2024-10-19 01:16:49,577 INFO =====> Grad: [-6.0358257e-03 -2.5126824e+04  6.8157208e-01 -2.2644107e+02]
2024-10-19 01:16:49,577 INFO =====> Num. aborted data so far: 0
2024-10-19 01:16:49,908 INFO ===> New TaichiEnv created.
2024-10-19 01:16:49,908 INFO ===> Specifications: horizon = 311, dt = 0.01, n_substeps = 20, dt_sub = 0.0005
2024-10-19 01:16:49,930 DEBUG loaded <trimesh.Trimesh(vertices.shape=(916, 3), faces.shape=(856, 3))> using `load_obj` in 0.0028s
2024-10-19 01:16:50,079 DEBUG loaded <trimesh.Trimesh(vertices.shape=(48, 3), faces.shape=(28, 3))> using `load_obj` in 0.0007s
2024-10-19 01:17:21,183 INFO =====> Epoch: 103
2024-10-19 01:17:21,183 INFO =====> Loss info: {'particle_has_naninf': False, 'height_map_loss': 33.0157356262207, 'emd_loss': 36.288818359375, 'total_loss': 33.0157356262207}
2024-10-19 01:17:21,183 INFO =====> Param: E: [782290.6], nu: [0.2879653], rho: [1380.1218], sand_angle: [28.819874]
2024-10-19 01:17:21,183 INFO =====> Grad: [ 3.3765964e-03  9.2184980e+03  2.3082090e+01 -2.6228116e+02]
2024-10-19 01:17:21,183 INFO =====> Num. aborted data so far: 0
2024-10-19 01:17:21,522 INFO ===> New TaichiEnv created.
2024-10-19 01:17:21,522 INFO ===> Specifications: horizon = 311, dt = 0.01, n_substeps = 20, dt_sub = 0.0005
2024-10-19 01:17:21,546 DEBUG loaded <trimesh.Trimesh(vertices.shape=(916, 3), faces.shape=(856, 3))> using `load_obj` in 0.0028s
2024-10-19 01:17:21,690 DEBUG loaded <trimesh.Trimesh(vertices.shape=(48, 3), faces.shape=(28, 3))> using `load_obj` in 0.0007s
2024-10-19 01:17:52,478 INFO =====> Epoch: 104
2024-10-19 01:17:52,479 INFO =====> Loss info: {'particle_has_naninf': False, 'height_map_loss': 33.16956329345703, 'emd_loss': 36.23520278930664, 'total_loss': 33.16956329345703}
2024-10-19 01:17:52,479 INFO =====> Param: E: [763012.56], nu: [0.27546814], rho: [1329.7125], sand_angle: [27.455648]
2024-10-19 01:17:52,479 INFO =====> Grad: [5.0642071e-03 2.1410059e+04 3.7020317e+01 4.9518384e+02]
2024-10-19 01:17:52,479 INFO =====> Num. aborted data so far: 0
2024-10-19 01:17:52,865 INFO ===> New TaichiEnv created.
2024-10-19 01:17:52,865 INFO ===> Specifications: horizon = 311, dt = 0.01, n_substeps = 20, dt_sub = 0.0005
2024-10-19 01:17:52,887 DEBUG loaded <trimesh.Trimesh(vertices.shape=(916, 3), faces.shape=(856, 3))> using `load_obj` in 0.0029s
2024-10-19 01:17:53,036 DEBUG loaded <trimesh.Trimesh(vertices.shape=(48, 3), faces.shape=(28, 3))> using `load_obj` in 0.0007s
2024-10-19 01:18:24,090 INFO =====> Epoch: 105
2024-10-19 01:18:24,090 INFO =====> Loss info: {'particle_has_naninf': False, 'height_map_loss': 32.75328826904297, 'emd_loss': 36.10323715209961, 'total_loss': 32.75328826904297}
2024-10-19 01:18:24,091 INFO =====> Param: E: [787273.6], nu: [0.28404447], rho: [1355.178], sand_angle: [28.572304]
2024-10-19 01:18:24,091 INFO =====> Grad: [-6.5470021e-03 -1.4481702e+04 -1.7976706e+01 -4.1099820e+02]
2024-10-19 01:18:24,091 INFO =====> Num. aborted data so far: 0
2024-10-19 01:18:24,432 INFO ===> New TaichiEnv created.
2024-10-19 01:18:24,432 INFO ===> Specifications: horizon = 311, dt = 0.01, n_substeps = 20, dt_sub = 0.0005
2024-10-19 01:18:24,454 DEBUG loaded <trimesh.Trimesh(vertices.shape=(916, 3), faces.shape=(856, 3))> using `load_obj` in 0.0029s
2024-10-19 01:18:24,600 DEBUG loaded <trimesh.Trimesh(vertices.shape=(48, 3), faces.shape=(28, 3))> using `load_obj` in 0.0007s
2024-10-19 01:18:56,222 INFO =====> Epoch: 106
2024-10-19 01:18:56,222 INFO =====> Loss info: {'particle_has_naninf': False, 'height_map_loss': 33.149837493896484, 'emd_loss': 36.250606536865234, 'total_loss': 33.149837493896484}
2024-10-19 01:18:56,222 INFO =====> Param: E: [774966.94], nu: [0.27493316], rho: [1330.9539], sand_angle: [29.290806]
2024-10-19 01:18:56,222 INFO =====> Grad: [ 3.2120091e-03  1.5241910e+04  1.6416641e+01 -2.5762027e+02]
2024-10-19 01:18:56,222 INFO =====> Num. aborted data so far: 0
2024-10-19 01:18:56,556 INFO ===> New TaichiEnv created.
2024-10-19 01:18:56,556 INFO ===> Specifications: horizon = 311, dt = 0.01, n_substeps = 20, dt_sub = 0.0005
2024-10-19 01:18:56,579 DEBUG loaded <trimesh.Trimesh(vertices.shape=(916, 3), faces.shape=(856, 3))> using `load_obj` in 0.0028s
2024-10-19 01:18:56,724 DEBUG loaded <trimesh.Trimesh(vertices.shape=(48, 3), faces.shape=(28, 3))> using `load_obj` in 0.0007s
2024-10-19 01:19:27,558 INFO =====> Epoch: 107
2024-10-19 01:19:27,558 INFO =====> Loss info: {'particle_has_naninf': False, 'height_map_loss': 33.441123962402344, 'emd_loss': 36.47520446777344, 'total_loss': 33.441123962402344}
2024-10-19 01:19:27,559 INFO =====> Param: E: [796889.4], nu: [0.28450325], rho: [1389.0258], sand_angle: [30.425716]
2024-10-19 01:19:27,559 INFO =====> Grad: [-5.7868497e-03 -1.5935073e+04 -4.0141117e+01 -4.1359613e+02]
2024-10-19 01:19:27,559 INFO =====> Num. aborted data so far: 0
2024-10-19 01:19:27,898 INFO ===> New TaichiEnv created.
2024-10-19 01:19:27,899 INFO ===> Specifications: horizon = 311, dt = 0.01, n_substeps = 20, dt_sub = 0.0005
2024-10-19 01:19:27,922 DEBUG loaded <trimesh.Trimesh(vertices.shape=(916, 3), faces.shape=(856, 3))> using `load_obj` in 0.0029s
2024-10-19 01:19:28,074 DEBUG loaded <trimesh.Trimesh(vertices.shape=(48, 3), faces.shape=(28, 3))> using `load_obj` in 0.0007s
2024-10-19 01:19:59,391 INFO =====> Epoch: 108
2024-10-19 01:19:59,392 INFO =====> Loss info: {'particle_has_naninf': False, 'height_map_loss': 33.83238220214844, 'emd_loss': 36.72529220581055, 'total_loss': 33.83238220214844}
2024-10-19 01:19:59,392 INFO =====> Param: E: [781218.], nu: [0.2710152], rho: [1337.9447], sand_angle: [28.373064]
2024-10-19 01:19:59,392 INFO =====> Grad: [4.0507889e-03 2.3556580e+04 3.5394882e+01 9.3290881e+02]
2024-10-19 01:19:59,392 INFO =====> Num. aborted data so far: 0
2024-10-19 01:19:59,727 INFO ===> New TaichiEnv created.
2024-10-19 01:19:59,727 INFO ===> Specifications: horizon = 311, dt = 0.01, n_substeps = 20, dt_sub = 0.0005
2024-10-19 01:19:59,751 DEBUG loaded <trimesh.Trimesh(vertices.shape=(916, 3), faces.shape=(856, 3))> using `load_obj` in 0.0028s
2024-10-19 01:19:59,895 DEBUG loaded <trimesh.Trimesh(vertices.shape=(48, 3), faces.shape=(28, 3))> using `load_obj` in 0.0007s
2024-10-19 01:20:31,354 INFO =====> Epoch: 109
2024-10-19 01:20:31,354 INFO =====> Loss info: {'particle_has_naninf': False, 'height_map_loss': 33.0584831237793, 'emd_loss': 36.301429748535156, 'total_loss': 33.0584831237793}
2024-10-19 01:20:31,354 INFO =====> Param: E: [777769.75], nu: [0.26741588], rho: [1310.534], sand_angle: [27.511963]
2024-10-19 01:20:31,354 INFO =====> Grad: [8.4684341e-04 6.0025493e+03 1.8295658e+01 3.8585886e+02]
2024-10-19 01:20:31,354 INFO =====> Num. aborted data so far: 0
2024-10-19 01:20:31,684 INFO ===> New TaichiEnv created.
2024-10-19 01:20:31,684 INFO ===> Specifications: horizon = 311, dt = 0.01, n_substeps = 20, dt_sub = 0.0005
2024-10-19 01:20:31,707 DEBUG loaded <trimesh.Trimesh(vertices.shape=(916, 3), faces.shape=(856, 3))> using `load_obj` in 0.0028s
2024-10-19 01:20:31,852 DEBUG loaded <trimesh.Trimesh(vertices.shape=(48, 3), faces.shape=(28, 3))> using `load_obj` in 0.0007s
2024-10-19 01:21:02,794 INFO =====> Epoch: 110
2024-10-19 01:21:02,794 INFO =====> Loss info: {'particle_has_naninf': False, 'height_map_loss': 32.76815414428711, 'emd_loss': 36.0372314453125, 'total_loss': 32.76815414428711}
2024-10-19 01:21:02,795 INFO =====> Param: E: [785740.8], nu: [0.27308938], rho: [1291.3167], sand_angle: [28.575241]
2024-10-19 01:21:02,795 INFO =====> Grad: [-1.8720353e-03 -9.1241377e+03  1.2259565e+01 -4.7994843e+02]
2024-10-19 01:21:02,795 INFO =====> Num. aborted data so far: 0
2024-10-19 01:21:03,147 INFO ===> New TaichiEnv created.
2024-10-19 01:21:03,147 INFO ===> Specifications: horizon = 311, dt = 0.01, n_substeps = 20, dt_sub = 0.0005
2024-10-19 01:21:03,171 DEBUG loaded <trimesh.Trimesh(vertices.shape=(916, 3), faces.shape=(856, 3))> using `load_obj` in 0.0029s
2024-10-19 01:21:03,321 DEBUG loaded <trimesh.Trimesh(vertices.shape=(48, 3), faces.shape=(28, 3))> using `load_obj` in 0.0008s
2024-10-19 01:21:34,448 INFO =====> Epoch: 111
2024-10-19 01:21:34,448 INFO =====> Loss info: {'particle_has_naninf': False, 'height_map_loss': 33.146873474121094, 'emd_loss': 36.21286392211914, 'total_loss': 33.146873474121094}
2024-10-19 01:21:34,448 INFO =====> Param: E: [812423.9], nu: [0.28340372], rho: [1291.5704], sand_angle: [28.83113]
2024-10-19 01:21:34,448 INFO =====> Grad: [-6.5572201e-03 -1.6646736e+04 -1.5358545e-01 -1.0993773e+02]
2024-10-19 01:21:34,448 INFO =====> Num. aborted data so far: 0
2024-10-19 01:21:34,826 INFO ===> New TaichiEnv created.
2024-10-19 01:21:34,826 INFO ===> Specifications: horizon = 311, dt = 0.01, n_substeps = 20, dt_sub = 0.0005
2024-10-19 01:21:34,848 DEBUG loaded <trimesh.Trimesh(vertices.shape=(916, 3), faces.shape=(856, 3))> using `load_obj` in 0.0028s
2024-10-19 01:21:35,000 DEBUG loaded <trimesh.Trimesh(vertices.shape=(48, 3), faces.shape=(28, 3))> using `load_obj` in 0.0007s
2024-10-19 01:22:06,841 INFO =====> Epoch: 112
2024-10-19 01:22:06,841 INFO =====> Loss info: {'particle_has_naninf': False, 'height_map_loss': 33.222129821777344, 'emd_loss': 36.24154281616211, 'total_loss': 33.222129821777344}
2024-10-19 01:22:06,841 INFO =====> Param: E: [795082.44], nu: [0.2713377], rho: [1234.8992], sand_angle: [27.410278]
2024-10-19 01:22:06,841 INFO =====> Grad: [4.2039854e-03 1.9986676e+04 3.4853333e+01 6.4823315e+02]
2024-10-19 01:22:06,841 INFO =====> Num. aborted data so far: 0
2024-10-19 01:22:07,175 INFO ===> New TaichiEnv created.
2024-10-19 01:22:07,175 INFO ===> Specifications: horizon = 311, dt = 0.01, n_substeps = 20, dt_sub = 0.0005
2024-10-19 01:22:07,198 DEBUG loaded <trimesh.Trimesh(vertices.shape=(916, 3), faces.shape=(856, 3))> using `load_obj` in 0.0028s
2024-10-19 01:22:07,345 DEBUG loaded <trimesh.Trimesh(vertices.shape=(48, 3), faces.shape=(28, 3))> using `load_obj` in 0.0007s
2024-10-19 01:22:38,733 INFO =====> Epoch: 113
2024-10-19 01:22:38,733 INFO =====> Loss info: {'particle_has_naninf': False, 'height_map_loss': 32.77865982055664, 'emd_loss': 35.99187469482422, 'total_loss': 32.77865982055664}
2024-10-19 01:22:38,733 INFO =====> Param: E: [802016.25], nu: [0.2742603], rho: [1325.9253], sand_angle: [27.54798]
2024-10-19 01:22:38,734 INFO =====> Grad: [-1.6043368e-03 -4.6124712e+03 -6.4952438e+01 -5.9655823e+01]
2024-10-19 01:22:38,734 INFO =====> Num. aborted data so far: 0
2024-10-19 01:22:39,089 INFO ===> New TaichiEnv created.
2024-10-19 01:22:39,089 INFO ===> Specifications: horizon = 311, dt = 0.01, n_substeps = 20, dt_sub = 0.0005
2024-10-19 01:22:39,113 DEBUG loaded <trimesh.Trimesh(vertices.shape=(916, 3), faces.shape=(856, 3))> using `load_obj` in 0.0028s
2024-10-19 01:22:39,271 DEBUG loaded <trimesh.Trimesh(vertices.shape=(48, 3), faces.shape=(28, 3))> using `load_obj` in 0.0007s
2024-10-19 01:23:10,630 INFO =====> Epoch: 114
2024-10-19 01:23:10,631 INFO =====> Loss info: {'particle_has_naninf': False, 'height_map_loss': 32.81610107421875, 'emd_loss': 36.12529373168945, 'total_loss': 32.81610107421875}
2024-10-19 01:23:10,631 INFO =====> Param: E: [802835.], nu: [0.27007836], rho: [1240.278], sand_angle: [26.909065]
2024-10-19 01:23:10,631 INFO =====> Grad: [-1.7974038e-04  6.3167329e+03  6.8973724e+01  2.6812103e+02]
2024-10-19 01:23:10,631 INFO =====> Num. aborted data so far: 0
2024-10-19 01:23:11,034 INFO ===> New TaichiEnv created.
2024-10-19 01:23:11,034 INFO ===> Specifications: horizon = 311, dt = 0.01, n_substeps = 20, dt_sub = 0.0005
2024-10-19 01:23:11,064 DEBUG loaded <trimesh.Trimesh(vertices.shape=(916, 3), faces.shape=(856, 3))> using `load_obj` in 0.0039s
2024-10-19 01:23:11,255 DEBUG loaded <trimesh.Trimesh(vertices.shape=(48, 3), faces.shape=(28, 3))> using `load_obj` in 0.0009s
2024-10-19 01:23:42,615 INFO =====> Epoch: 115
2024-10-19 01:23:42,615 INFO =====> Loss info: {'particle_has_naninf': False, 'height_map_loss': 32.63678741455078, 'emd_loss': 35.904335021972656, 'total_loss': 32.63678741455078}
2024-10-19 01:23:42,615 INFO =====> Param: E: [834141.], nu: [0.28186753], rho: [1200.5211], sand_angle: [26.924091]
2024-10-19 01:23:42,615 INFO =====> Grad: [-7.5034727e-03 -1.8205850e+04  3.1382322e+01 -5.9819803e+00]
2024-10-19 01:23:42,615 INFO =====> Num. aborted data so far: 0
2024-10-19 01:23:42,955 INFO ===> New TaichiEnv created.
2024-10-19 01:23:42,955 INFO ===> Specifications: horizon = 311, dt = 0.01, n_substeps = 20, dt_sub = 0.0005
2024-10-19 01:23:42,982 DEBUG loaded <trimesh.Trimesh(vertices.shape=(916, 3), faces.shape=(856, 3))> using `load_obj` in 0.0029s
2024-10-19 01:23:43,128 DEBUG loaded <trimesh.Trimesh(vertices.shape=(48, 3), faces.shape=(28, 3))> using `load_obj` in 0.0007s
2024-10-19 01:24:14,408 INFO =====> Epoch: 116
2024-10-19 01:24:14,408 INFO =====> Loss info: {'particle_has_naninf': False, 'height_map_loss': 32.58063888549805, 'emd_loss': 35.869022369384766, 'total_loss': 32.58063888549805}
2024-10-19 01:24:14,409 INFO =====> Param: E: [853594.5], nu: [0.29257378], rho: [1200.], sand_angle: [27.230017]
2024-10-19 01:24:14,409 INFO =====> Grad: [-4.6487418e-03 -1.6669504e+04  6.0382671e+01 -1.1608920e+02]
2024-10-19 01:24:14,409 INFO =====> Num. aborted data so far: 0
2024-10-19 01:24:14,765 INFO ===> New TaichiEnv created.
2024-10-19 01:24:14,765 INFO ===> Specifications: horizon = 311, dt = 0.01, n_substeps = 20, dt_sub = 0.0005
2024-10-19 01:24:14,787 DEBUG loaded <trimesh.Trimesh(vertices.shape=(916, 3), faces.shape=(856, 3))> using `load_obj` in 0.0028s
2024-10-19 01:24:14,934 DEBUG loaded <trimesh.Trimesh(vertices.shape=(48, 3), faces.shape=(28, 3))> using `load_obj` in 0.0007s
2024-10-19 01:24:46,445 INFO =====> Epoch: 117
2024-10-19 01:24:46,445 INFO =====> Loss info: {'particle_has_naninf': False, 'height_map_loss': 32.76056671142578, 'emd_loss': 35.9346923828125, 'total_loss': 32.76056671142578}
2024-10-19 01:24:46,446 INFO =====> Param: E: [845203.8], nu: [0.29225427], rho: [1200.], sand_angle: [25.979116]
2024-10-19 01:24:46,446 INFO =====> Grad: [1.9191725e-03 4.7195917e+02 4.4044956e+01 4.9031140e+02]
2024-10-19 01:24:46,446 INFO =====> Num. aborted data so far: 0
2024-10-19 01:24:46,867 INFO ===> New TaichiEnv created.
2024-10-19 01:24:46,867 INFO ===> Specifications: horizon = 311, dt = 0.01, n_substeps = 20, dt_sub = 0.0005
2024-10-19 01:24:46,896 DEBUG loaded <trimesh.Trimesh(vertices.shape=(916, 3), faces.shape=(856, 3))> using `load_obj` in 0.0038s
2024-10-19 01:24:47,091 DEBUG loaded <trimesh.Trimesh(vertices.shape=(48, 3), faces.shape=(28, 3))> using `load_obj` in 0.0008s
2024-10-19 01:25:18,600 INFO =====> Epoch: 118
2024-10-19 01:25:18,600 INFO =====> Loss info: {'particle_has_naninf': False, 'height_map_loss': 32.29899597167969, 'emd_loss': 35.70851516723633, 'total_loss': 32.29899597167969}
2024-10-19 01:25:18,600 INFO =====> Param: E: [861630.], nu: [0.29046813], rho: [1200.], sand_angle: [24.359617]
2024-10-19 01:25:18,600 INFO =====> Grad: [-3.6909573e-03  2.5070205e+03  4.0013180e+01  7.0114062e+02]
2024-10-19 01:25:18,600 INFO =====> Num. aborted data so far: 0
2024-10-19 01:25:18,940 INFO ===> New TaichiEnv created.
2024-10-19 01:25:18,940 INFO ===> Specifications: horizon = 311, dt = 0.01, n_substeps = 20, dt_sub = 0.0005
2024-10-19 01:25:18,963 DEBUG loaded <trimesh.Trimesh(vertices.shape=(916, 3), faces.shape=(856, 3))> using `load_obj` in 0.0028s
2024-10-19 01:25:19,105 DEBUG loaded <trimesh.Trimesh(vertices.shape=(48, 3), faces.shape=(28, 3))> using `load_obj` in 0.0007s
2024-10-19 01:25:50,427 INFO =====> Epoch: 119
2024-10-19 01:25:50,427 INFO =====> Loss info: {'particle_has_naninf': False, 'height_map_loss': 31.686779022216797, 'emd_loss': 35.17638397216797, 'total_loss': 31.686779022216797}
2024-10-19 01:25:50,427 INFO =====> Param: E: [871602.75], nu: [0.29130617], rho: [1200.], sand_angle: [24.15041]
2024-10-19 01:25:50,428 INFO =====> Grad: [-2.1528089e-03 -1.1162878e+03  3.5383808e+01  8.6114525e+01]
2024-10-19 01:25:50,428 INFO =====> Num. aborted data so far: 0
2024-10-19 01:25:50,768 INFO ===> New TaichiEnv created.
2024-10-19 01:25:50,768 INFO ===> Specifications: horizon = 311, dt = 0.01, n_substeps = 20, dt_sub = 0.0005
2024-10-19 01:25:50,791 DEBUG loaded <trimesh.Trimesh(vertices.shape=(916, 3), faces.shape=(856, 3))> using `load_obj` in 0.0029s
2024-10-19 01:25:50,937 DEBUG loaded <trimesh.Trimesh(vertices.shape=(48, 3), faces.shape=(28, 3))> using `load_obj` in 0.0007s
2024-10-19 01:26:21,649 INFO =====> Epoch: 120
2024-10-19 01:26:21,649 INFO =====> Loss info: {'particle_has_naninf': False, 'height_map_loss': 31.62346839904785, 'emd_loss': 35.090972900390625, 'total_loss': 31.62346839904785}
2024-10-19 01:26:21,649 INFO =====> Param: E: [885905.6], nu: [0.29910016], rho: [1275.5153], sand_angle: [25.548841]
2024-10-19 01:26:21,649 INFO =====> Grad: [-3.0070029e-03 -1.0162644e+04 -6.7521515e+01 -6.0885504e+02]
2024-10-19 01:26:21,649 INFO =====> Num. aborted data so far: 0
2024-10-19 01:26:22,045 INFO ===> New TaichiEnv created.
2024-10-19 01:26:22,045 INFO ===> Specifications: horizon = 311, dt = 0.01, n_substeps = 20, dt_sub = 0.0005
2024-10-19 01:26:22,069 DEBUG loaded <trimesh.Trimesh(vertices.shape=(916, 3), faces.shape=(856, 3))> using `load_obj` in 0.0029s
2024-10-19 01:26:22,218 DEBUG loaded <trimesh.Trimesh(vertices.shape=(48, 3), faces.shape=(28, 3))> using `load_obj` in 0.0007s
2024-10-19 01:26:53,356 INFO =====> Epoch: 121
2024-10-19 01:26:53,356 INFO =====> Loss info: {'particle_has_naninf': False, 'height_map_loss': 31.970134735107422, 'emd_loss': 35.538848876953125, 'total_loss': 31.970134735107422}
2024-10-19 01:26:53,356 INFO =====> Param: E: [870900.06], nu: [0.28631738], rho: [1200.], sand_angle: [24.031097]
2024-10-19 01:26:53,356 INFO =====> Grad: [3.0808172e-03 1.7287635e+04 1.1724006e+02 7.1457446e+02]
2024-10-19 01:26:53,356 INFO =====> Num. aborted data so far: 0
2024-10-19 01:26:53,703 INFO ===> New TaichiEnv created.
2024-10-19 01:26:53,703 INFO ===> Specifications: horizon = 311, dt = 0.01, n_substeps = 20, dt_sub = 0.0005
2024-10-19 01:26:53,725 DEBUG loaded <trimesh.Trimesh(vertices.shape=(916, 3), faces.shape=(856, 3))> using `load_obj` in 0.0029s
2024-10-19 01:26:53,874 DEBUG loaded <trimesh.Trimesh(vertices.shape=(48, 3), faces.shape=(28, 3))> using `load_obj` in 0.0007s
2024-10-19 01:27:24,893 INFO =====> Epoch: 122
2024-10-19 01:27:24,893 INFO =====> Loss info: {'particle_has_naninf': False, 'height_map_loss': 31.530872344970703, 'emd_loss': 35.049800872802734, 'total_loss': 31.530872344970703}
2024-10-19 01:27:24,893 INFO =====> Param: E: [885187.4], nu: [0.2973739], rho: [1244.0006], sand_angle: [23.137075]
2024-10-19 01:27:24,893 INFO =====> Grad: [-2.8566702e-03 -1.5141276e+04 -4.8963783e+01  4.1630115e+02]
2024-10-19 01:27:24,893 INFO =====> Num. aborted data so far: 0
2024-10-19 01:27:25,230 INFO ===> New TaichiEnv created.
2024-10-19 01:27:25,230 INFO ===> Specifications: horizon = 311, dt = 0.01, n_substeps = 20, dt_sub = 0.0005
2024-10-19 01:27:25,253 DEBUG loaded <trimesh.Trimesh(vertices.shape=(916, 3), faces.shape=(856, 3))> using `load_obj` in 0.0029s
2024-10-19 01:27:25,394 DEBUG loaded <trimesh.Trimesh(vertices.shape=(48, 3), faces.shape=(28, 3))> using `load_obj` in 0.0007s
2024-10-19 01:27:56,040 INFO =====> Epoch: 123
2024-10-19 01:27:56,040 INFO =====> Loss info: {'particle_has_naninf': False, 'height_map_loss': 31.237340927124023, 'emd_loss': 34.937278747558594, 'total_loss': 31.237340927124023}
2024-10-19 01:27:56,040 INFO =====> Param: E: [878637.25], nu: [0.3004613], rho: [1277.8502], sand_angle: [23.661743]
2024-10-19 01:27:56,040 INFO =====> Grad: [ 1.249168e-03 -4.030317e+03 -3.658290e+01 -2.350315e+02]
2024-10-19 01:27:56,040 INFO =====> Num. aborted data so far: 0
2024-10-19 01:27:56,399 INFO ===> New TaichiEnv created.
2024-10-19 01:27:56,400 INFO ===> Specifications: horizon = 311, dt = 0.01, n_substeps = 20, dt_sub = 0.0005
2024-10-19 01:27:56,423 DEBUG loaded <trimesh.Trimesh(vertices.shape=(916, 3), faces.shape=(856, 3))> using `load_obj` in 0.0029s
2024-10-19 01:27:56,577 DEBUG loaded <trimesh.Trimesh(vertices.shape=(48, 3), faces.shape=(28, 3))> using `load_obj` in 0.0007s
2024-10-19 01:28:27,602 INFO =====> Epoch: 124
2024-10-19 01:28:27,603 INFO =====> Loss info: {'particle_has_naninf': False, 'height_map_loss': 31.46702003479004, 'emd_loss': 35.03447341918945, 'total_loss': 31.46702003479004}
2024-10-19 01:28:27,603 INFO =====> Param: E: [885941.75], nu: [0.3054731], rho: [1281.4119], sand_angle: [24.495995]
2024-10-19 01:28:27,603 INFO =====> Grad: [-1.3304560e-03 -6.2861270e+03 -3.6526244e+00 -3.6755688e+02]
2024-10-19 01:28:27,603 INFO =====> Num. aborted data so far: 0
2024-10-19 01:28:27,948 INFO ===> New TaichiEnv created.
2024-10-19 01:28:27,948 INFO ===> Specifications: horizon = 311, dt = 0.01, n_substeps = 20, dt_sub = 0.0005
2024-10-19 01:28:27,973 DEBUG loaded <trimesh.Trimesh(vertices.shape=(916, 3), faces.shape=(856, 3))> using `load_obj` in 0.0029s
2024-10-19 01:28:28,126 DEBUG loaded <trimesh.Trimesh(vertices.shape=(48, 3), faces.shape=(28, 3))> using `load_obj` in 0.0008s
2024-10-19 01:28:59,903 INFO =====> Epoch: 125
2024-10-19 01:28:59,903 INFO =====> Loss info: {'particle_has_naninf': False, 'height_map_loss': 31.597475051879883, 'emd_loss': 35.24609375, 'total_loss': 31.597475051879883}
2024-10-19 01:28:59,903 INFO =====> Param: E: [866800.9], nu: [0.28735805], rho: [1253.0398], sand_angle: [23.335321]
2024-10-19 01:28:59,904 INFO =====> Grad: [3.4701813e-03 2.6297627e+04 2.8059217e+01 5.2153003e+02]
2024-10-19 01:28:59,904 INFO =====> Num. aborted data so far: 0
2024-10-19 01:29:00,249 INFO ===> New TaichiEnv created.
2024-10-19 01:29:00,249 INFO ===> Specifications: horizon = 311, dt = 0.01, n_substeps = 20, dt_sub = 0.0005
2024-10-19 01:29:00,271 DEBUG loaded <trimesh.Trimesh(vertices.shape=(916, 3), faces.shape=(856, 3))> using `load_obj` in 0.0028s
2024-10-19 01:29:00,419 DEBUG loaded <trimesh.Trimesh(vertices.shape=(48, 3), faces.shape=(28, 3))> using `load_obj` in 0.0007s
2024-10-19 01:29:31,405 INFO =====> Epoch: 126
2024-10-19 01:29:31,405 INFO =====> Loss info: {'particle_has_naninf': False, 'height_map_loss': 31.297929763793945, 'emd_loss': 34.91978073120117, 'total_loss': 31.297929763793945}
2024-10-19 01:29:31,406 INFO =====> Param: E: [884307.94], nu: [0.29756936], rho: [1249.4869], sand_angle: [24.108133]
2024-10-19 01:29:31,406 INFO =====> Grad: [-3.1335487e-03 -1.4859086e+04  3.3341808e+00 -3.3973233e+02]
2024-10-19 01:29:31,406 INFO =====> Num. aborted data so far: 0
2024-10-19 01:29:31,759 INFO ===> New TaichiEnv created.
2024-10-19 01:29:31,759 INFO ===> Specifications: horizon = 311, dt = 0.01, n_substeps = 20, dt_sub = 0.0005
2024-10-19 01:29:31,782 DEBUG loaded <trimesh.Trimesh(vertices.shape=(916, 3), faces.shape=(856, 3))> using `load_obj` in 0.0029s
2024-10-19 01:29:31,930 DEBUG loaded <trimesh.Trimesh(vertices.shape=(48, 3), faces.shape=(28, 3))> using `load_obj` in 0.0007s
2024-10-19 01:30:02,591 INFO =====> Epoch: 127
2024-10-19 01:30:02,591 INFO =====> Loss info: {'particle_has_naninf': False, 'height_map_loss': 31.61237335205078, 'emd_loss': 35.087581634521484, 'total_loss': 31.61237335205078}
2024-10-19 01:30:02,591 INFO =====> Param: E: [876676.44], nu: [0.29142582], rho: [1251.8511], sand_angle: [23.424238]
2024-10-19 01:30:02,591 INFO =====> Grad: [ 1.3053823e-03  8.6457988e+03 -2.1050310e+00  2.9212958e+02]
2024-10-19 01:30:02,591 INFO =====> Num. aborted data so far: 0
2024-10-19 01:30:03,092 INFO ===> New TaichiEnv created.
2024-10-19 01:30:03,092 INFO ===> Specifications: horizon = 311, dt = 0.01, n_substeps = 20, dt_sub = 0.0005
2024-10-19 01:30:03,123 DEBUG loaded <trimesh.Trimesh(vertices.shape=(916, 3), faces.shape=(856, 3))> using `load_obj` in 0.0040s
2024-10-19 01:30:03,321 DEBUG loaded <trimesh.Trimesh(vertices.shape=(48, 3), faces.shape=(28, 3))> using `load_obj` in 0.0008s
2024-10-19 01:30:34,416 INFO =====> Epoch: 128
2024-10-19 01:30:34,416 INFO =====> Loss info: {'particle_has_naninf': False, 'height_map_loss': 31.348953247070312, 'emd_loss': 35.00780487060547, 'total_loss': 31.348953247070312}
2024-10-19 01:30:34,416 INFO =====> Param: E: [885006.9], nu: [0.30215502], rho: [1236.717], sand_angle: [23.469582]
2024-10-19 01:30:34,417 INFO =====> Grad: [-1.3636946e-03 -1.5227591e+04  1.2842820e+01 -1.8376408e+01]
2024-10-19 01:30:34,417 INFO =====> Num. aborted data so far: 0
2024-10-19 01:30:34,755 INFO ===> New TaichiEnv created.
2024-10-19 01:30:34,755 INFO ===> Specifications: horizon = 311, dt = 0.01, n_substeps = 20, dt_sub = 0.0005
2024-10-19 01:30:34,779 DEBUG loaded <trimesh.Trimesh(vertices.shape=(916, 3), faces.shape=(856, 3))> using `load_obj` in 0.0029s
2024-10-19 01:30:34,932 DEBUG loaded <trimesh.Trimesh(vertices.shape=(48, 3), faces.shape=(28, 3))> using `load_obj` in 0.0007s
2024-10-19 01:31:06,442 INFO =====> Epoch: 129
2024-10-19 01:31:06,442 INFO =====> Loss info: {'particle_has_naninf': False, 'height_map_loss': 31.431676864624023, 'emd_loss': 34.94638442993164, 'total_loss': 31.431676864624023}
2024-10-19 01:31:06,442 INFO =====> Param: E: [893582.8], nu: [0.30231708], rho: [1200.], sand_angle: [22.690699]
2024-10-19 01:31:06,442 INFO =====> Grad: [-1.3442637e-03 -2.1821756e+02  9.3514244e+01  3.0898303e+02]
2024-10-19 01:31:06,442 INFO =====> Num. aborted data so far: 0
2024-10-19 01:31:06,778 INFO ===> New TaichiEnv created.
2024-10-19 01:31:06,778 INFO ===> Specifications: horizon = 311, dt = 0.01, n_substeps = 20, dt_sub = 0.0005
2024-10-19 01:31:06,800 DEBUG loaded <trimesh.Trimesh(vertices.shape=(916, 3), faces.shape=(856, 3))> using `load_obj` in 0.0027s
2024-10-19 01:31:06,945 DEBUG loaded <trimesh.Trimesh(vertices.shape=(48, 3), faces.shape=(28, 3))> using `load_obj` in 0.0007s
2024-10-19 01:31:37,798 INFO =====> Epoch: 130
2024-10-19 01:31:37,798 INFO =====> Loss info: {'particle_has_naninf': False, 'height_map_loss': 31.110273361206055, 'emd_loss': 34.781307220458984, 'total_loss': 31.110273361206055}
2024-10-19 01:31:37,799 INFO =====> Param: E: [865304.4], nu: [0.28779054], rho: [1203.1449], sand_angle: [22.646444]
2024-10-19 01:31:37,799 INFO =====> Grad: [ 4.7012325e-03  2.0890172e+04 -2.9809668e+00  1.6656446e+01]
2024-10-19 01:31:37,799 INFO =====> Num. aborted data so far: 0
2024-10-19 01:31:38,147 INFO ===> New TaichiEnv created.
2024-10-19 01:31:38,147 INFO ===> Specifications: horizon = 311, dt = 0.01, n_substeps = 20, dt_sub = 0.0005
2024-10-19 01:31:38,170 DEBUG loaded <trimesh.Trimesh(vertices.shape=(916, 3), faces.shape=(856, 3))> using `load_obj` in 0.0030s
2024-10-19 01:31:38,325 DEBUG loaded <trimesh.Trimesh(vertices.shape=(48, 3), faces.shape=(28, 3))> using `load_obj` in 0.0007s
2024-10-19 01:32:09,432 INFO =====> Epoch: 131
2024-10-19 01:32:09,432 INFO =====> Loss info: {'particle_has_naninf': False, 'height_map_loss': 30.9931640625, 'emd_loss': 34.81611633300781, 'total_loss': 30.9931640625}
2024-10-19 01:32:09,432 INFO =====> Param: E: [840850.4], nu: [0.28905523], rho: [1254.8767], sand_angle: [23.482859]
2024-10-19 01:32:09,432 INFO =====> Grad: [ 4.1820607e-03 -1.7267605e+03 -4.9228653e+01 -3.0968375e+02]
2024-10-19 01:32:09,432 INFO =====> Num. aborted data so far: 0
2024-10-19 01:32:09,835 INFO ===> New TaichiEnv created.
2024-10-19 01:32:09,835 INFO ===> Specifications: horizon = 311, dt = 0.01, n_substeps = 20, dt_sub = 0.0005
2024-10-19 01:32:09,857 DEBUG loaded <trimesh.Trimesh(vertices.shape=(916, 3), faces.shape=(856, 3))> using `load_obj` in 0.0029s
2024-10-19 01:32:10,006 DEBUG loaded <trimesh.Trimesh(vertices.shape=(48, 3), faces.shape=(28, 3))> using `load_obj` in 0.0007s
2024-10-19 01:32:41,391 INFO =====> Epoch: 132
2024-10-19 01:32:41,391 INFO =====> Loss info: {'particle_has_naninf': False, 'height_map_loss': 31.42678451538086, 'emd_loss': 34.98370361328125, 'total_loss': 31.42678451538086}
2024-10-19 01:32:41,391 INFO =====> Param: E: [846558.5], nu: [0.2981054], rho: [1303.974], sand_angle: [24.746288]
2024-10-19 01:32:41,391 INFO =====> Grad: [-9.2988950e-04 -1.2234376e+04 -4.6628967e+01 -4.8409711e+02]
2024-10-19 01:32:41,391 INFO =====> Num. aborted data so far: 0
2024-10-19 01:32:41,731 INFO ===> New TaichiEnv created.
2024-10-19 01:32:41,731 INFO ===> Specifications: horizon = 311, dt = 0.01, n_substeps = 20, dt_sub = 0.0005
2024-10-19 01:32:41,754 DEBUG loaded <trimesh.Trimesh(vertices.shape=(916, 3), faces.shape=(856, 3))> using `load_obj` in 0.0028s
2024-10-19 01:32:41,894 DEBUG loaded <trimesh.Trimesh(vertices.shape=(48, 3), faces.shape=(28, 3))> using `load_obj` in 0.0007s
2024-10-19 01:33:12,711 INFO =====> Epoch: 133
2024-10-19 01:33:12,711 INFO =====> Loss info: {'particle_has_naninf': False, 'height_map_loss': 31.749391555786133, 'emd_loss': 35.3830680847168, 'total_loss': 31.749391555786133}
2024-10-19 01:33:12,711 INFO =====> Param: E: [852357.1], nu: [0.30735287], rho: [1320.9972], sand_angle: [26.177258]
2024-10-19 01:33:12,711 INFO =====> Grad: [-8.9994661e-04 -1.2401727e+04 -1.5427406e+01 -5.8329144e+02]
2024-10-19 01:33:12,712 INFO =====> Num. aborted data so far: 0
2024-10-19 01:33:13,198 INFO ===> New TaichiEnv created.
2024-10-19 01:33:13,198 INFO ===> Specifications: horizon = 311, dt = 0.01, n_substeps = 20, dt_sub = 0.0005
2024-10-19 01:33:13,228 DEBUG loaded <trimesh.Trimesh(vertices.shape=(916, 3), faces.shape=(856, 3))> using `load_obj` in 0.0040s
2024-10-19 01:33:13,426 DEBUG loaded <trimesh.Trimesh(vertices.shape=(48, 3), faces.shape=(28, 3))> using `load_obj` in 0.0009s
2024-10-19 01:33:44,647 INFO =====> Epoch: 134
2024-10-19 01:33:44,647 INFO =====> Loss info: {'particle_has_naninf': False, 'height_map_loss': 32.39873123168945, 'emd_loss': 35.725521087646484, 'total_loss': 32.39873123168945}
2024-10-19 01:33:44,648 INFO =====> Param: E: [877233.8], nu: [0.3043577], rho: [1284.462], sand_angle: [25.437738]
2024-10-19 01:33:44,648 INFO =====> Grad: [-3.9838599e-03  3.8278613e+03  3.2284866e+01  2.9412961e+02]
2024-10-19 01:33:44,648 INFO =====> Num. aborted data so far: 0
2024-10-19 01:33:44,996 INFO ===> New TaichiEnv created.
2024-10-19 01:33:44,996 INFO ===> Specifications: horizon = 311, dt = 0.01, n_substeps = 20, dt_sub = 0.0005
2024-10-19 01:33:45,023 DEBUG loaded <trimesh.Trimesh(vertices.shape=(916, 3), faces.shape=(856, 3))> using `load_obj` in 0.0030s
2024-10-19 01:33:45,166 DEBUG loaded <trimesh.Trimesh(vertices.shape=(48, 3), faces.shape=(28, 3))> using `load_obj` in 0.0007s
2024-10-19 01:34:16,934 INFO =====> Epoch: 135
2024-10-19 01:34:16,934 INFO =====> Loss info: {'particle_has_naninf': False, 'height_map_loss': 31.869834899902344, 'emd_loss': 35.402713775634766, 'total_loss': 31.869834899902344}
2024-10-19 01:34:16,935 INFO =====> Param: E: [862459.25], nu: [0.29250348], rho: [1274.5361], sand_angle: [25.186314]
2024-10-19 01:34:16,935 INFO =====> Grad: [2.3085203e-03 1.5502970e+04 8.3375015e+00 9.5168861e+01]
2024-10-19 01:34:16,936 INFO =====> Num. aborted data so far: 0
2024-10-19 01:34:17,291 INFO ===> New TaichiEnv created.
2024-10-19 01:34:17,291 INFO ===> Specifications: horizon = 311, dt = 0.01, n_substeps = 20, dt_sub = 0.0005
2024-10-19 01:34:17,314 DEBUG loaded <trimesh.Trimesh(vertices.shape=(916, 3), faces.shape=(856, 3))> using `load_obj` in 0.0029s
2024-10-19 01:34:17,458 DEBUG loaded <trimesh.Trimesh(vertices.shape=(48, 3), faces.shape=(28, 3))> using `load_obj` in 0.0007s
2024-10-19 01:34:48,291 INFO =====> Epoch: 136
2024-10-19 01:34:48,291 INFO =====> Loss info: {'particle_has_naninf': False, 'height_map_loss': 31.802459716796875, 'emd_loss': 35.400001525878906, 'total_loss': 31.802459716796875}
2024-10-19 01:34:48,291 INFO =====> Param: E: [883531.75], nu: [0.29139918], rho: [1220.7336], sand_angle: [25.601229]
2024-10-19 01:34:48,291 INFO =====> Grad: [-3.3128953e-03  1.3709358e+03  4.5594414e+01 -1.5029283e+02]
2024-10-19 01:34:48,291 INFO =====> Num. aborted data so far: 0
2024-10-19 01:34:48,648 INFO ===> New TaichiEnv created.
2024-10-19 01:34:48,648 INFO ===> Specifications: horizon = 311, dt = 0.01, n_substeps = 20, dt_sub = 0.0005
2024-10-19 01:34:48,672 DEBUG loaded <trimesh.Trimesh(vertices.shape=(916, 3), faces.shape=(856, 3))> using `load_obj` in 0.0029s
2024-10-19 01:34:48,826 DEBUG loaded <trimesh.Trimesh(vertices.shape=(48, 3), faces.shape=(28, 3))> using `load_obj` in 0.0007s
2024-10-19 01:35:19,716 INFO =====> Epoch: 137
2024-10-19 01:35:19,716 INFO =====> Loss info: {'particle_has_naninf': False, 'height_map_loss': 32.006771087646484, 'emd_loss': 35.60126876831055, 'total_loss': 32.006771087646484}
2024-10-19 01:35:19,717 INFO =====> Param: E: [864980.1], nu: [0.2780527], rho: [1254.9691], sand_angle: [25.123463]
2024-10-19 01:35:19,717 INFO =====> Grad: [ 2.8942169e-03  1.7338607e+04 -2.8192581e+01  1.6608522e+02]
2024-10-19 01:35:19,717 INFO =====> Num. aborted data so far: 0
2024-10-19 01:35:20,068 INFO ===> New TaichiEnv created.
2024-10-19 01:35:20,068 INFO ===> Specifications: horizon = 311, dt = 0.01, n_substeps = 20, dt_sub = 0.0005
2024-10-19 01:35:20,091 DEBUG loaded <trimesh.Trimesh(vertices.shape=(916, 3), faces.shape=(856, 3))> using `load_obj` in 0.0029s
2024-10-19 01:35:20,240 DEBUG loaded <trimesh.Trimesh(vertices.shape=(48, 3), faces.shape=(28, 3))> using `load_obj` in 0.0007s
2024-10-19 01:35:51,900 INFO =====> Epoch: 138
2024-10-19 01:35:51,900 INFO =====> Loss info: {'particle_has_naninf': False, 'height_map_loss': 31.77313232421875, 'emd_loss': 35.43095779418945, 'total_loss': 31.77313232421875}
2024-10-19 01:35:51,900 INFO =====> Param: E: [870164.], nu: [0.28825736], rho: [1318.2507], sand_angle: [26.812502]
2024-10-19 01:35:51,900 INFO =====> Grad: [-7.6981587e-04 -1.3287597e+04 -5.3946590e+01 -6.5888525e+02]
2024-10-19 01:35:51,900 INFO =====> Num. aborted data so far: 0
2024-10-19 01:35:52,238 INFO ===> New TaichiEnv created.
2024-10-19 01:35:52,238 INFO ===> Specifications: horizon = 311, dt = 0.01, n_substeps = 20, dt_sub = 0.0005
2024-10-19 01:35:52,261 DEBUG loaded <trimesh.Trimesh(vertices.shape=(916, 3), faces.shape=(856, 3))> using `load_obj` in 0.0028s
2024-10-19 01:35:52,411 DEBUG loaded <trimesh.Trimesh(vertices.shape=(48, 3), faces.shape=(28, 3))> using `load_obj` in 0.0007s
2024-10-19 01:36:23,740 INFO =====> Epoch: 139
2024-10-19 01:36:23,740 INFO =====> Loss info: {'particle_has_naninf': False, 'height_map_loss': 32.583866119384766, 'emd_loss': 35.8571891784668, 'total_loss': 32.583866119384766}
2024-10-19 01:36:23,740 INFO =====> Param: E: [875455.06], nu: [0.28703174], rho: [1353.3948], sand_angle: [27.709566]
2024-10-19 01:36:23,740 INFO =====> Grad: [-7.4803911e-04  1.5151433e+03 -2.9151598e+01 -3.4620425e+02]
2024-10-19 01:36:23,740 INFO =====> Num. aborted data so far: 0
2024-10-19 01:36:24,094 INFO ===> New TaichiEnv created.
2024-10-19 01:36:24,094 INFO ===> Specifications: horizon = 311, dt = 0.01, n_substeps = 20, dt_sub = 0.0005
2024-10-19 01:36:24,118 DEBUG loaded <trimesh.Trimesh(vertices.shape=(916, 3), faces.shape=(856, 3))> using `load_obj` in 0.0028s
2024-10-19 01:36:24,268 DEBUG loaded <trimesh.Trimesh(vertices.shape=(48, 3), faces.shape=(28, 3))> using `load_obj` in 0.0007s
2024-10-19 01:36:55,326 INFO =====> Epoch: 140
2024-10-19 01:36:55,326 INFO =====> Loss info: {'particle_has_naninf': False, 'height_map_loss': 32.93267059326172, 'emd_loss': 36.11366271972656, 'total_loss': 32.93267059326172}
2024-10-19 01:36:55,326 INFO =====> Param: E: [906130.], nu: [0.2980131], rho: [1328.8226], sand_angle: [28.80776]
2024-10-19 01:36:55,326 INFO =====> Grad: [-4.7046146e-03 -1.3733318e+04  1.9574186e+01 -4.2876236e+02]
2024-10-19 01:36:55,326 INFO =====> Num. aborted data so far: 0
2024-10-19 01:36:55,673 INFO ===> New TaichiEnv created.
2024-10-19 01:36:55,673 INFO ===> Specifications: horizon = 311, dt = 0.01, n_substeps = 20, dt_sub = 0.0005
2024-10-19 01:36:55,696 DEBUG loaded <trimesh.Trimesh(vertices.shape=(916, 3), faces.shape=(856, 3))> using `load_obj` in 0.0029s
2024-10-19 01:36:55,844 DEBUG loaded <trimesh.Trimesh(vertices.shape=(48, 3), faces.shape=(28, 3))> using `load_obj` in 0.0007s
2024-10-19 01:37:27,231 INFO =====> Epoch: 141
2024-10-19 01:37:27,232 INFO =====> Loss info: {'particle_has_naninf': False, 'height_map_loss': 33.30596160888672, 'emd_loss': 36.15951156616211, 'total_loss': 33.30596160888672}
2024-10-19 01:37:27,232 INFO =====> Param: E: [886787.6], nu: [0.28968695], rho: [1366.4233], sand_angle: [29.540674]
2024-10-19 01:37:27,233 INFO =====> Grad: [ 2.9559303e-03  1.0239663e+04 -2.9254904e+01 -2.7906223e+02]
2024-10-19 01:37:27,233 INFO =====> Num. aborted data so far: 0
2024-10-19 01:37:27,572 INFO ===> New TaichiEnv created.
2024-10-19 01:37:27,572 INFO ===> Specifications: horizon = 311, dt = 0.01, n_substeps = 20, dt_sub = 0.0005
2024-10-19 01:37:27,595 DEBUG loaded <trimesh.Trimesh(vertices.shape=(916, 3), faces.shape=(856, 3))> using `load_obj` in 0.0028s
2024-10-19 01:37:27,737 DEBUG loaded <trimesh.Trimesh(vertices.shape=(48, 3), faces.shape=(28, 3))> using `load_obj` in 0.0007s
2024-10-19 01:37:58,890 INFO =====> Epoch: 142
2024-10-19 01:37:58,890 INFO =====> Loss info: {'particle_has_naninf': False, 'height_map_loss': 33.52996826171875, 'emd_loss': 36.45743179321289, 'total_loss': 33.52996826171875}
2024-10-19 01:37:58,890 INFO =====> Param: E: [875119.25], nu: [0.2848949], rho: [1436.3207], sand_angle: [29.406813]
2024-10-19 01:37:58,890 INFO =====> Grad: [ 1.7212164e-03  5.6562300e+03 -5.7517696e+01  4.8396320e+01]
2024-10-19 01:37:58,890 INFO =====> Num. aborted data so far: 0
2024-10-19 01:37:59,230 INFO ===> New TaichiEnv created.
2024-10-19 01:37:59,230 INFO ===> Specifications: horizon = 311, dt = 0.01, n_substeps = 20, dt_sub = 0.0005
2024-10-19 01:37:59,253 DEBUG loaded <trimesh.Trimesh(vertices.shape=(916, 3), faces.shape=(856, 3))> using `load_obj` in 0.0028s
2024-10-19 01:37:59,399 DEBUG loaded <trimesh.Trimesh(vertices.shape=(48, 3), faces.shape=(28, 3))> using `load_obj` in 0.0007s
2024-10-19 01:38:29,913 INFO =====> Epoch: 143
2024-10-19 01:38:29,913 INFO =====> Loss info: {'particle_has_naninf': False, 'height_map_loss': 33.482948303222656, 'emd_loss': 36.44174575805664, 'total_loss': 33.482948303222656}
2024-10-19 01:38:29,914 INFO =====> Param: E: [906877.2], nu: [0.2811911], rho: [1476.3712], sand_angle: [28.756235]
2024-10-19 01:38:29,914 INFO =====> Grad: [-5.1391385e-03  4.1761689e+03 -3.2319851e+01  2.2801825e+02]
2024-10-19 01:38:29,914 INFO =====> Num. aborted data so far: 0
2024-10-19 01:38:30,336 INFO ===> New TaichiEnv created.
2024-10-19 01:38:30,337 INFO ===> Specifications: horizon = 311, dt = 0.01, n_substeps = 20, dt_sub = 0.0005
2024-10-19 01:38:30,367 DEBUG loaded <trimesh.Trimesh(vertices.shape=(916, 3), faces.shape=(856, 3))> using `load_obj` in 0.0039s
2024-10-19 01:38:30,560 DEBUG loaded <trimesh.Trimesh(vertices.shape=(48, 3), faces.shape=(28, 3))> using `load_obj` in 0.0008s
2024-10-19 01:39:02,169 INFO =====> Epoch: 144
2024-10-19 01:39:02,169 INFO =====> Loss info: {'particle_has_naninf': False, 'height_map_loss': 33.23577117919922, 'emd_loss': 36.180206298828125, 'total_loss': 33.23577117919922}
2024-10-19 01:39:02,169 INFO =====> Param: E: [898916.3], nu: [0.28427336], rho: [1460.6154], sand_angle: [27.997892]
2024-10-19 01:39:02,169 INFO =====> Grad: [ 1.2319392e-03 -3.3127593e+03  1.2122443e+01  2.5972833e+02]
2024-10-19 01:39:02,169 INFO =====> Num. aborted data so far: 0
2024-10-19 01:39:02,503 INFO ===> New TaichiEnv created.
2024-10-19 01:39:02,503 INFO ===> Specifications: horizon = 311, dt = 0.01, n_substeps = 20, dt_sub = 0.0005
2024-10-19 01:39:02,525 DEBUG loaded <trimesh.Trimesh(vertices.shape=(916, 3), faces.shape=(856, 3))> using `load_obj` in 0.0029s
2024-10-19 01:39:02,670 DEBUG loaded <trimesh.Trimesh(vertices.shape=(48, 3), faces.shape=(28, 3))> using `load_obj` in 0.0007s
2024-10-19 01:39:33,867 INFO =====> Epoch: 145
2024-10-19 01:39:33,867 INFO =====> Loss info: {'particle_has_naninf': False, 'height_map_loss': 32.97050476074219, 'emd_loss': 36.2135009765625, 'total_loss': 32.97050476074219}
2024-10-19 01:39:33,867 INFO =====> Param: E: [918186.94], nu: [0.2975069], rho: [1466.6395], sand_angle: [27.72112]
2024-10-19 01:39:33,868 INFO =====> Grad: [-2.9703153e-03 -1.4856840e+04 -4.4003348e+00  9.0274559e+01]
2024-10-19 01:39:33,868 INFO =====> Num. aborted data so far: 0
2024-10-19 01:39:34,204 INFO ===> New TaichiEnv created.
2024-10-19 01:39:34,205 INFO ===> Specifications: horizon = 311, dt = 0.01, n_substeps = 20, dt_sub = 0.0005
2024-10-19 01:39:34,227 DEBUG loaded <trimesh.Trimesh(vertices.shape=(916, 3), faces.shape=(856, 3))> using `load_obj` in 0.0029s
2024-10-19 01:39:34,370 DEBUG loaded <trimesh.Trimesh(vertices.shape=(48, 3), faces.shape=(28, 3))> using `load_obj` in 0.0007s
2024-10-19 01:40:05,603 INFO =====> Epoch: 146
2024-10-19 01:40:05,604 INFO =====> Loss info: {'particle_has_naninf': False, 'height_map_loss': 32.955833435058594, 'emd_loss': 36.12236785888672, 'total_loss': 32.955833435058594}
2024-10-19 01:40:05,604 INFO =====> Param: E: [894450.7], nu: [0.2865483], rho: [1396.6863], sand_angle: [25.560919]
2024-10-19 01:40:05,604 INFO =====> Grad: [3.7446059e-03 1.2442542e+04 5.4052570e+01 9.1527771e+02]
2024-10-19 01:40:05,604 INFO =====> Num. aborted data so far: 0
2024-10-19 01:40:05,968 INFO ===> New TaichiEnv created.
2024-10-19 01:40:05,968 INFO ===> Specifications: horizon = 311, dt = 0.01, n_substeps = 20, dt_sub = 0.0005
2024-10-19 01:40:05,992 DEBUG loaded <trimesh.Trimesh(vertices.shape=(916, 3), faces.shape=(856, 3))> using `load_obj` in 0.0029s
2024-10-19 01:40:06,147 DEBUG loaded <trimesh.Trimesh(vertices.shape=(48, 3), faces.shape=(28, 3))> using `load_obj` in 0.0007s
2024-10-19 01:40:37,143 INFO =====> Epoch: 147
2024-10-19 01:40:37,143 INFO =====> Loss info: {'particle_has_naninf': False, 'height_map_loss': 31.981626510620117, 'emd_loss': 35.572227478027344, 'total_loss': 31.981626510620117}
2024-10-19 01:40:37,143 INFO =====> Param: E: [879126.2], nu: [0.28320155], rho: [1385.127], sand_angle: [26.179007]
2024-10-19 01:40:37,143 INFO =====> Grad: [ 2.3639617e-03  3.6252771e+03  8.4962358e+00 -2.5333080e+02]
2024-10-19 01:40:37,143 INFO =====> Num. aborted data so far: 0
2024-10-19 01:40:37,483 INFO ===> New TaichiEnv created.
2024-10-19 01:40:37,483 INFO ===> Specifications: horizon = 311, dt = 0.01, n_substeps = 20, dt_sub = 0.0005
2024-10-19 01:40:37,506 DEBUG loaded <trimesh.Trimesh(vertices.shape=(916, 3), faces.shape=(856, 3))> using `load_obj` in 0.0028s
2024-10-19 01:40:37,648 DEBUG loaded <trimesh.Trimesh(vertices.shape=(48, 3), faces.shape=(28, 3))> using `load_obj` in 0.0007s
2024-10-19 01:41:09,107 INFO =====> Epoch: 148
2024-10-19 01:41:09,107 INFO =====> Loss info: {'particle_has_naninf': False, 'height_map_loss': 32.43263244628906, 'emd_loss': 35.77286911010742, 'total_loss': 32.43263244628906}
2024-10-19 01:41:09,107 INFO =====> Param: E: [894680.06], nu: [0.28548217], rho: [1315.5963], sand_angle: [25.72807]
2024-10-19 01:41:09,107 INFO =====> Grad: [-2.3483455e-03 -2.3497725e+03  5.3982952e+01  1.7714804e+02]
2024-10-19 01:41:09,107 INFO =====> Num. aborted data so far: 0
2024-10-19 01:41:09,448 INFO ===> New TaichiEnv created.
2024-10-19 01:41:09,448 INFO ===> Specifications: horizon = 311, dt = 0.01, n_substeps = 20, dt_sub = 0.0005
2024-10-19 01:41:09,470 DEBUG loaded <trimesh.Trimesh(vertices.shape=(916, 3), faces.shape=(856, 3))> using `load_obj` in 0.0028s
2024-10-19 01:41:09,609 DEBUG loaded <trimesh.Trimesh(vertices.shape=(48, 3), faces.shape=(28, 3))> using `load_obj` in 0.0007s
2024-10-19 01:41:40,260 INFO =====> Epoch: 149
2024-10-19 01:41:40,260 INFO =====> Loss info: {'particle_has_naninf': False, 'height_map_loss': 32.061065673828125, 'emd_loss': 35.74544143676758, 'total_loss': 32.061065673828125}
2024-10-19 01:41:40,260 INFO =====> Param: E: [900517.25], nu: [0.29384148], rho: [1204.2992], sand_angle: [24.49941]
2024-10-19 01:41:40,260 INFO =====> Grad: [-8.3966670e-04 -8.4721777e+03  1.1541111e+02  4.9694537e+02]
2024-10-19 01:41:40,260 INFO =====> Num. aborted data so far: 0
2024-10-19 01:41:40,262 INFO ====> Finished training.
2024-10-19 01:41:40,262 INFO ====> Final loss: 
2024-10-19 01:41:40,262 INFO ====> Final params: E [900517.25], nu [0.29384148], rho [1204.2992], sand_angle [24.49941]
2024-10-19 01:41:40,262 INFO ===> End grad computation at:, 2024-10-19 1:41:40
2024-10-19 01:41:40,262 INFO ===> Total time taken: 4819.979202270508 seconds
2024-10-19 01:41:40,262 INFO ===> Number of aborted data: 0
