2024-10-16 00:46:00,474 INFO ===> Start grad computation at:, 2024-10-16 0:46:0
2024-10-16 00:46:00,721 INFO ===> New TaichiEnv created.
2024-10-16 00:46:00,721 INFO ===> Specifications: horizon = 311, dt = 0.01, n_substeps = 20, dt_sub = 0.0005
2024-10-16 00:46:00,861 DEBUG loaded <trimesh.Trimesh(vertices.shape=(916, 3), faces.shape=(856, 3))> using `load_obj` in 0.0027s
2024-10-16 00:46:01,007 DEBUG loaded <trimesh.Trimesh(vertices.shape=(48, 3), faces.shape=(28, 3))> using `load_obj` in 0.0007s
2024-10-16 00:47:08,908 INFO =====> Epoch: 0
2024-10-16 00:47:08,908 INFO =====> Loss info: {'particle_has_naninf': False, 'height_map_loss': 30.95033073425293, 'emd_loss': 30.861703872680664, 'total_loss': 30.861703872680664}
2024-10-16 00:47:08,908 INFO =====> Param: E: [909772.1], nu: [0.27046034], rho: [1814.4235], sand_angle: [26.732178]
2024-10-16 00:47:08,908 INFO =====> Grad: [-5.3870137e-04 -6.9845894e+03  5.3886105e+01 -1.7456854e+02]
2024-10-16 00:47:08,908 INFO =====> Num. aborted data so far: 0
2024-10-16 00:47:09,365 INFO ===> New TaichiEnv created.
2024-10-16 00:47:09,365 INFO ===> Specifications: horizon = 311, dt = 0.01, n_substeps = 20, dt_sub = 0.0005
2024-10-16 00:47:09,393 DEBUG loaded <trimesh.Trimesh(vertices.shape=(916, 3), faces.shape=(856, 3))> using `load_obj` in 0.0038s
2024-10-16 00:47:09,576 DEBUG loaded <trimesh.Trimesh(vertices.shape=(48, 3), faces.shape=(28, 3))> using `load_obj` in 0.0008s
2024-10-16 00:47:55,667 INFO =====> Epoch: 1
2024-10-16 00:47:55,667 INFO =====> Loss info: {'particle_has_naninf': False, 'height_map_loss': 32.17334747314453, 'emd_loss': 31.373552322387695, 'total_loss': 31.373552322387695}
2024-10-16 00:47:55,668 INFO =====> Param: E: [846590.3], nu: [0.2391566], rho: [1843.6992], sand_angle: [23.602385]
2024-10-16 00:47:55,668 INFO =====> Grad: [ 1.3037082e-02  4.6293055e+04 -9.6318960e+00  1.1464933e+03]
2024-10-16 00:47:55,668 INFO =====> Num. aborted data so far: 0
2024-10-16 00:47:55,941 INFO ===> New TaichiEnv created.
2024-10-16 00:47:55,941 INFO ===> Specifications: horizon = 311, dt = 0.01, n_substeps = 20, dt_sub = 0.0005
2024-10-16 00:47:55,962 DEBUG loaded <trimesh.Trimesh(vertices.shape=(916, 3), faces.shape=(856, 3))> using `load_obj` in 0.0028s
2024-10-16 00:47:56,099 DEBUG loaded <trimesh.Trimesh(vertices.shape=(48, 3), faces.shape=(28, 3))> using `load_obj` in 0.0007s
2024-10-16 00:48:40,825 INFO =====> Epoch: 2
2024-10-16 00:48:40,825 INFO =====> Loss info: {'particle_has_naninf': False, 'height_map_loss': 30.969112396240234, 'emd_loss': 30.841794967651367, 'total_loss': 30.841794967651367}
2024-10-16 00:48:40,825 INFO =====> Param: E: [891524.6], nu: [0.2584381], rho: [1755.744], sand_angle: [23.903954]
2024-10-16 00:48:40,825 INFO =====> Grad: [-1.24993045e-02 -3.41291016e+04  3.30359154e+01 -1.05280144e+02]
2024-10-16 00:48:40,825 INFO =====> Num. aborted data so far: 0
2024-10-16 00:48:41,148 INFO ===> New TaichiEnv created.
2024-10-16 00:48:41,148 INFO ===> Specifications: horizon = 311, dt = 0.01, n_substeps = 20, dt_sub = 0.0005
2024-10-16 00:48:41,169 DEBUG loaded <trimesh.Trimesh(vertices.shape=(916, 3), faces.shape=(856, 3))> using `load_obj` in 0.0028s
2024-10-16 00:48:41,304 DEBUG loaded <trimesh.Trimesh(vertices.shape=(48, 3), faces.shape=(28, 3))> using `load_obj` in 0.0006s
2024-10-16 00:49:26,238 INFO =====> Epoch: 3
2024-10-16 00:49:26,238 INFO =====> Loss info: {'particle_has_naninf': False, 'height_map_loss': 30.988311767578125, 'emd_loss': 30.85725975036621, 'total_loss': 30.85725975036621}
2024-10-16 00:49:26,238 INFO =====> Param: E: [895749.44], nu: [0.257804], rho: [1642.7944], sand_angle: [23.09403]
2024-10-16 00:49:26,238 INFO =====> Grad: [-1.1173926e-03  1.0650015e+03  5.7513264e+01  2.7749713e+02]
2024-10-16 00:49:26,238 INFO =====> Num. aborted data so far: 0
2024-10-16 00:49:26,517 INFO ===> New TaichiEnv created.
2024-10-16 00:49:26,517 INFO ===> Specifications: horizon = 311, dt = 0.01, n_substeps = 20, dt_sub = 0.0005
2024-10-16 00:49:26,538 DEBUG loaded <trimesh.Trimesh(vertices.shape=(916, 3), faces.shape=(856, 3))> using `load_obj` in 0.0028s
2024-10-16 00:49:26,675 DEBUG loaded <trimesh.Trimesh(vertices.shape=(48, 3), faces.shape=(28, 3))> using `load_obj` in 0.0007s
2024-10-16 00:50:11,874 INFO =====> Epoch: 4
2024-10-16 00:50:11,875 INFO =====> Loss info: {'particle_has_naninf': False, 'height_map_loss': 30.82801055908203, 'emd_loss': 30.601993560791016, 'total_loss': 30.601993560791016}
2024-10-16 00:50:11,875 INFO =====> Param: E: [890871.5], nu: [0.2599708], rho: [1542.5251], sand_angle: [22.192995]
2024-10-16 00:50:11,875 INFO =====> Grad: [ 1.2275847e-03 -3.4606338e+03  6.2643940e+01  3.0553766e+02]
2024-10-16 00:50:11,875 INFO =====> Num. aborted data so far: 0
2024-10-16 00:50:12,157 INFO ===> New TaichiEnv created.
2024-10-16 00:50:12,157 INFO ===> Specifications: horizon = 311, dt = 0.01, n_substeps = 20, dt_sub = 0.0005
2024-10-16 00:50:12,179 DEBUG loaded <trimesh.Trimesh(vertices.shape=(916, 3), faces.shape=(856, 3))> using `load_obj` in 0.0029s
2024-10-16 00:50:12,318 DEBUG loaded <trimesh.Trimesh(vertices.shape=(48, 3), faces.shape=(28, 3))> using `load_obj` in 0.0007s
2024-10-16 00:50:57,280 INFO =====> Epoch: 5
2024-10-16 00:50:57,280 INFO =====> Loss info: {'particle_has_naninf': False, 'height_map_loss': 30.434864044189453, 'emd_loss': 30.52315902709961, 'total_loss': 30.52315902709961}
2024-10-16 00:50:57,280 INFO =====> Param: E: [921628.], nu: [0.2809391], rho: [1644.6025], sand_angle: [23.686522]
2024-10-16 00:50:57,281 INFO =====> Grad: [-8.4036617e-03 -4.2442117e+04 -7.9222740e+01 -5.4508435e+02]
2024-10-16 00:50:57,281 INFO =====> Num. aborted data so far: 0
2024-10-16 00:50:57,553 INFO ===> New TaichiEnv created.
2024-10-16 00:50:57,553 INFO ===> Specifications: horizon = 311, dt = 0.01, n_substeps = 20, dt_sub = 0.0005
2024-10-16 00:50:57,575 DEBUG loaded <trimesh.Trimesh(vertices.shape=(916, 3), faces.shape=(856, 3))> using `load_obj` in 0.0028s
2024-10-16 00:50:57,711 DEBUG loaded <trimesh.Trimesh(vertices.shape=(48, 3), faces.shape=(28, 3))> using `load_obj` in 0.0007s
2024-10-16 00:51:43,047 INFO =====> Epoch: 6
2024-10-16 00:51:43,047 INFO =====> Loss info: {'particle_has_naninf': False, 'height_map_loss': 31.002973556518555, 'emd_loss': 30.756872177124023, 'total_loss': 30.756872177124023}
2024-10-16 00:51:43,047 INFO =====> Param: E: [918583.5], nu: [0.27198726], rho: [1687.7028], sand_angle: [23.2407]
2024-10-16 00:51:43,048 INFO =====> Grad: [ 7.9008262e-04  1.7922801e+04 -3.2982731e+01  1.5591704e+02]
2024-10-16 00:51:43,048 INFO =====> Num. aborted data so far: 0
2024-10-16 00:51:43,346 INFO ===> New TaichiEnv created.
2024-10-16 00:51:43,346 INFO ===> Specifications: horizon = 311, dt = 0.01, n_substeps = 20, dt_sub = 0.0005
2024-10-16 00:51:43,375 DEBUG loaded <trimesh.Trimesh(vertices.shape=(916, 3), faces.shape=(856, 3))> using `load_obj` in 0.0040s
2024-10-16 00:51:43,524 DEBUG loaded <trimesh.Trimesh(vertices.shape=(48, 3), faces.shape=(28, 3))> using `load_obj` in 0.0007s
2024-10-16 00:52:40,167 INFO =====> Epoch: 7
2024-10-16 00:52:40,167 INFO =====> Loss info: {'particle_has_naninf': False, 'height_map_loss': 30.891820907592773, 'emd_loss': 30.676584243774414, 'total_loss': 30.676584243774414}
2024-10-16 00:52:40,168 INFO =====> Param: E: [918771.06], nu: [0.27295926], rho: [1736.8243], sand_angle: [23.196363]
2024-10-16 00:52:40,168 INFO =====> Grad: [-4.61809832e-05 -1.84709729e+03 -3.75181313e+01  1.47113285e+01]
2024-10-16 00:52:40,168 INFO =====> Num. aborted data so far: 0
2024-10-16 00:52:40,489 INFO ===> New TaichiEnv created.
2024-10-16 00:52:40,489 INFO ===> Specifications: horizon = 311, dt = 0.01, n_substeps = 20, dt_sub = 0.0005
2024-10-16 00:52:40,510 DEBUG loaded <trimesh.Trimesh(vertices.shape=(916, 3), faces.shape=(856, 3))> using `load_obj` in 0.0028s
2024-10-16 00:52:40,646 DEBUG loaded <trimesh.Trimesh(vertices.shape=(48, 3), faces.shape=(28, 3))> using `load_obj` in 0.0007s
2024-10-16 00:53:26,480 INFO =====> Epoch: 8
2024-10-16 00:53:26,480 INFO =====> Loss info: {'particle_has_naninf': False, 'height_map_loss': 30.87415885925293, 'emd_loss': 30.569385528564453, 'total_loss': 30.569385528564453}
2024-10-16 00:53:26,480 INFO =====> Param: E: [885880.9], nu: [0.26609588], rho: [1795.6104], sand_angle: [23.31451]
2024-10-16 00:53:26,480 INFO =====> Grad: [ 8.9936750e-03  1.2675281e+04 -4.5884865e+01 -3.7217251e+01]
2024-10-16 00:53:26,480 INFO =====> Num. aborted data so far: 0
2024-10-16 00:53:26,765 INFO ===> New TaichiEnv created.
2024-10-16 00:53:26,765 INFO ===> Specifications: horizon = 311, dt = 0.01, n_substeps = 20, dt_sub = 0.0005
2024-10-16 00:53:26,787 DEBUG loaded <trimesh.Trimesh(vertices.shape=(916, 3), faces.shape=(856, 3))> using `load_obj` in 0.0028s
2024-10-16 00:53:26,920 DEBUG loaded <trimesh.Trimesh(vertices.shape=(48, 3), faces.shape=(28, 3))> using `load_obj` in 0.0006s
2024-10-16 00:54:22,636 INFO =====> Epoch: 9
2024-10-16 00:54:22,637 INFO =====> Loss info: {'particle_has_naninf': False, 'height_map_loss': 30.83968734741211, 'emd_loss': 30.645679473876953, 'total_loss': 30.645679473876953}
2024-10-16 00:54:22,637 INFO =====> Param: E: [894789.94], nu: [0.2666254], rho: [1768.527], sand_angle: [23.359667]
2024-10-16 00:54:22,637 INFO =====> Grad: [-2.3344113e-03 -9.2789056e+02  2.0355673e+01 -1.3495828e+01]
2024-10-16 00:54:22,637 INFO =====> Num. aborted data so far: 0
2024-10-16 00:54:22,979 INFO ===> New TaichiEnv created.
2024-10-16 00:54:22,979 INFO ===> Specifications: horizon = 311, dt = 0.01, n_substeps = 20, dt_sub = 0.0005
2024-10-16 00:54:23,001 DEBUG loaded <trimesh.Trimesh(vertices.shape=(916, 3), faces.shape=(856, 3))> using `load_obj` in 0.0028s
2024-10-16 00:54:23,140 DEBUG loaded <trimesh.Trimesh(vertices.shape=(48, 3), faces.shape=(28, 3))> using `load_obj` in 0.0007s
2024-10-16 00:55:08,126 INFO =====> Epoch: 10
2024-10-16 00:55:08,126 INFO =====> Loss info: {'particle_has_naninf': False, 'height_map_loss': 30.856229782104492, 'emd_loss': 30.692699432373047, 'total_loss': 30.692699432373047}
2024-10-16 00:55:08,126 INFO =====> Param: E: [870302.4], nu: [0.25848997], rho: [1849.9941], sand_angle: [22.443096]
2024-10-16 00:55:08,127 INFO =====> Grad: [ 6.6020577e-03  1.3995027e+04 -6.7777176e+01  2.7153586e+02]
2024-10-16 00:55:08,127 INFO =====> Num. aborted data so far: 0
2024-10-16 00:55:08,410 INFO ===> New TaichiEnv created.
2024-10-16 00:55:08,410 INFO ===> Specifications: horizon = 311, dt = 0.01, n_substeps = 20, dt_sub = 0.0005
2024-10-16 00:55:08,431 DEBUG loaded <trimesh.Trimesh(vertices.shape=(916, 3), faces.shape=(856, 3))> using `load_obj` in 0.0028s
2024-10-16 00:55:08,567 DEBUG loaded <trimesh.Trimesh(vertices.shape=(48, 3), faces.shape=(28, 3))> using `load_obj` in 0.0007s
2024-10-16 00:55:54,135 INFO =====> Epoch: 11
2024-10-16 00:55:54,135 INFO =====> Loss info: {'particle_has_naninf': False, 'height_map_loss': 30.542707443237305, 'emd_loss': 30.597951889038086, 'total_loss': 30.597951889038086}
2024-10-16 00:55:54,135 INFO =====> Param: E: [835916.5], nu: [0.24785261], rho: [1830.681], sand_angle: [20.779484]
2024-10-16 00:55:54,135 INFO =====> Grad: [1.04791075e-02 1.84341406e+04 1.53581781e+01 5.49786011e+02]
2024-10-16 00:55:54,135 INFO =====> Num. aborted data so far: 0
2024-10-16 00:55:54,447 INFO ===> New TaichiEnv created.
2024-10-16 00:55:54,447 INFO ===> Specifications: horizon = 311, dt = 0.01, n_substeps = 20, dt_sub = 0.0005
2024-10-16 00:55:54,469 DEBUG loaded <trimesh.Trimesh(vertices.shape=(916, 3), faces.shape=(856, 3))> using `load_obj` in 0.0028s
2024-10-16 00:55:54,607 DEBUG loaded <trimesh.Trimesh(vertices.shape=(48, 3), faces.shape=(28, 3))> using `load_obj` in 0.0007s
2024-10-16 00:56:39,756 INFO =====> Epoch: 12
2024-10-16 00:56:39,756 INFO =====> Loss info: {'particle_has_naninf': False, 'height_map_loss': 30.107099533081055, 'emd_loss': 30.457134246826172, 'total_loss': 30.457134246826172}
2024-10-16 00:56:39,756 INFO =====> Param: E: [825608.25], nu: [0.24423659], rho: [1850.6208], sand_angle: [20.565388]
2024-10-16 00:56:39,756 INFO =====> Grad: [ 3.02063418e-03  5.98410889e+03 -1.51638775e+01  6.72776642e+01]
2024-10-16 00:56:39,756 INFO =====> Num. aborted data so far: 0
2024-10-16 00:56:40,051 INFO ===> New TaichiEnv created.
2024-10-16 00:56:40,052 INFO ===> Specifications: horizon = 311, dt = 0.01, n_substeps = 20, dt_sub = 0.0005
2024-10-16 00:56:40,081 DEBUG loaded <trimesh.Trimesh(vertices.shape=(916, 3), faces.shape=(856, 3))> using `load_obj` in 0.0039s
2024-10-16 00:56:40,266 DEBUG loaded <trimesh.Trimesh(vertices.shape=(48, 3), faces.shape=(28, 3))> using `load_obj` in 0.0008s
2024-10-16 00:57:25,480 INFO =====> Epoch: 13
2024-10-16 00:57:25,480 INFO =====> Loss info: {'particle_has_naninf': False, 'height_map_loss': 30.095928192138672, 'emd_loss': 30.41724395751953, 'total_loss': 30.41724395751953}
2024-10-16 00:57:25,480 INFO =====> Param: E: [826479.25], nu: [0.24276349], rho: [1841.8362], sand_angle: [20.380646]
2024-10-16 00:57:25,480 INFO =====> Grad: [-2.4215781e-04  2.3152239e+03  6.3475819e+00  5.5168308e+01]
2024-10-16 00:57:25,480 INFO =====> Num. aborted data so far: 0
2024-10-16 00:57:25,768 INFO ===> New TaichiEnv created.
2024-10-16 00:57:25,768 INFO ===> Specifications: horizon = 311, dt = 0.01, n_substeps = 20, dt_sub = 0.0005
2024-10-16 00:57:25,790 DEBUG loaded <trimesh.Trimesh(vertices.shape=(916, 3), faces.shape=(856, 3))> using `load_obj` in 0.0027s
2024-10-16 00:57:25,927 DEBUG loaded <trimesh.Trimesh(vertices.shape=(48, 3), faces.shape=(28, 3))> using `load_obj` in 0.0007s
2024-10-16 00:58:11,192 INFO =====> Epoch: 14
2024-10-16 00:58:11,192 INFO =====> Loss info: {'particle_has_naninf': False, 'height_map_loss': 30.04645538330078, 'emd_loss': 30.391639709472656, 'total_loss': 30.391639709472656}
2024-10-16 00:58:11,192 INFO =====> Param: E: [822166.7], nu: [0.24426277], rho: [1950.1578], sand_angle: [21.132292]
2024-10-16 00:58:11,192 INFO =====> Grad: [ 1.1401040e-03 -2.2379607e+03 -1.0193225e+02 -2.1922372e+02]
2024-10-16 00:58:11,192 INFO =====> Num. aborted data so far: 0
2024-10-16 00:58:11,487 INFO ===> New TaichiEnv created.
2024-10-16 00:58:11,487 INFO ===> Specifications: horizon = 311, dt = 0.01, n_substeps = 20, dt_sub = 0.0005
2024-10-16 00:58:11,510 DEBUG loaded <trimesh.Trimesh(vertices.shape=(916, 3), faces.shape=(856, 3))> using `load_obj` in 0.0028s
2024-10-16 00:58:11,649 DEBUG loaded <trimesh.Trimesh(vertices.shape=(48, 3), faces.shape=(28, 3))> using `load_obj` in 0.0007s
2024-10-16 00:58:56,969 INFO =====> Epoch: 15
2024-10-16 00:58:56,969 INFO =====> Loss info: {'particle_has_naninf': False, 'height_map_loss': 30.19749641418457, 'emd_loss': 30.500024795532227, 'total_loss': 30.500024795532227}
2024-10-16 00:58:56,969 INFO =====> Param: E: [856714.9], nu: [0.26058525], rho: [1955.0533], sand_angle: [19.739305]
2024-10-16 00:58:56,969 INFO =====> Grad: [-1.0344474e-02 -2.6987102e+04 -4.3724852e+00  4.2932455e+02]
2024-10-16 00:58:56,969 INFO =====> Num. aborted data so far: 0
2024-10-16 00:58:57,270 INFO ===> New TaichiEnv created.
2024-10-16 00:58:57,270 INFO ===> Specifications: horizon = 311, dt = 0.01, n_substeps = 20, dt_sub = 0.0005
2024-10-16 00:58:57,292 DEBUG loaded <trimesh.Trimesh(vertices.shape=(916, 3), faces.shape=(856, 3))> using `load_obj` in 0.0028s
2024-10-16 00:58:57,433 DEBUG loaded <trimesh.Trimesh(vertices.shape=(48, 3), faces.shape=(28, 3))> using `load_obj` in 0.0007s
2024-10-16 00:59:42,592 INFO =====> Epoch: 16
2024-10-16 00:59:42,592 INFO =====> Loss info: {'particle_has_naninf': False, 'height_map_loss': 29.908279418945312, 'emd_loss': 30.21245765686035, 'total_loss': 30.21245765686035}
2024-10-16 00:59:42,592 INFO =====> Param: E: [840044.2], nu: [0.25619885], rho: [1988.7153], sand_angle: [19.050873]
2024-10-16 00:59:42,592 INFO =====> Grad: [ 4.9090059e-03  6.9473359e+03 -2.9191633e+01  2.0623582e+02]
2024-10-16 00:59:42,592 INFO =====> Num. aborted data so far: 0
2024-10-16 00:59:42,884 INFO ===> New TaichiEnv created.
2024-10-16 00:59:42,884 INFO ===> Specifications: horizon = 311, dt = 0.01, n_substeps = 20, dt_sub = 0.0005
2024-10-16 00:59:42,906 DEBUG loaded <trimesh.Trimesh(vertices.shape=(916, 3), faces.shape=(856, 3))> using `load_obj` in 0.0027s
2024-10-16 00:59:43,043 DEBUG loaded <trimesh.Trimesh(vertices.shape=(48, 3), faces.shape=(28, 3))> using `load_obj` in 0.0007s
2024-10-16 01:00:27,818 INFO =====> Epoch: 17
2024-10-16 01:00:27,818 INFO =====> Loss info: {'particle_has_naninf': False, 'height_map_loss': 29.724441528320312, 'emd_loss': 30.15870475769043, 'total_loss': 30.15870475769043}
2024-10-16 01:00:27,819 INFO =====> Param: E: [873835.9], nu: [0.27566493], rho: [1973.5203], sand_angle: [19.414667]
2024-10-16 01:00:27,819 INFO =====> Grad: [-1.1167660e-02 -3.7114023e+04  1.2559060e+01 -1.0408171e+02]
2024-10-16 01:00:27,819 INFO =====> Num. aborted data so far: 0
2024-10-16 01:00:28,122 INFO ===> New TaichiEnv created.
2024-10-16 01:00:28,123 INFO ===> Specifications: horizon = 311, dt = 0.01, n_substeps = 20, dt_sub = 0.0005
2024-10-16 01:00:28,145 DEBUG loaded <trimesh.Trimesh(vertices.shape=(916, 3), faces.shape=(856, 3))> using `load_obj` in 0.0029s
2024-10-16 01:00:28,290 DEBUG loaded <trimesh.Trimesh(vertices.shape=(48, 3), faces.shape=(28, 3))> using `load_obj` in 0.0007s
2024-10-16 01:01:13,305 INFO =====> Epoch: 18
2024-10-16 01:01:13,305 INFO =====> Loss info: {'particle_has_naninf': False, 'height_map_loss': 29.852008819580078, 'emd_loss': 30.237722396850586, 'total_loss': 30.237722396850586}
2024-10-16 01:01:13,305 INFO =====> Param: E: [892444.5], nu: [0.2888394], rho: [2011.2961], sand_angle: [19.348421]
2024-10-16 01:01:13,305 INFO =====> Grad: [-6.1045066e-03 -2.6212631e+04 -3.0503738e+01  1.7984116e+01]
2024-10-16 01:01:13,305 INFO =====> Num. aborted data so far: 0
2024-10-16 01:01:13,607 INFO ===> New TaichiEnv created.
2024-10-16 01:01:13,608 INFO ===> Specifications: horizon = 311, dt = 0.01, n_substeps = 20, dt_sub = 0.0005
2024-10-16 01:01:13,630 DEBUG loaded <trimesh.Trimesh(vertices.shape=(916, 3), faces.shape=(856, 3))> using `load_obj` in 0.0028s
2024-10-16 01:01:13,771 DEBUG loaded <trimesh.Trimesh(vertices.shape=(48, 3), faces.shape=(28, 3))> using `load_obj` in 0.0007s
2024-10-16 01:02:10,613 INFO =====> Epoch: 19
2024-10-16 01:02:10,613 INFO =====> Loss info: {'particle_has_naninf': False, 'height_map_loss': 29.841466903686523, 'emd_loss': 30.23324966430664, 'total_loss': 30.23324966430664}
2024-10-16 01:02:10,613 INFO =====> Param: E: [861659.2], nu: [0.268562], rho: [2044.9114], sand_angle: [17.227476]
2024-10-16 01:02:10,614 INFO =====> Grad: [ 1.0967807e-02  4.9878965e+04 -2.6353567e+01  7.3644507e+02]
2024-10-16 01:02:10,614 INFO =====> Num. aborted data so far: 0
2024-10-16 01:02:11,023 INFO ===> New TaichiEnv created.
2024-10-16 01:02:11,023 INFO ===> Specifications: horizon = 311, dt = 0.01, n_substeps = 20, dt_sub = 0.0005
2024-10-16 01:02:11,052 DEBUG loaded <trimesh.Trimesh(vertices.shape=(916, 3), faces.shape=(856, 3))> using `load_obj` in 0.0039s
2024-10-16 01:02:11,211 DEBUG loaded <trimesh.Trimesh(vertices.shape=(48, 3), faces.shape=(28, 3))> using `load_obj` in 0.0007s
2024-10-16 01:02:56,206 INFO =====> Epoch: 20
2024-10-16 01:02:56,206 INFO =====> Loss info: {'particle_has_naninf': False, 'height_map_loss': 29.377300262451172, 'emd_loss': 29.999183654785156, 'total_loss': 29.999183654785156}
2024-10-16 01:02:56,207 INFO =====> Param: E: [842239.5], nu: [0.26132953], rho: [2086.5237], sand_angle: [18.39294]
2024-10-16 01:02:56,207 INFO =====> Grad: [ 6.8967231e-03  1.7337184e+04 -3.2079922e+01 -4.1298257e+02]
2024-10-16 01:02:56,207 INFO =====> Num. aborted data so far: 0
2024-10-16 01:02:56,529 INFO ===> New TaichiEnv created.
2024-10-16 01:02:56,529 INFO ===> Specifications: horizon = 311, dt = 0.01, n_substeps = 20, dt_sub = 0.0005
2024-10-16 01:02:56,552 DEBUG loaded <trimesh.Trimesh(vertices.shape=(916, 3), faces.shape=(856, 3))> using `load_obj` in 0.0029s
2024-10-16 01:02:56,700 DEBUG loaded <trimesh.Trimesh(vertices.shape=(48, 3), faces.shape=(28, 3))> using `load_obj` in 0.0008s
2024-10-16 01:03:41,833 INFO =====> Epoch: 21
2024-10-16 01:03:41,833 INFO =====> Loss info: {'particle_has_naninf': False, 'height_map_loss': 29.62384033203125, 'emd_loss': 29.956336975097656, 'total_loss': 29.956336975097656}
2024-10-16 01:03:41,834 INFO =====> Param: E: [833325.94], nu: [0.25868282], rho: [2148.2383], sand_angle: [19.748135]
2024-10-16 01:03:41,834 INFO =====> Grad: [ 3.0333956e-03  6.0401162e+03 -4.9024433e+01 -5.0421854e+02]
2024-10-16 01:03:41,834 INFO =====> Num. aborted data so far: 0
2024-10-16 01:03:42,144 INFO ===> New TaichiEnv created.
2024-10-16 01:03:42,144 INFO ===> Specifications: horizon = 311, dt = 0.01, n_substeps = 20, dt_sub = 0.0005
2024-10-16 01:03:42,166 DEBUG loaded <trimesh.Trimesh(vertices.shape=(916, 3), faces.shape=(856, 3))> using `load_obj` in 0.0028s
2024-10-16 01:03:42,307 DEBUG loaded <trimesh.Trimesh(vertices.shape=(48, 3), faces.shape=(28, 3))> using `load_obj` in 0.0007s
2024-10-16 01:04:27,737 INFO =====> Epoch: 22
2024-10-16 01:04:27,737 INFO =====> Loss info: {'particle_has_naninf': False, 'height_map_loss': 29.909622192382812, 'emd_loss': 30.270275115966797, 'total_loss': 30.270275115966797}
2024-10-16 01:04:27,737 INFO =====> Param: E: [810015.5], nu: [0.2437292], rho: [2166.1924], sand_angle: [17.710732]
2024-10-16 01:04:27,737 INFO =====> Grad: [ 8.0956994e-03  3.6742422e+04 -1.3618451e+01  9.4031824e+02]
2024-10-16 01:04:27,737 INFO =====> Num. aborted data so far: 0
2024-10-16 01:04:28,087 INFO ===> New TaichiEnv created.
2024-10-16 01:04:28,087 INFO ===> Specifications: horizon = 311, dt = 0.01, n_substeps = 20, dt_sub = 0.0005
2024-10-16 01:04:28,118 DEBUG loaded <trimesh.Trimesh(vertices.shape=(916, 3), faces.shape=(856, 3))> using `load_obj` in 0.0028s
2024-10-16 01:04:28,263 DEBUG loaded <trimesh.Trimesh(vertices.shape=(48, 3), faces.shape=(28, 3))> using `load_obj` in 0.0007s
2024-10-16 01:05:13,694 INFO =====> Epoch: 23
2024-10-16 01:05:13,694 INFO =====> Loss info: {'particle_has_naninf': False, 'height_map_loss': 29.471019744873047, 'emd_loss': 30.03550148010254, 'total_loss': 30.03550148010254}
2024-10-16 01:05:13,694 INFO =====> Param: E: [814737.5], nu: [0.24719879], rho: [2160.219], sand_angle: [17.72032]
2024-10-16 01:05:13,694 INFO =====> Grad: [-1.5601495e-03 -8.1367441e+03  4.3014121e+00 -4.1978769e+00]
2024-10-16 01:05:13,694 INFO =====> Num. aborted data so far: 0
2024-10-16 01:05:14,022 INFO ===> New TaichiEnv created.
2024-10-16 01:05:14,023 INFO ===> Specifications: horizon = 311, dt = 0.01, n_substeps = 20, dt_sub = 0.0005
2024-10-16 01:05:14,050 DEBUG loaded <trimesh.Trimesh(vertices.shape=(916, 3), faces.shape=(856, 3))> using `load_obj` in 0.0032s
2024-10-16 01:05:14,199 DEBUG loaded <trimesh.Trimesh(vertices.shape=(48, 3), faces.shape=(28, 3))> using `load_obj` in 0.0007s
2024-10-16 01:05:59,343 INFO =====> Epoch: 24
2024-10-16 01:05:59,343 INFO =====> Loss info: {'particle_has_naninf': False, 'height_map_loss': 29.464237213134766, 'emd_loss': 30.036090850830078, 'total_loss': 30.036090850830078}
2024-10-16 01:05:59,343 INFO =====> Param: E: [818392.75], nu: [0.25092685], rho: [2169.5671], sand_angle: [17.81406]
2024-10-16 01:05:59,343 INFO =====> Grad: [-1.1476353e-03 -8.3525146e+03 -6.3974481e+00 -3.8954552e+01]
2024-10-16 01:05:59,344 INFO =====> Num. aborted data so far: 0
2024-10-16 01:05:59,646 INFO ===> New TaichiEnv created.
2024-10-16 01:05:59,647 INFO ===> Specifications: horizon = 311, dt = 0.01, n_substeps = 20, dt_sub = 0.0005
2024-10-16 01:05:59,670 DEBUG loaded <trimesh.Trimesh(vertices.shape=(916, 3), faces.shape=(856, 3))> using `load_obj` in 0.0028s
2024-10-16 01:05:59,812 DEBUG loaded <trimesh.Trimesh(vertices.shape=(48, 3), faces.shape=(28, 3))> using `load_obj` in 0.0007s
2024-10-16 01:06:46,820 INFO =====> Epoch: 25
2024-10-16 01:06:46,820 INFO =====> Loss info: {'particle_has_naninf': False, 'height_map_loss': 29.48748016357422, 'emd_loss': 29.992542266845703, 'total_loss': 29.992542266845703}
2024-10-16 01:06:46,821 INFO =====> Param: E: [859751.], nu: [0.26564702], rho: [2170.0066], sand_angle: [18.901539]
2024-10-16 01:06:46,821 INFO =====> Grad: [-1.6282856e-02 -3.5350797e+04 -2.8538248e-01 -4.5656744e+02]
2024-10-16 01:06:46,821 INFO =====> Num. aborted data so far: 0
2024-10-16 01:06:47,153 INFO ===> New TaichiEnv created.
2024-10-16 01:06:47,154 INFO ===> Specifications: horizon = 311, dt = 0.01, n_substeps = 20, dt_sub = 0.0005
2024-10-16 01:06:47,183 DEBUG loaded <trimesh.Trimesh(vertices.shape=(916, 3), faces.shape=(856, 3))> using `load_obj` in 0.0039s
2024-10-16 01:06:47,374 DEBUG loaded <trimesh.Trimesh(vertices.shape=(48, 3), faces.shape=(28, 3))> using `load_obj` in 0.0008s
2024-10-16 01:07:32,744 INFO =====> Epoch: 26
2024-10-16 01:07:32,744 INFO =====> Loss info: {'particle_has_naninf': False, 'height_map_loss': 29.704605102539062, 'emd_loss': 30.097763061523438, 'total_loss': 30.097763061523438}
2024-10-16 01:07:32,744 INFO =====> Param: E: [851413.2], nu: [0.2526533], rho: [2118.2239], sand_angle: [19.360249]
2024-10-16 01:07:32,744 INFO =====> Grad: [ 3.1415799e-03  3.2471188e+04  3.3755383e+01 -1.8465489e+02]
2024-10-16 01:07:32,745 INFO =====> Num. aborted data so far: 0
2024-10-16 01:07:33,061 INFO ===> New TaichiEnv created.
2024-10-16 01:07:33,061 INFO ===> Specifications: horizon = 311, dt = 0.01, n_substeps = 20, dt_sub = 0.0005
2024-10-16 01:07:33,084 DEBUG loaded <trimesh.Trimesh(vertices.shape=(916, 3), faces.shape=(856, 3))> using `load_obj` in 0.0028s
2024-10-16 01:07:33,225 DEBUG loaded <trimesh.Trimesh(vertices.shape=(48, 3), faces.shape=(28, 3))> using `load_obj` in 0.0007s
2024-10-16 01:08:18,635 INFO =====> Epoch: 27
2024-10-16 01:08:18,635 INFO =====> Loss info: {'particle_has_naninf': False, 'height_map_loss': 29.82270050048828, 'emd_loss': 30.23750114440918, 'total_loss': 30.23750114440918}
2024-10-16 01:08:18,635 INFO =====> Param: E: [854423.3], nu: [0.26233542], rho: [2155.8848], sand_angle: [21.44964]
2024-10-16 01:08:18,635 INFO =====> Grad: [-1.0772076e-03 -2.4111803e+04 -2.3980207e+01 -1.0630140e+03]
2024-10-16 01:08:18,635 INFO =====> Num. aborted data so far: 0
2024-10-16 01:08:18,942 INFO ===> New TaichiEnv created.
2024-10-16 01:08:18,942 INFO ===> Specifications: horizon = 311, dt = 0.01, n_substeps = 20, dt_sub = 0.0005
2024-10-16 01:08:18,965 DEBUG loaded <trimesh.Trimesh(vertices.shape=(916, 3), faces.shape=(856, 3))> using `load_obj` in 0.0028s
2024-10-16 01:08:19,107 DEBUG loaded <trimesh.Trimesh(vertices.shape=(48, 3), faces.shape=(28, 3))> using `load_obj` in 0.0007s
2024-10-16 01:09:05,369 INFO =====> Epoch: 28
2024-10-16 01:09:05,369 INFO =====> Loss info: {'particle_has_naninf': False, 'height_map_loss': 30.344011306762695, 'emd_loss': 30.524736404418945, 'total_loss': 30.524736404418945}
2024-10-16 01:09:05,369 INFO =====> Param: E: [838981.2], nu: [0.24817386], rho: [2084.7883], sand_angle: [20.990713]
2024-10-16 01:09:05,369 INFO =====> Grad: [5.4061171e-03 3.7419340e+04 4.8081875e+01 2.2387547e+02]
2024-10-16 01:09:05,369 INFO =====> Num. aborted data so far: 0
2024-10-16 01:09:05,684 INFO ===> New TaichiEnv created.
2024-10-16 01:09:05,684 INFO ===> Specifications: horizon = 311, dt = 0.01, n_substeps = 20, dt_sub = 0.0005
2024-10-16 01:09:05,706 DEBUG loaded <trimesh.Trimesh(vertices.shape=(916, 3), faces.shape=(856, 3))> using `load_obj` in 0.0029s
2024-10-16 01:09:05,888 DEBUG loaded <trimesh.Trimesh(vertices.shape=(48, 3), faces.shape=(28, 3))> using `load_obj` in 0.0008s
2024-10-16 01:09:51,825 INFO =====> Epoch: 29
2024-10-16 01:09:51,825 INFO =====> Loss info: {'particle_has_naninf': False, 'height_map_loss': 30.238107681274414, 'emd_loss': 30.51432991027832, 'total_loss': 30.51432991027832}
2024-10-16 01:09:51,825 INFO =====> Param: E: [827275.94], nu: [0.24350795], rho: [2017.5751], sand_angle: [19.768461]
2024-10-16 01:09:51,825 INFO =====> Grad: [3.9559323e-03 1.1825581e+04 4.7641872e+01 6.1330878e+02]
2024-10-16 01:09:51,825 INFO =====> Num. aborted data so far: 0
2024-10-16 01:09:52,133 INFO ===> New TaichiEnv created.
2024-10-16 01:09:52,133 INFO ===> Specifications: horizon = 311, dt = 0.01, n_substeps = 20, dt_sub = 0.0005
2024-10-16 01:09:52,155 DEBUG loaded <trimesh.Trimesh(vertices.shape=(916, 3), faces.shape=(856, 3))> using `load_obj` in 0.0028s
2024-10-16 01:09:52,297 DEBUG loaded <trimesh.Trimesh(vertices.shape=(48, 3), faces.shape=(28, 3))> using `load_obj` in 0.0007s
2024-10-16 01:10:36,782 INFO =====> Epoch: 30
2024-10-16 01:10:36,782 INFO =====> Loss info: {'particle_has_naninf': False, 'height_map_loss': 29.89504051208496, 'emd_loss': 30.26800537109375, 'total_loss': 30.26800537109375}
2024-10-16 01:10:36,782 INFO =====> Param: E: [823268.4], nu: [0.24015358], rho: [2083.4443], sand_angle: [19.5432]
2024-10-16 01:10:36,782 INFO =====> Grad: [ 1.28748186e-03  8.11102490e+03 -4.87226295e+01  1.07505684e+02]
2024-10-16 01:10:36,782 INFO =====> Num. aborted data so far: 0
2024-10-16 01:10:37,087 INFO ===> New TaichiEnv created.
2024-10-16 01:10:37,088 INFO ===> Specifications: horizon = 311, dt = 0.01, n_substeps = 20, dt_sub = 0.0005
2024-10-16 01:10:37,113 DEBUG loaded <trimesh.Trimesh(vertices.shape=(916, 3), faces.shape=(856, 3))> using `load_obj` in 0.0028s
2024-10-16 01:10:37,254 DEBUG loaded <trimesh.Trimesh(vertices.shape=(48, 3), faces.shape=(28, 3))> using `load_obj` in 0.0007s
2024-10-16 01:11:22,396 INFO =====> Epoch: 31
2024-10-16 01:11:22,397 INFO =====> Loss info: {'particle_has_naninf': False, 'height_map_loss': 29.85362434387207, 'emd_loss': 30.316478729248047, 'total_loss': 30.316478729248047}
2024-10-16 01:11:22,397 INFO =====> Param: E: [835906.06], nu: [0.24427886], rho: [2085.0344], sand_angle: [20.267456]
2024-10-16 01:11:22,397 INFO =====> Grad: [-3.9309841e-03 -9.5448008e+03 -1.1158468e+00 -3.3686707e+02]
2024-10-16 01:11:22,397 INFO =====> Num. aborted data so far: 0
2024-10-16 01:11:22,707 INFO ===> New TaichiEnv created.
2024-10-16 01:11:22,707 INFO ===> Specifications: horizon = 311, dt = 0.01, n_substeps = 20, dt_sub = 0.0005
2024-10-16 01:11:22,730 DEBUG loaded <trimesh.Trimesh(vertices.shape=(916, 3), faces.shape=(856, 3))> using `load_obj` in 0.0029s
2024-10-16 01:11:22,869 DEBUG loaded <trimesh.Trimesh(vertices.shape=(48, 3), faces.shape=(28, 3))> using `load_obj` in 0.0007s
2024-10-16 01:12:08,516 INFO =====> Epoch: 32
2024-10-16 01:12:08,516 INFO =====> Loss info: {'particle_has_naninf': False, 'height_map_loss': 30.043458938598633, 'emd_loss': 30.428604125976562, 'total_loss': 30.428604125976562}
2024-10-16 01:12:08,516 INFO =====> Param: E: [818034.25], nu: [0.23938723], rho: [2132.9456], sand_angle: [19.113825]
2024-10-16 01:12:08,516 INFO =====> Grad: [ 5.4978528e-03  1.0867943e+04 -3.3470482e+01  5.4672162e+02]
2024-10-16 01:12:08,516 INFO =====> Num. aborted data so far: 0
2024-10-16 01:12:08,841 INFO ===> New TaichiEnv created.
2024-10-16 01:12:08,842 INFO ===> Specifications: horizon = 311, dt = 0.01, n_substeps = 20, dt_sub = 0.0005
2024-10-16 01:12:08,866 DEBUG loaded <trimesh.Trimesh(vertices.shape=(916, 3), faces.shape=(856, 3))> using `load_obj` in 0.0029s
2024-10-16 01:12:09,016 DEBUG loaded <trimesh.Trimesh(vertices.shape=(48, 3), faces.shape=(28, 3))> using `load_obj` in 0.0007s
2024-10-16 01:12:54,125 INFO =====> Epoch: 33
2024-10-16 01:12:54,125 INFO =====> Loss info: {'particle_has_naninf': False, 'height_map_loss': 29.72473907470703, 'emd_loss': 30.182296752929688, 'total_loss': 30.182296752929688}
2024-10-16 01:12:54,125 INFO =====> Param: E: [814473.06], nu: [0.23347111], rho: [2190.2378], sand_angle: [18.260963]
2024-10-16 01:12:54,125 INFO =====> Grad: [ 1.0409538e-03  1.2693694e+04 -4.0738754e+01  3.9819650e+02]
2024-10-16 01:12:54,125 INFO =====> Num. aborted data so far: 0
2024-10-16 01:12:54,440 INFO ===> New TaichiEnv created.
2024-10-16 01:12:54,440 INFO ===> Specifications: horizon = 311, dt = 0.01, n_substeps = 20, dt_sub = 0.0005
2024-10-16 01:12:54,463 DEBUG loaded <trimesh.Trimesh(vertices.shape=(916, 3), faces.shape=(856, 3))> using `load_obj` in 0.0028s
2024-10-16 01:12:54,605 DEBUG loaded <trimesh.Trimesh(vertices.shape=(48, 3), faces.shape=(28, 3))> using `load_obj` in 0.0007s
2024-10-16 01:13:41,120 INFO =====> Epoch: 34
2024-10-16 01:13:41,120 INFO =====> Loss info: {'particle_has_naninf': False, 'height_map_loss': 29.613309860229492, 'emd_loss': 29.99567222595215, 'total_loss': 29.99567222595215}
2024-10-16 01:13:41,121 INFO =====> Param: E: [820964.75], nu: [0.23423402], rho: [2200.], sand_angle: [18.377506]
2024-10-16 01:13:41,121 INFO =====> Grad: [-1.8097340e-03 -1.5533464e+03 -4.6009659e+01 -5.1656059e+01]
2024-10-16 01:13:41,121 INFO =====> Num. aborted data so far: 0
2024-10-16 01:13:41,433 INFO ===> New TaichiEnv created.
2024-10-16 01:13:41,433 INFO ===> Specifications: horizon = 311, dt = 0.01, n_substeps = 20, dt_sub = 0.0005
2024-10-16 01:13:41,456 DEBUG loaded <trimesh.Trimesh(vertices.shape=(916, 3), faces.shape=(856, 3))> using `load_obj` in 0.0029s
2024-10-16 01:13:41,597 DEBUG loaded <trimesh.Trimesh(vertices.shape=(48, 3), faces.shape=(28, 3))> using `load_obj` in 0.0007s
2024-10-16 01:14:26,961 INFO =====> Epoch: 35
2024-10-16 01:14:26,961 INFO =====> Loss info: {'particle_has_naninf': False, 'height_map_loss': 29.626630783081055, 'emd_loss': 29.947566986083984, 'total_loss': 29.947566986083984}
2024-10-16 01:14:26,961 INFO =====> Param: E: [836084.56], nu: [0.2392247], rho: [2200.], sand_angle: [18.508242]
2024-10-16 01:14:26,961 INFO =====> Grad: [-4.1181706e-03 -9.7624150e+03 -2.4063204e+01 -5.5019970e+01]
2024-10-16 01:14:26,961 INFO =====> Num. aborted data so far: 0
2024-10-16 01:14:27,323 INFO ===> New TaichiEnv created.
2024-10-16 01:14:27,324 INFO ===> Specifications: horizon = 311, dt = 0.01, n_substeps = 20, dt_sub = 0.0005
2024-10-16 01:14:27,347 DEBUG loaded <trimesh.Trimesh(vertices.shape=(916, 3), faces.shape=(856, 3))> using `load_obj` in 0.0029s
2024-10-16 01:14:27,494 DEBUG loaded <trimesh.Trimesh(vertices.shape=(48, 3), faces.shape=(28, 3))> using `load_obj` in 0.0007s
2024-10-16 01:15:12,276 INFO =====> Epoch: 36
2024-10-16 01:15:12,276 INFO =====> Loss info: {'particle_has_naninf': False, 'height_map_loss': 29.668750762939453, 'emd_loss': 29.999919891357422, 'total_loss': 29.999919891357422}
2024-10-16 01:15:12,276 INFO =====> Param: E: [831950.3], nu: [0.23552464], rho: [2200.], sand_angle: [18.054995]
2024-10-16 01:15:12,276 INFO =====> Grad: [ 1.0705506e-03  6.9138496e+03 -4.8954425e+00  1.8284894e+02]
2024-10-16 01:15:12,276 INFO =====> Num. aborted data so far: 0
2024-10-16 01:15:12,588 INFO ===> New TaichiEnv created.
2024-10-16 01:15:12,588 INFO ===> Specifications: horizon = 311, dt = 0.01, n_substeps = 20, dt_sub = 0.0005
2024-10-16 01:15:12,611 DEBUG loaded <trimesh.Trimesh(vertices.shape=(916, 3), faces.shape=(856, 3))> using `load_obj` in 0.0028s
2024-10-16 01:15:12,750 DEBUG loaded <trimesh.Trimesh(vertices.shape=(48, 3), faces.shape=(28, 3))> using `load_obj` in 0.0007s
2024-10-16 01:15:58,996 INFO =====> Epoch: 37
2024-10-16 01:15:58,996 INFO =====> Loss info: {'particle_has_naninf': False, 'height_map_loss': 29.539491653442383, 'emd_loss': 30.086013793945312, 'total_loss': 30.086013793945312}
2024-10-16 01:15:58,996 INFO =====> Param: E: [801773.7], nu: [0.23340192], rho: [2182.9404], sand_angle: [17.943497]
2024-10-16 01:15:58,996 INFO =====> Grad: [8.4352121e-03 3.7714199e+03 1.1028888e+01 4.2698940e+01]
2024-10-16 01:15:58,996 INFO =====> Num. aborted data so far: 0
2024-10-16 01:15:59,317 INFO ===> New TaichiEnv created.
2024-10-16 01:15:59,317 INFO ===> Specifications: horizon = 311, dt = 0.01, n_substeps = 20, dt_sub = 0.0005
2024-10-16 01:15:59,339 DEBUG loaded <trimesh.Trimesh(vertices.shape=(916, 3), faces.shape=(856, 3))> using `load_obj` in 0.0028s
2024-10-16 01:15:59,484 DEBUG loaded <trimesh.Trimesh(vertices.shape=(48, 3), faces.shape=(28, 3))> using `load_obj` in 0.0007s
2024-10-16 01:16:45,027 INFO =====> Epoch: 38
2024-10-16 01:16:45,027 INFO =====> Loss info: {'particle_has_naninf': False, 'height_map_loss': 29.56415557861328, 'emd_loss': 30.043148040771484, 'total_loss': 30.043148040771484}
2024-10-16 01:16:45,027 INFO =====> Param: E: [813238.9], nu: [0.23896132], rho: [2108.9595], sand_angle: [18.188774]
2024-10-16 01:16:45,027 INFO =====> Grad: [-3.0916051e-03 -9.5187461e+03  5.1340450e+01 -8.9379120e+01]
2024-10-16 01:16:45,027 INFO =====> Num. aborted data so far: 0
2024-10-16 01:16:45,374 INFO ===> New TaichiEnv created.
2024-10-16 01:16:45,374 INFO ===> Specifications: horizon = 311, dt = 0.01, n_substeps = 20, dt_sub = 0.0005
2024-10-16 01:16:45,397 DEBUG loaded <trimesh.Trimesh(vertices.shape=(916, 3), faces.shape=(856, 3))> using `load_obj` in 0.0029s
2024-10-16 01:16:45,544 DEBUG loaded <trimesh.Trimesh(vertices.shape=(48, 3), faces.shape=(28, 3))> using `load_obj` in 0.0007s
2024-10-16 01:17:31,039 INFO =====> Epoch: 39
2024-10-16 01:17:31,039 INFO =====> Loss info: {'particle_has_naninf': False, 'height_map_loss': 29.539669036865234, 'emd_loss': 29.97283363342285, 'total_loss': 29.97283363342285}
2024-10-16 01:17:31,039 INFO =====> Param: E: [813059.9], nu: [0.24900809], rho: [2157.8232], sand_angle: [17.67039]
2024-10-16 01:17:31,039 INFO =====> Grad: [ 4.5795510e-05 -1.7210934e+04 -3.3825611e+01  1.8166368e+02]
2024-10-16 01:17:31,039 INFO =====> Num. aborted data so far: 0
2024-10-16 01:17:31,394 INFO ===> New TaichiEnv created.
2024-10-16 01:17:31,394 INFO ===> Specifications: horizon = 311, dt = 0.01, n_substeps = 20, dt_sub = 0.0005
2024-10-16 01:17:31,416 DEBUG loaded <trimesh.Trimesh(vertices.shape=(916, 3), faces.shape=(856, 3))> using `load_obj` in 0.0028s
2024-10-16 01:17:31,555 DEBUG loaded <trimesh.Trimesh(vertices.shape=(48, 3), faces.shape=(28, 3))> using `load_obj` in 0.0007s
2024-10-16 01:18:18,332 INFO =====> Epoch: 40
2024-10-16 01:18:18,333 INFO =====> Loss info: {'particle_has_naninf': False, 'height_map_loss': 29.464818954467773, 'emd_loss': 30.001630783081055, 'total_loss': 30.001630783081055}
2024-10-16 01:18:18,333 INFO =====> Param: E: [815671.8], nu: [0.25218874], rho: [2200.], sand_angle: [17.406994]
2024-10-16 01:18:18,333 INFO =====> Grad: [-6.3442247e-04 -5.1954326e+03 -6.2463680e+01  8.7873558e+01]
2024-10-16 01:18:18,333 INFO =====> Num. aborted data so far: 0
2024-10-16 01:18:18,652 INFO ===> New TaichiEnv created.
2024-10-16 01:18:18,652 INFO ===> Specifications: horizon = 311, dt = 0.01, n_substeps = 20, dt_sub = 0.0005
2024-10-16 01:18:18,674 DEBUG loaded <trimesh.Trimesh(vertices.shape=(916, 3), faces.shape=(856, 3))> using `load_obj` in 0.0028s
2024-10-16 01:18:18,817 DEBUG loaded <trimesh.Trimesh(vertices.shape=(48, 3), faces.shape=(28, 3))> using `load_obj` in 0.0007s
2024-10-16 01:19:04,380 INFO =====> Epoch: 41
2024-10-16 01:19:04,380 INFO =====> Loss info: {'particle_has_naninf': False, 'height_map_loss': 29.432249069213867, 'emd_loss': 29.96518325805664, 'total_loss': 29.96518325805664}
2024-10-16 01:19:04,380 INFO =====> Param: E: [825482.56], nu: [0.26045597], rho: [2200.], sand_angle: [19.749706]
2024-10-16 01:19:04,380 INFO =====> Grad: [-2.2883865e-03 -1.3272785e+04 -3.1275885e+01 -1.1038733e+03]
2024-10-16 01:19:04,380 INFO =====> Num. aborted data so far: 0
2024-10-16 01:19:04,711 INFO ===> New TaichiEnv created.
2024-10-16 01:19:04,711 INFO ===> Specifications: horizon = 311, dt = 0.01, n_substeps = 20, dt_sub = 0.0005
2024-10-16 01:19:04,735 DEBUG loaded <trimesh.Trimesh(vertices.shape=(916, 3), faces.shape=(856, 3))> using `load_obj` in 0.0029s
2024-10-16 01:19:04,885 DEBUG loaded <trimesh.Trimesh(vertices.shape=(48, 3), faces.shape=(28, 3))> using `load_obj` in 0.0007s
2024-10-16 01:19:49,846 INFO =====> Epoch: 42
2024-10-16 01:19:49,846 INFO =====> Loss info: {'particle_has_naninf': False, 'height_map_loss': 29.924222946166992, 'emd_loss': 30.28653335571289, 'total_loss': 30.28653335571289}
2024-10-16 01:19:49,846 INFO =====> Param: E: [780340.44], nu: [0.23823829], rho: [2200.], sand_angle: [18.03437]
2024-10-16 01:19:49,846 INFO =====> Grad: [ 1.4262365e-02  4.7553832e+04 -3.2612395e+00  9.1272888e+02]
2024-10-16 01:19:49,846 INFO =====> Num. aborted data so far: 0
2024-10-16 01:19:50,166 INFO ===> New TaichiEnv created.
2024-10-16 01:19:50,166 INFO ===> Specifications: horizon = 311, dt = 0.01, n_substeps = 20, dt_sub = 0.0005
2024-10-16 01:19:50,188 DEBUG loaded <trimesh.Trimesh(vertices.shape=(916, 3), faces.shape=(856, 3))> using `load_obj` in 0.0028s
2024-10-16 01:19:50,330 DEBUG loaded <trimesh.Trimesh(vertices.shape=(48, 3), faces.shape=(28, 3))> using `load_obj` in 0.0007s
2024-10-16 01:20:36,935 INFO =====> Epoch: 43
2024-10-16 01:20:36,936 INFO =====> Loss info: {'particle_has_naninf': False, 'height_map_loss': 29.564191818237305, 'emd_loss': 30.10057258605957, 'total_loss': 30.10057258605957}
2024-10-16 01:20:36,936 INFO =====> Param: E: [797800.44], nu: [0.24299717], rho: [2200.], sand_angle: [16.799326]
2024-10-16 01:20:36,936 INFO =====> Grad: [-5.4448773e-03 -9.7743350e+03 -3.0578821e+00  6.7722766e+02]
2024-10-16 01:20:36,936 INFO =====> Num. aborted data so far: 0
2024-10-16 01:20:37,260 INFO ===> New TaichiEnv created.
2024-10-16 01:20:37,261 INFO ===> Specifications: horizon = 311, dt = 0.01, n_substeps = 20, dt_sub = 0.0005
2024-10-16 01:20:37,283 DEBUG loaded <trimesh.Trimesh(vertices.shape=(916, 3), faces.shape=(856, 3))> using `load_obj` in 0.0028s
2024-10-16 01:20:37,426 DEBUG loaded <trimesh.Trimesh(vertices.shape=(48, 3), faces.shape=(28, 3))> using `load_obj` in 0.0007s
2024-10-16 01:21:22,489 INFO =====> Epoch: 44
2024-10-16 01:21:22,489 INFO =====> Loss info: {'particle_has_naninf': False, 'height_map_loss': 29.277729034423828, 'emd_loss': 30.120267868041992, 'total_loss': 30.120267868041992}
2024-10-16 01:21:22,489 INFO =====> Param: E: [826609.75], nu: [0.2573161], rho: [2194.8252], sand_angle: [16.673918]
2024-10-16 01:21:22,489 INFO =====> Grad: [-9.5741032e-03 -3.1292482e+04  3.3337357e+00  6.5288864e+01]
2024-10-16 01:21:22,489 INFO =====> Num. aborted data so far: 0
2024-10-16 01:21:22,836 INFO ===> New TaichiEnv created.
2024-10-16 01:21:22,836 INFO ===> Specifications: horizon = 311, dt = 0.01, n_substeps = 20, dt_sub = 0.0005
2024-10-16 01:21:22,860 DEBUG loaded <trimesh.Trimesh(vertices.shape=(916, 3), faces.shape=(856, 3))> using `load_obj` in 0.0029s
2024-10-16 01:21:23,009 DEBUG loaded <trimesh.Trimesh(vertices.shape=(48, 3), faces.shape=(28, 3))> using `load_obj` in 0.0007s
2024-10-16 01:22:07,967 INFO =====> Epoch: 45
2024-10-16 01:22:07,967 INFO =====> Loss info: {'particle_has_naninf': False, 'height_map_loss': 29.289213180541992, 'emd_loss': 30.049793243408203, 'total_loss': 30.049793243408203}
2024-10-16 01:22:07,967 INFO =====> Param: E: [833527.7], nu: [0.2515486], rho: [2164.3008], sand_angle: [15.664482]
2024-10-16 01:22:07,967 INFO =====> Grad: [-2.1942067e-03  1.2161473e+04  1.9012690e+01  5.2608008e+02]
2024-10-16 01:22:07,967 INFO =====> Num. aborted data so far: 0
2024-10-16 01:22:08,284 INFO ===> New TaichiEnv created.
2024-10-16 01:22:08,284 INFO ===> Specifications: horizon = 311, dt = 0.01, n_substeps = 20, dt_sub = 0.0005
2024-10-16 01:22:08,306 DEBUG loaded <trimesh.Trimesh(vertices.shape=(916, 3), faces.shape=(856, 3))> using `load_obj` in 0.0028s
2024-10-16 01:22:08,447 DEBUG loaded <trimesh.Trimesh(vertices.shape=(48, 3), faces.shape=(28, 3))> using `load_obj` in 0.0007s
2024-10-16 01:22:54,301 INFO =====> Epoch: 46
2024-10-16 01:22:54,301 INFO =====> Loss info: {'particle_has_naninf': False, 'height_map_loss': 29.233871459960938, 'emd_loss': 30.044174194335938, 'total_loss': 30.044174194335938}
2024-10-16 01:22:54,301 INFO =====> Param: E: [833544.1], nu: [0.25488558], rho: [2150.5425], sand_angle: [16.289206]
2024-10-16 01:22:54,301 INFO =====> Grad: [-4.9513719e-06 -6.7127954e+03  8.1607485e+00 -3.1508453e+02]
2024-10-16 01:22:54,301 INFO =====> Num. aborted data so far: 0
2024-10-16 01:22:54,622 INFO ===> New TaichiEnv created.
2024-10-16 01:22:54,622 INFO ===> Specifications: horizon = 311, dt = 0.01, n_substeps = 20, dt_sub = 0.0005
2024-10-16 01:22:54,646 DEBUG loaded <trimesh.Trimesh(vertices.shape=(916, 3), faces.shape=(856, 3))> using `load_obj` in 0.0029s
2024-10-16 01:22:54,799 DEBUG loaded <trimesh.Trimesh(vertices.shape=(48, 3), faces.shape=(28, 3))> using `load_obj` in 0.0007s
2024-10-16 01:23:40,247 INFO =====> Epoch: 47
2024-10-16 01:23:40,247 INFO =====> Loss info: {'particle_has_naninf': False, 'height_map_loss': 29.281339645385742, 'emd_loss': 30.008180618286133, 'total_loss': 30.008180618286133}
2024-10-16 01:23:40,247 INFO =====> Param: E: [820324.3], nu: [0.2549846], rho: [2130.412], sand_angle: [16.750696]
2024-10-16 01:23:40,247 INFO =====> Grad: [ 3.8589505e-03 -1.8896138e+02  1.1420582e+01 -2.2320146e+02]
2024-10-16 01:23:40,247 INFO =====> Num. aborted data so far: 0
2024-10-16 01:23:40,581 INFO ===> New TaichiEnv created.
2024-10-16 01:23:40,581 INFO ===> Specifications: horizon = 311, dt = 0.01, n_substeps = 20, dt_sub = 0.0005
2024-10-16 01:23:40,605 DEBUG loaded <trimesh.Trimesh(vertices.shape=(916, 3), faces.shape=(856, 3))> using `load_obj` in 0.0028s
2024-10-16 01:23:40,756 DEBUG loaded <trimesh.Trimesh(vertices.shape=(48, 3), faces.shape=(28, 3))> using `load_obj` in 0.0007s
2024-10-16 01:24:26,261 INFO =====> Epoch: 48
2024-10-16 01:24:26,261 INFO =====> Loss info: {'particle_has_naninf': False, 'height_map_loss': 29.263145446777344, 'emd_loss': 30.026962280273438, 'total_loss': 30.026962280273438}
2024-10-16 01:24:26,261 INFO =====> Param: E: [826019.25], nu: [0.25647974], rho: [2090.9456], sand_angle: [17.75312]
2024-10-16 01:24:26,261 INFO =====> Grad: [-1.5835053e-03 -2.7099683e+03  2.1935976e+01 -4.8495761e+02]
2024-10-16 01:24:26,261 INFO =====> Num. aborted data so far: 0
2024-10-16 01:24:26,579 INFO ===> New TaichiEnv created.
2024-10-16 01:24:26,579 INFO ===> Specifications: horizon = 311, dt = 0.01, n_substeps = 20, dt_sub = 0.0005
2024-10-16 01:24:26,601 DEBUG loaded <trimesh.Trimesh(vertices.shape=(916, 3), faces.shape=(856, 3))> using `load_obj` in 0.0028s
2024-10-16 01:24:26,742 DEBUG loaded <trimesh.Trimesh(vertices.shape=(48, 3), faces.shape=(28, 3))> using `load_obj` in 0.0007s
2024-10-16 01:25:12,745 INFO =====> Epoch: 49
2024-10-16 01:25:12,745 INFO =====> Loss info: {'particle_has_naninf': False, 'height_map_loss': 29.450483322143555, 'emd_loss': 29.942676544189453, 'total_loss': 29.942676544189453}
2024-10-16 01:25:12,746 INFO =====> Param: E: [787952.94], nu: [0.23673342], rho: [2072.0176], sand_angle: [16.694534]
2024-10-16 01:25:12,746 INFO =====> Grad: [1.2574007e-02 4.3470320e+04 1.0052852e+01 5.1559363e+02]
2024-10-16 01:25:12,746 INFO =====> Num. aborted data so far: 0
2024-10-16 01:25:13,083 INFO ===> New TaichiEnv created.
2024-10-16 01:25:13,084 INFO ===> Specifications: horizon = 311, dt = 0.01, n_substeps = 20, dt_sub = 0.0005
2024-10-16 01:25:13,107 DEBUG loaded <trimesh.Trimesh(vertices.shape=(916, 3), faces.shape=(856, 3))> using `load_obj` in 0.0029s
2024-10-16 01:25:13,249 DEBUG loaded <trimesh.Trimesh(vertices.shape=(48, 3), faces.shape=(28, 3))> using `load_obj` in 0.0007s
2024-10-16 01:25:58,802 INFO =====> Epoch: 50
2024-10-16 01:25:58,802 INFO =====> Loss info: {'particle_has_naninf': False, 'height_map_loss': 29.231271743774414, 'emd_loss': 30.055200576782227, 'total_loss': 30.055200576782227}
2024-10-16 01:25:58,802 INFO =====> Param: E: [756005.1], nu: [0.22116385], rho: [2035.3087], sand_angle: [14.588977]
2024-10-16 01:25:58,802 INFO =====> Grad: [1.1600190e-02 3.7358344e+04 1.9015528e+01 1.3039891e+03]
2024-10-16 01:25:58,802 INFO =====> Num. aborted data so far: 0
2024-10-16 01:25:59,181 INFO ===> New TaichiEnv created.
2024-10-16 01:25:59,181 INFO ===> Specifications: horizon = 311, dt = 0.01, n_substeps = 20, dt_sub = 0.0005
2024-10-16 01:25:59,205 DEBUG loaded <trimesh.Trimesh(vertices.shape=(916, 3), faces.shape=(856, 3))> using `load_obj` in 0.0030s
2024-10-16 01:25:59,353 DEBUG loaded <trimesh.Trimesh(vertices.shape=(48, 3), faces.shape=(28, 3))> using `load_obj` in 0.0007s
2024-10-16 01:26:45,234 INFO =====> Epoch: 51
2024-10-16 01:26:45,234 INFO =====> Loss info: {'particle_has_naninf': False, 'height_map_loss': 29.400476455688477, 'emd_loss': 30.250024795532227, 'total_loss': 30.250024795532227}
2024-10-16 01:26:45,234 INFO =====> Param: E: [736835.8], nu: [0.20910436], rho: [1938.7985], sand_angle: [12.522411]
2024-10-16 01:26:45,234 INFO =====> Grad: [6.9291042e-03 2.9695324e+04 5.9875572e+01 1.6040813e+03]
2024-10-16 01:26:45,234 INFO =====> Num. aborted data so far: 0
2024-10-16 01:26:45,554 INFO ===> New TaichiEnv created.
2024-10-16 01:26:45,554 INFO ===> Specifications: horizon = 311, dt = 0.01, n_substeps = 20, dt_sub = 0.0005
2024-10-16 01:26:45,577 DEBUG loaded <trimesh.Trimesh(vertices.shape=(916, 3), faces.shape=(856, 3))> using `load_obj` in 0.0028s
2024-10-16 01:26:45,717 DEBUG loaded <trimesh.Trimesh(vertices.shape=(48, 3), faces.shape=(28, 3))> using `load_obj` in 0.0007s
2024-10-16 01:27:31,771 INFO =====> Epoch: 52
2024-10-16 01:27:31,771 INFO =====> Loss info: {'particle_has_naninf': False, 'height_map_loss': 30.14779281616211, 'emd_loss': 31.16497039794922, 'total_loss': 31.16497039794922}
2024-10-16 01:27:31,771 INFO =====> Param: E: [798897.9], nu: [0.23952898], rho: [2096.877], sand_angle: [15.234785]
2024-10-16 01:27:31,771 INFO =====> Grad: [-1.1053099e-01 -2.6066884e+05 -4.3915068e+03 -3.8850547e+03]
2024-10-16 01:27:31,771 INFO =====> Num. aborted data so far: 0
2024-10-16 01:27:32,090 INFO ===> New TaichiEnv created.
2024-10-16 01:27:32,090 INFO ===> Specifications: horizon = 311, dt = 0.01, n_substeps = 20, dt_sub = 0.0005
2024-10-16 01:27:32,112 DEBUG loaded <trimesh.Trimesh(vertices.shape=(916, 3), faces.shape=(856, 3))> using `load_obj` in 0.0028s
2024-10-16 01:27:32,253 DEBUG loaded <trimesh.Trimesh(vertices.shape=(48, 3), faces.shape=(28, 3))> using `load_obj` in 0.0007s
2024-10-16 01:28:17,689 INFO =====> Epoch: 53
2024-10-16 01:28:17,689 INFO =====> Loss info: {'particle_has_naninf': False, 'height_map_loss': 29.309131622314453, 'emd_loss': 30.120813369750977, 'total_loss': 30.120813369750977}
2024-10-16 01:28:17,689 INFO =====> Param: E: [798594.], nu: [0.23970076], rho: [2098.129], sand_angle: [15.335971]
2024-10-16 01:28:17,689 INFO =====> Grad: [ 5.1346526e-04 -1.3962271e+03 -3.2999172e+01 -1.3756532e+02]
2024-10-16 01:28:17,689 INFO =====> Num. aborted data so far: 0
2024-10-16 01:28:18,041 INFO ===> New TaichiEnv created.
2024-10-16 01:28:18,041 INFO ===> Specifications: horizon = 311, dt = 0.01, n_substeps = 20, dt_sub = 0.0005
2024-10-16 01:28:18,065 DEBUG loaded <trimesh.Trimesh(vertices.shape=(916, 3), faces.shape=(856, 3))> using `load_obj` in 0.0030s
2024-10-16 01:28:18,223 DEBUG loaded <trimesh.Trimesh(vertices.shape=(48, 3), faces.shape=(28, 3))> using `load_obj` in 0.0007s
2024-10-16 01:29:02,830 INFO =====> Epoch: 54
2024-10-16 01:29:02,830 INFO =====> Loss info: {'particle_has_naninf': False, 'height_map_loss': 29.309906005859375, 'emd_loss': 30.088520050048828, 'total_loss': 30.088520050048828}
2024-10-16 01:29:02,830 INFO =====> Param: E: [808705.44], nu: [0.24585222], rho: [2097.9114], sand_angle: [16.604025]
2024-10-16 01:29:02,831 INFO =====> Grad: [-1.6418811e-02 -4.8357883e+04  5.4408889e+00 -1.7853225e+03]
2024-10-16 01:29:02,831 INFO =====> Num. aborted data so far: 0
2024-10-16 01:29:03,154 INFO ===> New TaichiEnv created.
2024-10-16 01:29:03,154 INFO ===> Specifications: horizon = 311, dt = 0.01, n_substeps = 20, dt_sub = 0.0005
2024-10-16 01:29:03,177 DEBUG loaded <trimesh.Trimesh(vertices.shape=(916, 3), faces.shape=(856, 3))> using `load_obj` in 0.0029s
2024-10-16 01:29:03,320 DEBUG loaded <trimesh.Trimesh(vertices.shape=(48, 3), faces.shape=(28, 3))> using `load_obj` in 0.0007s
2024-10-16 01:29:49,048 INFO =====> Epoch: 55
2024-10-16 01:29:49,048 INFO =====> Loss info: {'particle_has_naninf': False, 'height_map_loss': 29.261634826660156, 'emd_loss': 30.033376693725586, 'total_loss': 30.033376693725586}
2024-10-16 01:29:49,049 INFO =====> Param: E: [800781.7], nu: [0.2416725], rho: [2097.267], sand_angle: [16.151436]
2024-10-16 01:29:49,049 INFO =====> Grad: [1.2303116e-02 3.1447365e+04 1.5285349e+01 6.1079773e+02]
2024-10-16 01:29:49,049 INFO =====> Num. aborted data so far: 0
2024-10-16 01:29:49,373 INFO ===> New TaichiEnv created.
2024-10-16 01:29:49,373 INFO ===> Specifications: horizon = 311, dt = 0.01, n_substeps = 20, dt_sub = 0.0005
2024-10-16 01:29:49,395 DEBUG loaded <trimesh.Trimesh(vertices.shape=(916, 3), faces.shape=(856, 3))> using `load_obj` in 0.0028s
2024-10-16 01:29:49,536 DEBUG loaded <trimesh.Trimesh(vertices.shape=(48, 3), faces.shape=(28, 3))> using `load_obj` in 0.0007s
2024-10-16 01:30:34,660 INFO =====> Epoch: 56
2024-10-16 01:30:34,660 INFO =====> Loss info: {'particle_has_naninf': False, 'height_map_loss': 29.264509201049805, 'emd_loss': 30.026519775390625, 'total_loss': 30.026519775390625}
2024-10-16 01:30:34,661 INFO =====> Param: E: [806162.44], nu: [0.24541701], rho: [2098.3809], sand_angle: [17.070312]
2024-10-16 01:30:34,661 INFO =====> Grad: [-7.9547660e-03 -2.6916623e+04 -2.5062500e+01 -1.2294962e+03]
2024-10-16 01:30:34,661 INFO =====> Num. aborted data so far: 0
2024-10-16 01:30:34,992 INFO ===> New TaichiEnv created.
2024-10-16 01:30:34,993 INFO ===> Specifications: horizon = 311, dt = 0.01, n_substeps = 20, dt_sub = 0.0005
2024-10-16 01:30:35,015 DEBUG loaded <trimesh.Trimesh(vertices.shape=(916, 3), faces.shape=(856, 3))> using `load_obj` in 0.0030s
2024-10-16 01:30:35,162 DEBUG loaded <trimesh.Trimesh(vertices.shape=(48, 3), faces.shape=(28, 3))> using `load_obj` in 0.0007s
2024-10-16 01:31:20,513 INFO =====> Epoch: 57
2024-10-16 01:31:20,514 INFO =====> Loss info: {'particle_has_naninf': False, 'height_map_loss': 29.276260375976562, 'emd_loss': 30.014572143554688, 'total_loss': 30.014572143554688}
2024-10-16 01:31:20,515 INFO =====> Param: E: [806335.5], nu: [0.24426875], rho: [2098.9192], sand_angle: [16.66598]
2024-10-16 01:31:20,515 INFO =====> Grad: [-2.4268750e-04  7.8356294e+03 -1.1495037e+01  5.1750049e+02]
2024-10-16 01:31:20,515 INFO =====> Num. aborted data so far: 0
2024-10-16 01:31:20,843 INFO ===> New TaichiEnv created.
2024-10-16 01:31:20,843 INFO ===> Specifications: horizon = 311, dt = 0.01, n_substeps = 20, dt_sub = 0.0005
2024-10-16 01:31:20,865 DEBUG loaded <trimesh.Trimesh(vertices.shape=(916, 3), faces.shape=(856, 3))> using `load_obj` in 0.0028s
2024-10-16 01:31:21,007 DEBUG loaded <trimesh.Trimesh(vertices.shape=(48, 3), faces.shape=(28, 3))> using `load_obj` in 0.0007s
2024-10-16 01:32:06,355 INFO =====> Epoch: 58
2024-10-16 01:32:06,355 INFO =====> Loss info: {'particle_has_naninf': False, 'height_map_loss': 29.252355575561523, 'emd_loss': 30.014875411987305, 'total_loss': 30.014875411987305}
2024-10-16 01:32:06,355 INFO =====> Param: E: [805853.1], nu: [0.2442771], rho: [2098.4792], sand_angle: [16.66504]
2024-10-16 01:32:06,355 INFO =====> Grad: [ 6.4180628e-04 -5.4095634e+01  8.9098339e+00  1.1424708e+00]
2024-10-16 01:32:06,355 INFO =====> Num. aborted data so far: 0
2024-10-16 01:32:06,677 INFO ===> New TaichiEnv created.
2024-10-16 01:32:06,678 INFO ===> Specifications: horizon = 311, dt = 0.01, n_substeps = 20, dt_sub = 0.0005
2024-10-16 01:32:06,700 DEBUG loaded <trimesh.Trimesh(vertices.shape=(916, 3), faces.shape=(856, 3))> using `load_obj` in 0.0028s
2024-10-16 01:32:06,841 DEBUG loaded <trimesh.Trimesh(vertices.shape=(48, 3), faces.shape=(28, 3))> using `load_obj` in 0.0007s
2024-10-16 01:32:51,906 INFO =====> Epoch: 59
2024-10-16 01:32:51,906 INFO =====> Loss info: {'particle_has_naninf': False, 'height_map_loss': 29.257251739501953, 'emd_loss': 30.009531021118164, 'total_loss': 30.009531021118164}
2024-10-16 01:32:51,906 INFO =====> Param: E: [807162.06], nu: [0.24639674], rho: [2097.7341], sand_angle: [17.261396]
2024-10-16 01:32:51,906 INFO =====> Grad: [-1.6526127e-03 -1.3047048e+04  1.4318405e+01 -6.9949377e+02]
2024-10-16 01:32:51,906 INFO =====> Num. aborted data so far: 0
2024-10-16 01:32:52,321 INFO ===> New TaichiEnv created.
2024-10-16 01:32:52,321 INFO ===> Specifications: horizon = 311, dt = 0.01, n_substeps = 20, dt_sub = 0.0005
2024-10-16 01:32:52,351 DEBUG loaded <trimesh.Trimesh(vertices.shape=(916, 3), faces.shape=(856, 3))> using `load_obj` in 0.0039s
2024-10-16 01:32:52,542 DEBUG loaded <trimesh.Trimesh(vertices.shape=(48, 3), faces.shape=(28, 3))> using `load_obj` in 0.0009s
2024-10-16 01:33:38,969 INFO =====> Epoch: 60
2024-10-16 01:33:38,969 INFO =====> Loss info: {'particle_has_naninf': False, 'height_map_loss': 29.37891960144043, 'emd_loss': 29.97844886779785, 'total_loss': 29.97844886779785}
2024-10-16 01:33:38,970 INFO =====> Param: E: [816193.56], nu: [0.25136366], rho: [2096.8262], sand_angle: [17.396503]
2024-10-16 01:33:38,970 INFO =====> Grad: [-1.0929747e-02 -2.9368859e+04  1.6550850e+01 -1.5047816e+02]
2024-10-16 01:33:38,970 INFO =====> Num. aborted data so far: 0
2024-10-16 01:33:39,295 INFO ===> New TaichiEnv created.
2024-10-16 01:33:39,295 INFO ===> Specifications: horizon = 311, dt = 0.01, n_substeps = 20, dt_sub = 0.0005
2024-10-16 01:33:39,318 DEBUG loaded <trimesh.Trimesh(vertices.shape=(916, 3), faces.shape=(856, 3))> using `load_obj` in 0.0028s
2024-10-16 01:33:39,460 DEBUG loaded <trimesh.Trimesh(vertices.shape=(48, 3), faces.shape=(28, 3))> using `load_obj` in 0.0007s
2024-10-16 01:34:24,677 INFO =====> Epoch: 61
2024-10-16 01:34:24,677 INFO =====> Loss info: {'particle_has_naninf': False, 'height_map_loss': 29.41085433959961, 'emd_loss': 29.97637176513672, 'total_loss': 29.97637176513672}
2024-10-16 01:34:24,677 INFO =====> Param: E: [821093.9], nu: [0.2577685], rho: [2098.88], sand_angle: [17.801376]
2024-10-16 01:34:24,677 INFO =====> Grad: [-5.6428770e-03 -3.6687949e+04 -3.5516525e+01 -4.3134464e+02]
2024-10-16 01:34:24,677 INFO =====> Num. aborted data so far: 0
2024-10-16 01:34:25,011 INFO ===> New TaichiEnv created.
2024-10-16 01:34:25,011 INFO ===> Specifications: horizon = 311, dt = 0.01, n_substeps = 20, dt_sub = 0.0005
2024-10-16 01:34:25,034 DEBUG loaded <trimesh.Trimesh(vertices.shape=(916, 3), faces.shape=(856, 3))> using `load_obj` in 0.0030s
2024-10-16 01:34:25,175 DEBUG loaded <trimesh.Trimesh(vertices.shape=(48, 3), faces.shape=(28, 3))> using `load_obj` in 0.0007s
2024-10-16 01:35:10,521 INFO =====> Epoch: 62
2024-10-16 01:35:10,521 INFO =====> Loss info: {'particle_has_naninf': False, 'height_map_loss': 29.476490020751953, 'emd_loss': 29.933629989624023, 'total_loss': 29.933629989624023}
2024-10-16 01:35:10,521 INFO =====> Param: E: [812339.06], nu: [0.2569155], rho: [2100.5676], sand_angle: [17.377476]
2024-10-16 01:35:10,521 INFO =====> Grad: [ 9.6571464e-03  4.6370103e+03 -2.7692764e+01  4.3234210e+02]
2024-10-16 01:35:10,521 INFO =====> Num. aborted data so far: 0
2024-10-16 01:35:10,853 INFO ===> New TaichiEnv created.
2024-10-16 01:35:10,853 INFO ===> Specifications: horizon = 311, dt = 0.01, n_substeps = 20, dt_sub = 0.0005
2024-10-16 01:35:10,875 DEBUG loaded <trimesh.Trimesh(vertices.shape=(916, 3), faces.shape=(856, 3))> using `load_obj` in 0.0029s
2024-10-16 01:35:11,022 DEBUG loaded <trimesh.Trimesh(vertices.shape=(48, 3), faces.shape=(28, 3))> using `load_obj` in 0.0007s
2024-10-16 01:35:56,136 INFO =====> Epoch: 63
2024-10-16 01:35:56,137 INFO =====> Loss info: {'particle_has_naninf': False, 'height_map_loss': 29.37398910522461, 'emd_loss': 29.966716766357422, 'total_loss': 29.966716766357422}
2024-10-16 01:35:56,137 INFO =====> Param: E: [815921.75], nu: [0.25953147], rho: [2103.7693], sand_angle: [17.253937]
2024-10-16 01:35:56,137 INFO =====> Grad: [-3.7551613e-03 -1.3537416e+04 -4.9847980e+01  1.1962500e+02]
2024-10-16 01:35:56,137 INFO =====> Num. aborted data so far: 0
2024-10-16 01:35:56,468 INFO ===> New TaichiEnv created.
2024-10-16 01:35:56,468 INFO ===> Specifications: horizon = 311, dt = 0.01, n_substeps = 20, dt_sub = 0.0005
2024-10-16 01:35:56,490 DEBUG loaded <trimesh.Trimesh(vertices.shape=(916, 3), faces.shape=(856, 3))> using `load_obj` in 0.0028s
2024-10-16 01:35:56,634 DEBUG loaded <trimesh.Trimesh(vertices.shape=(48, 3), faces.shape=(28, 3))> using `load_obj` in 0.0007s
2024-10-16 01:36:42,156 INFO =====> Epoch: 64
2024-10-16 01:36:42,156 INFO =====> Loss info: {'particle_has_naninf': False, 'height_map_loss': 29.391939163208008, 'emd_loss': 29.961132049560547, 'total_loss': 29.961132049560547}
2024-10-16 01:36:42,156 INFO =====> Param: E: [833049.6], nu: [0.27002236], rho: [2108.2375], sand_angle: [18.498678]
2024-10-16 01:36:42,156 INFO =====> Grad: [-1.7692318e-02 -5.4595945e+04 -6.6022537e+01 -1.2438639e+03]
2024-10-16 01:36:42,156 INFO =====> Num. aborted data so far: 0
2024-10-16 01:36:42,485 INFO ===> New TaichiEnv created.
2024-10-16 01:36:42,485 INFO ===> Specifications: horizon = 311, dt = 0.01, n_substeps = 20, dt_sub = 0.0005
2024-10-16 01:36:42,507 DEBUG loaded <trimesh.Trimesh(vertices.shape=(916, 3), faces.shape=(856, 3))> using `load_obj` in 0.0028s
2024-10-16 01:36:42,648 DEBUG loaded <trimesh.Trimesh(vertices.shape=(48, 3), faces.shape=(28, 3))> using `load_obj` in 0.0007s
2024-10-16 01:37:29,378 INFO =====> Epoch: 65
2024-10-16 01:37:29,378 INFO =====> Loss info: {'particle_has_naninf': False, 'height_map_loss': 29.65787124633789, 'emd_loss': 30.01883888244629, 'total_loss': 30.01883888244629}
2024-10-16 01:37:29,378 INFO =====> Param: E: [827313.4], nu: [0.2639938], rho: [2107.9165], sand_angle: [18.148758]
2024-10-16 01:37:29,378 INFO =====> Grad: [5.6444593e-03 3.0319455e+04 4.4988413e+00 3.3377966e+02]
2024-10-16 01:37:29,378 INFO =====> Num. aborted data so far: 0
2024-10-16 01:37:29,793 INFO ===> New TaichiEnv created.
2024-10-16 01:37:29,793 INFO ===> Specifications: horizon = 311, dt = 0.01, n_substeps = 20, dt_sub = 0.0005
2024-10-16 01:37:29,823 DEBUG loaded <trimesh.Trimesh(vertices.shape=(916, 3), faces.shape=(856, 3))> using `load_obj` in 0.0039s
2024-10-16 01:37:30,013 DEBUG loaded <trimesh.Trimesh(vertices.shape=(48, 3), faces.shape=(28, 3))> using `load_obj` in 0.0008s
2024-10-16 01:38:15,721 INFO =====> Epoch: 66
2024-10-16 01:38:15,721 INFO =====> Loss info: {'particle_has_naninf': False, 'height_map_loss': 29.539836883544922, 'emd_loss': 29.993915557861328, 'total_loss': 29.993915557861328}
2024-10-16 01:38:15,721 INFO =====> Param: E: [815257.25], nu: [0.25986817], rho: [2107.1565], sand_angle: [18.188389]
2024-10-16 01:38:15,721 INFO =====> Grad: [ 1.1464674e-02  1.9853955e+04  1.0105794e+01 -3.5866470e+01]
2024-10-16 01:38:15,721 INFO =====> Num. aborted data so far: 0
2024-10-16 01:38:16,051 INFO ===> New TaichiEnv created.
2024-10-16 01:38:16,051 INFO ===> Specifications: horizon = 311, dt = 0.01, n_substeps = 20, dt_sub = 0.0005
2024-10-16 01:38:16,073 DEBUG loaded <trimesh.Trimesh(vertices.shape=(916, 3), faces.shape=(856, 3))> using `load_obj` in 0.0027s
2024-10-16 01:38:16,213 DEBUG loaded <trimesh.Trimesh(vertices.shape=(48, 3), faces.shape=(28, 3))> using `load_obj` in 0.0007s
2024-10-16 01:39:01,555 INFO =====> Epoch: 67
2024-10-16 01:39:01,555 INFO =====> Loss info: {'particle_has_naninf': False, 'height_map_loss': 29.579526901245117, 'emd_loss': 29.934537887573242, 'total_loss': 29.934537887573242}
2024-10-16 01:39:01,555 INFO =====> Param: E: [817930.6], nu: [0.26376536], rho: [2106.1416], sand_angle: [18.227186]
2024-10-16 01:39:01,555 INFO =====> Grad: [-2.4139208e-03 -1.7928850e+04  1.2803442e+01 -3.3312160e+01]
2024-10-16 01:39:01,555 INFO =====> Num. aborted data so far: 0
2024-10-16 01:39:01,881 INFO ===> New TaichiEnv created.
2024-10-16 01:39:01,882 INFO ===> Specifications: horizon = 311, dt = 0.01, n_substeps = 20, dt_sub = 0.0005
2024-10-16 01:39:01,903 DEBUG loaded <trimesh.Trimesh(vertices.shape=(916, 3), faces.shape=(856, 3))> using `load_obj` in 0.0028s
2024-10-16 01:39:02,044 DEBUG loaded <trimesh.Trimesh(vertices.shape=(48, 3), faces.shape=(28, 3))> using `load_obj` in 0.0007s
2024-10-16 01:39:47,588 INFO =====> Epoch: 68
2024-10-16 01:39:47,590 INFO =====> Loss info: {'particle_has_naninf': False, 'height_map_loss': 29.5980167388916, 'emd_loss': 29.953208923339844, 'total_loss': 29.953208923339844}
2024-10-16 01:39:47,590 INFO =====> Param: E: [811915.], nu: [0.25989237], rho: [2103.2268], sand_angle: [18.299225]
2024-10-16 01:39:47,590 INFO =====> Grad: [ 5.1765214e-03  1.7031465e+04  3.4893044e+01 -5.8694038e+01]
2024-10-16 01:39:47,590 INFO =====> Num. aborted data so far: 0
2024-10-16 01:39:47,927 INFO ===> New TaichiEnv created.
2024-10-16 01:39:47,927 INFO ===> Specifications: horizon = 311, dt = 0.01, n_substeps = 20, dt_sub = 0.0005
2024-10-16 01:39:47,950 DEBUG loaded <trimesh.Trimesh(vertices.shape=(916, 3), faces.shape=(856, 3))> using `load_obj` in 0.0029s
2024-10-16 01:39:48,098 DEBUG loaded <trimesh.Trimesh(vertices.shape=(48, 3), faces.shape=(28, 3))> using `load_obj` in 0.0007s
2024-10-16 01:40:33,624 INFO =====> Epoch: 69
2024-10-16 01:40:33,624 INFO =====> Loss info: {'particle_has_naninf': False, 'height_map_loss': 29.621368408203125, 'emd_loss': 29.976816177368164, 'total_loss': 29.976816177368164}
2024-10-16 01:40:33,625 INFO =====> Param: E: [822897.3], nu: [0.26533344], rho: [2105.17], sand_angle: [19.748762]
2024-10-16 01:40:33,625 INFO =====> Grad: [-9.1037815e-03 -2.3042834e+04 -2.2069416e+01 -1.2606731e+03]
2024-10-16 01:40:33,625 INFO =====> Num. aborted data so far: 0
2024-10-16 01:40:33,958 INFO ===> New TaichiEnv created.
2024-10-16 01:40:33,958 INFO ===> Specifications: horizon = 311, dt = 0.01, n_substeps = 20, dt_sub = 0.0005
2024-10-16 01:40:33,981 DEBUG loaded <trimesh.Trimesh(vertices.shape=(916, 3), faces.shape=(856, 3))> using `load_obj` in 0.0028s
2024-10-16 01:40:34,123 DEBUG loaded <trimesh.Trimesh(vertices.shape=(48, 3), faces.shape=(28, 3))> using `load_obj` in 0.0007s
2024-10-16 01:41:19,430 INFO =====> Epoch: 70
2024-10-16 01:41:19,430 INFO =====> Loss info: {'particle_has_naninf': False, 'height_map_loss': 29.9169979095459, 'emd_loss': 30.285228729248047, 'total_loss': 30.285228729248047}
2024-10-16 01:41:19,430 INFO =====> Param: E: [830950.5], nu: [0.27007848], rho: [2107.8306], sand_angle: [19.841051]
2024-10-16 01:41:19,430 INFO =====> Grad: [-6.3851136e-03 -1.9282232e+04 -2.8673002e+01 -7.6178116e+01]
2024-10-16 01:41:19,430 INFO =====> Num. aborted data so far: 0
2024-10-16 01:41:19,837 INFO ===> New TaichiEnv created.
2024-10-16 01:41:19,837 INFO ===> Specifications: horizon = 311, dt = 0.01, n_substeps = 20, dt_sub = 0.0005
2024-10-16 01:41:19,859 DEBUG loaded <trimesh.Trimesh(vertices.shape=(916, 3), faces.shape=(856, 3))> using `load_obj` in 0.0028s
2024-10-16 01:41:20,000 DEBUG loaded <trimesh.Trimesh(vertices.shape=(48, 3), faces.shape=(28, 3))> using `load_obj` in 0.0007s
2024-10-16 01:42:04,896 INFO =====> Epoch: 71
2024-10-16 01:42:04,896 INFO =====> Loss info: {'particle_has_naninf': False, 'height_map_loss': 29.96922492980957, 'emd_loss': 30.29124641418457, 'total_loss': 30.29124641418457}
2024-10-16 01:42:04,896 INFO =====> Param: E: [828936.5], nu: [0.27016675], rho: [2112.9092], sand_angle: [19.57332]
2024-10-16 01:42:04,897 INFO =====> Grad: [ 1.5156738e-03 -3.4034372e+02 -5.1947483e+01  2.1040666e+02]
2024-10-16 01:42:04,897 INFO =====> Num. aborted data so far: 0
2024-10-16 01:42:05,266 INFO ===> New TaichiEnv created.
2024-10-16 01:42:05,266 INFO ===> Specifications: horizon = 311, dt = 0.01, n_substeps = 20, dt_sub = 0.0005
2024-10-16 01:42:05,289 DEBUG loaded <trimesh.Trimesh(vertices.shape=(916, 3), faces.shape=(856, 3))> using `load_obj` in 0.0029s
2024-10-16 01:42:05,438 DEBUG loaded <trimesh.Trimesh(vertices.shape=(48, 3), faces.shape=(28, 3))> using `load_obj` in 0.0007s
2024-10-16 01:42:51,499 INFO =====> Epoch: 72
2024-10-16 01:42:51,499 INFO =====> Loss info: {'particle_has_naninf': False, 'height_map_loss': 29.86627197265625, 'emd_loss': 30.25829315185547, 'total_loss': 30.25829315185547}
2024-10-16 01:42:51,499 INFO =====> Param: E: [839173.], nu: [0.27823702], rho: [2117.7043], sand_angle: [19.727379]
2024-10-16 01:42:51,499 INFO =====> Grad: [-7.4058841e-03 -3.0526324e+04 -4.6552086e+01 -1.1499615e+02]
2024-10-16 01:42:51,499 INFO =====> Num. aborted data so far: 0
2024-10-16 01:42:51,841 INFO ===> New TaichiEnv created.
2024-10-16 01:42:51,841 INFO ===> Specifications: horizon = 311, dt = 0.01, n_substeps = 20, dt_sub = 0.0005
2024-10-16 01:42:51,863 DEBUG loaded <trimesh.Trimesh(vertices.shape=(916, 3), faces.shape=(856, 3))> using `load_obj` in 0.0028s
2024-10-16 01:42:52,004 DEBUG loaded <trimesh.Trimesh(vertices.shape=(48, 3), faces.shape=(28, 3))> using `load_obj` in 0.0007s
2024-10-16 01:43:37,280 INFO =====> Epoch: 73
2024-10-16 01:43:37,281 INFO =====> Loss info: {'particle_has_naninf': False, 'height_map_loss': 29.9156436920166, 'emd_loss': 30.27838897705078, 'total_loss': 30.27838897705078}
2024-10-16 01:43:37,281 INFO =====> Param: E: [851518.75], nu: [0.2867655], rho: [2122.3667], sand_angle: [21.020384]
2024-10-16 01:43:37,281 INFO =====> Grad: [-8.6397696e-03 -3.1781707e+04 -4.2958565e+01 -1.0033384e+03]
2024-10-16 01:43:37,281 INFO =====> Num. aborted data so far: 0
2024-10-16 01:43:37,612 INFO ===> New TaichiEnv created.
2024-10-16 01:43:37,612 INFO ===> Specifications: horizon = 311, dt = 0.01, n_substeps = 20, dt_sub = 0.0005
2024-10-16 01:43:37,634 DEBUG loaded <trimesh.Trimesh(vertices.shape=(916, 3), faces.shape=(856, 3))> using `load_obj` in 0.0029s
2024-10-16 01:43:37,778 DEBUG loaded <trimesh.Trimesh(vertices.shape=(48, 3), faces.shape=(28, 3))> using `load_obj` in 0.0007s
2024-10-16 01:44:23,520 INFO =====> Epoch: 74
2024-10-16 01:44:23,521 INFO =====> Loss info: {'particle_has_naninf': False, 'height_map_loss': 30.22977638244629, 'emd_loss': 30.532814025878906, 'total_loss': 30.532814025878906}
2024-10-16 01:44:23,521 INFO =====> Param: E: [866130.6], nu: [0.2927184], rho: [2121.4705], sand_angle: [21.639317]
2024-10-16 01:44:23,521 INFO =====> Grad: [-9.9706249e-03 -2.1428475e+04  7.8350015e+00 -4.6461545e+02]
2024-10-16 01:44:23,521 INFO =====> Num. aborted data so far: 0
2024-10-16 01:44:23,906 INFO ===> New TaichiEnv created.
2024-10-16 01:44:23,906 INFO ===> Specifications: horizon = 311, dt = 0.01, n_substeps = 20, dt_sub = 0.0005
2024-10-16 01:44:23,931 DEBUG loaded <trimesh.Trimesh(vertices.shape=(916, 3), faces.shape=(856, 3))> using `load_obj` in 0.0029s
2024-10-16 01:44:24,078 DEBUG loaded <trimesh.Trimesh(vertices.shape=(48, 3), faces.shape=(28, 3))> using `load_obj` in 0.0007s
2024-10-16 01:45:09,395 INFO =====> Epoch: 75
2024-10-16 01:45:09,395 INFO =====> Loss info: {'particle_has_naninf': False, 'height_map_loss': 30.39150619506836, 'emd_loss': 30.568790435791016, 'total_loss': 30.568790435791016}
2024-10-16 01:45:09,395 INFO =====> Param: E: [877225.06], nu: [0.29586834], rho: [2119.1958], sand_angle: [21.513107]
2024-10-16 01:45:09,395 INFO =====> Grad: [-7.2950940e-03 -1.0810575e+04  1.8864985e+01  8.9951920e+01]
2024-10-16 01:45:09,395 INFO =====> Num. aborted data so far: 0
2024-10-16 01:45:09,767 INFO ===> New TaichiEnv created.
2024-10-16 01:45:09,767 INFO ===> Specifications: horizon = 311, dt = 0.01, n_substeps = 20, dt_sub = 0.0005
2024-10-16 01:45:09,791 DEBUG loaded <trimesh.Trimesh(vertices.shape=(916, 3), faces.shape=(856, 3))> using `load_obj` in 0.0029s
2024-10-16 01:45:09,937 DEBUG loaded <trimesh.Trimesh(vertices.shape=(48, 3), faces.shape=(28, 3))> using `load_obj` in 0.0007s
2024-10-16 01:45:55,347 INFO =====> Epoch: 76
2024-10-16 01:45:55,347 INFO =====> Loss info: {'particle_has_naninf': False, 'height_map_loss': 30.38603973388672, 'emd_loss': 30.56913185119629, 'total_loss': 30.56913185119629}
2024-10-16 01:45:55,347 INFO =====> Param: E: [873686.7], nu: [0.28859425], rho: [2111.8755], sand_angle: [19.773573]
2024-10-16 01:45:55,347 INFO =====> Grad: [2.2106944e-03 2.4336266e+04 5.7657589e+01 1.4084149e+03]
2024-10-16 01:45:55,347 INFO =====> Num. aborted data so far: 0
2024-10-16 01:45:55,764 INFO ===> New TaichiEnv created.
2024-10-16 01:45:55,764 INFO ===> Specifications: horizon = 311, dt = 0.01, n_substeps = 20, dt_sub = 0.0005
2024-10-16 01:45:55,786 DEBUG loaded <trimesh.Trimesh(vertices.shape=(916, 3), faces.shape=(856, 3))> using `load_obj` in 0.0028s
2024-10-16 01:45:55,927 DEBUG loaded <trimesh.Trimesh(vertices.shape=(48, 3), faces.shape=(28, 3))> using `load_obj` in 0.0007s
2024-10-16 01:46:41,355 INFO =====> Epoch: 77
2024-10-16 01:46:41,355 INFO =====> Loss info: {'particle_has_naninf': False, 'height_map_loss': 29.96042823791504, 'emd_loss': 30.323354721069336, 'total_loss': 30.323354721069336}
2024-10-16 01:46:41,355 INFO =====> Param: E: [872395.06], nu: [0.28721178], rho: [2119.8677], sand_angle: [19.919231]
2024-10-16 01:46:41,356 INFO =====> Grad: [ 7.6571095e-04  4.3920034e+03 -5.9795750e+01 -1.1199999e+02]
2024-10-16 01:46:41,356 INFO =====> Num. aborted data so far: 0
2024-10-16 01:46:41,726 INFO ===> New TaichiEnv created.
2024-10-16 01:46:41,726 INFO ===> Specifications: horizon = 311, dt = 0.01, n_substeps = 20, dt_sub = 0.0005
2024-10-16 01:46:41,753 DEBUG loaded <trimesh.Trimesh(vertices.shape=(916, 3), faces.shape=(856, 3))> using `load_obj` in 0.0028s
2024-10-16 01:46:41,895 DEBUG loaded <trimesh.Trimesh(vertices.shape=(48, 3), faces.shape=(28, 3))> using `load_obj` in 0.0007s
2024-10-16 01:47:27,068 INFO =====> Epoch: 78
2024-10-16 01:47:27,068 INFO =====> Loss info: {'particle_has_naninf': False, 'height_map_loss': 29.974584579467773, 'emd_loss': 30.317474365234375, 'total_loss': 30.317474365234375}
2024-10-16 01:47:27,068 INFO =====> Param: E: [866222.9], nu: [0.28092757], rho: [2108.0078], sand_angle: [19.622849]
2024-10-16 01:47:27,068 INFO =====> Grad: [3.4880152e-03 1.9325562e+04 8.4418861e+01 2.1715480e+02]
2024-10-16 01:47:27,068 INFO =====> Num. aborted data so far: 0
2024-10-16 01:47:27,465 INFO ===> New TaichiEnv created.
2024-10-16 01:47:27,465 INFO ===> Specifications: horizon = 311, dt = 0.01, n_substeps = 20, dt_sub = 0.0005
2024-10-16 01:47:27,490 DEBUG loaded <trimesh.Trimesh(vertices.shape=(916, 3), faces.shape=(856, 3))> using `load_obj` in 0.0030s
2024-10-16 01:47:27,641 DEBUG loaded <trimesh.Trimesh(vertices.shape=(48, 3), faces.shape=(28, 3))> using `load_obj` in 0.0007s
2024-10-16 01:48:12,656 INFO =====> Epoch: 79
2024-10-16 01:48:12,656 INFO =====> Loss info: {'particle_has_naninf': False, 'height_map_loss': 29.852556228637695, 'emd_loss': 30.20766258239746, 'total_loss': 30.20766258239746}
2024-10-16 01:48:12,656 INFO =====> Param: E: [860491.9], nu: [0.2786167], rho: [2104.43], sand_angle: [20.193975]
2024-10-16 01:48:12,656 INFO =====> Grad: [ 3.0851653e-03  6.7599028e+03  2.4165876e+01 -4.0362006e+02]
2024-10-16 01:48:12,656 INFO =====> Num. aborted data so far: 0
2024-10-16 01:48:12,991 INFO ===> New TaichiEnv created.
2024-10-16 01:48:12,991 INFO ===> Specifications: horizon = 311, dt = 0.01, n_substeps = 20, dt_sub = 0.0005
2024-10-16 01:48:13,014 DEBUG loaded <trimesh.Trimesh(vertices.shape=(916, 3), faces.shape=(856, 3))> using `load_obj` in 0.0028s
2024-10-16 01:48:13,157 DEBUG loaded <trimesh.Trimesh(vertices.shape=(48, 3), faces.shape=(28, 3))> using `load_obj` in 0.0007s
2024-10-16 01:48:58,889 INFO =====> Epoch: 80
2024-10-16 01:48:58,889 INFO =====> Loss info: {'particle_has_naninf': False, 'height_map_loss': 30.050708770751953, 'emd_loss': 30.367843627929688, 'total_loss': 30.367843627929688}
2024-10-16 01:48:58,889 INFO =====> Param: E: [860583.], nu: [0.28147584], rho: [2109.1262], sand_angle: [20.264872]
2024-10-16 01:48:58,889 INFO =====> Grad: [-4.6543108e-05 -7.9672363e+03 -3.0106592e+01 -4.7543903e+01]
2024-10-16 01:48:58,889 INFO =====> Num. aborted data so far: 0
2024-10-16 01:48:59,236 INFO ===> New TaichiEnv created.
2024-10-16 01:48:59,237 INFO ===> Specifications: horizon = 311, dt = 0.01, n_substeps = 20, dt_sub = 0.0005
2024-10-16 01:48:59,260 DEBUG loaded <trimesh.Trimesh(vertices.shape=(916, 3), faces.shape=(856, 3))> using `load_obj` in 0.0029s
2024-10-16 01:48:59,407 DEBUG loaded <trimesh.Trimesh(vertices.shape=(48, 3), faces.shape=(28, 3))> using `load_obj` in 0.0007s
2024-10-16 01:49:44,990 INFO =====> Epoch: 81
2024-10-16 01:49:44,990 INFO =====> Loss info: {'particle_has_naninf': False, 'height_map_loss': 30.080766677856445, 'emd_loss': 30.382518768310547, 'total_loss': 30.382518768310547}
2024-10-16 01:49:44,990 INFO =====> Param: E: [852680.56], nu: [0.27701604], rho: [2101.1597], sand_angle: [19.634626]
2024-10-16 01:49:44,991 INFO =====> Grad: [3.8589775e-03 1.1908804e+04 4.8511265e+01 4.0916776e+02]
2024-10-16 01:49:44,991 INFO =====> Num. aborted data so far: 0
2024-10-16 01:49:45,343 INFO ===> New TaichiEnv created.
2024-10-16 01:49:45,343 INFO ===> Specifications: horizon = 311, dt = 0.01, n_substeps = 20, dt_sub = 0.0005
2024-10-16 01:49:45,367 DEBUG loaded <trimesh.Trimesh(vertices.shape=(916, 3), faces.shape=(856, 3))> using `load_obj` in 0.0028s
2024-10-16 01:49:45,518 DEBUG loaded <trimesh.Trimesh(vertices.shape=(48, 3), faces.shape=(28, 3))> using `load_obj` in 0.0008s
2024-10-16 01:50:30,697 INFO =====> Epoch: 82
2024-10-16 01:50:30,697 INFO =====> Loss info: {'particle_has_naninf': False, 'height_map_loss': 29.860885620117188, 'emd_loss': 30.20625114440918, 'total_loss': 30.20625114440918}
2024-10-16 01:50:30,697 INFO =====> Param: E: [858568.44], nu: [0.2833898], rho: [2096.376], sand_angle: [19.457233]
2024-10-16 01:50:30,697 INFO =====> Grad: [-2.7395450e-03 -1.6484535e+04  2.7646984e+01  1.0942965e+02]
2024-10-16 01:50:30,697 INFO =====> Num. aborted data so far: 0
2024-10-16 01:50:31,033 INFO ===> New TaichiEnv created.
2024-10-16 01:50:31,033 INFO ===> Specifications: horizon = 311, dt = 0.01, n_substeps = 20, dt_sub = 0.0005
2024-10-16 01:50:31,059 DEBUG loaded <trimesh.Trimesh(vertices.shape=(916, 3), faces.shape=(856, 3))> using `load_obj` in 0.0029s
2024-10-16 01:50:31,202 DEBUG loaded <trimesh.Trimesh(vertices.shape=(48, 3), faces.shape=(28, 3))> using `load_obj` in 0.0007s
2024-10-16 01:51:17,544 INFO =====> Epoch: 83
2024-10-16 01:51:17,544 INFO =====> Loss info: {'particle_has_naninf': False, 'height_map_loss': 29.86147117614746, 'emd_loss': 30.239145278930664, 'total_loss': 30.239145278930664}
2024-10-16 01:51:17,544 INFO =====> Param: E: [832872.1], nu: [0.26803908], rho: [2097.8748], sand_angle: [17.995247]
2024-10-16 01:51:17,544 INFO =====> Grad: [ 1.2413350e-02  4.3080703e+04 -8.2179184e+00  9.6489380e+02]
2024-10-16 01:51:17,544 INFO =====> Num. aborted data so far: 0
2024-10-16 01:51:17,882 INFO ===> New TaichiEnv created.
2024-10-16 01:51:17,882 INFO ===> Specifications: horizon = 311, dt = 0.01, n_substeps = 20, dt_sub = 0.0005
2024-10-16 01:51:17,906 DEBUG loaded <trimesh.Trimesh(vertices.shape=(916, 3), faces.shape=(856, 3))> using `load_obj` in 0.0028s
2024-10-16 01:51:18,051 DEBUG loaded <trimesh.Trimesh(vertices.shape=(48, 3), faces.shape=(28, 3))> using `load_obj` in 0.0007s
2024-10-16 01:52:04,608 INFO =====> Epoch: 84
2024-10-16 01:52:04,608 INFO =====> Loss info: {'particle_has_naninf': False, 'height_map_loss': 29.531782150268555, 'emd_loss': 29.960880279541016, 'total_loss': 29.960880279541016}
2024-10-16 01:52:04,608 INFO =====> Param: E: [844371.8], nu: [0.27209145], rho: [2101.0454], sand_angle: [17.405222]
2024-10-16 01:52:04,609 INFO =====> Grad: [-5.3595402e-03 -1.0878771e+04 -1.6497078e+01  3.7602942e+02]
2024-10-16 01:52:04,609 INFO =====> Num. aborted data so far: 0
2024-10-16 01:52:05,011 INFO ===> New TaichiEnv created.
2024-10-16 01:52:05,011 INFO ===> Specifications: horizon = 311, dt = 0.01, n_substeps = 20, dt_sub = 0.0005
2024-10-16 01:52:05,034 DEBUG loaded <trimesh.Trimesh(vertices.shape=(916, 3), faces.shape=(856, 3))> using `load_obj` in 0.0028s
2024-10-16 01:52:05,179 DEBUG loaded <trimesh.Trimesh(vertices.shape=(48, 3), faces.shape=(28, 3))> using `load_obj` in 0.0007s
2024-10-16 01:52:50,527 INFO =====> Epoch: 85
2024-10-16 01:52:50,527 INFO =====> Loss info: {'particle_has_naninf': False, 'height_map_loss': 29.392019271850586, 'emd_loss': 29.923633575439453, 'total_loss': 29.923633575439453}
2024-10-16 01:52:50,527 INFO =====> Param: E: [865706.94], nu: [0.28627244], rho: [2096.187], sand_angle: [19.04994]
2024-10-16 01:52:50,527 INFO =====> Grad: [-1.0020522e-02 -4.0406609e+04  2.3991438e+01 -1.1642722e+03]
2024-10-16 01:52:50,527 INFO =====> Num. aborted data so far: 0
2024-10-16 01:52:50,865 INFO ===> New TaichiEnv created.
2024-10-16 01:52:50,865 INFO ===> Specifications: horizon = 311, dt = 0.01, n_substeps = 20, dt_sub = 0.0005
2024-10-16 01:52:50,888 DEBUG loaded <trimesh.Trimesh(vertices.shape=(916, 3), faces.shape=(856, 3))> using `load_obj` in 0.0029s
2024-10-16 01:52:51,032 DEBUG loaded <trimesh.Trimesh(vertices.shape=(48, 3), faces.shape=(28, 3))> using `load_obj` in 0.0007s
2024-10-16 01:53:36,849 INFO =====> Epoch: 86
2024-10-16 01:53:36,849 INFO =====> Loss info: {'particle_has_naninf': False, 'height_map_loss': 29.775426864624023, 'emd_loss': 30.194751739501953, 'total_loss': 30.194751739501953}
2024-10-16 01:53:36,849 INFO =====> Param: E: [854974.7], nu: [0.2817524], rho: [2079.3843], sand_angle: [18.802877]
2024-10-16 01:53:36,849 INFO =====> Grad: [4.8523447e-03 1.2344969e+04 7.9166130e+01 1.6642616e+02]
2024-10-16 01:53:36,849 INFO =====> Num. aborted data so far: 0
2024-10-16 01:53:37,192 INFO ===> New TaichiEnv created.
2024-10-16 01:53:37,192 INFO ===> Specifications: horizon = 311, dt = 0.01, n_substeps = 20, dt_sub = 0.0005
2024-10-16 01:53:37,215 DEBUG loaded <trimesh.Trimesh(vertices.shape=(916, 3), faces.shape=(856, 3))> using `load_obj` in 0.0029s
2024-10-16 01:53:37,366 DEBUG loaded <trimesh.Trimesh(vertices.shape=(48, 3), faces.shape=(28, 3))> using `load_obj` in 0.0007s
2024-10-16 01:54:22,463 INFO =====> Epoch: 87
2024-10-16 01:54:22,463 INFO =====> Loss info: {'particle_has_naninf': False, 'height_map_loss': 29.71502685546875, 'emd_loss': 30.088884353637695, 'total_loss': 30.088884353637695}
2024-10-16 01:54:22,464 INFO =====> Param: E: [858409.8], nu: [0.28457505], rho: [2075.3618], sand_angle: [18.133633]
2024-10-16 01:54:22,464 INFO =====> Grad: [-1.4755910e-03 -7.3428281e+03  1.7985069e+01  4.3759335e+02]
2024-10-16 01:54:22,464 INFO =====> Num. aborted data so far: 0
2024-10-16 01:54:22,820 INFO ===> New TaichiEnv created.
2024-10-16 01:54:22,820 INFO ===> Specifications: horizon = 311, dt = 0.01, n_substeps = 20, dt_sub = 0.0005
2024-10-16 01:54:22,844 DEBUG loaded <trimesh.Trimesh(vertices.shape=(916, 3), faces.shape=(856, 3))> using `load_obj` in 0.0029s
2024-10-16 01:54:22,996 DEBUG loaded <trimesh.Trimesh(vertices.shape=(48, 3), faces.shape=(28, 3))> using `load_obj` in 0.0007s
2024-10-16 01:55:08,107 INFO =====> Epoch: 88
2024-10-16 01:55:08,107 INFO =====> Loss info: {'particle_has_naninf': False, 'height_map_loss': 29.511886596679688, 'emd_loss': 29.90239715576172, 'total_loss': 29.90239715576172}
2024-10-16 01:55:08,107 INFO =====> Param: E: [846575.56], nu: [0.2855643], rho: [2061.1943], sand_angle: [17.76536]
2024-10-16 01:55:08,107 INFO =====> Grad: [ 4.9093715e-03 -2.4426270e+03  6.0336605e+01  2.3000743e+02]
2024-10-16 01:55:08,107 INFO =====> Num. aborted data so far: 0
2024-10-16 01:55:08,442 INFO ===> New TaichiEnv created.
2024-10-16 01:55:08,442 INFO ===> Specifications: horizon = 311, dt = 0.01, n_substeps = 20, dt_sub = 0.0005
2024-10-16 01:55:08,465 DEBUG loaded <trimesh.Trimesh(vertices.shape=(916, 3), faces.shape=(856, 3))> using `load_obj` in 0.0029s
2024-10-16 01:55:08,611 DEBUG loaded <trimesh.Trimesh(vertices.shape=(48, 3), faces.shape=(28, 3))> using `load_obj` in 0.0007s
2024-10-16 01:55:54,497 INFO =====> Epoch: 89
2024-10-16 01:55:54,497 INFO =====> Loss info: {'particle_has_naninf': False, 'height_map_loss': 29.43941307067871, 'emd_loss': 29.879199981689453, 'total_loss': 29.879199981689453}
2024-10-16 01:55:54,497 INFO =====> Param: E: [846117.56], nu: [0.2833339], rho: [2054.6104], sand_angle: [19.522186]
2024-10-16 01:55:54,497 INFO =====> Grad: [ 1.8026277e-04  5.2375620e+03  2.6623934e+01 -1.2519045e+03]
2024-10-16 01:55:54,497 INFO =====> Num. aborted data so far: 0
2024-10-16 01:55:54,909 INFO ===> New TaichiEnv created.
2024-10-16 01:55:54,909 INFO ===> Specifications: horizon = 311, dt = 0.01, n_substeps = 20, dt_sub = 0.0005
2024-10-16 01:55:54,933 DEBUG loaded <trimesh.Trimesh(vertices.shape=(916, 3), faces.shape=(856, 3))> using `load_obj` in 0.0028s
2024-10-16 01:55:55,082 DEBUG loaded <trimesh.Trimesh(vertices.shape=(48, 3), faces.shape=(28, 3))> using `load_obj` in 0.0008s
2024-10-16 01:56:40,284 INFO =====> Epoch: 90
2024-10-16 01:56:40,284 INFO =====> Loss info: {'particle_has_naninf': False, 'height_map_loss': 29.853853225708008, 'emd_loss': 30.239805221557617, 'total_loss': 30.239805221557617}
2024-10-16 01:56:40,284 INFO =====> Param: E: [839230.06], nu: [0.27030706], rho: [2032.6594], sand_angle: [18.608326]
2024-10-16 01:56:40,284 INFO =====> Grad: [2.5869731e-03 3.1848453e+04 8.5033333e+01 6.4532782e+02]
2024-10-16 01:56:40,284 INFO =====> Num. aborted data so far: 0
2024-10-16 01:56:40,639 INFO ===> New TaichiEnv created.
2024-10-16 01:56:40,639 INFO ===> Specifications: horizon = 311, dt = 0.01, n_substeps = 20, dt_sub = 0.0005
2024-10-16 01:56:40,664 DEBUG loaded <trimesh.Trimesh(vertices.shape=(916, 3), faces.shape=(856, 3))> using `load_obj` in 0.0029s
2024-10-16 01:56:40,821 DEBUG loaded <trimesh.Trimesh(vertices.shape=(48, 3), faces.shape=(28, 3))> using `load_obj` in 0.0007s
2024-10-16 01:57:26,078 INFO =====> Epoch: 91
2024-10-16 01:57:26,078 INFO =====> Loss info: {'particle_has_naninf': False, 'height_map_loss': 29.664630889892578, 'emd_loss': 30.022024154663086, 'total_loss': 30.022024154663086}
2024-10-16 01:57:26,078 INFO =====> Param: E: [840654.06], nu: [0.27678317], rho: [2036.2631], sand_angle: [20.413448]
2024-10-16 01:57:26,078 INFO =====> Grad: [-5.0754001e-04 -1.5345731e+04 -1.3246885e+01 -1.4728176e+03]
2024-10-16 01:57:26,078 INFO =====> Num. aborted data so far: 0
2024-10-16 01:57:26,411 INFO ===> New TaichiEnv created.
2024-10-16 01:57:26,412 INFO ===> Specifications: horizon = 311, dt = 0.01, n_substeps = 20, dt_sub = 0.0005
2024-10-16 01:57:26,435 DEBUG loaded <trimesh.Trimesh(vertices.shape=(916, 3), faces.shape=(856, 3))> using `load_obj` in 0.0028s
2024-10-16 01:57:26,579 DEBUG loaded <trimesh.Trimesh(vertices.shape=(48, 3), faces.shape=(28, 3))> using `load_obj` in 0.0007s
2024-10-16 01:58:12,023 INFO =====> Epoch: 92
2024-10-16 01:58:12,023 INFO =====> Loss info: {'particle_has_naninf': False, 'height_map_loss': 30.110441207885742, 'emd_loss': 30.425167083740234, 'total_loss': 30.425167083740234}
2024-10-16 01:58:12,023 INFO =====> Param: E: [856099.94], nu: [0.2880514], rho: [2028.8711], sand_angle: [20.157007]
2024-10-16 01:58:12,023 INFO =====> Grad: [-5.3857747e-03 -2.7110508e+04  2.5806631e+01  1.9915221e+02]
2024-10-16 01:58:12,023 INFO =====> Num. aborted data so far: 0
2024-10-16 01:58:12,377 INFO ===> New TaichiEnv created.
2024-10-16 01:58:12,377 INFO ===> Specifications: horizon = 311, dt = 0.01, n_substeps = 20, dt_sub = 0.0005
2024-10-16 01:58:12,401 DEBUG loaded <trimesh.Trimesh(vertices.shape=(916, 3), faces.shape=(856, 3))> using `load_obj` in 0.0029s
2024-10-16 01:58:12,549 DEBUG loaded <trimesh.Trimesh(vertices.shape=(48, 3), faces.shape=(28, 3))> using `load_obj` in 0.0007s
2024-10-16 01:58:57,597 INFO =====> Epoch: 93
2024-10-16 01:58:57,597 INFO =====> Loss info: {'particle_has_naninf': False, 'height_map_loss': 30.062557220458984, 'emd_loss': 30.321949005126953, 'total_loss': 30.321949005126953}
2024-10-16 01:58:57,597 INFO =====> Param: E: [869545.94], nu: [0.29234636], rho: [2019.1443], sand_angle: [19.531937]
2024-10-16 01:58:57,597 INFO =====> Grad: [-4.5519080e-03 -9.8947744e+03  3.2276085e+01  4.6978683e+02]
2024-10-16 01:58:57,597 INFO =====> Num. aborted data so far: 0
2024-10-16 01:58:57,952 INFO ===> New TaichiEnv created.
2024-10-16 01:58:57,952 INFO ===> Specifications: horizon = 311, dt = 0.01, n_substeps = 20, dt_sub = 0.0005
2024-10-16 01:58:57,978 DEBUG loaded <trimesh.Trimesh(vertices.shape=(916, 3), faces.shape=(856, 3))> using `load_obj` in 0.0029s
2024-10-16 01:58:58,132 DEBUG loaded <trimesh.Trimesh(vertices.shape=(48, 3), faces.shape=(28, 3))> using `load_obj` in 0.0007s
2024-10-16 01:59:43,640 INFO =====> Epoch: 94
2024-10-16 01:59:43,640 INFO =====> Loss info: {'particle_has_naninf': False, 'height_map_loss': 29.87052345275879, 'emd_loss': 30.274404525756836, 'total_loss': 30.274404525756836}
2024-10-16 01:59:43,640 INFO =====> Param: E: [872750.8], nu: [0.28627217], rho: [2034.9965], sand_angle: [18.769733]
2024-10-16 01:59:43,640 INFO =====> Grad: [-1.0306098e-03  1.3527530e+04 -5.0155041e+01  5.5996411e+02]
2024-10-16 01:59:43,640 INFO =====> Num. aborted data so far: 0
2024-10-16 01:59:43,975 INFO ===> New TaichiEnv created.
2024-10-16 01:59:43,975 INFO ===> Specifications: horizon = 311, dt = 0.01, n_substeps = 20, dt_sub = 0.0005
2024-10-16 01:59:43,998 DEBUG loaded <trimesh.Trimesh(vertices.shape=(916, 3), faces.shape=(856, 3))> using `load_obj` in 0.0028s
2024-10-16 01:59:44,143 DEBUG loaded <trimesh.Trimesh(vertices.shape=(48, 3), faces.shape=(28, 3))> using `load_obj` in 0.0007s
2024-10-16 02:00:29,890 INFO =====> Epoch: 95
2024-10-16 02:00:29,890 INFO =====> Loss info: {'particle_has_naninf': False, 'height_map_loss': 29.723318099975586, 'emd_loss': 30.064617156982422, 'total_loss': 30.064617156982422}
2024-10-16 02:00:29,890 INFO =====> Param: E: [865637.8], nu: [0.28259236], rho: [2022.7987], sand_angle: [18.172184]
2024-10-16 02:00:29,890 INFO =====> Grad: [2.1838332e-03 7.8277524e+03 3.6721786e+01 4.2411188e+02]
2024-10-16 02:00:29,890 INFO =====> Num. aborted data so far: 0
2024-10-16 02:00:30,245 INFO ===> New TaichiEnv created.
2024-10-16 02:00:30,245 INFO ===> Specifications: horizon = 311, dt = 0.01, n_substeps = 20, dt_sub = 0.0005
2024-10-16 02:00:30,269 DEBUG loaded <trimesh.Trimesh(vertices.shape=(916, 3), faces.shape=(856, 3))> using `load_obj` in 0.0030s
2024-10-16 02:00:30,421 DEBUG loaded <trimesh.Trimesh(vertices.shape=(48, 3), faces.shape=(28, 3))> using `load_obj` in 0.0007s
2024-10-16 02:01:15,454 INFO =====> Epoch: 96
2024-10-16 02:01:15,454 INFO =====> Loss info: {'particle_has_naninf': False, 'height_map_loss': 29.498760223388672, 'emd_loss': 29.856239318847656, 'total_loss': 29.856239318847656}
2024-10-16 02:01:15,454 INFO =====> Param: E: [887058.75], nu: [0.2919856], rho: [2009.4941], sand_angle: [18.50131]
2024-10-16 02:01:15,454 INFO =====> Grad: [-6.6310558e-03 -1.9852139e+04  3.8133656e+01 -2.2282108e+02]
2024-10-16 02:01:15,454 INFO =====> Num. aborted data so far: 0
2024-10-16 02:01:15,812 INFO ===> New TaichiEnv created.
2024-10-16 02:01:15,812 INFO ===> Specifications: horizon = 311, dt = 0.01, n_substeps = 20, dt_sub = 0.0005
2024-10-16 02:01:15,836 DEBUG loaded <trimesh.Trimesh(vertices.shape=(916, 3), faces.shape=(856, 3))> using `load_obj` in 0.0029s
2024-10-16 02:01:15,991 DEBUG loaded <trimesh.Trimesh(vertices.shape=(48, 3), faces.shape=(28, 3))> using `load_obj` in 0.0007s
2024-10-16 02:02:01,224 INFO =====> Epoch: 97
2024-10-16 02:02:01,224 INFO =====> Loss info: {'particle_has_naninf': False, 'height_map_loss': 29.665428161621094, 'emd_loss': 30.01940155029297, 'total_loss': 30.01940155029297}
2024-10-16 02:02:01,224 INFO =====> Param: E: [907149.8], nu: [0.30022758], rho: [2011.0807], sand_angle: [17.714943]
2024-10-16 02:02:01,225 INFO =====> Grad: [-6.2225522e-03 -1.7116721e+04 -4.3143115e+00  5.2143549e+02]
2024-10-16 02:02:01,225 INFO =====> Num. aborted data so far: 0
2024-10-16 02:02:01,560 INFO ===> New TaichiEnv created.
2024-10-16 02:02:01,560 INFO ===> Specifications: horizon = 311, dt = 0.01, n_substeps = 20, dt_sub = 0.0005
2024-10-16 02:02:01,582 DEBUG loaded <trimesh.Trimesh(vertices.shape=(916, 3), faces.shape=(856, 3))> using `load_obj` in 0.0028s
2024-10-16 02:02:01,728 DEBUG loaded <trimesh.Trimesh(vertices.shape=(48, 3), faces.shape=(28, 3))> using `load_obj` in 0.0007s
2024-10-16 02:02:47,361 INFO =====> Epoch: 98
2024-10-16 02:02:47,361 INFO =====> Loss info: {'particle_has_naninf': False, 'height_map_loss': 29.448299407958984, 'emd_loss': 29.821393966674805, 'total_loss': 29.821393966674805}
2024-10-16 02:02:47,361 INFO =====> Param: E: [888977.], nu: [0.28969172], rho: [2020.0636], sand_angle: [17.706623]
2024-10-16 02:02:47,361 INFO =====> Grad: [ 5.5746837e-03  2.2015578e+04 -2.3210909e+01  5.2338305e+00]
2024-10-16 02:02:47,361 INFO =====> Num. aborted data so far: 0
2024-10-16 02:02:47,782 INFO ===> New TaichiEnv created.
2024-10-16 02:02:47,782 INFO ===> Specifications: horizon = 311, dt = 0.01, n_substeps = 20, dt_sub = 0.0005
2024-10-16 02:02:47,806 DEBUG loaded <trimesh.Trimesh(vertices.shape=(916, 3), faces.shape=(856, 3))> using `load_obj` in 0.0028s
2024-10-16 02:02:47,953 DEBUG loaded <trimesh.Trimesh(vertices.shape=(48, 3), faces.shape=(28, 3))> using `load_obj` in 0.0007s
2024-10-16 02:03:32,992 INFO =====> Epoch: 99
2024-10-16 02:03:32,992 INFO =====> Loss info: {'particle_has_naninf': False, 'height_map_loss': 29.43793487548828, 'emd_loss': 29.88727378845215, 'total_loss': 29.88727378845215}
2024-10-16 02:03:32,993 INFO =====> Param: E: [881163.75], nu: [0.29391792], rho: [2036.3967], sand_angle: [18.485666]
2024-10-16 02:03:32,993 INFO =====> Grad: [ 2.2913478e-03 -8.4536660e+03 -4.0252743e+01 -4.7970792e+02]
2024-10-16 02:03:32,993 INFO =====> Num. aborted data so far: 0
2024-10-16 02:03:33,353 INFO ===> New TaichiEnv created.
2024-10-16 02:03:33,353 INFO ===> Specifications: horizon = 311, dt = 0.01, n_substeps = 20, dt_sub = 0.0005
2024-10-16 02:03:33,378 DEBUG loaded <trimesh.Trimesh(vertices.shape=(916, 3), faces.shape=(856, 3))> using `load_obj` in 0.0029s
2024-10-16 02:03:33,533 DEBUG loaded <trimesh.Trimesh(vertices.shape=(48, 3), faces.shape=(28, 3))> using `load_obj` in 0.0007s
2024-10-16 02:04:19,630 INFO =====> Epoch: 100
2024-10-16 02:04:19,630 INFO =====> Loss info: {'particle_has_naninf': False, 'height_map_loss': 29.678611755371094, 'emd_loss': 29.999176025390625, 'total_loss': 29.999176025390625}
2024-10-16 02:04:19,630 INFO =====> Param: E: [903105.5], nu: [0.30839506], rho: [2045.2957], sand_angle: [20.237583]
2024-10-16 02:04:19,630 INFO =====> Grad: [-6.5087662e-03 -3.0900898e+04 -2.0838757e+01 -1.2293015e+03]
2024-10-16 02:04:19,630 INFO =====> Num. aborted data so far: 0
2024-10-16 02:04:19,968 INFO ===> New TaichiEnv created.
2024-10-16 02:04:19,968 INFO ===> Specifications: horizon = 311, dt = 0.01, n_substeps = 20, dt_sub = 0.0005
2024-10-16 02:04:19,991 DEBUG loaded <trimesh.Trimesh(vertices.shape=(916, 3), faces.shape=(856, 3))> using `load_obj` in 0.0028s
2024-10-16 02:04:20,135 DEBUG loaded <trimesh.Trimesh(vertices.shape=(48, 3), faces.shape=(28, 3))> using `load_obj` in 0.0007s
2024-10-16 02:05:05,994 INFO =====> Epoch: 101
2024-10-16 02:05:05,995 INFO =====> Loss info: {'particle_has_naninf': False, 'height_map_loss': 30.07516098022461, 'emd_loss': 30.356517791748047, 'total_loss': 30.356517791748047}
2024-10-16 02:05:05,995 INFO =====> Param: E: [892582.06], nu: [0.3080371], rho: [2011.8881], sand_angle: [20.0099]
2024-10-16 02:05:05,995 INFO =====> Grad: [3.0033297e-03 7.2489813e+02 7.5931137e+01 1.5195903e+02]
2024-10-16 02:05:05,995 INFO =====> Num. aborted data so far: 0
2024-10-16 02:05:06,342 INFO ===> New TaichiEnv created.
2024-10-16 02:05:06,342 INFO ===> Specifications: horizon = 311, dt = 0.01, n_substeps = 20, dt_sub = 0.0005
2024-10-16 02:05:06,366 DEBUG loaded <trimesh.Trimesh(vertices.shape=(916, 3), faces.shape=(856, 3))> using `load_obj` in 0.0029s
2024-10-16 02:05:06,517 DEBUG loaded <trimesh.Trimesh(vertices.shape=(48, 3), faces.shape=(28, 3))> using `load_obj` in 0.0007s
2024-10-16 02:05:51,584 INFO =====> Epoch: 102
2024-10-16 02:05:51,584 INFO =====> Loss info: {'particle_has_naninf': False, 'height_map_loss': 29.994606018066406, 'emd_loss': 30.30986785888672, 'total_loss': 30.30986785888672}
2024-10-16 02:05:51,585 INFO =====> Param: E: [898970.2], nu: [0.31191814], rho: [2000.9342], sand_angle: [20.078297]
2024-10-16 02:05:51,585 INFO =====> Grad: [-1.7384700e-03 -7.5128447e+03  2.3675949e+01 -4.3316891e+01]
2024-10-16 02:05:51,585 INFO =====> Num. aborted data so far: 0
2024-10-16 02:05:51,943 INFO ===> New TaichiEnv created.
2024-10-16 02:05:51,943 INFO ===> Specifications: horizon = 311, dt = 0.01, n_substeps = 20, dt_sub = 0.0005
2024-10-16 02:05:51,967 DEBUG loaded <trimesh.Trimesh(vertices.shape=(916, 3), faces.shape=(856, 3))> using `load_obj` in 0.0029s
2024-10-16 02:05:52,119 DEBUG loaded <trimesh.Trimesh(vertices.shape=(48, 3), faces.shape=(28, 3))> using `load_obj` in 0.0007s
2024-10-16 02:06:37,117 INFO =====> Epoch: 103
2024-10-16 02:06:37,117 INFO =====> Loss info: {'particle_has_naninf': False, 'height_map_loss': 30.049762725830078, 'emd_loss': 30.32981300354004, 'total_loss': 30.32981300354004}
2024-10-16 02:06:37,117 INFO =====> Param: E: [916510.], nu: [0.3263442], rho: [1980.5775], sand_angle: [21.125074]
2024-10-16 02:06:37,117 INFO =====> Grad: [-4.7132317e-03 -2.9770857e+04  4.2091896e+01 -6.6649078e+02]
2024-10-16 02:06:37,117 INFO =====> Num. aborted data so far: 0
2024-10-16 02:06:37,455 INFO ===> New TaichiEnv created.
2024-10-16 02:06:37,455 INFO ===> Specifications: horizon = 311, dt = 0.01, n_substeps = 20, dt_sub = 0.0005
2024-10-16 02:06:37,477 DEBUG loaded <trimesh.Trimesh(vertices.shape=(916, 3), faces.shape=(856, 3))> using `load_obj` in 0.0028s
2024-10-16 02:06:37,620 DEBUG loaded <trimesh.Trimesh(vertices.shape=(48, 3), faces.shape=(28, 3))> using `load_obj` in 0.0007s
2024-10-16 02:07:23,616 INFO =====> Epoch: 104
2024-10-16 02:07:23,616 INFO =====> Loss info: {'particle_has_naninf': False, 'height_map_loss': 30.301546096801758, 'emd_loss': 30.377094268798828, 'total_loss': 30.377094268798828}
2024-10-16 02:07:23,616 INFO =====> Param: E: [893751.8], nu: [0.30791306], rho: [1924.9829], sand_angle: [20.53217]
2024-10-16 02:07:23,616 INFO =====> Grad: [6.2181884e-03 4.4406719e+04 1.1649338e+02 3.6460086e+02]
2024-10-16 02:07:23,616 INFO =====> Num. aborted data so far: 0
2024-10-16 02:07:23,957 INFO ===> New TaichiEnv created.
2024-10-16 02:07:23,957 INFO ===> Specifications: horizon = 311, dt = 0.01, n_substeps = 20, dt_sub = 0.0005
2024-10-16 02:07:23,980 DEBUG loaded <trimesh.Trimesh(vertices.shape=(916, 3), faces.shape=(856, 3))> using `load_obj` in 0.0028s
2024-10-16 02:07:24,122 DEBUG loaded <trimesh.Trimesh(vertices.shape=(48, 3), faces.shape=(28, 3))> using `load_obj` in 0.0007s
2024-10-16 02:08:09,376 INFO =====> Epoch: 105
2024-10-16 02:08:09,376 INFO =====> Loss info: {'particle_has_naninf': False, 'height_map_loss': 30.114484786987305, 'emd_loss': 30.427906036376953, 'total_loss': 30.427906036376953}
2024-10-16 02:08:09,376 INFO =====> Param: E: [877380.06], nu: [0.3012353], rho: [1933.8195], sand_angle: [20.246271]
2024-10-16 02:08:09,377 INFO =====> Grad: [ 4.3934262e-03  1.5615465e+04 -1.7593403e+01  1.6747438e+02]
2024-10-16 02:08:09,377 INFO =====> Num. aborted data so far: 0
2024-10-16 02:08:09,723 INFO ===> New TaichiEnv created.
2024-10-16 02:08:09,723 INFO ===> Specifications: horizon = 311, dt = 0.01, n_substeps = 20, dt_sub = 0.0005
2024-10-16 02:08:09,747 DEBUG loaded <trimesh.Trimesh(vertices.shape=(916, 3), faces.shape=(856, 3))> using `load_obj` in 0.0030s
2024-10-16 02:08:09,895 DEBUG loaded <trimesh.Trimesh(vertices.shape=(48, 3), faces.shape=(28, 3))> using `load_obj` in 0.0007s
2024-10-16 02:08:55,076 INFO =====> Epoch: 106
2024-10-16 02:08:55,076 INFO =====> Loss info: {'particle_has_naninf': False, 'height_map_loss': 30.06761360168457, 'emd_loss': 30.349313735961914, 'total_loss': 30.349313735961914}
2024-10-16 02:08:55,076 INFO =====> Param: E: [837297.3], nu: [0.2825724], rho: [1916.1112], sand_angle: [18.35381]
2024-10-16 02:08:55,077 INFO =====> Grad: [1.3192058e-02 5.1286336e+04 3.3659496e+01 1.3126956e+03]
2024-10-16 02:08:55,077 INFO =====> Num. aborted data so far: 0
2024-10-16 02:08:55,414 INFO ===> New TaichiEnv created.
2024-10-16 02:08:55,415 INFO ===> Specifications: horizon = 311, dt = 0.01, n_substeps = 20, dt_sub = 0.0005
2024-10-16 02:08:55,437 DEBUG loaded <trimesh.Trimesh(vertices.shape=(916, 3), faces.shape=(856, 3))> using `load_obj` in 0.0028s
2024-10-16 02:08:55,580 DEBUG loaded <trimesh.Trimesh(vertices.shape=(48, 3), faces.shape=(28, 3))> using `load_obj` in 0.0007s
2024-10-16 02:09:40,997 INFO =====> Epoch: 107
2024-10-16 02:09:40,997 INFO =====> Loss info: {'particle_has_naninf': False, 'height_map_loss': 29.57453727722168, 'emd_loss': 29.887466430664062, 'total_loss': 29.887466430664062}
2024-10-16 02:09:40,998 INFO =====> Param: E: [813372.], nu: [0.26799047], rho: [1868.856], sand_angle: [17.608711]
2024-10-16 02:09:40,998 INFO =====> Grad: [8.0699418e-03 4.2841980e+04 8.9293747e+01 5.0451517e+02]
2024-10-16 02:09:40,998 INFO =====> Num. aborted data so far: 0
2024-10-16 02:09:41,336 INFO ===> New TaichiEnv created.
2024-10-16 02:09:41,336 INFO ===> Specifications: horizon = 311, dt = 0.01, n_substeps = 20, dt_sub = 0.0005
2024-10-16 02:09:41,358 DEBUG loaded <trimesh.Trimesh(vertices.shape=(916, 3), faces.shape=(856, 3))> using `load_obj` in 0.0029s
2024-10-16 02:09:41,500 DEBUG loaded <trimesh.Trimesh(vertices.shape=(48, 3), faces.shape=(28, 3))> using `load_obj` in 0.0007s
2024-10-16 02:10:26,785 INFO =====> Epoch: 108
2024-10-16 02:10:26,786 INFO =====> Loss info: {'particle_has_naninf': False, 'height_map_loss': 29.383071899414062, 'emd_loss': 29.892797470092773, 'total_loss': 29.892797470092773}
2024-10-16 02:10:26,786 INFO =====> Param: E: [816300.], nu: [0.26609674], rho: [1801.0243], sand_angle: [17.272245]
2024-10-16 02:10:26,786 INFO =====> Grad: [-9.3792938e-04  5.2877495e+03  1.3461440e+02  2.1736775e+02]
2024-10-16 02:10:26,786 INFO =====> Num. aborted data so far: 0
2024-10-16 02:10:27,145 INFO ===> New TaichiEnv created.
2024-10-16 02:10:27,145 INFO ===> Specifications: horizon = 311, dt = 0.01, n_substeps = 20, dt_sub = 0.0005
2024-10-16 02:10:27,168 DEBUG loaded <trimesh.Trimesh(vertices.shape=(916, 3), faces.shape=(856, 3))> using `load_obj` in 0.0030s
2024-10-16 02:10:27,317 DEBUG loaded <trimesh.Trimesh(vertices.shape=(48, 3), faces.shape=(28, 3))> using `load_obj` in 0.0007s
2024-10-16 02:11:13,776 INFO =====> Epoch: 109
2024-10-16 02:11:13,776 INFO =====> Loss info: {'particle_has_naninf': False, 'height_map_loss': 29.320449829101562, 'emd_loss': 29.912050247192383, 'total_loss': 29.912050247192383}
2024-10-16 02:11:13,776 INFO =====> Param: E: [802875.1], nu: [0.26062557], rho: [1790.0245], sand_angle: [16.306417]
2024-10-16 02:11:13,776 INFO =====> Grad: [4.1748653e-03 1.4714858e+04 2.0759449e+01 6.2164166e+02]
2024-10-16 02:11:13,776 INFO =====> Num. aborted data so far: 0
2024-10-16 02:11:14,146 INFO ===> New TaichiEnv created.
2024-10-16 02:11:14,146 INFO ===> Specifications: horizon = 311, dt = 0.01, n_substeps = 20, dt_sub = 0.0005
2024-10-16 02:11:14,169 DEBUG loaded <trimesh.Trimesh(vertices.shape=(916, 3), faces.shape=(856, 3))> using `load_obj` in 0.0029s
2024-10-16 02:11:14,312 DEBUG loaded <trimesh.Trimesh(vertices.shape=(48, 3), faces.shape=(28, 3))> using `load_obj` in 0.0007s
2024-10-16 02:11:59,747 INFO =====> Epoch: 110
2024-10-16 02:11:59,748 INFO =====> Loss info: {'particle_has_naninf': False, 'height_map_loss': 29.21595001220703, 'emd_loss': 29.899171829223633, 'total_loss': 29.899171829223633}
2024-10-16 02:11:59,748 INFO =====> Param: E: [804671.2], nu: [0.25893965], rho: [1775.2361], sand_angle: [16.090345]
2024-10-16 02:11:59,749 INFO =====> Grad: [-5.3008582e-04  4.3077515e+03  2.6594063e+01  1.3224374e+02]
2024-10-16 02:11:59,749 INFO =====> Num. aborted data so far: 0
2024-10-16 02:12:00,132 INFO ===> New TaichiEnv created.
2024-10-16 02:12:00,132 INFO ===> Specifications: horizon = 311, dt = 0.01, n_substeps = 20, dt_sub = 0.0005
2024-10-16 02:12:00,155 DEBUG loaded <trimesh.Trimesh(vertices.shape=(916, 3), faces.shape=(856, 3))> using `load_obj` in 0.0029s
2024-10-16 02:12:00,299 DEBUG loaded <trimesh.Trimesh(vertices.shape=(48, 3), faces.shape=(28, 3))> using `load_obj` in 0.0007s
2024-10-16 02:12:46,011 INFO =====> Epoch: 111
2024-10-16 02:12:46,012 INFO =====> Loss info: {'particle_has_naninf': False, 'height_map_loss': 29.18740463256836, 'emd_loss': 29.87782096862793, 'total_loss': 29.87782096862793}
2024-10-16 02:12:46,012 INFO =====> Param: E: [829416.6], nu: [0.26356217], rho: [1754.975], sand_angle: [16.922632]
2024-10-16 02:12:46,012 INFO =====> Grad: [-7.5287875e-03 -1.1326754e+04  3.4853207e+01 -5.0090988e+02]
2024-10-16 02:12:46,012 INFO =====> Num. aborted data so far: 0
2024-10-16 02:12:46,363 INFO ===> New TaichiEnv created.
2024-10-16 02:12:46,363 INFO ===> Specifications: horizon = 311, dt = 0.01, n_substeps = 20, dt_sub = 0.0005
2024-10-16 02:12:46,386 DEBUG loaded <trimesh.Trimesh(vertices.shape=(916, 3), faces.shape=(856, 3))> using `load_obj` in 0.0030s
2024-10-16 02:12:46,536 DEBUG loaded <trimesh.Trimesh(vertices.shape=(48, 3), faces.shape=(28, 3))> using `load_obj` in 0.0007s
2024-10-16 02:13:32,061 INFO =====> Epoch: 112
2024-10-16 02:13:32,061 INFO =====> Loss info: {'particle_has_naninf': False, 'height_map_loss': 29.27576446533203, 'emd_loss': 29.910911560058594, 'total_loss': 29.910911560058594}
2024-10-16 02:13:32,061 INFO =====> Param: E: [824630.56], nu: [0.263286], rho: [1780.5529], sand_angle: [16.347176]
2024-10-16 02:13:32,061 INFO =====> Grad: [ 1.3854082e-03  6.4202802e+02 -4.2298416e+01  3.3414389e+02]
2024-10-16 02:13:32,061 INFO =====> Num. aborted data so far: 0
2024-10-16 02:13:32,424 INFO ===> New TaichiEnv created.
2024-10-16 02:13:32,424 INFO ===> Specifications: horizon = 311, dt = 0.01, n_substeps = 20, dt_sub = 0.0005
2024-10-16 02:13:32,451 DEBUG loaded <trimesh.Trimesh(vertices.shape=(916, 3), faces.shape=(856, 3))> using `load_obj` in 0.0035s
2024-10-16 02:13:32,600 DEBUG loaded <trimesh.Trimesh(vertices.shape=(48, 3), faces.shape=(28, 3))> using `load_obj` in 0.0007s
2024-10-16 02:14:18,015 INFO =====> Epoch: 113
2024-10-16 02:14:18,015 INFO =====> Loss info: {'particle_has_naninf': False, 'height_map_loss': 29.200838088989258, 'emd_loss': 29.893531799316406, 'total_loss': 29.893531799316406}
2024-10-16 02:14:18,016 INFO =====> Param: E: [824941.9], nu: [0.2615107], rho: [1787.454], sand_angle: [17.273806]
2024-10-16 02:14:18,016 INFO =====> Grad: [-8.5486034e-05  3.9213960e+03 -1.0837131e+01 -5.3387921e+02]
2024-10-16 02:14:18,016 INFO =====> Num. aborted data so far: 0
2024-10-16 02:14:18,366 INFO ===> New TaichiEnv created.
2024-10-16 02:14:18,366 INFO ===> Specifications: horizon = 311, dt = 0.01, n_substeps = 20, dt_sub = 0.0005
2024-10-16 02:14:18,397 DEBUG loaded <trimesh.Trimesh(vertices.shape=(916, 3), faces.shape=(856, 3))> using `load_obj` in 0.0029s
2024-10-16 02:14:18,541 DEBUG loaded <trimesh.Trimesh(vertices.shape=(48, 3), faces.shape=(28, 3))> using `load_obj` in 0.0007s
2024-10-16 02:15:03,987 INFO =====> Epoch: 114
2024-10-16 02:15:03,987 INFO =====> Loss info: {'particle_has_naninf': False, 'height_map_loss': 29.319791793823242, 'emd_loss': 29.927112579345703, 'total_loss': 29.927112579345703}
2024-10-16 02:15:03,987 INFO =====> Param: E: [825433.56], nu: [0.27018014], rho: [1771.3235], sand_angle: [17.449198]
2024-10-16 02:15:03,988 INFO =====> Grad: [-1.2809825e-04 -1.8890781e+04  2.4156507e+01 -9.6014290e+01]
2024-10-16 02:15:03,988 INFO =====> Num. aborted data so far: 0
2024-10-16 02:15:04,337 INFO ===> New TaichiEnv created.
2024-10-16 02:15:04,337 INFO ===> Specifications: horizon = 311, dt = 0.01, n_substeps = 20, dt_sub = 0.0005
2024-10-16 02:15:04,359 DEBUG loaded <trimesh.Trimesh(vertices.shape=(916, 3), faces.shape=(856, 3))> using `load_obj` in 0.0029s
2024-10-16 02:15:04,502 DEBUG loaded <trimesh.Trimesh(vertices.shape=(48, 3), faces.shape=(28, 3))> using `load_obj` in 0.0007s
2024-10-16 02:15:51,450 INFO =====> Epoch: 115
2024-10-16 02:15:51,450 INFO =====> Loss info: {'particle_has_naninf': False, 'height_map_loss': 29.34663963317871, 'emd_loss': 29.855690002441406, 'total_loss': 29.855690002441406}
2024-10-16 02:15:51,450 INFO =====> Param: E: [791172.56], nu: [0.25625294], rho: [1746.5455], sand_angle: [15.242274]
2024-10-16 02:15:51,450 INFO =====> Grad: [1.0074195e-02 3.2067682e+04 3.5642937e+01 1.6002893e+03]
2024-10-16 02:15:51,450 INFO =====> Num. aborted data so far: 0
2024-10-16 02:15:51,875 INFO ===> New TaichiEnv created.
2024-10-16 02:15:51,875 INFO ===> Specifications: horizon = 311, dt = 0.01, n_substeps = 20, dt_sub = 0.0005
2024-10-16 02:15:51,904 DEBUG loaded <trimesh.Trimesh(vertices.shape=(916, 3), faces.shape=(856, 3))> using `load_obj` in 0.0038s
2024-10-16 02:15:52,095 DEBUG loaded <trimesh.Trimesh(vertices.shape=(48, 3), faces.shape=(28, 3))> using `load_obj` in 0.0009s
2024-10-16 02:16:37,594 INFO =====> Epoch: 116
2024-10-16 02:16:37,595 INFO =====> Loss info: {'particle_has_naninf': False, 'height_map_loss': 29.242502212524414, 'emd_loss': 30.049400329589844, 'total_loss': 30.049400329589844}
2024-10-16 02:16:37,595 INFO =====> Param: E: [762252.3], nu: [0.24361041], rho: [1740.34], sand_angle: [13.637941]
2024-10-16 02:16:37,595 INFO =====> Grad: [9.0713473e-03 3.0128494e+04 8.4750500e+00 1.2806959e+03]
2024-10-16 02:16:37,595 INFO =====> Num. aborted data so far: 0
2024-10-16 02:16:37,941 INFO ===> New TaichiEnv created.
2024-10-16 02:16:37,941 INFO ===> Specifications: horizon = 311, dt = 0.01, n_substeps = 20, dt_sub = 0.0005
2024-10-16 02:16:37,964 DEBUG loaded <trimesh.Trimesh(vertices.shape=(916, 3), faces.shape=(856, 3))> using `load_obj` in 0.0029s
2024-10-16 02:16:38,110 DEBUG loaded <trimesh.Trimesh(vertices.shape=(48, 3), faces.shape=(28, 3))> using `load_obj` in 0.0007s
2024-10-16 02:17:23,359 INFO =====> Epoch: 117
2024-10-16 02:17:23,359 INFO =====> Loss info: {'particle_has_naninf': False, 'height_map_loss': 29.52043914794922, 'emd_loss': 30.576452255249023, 'total_loss': 30.576452255249023}
2024-10-16 02:17:23,359 INFO =====> Param: E: [757878.56], nu: [0.23960653], rho: [1774.2142], sand_angle: [13.368359]
2024-10-16 02:17:23,359 INFO =====> Grad: [ 1.3046185e-03  9.1254521e+03 -4.4932159e+01  2.0490338e+02]
2024-10-16 02:17:23,359 INFO =====> Num. aborted data so far: 0
2024-10-16 02:17:23,758 INFO ===> New TaichiEnv created.
2024-10-16 02:17:23,758 INFO ===> Specifications: horizon = 311, dt = 0.01, n_substeps = 20, dt_sub = 0.0005
2024-10-16 02:17:23,781 DEBUG loaded <trimesh.Trimesh(vertices.shape=(916, 3), faces.shape=(856, 3))> using `load_obj` in 0.0028s
2024-10-16 02:17:23,922 DEBUG loaded <trimesh.Trimesh(vertices.shape=(48, 3), faces.shape=(28, 3))> using `load_obj` in 0.0007s
2024-10-16 02:18:09,511 INFO =====> Epoch: 118
2024-10-16 02:18:09,511 INFO =====> Loss info: {'particle_has_naninf': False, 'height_map_loss': 29.66152572631836, 'emd_loss': 30.63795280456543, 'total_loss': 30.63795280456543}
2024-10-16 02:18:09,512 INFO =====> Param: E: [723846.], nu: [0.229552], rho: [1847.3605], sand_angle: [12.513092]
2024-10-16 02:18:09,512 INFO =====> Grad: [ 1.1425690e-02  2.2929738e+04 -1.0382301e+02  6.4058105e+02]
2024-10-16 02:18:09,512 INFO =====> Num. aborted data so far: 0
2024-10-16 02:18:09,850 INFO ===> New TaichiEnv created.
2024-10-16 02:18:09,850 INFO ===> Specifications: horizon = 311, dt = 0.01, n_substeps = 20, dt_sub = 0.0005
2024-10-16 02:18:09,872 DEBUG loaded <trimesh.Trimesh(vertices.shape=(916, 3), faces.shape=(856, 3))> using `load_obj` in 0.0028s
2024-10-16 02:18:10,019 DEBUG loaded <trimesh.Trimesh(vertices.shape=(48, 3), faces.shape=(28, 3))> using `load_obj` in 0.0007s
2024-10-16 02:18:55,150 INFO =====> Epoch: 119
2024-10-16 02:18:55,150 INFO =====> Loss info: {'particle_has_naninf': False, 'height_map_loss': 30.115867614746094, 'emd_loss': 31.096847534179688, 'total_loss': 31.096847534179688}
2024-10-16 02:18:55,150 INFO =====> Param: E: [721284.75], nu: [0.2317646], rho: [1850.4846], sand_angle: [13.171081]
2024-10-16 02:18:55,150 INFO =====> Grad: [ 8.1642525e-04 -4.7987500e+03 -4.2076106e+00 -4.7799515e+02]
2024-10-16 02:18:55,150 INFO =====> Num. aborted data so far: 0
2024-10-16 02:18:55,580 INFO ===> New TaichiEnv created.
2024-10-16 02:18:55,580 INFO ===> Specifications: horizon = 311, dt = 0.01, n_substeps = 20, dt_sub = 0.0005
2024-10-16 02:18:55,611 DEBUG loaded <trimesh.Trimesh(vertices.shape=(916, 3), faces.shape=(856, 3))> using `load_obj` in 0.0039s
2024-10-16 02:18:55,803 DEBUG loaded <trimesh.Trimesh(vertices.shape=(48, 3), faces.shape=(28, 3))> using `load_obj` in 0.0008s
2024-10-16 02:19:42,369 INFO =====> Epoch: 120
2024-10-16 02:19:42,370 INFO =====> Loss info: {'particle_has_naninf': False, 'height_map_loss': 29.789838790893555, 'emd_loss': 30.77202796936035, 'total_loss': 30.77202796936035}
2024-10-16 02:19:42,370 INFO =====> Param: E: [741027.6], nu: [0.24215603], rho: [1783.5344], sand_angle: [14.076089]
2024-10-16 02:19:42,370 INFO =====> Grad: [-6.2843575e-03 -2.2637789e+04  9.4424995e+01 -6.5093060e+02]
2024-10-16 02:19:42,370 INFO =====> Num. aborted data so far: 0
2024-10-16 02:19:42,720 INFO ===> New TaichiEnv created.
2024-10-16 02:19:42,720 INFO ===> Specifications: horizon = 311, dt = 0.01, n_substeps = 20, dt_sub = 0.0005
2024-10-16 02:19:42,743 DEBUG loaded <trimesh.Trimesh(vertices.shape=(916, 3), faces.shape=(856, 3))> using `load_obj` in 0.0028s
2024-10-16 02:19:42,886 DEBUG loaded <trimesh.Trimesh(vertices.shape=(48, 3), faces.shape=(28, 3))> using `load_obj` in 0.0007s
2024-10-16 02:20:29,681 INFO =====> Epoch: 121
2024-10-16 02:20:29,681 INFO =====> Loss info: {'particle_has_naninf': False, 'height_map_loss': 29.500581741333008, 'emd_loss': 30.478208541870117, 'total_loss': 30.478208541870117}
2024-10-16 02:20:29,681 INFO =====> Param: E: [740341.8], nu: [0.23714101], rho: [1796.1516], sand_angle: [13.72175]
2024-10-16 02:20:29,681 INFO =====> Grad: [ 2.0711694e-04  1.0497459e+04 -1.6935856e+01  2.4331297e+02]
2024-10-16 02:20:29,681 INFO =====> Num. aborted data so far: 0
2024-10-16 02:20:30,060 INFO ===> New TaichiEnv created.
2024-10-16 02:20:30,060 INFO ===> Specifications: horizon = 311, dt = 0.01, n_substeps = 20, dt_sub = 0.0005
2024-10-16 02:20:30,083 DEBUG loaded <trimesh.Trimesh(vertices.shape=(916, 3), faces.shape=(856, 3))> using `load_obj` in 0.0029s
2024-10-16 02:20:30,227 DEBUG loaded <trimesh.Trimesh(vertices.shape=(48, 3), faces.shape=(28, 3))> using `load_obj` in 0.0007s
2024-10-16 02:21:15,926 INFO =====> Epoch: 122
2024-10-16 02:21:15,926 INFO =====> Loss info: {'particle_has_naninf': False, 'height_map_loss': 29.584609985351562, 'emd_loss': 30.606014251708984, 'total_loss': 30.606014251708984}
2024-10-16 02:21:15,927 INFO =====> Param: E: [744503.25], nu: [0.23786971], rho: [1819.9844], sand_angle: [13.174141]
2024-10-16 02:21:15,927 INFO =====> Grad: [-1.1948287e-03 -1.4474283e+03 -3.0699400e+01  3.6220160e+02]
2024-10-16 02:21:15,927 INFO =====> Num. aborted data so far: 0
2024-10-16 02:21:16,265 INFO ===> New TaichiEnv created.
2024-10-16 02:21:16,265 INFO ===> Specifications: horizon = 311, dt = 0.01, n_substeps = 20, dt_sub = 0.0005
2024-10-16 02:21:16,288 DEBUG loaded <trimesh.Trimesh(vertices.shape=(916, 3), faces.shape=(856, 3))> using `load_obj` in 0.0028s
2024-10-16 02:21:16,429 DEBUG loaded <trimesh.Trimesh(vertices.shape=(48, 3), faces.shape=(28, 3))> using `load_obj` in 0.0007s
2024-10-16 02:22:02,099 INFO =====> Epoch: 123
2024-10-16 02:22:02,099 INFO =====> Loss info: {'particle_has_naninf': False, 'height_map_loss': 29.74873161315918, 'emd_loss': 30.743188858032227, 'total_loss': 30.743188858032227}
2024-10-16 02:22:02,099 INFO =====> Param: E: [767634.25], nu: [0.24271342], rho: [1778.167], sand_angle: [12.896446]
2024-10-16 02:22:02,099 INFO =====> Grad: [-6.7695002e-03 -9.2363984e+03  5.2988300e+01  1.7492424e+02]
2024-10-16 02:22:02,099 INFO =====> Num. aborted data so far: 0
2024-10-16 02:22:02,526 INFO ===> New TaichiEnv created.
2024-10-16 02:22:02,526 INFO ===> Specifications: horizon = 311, dt = 0.01, n_substeps = 20, dt_sub = 0.0005
2024-10-16 02:22:02,556 DEBUG loaded <trimesh.Trimesh(vertices.shape=(916, 3), faces.shape=(856, 3))> using `load_obj` in 0.0039s
2024-10-16 02:22:02,747 DEBUG loaded <trimesh.Trimesh(vertices.shape=(48, 3), faces.shape=(28, 3))> using `load_obj` in 0.0008s
2024-10-16 02:22:48,532 INFO =====> Epoch: 124
2024-10-16 02:22:48,532 INFO =====> Loss info: {'particle_has_naninf': False, 'height_map_loss': 29.86652946472168, 'emd_loss': 30.936616897583008, 'total_loss': 30.936616897583008}
2024-10-16 02:22:48,533 INFO =====> Param: E: [758993.56], nu: [0.24116646], rho: [1814.4958], sand_angle: [13.749934]
2024-10-16 02:22:48,533 INFO =====> Grad: [ 2.4217130e-03  2.8018596e+03 -4.4871792e+01 -5.2969269e+02]
2024-10-16 02:22:48,533 INFO =====> Num. aborted data so far: 0
2024-10-16 02:22:48,964 INFO ===> New TaichiEnv created.
2024-10-16 02:22:48,964 INFO ===> Specifications: horizon = 311, dt = 0.01, n_substeps = 20, dt_sub = 0.0005
2024-10-16 02:22:48,994 DEBUG loaded <trimesh.Trimesh(vertices.shape=(916, 3), faces.shape=(856, 3))> using `load_obj` in 0.0039s
2024-10-16 02:22:49,186 DEBUG loaded <trimesh.Trimesh(vertices.shape=(48, 3), faces.shape=(28, 3))> using `load_obj` in 0.0009s
2024-10-16 02:23:35,034 INFO =====> Epoch: 125
2024-10-16 02:23:35,034 INFO =====> Loss info: {'particle_has_naninf': False, 'height_map_loss': 29.590656280517578, 'emd_loss': 30.55784797668457, 'total_loss': 30.55784797668457}
2024-10-16 02:23:35,034 INFO =====> Param: E: [770015.3], nu: [0.24444465], rho: [1785.5006], sand_angle: [12.525355]
2024-10-16 02:23:35,034 INFO =====> Grad: [-2.9760820e-03 -5.6632783e+03  3.4561920e+01  7.8201508e+02]
2024-10-16 02:23:35,034 INFO =====> Num. aborted data so far: 0
2024-10-16 02:23:35,378 INFO ===> New TaichiEnv created.
2024-10-16 02:23:35,378 INFO ===> Specifications: horizon = 311, dt = 0.01, n_substeps = 20, dt_sub = 0.0005
2024-10-16 02:23:35,401 DEBUG loaded <trimesh.Trimesh(vertices.shape=(916, 3), faces.shape=(856, 3))> using `load_obj` in 0.0028s
2024-10-16 02:23:35,543 DEBUG loaded <trimesh.Trimesh(vertices.shape=(48, 3), faces.shape=(28, 3))> using `load_obj` in 0.0007s
2024-10-16 02:24:21,357 INFO =====> Epoch: 126
2024-10-16 02:24:21,357 INFO =====> Loss info: {'particle_has_naninf': False, 'height_map_loss': 30.08699607849121, 'emd_loss': 31.03540802001953, 'total_loss': 31.03540802001953}
2024-10-16 02:24:21,358 INFO =====> Param: E: [756932.94], nu: [0.23319909], rho: [1768.7175], sand_angle: [11.983288]
2024-10-16 02:24:21,358 INFO =====> Grad: [3.4252936e-03 1.9719461e+04 1.9086393e+01 3.3333328e+02]
2024-10-16 02:24:21,358 INFO =====> Num. aborted data so far: 0
2024-10-16 02:24:21,699 INFO ===> New TaichiEnv created.
2024-10-16 02:24:21,699 INFO ===> Specifications: horizon = 311, dt = 0.01, n_substeps = 20, dt_sub = 0.0005
2024-10-16 02:24:21,722 DEBUG loaded <trimesh.Trimesh(vertices.shape=(916, 3), faces.shape=(856, 3))> using `load_obj` in 0.0029s
2024-10-16 02:24:21,865 DEBUG loaded <trimesh.Trimesh(vertices.shape=(48, 3), faces.shape=(28, 3))> using `load_obj` in 0.0007s
2024-10-16 02:25:07,557 INFO =====> Epoch: 127
2024-10-16 02:25:07,557 INFO =====> Loss info: {'particle_has_naninf': False, 'height_map_loss': 30.29667854309082, 'emd_loss': 31.176151275634766, 'total_loss': 31.176151275634766}
2024-10-16 02:25:07,557 INFO =====> Param: E: [805006.75], nu: [0.25768405], rho: [1828.4797], sand_angle: [14.401774]
2024-10-16 02:25:07,557 INFO =====> Grad: [-1.8376729e-02 -6.4363609e+04 -6.9642548e+01 -2.1898701e+03]
2024-10-16 02:25:07,557 INFO =====> Num. aborted data so far: 0
2024-10-16 02:25:07,908 INFO ===> New TaichiEnv created.
2024-10-16 02:25:07,909 INFO ===> Specifications: horizon = 311, dt = 0.01, n_substeps = 20, dt_sub = 0.0005
2024-10-16 02:25:07,932 DEBUG loaded <trimesh.Trimesh(vertices.shape=(916, 3), faces.shape=(856, 3))> using `load_obj` in 0.0030s
2024-10-16 02:25:08,082 DEBUG loaded <trimesh.Trimesh(vertices.shape=(48, 3), faces.shape=(28, 3))> using `load_obj` in 0.0007s
2024-10-16 02:25:53,849 INFO =====> Epoch: 128
2024-10-16 02:25:53,849 INFO =====> Loss info: {'particle_has_naninf': False, 'height_map_loss': 29.363821029663086, 'emd_loss': 30.360586166381836, 'total_loss': 30.360586166381836}
2024-10-16 02:25:53,849 INFO =====> Param: E: [814225.56], nu: [0.25964624], rho: [1777.4034], sand_angle: [14.486347]
2024-10-16 02:25:53,849 INFO =====> Grad: [-3.3792323e-03 -4.9027720e+03  5.9664944e+01 -7.2674133e+01]
2024-10-16 02:25:53,849 INFO =====> Num. aborted data so far: 0
2024-10-16 02:25:54,283 INFO ===> New TaichiEnv created.
2024-10-16 02:25:54,283 INFO ===> Specifications: horizon = 311, dt = 0.01, n_substeps = 20, dt_sub = 0.0005
2024-10-16 02:25:54,309 DEBUG loaded <trimesh.Trimesh(vertices.shape=(916, 3), faces.shape=(856, 3))> using `load_obj` in 0.0029s
2024-10-16 02:25:54,457 DEBUG loaded <trimesh.Trimesh(vertices.shape=(48, 3), faces.shape=(28, 3))> using `load_obj` in 0.0007s
2024-10-16 02:26:40,408 INFO =====> Epoch: 129
2024-10-16 02:26:40,408 INFO =====> Loss info: {'particle_has_naninf': False, 'height_map_loss': 29.327617645263672, 'emd_loss': 30.272632598876953, 'total_loss': 30.272632598876953}
2024-10-16 02:26:40,408 INFO =====> Param: E: [820160.06], nu: [0.25942954], rho: [1751.8574], sand_angle: [14.491131]
2024-10-16 02:26:40,408 INFO =====> Grad: [-2.0728691e-03  5.1363953e+02  2.8687216e+01 -3.8997009e+00]
2024-10-16 02:26:40,408 INFO =====> Num. aborted data so far: 0
2024-10-16 02:26:40,761 INFO ===> New TaichiEnv created.
2024-10-16 02:26:40,761 INFO ===> Specifications: horizon = 311, dt = 0.01, n_substeps = 20, dt_sub = 0.0005
2024-10-16 02:26:40,784 DEBUG loaded <trimesh.Trimesh(vertices.shape=(916, 3), faces.shape=(856, 3))> using `load_obj` in 0.0029s
2024-10-16 02:26:40,927 DEBUG loaded <trimesh.Trimesh(vertices.shape=(48, 3), faces.shape=(28, 3))> using `load_obj` in 0.0007s
2024-10-16 02:27:26,141 INFO =====> Epoch: 130
2024-10-16 02:27:26,142 INFO =====> Loss info: {'particle_has_naninf': False, 'height_map_loss': 29.30831527709961, 'emd_loss': 30.215229034423828, 'total_loss': 30.215229034423828}
2024-10-16 02:27:26,142 INFO =====> Param: E: [820667.75], nu: [0.2610095], rho: [1715.491], sand_angle: [14.794054]
2024-10-16 02:27:26,142 INFO =====> Grad: [-1.6823728e-04 -3.5574985e+03  3.9809776e+01 -2.3535744e+02]
2024-10-16 02:27:26,142 INFO =====> Num. aborted data so far: 0
2024-10-16 02:27:26,586 INFO ===> New TaichiEnv created.
2024-10-16 02:27:26,586 INFO ===> Specifications: horizon = 311, dt = 0.01, n_substeps = 20, dt_sub = 0.0005
2024-10-16 02:27:26,609 DEBUG loaded <trimesh.Trimesh(vertices.shape=(916, 3), faces.shape=(856, 3))> using `load_obj` in 0.0030s
2024-10-16 02:27:26,758 DEBUG loaded <trimesh.Trimesh(vertices.shape=(48, 3), faces.shape=(28, 3))> using `load_obj` in 0.0007s
2024-10-16 02:28:11,876 INFO =====> Epoch: 131
2024-10-16 02:28:11,877 INFO =====> Loss info: {'particle_has_naninf': False, 'height_map_loss': 29.189483642578125, 'emd_loss': 30.07433319091797, 'total_loss': 30.07433319091797}
2024-10-16 02:28:11,877 INFO =====> Param: E: [853341.56], nu: [0.27893826], rho: [1791.6531], sand_angle: [14.533744]
2024-10-16 02:28:11,877 INFO =====> Grad: [-1.1996614e-02 -4.6491375e+04 -9.0256020e+01  1.9252414e+02]
2024-10-16 02:28:11,877 INFO =====> Num. aborted data so far: 0
2024-10-16 02:28:12,224 INFO ===> New TaichiEnv created.
2024-10-16 02:28:12,224 INFO ===> Specifications: horizon = 311, dt = 0.01, n_substeps = 20, dt_sub = 0.0005
2024-10-16 02:28:12,247 DEBUG loaded <trimesh.Trimesh(vertices.shape=(916, 3), faces.shape=(856, 3))> using `load_obj` in 0.0029s
2024-10-16 02:28:12,395 DEBUG loaded <trimesh.Trimesh(vertices.shape=(48, 3), faces.shape=(28, 3))> using `load_obj` in 0.0007s
2024-10-16 02:28:57,501 INFO =====> Epoch: 132
2024-10-16 02:28:57,501 INFO =====> Loss info: {'particle_has_naninf': False, 'height_map_loss': 29.262895584106445, 'emd_loss': 30.135244369506836, 'total_loss': 30.135244369506836}
2024-10-16 02:28:57,501 INFO =====> Param: E: [844079.94], nu: [0.26890594], rho: [1742.8657], sand_angle: [15.184065]
2024-10-16 02:28:57,501 INFO =====> Grad: [ 3.2611706e-03  2.6024369e+04  5.7662159e+01 -4.6625784e+02]
2024-10-16 02:28:57,501 INFO =====> Num. aborted data so far: 0
2024-10-16 02:28:57,843 INFO ===> New TaichiEnv created.
2024-10-16 02:28:57,844 INFO ===> Specifications: horizon = 311, dt = 0.01, n_substeps = 20, dt_sub = 0.0005
2024-10-16 02:28:57,867 DEBUG loaded <trimesh.Trimesh(vertices.shape=(916, 3), faces.shape=(856, 3))> using `load_obj` in 0.0029s
2024-10-16 02:28:58,010 DEBUG loaded <trimesh.Trimesh(vertices.shape=(48, 3), faces.shape=(28, 3))> using `load_obj` in 0.0007s
2024-10-16 02:29:43,253 INFO =====> Epoch: 133
2024-10-16 02:29:43,253 INFO =====> Loss info: {'particle_has_naninf': False, 'height_map_loss': 29.16244125366211, 'emd_loss': 29.90999984741211, 'total_loss': 29.90999984741211}
2024-10-16 02:29:43,253 INFO =====> Param: E: [836404.44], nu: [0.26133162], rho: [1735.9263], sand_angle: [16.279427]
2024-10-16 02:29:43,253 INFO =====> Grad: [ 2.5830811e-03  1.9198775e+04  7.7884831e+00 -7.9420258e+02]
2024-10-16 02:29:43,253 INFO =====> Num. aborted data so far: 0
2024-10-16 02:29:43,755 INFO ===> New TaichiEnv created.
2024-10-16 02:29:43,755 INFO ===> Specifications: horizon = 311, dt = 0.01, n_substeps = 20, dt_sub = 0.0005
2024-10-16 02:29:43,785 DEBUG loaded <trimesh.Trimesh(vertices.shape=(916, 3), faces.shape=(856, 3))> using `load_obj` in 0.0039s
2024-10-16 02:29:43,978 DEBUG loaded <trimesh.Trimesh(vertices.shape=(48, 3), faces.shape=(28, 3))> using `load_obj` in 0.0008s
2024-10-16 02:30:30,356 INFO =====> Epoch: 134
2024-10-16 02:30:30,357 INFO =====> Loss info: {'particle_has_naninf': False, 'height_map_loss': 29.14716911315918, 'emd_loss': 29.896263122558594, 'total_loss': 29.896263122558594}
2024-10-16 02:30:30,357 INFO =====> Param: E: [800079.6], nu: [0.24568272], rho: [1753.912], sand_angle: [15.013169]
2024-10-16 02:30:30,357 INFO =====> Grad: [ 1.4166993e-02  4.3304105e+04 -1.9275229e+01  9.5052887e+02]
2024-10-16 02:30:30,357 INFO =====> Num. aborted data so far: 0
2024-10-16 02:30:30,703 INFO ===> New TaichiEnv created.
2024-10-16 02:30:30,703 INFO ===> Specifications: horizon = 311, dt = 0.01, n_substeps = 20, dt_sub = 0.0005
2024-10-16 02:30:30,727 DEBUG loaded <trimesh.Trimesh(vertices.shape=(916, 3), faces.shape=(856, 3))> using `load_obj` in 0.0031s
2024-10-16 02:30:30,872 DEBUG loaded <trimesh.Trimesh(vertices.shape=(48, 3), faces.shape=(28, 3))> using `load_obj` in 0.0007s
2024-10-16 02:31:16,279 INFO =====> Epoch: 135
2024-10-16 02:31:16,279 INFO =====> Loss info: {'particle_has_naninf': False, 'height_map_loss': 29.25566864013672, 'emd_loss': 30.063396453857422, 'total_loss': 30.063396453857422}
2024-10-16 02:31:16,279 INFO =====> Param: E: [804557.2], nu: [0.2501479], rho: [1813.5078], sand_angle: [15.643624]
2024-10-16 02:31:16,279 INFO =====> Grad: [-1.6608480e-03 -1.1840758e+04 -6.5415947e+01 -4.5816959e+02]
2024-10-16 02:31:16,279 INFO =====> Num. aborted data so far: 0
2024-10-16 02:31:16,632 INFO ===> New TaichiEnv created.
2024-10-16 02:31:16,632 INFO ===> Specifications: horizon = 311, dt = 0.01, n_substeps = 20, dt_sub = 0.0005
2024-10-16 02:31:16,655 DEBUG loaded <trimesh.Trimesh(vertices.shape=(916, 3), faces.shape=(856, 3))> using `load_obj` in 0.0029s
2024-10-16 02:31:16,805 DEBUG loaded <trimesh.Trimesh(vertices.shape=(48, 3), faces.shape=(28, 3))> using `load_obj` in 0.0007s
2024-10-16 02:32:02,311 INFO =====> Epoch: 136
2024-10-16 02:32:02,311 INFO =====> Loss info: {'particle_has_naninf': False, 'height_map_loss': 29.204072952270508, 'emd_loss': 29.98672866821289, 'total_loss': 29.98672866821289}
2024-10-16 02:32:02,311 INFO =====> Param: E: [791517.2], nu: [0.24184075], rho: [1780.6582], sand_angle: [14.325951]
2024-10-16 02:32:02,311 INFO =====> Grad: [4.6894038e-03 2.1659113e+04 3.4970325e+01 9.9933911e+02]
2024-10-16 02:32:02,311 INFO =====> Num. aborted data so far: 0
2024-10-16 02:32:02,665 INFO ===> New TaichiEnv created.
2024-10-16 02:32:02,665 INFO ===> Specifications: horizon = 311, dt = 0.01, n_substeps = 20, dt_sub = 0.0005
2024-10-16 02:32:02,689 DEBUG loaded <trimesh.Trimesh(vertices.shape=(916, 3), faces.shape=(856, 3))> using `load_obj` in 0.0029s
2024-10-16 02:32:02,839 DEBUG loaded <trimesh.Trimesh(vertices.shape=(48, 3), faces.shape=(28, 3))> using `load_obj` in 0.0007s
2024-10-16 02:32:48,009 INFO =====> Epoch: 137
2024-10-16 02:32:48,009 INFO =====> Loss info: {'particle_has_naninf': False, 'height_map_loss': 29.417207717895508, 'emd_loss': 30.38405990600586, 'total_loss': 30.38405990600586}
2024-10-16 02:32:48,010 INFO =====> Param: E: [768566.8], nu: [0.23240106], rho: [1774.3623], sand_angle: [14.091245]
2024-10-16 02:32:48,010 INFO =====> Grad: [8.4025590e-03 2.4464367e+04 6.3634062e+00 1.6933647e+02]
2024-10-16 02:32:48,010 INFO =====> Num. aborted data so far: 0
2024-10-16 02:32:48,369 INFO ===> New TaichiEnv created.
2024-10-16 02:32:48,369 INFO ===> Specifications: horizon = 311, dt = 0.01, n_substeps = 20, dt_sub = 0.0005
2024-10-16 02:32:48,392 DEBUG loaded <trimesh.Trimesh(vertices.shape=(916, 3), faces.shape=(856, 3))> using `load_obj` in 0.0029s
2024-10-16 02:32:48,538 DEBUG loaded <trimesh.Trimesh(vertices.shape=(48, 3), faces.shape=(28, 3))> using `load_obj` in 0.0007s
2024-10-16 02:33:34,193 INFO =====> Epoch: 138
2024-10-16 02:33:34,194 INFO =====> Loss info: {'particle_has_naninf': False, 'height_map_loss': 29.479215621948242, 'emd_loss': 30.471149444580078, 'total_loss': 30.471149444580078}
2024-10-16 02:33:34,194 INFO =====> Param: E: [762052.6], nu: [0.22951837], rho: [1718.117], sand_angle: [14.72019]
2024-10-16 02:33:34,194 INFO =====> Grad: [ 2.2746685e-03  7.1171577e+03  5.7706223e+01 -4.3926257e+02]
2024-10-16 02:33:34,194 INFO =====> Num. aborted data so far: 0
2024-10-16 02:33:34,546 INFO ===> New TaichiEnv created.
2024-10-16 02:33:34,546 INFO ===> Specifications: horizon = 311, dt = 0.01, n_substeps = 20, dt_sub = 0.0005
2024-10-16 02:33:34,569 DEBUG loaded <trimesh.Trimesh(vertices.shape=(916, 3), faces.shape=(856, 3))> using `load_obj` in 0.0028s
2024-10-16 02:33:34,713 DEBUG loaded <trimesh.Trimesh(vertices.shape=(48, 3), faces.shape=(28, 3))> using `load_obj` in 0.0007s
2024-10-16 02:34:20,296 INFO =====> Epoch: 139
2024-10-16 02:34:20,296 INFO =====> Loss info: {'particle_has_naninf': False, 'height_map_loss': 29.28630256652832, 'emd_loss': 30.19561195373535, 'total_loss': 30.19561195373535}
2024-10-16 02:34:20,296 INFO =====> Param: E: [782140.5], nu: [0.23774767], rho: [1743.7809], sand_angle: [14.486022]
2024-10-16 02:34:20,296 INFO =====> Grad: [-7.0178914e-03 -1.9962738e+04 -2.5314981e+01  1.5558029e+02]
2024-10-16 02:34:20,296 INFO =====> Num. aborted data so far: 0
2024-10-16 02:34:20,728 INFO ===> New TaichiEnv created.
2024-10-16 02:34:20,728 INFO ===> Specifications: horizon = 311, dt = 0.01, n_substeps = 20, dt_sub = 0.0005
2024-10-16 02:34:20,758 DEBUG loaded <trimesh.Trimesh(vertices.shape=(916, 3), faces.shape=(856, 3))> using `load_obj` in 0.0039s
2024-10-16 02:34:20,951 DEBUG loaded <trimesh.Trimesh(vertices.shape=(48, 3), faces.shape=(28, 3))> using `load_obj` in 0.0009s
2024-10-16 02:35:07,642 INFO =====> Epoch: 140
2024-10-16 02:35:07,642 INFO =====> Loss info: {'particle_has_naninf': False, 'height_map_loss': 29.359140396118164, 'emd_loss': 30.29741859436035, 'total_loss': 30.29741859436035}
2024-10-16 02:35:07,642 INFO =====> Param: E: [779925.3], nu: [0.23983894], rho: [1820.5508], sand_angle: [13.859087]
2024-10-16 02:35:07,642 INFO =====> Grad: [ 7.3463051e-04 -4.8232646e+03 -8.2176544e+01  4.0315985e+02]
2024-10-16 02:35:07,642 INFO =====> Num. aborted data so far: 0
2024-10-16 02:35:07,991 INFO ===> New TaichiEnv created.
2024-10-16 02:35:07,991 INFO ===> Specifications: horizon = 311, dt = 0.01, n_substeps = 20, dt_sub = 0.0005
2024-10-16 02:35:08,015 DEBUG loaded <trimesh.Trimesh(vertices.shape=(916, 3), faces.shape=(856, 3))> using `load_obj` in 0.0029s
2024-10-16 02:35:08,160 DEBUG loaded <trimesh.Trimesh(vertices.shape=(48, 3), faces.shape=(28, 3))> using `load_obj` in 0.0007s
2024-10-16 02:35:53,741 INFO =====> Epoch: 141
2024-10-16 02:35:53,741 INFO =====> Loss info: {'particle_has_naninf': False, 'height_map_loss': 29.514089584350586, 'emd_loss': 30.519859313964844, 'total_loss': 30.519859313964844}
2024-10-16 02:35:53,741 INFO =====> Param: E: [789344.9], nu: [0.23914014], rho: [1771.1816], sand_angle: [13.184643]
2024-10-16 02:35:53,741 INFO =====> Grad: [-2.9969672e-03  1.5293615e+03  5.2772594e+01  4.2114478e+02]
2024-10-16 02:35:53,741 INFO =====> Num. aborted data so far: 0
2024-10-16 02:35:54,085 INFO ===> New TaichiEnv created.
2024-10-16 02:35:54,085 INFO ===> Specifications: horizon = 311, dt = 0.01, n_substeps = 20, dt_sub = 0.0005
2024-10-16 02:35:54,108 DEBUG loaded <trimesh.Trimesh(vertices.shape=(916, 3), faces.shape=(856, 3))> using `load_obj` in 0.0029s
2024-10-16 02:35:54,251 DEBUG loaded <trimesh.Trimesh(vertices.shape=(48, 3), faces.shape=(28, 3))> using `load_obj` in 0.0007s
2024-10-16 02:36:40,566 INFO =====> Epoch: 142
2024-10-16 02:36:40,566 INFO =====> Loss info: {'particle_has_naninf': False, 'height_map_loss': 29.74820899963379, 'emd_loss': 30.781328201293945, 'total_loss': 30.781328201293945}
2024-10-16 02:36:40,566 INFO =====> Param: E: [838855.3], nu: [0.2626384], rho: [1714.791], sand_angle: [15.153094]
2024-10-16 02:36:40,566 INFO =====> Grad: [-2.4016751e-02 -7.2905039e+04  6.1209965e+01 -1.4899489e+03]
2024-10-16 02:36:40,566 INFO =====> Num. aborted data so far: 0
2024-10-16 02:36:40,998 INFO ===> New TaichiEnv created.
2024-10-16 02:36:40,999 INFO ===> Specifications: horizon = 311, dt = 0.01, n_substeps = 20, dt_sub = 0.0005
2024-10-16 02:36:41,029 DEBUG loaded <trimesh.Trimesh(vertices.shape=(916, 3), faces.shape=(856, 3))> using `load_obj` in 0.0039s
2024-10-16 02:36:41,222 DEBUG loaded <trimesh.Trimesh(vertices.shape=(48, 3), faces.shape=(28, 3))> using `load_obj` in 0.0008s
2024-10-16 02:37:26,488 INFO =====> Epoch: 143
2024-10-16 02:37:26,489 INFO =====> Loss info: {'particle_has_naninf': False, 'height_map_loss': 29.172893524169922, 'emd_loss': 29.932100296020508, 'total_loss': 29.932100296020508}
2024-10-16 02:37:26,489 INFO =====> Param: E: [812538.25], nu: [0.24929701], rho: [1777.2456], sand_angle: [15.335395]
2024-10-16 02:37:26,489 INFO =====> Grad: [ 1.3318700e-02  4.3311766e+04 -7.0006035e+01 -1.3112291e+02]
2024-10-16 02:37:26,489 INFO =====> Num. aborted data so far: 0
2024-10-16 02:37:26,867 INFO ===> New TaichiEnv created.
2024-10-16 02:37:26,867 INFO ===> Specifications: horizon = 311, dt = 0.01, n_substeps = 20, dt_sub = 0.0005
2024-10-16 02:37:26,891 DEBUG loaded <trimesh.Trimesh(vertices.shape=(916, 3), faces.shape=(856, 3))> using `load_obj` in 0.0029s
2024-10-16 02:37:27,036 DEBUG loaded <trimesh.Trimesh(vertices.shape=(48, 3), faces.shape=(28, 3))> using `load_obj` in 0.0007s
2024-10-16 02:38:12,684 INFO =====> Epoch: 144
2024-10-16 02:38:12,684 INFO =====> Loss info: {'particle_has_naninf': False, 'height_map_loss': 29.25521469116211, 'emd_loss': 29.97819709777832, 'total_loss': 29.97819709777832}
2024-10-16 02:38:12,684 INFO =====> Param: E: [817193.5], nu: [0.25320938], rho: [1823.7817], sand_angle: [15.008648]
2024-10-16 02:38:12,684 INFO =====> Grad: [-2.2411479e-03 -1.2142739e+04 -5.1779530e+01  2.2415773e+02]
2024-10-16 02:38:12,684 INFO =====> Num. aborted data so far: 0
2024-10-16 02:38:13,033 INFO ===> New TaichiEnv created.
2024-10-16 02:38:13,033 INFO ===> Specifications: horizon = 311, dt = 0.01, n_substeps = 20, dt_sub = 0.0005
2024-10-16 02:38:13,056 DEBUG loaded <trimesh.Trimesh(vertices.shape=(916, 3), faces.shape=(856, 3))> using `load_obj` in 0.0028s
2024-10-16 02:38:13,200 DEBUG loaded <trimesh.Trimesh(vertices.shape=(48, 3), faces.shape=(28, 3))> using `load_obj` in 0.0007s
2024-10-16 02:39:00,083 INFO =====> Epoch: 145
2024-10-16 02:39:00,085 INFO =====> Loss info: {'particle_has_naninf': False, 'height_map_loss': 29.262250900268555, 'emd_loss': 30.042261123657227, 'total_loss': 30.042261123657227}
2024-10-16 02:39:00,085 INFO =====> Param: E: [818938.2], nu: [0.2538224], rho: [1816.6141], sand_angle: [14.0277195]
2024-10-16 02:39:00,085 INFO =====> Grad: [-7.9713721e-04 -1.8053015e+03  7.5737710e+00  6.7153796e+02]
2024-10-16 02:39:00,085 INFO =====> Num. aborted data so far: 0
2024-10-16 02:39:00,450 INFO ===> New TaichiEnv created.
2024-10-16 02:39:00,451 INFO ===> Specifications: horizon = 311, dt = 0.01, n_substeps = 20, dt_sub = 0.0005
2024-10-16 02:39:00,474 DEBUG loaded <trimesh.Trimesh(vertices.shape=(916, 3), faces.shape=(856, 3))> using `load_obj` in 0.0030s
2024-10-16 02:39:00,624 DEBUG loaded <trimesh.Trimesh(vertices.shape=(48, 3), faces.shape=(28, 3))> using `load_obj` in 0.0007s
2024-10-16 02:39:46,423 INFO =====> Epoch: 146
2024-10-16 02:39:46,423 INFO =====> Loss info: {'particle_has_naninf': False, 'height_map_loss': 29.4444580078125, 'emd_loss': 30.458654403686523, 'total_loss': 30.458654403686523}
2024-10-16 02:39:46,424 INFO =====> Param: E: [826923.75], nu: [0.26055676], rho: [1863.7875], sand_angle: [13.330457]
2024-10-16 02:39:46,424 INFO =====> Grad: [-3.4892331e-03 -1.9256430e+04 -4.9544773e+01  4.6427292e+02]
2024-10-16 02:39:46,424 INFO =====> Num. aborted data so far: 0
2024-10-16 02:39:46,784 INFO ===> New TaichiEnv created.
2024-10-16 02:39:46,784 INFO ===> Specifications: horizon = 311, dt = 0.01, n_substeps = 20, dt_sub = 0.0005
2024-10-16 02:39:46,808 DEBUG loaded <trimesh.Trimesh(vertices.shape=(916, 3), faces.shape=(856, 3))> using `load_obj` in 0.0028s
2024-10-16 02:39:46,951 DEBUG loaded <trimesh.Trimesh(vertices.shape=(48, 3), faces.shape=(28, 3))> using `load_obj` in 0.0007s
2024-10-16 02:40:32,580 INFO =====> Epoch: 147
2024-10-16 02:40:32,580 INFO =====> Loss info: {'particle_has_naninf': False, 'height_map_loss': 29.664154052734375, 'emd_loss': 30.659421920776367, 'total_loss': 30.659421920776367}
2024-10-16 02:40:32,580 INFO =====> Param: E: [823779.2], nu: [0.26390836], rho: [1864.3025], sand_angle: [12.672269]
2024-10-16 02:40:32,580 INFO =====> Grad: [ 1.3050844e-03 -9.1433740e+03 -5.1314288e-01  4.2507431e+02]
2024-10-16 02:40:32,580 INFO =====> Num. aborted data so far: 0
2024-10-16 02:40:32,922 INFO ===> New TaichiEnv created.
2024-10-16 02:40:32,922 INFO ===> Specifications: horizon = 311, dt = 0.01, n_substeps = 20, dt_sub = 0.0005
2024-10-16 02:40:32,945 DEBUG loaded <trimesh.Trimesh(vertices.shape=(916, 3), faces.shape=(856, 3))> using `load_obj` in 0.0028s
2024-10-16 02:40:33,085 DEBUG loaded <trimesh.Trimesh(vertices.shape=(48, 3), faces.shape=(28, 3))> using `load_obj` in 0.0007s
2024-10-16 02:41:19,262 INFO =====> Epoch: 148
2024-10-16 02:41:19,262 INFO =====> Loss info: {'particle_has_naninf': False, 'height_map_loss': 29.965665817260742, 'emd_loss': 31.031166076660156, 'total_loss': 31.031166076660156}
2024-10-16 02:41:19,262 INFO =====> Param: E: [827130.1], nu: [0.26240614], rho: [1838.1445], sand_angle: [12.054503]
2024-10-16 02:41:19,262 INFO =====> Grad: [-1.3212244e-03  3.8921880e+03  2.5071259e+01  3.8593079e+02]
2024-10-16 02:41:19,263 INFO =====> Num. aborted data so far: 0
2024-10-16 02:41:19,617 INFO ===> New TaichiEnv created.
2024-10-16 02:41:19,617 INFO ===> Specifications: horizon = 311, dt = 0.01, n_substeps = 20, dt_sub = 0.0005
2024-10-16 02:41:19,640 DEBUG loaded <trimesh.Trimesh(vertices.shape=(916, 3), faces.shape=(856, 3))> using `load_obj` in 0.0030s
2024-10-16 02:41:19,791 DEBUG loaded <trimesh.Trimesh(vertices.shape=(48, 3), faces.shape=(28, 3))> using `load_obj` in 0.0007s
2024-10-16 02:42:06,109 INFO =====> Epoch: 149
2024-10-16 02:42:06,109 INFO =====> Loss info: {'particle_has_naninf': False, 'height_map_loss': 30.255178451538086, 'emd_loss': 30.997711181640625, 'total_loss': 30.997711181640625}
2024-10-16 02:42:06,109 INFO =====> Param: E: [793789.94], nu: [0.24867593], rho: [1809.1879], sand_angle: [12.6002865]
2024-10-16 02:42:06,109 INFO =====> Grad: [ 1.46758165e-02  3.74648359e+04  2.67824059e+01 -3.28392731e+02]
2024-10-16 02:42:06,109 INFO =====> Num. aborted data so far: 0
2024-10-16 02:42:06,112 INFO ====> Finished training.
2024-10-16 02:42:06,112 INFO ====> Final loss: 
2024-10-16 02:42:06,112 INFO ====> Final params: E [793789.94], nu [0.24867593], rho [1809.1879], sand_angle [12.6002865]
2024-10-16 02:42:06,112 INFO ===> End grad computation at:, 2024-10-16 2:42:6
2024-10-16 02:42:06,112 INFO ===> Total time taken: 6965.637789964676 seconds
2024-10-16 02:42:06,112 INFO ===> Number of aborted data: 0
