# WaveFront *.obj file (generated by Autodesk ATF)

mtllib NewShovel.mtl

g Body1

v -0.028000 0.010000 0.145000
v -0.028000 0.007693 0.144893
v -0.028000 0.005406 0.144574
v -0.028000 0.003158 0.144046
v -0.028000 0.000969 0.143312
v -0.028000 -0.001143 0.142379
v -0.028000 -0.003161 0.141255
v -0.028000 -0.005066 0.139950
v -0.028000 -0.006842 0.138475
v -0.028000 -0.008475 0.136842
v -0.028000 -0.009950 0.135066
v -0.028000 -0.011255 0.133161
v -0.028000 -0.012379 0.131143
v -0.028000 -0.013312 0.129031
v -0.028000 -0.014046 0.126842
v -0.028000 -0.014574 0.124594
v -0.028000 -0.014893 0.122307
v -0.028000 -0.015000 0.120000
v -0.028000 -0.015000 0.062000
v -0.028000 0.003000 0.062000
v -0.028000 0.004423 0.062102
v -0.028000 0.005817 0.062405
v -0.028000 0.007154 0.062904
v -0.028000 0.008406 0.063587
v -0.028000 0.009549 0.064443
v -0.028000 0.010557 0.065451
v -0.028000 0.011413 0.066594
v -0.028000 0.012096 0.067846
v -0.028000 0.012595 0.069183
v -0.028000 0.012898 0.070577
v -0.028000 0.013000 0.072000
v -0.028000 0.013000 0.145000
v 0.028000 0.003000 0.062000
v 0.028000 -0.015000 0.062000
v 0.028000 0.013000 0.145000
v 0.028000 0.013000 0.072000
v 0.028000 0.004423 0.062102
v 0.028000 0.005817 0.062405
v 0.028000 0.007154 0.062904
v 0.028000 0.008406 0.063587
v 0.028000 0.009549 0.064443
v 0.028000 0.010557 0.065451
v 0.028000 0.011413 0.066594
v 0.028000 0.012096 0.067846
v 0.028000 0.012595 0.069183
v 0.028000 0.012898 0.070577
v 0.000000 0.012898 0.070577
v 0.000000 0.012595 0.069183
v 0.000000 0.012096 0.067846
v 0.000000 0.011413 0.066594
v 0.000000 0.010557 0.065451
v 0.000000 0.009549 0.064443
v 0.000000 0.008406 0.063587
v 0.000000 0.007154 0.062904
v 0.000000 0.005817 0.062405
v 0.000000 0.004423 0.062102
v 0.028000 -0.015000 0.120000
v 0.028000 -0.014893 0.122307
v 0.028000 -0.014574 0.124594
v 0.028000 -0.014046 0.126842
v 0.028000 -0.013312 0.129031
v 0.028000 -0.012379 0.131143
v 0.028000 -0.011255 0.133161
v 0.028000 -0.009950 0.135066
v 0.028000 -0.008475 0.136842
v 0.028000 -0.006842 0.138475
v 0.028000 -0.005066 0.139950
v 0.028000 -0.003161 0.141255
v 0.028000 -0.001143 0.142379
v 0.028000 0.000969 0.143312
v 0.028000 0.003158 0.144046
v 0.028000 0.005406 0.144574
v 0.028000 0.007693 0.144893
v 0.028000 0.010000 0.145000
v -0.030000 -0.015000 0.120000
v -0.030000 -0.015000 0.060000
v 0.030000 -0.015000 0.060000
v 0.030000 -0.015000 0.120000
v -0.030000 0.010000 0.145000
v -0.030000 0.007693 0.144893
v -0.030000 0.005406 0.144574
v -0.030000 0.003158 0.144046
v -0.030000 0.000969 0.143312
v -0.030000 -0.001143 0.142379
v -0.030000 -0.003161 0.141255
v -0.030000 -0.005066 0.139950
v -0.030000 -0.006842 0.138475
v -0.030000 -0.008475 0.136842
v -0.030000 -0.009950 0.135066
v -0.030000 -0.011255 0.133161
v -0.030000 -0.012379 0.131143
v -0.030000 -0.013312 0.129031
v -0.030000 -0.014046 0.126842
v -0.030000 -0.014574 0.124594
v -0.030000 -0.014893 0.122307
v 0.030000 -0.014893 0.122307
v 0.030000 -0.014574 0.124594
v 0.030000 -0.014046 0.126842
v 0.030000 -0.013312 0.129031
v 0.030000 -0.012379 0.131143
v 0.030000 -0.011255 0.133161
v 0.030000 -0.009950 0.135066
v 0.030000 -0.008475 0.136842
v 0.030000 -0.006842 0.138475
v 0.030000 -0.005066 0.139950
v 0.030000 -0.003161 0.141255
v 0.030000 -0.001143 0.142379
v 0.030000 0.000969 0.143312
v 0.030000 0.003158 0.144046
v 0.030000 0.005406 0.144574
v 0.030000 0.007693 0.144893
v 0.030000 0.010000 0.145000
v 0.030000 0.015000 0.145000
v -0.030000 0.015000 0.145000
v 0.030000 0.005000 0.060000
v 0.030000 0.006423 0.060102
v 0.030000 0.007817 0.060405
v 0.030000 0.009154 0.060904
v 0.030000 0.010406 0.061587
v 0.030000 0.011549 0.062443
v 0.030000 0.012557 0.063451
v 0.030000 0.013413 0.064594
v 0.030000 0.014096 0.065846
v 0.030000 0.014595 0.067183
v 0.030000 0.014898 0.068577
v 0.030000 0.015000 0.070000
v 0.008660 0.005000 0.060000
v 0.008312 0.005559 0.060016
v 0.007916 0.006111 0.060062
v 0.007021 0.007120 0.060227
v 0.006066 0.007949 0.060445
v 0.004994 0.008662 0.060696
v 0.003817 0.009243 0.060945
v 0.002566 0.009664 0.061153
v 0.001279 0.009916 0.061290
v 0.000000 0.010000 0.061340
v -0.001279 0.009916 0.061290
v -0.002566 0.009664 0.061153
v -0.003817 0.009243 0.060945
v -0.004994 0.008662 0.060696
v -0.006066 0.007949 0.060445
v -0.007021 0.007120 0.060227
v -0.007916 0.006111 0.060062
v -0.008312 0.005559 0.060016
v -0.008660 0.005000 0.060000
v -0.030000 0.005000 0.060000
v -0.030000 0.006423 0.060102
v -0.030000 0.007817 0.060405
v -0.030000 0.009154 0.060904
v -0.030000 0.010406 0.061587
v -0.030000 0.011549 0.062443
v -0.030000 0.012557 0.063451
v -0.030000 0.013413 0.064594
v -0.030000 0.014096 0.065846
v -0.030000 0.014595 0.067183
v -0.030000 0.014898 0.068577
v -0.030000 0.015000 0.070000
v 0.000000 0.010406 0.061587
v 0.000000 0.011549 0.062443
v 0.000000 0.012557 0.063451
v 0.000000 0.013413 0.064594
v 0.000000 0.014096 0.065846
v 0.000000 0.014595 0.067183
v 0.000000 0.014898 0.068577
v -0.009290 0.003701 0.060000
v -0.009726 0.002326 0.060000
v -0.009959 0.000902 0.060000
v -0.009985 -0.000541 0.060000
v -0.009803 -0.001973 0.060000
v -0.009417 -0.003364 0.060000
v -0.008835 -0.004684 0.060000
v -0.008069 -0.005907 0.060000
v -0.007135 -0.007007 0.060000
v -0.006052 -0.007961 0.060000
v -0.004843 -0.008749 0.060000
v -0.003533 -0.009355 0.060000
v -0.002150 -0.009766 0.060000
v -0.000722 -0.009974 0.060000
v 0.000722 -0.009974 0.060000
v 0.002150 -0.009766 0.060000
v 0.003533 -0.009355 0.060000
v 0.004843 -0.008749 0.060000
v 0.006052 -0.007961 0.060000
v 0.007135 -0.007007 0.060000
v 0.008069 -0.005907 0.060000
v 0.008835 -0.004684 0.060000
v 0.009417 -0.003364 0.060000
v 0.009803 -0.001973 0.060000
v 0.009985 -0.000541 0.060000
v 0.009959 0.000902 0.060000
v 0.009726 0.002326 0.060000
v 0.009290 0.003701 0.060000
v 0.010000 0.000000 0.005000
v 0.009893 0.001456 0.005000
v 0.009576 0.002881 0.005000
v 0.009054 0.004245 0.005000
v 0.008340 0.005518 0.005000
v 0.007448 0.006673 0.005000
v 0.006397 0.007686 0.005000
v 0.005209 0.008536 0.005000
v 0.003911 0.009203 0.005000
v 0.002529 0.009675 0.005000
v 0.001094 0.009940 0.005000
v -0.000365 0.009993 0.005000
v -0.001816 0.009834 0.005000
v -0.003229 0.009464 0.005000
v -0.004572 0.008893 0.005000
v -0.005819 0.008133 0.005000
v -0.006941 0.007199 0.005000
v -0.007915 0.006112 0.005000
v -0.008720 0.004894 0.005000
v -0.009340 0.003572 0.005000
v -0.009761 0.002174 0.005000
v -0.009973 0.000730 0.005000
v -0.009973 -0.000730 0.005000
v -0.009761 -0.002174 0.005000
v -0.009340 -0.003572 0.005000
v -0.008720 -0.004894 0.005000
v -0.007915 -0.006112 0.005000
v -0.006941 -0.007199 0.005000
v -0.005819 -0.008133 0.005000
v -0.004572 -0.008893 0.005000
v -0.003229 -0.009464 0.005000
v -0.001816 -0.009834 0.005000
v -0.000365 -0.009993 0.005000
v 0.001094 -0.009940 0.005000
v 0.002529 -0.009675 0.005000
v 0.003911 -0.009203 0.005000
v 0.005209 -0.008536 0.005000
v 0.006397 -0.007686 0.005000
v 0.007448 -0.006673 0.005000
v 0.008340 -0.005518 0.005000
v 0.009054 -0.004245 0.005000
v 0.009576 -0.002881 0.005000
v 0.009893 -0.001456 0.005000
v 0.010000 0.000000 0.033170
v 0.009054 0.004245 0.033170
v 0.008340 0.005518 0.033170
v 0.009576 0.002881 0.033170
v 0.009893 0.001456 0.033170
v 0.009893 -0.001456 0.033170
v 0.009576 -0.002881 0.033170
v 0.009054 -0.004245 0.033170
v 0.008340 -0.005518 0.033170
v 0.007448 -0.006673 0.033170
v 0.006397 -0.007686 0.033170
v 0.005209 -0.008536 0.033170
v 0.003911 -0.009203 0.033170
v 0.002529 -0.009675 0.033170
v 0.001094 -0.009940 0.033170
v -0.000365 -0.009993 0.033170
v -0.001816 -0.009834 0.033170
v -0.003229 -0.009464 0.033170
v -0.004572 -0.008893 0.033170
v -0.005819 -0.008133 0.033170
v -0.006941 -0.007199 0.033170
v -0.007915 -0.006112 0.033170
v -0.008720 -0.004894 0.033170
v -0.009340 -0.003572 0.033170
v -0.009761 -0.002174 0.033170
v -0.009973 -0.000730 0.033170
v -0.009973 0.000730 0.033170
v -0.009761 0.002174 0.033170
v -0.009340 0.003572 0.033170
v -0.008720 0.004894 0.033170
v -0.007915 0.006111 0.033170
v -0.006941 0.007199 0.033170
v -0.005819 0.008133 0.033170
v -0.004572 0.008893 0.033170
v -0.003229 0.009464 0.033170
v -0.001816 0.009834 0.033170
v -0.000365 0.009993 0.033170
v 0.001094 0.009940 0.033170
v 0.002529 0.009675 0.033170
v 0.003911 0.009203 0.033170
v 0.005209 0.008536 0.033170
v 0.006397 0.007686 0.033170
v 0.007448 0.006673 0.033170
v 0.014678 -0.017678 0.005000
v 0.014780 -0.018454 0.005000
v 0.015080 -0.019178 0.005000
v 0.015556 -0.019799 0.005000
v 0.016178 -0.020276 0.005000
v 0.016901 -0.020575 0.005000
v 0.017678 -0.020678 0.005000
v 0.018454 -0.020575 0.005000
v 0.019178 -0.020276 0.005000
v 0.019799 -0.019799 0.005000
v 0.020276 -0.019178 0.005000
v 0.020575 -0.018454 0.005000
v 0.020678 -0.017678 0.005000
v 0.020575 -0.016901 0.005000
v 0.020276 -0.016178 0.005000
v 0.019799 -0.015556 0.005000
v 0.019178 -0.015080 0.005000
v 0.018454 -0.014780 0.005000
v 0.017678 -0.014678 0.005000
v 0.016901 -0.014780 0.005000
v 0.016178 -0.015080 0.005000
v 0.015556 -0.015556 0.005000
v 0.015080 -0.016178 0.005000
v 0.014780 -0.016901 0.005000
v 0.014678 -0.017678 0.000000
v 0.014780 -0.016901 0.000000
v 0.015080 -0.016178 0.000000
v 0.015556 -0.015556 0.000000
v 0.016178 -0.015080 0.000000
v 0.016901 -0.014780 0.000000
v 0.017678 -0.014678 0.000000
v 0.018454 -0.014780 0.000000
v 0.019178 -0.015080 0.000000
v 0.019799 -0.015556 0.000000
v 0.020276 -0.016178 0.000000
v 0.020575 -0.016901 0.000000
v 0.020678 -0.017678 0.000000
v 0.020575 -0.018454 0.000000
v 0.020276 -0.019178 0.000000
v 0.019799 -0.019799 0.000000
v 0.019178 -0.020276 0.000000
v 0.018454 -0.020575 0.000000
v 0.017678 -0.020678 0.000000
v 0.016901 -0.020575 0.000000
v 0.016178 -0.020276 0.000000
v 0.015556 -0.019799 0.000000
v 0.015080 -0.019178 0.000000
v 0.014780 -0.018454 0.000000
v 0.014678 0.017678 0.005000
v 0.014780 0.016901 0.005000
v 0.015080 0.016178 0.005000
v 0.015556 0.015556 0.005000
v 0.016178 0.015080 0.005000
v 0.016901 0.014780 0.005000
v 0.017678 0.014678 0.005000
v 0.018454 0.014780 0.005000
v 0.019178 0.015080 0.005000
v 0.019799 0.015556 0.005000
v 0.020276 0.016178 0.005000
v 0.020575 0.016901 0.005000
v 0.020678 0.017678 0.005000
v 0.020575 0.018454 0.005000
v 0.020276 0.019178 0.005000
v 0.019799 0.019799 0.005000
v 0.019178 0.020276 0.005000
v 0.018454 0.020575 0.005000
v 0.017678 0.020678 0.005000
v 0.016901 0.020575 0.005000
v 0.016178 0.020276 0.005000
v 0.015556 0.019799 0.005000
v 0.015080 0.019178 0.005000
v 0.014780 0.018454 0.005000
v 0.014678 0.017678 0.000000
v 0.014780 0.018454 0.000000
v 0.015080 0.019178 0.000000
v 0.015556 0.019799 0.000000
v 0.016178 0.020276 0.000000
v 0.016901 0.020575 0.000000
v 0.017678 0.020678 0.000000
v 0.018454 0.020575 0.000000
v 0.019178 0.020276 0.000000
v 0.019799 0.019799 0.000000
v 0.020276 0.019178 0.000000
v 0.020575 0.018454 0.000000
v 0.020678 0.017678 0.000000
v 0.020575 0.016901 0.000000
v 0.020276 0.016178 0.000000
v 0.019799 0.015556 0.000000
v 0.019178 0.015080 0.000000
v 0.018454 0.014780 0.000000
v 0.017678 0.014678 0.000000
v 0.016901 0.014780 0.000000
v 0.016178 0.015080 0.000000
v 0.015556 0.015556 0.000000
v 0.015080 0.016178 0.000000
v 0.014780 0.016901 0.000000
v -0.020678 -0.017678 0.005000
v -0.020575 -0.018454 0.005000
v -0.020276 -0.019178 0.005000
v -0.019799 -0.019799 0.005000
v -0.019178 -0.020276 0.005000
v -0.018454 -0.020575 0.005000
v -0.017678 -0.020678 0.005000
v -0.016901 -0.020575 0.005000
v -0.016178 -0.020276 0.005000
v -0.015556 -0.019799 0.005000
v -0.015080 -0.019178 0.005000
v -0.014780 -0.018454 0.005000
v -0.014678 -0.017678 0.005000
v -0.014780 -0.016901 0.005000
v -0.015080 -0.016178 0.005000
v -0.015556 -0.015556 0.005000
v -0.016178 -0.015080 0.005000
v -0.016901 -0.014780 0.005000
v -0.017678 -0.014678 0.005000
v -0.018454 -0.014780 0.005000
v -0.019178 -0.015080 0.005000
v -0.019799 -0.015556 0.005000
v -0.020276 -0.016178 0.005000
v -0.020575 -0.016901 0.005000
v -0.020678 -0.017678 0.000000
v -0.020575 -0.016901 0.000000
v -0.020276 -0.016178 0.000000
v -0.019799 -0.015556 0.000000
v -0.019178 -0.015080 0.000000
v -0.018454 -0.014780 0.000000
v -0.017678 -0.014678 0.000000
v -0.016901 -0.014780 0.000000
v -0.016178 -0.015080 0.000000
v -0.015556 -0.015556 0.000000
v -0.015080 -0.016178 0.000000
v -0.014780 -0.016901 0.000000
v -0.014678 -0.017678 0.000000
v -0.014780 -0.018454 0.000000
v -0.015080 -0.019178 0.000000
v -0.015556 -0.019799 0.000000
v -0.016178 -0.020276 0.000000
v -0.016901 -0.020575 0.000000
v -0.017678 -0.020678 0.000000
v -0.018454 -0.020575 0.000000
v -0.019178 -0.020276 0.000000
v -0.019799 -0.019799 0.000000
v -0.020276 -0.019178 0.000000
v -0.020575 -0.018454 0.000000
v -0.020678 0.017678 0.005000
v -0.020575 0.016901 0.005000
v -0.020276 0.016178 0.005000
v -0.019799 0.015556 0.005000
v -0.019178 0.015080 0.005000
v -0.018454 0.014780 0.005000
v -0.017678 0.014678 0.005000
v -0.016901 0.014780 0.005000
v -0.016178 0.015080 0.005000
v -0.015556 0.015556 0.005000
v -0.015080 0.016178 0.005000
v -0.014780 0.016901 0.005000
v -0.014678 0.017678 0.005000
v -0.014780 0.018454 0.005000
v -0.015080 0.019178 0.005000
v -0.015556 0.019799 0.005000
v -0.016178 0.020276 0.005000
v -0.016901 0.020575 0.005000
v -0.017678 0.020678 0.005000
v -0.018454 0.020575 0.005000
v -0.019178 0.020276 0.005000
v -0.019799 0.019799 0.005000
v -0.020276 0.019178 0.005000
v -0.020575 0.018454 0.005000
v -0.020678 0.017678 0.000000
v -0.020575 0.018454 0.000000
v -0.020276 0.019178 0.000000
v -0.019799 0.019799 0.000000
v -0.019178 0.020276 0.000000
v -0.018454 0.020575 0.000000
v -0.017678 0.020678 0.000000
v -0.016901 0.020575 0.000000
v -0.016178 0.020276 0.000000
v -0.015556 0.019799 0.000000
v -0.015080 0.019178 0.000000
v -0.014780 0.018454 0.000000
v -0.014678 0.017678 0.000000
v -0.014780 0.016901 0.000000
v -0.015080 0.016178 0.000000
v -0.015556 0.015556 0.000000
v -0.016178 0.015080 0.000000
v -0.016901 0.014780 0.000000
v -0.017678 0.014678 0.000000
v -0.018454 0.014780 0.000000
v -0.019178 0.015080 0.000000
v -0.019799 0.015556 0.000000
v -0.020276 0.016178 0.000000
v -0.020575 0.016901 0.000000
v -0.031500 -0.000000 0.005000
v -0.031392 0.002601 0.005000
v -0.031070 0.005185 0.005000
v -0.030536 0.007733 0.005000
v -0.029793 0.010228 0.005000
v -0.028847 0.012653 0.005000
v -0.027703 0.014992 0.005000
v -0.026371 0.017229 0.005000
v -0.024858 0.019348 0.005000
v -0.023175 0.021334 0.005000
v -0.021334 0.023175 0.005000
v -0.019348 0.024858 0.005000
v -0.017229 0.026371 0.005000
v -0.014992 0.027703 0.005000
v -0.012653 0.028847 0.005000
v -0.010228 0.029793 0.005000
v -0.007733 0.030536 0.005000
v -0.005185 0.031070 0.005000
v -0.002601 0.031392 0.005000
v 0.000000 0.031500 0.005000
v 0.002601 0.031392 0.005000
v 0.005185 0.031070 0.005000
v 0.007733 0.030536 0.005000
v 0.010228 0.029793 0.005000
v 0.012653 0.028847 0.005000
v 0.014992 0.027703 0.005000
v 0.017229 0.026371 0.005000
v 0.019348 0.024858 0.005000
v 0.021334 0.023175 0.005000
v 0.023175 0.021334 0.005000
v 0.024858 0.019348 0.005000
v 0.026371 0.017229 0.005000
v 0.027703 0.014992 0.005000
v 0.028847 0.012653 0.005000
v 0.029793 0.010228 0.005000
v 0.030536 0.007733 0.005000
v 0.031070 0.005185 0.005000
v 0.031392 0.002601 0.005000
v 0.031500 0.000000 0.005000
v 0.031392 -0.002601 0.005000
v 0.031070 -0.005185 0.005000
v 0.030536 -0.007733 0.005000
v 0.029793 -0.010228 0.005000
v 0.028847 -0.012653 0.005000
v 0.027703 -0.014992 0.005000
v 0.026371 -0.017229 0.005000
v 0.024858 -0.019348 0.005000
v 0.023175 -0.021334 0.005000
v 0.021334 -0.023175 0.005000
v 0.019348 -0.024858 0.005000
v 0.017229 -0.026371 0.005000
v 0.014992 -0.027703 0.005000
v 0.012653 -0.028847 0.005000
v 0.010228 -0.029793 0.005000
v 0.007733 -0.030536 0.005000
v 0.005185 -0.031070 0.005000
v 0.002601 -0.031392 0.005000
v 0.000000 -0.031500 0.005000
v -0.002601 -0.031392 0.005000
v -0.005185 -0.031070 0.005000
v -0.007733 -0.030536 0.005000
v -0.010228 -0.029793 0.005000
v -0.012653 -0.028847 0.005000
v -0.014992 -0.027703 0.005000
v -0.017229 -0.026371 0.005000
v -0.019348 -0.024858 0.005000
v -0.021334 -0.023175 0.005000
v -0.023175 -0.021334 0.005000
v -0.024858 -0.019348 0.005000
v -0.026371 -0.017229 0.005000
v -0.027703 -0.014992 0.005000
v -0.028847 -0.012653 0.005000
v -0.029793 -0.010228 0.005000
v -0.030536 -0.007733 0.005000
v -0.031070 -0.005185 0.005000
v -0.031392 -0.002601 0.005000
v -0.031500 -0.000000 0.000000
v -0.031392 -0.002601 0.000000
v -0.031070 -0.005185 0.000000
v -0.030536 -0.007733 0.000000
v -0.029793 -0.010228 0.000000
v -0.028847 -0.012653 0.000000
v -0.027703 -0.014992 0.000000
v -0.026371 -0.017229 0.000000
v -0.024858 -0.019348 0.000000
v -0.023175 -0.021334 0.000000
v -0.021334 -0.023175 0.000000
v -0.019348 -0.024858 0.000000
v -0.017229 -0.026371 0.000000
v -0.014992 -0.027703 0.000000
v -0.012653 -0.028847 0.000000
v -0.010228 -0.029793 0.000000
v -0.007733 -0.030536 0.000000
v -0.005185 -0.031070 0.000000
v -0.002601 -0.031392 0.000000
v 0.000000 -0.031500 0.000000
v 0.002601 -0.031392 0.000000
v 0.005185 -0.031070 0.000000
v 0.007733 -0.030536 0.000000
v 0.010228 -0.029793 0.000000
v 0.012653 -0.028847 0.000000
v 0.014992 -0.027703 0.000000
v 0.017229 -0.026371 0.000000
v 0.019348 -0.024858 0.000000
v 0.021334 -0.023175 0.000000
v 0.023175 -0.021334 0.000000
v 0.024858 -0.019348 0.000000
v 0.026371 -0.017229 0.000000
v 0.027703 -0.014992 0.000000
v 0.028847 -0.012653 0.000000
v 0.029793 -0.010228 0.000000
v 0.030536 -0.007733 0.000000
v 0.031070 -0.005185 0.000000
v 0.031392 -0.002601 0.000000
v 0.031500 0.000000 0.000000
v 0.031392 0.002601 0.000000
v 0.031070 0.005185 0.000000
v 0.030536 0.007733 0.000000
v 0.029793 0.010228 0.000000
v 0.028847 0.012653 0.000000
v 0.027703 0.014992 0.000000
v 0.026371 0.017229 0.000000
v 0.024858 0.019348 0.000000
v 0.023175 0.021334 0.000000
v 0.021334 0.023175 0.000000
v 0.019348 0.024858 0.000000
v 0.017229 0.026371 0.000000
v 0.014992 0.027703 0.000000
v 0.012653 0.028847 0.000000
v 0.010228 0.029793 0.000000
v 0.007733 0.030536 0.000000
v 0.005185 0.031070 0.000000
v 0.002601 0.031392 0.000000
v 0.000000 0.031500 0.000000
v -0.002601 0.031392 0.000000
v -0.005185 0.031070 0.000000
v -0.007733 0.030536 0.000000
v -0.010228 0.029793 0.000000
v -0.012653 0.028847 0.000000
v -0.014992 0.027703 0.000000
v -0.017229 0.026371 0.000000
v -0.019348 0.024858 0.000000
v -0.021334 0.023175 0.000000
v -0.023175 0.021334 0.000000
v -0.024858 0.019348 0.000000
v -0.026371 0.017229 0.000000
v -0.027703 0.014992 0.000000
v -0.028847 0.012653 0.000000
v -0.029793 0.010228 0.000000
v -0.030536 0.007733 0.000000
v -0.031070 0.005185 0.000000
v -0.031392 0.002601 0.000000
vt 1.400000 4.150000 0.000000
vt 1.100000 4.150000 0.000000
vt 1.400000 -3.150000 0.000000
vt 0.869329 4.139335 0.000000
vt 0.640626 4.107433 0.000000
vt 0.415843 4.054564 0.000000
vt 0.542315 -4.139821 0.000000
vt 0.681733 -4.109493 0.000000
vt 0.196896 3.981181 0.000000
vt 0.400000 -4.150000 0.000000
vt -0.014346 3.887908 0.000000
vt -0.216080 3.775543 0.000000
vt -0.406587 3.645043 0.000000
vt -0.584239 3.497522 0.000000
vt -1.400000 1.650000 0.000000
vt -0.747522 3.334239 0.000000
vt -0.895043 3.156587 0.000000
vt -1.025543 2.966080 0.000000
vt -1.137908 2.764346 0.000000
vt -1.231181 2.553104 0.000000
vt -1.304564 2.334157 0.000000
vt -1.357433 2.109374 0.000000
vt -1.389335 1.880671 0.000000
vt -1.400000 -4.150000 0.000000
vt 0.815415 -4.059632 0.000000
vt 0.940641 -3.991254 0.000000
vt 1.054861 -3.905750 0.000000
vt 1.155750 -3.804861 0.000000
vt 1.241254 -3.690641 0.000000
vt 1.309632 -3.565415 0.000000
vt 1.359493 -3.431733 0.000000
vt 1.389821 -3.292315 0.000000
vt -1.800000 -2.800000 0.000000
vt -0.000000 -2.800000 0.000000
vt -1.800000 2.800000 0.000000
vt -0.000000 2.800000 0.000000
vt -7.300000 -2.800000 0.000000
vt -0.000000 -2.800000 0.000000
vt -7.300000 2.800000 0.000000
vt -0.000000 2.800000 0.000000
vt 2.800000 1.427997 0.000000
vt 2.800000 1.570796 0.000000
vt 0.000000 1.427997 0.000000
vt -2.800000 1.570796 0.000000
vt -2.800000 1.427997 0.000000
vt 0.000000 1.285197 0.000000
vt -2.800000 1.285197 0.000000
vt 0.000000 1.142397 0.000000
vt -2.800000 1.142397 0.000000
vt 0.000000 0.999598 0.000000
vt -2.800000 0.999598 0.000000
vt 0.000000 0.856798 0.000000
vt -2.800000 0.856798 0.000000
vt 0.000000 0.713998 0.000000
vt -2.800000 0.713998 0.000000
vt 0.000000 0.571199 0.000000
vt -2.800000 0.571199 0.000000
vt 0.000000 0.428399 0.000000
vt -2.800000 0.428399 0.000000
vt 0.000000 0.285599 0.000000
vt -2.800000 0.285599 0.000000
vt 0.000000 0.142800 0.000000
vt -2.800000 0.142800 0.000000
vt -2.800000 0.000000 0.000000
vt 2.800000 0.000000 0.000000
vt 2.800000 0.142800 0.000000
vt 2.800000 0.285599 0.000000
vt 2.800000 0.428399 0.000000
vt 2.800000 0.571199 0.000000
vt 2.800000 0.713998 0.000000
vt 2.800000 0.856798 0.000000
vt 2.800000 0.999598 0.000000
vt 2.800000 1.142397 0.000000
vt 2.800000 1.285197 0.000000
vt 1.389335 1.880671 0.000000
vt 1.357433 2.109374 0.000000
vt 1.400000 1.650000 0.000000
vt 1.304564 2.334157 0.000000
vt 1.231181 2.553104 0.000000
vt 1.137908 2.764346 0.000000
vt 1.025543 2.966080 0.000000
vt 0.895043 3.156587 0.000000
vt 0.747522 3.334239 0.000000
vt 0.584239 3.497522 0.000000
vt -0.400000 -4.150000 0.000000
vt 0.406587 3.645043 0.000000
vt 0.216080 3.775543 0.000000
vt 0.014346 3.887908 0.000000
vt -0.196896 3.981181 0.000000
vt -0.542315 -4.139821 0.000000
vt -0.415843 4.054564 0.000000
vt -1.400000 -3.150000 0.000000
vt -0.640626 4.107433 0.000000
vt -0.869329 4.139335 0.000000
vt -1.100000 4.150000 0.000000
vt -1.400000 4.150000 0.000000
vt -1.389821 -3.292315 0.000000
vt -1.359493 -3.431733 0.000000
vt -1.309632 -3.565415 0.000000
vt -1.241254 -3.690641 0.000000
vt -1.155750 -3.804861 0.000000
vt -1.054861 -3.905750 0.000000
vt -0.940641 -3.991254 0.000000
vt -0.815415 -4.059632 0.000000
vt -0.681733 -4.109493 0.000000
vt 1.400000 -4.150000 0.000000
vt 5.800000 5.500000 0.000000
vt 5.800000 -0.300000 0.000000
vt 6.000000 5.500000 0.000000
vt 6.000000 -0.500000 0.000000
vt 0.200000 -0.300000 0.000000
vt 0.000000 -0.500000 0.000000
vt 0.000000 5.500000 0.000000
vt 0.200000 5.500000 0.000000
vt 1.500000 1.963495 0.000000
vt 1.300000 1.963495 0.000000
vt 1.500000 1.732496 0.000000
vt 1.300000 1.732496 0.000000
vt 1.500000 1.501496 0.000000
vt 1.300000 1.501496 0.000000
vt 1.500000 1.270497 0.000000
vt 1.300000 1.270497 0.000000
vt 1.500000 1.039498 0.000000
vt 1.300000 1.039498 0.000000
vt 1.500000 0.808498 0.000000
vt 1.300000 0.808498 0.000000
vt 1.500000 0.577499 0.000000
vt 1.300000 0.577499 0.000000
vt 1.500000 0.346499 0.000000
vt 1.300000 0.346499 0.000000
vt 1.500000 0.115500 0.000000
vt 1.300000 0.115500 0.000000
vt 1.500000 -0.115500 0.000000
vt 1.300000 -0.115500 0.000000
vt 1.500000 -0.346499 0.000000
vt 1.300000 -0.346499 0.000000
vt 1.500000 -0.577499 0.000000
vt 1.300000 -0.577499 0.000000
vt 1.500000 -0.808498 0.000000
vt 1.300000 -0.808498 0.000000
vt 1.500000 -1.039498 0.000000
vt 1.300000 -1.039498 0.000000
vt 1.500000 -1.270497 0.000000
vt 1.300000 -1.270497 0.000000
vt 1.500000 -1.501496 0.000000
vt 1.300000 -1.501496 0.000000
vt 1.500000 -1.732496 0.000000
vt 1.300000 -1.732496 0.000000
vt 1.500000 -1.963495 0.000000
vt 1.300000 -1.963495 0.000000
vt -4.500000 -1.963495 0.000000
vt -4.300000 -1.963495 0.000000
vt -4.500000 -1.732496 0.000000
vt -4.300000 -1.732496 0.000000
vt -4.500000 -1.501496 0.000000
vt -4.300000 -1.501496 0.000000
vt -4.500000 -1.270497 0.000000
vt -4.300000 -1.270497 0.000000
vt -4.500000 -1.039498 0.000000
vt -4.300000 -1.039498 0.000000
vt -4.500000 -0.808498 0.000000
vt -4.300000 -0.808498 0.000000
vt -4.500000 -0.577499 0.000000
vt -4.300000 -0.577499 0.000000
vt -4.500000 -0.346499 0.000000
vt -4.300000 -0.346499 0.000000
vt -4.500000 -0.115500 0.000000
vt -4.300000 -0.115500 0.000000
vt -4.500000 0.115500 0.000000
vt -4.300000 0.115500 0.000000
vt -4.500000 0.346499 0.000000
vt -4.300000 0.346499 0.000000
vt -4.500000 0.577499 0.000000
vt -4.300000 0.577499 0.000000
vt -4.500000 0.808498 0.000000
vt -4.300000 0.808498 0.000000
vt -4.500000 1.039498 0.000000
vt -4.300000 1.039498 0.000000
vt -4.500000 1.270497 0.000000
vt -4.300000 1.270497 0.000000
vt -4.500000 1.501496 0.000000
vt -4.300000 1.501496 0.000000
vt -4.500000 1.732496 0.000000
vt -4.300000 1.732496 0.000000
vt -4.500000 1.963495 0.000000
vt -4.300000 1.963495 0.000000
vt 2.800000 1.000000 0.000000
vt 3.000000 1.000000 0.000000
vt 2.800000 1.300000 0.000000
vt 3.000000 1.500000 0.000000
vt -3.000000 1.500000 0.000000
vt -2.800000 1.300000 0.000000
vt -3.000000 1.000000 0.000000
vt -2.800000 1.000000 0.000000
vt 3.000000 8.000000 0.000000
vt 2.500000 8.000000 0.000000
vt 3.000000 0.500000 0.000000
vt 2.269329 7.989335 0.000000
vt 2.040626 7.957433 0.000000
vt 1.815843 7.904564 0.000000
vt 2.142315 -0.489821 0.000000
vt 2.281733 -0.459493 0.000000
vt 2.000000 -0.500000 0.000000
vt 1.596896 7.831181 0.000000
vt 1.385654 7.737908 0.000000
vt 1.183920 7.625543 0.000000
vt 0.993413 7.495043 0.000000
vt 0.815761 7.347522 0.000000
vt 0.000000 5.500000 0.000000
vt 0.652478 7.184239 0.000000
vt 0.504957 7.006587 0.000000
vt 0.374457 6.816080 0.000000
vt 0.262092 6.614346 0.000000
vt 0.168819 6.403104 0.000000
vt 0.095436 6.184157 0.000000
vt 0.042567 5.959374 0.000000
vt 0.010665 5.730671 0.000000
vt 0.000000 -0.500000 0.000000
vt 2.415415 -0.409632 0.000000
vt 2.540641 -0.341254 0.000000
vt 2.654861 -0.255750 0.000000
vt 2.755750 -0.154861 0.000000
vt 2.841254 -0.040641 0.000000
vt 2.909632 0.084585 0.000000
vt 2.959493 0.218267 0.000000
vt 2.989821 0.357685 0.000000
vt 0.633975 -0.785398 0.000000
vt 0.668824 -0.729460 0.000000
vt -1.500000 -0.785398 0.000000
vt -1.500000 -0.642598 0.000000
vt 0.708427 -0.674107 0.000000
vt 0.797862 -0.571794 0.000000
vt -1.500000 -0.499799 0.000000
vt 0.893381 -0.486043 0.000000
vt 1.000642 -0.410458 0.000000
vt -1.500000 -0.356999 0.000000
vt 1.118309 -0.347236 0.000000
vt 1.243423 -0.300261 0.000000
vt 1.372135 -0.271543 0.000000
vt -1.500000 -0.214199 0.000000
vt 1.500000 -0.261799 0.000000
vt 1.500000 -0.214199 0.000000
vt 4.500000 -0.214199 0.000000
vt 1.500000 -0.071400 0.000000
vt 4.500000 -0.071400 0.000000
vt 1.500000 0.071400 0.000000
vt 4.500000 0.071400 0.000000
vt 1.500000 0.214199 0.000000
vt 4.500000 0.214199 0.000000
vt 1.500000 0.356999 0.000000
vt 4.500000 0.356999 0.000000
vt 1.500000 0.499799 0.000000
vt 4.500000 0.499799 0.000000
vt 1.500000 0.642598 0.000000
vt 4.500000 0.642598 0.000000
vt 4.500000 0.785398 0.000000
vt 1.627865 -0.271543 0.000000
vt 4.500000 -0.356999 0.000000
vt 1.756577 -0.300261 0.000000
vt 1.881691 -0.347236 0.000000
vt 1.999358 -0.410458 0.000000
vt 4.500000 -0.499799 0.000000
vt 2.106619 -0.486043 0.000000
vt 2.202138 -0.571794 0.000000
vt 4.500000 -0.642598 0.000000
vt 2.291573 -0.674107 0.000000
vt 2.331176 -0.729460 0.000000
vt 2.366025 -0.785398 0.000000
vt 4.500000 -0.785398 0.000000
vt -1.500000 0.785398 0.000000
vt -1.500000 0.642598 0.000000
vt -1.500000 0.499799 0.000000
vt -1.500000 0.356999 0.000000
vt -1.500000 0.214199 0.000000
vt -1.500000 0.071400 0.000000
vt -1.500000 -0.071400 0.000000
vt -0.000000 0.500000 0.000000
vt 6.000000 0.500000 0.000000
vt -0.000000 8.000000 0.000000
vt 6.000000 8.000000 0.000000
vt 2.989335 5.730671 0.000000
vt 2.957433 5.959374 0.000000
vt 3.000000 5.500000 0.000000
vt 2.904564 6.184157 0.000000
vt 2.831181 6.403104 0.000000
vt 2.737908 6.614346 0.000000
vt 2.625543 6.816080 0.000000
vt 2.495043 7.006587 0.000000
vt 2.347522 7.184239 0.000000
vt 2.184239 7.347522 0.000000
vt 1.000000 -0.500000 0.000000
vt 2.006587 7.495043 0.000000
vt 1.816080 7.625543 0.000000
vt 1.614346 7.737908 0.000000
vt 1.403104 7.831181 0.000000
vt 1.184157 7.904564 0.000000
vt 0.959374 7.957433 0.000000
vt -0.000000 0.500000 0.000000
vt 0.857685 -0.489821 0.000000
vt 0.730671 7.989335 0.000000
vt 0.500000 8.000000 0.000000
vt -0.000000 8.000000 0.000000
vt 0.010179 0.357685 0.000000
vt 0.040507 0.218267 0.000000
vt 0.090368 0.084585 0.000000
vt 0.158746 -0.040641 0.000000
vt 0.244250 -0.154861 0.000000
vt 0.345139 -0.255750 0.000000
vt 0.459359 -0.341254 0.000000
vt 0.584585 -0.409632 0.000000
vt 0.718267 -0.459493 0.000000
vt 3.000000 -0.500000 0.000000
vt 0.866025 -0.500000 0.000000
vt 3.000000 -0.500000 0.000000
vt 0.928977 -0.370138 0.000000
vt 0.972580 -0.232567 0.000000
vt 0.995928 -0.090153 0.000000
vt 0.998533 0.054139 0.000000
vt 0.980342 0.197303 0.000000
vt 0.941734 0.336359 0.000000
vt 3.000000 1.500000 0.000000
vt 0.883512 0.468408 0.000000
vt 0.806889 0.590703 0.000000
vt 0.713461 0.700695 0.000000
vt 0.605174 0.796093 0.000000
vt 0.484283 0.874911 0.000000
vt 0.353306 0.935508 0.000000
vt 0.214970 0.976621 0.000000
vt 0.072158 0.997393 0.000000
vt -3.000000 1.500000 0.000000
vt -0.072158 0.997393 0.000000
vt -0.214970 0.976621 0.000000
vt -0.353306 0.935508 0.000000
vt -0.484283 0.874911 0.000000
vt -0.605174 0.796093 0.000000
vt -0.713461 0.700695 0.000000
vt -0.806889 0.590703 0.000000
vt -0.883512 0.468408 0.000000
vt -0.941734 0.336359 0.000000
vt -3.000000 -0.500000 0.000000
vt -0.980342 0.197303 0.000000
vt -0.998533 0.054139 0.000000
vt -0.995928 -0.090153 0.000000
vt -0.972580 -0.232567 0.000000
vt -0.928977 -0.370138 0.000000
vt -0.866025 -0.500000 0.000000
vt -5.500000 -2.762435 0.000000
vt -2.816987 -2.703231 0.000000
vt -5.500000 -2.617994 0.000000
vt -2.816987 -2.557110 0.000000
vt -5.501612 -2.552101 0.000000
vt -5.506193 -2.484186 0.000000
vt -2.816987 -2.410990 0.000000
vt -5.522742 -2.349235 0.000000
vt -2.816987 -2.264869 0.000000
vt -5.544520 -2.222660 0.000000
vt -2.816987 -2.118749 0.000000
vt -5.569566 -2.093762 0.000000
vt -2.816987 -1.972628 0.000000
vt -5.594474 -1.962428 0.000000
vt -2.816987 -1.826507 0.000000
vt -5.615302 -1.830313 0.000000
vt -5.629031 -1.699036 0.000000
vt -2.816987 -1.680387 0.000000
vt -5.633975 -1.570796 0.000000
vt -2.816987 -1.534266 0.000000
vt -5.629031 -1.442556 0.000000
vt -2.816987 -1.388146 0.000000
vt -5.615302 -1.311279 0.000000
vt -2.816987 -1.242025 0.000000
vt -5.594474 -1.179164 0.000000
vt -2.816987 -1.095904 0.000000
vt -5.569566 -1.047830 0.000000
vt -2.816987 -0.949784 0.000000
vt -5.544520 -0.918933 0.000000
vt -2.816987 -0.803663 0.000000
vt -5.522742 -0.792358 0.000000
vt -2.816987 -0.657473 0.000000
vt -5.506193 -0.657406 0.000000
vt -5.501612 -0.589491 0.000000
vt -2.816987 -0.511422 0.000000
vt -5.500000 -0.523599 0.000000
vt -5.500000 -0.379158 0.000000
vt -2.816987 -0.365301 0.000000
vt -5.500000 -0.234717 0.000000
vt -2.816987 -0.219181 0.000000
vt -5.500000 -0.090276 0.000000
vt -2.816987 -0.073060 0.000000
vt -5.500000 0.054165 0.000000
vt -2.816987 0.073060 0.000000
vt -5.500000 0.198606 0.000000
vt -2.816987 0.219181 0.000000
vt -5.500000 0.343047 0.000000
vt -2.816987 0.365301 0.000000
vt -5.500000 0.487489 0.000000
vt -2.816987 0.511422 0.000000
vt -5.500000 0.631930 0.000000
vt -2.816987 0.657543 0.000000
vt -5.500000 0.776371 0.000000
vt -2.816987 0.803663 0.000000
vt -5.500000 0.920812 0.000000
vt -2.816987 0.949784 0.000000
vt -5.500000 1.065253 0.000000
vt -2.816987 1.095904 0.000000
vt -5.500000 1.209694 0.000000
vt -2.816987 1.242025 0.000000
vt -5.500000 1.354135 0.000000
vt -2.816987 1.388146 0.000000
vt -5.500000 1.498576 0.000000
vt -2.816987 1.534266 0.000000
vt -5.500000 1.643017 0.000000
vt -2.816987 1.680387 0.000000
vt -5.500000 1.787458 0.000000
vt -2.816987 1.826507 0.000000
vt -5.500000 1.931899 0.000000
vt -2.816987 1.972628 0.000000
vt -5.500000 2.076340 0.000000
vt -2.816987 2.118749 0.000000
vt -5.500000 2.220781 0.000000
vt -2.816987 2.264869 0.000000
vt -5.500000 2.365222 0.000000
vt -2.816987 2.410990 0.000000
vt -5.500000 2.509663 0.000000
vt -2.816987 2.557110 0.000000
vt -5.500000 2.654104 0.000000
vt -2.816987 2.703231 0.000000
vt -5.500000 2.798545 0.000000
vt -2.816987 2.849351 0.000000
vt -5.500000 2.942986 0.000000
vt -2.816987 2.995472 0.000000
vt -5.500000 3.087427 0.000000
vt -2.816987 3.141593 0.000000
vt -5.500000 3.231868 0.000000
vt -5.500000 -3.051317 0.000000
vt -2.816987 -3.141593 0.000000
vt -2.816987 -2.995472 0.000000
vt -5.500000 -2.906876 0.000000
vt -2.816987 -2.849351 0.000000
vt -0.000000 -2.995472 0.000000
vt -0.000000 -3.141593 0.000000
vt -0.000000 3.141593 0.000000
vt -0.000000 2.995472 0.000000
vt -0.000000 2.849351 0.000000
vt -0.000000 2.703231 0.000000
vt -0.000000 2.557110 0.000000
vt -0.000000 2.410990 0.000000
vt -0.000000 2.264869 0.000000
vt -0.000000 2.118749 0.000000
vt -0.000000 1.972628 0.000000
vt -0.000000 1.826507 0.000000
vt -0.000000 1.680387 0.000000
vt -0.000000 1.534266 0.000000
vt -0.000000 1.388146 0.000000
vt -0.000000 1.242025 0.000000
vt -0.000000 1.095904 0.000000
vt -0.000000 0.949784 0.000000
vt -0.000000 0.803663 0.000000
vt -0.000000 0.657543 0.000000
vt -0.000000 0.511422 0.000000
vt -0.000000 0.365301 0.000000
vt -0.000000 0.219181 0.000000
vt -0.000000 0.073060 0.000000
vt -0.000000 -0.073060 0.000000
vt -0.000000 -0.219181 0.000000
vt -0.000000 -0.365301 0.000000
vt -0.000000 -0.511422 0.000000
vt -0.000000 -2.849351 0.000000
vt -0.000000 -2.703231 0.000000
vt -0.000000 -2.557110 0.000000
vt -0.000000 -2.410990 0.000000
vt -0.000000 -2.264869 0.000000
vt -0.000000 -2.118749 0.000000
vt -0.000000 -1.972628 0.000000
vt -0.000000 -1.826507 0.000000
vt -0.000000 -1.680387 0.000000
vt -0.000000 -1.534266 0.000000
vt -0.000000 -1.388146 0.000000
vt -0.000000 -1.242025 0.000000
vt -0.000000 -1.095904 0.000000
vt -0.000000 -0.949784 0.000000
vt -0.000000 -0.803663 0.000000
vt -0.000000 -0.657543 0.000000
vt 0.500000 -0.863938 0.000000
vt -0.000000 -0.863938 0.000000
vt 0.500000 -0.942478 0.000000
vt 0.000000 -0.942478 0.000000
vt 0.500000 0.942478 0.000000
vt 0.000000 0.942478 0.000000
vt 0.500000 0.863938 0.000000
vt 0.000000 0.863938 0.000000
vt 0.500000 0.785398 0.000000
vt -0.000000 0.785398 0.000000
vt 0.500000 0.706858 0.000000
vt 0.000000 0.706858 0.000000
vt 0.500000 0.628319 0.000000
vt -0.000000 0.628319 0.000000
vt 0.500000 0.549779 0.000000
vt 0.000000 0.549779 0.000000
vt 0.500000 0.471239 0.000000
vt 0.000000 0.471239 0.000000
vt 0.500000 0.392699 0.000000
vt 0.000000 0.392699 0.000000
vt 0.500000 0.314159 0.000000
vt -0.000000 0.314159 0.000000
vt 0.500000 0.235619 0.000000
vt 0.000000 0.235619 0.000000
vt 0.500000 0.157080 0.000000
vt -0.000000 0.157080 0.000000
vt 0.500000 0.078540 0.000000
vt -0.000000 0.078540 0.000000
vt 0.500000 0.000000 0.000000
vt 0.000000 0.000000 0.000000
vt 0.500000 -0.078540 0.000000
vt -0.000000 -0.078540 0.000000
vt 0.500000 -0.157080 0.000000
vt -0.000000 -0.157080 0.000000
vt 0.500000 -0.235619 0.000000
vt -0.000000 -0.235619 0.000000
vt 0.500000 -0.314159 0.000000
vt -0.000000 -0.314159 0.000000
vt 0.500000 -0.392699 0.000000
vt 0.000000 -0.392699 0.000000
vt 0.500000 -0.471239 0.000000
vt 0.000000 -0.471239 0.000000
vt 0.500000 -0.549779 0.000000
vt -0.000000 -0.549779 0.000000
vt 0.500000 -0.628319 0.000000
vt 0.000000 -0.628319 0.000000
vt 0.500000 -0.706858 0.000000
vt 0.000000 -0.706858 0.000000
vt 0.500000 -0.785398 0.000000
vt -0.000000 -0.785398 0.000000
vt 0.500000 -0.863938 0.000000
vt -0.000000 -0.863938 0.000000
vt 0.500000 -0.942478 0.000000
vt 0.000000 -0.942478 0.000000
vt 0.500000 0.942478 0.000000
vt 0.000000 0.942478 0.000000
vt 0.500000 0.863938 0.000000
vt 0.000000 0.863938 0.000000
vt 0.500000 0.785398 0.000000
vt -0.000000 0.785398 0.000000
vt 0.500000 0.706858 0.000000
vt 0.000000 0.706858 0.000000
vt 0.500000 0.628319 0.000000
vt -0.000000 0.628319 0.000000
vt 0.500000 0.549779 0.000000
vt -0.000000 0.549779 0.000000
vt 0.500000 0.471239 0.000000
vt 0.000000 0.471239 0.000000
vt 0.500000 0.392699 0.000000
vt -0.000000 0.392699 0.000000
vt 0.500000 0.314159 0.000000
vt -0.000000 0.314159 0.000000
vt 0.500000 0.235619 0.000000
vt 0.000000 0.235619 0.000000
vt 0.500000 0.157080 0.000000
vt -0.000000 0.157080 0.000000
vt 0.500000 0.078540 0.000000
vt -0.000000 0.078540 0.000000
vt 0.500000 0.000000 0.000000
vt 0.000000 0.000000 0.000000
vt 0.500000 -0.078540 0.000000
vt -0.000000 -0.078540 0.000000
vt 0.500000 -0.157080 0.000000
vt -0.000000 -0.157080 0.000000
vt 0.500000 -0.235619 0.000000
vt -0.000000 -0.235619 0.000000
vt 0.500000 -0.314159 0.000000
vt -0.000000 -0.314159 0.000000
vt 0.500000 -0.392699 0.000000
vt -0.000000 -0.392699 0.000000
vt 0.500000 -0.471239 0.000000
vt 0.000000 -0.471239 0.000000
vt 0.500000 -0.549779 0.000000
vt 0.000000 -0.549779 0.000000
vt 0.500000 -0.628319 0.000000
vt 0.000000 -0.628319 0.000000
vt 0.500000 -0.706858 0.000000
vt 0.000000 -0.706858 0.000000
vt 0.500000 -0.785398 0.000000
vt -0.000000 -0.785398 0.000000
vt 0.500000 -0.863938 0.000000
vt 0.000000 -0.863938 0.000000
vt 0.500000 -0.942478 0.000000
vt 0.000000 -0.942478 0.000000
vt 0.500000 0.942478 0.000000
vt 0.000000 0.942478 0.000000
vt 0.500000 0.863938 0.000000
vt 0.000000 0.863938 0.000000
vt 0.500000 0.785398 0.000000
vt 0.000000 0.785398 0.000000
vt 0.500000 0.706858 0.000000
vt 0.000000 0.706858 0.000000
vt 0.500000 0.628319 0.000000
vt 0.000000 0.628319 0.000000
vt 0.500000 0.549779 0.000000
vt 0.000000 0.549779 0.000000
vt 0.500000 0.471239 0.000000
vt 0.000000 0.471239 0.000000
vt 0.500000 0.392699 0.000000
vt 0.000000 0.392699 0.000000
vt 0.500000 0.314159 0.000000
vt 0.000000 0.314159 0.000000
vt 0.500000 0.235619 0.000000
vt 0.000000 0.235619 0.000000
vt 0.500000 0.157080 0.000000
vt 0.000000 0.157080 0.000000
vt 0.500000 0.078540 0.000000
vt 0.000000 0.078540 0.000000
vt 0.500000 0.000000 0.000000
vt 0.000000 0.000000 0.000000
vt 0.500000 -0.078540 0.000000
vt 0.000000 -0.078540 0.000000
vt 0.500000 -0.157080 0.000000
vt 0.000000 -0.157080 0.000000
vt 0.500000 -0.235619 0.000000
vt 0.000000 -0.235619 0.000000
vt 0.500000 -0.314159 0.000000
vt 0.000000 -0.314159 0.000000
vt 0.500000 -0.392699 0.000000
vt 0.000000 -0.392699 0.000000
vt 0.500000 -0.471239 0.000000
vt 0.000000 -0.471239 0.000000
vt 0.500000 -0.549779 0.000000
vt 0.000000 -0.549779 0.000000
vt 0.500000 -0.628319 0.000000
vt -0.000000 -0.628319 0.000000
vt 0.500000 -0.706858 0.000000
vt 0.000000 -0.706858 0.000000
vt 0.500000 -0.785398 0.000000
vt 0.000000 -0.785398 0.000000
vt 0.500000 -0.863938 0.000000
vt 0.000000 -0.863938 0.000000
vt 0.500000 -0.942478 0.000000
vt 0.000000 -0.942478 0.000000
vt 0.500000 0.942478 0.000000
vt 0.000000 0.942478 0.000000
vt 0.500000 0.863938 0.000000
vt 0.000000 0.863938 0.000000
vt 0.500000 0.785398 0.000000
vt 0.000000 0.785398 0.000000
vt 0.500000 0.706858 0.000000
vt 0.000000 0.706858 0.000000
vt 0.500000 0.628319 0.000000
vt 0.000000 0.628319 0.000000
vt 0.500000 0.549779 0.000000
vt 0.000000 0.549779 0.000000
vt 0.500000 0.471239 0.000000
vt 0.000000 0.471239 0.000000
vt 0.500000 0.392699 0.000000
vt 0.000000 0.392699 0.000000
vt 0.500000 0.314159 0.000000
vt 0.000000 0.314159 0.000000
vt 0.500000 0.235619 0.000000
vt 0.000000 0.235619 0.000000
vt 0.500000 0.157080 0.000000
vt 0.000000 0.157080 0.000000
vt 0.500000 0.078540 0.000000
vt 0.000000 0.078540 0.000000
vt 0.500000 0.000000 0.000000
vt 0.000000 0.000000 0.000000
vt 0.500000 -0.078540 0.000000
vt 0.000000 -0.078540 0.000000
vt 0.500000 -0.157080 0.000000
vt 0.000000 -0.157080 0.000000
vt 0.500000 -0.235619 0.000000
vt 0.000000 -0.235619 0.000000
vt 0.500000 -0.314159 0.000000
vt 0.000000 -0.314159 0.000000
vt 0.500000 -0.392699 0.000000
vt 0.000000 -0.392699 0.000000
vt 0.500000 -0.471239 0.000000
vt 0.000000 -0.471239 0.000000
vt 0.500000 -0.549779 0.000000
vt 0.000000 -0.549779 0.000000
vt 0.500000 -0.628319 0.000000
vt -0.000000 -0.628319 0.000000
vt 0.500000 -0.706858 0.000000
vt 0.000000 -0.706858 0.000000
vt 0.500000 -0.785398 0.000000
vt 0.000000 -0.785398 0.000000
vt -0.500000 9.635595 0.000000
vt -0.000000 9.635595 0.000000
vt -0.500000 9.896017 0.000000
vt -0.000000 9.896017 0.000000
vt -0.500000 -9.896017 0.000000
vt -0.000000 -9.896017 0.000000
vt -0.500000 -9.635595 0.000000
vt -0.000000 -9.635595 0.000000
vt -0.500000 -9.375174 0.000000
vt -0.000000 -9.375174 0.000000
vt -0.500000 -9.114752 0.000000
vt -0.000000 -9.114752 0.000000
vt -0.500000 -8.854331 0.000000
vt -0.000000 -8.854331 0.000000
vt -0.500000 -8.593909 0.000000
vt -0.000000 -8.593909 0.000000
vt -0.500000 -8.333488 0.000000
vt -0.000000 -8.333488 0.000000
vt -0.500000 -8.073066 0.000000
vt -0.000000 -8.073066 0.000000
vt -0.500000 -7.812645 0.000000
vt -0.000000 -7.812645 0.000000
vt -0.500000 -7.552223 0.000000
vt -0.000000 -7.552223 0.000000
vt -0.500000 -7.291802 0.000000
vt -0.000000 -7.291802 0.000000
vt -0.500000 -7.031380 0.000000
vt -0.000000 -7.031380 0.000000
vt -0.500000 -6.770959 0.000000
vt -0.000000 -6.770959 0.000000
vt -0.500000 -6.510537 0.000000
vt -0.000000 -6.510537 0.000000
vt -0.500000 -6.250116 0.000000
vt -0.000000 -6.250116 0.000000
vt -0.500000 -5.989694 0.000000
vt -0.000000 -5.989694 0.000000
vt -0.500000 -5.729273 0.000000
vt -0.000000 -5.729273 0.000000
vt -0.500000 -5.468851 0.000000
vt -0.000000 -5.468851 0.000000
vt -0.500000 -5.208430 0.000000
vt -0.000000 -5.208430 0.000000
vt -0.500000 -4.948008 0.000000
vt -0.000000 -4.948008 0.000000
vt -0.500000 -4.687587 0.000000
vt -0.000000 -4.687587 0.000000
vt -0.500000 -4.427165 0.000000
vt -0.000000 -4.427165 0.000000
vt -0.500000 -4.166744 0.000000
vt -0.000000 -4.166744 0.000000
vt -0.500000 -3.906322 0.000000
vt -0.000000 -3.906322 0.000000
vt -0.500000 -3.645901 0.000000
vt -0.000000 -3.645901 0.000000
vt -0.500000 -3.385479 0.000000
vt -0.000000 -3.385479 0.000000
vt -0.500000 -3.125058 0.000000
vt -0.000000 -3.125058 0.000000
vt -0.500000 -2.864636 0.000000
vt -0.000000 -2.864636 0.000000
vt -0.500000 -2.604215 0.000000
vt -0.000000 -2.604215 0.000000
vt -0.500000 -2.343793 0.000000
vt -0.000000 -2.343793 0.000000
vt -0.500000 -2.083372 0.000000
vt -0.000000 -2.083372 0.000000
vt -0.500000 -1.822950 0.000000
vt -0.000000 -1.822950 0.000000
vt -0.500000 -1.562529 0.000000
vt -0.000000 -1.562529 0.000000
vt -0.500000 -1.302107 0.000000
vt -0.000000 -1.302107 0.000000
vt -0.500000 -1.041686 0.000000
vt -0.000000 -1.041686 0.000000
vt -0.500000 -0.781264 0.000000
vt -0.000000 -0.781264 0.000000
vt -0.500000 -0.520843 0.000000
vt -0.000000 -0.520843 0.000000
vt -0.500000 -0.260421 0.000000
vt -0.000000 -0.260421 0.000000
vt -0.500000 0.000000 0.000000
vt -0.000000 0.000000 0.000000
vt -0.500000 0.260421 0.000000
vt -0.000000 0.260421 0.000000
vt -0.500000 0.520843 0.000000
vt -0.000000 0.520843 0.000000
vt -0.500000 0.781264 0.000000
vt -0.000000 0.781264 0.000000
vt -0.500000 1.041686 0.000000
vt -0.000000 1.041686 0.000000
vt -0.500000 1.302107 0.000000
vt -0.000000 1.302107 0.000000
vt -0.500000 1.562529 0.000000
vt -0.000000 1.562529 0.000000
vt -0.500000 1.822950 0.000000
vt -0.000000 1.822950 0.000000
vt -0.500000 2.083372 0.000000
vt -0.000000 2.083372 0.000000
vt -0.500000 2.343793 0.000000
vt -0.000000 2.343793 0.000000
vt -0.500000 2.604215 0.000000
vt -0.000000 2.604215 0.000000
vt -0.500000 2.864636 0.000000
vt -0.000000 2.864636 0.000000
vt -0.500000 3.125058 0.000000
vt -0.000000 3.125058 0.000000
vt -0.500000 3.385479 0.000000
vt -0.000000 3.385479 0.000000
vt -0.500000 3.645901 0.000000
vt -0.000000 3.645901 0.000000
vt -0.500000 3.906322 0.000000
vt -0.000000 3.906322 0.000000
vt -0.500000 4.166744 0.000000
vt -0.000000 4.166744 0.000000
vt -0.500000 4.427165 0.000000
vt -0.000000 4.427165 0.000000
vt -0.500000 4.687587 0.000000
vt -0.000000 4.687587 0.000000
vt -0.500000 4.948008 0.000000
vt -0.000000 4.948008 0.000000
vt -0.500000 5.208430 0.000000
vt -0.000000 5.208430 0.000000
vt -0.500000 5.468851 0.000000
vt -0.000000 5.468851 0.000000
vt -0.500000 5.729273 0.000000
vt -0.000000 5.729273 0.000000
vt -0.500000 5.989694 0.000000
vt -0.000000 5.989694 0.000000
vt -0.500000 6.250116 0.000000
vt -0.000000 6.250116 0.000000
vt -0.500000 6.510537 0.000000
vt -0.000000 6.510537 0.000000
vt -0.500000 6.770959 0.000000
vt -0.000000 6.770959 0.000000
vt -0.500000 7.031380 0.000000
vt -0.000000 7.031380 0.000000
vt -0.500000 7.291802 0.000000
vt -0.000000 7.291802 0.000000
vt -0.500000 7.552223 0.000000
vt -0.000000 7.552223 0.000000
vt -0.500000 7.812645 0.000000
vt -0.000000 7.812645 0.000000
vt -0.500000 8.073066 0.000000
vt -0.000000 8.073066 0.000000
vt -0.500000 8.333488 0.000000
vt -0.000000 8.333488 0.000000
vt -0.500000 8.593909 0.000000
vt -0.000000 8.593909 0.000000
vt -0.500000 8.854331 0.000000
vt -0.000000 8.854331 0.000000
vt -0.500000 9.114752 0.000000
vt -0.000000 9.114752 0.000000
vt -0.500000 9.375174 0.000000
vt -0.000000 9.375174 0.000000
vt 0.989343 -0.145601 0.000000
vt 3.139241 -0.260125 0.000000
vt 1.000000 0.000000 0.000000
vt 3.150000 0.000000 0.000000
vt 3.139241 0.260125 0.000000
vt 0.957601 -0.288099 0.000000
vt 1.845413 -1.477989 0.000000
vt 3.053611 -0.773279 0.000000
vt 3.107038 -0.518473 0.000000
vt 1.767767 -1.467767 0.000000
vt 0.905448 -0.424457 0.000000
vt 1.690121 -1.477989 0.000000
vt 0.833998 -0.551768 0.000000
vt 1.617767 -1.507959 0.000000
vt 0.744772 -0.667319 0.000000
vt 1.555635 -1.555635 0.000000
vt 0.639673 -0.768647 0.000000
vt 1.507959 -1.617767 0.000000
vt 0.520940 -0.853593 0.000000
vt 1.477989 -1.690121 0.000000
vt 0.391105 -0.920346 0.000000
vt 1.467767 -1.767767 0.000000
vt 0.252933 -0.967484 0.000000
vt 1.477989 -1.845413 0.000000
vt 0.773279 -3.053611 0.000000
vt 1.022803 -2.979324 0.000000
vt 0.518473 -3.107038 0.000000
vt 0.109371 -0.994001 0.000000
vt 0.260125 -3.139241 0.000000
vt 0.000000 -3.150000 0.000000
vt -0.036522 -0.999333 0.000000
vt -0.260125 -3.139241 0.000000
vt -0.181637 -0.983366 0.000000
vt -0.518473 -3.107038 0.000000
vt -0.773279 -3.053611 0.000000
vt -1.477989 -1.845413 0.000000
vt -1.022803 -2.979324 0.000000
vt -1.507959 -1.917767 0.000000
vt -1.265341 -2.884686 0.000000
vt -1.555635 -1.979899 0.000000
vt -1.499234 -2.770342 0.000000
vt -1.617767 -2.027575 0.000000
vt -1.722887 -2.637074 0.000000
vt -1.690121 -2.057545 0.000000
vt -1.934770 -2.485793 0.000000
vt -1.767767 -2.067767 0.000000
vt -1.845413 -2.057545 0.000000
vt -1.467767 -1.767767 0.000000
vt -0.322880 -0.946440 0.000000
vt -0.457242 -0.889342 0.000000
vt -1.477989 -1.690121 0.000000
vt -0.581859 -0.813290 0.000000
vt -1.507959 -1.617767 0.000000
vt -0.694074 -0.719903 0.000000
vt -1.555635 -1.555635 0.000000
vt -0.791496 -0.611174 0.000000
vt -1.617767 -1.507959 0.000000
vt -0.872049 -0.489418 0.000000
vt -1.690121 -1.477989 0.000000
vt -0.934016 -0.357231 0.000000
vt -1.767767 -1.467767 0.000000
vt -0.976076 -0.217430 0.000000
vt -1.845413 -1.477989 0.000000
vt -3.053611 -0.773279 0.000000
vt -2.979324 -1.022803 0.000000
vt -3.107038 -0.518473 0.000000
vt -0.997332 -0.072995 0.000000
vt -3.139241 -0.260125 0.000000
vt -3.150000 -0.000000 0.000000
vt -0.997332 0.072995 0.000000
vt -3.139241 0.260125 0.000000
vt -3.107038 0.518473 0.000000
vt -0.976076 0.217430 0.000000
vt -3.053611 0.773279 0.000000
vt -1.845413 1.477989 0.000000
vt -2.979324 1.022803 0.000000
vt -1.917767 1.507959 0.000000
vt -2.884686 1.265341 0.000000
vt -1.979899 1.555635 0.000000
vt -2.770342 1.499234 0.000000
vt -2.027575 1.617767 0.000000
vt -2.637074 1.722887 0.000000
vt -2.057545 1.690121 0.000000
vt -2.485793 1.934770 0.000000
vt -2.067767 1.767767 0.000000
vt -2.057545 1.845413 0.000000
vt -1.767767 1.467767 0.000000
vt -0.934016 0.357231 0.000000
vt -1.690121 1.477989 0.000000
vt -0.872049 0.489418 0.000000
vt -1.617767 1.507959 0.000000
vt -0.791496 0.611174 0.000000
vt -1.555635 1.555635 0.000000
vt -0.694074 0.719903 0.000000
vt -1.507959 1.617767 0.000000
vt -0.581859 0.813290 0.000000
vt -1.477989 1.690121 0.000000
vt -0.457242 0.889342 0.000000
vt -1.467767 1.767767 0.000000
vt -0.322880 0.946440 0.000000
vt -0.181637 0.983366 0.000000
vt -0.036522 0.999333 0.000000
vt -0.260125 3.139241 0.000000
vt -0.518473 3.107038 0.000000
vt -0.773279 3.053611 0.000000
vt 0.000000 3.150000 0.000000
vt 0.109371 0.994001 0.000000
vt 0.260125 3.139241 0.000000
vt 0.518473 3.107038 0.000000
vt 0.252933 0.967484 0.000000
vt 0.773279 3.053611 0.000000
vt 1.477989 1.845413 0.000000
vt 1.022803 2.979324 0.000000
vt 1.507959 1.917767 0.000000
vt 1.265341 2.884686 0.000000
vt 1.555635 1.979899 0.000000
vt 1.499234 2.770342 0.000000
vt 1.617767 2.027575 0.000000
vt 1.722887 2.637074 0.000000
vt 1.690121 2.057545 0.000000
vt 1.934770 2.485793 0.000000
vt 1.767767 2.067767 0.000000
vt 1.845413 2.057545 0.000000
vt 1.467767 1.767767 0.000000
vt 0.391105 0.920346 0.000000
vt 1.477989 1.690121 0.000000
vt 0.520940 0.853593 0.000000
vt 1.507959 1.617767 0.000000
vt 0.639673 0.768647 0.000000
vt 1.555635 1.555635 0.000000
vt 0.744772 0.667319 0.000000
vt 1.617767 1.507959 0.000000
vt 0.833998 0.551768 0.000000
vt 1.690121 1.477989 0.000000
vt 0.905448 0.424457 0.000000
vt 1.767767 1.467767 0.000000
vt 0.957601 0.288099 0.000000
vt 1.845413 1.477989 0.000000
vt 0.989343 0.145601 0.000000
vt 3.053611 0.773279 0.000000
vt 3.107038 0.518473 0.000000
vt -2.317530 2.133437 0.000000
vt -2.027575 1.917767 0.000000
vt -1.979899 1.979899 0.000000
vt -2.133437 2.317530 0.000000
vt -1.917767 2.027575 0.000000
vt -1.845413 2.057545 0.000000
vt -1.934770 2.485793 0.000000
vt -1.767767 2.067767 0.000000
vt -1.690121 2.057545 0.000000
vt -1.722887 2.637074 0.000000
vt -1.617767 2.027575 0.000000
vt -1.499234 2.770342 0.000000
vt -1.555635 1.979899 0.000000
vt -1.265341 2.884686 0.000000
vt -1.507959 1.917767 0.000000
vt -1.022803 2.979324 0.000000
vt -1.477989 1.845413 0.000000
vt -2.057545 -1.845413 0.000000
vt -2.067767 -1.767767 0.000000
vt -2.485793 -1.934770 0.000000
vt -2.057545 -1.690121 0.000000
vt -2.637074 -1.722887 0.000000
vt -2.027575 -1.617767 0.000000
vt -2.770342 -1.499234 0.000000
vt -1.979899 -1.555635 0.000000
vt -2.884686 -1.265341 0.000000
vt -1.917767 -1.507959 0.000000
vt -2.133437 -2.317530 0.000000
vt -1.917767 -2.027575 0.000000
vt -1.979899 -1.979899 0.000000
vt -2.317530 -2.133437 0.000000
vt -2.027575 -1.917767 0.000000
vt 2.133437 2.317530 0.000000
vt 1.917767 2.027575 0.000000
vt 1.979899 1.979899 0.000000
vt 2.317530 2.133437 0.000000
vt 2.027575 1.917767 0.000000
vt 2.057545 1.845413 0.000000
vt 2.485793 1.934770 0.000000
vt 2.067767 1.767767 0.000000
vt 2.057545 1.690121 0.000000
vt 2.637074 1.722887 0.000000
vt 2.027575 1.617767 0.000000
vt 2.770342 1.499234 0.000000
vt 1.979899 1.555635 0.000000
vt 2.884686 1.265341 0.000000
vt 1.917767 1.507959 0.000000
vt 2.979324 1.022803 0.000000
vt 2.979324 -1.022803 0.000000
vt 1.917767 -1.507959 0.000000
vt 2.884686 -1.265341 0.000000
vt 1.979899 -1.555635 0.000000
vt 2.770342 -1.499234 0.000000
vt 2.027575 -1.617767 0.000000
vt 2.637074 -1.722887 0.000000
vt 2.057545 -1.690121 0.000000
vt 2.485793 -1.934770 0.000000
vt 2.067767 -1.767767 0.000000
vt 2.057545 -1.845413 0.000000
vt 2.317530 -2.133437 0.000000
vt 2.027575 -1.917767 0.000000
vt 1.979899 -1.979899 0.000000
vt 2.133437 -2.317530 0.000000
vt 1.917767 -2.027575 0.000000
vt 1.845413 -2.057545 0.000000
vt 1.934770 -2.485793 0.000000
vt 1.767767 -2.067767 0.000000
vt 1.690121 -2.057545 0.000000
vt 1.722887 -2.637074 0.000000
vt 1.617767 -2.027575 0.000000
vt 1.499234 -2.770342 0.000000
vt 1.555635 -1.979899 0.000000
vt 1.265341 -2.884686 0.000000
vt 1.507959 -1.917767 0.000000
vt 2.057545 1.845413 0.000000
vt 2.067767 1.767767 0.000000
vt 2.485793 1.934770 0.000000
vt 2.057545 1.690121 0.000000
vt 2.637074 1.722887 0.000000
vt 2.027575 1.617767 0.000000
vt 2.770342 1.499234 0.000000
vt 1.979899 1.555635 0.000000
vt 2.884686 1.265341 0.000000
vt 1.917767 1.507959 0.000000
vt 2.979324 1.022803 0.000000
vt 1.845413 1.477989 0.000000
vt 3.053611 0.773279 0.000000
vt 3.107038 0.518473 0.000000
vt 1.767767 1.467767 0.000000
vt 3.139241 0.260125 0.000000
vt 3.150000 -0.000000 0.000000
vt 1.767767 -1.467767 0.000000
vt 3.139241 -0.260125 0.000000
vt 3.107038 -0.518473 0.000000
vt 1.845413 -1.477989 0.000000
vt 3.053611 -0.773279 0.000000
vt 2.979324 -1.022803 0.000000
vt 1.917767 -1.507959 0.000000
vt 2.884686 -1.265341 0.000000
vt 1.979899 -1.555635 0.000000
vt 2.770342 -1.499234 0.000000
vt 2.027575 -1.617767 0.000000
vt 2.637074 -1.722887 0.000000
vt 2.057545 -1.690121 0.000000
vt 2.485793 -1.934770 0.000000
vt 2.067767 -1.767767 0.000000
vt 2.057545 -1.845413 0.000000
vt 1.690121 -1.477989 0.000000
vt 1.690121 1.477989 0.000000
vt 1.617767 -1.507959 0.000000
vt 1.617767 1.507959 0.000000
vt 1.555635 -1.555635 0.000000
vt 1.555635 1.555635 0.000000
vt -1.555635 1.555635 0.000000
vt -1.507959 1.617767 0.000000
vt 1.507959 1.617767 0.000000
vt -1.477989 1.690121 0.000000
vt 1.477989 1.690121 0.000000
vt -1.467767 1.767767 0.000000
vt 1.467767 1.767767 0.000000
vt -0.000000 3.150000 0.000000
vt 0.260125 3.139241 0.000000
vt 0.518473 3.107038 0.000000
vt 1.477989 1.845413 0.000000
vt 0.773279 3.053611 0.000000
vt 1.022803 2.979324 0.000000
vt 1.507959 1.917767 0.000000
vt 1.265341 2.884686 0.000000
vt 1.555635 1.979899 0.000000
vt 1.499234 2.770342 0.000000
vt 1.617767 2.027575 0.000000
vt 1.722887 2.637074 0.000000
vt 1.690121 2.057545 0.000000
vt 1.934770 2.485793 0.000000
vt 1.767767 2.067767 0.000000
vt 1.845413 2.057545 0.000000
vt 2.133437 2.317530 0.000000
vt 1.917767 2.027575 0.000000
vt 1.979899 1.979899 0.000000
vt 2.317530 2.133437 0.000000
vt 2.027575 1.917767 0.000000
vt 2.317530 -2.133437 0.000000
vt 2.027575 -1.917767 0.000000
vt 1.979899 -1.979899 0.000000
vt 2.133437 -2.317530 0.000000
vt 1.917767 -2.027575 0.000000
vt 1.845413 -2.057545 0.000000
vt 1.934770 -2.485793 0.000000
vt 1.767767 -2.067767 0.000000
vt 1.690121 -2.057545 0.000000
vt 1.722887 -2.637074 0.000000
vt 1.617767 -2.027575 0.000000
vt 1.499234 -2.770342 0.000000
vt 1.555635 -1.979899 0.000000
vt 1.265341 -2.884686 0.000000
vt 1.507959 -1.917767 0.000000
vt 1.022803 -2.979324 0.000000
vt 1.477989 -1.845413 0.000000
vt 0.773279 -3.053611 0.000000
vt 0.518473 -3.107038 0.000000
vt 1.467767 -1.767767 0.000000
vt 0.260125 -3.139241 0.000000
vt -0.000000 -3.150000 0.000000
vt -1.467767 -1.767767 0.000000
vt -0.260125 -3.139241 0.000000
vt -0.518473 -3.107038 0.000000
vt -1.477989 -1.845413 0.000000
vt -0.773279 -3.053611 0.000000
vt -1.022803 -2.979324 0.000000
vt -1.507959 -1.917767 0.000000
vt -1.265341 -2.884686 0.000000
vt -1.555635 -1.979899 0.000000
vt -1.499234 -2.770342 0.000000
vt -1.617767 -2.027575 0.000000
vt -1.722887 -2.637074 0.000000
vt -1.690121 -2.057545 0.000000
vt -1.934770 -2.485793 0.000000
vt -1.767767 -2.067767 0.000000
vt -1.845413 -2.057545 0.000000
vt -1.477989 -1.690121 0.000000
vt 1.477989 -1.690121 0.000000
vt -1.507959 -1.617767 0.000000
vt 1.507959 -1.617767 0.000000
vt -1.555635 -1.555635 0.000000
vt -1.617767 1.507959 0.000000
vt -1.617767 -1.507959 0.000000
vt -1.690121 1.477989 0.000000
vt -1.690121 -1.477989 0.000000
vt -1.767767 1.467767 0.000000
vt -1.767767 -1.467767 0.000000
vt -3.150000 0.000000 0.000000
vt -3.139241 -0.260125 0.000000
vt -1.845413 1.477989 0.000000
vt -3.107038 0.518473 0.000000
vt -3.139241 0.260125 0.000000
vt -1.917767 1.507959 0.000000
vt -2.979324 1.022803 0.000000
vt -3.053611 0.773279 0.000000
vt -2.884686 1.265341 0.000000
vt -1.979899 1.555635 0.000000
vt -2.770342 1.499234 0.000000
vt -2.027575 1.617767 0.000000
vt -2.637074 1.722887 0.000000
vt -2.057545 1.690121 0.000000
vt -2.485793 1.934770 0.000000
vt -2.067767 1.767767 0.000000
vt -2.057545 1.845413 0.000000
vt -2.317530 2.133437 0.000000
vt -2.027575 1.917767 0.000000
vt -1.979899 1.979899 0.000000
vt -2.133437 2.317530 0.000000
vt -1.917767 2.027575 0.000000
vt -1.845413 2.057545 0.000000
vt -1.934770 2.485793 0.000000
vt -1.767767 2.067767 0.000000
vt -1.690121 2.057545 0.000000
vt -1.722887 2.637074 0.000000
vt -1.617767 2.027575 0.000000
vt -1.499234 2.770342 0.000000
vt -1.555635 1.979899 0.000000
vt -1.265341 2.884686 0.000000
vt -1.507959 1.917767 0.000000
vt -1.022803 2.979324 0.000000
vt -1.477989 1.845413 0.000000
vt -0.773279 3.053611 0.000000
vt -0.518473 3.107038 0.000000
vt -0.260125 3.139241 0.000000
vt -2.133437 -2.317530 0.000000
vt -1.917767 -2.027575 0.000000
vt -1.979899 -1.979899 0.000000
vt -2.317530 -2.133437 0.000000
vt -2.027575 -1.917767 0.000000
vt -2.057545 -1.845413 0.000000
vt -2.485793 -1.934770 0.000000
vt -2.067767 -1.767767 0.000000
vt -2.057545 -1.690121 0.000000
vt -2.637074 -1.722887 0.000000
vt -2.027575 -1.617767 0.000000
vt -2.770342 -1.499234 0.000000
vt -1.979899 -1.555635 0.000000
vt -2.884686 -1.265341 0.000000
vt -1.917767 -1.507959 0.000000
vt -2.979324 -1.022803 0.000000
vt -1.845413 -1.477989 0.000000
vt -3.053611 -0.773279 0.000000
vt -3.107038 -0.518473 0.000000
vn 100.000000 0.000000 0.000000
vn 100.000000 0.000000 0.000000
vn 100.000000 0.000000 0.000000
vn 100.000000 0.000000 0.000000
vn 100.000000 0.000000 0.000000
vn 100.000000 0.000000 0.000000
vn 100.000000 0.000000 0.000000
vn 100.000000 0.000000 0.000000
vn 100.000000 0.000000 0.000000
vn 100.000000 0.000000 0.000000
vn 100.000000 0.000000 0.000000
vn 100.000000 0.000000 0.000000
vn 100.000000 0.000000 0.000000
vn 100.000000 0.000000 0.000000
vn 100.000000 0.000000 0.000000
vn 100.000000 0.000000 0.000000
vn 100.000000 0.000000 0.000000
vn 100.000000 0.000000 0.000000
vn 100.000000 0.000000 0.000000
vn 100.000000 0.000000 0.000000
vn 100.000000 0.000000 0.000000
vn 100.000000 0.000000 0.000000
vn 100.000000 0.000000 0.000000
vn 100.000000 0.000000 0.000000
vn 100.000000 0.000000 0.000000
vn 100.000000 0.000000 0.000000
vn 100.000000 0.000000 0.000000
vn 100.000000 0.000000 0.000000
vn 100.000000 0.000000 0.000000
vn 100.000000 0.000000 0.000000
vn 100.000000 0.000000 0.000000
vn 100.000000 0.000000 0.000000
vn 0.000000 0.000000 100.000000
vn 0.000000 0.000000 100.000000
vn 0.000000 0.000000 100.000000
vn 0.000000 0.000000 100.000000
vn 0.000000 -100.000000 0.000000
vn 0.000000 -100.000000 0.000000
vn 0.000000 -100.000000 0.000000
vn 0.000000 -100.000000 0.000000
vn 0.000000 -98.982144 14.231484
vn 0.000000 -98.982144 14.231484
vn 0.000000 -98.982144 14.231484
vn 0.000000 -95.949297 28.173256
vn 0.000000 -95.949297 28.173256
vn 0.000000 -90.963200 41.541501
vn 0.000000 -90.963200 41.541501
vn 0.000000 -84.125353 54.064082
vn 0.000000 -84.125353 54.064082
vn 0.000000 -75.574957 65.486073
vn 0.000000 -75.574957 65.486073
vn 0.000000 -65.486073 75.574957
vn 0.000000 -65.486073 75.574957
vn 0.000000 -54.064082 84.125353
vn 0.000000 -54.064082 84.125353
vn 0.000000 -41.541501 90.963200
vn 0.000000 -41.541501 90.963200
vn 0.000000 -28.173256 95.949297
vn 0.000000 -28.173256 95.949297
vn 0.000000 -14.231484 98.982144
vn 0.000000 -14.231484 98.982144
vn 0.000000 -14.231484 98.982144
vn 0.000000 -28.173256 95.949297
vn 0.000000 -41.541501 90.963200
vn 0.000000 -54.064082 84.125353
vn 0.000000 -65.486073 75.574957
vn 0.000000 -75.574957 65.486073
vn 0.000000 -84.125353 54.064082
vn 0.000000 -90.963200 41.541501
vn 0.000000 -95.949297 28.173256
vn -100.000000 0.000000 0.000000
vn -100.000000 0.000000 0.000000
vn -100.000000 0.000000 0.000000
vn -100.000000 0.000000 0.000000
vn -100.000000 0.000000 0.000000
vn -100.000000 0.000000 0.000000
vn -100.000000 0.000000 0.000000
vn -100.000000 0.000000 0.000000
vn -100.000000 0.000000 0.000000
vn -100.000000 0.000000 0.000000
vn -100.000000 0.000000 0.000000
vn -100.000000 0.000000 0.000000
vn -100.000000 0.000000 0.000000
vn -100.000000 0.000000 0.000000
vn -100.000000 0.000000 0.000000
vn -100.000000 0.000000 0.000000
vn -100.000000 0.000000 0.000000
vn -100.000000 0.000000 0.000000
vn -100.000000 0.000000 0.000000
vn -100.000000 0.000000 0.000000
vn -100.000000 0.000000 0.000000
vn -100.000000 0.000000 0.000000
vn -100.000000 0.000000 0.000000
vn -100.000000 0.000000 0.000000
vn -100.000000 0.000000 0.000000
vn -100.000000 0.000000 0.000000
vn -100.000000 0.000000 0.000000
vn -100.000000 0.000000 0.000000
vn -100.000000 0.000000 0.000000
vn -100.000000 0.000000 0.000000
vn -100.000000 0.000000 0.000000
vn -100.000000 0.000000 0.000000
vn 0.000000 -100.000000 0.000000
vn 0.000000 -100.000000 0.000000
vn 0.000000 -100.000000 0.000000
vn 0.000000 -100.000000 0.000000
vn 0.000000 -100.000000 0.000000
vn 0.000000 -100.000000 0.000000
vn 0.000000 -100.000000 0.000000
vn 0.000000 -100.000000 0.000000
vn 0.000000 -99.573418 9.226836
vn 0.000000 -99.573418 9.226836
vn 0.000000 -98.297310 18.374952
vn 0.000000 -98.297310 18.374952
vn 0.000000 -96.182564 27.366299
vn 0.000000 -96.182564 27.366299
vn 0.000000 -93.247223 36.124167
vn 0.000000 -93.247223 36.124167
vn 0.000000 -89.516329 44.573836
vn 0.000000 -89.516329 44.573836
vn 0.000000 -85.021714 52.643216
vn 0.000000 -85.021714 52.643216
vn 0.000000 -79.801723 60.263464
vn 0.000000 -79.801723 60.263464
vn 0.000000 -73.900892 67.369564
vn 0.000000 -73.900892 67.369564
vn 0.000000 -67.369564 73.900892
vn 0.000000 -67.369564 73.900892
vn 0.000000 -60.263464 79.801723
vn 0.000000 -60.263464 79.801723
vn 0.000000 -52.643216 85.021714
vn 0.000000 -52.643216 85.021714
vn 0.000000 -44.573836 89.516329
vn 0.000000 -44.573836 89.516329
vn 0.000000 -36.124167 93.247223
vn 0.000000 -36.124167 93.247223
vn 0.000000 -27.366299 96.182564
vn 0.000000 -27.366299 96.182564
vn 0.000000 -18.374952 98.297310
vn 0.000000 -18.374952 98.297310
vn 0.000000 -9.226836 99.573418
vn 0.000000 -9.226836 99.573418
vn 0.000000 0.000000 100.000000
vn 0.000000 0.000000 100.000000
vn 0.000000 0.000000 100.000000
vn 0.000000 0.000000 100.000000
vn 0.000000 -9.226836 99.573418
vn 0.000000 -9.226836 99.573418
vn 0.000000 -18.374952 98.297310
vn 0.000000 -18.374952 98.297310
vn 0.000000 -27.366299 96.182564
vn 0.000000 -27.366299 96.182564
vn 0.000000 -36.124167 93.247223
vn 0.000000 -36.124167 93.247223
vn 0.000000 -44.573836 89.516329
vn 0.000000 -44.573836 89.516329
vn 0.000000 -52.643216 85.021714
vn 0.000000 -52.643216 85.021714
vn 0.000000 -60.263464 79.801723
vn 0.000000 -60.263464 79.801723
vn 0.000000 -67.369564 73.900892
vn 0.000000 -67.369564 73.900892
vn 0.000000 -73.900892 67.369564
vn 0.000000 -73.900892 67.369564
vn 0.000000 -79.801723 60.263464
vn 0.000000 -79.801723 60.263464
vn 0.000000 -85.021714 52.643216
vn 0.000000 -85.021714 52.643216
vn 0.000000 -89.516329 44.573836
vn 0.000000 -89.516329 44.573836
vn 0.000000 -93.247223 36.124167
vn 0.000000 -93.247223 36.124167
vn 0.000000 -96.182564 27.366299
vn 0.000000 -96.182564 27.366299
vn 0.000000 -98.297310 18.374952
vn 0.000000 -98.297310 18.374952
vn 0.000000 -99.573418 9.226836
vn 0.000000 -99.573418 9.226836
vn 0.000000 0.000000 100.000000
vn 0.000000 0.000000 100.000000
vn 0.000000 0.000000 100.000000
vn 0.000000 0.000000 100.000000
vn 100.000000 0.000000 0.000000
vn 100.000000 0.000000 0.000000
vn 100.000000 0.000000 0.000000
vn 100.000000 0.000000 0.000000
vn 100.000000 0.000000 0.000000
vn 100.000000 0.000000 0.000000
vn 100.000000 0.000000 0.000000
vn 100.000000 0.000000 0.000000
vn 100.000000 0.000000 0.000000
vn 100.000000 0.000000 0.000000
vn 100.000000 0.000000 0.000000
vn 100.000000 0.000000 0.000000
vn 100.000000 0.000000 0.000000
vn 100.000000 0.000000 0.000000
vn 100.000000 0.000000 0.000000
vn 100.000000 0.000000 0.000000
vn 100.000000 0.000000 0.000000
vn 100.000000 0.000000 0.000000
vn 100.000000 0.000000 0.000000
vn 100.000000 0.000000 0.000000
vn 100.000000 0.000000 0.000000
vn 100.000000 0.000000 0.000000
vn 100.000000 0.000000 0.000000
vn 100.000000 0.000000 0.000000
vn 100.000000 0.000000 0.000000
vn 100.000000 0.000000 0.000000
vn 100.000000 0.000000 0.000000
vn 100.000000 0.000000 0.000000
vn 100.000000 0.000000 0.000000
vn 100.000000 0.000000 0.000000
vn 100.000000 0.000000 0.000000
vn 100.000000 0.000000 0.000000
vn 0.000000 0.000000 -100.000000
vn -0.000000 5.590916 -99.843586
vn 0.000000 0.000000 -100.000000
vn -0.000000 14.231484 -98.982144
vn -0.000000 11.106157 -99.381353
vn -0.000000 21.198355 -97.727323
vn -0.000000 28.173256 -95.949297
vn -0.000000 29.490402 -95.552688
vn -0.000000 36.621650 -93.052967
vn -0.000000 41.541501 -90.963200
vn -0.000000 42.427599 -90.553293
vn -0.000000 46.632961 -88.461104
vn -0.000000 49.153845 -87.085587
vn -0.000000 54.064082 -84.125353
vn -0.000000 50.000000 -86.602540
vn -0.000000 54.064082 -84.125353
vn -0.000000 54.064082 -84.125353
vn -0.000000 65.486073 -75.574957
vn -0.000000 65.486073 -75.574957
vn -0.000000 75.574957 -65.486073
vn -0.000000 75.574957 -65.486073
vn -0.000000 84.125353 -54.064082
vn -0.000000 84.125353 -54.064082
vn -0.000000 90.963200 -41.541501
vn -0.000000 90.963200 -41.541501
vn -0.000000 95.949297 -28.173256
vn -0.000000 95.949297 -28.173256
vn -0.000000 98.982144 -14.231484
vn -0.000000 98.982144 -14.231484
vn -0.000000 100.000000 -0.000000
vn -0.000000 49.153845 -87.085587
vn -0.000000 41.541501 -90.963200
vn -0.000000 46.632961 -88.461104
vn -0.000000 42.427599 -90.553293
vn -0.000000 36.621650 -93.052967
vn -0.000000 28.173256 -95.949297
vn -0.000000 29.490402 -95.552688
vn -0.000000 21.198355 -97.727323
vn -0.000000 14.231484 -98.982144
vn -0.000000 11.106157 -99.381353
vn -0.000000 5.590916 -99.843586
vn 0.000000 0.000000 -100.000000
vn 0.000000 0.000000 -100.000000
vn -0.000000 100.000000 -0.000000
vn -0.000000 98.982144 -14.231484
vn -0.000000 95.949297 -28.173256
vn -0.000000 90.963200 -41.541501
vn -0.000000 84.125353 -54.064082
vn -0.000000 75.574957 -65.486073
vn -0.000000 65.486073 -75.574957
vn 0.000000 100.000000 0.000000
vn 0.000000 100.000000 0.000000
vn -100.000000 0.000000 0.000000
vn -100.000000 0.000000 0.000000
vn -100.000000 0.000000 0.000000
vn -100.000000 0.000000 0.000000
vn -100.000000 0.000000 0.000000
vn -100.000000 0.000000 0.000000
vn -100.000000 0.000000 0.000000
vn -100.000000 0.000000 0.000000
vn -100.000000 0.000000 0.000000
vn -100.000000 0.000000 0.000000
vn -100.000000 0.000000 0.000000
vn -100.000000 0.000000 0.000000
vn -100.000000 0.000000 0.000000
vn -100.000000 0.000000 0.000000
vn -100.000000 0.000000 0.000000
vn -100.000000 0.000000 0.000000
vn -100.000000 0.000000 0.000000
vn -100.000000 0.000000 0.000000
vn -100.000000 0.000000 0.000000
vn -100.000000 0.000000 0.000000
vn -100.000000 0.000000 0.000000
vn -100.000000 0.000000 0.000000
vn -100.000000 0.000000 0.000000
vn -100.000000 0.000000 0.000000
vn -100.000000 0.000000 0.000000
vn -100.000000 0.000000 0.000000
vn -100.000000 0.000000 0.000000
vn -100.000000 0.000000 0.000000
vn -100.000000 0.000000 0.000000
vn -100.000000 0.000000 0.000000
vn -100.000000 0.000000 0.000000
vn -100.000000 0.000000 0.000000
vn 0.000000 0.000000 -100.000000
vn 0.000000 0.000000 -100.000000
vn 0.000000 0.000000 -100.000000
vn 0.000000 0.000000 -100.000000
vn 0.000000 0.000000 -100.000000
vn 0.000000 0.000000 -100.000000
vn 0.000000 0.000000 -100.000000
vn 0.000000 0.000000 -100.000000
vn 0.000000 0.000000 -100.000000
vn 0.000000 0.000000 -100.000000
vn 0.000000 0.000000 -100.000000
vn 0.000000 0.000000 -100.000000
vn 0.000000 0.000000 -100.000000
vn 0.000000 0.000000 -100.000000
vn 0.000000 0.000000 -100.000000
vn 0.000000 0.000000 -100.000000
vn 0.000000 0.000000 -100.000000
vn 0.000000 0.000000 -100.000000
vn 0.000000 0.000000 -100.000000
vn 0.000000 0.000000 -100.000000
vn 0.000000 0.000000 -100.000000
vn 0.000000 0.000000 -100.000000
vn 0.000000 0.000000 -100.000000
vn 0.000000 0.000000 -100.000000
vn 0.000000 0.000000 -100.000000
vn 0.000000 0.000000 -100.000000
vn 0.000000 0.000000 -100.000000
vn 0.000000 0.000000 -100.000000
vn 0.000000 0.000000 -100.000000
vn 0.000000 0.000000 -100.000000
vn 92.897672 37.013816 0.000000
vn 90.544824 42.445670 0.000000
vn 86.602540 50.000000 0.000000
vn 83.399782 55.176774 0.000000
vn 83.122363 55.593820 0.000000
vn 79.157973 61.106590 0.000000
vn 74.477218 66.731881 0.000000
vn 70.216858 71.201073 0.000000
vn 63.967302 76.864714 0.000000
vn 60.666869 79.495478 0.000000
vn 52.094034 85.359309 0.000000
vn 49.945178 86.634169 0.000000
vn 39.110472 92.034618 0.000000
vn 38.169751 92.428730 0.000000
vn 25.293338 96.748370 0.000000
vn 25.661384 96.651401 0.000000
vn 12.788863 99.178853 0.000000
vn 10.937121 99.400098 0.000000
vn -0.000000 100.000000 -0.000000
vn -3.652202 99.933285 -0.000000
vn -12.788863 99.178853 -0.000000
vn -18.163685 98.336568 -0.000000
vn -25.661384 96.651401 -0.000000
vn -32.288040 94.643977 -0.000000
vn -38.169751 92.428730 -0.000000
vn -45.724232 88.934215 -0.000000
vn -49.945178 86.634169 -0.000000
vn -58.185892 81.328974 -0.000000
vn -60.666869 79.495478 -0.000000
vn -69.407420 71.990347 -0.000000
vn -70.216858 71.201073 -0.000000
vn -79.153908 61.111856 -0.000000
vn -79.157973 61.106590 -0.000000
vn -83.122363 55.593820 -0.000000
vn -87.204941 48.941785 -0.000000
vn -86.602540 50.000000 -0.000000
vn -92.897672 37.013816 -0.000000
vn -93.401611 35.723089 -0.000000
vn -97.258027 23.256746 -0.000000
vn -97.607588 21.743018 -0.000000
vn -99.592792 9.015308 -0.000000
vn -99.733228 7.299531 -0.000000
vn -99.853341 -5.413891 0.000000
vn -99.733228 -7.299531 0.000000
vn -98.034249 -19.730335 0.000000
vn -97.607588 -21.743018 0.000000
vn -94.173400 -33.635856 0.000000
vn -93.401611 -35.723089 0.000000
vn -88.351204 -46.840844 0.000000
vn -87.204941 -48.941785 0.000000
vn -80.688922 -59.070280 0.000000
vn -79.149649 -61.117371 0.000000
vn -71.346133 -70.069460 0.000000
vn -69.407420 -71.990347 0.000000
vn -60.517422 -79.609307 0.000000
vn -58.185892 -81.328974 0.000000
vn -48.428315 -87.491133 0.000000
vn -45.724232 -88.934215 0.000000
vn -35.330594 -93.550784 0.000000
vn -32.288040 -94.643977 0.000000
vn -21.497044 -97.662056 0.000000
vn -18.163685 -98.336568 0.000000
vn -7.215776 -99.739323 0.000000
vn -3.652202 -99.933285 0.000000
vn 7.215776 -99.739323 0.000000
vn 10.937121 -99.400098 0.000000
vn 21.497044 -97.662056 0.000000
vn 25.293338 -96.748370 0.000000
vn 35.330594 -93.550784 0.000000
vn 39.110472 -92.034618 0.000000
vn 48.428315 -87.491133 0.000000
vn 52.094034 -85.359309 0.000000
vn 60.517422 -79.609307 0.000000
vn 63.967302 -76.864714 0.000000
vn 71.346133 -70.069460 0.000000
vn 74.477218 -66.731881 0.000000
vn 80.688922 -59.070280 0.000000
vn 83.399782 -55.176774 0.000000
vn 88.351204 -46.840844 0.000000
vn 90.544824 -42.445670 0.000000
vn 94.173400 -33.635856 0.000000
vn 95.760060 -28.809910 0.000000
vn 98.034249 -19.730335 0.000000
vn 98.934337 -14.560117 0.000000
vn 99.853341 -5.413891 0.000000
vn 100.000000 -0.000000 0.000000
vn 99.592792 9.015308 0.000000
vn 98.934337 14.560117 0.000000
vn 97.258027 23.256746 0.000000
vn 95.760060 28.809910 0.000000
vn 98.934337 14.560117 0.000000
vn 100.000000 0.000000 0.000000
vn 98.934337 -14.560117 0.000000
vn 95.760060 -28.809910 0.000000
vn 90.544824 -42.445670 0.000000
vn 83.399782 -55.176774 0.000000
vn 74.477218 -66.731881 0.000000
vn 63.967302 -76.864714 0.000000
vn 52.094034 -85.359309 0.000000
vn 39.110472 -92.034618 0.000000
vn 25.293338 -96.748370 0.000000
vn 10.937121 -99.400098 0.000000
vn -3.652202 -99.933285 0.000000
vn -18.163685 -98.336568 0.000000
vn -32.288040 -94.643977 0.000000
vn -45.724232 -88.934215 0.000000
vn -58.185892 -81.328974 0.000000
vn -69.407420 -71.990347 0.000000
vn -79.149649 -61.117371 0.000000
vn -87.204941 -48.941785 0.000000
vn -93.401611 -35.723089 0.000000
vn -97.607588 -21.743018 0.000000
vn -99.733228 -7.299531 0.000000
vn -99.733228 7.299531 -0.000000
vn -97.607588 21.743018 -0.000000
vn -93.401611 35.723089 -0.000000
vn -87.204941 48.941785 -0.000000
vn 95.760060 28.809910 0.000000
vn 90.544824 42.445670 0.000000
vn 83.399782 55.176774 0.000000
vn 74.477218 66.731881 0.000000
vn 63.967302 76.864714 0.000000
vn 52.094034 85.359309 0.000000
vn 39.110472 92.034618 0.000000
vn 25.293338 96.748370 0.000000
vn 10.937121 99.400098 0.000000
vn -3.652202 99.933285 -0.000000
vn -18.163685 98.336568 -0.000000
vn -32.288040 94.643977 -0.000000
vn -45.724232 88.934215 -0.000000
vn -58.185892 81.328974 -0.000000
vn -69.407420 71.990347 -0.000000
vn -79.149649 61.117371 -0.000000
vn 96.592583 25.881905 0.000000
vn 96.592583 25.881905 0.000000
vn 100.000000 0.000000 0.000000
vn 100.000000 0.000000 0.000000
vn 96.592583 -25.881905 0.000000
vn 96.592583 -25.881905 0.000000
vn 86.602540 -50.000000 0.000000
vn 86.602540 -50.000000 0.000000
vn 70.710678 -70.710678 0.000000
vn 70.710678 -70.710678 0.000000
vn 50.000000 -86.602540 0.000000
vn 50.000000 -86.602540 0.000000
vn 25.881905 -96.592583 0.000000
vn 25.881905 -96.592583 0.000000
vn -0.000000 -100.000000 0.000000
vn -0.000000 -100.000000 0.000000
vn -25.881905 -96.592583 0.000000
vn -25.881905 -96.592583 0.000000
vn -50.000000 -86.602540 0.000000
vn -50.000000 -86.602540 0.000000
vn -70.710678 -70.710678 0.000000
vn -70.710678 -70.710678 0.000000
vn -86.602540 -50.000000 0.000000
vn -86.602540 -50.000000 0.000000
vn -96.592583 -25.881905 0.000000
vn -96.592583 -25.881905 0.000000
vn -100.000000 0.000000 0.000000
vn -100.000000 0.000000 0.000000
vn -96.592583 25.881905 0.000000
vn -96.592583 25.881905 0.000000
vn -86.602540 50.000000 0.000000
vn -86.602540 50.000000 0.000000
vn -70.710678 70.710678 0.000000
vn -70.710678 70.710678 0.000000
vn -50.000000 86.602540 0.000000
vn -50.000000 86.602540 0.000000
vn -25.881905 96.592583 0.000000
vn -25.881905 96.592583 0.000000
vn -0.000000 100.000000 0.000000
vn -0.000000 100.000000 0.000000
vn 25.881905 96.592583 0.000000
vn 25.881905 96.592583 0.000000
vn 50.000000 86.602540 0.000000
vn 50.000000 86.602540 0.000000
vn 70.710678 70.710678 0.000000
vn 70.710678 70.710678 0.000000
vn 86.602540 50.000000 0.000000
vn 86.602540 50.000000 0.000000
vn 96.592583 25.881905 0.000000
vn 96.592583 25.881905 0.000000
vn 100.000000 0.000000 0.000000
vn 100.000000 0.000000 0.000000
vn 96.592583 -25.881905 0.000000
vn 96.592583 -25.881905 0.000000
vn 86.602540 -50.000000 0.000000
vn 86.602540 -50.000000 0.000000
vn 70.710678 -70.710678 0.000000
vn 70.710678 -70.710678 0.000000
vn 50.000000 -86.602540 0.000000
vn 50.000000 -86.602540 0.000000
vn 25.881905 -96.592583 0.000000
vn 25.881905 -96.592583 0.000000
vn -0.000000 -100.000000 0.000000
vn -0.000000 -100.000000 0.000000
vn -25.881905 -96.592583 0.000000
vn -25.881905 -96.592583 0.000000
vn -50.000000 -86.602540 0.000000
vn -50.000000 -86.602540 0.000000
vn -70.710678 -70.710678 0.000000
vn -70.710678 -70.710678 0.000000
vn -86.602540 -50.000000 0.000000
vn -86.602540 -50.000000 0.000000
vn -96.592583 -25.881905 0.000000
vn -96.592583 -25.881905 0.000000
vn -100.000000 0.000000 0.000000
vn -100.000000 0.000000 0.000000
vn -96.592583 25.881905 0.000000
vn -96.592583 25.881905 0.000000
vn -86.602540 50.000000 0.000000
vn -86.602540 50.000000 0.000000
vn -70.710678 70.710678 0.000000
vn -70.710678 70.710678 0.000000
vn -50.000000 86.602540 0.000000
vn -50.000000 86.602540 0.000000
vn -25.881905 96.592583 0.000000
vn -25.881905 96.592583 0.000000
vn -0.000000 100.000000 0.000000
vn -0.000000 100.000000 0.000000
vn 25.881905 96.592583 0.000000
vn 25.881905 96.592583 0.000000
vn 50.000000 86.602540 0.000000
vn 50.000000 86.602540 0.000000
vn 70.710678 70.710678 0.000000
vn 70.710678 70.710678 0.000000
vn 86.602540 50.000000 0.000000
vn 86.602540 50.000000 0.000000
vn 96.592583 25.881905 0.000000
vn 96.592583 25.881905 0.000000
vn 100.000000 0.000000 0.000000
vn 100.000000 0.000000 0.000000
vn 96.592583 -25.881905 0.000000
vn 96.592583 -25.881905 0.000000
vn 86.602540 -50.000000 0.000000
vn 86.602540 -50.000000 0.000000
vn 70.710678 -70.710678 0.000000
vn 70.710678 -70.710678 0.000000
vn 50.000000 -86.602540 0.000000
vn 50.000000 -86.602540 0.000000
vn 25.881905 -96.592583 0.000000
vn 25.881905 -96.592583 0.000000
vn -0.000000 -100.000000 0.000000
vn -0.000000 -100.000000 0.000000
vn -25.881905 -96.592583 0.000000
vn -25.881905 -96.592583 0.000000
vn -50.000000 -86.602540 0.000000
vn -50.000000 -86.602540 0.000000
vn -70.710678 -70.710678 0.000000
vn -70.710678 -70.710678 0.000000
vn -86.602540 -50.000000 0.000000
vn -86.602540 -50.000000 0.000000
vn -96.592583 -25.881905 0.000000
vn -96.592583 -25.881905 0.000000
vn -100.000000 0.000000 0.000000
vn -100.000000 0.000000 0.000000
vn -96.592583 25.881905 0.000000
vn -96.592583 25.881905 0.000000
vn -86.602540 50.000000 0.000000
vn -86.602540 50.000000 0.000000
vn -70.710678 70.710678 0.000000
vn -70.710678 70.710678 0.000000
vn -50.000000 86.602540 0.000000
vn -50.000000 86.602540 0.000000
vn -25.881905 96.592583 0.000000
vn -25.881905 96.592583 0.000000
vn -0.000000 100.000000 0.000000
vn -0.000000 100.000000 0.000000
vn 25.881905 96.592583 0.000000
vn 25.881905 96.592583 0.000000
vn 50.000000 86.602540 0.000000
vn 50.000000 86.602540 0.000000
vn 70.710678 70.710678 0.000000
vn 70.710678 70.710678 0.000000
vn 86.602540 50.000000 0.000000
vn 86.602540 50.000000 0.000000
vn 96.592583 25.881905 0.000000
vn 96.592583 25.881905 0.000000
vn 100.000000 0.000000 0.000000
vn 100.000000 0.000000 0.000000
vn 96.592583 -25.881905 0.000000
vn 96.592583 -25.881905 0.000000
vn 86.602540 -50.000000 0.000000
vn 86.602540 -50.000000 0.000000
vn 70.710678 -70.710678 0.000000
vn 70.710678 -70.710678 0.000000
vn 50.000000 -86.602540 0.000000
vn 50.000000 -86.602540 0.000000
vn 25.881905 -96.592583 0.000000
vn 25.881905 -96.592583 0.000000
vn -0.000000 -100.000000 0.000000
vn -0.000000 -100.000000 0.000000
vn -25.881905 -96.592583 0.000000
vn -25.881905 -96.592583 0.000000
vn -50.000000 -86.602540 0.000000
vn -50.000000 -86.602540 0.000000
vn -70.710678 -70.710678 0.000000
vn -70.710678 -70.710678 0.000000
vn -86.602540 -50.000000 0.000000
vn -86.602540 -50.000000 0.000000
vn -96.592583 -25.881905 0.000000
vn -96.592583 -25.881905 0.000000
vn -100.000000 0.000000 0.000000
vn -100.000000 0.000000 0.000000
vn -96.592583 25.881905 0.000000
vn -96.592583 25.881905 0.000000
vn -86.602540 50.000000 0.000000
vn -86.602540 50.000000 0.000000
vn -70.710678 70.710678 0.000000
vn -70.710678 70.710678 0.000000
vn -50.000000 86.602540 0.000000
vn -50.000000 86.602540 0.000000
vn -25.881905 96.592583 0.000000
vn -25.881905 96.592583 0.000000
vn -0.000000 100.000000 0.000000
vn -0.000000 100.000000 0.000000
vn 25.881905 96.592583 0.000000
vn 25.881905 96.592583 0.000000
vn 50.000000 86.602540 0.000000
vn 50.000000 86.602540 0.000000
vn 70.710678 70.710678 0.000000
vn 70.710678 70.710678 0.000000
vn 86.602540 50.000000 0.000000
vn 86.602540 50.000000 0.000000
vn -99.658449 8.257935 -0.000000
vn -99.658449 8.257935 -0.000000
vn -100.000000 0.000000 -0.000000
vn -100.000000 0.000000 -0.000000
vn -99.658449 -8.257935 0.000000
vn -99.658449 -8.257935 0.000000
vn -98.636130 -16.459459 0.000000
vn -98.636130 -16.459459 0.000000
vn -96.940027 -24.548549 0.000000
vn -96.940027 -24.548549 0.000000
vn -94.581724 -32.469947 0.000000
vn -94.581724 -32.469947 0.000000
vn -91.577333 -40.169542 0.000000
vn -91.577333 -40.169542 0.000000
vn -87.947375 -47.594739 0.000000
vn -87.947375 -47.594739 0.000000
vn -83.716648 -54.694816 0.000000
vn -83.716648 -54.694816 0.000000
vn -78.914051 -61.421271 0.000000
vn -78.914051 -61.421271 0.000000
vn -73.572391 -67.728157 0.000000
vn -73.572391 -67.728157 0.000000
vn -67.728157 -73.572391 0.000000
vn -67.728157 -73.572391 0.000000
vn -61.421271 -78.914051 0.000000
vn -61.421271 -78.914051 0.000000
vn -54.694816 -83.716648 0.000000
vn -54.694816 -83.716648 0.000000
vn -47.594739 -87.947375 0.000000
vn -47.594739 -87.947375 0.000000
vn -40.169542 -91.577333 0.000000
vn -40.169542 -91.577333 0.000000
vn -32.469947 -94.581724 0.000000
vn -32.469947 -94.581724 0.000000
vn -24.548549 -96.940027 0.000000
vn -24.548549 -96.940027 0.000000
vn -16.459459 -98.636130 0.000000
vn -16.459459 -98.636130 0.000000
vn -8.257935 -99.658449 0.000000
vn -8.257935 -99.658449 0.000000
vn 0.000000 -100.000000 0.000000
vn 0.000000 -100.000000 0.000000
vn 8.257935 -99.658449 0.000000
vn 8.257935 -99.658449 0.000000
vn 16.459459 -98.636130 0.000000
vn 16.459459 -98.636130 0.000000
vn 24.548549 -96.940027 0.000000
vn 24.548549 -96.940027 0.000000
vn 32.469947 -94.581724 0.000000
vn 32.469947 -94.581724 0.000000
vn 40.169542 -91.577333 0.000000
vn 40.169542 -91.577333 0.000000
vn 47.594739 -87.947375 0.000000
vn 47.594739 -87.947375 0.000000
vn 54.694816 -83.716648 0.000000
vn 54.694816 -83.716648 0.000000
vn 61.421271 -78.914051 0.000000
vn 61.421271 -78.914051 0.000000
vn 67.728157 -73.572391 0.000000
vn 67.728157 -73.572391 0.000000
vn 73.572391 -67.728157 0.000000
vn 73.572391 -67.728157 0.000000
vn 78.914051 -61.421271 0.000000
vn 78.914051 -61.421271 0.000000
vn 83.716648 -54.694816 0.000000
vn 83.716648 -54.694816 0.000000
vn 87.947375 -47.594739 0.000000
vn 87.947375 -47.594739 0.000000
vn 91.577333 -40.169542 0.000000
vn 91.577333 -40.169542 0.000000
vn 94.581724 -32.469947 0.000000
vn 94.581724 -32.469947 0.000000
vn 96.940027 -24.548549 0.000000
vn 96.940027 -24.548549 0.000000
vn 98.636130 -16.459459 0.000000
vn 98.636130 -16.459459 0.000000
vn 99.658449 -8.257935 0.000000
vn 99.658449 -8.257935 0.000000
vn 100.000000 0.000000 0.000000
vn 100.000000 0.000000 0.000000
vn 99.658449 8.257935 0.000000
vn 99.658449 8.257935 0.000000
vn 98.636130 16.459459 0.000000
vn 98.636130 16.459459 0.000000
vn 96.940027 24.548549 0.000000
vn 96.940027 24.548549 0.000000
vn 94.581724 32.469947 0.000000
vn 94.581724 32.469947 0.000000
vn 91.577333 40.169542 0.000000
vn 91.577333 40.169542 0.000000
vn 87.947375 47.594739 0.000000
vn 87.947375 47.594739 0.000000
vn 83.716648 54.694816 0.000000
vn 83.716648 54.694816 0.000000
vn 78.914051 61.421271 0.000000
vn 78.914051 61.421271 0.000000
vn 73.572391 67.728157 0.000000
vn 73.572391 67.728157 0.000000
vn 67.728157 73.572391 0.000000
vn 67.728157 73.572391 0.000000
vn 61.421271 78.914051 0.000000
vn 61.421271 78.914051 0.000000
vn 54.694816 83.716648 0.000000
vn 54.694816 83.716648 0.000000
vn 47.594739 87.947375 0.000000
vn 47.594739 87.947375 0.000000
vn 40.169542 91.577333 0.000000
vn 40.169542 91.577333 0.000000
vn 32.469947 94.581724 0.000000
vn 32.469947 94.581724 0.000000
vn 24.548549 96.940027 0.000000
vn 24.548549 96.940027 0.000000
vn 16.459459 98.636130 0.000000
vn 16.459459 98.636130 0.000000
vn 8.257935 99.658449 0.000000
vn 8.257935 99.658449 0.000000
vn 0.000000 100.000000 0.000000
vn 0.000000 100.000000 0.000000
vn -8.257935 99.658449 -0.000000
vn -8.257935 99.658449 -0.000000
vn -16.459459 98.636130 -0.000000
vn -16.459459 98.636130 -0.000000
vn -24.548549 96.940027 -0.000000
vn -24.548549 96.940027 -0.000000
vn -32.469947 94.581724 -0.000000
vn -32.469947 94.581724 -0.000000
vn -40.169542 91.577333 -0.000000
vn -40.169542 91.577333 -0.000000
vn -47.594739 87.947375 -0.000000
vn -47.594739 87.947375 -0.000000
vn -54.694816 83.716648 -0.000000
vn -54.694816 83.716648 -0.000000
vn -61.421271 78.914051 -0.000000
vn -61.421271 78.914051 -0.000000
vn -67.728157 73.572391 -0.000000
vn -67.728157 73.572391 -0.000000
vn -73.572391 67.728157 -0.000000
vn -73.572391 67.728157 -0.000000
vn -78.914051 61.421271 -0.000000
vn -78.914051 61.421271 -0.000000
vn -83.716648 54.694816 -0.000000
vn -83.716648 54.694816 -0.000000
vn -87.947375 47.594739 -0.000000
vn -87.947375 47.594739 -0.000000
vn -91.577333 40.169542 -0.000000
vn -91.577333 40.169542 -0.000000
vn -94.581724 32.469947 -0.000000
vn -94.581724 32.469947 -0.000000
vn -96.940027 24.548549 -0.000000
vn -96.940027 24.548549 -0.000000
vn -98.636130 16.459459 -0.000000
vn -98.636130 16.459459 -0.000000
vn 0.000000 0.000000 100.000000
vn 0.000000 0.000000 100.000000
vn 0.000000 0.000000 100.000000
vn 0.000000 0.000000 100.000000
vn 0.000000 0.000000 100.000000
vn 0.000000 0.000000 100.000000
vn 0.000000 0.000000 100.000000
vn 0.000000 0.000000 100.000000
vn 0.000000 0.000000 100.000000
vn 0.000000 0.000000 100.000000
vn 0.000000 0.000000 100.000000
vn 0.000000 0.000000 100.000000
vn 0.000000 0.000000 100.000000
vn 0.000000 0.000000 100.000000
vn 0.000000 0.000000 100.000000
vn 0.000000 0.000000 100.000000
vn 0.000000 0.000000 100.000000
vn 0.000000 0.000000 100.000000
vn 0.000000 0.000000 100.000000
vn 0.000000 0.000000 100.000000
vn 0.000000 0.000000 100.000000
vn 0.000000 0.000000 100.000000
vn 0.000000 0.000000 100.000000
vn 0.000000 0.000000 100.000000
vn 0.000000 0.000000 100.000000
vn 0.000000 0.000000 100.000000
vn 0.000000 0.000000 100.000000
vn 0.000000 0.000000 100.000000
vn 0.000000 0.000000 100.000000
vn 0.000000 0.000000 100.000000
vn 0.000000 0.000000 100.000000
vn 0.000000 0.000000 100.000000
vn 0.000000 0.000000 100.000000
vn 0.000000 0.000000 100.000000
vn 0.000000 0.000000 100.000000
vn 0.000000 0.000000 100.000000
vn 0.000000 0.000000 100.000000
vn 0.000000 0.000000 100.000000
vn 0.000000 0.000000 100.000000
vn 0.000000 0.000000 100.000000
vn 0.000000 0.000000 100.000000
vn 0.000000 0.000000 100.000000
vn 0.000000 0.000000 100.000000
vn 0.000000 0.000000 100.000000
vn 0.000000 0.000000 100.000000
vn 0.000000 0.000000 100.000000
vn 0.000000 0.000000 100.000000
vn 0.000000 0.000000 100.000000
vn 0.000000 0.000000 100.000000
vn 0.000000 0.000000 100.000000
vn 0.000000 0.000000 100.000000
vn 0.000000 0.000000 100.000000
vn 0.000000 0.000000 100.000000
vn 0.000000 0.000000 100.000000
vn 0.000000 0.000000 100.000000
vn 0.000000 0.000000 100.000000
vn 0.000000 0.000000 100.000000
vn 0.000000 0.000000 100.000000
vn 0.000000 0.000000 100.000000
vn 0.000000 0.000000 100.000000
vn 0.000000 0.000000 100.000000
vn 0.000000 0.000000 100.000000
vn 0.000000 0.000000 100.000000
vn 0.000000 0.000000 100.000000
vn 0.000000 0.000000 100.000000
vn 0.000000 0.000000 100.000000
vn 0.000000 0.000000 100.000000
vn 0.000000 0.000000 100.000000
vn 0.000000 0.000000 100.000000
vn 0.000000 0.000000 100.000000
vn 0.000000 0.000000 100.000000
vn 0.000000 0.000000 100.000000
vn 0.000000 0.000000 100.000000
vn 0.000000 0.000000 100.000000
vn 0.000000 0.000000 100.000000
vn 0.000000 0.000000 100.000000
vn 0.000000 0.000000 100.000000
vn 0.000000 0.000000 100.000000
vn 0.000000 0.000000 100.000000
vn 0.000000 0.000000 100.000000
vn 0.000000 0.000000 100.000000
vn 0.000000 0.000000 100.000000
vn 0.000000 0.000000 100.000000
vn 0.000000 0.000000 100.000000
vn 0.000000 0.000000 100.000000
vn 0.000000 0.000000 100.000000
vn 0.000000 0.000000 100.000000
vn 0.000000 0.000000 100.000000
vn 0.000000 0.000000 100.000000
vn 0.000000 0.000000 100.000000
vn 0.000000 0.000000 100.000000
vn 0.000000 0.000000 100.000000
vn 0.000000 0.000000 100.000000
vn 0.000000 0.000000 100.000000
vn 0.000000 0.000000 100.000000
vn 0.000000 0.000000 100.000000
vn 0.000000 0.000000 100.000000
vn 0.000000 0.000000 100.000000
vn 0.000000 0.000000 100.000000
vn 0.000000 0.000000 100.000000
vn 0.000000 0.000000 100.000000
vn 0.000000 0.000000 100.000000
vn 0.000000 0.000000 100.000000
vn 0.000000 0.000000 100.000000
vn 0.000000 0.000000 100.000000
vn 0.000000 0.000000 100.000000
vn 0.000000 0.000000 100.000000
vn 0.000000 0.000000 100.000000
vn 0.000000 0.000000 100.000000
vn 0.000000 0.000000 100.000000
vn 0.000000 0.000000 100.000000
vn 0.000000 0.000000 100.000000
vn 0.000000 0.000000 100.000000
vn 0.000000 0.000000 100.000000
vn 0.000000 0.000000 100.000000
vn 0.000000 0.000000 100.000000
vn 0.000000 0.000000 100.000000
vn 0.000000 0.000000 100.000000
vn 0.000000 0.000000 100.000000
vn 0.000000 0.000000 100.000000
vn 0.000000 0.000000 100.000000
vn 0.000000 0.000000 100.000000
vn 0.000000 0.000000 100.000000
vn 0.000000 0.000000 100.000000
vn 0.000000 0.000000 100.000000
vn 0.000000 0.000000 100.000000
vn 0.000000 0.000000 100.000000
vn 0.000000 0.000000 100.000000
vn 0.000000 0.000000 100.000000
vn 0.000000 0.000000 100.000000
vn 0.000000 0.000000 100.000000
vn 0.000000 0.000000 100.000000
vn 0.000000 0.000000 100.000000
vn 0.000000 0.000000 100.000000
vn 0.000000 0.000000 100.000000
vn 0.000000 0.000000 100.000000
vn 0.000000 0.000000 100.000000
vn 0.000000 0.000000 100.000000
vn 0.000000 0.000000 100.000000
vn 0.000000 0.000000 100.000000
vn 0.000000 0.000000 100.000000
vn 0.000000 0.000000 100.000000
vn 0.000000 0.000000 100.000000
vn 0.000000 0.000000 100.000000
vn 0.000000 0.000000 100.000000
vn 0.000000 0.000000 100.000000
vn 0.000000 0.000000 100.000000
vn 0.000000 0.000000 100.000000
vn 0.000000 0.000000 100.000000
vn 0.000000 0.000000 100.000000
vn 0.000000 0.000000 100.000000
vn 0.000000 0.000000 100.000000
vn 0.000000 0.000000 100.000000
vn 0.000000 0.000000 100.000000
vn 0.000000 0.000000 100.000000
vn 0.000000 0.000000 100.000000
vn 0.000000 0.000000 100.000000
vn 0.000000 0.000000 100.000000
vn 0.000000 0.000000 100.000000
vn 0.000000 0.000000 100.000000
vn 0.000000 0.000000 100.000000
vn 0.000000 0.000000 100.000000
vn 0.000000 0.000000 100.000000
vn 0.000000 0.000000 100.000000
vn 0.000000 0.000000 100.000000
vn 0.000000 0.000000 100.000000
vn 0.000000 0.000000 100.000000
vn 0.000000 0.000000 100.000000
vn 0.000000 0.000000 100.000000
vn 0.000000 0.000000 100.000000
vn 0.000000 0.000000 100.000000
vn 0.000000 0.000000 100.000000
vn 0.000000 0.000000 100.000000
vn 0.000000 0.000000 100.000000
vn 0.000000 0.000000 100.000000
vn 0.000000 0.000000 100.000000
vn 0.000000 0.000000 100.000000
vn 0.000000 0.000000 100.000000
vn 0.000000 0.000000 100.000000
vn 0.000000 0.000000 100.000000
vn 0.000000 0.000000 100.000000
vn 0.000000 0.000000 100.000000
vn 0.000000 0.000000 100.000000
vn 0.000000 0.000000 100.000000
vn 0.000000 0.000000 100.000000
vn 0.000000 0.000000 100.000000
vn 0.000000 0.000000 100.000000
vn 0.000000 0.000000 100.000000
vn 0.000000 0.000000 100.000000
vn 0.000000 0.000000 100.000000
vn 0.000000 0.000000 100.000000
vn 0.000000 0.000000 100.000000
vn 0.000000 0.000000 100.000000
vn 0.000000 0.000000 100.000000
vn 0.000000 0.000000 100.000000
vn 0.000000 0.000000 100.000000
vn 0.000000 0.000000 100.000000
vn 0.000000 0.000000 100.000000
vn 0.000000 0.000000 100.000000
vn 0.000000 0.000000 100.000000
vn 0.000000 0.000000 100.000000
vn 0.000000 0.000000 100.000000
vn 0.000000 0.000000 100.000000
vn 0.000000 0.000000 100.000000
vn 0.000000 0.000000 100.000000
vn 0.000000 0.000000 100.000000
vn 0.000000 0.000000 100.000000
vn 0.000000 0.000000 100.000000
vn 0.000000 0.000000 100.000000
vn 0.000000 0.000000 100.000000
vn 0.000000 0.000000 100.000000
vn 0.000000 0.000000 100.000000
vn 0.000000 0.000000 100.000000
vn 0.000000 0.000000 100.000000
vn 0.000000 0.000000 100.000000
vn 0.000000 0.000000 -100.000000
vn 0.000000 0.000000 -100.000000
vn 0.000000 0.000000 -100.000000
vn 0.000000 0.000000 -100.000000
vn 0.000000 0.000000 -100.000000
vn 0.000000 0.000000 -100.000000
vn 0.000000 0.000000 -100.000000
vn 0.000000 0.000000 -100.000000
vn 0.000000 0.000000 -100.000000
vn 0.000000 0.000000 -100.000000
vn 0.000000 0.000000 -100.000000
vn 0.000000 0.000000 -100.000000
vn 0.000000 0.000000 -100.000000
vn 0.000000 0.000000 -100.000000
vn 0.000000 0.000000 -100.000000
vn 0.000000 0.000000 -100.000000
vn 0.000000 0.000000 -100.000000
vn 0.000000 0.000000 -100.000000
vn 0.000000 0.000000 -100.000000
vn 0.000000 0.000000 -100.000000
vn 0.000000 0.000000 -100.000000
vn 0.000000 0.000000 -100.000000
vn 0.000000 0.000000 -100.000000
vn 0.000000 0.000000 -100.000000
vn 0.000000 0.000000 -100.000000
vn 0.000000 0.000000 -100.000000
vn 0.000000 0.000000 -100.000000
vn 0.000000 0.000000 -100.000000
vn 0.000000 0.000000 -100.000000
vn 0.000000 0.000000 -100.000000
vn 0.000000 0.000000 -100.000000
vn 0.000000 0.000000 -100.000000
vn 0.000000 0.000000 -100.000000
vn 0.000000 0.000000 -100.000000
vn 0.000000 0.000000 -100.000000
vn 0.000000 0.000000 -100.000000
vn 0.000000 0.000000 -100.000000
vn 0.000000 0.000000 -100.000000
vn 0.000000 0.000000 -100.000000
vn 0.000000 0.000000 -100.000000
vn 0.000000 0.000000 -100.000000
vn 0.000000 0.000000 -100.000000
vn 0.000000 0.000000 -100.000000
vn 0.000000 0.000000 -100.000000
vn 0.000000 0.000000 -100.000000
vn 0.000000 0.000000 -100.000000
vn 0.000000 0.000000 -100.000000
vn 0.000000 0.000000 -100.000000
vn 0.000000 0.000000 -100.000000
vn 0.000000 0.000000 -100.000000
vn 0.000000 0.000000 -100.000000
vn 0.000000 0.000000 -100.000000
vn 0.000000 0.000000 -100.000000
vn 0.000000 0.000000 -100.000000
vn 0.000000 0.000000 -100.000000
vn 0.000000 0.000000 -100.000000
vn 0.000000 0.000000 -100.000000
vn 0.000000 0.000000 -100.000000
vn 0.000000 0.000000 -100.000000
vn 0.000000 0.000000 -100.000000
vn 0.000000 0.000000 -100.000000
vn 0.000000 0.000000 -100.000000
vn 0.000000 0.000000 -100.000000
vn 0.000000 0.000000 -100.000000
vn 0.000000 0.000000 -100.000000
vn 0.000000 0.000000 -100.000000
vn 0.000000 0.000000 -100.000000
vn 0.000000 0.000000 -100.000000
vn 0.000000 0.000000 -100.000000
vn 0.000000 0.000000 -100.000000
vn 0.000000 0.000000 -100.000000
vn 0.000000 0.000000 -100.000000
vn 0.000000 0.000000 -100.000000
vn 0.000000 0.000000 -100.000000
vn 0.000000 0.000000 -100.000000
vn 0.000000 0.000000 -100.000000
vn 0.000000 0.000000 -100.000000
vn 0.000000 0.000000 -100.000000
vn 0.000000 0.000000 -100.000000
vn 0.000000 0.000000 -100.000000
vn 0.000000 0.000000 -100.000000
vn 0.000000 0.000000 -100.000000
vn 0.000000 0.000000 -100.000000
vn 0.000000 0.000000 -100.000000
vn 0.000000 0.000000 -100.000000
vn 0.000000 0.000000 -100.000000
vn 0.000000 0.000000 -100.000000
vn 0.000000 0.000000 -100.000000
vn 0.000000 0.000000 -100.000000
vn 0.000000 0.000000 -100.000000
vn 0.000000 0.000000 -100.000000
vn 0.000000 0.000000 -100.000000
vn 0.000000 0.000000 -100.000000
vn 0.000000 0.000000 -100.000000
vn 0.000000 0.000000 -100.000000
vn 0.000000 0.000000 -100.000000
vn 0.000000 0.000000 -100.000000
vn 0.000000 0.000000 -100.000000
vn 0.000000 0.000000 -100.000000
vn 0.000000 0.000000 -100.000000
vn 0.000000 0.000000 -100.000000
vn 0.000000 0.000000 -100.000000
vn 0.000000 0.000000 -100.000000
vn 0.000000 0.000000 -100.000000
vn 0.000000 0.000000 -100.000000
vn 0.000000 0.000000 -100.000000
vn 0.000000 0.000000 -100.000000
vn 0.000000 0.000000 -100.000000
vn 0.000000 0.000000 -100.000000
vn 0.000000 0.000000 -100.000000
vn 0.000000 0.000000 -100.000000
vn 0.000000 0.000000 -100.000000
vn 0.000000 0.000000 -100.000000
vn 0.000000 0.000000 -100.000000
vn 0.000000 0.000000 -100.000000
vn 0.000000 0.000000 -100.000000
vn 0.000000 0.000000 -100.000000
vn 0.000000 0.000000 -100.000000
vn 0.000000 0.000000 -100.000000
vn 0.000000 0.000000 -100.000000
vn 0.000000 0.000000 -100.000000
vn 0.000000 0.000000 -100.000000
vn 0.000000 0.000000 -100.000000
vn 0.000000 0.000000 -100.000000
vn 0.000000 0.000000 -100.000000
vn 0.000000 0.000000 -100.000000
vn 0.000000 0.000000 -100.000000
vn 0.000000 0.000000 -100.000000
vn 0.000000 0.000000 -100.000000
vn 0.000000 0.000000 -100.000000
vn 0.000000 0.000000 -100.000000
vn 0.000000 0.000000 -100.000000
vn 0.000000 0.000000 -100.000000
vn 0.000000 0.000000 -100.000000
vn 0.000000 0.000000 -100.000000
vn 0.000000 0.000000 -100.000000
vn 0.000000 0.000000 -100.000000
vn 0.000000 0.000000 -100.000000
vn 0.000000 0.000000 -100.000000
vn 0.000000 0.000000 -100.000000
vn 0.000000 0.000000 -100.000000
vn 0.000000 0.000000 -100.000000
vn 0.000000 0.000000 -100.000000
vn 0.000000 0.000000 -100.000000
vn 0.000000 0.000000 -100.000000
vn 0.000000 0.000000 -100.000000
vn 0.000000 0.000000 -100.000000
vn 0.000000 0.000000 -100.000000
vn 0.000000 0.000000 -100.000000
vn 0.000000 0.000000 -100.000000
vn 0.000000 0.000000 -100.000000
vn 0.000000 0.000000 -100.000000
vn 0.000000 0.000000 -100.000000
vn 0.000000 0.000000 -100.000000
vn 0.000000 0.000000 -100.000000
vn 0.000000 0.000000 -100.000000
vn 0.000000 0.000000 -100.000000
vn 0.000000 0.000000 -100.000000
vn 0.000000 0.000000 -100.000000
vn 0.000000 0.000000 -100.000000
vn 0.000000 0.000000 -100.000000
vn 0.000000 0.000000 -100.000000
vn 0.000000 0.000000 -100.000000
vn 0.000000 0.000000 -100.000000
vn 0.000000 0.000000 -100.000000
vn 0.000000 0.000000 -100.000000
vn 0.000000 0.000000 -100.000000
vn 0.000000 0.000000 -100.000000
vn 0.000000 0.000000 -100.000000
vn 0.000000 0.000000 -100.000000
vn 0.000000 0.000000 -100.000000
vn 0.000000 0.000000 -100.000000
usemtl Steel_-_Satin
f 32/1/1 1/2/2 31/3/3
f 31/3/3 1/2/2 2/4/4
f 31/3/3 2/4/4 3/5/5
f 3/5/5 4/6/6 31/3/3
f 31/3/3 4/6/6 21/7/7
f 31/3/3 21/7/7 22/8/8
f 4/6/6 5/9/9 21/7/7
f 21/7/7 5/9/9 20/10/10
f 20/10/10 5/9/9 6/11/11
f 20/10/10 6/11/11 7/12/12
f 7/12/12 8/13/13 20/10/10
f 20/10/10 8/13/13 9/14/14
f 20/10/10 9/14/14 18/15/15
f 18/15/15 9/14/14 10/16/16
f 18/15/15 10/16/16 11/17/17
f 11/17/17 12/18/18 18/15/15
f 18/15/15 12/18/18 13/19/19
f 18/15/15 13/19/19 14/20/20
f 14/20/20 15/21/21 18/15/15
f 18/15/15 15/21/21 16/22/22
f 18/15/15 16/22/22 17/23/23
f 18/15/15 19/24/24 20/10/10
f 22/8/8 23/25/25 31/3/3
f 31/3/3 23/25/25 24/26/26
f 31/3/3 24/26/26 25/27/27
f 25/27/27 26/28/28 31/3/3
f 31/3/3 26/28/28 27/29/29
f 31/3/3 27/29/29 28/30/30
f 28/30/30 29/31/31 31/3/3
f 31/3/3 29/31/31 30/32/32
f 20/33/33 19/34/34 33/35/35
f 33/35/35 19/34/34 34/36/36
f 32/37/37 31/38/38 35/39/39
f 35/39/39 31/38/38 36/40/40
f 46/41/41 36/42/40 47/43/42
f 47/43/42 36/42/40 31/44/38
f 47/43/42 31/44/38 30/45/43
f 47/43/42 30/45/43 48/46/44
f 48/46/44 30/45/43 29/47/45
f 48/46/44 29/47/45 49/48/46
f 49/48/46 29/47/45 28/49/47
f 49/48/46 28/49/47 50/50/48
f 50/50/48 28/49/47 27/51/49
f 50/50/48 27/51/49 51/52/50
f 51/52/50 27/51/49 26/53/51
f 51/52/50 26/53/51 52/54/52
f 52/54/52 26/53/51 25/55/53
f 52/54/52 25/55/53 53/56/54
f 53/56/54 25/55/53 24/57/55
f 53/56/54 24/57/55 54/58/56
f 54/58/56 24/57/55 23/59/57
f 54/58/56 23/59/57 55/60/58
f 55/60/58 23/59/57 22/61/59
f 55/60/58 22/61/59 56/62/60
f 56/62/60 22/61/59 21/63/61
f 56/62/60 21/63/61 20/64/33
f 20/64/33 33/65/35 56/62/60
f 56/62/60 33/65/35 37/66/62
f 56/62/60 37/66/62 55/60/58
f 55/60/58 37/66/62 38/67/63
f 55/60/58 38/67/63 54/58/56
f 54/58/56 38/67/63 39/68/64
f 54/58/56 39/68/64 53/56/54
f 53/56/54 39/68/64 40/69/65
f 53/56/54 40/69/65 52/54/52
f 52/54/52 40/69/65 41/70/66
f 52/54/52 41/70/66 51/52/50
f 51/52/50 41/70/66 42/71/67
f 51/52/50 42/71/67 50/50/48
f 50/50/48 42/71/67 43/72/68
f 50/50/48 43/72/68 49/48/46
f 49/48/46 43/72/68 44/73/69
f 49/48/46 44/73/69 48/46/44
f 48/46/44 44/73/69 45/74/70
f 48/46/44 45/74/70 47/43/42
f 47/43/42 45/74/70 46/41/41
f 58/75/71 59/76/72 57/77/73
f 57/77/73 59/76/72 60/78/74
f 57/77/73 60/78/74 61/79/75
f 61/79/75 62/80/76 57/77/73
f 57/77/73 62/80/76 63/81/77
f 57/77/73 63/81/77 64/82/78
f 64/82/78 65/83/79 57/77/73
f 57/77/73 65/83/79 66/84/80
f 57/77/73 66/84/80 33/85/81
f 33/85/81 66/84/80 67/86/82
f 33/85/81 67/86/82 68/87/83
f 68/87/83 69/88/84 33/85/81
f 33/85/81 69/88/84 70/89/85
f 33/85/81 70/89/85 37/90/86
f 37/90/86 70/89/85 71/91/87
f 37/90/86 71/91/87 36/92/88
f 36/92/88 71/91/87 72/93/89
f 36/92/88 72/93/89 73/94/90
f 73/94/90 74/95/91 36/92/88
f 36/92/88 74/95/91 35/96/92
f 46/97/93 45/98/94 36/92/88
f 36/92/88 45/98/94 44/99/95
f 36/92/88 44/99/95 43/100/96
f 43/100/96 42/101/97 36/92/88
f 36/92/88 42/101/97 41/102/98
f 36/92/88 41/102/98 40/103/99
f 40/103/99 39/104/100 36/92/88
f 36/92/88 39/104/100 38/105/101
f 36/92/88 38/105/101 37/90/86
f 33/85/81 34/106/102 57/77/73
f 57/107/103 34/108/104 78/109/105
f 78/109/105 34/108/104 77/110/106
f 77/110/106 34/108/104 19/111/107
f 77/110/106 19/111/107 76/112/108
f 76/112/108 19/111/107 75/113/109
f 75/113/109 19/111/107 18/114/110
f 75/115/109 18/116/110 95/117/111
f 95/117/111 18/116/110 17/118/112
f 95/117/111 17/118/112 94/119/113
f 94/119/113 17/118/112 16/120/114
f 94/119/113 16/120/114 93/121/115
f 93/121/115 16/120/114 15/122/116
f 93/121/115 15/122/116 92/123/117
f 92/123/117 15/122/116 14/124/118
f 92/123/117 14/124/118 91/125/119
f 91/125/119 14/124/118 13/126/120
f 91/125/119 13/126/120 90/127/121
f 90/127/121 13/126/120 12/128/122
f 90/127/121 12/128/122 89/129/123
f 89/129/123 12/128/122 11/130/124
f 89/129/123 11/130/124 88/131/125
f 88/131/125 11/130/124 10/132/126
f 88/131/125 10/132/126 87/133/127
f 87/133/127 10/132/126 9/134/128
f 87/133/127 9/134/128 86/135/129
f 86/135/129 9/134/128 8/136/130
f 86/135/129 8/136/130 85/137/131
f 85/137/131 8/136/130 7/138/132
f 85/137/131 7/138/132 84/139/133
f 84/139/133 7/138/132 6/140/134
f 84/139/133 6/140/134 83/141/135
f 83/141/135 6/140/134 5/142/136
f 83/141/135 5/142/136 82/143/137
f 82/143/137 5/142/136 4/144/138
f 82/143/137 4/144/138 81/145/139
f 81/145/139 4/144/138 3/146/140
f 81/145/139 3/146/140 80/147/141
f 80/147/141 3/146/140 2/148/142
f 80/147/141 2/148/142 79/149/143
f 79/149/143 2/148/142 1/150/144
f 112/151/145 74/152/146 111/153/147
f 111/153/147 74/152/146 73/154/148
f 111/153/147 73/154/148 110/155/149
f 110/155/149 73/154/148 72/156/150
f 110/155/149 72/156/150 109/157/151
f 109/157/151 72/156/150 71/158/152
f 109/157/151 71/158/152 108/159/153
f 108/159/153 71/158/152 70/160/154
f 108/159/153 70/160/154 107/161/155
f 107/161/155 70/160/154 69/162/156
f 107/161/155 69/162/156 106/163/157
f 106/163/157 69/162/156 68/164/158
f 106/163/157 68/164/158 105/165/159
f 105/165/159 68/164/158 67/166/160
f 105/165/159 67/166/160 104/167/161
f 104/167/161 67/166/160 66/168/162
f 104/167/161 66/168/162 103/169/163
f 103/169/163 66/168/162 65/170/164
f 103/169/163 65/170/164 102/171/165
f 102/171/165 65/170/164 64/172/166
f 102/171/165 64/172/166 101/173/167
f 101/173/167 64/172/166 63/174/168
f 101/173/167 63/174/168 100/175/169
f 100/175/169 63/174/168 62/176/170
f 100/175/169 62/176/170 99/177/171
f 99/177/171 62/176/170 61/178/172
f 99/177/171 61/178/172 98/179/173
f 98/179/173 61/178/172 60/180/174
f 98/179/173 60/180/174 97/181/175
f 97/181/175 60/180/174 59/182/176
f 97/181/175 59/182/176 96/183/177
f 96/183/177 59/182/176 58/184/178
f 96/183/177 58/184/178 78/185/105
f 78/185/105 58/184/178 57/186/103
f 74/187/146 112/188/145 35/189/179
f 35/189/179 112/188/145 113/190/180
f 35/189/179 113/190/180 114/191/181
f 35/189/179 114/191/181 32/192/182
f 32/192/182 114/191/181 79/193/143
f 32/192/182 79/193/143 1/194/144
f 113/195/183 112/196/184 126/197/185
f 126/197/185 112/196/184 111/198/186
f 126/197/185 111/198/186 110/199/187
f 110/199/187 109/200/188 126/197/185
f 126/197/185 109/200/188 116/201/189
f 126/197/185 116/201/189 117/202/190
f 116/201/189 109/200/188 115/203/191
f 115/203/191 109/200/188 108/204/192
f 115/203/191 108/204/192 107/205/193
f 107/205/193 106/206/194 115/203/191
f 115/203/191 106/206/194 105/207/195
f 115/203/191 105/207/195 104/208/196
f 115/203/191 104/208/196 78/209/197
f 78/209/197 104/208/196 103/210/198
f 78/209/197 103/210/198 102/211/199
f 102/211/199 101/212/200 78/209/197
f 78/209/197 101/212/200 100/213/201
f 78/209/197 100/213/201 99/214/202
f 99/214/202 98/215/203 78/209/197
f 78/209/197 98/215/203 97/216/204
f 78/209/197 97/216/204 96/217/205
f 78/209/197 77/218/206 115/203/191
f 117/202/190 118/219/207 126/197/185
f 126/197/185 118/219/207 119/220/208
f 126/197/185 119/220/208 120/221/209
f 120/221/209 121/222/210 126/197/185
f 126/197/185 121/222/210 122/223/211
f 126/197/185 122/223/211 123/224/212
f 123/224/212 124/225/213 126/197/185
f 126/197/185 124/225/213 125/226/214
f 127/227/215 128/228/216 115/229/217
f 115/229/217 128/228/216 116/230/218
f 116/230/218 128/228/216 129/231/219
f 116/230/218 129/231/219 130/232/220
f 116/230/218 130/232/220 117/233/221
f 117/233/221 130/232/220 131/234/222
f 117/233/221 131/234/222 132/235/223
f 117/233/221 132/235/223 118/236/224
f 118/236/224 132/235/223 133/237/225
f 118/236/224 133/237/225 134/238/226
f 134/238/226 135/239/227 118/236/224
f 118/236/224 135/239/227 119/240/228
f 119/240/228 135/239/227 136/241/229
f 119/240/228 136/241/229 158/242/230
f 158/242/230 136/241/229 150/243/231
f 158/242/230 150/243/231 159/244/232
f 159/244/232 150/243/231 151/245/233
f 159/244/232 151/245/233 160/246/234
f 160/246/234 151/245/233 152/247/235
f 160/246/234 152/247/235 161/248/236
f 161/248/236 152/247/235 153/249/237
f 161/248/236 153/249/237 162/250/238
f 162/250/238 153/249/237 154/251/239
f 162/250/238 154/251/239 163/252/240
f 163/252/240 154/251/239 155/253/241
f 163/252/240 155/253/241 164/254/242
f 164/254/242 155/253/241 156/255/243
f 164/254/242 156/255/243 157/256/244
f 136/241/229 137/257/245 150/243/231
f 150/243/231 137/257/245 149/258/246
f 149/258/246 137/257/245 138/259/247
f 149/258/246 138/259/247 139/260/248
f 139/260/248 140/261/249 149/258/246
f 149/258/246 140/261/249 148/262/250
f 148/262/250 140/261/249 141/263/251
f 148/262/250 141/263/251 142/264/252
f 148/262/250 142/264/252 147/265/253
f 147/265/253 142/264/252 143/266/254
f 147/265/253 143/266/254 144/267/255
f 145/268/256 146/269/257 144/267/255
f 144/267/255 146/269/257 147/265/253
f 157/256/244 126/270/258 164/254/242
f 164/254/242 126/270/258 125/271/259
f 164/254/242 125/271/259 163/252/240
f 163/252/240 125/271/259 124/272/260
f 163/252/240 124/272/260 162/250/238
f 162/250/238 124/272/260 123/273/261
f 162/250/238 123/273/261 161/248/236
f 161/248/236 123/273/261 122/274/262
f 161/248/236 122/274/262 160/246/234
f 160/246/234 122/274/262 121/275/263
f 160/246/234 121/275/263 159/244/232
f 159/244/232 121/275/263 120/276/264
f 159/244/232 120/276/264 158/242/230
f 158/242/230 120/276/264 119/240/228
f 126/277/258 157/278/244 113/279/265
f 113/279/265 157/278/244 114/280/266
f 95/281/267 94/282/268 75/283/269
f 75/283/269 94/282/268 93/284/270
f 75/283/269 93/284/270 92/285/271
f 92/285/271 91/286/272 75/283/269
f 75/283/269 91/286/272 90/287/273
f 75/283/269 90/287/273 89/288/274
f 89/288/274 88/289/275 75/283/269
f 75/283/269 88/289/275 87/290/276
f 75/283/269 87/290/276 146/291/277
f 146/291/277 87/290/276 86/292/278
f 146/291/277 86/292/278 85/293/279
f 85/293/279 84/294/280 146/291/277
f 146/291/277 84/294/280 83/295/281
f 146/291/277 83/295/281 82/296/282
f 81/297/283 157/298/284 82/296/282
f 82/296/282 157/298/284 147/299/285
f 82/296/282 147/299/285 146/291/277
f 81/297/283 80/300/286 157/298/284
f 157/298/284 80/300/286 79/301/287
f 157/298/284 79/301/287 114/302/288
f 156/303/289 155/304/290 157/298/284
f 157/298/284 155/304/290 154/305/291
f 157/298/284 154/305/291 153/306/292
f 153/306/292 152/307/293 157/298/284
f 157/298/284 152/307/293 151/308/294
f 157/298/284 151/308/294 150/309/295
f 150/309/295 149/310/296 157/298/284
f 157/298/284 149/310/296 148/311/297
f 157/298/284 148/311/297 147/299/285
f 146/291/277 76/312/298 75/283/269
f 127/313/215 115/314/217 192/315/299
f 192/315/299 115/314/217 191/316/300
f 191/316/300 115/314/217 190/317/301
f 190/317/301 115/314/217 189/318/302
f 189/318/302 115/314/217 188/319/303
f 188/319/303 115/314/217 187/320/304
f 187/320/304 115/314/217 77/321/305
f 187/320/304 77/321/305 186/322/306
f 186/322/306 77/321/305 185/323/307
f 185/323/307 77/321/305 184/324/308
f 184/324/308 77/321/305 183/325/309
f 183/325/309 77/321/305 182/326/310
f 182/326/310 77/321/305 181/327/311
f 181/327/311 77/321/305 180/328/312
f 180/328/312 77/321/305 179/329/313
f 179/329/313 77/321/305 76/330/314
f 179/329/313 76/330/314 178/331/315
f 178/331/315 76/330/314 177/332/316
f 177/332/316 76/330/314 176/333/317
f 176/333/317 76/330/314 175/334/318
f 175/334/318 76/330/314 174/335/319
f 174/335/319 76/330/314 173/336/320
f 173/336/320 76/330/314 172/337/321
f 172/337/321 76/330/314 171/338/322
f 171/338/322 76/330/314 170/339/323
f 170/339/323 76/330/314 146/340/257
f 170/339/323 146/340/257 169/341/324
f 169/341/324 146/340/257 168/342/325
f 168/342/325 146/340/257 167/343/326
f 167/343/326 146/340/257 166/344/327
f 166/344/327 146/340/257 165/345/328
f 165/345/328 146/340/257 145/346/256
f 192/347/329 237/348/330 127/349/331
f 127/349/331 237/348/330 238/350/332
f 127/349/331 238/350/332 128/351/333
f 128/351/333 238/350/332 129/352/334
f 129/352/334 238/350/332 278/353/335
f 129/352/334 278/353/335 130/354/336
f 130/354/336 278/353/335 277/355/337
f 130/354/336 277/355/337 131/356/338
f 131/356/338 277/355/337 276/357/339
f 131/356/338 276/357/339 132/358/340
f 132/358/340 276/357/339 275/359/341
f 132/358/340 275/359/341 133/360/342
f 133/360/342 275/359/341 274/361/343
f 133/360/342 274/361/343 134/362/344
f 134/362/344 274/361/343 135/363/345
f 135/363/345 274/361/343 273/364/346
f 135/363/345 273/364/346 136/365/347
f 136/365/347 273/364/346 272/366/348
f 136/365/347 272/366/348 137/367/349
f 137/367/349 272/366/348 271/368/350
f 137/367/349 271/368/350 138/369/351
f 138/369/351 271/368/350 270/370/352
f 138/369/351 270/370/352 139/371/353
f 139/371/353 270/370/352 269/372/354
f 139/371/353 269/372/354 140/373/355
f 140/373/355 269/372/354 268/374/356
f 140/373/355 268/374/356 141/375/357
f 141/375/357 268/374/356 267/376/358
f 141/375/357 267/376/358 142/377/359
f 142/377/359 267/376/358 266/378/360
f 142/377/359 266/378/360 143/379/361
f 143/379/361 266/378/360 144/380/362
f 144/380/362 266/378/360 265/381/363
f 144/380/362 265/381/363 145/382/364
f 145/382/364 265/381/363 165/383/365
f 165/383/365 265/381/363 264/384/366
f 165/383/365 264/384/366 166/385/367
f 166/385/367 264/384/366 263/386/368
f 166/385/367 263/386/368 167/387/369
f 167/387/369 263/386/368 262/388/370
f 167/387/369 262/388/370 168/389/371
f 168/389/371 262/388/370 261/390/372
f 168/389/371 261/390/372 169/391/373
f 169/391/373 261/390/372 260/392/374
f 169/391/373 260/392/374 170/393/375
f 170/393/375 260/392/374 259/394/376
f 170/393/375 259/394/376 171/395/377
f 171/395/377 259/394/376 258/396/378
f 171/395/377 258/396/378 172/397/379
f 172/397/379 258/396/378 257/398/380
f 172/397/379 257/398/380 173/399/381
f 173/399/381 257/398/380 256/400/382
f 173/399/381 256/400/382 174/401/383
f 174/401/383 256/400/382 255/402/384
f 174/401/383 255/402/384 175/403/385
f 175/403/385 255/402/384 254/404/386
f 175/403/385 254/404/386 176/405/387
f 176/405/387 254/404/386 253/406/388
f 176/405/387 253/406/388 177/407/389
f 177/407/389 253/406/388 252/408/390
f 177/407/389 252/408/390 178/409/391
f 178/409/391 252/408/390 251/410/392
f 178/409/391 251/410/392 179/411/393
f 179/411/393 251/410/392 250/412/394
f 179/411/393 250/412/394 180/413/395
f 180/413/395 250/412/394 249/414/396
f 180/413/395 249/414/396 181/415/397
f 181/415/397 249/414/396 248/416/398
f 181/415/397 248/416/398 182/417/399
f 182/417/399 248/416/398 247/418/400
f 182/417/399 247/418/400 183/419/401
f 183/419/401 247/418/400 246/420/402
f 183/419/401 246/420/402 184/421/403
f 184/421/403 246/420/402 245/422/404
f 184/421/403 245/422/404 185/423/405
f 185/423/405 245/422/404 244/424/406
f 185/423/405 244/424/406 186/425/407
f 186/425/407 244/424/406 243/426/408
f 186/425/407 243/426/408 187/427/409
f 187/427/409 243/426/408 242/428/410
f 187/427/409 242/428/410 188/429/411
f 188/429/411 242/428/410 241/430/412
f 188/429/411 241/430/412 189/431/413
f 189/431/413 241/430/412 236/432/414
f 189/431/413 236/432/414 190/433/415
f 190/434/415 236/435/414 240/436/416
f 190/434/415 240/436/416 191/437/417
f 191/437/417 240/436/416 239/438/418
f 191/437/417 239/438/418 192/347/329
f 192/347/329 239/438/418 237/348/330
f 194/439/419 240/436/416 193/440/420
f 193/440/420 240/436/416 236/435/414
f 193/441/420 236/432/414 235/442/421
f 235/442/421 236/432/414 241/430/412
f 235/442/421 241/430/412 234/443/422
f 234/443/422 241/430/412 242/428/410
f 234/443/422 242/428/410 233/444/423
f 233/444/423 242/428/410 243/426/408
f 233/444/423 243/426/408 232/445/424
f 232/445/424 243/426/408 244/424/406
f 232/445/424 244/424/406 231/446/425
f 231/446/425 244/424/406 245/422/404
f 231/446/425 245/422/404 230/447/426
f 230/447/426 245/422/404 246/420/402
f 230/447/426 246/420/402 229/448/427
f 229/448/427 246/420/402 247/418/400
f 229/448/427 247/418/400 228/449/428
f 228/449/428 247/418/400 248/416/398
f 228/449/428 248/416/398 227/450/429
f 227/450/429 248/416/398 249/414/396
f 227/450/429 249/414/396 226/451/430
f 226/451/430 249/414/396 250/412/394
f 226/451/430 250/412/394 225/452/431
f 225/452/431 250/412/394 251/410/392
f 225/452/431 251/410/392 224/453/432
f 224/453/432 251/410/392 252/408/390
f 224/453/432 252/408/390 223/454/433
f 223/454/433 252/408/390 253/406/388
f 223/454/433 253/406/388 222/455/434
f 222/455/434 253/406/388 254/404/386
f 222/455/434 254/404/386 221/456/435
f 221/456/435 254/404/386 255/402/384
f 221/456/435 255/402/384 220/457/436
f 220/457/436 255/402/384 256/400/382
f 220/457/436 256/400/382 219/458/437
f 219/458/437 256/400/382 257/398/380
f 219/458/437 257/398/380 218/459/438
f 218/459/438 257/398/380 258/396/378
f 218/459/438 258/396/378 217/460/439
f 217/460/439 258/396/378 259/394/376
f 217/460/439 259/394/376 216/461/440
f 216/461/440 259/394/376 260/392/374
f 216/461/440 260/392/374 215/462/441
f 215/462/441 260/392/374 261/390/372
f 215/462/441 261/390/372 214/463/442
f 214/463/442 261/390/372 262/388/370
f 214/463/442 262/388/370 213/464/443
f 213/464/443 262/388/370 263/386/368
f 213/464/443 263/386/368 212/465/444
f 212/465/444 263/386/368 264/384/366
f 212/465/444 264/384/366 211/466/445
f 211/466/445 264/384/366 265/381/363
f 211/466/445 265/381/363 266/378/360
f 240/436/416 194/439/419 239/438/418
f 239/438/418 194/439/419 195/467/446
f 239/438/418 195/467/446 237/348/330
f 237/348/330 195/467/446 196/468/447
f 237/348/330 196/468/447 238/350/332
f 238/350/332 196/468/447 197/469/448
f 238/350/332 197/469/448 278/353/335
f 278/353/335 197/469/448 198/470/449
f 278/353/335 198/470/449 277/355/337
f 277/355/337 198/470/449 199/471/450
f 277/355/337 199/471/450 276/357/339
f 276/357/339 199/471/450 200/472/451
f 276/357/339 200/472/451 275/359/341
f 275/359/341 200/472/451 201/473/452
f 275/359/341 201/473/452 274/361/343
f 274/361/343 201/473/452 202/474/453
f 274/361/343 202/474/453 273/364/346
f 273/364/346 202/474/453 203/475/454
f 273/364/346 203/475/454 272/366/348
f 272/366/348 203/475/454 204/476/455
f 272/366/348 204/476/455 271/368/350
f 271/368/350 204/476/455 205/477/456
f 271/368/350 205/477/456 270/370/352
f 270/370/352 205/477/456 206/478/457
f 270/370/352 206/478/457 269/372/354
f 269/372/354 206/478/457 207/479/458
f 269/372/354 207/479/458 268/374/356
f 268/374/356 207/479/458 208/480/459
f 268/374/356 208/480/459 267/376/358
f 267/376/358 208/480/459 209/481/460
f 267/376/358 209/481/460 210/482/461
f 267/376/358 210/482/461 266/378/360
f 266/378/360 210/482/461 211/466/445
f 280/483/462 326/484/463 279/485/464
f 279/485/464 326/484/463 303/486/465
f 279/487/464 303/488/465 302/489/466
f 302/489/466 303/488/465 304/490/467
f 302/489/466 304/490/467 301/491/468
f 301/491/468 304/490/467 305/492/469
f 301/491/468 305/492/469 300/493/470
f 300/493/470 305/492/469 306/494/471
f 300/493/470 306/494/471 299/495/472
f 299/495/472 306/494/471 307/496/473
f 299/495/472 307/496/473 298/497/474
f 298/497/474 307/496/473 308/498/475
f 298/497/474 308/498/475 297/499/476
f 297/499/476 308/498/475 309/500/477
f 297/499/476 309/500/477 296/501/478
f 296/501/478 309/500/477 310/502/479
f 296/501/478 310/502/479 295/503/480
f 295/503/480 310/502/479 311/504/481
f 295/503/480 311/504/481 294/505/482
f 294/505/482 311/504/481 312/506/483
f 294/505/482 312/506/483 293/507/484
f 293/507/484 312/506/483 313/508/485
f 293/507/484 313/508/485 292/509/486
f 292/509/486 313/508/485 314/510/487
f 292/509/486 314/510/487 291/511/488
f 291/511/488 314/510/487 315/512/489
f 291/511/488 315/512/489 290/513/490
f 290/513/490 315/512/489 316/514/491
f 290/513/490 316/514/491 289/515/492
f 289/515/492 316/514/491 317/516/493
f 289/515/492 317/516/493 288/517/494
f 288/517/494 317/516/493 318/518/495
f 288/517/494 318/518/495 287/519/496
f 287/519/496 318/518/495 319/520/497
f 287/519/496 319/520/497 286/521/498
f 286/521/498 319/520/497 320/522/499
f 286/521/498 320/522/499 285/523/500
f 285/523/500 320/522/499 321/524/501
f 285/523/500 321/524/501 284/525/502
f 284/525/502 321/524/501 322/526/503
f 284/525/502 322/526/503 283/527/504
f 283/527/504 322/526/503 323/528/505
f 283/527/504 323/528/505 282/529/506
f 282/529/506 323/528/505 324/530/507
f 282/529/506 324/530/507 281/531/508
f 281/531/508 324/530/507 325/532/509
f 281/531/508 325/532/509 280/483/462
f 280/483/462 325/532/509 326/484/463
f 328/533/510 374/534/511 327/535/512
f 327/535/512 374/534/511 351/536/513
f 327/537/512 351/538/513 350/539/514
f 350/539/514 351/538/513 352/540/515
f 350/539/514 352/540/515 349/541/516
f 349/541/516 352/540/515 353/542/517
f 349/541/516 353/542/517 348/543/518
f 348/543/518 353/542/517 354/544/519
f 348/543/518 354/544/519 347/545/520
f 347/545/520 354/544/519 355/546/521
f 347/545/520 355/546/521 346/547/522
f 346/547/522 355/546/521 356/548/523
f 346/547/522 356/548/523 345/549/524
f 345/549/524 356/548/523 357/550/525
f 345/549/524 357/550/525 344/551/526
f 344/551/526 357/550/525 358/552/527
f 344/551/526 358/552/527 343/553/528
f 343/553/528 358/552/527 359/554/529
f 343/553/528 359/554/529 342/555/530
f 342/555/530 359/554/529 360/556/531
f 342/555/530 360/556/531 341/557/532
f 341/557/532 360/556/531 361/558/533
f 341/557/532 361/558/533 340/559/534
f 340/559/534 361/558/533 362/560/535
f 340/559/534 362/560/535 339/561/536
f 339/561/536 362/560/535 363/562/537
f 339/561/536 363/562/537 338/563/538
f 338/563/538 363/562/537 364/564/539
f 338/563/538 364/564/539 337/565/540
f 337/565/540 364/564/539 365/566/541
f 337/565/540 365/566/541 336/567/542
f 336/567/542 365/566/541 366/568/543
f 336/567/542 366/568/543 335/569/544
f 335/569/544 366/568/543 367/570/545
f 335/569/544 367/570/545 334/571/546
f 334/571/546 367/570/545 368/572/547
f 334/571/546 368/572/547 333/573/548
f 333/573/548 368/572/547 369/574/549
f 333/573/548 369/574/549 332/575/550
f 332/575/550 369/574/549 370/576/551
f 332/575/550 370/576/551 331/577/552
f 331/577/552 370/576/551 371/578/553
f 331/577/552 371/578/553 330/579/554
f 330/579/554 371/578/553 372/580/555
f 330/579/554 372/580/555 329/581/556
f 329/581/556 372/580/555 373/582/557
f 329/581/556 373/582/557 328/533/510
f 328/533/510 373/582/557 374/534/511
f 376/583/558 422/584/559 375/585/560
f 375/585/560 422/584/559 399/586/561
f 375/587/560 399/588/561 398/589/562
f 398/589/562 399/588/561 400/590/563
f 398/589/562 400/590/563 397/591/564
f 397/591/564 400/590/563 401/592/565
f 397/591/564 401/592/565 396/593/566
f 396/593/566 401/592/565 402/594/567
f 396/593/566 402/594/567 395/595/568
f 395/595/568 402/594/567 403/596/569
f 395/595/568 403/596/569 394/597/570
f 394/597/570 403/596/569 404/598/571
f 394/597/570 404/598/571 393/599/572
f 393/599/572 404/598/571 405/600/573
f 393/599/572 405/600/573 392/601/574
f 392/601/574 405/600/573 406/602/575
f 392/601/574 406/602/575 391/603/576
f 391/603/576 406/602/575 407/604/577
f 391/603/576 407/604/577 390/605/578
f 390/605/578 407/604/577 408/606/579
f 390/605/578 408/606/579 389/607/580
f 389/607/580 408/606/579 409/608/581
f 389/607/580 409/608/581 388/609/582
f 388/609/582 409/608/581 410/610/583
f 388/609/582 410/610/583 387/611/584
f 387/611/584 410/610/583 411/612/585
f 387/611/584 411/612/585 386/613/586
f 386/613/586 411/612/585 412/614/587
f 386/613/586 412/614/587 385/615/588
f 385/615/588 412/614/587 413/616/589
f 385/615/588 413/616/589 384/617/590
f 384/617/590 413/616/589 414/618/591
f 384/617/590 414/618/591 383/619/592
f 383/619/592 414/618/591 415/620/593
f 383/619/592 415/620/593 382/621/594
f 382/621/594 415/620/593 416/622/595
f 382/621/594 416/622/595 381/623/596
f 381/623/596 416/622/595 417/624/597
f 381/623/596 417/624/597 380/625/598
f 380/625/598 417/624/597 418/626/599
f 380/625/598 418/626/599 379/627/600
f 379/627/600 418/626/599 419/628/601
f 379/627/600 419/628/601 378/629/602
f 378/629/602 419/628/601 420/630/603
f 378/629/602 420/630/603 377/631/604
f 377/631/604 420/630/603 421/632/605
f 377/631/604 421/632/605 376/583/558
f 376/583/558 421/632/605 422/584/559
f 424/633/606 470/634/607 423/635/608
f 423/635/608 470/634/607 447/636/609
f 423/637/608 447/638/609 446/639/610
f 446/639/610 447/638/609 448/640/611
f 446/639/610 448/640/611 445/641/612
f 445/641/612 448/640/611 449/642/613
f 445/641/612 449/642/613 444/643/614
f 444/643/614 449/642/613 450/644/615
f 444/643/614 450/644/615 443/645/616
f 443/645/616 450/644/615 451/646/617
f 443/645/616 451/646/617 442/647/618
f 442/647/618 451/646/617 452/648/619
f 442/647/618 452/648/619 441/649/620
f 441/649/620 452/648/619 453/650/621
f 441/649/620 453/650/621 440/651/622
f 440/651/622 453/650/621 454/652/623
f 440/651/622 454/652/623 439/653/624
f 439/653/624 454/652/623 455/654/625
f 439/653/624 455/654/625 438/655/626
f 438/655/626 455/654/625 456/656/627
f 438/655/626 456/656/627 437/657/628
f 437/657/628 456/656/627 457/658/629
f 437/657/628 457/658/629 436/659/630
f 436/659/630 457/658/629 458/660/631
f 436/659/630 458/660/631 435/661/632
f 435/661/632 458/660/631 459/662/633
f 435/661/632 459/662/633 434/663/634
f 434/663/634 459/662/633 460/664/635
f 434/663/634 460/664/635 433/665/636
f 433/665/636 460/664/635 461/666/637
f 433/665/636 461/666/637 432/667/638
f 432/667/638 461/666/637 462/668/639
f 432/667/638 462/668/639 431/669/640
f 431/669/640 462/668/639 463/670/641
f 431/669/640 463/670/641 430/671/642
f 430/671/642 463/670/641 464/672/643
f 430/671/642 464/672/643 429/673/644
f 429/673/644 464/672/643 465/674/645
f 429/673/644 465/674/645 428/675/646
f 428/675/646 465/674/645 466/676/647
f 428/675/646 466/676/647 427/677/648
f 427/677/648 466/676/647 467/678/649
f 427/677/648 467/678/649 426/679/650
f 426/679/650 467/678/649 468/680/651
f 426/679/650 468/680/651 425/681/652
f 425/681/652 468/680/651 469/682/653
f 425/681/652 469/682/653 424/633/606
f 424/633/606 469/682/653 470/634/607
f 472/683/654 622/684/655 471/685/656
f 471/685/656 622/684/655 547/686/657
f 471/687/656 547/688/657 546/689/658
f 546/689/658 547/688/657 548/690/659
f 546/689/658 548/690/659 545/691/660
f 545/691/660 548/690/659 549/692/661
f 545/691/660 549/692/661 544/693/662
f 544/693/662 549/692/661 550/694/663
f 544/693/662 550/694/663 543/695/664
f 543/695/664 550/694/663 551/696/665
f 543/695/664 551/696/665 542/697/666
f 542/697/666 551/696/665 552/698/667
f 542/697/666 552/698/667 541/699/668
f 541/699/668 552/698/667 553/700/669
f 541/699/668 553/700/669 540/701/670
f 540/701/670 553/700/669 554/702/671
f 540/701/670 554/702/671 539/703/672
f 539/703/672 554/702/671 555/704/673
f 539/703/672 555/704/673 538/705/674
f 538/705/674 555/704/673 556/706/675
f 538/705/674 556/706/675 537/707/676
f 537/707/676 556/706/675 557/708/677
f 537/707/676 557/708/677 536/709/678
f 536/709/678 557/708/677 558/710/679
f 536/709/678 558/710/679 535/711/680
f 535/711/680 558/710/679 559/712/681
f 535/711/680 559/712/681 534/713/682
f 534/713/682 559/712/681 560/714/683
f 534/713/682 560/714/683 533/715/684
f 533/715/684 560/714/683 561/716/685
f 533/715/684 561/716/685 532/717/686
f 532/717/686 561/716/685 562/718/687
f 532/717/686 562/718/687 531/719/688
f 531/719/688 562/718/687 563/720/689
f 531/719/688 563/720/689 530/721/690
f 530/721/690 563/720/689 564/722/691
f 530/721/690 564/722/691 529/723/692
f 529/723/692 564/722/691 565/724/693
f 529/723/692 565/724/693 528/725/694
f 528/725/694 565/724/693 566/726/695
f 528/725/694 566/726/695 527/727/696
f 527/727/696 566/726/695 567/728/697
f 527/727/696 567/728/697 526/729/698
f 526/729/698 567/728/697 568/730/699
f 526/729/698 568/730/699 525/731/700
f 525/731/700 568/730/699 569/732/701
f 525/731/700 569/732/701 524/733/702
f 524/733/702 569/732/701 570/734/703
f 524/733/702 570/734/703 523/735/704
f 523/735/704 570/734/703 571/736/705
f 523/735/704 571/736/705 522/737/706
f 522/737/706 571/736/705 572/738/707
f 522/737/706 572/738/707 521/739/708
f 521/739/708 572/738/707 573/740/709
f 521/739/708 573/740/709 520/741/710
f 520/741/710 573/740/709 574/742/711
f 520/741/710 574/742/711 519/743/712
f 519/743/712 574/742/711 575/744/713
f 519/743/712 575/744/713 518/745/714
f 518/745/714 575/744/713 576/746/715
f 518/745/714 576/746/715 517/747/716
f 517/747/716 576/746/715 577/748/717
f 517/747/716 577/748/717 516/749/718
f 516/749/718 577/748/717 578/750/719
f 516/749/718 578/750/719 515/751/720
f 515/751/720 578/750/719 579/752/721
f 515/751/720 579/752/721 514/753/722
f 514/753/722 579/752/721 580/754/723
f 514/753/722 580/754/723 513/755/724
f 513/755/724 580/754/723 581/756/725
f 513/755/724 581/756/725 512/757/726
f 512/757/726 581/756/725 582/758/727
f 512/757/726 582/758/727 511/759/728
f 511/759/728 582/758/727 583/760/729
f 511/759/728 583/760/729 510/761/730
f 510/761/730 583/760/729 584/762/731
f 510/761/730 584/762/731 509/763/732
f 509/763/732 584/762/731 585/764/733
f 509/763/732 585/764/733 508/765/734
f 508/765/734 585/764/733 586/766/735
f 508/765/734 586/766/735 507/767/736
f 507/767/736 586/766/735 587/768/737
f 507/767/736 587/768/737 506/769/738
f 506/769/738 587/768/737 588/770/739
f 506/769/738 588/770/739 505/771/740
f 505/771/740 588/770/739 589/772/741
f 505/771/740 589/772/741 504/773/742
f 504/773/742 589/772/741 590/774/743
f 504/773/742 590/774/743 503/775/744
f 503/775/744 590/774/743 591/776/745
f 503/775/744 591/776/745 502/777/746
f 502/777/746 591/776/745 592/778/747
f 502/777/746 592/778/747 501/779/748
f 501/779/748 592/778/747 593/780/749
f 501/779/748 593/780/749 500/781/750
f 500/781/750 593/780/749 594/782/751
f 500/781/750 594/782/751 499/783/752
f 499/783/752 594/782/751 595/784/753
f 499/783/752 595/784/753 498/785/754
f 498/785/754 595/784/753 596/786/755
f 498/785/754 596/786/755 497/787/756
f 497/787/756 596/786/755 597/788/757
f 497/787/756 597/788/757 496/789/758
f 496/789/758 597/788/757 598/790/759
f 496/789/758 598/790/759 495/791/760
f 495/791/760 598/790/759 599/792/761
f 495/791/760 599/792/761 494/793/762
f 494/793/762 599/792/761 600/794/763
f 494/793/762 600/794/763 493/795/764
f 493/795/764 600/794/763 601/796/765
f 493/795/764 601/796/765 492/797/766
f 492/797/766 601/796/765 602/798/767
f 492/797/766 602/798/767 491/799/768
f 491/799/768 602/798/767 603/800/769
f 491/799/768 603/800/769 490/801/770
f 490/801/770 603/800/769 604/802/771
f 490/801/770 604/802/771 489/803/772
f 489/803/772 604/802/771 605/804/773
f 489/803/772 605/804/773 488/805/774
f 488/805/774 605/804/773 606/806/775
f 488/805/774 606/806/775 487/807/776
f 487/807/776 606/806/775 607/808/777
f 487/807/776 607/808/777 486/809/778
f 486/809/778 607/808/777 608/810/779
f 486/809/778 608/810/779 485/811/780
f 485/811/780 608/810/779 609/812/781
f 485/811/780 609/812/781 484/813/782
f 484/813/782 609/812/781 610/814/783
f 484/813/782 610/814/783 483/815/784
f 483/815/784 610/814/783 611/816/785
f 483/815/784 611/816/785 482/817/786
f 482/817/786 611/816/785 612/818/787
f 482/817/786 612/818/787 481/819/788
f 481/819/788 612/818/787 613/820/789
f 481/819/788 613/820/789 480/821/790
f 480/821/790 613/820/789 614/822/791
f 480/821/790 614/822/791 479/823/792
f 479/823/792 614/822/791 615/824/793
f 479/823/792 615/824/793 478/825/794
f 478/825/794 615/824/793 616/826/795
f 478/825/794 616/826/795 477/827/796
f 477/827/796 616/826/795 617/828/797
f 477/827/796 617/828/797 476/829/798
f 476/829/798 617/828/797 618/830/799
f 476/829/798 618/830/799 475/831/800
f 475/831/800 618/830/799 619/832/801
f 475/831/800 619/832/801 474/833/802
f 474/833/802 619/832/801 620/834/803
f 474/833/802 620/834/803 473/835/804
f 473/835/804 620/834/803 621/836/805
f 473/835/804 621/836/805 472/683/654
f 472/683/654 621/836/805 622/684/655
f 235/837/806 510/838/807 193/839/808
f 193/839/808 510/838/807 509/840/809
f 193/839/808 509/840/809 508/841/810
f 234/842/811 296/843/812 235/837/806
f 235/837/806 296/843/812 512/844/813
f 235/837/806 512/844/813 511/845/814
f 296/843/812 234/842/811 297/846/815
f 297/846/815 234/842/811 233/847/816
f 297/846/815 233/847/816 298/848/817
f 298/848/817 233/847/816 232/849/818
f 298/848/817 232/849/818 299/850/819
f 299/850/819 232/849/818 231/851/820
f 299/850/819 231/851/820 300/852/821
f 300/852/821 231/851/820 230/853/822
f 300/852/821 230/853/822 301/854/823
f 301/854/823 230/853/822 229/855/824
f 301/854/823 229/855/824 302/856/825
f 302/856/825 229/855/824 228/857/826
f 302/856/825 228/857/826 279/858/827
f 279/858/827 228/857/826 227/859/828
f 279/858/827 227/859/828 280/860/829
f 280/860/829 227/859/828 525/861/830
f 280/860/829 525/861/830 524/862/831
f 525/861/830 227/859/828 526/863/832
f 526/863/832 227/859/828 226/864/833
f 526/863/832 226/864/833 527/865/834
f 527/865/834 226/864/833 528/866/835
f 528/866/835 226/864/833 225/867/836
f 528/866/835 225/867/836 529/868/837
f 529/868/837 225/867/836 224/869/838
f 529/868/837 224/869/838 530/870/839
f 530/870/839 224/869/838 531/871/840
f 531/871/840 224/869/838 386/872/841
f 531/871/840 386/872/841 532/873/842
f 532/873/842 386/872/841 385/874/843
f 532/873/842 385/874/843 533/875/844
f 533/875/844 385/874/843 384/876/845
f 533/875/844 384/876/845 534/877/846
f 534/877/846 384/876/845 383/878/847
f 534/877/846 383/878/847 535/879/848
f 535/879/848 383/878/847 382/880/849
f 535/879/848 382/880/849 536/881/850
f 536/881/850 382/880/849 381/882/851
f 536/881/850 381/882/851 380/883/852
f 386/872/841 224/869/838 387/884/853
f 387/884/853 224/869/838 223/885/854
f 387/884/853 223/885/854 222/886/855
f 387/884/853 222/886/855 388/887/856
f 388/887/856 222/886/855 221/888/857
f 388/887/856 221/888/857 389/889/858
f 389/889/858 221/888/857 220/890/859
f 389/889/858 220/890/859 390/891/860
f 390/891/860 220/890/859 219/892/861
f 390/891/860 219/892/861 391/893/862
f 391/893/862 219/892/861 218/894/863
f 391/893/862 218/894/863 392/895/864
f 392/895/864 218/894/863 217/896/865
f 392/895/864 217/896/865 393/897/866
f 393/897/866 217/896/865 216/898/867
f 393/897/866 216/898/867 394/899/868
f 394/899/868 216/898/867 544/900/869
f 394/899/868 544/900/869 543/901/870
f 544/900/869 216/898/867 545/902/871
f 545/902/871 216/898/867 215/903/872
f 545/902/871 215/903/872 546/904/873
f 546/904/873 215/903/872 471/905/874
f 471/905/874 215/903/872 214/906/875
f 471/905/874 214/906/875 472/907/876
f 472/907/876 214/906/875 473/908/877
f 473/908/877 214/906/875 213/909/878
f 473/908/877 213/909/878 474/910/879
f 474/910/879 213/909/878 428/911/880
f 474/910/879 428/911/880 475/912/881
f 475/912/881 428/911/880 427/913/882
f 475/912/881 427/913/882 476/914/883
f 476/914/883 427/913/882 426/915/884
f 476/914/883 426/915/884 477/916/885
f 477/916/885 426/915/884 425/917/886
f 477/916/885 425/917/886 478/918/887
f 478/918/887 425/917/886 424/919/888
f 478/918/887 424/919/888 479/920/889
f 479/920/889 424/919/888 423/921/890
f 479/920/889 423/921/890 446/922/891
f 428/911/880 213/909/878 429/923/892
f 429/923/892 213/909/878 212/924/893
f 429/923/892 212/924/893 430/925/894
f 430/925/894 212/924/893 211/926/895
f 430/925/894 211/926/895 431/927/896
f 431/927/896 211/926/895 210/928/897
f 431/927/896 210/928/897 432/929/898
f 432/929/898 210/928/897 209/930/899
f 432/929/898 209/930/899 433/931/900
f 433/931/900 209/930/899 208/932/901
f 433/931/900 208/932/901 434/933/902
f 434/933/902 208/932/901 207/934/903
f 434/933/902 207/934/903 435/935/904
f 435/935/904 207/934/903 206/936/905
f 435/935/904 206/936/905 205/937/906
f 204/938/907 489/939/908 205/937/906
f 205/937/906 489/939/908 488/940/909
f 205/937/906 488/940/909 487/941/910
f 489/939/908 204/938/907 490/942/911
f 490/942/911 204/938/907 203/943/912
f 490/942/911 203/943/912 491/944/913
f 491/944/913 203/943/912 492/945/914
f 492/945/914 203/943/912 202/946/915
f 492/945/914 202/946/915 493/947/916
f 493/947/916 202/946/915 350/948/917
f 493/947/916 350/948/917 494/949/918
f 494/949/918 350/948/917 349/950/919
f 494/949/918 349/950/919 495/951/920
f 495/951/920 349/950/919 348/952/921
f 495/951/920 348/952/921 496/953/922
f 496/953/922 348/952/921 347/954/923
f 496/953/922 347/954/923 497/955/924
f 497/955/924 347/954/923 346/956/925
f 497/955/924 346/956/925 498/957/926
f 498/957/926 346/956/925 345/958/927
f 498/957/926 345/958/927 344/959/928
f 350/948/917 202/946/915 327/960/929
f 327/960/929 202/946/915 201/961/930
f 327/960/929 201/961/930 328/962/931
f 328/962/931 201/961/930 200/963/932
f 328/962/931 200/963/932 329/964/933
f 329/964/933 200/963/932 199/965/934
f 329/964/933 199/965/934 330/966/935
f 330/966/935 199/965/934 198/967/936
f 330/966/935 198/967/936 331/968/937
f 331/968/937 198/967/936 197/969/938
f 331/968/937 197/969/938 332/970/939
f 332/970/939 197/969/938 196/971/940
f 332/970/939 196/971/940 333/972/941
f 333/972/941 196/971/940 195/973/942
f 333/972/941 195/973/942 334/974/943
f 334/974/943 195/973/942 194/975/944
f 334/974/943 194/975/944 506/976/945
f 506/976/945 194/975/944 507/977/946
f 507/977/946 194/975/944 508/841/810
f 508/841/810 194/975/944 193/839/808
f 479/920/889 446/922/891 480/978/947
f 480/978/947 446/922/891 445/979/948
f 480/978/947 445/979/948 444/980/949
f 480/978/947 444/980/949 481/981/950
f 481/981/950 444/980/949 443/982/951
f 481/981/950 443/982/951 442/983/952
f 481/981/950 442/983/952 482/984/953
f 482/984/953 442/983/952 441/985/954
f 482/984/953 441/985/954 440/986/955
f 482/984/953 440/986/955 483/987/956
f 483/987/956 440/986/955 439/988/957
f 483/987/956 439/988/957 484/989/958
f 484/989/958 439/988/957 438/990/959
f 484/989/958 438/990/959 485/991/960
f 485/991/960 438/990/959 437/992/961
f 485/991/960 437/992/961 486/993/962
f 486/993/962 437/992/961 436/994/963
f 486/993/962 436/994/963 487/941/910
f 487/941/910 436/994/963 205/937/906
f 436/994/963 435/935/904 205/937/906
f 376/995/964 375/996/965 539/997/966
f 539/997/966 375/996/965 398/998/967
f 539/997/966 398/998/967 540/999/968
f 540/999/968 398/998/967 397/1000/969
f 540/999/968 397/1000/969 541/1001/970
f 541/1001/970 397/1000/969 396/1002/971
f 541/1001/970 396/1002/971 542/1003/972
f 542/1003/972 396/1002/971 395/1004/973
f 542/1003/972 395/1004/973 543/901/870
f 543/901/870 395/1004/973 394/899/868
f 536/881/850 380/883/852 537/1005/974
f 537/1005/974 380/883/852 379/1006/975
f 537/1005/974 379/1006/975 378/1007/976
f 537/1005/974 378/1007/976 538/1008/977
f 538/1008/977 378/1007/976 377/1009/978
f 538/1008/977 377/1009/978 376/995/964
f 538/1008/977 376/995/964 539/997/966
f 498/957/926 344/959/928 499/1010/979
f 499/1010/979 344/959/928 343/1011/980
f 499/1010/979 343/1011/980 342/1012/981
f 499/1010/979 342/1012/981 500/1013/982
f 500/1013/982 342/1012/981 341/1014/983
f 500/1013/982 341/1014/983 340/1015/984
f 500/1013/982 340/1015/984 501/1016/985
f 501/1016/985 340/1015/984 339/1017/986
f 501/1016/985 339/1017/986 338/1018/987
f 501/1016/985 338/1018/987 502/1019/988
f 502/1019/988 338/1018/987 337/1020/989
f 502/1019/988 337/1020/989 503/1021/990
f 503/1021/990 337/1020/989 336/1022/991
f 503/1021/990 336/1022/991 504/1023/992
f 504/1023/992 336/1022/991 335/1024/993
f 504/1023/992 335/1024/993 505/1025/994
f 505/1025/994 335/1024/993 334/974/943
f 505/1025/994 334/974/943 506/976/945
f 512/844/813 296/843/812 513/1026/995
f 513/1026/995 296/843/812 295/1027/996
f 513/1026/995 295/1027/996 514/1028/997
f 514/1028/997 295/1027/996 294/1029/998
f 514/1028/997 294/1029/998 515/1030/999
f 515/1030/999 294/1029/998 293/1031/1000
f 515/1030/999 293/1031/1000 516/1032/1001
f 516/1032/1001 293/1031/1000 292/1033/1002
f 516/1032/1001 292/1033/1002 517/1034/1003
f 517/1034/1003 292/1033/1002 291/1035/1004
f 517/1034/1003 291/1035/1004 290/1036/1005
f 517/1034/1003 290/1036/1005 518/1037/1006
f 518/1037/1006 290/1036/1005 289/1038/1007
f 518/1037/1006 289/1038/1007 288/1039/1008
f 518/1037/1006 288/1039/1008 519/1040/1009
f 519/1040/1009 288/1039/1008 287/1041/1010
f 519/1040/1009 287/1041/1010 286/1042/1011
f 519/1040/1009 286/1042/1011 520/1043/1012
f 520/1043/1012 286/1042/1011 285/1044/1013
f 520/1043/1012 285/1044/1013 284/1045/1014
f 520/1043/1012 284/1045/1014 521/1046/1015
f 521/1046/1015 284/1045/1014 283/1047/1016
f 521/1046/1015 283/1047/1016 522/1048/1017
f 522/1048/1017 283/1047/1016 282/1049/1018
f 522/1048/1017 282/1049/1018 523/1050/1019
f 523/1050/1019 282/1049/1018 281/1051/1020
f 523/1050/1019 281/1051/1020 524/862/831
f 524/862/831 281/1051/1020 280/860/829
f 511/845/814 510/838/807 235/837/806
f 448/1052/1021 447/1053/1022 615/1054/1023
f 615/1054/1023 447/1053/1022 470/1055/1024
f 615/1054/1023 470/1055/1024 616/1056/1025
f 616/1056/1025 470/1055/1024 469/1057/1026
f 616/1056/1025 469/1057/1026 617/1058/1027
f 617/1058/1027 469/1057/1026 468/1059/1028
f 617/1058/1027 468/1059/1028 618/1060/1029
f 618/1060/1029 468/1059/1028 467/1061/1030
f 618/1060/1029 467/1061/1030 619/1062/1031
f 619/1062/1031 467/1061/1030 466/1063/1032
f 619/1062/1031 466/1063/1032 620/1064/1033
f 620/1064/1033 466/1063/1032 621/1065/1034
f 621/1065/1034 466/1063/1032 465/1066/1035
f 621/1065/1034 465/1066/1035 622/1067/1036
f 622/1067/1036 465/1066/1035 547/1068/1037
f 547/1068/1037 465/1066/1035 405/1069/1038
f 547/1068/1037 405/1069/1038 548/1070/1039
f 548/1070/1039 405/1069/1038 549/1071/1040
f 549/1071/1040 405/1069/1038 404/1072/1041
f 549/1071/1040 404/1072/1041 550/1073/1042
f 550/1073/1042 404/1072/1041 551/1074/1043
f 551/1074/1043 404/1072/1041 403/1075/1044
f 551/1074/1043 403/1075/1044 552/1076/1045
f 552/1076/1045 403/1075/1044 402/1077/1046
f 552/1076/1045 402/1077/1046 553/1078/1047
f 553/1078/1047 402/1077/1046 401/1079/1048
f 553/1078/1047 401/1079/1048 554/1080/1049
f 554/1080/1049 401/1079/1048 400/1081/1050
f 554/1080/1049 400/1081/1050 555/1082/1051
f 555/1082/1051 400/1081/1050 399/1083/1052
f 555/1082/1051 399/1083/1052 422/1084/1053
f 405/1069/1038 465/1066/1035 406/1085/1054
f 406/1085/1054 465/1066/1035 464/1086/1055
f 406/1085/1054 464/1086/1055 407/1087/1056
f 407/1087/1056 464/1086/1055 463/1088/1057
f 407/1087/1056 463/1088/1057 408/1089/1058
f 408/1089/1058 463/1088/1057 462/1090/1059
f 408/1089/1058 462/1090/1059 372/1091/1060
f 372/1091/1060 462/1090/1059 373/1092/1061
f 373/1092/1061 462/1090/1059 461/1093/1062
f 373/1092/1061 461/1093/1062 374/1094/1063
f 374/1094/1063 461/1093/1062 460/1095/1064
f 374/1094/1063 460/1095/1064 351/1096/1065
f 351/1096/1065 460/1095/1064 459/1097/1066
f 351/1096/1065 459/1097/1066 604/1098/1067
f 604/1098/1067 459/1097/1066 605/1099/1068
f 605/1099/1068 459/1097/1066 606/1100/1069
f 606/1100/1069 459/1097/1066 458/1101/1070
f 606/1100/1069 458/1101/1070 607/1102/1071
f 607/1102/1071 458/1101/1070 608/1103/1072
f 608/1103/1072 458/1101/1070 457/1104/1073
f 608/1103/1072 457/1104/1073 609/1105/1074
f 609/1105/1074 457/1104/1073 456/1106/1075
f 609/1105/1074 456/1106/1075 610/1107/1076
f 610/1107/1076 456/1106/1075 455/1108/1077
f 610/1107/1076 455/1108/1077 611/1109/1078
f 611/1109/1078 455/1108/1077 454/1110/1079
f 611/1109/1078 454/1110/1079 612/1111/1080
f 612/1111/1080 454/1110/1079 453/1112/1081
f 612/1111/1080 453/1112/1081 452/1113/1082
f 612/1111/1080 452/1113/1082 613/1114/1083
f 613/1114/1083 452/1113/1082 451/1115/1084
f 613/1114/1083 451/1115/1084 450/1116/1085
f 613/1114/1083 450/1116/1085 614/1117/1086
f 614/1117/1086 450/1116/1085 449/1118/1087
f 614/1117/1086 449/1118/1087 448/1052/1021
f 614/1117/1086 448/1052/1021 615/1054/1023
f 555/1082/1051 422/1084/1053 556/1119/1088
f 556/1119/1088 422/1084/1053 421/1120/1089
f 556/1119/1088 421/1120/1089 420/1121/1090
f 556/1119/1088 420/1121/1090 557/1122/1091
f 557/1122/1091 420/1121/1090 419/1123/1092
f 557/1122/1091 419/1123/1092 418/1124/1093
f 557/1122/1091 418/1124/1093 558/1125/1094
f 558/1125/1094 418/1124/1093 417/1126/1095
f 558/1125/1094 417/1126/1095 416/1127/1096
f 558/1125/1094 416/1127/1096 559/1128/1097
f 559/1128/1097 416/1127/1096 415/1129/1098
f 559/1128/1097 415/1129/1098 560/1130/1099
f 560/1130/1099 415/1129/1098 414/1131/1100
f 560/1130/1099 414/1131/1100 561/1132/1101
f 561/1132/1101 414/1131/1100 413/1133/1102
f 561/1132/1101 413/1133/1102 562/1134/1103
f 562/1134/1103 413/1133/1102 412/1135/1104
f 562/1134/1103 412/1135/1104 563/1136/1105
f 563/1136/1105 412/1135/1104 564/1137/1106
f 564/1137/1106 412/1135/1104 411/1138/1107
f 564/1137/1106 411/1138/1107 565/1139/1108
f 565/1139/1108 411/1138/1107 566/1140/1109
f 566/1140/1109 411/1138/1107 303/1141/1110
f 566/1140/1109 303/1141/1110 567/1142/1111
f 567/1142/1111 303/1141/1110 568/1143/1112
f 568/1143/1112 303/1141/1110 326/1144/1113
f 568/1143/1112 326/1144/1113 569/1145/1114
f 569/1145/1114 326/1144/1113 570/1146/1115
f 570/1146/1115 326/1144/1113 325/1147/1116
f 570/1146/1115 325/1147/1116 571/1148/1117
f 571/1148/1117 325/1147/1116 324/1149/1118
f 571/1148/1117 324/1149/1118 572/1150/1119
f 572/1150/1119 324/1149/1118 323/1151/1120
f 572/1150/1119 323/1151/1120 573/1152/1121
f 573/1152/1121 323/1151/1120 322/1153/1122
f 573/1152/1121 322/1153/1122 574/1154/1123
f 574/1154/1123 322/1153/1122 321/1155/1124
f 574/1154/1123 321/1155/1124 320/1156/1125
f 303/1141/1110 411/1138/1107 304/1157/1126
f 304/1157/1126 411/1138/1107 410/1158/1127
f 304/1157/1126 410/1158/1127 305/1159/1128
f 305/1159/1128 410/1158/1127 409/1160/1129
f 305/1159/1128 409/1160/1129 306/1161/1130
f 306/1161/1130 409/1160/1129 408/1089/1058
f 306/1161/1130 408/1089/1058 372/1091/1060
f 372/1091/1060 371/1162/1131 306/1161/1130
f 306/1161/1130 371/1162/1131 307/1163/1132
f 307/1163/1132 371/1162/1131 370/1164/1133
f 307/1163/1132 370/1164/1133 308/1165/1134
f 308/1165/1134 370/1164/1133 369/1166/1135
f 308/1165/1134 369/1166/1135 309/1167/1136
f 309/1167/1136 369/1166/1135 585/1168/1137
f 309/1167/1136 585/1168/1137 584/1169/1138
f 368/1170/1139 587/1171/1140 369/1166/1135
f 369/1166/1135 587/1171/1140 586/1172/1141
f 369/1166/1135 586/1172/1141 585/1168/1137
f 367/1173/1142 589/1174/1143 368/1170/1139
f 368/1170/1139 589/1174/1143 588/1175/1144
f 368/1170/1139 588/1175/1144 587/1171/1140
f 589/1174/1143 367/1173/1142 590/1176/1145
f 590/1176/1145 367/1173/1142 366/1177/1146
f 590/1176/1145 366/1177/1146 591/1178/1147
f 591/1178/1147 366/1177/1146 365/1179/1148
f 591/1178/1147 365/1179/1148 592/1180/1149
f 592/1180/1149 365/1179/1148 364/1181/1150
f 592/1180/1149 364/1181/1150 593/1182/1151
f 593/1182/1151 364/1181/1150 363/1183/1152
f 593/1182/1151 363/1183/1152 362/1184/1153
f 593/1182/1151 362/1184/1153 594/1185/1154
f 594/1185/1154 362/1184/1153 361/1186/1155
f 594/1185/1154 361/1186/1155 360/1187/1156
f 594/1185/1154 360/1187/1156 595/1188/1157
f 595/1188/1157 360/1187/1156 359/1189/1158
f 595/1188/1157 359/1189/1158 358/1190/1159
f 595/1188/1157 358/1190/1159 596/1191/1160
f 596/1191/1160 358/1190/1159 357/1192/1161
f 596/1191/1160 357/1192/1161 356/1193/1162
f 596/1191/1160 356/1193/1162 597/1194/1163
f 597/1194/1163 356/1193/1162 355/1195/1164
f 597/1194/1163 355/1195/1164 598/1196/1165
f 598/1196/1165 355/1195/1164 354/1197/1166
f 598/1196/1165 354/1197/1166 599/1198/1167
f 599/1198/1167 354/1197/1166 353/1199/1168
f 599/1198/1167 353/1199/1168 600/1200/1169
f 600/1200/1169 353/1199/1168 352/1201/1170
f 600/1200/1169 352/1201/1170 601/1202/1171
f 601/1202/1171 352/1201/1170 602/1203/1172
f 602/1203/1172 352/1201/1170 351/1096/1065
f 602/1203/1172 351/1096/1065 603/1204/1173
f 603/1204/1173 351/1096/1065 604/1098/1067
f 574/1154/1123 320/1156/1125 575/1205/1174
f 575/1205/1174 320/1156/1125 319/1206/1175
f 575/1205/1174 319/1206/1175 318/1207/1176
f 575/1205/1174 318/1207/1176 576/1208/1177
f 576/1208/1177 318/1207/1176 317/1209/1178
f 576/1208/1177 317/1209/1178 316/1210/1179
f 576/1208/1177 316/1210/1179 577/1211/1180
f 577/1211/1180 316/1210/1179 315/1212/1181
f 577/1211/1180 315/1212/1181 314/1213/1182
f 577/1211/1180 314/1213/1182 578/1214/1183
f 578/1214/1183 314/1213/1182 313/1215/1184
f 578/1214/1183 313/1215/1184 579/1216/1185
f 579/1216/1185 313/1215/1184 312/1217/1186
f 579/1216/1185 312/1217/1186 580/1218/1187
f 580/1218/1187 312/1217/1186 311/1219/1188
f 580/1218/1187 311/1219/1188 581/1220/1189
f 581/1220/1189 311/1219/1188 310/1221/1190
f 581/1220/1189 310/1221/1190 582/1222/1191
f 582/1222/1191 310/1221/1190 583/1223/1192
f 583/1223/1192 310/1221/1190 309/1167/1136
f 583/1223/1192 309/1167/1136 584/1169/1138
# 622 vertices
# 1223 texture params
# 1192 normals
# 1256 facets

# 1 groups
