# WaveFront *.obj file (generated by Autodesk ATF)

mtllib 356df770-a048-4f86-a2b5-ef56602b76d0.mtl

g Body3

v -0.003500 -0.003500 0.005000
v 0.003500 -0.003500 0.005000
v 0.003500 0.003500 0.005000
v -0.003500 0.003500 0.005000
v 0.003500 0.003500 0.040000
v -0.003500 0.003500 0.040000
v 0.003500 -0.003500 0.040000
v -0.003500 -0.003500 0.040000
v -0.002000 0.020000 0.005000
v -0.002000 0.005000 0.025000
v 0.002000 0.005000 0.025000
v 0.002000 0.020000 0.005000
v -0.002000 -0.005000 0.025000
v -0.002000 -0.020000 0.005000
v 0.002000 -0.020000 0.005000
v 0.002000 -0.005000 0.025000
v 0.002000 0.005000 0.005000
v 0.002000 -0.005000 0.005000
v 0.020000 0.002000 0.005000
v 0.005000 0.002000 0.025000
v 0.005000 -0.002000 0.025000
v 0.020000 -0.002000 0.005000
v -0.005000 0.002000 0.025000
v -0.020000 0.002000 0.005000
v -0.020000 -0.002000 0.005000
v -0.005000 -0.002000 0.025000
v 0.005000 0.002000 0.005000
v -0.005000 0.002000 0.005000
v 0.005000 -0.002000 0.005000
v 0.005000 0.005000 0.005000
v 0.005000 0.005000 0.040000
v 0.005000 0.001500 0.040000
v 0.005000 0.001500 0.030000
v 0.005000 -0.001500 0.030000
v 0.005000 -0.001500 0.040000
v 0.005000 -0.005000 0.040000
v 0.005000 -0.005000 0.005000
v -0.002000 0.005000 0.005000
v -0.005000 0.005000 0.005000
v -0.005000 0.005000 0.040000
v -0.002000 -0.005000 0.005000
v -0.005000 -0.005000 0.040000
v -0.005000 -0.005000 0.005000
v -0.005000 -0.002000 0.005000
v -0.020178 0.017678 0.005000
v -0.020092 0.018325 0.005000
v -0.019843 0.018928 0.005000
v -0.019445 0.019445 0.005000
v -0.018928 0.019843 0.005000
v -0.018325 0.020092 0.005000
v -0.017678 0.020178 0.005000
v -0.017031 0.020092 0.005000
v -0.016428 0.019843 0.005000
v -0.015910 0.019445 0.005000
v -0.015513 0.018928 0.005000
v -0.015263 0.018325 0.005000
v -0.015178 0.017678 0.005000
v -0.015263 0.017031 0.005000
v -0.015513 0.016428 0.005000
v -0.015910 0.015910 0.005000
v -0.016428 0.015513 0.005000
v -0.017031 0.015263 0.005000
v -0.017678 0.015178 0.005000
v -0.018325 0.015263 0.005000
v -0.018928 0.015513 0.005000
v -0.019445 0.015910 0.005000
v -0.019843 0.016428 0.005000
v -0.020092 0.017031 0.005000
v -0.020178 -0.017678 0.005000
v -0.020092 -0.017031 0.005000
v -0.019843 -0.016428 0.005000
v -0.019445 -0.015910 0.005000
v -0.018928 -0.015513 0.005000
v -0.018325 -0.015263 0.005000
v -0.017678 -0.015178 0.005000
v -0.017031 -0.015263 0.005000
v -0.016428 -0.015513 0.005000
v -0.015910 -0.015910 0.005000
v -0.015513 -0.016428 0.005000
v -0.015263 -0.017031 0.005000
v -0.015178 -0.017678 0.005000
v -0.015263 -0.018325 0.005000
v -0.015513 -0.018928 0.005000
v -0.015910 -0.019445 0.005000
v -0.016428 -0.019843 0.005000
v -0.017031 -0.020092 0.005000
v -0.017678 -0.020178 0.005000
v -0.018325 -0.020092 0.005000
v -0.018928 -0.019843 0.005000
v -0.019445 -0.019445 0.005000
v -0.019843 -0.018928 0.005000
v -0.020092 -0.018325 0.005000
v 0.015178 0.017678 0.005000
v 0.015263 0.018325 0.005000
v 0.015513 0.018928 0.005000
v 0.015910 0.019445 0.005000
v 0.016428 0.019843 0.005000
v 0.017031 0.020092 0.005000
v 0.017678 0.020178 0.005000
v 0.018325 0.020092 0.005000
v 0.018928 0.019843 0.005000
v 0.019445 0.019445 0.005000
v 0.019843 0.018928 0.005000
v 0.020092 0.018325 0.005000
v 0.020178 0.017678 0.005000
v 0.020092 0.017031 0.005000
v 0.019843 0.016428 0.005000
v 0.019445 0.015910 0.005000
v 0.018928 0.015513 0.005000
v 0.018325 0.015263 0.005000
v 0.017678 0.015178 0.005000
v 0.017031 0.015263 0.005000
v 0.016428 0.015513 0.005000
v 0.015910 0.015910 0.005000
v 0.015513 0.016428 0.005000
v 0.015263 0.017031 0.005000
v 0.015178 -0.017678 0.005000
v 0.015263 -0.017031 0.005000
v 0.015513 -0.016428 0.005000
v 0.015910 -0.015910 0.005000
v 0.016428 -0.015513 0.005000
v 0.017031 -0.015263 0.005000
v 0.017678 -0.015178 0.005000
v 0.018325 -0.015263 0.005000
v 0.018928 -0.015513 0.005000
v 0.019445 -0.015910 0.005000
v 0.019843 -0.016428 0.005000
v 0.020092 -0.017031 0.005000
v 0.020178 -0.017678 0.005000
v 0.020092 -0.018325 0.005000
v 0.019843 -0.018928 0.005000
v 0.019445 -0.019445 0.005000
v 0.018928 -0.019843 0.005000
v 0.018325 -0.020092 0.005000
v 0.017678 -0.020178 0.005000
v 0.017031 -0.020092 0.005000
v 0.016428 -0.019843 0.005000
v 0.015910 -0.019445 0.005000
v 0.015513 -0.018928 0.005000
v 0.015263 -0.018325 0.005000
v -0.031500 -0.000000 0.005000
v -0.031408 -0.002411 0.005000
v -0.031131 -0.004808 0.005000
v -0.030671 -0.007177 0.005000
v -0.030032 -0.009504 0.005000
v -0.029216 -0.011775 0.005000
v -0.028229 -0.013977 0.005000
v -0.027076 -0.016097 0.005000
v -0.025765 -0.018123 0.005000
v -0.024302 -0.020042 0.005000
v -0.022696 -0.021843 0.005000
v -0.020958 -0.023516 0.005000
v -0.019096 -0.025052 0.005000
v -0.017122 -0.026440 0.005000
v -0.015048 -0.027673 0.005000
v -0.012886 -0.028744 0.005000
v -0.010648 -0.029646 0.005000
v -0.008347 -0.030374 0.005000
v -0.005997 -0.030924 0.005000
v -0.003613 -0.031292 0.005000
v -0.001207 -0.031477 0.005000
v 0.001207 -0.031477 0.005000
v 0.003613 -0.031292 0.005000
v 0.005997 -0.030924 0.005000
v 0.008347 -0.030374 0.005000
v 0.010648 -0.029646 0.005000
v 0.012886 -0.028744 0.005000
v 0.015048 -0.027673 0.005000
v 0.017122 -0.026440 0.005000
v 0.019096 -0.025052 0.005000
v 0.020958 -0.023516 0.005000
v 0.022696 -0.021843 0.005000
v 0.024302 -0.020042 0.005000
v 0.025765 -0.018123 0.005000
v 0.027076 -0.016097 0.005000
v 0.028229 -0.013977 0.005000
v 0.029216 -0.011775 0.005000
v 0.030032 -0.009504 0.005000
v 0.030671 -0.007177 0.005000
v 0.031131 -0.004808 0.005000
v 0.031408 -0.002411 0.005000
v 0.031500 0.000000 0.005000
v 0.031408 0.002411 0.005000
v 0.031131 0.004808 0.005000
v 0.030671 0.007177 0.005000
v 0.030032 0.009504 0.005000
v 0.029216 0.011775 0.005000
v 0.028229 0.013977 0.005000
v 0.027076 0.016097 0.005000
v 0.025765 0.018123 0.005000
v 0.024302 0.020042 0.005000
v 0.022696 0.021843 0.005000
v 0.020958 0.023516 0.005000
v 0.019096 0.025052 0.005000
v 0.017122 0.026440 0.005000
v 0.015048 0.027673 0.005000
v 0.012886 0.028744 0.005000
v 0.010648 0.029646 0.005000
v 0.008347 0.030374 0.005000
v 0.005997 0.030924 0.005000
v 0.003613 0.031292 0.005000
v 0.001207 0.031477 0.005000
v -0.001207 0.031477 0.005000
v -0.003613 0.031292 0.005000
v -0.005997 0.030924 0.005000
v -0.008347 0.030374 0.005000
v -0.010648 0.029646 0.005000
v -0.012886 0.028744 0.005000
v -0.015048 0.027673 0.005000
v -0.017122 0.026440 0.005000
v -0.019096 0.025052 0.005000
v -0.020958 0.023516 0.005000
v -0.022696 0.021843 0.005000
v -0.024302 0.020042 0.005000
v -0.025765 0.018123 0.005000
v -0.027076 0.016097 0.005000
v -0.028229 0.013977 0.005000
v -0.029216 0.011775 0.005000
v -0.030032 0.009504 0.005000
v -0.030671 0.007177 0.005000
v -0.031131 0.004808 0.005000
v -0.031408 0.002411 0.005000
v -0.020178 0.017678 0.000000
v -0.020092 0.017031 0.000000
v -0.019843 0.016428 0.000000
v -0.019445 0.015910 0.000000
v -0.018928 0.015513 0.000000
v -0.018325 0.015263 0.000000
v -0.017678 0.015178 0.000000
v -0.017031 0.015263 0.000000
v -0.016428 0.015513 0.000000
v -0.015910 0.015910 0.000000
v -0.015513 0.016428 0.000000
v -0.015263 0.017031 0.000000
v -0.015178 0.017678 0.000000
v -0.015263 0.018325 0.000000
v -0.015513 0.018928 0.000000
v -0.015910 0.019445 0.000000
v -0.016428 0.019843 0.000000
v -0.017031 0.020092 0.000000
v -0.017678 0.020178 0.000000
v -0.018325 0.020092 0.000000
v -0.018928 0.019843 0.000000
v -0.019445 0.019445 0.000000
v -0.019843 0.018928 0.000000
v -0.020092 0.018325 0.000000
v -0.020178 -0.017678 0.000000
v -0.020092 -0.018325 0.000000
v -0.019843 -0.018928 0.000000
v -0.019445 -0.019445 0.000000
v -0.018928 -0.019843 0.000000
v -0.018325 -0.020092 0.000000
v -0.017678 -0.020178 0.000000
v -0.017031 -0.020092 0.000000
v -0.016428 -0.019843 0.000000
v -0.015910 -0.019445 0.000000
v -0.015513 -0.018928 0.000000
v -0.015263 -0.018325 0.000000
v -0.015178 -0.017678 0.000000
v -0.015263 -0.017031 0.000000
v -0.015513 -0.016428 0.000000
v -0.015910 -0.015910 0.000000
v -0.016428 -0.015513 0.000000
v -0.017031 -0.015263 0.000000
v -0.017678 -0.015178 0.000000
v -0.018325 -0.015263 0.000000
v -0.018928 -0.015513 0.000000
v -0.019445 -0.015910 0.000000
v -0.019843 -0.016428 0.000000
v -0.020092 -0.017031 0.000000
v 0.015178 0.017678 0.000000
v 0.015263 0.017031 0.000000
v 0.015513 0.016428 0.000000
v 0.015910 0.015910 0.000000
v 0.016428 0.015513 0.000000
v 0.017031 0.015263 0.000000
v 0.017678 0.015178 0.000000
v 0.018325 0.015263 0.000000
v 0.018928 0.015513 0.000000
v 0.019445 0.015910 0.000000
v 0.019843 0.016428 0.000000
v 0.020092 0.017031 0.000000
v 0.020178 0.017678 0.000000
v 0.020092 0.018325 0.000000
v 0.019843 0.018928 0.000000
v 0.019445 0.019445 0.000000
v 0.018928 0.019843 0.000000
v 0.018325 0.020092 0.000000
v 0.017678 0.020178 0.000000
v 0.017031 0.020092 0.000000
v 0.016428 0.019843 0.000000
v 0.015910 0.019445 0.000000
v 0.015513 0.018928 0.000000
v 0.015263 0.018325 0.000000
v 0.015178 -0.017678 0.000000
v 0.015263 -0.018325 0.000000
v 0.015513 -0.018928 0.000000
v 0.015910 -0.019445 0.000000
v 0.016428 -0.019843 0.000000
v 0.017031 -0.020092 0.000000
v 0.017678 -0.020178 0.000000
v 0.018325 -0.020092 0.000000
v 0.018928 -0.019843 0.000000
v 0.019445 -0.019445 0.000000
v 0.019843 -0.018928 0.000000
v 0.020092 -0.018325 0.000000
v 0.020178 -0.017678 0.000000
v 0.020092 -0.017031 0.000000
v 0.019843 -0.016428 0.000000
v 0.019445 -0.015910 0.000000
v 0.018928 -0.015513 0.000000
v 0.018325 -0.015263 0.000000
v 0.017678 -0.015178 0.000000
v 0.017031 -0.015263 0.000000
v 0.016428 -0.015513 0.000000
v 0.015910 -0.015910 0.000000
v 0.015513 -0.016428 0.000000
v 0.015263 -0.017031 0.000000
v -0.031500 -0.000000 0.000000
v -0.031408 0.002411 0.000000
v -0.031131 0.004808 0.000000
v -0.030671 0.007177 0.000000
v -0.030032 0.009504 0.000000
v -0.029216 0.011775 0.000000
v -0.028229 0.013977 0.000000
v -0.027076 0.016097 0.000000
v -0.025765 0.018123 0.000000
v -0.024302 0.020042 0.000000
v -0.022696 0.021843 0.000000
v -0.020958 0.023516 0.000000
v -0.019096 0.025052 0.000000
v -0.017122 0.026440 0.000000
v -0.015048 0.027673 0.000000
v -0.012886 0.028744 0.000000
v -0.010648 0.029646 0.000000
v -0.008347 0.030374 0.000000
v -0.005997 0.030924 0.000000
v -0.003613 0.031292 0.000000
v -0.001207 0.031477 0.000000
v 0.001207 0.031477 0.000000
v 0.003613 0.031292 0.000000
v 0.005997 0.030924 0.000000
v 0.008347 0.030374 0.000000
v 0.010648 0.029646 0.000000
v 0.012886 0.028744 0.000000
v 0.015048 0.027673 0.000000
v 0.017122 0.026440 0.000000
v 0.019096 0.025052 0.000000
v 0.020958 0.023516 0.000000
v 0.022696 0.021843 0.000000
v 0.024302 0.020042 0.000000
v 0.025765 0.018123 0.000000
v 0.027076 0.016097 0.000000
v 0.028229 0.013977 0.000000
v 0.029216 0.011775 0.000000
v 0.030032 0.009504 0.000000
v 0.030671 0.007177 0.000000
v 0.031131 0.004808 0.000000
v 0.031408 0.002411 0.000000
v 0.031500 0.000000 0.000000
v 0.031408 -0.002411 0.000000
v 0.031131 -0.004808 0.000000
v 0.030671 -0.007177 0.000000
v 0.030032 -0.009504 0.000000
v 0.029216 -0.011775 0.000000
v 0.028229 -0.013977 0.000000
v 0.027076 -0.016097 0.000000
v 0.025765 -0.018123 0.000000
v 0.024302 -0.020042 0.000000
v 0.022696 -0.021843 0.000000
v 0.020958 -0.023516 0.000000
v 0.019096 -0.025052 0.000000
v 0.017122 -0.026440 0.000000
v 0.015048 -0.027673 0.000000
v 0.012886 -0.028744 0.000000
v 0.010648 -0.029646 0.000000
v 0.008347 -0.030374 0.000000
v 0.005997 -0.030924 0.000000
v 0.003613 -0.031292 0.000000
v 0.001207 -0.031477 0.000000
v -0.001207 -0.031477 0.000000
v -0.003613 -0.031292 0.000000
v -0.005997 -0.030924 0.000000
v -0.008347 -0.030374 0.000000
v -0.010648 -0.029646 0.000000
v -0.012886 -0.028744 0.000000
v -0.015048 -0.027673 0.000000
v -0.017122 -0.026440 0.000000
v -0.019096 -0.025052 0.000000
v -0.020958 -0.023516 0.000000
v -0.022696 -0.021843 0.000000
v -0.024302 -0.020042 0.000000
v -0.025765 -0.018123 0.000000
v -0.027076 -0.016097 0.000000
v -0.028229 -0.013977 0.000000
v -0.029216 -0.011775 0.000000
v -0.030032 -0.009504 0.000000
v -0.030671 -0.007177 0.000000
v -0.031131 -0.004808 0.000000
v -0.031408 -0.002411 0.000000
v 0.025000 -0.009000 0.070545
v 0.022000 -0.009000 0.070545
v 0.022000 -0.009000 0.043000
v -0.022000 -0.009000 0.043000
v -0.022000 -0.009000 0.070545
v -0.025000 -0.009000 0.070545
v -0.025000 -0.009000 0.040000
v 0.025000 -0.009000 0.040000
v 0.025000 0.009000 0.120000
v 0.025000 0.009000 0.040000
v -0.025000 0.009000 0.040000
v -0.025000 0.009000 0.120000
v 0.022000 0.006000 0.043000
v -0.022000 0.006000 0.043000
v 0.022000 0.006000 0.111758
v -0.022000 0.006000 0.111758
v 0.020000 -0.001500 0.040000
v -0.005000 -0.001500 0.040000
v -0.005000 -0.001500 0.030000
v -0.005000 0.001500 0.030000
v -0.005000 0.001500 0.040000
v -0.020000 0.001500 0.040000
v -0.020000 -0.001500 0.040000
v 0.020000 0.001500 0.040000
vt -0.350000 -0.350000 0.000000
vt 0.350000 -0.350000 0.000000
vt -0.350000 0.350000 0.000000
vt 0.350000 0.350000 0.000000
vt 0.000000 0.500000 0.000000
vt 0.700000 0.500000 0.000000
vt 0.000000 4.000000 0.000000
vt 0.700000 4.000000 0.000000
vt -0.000000 0.500000 0.000000
vt 0.700000 0.500000 0.000000
vt -0.000000 4.000000 0.000000
vt 0.700000 4.000000 0.000000
vt 0.350000 0.350000 0.000000
vt -0.350000 0.350000 0.000000
vt 0.350000 -0.350000 0.000000
vt -0.350000 -0.350000 0.000000
vt -0.000000 0.500000 0.000000
vt 0.700000 0.500000 0.000000
vt -0.000000 4.000000 0.000000
vt 0.700000 4.000000 0.000000
vt 0.000000 0.500000 0.000000
vt 0.700000 0.500000 0.000000
vt 0.000000 4.000000 0.000000
vt 0.700000 4.000000 0.000000
vt -2.500000 -0.000000 0.000000
vt -0.000000 0.000000 0.000000
vt -2.500000 0.400000 0.000000
vt -0.000000 0.400000 0.000000
vt -2.500000 0.000000 0.000000
vt -0.000000 0.000000 0.000000
vt -2.500000 0.400000 0.000000
vt -0.000000 0.400000 0.000000
vt 1.500000 0.500000 0.000000
vt 0.000000 2.500000 0.000000
vt 0.000000 0.500000 0.000000
vt 1.500000 2.500000 0.000000
vt 0.000000 0.500000 0.000000
vt 1.500000 0.500000 0.000000
vt -2.500000 0.000000 0.000000
vt -0.000000 0.000000 0.000000
vt -2.500000 0.400000 0.000000
vt -0.000000 0.400000 0.000000
vt -2.500000 0.000000 0.000000
vt -0.000000 0.000000 0.000000
vt -2.500000 0.400000 0.000000
vt -0.000000 0.400000 0.000000
vt 1.500000 2.500000 0.000000
vt 0.000000 0.500000 0.000000
vt 1.500000 0.500000 0.000000
vt 1.500000 0.500000 0.000000
vt -0.000000 2.500000 0.000000
vt -0.000000 0.500000 0.000000
vt 1.500000 0.500000 0.000000
vt 0.000000 2.500000 0.000000
vt 0.000000 0.500000 0.000000
vt 0.300000 0.500000 0.000000
vt 0.300000 2.500000 0.000000
vt 0.000000 0.500000 0.000000
vt 0.000000 4.000000 0.000000
vt 0.350000 3.000000 0.000000
vt 0.350000 4.000000 0.000000
vt 0.700000 2.500000 0.000000
vt 0.650000 3.000000 0.000000
vt 1.000000 4.000000 0.000000
vt 0.650000 4.000000 0.000000
vt 0.700000 0.500000 0.000000
vt 1.000000 0.500000 0.000000
vt 1.500000 2.500000 0.000000
vt 0.000000 0.500000 0.000000
vt 1.500000 0.500000 0.000000
vt 0.300000 0.500000 0.000000
vt 0.300000 2.500000 0.000000
vt 0.000000 0.500000 0.000000
vt 0.000000 4.000000 0.000000
vt 0.700000 2.500000 0.000000
vt 1.000000 4.000000 0.000000
vt 1.000000 0.500000 0.000000
vt 0.700000 0.500000 0.000000
vt 1.500000 0.500000 0.000000
vt 0.000000 2.500000 0.000000
vt 0.000000 0.500000 0.000000
vt 0.300000 0.500000 0.000000
vt 0.300000 2.500000 0.000000
vt 0.000000 0.500000 0.000000
vt 0.000000 4.000000 0.000000
vt 0.700000 2.500000 0.000000
vt 1.000000 4.000000 0.000000
vt 1.000000 0.500000 0.000000
vt 0.700000 0.500000 0.000000
vt 1.500000 2.500000 0.000000
vt 0.000000 0.500000 0.000000
vt 1.500000 0.500000 0.000000
vt 0.500000 -0.200000 0.000000
vt 0.500000 -0.500000 0.000000
vt 2.000000 -0.200000 0.000000
vt 1.642767 -1.551261 0.000000
vt 1.703062 -1.526285 0.000000
vt 0.200000 -0.500000 0.000000
vt 0.200000 -2.000000 0.000000
vt 1.551261 -1.642767 0.000000
vt 1.590990 -1.590990 0.000000
vt -0.200000 -2.000000 0.000000
vt 0.120654 -3.147688 0.000000
vt 0.361253 -3.129217 0.000000
vt 0.599732 -3.092381 0.000000
vt -0.200000 -0.500000 0.000000
vt -0.500000 -0.500000 0.000000
vt -1.551261 -1.642767 0.000000
vt -1.526285 -1.703062 0.000000
vt -0.500000 -0.200000 0.000000
vt -2.000000 -0.200000 0.000000
vt -1.642767 -1.551261 0.000000
vt -1.590990 -1.590990 0.000000
vt -2.000000 0.200000 0.000000
vt -3.150000 -0.000000 0.000000
vt -3.140757 -0.241130 0.000000
vt -3.113083 -0.480845 0.000000
vt -0.500000 0.200000 0.000000
vt -0.500000 0.500000 0.000000
vt -1.642767 1.551261 0.000000
vt -1.703062 1.526285 0.000000
vt -0.200000 0.500000 0.000000
vt -0.200000 2.000000 0.000000
vt -1.551261 1.642767 0.000000
vt -1.590990 1.590990 0.000000
vt 0.200000 2.000000 0.000000
vt -0.120654 3.147688 0.000000
vt -0.361253 3.129217 0.000000
vt -0.599732 3.092381 0.000000
vt 0.200000 0.500000 0.000000
vt 0.500000 0.500000 0.000000
vt 1.551261 1.642767 0.000000
vt 1.526285 1.703062 0.000000
vt 0.500000 0.200000 0.000000
vt 2.000000 0.200000 0.000000
vt 1.642767 1.551261 0.000000
vt 1.590990 1.590990 0.000000
vt 3.150000 0.000000 0.000000
vt 3.140757 0.241130 0.000000
vt 3.113083 0.480845 0.000000
vt -2.009248 1.832472 0.000000
vt -2.430191 2.004164 0.000000
vt -2.017767 1.767767 0.000000
vt -2.576477 1.812254 0.000000
vt -2.009248 1.703062 0.000000
vt -1.984273 1.642767 0.000000
vt -2.707644 1.609709 0.000000
vt -1.944544 1.590990 0.000000
vt -2.822922 1.397717 0.000000
vt -1.892767 1.551261 0.000000
vt -2.921633 1.177524 0.000000
vt -3.003199 0.950420 0.000000
vt -3.067141 0.717739 0.000000
vt -1.984273 1.892767 0.000000
vt -2.269643 2.184312 0.000000
vt -1.944544 1.944544 0.000000
vt -2.095776 2.351643 0.000000
vt -1.892767 1.984273 0.000000
vt -1.832472 2.009248 0.000000
vt -1.909610 2.505173 0.000000
vt -1.767767 2.017767 0.000000
vt -1.703062 2.009248 0.000000
vt -1.712238 2.644001 0.000000
vt -1.642767 1.984273 0.000000
vt -1.504817 2.767314 0.000000
vt -1.590990 1.944544 0.000000
vt -1.288566 2.874386 0.000000
vt -1.551261 1.892767 0.000000
vt -1.526285 1.832472 0.000000
vt -1.517767 1.767767 0.000000
vt -1.526285 1.703062 0.000000
vt -1.767767 1.517767 0.000000
vt -1.832472 1.526285 0.000000
vt -2.009248 -1.703062 0.000000
vt -2.576477 -1.812254 0.000000
vt -2.017767 -1.767767 0.000000
vt -2.430191 -2.004164 0.000000
vt -2.009248 -1.832472 0.000000
vt -1.984273 -1.892767 0.000000
vt -2.269643 -2.184312 0.000000
vt -1.944544 -1.944544 0.000000
vt -2.095776 -2.351643 0.000000
vt -1.892767 -1.984273 0.000000
vt -1.832472 -2.009248 0.000000
vt -1.909610 -2.505173 0.000000
vt -1.767767 -2.017767 0.000000
vt -1.703062 -2.009248 0.000000
vt -1.712238 -2.644001 0.000000
vt -1.642767 -1.984273 0.000000
vt -1.504817 -2.767314 0.000000
vt -1.590990 -1.944544 0.000000
vt -1.288566 -2.874386 0.000000
vt -1.551261 -1.892767 0.000000
vt -1.526285 -1.832472 0.000000
vt -1.517767 -1.767767 0.000000
vt -1.984273 -1.642767 0.000000
vt -2.707644 -1.609709 0.000000
vt -1.944544 -1.590990 0.000000
vt -2.822922 -1.397717 0.000000
vt -1.892767 -1.551261 0.000000
vt -2.921633 -1.177524 0.000000
vt -3.003199 -0.950420 0.000000
vt -3.067141 -0.717739 0.000000
vt -1.832472 -1.526285 0.000000
vt -1.767767 -1.517767 0.000000
vt -1.703062 -1.526285 0.000000
vt 1.517767 1.767767 0.000000
vt 1.526285 1.832472 0.000000
vt 1.551261 1.892767 0.000000
vt 1.288566 2.874386 0.000000
vt 1.590990 1.944544 0.000000
vt 1.504817 2.767314 0.000000
vt 1.642767 1.984273 0.000000
vt 1.712238 2.644001 0.000000
vt 1.703062 2.009248 0.000000
vt 1.909610 2.505173 0.000000
vt 1.767767 2.017767 0.000000
vt 1.832472 2.009248 0.000000
vt 2.095776 2.351643 0.000000
vt 1.892767 1.984273 0.000000
vt 1.944544 1.944544 0.000000
vt 2.269643 2.184312 0.000000
vt 1.984273 1.892767 0.000000
vt 2.430191 2.004164 0.000000
vt 2.009248 1.832472 0.000000
vt 2.017767 1.767767 0.000000
vt 2.576477 1.812254 0.000000
vt 2.009248 1.703062 0.000000
vt 1.984273 1.642767 0.000000
vt 2.707644 1.609709 0.000000
vt 1.944544 1.590990 0.000000
vt 2.822922 1.397717 0.000000
vt 1.892767 1.551261 0.000000
vt 2.921633 1.177524 0.000000
vt 3.003199 0.950420 0.000000
vt 3.067141 0.717739 0.000000
vt 1.832472 1.526285 0.000000
vt 1.767767 1.517767 0.000000
vt 1.703062 1.526285 0.000000
vt 1.526285 -1.832472 0.000000
vt 1.517767 -1.767767 0.000000
vt 1.526285 -1.703062 0.000000
vt 1.767767 -1.517767 0.000000
vt 1.832472 -1.526285 0.000000
vt 1.892767 -1.551261 0.000000
vt 1.944544 -1.590990 0.000000
vt 2.822922 -1.397717 0.000000
vt 2.921633 -1.177524 0.000000
vt 3.003199 -0.950420 0.000000
vt 3.067141 -0.717739 0.000000
vt 2.707644 -1.609709 0.000000
vt 1.984273 -1.642767 0.000000
vt 2.576477 -1.812254 0.000000
vt 2.009248 -1.703062 0.000000
vt 2.017767 -1.767767 0.000000
vt 2.430191 -2.004164 0.000000
vt 2.009248 -1.832472 0.000000
vt 1.984273 -1.892767 0.000000
vt 2.269643 -2.184312 0.000000
vt 1.944544 -1.944544 0.000000
vt 2.095776 -2.351643 0.000000
vt 1.892767 -1.984273 0.000000
vt 1.832472 -2.009248 0.000000
vt 1.909610 -2.505173 0.000000
vt 1.767767 -2.017767 0.000000
vt 1.703062 -2.009248 0.000000
vt 1.712238 -2.644001 0.000000
vt 1.642767 -1.984273 0.000000
vt 1.504817 -2.767314 0.000000
vt 1.590990 -1.944544 0.000000
vt 1.288566 -2.874386 0.000000
vt 1.551261 -1.892767 0.000000
vt -1.064753 -2.964591 0.000000
vt -0.834692 -3.037399 0.000000
vt -0.599732 -3.092381 0.000000
vt -0.361253 -3.129217 0.000000
vt -0.120654 -3.147688 0.000000
vt 0.834692 -3.037399 0.000000
vt 1.064753 -2.964591 0.000000
vt 3.113083 -0.480845 0.000000
vt 3.140757 -0.241130 0.000000
vt 1.064753 2.964591 0.000000
vt 0.834692 3.037399 0.000000
vt 0.599732 3.092381 0.000000
vt 0.361253 3.129217 0.000000
vt 0.120654 3.147688 0.000000
vt -0.834692 3.037399 0.000000
vt -1.064753 2.964591 0.000000
vt -3.113083 0.480845 0.000000
vt -3.140757 0.241130 0.000000
vt 2.009248 1.703062 0.000000
vt 2.576477 1.812254 0.000000
vt 2.017767 1.767767 0.000000
vt 2.430191 2.004164 0.000000
vt 2.009248 1.832472 0.000000
vt 1.984273 1.892767 0.000000
vt 2.269643 2.184312 0.000000
vt 1.944544 1.944544 0.000000
vt 2.095776 2.351643 0.000000
vt 1.892767 1.984273 0.000000
vt 1.832472 2.009248 0.000000
vt 1.909610 2.505173 0.000000
vt 1.767767 2.017767 0.000000
vt 1.703062 2.009248 0.000000
vt 1.712238 2.644001 0.000000
vt 1.642767 1.984273 0.000000
vt 1.504817 2.767314 0.000000
vt 1.590990 1.944544 0.000000
vt 1.288566 2.874386 0.000000
vt 1.551261 1.892767 0.000000
vt 1.064753 2.964591 0.000000
vt 1.526285 1.832472 0.000000
vt 0.834692 3.037399 0.000000
vt 0.599732 3.092381 0.000000
vt 1.984273 1.642767 0.000000
vt 2.707644 1.609709 0.000000
vt 1.944544 1.590990 0.000000
vt 2.822922 1.397717 0.000000
vt 1.892767 1.551261 0.000000
vt 2.921633 1.177524 0.000000
vt 3.003199 0.950420 0.000000
vt 1.832472 1.526285 0.000000
vt 3.067141 0.717739 0.000000
vt 3.113083 0.480845 0.000000
vt 1.767767 1.517767 0.000000
vt 3.140757 0.241130 0.000000
vt 3.150000 -0.000000 0.000000
vt 1.767767 -1.517767 0.000000
vt 3.140757 -0.241130 0.000000
vt 3.113083 -0.480845 0.000000
vt 1.832472 -1.526285 0.000000
vt 3.067141 -0.717739 0.000000
vt 3.003199 -0.950420 0.000000
vt 1.892767 -1.551261 0.000000
vt 2.921633 -1.177524 0.000000
vt 2.822922 -1.397717 0.000000
vt 1.944544 -1.590990 0.000000
vt 2.707644 -1.609709 0.000000
vt 1.984273 -1.642767 0.000000
vt 2.576477 -1.812254 0.000000
vt 2.009248 -1.703062 0.000000
vt 2.017767 -1.767767 0.000000
vt 1.703062 -1.526285 0.000000
vt 1.703062 1.526285 0.000000
vt 1.642767 -1.551261 0.000000
vt 1.642767 1.551261 0.000000
vt 1.590990 -1.590990 0.000000
vt 1.590990 1.590990 0.000000
vt -1.590990 1.590990 0.000000
vt -1.551261 1.642767 0.000000
vt 1.551261 1.642767 0.000000
vt -1.526285 1.703062 0.000000
vt 1.526285 1.703062 0.000000
vt -1.517767 1.767767 0.000000
vt 1.517767 1.767767 0.000000
vt -0.120654 3.147688 0.000000
vt 0.120654 3.147688 0.000000
vt 0.361253 3.129217 0.000000
vt 2.430191 -2.004164 0.000000
vt 2.009248 -1.832472 0.000000
vt 1.984273 -1.892767 0.000000
vt 2.269643 -2.184312 0.000000
vt 1.944544 -1.944544 0.000000
vt 2.095776 -2.351643 0.000000
vt 1.892767 -1.984273 0.000000
vt 1.832472 -2.009248 0.000000
vt 1.909610 -2.505173 0.000000
vt 1.767767 -2.017767 0.000000
vt 1.703062 -2.009248 0.000000
vt 1.712238 -2.644001 0.000000
vt 1.642767 -1.984273 0.000000
vt 1.504817 -2.767314 0.000000
vt 1.590990 -1.944544 0.000000
vt 1.288566 -2.874386 0.000000
vt 1.551261 -1.892767 0.000000
vt 1.064753 -2.964591 0.000000
vt 1.526285 -1.832472 0.000000
vt 0.834692 -3.037399 0.000000
vt 0.599732 -3.092381 0.000000
vt 1.517767 -1.767767 0.000000
vt 0.361253 -3.129217 0.000000
vt 0.120654 -3.147688 0.000000
vt -1.517767 -1.767767 0.000000
vt -0.120654 -3.147688 0.000000
vt -0.361253 -3.129217 0.000000
vt -0.599732 -3.092381 0.000000
vt -1.526285 -1.832472 0.000000
vt -0.834692 -3.037399 0.000000
vt -1.064753 -2.964591 0.000000
vt -1.551261 -1.892767 0.000000
vt -1.288566 -2.874386 0.000000
vt -1.590990 -1.944544 0.000000
vt -1.504817 -2.767314 0.000000
vt -1.642767 -1.984273 0.000000
vt -1.712238 -2.644001 0.000000
vt -1.703062 -2.009248 0.000000
vt -1.909610 -2.505173 0.000000
vt -1.767767 -2.017767 0.000000
vt -1.832472 -2.009248 0.000000
vt -1.526285 -1.703062 0.000000
vt 1.526285 -1.703062 0.000000
vt -1.551261 -1.642767 0.000000
vt 1.551261 -1.642767 0.000000
vt -1.590990 -1.590990 0.000000
vt -1.642767 1.551261 0.000000
vt -1.642767 -1.551261 0.000000
vt -1.703062 1.526285 0.000000
vt -1.703062 -1.526285 0.000000
vt -1.767767 1.517767 0.000000
vt -1.767767 -1.517767 0.000000
vt -3.150000 0.000000 0.000000
vt -3.140757 -0.241130 0.000000
vt -1.832472 1.526285 0.000000
vt -3.113083 0.480845 0.000000
vt -3.140757 0.241130 0.000000
vt -1.892767 1.551261 0.000000
vt -3.003199 0.950420 0.000000
vt -3.067141 0.717739 0.000000
vt -1.944544 1.590990 0.000000
vt -2.822922 1.397717 0.000000
vt -2.921633 1.177524 0.000000
vt -2.707644 1.609709 0.000000
vt -1.984273 1.642767 0.000000
vt -2.576477 1.812254 0.000000
vt -2.009248 1.703062 0.000000
vt -2.017767 1.767767 0.000000
vt -2.430191 2.004164 0.000000
vt -2.009248 1.832472 0.000000
vt -1.984273 1.892767 0.000000
vt -2.269643 2.184312 0.000000
vt -1.944544 1.944544 0.000000
vt -2.095776 2.351643 0.000000
vt -1.892767 1.984273 0.000000
vt -1.832472 2.009248 0.000000
vt -1.909610 2.505173 0.000000
vt -1.767767 2.017767 0.000000
vt -1.703062 2.009248 0.000000
vt -1.712238 2.644001 0.000000
vt -1.642767 1.984273 0.000000
vt -1.504817 2.767314 0.000000
vt -1.590990 1.944544 0.000000
vt -1.288566 2.874386 0.000000
vt -1.551261 1.892767 0.000000
vt -1.064753 2.964591 0.000000
vt -1.526285 1.832472 0.000000
vt -0.834692 3.037399 0.000000
vt -0.599732 3.092381 0.000000
vt -0.361253 3.129217 0.000000
vt -2.095776 -2.351643 0.000000
vt -1.892767 -1.984273 0.000000
vt -1.944544 -1.944544 0.000000
vt -2.269643 -2.184312 0.000000
vt -1.984273 -1.892767 0.000000
vt -2.430191 -2.004164 0.000000
vt -2.009248 -1.832472 0.000000
vt -2.017767 -1.767767 0.000000
vt -2.576477 -1.812254 0.000000
vt -2.009248 -1.703062 0.000000
vt -1.984273 -1.642767 0.000000
vt -2.707644 -1.609709 0.000000
vt -1.944544 -1.590990 0.000000
vt -2.822922 -1.397717 0.000000
vt -1.892767 -1.551261 0.000000
vt -2.921633 -1.177524 0.000000
vt -3.003199 -0.950420 0.000000
vt -1.832472 -1.526285 0.000000
vt -3.067141 -0.717739 0.000000
vt -3.113083 -0.480845 0.000000
vt 4.700000 3.054541 0.000000
vt 4.700000 0.300000 0.000000
vt 5.000000 3.054541 0.000000
vt 5.000000 0.000000 0.000000
vt 0.300000 0.300000 0.000000
vt 0.000000 0.000000 0.000000
vt 0.000000 3.054541 0.000000
vt 0.300000 3.054541 0.000000
vt 1.800000 8.000000 0.000000
vt 0.000000 3.054541 0.000000
vt 1.800000 0.000000 0.000000
vt 0.000000 0.000000 0.000000
vt -0.000000 0.000000 0.000000
vt 5.000000 0.000000 0.000000
vt -0.000000 8.000000 0.000000
vt 5.000000 8.000000 0.000000
vt -4.400000 0.000000 0.000000
vt -0.000000 0.000000 0.000000
vt -4.400000 1.500000 0.000000
vt -0.000000 1.500000 0.000000
vt -0.824243 1.500000 0.000000
vt -7.700000 1.500000 0.000000
vt -4.945459 0.000000 0.000000
vt -7.700000 0.000000 0.000000
vt -0.000000 8.000000 0.000000
vt -0.000000 0.000000 0.000000
vt 1.800000 3.054541 0.000000
vt 1.800000 0.000000 0.000000
vt -6.875757 1.500000 0.000000
vt -2.754541 0.000000 0.000000
vt -0.000000 1.500000 0.000000
vt -0.000000 0.000000 0.000000
vt -3.025757 -2.200000 0.000000
vt 3.850000 -2.200000 0.000000
vt -3.025757 2.200000 0.000000
vt 3.850000 2.200000 0.000000
vt -5.262848 0.300000 0.000000
vt -5.262848 0.000000 0.000000
vt -0.877141 0.300000 0.000000
vt -0.000000 0.000000 0.000000
vt -0.877141 4.700000 0.000000
vt 0.000000 5.000000 0.000000
vt -5.262848 5.000000 0.000000
vt -5.262848 4.700000 0.000000
vt 1.500000 1.000000 0.000000
vt 0.000000 0.000000 0.000000
vt 1.500000 0.000000 0.000000
vt 0.700000 0.500000 0.000000
vt 1.000000 0.500000 0.000000
vt 0.700000 2.500000 0.000000
vt 1.000000 4.000000 0.000000
vt 0.650000 3.000000 0.000000
vt 0.650000 4.000000 0.000000
vt 0.350000 3.000000 0.000000
vt 0.300000 2.500000 0.000000
vt 0.000000 4.000000 0.000000
vt 0.000000 0.500000 0.000000
vt 0.350000 4.000000 0.000000
vt 0.300000 0.500000 0.000000
vt 1.500000 1.000000 0.000000
vt 0.000000 0.000000 0.000000
vt 1.500000 0.000000 0.000000
vt 1.500000 0.000000 0.000000
vt 0.000000 1.000000 0.000000
vt 0.000000 0.000000 0.000000
vt 1.500000 0.000000 0.000000
vt 0.000000 1.000000 0.000000
vt 0.000000 0.000000 0.000000
vt -0.500000 0.150000 0.000000
vt -0.500000 0.500000 0.000000
vt -2.000000 0.150000 0.000000
vt -2.500000 0.900000 0.000000
vt -2.500000 -0.900000 0.000000
vt 2.500000 0.900000 0.000000
vt 0.500000 0.500000 0.000000
vt 2.000000 0.150000 0.000000
vt 0.500000 0.150000 0.000000
vt 2.500000 -0.900000 0.000000
vt 2.000000 -0.150000 0.000000
vt 0.500000 -0.500000 0.000000
vt 0.500000 -0.150000 0.000000
vt -0.500000 -0.500000 0.000000
vt -2.000000 -0.150000 0.000000
vt -0.500000 -0.150000 0.000000
vt 0.000000 0.300000 0.000000
vt -1.802776 0.300000 0.000000
vt -0.000000 0.000000 0.000000
vt -1.802776 0.000000 0.000000
vt -1.802776 0.300000 0.000000
vt -1.802776 -0.000000 0.000000
vt -0.000000 0.300000 0.000000
vt -0.000000 0.000000 0.000000
vt -0.500000 9.654651 0.000000
vt -0.000000 9.654651 0.000000
vt -0.500000 9.896017 0.000000
vt -0.000000 9.896017 0.000000
vt -0.500000 -9.896017 0.000000
vt -0.000000 -9.896017 0.000000
vt -0.500000 -9.654651 0.000000
vt -0.000000 -9.654651 0.000000
vt -0.000000 -9.413284 0.000000
vt -0.500000 9.413284 0.000000
vt -0.000000 9.413284 0.000000
vt -0.500000 9.171918 0.000000
vt -0.000000 9.171918 0.000000
vt -0.500000 8.930552 0.000000
vt -0.000000 8.930552 0.000000
vt -0.500000 8.689186 0.000000
vt -0.000000 8.689186 0.000000
vt -0.500000 8.447819 0.000000
vt -0.000000 8.447819 0.000000
vt -0.500000 8.206453 0.000000
vt -0.000000 8.206453 0.000000
vt -0.500000 7.965087 0.000000
vt -0.000000 7.965087 0.000000
vt -0.500000 7.723720 0.000000
vt -0.000000 7.723720 0.000000
vt -0.500000 7.482354 0.000000
vt -0.000000 7.482354 0.000000
vt -0.500000 7.240988 0.000000
vt -0.000000 7.240988 0.000000
vt -0.500000 6.999622 0.000000
vt -0.000000 6.999622 0.000000
vt -0.500000 6.758255 0.000000
vt -0.000000 6.758255 0.000000
vt -0.500000 6.516889 0.000000
vt -0.000000 6.516889 0.000000
vt -0.500000 6.275523 0.000000
vt -0.000000 6.275523 0.000000
vt -0.500000 6.034157 0.000000
vt -0.000000 6.034157 0.000000
vt -0.500000 5.792790 0.000000
vt -0.000000 5.792790 0.000000
vt -0.500000 5.551424 0.000000
vt -0.000000 5.551424 0.000000
vt -0.500000 5.310058 0.000000
vt -0.000000 5.310058 0.000000
vt -0.500000 5.068692 0.000000
vt -0.000000 5.068692 0.000000
vt -0.500000 4.827325 0.000000
vt -0.000000 4.827325 0.000000
vt -0.500000 4.585959 0.000000
vt -0.000000 4.585959 0.000000
vt -0.500000 4.344593 0.000000
vt -0.000000 4.344593 0.000000
vt -0.500000 4.103227 0.000000
vt -0.000000 4.103227 0.000000
vt -0.500000 3.861860 0.000000
vt -0.000000 3.861860 0.000000
vt -0.500000 3.620494 0.000000
vt -0.000000 3.620494 0.000000
vt -0.500000 3.379128 0.000000
vt -0.000000 3.379128 0.000000
vt -0.500000 3.137761 0.000000
vt -0.000000 3.137761 0.000000
vt -0.500000 2.896395 0.000000
vt -0.000000 2.896395 0.000000
vt -0.500000 2.655029 0.000000
vt -0.000000 2.655029 0.000000
vt -0.500000 2.413663 0.000000
vt -0.000000 2.413663 0.000000
vt -0.500000 2.172296 0.000000
vt -0.000000 2.172296 0.000000
vt -0.500000 1.930930 0.000000
vt -0.000000 1.930930 0.000000
vt -0.500000 1.689564 0.000000
vt -0.000000 1.689564 0.000000
vt -0.500000 1.448198 0.000000
vt -0.000000 1.448198 0.000000
vt -0.500000 1.206831 0.000000
vt -0.000000 1.206831 0.000000
vt -0.500000 0.965465 0.000000
vt -0.000000 0.965465 0.000000
vt -0.500000 0.724099 0.000000
vt -0.000000 0.724099 0.000000
vt -0.500000 0.482733 0.000000
vt -0.000000 0.482733 0.000000
vt -0.500000 0.241366 0.000000
vt -0.000000 0.241366 0.000000
vt -0.500000 0.000000 0.000000
vt -0.000000 0.000000 0.000000
vt -0.500000 -0.241366 0.000000
vt -0.000000 -0.241366 0.000000
vt -0.500000 -0.482733 0.000000
vt -0.000000 -0.482733 0.000000
vt -0.500000 -0.724099 0.000000
vt -0.000000 -0.724099 0.000000
vt -0.500000 -0.965465 0.000000
vt -0.000000 -0.965465 0.000000
vt -0.500000 -1.206831 0.000000
vt -0.000000 -1.206831 0.000000
vt -0.500000 -1.448198 0.000000
vt -0.000000 -1.448198 0.000000
vt -0.500000 -1.689564 0.000000
vt -0.000000 -1.689564 0.000000
vt -0.500000 -1.930930 0.000000
vt -0.000000 -1.930930 0.000000
vt -0.500000 -2.172296 0.000000
vt -0.000000 -2.172296 0.000000
vt -0.500000 -2.413663 0.000000
vt -0.000000 -2.413663 0.000000
vt -0.500000 -2.655029 0.000000
vt -0.000000 -2.655029 0.000000
vt -0.500000 -2.896395 0.000000
vt -0.000000 -2.896395 0.000000
vt -0.500000 -3.137761 0.000000
vt -0.000000 -3.137761 0.000000
vt -0.500000 -3.379128 0.000000
vt -0.000000 -3.379128 0.000000
vt -0.500000 -3.620494 0.000000
vt -0.000000 -3.620494 0.000000
vt -0.500000 -3.861860 0.000000
vt -0.000000 -3.861860 0.000000
vt -0.500000 -4.103227 0.000000
vt -0.000000 -4.103227 0.000000
vt -0.500000 -4.344593 0.000000
vt -0.000000 -4.344593 0.000000
vt -0.500000 -4.585959 0.000000
vt -0.000000 -4.585959 0.000000
vt -0.500000 -4.827325 0.000000
vt -0.000000 -4.827325 0.000000
vt -0.500000 -5.068692 0.000000
vt -0.000000 -5.068692 0.000000
vt -0.500000 -5.310058 0.000000
vt -0.000000 -5.310058 0.000000
vt -0.500000 -5.551424 0.000000
vt -0.000000 -5.551424 0.000000
vt -0.500000 -5.792790 0.000000
vt -0.000000 -5.792790 0.000000
vt -0.500000 -6.034157 0.000000
vt -0.000000 -6.034157 0.000000
vt -0.500000 -6.275523 0.000000
vt -0.000000 -6.275523 0.000000
vt -0.500000 -6.516889 0.000000
vt -0.000000 -6.516889 0.000000
vt -0.500000 -6.758255 0.000000
vt -0.000000 -6.758255 0.000000
vt -0.500000 -6.999622 0.000000
vt -0.000000 -6.999622 0.000000
vt -0.500000 -7.240988 0.000000
vt -0.000000 -7.240988 0.000000
vt -0.500000 -7.482354 0.000000
vt -0.000000 -7.482354 0.000000
vt -0.500000 -7.723720 0.000000
vt -0.000000 -7.723720 0.000000
vt -0.500000 -7.965087 0.000000
vt -0.000000 -7.965087 0.000000
vt -0.500000 -8.206453 0.000000
vt -0.000000 -8.206453 0.000000
vt -0.500000 -8.447819 0.000000
vt -0.000000 -8.447819 0.000000
vt -0.500000 -8.689186 0.000000
vt -0.000000 -8.689186 0.000000
vt -0.500000 -8.930552 0.000000
vt -0.000000 -8.930552 0.000000
vt -0.500000 -9.171918 0.000000
vt -0.000000 -9.171918 0.000000
vt -0.500000 -9.413284 0.000000
vt 0.500000 -0.719948 0.000000
vt 0.000000 -0.719948 0.000000
vt 0.500000 -0.785398 0.000000
vt 0.000000 -0.785398 0.000000
vt 0.500000 0.785398 0.000000
vt 0.000000 0.785398 0.000000
vt 0.500000 0.719948 0.000000
vt 0.000000 0.719948 0.000000
vt 0.500000 0.654498 0.000000
vt 0.000000 0.654498 0.000000
vt 0.500000 0.589049 0.000000
vt -0.000000 0.589049 0.000000
vt 0.500000 0.523599 0.000000
vt 0.000000 0.523599 0.000000
vt 0.500000 0.458149 0.000000
vt 0.000000 0.458149 0.000000
vt 0.500000 0.392699 0.000000
vt 0.000000 0.392699 0.000000
vt 0.500000 0.327249 0.000000
vt 0.000000 0.327249 0.000000
vt 0.500000 0.261799 0.000000
vt 0.000000 0.261799 0.000000
vt 0.500000 0.196350 0.000000
vt -0.000000 0.196350 0.000000
vt 0.500000 0.130900 0.000000
vt 0.000000 0.130900 0.000000
vt 0.500000 0.065450 0.000000
vt 0.000000 0.065450 0.000000
vt 0.500000 0.000000 0.000000
vt 0.000000 0.000000 0.000000
vt 0.500000 -0.065450 0.000000
vt -0.000000 -0.065450 0.000000
vt 0.500000 -0.130900 0.000000
vt 0.000000 -0.130900 0.000000
vt 0.500000 -0.196350 0.000000
vt 0.000000 -0.196350 0.000000
vt 0.500000 -0.261799 0.000000
vt 0.000000 -0.261799 0.000000
vt 0.500000 -0.327249 0.000000
vt 0.000000 -0.327249 0.000000
vt 0.500000 -0.392699 0.000000
vt 0.000000 -0.392699 0.000000
vt 0.500000 -0.458149 0.000000
vt -0.000000 -0.458149 0.000000
vt 0.500000 -0.523599 0.000000
vt 0.000000 -0.523599 0.000000
vt 0.500000 -0.589049 0.000000
vt -0.000000 -0.589049 0.000000
vt 0.500000 -0.654498 0.000000
vt 0.000000 -0.654498 0.000000
vt 0.500000 -0.719948 0.000000
vt 0.000000 -0.719948 0.000000
vt 0.500000 -0.785398 0.000000
vt 0.000000 -0.785398 0.000000
vt 0.500000 0.785398 0.000000
vt 0.000000 0.785398 0.000000
vt 0.500000 0.719948 0.000000
vt 0.000000 0.719948 0.000000
vt 0.500000 0.654498 0.000000
vt 0.000000 0.654498 0.000000
vt 0.500000 0.589049 0.000000
vt -0.000000 0.589049 0.000000
vt 0.500000 0.523599 0.000000
vt 0.000000 0.523599 0.000000
vt 0.500000 0.458149 0.000000
vt -0.000000 0.458149 0.000000
vt 0.500000 0.392699 0.000000
vt 0.000000 0.392699 0.000000
vt 0.500000 0.327249 0.000000
vt -0.000000 0.327249 0.000000
vt 0.500000 0.261799 0.000000
vt 0.000000 0.261799 0.000000
vt 0.500000 0.196350 0.000000
vt -0.000000 0.196350 0.000000
vt 0.500000 0.130900 0.000000
vt 0.000000 0.130900 0.000000
vt 0.500000 0.065450 0.000000
vt 0.000000 0.065450 0.000000
vt 0.500000 0.000000 0.000000
vt 0.000000 0.000000 0.000000
vt 0.500000 -0.065450 0.000000
vt -0.000000 -0.065450 0.000000
vt 0.500000 -0.130900 0.000000
vt 0.000000 -0.130900 0.000000
vt 0.500000 -0.196350 0.000000
vt 0.000000 -0.196350 0.000000
vt 0.500000 -0.261799 0.000000
vt 0.000000 -0.261799 0.000000
vt 0.500000 -0.327249 0.000000
vt 0.000000 -0.327249 0.000000
vt 0.500000 -0.392699 0.000000
vt 0.000000 -0.392699 0.000000
vt 0.500000 -0.458149 0.000000
vt 0.000000 -0.458149 0.000000
vt 0.500000 -0.523599 0.000000
vt 0.000000 -0.523599 0.000000
vt 0.500000 -0.589049 0.000000
vt -0.000000 -0.589049 0.000000
vt 0.500000 -0.654498 0.000000
vt 0.000000 -0.654498 0.000000
vt 0.500000 -0.719948 0.000000
vt 0.000000 -0.719948 0.000000
vt 0.500000 -0.785398 0.000000
vt 0.000000 -0.785398 0.000000
vt 0.500000 0.785398 0.000000
vt 0.000000 0.785398 0.000000
vt 0.500000 0.719948 0.000000
vt 0.000000 0.719948 0.000000
vt 0.500000 0.654498 0.000000
vt 0.000000 0.654498 0.000000
vt 0.500000 0.589049 0.000000
vt -0.000000 0.589049 0.000000
vt 0.500000 0.523599 0.000000
vt 0.000000 0.523599 0.000000
vt 0.500000 0.458149 0.000000
vt 0.000000 0.458149 0.000000
vt 0.500000 0.392699 0.000000
vt 0.000000 0.392699 0.000000
vt 0.500000 0.327249 0.000000
vt 0.000000 0.327249 0.000000
vt 0.500000 0.261799 0.000000
vt 0.000000 0.261799 0.000000
vt 0.500000 0.196350 0.000000
vt -0.000000 0.196350 0.000000
vt 0.500000 0.130900 0.000000
vt 0.000000 0.130900 0.000000
vt 0.500000 0.065450 0.000000
vt 0.000000 0.065450 0.000000
vt 0.500000 0.000000 0.000000
vt 0.000000 0.000000 0.000000
vt 0.500000 -0.065450 0.000000
vt 0.000000 -0.065450 0.000000
vt 0.500000 -0.130900 0.000000
vt 0.000000 -0.130900 0.000000
vt 0.500000 -0.196350 0.000000
vt 0.000000 -0.196350 0.000000
vt 0.500000 -0.261799 0.000000
vt 0.000000 -0.261799 0.000000
vt 0.500000 -0.327249 0.000000
vt 0.000000 -0.327249 0.000000
vt 0.500000 -0.392699 0.000000
vt 0.000000 -0.392699 0.000000
vt 0.500000 -0.458149 0.000000
vt -0.000000 -0.458149 0.000000
vt 0.500000 -0.523599 0.000000
vt 0.000000 -0.523599 0.000000
vt 0.500000 -0.589049 0.000000
vt -0.000000 -0.589049 0.000000
vt 0.500000 -0.654498 0.000000
vt 0.000000 -0.654498 0.000000
vt 0.500000 -0.719948 0.000000
vt 0.000000 -0.719948 0.000000
vt 0.500000 -0.785398 0.000000
vt 0.000000 -0.785398 0.000000
vt 0.500000 0.785398 0.000000
vt 0.000000 0.785398 0.000000
vt 0.500000 0.719948 0.000000
vt 0.000000 0.719948 0.000000
vt 0.500000 0.654498 0.000000
vt 0.000000 0.654498 0.000000
vt 0.500000 0.589049 0.000000
vt -0.000000 0.589049 0.000000
vt 0.500000 0.523599 0.000000
vt 0.000000 0.523599 0.000000
vt 0.500000 0.458149 0.000000
vt -0.000000 0.458149 0.000000
vt 0.500000 0.392699 0.000000
vt 0.000000 0.392699 0.000000
vt 0.500000 0.327249 0.000000
vt -0.000000 0.327249 0.000000
vt 0.500000 0.261799 0.000000
vt 0.000000 0.261799 0.000000
vt 0.500000 0.196350 0.000000
vt -0.000000 0.196350 0.000000
vt 0.500000 0.130900 0.000000
vt 0.000000 0.130900 0.000000
vt 0.500000 0.065450 0.000000
vt 0.000000 0.065450 0.000000
vt 0.500000 0.000000 0.000000
vt 0.000000 0.000000 0.000000
vt 0.500000 -0.065450 0.000000
vt 0.000000 -0.065450 0.000000
vt 0.500000 -0.130900 0.000000
vt 0.000000 -0.130900 0.000000
vt 0.500000 -0.196350 0.000000
vt 0.000000 -0.196350 0.000000
vt 0.500000 -0.261799 0.000000
vt 0.000000 -0.261799 0.000000
vt 0.500000 -0.327249 0.000000
vt 0.000000 -0.327249 0.000000
vt 0.500000 -0.392699 0.000000
vt 0.000000 -0.392699 0.000000
vt 0.500000 -0.458149 0.000000
vt 0.000000 -0.458149 0.000000
vt 0.500000 -0.523599 0.000000
vt 0.000000 -0.523599 0.000000
vt 0.500000 -0.589049 0.000000
vt -0.000000 -0.589049 0.000000
vt 0.500000 -0.654498 0.000000
vt 0.000000 -0.654498 0.000000
vn 0.000000 0.000000 100.000000
vn 0.000000 0.000000 100.000000
vn 0.000000 0.000000 100.000000
vn 0.000000 0.000000 100.000000
vn 0.000000 -100.000000 0.000000
vn 0.000000 -100.000000 0.000000
vn 0.000000 -100.000000 0.000000
vn 0.000000 -100.000000 0.000000
vn -100.000000 0.000000 0.000000
vn -100.000000 0.000000 0.000000
vn -100.000000 0.000000 0.000000
vn -100.000000 0.000000 0.000000
vn 0.000000 0.000000 -100.000000
vn 0.000000 0.000000 -100.000000
vn 0.000000 0.000000 -100.000000
vn 0.000000 0.000000 -100.000000
vn 0.000000 100.000000 0.000000
vn 0.000000 100.000000 0.000000
vn 0.000000 100.000000 0.000000
vn 0.000000 100.000000 0.000000
vn 100.000000 0.000000 0.000000
vn 100.000000 0.000000 0.000000
vn 100.000000 0.000000 0.000000
vn 100.000000 0.000000 0.000000
vn 0.000000 80.000000 60.000000
vn 0.000000 80.000000 60.000000
vn 0.000000 80.000000 60.000000
vn 0.000000 80.000000 60.000000
vn 0.000000 -80.000000 60.000000
vn 0.000000 -80.000000 60.000000
vn 0.000000 -80.000000 60.000000
vn 0.000000 -80.000000 60.000000
vn 100.000000 -0.000000 0.000000
vn 100.000000 -0.000000 0.000000
vn 100.000000 -0.000000 0.000000
vn 100.000000 0.000000 0.000000
vn 100.000000 0.000000 0.000000
vn 100.000000 0.000000 0.000000
vn 80.000000 0.000000 60.000000
vn 80.000000 0.000000 60.000000
vn 80.000000 0.000000 60.000000
vn 80.000000 0.000000 60.000000
vn -80.000000 0.000000 60.000000
vn -80.000000 0.000000 60.000000
vn -80.000000 0.000000 60.000000
vn -80.000000 0.000000 60.000000
vn 0.000000 100.000000 0.000000
vn 0.000000 100.000000 0.000000
vn 0.000000 100.000000 0.000000
vn 0.000000 100.000000 0.000000
vn 0.000000 100.000000 0.000000
vn 0.000000 100.000000 0.000000
vn 0.000000 -100.000000 0.000000
vn 0.000000 -100.000000 0.000000
vn 0.000000 -100.000000 0.000000
vn 100.000000 0.000000 0.000000
vn 100.000000 0.000000 0.000000
vn 100.000000 0.000000 0.000000
vn 100.000000 0.000000 0.000000
vn 100.000000 0.000000 0.000000
vn 100.000000 0.000000 0.000000
vn 100.000000 0.000000 0.000000
vn 100.000000 0.000000 0.000000
vn 100.000000 0.000000 0.000000
vn 100.000000 0.000000 0.000000
vn 100.000000 0.000000 0.000000
vn 100.000000 0.000000 0.000000
vn -100.000000 0.000000 0.000000
vn -100.000000 0.000000 0.000000
vn -100.000000 0.000000 0.000000
vn 0.000000 100.000000 0.000000
vn 0.000000 100.000000 0.000000
vn 0.000000 100.000000 0.000000
vn 0.000000 100.000000 0.000000
vn 0.000000 100.000000 0.000000
vn 0.000000 100.000000 0.000000
vn 0.000000 100.000000 0.000000
vn 0.000000 100.000000 0.000000
vn -100.000000 -0.000000 0.000000
vn -100.000000 -0.000000 0.000000
vn -100.000000 -0.000000 0.000000
vn 0.000000 -100.000000 0.000000
vn 0.000000 -100.000000 0.000000
vn 0.000000 -100.000000 0.000000
vn 0.000000 -100.000000 0.000000
vn 0.000000 -100.000000 0.000000
vn 0.000000 -100.000000 0.000000
vn 0.000000 -100.000000 0.000000
vn 0.000000 -100.000000 0.000000
vn 0.000000 -100.000000 0.000000
vn 0.000000 -100.000000 0.000000
vn 0.000000 -100.000000 0.000000
vn 0.000000 0.000000 100.000000
vn 0.000000 0.000000 100.000000
vn 0.000000 0.000000 100.000000
vn 0.000000 0.000000 100.000000
vn 0.000000 0.000000 100.000000
vn 0.000000 0.000000 100.000000
vn 0.000000 0.000000 100.000000
vn 0.000000 0.000000 100.000000
vn 0.000000 0.000000 100.000000
vn 0.000000 0.000000 100.000000
vn 0.000000 0.000000 100.000000
vn 0.000000 0.000000 100.000000
vn 0.000000 0.000000 100.000000
vn 0.000000 0.000000 100.000000
vn 0.000000 0.000000 100.000000
vn 0.000000 0.000000 100.000000
vn 0.000000 0.000000 100.000000
vn 0.000000 0.000000 100.000000
vn 0.000000 0.000000 100.000000
vn 0.000000 0.000000 100.000000
vn 0.000000 0.000000 100.000000
vn 0.000000 0.000000 100.000000
vn 0.000000 0.000000 100.000000
vn 0.000000 0.000000 100.000000
vn 0.000000 0.000000 100.000000
vn 0.000000 0.000000 100.000000
vn 0.000000 0.000000 100.000000
vn 0.000000 0.000000 100.000000
vn 0.000000 0.000000 100.000000
vn 0.000000 0.000000 100.000000
vn 0.000000 0.000000 100.000000
vn 0.000000 0.000000 100.000000
vn 0.000000 0.000000 100.000000
vn 0.000000 0.000000 100.000000
vn 0.000000 0.000000 100.000000
vn 0.000000 0.000000 100.000000
vn 0.000000 0.000000 100.000000
vn 0.000000 0.000000 100.000000
vn 0.000000 0.000000 100.000000
vn 0.000000 0.000000 100.000000
vn 0.000000 0.000000 100.000000
vn 0.000000 0.000000 100.000000
vn 0.000000 0.000000 100.000000
vn 0.000000 0.000000 100.000000
vn 0.000000 0.000000 100.000000
vn 0.000000 0.000000 100.000000
vn 0.000000 0.000000 100.000000
vn 0.000000 0.000000 100.000000
vn 0.000000 0.000000 100.000000
vn 0.000000 0.000000 100.000000
vn 0.000000 0.000000 100.000000
vn 0.000000 0.000000 100.000000
vn 0.000000 0.000000 100.000000
vn 0.000000 0.000000 100.000000
vn 0.000000 0.000000 100.000000
vn 0.000000 0.000000 100.000000
vn 0.000000 0.000000 100.000000
vn 0.000000 0.000000 100.000000
vn 0.000000 0.000000 100.000000
vn 0.000000 0.000000 100.000000
vn 0.000000 0.000000 100.000000
vn 0.000000 0.000000 100.000000
vn 0.000000 0.000000 100.000000
vn 0.000000 0.000000 100.000000
vn 0.000000 0.000000 100.000000
vn 0.000000 0.000000 100.000000
vn 0.000000 0.000000 100.000000
vn 0.000000 0.000000 100.000000
vn 0.000000 0.000000 100.000000
vn 0.000000 0.000000 100.000000
vn 0.000000 0.000000 100.000000
vn 0.000000 0.000000 100.000000
vn 0.000000 0.000000 100.000000
vn 0.000000 0.000000 100.000000
vn 0.000000 0.000000 100.000000
vn 0.000000 0.000000 100.000000
vn 0.000000 0.000000 100.000000
vn 0.000000 0.000000 100.000000
vn 0.000000 0.000000 100.000000
vn 0.000000 0.000000 100.000000
vn 0.000000 0.000000 100.000000
vn 0.000000 0.000000 100.000000
vn 0.000000 0.000000 100.000000
vn 0.000000 0.000000 100.000000
vn 0.000000 0.000000 100.000000
vn 0.000000 0.000000 100.000000
vn 0.000000 0.000000 100.000000
vn 0.000000 0.000000 100.000000
vn 0.000000 0.000000 100.000000
vn 0.000000 0.000000 100.000000
vn 0.000000 0.000000 100.000000
vn 0.000000 0.000000 100.000000
vn 0.000000 0.000000 100.000000
vn 0.000000 0.000000 100.000000
vn 0.000000 0.000000 100.000000
vn 0.000000 0.000000 100.000000
vn 0.000000 0.000000 100.000000
vn 0.000000 0.000000 100.000000
vn 0.000000 0.000000 100.000000
vn 0.000000 0.000000 100.000000
vn 0.000000 0.000000 100.000000
vn 0.000000 0.000000 100.000000
vn 0.000000 0.000000 100.000000
vn 0.000000 0.000000 100.000000
vn 0.000000 0.000000 100.000000
vn 0.000000 0.000000 100.000000
vn 0.000000 0.000000 100.000000
vn 0.000000 0.000000 100.000000
vn 0.000000 0.000000 100.000000
vn 0.000000 0.000000 100.000000
vn 0.000000 0.000000 100.000000
vn 0.000000 0.000000 100.000000
vn 0.000000 0.000000 100.000000
vn 0.000000 0.000000 100.000000
vn 0.000000 0.000000 100.000000
vn 0.000000 0.000000 100.000000
vn 0.000000 0.000000 100.000000
vn 0.000000 0.000000 100.000000
vn 0.000000 0.000000 100.000000
vn 0.000000 0.000000 100.000000
vn 0.000000 0.000000 100.000000
vn 0.000000 0.000000 100.000000
vn 0.000000 0.000000 100.000000
vn 0.000000 0.000000 100.000000
vn 0.000000 0.000000 100.000000
vn 0.000000 0.000000 100.000000
vn 0.000000 0.000000 100.000000
vn 0.000000 0.000000 100.000000
vn 0.000000 0.000000 100.000000
vn 0.000000 0.000000 100.000000
vn 0.000000 0.000000 100.000000
vn 0.000000 0.000000 100.000000
vn 0.000000 0.000000 100.000000
vn 0.000000 0.000000 100.000000
vn 0.000000 0.000000 100.000000
vn 0.000000 0.000000 100.000000
vn 0.000000 0.000000 100.000000
vn 0.000000 0.000000 100.000000
vn 0.000000 0.000000 100.000000
vn 0.000000 0.000000 100.000000
vn 0.000000 0.000000 100.000000
vn 0.000000 0.000000 100.000000
vn 0.000000 0.000000 100.000000
vn 0.000000 0.000000 100.000000
vn 0.000000 0.000000 100.000000
vn 0.000000 0.000000 100.000000
vn 0.000000 0.000000 100.000000
vn 0.000000 0.000000 100.000000
vn 0.000000 0.000000 100.000000
vn 0.000000 0.000000 100.000000
vn 0.000000 0.000000 100.000000
vn 0.000000 0.000000 100.000000
vn 0.000000 0.000000 100.000000
vn 0.000000 0.000000 100.000000
vn 0.000000 0.000000 100.000000
vn 0.000000 0.000000 100.000000
vn 0.000000 0.000000 100.000000
vn 0.000000 0.000000 100.000000
vn 0.000000 0.000000 100.000000
vn 0.000000 0.000000 100.000000
vn 0.000000 0.000000 100.000000
vn 0.000000 0.000000 100.000000
vn 0.000000 0.000000 100.000000
vn 0.000000 0.000000 100.000000
vn 0.000000 0.000000 100.000000
vn 0.000000 0.000000 100.000000
vn 0.000000 0.000000 100.000000
vn 0.000000 0.000000 100.000000
vn 0.000000 0.000000 100.000000
vn 0.000000 0.000000 100.000000
vn 0.000000 0.000000 100.000000
vn 0.000000 0.000000 100.000000
vn 0.000000 0.000000 100.000000
vn 0.000000 0.000000 100.000000
vn 0.000000 0.000000 100.000000
vn 0.000000 0.000000 100.000000
vn 0.000000 0.000000 100.000000
vn 0.000000 0.000000 100.000000
vn 0.000000 0.000000 100.000000
vn 0.000000 0.000000 100.000000
vn 0.000000 0.000000 100.000000
vn 0.000000 0.000000 100.000000
vn 0.000000 0.000000 100.000000
vn 0.000000 0.000000 100.000000
vn 0.000000 0.000000 100.000000
vn 0.000000 0.000000 100.000000
vn 0.000000 0.000000 100.000000
vn 0.000000 0.000000 100.000000
vn 0.000000 0.000000 100.000000
vn 0.000000 0.000000 100.000000
vn 0.000000 0.000000 100.000000
vn 0.000000 0.000000 100.000000
vn 0.000000 0.000000 100.000000
vn 0.000000 0.000000 100.000000
vn 0.000000 0.000000 100.000000
vn 0.000000 0.000000 100.000000
vn 0.000000 0.000000 100.000000
vn 0.000000 0.000000 100.000000
vn 0.000000 0.000000 -100.000000
vn 0.000000 0.000000 -100.000000
vn 0.000000 0.000000 -100.000000
vn 0.000000 0.000000 -100.000000
vn 0.000000 0.000000 -100.000000
vn 0.000000 0.000000 -100.000000
vn 0.000000 0.000000 -100.000000
vn 0.000000 0.000000 -100.000000
vn 0.000000 0.000000 -100.000000
vn 0.000000 0.000000 -100.000000
vn 0.000000 0.000000 -100.000000
vn 0.000000 0.000000 -100.000000
vn 0.000000 0.000000 -100.000000
vn 0.000000 0.000000 -100.000000
vn 0.000000 0.000000 -100.000000
vn 0.000000 0.000000 -100.000000
vn 0.000000 0.000000 -100.000000
vn 0.000000 0.000000 -100.000000
vn 0.000000 0.000000 -100.000000
vn 0.000000 0.000000 -100.000000
vn 0.000000 0.000000 -100.000000
vn 0.000000 0.000000 -100.000000
vn 0.000000 0.000000 -100.000000
vn 0.000000 0.000000 -100.000000
vn 0.000000 0.000000 -100.000000
vn 0.000000 0.000000 -100.000000
vn 0.000000 0.000000 -100.000000
vn 0.000000 0.000000 -100.000000
vn 0.000000 0.000000 -100.000000
vn 0.000000 0.000000 -100.000000
vn 0.000000 0.000000 -100.000000
vn 0.000000 0.000000 -100.000000
vn 0.000000 0.000000 -100.000000
vn 0.000000 0.000000 -100.000000
vn 0.000000 0.000000 -100.000000
vn 0.000000 0.000000 -100.000000
vn 0.000000 0.000000 -100.000000
vn 0.000000 0.000000 -100.000000
vn 0.000000 0.000000 -100.000000
vn 0.000000 0.000000 -100.000000
vn 0.000000 0.000000 -100.000000
vn 0.000000 0.000000 -100.000000
vn 0.000000 0.000000 -100.000000
vn 0.000000 0.000000 -100.000000
vn 0.000000 0.000000 -100.000000
vn 0.000000 0.000000 -100.000000
vn 0.000000 0.000000 -100.000000
vn 0.000000 0.000000 -100.000000
vn 0.000000 0.000000 -100.000000
vn 0.000000 0.000000 -100.000000
vn 0.000000 0.000000 -100.000000
vn 0.000000 0.000000 -100.000000
vn 0.000000 0.000000 -100.000000
vn 0.000000 0.000000 -100.000000
vn 0.000000 0.000000 -100.000000
vn 0.000000 0.000000 -100.000000
vn 0.000000 0.000000 -100.000000
vn 0.000000 0.000000 -100.000000
vn 0.000000 0.000000 -100.000000
vn 0.000000 0.000000 -100.000000
vn 0.000000 0.000000 -100.000000
vn 0.000000 0.000000 -100.000000
vn 0.000000 0.000000 -100.000000
vn 0.000000 0.000000 -100.000000
vn 0.000000 0.000000 -100.000000
vn 0.000000 0.000000 -100.000000
vn 0.000000 0.000000 -100.000000
vn 0.000000 0.000000 -100.000000
vn 0.000000 0.000000 -100.000000
vn 0.000000 0.000000 -100.000000
vn 0.000000 0.000000 -100.000000
vn 0.000000 0.000000 -100.000000
vn 0.000000 0.000000 -100.000000
vn 0.000000 0.000000 -100.000000
vn 0.000000 0.000000 -100.000000
vn 0.000000 0.000000 -100.000000
vn 0.000000 0.000000 -100.000000
vn 0.000000 0.000000 -100.000000
vn 0.000000 0.000000 -100.000000
vn 0.000000 0.000000 -100.000000
vn 0.000000 0.000000 -100.000000
vn 0.000000 0.000000 -100.000000
vn 0.000000 0.000000 -100.000000
vn 0.000000 0.000000 -100.000000
vn 0.000000 0.000000 -100.000000
vn 0.000000 0.000000 -100.000000
vn 0.000000 0.000000 -100.000000
vn 0.000000 0.000000 -100.000000
vn 0.000000 0.000000 -100.000000
vn 0.000000 0.000000 -100.000000
vn 0.000000 0.000000 -100.000000
vn 0.000000 0.000000 -100.000000
vn 0.000000 0.000000 -100.000000
vn 0.000000 0.000000 -100.000000
vn 0.000000 0.000000 -100.000000
vn 0.000000 0.000000 -100.000000
vn 0.000000 0.000000 -100.000000
vn 0.000000 0.000000 -100.000000
vn 0.000000 0.000000 -100.000000
vn 0.000000 0.000000 -100.000000
vn 0.000000 0.000000 -100.000000
vn 0.000000 0.000000 -100.000000
vn 0.000000 0.000000 -100.000000
vn 0.000000 0.000000 -100.000000
vn 0.000000 0.000000 -100.000000
vn 0.000000 0.000000 -100.000000
vn 0.000000 0.000000 -100.000000
vn 0.000000 0.000000 -100.000000
vn 0.000000 0.000000 -100.000000
vn 0.000000 0.000000 -100.000000
vn 0.000000 0.000000 -100.000000
vn 0.000000 0.000000 -100.000000
vn 0.000000 0.000000 -100.000000
vn 0.000000 0.000000 -100.000000
vn 0.000000 0.000000 -100.000000
vn 0.000000 0.000000 -100.000000
vn 0.000000 0.000000 -100.000000
vn 0.000000 0.000000 -100.000000
vn 0.000000 0.000000 -100.000000
vn 0.000000 0.000000 -100.000000
vn 0.000000 0.000000 -100.000000
vn 0.000000 0.000000 -100.000000
vn 0.000000 0.000000 -100.000000
vn 0.000000 0.000000 -100.000000
vn 0.000000 0.000000 -100.000000
vn 0.000000 0.000000 -100.000000
vn 0.000000 0.000000 -100.000000
vn 0.000000 0.000000 -100.000000
vn 0.000000 0.000000 -100.000000
vn 0.000000 0.000000 -100.000000
vn 0.000000 0.000000 -100.000000
vn 0.000000 0.000000 -100.000000
vn 0.000000 0.000000 -100.000000
vn 0.000000 0.000000 -100.000000
vn 0.000000 0.000000 -100.000000
vn 0.000000 0.000000 -100.000000
vn 0.000000 0.000000 -100.000000
vn 0.000000 0.000000 -100.000000
vn 0.000000 0.000000 -100.000000
vn 0.000000 0.000000 -100.000000
vn 0.000000 0.000000 -100.000000
vn 0.000000 0.000000 -100.000000
vn 0.000000 0.000000 -100.000000
vn 0.000000 0.000000 -100.000000
vn 0.000000 0.000000 -100.000000
vn 0.000000 0.000000 -100.000000
vn 0.000000 0.000000 -100.000000
vn 0.000000 0.000000 -100.000000
vn 0.000000 0.000000 -100.000000
vn 0.000000 0.000000 -100.000000
vn 0.000000 0.000000 -100.000000
vn 0.000000 0.000000 -100.000000
vn 0.000000 0.000000 -100.000000
vn 0.000000 0.000000 -100.000000
vn 0.000000 0.000000 -100.000000
vn 0.000000 0.000000 -100.000000
vn 0.000000 0.000000 -100.000000
vn 0.000000 0.000000 -100.000000
vn 0.000000 0.000000 -100.000000
vn 0.000000 0.000000 -100.000000
vn 0.000000 0.000000 -100.000000
vn 0.000000 0.000000 -100.000000
vn 0.000000 0.000000 -100.000000
vn 0.000000 0.000000 -100.000000
vn 0.000000 0.000000 -100.000000
vn 0.000000 0.000000 -100.000000
vn 0.000000 0.000000 -100.000000
vn 0.000000 0.000000 -100.000000
vn 0.000000 0.000000 -100.000000
vn 0.000000 0.000000 -100.000000
vn 0.000000 0.000000 -100.000000
vn 0.000000 0.000000 -100.000000
vn 0.000000 0.000000 -100.000000
vn 0.000000 0.000000 -100.000000
vn 0.000000 0.000000 -100.000000
vn 0.000000 0.000000 -100.000000
vn 0.000000 0.000000 -100.000000
vn 0.000000 0.000000 -100.000000
vn 0.000000 -100.000000 0.000000
vn 0.000000 -100.000000 0.000000
vn 0.000000 -100.000000 0.000000
vn 0.000000 -100.000000 0.000000
vn 0.000000 -100.000000 0.000000
vn 0.000000 -100.000000 0.000000
vn 0.000000 -100.000000 0.000000
vn 0.000000 -100.000000 0.000000
vn 100.000000 0.000000 0.000000
vn 100.000000 0.000000 0.000000
vn 100.000000 0.000000 0.000000
vn 100.000000 0.000000 0.000000
vn 0.000000 100.000000 0.000000
vn 0.000000 100.000000 0.000000
vn 0.000000 100.000000 0.000000
vn 0.000000 100.000000 0.000000
vn 0.000000 0.000000 100.000000
vn 0.000000 0.000000 100.000000
vn 0.000000 0.000000 100.000000
vn 0.000000 0.000000 100.000000
vn -100.000000 0.000000 -0.000000
vn -100.000000 0.000000 -0.000000
vn -100.000000 0.000000 -0.000000
vn -100.000000 0.000000 -0.000000
vn -100.000000 0.000000 0.000000
vn -100.000000 0.000000 0.000000
vn -100.000000 0.000000 0.000000
vn -100.000000 0.000000 0.000000
vn 100.000000 0.000000 0.000000
vn 100.000000 0.000000 0.000000
vn 100.000000 0.000000 0.000000
vn 100.000000 0.000000 0.000000
vn 0.000000 -100.000000 0.000000
vn 0.000000 -100.000000 0.000000
vn 0.000000 -100.000000 0.000000
vn 0.000000 -100.000000 0.000000
vn 0.000000 -93.969262 34.202014
vn 0.000000 -93.969262 34.202014
vn 0.000000 -93.969262 34.202014
vn 0.000000 -93.969262 34.202014
vn 0.000000 -93.969262 34.202014
vn 0.000000 -93.969262 34.202014
vn 0.000000 -93.969262 34.202014
vn 0.000000 -93.969262 34.202014
vn 0.000000 -100.000000 0.000000
vn 0.000000 -100.000000 0.000000
vn 0.000000 -100.000000 0.000000
vn -100.000000 0.000000 0.000000
vn -100.000000 0.000000 0.000000
vn -100.000000 0.000000 0.000000
vn -100.000000 0.000000 0.000000
vn -100.000000 0.000000 0.000000
vn -100.000000 0.000000 0.000000
vn -100.000000 0.000000 0.000000
vn -100.000000 0.000000 0.000000
vn -100.000000 0.000000 0.000000
vn -100.000000 0.000000 0.000000
vn -100.000000 0.000000 0.000000
vn -100.000000 0.000000 0.000000
vn 0.000000 100.000000 0.000000
vn 0.000000 100.000000 0.000000
vn 0.000000 100.000000 0.000000
vn -0.000000 -100.000000 0.000000
vn -0.000000 -100.000000 0.000000
vn -0.000000 -100.000000 0.000000
vn 0.000000 100.000000 0.000000
vn 0.000000 100.000000 0.000000
vn 0.000000 100.000000 0.000000
vn 0.000000 0.000000 -100.000000
vn 0.000000 0.000000 -100.000000
vn 0.000000 0.000000 -100.000000
vn 0.000000 0.000000 -100.000000
vn 0.000000 0.000000 -100.000000
vn 0.000000 0.000000 -100.000000
vn 0.000000 0.000000 -100.000000
vn 0.000000 0.000000 -100.000000
vn 0.000000 0.000000 -100.000000
vn 0.000000 0.000000 -100.000000
vn 0.000000 0.000000 -100.000000
vn 0.000000 0.000000 -100.000000
vn 0.000000 0.000000 -100.000000
vn 0.000000 0.000000 -100.000000
vn 0.000000 0.000000 -100.000000
vn 0.000000 0.000000 -100.000000
vn 55.470019 0.000000 -83.205030
vn 55.470019 0.000000 -83.205030
vn 55.470019 0.000000 -83.205030
vn 55.470019 0.000000 -83.205030
vn -55.470019 0.000000 -83.205030
vn -55.470019 0.000000 -83.205030
vn -55.470019 0.000000 -83.205030
vn -55.470019 0.000000 -83.205030
vn -99.706580 7.654925 -0.000000
vn -99.706580 7.654925 -0.000000
vn -100.000000 0.000000 -0.000000
vn -100.000000 0.000000 -0.000000
vn -99.706580 -7.654925 0.000000
vn -99.706580 -7.654925 0.000000
vn -98.828042 -15.264928 0.000000
vn -98.828042 15.264928 -0.000000
vn -98.828042 15.264928 -0.000000
vn -97.369542 22.785351 -0.000000
vn -97.369542 22.785351 -0.000000
vn -95.339639 30.172060 -0.000000
vn -95.339639 30.172060 -0.000000
vn -92.750245 37.381707 -0.000000
vn -92.750245 37.381707 -0.000000
vn -89.616556 44.371984 -0.000000
vn -89.616556 44.371984 -0.000000
vn -85.956961 51.101868 -0.000000
vn -85.956961 51.101868 -0.000000
vn -81.792936 57.531866 -0.000000
vn -81.792936 57.531866 -0.000000
vn -77.148918 63.624244 -0.000000
vn -77.148918 63.624244 -0.000000
vn -72.052159 69.343250 -0.000000
vn -72.052159 69.343250 -0.000000
vn -66.532570 74.655322 -0.000000
vn -66.532570 74.655322 -0.000000
vn -60.622541 79.529287 -0.000000
vn -60.622541 79.529287 -0.000000
vn -54.356755 83.936543 -0.000000
vn -54.356755 83.936543 -0.000000
vn -47.771982 87.851225 -0.000000
vn -47.771982 87.851225 -0.000000
vn -40.906864 91.250362 -0.000000
vn -40.906864 91.250362 -0.000000
vn -33.801688 94.114005 -0.000000
vn -33.801688 94.114005 -0.000000
vn -26.498150 96.425350 -0.000000
vn -26.498150 96.425350 -0.000000
vn -19.039111 98.170832 -0.000000
vn -19.039111 98.170832 -0.000000
vn -11.468343 99.340209 -0.000000
vn -11.468343 99.340209 -0.000000
vn -3.830273 99.926618 -0.000000
vn -3.830273 99.926618 -0.000000
vn 3.830273 99.926618 0.000000
vn 3.830273 99.926618 0.000000
vn 11.468343 99.340209 0.000000
vn 11.468343 99.340209 0.000000
vn 19.039111 98.170832 0.000000
vn 19.039111 98.170832 0.000000
vn 26.498150 96.425350 0.000000
vn 26.498150 96.425350 0.000000
vn 33.801688 94.114005 0.000000
vn 33.801688 94.114005 0.000000
vn 40.906864 91.250362 0.000000
vn 40.906864 91.250362 0.000000
vn 47.771982 87.851225 0.000000
vn 47.771982 87.851225 0.000000
vn 54.356755 83.936543 0.000000
vn 54.356755 83.936543 0.000000
vn 60.622541 79.529287 0.000000
vn 60.622541 79.529287 0.000000
vn 66.532570 74.655322 0.000000
vn 66.532570 74.655322 0.000000
vn 72.052159 69.343250 0.000000
vn 72.052159 69.343250 0.000000
vn 77.148918 63.624244 0.000000
vn 77.148918 63.624244 0.000000
vn 81.792936 57.531866 0.000000
vn 81.792936 57.531866 0.000000
vn 85.956961 51.101868 0.000000
vn 85.956961 51.101868 0.000000
vn 89.616556 44.371984 0.000000
vn 89.616556 44.371984 0.000000
vn 92.750245 37.381707 0.000000
vn 92.750245 37.381707 0.000000
vn 95.339639 30.172060 0.000000
vn 95.339639 30.172060 0.000000
vn 97.369542 22.785351 0.000000
vn 97.369542 22.785351 0.000000
vn 98.828042 15.264928 0.000000
vn 98.828042 15.264928 0.000000
vn 99.706580 7.654925 0.000000
vn 99.706580 7.654925 0.000000
vn 100.000000 0.000000 0.000000
vn 100.000000 0.000000 0.000000
vn 99.706580 -7.654925 0.000000
vn 99.706580 -7.654925 0.000000
vn 98.828042 -15.264928 0.000000
vn 98.828042 -15.264928 0.000000
vn 97.369542 -22.785351 0.000000
vn 97.369542 -22.785351 0.000000
vn 95.339639 -30.172060 0.000000
vn 95.339639 -30.172060 0.000000
vn 92.750245 -37.381707 0.000000
vn 92.750245 -37.381707 0.000000
vn 89.616556 -44.371984 0.000000
vn 89.616556 -44.371984 0.000000
vn 85.956961 -51.101868 0.000000
vn 85.956961 -51.101868 0.000000
vn 81.792936 -57.531866 0.000000
vn 81.792936 -57.531866 0.000000
vn 77.148918 -63.624244 0.000000
vn 77.148918 -63.624244 0.000000
vn 72.052159 -69.343250 0.000000
vn 72.052159 -69.343250 0.000000
vn 66.532570 -74.655322 0.000000
vn 66.532570 -74.655322 0.000000
vn 60.622541 -79.529287 0.000000
vn 60.622541 -79.529287 0.000000
vn 54.356755 -83.936543 0.000000
vn 54.356755 -83.936543 0.000000
vn 47.771982 -87.851225 0.000000
vn 47.771982 -87.851225 0.000000
vn 40.906864 -91.250362 0.000000
vn 40.906864 -91.250362 0.000000
vn 33.801688 -94.114005 0.000000
vn 33.801688 -94.114005 0.000000
vn 26.498150 -96.425350 0.000000
vn 26.498150 -96.425350 0.000000
vn 19.039111 -98.170832 0.000000
vn 19.039111 -98.170832 0.000000
vn 11.468343 -99.340209 0.000000
vn 11.468343 -99.340209 0.000000
vn 3.830273 -99.926618 0.000000
vn 3.830273 -99.926618 0.000000
vn -3.830273 -99.926618 0.000000
vn -3.830273 -99.926618 0.000000
vn -11.468343 -99.340209 0.000000
vn -11.468343 -99.340209 0.000000
vn -19.039111 -98.170832 0.000000
vn -19.039111 -98.170832 0.000000
vn -26.498150 -96.425350 0.000000
vn -26.498150 -96.425350 0.000000
vn -33.801688 -94.114005 0.000000
vn -33.801688 -94.114005 0.000000
vn -40.906864 -91.250362 0.000000
vn -40.906864 -91.250362 0.000000
vn -47.771982 -87.851225 0.000000
vn -47.771982 -87.851225 0.000000
vn -54.356755 -83.936543 0.000000
vn -54.356755 -83.936543 0.000000
vn -60.622541 -79.529287 0.000000
vn -60.622541 -79.529287 0.000000
vn -66.532570 -74.655322 0.000000
vn -66.532570 -74.655322 0.000000
vn -72.052159 -69.343250 0.000000
vn -72.052159 -69.343250 0.000000
vn -77.148918 -63.624244 0.000000
vn -77.148918 -63.624244 0.000000
vn -81.792936 -57.531866 0.000000
vn -81.792936 -57.531866 0.000000
vn -85.956961 -51.101868 0.000000
vn -85.956961 -51.101868 0.000000
vn -89.616556 -44.371984 0.000000
vn -89.616556 -44.371984 0.000000
vn -92.750245 -37.381707 0.000000
vn -92.750245 -37.381707 0.000000
vn -95.339639 -30.172060 0.000000
vn -95.339639 -30.172060 0.000000
vn -97.369542 -22.785351 0.000000
vn -97.369542 -22.785351 0.000000
vn -98.828042 -15.264928 0.000000
vn 96.592583 25.881905 0.000000
vn 96.592583 25.881905 0.000000
vn 100.000000 0.000000 0.000000
vn 100.000000 0.000000 0.000000
vn 96.592583 -25.881905 0.000000
vn 96.592583 -25.881905 0.000000
vn 86.602540 -50.000000 0.000000
vn 86.602540 -50.000000 0.000000
vn 70.710678 -70.710678 0.000000
vn 70.710678 -70.710678 0.000000
vn 50.000000 -86.602540 0.000000
vn 50.000000 -86.602540 0.000000
vn 25.881905 -96.592583 0.000000
vn 25.881905 -96.592583 0.000000
vn -0.000000 -100.000000 0.000000
vn -0.000000 -100.000000 0.000000
vn -25.881905 -96.592583 0.000000
vn -25.881905 -96.592583 0.000000
vn -50.000000 -86.602540 0.000000
vn -50.000000 -86.602540 0.000000
vn -70.710678 -70.710678 0.000000
vn -70.710678 -70.710678 0.000000
vn -86.602540 -50.000000 0.000000
vn -86.602540 -50.000000 0.000000
vn -96.592583 -25.881905 0.000000
vn -96.592583 -25.881905 0.000000
vn -100.000000 0.000000 0.000000
vn -100.000000 0.000000 0.000000
vn -96.592583 25.881905 0.000000
vn -96.592583 25.881905 0.000000
vn -86.602540 50.000000 0.000000
vn -86.602540 50.000000 0.000000
vn -70.710678 70.710678 0.000000
vn -70.710678 70.710678 0.000000
vn -50.000000 86.602540 0.000000
vn -50.000000 86.602540 0.000000
vn -25.881905 96.592583 0.000000
vn -25.881905 96.592583 0.000000
vn -0.000000 100.000000 0.000000
vn -0.000000 100.000000 0.000000
vn 25.881905 96.592583 0.000000
vn 25.881905 96.592583 0.000000
vn 50.000000 86.602540 0.000000
vn 50.000000 86.602540 0.000000
vn 70.710678 70.710678 0.000000
vn 70.710678 70.710678 0.000000
vn 86.602540 50.000000 0.000000
vn 86.602540 50.000000 0.000000
vn 96.592583 25.881905 0.000000
vn 96.592583 25.881905 0.000000
vn 100.000000 0.000000 0.000000
vn 100.000000 0.000000 0.000000
vn 96.592583 -25.881905 0.000000
vn 96.592583 -25.881905 0.000000
vn 86.602540 -50.000000 0.000000
vn 86.602540 -50.000000 0.000000
vn 70.710678 -70.710678 0.000000
vn 70.710678 -70.710678 0.000000
vn 50.000000 -86.602540 0.000000
vn 50.000000 -86.602540 0.000000
vn 25.881905 -96.592583 0.000000
vn 25.881905 -96.592583 0.000000
vn -0.000000 -100.000000 0.000000
vn -0.000000 -100.000000 0.000000
vn -25.881905 -96.592583 0.000000
vn -25.881905 -96.592583 0.000000
vn -50.000000 -86.602540 0.000000
vn -50.000000 -86.602540 0.000000
vn -70.710678 -70.710678 0.000000
vn -70.710678 -70.710678 0.000000
vn -86.602540 -50.000000 0.000000
vn -86.602540 -50.000000 0.000000
vn -96.592583 -25.881905 0.000000
vn -96.592583 -25.881905 0.000000
vn -100.000000 0.000000 0.000000
vn -100.000000 0.000000 0.000000
vn -96.592583 25.881905 0.000000
vn -96.592583 25.881905 0.000000
vn -86.602540 50.000000 0.000000
vn -86.602540 50.000000 0.000000
vn -70.710678 70.710678 0.000000
vn -70.710678 70.710678 0.000000
vn -50.000000 86.602540 0.000000
vn -50.000000 86.602540 0.000000
vn -25.881905 96.592583 0.000000
vn -25.881905 96.592583 0.000000
vn -0.000000 100.000000 0.000000
vn -0.000000 100.000000 0.000000
vn 25.881905 96.592583 0.000000
vn 25.881905 96.592583 0.000000
vn 50.000000 86.602540 0.000000
vn 50.000000 86.602540 0.000000
vn 70.710678 70.710678 0.000000
vn 70.710678 70.710678 0.000000
vn 86.602540 50.000000 0.000000
vn 86.602540 50.000000 0.000000
vn 96.592583 25.881905 0.000000
vn 96.592583 25.881905 0.000000
vn 100.000000 0.000000 0.000000
vn 100.000000 0.000000 0.000000
vn 96.592583 -25.881905 0.000000
vn 96.592583 -25.881905 0.000000
vn 86.602540 -50.000000 0.000000
vn 86.602540 -50.000000 0.000000
vn 70.710678 -70.710678 0.000000
vn 70.710678 -70.710678 0.000000
vn 50.000000 -86.602540 0.000000
vn 50.000000 -86.602540 0.000000
vn 25.881905 -96.592583 0.000000
vn 25.881905 -96.592583 0.000000
vn -0.000000 -100.000000 0.000000
vn -0.000000 -100.000000 0.000000
vn -25.881905 -96.592583 0.000000
vn -25.881905 -96.592583 0.000000
vn -50.000000 -86.602540 0.000000
vn -50.000000 -86.602540 0.000000
vn -70.710678 -70.710678 0.000000
vn -70.710678 -70.710678 0.000000
vn -86.602540 -50.000000 0.000000
vn -86.602540 -50.000000 0.000000
vn -96.592583 -25.881905 0.000000
vn -96.592583 -25.881905 0.000000
vn -100.000000 0.000000 0.000000
vn -100.000000 0.000000 0.000000
vn -96.592583 25.881905 0.000000
vn -96.592583 25.881905 0.000000
vn -86.602540 50.000000 0.000000
vn -86.602540 50.000000 0.000000
vn -70.710678 70.710678 0.000000
vn -70.710678 70.710678 0.000000
vn -50.000000 86.602540 0.000000
vn -50.000000 86.602540 0.000000
vn -25.881905 96.592583 0.000000
vn -25.881905 96.592583 0.000000
vn -0.000000 100.000000 0.000000
vn -0.000000 100.000000 0.000000
vn 25.881905 96.592583 0.000000
vn 25.881905 96.592583 0.000000
vn 50.000000 86.602540 0.000000
vn 50.000000 86.602540 0.000000
vn 70.710678 70.710678 0.000000
vn 70.710678 70.710678 0.000000
vn 86.602540 50.000000 0.000000
vn 86.602540 50.000000 0.000000
vn 96.592583 25.881905 0.000000
vn 96.592583 25.881905 0.000000
vn 100.000000 0.000000 0.000000
vn 100.000000 0.000000 0.000000
vn 96.592583 -25.881905 0.000000
vn 96.592583 -25.881905 0.000000
vn 86.602540 -50.000000 0.000000
vn 86.602540 -50.000000 0.000000
vn 70.710678 -70.710678 0.000000
vn 70.710678 -70.710678 0.000000
vn 50.000000 -86.602540 0.000000
vn 50.000000 -86.602540 0.000000
vn 25.881905 -96.592583 0.000000
vn 25.881905 -96.592583 0.000000
vn -0.000000 -100.000000 0.000000
vn -0.000000 -100.000000 0.000000
vn -25.881905 -96.592583 0.000000
vn -25.881905 -96.592583 0.000000
vn -50.000000 -86.602540 0.000000
vn -50.000000 -86.602540 0.000000
vn -70.710678 -70.710678 0.000000
vn -70.710678 -70.710678 0.000000
vn -86.602540 -50.000000 0.000000
vn -86.602540 -50.000000 0.000000
vn -96.592583 -25.881905 0.000000
vn -96.592583 -25.881905 0.000000
vn -100.000000 0.000000 0.000000
vn -100.000000 0.000000 0.000000
vn -96.592583 25.881905 0.000000
vn -96.592583 25.881905 0.000000
vn -86.602540 50.000000 0.000000
vn -86.602540 50.000000 0.000000
vn -70.710678 70.710678 0.000000
vn -70.710678 70.710678 0.000000
vn -50.000000 86.602540 0.000000
vn -50.000000 86.602540 0.000000
vn -25.881905 96.592583 0.000000
vn -25.881905 96.592583 0.000000
vn -0.000000 100.000000 0.000000
vn -0.000000 100.000000 0.000000
vn 25.881905 96.592583 0.000000
vn 25.881905 96.592583 0.000000
vn 50.000000 86.602540 0.000000
vn 50.000000 86.602540 0.000000
vn 70.710678 70.710678 0.000000
vn 70.710678 70.710678 0.000000
vn 86.602540 50.000000 0.000000
vn 86.602540 50.000000 0.000000
usemtl Steel_-_Satin
f 1/1/1 2/2/2 4/3/3
f 4/3/3 2/2/2 3/4/4
f 4/5/5 3/6/6 6/7/7
f 6/7/7 3/6/6 5/8/8
f 3/9/9 2/10/10 5/11/11
f 5/11/11 2/10/10 7/12/12
f 7/13/13 8/14/14 5/15/15
f 5/15/15 8/14/14 6/16/16
f 2/17/17 1/18/18 7/19/19
f 7/19/19 1/18/18 8/20/20
f 1/21/21 4/22/22 8/23/23
f 8/23/23 4/22/22 6/24/24
f 9/25/25 10/26/26 12/27/27
f 12/27/27 10/26/26 11/28/28
f 13/29/29 14/30/30 16/31/31
f 16/31/31 14/30/30 15/32/32
f 12/33/33 11/34/34 17/35/35
f 16/36/36 15/37/37 18/38/38
f 19/39/39 20/40/40 22/41/41
f 22/41/41 20/40/40 21/42/42
f 23/43/43 24/44/44 26/45/45
f 26/45/45 24/44/44 25/46/46
f 20/47/47 19/48/48 27/49/49
f 24/50/50 23/51/51 28/52/52
f 22/53/53 21/54/54 29/55/55
f 29/56/56 21/57/57 37/58/58
f 37/58/58 21/57/57 36/59/59
f 36/59/59 21/57/57 34/60/60
f 36/59/59 34/60/60 35/61/61
f 21/57/57 20/62/62 34/60/60
f 34/60/60 20/62/62 33/63/63
f 33/63/63 20/62/62 31/64/64
f 33/63/63 31/64/64 32/65/65
f 27/66/66 30/67/67 20/62/62
f 20/62/62 30/67/67 31/64/64
f 10/68/68 9/69/69 38/70/70
f 17/71/71 11/72/72 30/73/73
f 30/73/73 11/72/72 31/74/74
f 31/74/74 11/72/72 10/75/75
f 31/74/74 10/75/75 40/76/76
f 40/76/76 10/75/75 39/77/77
f 39/77/77 10/75/75 38/78/78
f 14/79/79 13/80/80 41/81/81
f 41/82/82 13/83/83 43/84/84
f 43/84/84 13/83/83 42/85/85
f 42/85/85 13/83/83 16/86/86
f 42/85/85 16/86/86 36/87/87
f 36/87/87 16/86/86 37/88/88
f 37/88/88 16/86/86 18/89/89
f 26/90/90 25/91/91 44/92/92
f 29/93/93 37/94/94 22/95/95
f 22/95/95 37/94/94 121/96/96
f 22/95/95 121/96/96 122/97/97
f 18/98/98 15/99/99 37/94/94
f 37/94/94 15/99/99 119/100/100
f 37/94/94 119/100/100 120/101/101
f 14/102/102 162/103/103 15/99/99
f 15/99/99 162/103/103 163/104/104
f 15/99/99 163/104/104 164/105/105
f 41/106/106 43/107/107 14/102/102
f 14/102/102 43/107/107 79/108/108
f 14/102/102 79/108/108 80/109/109
f 44/110/110 25/111/111 43/107/107
f 43/107/107 25/111/111 77/112/112
f 43/107/107 77/112/112 78/113/113
f 24/114/114 141/115/115 25/111/111
f 25/111/111 141/115/115 142/116/116
f 25/111/111 142/116/116 143/117/117
f 28/118/118 39/119/119 24/114/114
f 24/114/114 39/119/119 61/120/120
f 24/114/114 61/120/120 62/121/121
f 38/122/122 9/123/123 39/119/119
f 39/119/119 9/123/123 59/124/124
f 39/119/119 59/124/124 60/125/125
f 12/126/126 203/127/127 9/123/123
f 9/123/123 203/127/127 204/128/128
f 9/123/123 204/128/128 205/129/129
f 17/130/130 30/131/131 12/126/126
f 12/126/126 30/131/131 115/132/132
f 12/126/126 115/132/132 116/133/133
f 27/134/134 19/135/135 30/131/131
f 30/131/131 19/135/135 113/136/136
f 30/131/131 113/136/136 114/137/137
f 22/95/95 182/138/138 19/135/135
f 19/135/135 182/138/138 183/139/139
f 19/135/135 183/139/139 184/140/140
f 46/141/141 214/142/142 45/143/143
f 45/143/143 214/142/142 215/144/144
f 45/143/143 215/144/144 68/145/145
f 68/145/145 215/144/144 67/146/146
f 67/146/146 215/144/144 216/147/147
f 67/146/146 216/147/147 66/148/148
f 66/148/148 216/147/147 217/149/149
f 66/148/148 217/149/149 65/150/150
f 65/150/150 217/149/149 218/151/151
f 65/150/150 218/151/151 24/114/114
f 24/114/114 218/151/151 219/152/152
f 24/114/114 219/152/152 220/153/153
f 46/141/141 47/154/154 214/142/142
f 214/142/142 47/154/154 213/155/155
f 213/155/155 47/154/154 48/156/156
f 213/155/155 48/156/156 212/157/157
f 212/157/157 48/156/156 49/158/158
f 212/157/157 49/158/158 50/159/159
f 212/157/157 50/159/159 211/160/160
f 211/160/160 50/159/159 51/161/161
f 211/160/160 51/161/161 52/162/162
f 211/160/160 52/162/162 210/163/163
f 210/163/163 52/162/162 53/164/164
f 210/163/163 53/164/164 209/165/165
f 209/165/165 53/164/164 54/166/166
f 209/165/165 54/166/166 208/167/167
f 208/167/167 54/166/166 55/168/168
f 208/167/167 55/168/168 9/123/123
f 9/123/123 55/168/168 56/169/169
f 9/123/123 56/169/169 57/170/170
f 57/170/170 58/171/171 9/123/123
f 9/123/123 58/171/171 59/124/124
f 60/125/125 61/120/120 39/119/119
f 62/121/121 63/172/172 24/114/114
f 24/114/114 63/172/172 64/173/173
f 24/114/114 64/173/173 65/150/150
f 70/174/174 149/175/175 69/176/176
f 69/176/176 149/175/175 150/177/177
f 69/176/176 150/177/177 92/178/178
f 92/178/178 150/177/177 91/179/179
f 91/179/179 150/177/177 151/180/180
f 91/179/179 151/180/180 90/181/181
f 90/181/181 151/180/180 152/182/182
f 90/181/181 152/182/182 89/183/183
f 89/183/183 152/182/182 88/184/184
f 88/184/184 152/182/182 153/185/185
f 88/184/184 153/185/185 87/186/186
f 87/186/186 153/185/185 86/187/187
f 86/187/187 153/185/185 154/188/188
f 86/187/187 154/188/188 85/189/189
f 85/189/189 154/188/188 155/190/190
f 85/189/189 155/190/190 84/191/191
f 84/191/191 155/190/190 156/192/192
f 84/191/191 156/192/192 83/193/193
f 83/193/193 156/192/192 14/102/102
f 83/193/193 14/102/102 82/194/194
f 82/194/194 14/102/102 81/195/195
f 81/195/195 14/102/102 80/109/109
f 70/174/174 71/196/196 149/175/175
f 149/175/175 71/196/196 148/197/197
f 148/197/197 71/196/196 72/198/198
f 148/197/197 72/198/198 147/199/199
f 147/199/199 72/198/198 73/200/200
f 147/199/199 73/200/200 146/201/201
f 146/201/201 73/200/200 25/111/111
f 146/201/201 25/111/111 145/202/202
f 145/202/202 25/111/111 144/203/203
f 144/203/203 25/111/111 143/117/117
f 73/200/200 74/204/204 25/111/111
f 25/111/111 74/204/204 75/205/205
f 25/111/111 75/205/205 76/206/206
f 76/206/206 77/112/112 25/111/111
f 78/113/113 79/108/108 43/107/107
f 116/133/133 93/207/207 12/126/126
f 12/126/126 93/207/207 94/208/208
f 12/126/126 94/208/208 95/209/209
f 12/126/126 95/209/209 197/210/210
f 197/210/210 95/209/209 96/211/211
f 197/210/210 96/211/211 196/212/212
f 196/212/212 96/211/211 97/213/213
f 196/212/212 97/213/213 195/214/214
f 195/214/214 97/213/213 98/215/215
f 195/214/214 98/215/215 194/216/216
f 194/216/216 98/215/215 99/217/217
f 194/216/216 99/217/217 100/218/218
f 194/216/216 100/218/218 193/219/219
f 193/219/219 100/218/218 101/220/220
f 193/219/219 101/220/220 102/221/221
f 193/219/219 102/221/221 192/222/222
f 192/222/222 102/221/221 103/223/223
f 192/222/222 103/223/223 191/224/224
f 191/224/224 103/223/223 104/225/225
f 191/224/224 104/225/225 105/226/226
f 191/224/224 105/226/226 190/227/227
f 190/227/227 105/226/226 106/228/228
f 190/227/227 106/228/228 107/229/229
f 190/227/227 107/229/229 189/230/230
f 189/230/230 107/229/229 108/231/231
f 189/230/230 108/231/231 188/232/232
f 188/232/232 108/231/231 109/233/233
f 188/232/232 109/233/233 187/234/234
f 187/234/234 109/233/233 19/135/135
f 187/234/234 19/135/135 186/235/235
f 186/235/235 19/135/135 185/236/236
f 185/236/236 19/135/135 184/140/140
f 109/233/233 110/237/237 19/135/135
f 19/135/135 110/237/237 111/238/238
f 19/135/135 111/238/238 112/239/239
f 112/239/239 113/136/136 19/135/135
f 114/137/137 115/132/132 30/131/131
f 140/240/240 117/241/241 15/99/99
f 15/99/99 117/241/241 118/242/242
f 15/99/99 118/242/242 119/100/100
f 120/101/101 121/96/96 37/94/94
f 122/97/97 123/243/243 22/95/95
f 22/95/95 123/243/243 124/244/244
f 22/95/95 124/244/244 125/245/245
f 126/246/246 176/247/247 125/245/245
f 125/245/245 176/247/247 177/248/248
f 125/245/245 177/248/248 22/95/95
f 22/95/95 177/248/248 178/249/249
f 22/95/95 178/249/249 179/250/250
f 176/247/247 126/246/246 175/251/251
f 175/251/251 126/246/246 127/252/252
f 175/251/251 127/252/252 174/253/253
f 174/253/253 127/252/252 128/254/254
f 174/253/253 128/254/254 129/255/255
f 174/253/253 129/255/255 173/256/256
f 173/256/256 129/255/255 130/257/257
f 173/256/256 130/257/257 131/258/258
f 173/256/256 131/258/258 172/259/259
f 172/259/259 131/258/258 132/260/260
f 172/259/259 132/260/260 171/261/261
f 171/261/261 132/260/260 133/262/262
f 171/261/261 133/262/262 134/263/263
f 171/261/261 134/263/263 170/264/264
f 170/264/264 134/263/263 135/265/265
f 170/264/264 135/265/265 136/266/266
f 170/264/264 136/266/266 169/267/267
f 169/267/267 136/266/266 137/268/268
f 169/267/267 137/268/268 168/269/269
f 168/269/269 137/268/268 138/270/270
f 168/269/269 138/270/270 167/271/271
f 167/271/271 138/270/270 139/272/272
f 167/271/271 139/272/272 15/99/99
f 15/99/99 139/272/272 140/240/240
f 156/192/192 157/273/273 14/102/102
f 14/102/102 157/273/273 158/274/274
f 14/102/102 158/274/274 159/275/275
f 159/275/275 160/276/276 14/102/102
f 14/102/102 160/276/276 161/277/277
f 14/102/102 161/277/277 162/103/103
f 164/105/105 165/278/278 15/99/99
f 15/99/99 165/278/278 166/279/279
f 15/99/99 166/279/279 167/271/271
f 179/250/250 180/280/280 22/95/95
f 22/95/95 180/280/280 181/281/281
f 22/95/95 181/281/281 182/138/138
f 197/210/210 198/282/282 12/126/126
f 12/126/126 198/282/282 199/283/283
f 12/126/126 199/283/283 200/284/284
f 200/284/284 201/285/285 12/126/126
f 12/126/126 201/285/285 202/286/286
f 12/126/126 202/286/286 203/127/127
f 205/129/129 206/287/287 9/123/123
f 9/123/123 206/287/287 207/288/288
f 9/123/123 207/288/288 208/167/167
f 220/153/153 221/289/289 24/114/114
f 24/114/114 221/289/289 222/290/290
f 24/114/114 222/290/290 141/115/115
f 224/291/291 327/292/292 223/293/293
f 223/293/293 327/292/292 328/294/294
f 223/293/293 328/294/294 246/295/295
f 246/295/295 328/294/294 245/296/296
f 245/296/296 328/294/294 329/297/297
f 245/296/296 329/297/297 244/298/298
f 244/298/298 329/297/297 330/299/299
f 244/298/298 330/299/299 243/300/300
f 243/300/300 330/299/299 242/301/301
f 242/301/301 330/299/299 331/302/302
f 242/301/301 331/302/302 241/303/303
f 241/303/303 331/302/302 240/304/304
f 240/304/304 331/302/302 332/305/305
f 240/304/304 332/305/305 239/306/306
f 239/306/306 332/305/305 333/307/307
f 239/306/306 333/307/307 238/308/308
f 238/308/308 333/307/307 334/309/309
f 238/308/308 334/309/309 237/310/310
f 237/310/310 334/309/309 335/311/311
f 237/310/310 335/311/311 236/312/312
f 236/312/312 335/311/311 336/313/313
f 236/312/312 336/313/313 337/314/314
f 224/291/291 225/315/315 327/292/292
f 327/292/292 225/315/315 326/316/316
f 326/316/316 225/315/315 226/317/317
f 326/316/316 226/317/317 325/318/318
f 325/318/318 226/317/317 227/319/319
f 325/318/318 227/319/319 324/320/320
f 324/320/320 227/319/319 323/321/321
f 323/321/321 227/319/319 228/322/322
f 323/321/321 228/322/322 322/323/323
f 322/323/323 228/322/322 321/324/324
f 321/324/324 228/322/322 229/325/325
f 321/324/324 229/325/325 320/326/326
f 320/326/326 229/325/325 319/327/327
f 319/327/327 229/325/325 265/328/328
f 319/327/327 265/328/328 400/329/329
f 400/329/329 265/328/328 399/330/330
f 399/330/330 265/328/328 266/331/331
f 399/330/330 266/331/331 398/332/332
f 398/332/332 266/331/331 397/333/333
f 397/333/333 266/331/331 267/334/334
f 397/333/333 267/334/334 396/335/335
f 396/335/335 267/334/334 395/336/336
f 395/336/336 267/334/334 268/337/337
f 395/336/336 268/337/337 394/338/338
f 394/338/338 268/337/337 269/339/339
f 394/338/338 269/339/339 393/340/340
f 393/340/340 269/339/339 270/341/341
f 393/340/340 270/341/341 247/342/342
f 265/328/328 229/325/325 264/343/343
f 264/343/343 229/325/325 230/344/344
f 264/343/343 230/344/344 263/345/345
f 263/345/345 230/344/344 231/346/346
f 263/345/345 231/346/346 262/347/347
f 262/347/347 231/346/346 232/348/348
f 262/347/347 232/348/348 274/349/349
f 274/349/349 232/348/348 273/350/350
f 273/350/350 232/348/348 233/351/351
f 273/350/350 233/351/351 272/352/352
f 272/352/352 233/351/351 234/353/353
f 272/352/352 234/353/353 271/354/354
f 271/354/354 234/353/353 235/355/355
f 271/354/354 235/355/355 340/356/356
f 340/356/356 235/355/355 339/357/357
f 339/357/357 235/355/355 338/358/358
f 338/358/358 235/355/355 337/314/314
f 337/314/314 235/355/355 236/312/312
f 393/340/340 247/342/342 392/359/359
f 392/359/359 247/342/342 248/360/360
f 392/359/359 248/360/360 249/361/361
f 392/359/359 249/361/361 391/362/362
f 391/362/362 249/361/361 250/363/363
f 391/362/362 250/363/363 390/364/364
f 390/364/364 250/363/363 251/365/365
f 390/364/364 251/365/365 252/366/366
f 390/364/364 252/366/366 389/367/367
f 389/367/367 252/366/366 253/368/368
f 389/367/367 253/368/368 254/369/369
f 389/367/367 254/369/369 388/370/370
f 388/370/370 254/369/369 255/371/371
f 388/370/370 255/371/371 387/372/372
f 387/372/372 255/371/371 256/373/373
f 387/372/372 256/373/373 386/374/374
f 386/374/374 256/373/373 257/375/375
f 386/374/374 257/375/375 385/376/376
f 385/376/376 257/375/375 258/377/377
f 385/376/376 258/377/377 384/378/378
f 384/378/378 258/377/377 383/379/379
f 383/379/379 258/377/377 259/380/380
f 383/379/379 259/380/380 382/381/381
f 382/381/381 259/380/380 381/382/382
f 381/382/382 259/380/380 295/383/383
f 381/382/382 295/383/383 380/384/384
f 380/384/384 295/383/383 379/385/385
f 379/385/385 295/383/383 378/386/386
f 378/386/386 295/383/383 296/387/387
f 378/386/386 296/387/387 377/388/388
f 377/388/388 296/387/387 376/389/389
f 376/389/389 296/387/387 297/390/390
f 376/389/389 297/390/390 375/391/391
f 375/391/391 297/390/390 298/392/392
f 375/391/391 298/392/392 374/393/393
f 374/393/393 298/392/392 299/394/394
f 374/393/393 299/394/394 373/395/395
f 373/395/395 299/394/394 300/396/396
f 373/395/395 300/396/396 372/397/397
f 372/397/397 300/396/396 301/398/398
f 372/397/397 301/398/398 302/399/399
f 295/383/383 259/380/380 318/400/400
f 318/400/400 259/380/380 260/401/401
f 318/400/400 260/401/401 317/402/402
f 317/402/402 260/401/401 261/403/403
f 317/402/402 261/403/403 316/404/404
f 316/404/404 261/403/403 262/347/347
f 316/404/404 262/347/347 274/349/349
f 274/349/349 275/405/405 316/404/404
f 316/404/404 275/405/405 315/406/406
f 315/406/406 275/405/405 276/407/407
f 315/406/406 276/407/407 314/408/408
f 314/408/408 276/407/407 277/409/409
f 314/408/408 277/409/409 313/410/410
f 313/410/410 277/409/409 360/411/411
f 313/410/410 360/411/411 361/412/412
f 278/413/413 358/414/414 277/409/409
f 277/409/409 358/414/414 359/415/415
f 277/409/409 359/415/415 360/411/411
f 279/416/416 356/417/417 278/413/413
f 278/413/413 356/417/417 357/418/418
f 278/413/413 357/418/418 358/414/414
f 280/419/419 354/420/420 279/416/416
f 279/416/416 354/420/420 355/421/421
f 279/416/416 355/421/421 356/417/417
f 354/420/420 280/419/419 353/422/422
f 353/422/422 280/419/419 281/423/423
f 353/422/422 281/423/423 352/424/424
f 352/424/424 281/423/423 282/425/425
f 352/424/424 282/425/425 283/426/426
f 352/424/424 283/426/426 351/427/427
f 351/427/427 283/426/426 284/428/428
f 351/427/427 284/428/428 285/429/429
f 351/427/427 285/429/429 350/430/430
f 350/430/430 285/429/429 286/431/431
f 350/430/430 286/431/431 349/432/432
f 349/432/432 286/431/431 287/433/433
f 349/432/432 287/433/433 288/434/434
f 349/432/432 288/434/434 348/435/435
f 348/435/435 288/434/434 289/436/436
f 348/435/435 289/436/436 290/437/437
f 348/435/435 290/437/437 347/438/438
f 347/438/438 290/437/437 291/439/439
f 347/438/438 291/439/439 346/440/440
f 346/440/440 291/439/439 292/441/441
f 346/440/440 292/441/441 345/442/442
f 345/442/442 292/441/441 293/443/443
f 345/442/442 293/443/443 344/444/444
f 344/444/444 293/443/443 294/445/445
f 344/444/444 294/445/445 343/446/446
f 343/446/446 294/445/445 342/447/447
f 342/447/447 294/445/445 271/354/354
f 342/447/447 271/354/354 341/448/448
f 341/448/448 271/354/354 340/356/356
f 372/397/397 302/399/399 371/449/449
f 371/449/449 302/399/399 303/450/450
f 371/449/449 303/450/450 304/451/451
f 371/449/449 304/451/451 370/452/452
f 370/452/452 304/451/451 305/453/453
f 370/452/452 305/453/453 369/454/454
f 369/454/454 305/453/453 306/455/455
f 369/454/454 306/455/455 307/456/456
f 369/454/454 307/456/456 368/457/457
f 368/457/457 307/456/456 308/458/458
f 368/457/457 308/458/458 309/459/459
f 368/457/457 309/459/459 367/460/460
f 367/460/460 309/459/459 310/461/461
f 367/460/460 310/461/461 366/462/462
f 366/462/462 310/461/461 311/463/463
f 366/462/462 311/463/463 365/464/464
f 365/464/464 311/463/463 364/465/465
f 364/465/465 311/463/463 312/466/466
f 364/465/465 312/466/466 363/467/467
f 363/467/467 312/466/466 362/468/468
f 362/468/468 312/466/466 313/410/410
f 362/468/468 313/410/410 361/412/412
f 402/469/469 403/470/470 401/471/471
f 401/471/471 403/470/470 408/472/472
f 408/472/472 403/470/470 404/473/473
f 408/472/472 404/473/473 407/474/474
f 407/474/474 404/473/473 406/475/475
f 406/475/475 404/473/473 405/476/476
f 409/477/477 401/478/478 410/479/479
f 410/479/479 401/478/478 408/480/480
f 410/481/481 411/482/482 409/483/483
f 409/483/483 411/482/482 412/484/484
f 404/485/485 403/486/486 414/487/487
f 414/487/487 403/486/486 413/488/488
f 415/489/489 413/490/490 402/491/491
f 402/491/491 413/490/490 403/492/492
f 412/493/493 411/494/494 406/495/495
f 406/495/495 411/494/494 407/496/496
f 416/497/497 405/498/498 414/499/499
f 414/499/499 405/498/498 404/500/500
f 416/501/501 414/502/502 415/503/503
f 415/503/503 414/502/502 413/504/504
f 402/505/505 401/506/506 415/507/507
f 415/507/507 401/506/506 409/508/508
f 415/507/507 409/508/508 416/509/509
f 416/509/509 409/508/508 412/510/510
f 416/509/509 412/510/510 406/511/511
f 406/511/511 405/512/512 416/509/509
f 34/513/513 417/514/514 35/515/515
f 44/516/516 43/517/517 26/518/518
f 26/518/518 43/517/517 42/519/519
f 26/518/518 42/519/519 419/520/520
f 419/520/520 42/519/519 418/521/521
f 419/520/520 420/522/522 26/518/518
f 26/518/518 420/522/522 23/523/523
f 23/523/523 420/522/522 40/524/524
f 23/523/523 40/524/524 39/525/525
f 420/522/522 421/526/526 40/524/524
f 39/525/525 28/527/527 23/523/523
f 420/528/528 422/529/529 421/530/530
f 423/531/531 419/532/532 418/533/533
f 424/534/534 33/535/535 32/536/536
f 418/537/537 42/538/538 423/539/539
f 423/539/539 42/538/538 407/540/540
f 423/539/539 407/540/540 411/541/541
f 407/540/540 42/538/538 408/542/542
f 408/542/542 42/538/538 36/543/543
f 408/542/542 36/543/543 417/544/544
f 417/544/544 36/543/543 35/545/545
f 408/542/542 417/544/544 410/546/546
f 410/546/546 417/544/544 424/547/547
f 410/546/546 424/547/547 31/548/548
f 31/548/548 424/547/547 32/549/549
f 31/548/548 40/550/550 410/546/546
f 410/546/546 40/550/550 411/541/541
f 411/541/541 40/550/550 422/551/551
f 411/541/541 422/551/551 423/539/539
f 40/550/550 421/552/552 422/551/551
f 417/553/553 34/554/554 424/555/555
f 424/555/555 34/554/554 33/556/556
f 423/557/557 422/558/558 419/559/559
f 419/559/559 422/558/558 420/560/560
f 222/561/561 320/562/562 141/563/563
f 141/563/563 320/562/562 319/564/564
f 141/565/563 319/566/564 142/567/565
f 142/567/565 319/566/564 400/568/566
f 142/567/565 400/568/566 399/569/567
f 222/561/561 221/570/568 320/562/562
f 320/562/562 221/570/568 321/571/569
f 321/571/569 221/570/568 220/572/570
f 321/571/569 220/572/570 322/573/571
f 322/573/571 220/572/570 219/574/572
f 322/573/571 219/574/572 323/575/573
f 323/575/573 219/574/572 218/576/574
f 323/575/573 218/576/574 324/577/575
f 324/577/575 218/576/574 217/578/576
f 324/577/575 217/578/576 325/579/577
f 325/579/577 217/578/576 216/580/578
f 325/579/577 216/580/578 326/581/579
f 326/581/579 216/580/578 215/582/580
f 326/581/579 215/582/580 327/583/581
f 327/583/581 215/582/580 214/584/582
f 327/583/581 214/584/582 328/585/583
f 328/585/583 214/584/582 213/586/584
f 328/585/583 213/586/584 329/587/585
f 329/587/585 213/586/584 212/588/586
f 329/587/585 212/588/586 330/589/587
f 330/589/587 212/588/586 211/590/588
f 330/589/587 211/590/588 331/591/589
f 331/591/589 211/590/588 210/592/590
f 331/591/589 210/592/590 332/593/591
f 332/593/591 210/592/590 209/594/592
f 332/593/591 209/594/592 333/595/593
f 333/595/593 209/594/592 208/596/594
f 333/595/593 208/596/594 334/597/595
f 334/597/595 208/596/594 207/598/596
f 334/597/595 207/598/596 335/599/597
f 335/599/597 207/598/596 206/600/598
f 335/599/597 206/600/598 336/601/599
f 336/601/599 206/600/598 205/602/600
f 336/601/599 205/602/600 337/603/601
f 337/603/601 205/602/600 204/604/602
f 337/603/601 204/604/602 338/605/603
f 338/605/603 204/604/602 203/606/604
f 338/605/603 203/606/604 339/607/605
f 339/607/605 203/606/604 202/608/606
f 339/607/605 202/608/606 340/609/607
f 340/609/607 202/608/606 201/610/608
f 340/609/607 201/610/608 341/611/609
f 341/611/609 201/610/608 200/612/610
f 341/611/609 200/612/610 342/613/611
f 342/613/611 200/612/610 199/614/612
f 342/613/611 199/614/612 343/615/613
f 343/615/613 199/614/612 198/616/614
f 343/615/613 198/616/614 344/617/615
f 344/617/615 198/616/614 197/618/616
f 344/617/615 197/618/616 345/619/617
f 345/619/617 197/618/616 196/620/618
f 345/619/617 196/620/618 346/621/619
f 346/621/619 196/620/618 195/622/620
f 346/621/619 195/622/620 347/623/621
f 347/623/621 195/622/620 194/624/622
f 347/623/621 194/624/622 348/625/623
f 348/625/623 194/624/622 193/626/624
f 348/625/623 193/626/624 349/627/625
f 349/627/625 193/626/624 192/628/626
f 349/627/625 192/628/626 350/629/627
f 350/629/627 192/628/626 191/630/628
f 350/629/627 191/630/628 351/631/629
f 351/631/629 191/630/628 190/632/630
f 351/631/629 190/632/630 352/633/631
f 352/633/631 190/632/630 189/634/632
f 352/633/631 189/634/632 353/635/633
f 353/635/633 189/634/632 188/636/634
f 353/635/633 188/636/634 354/637/635
f 354/637/635 188/636/634 187/638/636
f 354/637/635 187/638/636 355/639/637
f 355/639/637 187/638/636 186/640/638
f 355/639/637 186/640/638 356/641/639
f 356/641/639 186/640/638 185/642/640
f 356/641/639 185/642/640 357/643/641
f 357/643/641 185/642/640 184/644/642
f 357/643/641 184/644/642 358/645/643
f 358/645/643 184/644/642 183/646/644
f 358/645/643 183/646/644 359/647/645
f 359/647/645 183/646/644 182/648/646
f 359/647/645 182/648/646 360/649/647
f 360/649/647 182/648/646 181/650/648
f 360/649/647 181/650/648 361/651/649
f 361/651/649 181/650/648 180/652/650
f 361/651/649 180/652/650 362/653/651
f 362/653/651 180/652/650 179/654/652
f 362/653/651 179/654/652 363/655/653
f 363/655/653 179/654/652 178/656/654
f 363/655/653 178/656/654 364/657/655
f 364/657/655 178/656/654 177/658/656
f 364/657/655 177/658/656 365/659/657
f 365/659/657 177/658/656 176/660/658
f 365/659/657 176/660/658 366/661/659
f 366/661/659 176/660/658 175/662/660
f 366/661/659 175/662/660 367/663/661
f 367/663/661 175/662/660 174/664/662
f 367/663/661 174/664/662 368/665/663
f 368/665/663 174/664/662 173/666/664
f 368/665/663 173/666/664 369/667/665
f 369/667/665 173/666/664 172/668/666
f 369/667/665 172/668/666 370/669/667
f 370/669/667 172/668/666 171/670/668
f 370/669/667 171/670/668 371/671/669
f 371/671/669 171/670/668 170/672/670
f 371/671/669 170/672/670 372/673/671
f 372/673/671 170/672/670 169/674/672
f 372/673/671 169/674/672 373/675/673
f 373/675/673 169/674/672 168/676/674
f 373/675/673 168/676/674 374/677/675
f 374/677/675 168/676/674 167/678/676
f 374/677/675 167/678/676 375/679/677
f 375/679/677 167/678/676 166/680/678
f 375/679/677 166/680/678 376/681/679
f 376/681/679 166/680/678 165/682/680
f 376/681/679 165/682/680 377/683/681
f 377/683/681 165/682/680 164/684/682
f 377/683/681 164/684/682 378/685/683
f 378/685/683 164/684/682 163/686/684
f 378/685/683 163/686/684 379/687/685
f 379/687/685 163/686/684 162/688/686
f 379/687/685 162/688/686 380/689/687
f 380/689/687 162/688/686 161/690/688
f 380/689/687 161/690/688 381/691/689
f 381/691/689 161/690/688 160/692/690
f 381/691/689 160/692/690 382/693/691
f 382/693/691 160/692/690 159/694/692
f 382/693/691 159/694/692 383/695/693
f 383/695/693 159/694/692 158/696/694
f 383/695/693 158/696/694 384/697/695
f 384/697/695 158/696/694 157/698/696
f 384/697/695 157/698/696 385/699/697
f 385/699/697 157/698/696 156/700/698
f 385/699/697 156/700/698 386/701/699
f 386/701/699 156/700/698 155/702/700
f 386/701/699 155/702/700 387/703/701
f 387/703/701 155/702/700 154/704/702
f 387/703/701 154/704/702 388/705/703
f 388/705/703 154/704/702 153/706/704
f 388/705/703 153/706/704 389/707/705
f 389/707/705 153/706/704 152/708/706
f 389/707/705 152/708/706 390/709/707
f 390/709/707 152/708/706 151/710/708
f 390/709/707 151/710/708 391/711/709
f 391/711/709 151/710/708 150/712/710
f 391/711/709 150/712/710 392/713/711
f 392/713/711 150/712/710 149/714/712
f 392/713/711 149/714/712 393/715/713
f 393/715/713 149/714/712 148/716/714
f 393/715/713 148/716/714 394/717/715
f 394/717/715 148/716/714 147/718/716
f 394/717/715 147/718/716 395/719/717
f 395/719/717 147/718/716 146/720/718
f 395/719/717 146/720/718 396/721/719
f 396/721/719 146/720/718 145/722/720
f 396/721/719 145/722/720 397/723/721
f 397/723/721 145/722/720 144/724/722
f 397/723/721 144/724/722 398/725/723
f 398/725/723 144/724/722 143/726/724
f 398/725/723 143/726/724 399/569/567
f 399/569/567 143/726/724 142/567/565
f 68/727/725 224/728/726 45/729/727
f 45/729/727 224/728/726 223/730/728
f 45/731/727 223/732/728 46/733/729
f 46/733/729 223/732/728 246/734/730
f 46/733/729 246/734/730 47/735/731
f 47/735/731 246/734/730 245/736/732
f 47/735/731 245/736/732 48/737/733
f 48/737/733 245/736/732 244/738/734
f 48/737/733 244/738/734 49/739/735
f 49/739/735 244/738/734 243/740/736
f 49/739/735 243/740/736 50/741/737
f 50/741/737 243/740/736 242/742/738
f 50/741/737 242/742/738 51/743/739
f 51/743/739 242/742/738 241/744/740
f 51/743/739 241/744/740 52/745/741
f 52/745/741 241/744/740 240/746/742
f 52/745/741 240/746/742 53/747/743
f 53/747/743 240/746/742 239/748/744
f 53/747/743 239/748/744 54/749/745
f 54/749/745 239/748/744 238/750/746
f 54/749/745 238/750/746 55/751/747
f 55/751/747 238/750/746 237/752/748
f 55/751/747 237/752/748 56/753/749
f 56/753/749 237/752/748 236/754/750
f 56/753/749 236/754/750 57/755/751
f 57/755/751 236/754/750 235/756/752
f 57/755/751 235/756/752 58/757/753
f 58/757/753 235/756/752 234/758/754
f 58/757/753 234/758/754 59/759/755
f 59/759/755 234/758/754 233/760/756
f 59/759/755 233/760/756 60/761/757
f 60/761/757 233/760/756 232/762/758
f 60/761/757 232/762/758 61/763/759
f 61/763/759 232/762/758 231/764/760
f 61/763/759 231/764/760 62/765/761
f 62/765/761 231/764/760 230/766/762
f 62/765/761 230/766/762 63/767/763
f 63/767/763 230/766/762 229/768/764
f 63/767/763 229/768/764 64/769/765
f 64/769/765 229/768/764 228/770/766
f 64/769/765 228/770/766 65/771/767
f 65/771/767 228/770/766 227/772/768
f 65/771/767 227/772/768 66/773/769
f 66/773/769 227/772/768 226/774/770
f 66/773/769 226/774/770 67/775/771
f 67/775/771 226/774/770 225/776/772
f 67/775/771 225/776/772 68/727/725
f 68/727/725 225/776/772 224/728/726
f 92/777/773 248/778/774 69/779/775
f 69/779/775 248/778/774 247/780/776
f 69/781/775 247/782/776 70/783/777
f 70/783/777 247/782/776 270/784/778
f 70/783/777 270/784/778 71/785/779
f 71/785/779 270/784/778 269/786/780
f 71/785/779 269/786/780 72/787/781
f 72/787/781 269/786/780 268/788/782
f 72/787/781 268/788/782 73/789/783
f 73/789/783 268/788/782 267/790/784
f 73/789/783 267/790/784 74/791/785
f 74/791/785 267/790/784 266/792/786
f 74/791/785 266/792/786 75/793/787
f 75/793/787 266/792/786 265/794/788
f 75/793/787 265/794/788 76/795/789
f 76/795/789 265/794/788 264/796/790
f 76/795/789 264/796/790 77/797/791
f 77/797/791 264/796/790 263/798/792
f 77/797/791 263/798/792 78/799/793
f 78/799/793 263/798/792 262/800/794
f 78/799/793 262/800/794 79/801/795
f 79/801/795 262/800/794 261/802/796
f 79/801/795 261/802/796 80/803/797
f 80/803/797 261/802/796 260/804/798
f 80/803/797 260/804/798 81/805/799
f 81/805/799 260/804/798 259/806/800
f 81/805/799 259/806/800 82/807/801
f 82/807/801 259/806/800 258/808/802
f 82/807/801 258/808/802 83/809/803
f 83/809/803 258/808/802 257/810/804
f 83/809/803 257/810/804 84/811/805
f 84/811/805 257/810/804 256/812/806
f 84/811/805 256/812/806 85/813/807
f 85/813/807 256/812/806 255/814/808
f 85/813/807 255/814/808 86/815/809
f 86/815/809 255/814/808 254/816/810
f 86/815/809 254/816/810 87/817/811
f 87/817/811 254/816/810 253/818/812
f 87/817/811 253/818/812 88/819/813
f 88/819/813 253/818/812 252/820/814
f 88/819/813 252/820/814 89/821/815
f 89/821/815 252/820/814 251/822/816
f 89/821/815 251/822/816 90/823/817
f 90/823/817 251/822/816 250/824/818
f 90/823/817 250/824/818 91/825/819
f 91/825/819 250/824/818 249/826/820
f 91/825/819 249/826/820 92/777/773
f 92/777/773 249/826/820 248/778/774
f 116/827/821 272/828/822 93/829/823
f 93/829/823 272/828/822 271/830/824
f 93/831/823 271/832/824 94/833/825
f 94/833/825 271/832/824 294/834/826
f 94/833/825 294/834/826 95/835/827
f 95/835/827 294/834/826 293/836/828
f 95/835/827 293/836/828 96/837/829
f 96/837/829 293/836/828 292/838/830
f 96/837/829 292/838/830 97/839/831
f 97/839/831 292/838/830 291/840/832
f 97/839/831 291/840/832 98/841/833
f 98/841/833 291/840/832 290/842/834
f 98/841/833 290/842/834 99/843/835
f 99/843/835 290/842/834 289/844/836
f 99/843/835 289/844/836 100/845/837
f 100/845/837 289/844/836 288/846/838
f 100/845/837 288/846/838 101/847/839
f 101/847/839 288/846/838 287/848/840
f 101/847/839 287/848/840 102/849/841
f 102/849/841 287/848/840 286/850/842
f 102/849/841 286/850/842 103/851/843
f 103/851/843 286/850/842 285/852/844
f 103/851/843 285/852/844 104/853/845
f 104/853/845 285/852/844 284/854/846
f 104/853/845 284/854/846 105/855/847
f 105/855/847 284/854/846 283/856/848
f 105/855/847 283/856/848 106/857/849
f 106/857/849 283/856/848 282/858/850
f 106/857/849 282/858/850 107/859/851
f 107/859/851 282/858/850 281/860/852
f 107/859/851 281/860/852 108/861/853
f 108/861/853 281/860/852 280/862/854
f 108/861/853 280/862/854 109/863/855
f 109/863/855 280/862/854 279/864/856
f 109/863/855 279/864/856 110/865/857
f 110/865/857 279/864/856 278/866/858
f 110/865/857 278/866/858 111/867/859
f 111/867/859 278/866/858 277/868/860
f 111/867/859 277/868/860 112/869/861
f 112/869/861 277/868/860 276/870/862
f 112/869/861 276/870/862 113/871/863
f 113/871/863 276/870/862 275/872/864
f 113/871/863 275/872/864 114/873/865
f 114/873/865 275/872/864 274/874/866
f 114/873/865 274/874/866 115/875/867
f 115/875/867 274/874/866 273/876/868
f 115/875/867 273/876/868 116/827/821
f 116/827/821 273/876/868 272/828/822
f 140/877/869 296/878/870 117/879/871
f 117/879/871 296/878/870 295/880/872
f 117/881/871 295/882/872 118/883/873
f 118/883/873 295/882/872 318/884/874
f 118/883/873 318/884/874 119/885/875
f 119/885/875 318/884/874 317/886/876
f 119/885/875 317/886/876 120/887/877
f 120/887/877 317/886/876 316/888/878
f 120/887/877 316/888/878 121/889/879
f 121/889/879 316/888/878 315/890/880
f 121/889/879 315/890/880 122/891/881
f 122/891/881 315/890/880 314/892/882
f 122/891/881 314/892/882 123/893/883
f 123/893/883 314/892/882 313/894/884
f 123/893/883 313/894/884 124/895/885
f 124/895/885 313/894/884 312/896/886
f 124/895/885 312/896/886 125/897/887
f 125/897/887 312/896/886 311/898/888
f 125/897/887 311/898/888 126/899/889
f 126/899/889 311/898/888 310/900/890
f 126/899/889 310/900/890 127/901/891
f 127/901/891 310/900/890 309/902/892
f 127/901/891 309/902/892 128/903/893
f 128/903/893 309/902/892 308/904/894
f 128/903/893 308/904/894 129/905/895
f 129/905/895 308/904/894 307/906/896
f 129/905/895 307/906/896 130/907/897
f 130/907/897 307/906/896 306/908/898
f 130/907/897 306/908/898 131/909/899
f 131/909/899 306/908/898 305/910/900
f 131/909/899 305/910/900 132/911/901
f 132/911/901 305/910/900 304/912/902
f 132/911/901 304/912/902 133/913/903
f 133/913/903 304/912/902 303/914/904
f 133/913/903 303/914/904 134/915/905
f 134/915/905 303/914/904 302/916/906
f 134/915/905 302/916/906 135/917/907
f 135/917/907 302/916/906 301/918/908
f 135/917/907 301/918/908 136/919/909
f 136/919/909 301/918/908 300/920/910
f 136/919/909 300/920/910 137/921/911
f 137/921/911 300/920/910 299/922/912
f 137/921/911 299/922/912 138/923/913
f 138/923/913 299/922/912 298/924/914
f 138/923/913 298/924/914 139/925/915
f 139/925/915 298/924/914 297/926/916
f 139/925/915 297/926/916 140/877/869
f 140/877/869 297/926/916 296/878/870
# 424 vertices
# 926 texture params
# 916 normals
# 856 facets

# 1 groups
