2024-10-21 16:57:31,541 INFO ===> Start grad computation at:, 2024-10-21 16:57:31
2024-10-21 16:57:31,794 INFO ===> New TaichiEnv created.
2024-10-21 16:57:31,794 INFO ===> Specifications: horizon = 311, dt = 0.01, n_substeps = 20, dt_sub = 0.0005
2024-10-21 16:57:31,975 DEBUG loaded <trimesh.Trimesh(vertices.shape=(916, 3), faces.shape=(856, 3))> using `load_obj` in 0.0027s
2024-10-21 16:57:32,293 DEBUG loaded <trimesh.Trimesh(vertices.shape=(48, 3), faces.shape=(28, 3))> using `load_obj` in 0.0007s
2024-10-21 16:58:27,904 INFO =====> Epoch: 0
2024-10-21 16:58:27,904 INFO =====> Loss info: {'particle_has_naninf': False, 'height_map_loss': 37.07891845703125, 'emd_loss': 39.7381706237793, 'total_loss': 39.7381706237793}
2024-10-21 16:58:27,905 INFO =====> Param: E: [322389.7], nu: [0.23024793], rho: [1790.2996], sand_angle: [36.40521]
2024-10-21 16:58:27,905 INFO =====> Grad: [2.2237629e-03 7.6443130e+03 9.6377296e+00 1.1068625e+03]
2024-10-21 16:58:27,905 INFO =====> Num. aborted data so far: 0
2024-10-21 16:58:28,323 INFO ===> New TaichiEnv created.
2024-10-21 16:58:28,323 INFO ===> Specifications: horizon = 311, dt = 0.01, n_substeps = 20, dt_sub = 0.0005
2024-10-21 16:58:28,344 DEBUG loaded <trimesh.Trimesh(vertices.shape=(916, 3), faces.shape=(856, 3))> using `load_obj` in 0.0028s
2024-10-21 16:58:28,482 DEBUG loaded <trimesh.Trimesh(vertices.shape=(48, 3), faces.shape=(28, 3))> using `load_obj` in 0.0007s
2024-10-21 16:58:59,926 INFO =====> Epoch: 1
2024-10-21 16:58:59,926 INFO =====> Loss info: {'particle_has_naninf': False, 'height_map_loss': 36.16530227661133, 'emd_loss': 39.294063568115234, 'total_loss': 39.294063568115234}
2024-10-21 16:58:59,926 INFO =====> Param: E: [261770.05], nu: [0.20902705], rho: [1806.0034], sand_angle: [36.685066]
2024-10-21 16:58:59,926 INFO =====> Grad: [ 7.1556140e-03  6.5640259e+03 -9.1261029e-01 -9.3295296e+01]
2024-10-21 16:58:59,926 INFO =====> Num. aborted data so far: 0
2024-10-21 16:59:00,195 INFO ===> New TaichiEnv created.
2024-10-21 16:59:00,195 INFO ===> Specifications: horizon = 311, dt = 0.01, n_substeps = 20, dt_sub = 0.0005
2024-10-21 16:59:00,217 DEBUG loaded <trimesh.Trimesh(vertices.shape=(916, 3), faces.shape=(856, 3))> using `load_obj` in 0.0029s
2024-10-21 16:59:00,356 DEBUG loaded <trimesh.Trimesh(vertices.shape=(48, 3), faces.shape=(28, 3))> using `load_obj` in 0.0007s
2024-10-21 16:59:31,704 INFO =====> Epoch: 2
2024-10-21 16:59:31,705 INFO =====> Loss info: {'particle_has_naninf': False, 'height_map_loss': 36.43691635131836, 'emd_loss': 39.60129165649414, 'total_loss': 39.60129165649414}
2024-10-21 16:59:31,705 INFO =====> Param: E: [250000.], nu: [0.17966661], rho: [1651.22], sand_angle: [35.43224]
2024-10-21 16:59:31,705 INFO =====> Grad: [2.5767790e-02 2.3195656e+04 4.1797031e+01 4.3152951e+02]
2024-10-21 16:59:31,705 INFO =====> Num. aborted data so far: 0
2024-10-21 16:59:32,050 INFO ===> New TaichiEnv created.
2024-10-21 16:59:32,050 INFO ===> Specifications: horizon = 311, dt = 0.01, n_substeps = 20, dt_sub = 0.0005
2024-10-21 16:59:32,071 DEBUG loaded <trimesh.Trimesh(vertices.shape=(916, 3), faces.shape=(856, 3))> using `load_obj` in 0.0029s
2024-10-21 16:59:32,207 DEBUG loaded <trimesh.Trimesh(vertices.shape=(48, 3), faces.shape=(28, 3))> using `load_obj` in 0.0007s
2024-10-21 17:00:03,663 INFO =====> Epoch: 3
2024-10-21 17:00:03,663 INFO =====> Loss info: {'particle_has_naninf': False, 'height_map_loss': 36.05858612060547, 'emd_loss': 39.46180725097656, 'total_loss': 39.46180725097656}
2024-10-21 17:00:03,663 INFO =====> Param: E: [250000.], nu: [0.16333637], rho: [1707.567], sand_angle: [34.390285]
2024-10-21 17:00:03,663 INFO =====> Grad: [ 1.7829077e-02  1.4292577e+04 -1.5449200e+01  3.6061615e+02]
2024-10-21 17:00:03,663 INFO =====> Num. aborted data so far: 0
2024-10-21 17:00:03,952 INFO ===> New TaichiEnv created.
2024-10-21 17:00:03,953 INFO ===> Specifications: horizon = 311, dt = 0.01, n_substeps = 20, dt_sub = 0.0005
2024-10-21 17:00:03,973 DEBUG loaded <trimesh.Trimesh(vertices.shape=(916, 3), faces.shape=(856, 3))> using `load_obj` in 0.0028s
2024-10-21 17:00:04,110 DEBUG loaded <trimesh.Trimesh(vertices.shape=(48, 3), faces.shape=(28, 3))> using `load_obj` in 0.0007s
2024-10-21 17:00:35,788 INFO =====> Epoch: 4
2024-10-21 17:00:35,788 INFO =====> Loss info: {'particle_has_naninf': False, 'height_map_loss': 35.75965118408203, 'emd_loss': 39.38382339477539, 'total_loss': 39.38382339477539}
2024-10-21 17:00:35,788 INFO =====> Param: E: [250000.], nu: [0.17715578], rho: [1620.067], sand_angle: [33.00163]
2024-10-21 17:00:35,788 INFO =====> Grad: [ 6.0015749e-03 -1.2756978e+04  2.7325153e+01  5.0749481e+02]
2024-10-21 17:00:35,788 INFO =====> Num. aborted data so far: 0
2024-10-21 17:00:36,067 INFO ===> New TaichiEnv created.
2024-10-21 17:00:36,067 INFO ===> Specifications: horizon = 311, dt = 0.01, n_substeps = 20, dt_sub = 0.0005
2024-10-21 17:00:36,094 DEBUG loaded <trimesh.Trimesh(vertices.shape=(916, 3), faces.shape=(856, 3))> using `load_obj` in 0.0056s
2024-10-21 17:00:36,233 DEBUG loaded <trimesh.Trimesh(vertices.shape=(48, 3), faces.shape=(28, 3))> using `load_obj` in 0.0007s
2024-10-21 17:01:08,072 INFO =====> Epoch: 5
2024-10-21 17:01:08,072 INFO =====> Loss info: {'particle_has_naninf': False, 'height_map_loss': 35.26951217651367, 'emd_loss': 38.94739532470703, 'total_loss': 38.94739532470703}
2024-10-21 17:01:08,072 INFO =====> Param: E: [250000.], nu: [0.15752229], rho: [1512.4691], sand_angle: [32.250374]
2024-10-21 17:01:08,072 INFO =====> Grad: [2.3285644e-02 2.1933453e+04 4.3504101e+01 2.6813882e+02]
2024-10-21 17:01:08,072 INFO =====> Num. aborted data so far: 0
2024-10-21 17:01:08,355 INFO ===> New TaichiEnv created.
2024-10-21 17:01:08,355 INFO ===> Specifications: horizon = 311, dt = 0.01, n_substeps = 20, dt_sub = 0.0005
2024-10-21 17:01:08,380 DEBUG loaded <trimesh.Trimesh(vertices.shape=(916, 3), faces.shape=(856, 3))> using `load_obj` in 0.0046s
2024-10-21 17:01:08,523 DEBUG loaded <trimesh.Trimesh(vertices.shape=(48, 3), faces.shape=(28, 3))> using `load_obj` in 0.0007s
2024-10-21 17:01:39,667 INFO =====> Epoch: 6
2024-10-21 17:01:39,668 INFO =====> Loss info: {'particle_has_naninf': False, 'height_map_loss': 35.050106048583984, 'emd_loss': 38.6373176574707, 'total_loss': 38.6373176574707}
2024-10-21 17:01:39,668 INFO =====> Param: E: [280807.16], nu: [0.17164853], rho: [1457.6001], sand_angle: [32.642395]
2024-10-21 17:01:39,668 INFO =====> Grad: [-1.9460896e-02 -1.6733639e+04  2.2440767e+01 -1.3377278e+02]
2024-10-21 17:01:39,668 INFO =====> Num. aborted data so far: 0
2024-10-21 17:01:39,952 INFO ===> New TaichiEnv created.
2024-10-21 17:01:39,952 INFO ===> Specifications: horizon = 311, dt = 0.01, n_substeps = 20, dt_sub = 0.0005
2024-10-21 17:01:39,976 DEBUG loaded <trimesh.Trimesh(vertices.shape=(916, 3), faces.shape=(856, 3))> using `load_obj` in 0.0028s
2024-10-21 17:01:40,119 DEBUG loaded <trimesh.Trimesh(vertices.shape=(48, 3), faces.shape=(28, 3))> using `load_obj` in 0.0007s
2024-10-21 17:02:23,917 INFO =====> Epoch: 7
2024-10-21 17:02:23,917 INFO =====> Loss info: {'particle_has_naninf': False, 'height_map_loss': 34.86553192138672, 'emd_loss': 38.55184555053711, 'total_loss': 38.55184555053711}
2024-10-21 17:02:23,918 INFO =====> Param: E: [265153.38], nu: [0.16869812], rho: [1391.799], sand_angle: [32.06702]
2024-10-21 17:02:23,918 INFO =====> Grad: [9.6823210e-03 3.3301660e+03 2.8077808e+01 1.8942543e+02]
2024-10-21 17:02:23,918 INFO =====> Num. aborted data so far: 0
2024-10-21 17:02:24,251 INFO ===> New TaichiEnv created.
2024-10-21 17:02:24,251 INFO ===> Specifications: horizon = 311, dt = 0.01, n_substeps = 20, dt_sub = 0.0005
2024-10-21 17:02:24,278 DEBUG loaded <trimesh.Trimesh(vertices.shape=(916, 3), faces.shape=(856, 3))> using `load_obj` in 0.0029s
2024-10-21 17:02:24,418 DEBUG loaded <trimesh.Trimesh(vertices.shape=(48, 3), faces.shape=(28, 3))> using `load_obj` in 0.0007s
2024-10-21 17:02:55,972 INFO =====> Epoch: 8
2024-10-21 17:02:55,972 INFO =====> Loss info: {'particle_has_naninf': False, 'height_map_loss': 34.806758880615234, 'emd_loss': 38.4033203125, 'total_loss': 38.4033203125}
2024-10-21 17:02:55,972 INFO =====> Param: E: [250000.], nu: [0.14895943], rho: [1343.5116], sand_angle: [29.902933]
2024-10-21 17:02:55,972 INFO =====> Grad: [3.4179002e-02 2.7053389e+04 2.0527878e+01 9.2696350e+02]
2024-10-21 17:02:55,972 INFO =====> Num. aborted data so far: 0
2024-10-21 17:02:56,252 INFO ===> New TaichiEnv created.
2024-10-21 17:02:56,253 INFO ===> Specifications: horizon = 311, dt = 0.01, n_substeps = 20, dt_sub = 0.0005
2024-10-21 17:02:56,274 DEBUG loaded <trimesh.Trimesh(vertices.shape=(916, 3), faces.shape=(856, 3))> using `load_obj` in 0.0028s
2024-10-21 17:02:56,411 DEBUG loaded <trimesh.Trimesh(vertices.shape=(48, 3), faces.shape=(28, 3))> using `load_obj` in 0.0007s
2024-10-21 17:03:28,159 INFO =====> Epoch: 9
2024-10-21 17:03:28,159 INFO =====> Loss info: {'particle_has_naninf': False, 'height_map_loss': 34.282081604003906, 'emd_loss': 38.15787124633789, 'total_loss': 38.15787124633789}
2024-10-21 17:03:28,159 INFO =====> Param: E: [261063.69], nu: [0.16091622], rho: [1324.936], sand_angle: [30.553984]
2024-10-21 17:03:28,159 INFO =====> Grad: [-8.5040405e-03 -1.6793457e+04  7.5438247e+00 -2.7035181e+02]
2024-10-21 17:03:28,159 INFO =====> Num. aborted data so far: 0
2024-10-21 17:03:28,453 INFO ===> New TaichiEnv created.
2024-10-21 17:03:28,453 INFO ===> Specifications: horizon = 311, dt = 0.01, n_substeps = 20, dt_sub = 0.0005
2024-10-21 17:03:28,475 DEBUG loaded <trimesh.Trimesh(vertices.shape=(916, 3), faces.shape=(856, 3))> using `load_obj` in 0.0028s
2024-10-21 17:03:28,611 DEBUG loaded <trimesh.Trimesh(vertices.shape=(48, 3), faces.shape=(28, 3))> using `load_obj` in 0.0007s
2024-10-21 17:04:00,136 INFO =====> Epoch: 10
2024-10-21 17:04:00,136 INFO =====> Loss info: {'particle_has_naninf': False, 'height_map_loss': 34.29689407348633, 'emd_loss': 38.12101364135742, 'total_loss': 38.12101364135742}
2024-10-21 17:04:00,136 INFO =====> Param: E: [263382.16], nu: [0.1598514], rho: [1304.2574], sand_angle: [30.97997]
2024-10-21 17:04:00,136 INFO =====> Grad: [-1.6917539e-03  1.4196187e+03  8.0359621e+00 -1.6935931e+02]
2024-10-21 17:04:00,136 INFO =====> Num. aborted data so far: 0
2024-10-21 17:04:00,430 INFO ===> New TaichiEnv created.
2024-10-21 17:04:00,430 INFO ===> Specifications: horizon = 311, dt = 0.01, n_substeps = 20, dt_sub = 0.0005
2024-10-21 17:04:00,451 DEBUG loaded <trimesh.Trimesh(vertices.shape=(916, 3), faces.shape=(856, 3))> using `load_obj` in 0.0028s
2024-10-21 17:04:00,588 DEBUG loaded <trimesh.Trimesh(vertices.shape=(48, 3), faces.shape=(28, 3))> using `load_obj` in 0.0007s
2024-10-21 17:04:44,181 INFO =====> Epoch: 11
2024-10-21 17:04:44,182 INFO =====> Loss info: {'particle_has_naninf': False, 'height_map_loss': 34.4613037109375, 'emd_loss': 38.12657928466797, 'total_loss': 38.12657928466797}
2024-10-21 17:04:44,182 INFO =====> Param: E: [250000.], nu: [0.15449172], rho: [1325.4226], sand_angle: [30.917389]
2024-10-21 17:04:44,182 INFO =====> Grad: [ 1.8669410e-02  6.8783081e+03 -7.8738227e+00  2.3608124e+01]
2024-10-21 17:04:44,182 INFO =====> Num. aborted data so far: 0
2024-10-21 17:04:44,553 INFO ===> New TaichiEnv created.
2024-10-21 17:04:44,554 INFO ===> Specifications: horizon = 311, dt = 0.01, n_substeps = 20, dt_sub = 0.0005
2024-10-21 17:04:44,583 DEBUG loaded <trimesh.Trimesh(vertices.shape=(916, 3), faces.shape=(856, 3))> using `load_obj` in 0.0053s
2024-10-21 17:04:44,722 DEBUG loaded <trimesh.Trimesh(vertices.shape=(48, 3), faces.shape=(28, 3))> using `load_obj` in 0.0007s
2024-10-21 17:05:16,167 INFO =====> Epoch: 12
2024-10-21 17:05:16,167 INFO =====> Loss info: {'particle_has_naninf': False, 'height_map_loss': 34.55629348754883, 'emd_loss': 38.1751594543457, 'total_loss': 38.1751594543457}
2024-10-21 17:05:16,167 INFO =====> Param: E: [250000.], nu: [0.14792788], rho: [1422.7905], sand_angle: [31.954506]
2024-10-21 17:05:16,167 INFO =====> Grad: [ 1.5294510e-02  8.1693096e+03 -4.3614773e+01 -3.9289600e+02]
2024-10-21 17:05:16,167 INFO =====> Num. aborted data so far: 0
2024-10-21 17:05:16,460 INFO ===> New TaichiEnv created.
2024-10-21 17:05:16,460 INFO ===> Specifications: horizon = 311, dt = 0.01, n_substeps = 20, dt_sub = 0.0005
2024-10-21 17:05:16,482 DEBUG loaded <trimesh.Trimesh(vertices.shape=(916, 3), faces.shape=(856, 3))> using `load_obj` in 0.0028s
2024-10-21 17:05:16,622 DEBUG loaded <trimesh.Trimesh(vertices.shape=(48, 3), faces.shape=(28, 3))> using `load_obj` in 0.0007s
2024-10-21 17:05:48,622 INFO =====> Epoch: 13
2024-10-21 17:05:48,623 INFO =====> Loss info: {'particle_has_naninf': False, 'height_map_loss': 34.85289001464844, 'emd_loss': 38.508419036865234, 'total_loss': 38.508419036865234}
2024-10-21 17:05:48,623 INFO =====> Param: E: [250000.], nu: [0.15245162], rho: [1392.8588], sand_angle: [32.708103]
2024-10-21 17:05:48,623 INFO =====> Grad: [ 3.9234511e-03 -5.3968032e+03  1.2953753e+01 -2.7887262e+02]
2024-10-21 17:05:48,623 INFO =====> Num. aborted data so far: 0
2024-10-21 17:05:48,995 INFO ===> New TaichiEnv created.
2024-10-21 17:05:48,995 INFO ===> Specifications: horizon = 311, dt = 0.01, n_substeps = 20, dt_sub = 0.0005
2024-10-21 17:05:49,018 DEBUG loaded <trimesh.Trimesh(vertices.shape=(916, 3), faces.shape=(856, 3))> using `load_obj` in 0.0029s
2024-10-21 17:05:49,163 DEBUG loaded <trimesh.Trimesh(vertices.shape=(48, 3), faces.shape=(28, 3))> using `load_obj` in 0.0007s
2024-10-21 17:06:32,494 INFO =====> Epoch: 14
2024-10-21 17:06:32,494 INFO =====> Loss info: {'particle_has_naninf': False, 'height_map_loss': 35.06782150268555, 'emd_loss': 38.73676300048828, 'total_loss': 38.73676300048828}
2024-10-21 17:06:32,494 INFO =====> Param: E: [250000.], nu: [0.1453996], rho: [1295.6737], sand_angle: [30.848372]
2024-10-21 17:06:32,494 INFO =====> Grad: [3.8567167e-02 8.1874849e+03 5.0584618e+01 8.0724152e+02]
2024-10-21 17:06:32,494 INFO =====> Num. aborted data so far: 0
2024-10-21 17:06:32,858 INFO ===> New TaichiEnv created.
2024-10-21 17:06:32,858 INFO ===> Specifications: horizon = 311, dt = 0.01, n_substeps = 20, dt_sub = 0.0005
2024-10-21 17:06:32,881 DEBUG loaded <trimesh.Trimesh(vertices.shape=(916, 3), faces.shape=(856, 3))> using `load_obj` in 0.0029s
2024-10-21 17:06:33,026 DEBUG loaded <trimesh.Trimesh(vertices.shape=(48, 3), faces.shape=(28, 3))> using `load_obj` in 0.0007s
2024-10-21 17:07:04,616 INFO =====> Epoch: 15
2024-10-21 17:07:04,616 INFO =====> Loss info: {'particle_has_naninf': False, 'height_map_loss': 34.51246643066406, 'emd_loss': 38.218265533447266, 'total_loss': 38.218265533447266}
2024-10-21 17:07:04,617 INFO =====> Param: E: [254232.72], nu: [0.1416784], rho: [1344.1245], sand_angle: [30.010077]
2024-10-21 17:07:04,617 INFO =====> Grad: [-3.6787707e-03  4.1273271e+03 -2.5133511e+01  3.5800876e+02]
2024-10-21 17:07:04,617 INFO =====> Num. aborted data so far: 0
2024-10-21 17:07:04,939 INFO ===> New TaichiEnv created.
2024-10-21 17:07:04,939 INFO ===> Specifications: horizon = 311, dt = 0.01, n_substeps = 20, dt_sub = 0.0005
2024-10-21 17:07:04,962 DEBUG loaded <trimesh.Trimesh(vertices.shape=(916, 3), faces.shape=(856, 3))> using `load_obj` in 0.0029s
2024-10-21 17:07:05,109 DEBUG loaded <trimesh.Trimesh(vertices.shape=(48, 3), faces.shape=(28, 3))> using `load_obj` in 0.0008s
2024-10-21 17:07:36,320 INFO =====> Epoch: 16
2024-10-21 17:07:36,320 INFO =====> Loss info: {'particle_has_naninf': False, 'height_map_loss': 34.32940673828125, 'emd_loss': 38.17015838623047, 'total_loss': 38.17015838623047}
2024-10-21 17:07:36,321 INFO =====> Param: E: [250000.], nu: [0.12863898], rho: [1377.6974], sand_angle: [29.684654]
2024-10-21 17:07:36,321 INFO =====> Grad: [ 6.4532110e-03  1.5060283e+04 -1.6907490e+01  1.3254962e+02]
2024-10-21 17:07:36,321 INFO =====> Num. aborted data so far: 0
2024-10-21 17:07:36,765 INFO ===> New TaichiEnv created.
2024-10-21 17:07:36,765 INFO ===> Specifications: horizon = 311, dt = 0.01, n_substeps = 20, dt_sub = 0.0005
2024-10-21 17:07:36,801 DEBUG loaded <trimesh.Trimesh(vertices.shape=(916, 3), faces.shape=(856, 3))> using `load_obj` in 0.0047s
2024-10-21 17:07:36,991 DEBUG loaded <trimesh.Trimesh(vertices.shape=(48, 3), faces.shape=(28, 3))> using `load_obj` in 0.0008s
2024-10-21 17:08:08,102 INFO =====> Epoch: 17
2024-10-21 17:08:08,103 INFO =====> Loss info: {'particle_has_naninf': False, 'height_map_loss': 34.27180099487305, 'emd_loss': 38.41326141357422, 'total_loss': 38.41326141357422}
2024-10-21 17:08:08,103 INFO =====> Param: E: [283024.28], nu: [0.14456177], rho: [1484.6068], sand_angle: [30.273397]
2024-10-21 17:08:08,103 INFO =====> Grad: [-3.0520177e-02 -2.0193451e+04 -6.9327003e+01 -2.3154623e+02]
2024-10-21 17:08:08,103 INFO =====> Num. aborted data so far: 0
2024-10-21 17:08:08,529 INFO ===> New TaichiEnv created.
2024-10-21 17:08:08,529 INFO ===> Specifications: horizon = 311, dt = 0.01, n_substeps = 20, dt_sub = 0.0005
2024-10-21 17:08:08,558 DEBUG loaded <trimesh.Trimesh(vertices.shape=(916, 3), faces.shape=(856, 3))> using `load_obj` in 0.0039s
2024-10-21 17:08:08,751 DEBUG loaded <trimesh.Trimesh(vertices.shape=(48, 3), faces.shape=(28, 3))> using `load_obj` in 0.0008s
2024-10-21 17:08:40,155 INFO =====> Epoch: 18
2024-10-21 17:08:40,156 INFO =====> Loss info: {'particle_has_naninf': False, 'height_map_loss': 34.315452575683594, 'emd_loss': 38.16190719604492, 'total_loss': 38.16190719604492}
2024-10-21 17:08:40,156 INFO =====> Param: E: [250000.], nu: [0.12438171], rho: [1428.2883], sand_angle: [28.622997]
2024-10-21 17:08:40,156 INFO =====> Grad: [3.9117727e-02 3.1535053e+04 3.7078266e+01 7.2188928e+02]
2024-10-21 17:08:40,156 INFO =====> Num. aborted data so far: 0
2024-10-21 17:08:40,537 INFO ===> New TaichiEnv created.
2024-10-21 17:08:40,537 INFO ===> Specifications: horizon = 311, dt = 0.01, n_substeps = 20, dt_sub = 0.0005
2024-10-21 17:08:40,567 DEBUG loaded <trimesh.Trimesh(vertices.shape=(916, 3), faces.shape=(856, 3))> using `load_obj` in 0.0039s
2024-10-21 17:08:40,762 DEBUG loaded <trimesh.Trimesh(vertices.shape=(48, 3), faces.shape=(28, 3))> using `load_obj` in 0.0008s
2024-10-21 17:09:12,922 INFO =====> Epoch: 19
2024-10-21 17:09:12,922 INFO =====> Loss info: {'particle_has_naninf': False, 'height_map_loss': 33.92897415161133, 'emd_loss': 38.27790451049805, 'total_loss': 38.27790451049805}
2024-10-21 17:09:12,923 INFO =====> Param: E: [250000.], nu: [0.12377731], rho: [1431.6915], sand_angle: [28.617891]
2024-10-21 17:09:12,923 INFO =====> Grad: [ 1.1612473e-02  8.9619617e+02 -2.1260831e+00  2.1187272e+00]
2024-10-21 17:09:12,923 INFO =====> Num. aborted data so far: 0
2024-10-21 17:09:13,368 INFO ===> New TaichiEnv created.
2024-10-21 17:09:13,368 INFO ===> Specifications: horizon = 311, dt = 0.01, n_substeps = 20, dt_sub = 0.0005
2024-10-21 17:09:13,403 DEBUG loaded <trimesh.Trimesh(vertices.shape=(916, 3), faces.shape=(856, 3))> using `load_obj` in 0.0047s
2024-10-21 17:09:13,647 DEBUG loaded <trimesh.Trimesh(vertices.shape=(48, 3), faces.shape=(28, 3))> using `load_obj` in 0.0011s
2024-10-21 17:09:46,561 INFO =====> Epoch: 20
2024-10-21 17:09:46,561 INFO =====> Loss info: {'particle_has_naninf': False, 'height_map_loss': 33.95284652709961, 'emd_loss': 38.281219482421875, 'total_loss': 38.281219482421875}
2024-10-21 17:09:46,561 INFO =====> Param: E: [253489.88], nu: [0.1289159], rho: [1471.702], sand_angle: [30.694387]
2024-10-21 17:09:46,562 INFO =====> Grad: [-3.4296457e-03 -7.3256909e+03 -2.4510683e+01 -1.0838503e+03]
2024-10-21 17:09:46,562 INFO =====> Num. aborted data so far: 0
2024-10-21 17:09:46,869 INFO ===> New TaichiEnv created.
2024-10-21 17:09:46,869 INFO ===> Specifications: horizon = 311, dt = 0.01, n_substeps = 20, dt_sub = 0.0005
2024-10-21 17:09:46,891 DEBUG loaded <trimesh.Trimesh(vertices.shape=(916, 3), faces.shape=(856, 3))> using `load_obj` in 0.0029s
2024-10-21 17:09:47,044 DEBUG loaded <trimesh.Trimesh(vertices.shape=(48, 3), faces.shape=(28, 3))> using `load_obj` in 0.0007s
2024-10-21 17:10:18,644 INFO =====> Epoch: 21
2024-10-21 17:10:18,644 INFO =====> Loss info: {'particle_has_naninf': False, 'height_map_loss': 34.64958190917969, 'emd_loss': 38.53437042236328, 'total_loss': 38.53437042236328}
2024-10-21 17:10:18,644 INFO =====> Param: E: [250000.], nu: [0.12385579], rho: [1456.4806], sand_angle: [31.658401]
2024-10-21 17:10:18,645 INFO =====> Grad: [ 8.3494792e-03  6.9329438e+03  8.8875046e+00 -5.0121423e+02]
2024-10-21 17:10:18,645 INFO =====> Num. aborted data so far: 0
2024-10-21 17:10:19,027 INFO ===> New TaichiEnv created.
2024-10-21 17:10:19,028 INFO ===> Specifications: horizon = 311, dt = 0.01, n_substeps = 20, dt_sub = 0.0005
2024-10-21 17:10:19,057 DEBUG loaded <trimesh.Trimesh(vertices.shape=(916, 3), faces.shape=(856, 3))> using `load_obj` in 0.0039s
2024-10-21 17:10:19,250 DEBUG loaded <trimesh.Trimesh(vertices.shape=(48, 3), faces.shape=(28, 3))> using `load_obj` in 0.0007s
2024-10-21 17:10:51,018 INFO =====> Epoch: 22
2024-10-21 17:10:51,018 INFO =====> Loss info: {'particle_has_naninf': False, 'height_map_loss': 34.979312896728516, 'emd_loss': 38.62547302246094, 'total_loss': 38.62547302246094}
2024-10-21 17:10:51,018 INFO =====> Param: E: [250000.], nu: [0.12398674], rho: [1495.2539], sand_angle: [31.519844]
2024-10-21 17:10:51,018 INFO =====> Grad: [ 1.2151426e-02 -1.7020912e+02 -2.2153643e+01  6.8407974e+01]
2024-10-21 17:10:51,018 INFO =====> Num. aborted data so far: 0
2024-10-21 17:10:51,404 INFO ===> New TaichiEnv created.
2024-10-21 17:10:51,404 INFO ===> Specifications: horizon = 311, dt = 0.01, n_substeps = 20, dt_sub = 0.0005
2024-10-21 17:10:51,433 DEBUG loaded <trimesh.Trimesh(vertices.shape=(916, 3), faces.shape=(856, 3))> using `load_obj` in 0.0039s
2024-10-21 17:10:51,629 DEBUG loaded <trimesh.Trimesh(vertices.shape=(48, 3), faces.shape=(28, 3))> using `load_obj` in 0.0008s
2024-10-21 17:11:23,733 INFO =====> Epoch: 23
2024-10-21 17:11:23,733 INFO =====> Loss info: {'particle_has_naninf': False, 'height_map_loss': 34.903953552246094, 'emd_loss': 38.701019287109375, 'total_loss': 38.701019287109375}
2024-10-21 17:11:23,733 INFO =====> Param: E: [250000.], nu: [0.10494061], rho: [1441.3237], sand_angle: [29.938917]
2024-10-21 17:11:23,733 INFO =====> Grad: [5.9689842e-02 2.9421018e+04 3.1097355e+01 8.5498969e+02]
2024-10-21 17:11:23,733 INFO =====> Num. aborted data so far: 0
2024-10-21 17:11:24,122 INFO ===> New TaichiEnv created.
2024-10-21 17:11:24,122 INFO ===> Specifications: horizon = 311, dt = 0.01, n_substeps = 20, dt_sub = 0.0005
2024-10-21 17:11:24,151 DEBUG loaded <trimesh.Trimesh(vertices.shape=(916, 3), faces.shape=(856, 3))> using `load_obj` in 0.0039s
2024-10-21 17:11:24,348 DEBUG loaded <trimesh.Trimesh(vertices.shape=(48, 3), faces.shape=(28, 3))> using `load_obj` in 0.0008s
2024-10-21 17:11:56,630 INFO =====> Epoch: 24
2024-10-21 17:11:56,630 INFO =====> Loss info: {'particle_has_naninf': False, 'height_map_loss': 34.44441604614258, 'emd_loss': 38.54103469848633, 'total_loss': 38.54103469848633}
2024-10-21 17:11:56,630 INFO =====> Param: E: [250000.], nu: [0.1], rho: [1397.9893], sand_angle: [29.629448]
2024-10-21 17:11:56,630 INFO =====> Grad: [2.0705400e-02 1.5305124e+04 2.4649143e+01 1.5954253e+02]
2024-10-21 17:11:56,630 INFO =====> Num. aborted data so far: 0
2024-10-21 17:11:56,938 INFO ===> New TaichiEnv created.
2024-10-21 17:11:56,939 INFO ===> Specifications: horizon = 311, dt = 0.01, n_substeps = 20, dt_sub = 0.0005
2024-10-21 17:11:56,960 DEBUG loaded <trimesh.Trimesh(vertices.shape=(916, 3), faces.shape=(856, 3))> using `load_obj` in 0.0029s
2024-10-21 17:11:57,107 DEBUG loaded <trimesh.Trimesh(vertices.shape=(48, 3), faces.shape=(28, 3))> using `load_obj` in 0.0007s
2024-10-21 17:12:28,437 INFO =====> Epoch: 25
2024-10-21 17:12:28,437 INFO =====> Loss info: {'particle_has_naninf': False, 'height_map_loss': 34.27295684814453, 'emd_loss': 38.48296356201172, 'total_loss': 38.48296356201172}
2024-10-21 17:12:28,437 INFO =====> Param: E: [255260.06], nu: [0.10532909], rho: [1460.8369], sand_angle: [29.198195]
2024-10-21 17:12:28,437 INFO =====> Grad: [-6.3044336e-03 -7.9155791e+03 -3.6959057e+01  2.1290761e+02]
2024-10-21 17:12:28,437 INFO =====> Num. aborted data so far: 0
2024-10-21 17:12:28,777 INFO ===> New TaichiEnv created.
2024-10-21 17:12:28,778 INFO ===> Specifications: horizon = 311, dt = 0.01, n_substeps = 20, dt_sub = 0.0005
2024-10-21 17:12:28,806 DEBUG loaded <trimesh.Trimesh(vertices.shape=(916, 3), faces.shape=(856, 3))> using `load_obj` in 0.0039s
2024-10-21 17:12:29,004 DEBUG loaded <trimesh.Trimesh(vertices.shape=(48, 3), faces.shape=(28, 3))> using `load_obj` in 0.0008s
2024-10-21 17:13:01,708 INFO =====> Epoch: 26
2024-10-21 17:13:01,708 INFO =====> Loss info: {'particle_has_naninf': False, 'height_map_loss': 34.21937942504883, 'emd_loss': 38.545475006103516, 'total_loss': 38.545475006103516}
2024-10-21 17:13:01,708 INFO =====> Param: E: [250001.84], nu: [0.10265914], rho: [1409.9988], sand_angle: [26.936453]
2024-10-21 17:13:01,708 INFO =====> Grad: [5.9995726e-03 3.7757922e+03 2.9952888e+01 1.5156921e+03]
2024-10-21 17:13:01,708 INFO =====> Num. aborted data so far: 0
2024-10-21 17:13:02,021 INFO ===> New TaichiEnv created.
2024-10-21 17:13:02,021 INFO ===> Specifications: horizon = 311, dt = 0.01, n_substeps = 20, dt_sub = 0.0005
2024-10-21 17:13:02,044 DEBUG loaded <trimesh.Trimesh(vertices.shape=(916, 3), faces.shape=(856, 3))> using `load_obj` in 0.0029s
2024-10-21 17:13:02,196 DEBUG loaded <trimesh.Trimesh(vertices.shape=(48, 3), faces.shape=(28, 3))> using `load_obj` in 0.0007s
2024-10-21 17:13:33,781 INFO =====> Epoch: 27
2024-10-21 17:13:33,781 INFO =====> Loss info: {'particle_has_naninf': False, 'height_map_loss': 33.57537841796875, 'emd_loss': 37.92082977294922, 'total_loss': 37.92082977294922}
2024-10-21 17:13:33,781 INFO =====> Param: E: [257927.55], nu: [0.11308059], rho: [1436.9375], sand_angle: [27.131016]
2024-10-21 17:13:33,781 INFO =====> Grad: [-8.6472463e-03 -1.4808801e+04 -1.5280739e+01 -1.2392906e+02]
2024-10-21 17:13:33,781 INFO =====> Num. aborted data so far: 0
2024-10-21 17:13:34,146 INFO ===> New TaichiEnv created.
2024-10-21 17:13:34,146 INFO ===> Specifications: horizon = 311, dt = 0.01, n_substeps = 20, dt_sub = 0.0005
2024-10-21 17:13:34,175 DEBUG loaded <trimesh.Trimesh(vertices.shape=(916, 3), faces.shape=(856, 3))> using `load_obj` in 0.0039s
2024-10-21 17:13:34,372 DEBUG loaded <trimesh.Trimesh(vertices.shape=(48, 3), faces.shape=(28, 3))> using `load_obj` in 0.0008s
2024-10-21 17:14:06,988 INFO =====> Epoch: 28
2024-10-21 17:14:06,988 INFO =====> Loss info: {'particle_has_naninf': False, 'height_map_loss': 33.61228942871094, 'emd_loss': 37.97637176513672, 'total_loss': 37.97637176513672}
2024-10-21 17:14:06,988 INFO =====> Param: E: [288639.88], nu: [0.12486143], rho: [1459.7528], sand_angle: [27.881947]
2024-10-21 17:14:06,988 INFO =====> Grad: [-3.6364213e-02 -1.7113305e+04 -1.2407493e+01 -4.6712991e+02]
2024-10-21 17:14:06,988 INFO =====> Num. aborted data so far: 0
2024-10-21 17:14:07,379 INFO ===> New TaichiEnv created.
2024-10-21 17:14:07,380 INFO ===> Specifications: horizon = 311, dt = 0.01, n_substeps = 20, dt_sub = 0.0005
2024-10-21 17:14:07,410 DEBUG loaded <trimesh.Trimesh(vertices.shape=(916, 3), faces.shape=(856, 3))> using `load_obj` in 0.0039s
2024-10-21 17:14:07,604 DEBUG loaded <trimesh.Trimesh(vertices.shape=(48, 3), faces.shape=(28, 3))> using `load_obj` in 0.0008s
2024-10-21 17:14:39,589 INFO =====> Epoch: 29
2024-10-21 17:14:39,589 INFO =====> Loss info: {'particle_has_naninf': False, 'height_map_loss': 33.677391052246094, 'emd_loss': 37.819725036621094, 'total_loss': 37.819725036621094}
2024-10-21 17:14:39,589 INFO =====> Param: E: [302196.56], nu: [0.13413559], rho: [1435.5227], sand_angle: [28.632915]
2024-10-21 17:14:39,589 INFO =====> Grad: [-1.5590119e-02 -1.3368500e+04  1.2650125e+01 -4.5623236e+02]
2024-10-21 17:14:39,589 INFO =====> Num. aborted data so far: 0
2024-10-21 17:14:39,981 INFO ===> New TaichiEnv created.
2024-10-21 17:14:39,981 INFO ===> Specifications: horizon = 311, dt = 0.01, n_substeps = 20, dt_sub = 0.0005
2024-10-21 17:14:40,010 DEBUG loaded <trimesh.Trimesh(vertices.shape=(916, 3), faces.shape=(856, 3))> using `load_obj` in 0.0039s
2024-10-21 17:14:40,201 DEBUG loaded <trimesh.Trimesh(vertices.shape=(48, 3), faces.shape=(28, 3))> using `load_obj` in 0.0009s
2024-10-21 17:15:12,649 INFO =====> Epoch: 30
2024-10-21 17:15:12,649 INFO =====> Loss info: {'particle_has_naninf': False, 'height_map_loss': 33.89997482299805, 'emd_loss': 37.9683723449707, 'total_loss': 37.9683723449707}
2024-10-21 17:15:12,649 INFO =====> Param: E: [306122.62], nu: [0.13837592], rho: [1433.7534], sand_angle: [29.030096]
2024-10-21 17:15:12,649 INFO =====> Grad: [-4.2915554e-03 -5.8515396e+03  8.7635112e-01 -2.3074152e+02]
2024-10-21 17:15:12,649 INFO =====> Num. aborted data so far: 0
2024-10-21 17:15:13,108 INFO ===> New TaichiEnv created.
2024-10-21 17:15:13,108 INFO ===> Specifications: horizon = 311, dt = 0.01, n_substeps = 20, dt_sub = 0.0005
2024-10-21 17:15:13,144 DEBUG loaded <trimesh.Trimesh(vertices.shape=(916, 3), faces.shape=(856, 3))> using `load_obj` in 0.0047s
2024-10-21 17:15:13,386 DEBUG loaded <trimesh.Trimesh(vertices.shape=(48, 3), faces.shape=(28, 3))> using `load_obj` in 0.0010s
2024-10-21 17:15:45,451 INFO =====> Epoch: 31
2024-10-21 17:15:45,451 INFO =====> Loss info: {'particle_has_naninf': False, 'height_map_loss': 33.95697784423828, 'emd_loss': 37.891639709472656, 'total_loss': 37.891639709472656}
2024-10-21 17:15:45,451 INFO =====> Param: E: [316292.5], nu: [0.15013516], rho: [1410.3192], sand_angle: [28.90821]
2024-10-21 17:15:45,451 INFO =====> Grad: [-1.0685179e-02 -1.6583887e+04  1.1134816e+01  6.7225365e+01]
2024-10-21 17:15:45,451 INFO =====> Num. aborted data so far: 0
2024-10-21 17:15:45,863 INFO ===> New TaichiEnv created.
2024-10-21 17:15:45,863 INFO ===> Specifications: horizon = 311, dt = 0.01, n_substeps = 20, dt_sub = 0.0005
2024-10-21 17:15:45,892 DEBUG loaded <trimesh.Trimesh(vertices.shape=(916, 3), faces.shape=(856, 3))> using `load_obj` in 0.0039s
2024-10-21 17:15:46,089 DEBUG loaded <trimesh.Trimesh(vertices.shape=(48, 3), faces.shape=(28, 3))> using `load_obj` in 0.0008s
2024-10-21 17:16:18,519 INFO =====> Epoch: 32
2024-10-21 17:16:18,519 INFO =====> Loss info: {'particle_has_naninf': False, 'height_map_loss': 33.717472076416016, 'emd_loss': 37.7567138671875, 'total_loss': 37.7567138671875}
2024-10-21 17:16:18,519 INFO =====> Param: E: [304353.25], nu: [0.1453556], rho: [1467.5645], sand_angle: [28.869349]
2024-10-21 17:16:18,519 INFO =====> Grad: [ 1.2118361e-02  6.4689600e+03 -2.7682316e+01  2.0335743e+01]
2024-10-21 17:16:18,519 INFO =====> Num. aborted data so far: 0
2024-10-21 17:16:18,869 INFO ===> New TaichiEnv created.
2024-10-21 17:16:18,869 INFO ===> Specifications: horizon = 311, dt = 0.01, n_substeps = 20, dt_sub = 0.0005
2024-10-21 17:16:18,899 DEBUG loaded <trimesh.Trimesh(vertices.shape=(916, 3), faces.shape=(856, 3))> using `load_obj` in 0.0039s
2024-10-21 17:16:19,087 DEBUG loaded <trimesh.Trimesh(vertices.shape=(48, 3), faces.shape=(28, 3))> using `load_obj` in 0.0008s
2024-10-21 17:16:50,985 INFO =====> Epoch: 33
2024-10-21 17:16:50,985 INFO =====> Loss info: {'particle_has_naninf': False, 'height_map_loss': 33.88610076904297, 'emd_loss': 37.89250564575195, 'total_loss': 37.89250564575195}
2024-10-21 17:16:50,985 INFO =====> Param: E: [308909.28], nu: [0.14488053], rho: [1427.1576], sand_angle: [27.762259]
2024-10-21 17:16:50,985 INFO =====> Grad: [-4.398484e-03  6.100487e+02  1.917365e+01  5.867226e+02]
2024-10-21 17:16:50,985 INFO =====> Num. aborted data so far: 0
2024-10-21 17:16:51,381 INFO ===> New TaichiEnv created.
2024-10-21 17:16:51,381 INFO ===> Specifications: horizon = 311, dt = 0.01, n_substeps = 20, dt_sub = 0.0005
2024-10-21 17:16:51,410 DEBUG loaded <trimesh.Trimesh(vertices.shape=(916, 3), faces.shape=(856, 3))> using `load_obj` in 0.0039s
2024-10-21 17:16:51,608 DEBUG loaded <trimesh.Trimesh(vertices.shape=(48, 3), faces.shape=(28, 3))> using `load_obj` in 0.0008s
2024-10-21 17:17:23,609 INFO =====> Epoch: 34
2024-10-21 17:17:23,609 INFO =====> Loss info: {'particle_has_naninf': False, 'height_map_loss': 33.54191207885742, 'emd_loss': 37.59908676147461, 'total_loss': 37.59908676147461}
2024-10-21 17:17:23,609 INFO =====> Param: E: [320952.9], nu: [0.14702399], rho: [1514.4286], sand_angle: [28.61724]
2024-10-21 17:17:23,610 INFO =====> Grad: [-1.1236121e-02 -2.6172913e+03 -4.7112873e+01 -4.4649045e+02]
2024-10-21 17:17:23,610 INFO =====> Num. aborted data so far: 0
2024-10-21 17:17:24,070 INFO ===> New TaichiEnv created.
2024-10-21 17:17:24,070 INFO ===> Specifications: horizon = 311, dt = 0.01, n_substeps = 20, dt_sub = 0.0005
2024-10-21 17:17:24,106 DEBUG loaded <trimesh.Trimesh(vertices.shape=(916, 3), faces.shape=(856, 3))> using `load_obj` in 0.0047s
2024-10-21 17:17:24,347 DEBUG loaded <trimesh.Trimesh(vertices.shape=(48, 3), faces.shape=(28, 3))> using `load_obj` in 0.0010s
2024-10-21 17:17:56,463 INFO =====> Epoch: 35
2024-10-21 17:17:56,463 INFO =====> Loss info: {'particle_has_naninf': False, 'height_map_loss': 33.797786712646484, 'emd_loss': 37.820438385009766, 'total_loss': 37.820438385009766}
2024-10-21 17:17:56,463 INFO =====> Param: E: [318419.22], nu: [0.14933854], rho: [1535.7396], sand_angle: [27.780138]
2024-10-21 17:17:56,463 INFO =====> Grad: [ 2.2442981e-03 -2.6883865e+03 -1.1014765e+01  4.3006146e+02]
2024-10-21 17:17:56,463 INFO =====> Num. aborted data so far: 0
2024-10-21 17:17:56,964 INFO ===> New TaichiEnv created.
2024-10-21 17:17:56,966 INFO ===> Specifications: horizon = 311, dt = 0.01, n_substeps = 20, dt_sub = 0.0005
2024-10-21 17:17:57,002 DEBUG loaded <trimesh.Trimesh(vertices.shape=(916, 3), faces.shape=(856, 3))> using `load_obj` in 0.0048s
2024-10-21 17:17:57,245 DEBUG loaded <trimesh.Trimesh(vertices.shape=(48, 3), faces.shape=(28, 3))> using `load_obj` in 0.0010s
2024-10-21 17:18:29,341 INFO =====> Epoch: 36
2024-10-21 17:18:29,341 INFO =====> Loss info: {'particle_has_naninf': False, 'height_map_loss': 33.556427001953125, 'emd_loss': 37.69425582885742, 'total_loss': 37.69425582885742}
2024-10-21 17:18:29,341 INFO =====> Param: E: [331610.75], nu: [0.16399], rho: [1613.8673], sand_angle: [27.047647]
2024-10-21 17:18:29,341 INFO =====> Grad: [-1.1334557e-02 -1.8218002e+04 -4.4063873e+01  3.6698679e+02]
2024-10-21 17:18:29,341 INFO =====> Num. aborted data so far: 0
2024-10-21 17:18:29,663 INFO ===> New TaichiEnv created.
2024-10-21 17:18:29,663 INFO ===> Specifications: horizon = 311, dt = 0.01, n_substeps = 20, dt_sub = 0.0005
2024-10-21 17:18:29,685 DEBUG loaded <trimesh.Trimesh(vertices.shape=(916, 3), faces.shape=(856, 3))> using `load_obj` in 0.0029s
2024-10-21 17:18:29,866 DEBUG loaded <trimesh.Trimesh(vertices.shape=(48, 3), faces.shape=(28, 3))> using `load_obj` in 0.0008s
2024-10-21 17:19:01,745 INFO =====> Epoch: 37
2024-10-21 17:19:01,746 INFO =====> Loss info: {'particle_has_naninf': False, 'height_map_loss': 33.25871276855469, 'emd_loss': 37.31936264038086, 'total_loss': 37.31936264038086}
2024-10-21 17:19:01,746 INFO =====> Param: E: [371058.7], nu: [0.18264781], rho: [1723.9143], sand_angle: [27.427238]
2024-10-21 17:19:01,746 INFO =====> Grad: [-4.1138362e-02 -2.7259346e+04 -8.2002251e+01 -1.8173468e+02]
2024-10-21 17:19:01,746 INFO =====> Num. aborted data so far: 0
2024-10-21 17:19:02,063 INFO ===> New TaichiEnv created.
2024-10-21 17:19:02,063 INFO ===> Specifications: horizon = 311, dt = 0.01, n_substeps = 20, dt_sub = 0.0005
2024-10-21 17:19:02,086 DEBUG loaded <trimesh.Trimesh(vertices.shape=(916, 3), faces.shape=(856, 3))> using `load_obj` in 0.0029s
2024-10-21 17:19:02,248 DEBUG loaded <trimesh.Trimesh(vertices.shape=(48, 3), faces.shape=(28, 3))> using `load_obj` in 0.0008s
2024-10-21 17:19:33,888 INFO =====> Epoch: 38
2024-10-21 17:19:33,888 INFO =====> Loss info: {'particle_has_naninf': False, 'height_map_loss': 33.27759552001953, 'emd_loss': 37.361473083496094, 'total_loss': 37.361473083496094}
2024-10-21 17:19:33,888 INFO =====> Param: E: [376427.2], nu: [0.1971952], rho: [1689.5331], sand_angle: [28.164991]
2024-10-21 17:19:33,888 INFO =====> Grad: [-5.3304872e-03 -2.2708855e+04  2.4900476e+01 -3.4459259e+02]
2024-10-21 17:19:33,888 INFO =====> Num. aborted data so far: 0
2024-10-21 17:19:34,216 INFO ===> New TaichiEnv created.
2024-10-21 17:19:34,217 INFO ===> Specifications: horizon = 311, dt = 0.01, n_substeps = 20, dt_sub = 0.0005
2024-10-21 17:19:34,238 DEBUG loaded <trimesh.Trimesh(vertices.shape=(916, 3), faces.shape=(856, 3))> using `load_obj` in 0.0028s
2024-10-21 17:19:34,386 DEBUG loaded <trimesh.Trimesh(vertices.shape=(48, 3), faces.shape=(28, 3))> using `load_obj` in 0.0007s
2024-10-21 17:20:06,096 INFO =====> Epoch: 39
2024-10-21 17:20:06,096 INFO =====> Loss info: {'particle_has_naninf': False, 'height_map_loss': 33.51481628417969, 'emd_loss': 37.4923210144043, 'total_loss': 37.4923210144043}
2024-10-21 17:20:06,096 INFO =====> Param: E: [389587.47], nu: [0.21194814], rho: [1686.5475], sand_angle: [28.704494]
2024-10-21 17:20:06,097 INFO =====> Grad: [-1.2673946e-02 -2.4700715e+04  2.0517309e+00 -2.4261848e+02]
2024-10-21 17:20:06,097 INFO =====> Num. aborted data so far: 0
2024-10-21 17:20:06,412 INFO ===> New TaichiEnv created.
2024-10-21 17:20:06,412 INFO ===> Specifications: horizon = 311, dt = 0.01, n_substeps = 20, dt_sub = 0.0005
2024-10-21 17:20:06,434 DEBUG loaded <trimesh.Trimesh(vertices.shape=(916, 3), faces.shape=(856, 3))> using `load_obj` in 0.0028s
2024-10-21 17:20:06,580 DEBUG loaded <trimesh.Trimesh(vertices.shape=(48, 3), faces.shape=(28, 3))> using `load_obj` in 0.0007s
2024-10-21 17:20:38,071 INFO =====> Epoch: 40
2024-10-21 17:20:38,071 INFO =====> Loss info: {'particle_has_naninf': False, 'height_map_loss': 33.57183074951172, 'emd_loss': 37.51163864135742, 'total_loss': 37.51163864135742}
2024-10-21 17:20:38,072 INFO =====> Param: E: [413031.7], nu: [0.2226558], rho: [1701.4424], sand_angle: [29.881384]
2024-10-21 17:20:38,072 INFO =====> Grad: [-2.3062211e-02 -1.8075484e+04 -9.7539616e+00 -5.4095569e+02]
2024-10-21 17:20:38,072 INFO =====> Num. aborted data so far: 0
2024-10-21 17:20:38,424 INFO ===> New TaichiEnv created.
2024-10-21 17:20:38,424 INFO ===> Specifications: horizon = 311, dt = 0.01, n_substeps = 20, dt_sub = 0.0005
2024-10-21 17:20:38,446 DEBUG loaded <trimesh.Trimesh(vertices.shape=(916, 3), faces.shape=(856, 3))> using `load_obj` in 0.0028s
2024-10-21 17:20:38,596 DEBUG loaded <trimesh.Trimesh(vertices.shape=(48, 3), faces.shape=(28, 3))> using `load_obj` in 0.0007s
2024-10-21 17:21:10,151 INFO =====> Epoch: 41
2024-10-21 17:21:10,152 INFO =====> Loss info: {'particle_has_naninf': False, 'height_map_loss': 33.983055114746094, 'emd_loss': 37.54290771484375, 'total_loss': 37.54290771484375}
2024-10-21 17:21:10,152 INFO =====> Param: E: [415907.34], nu: [0.2273274], rho: [1658.9741], sand_angle: [29.178326]
2024-10-21 17:21:10,152 INFO =====> Grad: [-2.6864139e-03 -7.5644072e+03  2.7389723e+01  3.1444583e+02]
2024-10-21 17:21:10,152 INFO =====> Num. aborted data so far: 0
2024-10-21 17:21:10,482 INFO ===> New TaichiEnv created.
2024-10-21 17:21:10,482 INFO ===> Specifications: horizon = 311, dt = 0.01, n_substeps = 20, dt_sub = 0.0005
2024-10-21 17:21:10,511 DEBUG loaded <trimesh.Trimesh(vertices.shape=(916, 3), faces.shape=(856, 3))> using `load_obj` in 0.0059s
2024-10-21 17:21:10,656 DEBUG loaded <trimesh.Trimesh(vertices.shape=(48, 3), faces.shape=(28, 3))> using `load_obj` in 0.0007s
2024-10-21 17:21:42,299 INFO =====> Epoch: 42
2024-10-21 17:21:42,299 INFO =====> Loss info: {'particle_has_naninf': False, 'height_map_loss': 33.7094841003418, 'emd_loss': 37.39202117919922, 'total_loss': 37.39202117919922}
2024-10-21 17:21:42,299 INFO =====> Param: E: [412943.], nu: [0.2317415], rho: [1670.0292], sand_angle: [29.435593]
2024-10-21 17:21:42,299 INFO =====> Grad: [ 2.63003982e-03 -6.84769238e+03 -6.78061056e+00 -1.09521774e+02]
2024-10-21 17:21:42,299 INFO =====> Num. aborted data so far: 0
2024-10-21 17:21:42,633 INFO ===> New TaichiEnv created.
2024-10-21 17:21:42,633 INFO ===> Specifications: horizon = 311, dt = 0.01, n_substeps = 20, dt_sub = 0.0005
2024-10-21 17:21:42,655 DEBUG loaded <trimesh.Trimesh(vertices.shape=(916, 3), faces.shape=(856, 3))> using `load_obj` in 0.0029s
2024-10-21 17:21:42,796 DEBUG loaded <trimesh.Trimesh(vertices.shape=(48, 3), faces.shape=(28, 3))> using `load_obj` in 0.0007s
2024-10-21 17:22:14,031 INFO =====> Epoch: 43
2024-10-21 17:22:14,032 INFO =====> Loss info: {'particle_has_naninf': False, 'height_map_loss': 33.82545471191406, 'emd_loss': 37.37445068359375, 'total_loss': 37.37445068359375}
2024-10-21 17:22:14,032 INFO =====> Param: E: [417370.75], nu: [0.2394542], rho: [1613.7991], sand_angle: [29.91926]
2024-10-21 17:22:14,032 INFO =====> Grad: [-3.7359998e-03 -1.1704328e+04  3.5007404e+01 -1.9766350e+02]
2024-10-21 17:22:14,032 INFO =====> Num. aborted data so far: 0
2024-10-21 17:22:14,367 INFO ===> New TaichiEnv created.
2024-10-21 17:22:14,367 INFO ===> Specifications: horizon = 311, dt = 0.01, n_substeps = 20, dt_sub = 0.0005
2024-10-21 17:22:14,389 DEBUG loaded <trimesh.Trimesh(vertices.shape=(916, 3), faces.shape=(856, 3))> using `load_obj` in 0.0029s
2024-10-21 17:22:14,547 DEBUG loaded <trimesh.Trimesh(vertices.shape=(48, 3), faces.shape=(28, 3))> using `load_obj` in 0.0007s
2024-10-21 17:22:45,784 INFO =====> Epoch: 44
2024-10-21 17:22:45,784 INFO =====> Loss info: {'particle_has_naninf': False, 'height_map_loss': 33.9802360534668, 'emd_loss': 37.30763244628906, 'total_loss': 37.30763244628906}
2024-10-21 17:22:45,785 INFO =====> Param: E: [403119.22], nu: [0.2278147], rho: [1631.5526], sand_angle: [30.012997]
2024-10-21 17:22:45,785 INFO =====> Grad: [ 1.1709039e-02  1.8022209e+04 -1.0552468e+01 -3.6358212e+01]
2024-10-21 17:22:45,785 INFO =====> Num. aborted data so far: 0
2024-10-21 17:22:46,149 INFO ===> New TaichiEnv created.
2024-10-21 17:22:46,149 INFO ===> Specifications: horizon = 311, dt = 0.01, n_substeps = 20, dt_sub = 0.0005
2024-10-21 17:22:46,170 DEBUG loaded <trimesh.Trimesh(vertices.shape=(916, 3), faces.shape=(856, 3))> using `load_obj` in 0.0028s
2024-10-21 17:22:46,321 DEBUG loaded <trimesh.Trimesh(vertices.shape=(48, 3), faces.shape=(28, 3))> using `load_obj` in 0.0007s
2024-10-21 17:23:18,115 INFO =====> Epoch: 45
2024-10-21 17:23:18,115 INFO =====> Loss info: {'particle_has_naninf': False, 'height_map_loss': 33.97629928588867, 'emd_loss': 37.506473541259766, 'total_loss': 37.506473541259766}
2024-10-21 17:23:18,115 INFO =====> Param: E: [422551.44], nu: [0.23693417], rho: [1715.2793], sand_angle: [31.181725]
2024-10-21 17:23:18,115 INFO =====> Grad: [-1.5916087e-02 -1.3990039e+04 -5.5655663e+01 -4.6282697e+02]
2024-10-21 17:23:18,115 INFO =====> Num. aborted data so far: 0
2024-10-21 17:23:18,440 INFO ===> New TaichiEnv created.
2024-10-21 17:23:18,440 INFO ===> Specifications: horizon = 311, dt = 0.01, n_substeps = 20, dt_sub = 0.0005
2024-10-21 17:23:18,464 DEBUG loaded <trimesh.Trimesh(vertices.shape=(916, 3), faces.shape=(856, 3))> using `load_obj` in 0.0028s
2024-10-21 17:23:18,616 DEBUG loaded <trimesh.Trimesh(vertices.shape=(48, 3), faces.shape=(28, 3))> using `load_obj` in 0.0007s
2024-10-21 17:23:50,444 INFO =====> Epoch: 46
2024-10-21 17:23:50,444 INFO =====> Loss info: {'particle_has_naninf': False, 'height_map_loss': 34.29387664794922, 'emd_loss': 37.639347076416016, 'total_loss': 37.639347076416016}
2024-10-21 17:23:50,444 INFO =====> Param: E: [422576.72], nu: [0.22601411], rho: [1722.3993], sand_angle: [30.172688]
2024-10-21 17:23:50,444 INFO =====> Grad: [-1.9654930e-05  1.6934355e+04 -4.4945283e+00  3.9999091e+02]
2024-10-21 17:23:50,444 INFO =====> Num. aborted data so far: 0
2024-10-21 17:23:50,822 INFO ===> New TaichiEnv created.
2024-10-21 17:23:50,823 INFO ===> Specifications: horizon = 311, dt = 0.01, n_substeps = 20, dt_sub = 0.0005
2024-10-21 17:23:50,845 DEBUG loaded <trimesh.Trimesh(vertices.shape=(916, 3), faces.shape=(856, 3))> using `load_obj` in 0.0029s
2024-10-21 17:23:50,989 DEBUG loaded <trimesh.Trimesh(vertices.shape=(48, 3), faces.shape=(28, 3))> using `load_obj` in 0.0007s
2024-10-21 17:24:23,369 INFO =====> Epoch: 47
2024-10-21 17:24:23,369 INFO =====> Loss info: {'particle_has_naninf': False, 'height_map_loss': 34.03063201904297, 'emd_loss': 37.579925537109375, 'total_loss': 37.579925537109375}
2024-10-21 17:24:23,370 INFO =====> Param: E: [440636.75], nu: [0.23875006], rho: [1713.7367], sand_angle: [31.205877]
2024-10-21 17:24:23,370 INFO =====> Grad: [-1.3891361e-02 -2.0470449e+04  5.1955018e+00 -4.1110962e+02]
2024-10-21 17:24:23,370 INFO =====> Num. aborted data so far: 0
2024-10-21 17:24:23,772 INFO ===> New TaichiEnv created.
2024-10-21 17:24:23,772 INFO ===> Specifications: horizon = 311, dt = 0.01, n_substeps = 20, dt_sub = 0.0005
2024-10-21 17:24:23,798 DEBUG loaded <trimesh.Trimesh(vertices.shape=(916, 3), faces.shape=(856, 3))> using `load_obj` in 0.0028s
2024-10-21 17:24:23,950 DEBUG loaded <trimesh.Trimesh(vertices.shape=(48, 3), faces.shape=(28, 3))> using `load_obj` in 0.0007s
2024-10-21 17:24:55,127 INFO =====> Epoch: 48
2024-10-21 17:24:55,127 INFO =====> Loss info: {'particle_has_naninf': False, 'height_map_loss': 34.40269470214844, 'emd_loss': 37.68594741821289, 'total_loss': 37.68594741821289}
2024-10-21 17:24:55,127 INFO =====> Param: E: [446709.22], nu: [0.23908058], rho: [1733.677], sand_angle: [31.533379]
2024-10-21 17:24:55,128 INFO =====> Grad: [-4.4516767e-03 -5.0400934e+02 -1.1437104e+01 -1.2429465e+02]
2024-10-21 17:24:55,128 INFO =====> Num. aborted data so far: 0
2024-10-21 17:24:55,460 INFO ===> New TaichiEnv created.
2024-10-21 17:24:55,460 INFO ===> Specifications: horizon = 311, dt = 0.01, n_substeps = 20, dt_sub = 0.0005
2024-10-21 17:24:55,485 DEBUG loaded <trimesh.Trimesh(vertices.shape=(916, 3), faces.shape=(856, 3))> using `load_obj` in 0.0028s
2024-10-21 17:24:55,631 DEBUG loaded <trimesh.Trimesh(vertices.shape=(48, 3), faces.shape=(28, 3))> using `load_obj` in 0.0007s
2024-10-21 17:25:27,063 INFO =====> Epoch: 49
2024-10-21 17:25:27,063 INFO =====> Loss info: {'particle_has_naninf': False, 'height_map_loss': 34.426395416259766, 'emd_loss': 37.60032272338867, 'total_loss': 37.60032272338867}
2024-10-21 17:25:27,064 INFO =====> Param: E: [423318.72], nu: [0.22283697], rho: [1685.6577], sand_angle: [30.612812]
2024-10-21 17:25:27,064 INFO =====> Grad: [1.7508883e-02 2.7388182e+04 2.7424208e+01 3.4645410e+02]
2024-10-21 17:25:27,064 INFO =====> Num. aborted data so far: 0
2024-10-21 17:25:27,469 INFO ===> New TaichiEnv created.
2024-10-21 17:25:27,469 INFO ===> Specifications: horizon = 311, dt = 0.01, n_substeps = 20, dt_sub = 0.0005
2024-10-21 17:25:27,498 DEBUG loaded <trimesh.Trimesh(vertices.shape=(916, 3), faces.shape=(856, 3))> using `load_obj` in 0.0039s
2024-10-21 17:25:27,677 DEBUG loaded <trimesh.Trimesh(vertices.shape=(48, 3), faces.shape=(28, 3))> using `load_obj` in 0.0007s
2024-10-21 17:25:59,230 INFO =====> Epoch: 50
2024-10-21 17:25:59,231 INFO =====> Loss info: {'particle_has_naninf': False, 'height_map_loss': 34.19912338256836, 'emd_loss': 37.6670036315918, 'total_loss': 37.6670036315918}
2024-10-21 17:25:59,231 INFO =====> Param: E: [445057.8], nu: [0.23690799], rho: [1735.0096], sand_angle: [31.624846]
2024-10-21 17:25:59,231 INFO =====> Grad: [-1.6439307e-02 -2.5132668e+04 -2.8145065e+01 -3.8139108e+02]
2024-10-21 17:25:59,231 INFO =====> Num. aborted data so far: 0
2024-10-21 17:25:59,618 INFO ===> New TaichiEnv created.
2024-10-21 17:25:59,618 INFO ===> Specifications: horizon = 311, dt = 0.01, n_substeps = 20, dt_sub = 0.0005
2024-10-21 17:25:59,647 DEBUG loaded <trimesh.Trimesh(vertices.shape=(916, 3), faces.shape=(856, 3))> using `load_obj` in 0.0039s
2024-10-21 17:25:59,868 DEBUG loaded <trimesh.Trimesh(vertices.shape=(48, 3), faces.shape=(28, 3))> using `load_obj` in 0.0009s
2024-10-21 17:26:32,910 INFO =====> Epoch: 51
2024-10-21 17:26:32,910 INFO =====> Loss info: {'particle_has_naninf': False, 'height_map_loss': 34.46001052856445, 'emd_loss': 37.74443435668945, 'total_loss': 37.74443435668945}
2024-10-21 17:26:32,910 INFO =====> Param: E: [407323.25], nu: [0.21558791], rho: [1649.5178], sand_angle: [29.258549]
2024-10-21 17:26:32,910 INFO =====> Grad: [3.3732709e-02 4.8915188e+04 5.4983898e+01 1.2752886e+03]
2024-10-21 17:26:32,910 INFO =====> Num. aborted data so far: 0
2024-10-21 17:26:33,347 INFO ===> New TaichiEnv created.
2024-10-21 17:26:33,347 INFO ===> Specifications: horizon = 311, dt = 0.01, n_substeps = 20, dt_sub = 0.0005
2024-10-21 17:26:33,382 DEBUG loaded <trimesh.Trimesh(vertices.shape=(916, 3), faces.shape=(856, 3))> using `load_obj` in 0.0048s
2024-10-21 17:26:33,625 DEBUG loaded <trimesh.Trimesh(vertices.shape=(48, 3), faces.shape=(28, 3))> using `load_obj` in 0.0010s
2024-10-21 17:27:05,459 INFO =====> Epoch: 52
2024-10-21 17:27:05,459 INFO =====> Loss info: {'particle_has_naninf': False, 'height_map_loss': 33.73858642578125, 'emd_loss': 37.40424346923828, 'total_loss': 37.40424346923828}
2024-10-21 17:27:05,459 INFO =====> Param: E: [421173.66], nu: [0.22540894], rho: [1699.8715], sand_angle: [30.47438]
2024-10-21 17:27:05,459 INFO =====> Grad: [-1.2038380e-02 -2.2488338e+04 -3.2410435e+01 -6.7339398e+02]
2024-10-21 17:27:05,459 INFO =====> Num. aborted data so far: 0
2024-10-21 17:27:05,860 INFO ===> New TaichiEnv created.
2024-10-21 17:27:05,862 INFO ===> Specifications: horizon = 311, dt = 0.01, n_substeps = 20, dt_sub = 0.0005
2024-10-21 17:27:05,891 DEBUG loaded <trimesh.Trimesh(vertices.shape=(916, 3), faces.shape=(856, 3))> using `load_obj` in 0.0039s
2024-10-21 17:27:06,079 DEBUG loaded <trimesh.Trimesh(vertices.shape=(48, 3), faces.shape=(28, 3))> using `load_obj` in 0.0008s
2024-10-21 17:27:38,276 INFO =====> Epoch: 53
2024-10-21 17:27:38,276 INFO =====> Loss info: {'particle_has_naninf': False, 'height_map_loss': 34.15324020385742, 'emd_loss': 37.67215347290039, 'total_loss': 37.67215347290039}
2024-10-21 17:27:38,277 INFO =====> Param: E: [417539.22], nu: [0.23036435], rho: [1706.2256], sand_angle: [30.81085]
2024-10-21 17:27:38,277 INFO =====> Grad: [ 3.0017979e-03 -1.0899339e+04 -3.8831029e+00 -1.7780138e+02]
2024-10-21 17:27:38,277 INFO =====> Num. aborted data so far: 0
2024-10-21 17:27:38,678 INFO ===> New TaichiEnv created.
2024-10-21 17:27:38,679 INFO ===> Specifications: horizon = 311, dt = 0.01, n_substeps = 20, dt_sub = 0.0005
2024-10-21 17:27:38,709 DEBUG loaded <trimesh.Trimesh(vertices.shape=(916, 3), faces.shape=(856, 3))> using `load_obj` in 0.0039s
2024-10-21 17:27:38,904 DEBUG loaded <trimesh.Trimesh(vertices.shape=(48, 3), faces.shape=(28, 3))> using `load_obj` in 0.0008s
2024-10-21 17:28:11,515 INFO =====> Epoch: 54
2024-10-21 17:28:11,515 INFO =====> Loss info: {'particle_has_naninf': False, 'height_map_loss': 34.21106719970703, 'emd_loss': 37.624080657958984, 'total_loss': 37.624080657958984}
2024-10-21 17:28:11,515 INFO =====> Param: E: [397751.2], nu: [0.2209763], rho: [1627.3489], sand_angle: [29.885775]
2024-10-21 17:28:11,515 INFO =====> Grad: [1.6324475e-02 2.0514107e+04 5.2763805e+01 4.8496945e+02]
2024-10-21 17:28:11,515 INFO =====> Num. aborted data so far: 0
2024-10-21 17:28:11,845 INFO ===> New TaichiEnv created.
2024-10-21 17:28:11,846 INFO ===> Specifications: horizon = 311, dt = 0.01, n_substeps = 20, dt_sub = 0.0005
2024-10-21 17:28:11,868 DEBUG loaded <trimesh.Trimesh(vertices.shape=(916, 3), faces.shape=(856, 3))> using `load_obj` in 0.0029s
2024-10-21 17:28:12,020 DEBUG loaded <trimesh.Trimesh(vertices.shape=(48, 3), faces.shape=(28, 3))> using `load_obj` in 0.0007s
2024-10-21 17:28:43,419 INFO =====> Epoch: 55
2024-10-21 17:28:43,419 INFO =====> Loss info: {'particle_has_naninf': False, 'height_map_loss': 33.962833404541016, 'emd_loss': 37.51571273803711, 'total_loss': 37.51571273803711}
2024-10-21 17:28:43,419 INFO =====> Param: E: [395259.84], nu: [0.21580304], rho: [1604.113], sand_angle: [28.804728]
2024-10-21 17:28:43,419 INFO =====> Grad: [1.9513188e-03 1.0870570e+04 1.4907571e+01 5.7212292e+02]
2024-10-21 17:28:43,419 INFO =====> Num. aborted data so far: 0
2024-10-21 17:28:43,817 INFO ===> New TaichiEnv created.
2024-10-21 17:28:43,817 INFO ===> Specifications: horizon = 311, dt = 0.01, n_substeps = 20, dt_sub = 0.0005
2024-10-21 17:28:43,847 DEBUG loaded <trimesh.Trimesh(vertices.shape=(916, 3), faces.shape=(856, 3))> using `load_obj` in 0.0040s
2024-10-21 17:28:44,040 DEBUG loaded <trimesh.Trimesh(vertices.shape=(48, 3), faces.shape=(28, 3))> using `load_obj` in 0.0008s
2024-10-21 17:29:15,997 INFO =====> Epoch: 56
2024-10-21 17:29:15,998 INFO =====> Loss info: {'particle_has_naninf': False, 'height_map_loss': 33.56986618041992, 'emd_loss': 37.411739349365234, 'total_loss': 37.411739349365234}
2024-10-21 17:29:15,998 INFO =====> Param: E: [382801.34], nu: [0.21065907], rho: [1564.2917], sand_angle: [28.036018]
2024-10-21 17:29:15,998 INFO =====> Grad: [9.4422549e-03 1.0392766e+04 2.5044661e+01 3.9788235e+02]
2024-10-21 17:29:15,998 INFO =====> Num. aborted data so far: 0
2024-10-21 17:29:16,331 INFO ===> New TaichiEnv created.
2024-10-21 17:29:16,331 INFO ===> Specifications: horizon = 311, dt = 0.01, n_substeps = 20, dt_sub = 0.0005
2024-10-21 17:29:16,353 DEBUG loaded <trimesh.Trimesh(vertices.shape=(916, 3), faces.shape=(856, 3))> using `load_obj` in 0.0029s
2024-10-21 17:29:16,505 DEBUG loaded <trimesh.Trimesh(vertices.shape=(48, 3), faces.shape=(28, 3))> using `load_obj` in 0.0007s
2024-10-21 17:29:48,676 INFO =====> Epoch: 57
2024-10-21 17:29:48,677 INFO =====> Loss info: {'particle_has_naninf': False, 'height_map_loss': 33.361244201660156, 'emd_loss': 37.30228042602539, 'total_loss': 37.30228042602539}
2024-10-21 17:29:48,677 INFO =====> Param: E: [413457.4], nu: [0.21455279], rho: [1560.5923], sand_angle: [28.593124]
2024-10-21 17:29:48,677 INFO =====> Grad: [-2.5200130e-02 -7.5203188e+03  2.2078767e+00 -2.7790652e+02]
2024-10-21 17:29:48,677 INFO =====> Num. aborted data so far: 0
2024-10-21 17:29:49,000 INFO ===> New TaichiEnv created.
2024-10-21 17:29:49,000 INFO ===> Specifications: horizon = 311, dt = 0.01, n_substeps = 20, dt_sub = 0.0005
2024-10-21 17:29:49,023 DEBUG loaded <trimesh.Trimesh(vertices.shape=(916, 3), faces.shape=(856, 3))> using `load_obj` in 0.0029s
2024-10-21 17:29:49,175 DEBUG loaded <trimesh.Trimesh(vertices.shape=(48, 3), faces.shape=(28, 3))> using `load_obj` in 0.0007s
2024-10-21 17:30:21,135 INFO =====> Epoch: 58
2024-10-21 17:30:21,135 INFO =====> Loss info: {'particle_has_naninf': False, 'height_map_loss': 33.47256088256836, 'emd_loss': 37.34708023071289, 'total_loss': 37.34708023071289}
2024-10-21 17:30:21,135 INFO =====> Param: E: [410172.9], nu: [0.21558174], rho: [1562.662], sand_angle: [29.752445]
2024-10-21 17:30:21,135 INFO =====> Grad: [ 2.5648691e-03 -1.8863251e+03 -1.1719317e+00 -5.8969501e+02]
2024-10-21 17:30:21,135 INFO =====> Num. aborted data so far: 0
2024-10-21 17:30:21,458 INFO ===> New TaichiEnv created.
2024-10-21 17:30:21,459 INFO ===> Specifications: horizon = 311, dt = 0.01, n_substeps = 20, dt_sub = 0.0005
2024-10-21 17:30:21,482 DEBUG loaded <trimesh.Trimesh(vertices.shape=(916, 3), faces.shape=(856, 3))> using `load_obj` in 0.0028s
2024-10-21 17:30:21,629 DEBUG loaded <trimesh.Trimesh(vertices.shape=(48, 3), faces.shape=(28, 3))> using `load_obj` in 0.0007s
2024-10-21 17:30:53,609 INFO =====> Epoch: 59
2024-10-21 17:30:53,609 INFO =====> Loss info: {'particle_has_naninf': False, 'height_map_loss': 33.90367889404297, 'emd_loss': 37.342037200927734, 'total_loss': 37.342037200927734}
2024-10-21 17:30:53,609 INFO =====> Param: E: [392905.9], nu: [0.20361774], rho: [1524.3794], sand_angle: [28.652143]
2024-10-21 17:30:53,609 INFO =====> Grad: [1.3296977e-02 2.2478395e+04 2.1195311e+01 5.6634210e+02]
2024-10-21 17:30:53,610 INFO =====> Num. aborted data so far: 0
2024-10-21 17:30:53,976 INFO ===> New TaichiEnv created.
2024-10-21 17:30:53,976 INFO ===> Specifications: horizon = 311, dt = 0.01, n_substeps = 20, dt_sub = 0.0005
2024-10-21 17:30:54,002 DEBUG loaded <trimesh.Trimesh(vertices.shape=(916, 3), faces.shape=(856, 3))> using `load_obj` in 0.0030s
2024-10-21 17:30:54,147 DEBUG loaded <trimesh.Trimesh(vertices.shape=(48, 3), faces.shape=(28, 3))> using `load_obj` in 0.0007s
2024-10-21 17:31:25,587 INFO =====> Epoch: 60
2024-10-21 17:31:25,588 INFO =====> Loss info: {'particle_has_naninf': False, 'height_map_loss': 33.51789855957031, 'emd_loss': 37.44455337524414, 'total_loss': 37.44455337524414}
2024-10-21 17:31:25,588 INFO =====> Param: E: [402059.2], nu: [0.2086251], rho: [1550.0277], sand_angle: [28.71981]
2024-10-21 17:31:25,588 INFO =====> Grad: [-6.7582042e-03 -9.0392559e+03 -1.3652420e+01 -3.3049835e+01]
2024-10-21 17:31:25,588 INFO =====> Num. aborted data so far: 0
2024-10-21 17:31:25,915 INFO ===> New TaichiEnv created.
2024-10-21 17:31:25,915 INFO ===> Specifications: horizon = 311, dt = 0.01, n_substeps = 20, dt_sub = 0.0005
2024-10-21 17:31:25,938 DEBUG loaded <trimesh.Trimesh(vertices.shape=(916, 3), faces.shape=(856, 3))> using `load_obj` in 0.0028s
2024-10-21 17:31:26,088 DEBUG loaded <trimesh.Trimesh(vertices.shape=(48, 3), faces.shape=(28, 3))> using `load_obj` in 0.0007s
2024-10-21 17:31:57,391 INFO =====> Epoch: 61
2024-10-21 17:31:57,392 INFO =====> Loss info: {'particle_has_naninf': False, 'height_map_loss': 33.48410415649414, 'emd_loss': 37.34524154663086, 'total_loss': 37.34524154663086}
2024-10-21 17:31:57,392 INFO =====> Param: E: [421835.88], nu: [0.22006036], rho: [1583.464], sand_angle: [29.376768]
2024-10-21 17:31:57,392 INFO =====> Grad: [-1.4583861e-02 -2.1005018e+04 -1.7275242e+01 -3.1119061e+02]
2024-10-21 17:31:57,392 INFO =====> Num. aborted data so far: 0
2024-10-21 17:31:57,720 INFO ===> New TaichiEnv created.
2024-10-21 17:31:57,721 INFO ===> Specifications: horizon = 311, dt = 0.01, n_substeps = 20, dt_sub = 0.0005
2024-10-21 17:31:57,742 DEBUG loaded <trimesh.Trimesh(vertices.shape=(916, 3), faces.shape=(856, 3))> using `load_obj` in 0.0028s
2024-10-21 17:31:57,885 DEBUG loaded <trimesh.Trimesh(vertices.shape=(48, 3), faces.shape=(28, 3))> using `load_obj` in 0.0007s
2024-10-21 17:32:29,318 INFO =====> Epoch: 62
2024-10-21 17:32:29,318 INFO =====> Loss info: {'particle_has_naninf': False, 'height_map_loss': 33.760650634765625, 'emd_loss': 37.35405731201172, 'total_loss': 37.35405731201172}
2024-10-21 17:32:29,319 INFO =====> Param: E: [408893.03], nu: [0.2122704], rho: [1560.1], sand_angle: [28.494349]
2024-10-21 17:32:29,319 INFO =====> Grad: [9.2503708e-03 1.4006453e+04 1.1578944e+01 4.1294119e+02]
2024-10-21 17:32:29,319 INFO =====> Num. aborted data so far: 0
2024-10-21 17:32:29,723 INFO ===> New TaichiEnv created.
2024-10-21 17:32:29,724 INFO ===> Specifications: horizon = 311, dt = 0.01, n_substeps = 20, dt_sub = 0.0005
2024-10-21 17:32:29,746 DEBUG loaded <trimesh.Trimesh(vertices.shape=(916, 3), faces.shape=(856, 3))> using `load_obj` in 0.0028s
2024-10-21 17:32:29,891 DEBUG loaded <trimesh.Trimesh(vertices.shape=(48, 3), faces.shape=(28, 3))> using `load_obj` in 0.0007s
2024-10-21 17:33:01,239 INFO =====> Epoch: 63
2024-10-21 17:33:01,239 INFO =====> Loss info: {'particle_has_naninf': False, 'height_map_loss': 33.4009895324707, 'emd_loss': 37.3052978515625, 'total_loss': 37.3052978515625}
2024-10-21 17:33:01,239 INFO =====> Param: E: [397846.47], nu: [0.2041492], rho: [1468.3367], sand_angle: [27.206697]
2024-10-21 17:33:01,239 INFO =====> Grad: [7.6068644e-03 1.4333403e+04 5.2978039e+01 6.2589142e+02]
2024-10-21 17:33:01,239 INFO =====> Num. aborted data so far: 0
2024-10-21 17:33:01,561 INFO ===> New TaichiEnv created.
2024-10-21 17:33:01,561 INFO ===> Specifications: horizon = 311, dt = 0.01, n_substeps = 20, dt_sub = 0.0005
2024-10-21 17:33:01,583 DEBUG loaded <trimesh.Trimesh(vertices.shape=(916, 3), faces.shape=(856, 3))> using `load_obj` in 0.0028s
2024-10-21 17:33:01,726 DEBUG loaded <trimesh.Trimesh(vertices.shape=(48, 3), faces.shape=(28, 3))> using `load_obj` in 0.0007s
2024-10-21 17:33:33,991 INFO =====> Epoch: 64
2024-10-21 17:33:33,992 INFO =====> Loss info: {'particle_has_naninf': False, 'height_map_loss': 33.085289001464844, 'emd_loss': 36.8526725769043, 'total_loss': 36.8526725769043}
2024-10-21 17:33:33,993 INFO =====> Param: E: [410815.06], nu: [0.20844473], rho: [1545.3639], sand_angle: [27.430426]
2024-10-21 17:33:33,993 INFO =====> Grad: [-8.6560659e-03 -7.2595747e+03 -4.8308506e+01 -1.0342653e+02]
2024-10-21 17:33:33,993 INFO =====> Num. aborted data so far: 0
2024-10-21 17:33:34,321 INFO ===> New TaichiEnv created.
2024-10-21 17:33:34,321 INFO ===> Specifications: horizon = 311, dt = 0.01, n_substeps = 20, dt_sub = 0.0005
2024-10-21 17:33:34,343 DEBUG loaded <trimesh.Trimesh(vertices.shape=(916, 3), faces.shape=(856, 3))> using `load_obj` in 0.0028s
2024-10-21 17:33:34,481 DEBUG loaded <trimesh.Trimesh(vertices.shape=(48, 3), faces.shape=(28, 3))> using `load_obj` in 0.0007s
2024-10-21 17:34:06,428 INFO =====> Epoch: 65
2024-10-21 17:34:06,428 INFO =====> Loss info: {'particle_has_naninf': False, 'height_map_loss': 33.111976623535156, 'emd_loss': 37.07860565185547, 'total_loss': 37.07860565185547}
2024-10-21 17:34:06,428 INFO =====> Param: E: [433804.4], nu: [0.22273037], rho: [1581.0377], sand_angle: [28.810558]
2024-10-21 17:34:06,428 INFO =====> Grad: [-1.5625997e-02 -2.5673252e+04 -2.1786892e+01 -6.7272662e+02]
2024-10-21 17:34:06,428 INFO =====> Num. aborted data so far: 0
2024-10-21 17:34:06,751 INFO ===> New TaichiEnv created.
2024-10-21 17:34:06,751 INFO ===> Specifications: horizon = 311, dt = 0.01, n_substeps = 20, dt_sub = 0.0005
2024-10-21 17:34:06,773 DEBUG loaded <trimesh.Trimesh(vertices.shape=(916, 3), faces.shape=(856, 3))> using `load_obj` in 0.0028s
2024-10-21 17:34:06,918 DEBUG loaded <trimesh.Trimesh(vertices.shape=(48, 3), faces.shape=(28, 3))> using `load_obj` in 0.0007s
2024-10-21 17:34:38,548 INFO =====> Epoch: 66
2024-10-21 17:34:38,548 INFO =====> Loss info: {'particle_has_naninf': False, 'height_map_loss': 33.50786590576172, 'emd_loss': 37.22910690307617, 'total_loss': 37.22910690307617}
2024-10-21 17:34:38,548 INFO =====> Param: E: [430707.84], nu: [0.22682382], rho: [1596.3584], sand_angle: [28.712543]
2024-10-21 17:34:38,548 INFO =====> Grad: [ 1.9991489e-03 -7.0381880e+03 -8.9185257e+00  4.5346363e+01]
2024-10-21 17:34:38,548 INFO =====> Num. aborted data so far: 0
2024-10-21 17:34:38,885 INFO ===> New TaichiEnv created.
2024-10-21 17:34:38,885 INFO ===> Specifications: horizon = 311, dt = 0.01, n_substeps = 20, dt_sub = 0.0005
2024-10-21 17:34:38,907 DEBUG loaded <trimesh.Trimesh(vertices.shape=(916, 3), faces.shape=(856, 3))> using `load_obj` in 0.0028s
2024-10-21 17:34:39,050 DEBUG loaded <trimesh.Trimesh(vertices.shape=(48, 3), faces.shape=(28, 3))> using `load_obj` in 0.0007s
2024-10-21 17:35:10,779 INFO =====> Epoch: 67
2024-10-21 17:35:10,779 INFO =====> Loss info: {'particle_has_naninf': False, 'height_map_loss': 33.47386932373047, 'emd_loss': 37.22864532470703, 'total_loss': 37.22864532470703}
2024-10-21 17:35:10,779 INFO =====> Param: E: [405864.06], nu: [0.21338886], rho: [1521.283], sand_angle: [28.76728]
2024-10-21 17:35:10,780 INFO =====> Grad: [ 1.6546085e-02  2.4207734e+04  4.7109688e+01 -2.4027781e+01]
2024-10-21 17:35:10,780 INFO =====> Num. aborted data so far: 0
2024-10-21 17:35:11,115 INFO ===> New TaichiEnv created.
2024-10-21 17:35:11,115 INFO ===> Specifications: horizon = 311, dt = 0.01, n_substeps = 20, dt_sub = 0.0005
2024-10-21 17:35:11,137 DEBUG loaded <trimesh.Trimesh(vertices.shape=(916, 3), faces.shape=(856, 3))> using `load_obj` in 0.0028s
2024-10-21 17:35:11,284 DEBUG loaded <trimesh.Trimesh(vertices.shape=(48, 3), faces.shape=(28, 3))> using `load_obj` in 0.0007s
2024-10-21 17:35:42,977 INFO =====> Epoch: 68
2024-10-21 17:35:42,977 INFO =====> Loss info: {'particle_has_naninf': False, 'height_map_loss': 33.523460388183594, 'emd_loss': 37.34850311279297, 'total_loss': 37.34850311279297}
2024-10-21 17:35:42,977 INFO =====> Param: E: [402017.16], nu: [0.21460894], rho: [1549.2454], sand_angle: [29.22945]
2024-10-21 17:35:42,977 INFO =====> Grad: [ 2.4350940e-03 -2.0871394e+03 -1.6912537e+01 -1.9455667e+02]
2024-10-21 17:35:42,977 INFO =====> Num. aborted data so far: 0
2024-10-21 17:35:43,359 INFO ===> New TaichiEnv created.
2024-10-21 17:35:43,359 INFO ===> Specifications: horizon = 311, dt = 0.01, n_substeps = 20, dt_sub = 0.0005
2024-10-21 17:35:43,381 DEBUG loaded <trimesh.Trimesh(vertices.shape=(916, 3), faces.shape=(856, 3))> using `load_obj` in 0.0028s
2024-10-21 17:35:43,530 DEBUG loaded <trimesh.Trimesh(vertices.shape=(48, 3), faces.shape=(28, 3))> using `load_obj` in 0.0007s
2024-10-21 17:36:15,366 INFO =====> Epoch: 69
2024-10-21 17:36:15,366 INFO =====> Loss info: {'particle_has_naninf': False, 'height_map_loss': 33.724830627441406, 'emd_loss': 37.4216423034668, 'total_loss': 37.4216423034668}
2024-10-21 17:36:15,367 INFO =====> Param: E: [404937.2], nu: [0.20608701], rho: [1549.2965], sand_angle: [29.987228]
2024-10-21 17:36:15,367 INFO =====> Grad: [-1.7553907e-03  1.4361290e+04 -2.9323902e-02 -3.1170847e+02]
2024-10-21 17:36:15,367 INFO =====> Num. aborted data so far: 0
2024-10-21 17:36:15,697 INFO ===> New TaichiEnv created.
2024-10-21 17:36:15,697 INFO ===> Specifications: horizon = 311, dt = 0.01, n_substeps = 20, dt_sub = 0.0005
2024-10-21 17:36:15,718 DEBUG loaded <trimesh.Trimesh(vertices.shape=(916, 3), faces.shape=(856, 3))> using `load_obj` in 0.0029s
2024-10-21 17:36:15,857 DEBUG loaded <trimesh.Trimesh(vertices.shape=(48, 3), faces.shape=(28, 3))> using `load_obj` in 0.0007s
2024-10-21 17:36:47,023 INFO =====> Epoch: 70
2024-10-21 17:36:47,023 INFO =====> Loss info: {'particle_has_naninf': False, 'height_map_loss': 34.017513275146484, 'emd_loss': 37.44828414916992, 'total_loss': 37.44828414916992}
2024-10-21 17:36:47,023 INFO =====> Param: E: [410812.3], nu: [0.19600384], rho: [1478.7272], sand_angle: [29.704205]
2024-10-21 17:36:47,023 INFO =====> Grad: [-3.3651816e-03  1.7008115e+04  4.2927025e+01  1.1089117e+02]
2024-10-21 17:36:47,023 INFO =====> Num. aborted data so far: 0
2024-10-21 17:36:47,354 INFO ===> New TaichiEnv created.
2024-10-21 17:36:47,354 INFO ===> Specifications: horizon = 311, dt = 0.01, n_substeps = 20, dt_sub = 0.0005
2024-10-21 17:36:47,376 DEBUG loaded <trimesh.Trimesh(vertices.shape=(916, 3), faces.shape=(856, 3))> using `load_obj` in 0.0028s
2024-10-21 17:36:47,518 DEBUG loaded <trimesh.Trimesh(vertices.shape=(48, 3), faces.shape=(28, 3))> using `load_obj` in 0.0007s
2024-10-21 17:37:18,956 INFO =====> Epoch: 71
2024-10-21 17:37:18,956 INFO =====> Loss info: {'particle_has_naninf': False, 'height_map_loss': 33.88892364501953, 'emd_loss': 37.30375671386719, 'total_loss': 37.30375671386719}
2024-10-21 17:37:18,956 INFO =====> Param: E: [426622.44], nu: [0.20598526], rho: [1530.0833], sand_angle: [29.954187]
2024-10-21 17:37:18,956 INFO =====> Grad: [-8.8727884e-03 -1.6833012e+04 -3.1335541e+01 -9.3210838e+01]
2024-10-21 17:37:18,956 INFO =====> Num. aborted data so far: 0
2024-10-21 17:37:19,283 INFO ===> New TaichiEnv created.
2024-10-21 17:37:19,283 INFO ===> Specifications: horizon = 311, dt = 0.01, n_substeps = 20, dt_sub = 0.0005
2024-10-21 17:37:19,306 DEBUG loaded <trimesh.Trimesh(vertices.shape=(916, 3), faces.shape=(856, 3))> using `load_obj` in 0.0028s
2024-10-21 17:37:19,447 DEBUG loaded <trimesh.Trimesh(vertices.shape=(48, 3), faces.shape=(28, 3))> using `load_obj` in 0.0007s
2024-10-21 17:37:51,678 INFO =====> Epoch: 72
2024-10-21 17:37:51,678 INFO =====> Loss info: {'particle_has_naninf': False, 'height_map_loss': 33.98904800415039, 'emd_loss': 37.346588134765625, 'total_loss': 37.346588134765625}
2024-10-21 17:37:51,678 INFO =====> Param: E: [417025.38], nu: [0.19893812], rho: [1524.8582], sand_angle: [29.484669]
2024-10-21 17:37:51,678 INFO =====> Grad: [5.1694340e-03 1.1565517e+04 3.0262229e+00 1.6794646e+02]
2024-10-21 17:37:51,678 INFO =====> Num. aborted data so far: 0
2024-10-21 17:37:52,011 INFO ===> New TaichiEnv created.
2024-10-21 17:37:52,011 INFO ===> Specifications: horizon = 311, dt = 0.01, n_substeps = 20, dt_sub = 0.0005
2024-10-21 17:37:52,033 DEBUG loaded <trimesh.Trimesh(vertices.shape=(916, 3), faces.shape=(856, 3))> using `load_obj` in 0.0028s
2024-10-21 17:37:52,180 DEBUG loaded <trimesh.Trimesh(vertices.shape=(48, 3), faces.shape=(28, 3))> using `load_obj` in 0.0007s
2024-10-21 17:38:24,757 INFO =====> Epoch: 73
2024-10-21 17:38:24,757 INFO =====> Loss info: {'particle_has_naninf': False, 'height_map_loss': 33.83679962158203, 'emd_loss': 37.38096618652344, 'total_loss': 37.38096618652344}
2024-10-21 17:38:24,757 INFO =====> Param: E: [401385.28], nu: [0.18779622], rho: [1557.6746], sand_angle: [29.566511]
2024-10-21 17:38:24,757 INFO =====> Grad: [ 8.2483692e-03  1.8535979e+04 -1.8432224e+01 -2.7782351e+01]
2024-10-21 17:38:24,757 INFO =====> Num. aborted data so far: 0
2024-10-21 17:38:25,160 INFO ===> New TaichiEnv created.
2024-10-21 17:38:25,160 INFO ===> Specifications: horizon = 311, dt = 0.01, n_substeps = 20, dt_sub = 0.0005
2024-10-21 17:38:25,183 DEBUG loaded <trimesh.Trimesh(vertices.shape=(916, 3), faces.shape=(856, 3))> using `load_obj` in 0.0028s
2024-10-21 17:38:25,330 DEBUG loaded <trimesh.Trimesh(vertices.shape=(48, 3), faces.shape=(28, 3))> using `load_obj` in 0.0007s
2024-10-21 17:38:57,805 INFO =====> Epoch: 74
2024-10-21 17:38:57,806 INFO =====> Loss info: {'particle_has_naninf': False, 'height_map_loss': 33.86363220214844, 'emd_loss': 37.54032897949219, 'total_loss': 37.54032897949219}
2024-10-21 17:38:57,806 INFO =====> Param: E: [377428.28], nu: [0.17614928], rho: [1515.9609], sand_angle: [29.006273]
2024-10-21 17:38:57,806 INFO =====> Grad: [1.2951343e-02 1.9771752e+04 2.3043655e+01 1.8331747e+02]
2024-10-21 17:38:57,806 INFO =====> Num. aborted data so far: 0
2024-10-21 17:38:58,137 INFO ===> New TaichiEnv created.
2024-10-21 17:38:58,138 INFO ===> Specifications: horizon = 311, dt = 0.01, n_substeps = 20, dt_sub = 0.0005
2024-10-21 17:38:58,163 DEBUG loaded <trimesh.Trimesh(vertices.shape=(916, 3), faces.shape=(856, 3))> using `load_obj` in 0.0028s
2024-10-21 17:38:58,308 DEBUG loaded <trimesh.Trimesh(vertices.shape=(48, 3), faces.shape=(28, 3))> using `load_obj` in 0.0007s
2024-10-21 17:39:30,309 INFO =====> Epoch: 75
2024-10-21 17:39:30,309 INFO =====> Loss info: {'particle_has_naninf': False, 'height_map_loss': 33.69109344482422, 'emd_loss': 37.5211181640625, 'total_loss': 37.5211181640625}
2024-10-21 17:39:30,310 INFO =====> Param: E: [423668.8], nu: [0.19568458], rho: [1522.8191], sand_angle: [30.53481]
2024-10-21 17:39:30,310 INFO =====> Grad: [-3.4760680e-02 -4.0008270e+04 -3.5976100e+00 -5.4201685e+02]
2024-10-21 17:39:30,310 INFO =====> Num. aborted data so far: 0
2024-10-21 17:39:30,638 INFO ===> New TaichiEnv created.
2024-10-21 17:39:30,638 INFO ===> Specifications: horizon = 311, dt = 0.01, n_substeps = 20, dt_sub = 0.0005
2024-10-21 17:39:30,661 DEBUG loaded <trimesh.Trimesh(vertices.shape=(916, 3), faces.shape=(856, 3))> using `load_obj` in 0.0028s
2024-10-21 17:39:30,813 DEBUG loaded <trimesh.Trimesh(vertices.shape=(48, 3), faces.shape=(28, 3))> using `load_obj` in 0.0007s
2024-10-21 17:40:02,177 INFO =====> Epoch: 76
2024-10-21 17:40:02,177 INFO =====> Loss info: {'particle_has_naninf': False, 'height_map_loss': 34.226070404052734, 'emd_loss': 37.612857818603516, 'total_loss': 37.612857818603516}
2024-10-21 17:40:02,177 INFO =====> Param: E: [409340.], nu: [0.19171323], rho: [1479.979], sand_angle: [30.609045]
2024-10-21 17:40:02,177 INFO =====> Grad: [ 1.0491538e-02  7.7775166e+03  2.2147816e+01 -2.4980066e+01]
2024-10-21 17:40:02,177 INFO =====> Num. aborted data so far: 0
2024-10-21 17:40:02,504 INFO ===> New TaichiEnv created.
2024-10-21 17:40:02,504 INFO ===> Specifications: horizon = 311, dt = 0.01, n_substeps = 20, dt_sub = 0.0005
2024-10-21 17:40:02,526 DEBUG loaded <trimesh.Trimesh(vertices.shape=(916, 3), faces.shape=(856, 3))> using `load_obj` in 0.0028s
2024-10-21 17:40:02,666 DEBUG loaded <trimesh.Trimesh(vertices.shape=(48, 3), faces.shape=(28, 3))> using `load_obj` in 0.0007s
2024-10-21 17:40:34,179 INFO =====> Epoch: 77
2024-10-21 17:40:34,179 INFO =====> Loss info: {'particle_has_naninf': False, 'height_map_loss': 34.22908401489258, 'emd_loss': 37.646324157714844, 'total_loss': 37.646324157714844}
2024-10-21 17:40:34,179 INFO =====> Param: E: [423842.66], nu: [0.19728523], rho: [1430.9711], sand_angle: [30.990705]
2024-10-21 17:40:34,179 INFO =====> Grad: [-1.0349670e-02 -1.0516829e+04  2.5281439e+01 -1.2273320e+02]
2024-10-21 17:40:34,179 INFO =====> Num. aborted data so far: 0
2024-10-21 17:40:34,513 INFO ===> New TaichiEnv created.
2024-10-21 17:40:34,514 INFO ===> Specifications: horizon = 311, dt = 0.01, n_substeps = 20, dt_sub = 0.0005
2024-10-21 17:40:34,535 DEBUG loaded <trimesh.Trimesh(vertices.shape=(916, 3), faces.shape=(856, 3))> using `load_obj` in 0.0028s
2024-10-21 17:40:34,682 DEBUG loaded <trimesh.Trimesh(vertices.shape=(48, 3), faces.shape=(28, 3))> using `load_obj` in 0.0007s
2024-10-21 17:41:06,389 INFO =====> Epoch: 78
2024-10-21 17:41:06,389 INFO =====> Loss info: {'particle_has_naninf': False, 'height_map_loss': 34.29433822631836, 'emd_loss': 37.635162353515625, 'total_loss': 37.635162353515625}
2024-10-21 17:41:06,389 INFO =====> Param: E: [420066.2], nu: [0.19854178], rho: [1386.2671], sand_angle: [31.707247]
2024-10-21 17:41:06,390 INFO =====> Grad: [ 2.5613008e-03 -2.2517075e+03  2.2808336e+01 -2.2443646e+02]
2024-10-21 17:41:06,390 INFO =====> Num. aborted data so far: 0
2024-10-21 17:41:06,717 INFO ===> New TaichiEnv created.
2024-10-21 17:41:06,717 INFO ===> Specifications: horizon = 311, dt = 0.01, n_substeps = 20, dt_sub = 0.0005
2024-10-21 17:41:06,746 DEBUG loaded <trimesh.Trimesh(vertices.shape=(916, 3), faces.shape=(856, 3))> using `load_obj` in 0.0028s
2024-10-21 17:41:06,895 DEBUG loaded <trimesh.Trimesh(vertices.shape=(48, 3), faces.shape=(28, 3))> using `load_obj` in 0.0007s
2024-10-21 17:41:39,786 INFO =====> Epoch: 79
2024-10-21 17:41:39,787 INFO =====> Loss info: {'particle_has_naninf': False, 'height_map_loss': 34.5113525390625, 'emd_loss': 37.74446105957031, 'total_loss': 37.74446105957031}
2024-10-21 17:41:39,787 INFO =====> Param: E: [394654.06], nu: [0.18352558], rho: [1276.205], sand_angle: [30.59743]
2024-10-21 17:41:39,787 INFO =====> Grad: [1.7855512e-02 2.9007059e+04 7.4201408e+01 3.5218222e+02]
2024-10-21 17:41:39,787 INFO =====> Num. aborted data so far: 0
2024-10-21 17:41:40,120 INFO ===> New TaichiEnv created.
2024-10-21 17:41:40,120 INFO ===> Specifications: horizon = 311, dt = 0.01, n_substeps = 20, dt_sub = 0.0005
2024-10-21 17:41:40,142 DEBUG loaded <trimesh.Trimesh(vertices.shape=(916, 3), faces.shape=(856, 3))> using `load_obj` in 0.0029s
2024-10-21 17:41:40,284 DEBUG loaded <trimesh.Trimesh(vertices.shape=(48, 3), faces.shape=(28, 3))> using `load_obj` in 0.0007s
2024-10-21 17:42:11,598 INFO =====> Epoch: 80
2024-10-21 17:42:11,598 INFO =====> Loss info: {'particle_has_naninf': False, 'height_map_loss': 34.21853256225586, 'emd_loss': 37.553890228271484, 'total_loss': 37.553890228271484}
2024-10-21 17:42:11,598 INFO =====> Param: E: [360194.62], nu: [0.16935503], rho: [1200.], sand_angle: [28.93205]
2024-10-21 17:42:11,598 INFO =====> Grad: [2.7393073e-02 2.9048590e+04 8.6911705e+01 5.8977405e+02]
2024-10-21 17:42:11,598 INFO =====> Num. aborted data so far: 0
2024-10-21 17:42:11,928 INFO ===> New TaichiEnv created.
2024-10-21 17:42:11,928 INFO ===> Specifications: horizon = 311, dt = 0.01, n_substeps = 20, dt_sub = 0.0005
2024-10-21 17:42:11,951 DEBUG loaded <trimesh.Trimesh(vertices.shape=(916, 3), faces.shape=(856, 3))> using `load_obj` in 0.0028s
2024-10-21 17:42:12,097 DEBUG loaded <trimesh.Trimesh(vertices.shape=(48, 3), faces.shape=(28, 3))> using `load_obj` in 0.0007s
2024-10-21 17:42:43,629 INFO =====> Epoch: 81
2024-10-21 17:42:43,629 INFO =====> Loss info: {'particle_has_naninf': False, 'height_map_loss': 33.58683776855469, 'emd_loss': 37.32675552368164, 'total_loss': 37.32675552368164}
2024-10-21 17:42:43,629 INFO =====> Param: E: [341074.88], nu: [0.15773073], rho: [1200.], sand_angle: [28.303108]
2024-10-21 17:42:43,629 INFO =====> Grad: [1.5126826e-02 2.4308057e+04 2.8075006e+01 2.1561003e+02]
2024-10-21 17:42:43,629 INFO =====> Num. aborted data so far: 0
2024-10-21 17:42:43,957 INFO ===> New TaichiEnv created.
2024-10-21 17:42:43,957 INFO ===> Specifications: horizon = 311, dt = 0.01, n_substeps = 20, dt_sub = 0.0005
2024-10-21 17:42:43,979 DEBUG loaded <trimesh.Trimesh(vertices.shape=(916, 3), faces.shape=(856, 3))> using `load_obj` in 0.0028s
2024-10-21 17:42:44,129 DEBUG loaded <trimesh.Trimesh(vertices.shape=(48, 3), faces.shape=(28, 3))> using `load_obj` in 0.0007s
2024-10-21 17:43:16,143 INFO =====> Epoch: 82
2024-10-21 17:43:16,143 INFO =====> Loss info: {'particle_has_naninf': False, 'height_map_loss': 33.43845748901367, 'emd_loss': 37.35615921020508, 'total_loss': 37.35615921020508}
2024-10-21 17:43:16,144 INFO =====> Param: E: [338678.44], nu: [0.1551467], rho: [1200.], sand_angle: [28.64607]
2024-10-21 17:43:16,144 INFO =====> Grad: [ 1.7999762e-03  5.1434707e+03  5.1087502e+01 -1.1220023e+02]
2024-10-21 17:43:16,144 INFO =====> Num. aborted data so far: 0
2024-10-21 17:43:16,476 INFO ===> New TaichiEnv created.
2024-10-21 17:43:16,476 INFO ===> Specifications: horizon = 311, dt = 0.01, n_substeps = 20, dt_sub = 0.0005
2024-10-21 17:43:16,499 DEBUG loaded <trimesh.Trimesh(vertices.shape=(916, 3), faces.shape=(856, 3))> using `load_obj` in 0.0028s
2024-10-21 17:43:16,646 DEBUG loaded <trimesh.Trimesh(vertices.shape=(48, 3), faces.shape=(28, 3))> using `load_obj` in 0.0007s
2024-10-21 17:43:48,352 INFO =====> Epoch: 83
2024-10-21 17:43:48,352 INFO =====> Loss info: {'particle_has_naninf': False, 'height_map_loss': 33.584720611572266, 'emd_loss': 37.4532470703125, 'total_loss': 37.4532470703125}
2024-10-21 17:43:48,353 INFO =====> Param: E: [355263.5], nu: [0.16514778], rho: [1200.], sand_angle: [28.576077]
2024-10-21 17:43:48,353 INFO =====> Grad: [-1.2246390e-02 -1.9907225e+04  6.1302729e+00  2.1728899e+01]
2024-10-21 17:43:48,353 INFO =====> Num. aborted data so far: 0
2024-10-21 17:43:48,683 INFO ===> New TaichiEnv created.
2024-10-21 17:43:48,684 INFO ===> Specifications: horizon = 311, dt = 0.01, n_substeps = 20, dt_sub = 0.0005
2024-10-21 17:43:48,706 DEBUG loaded <trimesh.Trimesh(vertices.shape=(916, 3), faces.shape=(856, 3))> using `load_obj` in 0.0028s
2024-10-21 17:43:48,857 DEBUG loaded <trimesh.Trimesh(vertices.shape=(48, 3), faces.shape=(28, 3))> using `load_obj` in 0.0007s
2024-10-21 17:44:21,180 INFO =====> Epoch: 84
2024-10-21 17:44:21,180 INFO =====> Loss info: {'particle_has_naninf': False, 'height_map_loss': 33.52117919921875, 'emd_loss': 37.39738082885742, 'total_loss': 37.39738082885742}
2024-10-21 17:44:21,180 INFO =====> Param: E: [380567.7], nu: [0.17393811], rho: [1217.3381], sand_angle: [28.708456]
2024-10-21 17:44:21,180 INFO =====> Grad: [-1.9341249e-02 -1.7280365e+04 -1.3233095e+01 -3.9021111e+01]
2024-10-21 17:44:21,180 INFO =====> Num. aborted data so far: 0
2024-10-21 17:44:21,510 INFO ===> New TaichiEnv created.
2024-10-21 17:44:21,511 INFO ===> Specifications: horizon = 311, dt = 0.01, n_substeps = 20, dt_sub = 0.0005
2024-10-21 17:44:21,533 DEBUG loaded <trimesh.Trimesh(vertices.shape=(916, 3), faces.shape=(856, 3))> using `load_obj` in 0.0028s
2024-10-21 17:44:21,674 DEBUG loaded <trimesh.Trimesh(vertices.shape=(48, 3), faces.shape=(28, 3))> using `load_obj` in 0.0007s
2024-10-21 17:44:54,523 INFO =====> Epoch: 85
2024-10-21 17:44:54,524 INFO =====> Loss info: {'particle_has_naninf': False, 'height_map_loss': 33.554786682128906, 'emd_loss': 37.30351257324219, 'total_loss': 37.30351257324219}
2024-10-21 17:44:54,524 INFO =====> Param: E: [357282.28], nu: [0.16488135], rho: [1200.], sand_angle: [27.993538]
2024-10-21 17:44:54,524 INFO =====> Grad: [1.8160487e-02 1.7628971e+04 2.8522167e+01 2.0523369e+02]
2024-10-21 17:44:54,524 INFO =====> Num. aborted data so far: 0
2024-10-21 17:44:54,862 INFO ===> New TaichiEnv created.
2024-10-21 17:44:54,862 INFO ===> Specifications: horizon = 311, dt = 0.01, n_substeps = 20, dt_sub = 0.0005
2024-10-21 17:44:54,884 DEBUG loaded <trimesh.Trimesh(vertices.shape=(916, 3), faces.shape=(856, 3))> using `load_obj` in 0.0028s
2024-10-21 17:44:55,034 DEBUG loaded <trimesh.Trimesh(vertices.shape=(48, 3), faces.shape=(28, 3))> using `load_obj` in 0.0007s
2024-10-21 17:45:27,483 INFO =====> Epoch: 86
2024-10-21 17:45:27,483 INFO =====> Loss info: {'particle_has_naninf': False, 'height_map_loss': 33.31805419921875, 'emd_loss': 37.191349029541016, 'total_loss': 37.191349029541016}
2024-10-21 17:45:27,483 INFO =====> Param: E: [350770.88], nu: [0.16440804], rho: [1210.6847], sand_angle: [28.074364]
2024-10-21 17:45:27,483 INFO =====> Grad: [ 4.8434460e-03  8.7410742e+02 -7.5811024e+00 -2.2019464e+01]
2024-10-21 17:45:27,483 INFO =====> Num. aborted data so far: 0
2024-10-21 17:45:27,820 INFO ===> New TaichiEnv created.
2024-10-21 17:45:27,820 INFO ===> Specifications: horizon = 311, dt = 0.01, n_substeps = 20, dt_sub = 0.0005
2024-10-21 17:45:27,845 DEBUG loaded <trimesh.Trimesh(vertices.shape=(916, 3), faces.shape=(856, 3))> using `load_obj` in 0.0028s
2024-10-21 17:45:27,994 DEBUG loaded <trimesh.Trimesh(vertices.shape=(48, 3), faces.shape=(28, 3))> using `load_obj` in 0.0007s
2024-10-21 17:45:59,886 INFO =====> Epoch: 87
2024-10-21 17:45:59,886 INFO =====> Loss info: {'particle_has_naninf': False, 'height_map_loss': 33.3703727722168, 'emd_loss': 37.23079299926758, 'total_loss': 37.23079299926758}
2024-10-21 17:45:59,886 INFO =====> Param: E: [343551.75], nu: [0.15892035], rho: [1200.], sand_angle: [27.160234]
2024-10-21 17:45:59,886 INFO =====> Grad: [5.1278286e-03 9.7628047e+03 4.3308681e+01 2.4679260e+02]
2024-10-21 17:45:59,886 INFO =====> Num. aborted data so far: 0
2024-10-21 17:46:00,218 INFO ===> New TaichiEnv created.
2024-10-21 17:46:00,218 INFO ===> Specifications: horizon = 311, dt = 0.01, n_substeps = 20, dt_sub = 0.0005
2024-10-21 17:46:00,241 DEBUG loaded <trimesh.Trimesh(vertices.shape=(916, 3), faces.shape=(856, 3))> using `load_obj` in 0.0028s
2024-10-21 17:46:00,383 DEBUG loaded <trimesh.Trimesh(vertices.shape=(48, 3), faces.shape=(28, 3))> using `load_obj` in 0.0007s
2024-10-21 17:46:32,476 INFO =====> Epoch: 88
2024-10-21 17:46:32,477 INFO =====> Loss info: {'particle_has_naninf': False, 'height_map_loss': 33.16504669189453, 'emd_loss': 36.9897346496582, 'total_loss': 36.9897346496582}
2024-10-21 17:46:32,477 INFO =====> Param: E: [342971.44], nu: [0.16176482], rho: [1200.], sand_angle: [25.592031]
2024-10-21 17:46:32,477 INFO =====> Grad: [ 3.9106430e-04 -4.8202681e+03  1.6644217e+01  4.6253146e+02]
2024-10-21 17:46:32,477 INFO =====> Num. aborted data so far: 0
2024-10-21 17:46:32,808 INFO ===> New TaichiEnv created.
2024-10-21 17:46:32,808 INFO ===> Specifications: horizon = 311, dt = 0.01, n_substeps = 20, dt_sub = 0.0005
2024-10-21 17:46:32,831 DEBUG loaded <trimesh.Trimesh(vertices.shape=(916, 3), faces.shape=(856, 3))> using `load_obj` in 0.0028s
2024-10-21 17:46:32,981 DEBUG loaded <trimesh.Trimesh(vertices.shape=(48, 3), faces.shape=(28, 3))> using `load_obj` in 0.0007s
2024-10-21 17:47:06,355 INFO =====> Epoch: 89
2024-10-21 17:47:06,356 INFO =====> Loss info: {'particle_has_naninf': False, 'height_map_loss': 32.45729446411133, 'emd_loss': 36.60060501098633, 'total_loss': 36.60060501098633}
2024-10-21 17:47:06,356 INFO =====> Param: E: [327440.97], nu: [0.1510264], rho: [1200.], sand_angle: [24.608854]
2024-10-21 17:47:06,356 INFO =====> Grad: [1.0242333e-02 1.8354256e+04 2.9531124e+01 2.8944589e+02]
2024-10-21 17:47:06,356 INFO =====> Num. aborted data so far: 0
2024-10-21 17:47:06,691 INFO ===> New TaichiEnv created.
2024-10-21 17:47:06,692 INFO ===> Specifications: horizon = 311, dt = 0.01, n_substeps = 20, dt_sub = 0.0005
2024-10-21 17:47:06,716 DEBUG loaded <trimesh.Trimesh(vertices.shape=(916, 3), faces.shape=(856, 3))> using `load_obj` in 0.0029s
2024-10-21 17:47:06,860 DEBUG loaded <trimesh.Trimesh(vertices.shape=(48, 3), faces.shape=(28, 3))> using `load_obj` in 0.0007s
2024-10-21 17:47:38,709 INFO =====> Epoch: 90
2024-10-21 17:47:38,709 INFO =====> Loss info: {'particle_has_naninf': False, 'height_map_loss': 32.22895812988281, 'emd_loss': 36.33214569091797, 'total_loss': 36.33214569091797}
2024-10-21 17:47:38,710 INFO =====> Param: E: [307664.9], nu: [0.14755972], rho: [1200.], sand_angle: [25.674828]
2024-10-21 17:47:38,710 INFO =====> Grad: [ 1.3026191e-02  5.6553140e+03  4.9927864e+01 -3.1622424e+02]
2024-10-21 17:47:38,710 INFO =====> Num. aborted data so far: 0
2024-10-21 17:47:39,052 INFO ===> New TaichiEnv created.
2024-10-21 17:47:39,052 INFO ===> Specifications: horizon = 311, dt = 0.01, n_substeps = 20, dt_sub = 0.0005
2024-10-21 17:47:39,075 DEBUG loaded <trimesh.Trimesh(vertices.shape=(916, 3), faces.shape=(856, 3))> using `load_obj` in 0.0029s
2024-10-21 17:47:39,225 DEBUG loaded <trimesh.Trimesh(vertices.shape=(48, 3), faces.shape=(28, 3))> using `load_obj` in 0.0007s
2024-10-21 17:48:10,304 INFO =====> Epoch: 91
2024-10-21 17:48:10,304 INFO =====> Loss info: {'particle_has_naninf': False, 'height_map_loss': 32.56794357299805, 'emd_loss': 36.64420700073242, 'total_loss': 36.64420700073242}
2024-10-21 17:48:10,304 INFO =====> Param: E: [308542.4], nu: [0.14416578], rho: [1200.], sand_angle: [26.018093]
2024-10-21 17:48:10,304 INFO =====> Grad: [-5.4838258e-04  5.2830435e+03  4.0238747e+01 -9.7179489e+01]
2024-10-21 17:48:10,304 INFO =====> Num. aborted data so far: 0
2024-10-21 17:48:10,649 INFO ===> New TaichiEnv created.
2024-10-21 17:48:10,649 INFO ===> Specifications: horizon = 311, dt = 0.01, n_substeps = 20, dt_sub = 0.0005
2024-10-21 17:48:10,671 DEBUG loaded <trimesh.Trimesh(vertices.shape=(916, 3), faces.shape=(856, 3))> using `load_obj` in 0.0028s
2024-10-21 17:48:10,815 DEBUG loaded <trimesh.Trimesh(vertices.shape=(48, 3), faces.shape=(28, 3))> using `load_obj` in 0.0007s
2024-10-21 17:48:42,561 INFO =====> Epoch: 92
2024-10-21 17:48:42,561 INFO =====> Loss info: {'particle_has_naninf': False, 'height_map_loss': 32.649723052978516, 'emd_loss': 36.66579818725586, 'total_loss': 36.66579818725586}
2024-10-21 17:48:42,561 INFO =====> Param: E: [274632.8], nu: [0.1285479], rho: [1200.], sand_angle: [24.061626]
2024-10-21 17:48:42,561 INFO =====> Grad: [2.3816686e-02 2.6524016e+04 4.4172272e+01 6.6883197e+02]
2024-10-21 17:48:42,561 INFO =====> Num. aborted data so far: 0
2024-10-21 17:48:42,912 INFO ===> New TaichiEnv created.
2024-10-21 17:48:42,912 INFO ===> Specifications: horizon = 311, dt = 0.01, n_substeps = 20, dt_sub = 0.0005
2024-10-21 17:48:42,934 DEBUG loaded <trimesh.Trimesh(vertices.shape=(916, 3), faces.shape=(856, 3))> using `load_obj` in 0.0028s
2024-10-21 17:48:43,078 DEBUG loaded <trimesh.Trimesh(vertices.shape=(48, 3), faces.shape=(28, 3))> using `load_obj` in 0.0007s
2024-10-21 17:49:14,322 INFO =====> Epoch: 93
2024-10-21 17:49:14,322 INFO =====> Loss info: {'particle_has_naninf': False, 'height_map_loss': 32.362422943115234, 'emd_loss': 36.626285552978516, 'total_loss': 36.626285552978516}
2024-10-21 17:49:14,322 INFO =====> Param: E: [323219.2], nu: [0.14892799], rho: [1280.1862], sand_angle: [25.644701]
2024-10-21 17:49:14,322 INFO =====> Grad: [-5.0569296e-02 -4.2943332e+04 -6.6147896e+01 -5.9308051e+02]
2024-10-21 17:49:14,322 INFO =====> Num. aborted data so far: 0
2024-10-21 17:49:14,662 INFO ===> New TaichiEnv created.
2024-10-21 17:49:14,662 INFO ===> Specifications: horizon = 311, dt = 0.01, n_substeps = 20, dt_sub = 0.0005
2024-10-21 17:49:14,684 DEBUG loaded <trimesh.Trimesh(vertices.shape=(916, 3), faces.shape=(856, 3))> using `load_obj` in 0.0028s
2024-10-21 17:49:14,830 DEBUG loaded <trimesh.Trimesh(vertices.shape=(48, 3), faces.shape=(28, 3))> using `load_obj` in 0.0007s
2024-10-21 17:49:45,794 INFO =====> Epoch: 94
2024-10-21 17:49:45,794 INFO =====> Loss info: {'particle_has_naninf': False, 'height_map_loss': 32.56234359741211, 'emd_loss': 36.728267669677734, 'total_loss': 36.728267669677734}
2024-10-21 17:49:45,794 INFO =====> Param: E: [334918.84], nu: [0.15396471], rho: [1221.6046], sand_angle: [24.907253]
2024-10-21 17:49:45,794 INFO =====> Grad: [-1.1755140e-02 -1.0198583e+04  4.9358448e+01  2.6953003e+02]
2024-10-21 17:49:45,794 INFO =====> Num. aborted data so far: 0
2024-10-21 17:49:46,124 INFO ===> New TaichiEnv created.
2024-10-21 17:49:46,124 INFO ===> Specifications: horizon = 311, dt = 0.01, n_substeps = 20, dt_sub = 0.0005
2024-10-21 17:49:46,146 DEBUG loaded <trimesh.Trimesh(vertices.shape=(916, 3), faces.shape=(856, 3))> using `load_obj` in 0.0028s
2024-10-21 17:49:46,293 DEBUG loaded <trimesh.Trimesh(vertices.shape=(48, 3), faces.shape=(28, 3))> using `load_obj` in 0.0007s
2024-10-21 17:50:18,213 INFO =====> Epoch: 95
2024-10-21 17:50:18,213 INFO =====> Loss info: {'particle_has_naninf': False, 'height_map_loss': 32.23609161376953, 'emd_loss': 36.41910934448242, 'total_loss': 36.41910934448242}
2024-10-21 17:50:18,213 INFO =====> Param: E: [311224.4], nu: [0.14302005], rho: [1200.], sand_angle: [24.091887]
2024-10-21 17:50:18,213 INFO =====> Grad: [2.4359219e-02 2.2408891e+04 2.5861271e+01 2.9261002e+02]
2024-10-21 17:50:18,213 INFO =====> Num. aborted data so far: 0
2024-10-21 17:50:18,553 INFO ===> New TaichiEnv created.
2024-10-21 17:50:18,553 INFO ===> Specifications: horizon = 311, dt = 0.01, n_substeps = 20, dt_sub = 0.0005
2024-10-21 17:50:18,576 DEBUG loaded <trimesh.Trimesh(vertices.shape=(916, 3), faces.shape=(856, 3))> using `load_obj` in 0.0028s
2024-10-21 17:50:18,724 DEBUG loaded <trimesh.Trimesh(vertices.shape=(48, 3), faces.shape=(28, 3))> using `load_obj` in 0.0007s
2024-10-21 17:50:50,186 INFO =====> Epoch: 96
2024-10-21 17:50:50,186 INFO =====> Loss info: {'particle_has_naninf': False, 'height_map_loss': 32.12446212768555, 'emd_loss': 36.35873031616211, 'total_loss': 36.35873031616211}
2024-10-21 17:50:50,188 INFO =====> Param: E: [305506.94], nu: [0.13946337], rho: [1237.1952], sand_angle: [24.429111]
2024-10-21 17:50:50,188 INFO =====> Grad: [ 5.5991770e-03  6.9526196e+03 -2.9620975e+01 -1.1546773e+02]
2024-10-21 17:50:50,188 INFO =====> Num. aborted data so far: 0
2024-10-21 17:50:50,525 INFO ===> New TaichiEnv created.
2024-10-21 17:50:50,525 INFO ===> Specifications: horizon = 311, dt = 0.01, n_substeps = 20, dt_sub = 0.0005
2024-10-21 17:50:50,548 DEBUG loaded <trimesh.Trimesh(vertices.shape=(916, 3), faces.shape=(856, 3))> using `load_obj` in 0.0029s
2024-10-21 17:50:50,692 DEBUG loaded <trimesh.Trimesh(vertices.shape=(48, 3), faces.shape=(28, 3))> using `load_obj` in 0.0007s
2024-10-21 17:51:22,056 INFO =====> Epoch: 97
2024-10-21 17:51:22,056 INFO =====> Loss info: {'particle_has_naninf': False, 'height_map_loss': 32.296932220458984, 'emd_loss': 36.411865234375, 'total_loss': 36.411865234375}
2024-10-21 17:51:22,056 INFO =====> Param: E: [300168.97], nu: [0.1377452], rho: [1200.], sand_angle: [24.637419]
2024-10-21 17:51:22,056 INFO =====> Grad: [ 4.9770270e-03  3.1910393e+03  6.5567162e+01 -6.7812614e+01]
2024-10-21 17:51:22,056 INFO =====> Num. aborted data so far: 0
2024-10-21 17:51:22,393 INFO ===> New TaichiEnv created.
2024-10-21 17:51:22,393 INFO ===> Specifications: horizon = 311, dt = 0.01, n_substeps = 20, dt_sub = 0.0005
2024-10-21 17:51:22,415 DEBUG loaded <trimesh.Trimesh(vertices.shape=(916, 3), faces.shape=(856, 3))> using `load_obj` in 0.0028s
2024-10-21 17:51:22,558 DEBUG loaded <trimesh.Trimesh(vertices.shape=(48, 3), faces.shape=(28, 3))> using `load_obj` in 0.0007s
2024-10-21 17:51:53,897 INFO =====> Epoch: 98
2024-10-21 17:51:53,897 INFO =====> Loss info: {'particle_has_naninf': False, 'height_map_loss': 32.26213455200195, 'emd_loss': 36.544219970703125, 'total_loss': 36.544219970703125}
2024-10-21 17:51:53,898 INFO =====> Param: E: [270952.62], nu: [0.12305532], rho: [1200.], sand_angle: [23.799187]
2024-10-21 17:51:53,898 INFO =====> Grad: [2.9138235e-02 2.9227438e+04 2.3645264e+01 2.6847971e+02]
2024-10-21 17:51:53,898 INFO =====> Num. aborted data so far: 0
2024-10-21 17:51:54,236 INFO ===> New TaichiEnv created.
2024-10-21 17:51:54,236 INFO ===> Specifications: horizon = 311, dt = 0.01, n_substeps = 20, dt_sub = 0.0005
2024-10-21 17:51:54,258 DEBUG loaded <trimesh.Trimesh(vertices.shape=(916, 3), faces.shape=(856, 3))> using `load_obj` in 0.0028s
2024-10-21 17:51:54,403 DEBUG loaded <trimesh.Trimesh(vertices.shape=(48, 3), faces.shape=(28, 3))> using `load_obj` in 0.0007s
2024-10-21 17:52:25,674 INFO =====> Epoch: 99
2024-10-21 17:52:25,675 INFO =====> Loss info: {'particle_has_naninf': False, 'height_map_loss': 32.2851448059082, 'emd_loss': 36.64530563354492, 'total_loss': 36.64530563354492}
2024-10-21 17:52:25,675 INFO =====> Param: E: [251748.97], nu: [0.11550724], rho: [1200.], sand_angle: [23.211208]
2024-10-21 17:52:25,675 INFO =====> Grad: [1.9069809e-02 1.4671301e+04 6.4342594e+00 1.8183200e+02]
2024-10-21 17:52:25,675 INFO =====> Num. aborted data so far: 0
2024-10-21 17:52:26,006 INFO ===> New TaichiEnv created.
2024-10-21 17:52:26,006 INFO ===> Specifications: horizon = 311, dt = 0.01, n_substeps = 20, dt_sub = 0.0005
2024-10-21 17:52:26,028 DEBUG loaded <trimesh.Trimesh(vertices.shape=(916, 3), faces.shape=(856, 3))> using `load_obj` in 0.0029s
2024-10-21 17:52:26,179 DEBUG loaded <trimesh.Trimesh(vertices.shape=(48, 3), faces.shape=(28, 3))> using `load_obj` in 0.0007s
2024-10-21 17:52:57,598 INFO =====> Epoch: 100
2024-10-21 17:52:57,598 INFO =====> Loss info: {'particle_has_naninf': False, 'height_map_loss': 32.337318420410156, 'emd_loss': 36.65240478515625, 'total_loss': 36.65240478515625}
2024-10-21 17:52:57,598 INFO =====> Param: E: [250000.], nu: [0.11527554], rho: [1200.], sand_angle: [23.75857]
2024-10-21 17:52:57,599 INFO =====> Grad: [ 8.4635299e-03  4.2725342e+02  4.1437088e+01 -1.6304588e+02]
2024-10-21 17:52:57,599 INFO =====> Num. aborted data so far: 0
2024-10-21 17:52:57,932 INFO ===> New TaichiEnv created.
2024-10-21 17:52:57,932 INFO ===> Specifications: horizon = 311, dt = 0.01, n_substeps = 20, dt_sub = 0.0005
2024-10-21 17:52:57,958 DEBUG loaded <trimesh.Trimesh(vertices.shape=(916, 3), faces.shape=(856, 3))> using `load_obj` in 0.0028s
2024-10-21 17:52:58,105 DEBUG loaded <trimesh.Trimesh(vertices.shape=(48, 3), faces.shape=(28, 3))> using `load_obj` in 0.0007s
2024-10-21 17:53:29,255 INFO =====> Epoch: 101
2024-10-21 17:53:29,255 INFO =====> Loss info: {'particle_has_naninf': False, 'height_map_loss': 32.4322509765625, 'emd_loss': 36.90416717529297, 'total_loss': 36.90416717529297}
2024-10-21 17:53:29,255 INFO =====> Param: E: [284896.25], nu: [0.1325535], rho: [1286.9667], sand_angle: [26.094809]
2024-10-21 17:53:29,255 INFO =====> Grad: [-3.7770588e-02 -3.6088879e+04 -7.8395752e+01 -9.7960492e+02]
2024-10-21 17:53:29,255 INFO =====> Num. aborted data so far: 0
2024-10-21 17:53:29,590 INFO ===> New TaichiEnv created.
2024-10-21 17:53:29,590 INFO ===> Specifications: horizon = 311, dt = 0.01, n_substeps = 20, dt_sub = 0.0005
2024-10-21 17:53:29,612 DEBUG loaded <trimesh.Trimesh(vertices.shape=(916, 3), faces.shape=(856, 3))> using `load_obj` in 0.0028s
2024-10-21 17:53:29,759 DEBUG loaded <trimesh.Trimesh(vertices.shape=(48, 3), faces.shape=(28, 3))> using `load_obj` in 0.0007s
2024-10-21 17:54:00,943 INFO =====> Epoch: 102
2024-10-21 17:54:00,943 INFO =====> Loss info: {'particle_has_naninf': False, 'height_map_loss': 32.929534912109375, 'emd_loss': 37.0433349609375, 'total_loss': 37.0433349609375}
2024-10-21 17:54:00,943 INFO =====> Param: E: [302174.6], nu: [0.13739172], rho: [1284.6987], sand_angle: [24.839764]
2024-10-21 17:54:00,944 INFO =====> Grad: [-1.8443447e-02 -9.7013145e+03  1.9397657e+00  5.4391693e+02]
2024-10-21 17:54:00,944 INFO =====> Num. aborted data so far: 0
2024-10-21 17:54:01,282 INFO ===> New TaichiEnv created.
2024-10-21 17:54:01,283 INFO ===> Specifications: horizon = 311, dt = 0.01, n_substeps = 20, dt_sub = 0.0005
2024-10-21 17:54:01,305 DEBUG loaded <trimesh.Trimesh(vertices.shape=(916, 3), faces.shape=(856, 3))> using `load_obj` in 0.0029s
2024-10-21 17:54:01,455 DEBUG loaded <trimesh.Trimesh(vertices.shape=(48, 3), faces.shape=(28, 3))> using `load_obj` in 0.0007s
2024-10-21 17:54:32,595 INFO =====> Epoch: 103
2024-10-21 17:54:32,595 INFO =====> Loss info: {'particle_has_naninf': False, 'height_map_loss': 32.420494079589844, 'emd_loss': 36.7218017578125, 'total_loss': 36.7218017578125}
2024-10-21 17:54:32,595 INFO =====> Param: E: [311504.56], nu: [0.13755785], rho: [1284.8042], sand_angle: [24.41236]
2024-10-21 17:54:32,595 INFO =====> Grad: [-9.5525524e-03 -3.1601892e+02 -8.5531048e-02  1.7735257e+02]
2024-10-21 17:54:32,595 INFO =====> Num. aborted data so far: 0
2024-10-21 17:54:32,935 INFO ===> New TaichiEnv created.
2024-10-21 17:54:32,936 INFO ===> Specifications: horizon = 311, dt = 0.01, n_substeps = 20, dt_sub = 0.0005
2024-10-21 17:54:32,960 DEBUG loaded <trimesh.Trimesh(vertices.shape=(916, 3), faces.shape=(856, 3))> using `load_obj` in 0.0028s
2024-10-21 17:54:33,110 DEBUG loaded <trimesh.Trimesh(vertices.shape=(48, 3), faces.shape=(28, 3))> using `load_obj` in 0.0007s
2024-10-21 17:55:04,449 INFO =====> Epoch: 104
2024-10-21 17:55:04,449 INFO =====> Loss info: {'particle_has_naninf': False, 'height_map_loss': 32.36222839355469, 'emd_loss': 36.50809097290039, 'total_loss': 36.50809097290039}
2024-10-21 17:55:04,449 INFO =====> Param: E: [322149.56], nu: [0.13846594], rho: [1281.8308], sand_angle: [24.151335]
2024-10-21 17:55:04,449 INFO =====> Grad: [-1.0489305e-02 -1.6394565e+03  2.2891538e+00  1.0310659e+02]
2024-10-21 17:55:04,449 INFO =====> Num. aborted data so far: 0
2024-10-21 17:55:04,793 INFO ===> New TaichiEnv created.
2024-10-21 17:55:04,793 INFO ===> Specifications: horizon = 311, dt = 0.01, n_substeps = 20, dt_sub = 0.0005
2024-10-21 17:55:04,816 DEBUG loaded <trimesh.Trimesh(vertices.shape=(916, 3), faces.shape=(856, 3))> using `load_obj` in 0.0029s
2024-10-21 17:55:04,965 DEBUG loaded <trimesh.Trimesh(vertices.shape=(48, 3), faces.shape=(28, 3))> using `load_obj` in 0.0007s
2024-10-21 17:55:36,297 INFO =====> Epoch: 105
2024-10-21 17:55:36,298 INFO =====> Loss info: {'particle_has_naninf': False, 'height_map_loss': 32.170921325683594, 'emd_loss': 36.46790313720703, 'total_loss': 36.46790313720703}
2024-10-21 17:55:36,298 INFO =====> Param: E: [311276.44], nu: [0.13324858], rho: [1308.525], sand_angle: [24.858393]
2024-10-21 17:55:36,298 INFO =====> Grad: [ 1.0317884e-02  9.0602100e+03 -1.9780708e+01 -2.7184229e+02]
2024-10-21 17:55:36,298 INFO =====> Num. aborted data so far: 0
2024-10-21 17:55:36,682 INFO ===> New TaichiEnv created.
2024-10-21 17:55:36,682 INFO ===> Specifications: horizon = 311, dt = 0.01, n_substeps = 20, dt_sub = 0.0005
2024-10-21 17:55:36,704 DEBUG loaded <trimesh.Trimesh(vertices.shape=(916, 3), faces.shape=(856, 3))> using `load_obj` in 0.0028s
2024-10-21 17:55:36,853 DEBUG loaded <trimesh.Trimesh(vertices.shape=(48, 3), faces.shape=(28, 3))> using `load_obj` in 0.0007s
2024-10-21 17:56:08,210 INFO =====> Epoch: 106
2024-10-21 17:56:08,210 INFO =====> Loss info: {'particle_has_naninf': False, 'height_map_loss': 32.40852737426758, 'emd_loss': 36.71063995361328, 'total_loss': 36.71063995361328}
2024-10-21 17:56:08,211 INFO =====> Param: E: [309372.5], nu: [0.13520044], rho: [1311.2828], sand_angle: [24.277899]
2024-10-21 17:56:08,211 INFO =====> Grad: [ 1.7147842e-03 -3.2216978e+03 -1.9390399e+00  2.1538965e+02]
2024-10-21 17:56:08,211 INFO =====> Num. aborted data so far: 0
2024-10-21 17:56:08,557 INFO ===> New TaichiEnv created.
2024-10-21 17:56:08,557 INFO ===> Specifications: horizon = 311, dt = 0.01, n_substeps = 20, dt_sub = 0.0005
2024-10-21 17:56:08,580 DEBUG loaded <trimesh.Trimesh(vertices.shape=(916, 3), faces.shape=(856, 3))> using `load_obj` in 0.0028s
2024-10-21 17:56:08,731 DEBUG loaded <trimesh.Trimesh(vertices.shape=(48, 3), faces.shape=(28, 3))> using `load_obj` in 0.0007s
2024-10-21 17:56:39,870 INFO =====> Epoch: 107
2024-10-21 17:56:39,870 INFO =====> Loss info: {'particle_has_naninf': False, 'height_map_loss': 32.324520111083984, 'emd_loss': 36.58163833618164, 'total_loss': 36.58163833618164}
2024-10-21 17:56:39,870 INFO =====> Param: E: [312460.38], nu: [0.13707688], rho: [1228.7543], sand_angle: [22.88289]
2024-10-21 17:56:39,870 INFO =====> Grad: [-2.6415198e-03 -2.9434685e+03  6.4536285e+01  5.4716699e+02]
2024-10-21 17:56:39,870 INFO =====> Num. aborted data so far: 0
2024-10-21 17:56:40,211 INFO ===> New TaichiEnv created.
2024-10-21 17:56:40,211 INFO ===> Specifications: horizon = 311, dt = 0.01, n_substeps = 20, dt_sub = 0.0005
2024-10-21 17:56:40,235 DEBUG loaded <trimesh.Trimesh(vertices.shape=(916, 3), faces.shape=(856, 3))> using `load_obj` in 0.0029s
2024-10-21 17:56:40,383 DEBUG loaded <trimesh.Trimesh(vertices.shape=(48, 3), faces.shape=(28, 3))> using `load_obj` in 0.0007s
2024-10-21 17:57:11,423 INFO =====> Epoch: 108
2024-10-21 17:57:11,424 INFO =====> Loss info: {'particle_has_naninf': False, 'height_map_loss': 31.838537216186523, 'emd_loss': 36.20134735107422, 'total_loss': 36.20134735107422}
2024-10-21 17:57:11,425 INFO =====> Param: E: [323864.5], nu: [0.14218831], rho: [1300.8618], sand_angle: [23.278666]
2024-10-21 17:57:11,425 INFO =====> Grad: [-9.4092470e-03 -7.7079082e+03 -6.0108109e+01 -1.4843631e+02]
2024-10-21 17:57:11,425 INFO =====> Num. aborted data so far: 0
2024-10-21 17:57:11,775 INFO ===> New TaichiEnv created.
2024-10-21 17:57:11,775 INFO ===> Specifications: horizon = 311, dt = 0.01, n_substeps = 20, dt_sub = 0.0005
2024-10-21 17:57:11,798 DEBUG loaded <trimesh.Trimesh(vertices.shape=(916, 3), faces.shape=(856, 3))> using `load_obj` in 0.0028s
2024-10-21 17:57:11,948 DEBUG loaded <trimesh.Trimesh(vertices.shape=(48, 3), faces.shape=(28, 3))> using `load_obj` in 0.0007s
2024-10-21 17:57:43,289 INFO =====> Epoch: 109
2024-10-21 17:57:43,289 INFO =====> Loss info: {'particle_has_naninf': False, 'height_map_loss': 31.996482849121094, 'emd_loss': 36.188873291015625, 'total_loss': 36.188873291015625}
2024-10-21 17:57:43,290 INFO =====> Param: E: [300851.25], nu: [0.1275744], rho: [1244.0814], sand_angle: [22.409092]
2024-10-21 17:57:43,290 INFO =====> Grad: [1.9338964e-02 2.3574986e+04 4.8111973e+01 3.2180634e+02]
2024-10-21 17:57:43,290 INFO =====> Num. aborted data so far: 0
2024-10-21 17:57:43,639 INFO ===> New TaichiEnv created.
2024-10-21 17:57:43,639 INFO ===> Specifications: horizon = 311, dt = 0.01, n_substeps = 20, dt_sub = 0.0005
2024-10-21 17:57:43,663 DEBUG loaded <trimesh.Trimesh(vertices.shape=(916, 3), faces.shape=(856, 3))> using `load_obj` in 0.0029s
2024-10-21 17:57:43,818 DEBUG loaded <trimesh.Trimesh(vertices.shape=(48, 3), faces.shape=(28, 3))> using `load_obj` in 0.0007s
2024-10-21 17:58:14,950 INFO =====> Epoch: 110
2024-10-21 17:58:14,950 INFO =====> Loss info: {'particle_has_naninf': False, 'height_map_loss': 31.707046508789062, 'emd_loss': 36.0787467956543, 'total_loss': 36.0787467956543}
2024-10-21 17:58:14,950 INFO =====> Param: E: [321679.47], nu: [0.13709569], rho: [1230.518], sand_angle: [23.558622]
2024-10-21 17:58:14,950 INFO =====> Grad: [-1.7585559e-02 -1.5280499e+04  1.0943415e+01 -4.3321664e+02]
2024-10-21 17:58:14,950 INFO =====> Num. aborted data so far: 0
2024-10-21 17:58:15,307 INFO ===> New TaichiEnv created.
2024-10-21 17:58:15,307 INFO ===> Specifications: horizon = 311, dt = 0.01, n_substeps = 20, dt_sub = 0.0005
2024-10-21 17:58:15,334 DEBUG loaded <trimesh.Trimesh(vertices.shape=(916, 3), faces.shape=(856, 3))> using `load_obj` in 0.0029s
2024-10-21 17:58:15,486 DEBUG loaded <trimesh.Trimesh(vertices.shape=(48, 3), faces.shape=(28, 3))> using `load_obj` in 0.0007s
2024-10-21 17:58:46,789 INFO =====> Epoch: 111
2024-10-21 17:58:46,789 INFO =====> Loss info: {'particle_has_naninf': False, 'height_map_loss': 32.01601028442383, 'emd_loss': 36.303443908691406, 'total_loss': 36.303443908691406}
2024-10-21 17:58:46,789 INFO =====> Param: E: [348538.7], nu: [0.15307334], rho: [1322.6888], sand_angle: [24.512636]
2024-10-21 17:58:46,789 INFO =====> Grad: [-2.3763238e-02 -2.8189094e+04 -8.6828690e+01 -3.5775174e+02]
2024-10-21 17:58:46,789 INFO =====> Num. aborted data so far: 0
2024-10-21 17:58:47,139 INFO ===> New TaichiEnv created.
2024-10-21 17:58:47,139 INFO ===> Specifications: horizon = 311, dt = 0.01, n_substeps = 20, dt_sub = 0.0005
2024-10-21 17:58:47,162 DEBUG loaded <trimesh.Trimesh(vertices.shape=(916, 3), faces.shape=(856, 3))> using `load_obj` in 0.0029s
2024-10-21 17:58:47,318 DEBUG loaded <trimesh.Trimesh(vertices.shape=(48, 3), faces.shape=(28, 3))> using `load_obj` in 0.0007s
2024-10-21 17:59:18,424 INFO =====> Epoch: 112
2024-10-21 17:59:18,424 INFO =====> Loss info: {'particle_has_naninf': False, 'height_map_loss': 32.177101135253906, 'emd_loss': 36.30759048461914, 'total_loss': 36.30759048461914}
2024-10-21 17:59:18,424 INFO =====> Param: E: [355801.97], nu: [0.15891992], rho: [1385.6677], sand_angle: [25.91445]
2024-10-21 17:59:18,424 INFO =====> Grad: [-6.1369087e-03 -9.9573486e+03 -6.1361897e+01 -5.5634991e+02]
2024-10-21 17:59:18,424 INFO =====> Num. aborted data so far: 0
2024-10-21 17:59:18,779 INFO ===> New TaichiEnv created.
2024-10-21 17:59:18,779 INFO ===> Specifications: horizon = 311, dt = 0.01, n_substeps = 20, dt_sub = 0.0005
2024-10-21 17:59:18,802 DEBUG loaded <trimesh.Trimesh(vertices.shape=(916, 3), faces.shape=(856, 3))> using `load_obj` in 0.0028s
2024-10-21 17:59:18,948 DEBUG loaded <trimesh.Trimesh(vertices.shape=(48, 3), faces.shape=(28, 3))> using `load_obj` in 0.0007s
2024-10-21 17:59:49,761 INFO =====> Epoch: 113
2024-10-21 17:59:49,761 INFO =====> Loss info: {'particle_has_naninf': False, 'height_map_loss': 32.749229431152344, 'emd_loss': 36.668235778808594, 'total_loss': 36.668235778808594}
2024-10-21 17:59:49,761 INFO =====> Param: E: [331541.47], nu: [0.15144068], rho: [1367.9832], sand_angle: [24.281006]
2024-10-21 17:59:49,761 INFO =====> Grad: [2.1057151e-02 1.2437144e+04 1.6449560e+01 7.1825031e+02]
2024-10-21 17:59:49,761 INFO =====> Num. aborted data so far: 0
2024-10-21 17:59:50,120 INFO ===> New TaichiEnv created.
2024-10-21 17:59:50,120 INFO ===> Specifications: horizon = 311, dt = 0.01, n_substeps = 20, dt_sub = 0.0005
2024-10-21 17:59:50,144 DEBUG loaded <trimesh.Trimesh(vertices.shape=(916, 3), faces.shape=(856, 3))> using `load_obj` in 0.0029s
2024-10-21 17:59:50,295 DEBUG loaded <trimesh.Trimesh(vertices.shape=(48, 3), faces.shape=(28, 3))> using `load_obj` in 0.0007s
2024-10-21 18:00:21,960 INFO =====> Epoch: 114
2024-10-21 18:00:21,960 INFO =====> Loss info: {'particle_has_naninf': False, 'height_map_loss': 32.21085739135742, 'emd_loss': 36.41395568847656, 'total_loss': 36.41395568847656}
2024-10-21 18:00:21,960 INFO =====> Param: E: [336925.53], nu: [0.15973373], rho: [1400.4083], sand_angle: [24.899477]
2024-10-21 18:00:21,960 INFO =====> Grad: [-4.4494974e-03 -1.3557223e+04 -2.9234217e+01 -2.6307587e+02]
2024-10-21 18:00:21,960 INFO =====> Num. aborted data so far: 0
2024-10-21 18:00:22,303 INFO ===> New TaichiEnv created.
2024-10-21 18:00:22,303 INFO ===> Specifications: horizon = 311, dt = 0.01, n_substeps = 20, dt_sub = 0.0005
2024-10-21 18:00:22,326 DEBUG loaded <trimesh.Trimesh(vertices.shape=(916, 3), faces.shape=(856, 3))> using `load_obj` in 0.0030s
2024-10-21 18:00:22,482 DEBUG loaded <trimesh.Trimesh(vertices.shape=(48, 3), faces.shape=(28, 3))> using `load_obj` in 0.0007s
2024-10-21 18:00:53,808 INFO =====> Epoch: 115
2024-10-21 18:00:53,808 INFO =====> Loss info: {'particle_has_naninf': False, 'height_map_loss': 32.27814483642578, 'emd_loss': 36.55754089355469, 'total_loss': 36.55754089355469}
2024-10-21 18:00:53,808 INFO =====> Param: E: [329907.4], nu: [0.1639526], rho: [1359.696], sand_angle: [25.936764]
2024-10-21 18:00:53,809 INFO =====> Grad: [ 5.5364850e-03 -6.6019878e+03  3.6037327e+01 -4.4309949e+02]
2024-10-21 18:00:53,809 INFO =====> Num. aborted data so far: 0
2024-10-21 18:00:54,157 INFO ===> New TaichiEnv created.
2024-10-21 18:00:54,157 INFO ===> Specifications: horizon = 311, dt = 0.01, n_substeps = 20, dt_sub = 0.0005
2024-10-21 18:00:54,179 DEBUG loaded <trimesh.Trimesh(vertices.shape=(916, 3), faces.shape=(856, 3))> using `load_obj` in 0.0029s
2024-10-21 18:00:54,327 DEBUG loaded <trimesh.Trimesh(vertices.shape=(48, 3), faces.shape=(28, 3))> using `load_obj` in 0.0007s
2024-10-21 18:01:25,645 INFO =====> Epoch: 116
2024-10-21 18:01:25,645 INFO =====> Loss info: {'particle_has_naninf': False, 'height_map_loss': 32.661468505859375, 'emd_loss': 36.7017822265625, 'total_loss': 36.7017822265625}
2024-10-21 18:01:25,645 INFO =====> Param: E: [324402.3], nu: [0.16173315], rho: [1362.1147], sand_angle: [26.43288]
2024-10-21 18:01:25,645 INFO =====> Grad: [ 4.1357144e-03  3.3030703e+03 -2.0312939e+00 -2.0357224e+02]
2024-10-21 18:01:25,645 INFO =====> Num. aborted data so far: 0
2024-10-21 18:01:25,989 INFO ===> New TaichiEnv created.
2024-10-21 18:01:25,989 INFO ===> Specifications: horizon = 311, dt = 0.01, n_substeps = 20, dt_sub = 0.0005
2024-10-21 18:01:26,011 DEBUG loaded <trimesh.Trimesh(vertices.shape=(916, 3), faces.shape=(856, 3))> using `load_obj` in 0.0029s
2024-10-21 18:01:26,160 DEBUG loaded <trimesh.Trimesh(vertices.shape=(48, 3), faces.shape=(28, 3))> using `load_obj` in 0.0007s
2024-10-21 18:01:57,122 INFO =====> Epoch: 117
2024-10-21 18:01:57,122 INFO =====> Loss info: {'particle_has_naninf': False, 'height_map_loss': 32.861488342285156, 'emd_loss': 36.817466735839844, 'total_loss': 36.817466735839844}
2024-10-21 18:01:57,122 INFO =====> Param: E: [343684.06], nu: [0.16371885], rho: [1411.0798], sand_angle: [25.377493]
2024-10-21 18:01:57,122 INFO =====> Grad: [-1.4429012e-02 -2.8090852e+03 -4.1029766e+01  4.3582480e+02]
2024-10-21 18:01:57,122 INFO =====> Num. aborted data so far: 0
2024-10-21 18:01:57,467 INFO ===> New TaichiEnv created.
2024-10-21 18:01:57,468 INFO ===> Specifications: horizon = 311, dt = 0.01, n_substeps = 20, dt_sub = 0.0005
2024-10-21 18:01:57,490 DEBUG loaded <trimesh.Trimesh(vertices.shape=(916, 3), faces.shape=(856, 3))> using `load_obj` in 0.0029s
2024-10-21 18:01:57,638 DEBUG loaded <trimesh.Trimesh(vertices.shape=(48, 3), faces.shape=(28, 3))> using `load_obj` in 0.0007s
2024-10-21 18:02:29,172 INFO =====> Epoch: 118
2024-10-21 18:02:29,172 INFO =====> Loss info: {'particle_has_naninf': False, 'height_map_loss': 32.45964431762695, 'emd_loss': 36.572715759277344, 'total_loss': 36.572715759277344}
2024-10-21 18:02:29,173 INFO =====> Param: E: [317398.88], nu: [0.15721011], rho: [1411.9598], sand_angle: [24.371822]
2024-10-21 18:02:29,173 INFO =====> Grad: [ 2.0516245e-02  8.9262383e+03 -6.9958782e-01  4.1555621e+02]
2024-10-21 18:02:29,173 INFO =====> Num. aborted data so far: 0
2024-10-21 18:02:29,521 INFO ===> New TaichiEnv created.
2024-10-21 18:02:29,521 INFO ===> Specifications: horizon = 311, dt = 0.01, n_substeps = 20, dt_sub = 0.0005
2024-10-21 18:02:29,544 DEBUG loaded <trimesh.Trimesh(vertices.shape=(916, 3), faces.shape=(856, 3))> using `load_obj` in 0.0030s
2024-10-21 18:02:29,699 DEBUG loaded <trimesh.Trimesh(vertices.shape=(48, 3), faces.shape=(28, 3))> using `load_obj` in 0.0007s
2024-10-21 18:03:01,658 INFO =====> Epoch: 119
2024-10-21 18:03:01,658 INFO =====> Loss info: {'particle_has_naninf': False, 'height_map_loss': 32.35588836669922, 'emd_loss': 36.525794982910156, 'total_loss': 36.525794982910156}
2024-10-21 18:03:01,659 INFO =====> Param: E: [342502.75], nu: [0.17215855], rho: [1450.1307], sand_angle: [24.09716]
2024-10-21 18:03:01,659 INFO =====> Grad: [-2.0252436e-02 -2.2070162e+04 -2.9664297e+01  1.0807826e+02]
2024-10-21 18:03:01,659 INFO =====> Num. aborted data so far: 0
2024-10-21 18:03:02,007 INFO ===> New TaichiEnv created.
2024-10-21 18:03:02,008 INFO ===> Specifications: horizon = 311, dt = 0.01, n_substeps = 20, dt_sub = 0.0005
2024-10-21 18:03:02,030 DEBUG loaded <trimesh.Trimesh(vertices.shape=(916, 3), faces.shape=(856, 3))> using `load_obj` in 0.0029s
2024-10-21 18:03:02,185 DEBUG loaded <trimesh.Trimesh(vertices.shape=(48, 3), faces.shape=(28, 3))> using `load_obj` in 0.0007s
2024-10-21 18:03:33,555 INFO =====> Epoch: 120
2024-10-21 18:03:33,556 INFO =====> Loss info: {'particle_has_naninf': False, 'height_map_loss': 32.16840744018555, 'emd_loss': 36.384857177734375, 'total_loss': 36.384857177734375}
2024-10-21 18:03:33,556 INFO =====> Param: E: [327322.22], nu: [0.16347726], rho: [1395.1997], sand_angle: [24.33168]
2024-10-21 18:03:33,556 INFO =====> Grad: [ 1.1968221e-02  1.2645338e+04  4.3188824e+01 -8.7788376e+01]
2024-10-21 18:03:33,556 INFO =====> Num. aborted data so far: 0
2024-10-21 18:03:33,896 INFO ===> New TaichiEnv created.
2024-10-21 18:03:33,896 INFO ===> Specifications: horizon = 311, dt = 0.01, n_substeps = 20, dt_sub = 0.0005
2024-10-21 18:03:33,921 DEBUG loaded <trimesh.Trimesh(vertices.shape=(916, 3), faces.shape=(856, 3))> using `load_obj` in 0.0029s
2024-10-21 18:03:34,066 DEBUG loaded <trimesh.Trimesh(vertices.shape=(48, 3), faces.shape=(28, 3))> using `load_obj` in 0.0007s
2024-10-21 18:04:05,994 INFO =====> Epoch: 121
2024-10-21 18:04:05,994 INFO =====> Loss info: {'particle_has_naninf': False, 'height_map_loss': 32.25564956665039, 'emd_loss': 36.389625549316406, 'total_loss': 36.389625549316406}
2024-10-21 18:04:05,994 INFO =====> Param: E: [305018.62], nu: [0.14985788], rho: [1367.9784], sand_angle: [22.588816]
2024-10-21 18:04:05,994 INFO =====> Grad: [1.782695e-02 2.085332e+04 2.061187e+01 7.417606e+02]
2024-10-21 18:04:05,994 INFO =====> Num. aborted data so far: 0
2024-10-21 18:04:06,424 INFO ===> New TaichiEnv created.
2024-10-21 18:04:06,424 INFO ===> Specifications: horizon = 311, dt = 0.01, n_substeps = 20, dt_sub = 0.0005
2024-10-21 18:04:06,448 DEBUG loaded <trimesh.Trimesh(vertices.shape=(916, 3), faces.shape=(856, 3))> using `load_obj` in 0.0030s
2024-10-21 18:04:06,592 DEBUG loaded <trimesh.Trimesh(vertices.shape=(48, 3), faces.shape=(28, 3))> using `load_obj` in 0.0007s
2024-10-21 18:04:37,996 INFO =====> Epoch: 122
2024-10-21 18:04:37,996 INFO =====> Loss info: {'particle_has_naninf': False, 'height_map_loss': 31.789714813232422, 'emd_loss': 36.320674896240234, 'total_loss': 36.320674896240234}
2024-10-21 18:04:37,996 INFO =====> Param: E: [320969.5], nu: [0.15457793], rho: [1293.0614], sand_angle: [22.086916]
2024-10-21 18:04:37,996 INFO =====> Grad: [-1.24991145e-02 -6.93390869e+03  6.11109734e+01  2.05247894e+02]
2024-10-21 18:04:37,996 INFO =====> Num. aborted data so far: 0
2024-10-21 18:04:38,338 INFO ===> New TaichiEnv created.
2024-10-21 18:04:38,338 INFO ===> Specifications: horizon = 311, dt = 0.01, n_substeps = 20, dt_sub = 0.0005
2024-10-21 18:04:38,361 DEBUG loaded <trimesh.Trimesh(vertices.shape=(916, 3), faces.shape=(856, 3))> using `load_obj` in 0.0028s
2024-10-21 18:04:38,507 DEBUG loaded <trimesh.Trimesh(vertices.shape=(48, 3), faces.shape=(28, 3))> using `load_obj` in 0.0007s
2024-10-21 18:05:10,176 INFO =====> Epoch: 123
2024-10-21 18:05:10,176 INFO =====> Loss info: {'particle_has_naninf': False, 'height_map_loss': 31.545223236083984, 'emd_loss': 36.085662841796875, 'total_loss': 36.085662841796875}
2024-10-21 18:05:10,176 INFO =====> Param: E: [298261.7], nu: [0.14158517], rho: [1322.051], sand_angle: [21.326462]
2024-10-21 18:05:10,176 INFO =====> Grad: [ 1.8086709e-02  1.9861160e+04 -2.2820618e+01  3.0394202e+02]
2024-10-21 18:05:10,176 INFO =====> Num. aborted data so far: 0
2024-10-21 18:05:10,510 INFO ===> New TaichiEnv created.
2024-10-21 18:05:10,510 INFO ===> Specifications: horizon = 311, dt = 0.01, n_substeps = 20, dt_sub = 0.0005
2024-10-21 18:05:10,533 DEBUG loaded <trimesh.Trimesh(vertices.shape=(916, 3), faces.shape=(856, 3))> using `load_obj` in 0.0029s
2024-10-21 18:05:10,685 DEBUG loaded <trimesh.Trimesh(vertices.shape=(48, 3), faces.shape=(28, 3))> using `load_obj` in 0.0007s
2024-10-21 18:05:42,196 INFO =====> Epoch: 124
2024-10-21 18:05:42,196 INFO =====> Loss info: {'particle_has_naninf': False, 'height_map_loss': 31.5876407623291, 'emd_loss': 36.535255432128906, 'total_loss': 36.535255432128906}
2024-10-21 18:05:42,196 INFO =====> Param: E: [311278.97], nu: [0.14747448], rho: [1362.1718], sand_angle: [22.822506]
2024-10-21 18:05:42,196 INFO =====> Grad: [-1.0051365e-02 -8.6926924e+03 -3.0976175e+01 -6.4387402e+02]
2024-10-21 18:05:42,196 INFO =====> Num. aborted data so far: 0
2024-10-21 18:05:42,533 INFO ===> New TaichiEnv created.
2024-10-21 18:05:42,533 INFO ===> Specifications: horizon = 311, dt = 0.01, n_substeps = 20, dt_sub = 0.0005
2024-10-21 18:05:42,555 DEBUG loaded <trimesh.Trimesh(vertices.shape=(916, 3), faces.shape=(856, 3))> using `load_obj` in 0.0028s
2024-10-21 18:05:42,696 DEBUG loaded <trimesh.Trimesh(vertices.shape=(48, 3), faces.shape=(28, 3))> using `load_obj` in 0.0007s
2024-10-21 18:06:14,305 INFO =====> Epoch: 125
2024-10-21 18:06:14,306 INFO =====> Loss info: {'particle_has_naninf': False, 'height_map_loss': 31.89234733581543, 'emd_loss': 36.29319763183594, 'total_loss': 36.29319763183594}
2024-10-21 18:06:14,306 INFO =====> Param: E: [289017.6], nu: [0.14317624], rho: [1410.6958], sand_angle: [22.184181]
2024-10-21 18:06:14,306 INFO =====> Grad: [ 1.7422071e-02  6.0750630e+03 -3.7343590e+01  2.6610474e+02]
2024-10-21 18:06:14,306 INFO =====> Num. aborted data so far: 0
2024-10-21 18:06:14,648 INFO ===> New TaichiEnv created.
2024-10-21 18:06:14,648 INFO ===> Specifications: horizon = 311, dt = 0.01, n_substeps = 20, dt_sub = 0.0005
2024-10-21 18:06:14,670 DEBUG loaded <trimesh.Trimesh(vertices.shape=(916, 3), faces.shape=(856, 3))> using `load_obj` in 0.0028s
2024-10-21 18:06:14,817 DEBUG loaded <trimesh.Trimesh(vertices.shape=(48, 3), faces.shape=(28, 3))> using `load_obj` in 0.0007s
2024-10-21 18:06:46,158 INFO =====> Epoch: 126
2024-10-21 18:06:46,158 INFO =====> Loss info: {'particle_has_naninf': False, 'height_map_loss': 31.846284866333008, 'emd_loss': 36.392578125, 'total_loss': 36.392578125}
2024-10-21 18:06:46,158 INFO =====> Param: E: [310166.06], nu: [0.15411873], rho: [1389.0612], sand_angle: [23.43403]
2024-10-21 18:06:46,158 INFO =====> Grad: [-1.6660811e-02 -1.5638380e+04  1.5945326e+01 -5.3811237e+02]
2024-10-21 18:06:46,158 INFO =====> Num. aborted data so far: 0
2024-10-21 18:06:46,500 INFO ===> New TaichiEnv created.
2024-10-21 18:06:46,500 INFO ===> Specifications: horizon = 311, dt = 0.01, n_substeps = 20, dt_sub = 0.0005
2024-10-21 18:06:46,524 DEBUG loaded <trimesh.Trimesh(vertices.shape=(916, 3), faces.shape=(856, 3))> using `load_obj` in 0.0029s
2024-10-21 18:06:46,667 DEBUG loaded <trimesh.Trimesh(vertices.shape=(48, 3), faces.shape=(28, 3))> using `load_obj` in 0.0007s
2024-10-21 18:07:17,560 INFO =====> Epoch: 127
2024-10-21 18:07:17,560 INFO =====> Loss info: {'particle_has_naninf': False, 'height_map_loss': 32.1935920715332, 'emd_loss': 36.59026336669922, 'total_loss': 36.59026336669922}
2024-10-21 18:07:17,560 INFO =====> Param: E: [315833.97], nu: [0.15867774], rho: [1407.043], sand_angle: [23.681004]
2024-10-21 18:07:17,561 INFO =====> Grad: [-4.2531691e-03 -6.2463853e+03 -1.2655112e+01 -1.0118498e+02]
2024-10-21 18:07:17,561 INFO =====> Num. aborted data so far: 0
2024-10-21 18:07:17,895 INFO ===> New TaichiEnv created.
2024-10-21 18:07:17,895 INFO ===> Specifications: horizon = 311, dt = 0.01, n_substeps = 20, dt_sub = 0.0005
2024-10-21 18:07:17,917 DEBUG loaded <trimesh.Trimesh(vertices.shape=(916, 3), faces.shape=(856, 3))> using `load_obj` in 0.0029s
2024-10-21 18:07:18,058 DEBUG loaded <trimesh.Trimesh(vertices.shape=(48, 3), faces.shape=(28, 3))> using `load_obj` in 0.0007s
2024-10-21 18:07:49,395 INFO =====> Epoch: 128
2024-10-21 18:07:49,395 INFO =====> Loss info: {'particle_has_naninf': False, 'height_map_loss': 32.18777847290039, 'emd_loss': 36.555362701416016, 'total_loss': 36.555362701416016}
2024-10-21 18:07:49,395 INFO =====> Param: E: [350116.53], nu: [0.17841846], rho: [1392.962], sand_angle: [24.382978]
2024-10-21 18:07:49,395 INFO =====> Grad: [-2.9042060e-02 -3.2844969e+04  9.4387617e+00 -2.7982144e+02]
2024-10-21 18:07:49,395 INFO =====> Num. aborted data so far: 0
2024-10-21 18:07:49,733 INFO ===> New TaichiEnv created.
2024-10-21 18:07:49,733 INFO ===> Specifications: horizon = 311, dt = 0.01, n_substeps = 20, dt_sub = 0.0005
2024-10-21 18:07:49,756 DEBUG loaded <trimesh.Trimesh(vertices.shape=(916, 3), faces.shape=(856, 3))> using `load_obj` in 0.0029s
2024-10-21 18:07:49,899 DEBUG loaded <trimesh.Trimesh(vertices.shape=(48, 3), faces.shape=(28, 3))> using `load_obj` in 0.0007s
2024-10-21 18:08:21,167 INFO =====> Epoch: 129
2024-10-21 18:08:21,167 INFO =====> Loss info: {'particle_has_naninf': False, 'height_map_loss': 32.215572357177734, 'emd_loss': 36.26494216918945, 'total_loss': 36.26494216918945}
2024-10-21 18:08:21,167 INFO =====> Param: E: [336882.84], nu: [0.17198318], rho: [1441.6198], sand_angle: [24.423374]
2024-10-21 18:08:21,167 INFO =====> Grad: [ 1.0876208e-02  1.0374764e+04 -3.2520737e+01 -1.5277468e+01]
2024-10-21 18:08:21,167 INFO =====> Num. aborted data so far: 0
2024-10-21 18:08:21,509 INFO ===> New TaichiEnv created.
2024-10-21 18:08:21,509 INFO ===> Specifications: horizon = 311, dt = 0.01, n_substeps = 20, dt_sub = 0.0005
2024-10-21 18:08:21,531 DEBUG loaded <trimesh.Trimesh(vertices.shape=(916, 3), faces.shape=(856, 3))> using `load_obj` in 0.0028s
2024-10-21 18:08:21,677 DEBUG loaded <trimesh.Trimesh(vertices.shape=(48, 3), faces.shape=(28, 3))> using `load_obj` in 0.0007s
2024-10-21 18:08:52,963 INFO =====> Epoch: 130
2024-10-21 18:08:52,963 INFO =====> Loss info: {'particle_has_naninf': False, 'height_map_loss': 32.23420333862305, 'emd_loss': 36.368370056152344, 'total_loss': 36.368370056152344}
2024-10-21 18:08:52,963 INFO =====> Param: E: [306812.78], nu: [0.16193907], rho: [1386.202], sand_angle: [24.035284]
2024-10-21 18:08:52,963 INFO =====> Grad: [2.6649963e-02 1.6200787e+04 3.7518063e+01 1.4030225e+02]
2024-10-21 18:08:52,963 INFO =====> Num. aborted data so far: 0
2024-10-21 18:08:53,300 INFO ===> New TaichiEnv created.
2024-10-21 18:08:53,300 INFO ===> Specifications: horizon = 311, dt = 0.01, n_substeps = 20, dt_sub = 0.0005
2024-10-21 18:08:53,323 DEBUG loaded <trimesh.Trimesh(vertices.shape=(916, 3), faces.shape=(856, 3))> using `load_obj` in 0.0028s
2024-10-21 18:08:53,472 DEBUG loaded <trimesh.Trimesh(vertices.shape=(48, 3), faces.shape=(28, 3))> using `load_obj` in 0.0007s
2024-10-21 18:09:24,362 INFO =====> Epoch: 131
2024-10-21 18:09:24,363 INFO =====> Loss info: {'particle_has_naninf': False, 'height_map_loss': 32.267417907714844, 'emd_loss': 36.51280212402344, 'total_loss': 36.51280212402344}
2024-10-21 18:09:24,363 INFO =====> Param: E: [327332.], nu: [0.17031519], rho: [1378.412], sand_angle: [25.01388]
2024-10-21 18:09:24,363 INFO =====> Grad: [-1.8238794e-02 -1.3291835e+04  5.0093088e+00 -3.5295282e+02]
2024-10-21 18:09:24,363 INFO =====> Num. aborted data so far: 0
2024-10-21 18:09:24,707 INFO ===> New TaichiEnv created.
2024-10-21 18:09:24,707 INFO ===> Specifications: horizon = 311, dt = 0.01, n_substeps = 20, dt_sub = 0.0005
2024-10-21 18:09:24,730 DEBUG loaded <trimesh.Trimesh(vertices.shape=(916, 3), faces.shape=(856, 3))> using `load_obj` in 0.0029s
2024-10-21 18:09:24,873 DEBUG loaded <trimesh.Trimesh(vertices.shape=(48, 3), faces.shape=(28, 3))> using `load_obj` in 0.0007s
2024-10-21 18:09:55,703 INFO =====> Epoch: 132
2024-10-21 18:09:55,703 INFO =====> Loss info: {'particle_has_naninf': False, 'height_map_loss': 32.39404296875, 'emd_loss': 36.555816650390625, 'total_loss': 36.555816650390625}
2024-10-21 18:09:55,703 INFO =====> Param: E: [318843.97], nu: [0.16373746], rho: [1385.239], sand_angle: [25.002796]
2024-10-21 18:09:55,703 INFO =====> Grad: [ 7.2228662e-03  1.0123812e+04 -4.1686897e+00  3.7924342e+00]
2024-10-21 18:09:55,703 INFO =====> Num. aborted data so far: 0
2024-10-21 18:09:56,052 INFO ===> New TaichiEnv created.
2024-10-21 18:09:56,053 INFO ===> Specifications: horizon = 311, dt = 0.01, n_substeps = 20, dt_sub = 0.0005
2024-10-21 18:09:56,076 DEBUG loaded <trimesh.Trimesh(vertices.shape=(916, 3), faces.shape=(856, 3))> using `load_obj` in 0.0028s
2024-10-21 18:09:56,225 DEBUG loaded <trimesh.Trimesh(vertices.shape=(48, 3), faces.shape=(28, 3))> using `load_obj` in 0.0007s
2024-10-21 18:10:27,735 INFO =====> Epoch: 133
2024-10-21 18:10:27,735 INFO =====> Loss info: {'particle_has_naninf': False, 'height_map_loss': 32.46137237548828, 'emd_loss': 36.67488098144531, 'total_loss': 36.67488098144531}
2024-10-21 18:10:27,735 INFO =====> Param: E: [296610.6], nu: [0.15186013], rho: [1284.367], sand_angle: [23.388077]
2024-10-21 18:10:27,735 INFO =====> Grad: [1.9172303e-02 1.8712381e+04 7.5881310e+01 6.0961334e+02]
2024-10-21 18:10:27,735 INFO =====> Num. aborted data so far: 0
2024-10-21 18:10:28,087 INFO ===> New TaichiEnv created.
2024-10-21 18:10:28,088 INFO ===> Specifications: horizon = 311, dt = 0.01, n_substeps = 20, dt_sub = 0.0005
2024-10-21 18:10:28,110 DEBUG loaded <trimesh.Trimesh(vertices.shape=(916, 3), faces.shape=(856, 3))> using `load_obj` in 0.0028s
2024-10-21 18:10:28,260 DEBUG loaded <trimesh.Trimesh(vertices.shape=(48, 3), faces.shape=(28, 3))> using `load_obj` in 0.0007s
2024-10-21 18:10:59,131 INFO =====> Epoch: 134
2024-10-21 18:10:59,131 INFO =====> Loss info: {'particle_has_naninf': False, 'height_map_loss': 32.152896881103516, 'emd_loss': 36.39348602294922, 'total_loss': 36.39348602294922}
2024-10-21 18:10:59,131 INFO =====> Param: E: [257742.94], nu: [0.13511048], rho: [1232.7147], sand_angle: [22.63485]
2024-10-21 18:10:59,131 INFO =====> Grad: [4.0305972e-02 2.9514609e+04 3.9001347e+01 2.7777136e+02]
2024-10-21 18:10:59,131 INFO =====> Num. aborted data so far: 0
2024-10-21 18:10:59,474 INFO ===> New TaichiEnv created.
2024-10-21 18:10:59,474 INFO ===> Specifications: horizon = 311, dt = 0.01, n_substeps = 20, dt_sub = 0.0005
2024-10-21 18:10:59,497 DEBUG loaded <trimesh.Trimesh(vertices.shape=(916, 3), faces.shape=(856, 3))> using `load_obj` in 0.0028s
2024-10-21 18:10:59,642 DEBUG loaded <trimesh.Trimesh(vertices.shape=(48, 3), faces.shape=(28, 3))> using `load_obj` in 0.0007s
2024-10-21 18:11:31,137 INFO =====> Epoch: 135
2024-10-21 18:11:31,137 INFO =====> Loss info: {'particle_has_naninf': False, 'height_map_loss': 31.91327476501465, 'emd_loss': 36.556182861328125, 'total_loss': 36.556182861328125}
2024-10-21 18:11:31,137 INFO =====> Param: E: [270893.22], nu: [0.14132296], rho: [1309.4478], sand_angle: [23.294964]
2024-10-21 18:11:31,138 INFO =====> Grad: [-1.3226161e-02 -1.0591653e+04 -6.2865330e+01 -2.3614404e+02]
2024-10-21 18:11:31,138 INFO =====> Num. aborted data so far: 0
2024-10-21 18:11:31,483 INFO ===> New TaichiEnv created.
2024-10-21 18:11:31,483 INFO ===> Specifications: horizon = 311, dt = 0.01, n_substeps = 20, dt_sub = 0.0005
2024-10-21 18:11:31,507 DEBUG loaded <trimesh.Trimesh(vertices.shape=(916, 3), faces.shape=(856, 3))> using `load_obj` in 0.0028s
2024-10-21 18:11:31,651 DEBUG loaded <trimesh.Trimesh(vertices.shape=(48, 3), faces.shape=(28, 3))> using `load_obj` in 0.0007s
2024-10-21 18:12:03,543 INFO =====> Epoch: 136
2024-10-21 18:12:03,543 INFO =====> Loss info: {'particle_has_naninf': False, 'height_map_loss': 32.22862243652344, 'emd_loss': 36.71765899658203, 'total_loss': 36.71765899658203}
2024-10-21 18:12:03,543 INFO =====> Param: E: [306436.5], nu: [0.15668795], rho: [1391.0226], sand_angle: [25.034056]
2024-10-21 18:12:03,543 INFO =====> Grad: [-4.1001178e-02 -2.8433473e+04 -7.4013405e+01 -7.0666254e+02]
2024-10-21 18:12:03,543 INFO =====> Num. aborted data so far: 0
2024-10-21 18:12:03,893 INFO ===> New TaichiEnv created.
2024-10-21 18:12:03,894 INFO ===> Specifications: horizon = 311, dt = 0.01, n_substeps = 20, dt_sub = 0.0005
2024-10-21 18:12:03,916 DEBUG loaded <trimesh.Trimesh(vertices.shape=(916, 3), faces.shape=(856, 3))> using `load_obj` in 0.0028s
2024-10-21 18:12:04,067 DEBUG loaded <trimesh.Trimesh(vertices.shape=(48, 3), faces.shape=(28, 3))> using `load_obj` in 0.0007s
2024-10-21 18:12:35,260 INFO =====> Epoch: 137
2024-10-21 18:12:35,260 INFO =====> Loss info: {'particle_has_naninf': False, 'height_map_loss': 32.466087341308594, 'emd_loss': 36.733299255371094, 'total_loss': 36.733299255371094}
2024-10-21 18:12:35,260 INFO =====> Param: E: [311743.66], nu: [0.16092858], rho: [1432.393], sand_angle: [24.700178]
2024-10-21 18:12:35,260 INFO =====> Grad: [-5.8284765e-03 -7.5126006e+03 -3.6894676e+01  1.2942928e+02]
2024-10-21 18:12:35,260 INFO =====> Num. aborted data so far: 0
2024-10-21 18:12:35,659 INFO ===> New TaichiEnv created.
2024-10-21 18:12:35,659 INFO ===> Specifications: horizon = 311, dt = 0.01, n_substeps = 20, dt_sub = 0.0005
2024-10-21 18:12:35,683 DEBUG loaded <trimesh.Trimesh(vertices.shape=(916, 3), faces.shape=(856, 3))> using `load_obj` in 0.0029s
2024-10-21 18:12:35,829 DEBUG loaded <trimesh.Trimesh(vertices.shape=(48, 3), faces.shape=(28, 3))> using `load_obj` in 0.0007s
2024-10-21 18:13:06,621 INFO =====> Epoch: 138
2024-10-21 18:13:06,622 INFO =====> Loss info: {'particle_has_naninf': False, 'height_map_loss': 32.41398239135742, 'emd_loss': 36.66849136352539, 'total_loss': 36.66849136352539}
2024-10-21 18:13:06,622 INFO =====> Param: E: [289743.75], nu: [0.15045962], rho: [1359.3247], sand_angle: [24.311047]
2024-10-21 18:13:06,622 INFO =====> Grad: [2.4447907e-02 1.8646227e+04 6.9709457e+01 1.4420322e+02]
2024-10-21 18:13:06,622 INFO =====> Num. aborted data so far: 0
2024-10-21 18:13:06,975 INFO ===> New TaichiEnv created.
2024-10-21 18:13:06,976 INFO ===> Specifications: horizon = 311, dt = 0.01, n_substeps = 20, dt_sub = 0.0005
2024-10-21 18:13:07,001 DEBUG loaded <trimesh.Trimesh(vertices.shape=(916, 3), faces.shape=(856, 3))> using `load_obj` in 0.0029s
2024-10-21 18:13:07,159 DEBUG loaded <trimesh.Trimesh(vertices.shape=(48, 3), faces.shape=(28, 3))> using `load_obj` in 0.0007s
2024-10-21 18:13:38,529 INFO =====> Epoch: 139
2024-10-21 18:13:38,529 INFO =====> Loss info: {'particle_has_naninf': False, 'height_map_loss': 32.416473388671875, 'emd_loss': 36.628273010253906, 'total_loss': 36.628273010253906}
2024-10-21 18:13:38,529 INFO =====> Param: E: [278121.06], nu: [0.1469044], rho: [1328.5712], sand_angle: [24.525703]
2024-10-21 18:13:38,529 INFO =====> Grad: [ 1.2465468e-02  6.0455742e+03  2.8376169e+01 -7.5639511e+01]
2024-10-21 18:13:38,529 INFO =====> Num. aborted data so far: 0
2024-10-21 18:13:38,943 INFO ===> New TaichiEnv created.
2024-10-21 18:13:38,944 INFO ===> Specifications: horizon = 311, dt = 0.01, n_substeps = 20, dt_sub = 0.0005
2024-10-21 18:13:38,970 DEBUG loaded <trimesh.Trimesh(vertices.shape=(916, 3), faces.shape=(856, 3))> using `load_obj` in 0.0030s
2024-10-21 18:13:39,128 DEBUG loaded <trimesh.Trimesh(vertices.shape=(48, 3), faces.shape=(28, 3))> using `load_obj` in 0.0007s
2024-10-21 18:14:10,295 INFO =====> Epoch: 140
2024-10-21 18:14:10,296 INFO =====> Loss info: {'particle_has_naninf': False, 'height_map_loss': 32.49149703979492, 'emd_loss': 36.724246978759766, 'total_loss': 36.724246978759766}
2024-10-21 18:14:10,296 INFO =====> Param: E: [255550.7], nu: [0.14176957], rho: [1278.4352], sand_angle: [23.725006]
2024-10-21 18:14:10,296 INFO =====> Grad: [2.4583479e-02 8.3949902e+03 4.6274254e+01 2.7668243e+02]
2024-10-21 18:14:10,296 INFO =====> Num. aborted data so far: 0
2024-10-21 18:14:10,657 INFO ===> New TaichiEnv created.
2024-10-21 18:14:10,657 INFO ===> Specifications: horizon = 311, dt = 0.01, n_substeps = 20, dt_sub = 0.0005
2024-10-21 18:14:10,680 DEBUG loaded <trimesh.Trimesh(vertices.shape=(916, 3), faces.shape=(856, 3))> using `load_obj` in 0.0029s
2024-10-21 18:14:10,831 DEBUG loaded <trimesh.Trimesh(vertices.shape=(48, 3), faces.shape=(28, 3))> using `load_obj` in 0.0007s
2024-10-21 18:14:41,756 INFO =====> Epoch: 141
2024-10-21 18:14:41,756 INFO =====> Loss info: {'particle_has_naninf': False, 'height_map_loss': 32.40077590942383, 'emd_loss': 36.83384704589844, 'total_loss': 36.83384704589844}
2024-10-21 18:14:41,756 INFO =====> Param: E: [250000.], nu: [0.13794601], rho: [1289.8187], sand_angle: [22.961563]
2024-10-21 18:14:41,756 INFO =====> Grad: [ 9.9201426e-03  5.9742334e+03 -9.9934998e+00  2.5789990e+02]
2024-10-21 18:14:41,757 INFO =====> Num. aborted data so far: 0
2024-10-21 18:14:42,141 INFO ===> New TaichiEnv created.
2024-10-21 18:14:42,142 INFO ===> Specifications: horizon = 311, dt = 0.01, n_substeps = 20, dt_sub = 0.0005
2024-10-21 18:14:42,165 DEBUG loaded <trimesh.Trimesh(vertices.shape=(916, 3), faces.shape=(856, 3))> using `load_obj` in 0.0029s
2024-10-21 18:14:42,322 DEBUG loaded <trimesh.Trimesh(vertices.shape=(48, 3), faces.shape=(28, 3))> using `load_obj` in 0.0007s
2024-10-21 18:15:13,728 INFO =====> Epoch: 142
2024-10-21 18:15:13,728 INFO =====> Loss info: {'particle_has_naninf': False, 'height_map_loss': 32.22495651245117, 'emd_loss': 36.72108459472656, 'total_loss': 36.72108459472656}
2024-10-21 18:15:13,728 INFO =====> Param: E: [265975.53], nu: [0.14145495], rho: [1309.4873], sand_angle: [23.677391]
2024-10-21 18:15:13,728 INFO =====> Grad: [-1.6370675e-02 -5.2336162e+03 -1.6509041e+01 -2.3551938e+02]
2024-10-21 18:15:13,728 INFO =====> Num. aborted data so far: 0
2024-10-21 18:15:14,145 INFO ===> New TaichiEnv created.
2024-10-21 18:15:14,145 INFO ===> Specifications: horizon = 311, dt = 0.01, n_substeps = 20, dt_sub = 0.0005
2024-10-21 18:15:14,174 DEBUG loaded <trimesh.Trimesh(vertices.shape=(916, 3), faces.shape=(856, 3))> using `load_obj` in 0.0039s
2024-10-21 18:15:14,348 DEBUG loaded <trimesh.Trimesh(vertices.shape=(48, 3), faces.shape=(28, 3))> using `load_obj` in 0.0007s
2024-10-21 18:15:45,537 INFO =====> Epoch: 143
2024-10-21 18:15:45,537 INFO =====> Loss info: {'particle_has_naninf': False, 'height_map_loss': 32.302955627441406, 'emd_loss': 36.85376739501953, 'total_loss': 36.85376739501953}
2024-10-21 18:15:45,537 INFO =====> Param: E: [250000.], nu: [0.13019463], rho: [1313.8516], sand_angle: [22.642483]
2024-10-21 18:15:45,537 INFO =====> Grad: [ 2.8385140e-02  1.7050562e+04 -3.4765601e+00  3.4185388e+02]
2024-10-21 18:15:45,537 INFO =====> Num. aborted data so far: 0
2024-10-21 18:15:45,901 INFO ===> New TaichiEnv created.
2024-10-21 18:15:45,901 INFO ===> Specifications: horizon = 311, dt = 0.01, n_substeps = 20, dt_sub = 0.0005
2024-10-21 18:15:45,923 DEBUG loaded <trimesh.Trimesh(vertices.shape=(916, 3), faces.shape=(856, 3))> using `load_obj` in 0.0029s
2024-10-21 18:15:46,075 DEBUG loaded <trimesh.Trimesh(vertices.shape=(48, 3), faces.shape=(28, 3))> using `load_obj` in 0.0007s
2024-10-21 18:16:17,893 INFO =====> Epoch: 144
2024-10-21 18:16:17,893 INFO =====> Loss info: {'particle_has_naninf': False, 'height_map_loss': 32.17333221435547, 'emd_loss': 36.72320556640625, 'total_loss': 36.72320556640625}
2024-10-21 18:16:17,893 INFO =====> Param: E: [250000.], nu: [0.1221877], rho: [1278.2963], sand_angle: [21.618572]
2024-10-21 18:16:17,893 INFO =====> Grad: [2.7712354e-02 1.1889515e+04 2.7575760e+01 3.3913348e+02]
2024-10-21 18:16:17,893 INFO =====> Num. aborted data so far: 0
2024-10-21 18:16:18,387 INFO ===> New TaichiEnv created.
2024-10-21 18:16:18,387 INFO ===> Specifications: horizon = 311, dt = 0.01, n_substeps = 20, dt_sub = 0.0005
2024-10-21 18:16:18,422 DEBUG loaded <trimesh.Trimesh(vertices.shape=(916, 3), faces.shape=(856, 3))> using `load_obj` in 0.0048s
2024-10-21 18:16:18,666 DEBUG loaded <trimesh.Trimesh(vertices.shape=(48, 3), faces.shape=(28, 3))> using `load_obj` in 0.0010s
2024-10-21 18:16:50,646 INFO =====> Epoch: 145
2024-10-21 18:16:50,647 INFO =====> Loss info: {'particle_has_naninf': False, 'height_map_loss': 31.91731071472168, 'emd_loss': 36.821983337402344, 'total_loss': 36.821983337402344}
2024-10-21 18:16:50,647 INFO =====> Param: E: [250000.], nu: [0.12592253], rho: [1280.9525], sand_angle: [22.32639]
2024-10-21 18:16:50,647 INFO =====> Grad: [ 4.2433155e-04 -5.2983540e+03 -1.9546535e+00 -2.2819864e+02]
2024-10-21 18:16:50,647 INFO =====> Num. aborted data so far: 0
2024-10-21 18:16:51,010 INFO ===> New TaichiEnv created.
2024-10-21 18:16:51,010 INFO ===> Specifications: horizon = 311, dt = 0.01, n_substeps = 20, dt_sub = 0.0005
2024-10-21 18:16:51,040 DEBUG loaded <trimesh.Trimesh(vertices.shape=(916, 3), faces.shape=(856, 3))> using `load_obj` in 0.0039s
2024-10-21 18:16:51,233 DEBUG loaded <trimesh.Trimesh(vertices.shape=(48, 3), faces.shape=(28, 3))> using `load_obj` in 0.0008s
2024-10-21 18:17:22,506 INFO =====> Epoch: 146
2024-10-21 18:17:22,506 INFO =====> Loss info: {'particle_has_naninf': False, 'height_map_loss': 32.029232025146484, 'emd_loss': 36.62788009643555, 'total_loss': 36.62788009643555}
2024-10-21 18:17:22,506 INFO =====> Param: E: [250000.], nu: [0.11830454], rho: [1297.9142], sand_angle: [21.203754]
2024-10-21 18:17:22,506 INFO =====> Grad: [ 1.2002272e-02  1.0563639e+04 -1.1909955e+01  3.6728534e+02]
2024-10-21 18:17:22,506 INFO =====> Num. aborted data so far: 0
2024-10-21 18:17:22,929 INFO ===> New TaichiEnv created.
2024-10-21 18:17:22,929 INFO ===> Specifications: horizon = 311, dt = 0.01, n_substeps = 20, dt_sub = 0.0005
2024-10-21 18:17:22,959 DEBUG loaded <trimesh.Trimesh(vertices.shape=(916, 3), faces.shape=(856, 3))> using `load_obj` in 0.0040s
2024-10-21 18:17:23,159 DEBUG loaded <trimesh.Trimesh(vertices.shape=(48, 3), faces.shape=(28, 3))> using `load_obj` in 0.0009s
2024-10-21 18:17:55,483 INFO =====> Epoch: 147
2024-10-21 18:17:55,483 INFO =====> Loss info: {'particle_has_naninf': False, 'height_map_loss': 31.861377716064453, 'emd_loss': 36.968204498291016, 'total_loss': 36.968204498291016}
2024-10-21 18:17:55,483 INFO =====> Param: E: [250000.], nu: [0.11835748], rho: [1301.3744], sand_angle: [21.759087]
2024-10-21 18:17:55,484 INFO =====> Grad: [ 5.3006862e-03 -6.9650314e+01 -2.3055201e+00 -1.7508153e+02]
2024-10-21 18:17:55,484 INFO =====> Num. aborted data so far: 0
2024-10-21 18:17:55,863 INFO ===> New TaichiEnv created.
2024-10-21 18:17:55,864 INFO ===> Specifications: horizon = 311, dt = 0.01, n_substeps = 20, dt_sub = 0.0005
2024-10-21 18:17:55,887 DEBUG loaded <trimesh.Trimesh(vertices.shape=(916, 3), faces.shape=(856, 3))> using `load_obj` in 0.0030s
2024-10-21 18:17:56,039 DEBUG loaded <trimesh.Trimesh(vertices.shape=(48, 3), faces.shape=(28, 3))> using `load_obj` in 0.0007s
2024-10-21 18:18:27,497 INFO =====> Epoch: 148
2024-10-21 18:18:27,497 INFO =====> Loss info: {'particle_has_naninf': False, 'height_map_loss': 31.96058464050293, 'emd_loss': 36.76443862915039, 'total_loss': 36.76443862915039}
2024-10-21 18:18:27,497 INFO =====> Param: E: [267414.94], nu: [0.12120485], rho: [1366.845], sand_angle: [22.359465]
2024-10-21 18:18:27,497 INFO =====> Grad: [-1.6587950e-02 -3.5680271e+03 -4.5464783e+01 -1.8289687e+02]
2024-10-21 18:18:27,497 INFO =====> Num. aborted data so far: 0
2024-10-21 18:18:27,919 INFO ===> New TaichiEnv created.
2024-10-21 18:18:27,920 INFO ===> Specifications: horizon = 311, dt = 0.01, n_substeps = 20, dt_sub = 0.0005
2024-10-21 18:18:27,949 DEBUG loaded <trimesh.Trimesh(vertices.shape=(916, 3), faces.shape=(856, 3))> using `load_obj` in 0.0039s
2024-10-21 18:18:28,113 DEBUG loaded <trimesh.Trimesh(vertices.shape=(48, 3), faces.shape=(28, 3))> using `load_obj` in 0.0007s
2024-10-21 18:18:59,689 INFO =====> Epoch: 149
2024-10-21 18:18:59,689 INFO =====> Loss info: {'particle_has_naninf': False, 'height_map_loss': 32.08849334716797, 'emd_loss': 36.65168380737305, 'total_loss': 36.65168380737305}
2024-10-21 18:18:59,689 INFO =====> Param: E: [273038.62], nu: [0.12012565], rho: [1431.1224], sand_angle: [23.283352]
2024-10-21 18:18:59,689 INFO =====> Grad: [-5.1019504e-03  1.2836937e+03 -4.6348396e+01 -2.7918726e+02]
2024-10-21 18:18:59,689 INFO =====> Num. aborted data so far: 0
2024-10-21 18:18:59,691 INFO ====> Finished training.
2024-10-21 18:18:59,691 INFO ====> Final loss: 
2024-10-21 18:18:59,691 INFO ====> Final params: E [273038.62], nu [0.12012565], rho [1431.1224], sand_angle [23.283352]
2024-10-21 18:18:59,691 INFO ===> End grad computation at:, 2024-10-21 18:18:59
2024-10-21 18:18:59,691 INFO ===> Total time taken: 4888.149599075317 seconds
2024-10-21 18:18:59,691 INFO ===> Number of aborted data: 0
