2024-10-17 12:42:11,380 INFO ===> Start grad computation at:, 2024-10-17 12:42:11
2024-10-17 12:42:11,622 INFO ===> New TaichiEnv created.
2024-10-17 12:42:11,622 INFO ===> Specifications: horizon = 311, dt = 0.01, n_substeps = 20, dt_sub = 0.0005
2024-10-17 12:42:11,802 DEBUG loaded <trimesh.Trimesh(vertices.shape=(916, 3), faces.shape=(856, 3))> using `load_obj` in 0.0027s
2024-10-17 12:42:12,146 DEBUG loaded <trimesh.Trimesh(vertices.shape=(48, 3), faces.shape=(28, 3))> using `load_obj` in 0.0008s
2024-10-17 12:43:23,283 INFO =====> Epoch: 0
2024-10-17 12:43:23,283 INFO =====> Loss info: {'particle_has_naninf': False, 'height_map_loss': 33.04563522338867, 'emd_loss': 35.98025131225586, 'total_loss': 35.98025131225586}
2024-10-17 12:43:23,283 INFO =====> Param: E: [753199.7], nu: [0.29870766], rho: [1873.0654], sand_angle: [23.774155]
2024-10-17 12:43:23,283 INFO =====> Grad: [-3.0335808e-01 -7.2839325e+05 -9.3870166e+03 -5.5191567e+03]
2024-10-17 12:43:23,283 INFO =====> Num. aborted data so far: 0
2024-10-17 12:43:23,686 INFO ===> New TaichiEnv created.
2024-10-17 12:43:23,687 INFO ===> Specifications: horizon = 311, dt = 0.01, n_substeps = 20, dt_sub = 0.0005
2024-10-17 12:43:23,708 DEBUG loaded <trimesh.Trimesh(vertices.shape=(916, 3), faces.shape=(856, 3))> using `load_obj` in 0.0028s
2024-10-17 12:43:23,843 DEBUG loaded <trimesh.Trimesh(vertices.shape=(48, 3), faces.shape=(28, 3))> using `load_obj` in 0.0007s
2024-10-17 12:44:00,306 INFO =====> Epoch: 1
2024-10-17 12:44:00,306 INFO =====> Loss info: {'particle_has_naninf': False, 'height_map_loss': 33.95261001586914, 'emd_loss': 36.8278694152832, 'total_loss': 36.8278694152832}
2024-10-17 12:44:00,307 INFO =====> Param: E: [803178.75], nu: [0.32632956], rho: [1994.0743], sand_angle: [26.33631]
2024-10-17 12:44:00,307 INFO =====> Grad: [-3.7112248e-01 -1.2397610e+06 -1.0588938e+04 -7.2379028e+03]
2024-10-17 12:44:00,307 INFO =====> Num. aborted data so far: 0
2024-10-17 12:44:00,578 INFO ===> New TaichiEnv created.
2024-10-17 12:44:00,578 INFO ===> Specifications: horizon = 311, dt = 0.01, n_substeps = 20, dt_sub = 0.0005
2024-10-17 12:44:00,600 DEBUG loaded <trimesh.Trimesh(vertices.shape=(916, 3), faces.shape=(856, 3))> using `load_obj` in 0.0029s
2024-10-17 12:44:00,743 DEBUG loaded <trimesh.Trimesh(vertices.shape=(48, 3), faces.shape=(28, 3))> using `load_obj` in 0.0007s
2024-10-17 12:44:37,343 INFO =====> Epoch: 2
2024-10-17 12:44:37,344 INFO =====> Loss info: {'particle_has_naninf': False, 'height_map_loss': 34.91718673706055, 'emd_loss': 36.87701416015625, 'total_loss': 36.87701416015625}
2024-10-17 12:44:37,344 INFO =====> Param: E: [838425.5], nu: [0.34633523], rho: [2079.9275], sand_angle: [28.201399]
2024-10-17 12:44:37,344 INFO =====> Grad: [-2.9903978e-01 -1.0999310e+06 -8.4872393e+03 -6.1895098e+03]
2024-10-17 12:44:37,344 INFO =====> Num. aborted data so far: 0
2024-10-17 12:44:37,617 INFO ===> New TaichiEnv created.
2024-10-17 12:44:37,618 INFO ===> Specifications: horizon = 311, dt = 0.01, n_substeps = 20, dt_sub = 0.0005
2024-10-17 12:44:37,640 DEBUG loaded <trimesh.Trimesh(vertices.shape=(916, 3), faces.shape=(856, 3))> using `load_obj` in 0.0029s
2024-10-17 12:44:37,777 DEBUG loaded <trimesh.Trimesh(vertices.shape=(48, 3), faces.shape=(28, 3))> using `load_obj` in 0.0007s
2024-10-17 12:45:16,765 INFO =====> Epoch: 3
2024-10-17 12:45:16,765 INFO =====> Loss info: {'particle_has_naninf': False, 'height_map_loss': 35.5825080871582, 'emd_loss': 37.39500045776367, 'total_loss': 37.39500045776367}
2024-10-17 12:45:16,765 INFO =====> Param: E: [871903.1], nu: [0.36482438], rho: [2160.3787], sand_angle: [29.676872]
2024-10-17 12:45:16,765 INFO =====> Grad: [-3.1759691e-01 -1.1887411e+06 -8.7644209e+03 -5.2519810e+03]
2024-10-17 12:45:16,765 INFO =====> Num. aborted data so far: 0
2024-10-17 12:45:17,041 INFO ===> New TaichiEnv created.
2024-10-17 12:45:17,041 INFO ===> Specifications: horizon = 311, dt = 0.01, n_substeps = 20, dt_sub = 0.0005
2024-10-17 12:45:17,063 DEBUG loaded <trimesh.Trimesh(vertices.shape=(916, 3), faces.shape=(856, 3))> using `load_obj` in 0.0028s
2024-10-17 12:45:17,197 DEBUG loaded <trimesh.Trimesh(vertices.shape=(48, 3), faces.shape=(28, 3))> using `load_obj` in 0.0007s
2024-10-17 12:45:54,042 INFO =====> Epoch: 4
2024-10-17 12:45:54,042 INFO =====> Loss info: {'particle_has_naninf': False, 'height_map_loss': 35.96562194824219, 'emd_loss': 37.758827209472656, 'total_loss': 37.758827209472656}
2024-10-17 12:45:54,042 INFO =====> Param: E: [908252.25], nu: [0.38476998], rho: [2200.], sand_angle: [31.109425]
2024-10-17 12:45:54,043 INFO =====> Grad: [-3.9976171e-01 -1.5677531e+06 -1.0603930e+04 -5.4262612e+03]
2024-10-17 12:45:54,043 INFO =====> Num. aborted data so far: 0
2024-10-17 12:45:54,355 INFO ===> New TaichiEnv created.
2024-10-17 12:45:54,355 INFO ===> Specifications: horizon = 311, dt = 0.01, n_substeps = 20, dt_sub = 0.0005
2024-10-17 12:45:54,376 DEBUG loaded <trimesh.Trimesh(vertices.shape=(916, 3), faces.shape=(856, 3))> using `load_obj` in 0.0029s
2024-10-17 12:45:54,514 DEBUG loaded <trimesh.Trimesh(vertices.shape=(48, 3), faces.shape=(28, 3))> using `load_obj` in 0.0007s
2024-10-17 12:46:31,208 INFO =====> Epoch: 5
2024-10-17 12:46:31,208 INFO =====> Loss info: {'particle_has_naninf': False, 'height_map_loss': 36.49345779418945, 'emd_loss': 38.158416748046875, 'total_loss': 38.158416748046875}
2024-10-17 12:46:31,208 INFO =====> Param: E: [936110.06], nu: [0.4], rho: [2200.], sand_angle: [32.201275]
2024-10-17 12:46:31,208 INFO =====> Grad: [-3.2375154e-01 -1.4451870e+06 -9.0983389e+03 -4.1806104e+03]
2024-10-17 12:46:31,208 INFO =====> Num. aborted data so far: 0
2024-10-17 12:46:31,546 INFO ===> New TaichiEnv created.
2024-10-17 12:46:31,546 INFO ===> Specifications: horizon = 311, dt = 0.01, n_substeps = 20, dt_sub = 0.0005
2024-10-17 12:46:31,568 DEBUG loaded <trimesh.Trimesh(vertices.shape=(916, 3), faces.shape=(856, 3))> using `load_obj` in 0.0028s
2024-10-17 12:46:31,704 DEBUG loaded <trimesh.Trimesh(vertices.shape=(48, 3), faces.shape=(28, 3))> using `load_obj` in 0.0007s
2024-10-17 12:47:09,609 INFO =====> Epoch: 6
2024-10-17 12:47:09,609 INFO =====> Loss info: {'particle_has_naninf': False, 'height_map_loss': 36.793148040771484, 'emd_loss': 38.25131607055664, 'total_loss': 38.25131607055664}
2024-10-17 12:47:09,610 INFO =====> Param: E: [962250.5], nu: [0.4], rho: [2200.], sand_angle: [33.16368]
2024-10-17 12:47:09,610 INFO =====> Grad: [-3.1650284e-01 -1.6517106e+06 -8.8088555e+03 -3.6699648e+03]
2024-10-17 12:47:09,610 INFO =====> Num. aborted data so far: 0
2024-10-17 12:47:09,903 INFO ===> New TaichiEnv created.
2024-10-17 12:47:09,903 INFO ===> Specifications: horizon = 311, dt = 0.01, n_substeps = 20, dt_sub = 0.0005
2024-10-17 12:47:09,924 DEBUG loaded <trimesh.Trimesh(vertices.shape=(916, 3), faces.shape=(856, 3))> using `load_obj` in 0.0028s
2024-10-17 12:47:10,058 DEBUG loaded <trimesh.Trimesh(vertices.shape=(48, 3), faces.shape=(28, 3))> using `load_obj` in 0.0007s
2024-10-17 12:48:11,487 INFO =====> Epoch: 7
2024-10-17 12:48:11,488 INFO =====> Loss info: {'particle_has_naninf': False, 'height_map_loss': 37.029178619384766, 'emd_loss': 38.28805923461914, 'total_loss': 38.28805923461914}
2024-10-17 12:48:11,488 INFO =====> Param: E: [990259.44], nu: [0.4], rho: [2200.], sand_angle: [34.60439]
2024-10-17 12:48:11,488 INFO =====> Grad: [-3.5882977e-01 -1.9154268e+06 -9.9871328e+03 -5.8548770e+03]
2024-10-17 12:48:11,488 INFO =====> Num. aborted data so far: 0
2024-10-17 12:48:11,825 INFO ===> New TaichiEnv created.
2024-10-17 12:48:11,826 INFO ===> Specifications: horizon = 311, dt = 0.01, n_substeps = 20, dt_sub = 0.0005
2024-10-17 12:48:11,847 DEBUG loaded <trimesh.Trimesh(vertices.shape=(916, 3), faces.shape=(856, 3))> using `load_obj` in 0.0028s
2024-10-17 12:48:11,981 DEBUG loaded <trimesh.Trimesh(vertices.shape=(48, 3), faces.shape=(28, 3))> using `load_obj` in 0.0007s
2024-10-17 12:48:48,590 INFO =====> Epoch: 8
2024-10-17 12:48:48,590 INFO =====> Loss info: {'particle_has_naninf': False, 'height_map_loss': 37.377655029296875, 'emd_loss': 38.41989517211914, 'total_loss': 38.41989517211914}
2024-10-17 12:48:48,590 INFO =====> Param: E: [1000000.], nu: [0.4], rho: [2200.], sand_angle: [35.855988]
2024-10-17 12:48:48,590 INFO =====> Grad: [-3.0683094e-01 -1.6538326e+06 -8.2954160e+03 -5.2544185e+03]
2024-10-17 12:48:48,590 INFO =====> Num. aborted data so far: 0
2024-10-17 12:48:48,885 INFO ===> New TaichiEnv created.
2024-10-17 12:48:48,885 INFO ===> Specifications: horizon = 311, dt = 0.01, n_substeps = 20, dt_sub = 0.0005
2024-10-17 12:48:48,908 DEBUG loaded <trimesh.Trimesh(vertices.shape=(916, 3), faces.shape=(856, 3))> using `load_obj` in 0.0029s
2024-10-17 12:48:49,050 DEBUG loaded <trimesh.Trimesh(vertices.shape=(48, 3), faces.shape=(28, 3))> using `load_obj` in 0.0007s
2024-10-17 12:49:26,030 INFO =====> Epoch: 9
2024-10-17 12:49:26,030 INFO =====> Loss info: {'particle_has_naninf': False, 'height_map_loss': 37.83930969238281, 'emd_loss': 38.64739990234375, 'total_loss': 38.64739990234375}
2024-10-17 12:49:26,030 INFO =====> Param: E: [1000000.], nu: [0.4], rho: [2200.], sand_angle: [37.04981]
2024-10-17 12:49:26,030 INFO =====> Grad: [-3.1275001e-01 -1.8659488e+06 -8.3955488e+03 -5.1346128e+03]
2024-10-17 12:49:26,031 INFO =====> Num. aborted data so far: 0
2024-10-17 12:49:26,326 INFO ===> New TaichiEnv created.
2024-10-17 12:49:26,326 INFO ===> Specifications: horizon = 311, dt = 0.01, n_substeps = 20, dt_sub = 0.0005
2024-10-17 12:49:26,348 DEBUG loaded <trimesh.Trimesh(vertices.shape=(916, 3), faces.shape=(856, 3))> using `load_obj` in 0.0029s
2024-10-17 12:49:26,487 DEBUG loaded <trimesh.Trimesh(vertices.shape=(48, 3), faces.shape=(28, 3))> using `load_obj` in 0.0007s
2024-10-17 12:50:04,205 INFO =====> Epoch: 10
2024-10-17 12:50:04,205 INFO =====> Loss info: {'particle_has_naninf': False, 'height_map_loss': 38.062461853027344, 'emd_loss': 38.840728759765625, 'total_loss': 38.840728759765625}
2024-10-17 12:50:04,205 INFO =====> Param: E: [1000000.], nu: [0.4], rho: [2200.], sand_angle: [38.5068]
2024-10-17 12:50:04,205 INFO =====> Grad: [-4.2837024e-01 -2.3616220e+06 -1.0923687e+04 -6.6982734e+03]
2024-10-17 12:50:04,205 INFO =====> Num. aborted data so far: 0
2024-10-17 12:50:04,495 INFO ===> New TaichiEnv created.
2024-10-17 12:50:04,496 INFO ===> Specifications: horizon = 311, dt = 0.01, n_substeps = 20, dt_sub = 0.0005
2024-10-17 12:50:04,528 DEBUG loaded <trimesh.Trimesh(vertices.shape=(916, 3), faces.shape=(856, 3))> using `load_obj` in 0.0039s
2024-10-17 12:50:04,666 DEBUG loaded <trimesh.Trimesh(vertices.shape=(48, 3), faces.shape=(28, 3))> using `load_obj` in 0.0007s
2024-10-17 12:50:41,685 INFO =====> Epoch: 11
2024-10-17 12:50:41,685 INFO =====> Loss info: {'particle_has_naninf': False, 'height_map_loss': 38.441017150878906, 'emd_loss': 39.45558166503906, 'total_loss': 39.45558166503906}
2024-10-17 12:50:41,685 INFO =====> Param: E: [1000000.], nu: [0.4], rho: [2200.], sand_angle: [40.]
2024-10-17 12:50:41,685 INFO =====> Grad: [-4.4353163e-01 -2.7599000e+06 -1.0998631e+04 -9.9120117e+03]
2024-10-17 12:50:41,685 INFO =====> Num. aborted data so far: 0
2024-10-17 12:50:42,003 INFO ===> New TaichiEnv created.
2024-10-17 12:50:42,003 INFO ===> Specifications: horizon = 311, dt = 0.01, n_substeps = 20, dt_sub = 0.0005
2024-10-17 12:50:42,028 DEBUG loaded <trimesh.Trimesh(vertices.shape=(916, 3), faces.shape=(856, 3))> using `load_obj` in 0.0049s
2024-10-17 12:50:42,168 DEBUG loaded <trimesh.Trimesh(vertices.shape=(48, 3), faces.shape=(28, 3))> using `load_obj` in 0.0007s
2024-10-17 12:51:19,309 INFO =====> Epoch: 12
2024-10-17 12:51:19,309 INFO =====> Loss info: {'particle_has_naninf': False, 'height_map_loss': 38.8784294128418, 'emd_loss': 39.93671417236328, 'total_loss': 39.93671417236328}
2024-10-17 12:51:19,309 INFO =====> Param: E: [1000000.], nu: [0.4], rho: [2200.], sand_angle: [40.]
2024-10-17 12:51:19,309 INFO =====> Grad: [-4.4746482e-01 -2.9266860e+06 -9.7355303e+03 -1.1591076e+04]
2024-10-17 12:51:19,309 INFO =====> Num. aborted data so far: 0
2024-10-17 12:51:19,601 INFO ===> New TaichiEnv created.
2024-10-17 12:51:19,601 INFO ===> Specifications: horizon = 311, dt = 0.01, n_substeps = 20, dt_sub = 0.0005
2024-10-17 12:51:19,623 DEBUG loaded <trimesh.Trimesh(vertices.shape=(916, 3), faces.shape=(856, 3))> using `load_obj` in 0.0028s
2024-10-17 12:51:19,760 DEBUG loaded <trimesh.Trimesh(vertices.shape=(48, 3), faces.shape=(28, 3))> using `load_obj` in 0.0007s
2024-10-17 12:51:57,408 INFO =====> Epoch: 13
2024-10-17 12:51:57,408 INFO =====> Loss info: {'particle_has_naninf': False, 'height_map_loss': 38.942726135253906, 'emd_loss': 39.87894058227539, 'total_loss': 39.87894058227539}
2024-10-17 12:51:57,408 INFO =====> Param: E: [1000000.], nu: [0.4], rho: [2200.], sand_angle: [40.]
2024-10-17 12:51:57,408 INFO =====> Grad: [-5.1605785e-01 -3.5247082e+06 -1.2260574e+04 -1.2268133e+04]
2024-10-17 12:51:57,408 INFO =====> Num. aborted data so far: 0
2024-10-17 12:51:57,700 INFO ===> New TaichiEnv created.
2024-10-17 12:51:57,700 INFO ===> Specifications: horizon = 311, dt = 0.01, n_substeps = 20, dt_sub = 0.0005
2024-10-17 12:51:57,721 DEBUG loaded <trimesh.Trimesh(vertices.shape=(916, 3), faces.shape=(856, 3))> using `load_obj` in 0.0028s
2024-10-17 12:51:57,858 DEBUG loaded <trimesh.Trimesh(vertices.shape=(48, 3), faces.shape=(28, 3))> using `load_obj` in 0.0007s
2024-10-17 12:52:35,449 INFO =====> Epoch: 14
2024-10-17 12:52:35,449 INFO =====> Loss info: {'particle_has_naninf': False, 'height_map_loss': 39.05958938598633, 'emd_loss': 39.89866256713867, 'total_loss': 39.89866256713867}
2024-10-17 12:52:35,449 INFO =====> Param: E: [1000000.], nu: [0.4], rho: [2200.], sand_angle: [40.]
2024-10-17 12:52:35,449 INFO =====> Grad: [-3.3390179e-01 -1.8256309e+06 -8.5291094e+03 -4.8355254e+03]
2024-10-17 12:52:35,449 INFO =====> Num. aborted data so far: 0
2024-10-17 12:52:35,755 INFO ===> New TaichiEnv created.
2024-10-17 12:52:35,755 INFO ===> Specifications: horizon = 311, dt = 0.01, n_substeps = 20, dt_sub = 0.0005
2024-10-17 12:52:35,777 DEBUG loaded <trimesh.Trimesh(vertices.shape=(916, 3), faces.shape=(856, 3))> using `load_obj` in 0.0028s
2024-10-17 12:52:35,920 DEBUG loaded <trimesh.Trimesh(vertices.shape=(48, 3), faces.shape=(28, 3))> using `load_obj` in 0.0007s
2024-10-17 12:53:13,020 INFO =====> Epoch: 15
2024-10-17 12:53:13,020 INFO =====> Loss info: {'particle_has_naninf': False, 'height_map_loss': 38.916194915771484, 'emd_loss': 39.990699768066406, 'total_loss': 39.990699768066406}
2024-10-17 12:53:13,020 INFO =====> Param: E: [1000000.], nu: [0.4], rho: [2200.], sand_angle: [40.]
2024-10-17 12:53:13,020 INFO =====> Grad: [-3.2323301e-01 -1.8888582e+06 -7.2950903e+03 -7.2600107e+03]
2024-10-17 12:53:13,020 INFO =====> Num. aborted data so far: 0
2024-10-17 12:53:13,404 INFO ===> New TaichiEnv created.
2024-10-17 12:53:13,404 INFO ===> Specifications: horizon = 311, dt = 0.01, n_substeps = 20, dt_sub = 0.0005
2024-10-17 12:53:13,433 DEBUG loaded <trimesh.Trimesh(vertices.shape=(916, 3), faces.shape=(856, 3))> using `load_obj` in 0.0039s
2024-10-17 12:53:13,619 DEBUG loaded <trimesh.Trimesh(vertices.shape=(48, 3), faces.shape=(28, 3))> using `load_obj` in 0.0007s
2024-10-17 12:53:51,692 INFO =====> Epoch: 16
2024-10-17 12:53:51,692 INFO =====> Loss info: {'particle_has_naninf': False, 'height_map_loss': 38.96458435058594, 'emd_loss': 39.84809494018555, 'total_loss': 39.84809494018555}
2024-10-17 12:53:51,693 INFO =====> Param: E: [1000000.], nu: [0.4], rho: [2200.], sand_angle: [40.]
2024-10-17 12:53:51,693 INFO =====> Grad: [-3.7434554e-01 -2.3413090e+06 -8.7417031e+03 -1.0772126e+04]
2024-10-17 12:53:51,693 INFO =====> Num. aborted data so far: 0
2024-10-17 12:53:51,993 INFO ===> New TaichiEnv created.
2024-10-17 12:53:51,993 INFO ===> Specifications: horizon = 311, dt = 0.01, n_substeps = 20, dt_sub = 0.0005
2024-10-17 12:53:52,015 DEBUG loaded <trimesh.Trimesh(vertices.shape=(916, 3), faces.shape=(856, 3))> using `load_obj` in 0.0028s
2024-10-17 12:53:52,155 DEBUG loaded <trimesh.Trimesh(vertices.shape=(48, 3), faces.shape=(28, 3))> using `load_obj` in 0.0007s
2024-10-17 12:54:30,106 INFO =====> Epoch: 17
2024-10-17 12:54:30,107 INFO =====> Loss info: {'particle_has_naninf': False, 'height_map_loss': 38.9150390625, 'emd_loss': 39.880531311035156, 'total_loss': 39.880531311035156}
2024-10-17 12:54:30,107 INFO =====> Param: E: [1000000.], nu: [0.4], rho: [2200.], sand_angle: [40.]
2024-10-17 12:54:30,107 INFO =====> Grad: [-4.1729566e-01 -2.2768755e+06 -1.0296269e+04 -6.0679673e+03]
2024-10-17 12:54:30,107 INFO =====> Num. aborted data so far: 0
2024-10-17 12:54:30,467 INFO ===> New TaichiEnv created.
2024-10-17 12:54:30,467 INFO ===> Specifications: horizon = 311, dt = 0.01, n_substeps = 20, dt_sub = 0.0005
2024-10-17 12:54:30,489 DEBUG loaded <trimesh.Trimesh(vertices.shape=(916, 3), faces.shape=(856, 3))> using `load_obj` in 0.0029s
2024-10-17 12:54:30,628 DEBUG loaded <trimesh.Trimesh(vertices.shape=(48, 3), faces.shape=(28, 3))> using `load_obj` in 0.0006s
2024-10-17 12:55:07,674 INFO =====> Epoch: 18
2024-10-17 12:55:07,674 INFO =====> Loss info: {'particle_has_naninf': False, 'height_map_loss': 38.92219924926758, 'emd_loss': 39.8372688293457, 'total_loss': 39.8372688293457}
2024-10-17 12:55:07,674 INFO =====> Param: E: [1000000.], nu: [0.4], rho: [2200.], sand_angle: [40.]
2024-10-17 12:55:07,674 INFO =====> Grad: [-4.15503561e-01 -2.86362300e+06 -9.91447559e+03 -1.06383955e+04]
2024-10-17 12:55:07,674 INFO =====> Num. aborted data so far: 0
2024-10-17 12:55:07,982 INFO ===> New TaichiEnv created.
2024-10-17 12:55:07,983 INFO ===> Specifications: horizon = 311, dt = 0.01, n_substeps = 20, dt_sub = 0.0005
2024-10-17 12:55:08,005 DEBUG loaded <trimesh.Trimesh(vertices.shape=(916, 3), faces.shape=(856, 3))> using `load_obj` in 0.0029s
2024-10-17 12:55:08,152 DEBUG loaded <trimesh.Trimesh(vertices.shape=(48, 3), faces.shape=(28, 3))> using `load_obj` in 0.0007s
2024-10-17 12:56:09,802 INFO =====> Epoch: 19
2024-10-17 12:56:09,802 INFO =====> Loss info: {'particle_has_naninf': False, 'height_map_loss': 38.988861083984375, 'emd_loss': 39.8104362487793, 'total_loss': 39.8104362487793}
2024-10-17 12:56:09,802 INFO =====> Param: E: [1000000.], nu: [0.4], rho: [2200.], sand_angle: [40.]
2024-10-17 12:56:09,803 INFO =====> Grad: [-3.4403247e-01 -2.0521591e+06 -8.7489746e+03 -7.2616680e+03]
2024-10-17 12:56:09,803 INFO =====> Num. aborted data so far: 0
2024-10-17 12:56:10,188 INFO ===> New TaichiEnv created.
2024-10-17 12:56:10,188 INFO ===> Specifications: horizon = 311, dt = 0.01, n_substeps = 20, dt_sub = 0.0005
2024-10-17 12:56:10,213 DEBUG loaded <trimesh.Trimesh(vertices.shape=(916, 3), faces.shape=(856, 3))> using `load_obj` in 0.0030s
2024-10-17 12:56:10,366 DEBUG loaded <trimesh.Trimesh(vertices.shape=(48, 3), faces.shape=(28, 3))> using `load_obj` in 0.0007s
2024-10-17 12:56:47,759 INFO =====> Epoch: 20
2024-10-17 12:56:47,759 INFO =====> Loss info: {'particle_has_naninf': False, 'height_map_loss': 38.98082733154297, 'emd_loss': 39.8900032043457, 'total_loss': 39.8900032043457}
2024-10-17 12:56:47,759 INFO =====> Param: E: [1000000.], nu: [0.4], rho: [2200.], sand_angle: [40.]
2024-10-17 12:56:47,760 INFO =====> Grad: [-2.3016675e-01 -1.1927601e+06 -4.9706382e+03 -4.1070933e+03]
2024-10-17 12:56:47,760 INFO =====> Num. aborted data so far: 0
2024-10-17 12:56:48,074 INFO ===> New TaichiEnv created.
2024-10-17 12:56:48,074 INFO ===> Specifications: horizon = 311, dt = 0.01, n_substeps = 20, dt_sub = 0.0005
2024-10-17 12:56:48,097 DEBUG loaded <trimesh.Trimesh(vertices.shape=(916, 3), faces.shape=(856, 3))> using `load_obj` in 0.0029s
2024-10-17 12:56:48,238 DEBUG loaded <trimesh.Trimesh(vertices.shape=(48, 3), faces.shape=(28, 3))> using `load_obj` in 0.0007s
2024-10-17 12:57:25,613 INFO =====> Epoch: 21
2024-10-17 12:57:25,613 INFO =====> Loss info: {'particle_has_naninf': False, 'height_map_loss': 38.989036560058594, 'emd_loss': 39.78236389160156, 'total_loss': 39.78236389160156}
2024-10-17 12:57:25,613 INFO =====> Param: E: [1000000.], nu: [0.4], rho: [2200.], sand_angle: [40.]
2024-10-17 12:57:25,613 INFO =====> Grad: [-3.8893026e-01 -1.8991229e+06 -9.6001836e+03 -6.1195723e+03]
2024-10-17 12:57:25,613 INFO =====> Num. aborted data so far: 0
2024-10-17 12:57:25,915 INFO ===> New TaichiEnv created.
2024-10-17 12:57:25,915 INFO ===> Specifications: horizon = 311, dt = 0.01, n_substeps = 20, dt_sub = 0.0005
2024-10-17 12:57:25,937 DEBUG loaded <trimesh.Trimesh(vertices.shape=(916, 3), faces.shape=(856, 3))> using `load_obj` in 0.0027s
2024-10-17 12:57:26,075 DEBUG loaded <trimesh.Trimesh(vertices.shape=(48, 3), faces.shape=(28, 3))> using `load_obj` in 0.0007s
2024-10-17 12:58:01,867 INFO =====> Epoch: 22
2024-10-17 12:58:01,867 INFO =====> Loss info: {'particle_has_naninf': False, 'height_map_loss': 38.935203552246094, 'emd_loss': 39.8363037109375, 'total_loss': 39.8363037109375}
2024-10-17 12:58:01,868 INFO =====> Param: E: [1000000.], nu: [0.4], rho: [2200.], sand_angle: [40.]
2024-10-17 12:58:01,868 INFO =====> Grad: [-3.7902811e-01 -1.9824316e+06 -9.4603975e+03 -6.6324370e+03]
2024-10-17 12:58:01,868 INFO =====> Num. aborted data so far: 0
2024-10-17 12:58:02,183 INFO ===> New TaichiEnv created.
2024-10-17 12:58:02,183 INFO ===> Specifications: horizon = 311, dt = 0.01, n_substeps = 20, dt_sub = 0.0005
2024-10-17 12:58:02,207 DEBUG loaded <trimesh.Trimesh(vertices.shape=(916, 3), faces.shape=(856, 3))> using `load_obj` in 0.0029s
2024-10-17 12:58:02,354 DEBUG loaded <trimesh.Trimesh(vertices.shape=(48, 3), faces.shape=(28, 3))> using `load_obj` in 0.0007s
2024-10-17 12:58:39,602 INFO =====> Epoch: 23
2024-10-17 12:58:39,602 INFO =====> Loss info: {'particle_has_naninf': False, 'height_map_loss': 39.03535079956055, 'emd_loss': 39.90022277832031, 'total_loss': 39.90022277832031}
2024-10-17 12:58:39,603 INFO =====> Param: E: [1000000.], nu: [0.4], rho: [2200.], sand_angle: [40.]
2024-10-17 12:58:39,603 INFO =====> Grad: [-3.8547450e-01 -1.7446129e+06 -9.8716406e+03 -5.6543662e+03]
2024-10-17 12:58:39,603 INFO =====> Num. aborted data so far: 0
2024-10-17 12:58:39,909 INFO ===> New TaichiEnv created.
2024-10-17 12:58:39,909 INFO ===> Specifications: horizon = 311, dt = 0.01, n_substeps = 20, dt_sub = 0.0005
2024-10-17 12:58:39,931 DEBUG loaded <trimesh.Trimesh(vertices.shape=(916, 3), faces.shape=(856, 3))> using `load_obj` in 0.0028s
2024-10-17 12:58:40,069 DEBUG loaded <trimesh.Trimesh(vertices.shape=(48, 3), faces.shape=(28, 3))> using `load_obj` in 0.0007s
2024-10-17 12:59:17,767 INFO =====> Epoch: 24
2024-10-17 12:59:17,767 INFO =====> Loss info: {'particle_has_naninf': False, 'height_map_loss': 39.00910568237305, 'emd_loss': 39.87377166748047, 'total_loss': 39.87377166748047}
2024-10-17 12:59:17,767 INFO =====> Param: E: [1000000.], nu: [0.4], rho: [2200.], sand_angle: [40.]
2024-10-17 12:59:17,768 INFO =====> Grad: [-5.0253427e-01 -3.0670692e+06 -1.2152919e+04 -9.8060283e+03]
2024-10-17 12:59:17,768 INFO =====> Num. aborted data so far: 0
2024-10-17 12:59:18,075 INFO ===> New TaichiEnv created.
2024-10-17 12:59:18,075 INFO ===> Specifications: horizon = 311, dt = 0.01, n_substeps = 20, dt_sub = 0.0005
2024-10-17 12:59:18,098 DEBUG loaded <trimesh.Trimesh(vertices.shape=(916, 3), faces.shape=(856, 3))> using `load_obj` in 0.0028s
2024-10-17 12:59:18,240 DEBUG loaded <trimesh.Trimesh(vertices.shape=(48, 3), faces.shape=(28, 3))> using `load_obj` in 0.0007s
2024-10-17 12:59:55,324 INFO =====> Epoch: 25
2024-10-17 12:59:55,324 INFO =====> Loss info: {'particle_has_naninf': False, 'height_map_loss': 38.921390533447266, 'emd_loss': 39.80006408691406, 'total_loss': 39.80006408691406}
2024-10-17 12:59:55,324 INFO =====> Param: E: [1000000.], nu: [0.4], rho: [2200.], sand_angle: [40.]
2024-10-17 12:59:55,324 INFO =====> Grad: [-4.0770680e-01 -1.9463951e+06 -1.0529911e+04 -4.8791172e+03]
2024-10-17 12:59:55,324 INFO =====> Num. aborted data so far: 0
2024-10-17 12:59:55,651 INFO ===> New TaichiEnv created.
2024-10-17 12:59:55,651 INFO ===> Specifications: horizon = 311, dt = 0.01, n_substeps = 20, dt_sub = 0.0005
2024-10-17 12:59:55,674 DEBUG loaded <trimesh.Trimesh(vertices.shape=(916, 3), faces.shape=(856, 3))> using `load_obj` in 0.0028s
2024-10-17 12:59:55,826 DEBUG loaded <trimesh.Trimesh(vertices.shape=(48, 3), faces.shape=(28, 3))> using `load_obj` in 0.0008s
2024-10-17 13:00:55,970 INFO =====> Epoch: 26
2024-10-17 13:00:55,970 INFO =====> Loss info: {'particle_has_naninf': False, 'height_map_loss': 38.884620666503906, 'emd_loss': 39.79157257080078, 'total_loss': 39.79157257080078}
2024-10-17 13:00:55,970 INFO =====> Param: E: [1000000.], nu: [0.4], rho: [2200.], sand_angle: [40.]
2024-10-17 13:00:55,971 INFO =====> Grad: [-3.5469231e-01 -1.6755964e+06 -9.1376211e+03 -5.7648286e+03]
2024-10-17 13:00:55,971 INFO =====> Num. aborted data so far: 0
2024-10-17 13:00:56,343 INFO ===> New TaichiEnv created.
2024-10-17 13:00:56,343 INFO ===> Specifications: horizon = 311, dt = 0.01, n_substeps = 20, dt_sub = 0.0005
2024-10-17 13:00:56,366 DEBUG loaded <trimesh.Trimesh(vertices.shape=(916, 3), faces.shape=(856, 3))> using `load_obj` in 0.0029s
2024-10-17 13:00:56,515 DEBUG loaded <trimesh.Trimesh(vertices.shape=(48, 3), faces.shape=(28, 3))> using `load_obj` in 0.0007s
2024-10-17 13:01:33,788 INFO =====> Epoch: 27
2024-10-17 13:01:33,788 INFO =====> Loss info: {'particle_has_naninf': False, 'height_map_loss': 39.14482879638672, 'emd_loss': 39.895484924316406, 'total_loss': 39.895484924316406}
2024-10-17 13:01:33,788 INFO =====> Param: E: [1000000.], nu: [0.4], rho: [2200.], sand_angle: [40.]
2024-10-17 13:01:33,788 INFO =====> Grad: [-3.3547768e-01 -2.0057315e+06 -7.6967681e+03 -7.3241953e+03]
2024-10-17 13:01:33,788 INFO =====> Num. aborted data so far: 0
2024-10-17 13:01:34,113 INFO ===> New TaichiEnv created.
2024-10-17 13:01:34,113 INFO ===> Specifications: horizon = 311, dt = 0.01, n_substeps = 20, dt_sub = 0.0005
2024-10-17 13:01:34,136 DEBUG loaded <trimesh.Trimesh(vertices.shape=(916, 3), faces.shape=(856, 3))> using `load_obj` in 0.0029s
2024-10-17 13:01:34,278 DEBUG loaded <trimesh.Trimesh(vertices.shape=(48, 3), faces.shape=(28, 3))> using `load_obj` in 0.0007s
2024-10-17 13:02:11,857 INFO =====> Epoch: 28
2024-10-17 13:02:11,858 INFO =====> Loss info: {'particle_has_naninf': False, 'height_map_loss': 39.006256103515625, 'emd_loss': 39.8122444152832, 'total_loss': 39.8122444152832}
2024-10-17 13:02:11,858 INFO =====> Param: E: [1000000.], nu: [0.4], rho: [2200.], sand_angle: [40.]
2024-10-17 13:02:11,858 INFO =====> Grad: [-4.0449128e-01 -2.0422454e+06 -9.8968154e+03 -4.8357847e+03]
2024-10-17 13:02:11,858 INFO =====> Num. aborted data so far: 0
2024-10-17 13:02:12,168 INFO ===> New TaichiEnv created.
2024-10-17 13:02:12,168 INFO ===> Specifications: horizon = 311, dt = 0.01, n_substeps = 20, dt_sub = 0.0005
2024-10-17 13:02:12,193 DEBUG loaded <trimesh.Trimesh(vertices.shape=(916, 3), faces.shape=(856, 3))> using `load_obj` in 0.0028s
2024-10-17 13:02:12,335 DEBUG loaded <trimesh.Trimesh(vertices.shape=(48, 3), faces.shape=(28, 3))> using `load_obj` in 0.0007s
2024-10-17 13:02:49,367 INFO =====> Epoch: 29
2024-10-17 13:02:49,367 INFO =====> Loss info: {'particle_has_naninf': False, 'height_map_loss': 39.03893280029297, 'emd_loss': 39.875083923339844, 'total_loss': 39.875083923339844}
2024-10-17 13:02:49,367 INFO =====> Param: E: [1000000.], nu: [0.4], rho: [2200.], sand_angle: [40.]
2024-10-17 13:02:49,367 INFO =====> Grad: [-3.6887756e-01 -2.6896198e+06 -7.8148535e+03 -1.2081222e+04]
2024-10-17 13:02:49,367 INFO =====> Num. aborted data so far: 0
2024-10-17 13:02:49,693 INFO ===> New TaichiEnv created.
2024-10-17 13:02:49,693 INFO ===> Specifications: horizon = 311, dt = 0.01, n_substeps = 20, dt_sub = 0.0005
2024-10-17 13:02:49,715 DEBUG loaded <trimesh.Trimesh(vertices.shape=(916, 3), faces.shape=(856, 3))> using `load_obj` in 0.0028s
2024-10-17 13:02:49,855 DEBUG loaded <trimesh.Trimesh(vertices.shape=(48, 3), faces.shape=(28, 3))> using `load_obj` in 0.0007s
2024-10-17 13:03:26,961 INFO =====> Epoch: 30
2024-10-17 13:03:26,961 INFO =====> Loss info: {'particle_has_naninf': False, 'height_map_loss': 38.8332405090332, 'emd_loss': 39.84142303466797, 'total_loss': 39.84142303466797}
2024-10-17 13:03:26,962 INFO =====> Param: E: [1000000.], nu: [0.4], rho: [2200.], sand_angle: [40.]
2024-10-17 13:03:26,962 INFO =====> Grad: [-4.2177340e-01 -2.7418968e+06 -9.9345938e+03 -1.0886028e+04]
2024-10-17 13:03:26,962 INFO =====> Num. aborted data so far: 0
2024-10-17 13:03:27,275 INFO ===> New TaichiEnv created.
2024-10-17 13:03:27,275 INFO ===> Specifications: horizon = 311, dt = 0.01, n_substeps = 20, dt_sub = 0.0005
2024-10-17 13:03:27,298 DEBUG loaded <trimesh.Trimesh(vertices.shape=(916, 3), faces.shape=(856, 3))> using `load_obj` in 0.0028s
2024-10-17 13:03:27,440 DEBUG loaded <trimesh.Trimesh(vertices.shape=(48, 3), faces.shape=(28, 3))> using `load_obj` in 0.0007s
2024-10-17 13:04:04,979 INFO =====> Epoch: 31
2024-10-17 13:04:04,979 INFO =====> Loss info: {'particle_has_naninf': False, 'height_map_loss': 38.93854904174805, 'emd_loss': 39.829166412353516, 'total_loss': 39.829166412353516}
2024-10-17 13:04:04,979 INFO =====> Param: E: [1000000.], nu: [0.4], rho: [2200.], sand_angle: [40.]
2024-10-17 13:04:04,979 INFO =====> Grad: [-3.4818110e-01 -1.8116748e+06 -8.7149619e+03 -5.7596021e+03]
2024-10-17 13:04:04,979 INFO =====> Num. aborted data so far: 0
2024-10-17 13:04:05,289 INFO ===> New TaichiEnv created.
2024-10-17 13:04:05,290 INFO ===> Specifications: horizon = 311, dt = 0.01, n_substeps = 20, dt_sub = 0.0005
2024-10-17 13:04:05,312 DEBUG loaded <trimesh.Trimesh(vertices.shape=(916, 3), faces.shape=(856, 3))> using `load_obj` in 0.0028s
2024-10-17 13:04:05,453 DEBUG loaded <trimesh.Trimesh(vertices.shape=(48, 3), faces.shape=(28, 3))> using `load_obj` in 0.0007s
2024-10-17 13:04:42,796 INFO =====> Epoch: 32
2024-10-17 13:04:42,796 INFO =====> Loss info: {'particle_has_naninf': False, 'height_map_loss': 39.10963439941406, 'emd_loss': 39.872413635253906, 'total_loss': 39.872413635253906}
2024-10-17 13:04:42,796 INFO =====> Param: E: [1000000.], nu: [0.4], rho: [2200.], sand_angle: [40.]
2024-10-17 13:04:42,796 INFO =====> Grad: [-5.1128489e-01 -3.2012560e+06 -1.2300094e+04 -1.1604021e+04]
2024-10-17 13:04:42,796 INFO =====> Num. aborted data so far: 0
2024-10-17 13:04:43,121 INFO ===> New TaichiEnv created.
2024-10-17 13:04:43,121 INFO ===> Specifications: horizon = 311, dt = 0.01, n_substeps = 20, dt_sub = 0.0005
2024-10-17 13:04:43,144 DEBUG loaded <trimesh.Trimesh(vertices.shape=(916, 3), faces.shape=(856, 3))> using `load_obj` in 0.0028s
2024-10-17 13:04:43,292 DEBUG loaded <trimesh.Trimesh(vertices.shape=(48, 3), faces.shape=(28, 3))> using `load_obj` in 0.0007s
2024-10-17 13:05:20,295 INFO =====> Epoch: 33
2024-10-17 13:05:20,295 INFO =====> Loss info: {'particle_has_naninf': False, 'height_map_loss': 38.90394592285156, 'emd_loss': 39.777366638183594, 'total_loss': 39.777366638183594}
2024-10-17 13:05:20,295 INFO =====> Param: E: [1000000.], nu: [0.4], rho: [2200.], sand_angle: [40.]
2024-10-17 13:05:20,296 INFO =====> Grad: [-4.0670586e-01 -2.2584212e+06 -9.5095439e+03 -9.0581299e+03]
2024-10-17 13:05:20,296 INFO =====> Num. aborted data so far: 0
2024-10-17 13:05:20,636 INFO ===> New TaichiEnv created.
2024-10-17 13:05:20,636 INFO ===> Specifications: horizon = 311, dt = 0.01, n_substeps = 20, dt_sub = 0.0005
2024-10-17 13:05:20,662 DEBUG loaded <trimesh.Trimesh(vertices.shape=(916, 3), faces.shape=(856, 3))> using `load_obj` in 0.0029s
2024-10-17 13:05:20,828 DEBUG loaded <trimesh.Trimesh(vertices.shape=(48, 3), faces.shape=(28, 3))> using `load_obj` in 0.0008s
2024-10-17 13:05:58,936 INFO =====> Epoch: 34
2024-10-17 13:05:58,936 INFO =====> Loss info: {'particle_has_naninf': False, 'height_map_loss': 39.007896423339844, 'emd_loss': 39.94833755493164, 'total_loss': 39.94833755493164}
2024-10-17 13:05:58,936 INFO =====> Param: E: [1000000.], nu: [0.4], rho: [2200.], sand_angle: [40.]
2024-10-17 13:05:58,936 INFO =====> Grad: [-3.2953507e-01 -1.8627931e+06 -7.6110732e+03 -6.4136079e+03]
2024-10-17 13:05:58,936 INFO =====> Num. aborted data so far: 0
2024-10-17 13:05:59,270 INFO ===> New TaichiEnv created.
2024-10-17 13:05:59,270 INFO ===> Specifications: horizon = 311, dt = 0.01, n_substeps = 20, dt_sub = 0.0005
2024-10-17 13:05:59,292 DEBUG loaded <trimesh.Trimesh(vertices.shape=(916, 3), faces.shape=(856, 3))> using `load_obj` in 0.0028s
2024-10-17 13:05:59,432 DEBUG loaded <trimesh.Trimesh(vertices.shape=(48, 3), faces.shape=(28, 3))> using `load_obj` in 0.0007s
2024-10-17 13:06:37,140 INFO =====> Epoch: 35
2024-10-17 13:06:37,140 INFO =====> Loss info: {'particle_has_naninf': False, 'height_map_loss': 38.97459030151367, 'emd_loss': 39.7955207824707, 'total_loss': 39.7955207824707}
2024-10-17 13:06:37,140 INFO =====> Param: E: [1000000.], nu: [0.4], rho: [2200.], sand_angle: [40.]
2024-10-17 13:06:37,140 INFO =====> Grad: [-3.0842936e-01 -1.5990991e+06 -7.3194170e+03 -5.6775371e+03]
2024-10-17 13:06:37,140 INFO =====> Num. aborted data so far: 0
2024-10-17 13:06:37,455 INFO ===> New TaichiEnv created.
2024-10-17 13:06:37,455 INFO ===> Specifications: horizon = 311, dt = 0.01, n_substeps = 20, dt_sub = 0.0005
2024-10-17 13:06:37,477 DEBUG loaded <trimesh.Trimesh(vertices.shape=(916, 3), faces.shape=(856, 3))> using `load_obj` in 0.0028s
2024-10-17 13:06:37,617 DEBUG loaded <trimesh.Trimesh(vertices.shape=(48, 3), faces.shape=(28, 3))> using `load_obj` in 0.0007s
2024-10-17 13:07:14,165 INFO =====> Epoch: 36
2024-10-17 13:07:14,165 INFO =====> Loss info: {'particle_has_naninf': False, 'height_map_loss': 38.94194030761719, 'emd_loss': 39.907405853271484, 'total_loss': 39.907405853271484}
2024-10-17 13:07:14,165 INFO =====> Param: E: [1000000.], nu: [0.4], rho: [2200.], sand_angle: [40.]
2024-10-17 13:07:14,165 INFO =====> Grad: [-3.5897011e-01 -2.3713640e+06 -7.7528159e+03 -1.1294637e+04]
2024-10-17 13:07:14,165 INFO =====> Num. aborted data so far: 0
2024-10-17 13:07:14,568 INFO ===> New TaichiEnv created.
2024-10-17 13:07:14,568 INFO ===> Specifications: horizon = 311, dt = 0.01, n_substeps = 20, dt_sub = 0.0005
2024-10-17 13:07:14,598 DEBUG loaded <trimesh.Trimesh(vertices.shape=(916, 3), faces.shape=(856, 3))> using `load_obj` in 0.0039s
2024-10-17 13:07:14,788 DEBUG loaded <trimesh.Trimesh(vertices.shape=(48, 3), faces.shape=(28, 3))> using `load_obj` in 0.0008s
2024-10-17 13:07:51,444 INFO =====> Epoch: 37
2024-10-17 13:07:51,445 INFO =====> Loss info: {'particle_has_naninf': False, 'height_map_loss': 38.90398406982422, 'emd_loss': 39.89486312866211, 'total_loss': 39.89486312866211}
2024-10-17 13:07:51,445 INFO =====> Param: E: [1000000.], nu: [0.4], rho: [2200.], sand_angle: [40.]
2024-10-17 13:07:51,445 INFO =====> Grad: [-3.5360298e-01 -2.5368918e+06 -7.7620474e+03 -1.0968890e+04]
2024-10-17 13:07:51,445 INFO =====> Num. aborted data so far: 0
2024-10-17 13:07:51,769 INFO ===> New TaichiEnv created.
2024-10-17 13:07:51,770 INFO ===> Specifications: horizon = 311, dt = 0.01, n_substeps = 20, dt_sub = 0.0005
2024-10-17 13:07:51,792 DEBUG loaded <trimesh.Trimesh(vertices.shape=(916, 3), faces.shape=(856, 3))> using `load_obj` in 0.0028s
2024-10-17 13:07:51,933 DEBUG loaded <trimesh.Trimesh(vertices.shape=(48, 3), faces.shape=(28, 3))> using `load_obj` in 0.0007s
2024-10-17 13:08:28,867 INFO =====> Epoch: 38
2024-10-17 13:08:28,867 INFO =====> Loss info: {'particle_has_naninf': False, 'height_map_loss': 38.995174407958984, 'emd_loss': 39.88642883300781, 'total_loss': 39.88642883300781}
2024-10-17 13:08:28,867 INFO =====> Param: E: [1000000.], nu: [0.4], rho: [2200.], sand_angle: [40.]
2024-10-17 13:08:28,867 INFO =====> Grad: [-3.8620502e-01 -2.4226695e+06 -8.7495625e+03 -1.0399429e+04]
2024-10-17 13:08:28,867 INFO =====> Num. aborted data so far: 0
2024-10-17 13:08:29,208 INFO ===> New TaichiEnv created.
2024-10-17 13:08:29,208 INFO ===> Specifications: horizon = 311, dt = 0.01, n_substeps = 20, dt_sub = 0.0005
2024-10-17 13:08:29,231 DEBUG loaded <trimesh.Trimesh(vertices.shape=(916, 3), faces.shape=(856, 3))> using `load_obj` in 0.0028s
2024-10-17 13:08:29,371 DEBUG loaded <trimesh.Trimesh(vertices.shape=(48, 3), faces.shape=(28, 3))> using `load_obj` in 0.0007s
2024-10-17 13:09:06,450 INFO =====> Epoch: 39
2024-10-17 13:09:06,450 INFO =====> Loss info: {'particle_has_naninf': False, 'height_map_loss': 38.97126007080078, 'emd_loss': 39.80826187133789, 'total_loss': 39.80826187133789}
2024-10-17 13:09:06,450 INFO =====> Param: E: [1000000.], nu: [0.4], rho: [2200.], sand_angle: [40.]
2024-10-17 13:09:06,450 INFO =====> Grad: [-2.8059560e-01 -1.6029634e+06 -6.5799053e+03 -6.5783491e+03]
2024-10-17 13:09:06,450 INFO =====> Num. aborted data so far: 0
2024-10-17 13:09:06,936 INFO ===> New TaichiEnv created.
2024-10-17 13:09:06,936 INFO ===> Specifications: horizon = 311, dt = 0.01, n_substeps = 20, dt_sub = 0.0005
2024-10-17 13:09:06,963 DEBUG loaded <trimesh.Trimesh(vertices.shape=(916, 3), faces.shape=(856, 3))> using `load_obj` in 0.0029s
2024-10-17 13:09:07,111 DEBUG loaded <trimesh.Trimesh(vertices.shape=(48, 3), faces.shape=(28, 3))> using `load_obj` in 0.0007s
2024-10-17 13:09:44,581 INFO =====> Epoch: 40
2024-10-17 13:09:44,581 INFO =====> Loss info: {'particle_has_naninf': False, 'height_map_loss': 38.986751556396484, 'emd_loss': 39.81619644165039, 'total_loss': 39.81619644165039}
2024-10-17 13:09:44,581 INFO =====> Param: E: [1000000.], nu: [0.4], rho: [2200.], sand_angle: [40.]
2024-10-17 13:09:44,581 INFO =====> Grad: [-5.3362972e-01 -3.1553288e+06 -1.2163180e+04 -9.2908916e+03]
2024-10-17 13:09:44,581 INFO =====> Num. aborted data so far: 0
2024-10-17 13:09:44,901 INFO ===> New TaichiEnv created.
2024-10-17 13:09:44,902 INFO ===> Specifications: horizon = 311, dt = 0.01, n_substeps = 20, dt_sub = 0.0005
2024-10-17 13:09:44,924 DEBUG loaded <trimesh.Trimesh(vertices.shape=(916, 3), faces.shape=(856, 3))> using `load_obj` in 0.0028s
2024-10-17 13:09:45,065 DEBUG loaded <trimesh.Trimesh(vertices.shape=(48, 3), faces.shape=(28, 3))> using `load_obj` in 0.0007s
2024-10-17 13:10:22,919 INFO =====> Epoch: 41
2024-10-17 13:10:22,919 INFO =====> Loss info: {'particle_has_naninf': False, 'height_map_loss': 39.01522445678711, 'emd_loss': 39.89822006225586, 'total_loss': 39.89822006225586}
2024-10-17 13:10:22,919 INFO =====> Param: E: [1000000.], nu: [0.4], rho: [2200.], sand_angle: [40.]
2024-10-17 13:10:22,919 INFO =====> Grad: [-4.37030375e-01 -2.66375350e+06 -1.02349375e+04 -1.19594736e+04]
2024-10-17 13:10:22,919 INFO =====> Num. aborted data so far: 0
2024-10-17 13:10:23,239 INFO ===> New TaichiEnv created.
2024-10-17 13:10:23,239 INFO ===> Specifications: horizon = 311, dt = 0.01, n_substeps = 20, dt_sub = 0.0005
2024-10-17 13:10:23,261 DEBUG loaded <trimesh.Trimesh(vertices.shape=(916, 3), faces.shape=(856, 3))> using `load_obj` in 0.0028s
2024-10-17 13:10:23,405 DEBUG loaded <trimesh.Trimesh(vertices.shape=(48, 3), faces.shape=(28, 3))> using `load_obj` in 0.0007s
2024-10-17 13:11:00,327 INFO =====> Epoch: 42
2024-10-17 13:11:00,327 INFO =====> Loss info: {'particle_has_naninf': False, 'height_map_loss': 38.90627670288086, 'emd_loss': 39.927406311035156, 'total_loss': 39.927406311035156}
2024-10-17 13:11:00,327 INFO =====> Param: E: [1000000.], nu: [0.4], rho: [2200.], sand_angle: [40.]
2024-10-17 13:11:00,328 INFO =====> Grad: [-3.8389835e-01 -2.3105152e+06 -8.9110859e+03 -1.0544951e+04]
2024-10-17 13:11:00,328 INFO =====> Num. aborted data so far: 0
2024-10-17 13:11:00,739 INFO ===> New TaichiEnv created.
2024-10-17 13:11:00,739 INFO ===> Specifications: horizon = 311, dt = 0.01, n_substeps = 20, dt_sub = 0.0005
2024-10-17 13:11:00,769 DEBUG loaded <trimesh.Trimesh(vertices.shape=(916, 3), faces.shape=(856, 3))> using `load_obj` in 0.0039s
2024-10-17 13:11:00,960 DEBUG loaded <trimesh.Trimesh(vertices.shape=(48, 3), faces.shape=(28, 3))> using `load_obj` in 0.0008s
2024-10-17 13:11:38,724 INFO =====> Epoch: 43
2024-10-17 13:11:38,724 INFO =====> Loss info: {'particle_has_naninf': False, 'height_map_loss': 38.967525482177734, 'emd_loss': 39.893917083740234, 'total_loss': 39.893917083740234}
2024-10-17 13:11:38,724 INFO =====> Param: E: [1000000.], nu: [0.4], rho: [2200.], sand_angle: [40.]
2024-10-17 13:11:38,725 INFO =====> Grad: [-4.88369286e-01 -2.65104625e+06 -1.24116455e+04 -6.28017529e+03]
2024-10-17 13:11:38,725 INFO =====> Num. aborted data so far: 0
2024-10-17 13:11:39,054 INFO ===> New TaichiEnv created.
2024-10-17 13:11:39,054 INFO ===> Specifications: horizon = 311, dt = 0.01, n_substeps = 20, dt_sub = 0.0005
2024-10-17 13:11:39,076 DEBUG loaded <trimesh.Trimesh(vertices.shape=(916, 3), faces.shape=(856, 3))> using `load_obj` in 0.0029s
2024-10-17 13:11:39,217 DEBUG loaded <trimesh.Trimesh(vertices.shape=(48, 3), faces.shape=(28, 3))> using `load_obj` in 0.0007s
2024-10-17 13:12:15,749 INFO =====> Epoch: 44
2024-10-17 13:12:15,749 INFO =====> Loss info: {'particle_has_naninf': False, 'height_map_loss': 38.98710632324219, 'emd_loss': 39.85261535644531, 'total_loss': 39.85261535644531}
2024-10-17 13:12:15,750 INFO =====> Param: E: [1000000.], nu: [0.4], rho: [2200.], sand_angle: [40.]
2024-10-17 13:12:15,750 INFO =====> Grad: [-3.3109388e-01 -1.4985398e+06 -8.3604033e+03 -5.4973237e+03]
2024-10-17 13:12:15,750 INFO =====> Num. aborted data so far: 0
2024-10-17 13:12:16,076 INFO ===> New TaichiEnv created.
2024-10-17 13:12:16,076 INFO ===> Specifications: horizon = 311, dt = 0.01, n_substeps = 20, dt_sub = 0.0005
2024-10-17 13:12:16,100 DEBUG loaded <trimesh.Trimesh(vertices.shape=(916, 3), faces.shape=(856, 3))> using `load_obj` in 0.0029s
2024-10-17 13:12:16,247 DEBUG loaded <trimesh.Trimesh(vertices.shape=(48, 3), faces.shape=(28, 3))> using `load_obj` in 0.0007s
2024-10-17 13:12:53,292 INFO =====> Epoch: 45
2024-10-17 13:12:53,292 INFO =====> Loss info: {'particle_has_naninf': False, 'height_map_loss': 38.832340240478516, 'emd_loss': 39.87139129638672, 'total_loss': 39.87139129638672}
2024-10-17 13:12:53,292 INFO =====> Param: E: [1000000.], nu: [0.4], rho: [2200.], sand_angle: [40.]
2024-10-17 13:12:53,292 INFO =====> Grad: [-3.3050242e-01 -1.6138362e+06 -7.7017988e+03 -6.2337495e+03]
2024-10-17 13:12:53,292 INFO =====> Num. aborted data so far: 0
2024-10-17 13:12:53,743 INFO ===> New TaichiEnv created.
2024-10-17 13:12:53,743 INFO ===> Specifications: horizon = 311, dt = 0.01, n_substeps = 20, dt_sub = 0.0005
2024-10-17 13:12:53,772 DEBUG loaded <trimesh.Trimesh(vertices.shape=(916, 3), faces.shape=(856, 3))> using `load_obj` in 0.0039s
2024-10-17 13:12:53,963 DEBUG loaded <trimesh.Trimesh(vertices.shape=(48, 3), faces.shape=(28, 3))> using `load_obj` in 0.0008s
2024-10-17 13:13:31,672 INFO =====> Epoch: 46
2024-10-17 13:13:31,672 INFO =====> Loss info: {'particle_has_naninf': False, 'height_map_loss': 38.68234634399414, 'emd_loss': 39.81401443481445, 'total_loss': 39.81401443481445}
2024-10-17 13:13:31,672 INFO =====> Param: E: [1000000.], nu: [0.4], rho: [2200.], sand_angle: [40.]
2024-10-17 13:13:31,672 INFO =====> Grad: [-3.9353824e-01 -2.2658318e+06 -9.0897939e+03 -9.9945381e+03]
2024-10-17 13:13:31,672 INFO =====> Num. aborted data so far: 0
2024-10-17 13:13:32,003 INFO ===> New TaichiEnv created.
2024-10-17 13:13:32,003 INFO ===> Specifications: horizon = 311, dt = 0.01, n_substeps = 20, dt_sub = 0.0005
2024-10-17 13:13:32,025 DEBUG loaded <trimesh.Trimesh(vertices.shape=(916, 3), faces.shape=(856, 3))> using `load_obj` in 0.0028s
2024-10-17 13:13:32,166 DEBUG loaded <trimesh.Trimesh(vertices.shape=(48, 3), faces.shape=(28, 3))> using `load_obj` in 0.0007s
2024-10-17 13:14:10,692 INFO =====> Epoch: 47
2024-10-17 13:14:10,692 INFO =====> Loss info: {'particle_has_naninf': False, 'height_map_loss': 39.001121520996094, 'emd_loss': 39.949039459228516, 'total_loss': 39.949039459228516}
2024-10-17 13:14:10,692 INFO =====> Param: E: [1000000.], nu: [0.4], rho: [2200.], sand_angle: [40.]
2024-10-17 13:14:10,692 INFO =====> Grad: [-4.1584304e-01 -2.3236292e+06 -1.0074727e+04 -7.3590308e+03]
2024-10-17 13:14:10,692 INFO =====> Num. aborted data so far: 0
2024-10-17 13:14:11,012 INFO ===> New TaichiEnv created.
2024-10-17 13:14:11,012 INFO ===> Specifications: horizon = 311, dt = 0.01, n_substeps = 20, dt_sub = 0.0005
2024-10-17 13:14:11,034 DEBUG loaded <trimesh.Trimesh(vertices.shape=(916, 3), faces.shape=(856, 3))> using `load_obj` in 0.0028s
2024-10-17 13:14:11,173 DEBUG loaded <trimesh.Trimesh(vertices.shape=(48, 3), faces.shape=(28, 3))> using `load_obj` in 0.0007s
2024-10-17 13:14:48,409 INFO =====> Epoch: 48
2024-10-17 13:14:48,409 INFO =====> Loss info: {'particle_has_naninf': False, 'height_map_loss': 39.03938293457031, 'emd_loss': 39.8236198425293, 'total_loss': 39.8236198425293}
2024-10-17 13:14:48,409 INFO =====> Param: E: [1000000.], nu: [0.4], rho: [2200.], sand_angle: [40.]
2024-10-17 13:14:48,409 INFO =====> Grad: [-4.9099264e-01 -2.9472645e+06 -1.1808794e+04 -9.9566631e+03]
2024-10-17 13:14:48,409 INFO =====> Num. aborted data so far: 0
2024-10-17 13:14:48,740 INFO ===> New TaichiEnv created.
2024-10-17 13:14:48,741 INFO ===> Specifications: horizon = 311, dt = 0.01, n_substeps = 20, dt_sub = 0.0005
2024-10-17 13:14:48,763 DEBUG loaded <trimesh.Trimesh(vertices.shape=(916, 3), faces.shape=(856, 3))> using `load_obj` in 0.0029s
2024-10-17 13:14:48,909 DEBUG loaded <trimesh.Trimesh(vertices.shape=(48, 3), faces.shape=(28, 3))> using `load_obj` in 0.0007s
2024-10-17 13:15:26,030 INFO =====> Epoch: 49
2024-10-17 13:15:26,030 INFO =====> Loss info: {'particle_has_naninf': False, 'height_map_loss': 39.06922912597656, 'emd_loss': 39.863792419433594, 'total_loss': 39.863792419433594}
2024-10-17 13:15:26,030 INFO =====> Param: E: [1000000.], nu: [0.4], rho: [2200.], sand_angle: [40.]
2024-10-17 13:15:26,030 INFO =====> Grad: [-4.4797280e-01 -2.8592748e+06 -1.0068023e+04 -1.0753423e+04]
2024-10-17 13:15:26,030 INFO =====> Num. aborted data so far: 0
2024-10-17 13:15:26,432 INFO ===> New TaichiEnv created.
2024-10-17 13:15:26,432 INFO ===> Specifications: horizon = 311, dt = 0.01, n_substeps = 20, dt_sub = 0.0005
2024-10-17 13:15:26,453 DEBUG loaded <trimesh.Trimesh(vertices.shape=(916, 3), faces.shape=(856, 3))> using `load_obj` in 0.0027s
2024-10-17 13:15:26,591 DEBUG loaded <trimesh.Trimesh(vertices.shape=(48, 3), faces.shape=(28, 3))> using `load_obj` in 0.0007s
2024-10-17 13:16:04,605 INFO =====> Epoch: 50
2024-10-17 13:16:04,605 INFO =====> Loss info: {'particle_has_naninf': False, 'height_map_loss': 39.041019439697266, 'emd_loss': 39.87744140625, 'total_loss': 39.87744140625}
2024-10-17 13:16:04,606 INFO =====> Param: E: [1000000.], nu: [0.4], rho: [2200.], sand_angle: [40.]
2024-10-17 13:16:04,606 INFO =====> Grad: [-4.2719775e-01 -2.8241600e+06 -1.0032821e+04 -1.1864380e+04]
2024-10-17 13:16:04,606 INFO =====> Num. aborted data so far: 0
2024-10-17 13:16:04,931 INFO ===> New TaichiEnv created.
2024-10-17 13:16:04,931 INFO ===> Specifications: horizon = 311, dt = 0.01, n_substeps = 20, dt_sub = 0.0005
2024-10-17 13:16:04,953 DEBUG loaded <trimesh.Trimesh(vertices.shape=(916, 3), faces.shape=(856, 3))> using `load_obj` in 0.0028s
2024-10-17 13:16:05,094 DEBUG loaded <trimesh.Trimesh(vertices.shape=(48, 3), faces.shape=(28, 3))> using `load_obj` in 0.0007s
2024-10-17 13:16:42,247 INFO =====> Epoch: 51
2024-10-17 13:16:42,247 INFO =====> Loss info: {'particle_has_naninf': False, 'height_map_loss': 38.99002456665039, 'emd_loss': 39.789512634277344, 'total_loss': 39.789512634277344}
2024-10-17 13:16:42,247 INFO =====> Param: E: [1000000.], nu: [0.4], rho: [2200.], sand_angle: [40.]
2024-10-17 13:16:42,247 INFO =====> Grad: [-3.2550856e-01 -1.6048592e+06 -7.8608979e+03 -5.8720288e+03]
2024-10-17 13:16:42,247 INFO =====> Num. aborted data so far: 0
2024-10-17 13:16:42,614 INFO ===> New TaichiEnv created.
2024-10-17 13:16:42,614 INFO ===> Specifications: horizon = 311, dt = 0.01, n_substeps = 20, dt_sub = 0.0005
2024-10-17 13:16:42,644 DEBUG loaded <trimesh.Trimesh(vertices.shape=(916, 3), faces.shape=(856, 3))> using `load_obj` in 0.0039s
2024-10-17 13:16:42,835 DEBUG loaded <trimesh.Trimesh(vertices.shape=(48, 3), faces.shape=(28, 3))> using `load_obj` in 0.0008s
2024-10-17 13:17:20,185 INFO =====> Epoch: 52
2024-10-17 13:17:20,185 INFO =====> Loss info: {'particle_has_naninf': False, 'height_map_loss': 38.98146057128906, 'emd_loss': 39.94716262817383, 'total_loss': 39.94716262817383}
2024-10-17 13:17:20,186 INFO =====> Param: E: [1000000.], nu: [0.4], rho: [2200.], sand_angle: [40.]
2024-10-17 13:17:20,186 INFO =====> Grad: [-4.2541516e-01 -2.3925535e+06 -1.0219657e+04 -6.4169116e+03]
2024-10-17 13:17:20,186 INFO =====> Num. aborted data so far: 0
2024-10-17 13:17:20,510 INFO ===> New TaichiEnv created.
2024-10-17 13:17:20,510 INFO ===> Specifications: horizon = 311, dt = 0.01, n_substeps = 20, dt_sub = 0.0005
2024-10-17 13:17:20,536 DEBUG loaded <trimesh.Trimesh(vertices.shape=(916, 3), faces.shape=(856, 3))> using `load_obj` in 0.0049s
2024-10-17 13:17:20,676 DEBUG loaded <trimesh.Trimesh(vertices.shape=(48, 3), faces.shape=(28, 3))> using `load_obj` in 0.0007s
2024-10-17 13:17:59,409 INFO =====> Epoch: 53
2024-10-17 13:17:59,409 INFO =====> Loss info: {'particle_has_naninf': False, 'height_map_loss': 38.98885726928711, 'emd_loss': 39.85848617553711, 'total_loss': 39.85848617553711}
2024-10-17 13:17:59,409 INFO =====> Param: E: [1000000.], nu: [0.4], rho: [2200.], sand_angle: [40.]
2024-10-17 13:17:59,409 INFO =====> Grad: [-3.5713923e-01 -1.8507630e+06 -9.1317197e+03 -5.9479575e+03]
2024-10-17 13:17:59,409 INFO =====> Num. aborted data so far: 0
2024-10-17 13:17:59,736 INFO ===> New TaichiEnv created.
2024-10-17 13:17:59,737 INFO ===> Specifications: horizon = 311, dt = 0.01, n_substeps = 20, dt_sub = 0.0005
2024-10-17 13:17:59,759 DEBUG loaded <trimesh.Trimesh(vertices.shape=(916, 3), faces.shape=(856, 3))> using `load_obj` in 0.0028s
2024-10-17 13:17:59,900 DEBUG loaded <trimesh.Trimesh(vertices.shape=(48, 3), faces.shape=(28, 3))> using `load_obj` in 0.0007s
2024-10-17 13:18:37,146 INFO =====> Epoch: 54
2024-10-17 13:18:37,146 INFO =====> Loss info: {'particle_has_naninf': False, 'height_map_loss': 38.988704681396484, 'emd_loss': 39.88731002807617, 'total_loss': 39.88731002807617}
2024-10-17 13:18:37,146 INFO =====> Param: E: [1000000.], nu: [0.4], rho: [2200.], sand_angle: [40.]
2024-10-17 13:18:37,146 INFO =====> Grad: [-4.4187590e-01 -2.4602702e+06 -1.1339626e+04 -5.4963970e+03]
2024-10-17 13:18:37,146 INFO =====> Num. aborted data so far: 0
2024-10-17 13:18:37,507 INFO ===> New TaichiEnv created.
2024-10-17 13:18:37,507 INFO ===> Specifications: horizon = 311, dt = 0.01, n_substeps = 20, dt_sub = 0.0005
2024-10-17 13:18:37,532 DEBUG loaded <trimesh.Trimesh(vertices.shape=(916, 3), faces.shape=(856, 3))> using `load_obj` in 0.0029s
2024-10-17 13:18:37,678 DEBUG loaded <trimesh.Trimesh(vertices.shape=(48, 3), faces.shape=(28, 3))> using `load_obj` in 0.0007s
2024-10-17 13:19:15,476 INFO =====> Epoch: 55
2024-10-17 13:19:15,476 INFO =====> Loss info: {'particle_has_naninf': False, 'height_map_loss': 39.033531188964844, 'emd_loss': 39.95029830932617, 'total_loss': 39.95029830932617}
2024-10-17 13:19:15,476 INFO =====> Param: E: [1000000.], nu: [0.4], rho: [2200.], sand_angle: [40.]
2024-10-17 13:19:15,476 INFO =====> Grad: [-4.52920467e-01 -2.46937000e+06 -1.14701455e+04 -6.50925098e+03]
2024-10-17 13:19:15,476 INFO =====> Num. aborted data so far: 0
2024-10-17 13:19:15,817 INFO ===> New TaichiEnv created.
2024-10-17 13:19:15,817 INFO ===> Specifications: horizon = 311, dt = 0.01, n_substeps = 20, dt_sub = 0.0005
2024-10-17 13:19:15,839 DEBUG loaded <trimesh.Trimesh(vertices.shape=(916, 3), faces.shape=(856, 3))> using `load_obj` in 0.0028s
2024-10-17 13:19:15,980 DEBUG loaded <trimesh.Trimesh(vertices.shape=(48, 3), faces.shape=(28, 3))> using `load_obj` in 0.0007s
2024-10-17 13:19:52,565 INFO =====> Epoch: 56
2024-10-17 13:19:52,565 INFO =====> Loss info: {'particle_has_naninf': False, 'height_map_loss': 38.96406173706055, 'emd_loss': 39.86214065551758, 'total_loss': 39.86214065551758}
2024-10-17 13:19:52,566 INFO =====> Param: E: [1000000.], nu: [0.4], rho: [2200.], sand_angle: [40.]
2024-10-17 13:19:52,566 INFO =====> Grad: [-3.4938997e-01 -2.7235568e+06 -7.7765186e+03 -1.0283447e+04]
2024-10-17 13:19:52,566 INFO =====> Num. aborted data so far: 0
2024-10-17 13:19:52,891 INFO ===> New TaichiEnv created.
2024-10-17 13:19:52,892 INFO ===> Specifications: horizon = 311, dt = 0.01, n_substeps = 20, dt_sub = 0.0005
2024-10-17 13:19:52,914 DEBUG loaded <trimesh.Trimesh(vertices.shape=(916, 3), faces.shape=(856, 3))> using `load_obj` in 0.0028s
2024-10-17 13:19:53,059 DEBUG loaded <trimesh.Trimesh(vertices.shape=(48, 3), faces.shape=(28, 3))> using `load_obj` in 0.0007s
2024-10-17 13:20:29,873 INFO =====> Epoch: 57
2024-10-17 13:20:29,873 INFO =====> Loss info: {'particle_has_naninf': False, 'height_map_loss': 38.78382110595703, 'emd_loss': 39.75434494018555, 'total_loss': 39.75434494018555}
2024-10-17 13:20:29,873 INFO =====> Param: E: [1000000.], nu: [0.4], rho: [2200.], sand_angle: [40.]
2024-10-17 13:20:29,873 INFO =====> Grad: [-4.9269718e-01 -2.7971198e+06 -1.2126638e+04 -9.1893037e+03]
2024-10-17 13:20:29,873 INFO =====> Num. aborted data so far: 0
2024-10-17 13:20:30,246 INFO ===> New TaichiEnv created.
2024-10-17 13:20:30,246 INFO ===> Specifications: horizon = 311, dt = 0.01, n_substeps = 20, dt_sub = 0.0005
2024-10-17 13:20:30,268 DEBUG loaded <trimesh.Trimesh(vertices.shape=(916, 3), faces.shape=(856, 3))> using `load_obj` in 0.0028s
2024-10-17 13:20:30,414 DEBUG loaded <trimesh.Trimesh(vertices.shape=(48, 3), faces.shape=(28, 3))> using `load_obj` in 0.0007s
2024-10-17 13:21:07,815 INFO =====> Epoch: 58
2024-10-17 13:21:07,815 INFO =====> Loss info: {'particle_has_naninf': False, 'height_map_loss': 39.121517181396484, 'emd_loss': 39.891143798828125, 'total_loss': 39.891143798828125}
2024-10-17 13:21:07,815 INFO =====> Param: E: [1000000.], nu: [0.4], rho: [2200.], sand_angle: [40.]
2024-10-17 13:21:07,815 INFO =====> Grad: [-3.6102247e-01 -1.9297584e+06 -9.1491602e+03 -6.4074326e+03]
2024-10-17 13:21:07,815 INFO =====> Num. aborted data so far: 0
2024-10-17 13:21:08,143 INFO ===> New TaichiEnv created.
2024-10-17 13:21:08,143 INFO ===> Specifications: horizon = 311, dt = 0.01, n_substeps = 20, dt_sub = 0.0005
2024-10-17 13:21:08,166 DEBUG loaded <trimesh.Trimesh(vertices.shape=(916, 3), faces.shape=(856, 3))> using `load_obj` in 0.0028s
2024-10-17 13:21:08,312 DEBUG loaded <trimesh.Trimesh(vertices.shape=(48, 3), faces.shape=(28, 3))> using `load_obj` in 0.0007s
2024-10-17 13:21:46,146 INFO =====> Epoch: 59
2024-10-17 13:21:46,146 INFO =====> Loss info: {'particle_has_naninf': False, 'height_map_loss': 39.06543731689453, 'emd_loss': 39.85284423828125, 'total_loss': 39.85284423828125}
2024-10-17 13:21:46,147 INFO =====> Param: E: [1000000.], nu: [0.4], rho: [2200.], sand_angle: [40.]
2024-10-17 13:21:46,148 INFO =====> Grad: [-4.9443442e-01 -3.1360715e+06 -1.1308471e+04 -1.0136895e+04]
2024-10-17 13:21:46,148 INFO =====> Num. aborted data so far: 0
2024-10-17 13:21:46,480 INFO ===> New TaichiEnv created.
2024-10-17 13:21:46,480 INFO ===> Specifications: horizon = 311, dt = 0.01, n_substeps = 20, dt_sub = 0.0005
2024-10-17 13:21:46,502 DEBUG loaded <trimesh.Trimesh(vertices.shape=(916, 3), faces.shape=(856, 3))> using `load_obj` in 0.0029s
2024-10-17 13:21:46,643 DEBUG loaded <trimesh.Trimesh(vertices.shape=(48, 3), faces.shape=(28, 3))> using `load_obj` in 0.0007s
2024-10-17 13:22:24,478 INFO =====> Epoch: 60
2024-10-17 13:22:24,478 INFO =====> Loss info: {'particle_has_naninf': False, 'height_map_loss': 39.00160217285156, 'emd_loss': 39.77101516723633, 'total_loss': 39.77101516723633}
2024-10-17 13:22:24,478 INFO =====> Param: E: [1000000.], nu: [0.4], rho: [2200.], sand_angle: [40.]
2024-10-17 13:22:24,478 INFO =====> Grad: [-4.8035964e-01 -2.8408810e+06 -1.1505300e+04 -7.5667637e+03]
2024-10-17 13:22:24,478 INFO =====> Num. aborted data so far: 0
2024-10-17 13:22:24,830 INFO ===> New TaichiEnv created.
2024-10-17 13:22:24,830 INFO ===> Specifications: horizon = 311, dt = 0.01, n_substeps = 20, dt_sub = 0.0005
2024-10-17 13:22:24,855 DEBUG loaded <trimesh.Trimesh(vertices.shape=(916, 3), faces.shape=(856, 3))> using `load_obj` in 0.0028s
2024-10-17 13:22:25,005 DEBUG loaded <trimesh.Trimesh(vertices.shape=(48, 3), faces.shape=(28, 3))> using `load_obj` in 0.0007s
2024-10-17 13:23:02,543 INFO =====> Epoch: 61
2024-10-17 13:23:02,543 INFO =====> Loss info: {'particle_has_naninf': False, 'height_map_loss': 39.02964782714844, 'emd_loss': 39.82695770263672, 'total_loss': 39.82695770263672}
2024-10-17 13:23:02,543 INFO =====> Param: E: [1000000.], nu: [0.4], rho: [2200.], sand_angle: [40.]
2024-10-17 13:23:02,543 INFO =====> Grad: [-4.5437461e-01 -2.6920652e+06 -1.1060347e+04 -1.0372103e+04]
2024-10-17 13:23:02,543 INFO =====> Num. aborted data so far: 0
2024-10-17 13:23:02,874 INFO ===> New TaichiEnv created.
2024-10-17 13:23:02,874 INFO ===> Specifications: horizon = 311, dt = 0.01, n_substeps = 20, dt_sub = 0.0005
2024-10-17 13:23:02,896 DEBUG loaded <trimesh.Trimesh(vertices.shape=(916, 3), faces.shape=(856, 3))> using `load_obj` in 0.0028s
2024-10-17 13:23:03,037 DEBUG loaded <trimesh.Trimesh(vertices.shape=(48, 3), faces.shape=(28, 3))> using `load_obj` in 0.0007s
2024-10-17 13:23:40,779 INFO =====> Epoch: 62
2024-10-17 13:23:40,780 INFO =====> Loss info: {'particle_has_naninf': False, 'height_map_loss': 38.94723129272461, 'emd_loss': 39.79279708862305, 'total_loss': 39.79279708862305}
2024-10-17 13:23:40,780 INFO =====> Param: E: [1000000.], nu: [0.4], rho: [2200.], sand_angle: [40.]
2024-10-17 13:23:40,780 INFO =====> Grad: [-4.1579077e-01 -2.2787402e+06 -1.0081952e+04 -7.3637021e+03]
2024-10-17 13:23:40,780 INFO =====> Num. aborted data so far: 0
2024-10-17 13:23:41,106 INFO ===> New TaichiEnv created.
2024-10-17 13:23:41,107 INFO ===> Specifications: horizon = 311, dt = 0.01, n_substeps = 20, dt_sub = 0.0005
2024-10-17 13:23:41,128 DEBUG loaded <trimesh.Trimesh(vertices.shape=(916, 3), faces.shape=(856, 3))> using `load_obj` in 0.0028s
2024-10-17 13:23:41,268 DEBUG loaded <trimesh.Trimesh(vertices.shape=(48, 3), faces.shape=(28, 3))> using `load_obj` in 0.0007s
2024-10-17 13:24:18,360 INFO =====> Epoch: 63
2024-10-17 13:24:18,360 INFO =====> Loss info: {'particle_has_naninf': False, 'height_map_loss': 38.83829879760742, 'emd_loss': 39.85668182373047, 'total_loss': 39.85668182373047}
2024-10-17 13:24:18,360 INFO =====> Param: E: [1000000.], nu: [0.4], rho: [2200.], sand_angle: [40.]
2024-10-17 13:24:18,360 INFO =====> Grad: [-4.44714218e-01 -2.22285225e+06 -1.13783545e+04 -5.69230127e+03]
2024-10-17 13:24:18,360 INFO =====> Num. aborted data so far: 0
2024-10-17 13:24:18,715 INFO ===> New TaichiEnv created.
2024-10-17 13:24:18,715 INFO ===> Specifications: horizon = 311, dt = 0.01, n_substeps = 20, dt_sub = 0.0005
2024-10-17 13:24:18,739 DEBUG loaded <trimesh.Trimesh(vertices.shape=(916, 3), faces.shape=(856, 3))> using `load_obj` in 0.0030s
2024-10-17 13:24:18,889 DEBUG loaded <trimesh.Trimesh(vertices.shape=(48, 3), faces.shape=(28, 3))> using `load_obj` in 0.0007s
2024-10-17 13:24:56,271 INFO =====> Epoch: 64
2024-10-17 13:24:56,271 INFO =====> Loss info: {'particle_has_naninf': False, 'height_map_loss': 39.013648986816406, 'emd_loss': 40.057220458984375, 'total_loss': 40.057220458984375}
2024-10-17 13:24:56,271 INFO =====> Param: E: [1000000.], nu: [0.4], rho: [2200.], sand_angle: [40.]
2024-10-17 13:24:56,271 INFO =====> Grad: [-3.9236438e-01 -2.3884628e+06 -8.8358262e+03 -9.9109873e+03]
2024-10-17 13:24:56,271 INFO =====> Num. aborted data so far: 0
2024-10-17 13:24:56,604 INFO ===> New TaichiEnv created.
2024-10-17 13:24:56,604 INFO ===> Specifications: horizon = 311, dt = 0.01, n_substeps = 20, dt_sub = 0.0005
2024-10-17 13:24:56,625 DEBUG loaded <trimesh.Trimesh(vertices.shape=(916, 3), faces.shape=(856, 3))> using `load_obj` in 0.0027s
2024-10-17 13:24:56,764 DEBUG loaded <trimesh.Trimesh(vertices.shape=(48, 3), faces.shape=(28, 3))> using `load_obj` in 0.0007s
2024-10-17 13:25:34,428 INFO =====> Epoch: 65
2024-10-17 13:25:34,428 INFO =====> Loss info: {'particle_has_naninf': False, 'height_map_loss': 39.02647018432617, 'emd_loss': 39.786338806152344, 'total_loss': 39.786338806152344}
2024-10-17 13:25:34,428 INFO =====> Param: E: [1000000.], nu: [0.4], rho: [2200.], sand_angle: [40.]
2024-10-17 13:25:34,429 INFO =====> Grad: [-4.31332499e-01 -2.06854925e+06 -1.14942705e+04 -5.95407910e+03]
2024-10-17 13:25:34,429 INFO =====> Num. aborted data so far: 0
2024-10-17 13:25:34,760 INFO ===> New TaichiEnv created.
2024-10-17 13:25:34,760 INFO ===> Specifications: horizon = 311, dt = 0.01, n_substeps = 20, dt_sub = 0.0005
2024-10-17 13:25:34,784 DEBUG loaded <trimesh.Trimesh(vertices.shape=(916, 3), faces.shape=(856, 3))> using `load_obj` in 0.0028s
2024-10-17 13:25:34,923 DEBUG loaded <trimesh.Trimesh(vertices.shape=(48, 3), faces.shape=(28, 3))> using `load_obj` in 0.0007s
2024-10-17 13:26:11,942 INFO =====> Epoch: 66
2024-10-17 13:26:11,943 INFO =====> Loss info: {'particle_has_naninf': False, 'height_map_loss': 38.875186920166016, 'emd_loss': 39.824981689453125, 'total_loss': 39.824981689453125}
2024-10-17 13:26:11,943 INFO =====> Param: E: [1000000.], nu: [0.4], rho: [2200.], sand_angle: [40.]
2024-10-17 13:26:11,943 INFO =====> Grad: [-4.5886633e-01 -3.1501102e+06 -1.0471280e+04 -1.1452306e+04]
2024-10-17 13:26:11,943 INFO =====> Num. aborted data so far: 0
2024-10-17 13:26:12,292 INFO ===> New TaichiEnv created.
2024-10-17 13:26:12,292 INFO ===> Specifications: horizon = 311, dt = 0.01, n_substeps = 20, dt_sub = 0.0005
2024-10-17 13:26:12,315 DEBUG loaded <trimesh.Trimesh(vertices.shape=(916, 3), faces.shape=(856, 3))> using `load_obj` in 0.0029s
2024-10-17 13:26:12,465 DEBUG loaded <trimesh.Trimesh(vertices.shape=(48, 3), faces.shape=(28, 3))> using `load_obj` in 0.0007s
2024-10-17 13:26:49,615 INFO =====> Epoch: 67
2024-10-17 13:26:49,615 INFO =====> Loss info: {'particle_has_naninf': False, 'height_map_loss': 38.936973571777344, 'emd_loss': 39.81147384643555, 'total_loss': 39.81147384643555}
2024-10-17 13:26:49,616 INFO =====> Param: E: [1000000.], nu: [0.4], rho: [2200.], sand_angle: [40.]
2024-10-17 13:26:49,616 INFO =====> Grad: [-4.9870861e-01 -2.8757758e+06 -1.2093653e+04 -8.5033486e+03]
2024-10-17 13:26:49,616 INFO =====> Num. aborted data so far: 0
2024-10-17 13:26:49,947 INFO ===> New TaichiEnv created.
2024-10-17 13:26:49,948 INFO ===> Specifications: horizon = 311, dt = 0.01, n_substeps = 20, dt_sub = 0.0005
2024-10-17 13:26:49,969 DEBUG loaded <trimesh.Trimesh(vertices.shape=(916, 3), faces.shape=(856, 3))> using `load_obj` in 0.0028s
2024-10-17 13:26:50,112 DEBUG loaded <trimesh.Trimesh(vertices.shape=(48, 3), faces.shape=(28, 3))> using `load_obj` in 0.0007s
2024-10-17 13:27:27,744 INFO =====> Epoch: 68
2024-10-17 13:27:27,744 INFO =====> Loss info: {'particle_has_naninf': False, 'height_map_loss': 38.896141052246094, 'emd_loss': 39.883384704589844, 'total_loss': 39.883384704589844}
2024-10-17 13:27:27,745 INFO =====> Param: E: [1000000.], nu: [0.4], rho: [2200.], sand_angle: [40.]
2024-10-17 13:27:27,745 INFO =====> Grad: [-4.2160243e-01 -2.5955795e+06 -1.0660618e+04 -8.8126514e+03]
2024-10-17 13:27:27,745 INFO =====> Num. aborted data so far: 0
2024-10-17 13:27:28,074 INFO ===> New TaichiEnv created.
2024-10-17 13:27:28,074 INFO ===> Specifications: horizon = 311, dt = 0.01, n_substeps = 20, dt_sub = 0.0005
2024-10-17 13:27:28,096 DEBUG loaded <trimesh.Trimesh(vertices.shape=(916, 3), faces.shape=(856, 3))> using `load_obj` in 0.0028s
2024-10-17 13:27:28,238 DEBUG loaded <trimesh.Trimesh(vertices.shape=(48, 3), faces.shape=(28, 3))> using `load_obj` in 0.0007s
2024-10-17 13:28:05,852 INFO =====> Epoch: 69
2024-10-17 13:28:05,852 INFO =====> Loss info: {'particle_has_naninf': False, 'height_map_loss': 39.06188201904297, 'emd_loss': 39.892333984375, 'total_loss': 39.892333984375}
2024-10-17 13:28:05,852 INFO =====> Param: E: [1000000.], nu: [0.4], rho: [2200.], sand_angle: [40.]
2024-10-17 13:28:05,852 INFO =====> Grad: [-3.8958678e-01 -2.0464748e+06 -8.7343057e+03 -8.4221484e+03]
2024-10-17 13:28:05,852 INFO =====> Num. aborted data so far: 0
2024-10-17 13:28:06,206 INFO ===> New TaichiEnv created.
2024-10-17 13:28:06,206 INFO ===> Specifications: horizon = 311, dt = 0.01, n_substeps = 20, dt_sub = 0.0005
2024-10-17 13:28:06,230 DEBUG loaded <trimesh.Trimesh(vertices.shape=(916, 3), faces.shape=(856, 3))> using `load_obj` in 0.0028s
2024-10-17 13:28:06,379 DEBUG loaded <trimesh.Trimesh(vertices.shape=(48, 3), faces.shape=(28, 3))> using `load_obj` in 0.0007s
2024-10-17 13:28:43,432 INFO =====> Epoch: 70
2024-10-17 13:28:43,432 INFO =====> Loss info: {'particle_has_naninf': False, 'height_map_loss': 38.905609130859375, 'emd_loss': 39.80681228637695, 'total_loss': 39.80681228637695}
2024-10-17 13:28:43,433 INFO =====> Param: E: [1000000.], nu: [0.4], rho: [2200.], sand_angle: [40.]
2024-10-17 13:28:43,433 INFO =====> Grad: [-4.7175494e-01 -2.8863840e+06 -1.0994155e+04 -1.0639331e+04]
2024-10-17 13:28:43,433 INFO =====> Num. aborted data so far: 0
2024-10-17 13:28:43,789 INFO ===> New TaichiEnv created.
2024-10-17 13:28:43,789 INFO ===> Specifications: horizon = 311, dt = 0.01, n_substeps = 20, dt_sub = 0.0005
2024-10-17 13:28:43,813 DEBUG loaded <trimesh.Trimesh(vertices.shape=(916, 3), faces.shape=(856, 3))> using `load_obj` in 0.0030s
2024-10-17 13:28:43,956 DEBUG loaded <trimesh.Trimesh(vertices.shape=(48, 3), faces.shape=(28, 3))> using `load_obj` in 0.0007s
2024-10-17 13:29:21,451 INFO =====> Epoch: 71
2024-10-17 13:29:21,451 INFO =====> Loss info: {'particle_has_naninf': False, 'height_map_loss': 38.93809509277344, 'emd_loss': 39.82320785522461, 'total_loss': 39.82320785522461}
2024-10-17 13:29:21,451 INFO =====> Param: E: [1000000.], nu: [0.4], rho: [2200.], sand_angle: [40.]
2024-10-17 13:29:21,451 INFO =====> Grad: [-3.4805149e-01 -2.2126082e+06 -7.7478975e+03 -1.0116682e+04]
2024-10-17 13:29:21,451 INFO =====> Num. aborted data so far: 0
2024-10-17 13:29:21,785 INFO ===> New TaichiEnv created.
2024-10-17 13:29:21,785 INFO ===> Specifications: horizon = 311, dt = 0.01, n_substeps = 20, dt_sub = 0.0005
2024-10-17 13:29:21,807 DEBUG loaded <trimesh.Trimesh(vertices.shape=(916, 3), faces.shape=(856, 3))> using `load_obj` in 0.0028s
2024-10-17 13:29:21,947 DEBUG loaded <trimesh.Trimesh(vertices.shape=(48, 3), faces.shape=(28, 3))> using `load_obj` in 0.0007s
2024-10-17 13:29:59,012 INFO =====> Epoch: 72
2024-10-17 13:29:59,012 INFO =====> Loss info: {'particle_has_naninf': False, 'height_map_loss': 38.894832611083984, 'emd_loss': 39.805477142333984, 'total_loss': 39.805477142333984}
2024-10-17 13:29:59,012 INFO =====> Param: E: [1000000.], nu: [0.4], rho: [2200.], sand_angle: [40.]
2024-10-17 13:29:59,012 INFO =====> Grad: [-3.3536679e-01 -1.9690276e+06 -8.5831162e+03 -6.2039551e+03]
2024-10-17 13:29:59,012 INFO =====> Num. aborted data so far: 0
2024-10-17 13:29:59,371 INFO ===> New TaichiEnv created.
2024-10-17 13:29:59,371 INFO ===> Specifications: horizon = 311, dt = 0.01, n_substeps = 20, dt_sub = 0.0005
2024-10-17 13:29:59,395 DEBUG loaded <trimesh.Trimesh(vertices.shape=(916, 3), faces.shape=(856, 3))> using `load_obj` in 0.0029s
2024-10-17 13:29:59,547 DEBUG loaded <trimesh.Trimesh(vertices.shape=(48, 3), faces.shape=(28, 3))> using `load_obj` in 0.0008s
2024-10-17 13:30:36,860 INFO =====> Epoch: 73
2024-10-17 13:30:36,860 INFO =====> Loss info: {'particle_has_naninf': False, 'height_map_loss': 39.029296875, 'emd_loss': 39.90510940551758, 'total_loss': 39.90510940551758}
2024-10-17 13:30:36,860 INFO =====> Param: E: [1000000.], nu: [0.4], rho: [2200.], sand_angle: [40.]
2024-10-17 13:30:36,860 INFO =====> Grad: [-3.3795175e-01 -1.8020851e+06 -7.7210273e+03 -6.0304878e+03]
2024-10-17 13:30:36,860 INFO =====> Num. aborted data so far: 0
2024-10-17 13:30:37,210 INFO ===> New TaichiEnv created.
2024-10-17 13:30:37,211 INFO ===> Specifications: horizon = 311, dt = 0.01, n_substeps = 20, dt_sub = 0.0005
2024-10-17 13:30:37,233 DEBUG loaded <trimesh.Trimesh(vertices.shape=(916, 3), faces.shape=(856, 3))> using `load_obj` in 0.0028s
2024-10-17 13:30:37,376 DEBUG loaded <trimesh.Trimesh(vertices.shape=(48, 3), faces.shape=(28, 3))> using `load_obj` in 0.0007s
2024-10-17 13:31:14,927 INFO =====> Epoch: 74
2024-10-17 13:31:14,928 INFO =====> Loss info: {'particle_has_naninf': False, 'height_map_loss': 38.99909591674805, 'emd_loss': 39.86833953857422, 'total_loss': 39.86833953857422}
2024-10-17 13:31:14,929 INFO =====> Param: E: [1000000.], nu: [0.4], rho: [2200.], sand_angle: [40.]
2024-10-17 13:31:14,929 INFO =====> Grad: [-3.1100386e-01 -1.8965994e+06 -6.8981704e+03 -1.1182327e+04]
2024-10-17 13:31:14,929 INFO =====> Num. aborted data so far: 0
2024-10-17 13:31:15,265 INFO ===> New TaichiEnv created.
2024-10-17 13:31:15,265 INFO ===> Specifications: horizon = 311, dt = 0.01, n_substeps = 20, dt_sub = 0.0005
2024-10-17 13:31:15,287 DEBUG loaded <trimesh.Trimesh(vertices.shape=(916, 3), faces.shape=(856, 3))> using `load_obj` in 0.0028s
2024-10-17 13:31:15,426 DEBUG loaded <trimesh.Trimesh(vertices.shape=(48, 3), faces.shape=(28, 3))> using `load_obj` in 0.0007s
2024-10-17 13:31:52,627 INFO =====> Epoch: 75
2024-10-17 13:31:52,627 INFO =====> Loss info: {'particle_has_naninf': False, 'height_map_loss': 39.03661346435547, 'emd_loss': 39.912410736083984, 'total_loss': 39.912410736083984}
2024-10-17 13:31:52,627 INFO =====> Param: E: [1000000.], nu: [0.4], rho: [2200.], sand_angle: [40.]
2024-10-17 13:31:52,627 INFO =====> Grad: [-4.0131849e-01 -2.0993352e+06 -1.0308765e+04 -6.8549761e+03]
2024-10-17 13:31:52,627 INFO =====> Num. aborted data so far: 0
2024-10-17 13:31:52,972 INFO ===> New TaichiEnv created.
2024-10-17 13:31:52,972 INFO ===> Specifications: horizon = 311, dt = 0.01, n_substeps = 20, dt_sub = 0.0005
2024-10-17 13:31:52,995 DEBUG loaded <trimesh.Trimesh(vertices.shape=(916, 3), faces.shape=(856, 3))> using `load_obj` in 0.0028s
2024-10-17 13:31:53,136 DEBUG loaded <trimesh.Trimesh(vertices.shape=(48, 3), faces.shape=(28, 3))> using `load_obj` in 0.0007s
2024-10-17 13:32:30,064 INFO =====> Epoch: 76
2024-10-17 13:32:30,064 INFO =====> Loss info: {'particle_has_naninf': False, 'height_map_loss': 39.02854919433594, 'emd_loss': 39.89372634887695, 'total_loss': 39.89372634887695}
2024-10-17 13:32:30,064 INFO =====> Param: E: [1000000.], nu: [0.4], rho: [2200.], sand_angle: [40.]
2024-10-17 13:32:30,064 INFO =====> Grad: [-3.2599336e-01 -1.9903916e+06 -7.3691162e+03 -8.0238960e+03]
2024-10-17 13:32:30,064 INFO =====> Num. aborted data so far: 0
2024-10-17 13:32:30,408 INFO ===> New TaichiEnv created.
2024-10-17 13:32:30,408 INFO ===> Specifications: horizon = 311, dt = 0.01, n_substeps = 20, dt_sub = 0.0005
2024-10-17 13:32:30,430 DEBUG loaded <trimesh.Trimesh(vertices.shape=(916, 3), faces.shape=(856, 3))> using `load_obj` in 0.0028s
2024-10-17 13:32:30,571 DEBUG loaded <trimesh.Trimesh(vertices.shape=(48, 3), faces.shape=(28, 3))> using `load_obj` in 0.0007s
2024-10-17 13:33:08,105 INFO =====> Epoch: 77
2024-10-17 13:33:08,105 INFO =====> Loss info: {'particle_has_naninf': False, 'height_map_loss': 38.99354934692383, 'emd_loss': 39.90394973754883, 'total_loss': 39.90394973754883}
2024-10-17 13:33:08,105 INFO =====> Param: E: [1000000.], nu: [0.4], rho: [2200.], sand_angle: [40.]
2024-10-17 13:33:08,105 INFO =====> Grad: [-3.7346813e-01 -1.7952981e+06 -9.5095225e+03 -5.0650562e+03]
2024-10-17 13:33:08,105 INFO =====> Num. aborted data so far: 0
2024-10-17 13:33:08,440 INFO ===> New TaichiEnv created.
2024-10-17 13:33:08,440 INFO ===> Specifications: horizon = 311, dt = 0.01, n_substeps = 20, dt_sub = 0.0005
2024-10-17 13:33:08,462 DEBUG loaded <trimesh.Trimesh(vertices.shape=(916, 3), faces.shape=(856, 3))> using `load_obj` in 0.0028s
2024-10-17 13:33:08,605 DEBUG loaded <trimesh.Trimesh(vertices.shape=(48, 3), faces.shape=(28, 3))> using `load_obj` in 0.0007s
2024-10-17 13:33:45,529 INFO =====> Epoch: 78
2024-10-17 13:33:45,529 INFO =====> Loss info: {'particle_has_naninf': False, 'height_map_loss': 39.02688217163086, 'emd_loss': 39.858829498291016, 'total_loss': 39.858829498291016}
2024-10-17 13:33:45,529 INFO =====> Param: E: [1000000.], nu: [0.4], rho: [2200.], sand_angle: [40.]
2024-10-17 13:33:45,529 INFO =====> Grad: [-4.6277896e-01 -3.3970775e+06 -9.5758604e+03 -1.2947630e+04]
2024-10-17 13:33:45,529 INFO =====> Num. aborted data so far: 0
2024-10-17 13:33:45,873 INFO ===> New TaichiEnv created.
2024-10-17 13:33:45,873 INFO ===> Specifications: horizon = 311, dt = 0.01, n_substeps = 20, dt_sub = 0.0005
2024-10-17 13:33:45,897 DEBUG loaded <trimesh.Trimesh(vertices.shape=(916, 3), faces.shape=(856, 3))> using `load_obj` in 0.0028s
2024-10-17 13:33:46,044 DEBUG loaded <trimesh.Trimesh(vertices.shape=(48, 3), faces.shape=(28, 3))> using `load_obj` in 0.0007s
2024-10-17 13:34:23,491 INFO =====> Epoch: 79
2024-10-17 13:34:23,491 INFO =====> Loss info: {'particle_has_naninf': False, 'height_map_loss': 38.970516204833984, 'emd_loss': 39.8292350769043, 'total_loss': 39.8292350769043}
2024-10-17 13:34:23,491 INFO =====> Param: E: [1000000.], nu: [0.4], rho: [2200.], sand_angle: [40.]
2024-10-17 13:34:23,492 INFO =====> Grad: [-4.9527618e-01 -3.1704692e+06 -1.2113342e+04 -9.2573672e+03]
2024-10-17 13:34:23,492 INFO =====> Num. aborted data so far: 0
2024-10-17 13:34:23,838 INFO ===> New TaichiEnv created.
2024-10-17 13:34:23,838 INFO ===> Specifications: horizon = 311, dt = 0.01, n_substeps = 20, dt_sub = 0.0005
2024-10-17 13:34:23,873 DEBUG loaded <trimesh.Trimesh(vertices.shape=(916, 3), faces.shape=(856, 3))> using `load_obj` in 0.0041s
2024-10-17 13:34:24,101 DEBUG loaded <trimesh.Trimesh(vertices.shape=(48, 3), faces.shape=(28, 3))> using `load_obj` in 0.0010s
2024-10-17 13:35:02,196 INFO =====> Epoch: 80
2024-10-17 13:35:02,197 INFO =====> Loss info: {'particle_has_naninf': False, 'height_map_loss': 38.86135482788086, 'emd_loss': 39.784305572509766, 'total_loss': 39.784305572509766}
2024-10-17 13:35:02,197 INFO =====> Param: E: [1000000.], nu: [0.4], rho: [2200.], sand_angle: [40.]
2024-10-17 13:35:02,197 INFO =====> Grad: [-3.9881763e-01 -2.5434062e+06 -8.7747637e+03 -1.0311164e+04]
2024-10-17 13:35:02,197 INFO =====> Num. aborted data so far: 0
2024-10-17 13:35:02,534 INFO ===> New TaichiEnv created.
2024-10-17 13:35:02,534 INFO ===> Specifications: horizon = 311, dt = 0.01, n_substeps = 20, dt_sub = 0.0005
2024-10-17 13:35:02,558 DEBUG loaded <trimesh.Trimesh(vertices.shape=(916, 3), faces.shape=(856, 3))> using `load_obj` in 0.0028s
2024-10-17 13:35:02,699 DEBUG loaded <trimesh.Trimesh(vertices.shape=(48, 3), faces.shape=(28, 3))> using `load_obj` in 0.0007s
2024-10-17 13:35:40,198 INFO =====> Epoch: 81
2024-10-17 13:35:40,198 INFO =====> Loss info: {'particle_has_naninf': False, 'height_map_loss': 38.95595169067383, 'emd_loss': 39.88006591796875, 'total_loss': 39.88006591796875}
2024-10-17 13:35:40,198 INFO =====> Param: E: [1000000.], nu: [0.4], rho: [2200.], sand_angle: [40.]
2024-10-17 13:35:40,198 INFO =====> Grad: [-4.8623529e-01 -3.1459108e+06 -1.1453712e+04 -1.0652777e+04]
2024-10-17 13:35:40,198 INFO =====> Num. aborted data so far: 0
2024-10-17 13:35:40,542 INFO ===> New TaichiEnv created.
2024-10-17 13:35:40,542 INFO ===> Specifications: horizon = 311, dt = 0.01, n_substeps = 20, dt_sub = 0.0005
2024-10-17 13:35:40,565 DEBUG loaded <trimesh.Trimesh(vertices.shape=(916, 3), faces.shape=(856, 3))> using `load_obj` in 0.0028s
2024-10-17 13:35:40,710 DEBUG loaded <trimesh.Trimesh(vertices.shape=(48, 3), faces.shape=(28, 3))> using `load_obj` in 0.0007s
2024-10-17 13:36:17,996 INFO =====> Epoch: 82
2024-10-17 13:36:17,996 INFO =====> Loss info: {'particle_has_naninf': False, 'height_map_loss': 38.988739013671875, 'emd_loss': 39.783447265625, 'total_loss': 39.783447265625}
2024-10-17 13:36:17,996 INFO =====> Param: E: [1000000.], nu: [0.4], rho: [2200.], sand_angle: [40.]
2024-10-17 13:36:17,996 INFO =====> Grad: [-4.2976463e-01 -2.6303945e+06 -9.6066562e+03 -1.1043847e+04]
2024-10-17 13:36:17,996 INFO =====> Num. aborted data so far: 0
2024-10-17 13:36:18,381 INFO ===> New TaichiEnv created.
2024-10-17 13:36:18,382 INFO ===> Specifications: horizon = 311, dt = 0.01, n_substeps = 20, dt_sub = 0.0005
2024-10-17 13:36:18,405 DEBUG loaded <trimesh.Trimesh(vertices.shape=(916, 3), faces.shape=(856, 3))> using `load_obj` in 0.0029s
2024-10-17 13:36:18,556 DEBUG loaded <trimesh.Trimesh(vertices.shape=(48, 3), faces.shape=(28, 3))> using `load_obj` in 0.0007s
2024-10-17 13:36:56,101 INFO =====> Epoch: 83
2024-10-17 13:36:56,101 INFO =====> Loss info: {'particle_has_naninf': False, 'height_map_loss': 38.914756774902344, 'emd_loss': 39.85871887207031, 'total_loss': 39.85871887207031}
2024-10-17 13:36:56,101 INFO =====> Param: E: [1000000.], nu: [0.4], rho: [2200.], sand_angle: [40.]
2024-10-17 13:36:56,101 INFO =====> Grad: [-4.1906714e-01 -3.1637738e+06 -9.6387471e+03 -1.2133068e+04]
2024-10-17 13:36:56,101 INFO =====> Num. aborted data so far: 0
2024-10-17 13:36:56,440 INFO ===> New TaichiEnv created.
2024-10-17 13:36:56,440 INFO ===> Specifications: horizon = 311, dt = 0.01, n_substeps = 20, dt_sub = 0.0005
2024-10-17 13:36:56,463 DEBUG loaded <trimesh.Trimesh(vertices.shape=(916, 3), faces.shape=(856, 3))> using `load_obj` in 0.0028s
2024-10-17 13:36:56,604 DEBUG loaded <trimesh.Trimesh(vertices.shape=(48, 3), faces.shape=(28, 3))> using `load_obj` in 0.0007s
2024-10-17 13:37:34,002 INFO =====> Epoch: 84
2024-10-17 13:37:34,002 INFO =====> Loss info: {'particle_has_naninf': False, 'height_map_loss': 38.97567367553711, 'emd_loss': 39.84059143066406, 'total_loss': 39.84059143066406}
2024-10-17 13:37:34,003 INFO =====> Param: E: [1000000.], nu: [0.4], rho: [2200.], sand_angle: [40.]
2024-10-17 13:37:34,003 INFO =====> Grad: [-3.1325758e-01 -1.8830620e+06 -7.9912632e+03 -6.5599185e+03]
2024-10-17 13:37:34,003 INFO =====> Num. aborted data so far: 0
2024-10-17 13:37:34,411 INFO ===> New TaichiEnv created.
2024-10-17 13:37:34,411 INFO ===> Specifications: horizon = 311, dt = 0.01, n_substeps = 20, dt_sub = 0.0005
2024-10-17 13:37:34,434 DEBUG loaded <trimesh.Trimesh(vertices.shape=(916, 3), faces.shape=(856, 3))> using `load_obj` in 0.0028s
2024-10-17 13:37:34,578 DEBUG loaded <trimesh.Trimesh(vertices.shape=(48, 3), faces.shape=(28, 3))> using `load_obj` in 0.0007s
2024-10-17 13:38:11,765 INFO =====> Epoch: 85
2024-10-17 13:38:11,765 INFO =====> Loss info: {'particle_has_naninf': False, 'height_map_loss': 39.03167724609375, 'emd_loss': 39.83783721923828, 'total_loss': 39.83783721923828}
2024-10-17 13:38:11,765 INFO =====> Param: E: [1000000.], nu: [0.4], rho: [2200.], sand_angle: [40.]
2024-10-17 13:38:11,765 INFO =====> Grad: [-4.2298192e-01 -3.0594962e+06 -9.9286143e+03 -1.2730464e+04]
2024-10-17 13:38:11,765 INFO =====> Num. aborted data so far: 0
2024-10-17 13:38:12,191 INFO ===> New TaichiEnv created.
2024-10-17 13:38:12,191 INFO ===> Specifications: horizon = 311, dt = 0.01, n_substeps = 20, dt_sub = 0.0005
2024-10-17 13:38:12,221 DEBUG loaded <trimesh.Trimesh(vertices.shape=(916, 3), faces.shape=(856, 3))> using `load_obj` in 0.0039s
2024-10-17 13:38:12,415 DEBUG loaded <trimesh.Trimesh(vertices.shape=(48, 3), faces.shape=(28, 3))> using `load_obj` in 0.0009s
2024-10-17 13:38:50,431 INFO =====> Epoch: 86
2024-10-17 13:38:50,431 INFO =====> Loss info: {'particle_has_naninf': False, 'height_map_loss': 39.043113708496094, 'emd_loss': 39.74921417236328, 'total_loss': 39.74921417236328}
2024-10-17 13:38:50,431 INFO =====> Param: E: [1000000.], nu: [0.4], rho: [2200.], sand_angle: [40.]
2024-10-17 13:38:50,431 INFO =====> Grad: [-4.6705332e-01 -2.5093672e+06 -1.1464714e+04 -7.3529575e+03]
2024-10-17 13:38:50,431 INFO =====> Num. aborted data so far: 0
2024-10-17 13:38:50,768 INFO ===> New TaichiEnv created.
2024-10-17 13:38:50,768 INFO ===> Specifications: horizon = 311, dt = 0.01, n_substeps = 20, dt_sub = 0.0005
2024-10-17 13:38:50,791 DEBUG loaded <trimesh.Trimesh(vertices.shape=(916, 3), faces.shape=(856, 3))> using `load_obj` in 0.0029s
2024-10-17 13:38:50,935 DEBUG loaded <trimesh.Trimesh(vertices.shape=(48, 3), faces.shape=(28, 3))> using `load_obj` in 0.0007s
2024-10-17 13:39:28,459 INFO =====> Epoch: 87
2024-10-17 13:39:28,461 INFO =====> Loss info: {'particle_has_naninf': False, 'height_map_loss': 38.940818786621094, 'emd_loss': 39.82109832763672, 'total_loss': 39.82109832763672}
2024-10-17 13:39:28,461 INFO =====> Param: E: [1000000.], nu: [0.4], rho: [2200.], sand_angle: [40.]
2024-10-17 13:39:28,461 INFO =====> Grad: [-4.4674060e-01 -2.3110065e+06 -1.0645493e+04 -6.2815791e+03]
2024-10-17 13:39:28,461 INFO =====> Num. aborted data so far: 0
2024-10-17 13:39:28,796 INFO ===> New TaichiEnv created.
2024-10-17 13:39:28,796 INFO ===> Specifications: horizon = 311, dt = 0.01, n_substeps = 20, dt_sub = 0.0005
2024-10-17 13:39:28,819 DEBUG loaded <trimesh.Trimesh(vertices.shape=(916, 3), faces.shape=(856, 3))> using `load_obj` in 0.0028s
2024-10-17 13:39:28,963 DEBUG loaded <trimesh.Trimesh(vertices.shape=(48, 3), faces.shape=(28, 3))> using `load_obj` in 0.0007s
2024-10-17 13:40:05,772 INFO =====> Epoch: 88
2024-10-17 13:40:05,772 INFO =====> Loss info: {'particle_has_naninf': False, 'height_map_loss': 39.01163101196289, 'emd_loss': 39.858158111572266, 'total_loss': 39.858158111572266}
2024-10-17 13:40:05,773 INFO =====> Param: E: [1000000.], nu: [0.4], rho: [2200.], sand_angle: [40.]
2024-10-17 13:40:05,773 INFO =====> Grad: [-3.6887941e-01 -2.3341728e+06 -7.7577549e+03 -1.0861144e+04]
2024-10-17 13:40:05,773 INFO =====> Num. aborted data so far: 0
2024-10-17 13:40:06,250 INFO ===> New TaichiEnv created.
2024-10-17 13:40:06,250 INFO ===> Specifications: horizon = 311, dt = 0.01, n_substeps = 20, dt_sub = 0.0005
2024-10-17 13:40:06,281 DEBUG loaded <trimesh.Trimesh(vertices.shape=(916, 3), faces.shape=(856, 3))> using `load_obj` in 0.0039s
2024-10-17 13:40:06,475 DEBUG loaded <trimesh.Trimesh(vertices.shape=(48, 3), faces.shape=(28, 3))> using `load_obj` in 0.0008s
2024-10-17 13:40:44,080 INFO =====> Epoch: 89
2024-10-17 13:40:44,080 INFO =====> Loss info: {'particle_has_naninf': False, 'height_map_loss': 38.8509521484375, 'emd_loss': 39.82320022583008, 'total_loss': 39.82320022583008}
2024-10-17 13:40:44,080 INFO =====> Param: E: [1000000.], nu: [0.4], rho: [2200.], sand_angle: [40.]
2024-10-17 13:40:44,080 INFO =====> Grad: [-4.3515277e-01 -2.3476878e+06 -1.1013931e+04 -6.1101040e+03]
2024-10-17 13:40:44,080 INFO =====> Num. aborted data so far: 0
2024-10-17 13:40:44,420 INFO ===> New TaichiEnv created.
2024-10-17 13:40:44,420 INFO ===> Specifications: horizon = 311, dt = 0.01, n_substeps = 20, dt_sub = 0.0005
2024-10-17 13:40:44,443 DEBUG loaded <trimesh.Trimesh(vertices.shape=(916, 3), faces.shape=(856, 3))> using `load_obj` in 0.0028s
2024-10-17 13:40:44,590 DEBUG loaded <trimesh.Trimesh(vertices.shape=(48, 3), faces.shape=(28, 3))> using `load_obj` in 0.0007s
2024-10-17 13:41:22,759 INFO =====> Epoch: 90
2024-10-17 13:41:22,760 INFO =====> Loss info: {'particle_has_naninf': False, 'height_map_loss': 38.82801818847656, 'emd_loss': 39.79628372192383, 'total_loss': 39.79628372192383}
2024-10-17 13:41:22,760 INFO =====> Param: E: [1000000.], nu: [0.4], rho: [2200.], sand_angle: [40.]
2024-10-17 13:41:22,760 INFO =====> Grad: [-4.4517550e-01 -2.7570020e+06 -9.9228086e+03 -1.0317547e+04]
2024-10-17 13:41:22,760 INFO =====> Num. aborted data so far: 0
2024-10-17 13:41:23,109 INFO ===> New TaichiEnv created.
2024-10-17 13:41:23,109 INFO ===> Specifications: horizon = 311, dt = 0.01, n_substeps = 20, dt_sub = 0.0005
2024-10-17 13:41:23,133 DEBUG loaded <trimesh.Trimesh(vertices.shape=(916, 3), faces.shape=(856, 3))> using `load_obj` in 0.0029s
2024-10-17 13:41:23,277 DEBUG loaded <trimesh.Trimesh(vertices.shape=(48, 3), faces.shape=(28, 3))> using `load_obj` in 0.0007s
2024-10-17 13:41:59,058 INFO =====> Epoch: 91
2024-10-17 13:41:59,058 INFO =====> Loss info: {'particle_has_naninf': False, 'height_map_loss': 38.97403335571289, 'emd_loss': 39.77376937866211, 'total_loss': 39.77376937866211}
2024-10-17 13:41:59,058 INFO =====> Param: E: [1000000.], nu: [0.4], rho: [2200.], sand_angle: [40.]
2024-10-17 13:41:59,059 INFO =====> Grad: [-5.3626871e-01 -3.4675708e+06 -1.3041295e+04 -1.1030352e+04]
2024-10-17 13:41:59,059 INFO =====> Num. aborted data so far: 0
2024-10-17 13:41:59,406 INFO ===> New TaichiEnv created.
2024-10-17 13:41:59,407 INFO ===> Specifications: horizon = 311, dt = 0.01, n_substeps = 20, dt_sub = 0.0005
2024-10-17 13:41:59,430 DEBUG loaded <trimesh.Trimesh(vertices.shape=(916, 3), faces.shape=(856, 3))> using `load_obj` in 0.0030s
2024-10-17 13:41:59,583 DEBUG loaded <trimesh.Trimesh(vertices.shape=(48, 3), faces.shape=(28, 3))> using `load_obj` in 0.0007s
2024-10-17 13:42:36,599 INFO =====> Epoch: 92
2024-10-17 13:42:36,599 INFO =====> Loss info: {'particle_has_naninf': False, 'height_map_loss': 38.94295883178711, 'emd_loss': 39.85492706298828, 'total_loss': 39.85492706298828}
2024-10-17 13:42:36,599 INFO =====> Param: E: [1000000.], nu: [0.4], rho: [2200.], sand_angle: [40.]
2024-10-17 13:42:36,599 INFO =====> Grad: [-2.4923323e-01 -1.4406659e+06 -6.1969780e+03 -6.7237061e+03]
2024-10-17 13:42:36,599 INFO =====> Num. aborted data so far: 0
2024-10-17 13:42:36,944 INFO ===> New TaichiEnv created.
2024-10-17 13:42:36,944 INFO ===> Specifications: horizon = 311, dt = 0.01, n_substeps = 20, dt_sub = 0.0005
2024-10-17 13:42:36,967 DEBUG loaded <trimesh.Trimesh(vertices.shape=(916, 3), faces.shape=(856, 3))> using `load_obj` in 0.0028s
2024-10-17 13:42:37,109 DEBUG loaded <trimesh.Trimesh(vertices.shape=(48, 3), faces.shape=(28, 3))> using `load_obj` in 0.0007s
2024-10-17 13:43:14,899 INFO =====> Epoch: 93
2024-10-17 13:43:14,899 INFO =====> Loss info: {'particle_has_naninf': False, 'height_map_loss': 38.93815612792969, 'emd_loss': 39.77399444580078, 'total_loss': 39.77399444580078}
2024-10-17 13:43:14,899 INFO =====> Param: E: [1000000.], nu: [0.4], rho: [2200.], sand_angle: [40.]
2024-10-17 13:43:14,899 INFO =====> Grad: [-4.4204006e-01 -3.0062585e+06 -9.9762744e+03 -1.2332059e+04]
2024-10-17 13:43:14,899 INFO =====> Num. aborted data so far: 0
2024-10-17 13:43:15,236 INFO ===> New TaichiEnv created.
2024-10-17 13:43:15,236 INFO ===> Specifications: horizon = 311, dt = 0.01, n_substeps = 20, dt_sub = 0.0005
2024-10-17 13:43:15,259 DEBUG loaded <trimesh.Trimesh(vertices.shape=(916, 3), faces.shape=(856, 3))> using `load_obj` in 0.0028s
2024-10-17 13:43:15,403 DEBUG loaded <trimesh.Trimesh(vertices.shape=(48, 3), faces.shape=(28, 3))> using `load_obj` in 0.0007s
2024-10-17 13:43:52,449 INFO =====> Epoch: 94
2024-10-17 13:43:52,449 INFO =====> Loss info: {'particle_has_naninf': False, 'height_map_loss': 38.946292877197266, 'emd_loss': 39.91215515136719, 'total_loss': 39.91215515136719}
2024-10-17 13:43:52,449 INFO =====> Param: E: [1000000.], nu: [0.4], rho: [2200.], sand_angle: [40.]
2024-10-17 13:43:52,449 INFO =====> Grad: [-3.6038393e-01 -1.9905134e+06 -8.5182812e+03 -7.4023638e+03]
2024-10-17 13:43:52,449 INFO =====> Num. aborted data so far: 0
2024-10-17 13:43:52,834 INFO ===> New TaichiEnv created.
2024-10-17 13:43:52,834 INFO ===> Specifications: horizon = 311, dt = 0.01, n_substeps = 20, dt_sub = 0.0005
2024-10-17 13:43:52,857 DEBUG loaded <trimesh.Trimesh(vertices.shape=(916, 3), faces.shape=(856, 3))> using `load_obj` in 0.0029s
2024-10-17 13:43:53,007 DEBUG loaded <trimesh.Trimesh(vertices.shape=(48, 3), faces.shape=(28, 3))> using `load_obj` in 0.0007s
2024-10-17 13:44:30,278 INFO =====> Epoch: 95
2024-10-17 13:44:30,278 INFO =====> Loss info: {'particle_has_naninf': False, 'height_map_loss': 38.98292541503906, 'emd_loss': 39.83413314819336, 'total_loss': 39.83413314819336}
2024-10-17 13:44:30,278 INFO =====> Param: E: [1000000.], nu: [0.4], rho: [2200.], sand_angle: [40.]
2024-10-17 13:44:30,278 INFO =====> Grad: [-5.0283045e-01 -3.3257615e+06 -1.2239835e+04 -1.1074215e+04]
2024-10-17 13:44:30,278 INFO =====> Num. aborted data so far: 0
2024-10-17 13:44:30,616 INFO ===> New TaichiEnv created.
2024-10-17 13:44:30,616 INFO ===> Specifications: horizon = 311, dt = 0.01, n_substeps = 20, dt_sub = 0.0005
2024-10-17 13:44:30,638 DEBUG loaded <trimesh.Trimesh(vertices.shape=(916, 3), faces.shape=(856, 3))> using `load_obj` in 0.0028s
2024-10-17 13:44:30,783 DEBUG loaded <trimesh.Trimesh(vertices.shape=(48, 3), faces.shape=(28, 3))> using `load_obj` in 0.0007s
2024-10-17 13:45:09,542 INFO =====> Epoch: 96
2024-10-17 13:45:09,542 INFO =====> Loss info: {'particle_has_naninf': False, 'height_map_loss': 38.97539138793945, 'emd_loss': 39.81254196166992, 'total_loss': 39.81254196166992}
2024-10-17 13:45:09,542 INFO =====> Param: E: [1000000.], nu: [0.4], rho: [2200.], sand_angle: [40.]
2024-10-17 13:45:09,542 INFO =====> Grad: [-4.0932682e-01 -2.2795150e+06 -1.0033322e+04 -7.7050332e+03]
2024-10-17 13:45:09,542 INFO =====> Num. aborted data so far: 0
2024-10-17 13:45:09,887 INFO ===> New TaichiEnv created.
2024-10-17 13:45:09,887 INFO ===> Specifications: horizon = 311, dt = 0.01, n_substeps = 20, dt_sub = 0.0005
2024-10-17 13:45:09,910 DEBUG loaded <trimesh.Trimesh(vertices.shape=(916, 3), faces.shape=(856, 3))> using `load_obj` in 0.0029s
2024-10-17 13:45:10,055 DEBUG loaded <trimesh.Trimesh(vertices.shape=(48, 3), faces.shape=(28, 3))> using `load_obj` in 0.0007s
2024-10-17 13:45:47,052 INFO =====> Epoch: 97
2024-10-17 13:45:47,052 INFO =====> Loss info: {'particle_has_naninf': False, 'height_map_loss': 39.041465759277344, 'emd_loss': 39.85990524291992, 'total_loss': 39.85990524291992}
2024-10-17 13:45:47,052 INFO =====> Param: E: [1000000.], nu: [0.4], rho: [2200.], sand_angle: [40.]
2024-10-17 13:45:47,052 INFO =====> Grad: [-2.9397756e-01 -2.1226898e+06 -6.5845586e+03 -8.4873311e+03]
2024-10-17 13:45:47,052 INFO =====> Num. aborted data so far: 0
2024-10-17 13:45:47,401 INFO ===> New TaichiEnv created.
2024-10-17 13:45:47,401 INFO ===> Specifications: horizon = 311, dt = 0.01, n_substeps = 20, dt_sub = 0.0005
2024-10-17 13:45:47,424 DEBUG loaded <trimesh.Trimesh(vertices.shape=(916, 3), faces.shape=(856, 3))> using `load_obj` in 0.0029s
2024-10-17 13:45:47,575 DEBUG loaded <trimesh.Trimesh(vertices.shape=(48, 3), faces.shape=(28, 3))> using `load_obj` in 0.0007s
2024-10-17 13:46:24,931 INFO =====> Epoch: 98
2024-10-17 13:46:24,931 INFO =====> Loss info: {'particle_has_naninf': False, 'height_map_loss': 38.99093246459961, 'emd_loss': 39.85431671142578, 'total_loss': 39.85431671142578}
2024-10-17 13:46:24,932 INFO =====> Param: E: [1000000.], nu: [0.4], rho: [2200.], sand_angle: [40.]
2024-10-17 13:46:24,932 INFO =====> Grad: [-4.3912947e-01 -2.3515340e+06 -1.0930245e+04 -5.8488013e+03]
2024-10-17 13:46:24,932 INFO =====> Num. aborted data so far: 0
2024-10-17 13:46:25,278 INFO ===> New TaichiEnv created.
2024-10-17 13:46:25,278 INFO ===> Specifications: horizon = 311, dt = 0.01, n_substeps = 20, dt_sub = 0.0005
2024-10-17 13:46:25,301 DEBUG loaded <trimesh.Trimesh(vertices.shape=(916, 3), faces.shape=(856, 3))> using `load_obj` in 0.0028s
2024-10-17 13:46:25,445 DEBUG loaded <trimesh.Trimesh(vertices.shape=(48, 3), faces.shape=(28, 3))> using `load_obj` in 0.0007s
2024-10-17 13:47:03,284 INFO =====> Epoch: 99
2024-10-17 13:47:03,284 INFO =====> Loss info: {'particle_has_naninf': False, 'height_map_loss': 39.045902252197266, 'emd_loss': 39.92577362060547, 'total_loss': 39.92577362060547}
2024-10-17 13:47:03,284 INFO =====> Param: E: [1000000.], nu: [0.4], rho: [2200.], sand_angle: [40.]
2024-10-17 13:47:03,284 INFO =====> Grad: [-3.9859128e-01 -2.8101178e+06 -8.8787051e+03 -1.2291913e+04]
2024-10-17 13:47:03,284 INFO =====> Num. aborted data so far: 0
2024-10-17 13:47:03,629 INFO ===> New TaichiEnv created.
2024-10-17 13:47:03,630 INFO ===> Specifications: horizon = 311, dt = 0.01, n_substeps = 20, dt_sub = 0.0005
2024-10-17 13:47:03,652 DEBUG loaded <trimesh.Trimesh(vertices.shape=(916, 3), faces.shape=(856, 3))> using `load_obj` in 0.0028s
2024-10-17 13:47:03,798 DEBUG loaded <trimesh.Trimesh(vertices.shape=(48, 3), faces.shape=(28, 3))> using `load_obj` in 0.0007s
2024-10-17 13:47:40,954 INFO =====> Epoch: 100
2024-10-17 13:47:40,954 INFO =====> Loss info: {'particle_has_naninf': False, 'height_map_loss': 38.97559356689453, 'emd_loss': 39.748291015625, 'total_loss': 39.748291015625}
2024-10-17 13:47:40,954 INFO =====> Param: E: [1000000.], nu: [0.4], rho: [2200.], sand_angle: [40.]
2024-10-17 13:47:40,955 INFO =====> Grad: [-4.6041518e-01 -2.4103572e+06 -1.1790218e+04 -6.8771001e+03]
2024-10-17 13:47:40,955 INFO =====> Num. aborted data so far: 0
2024-10-17 13:47:41,352 INFO ===> New TaichiEnv created.
2024-10-17 13:47:41,352 INFO ===> Specifications: horizon = 311, dt = 0.01, n_substeps = 20, dt_sub = 0.0005
2024-10-17 13:47:41,375 DEBUG loaded <trimesh.Trimesh(vertices.shape=(916, 3), faces.shape=(856, 3))> using `load_obj` in 0.0029s
2024-10-17 13:47:41,521 DEBUG loaded <trimesh.Trimesh(vertices.shape=(48, 3), faces.shape=(28, 3))> using `load_obj` in 0.0007s
2024-10-17 13:48:18,807 INFO =====> Epoch: 101
2024-10-17 13:48:18,807 INFO =====> Loss info: {'particle_has_naninf': False, 'height_map_loss': 38.954376220703125, 'emd_loss': 39.7300910949707, 'total_loss': 39.7300910949707}
2024-10-17 13:48:18,807 INFO =====> Param: E: [1000000.], nu: [0.4], rho: [2200.], sand_angle: [40.]
2024-10-17 13:48:18,807 INFO =====> Grad: [-3.644919e-01 -2.116559e+06 -9.203249e+03 -6.424365e+03]
2024-10-17 13:48:18,807 INFO =====> Num. aborted data so far: 0
2024-10-17 13:48:19,211 INFO ===> New TaichiEnv created.
2024-10-17 13:48:19,211 INFO ===> Specifications: horizon = 311, dt = 0.01, n_substeps = 20, dt_sub = 0.0005
2024-10-17 13:48:19,233 DEBUG loaded <trimesh.Trimesh(vertices.shape=(916, 3), faces.shape=(856, 3))> using `load_obj` in 0.0027s
2024-10-17 13:48:19,375 DEBUG loaded <trimesh.Trimesh(vertices.shape=(48, 3), faces.shape=(28, 3))> using `load_obj` in 0.0007s
2024-10-17 13:48:56,908 INFO =====> Epoch: 102
2024-10-17 13:48:56,908 INFO =====> Loss info: {'particle_has_naninf': False, 'height_map_loss': 39.04652404785156, 'emd_loss': 39.86734390258789, 'total_loss': 39.86734390258789}
2024-10-17 13:48:56,908 INFO =====> Param: E: [1000000.], nu: [0.4], rho: [2200.], sand_angle: [40.]
2024-10-17 13:48:56,908 INFO =====> Grad: [-4.1937289e-01 -2.4179865e+06 -1.0158745e+04 -8.0882676e+03]
2024-10-17 13:48:56,908 INFO =====> Num. aborted data so far: 0
2024-10-17 13:48:57,253 INFO ===> New TaichiEnv created.
2024-10-17 13:48:57,253 INFO ===> Specifications: horizon = 311, dt = 0.01, n_substeps = 20, dt_sub = 0.0005
2024-10-17 13:48:57,275 DEBUG loaded <trimesh.Trimesh(vertices.shape=(916, 3), faces.shape=(856, 3))> using `load_obj` in 0.0028s
2024-10-17 13:48:57,419 DEBUG loaded <trimesh.Trimesh(vertices.shape=(48, 3), faces.shape=(28, 3))> using `load_obj` in 0.0007s
2024-10-17 13:49:34,207 INFO =====> Epoch: 103
2024-10-17 13:49:34,207 INFO =====> Loss info: {'particle_has_naninf': False, 'height_map_loss': 38.93367004394531, 'emd_loss': 39.8403205871582, 'total_loss': 39.8403205871582}
2024-10-17 13:49:34,207 INFO =====> Param: E: [1000000.], nu: [0.4], rho: [2200.], sand_angle: [40.]
2024-10-17 13:49:34,207 INFO =====> Grad: [-5.0412506e-01 -2.9183760e+06 -1.2958269e+04 -5.4049512e+03]
2024-10-17 13:49:34,207 INFO =====> Num. aborted data so far: 0
2024-10-17 13:49:34,629 INFO ===> New TaichiEnv created.
2024-10-17 13:49:34,629 INFO ===> Specifications: horizon = 311, dt = 0.01, n_substeps = 20, dt_sub = 0.0005
2024-10-17 13:49:34,660 DEBUG loaded <trimesh.Trimesh(vertices.shape=(916, 3), faces.shape=(856, 3))> using `load_obj` in 0.0039s
2024-10-17 13:49:34,854 DEBUG loaded <trimesh.Trimesh(vertices.shape=(48, 3), faces.shape=(28, 3))> using `load_obj` in 0.0009s
2024-10-17 13:50:11,689 INFO =====> Epoch: 104
2024-10-17 13:50:11,689 INFO =====> Loss info: {'particle_has_naninf': False, 'height_map_loss': 38.963993072509766, 'emd_loss': 39.823486328125, 'total_loss': 39.823486328125}
2024-10-17 13:50:11,690 INFO =====> Param: E: [1000000.], nu: [0.4], rho: [2200.], sand_angle: [40.]
2024-10-17 13:50:11,690 INFO =====> Grad: [-3.7443754e-01 -2.5497072e+06 -8.1178774e+03 -1.1169885e+04]
2024-10-17 13:50:11,690 INFO =====> Num. aborted data so far: 0
2024-10-17 13:50:12,026 INFO ===> New TaichiEnv created.
2024-10-17 13:50:12,026 INFO ===> Specifications: horizon = 311, dt = 0.01, n_substeps = 20, dt_sub = 0.0005
2024-10-17 13:50:12,048 DEBUG loaded <trimesh.Trimesh(vertices.shape=(916, 3), faces.shape=(856, 3))> using `load_obj` in 0.0028s
2024-10-17 13:50:12,185 DEBUG loaded <trimesh.Trimesh(vertices.shape=(48, 3), faces.shape=(28, 3))> using `load_obj` in 0.0006s
2024-10-17 13:50:50,967 INFO =====> Epoch: 105
2024-10-17 13:50:50,967 INFO =====> Loss info: {'particle_has_naninf': False, 'height_map_loss': 38.92517852783203, 'emd_loss': 39.82735824584961, 'total_loss': 39.82735824584961}
2024-10-17 13:50:50,968 INFO =====> Param: E: [1000000.], nu: [0.4], rho: [2200.], sand_angle: [40.]
2024-10-17 13:50:50,968 INFO =====> Grad: [-5.0611746e-01 -3.0558542e+06 -1.1140871e+04 -1.1082256e+04]
2024-10-17 13:50:50,968 INFO =====> Num. aborted data so far: 0
2024-10-17 13:50:51,305 INFO ===> New TaichiEnv created.
2024-10-17 13:50:51,305 INFO ===> Specifications: horizon = 311, dt = 0.01, n_substeps = 20, dt_sub = 0.0005
2024-10-17 13:50:51,327 DEBUG loaded <trimesh.Trimesh(vertices.shape=(916, 3), faces.shape=(856, 3))> using `load_obj` in 0.0028s
2024-10-17 13:50:51,469 DEBUG loaded <trimesh.Trimesh(vertices.shape=(48, 3), faces.shape=(28, 3))> using `load_obj` in 0.0007s
2024-10-17 13:51:28,607 INFO =====> Epoch: 106
2024-10-17 13:51:28,607 INFO =====> Loss info: {'particle_has_naninf': False, 'height_map_loss': 38.97114181518555, 'emd_loss': 39.9102783203125, 'total_loss': 39.9102783203125}
2024-10-17 13:51:28,607 INFO =====> Param: E: [1000000.], nu: [0.4], rho: [2200.], sand_angle: [40.]
2024-10-17 13:51:28,607 INFO =====> Grad: [-4.0738994e-01 -2.3803122e+06 -9.7129492e+03 -8.7708633e+03]
2024-10-17 13:51:28,607 INFO =====> Num. aborted data so far: 0
2024-10-17 13:51:28,979 INFO ===> New TaichiEnv created.
2024-10-17 13:51:28,979 INFO ===> Specifications: horizon = 311, dt = 0.01, n_substeps = 20, dt_sub = 0.0005
2024-10-17 13:51:29,003 DEBUG loaded <trimesh.Trimesh(vertices.shape=(916, 3), faces.shape=(856, 3))> using `load_obj` in 0.0029s
2024-10-17 13:51:29,153 DEBUG loaded <trimesh.Trimesh(vertices.shape=(48, 3), faces.shape=(28, 3))> using `load_obj` in 0.0007s
2024-10-17 13:52:06,307 INFO =====> Epoch: 107
2024-10-17 13:52:06,307 INFO =====> Loss info: {'particle_has_naninf': False, 'height_map_loss': 38.91199493408203, 'emd_loss': 39.796024322509766, 'total_loss': 39.796024322509766}
2024-10-17 13:52:06,308 INFO =====> Param: E: [1000000.], nu: [0.4], rho: [2200.], sand_angle: [40.]
2024-10-17 13:52:06,308 INFO =====> Grad: [-3.3031103e-01 -1.8442629e+06 -7.9636382e+03 -6.9574609e+03]
2024-10-17 13:52:06,308 INFO =====> Num. aborted data so far: 0
2024-10-17 13:52:06,655 INFO ===> New TaichiEnv created.
2024-10-17 13:52:06,655 INFO ===> Specifications: horizon = 311, dt = 0.01, n_substeps = 20, dt_sub = 0.0005
2024-10-17 13:52:06,678 DEBUG loaded <trimesh.Trimesh(vertices.shape=(916, 3), faces.shape=(856, 3))> using `load_obj` in 0.0028s
2024-10-17 13:52:06,824 DEBUG loaded <trimesh.Trimesh(vertices.shape=(48, 3), faces.shape=(28, 3))> using `load_obj` in 0.0007s
2024-10-17 13:52:44,224 INFO =====> Epoch: 108
2024-10-17 13:52:44,225 INFO =====> Loss info: {'particle_has_naninf': False, 'height_map_loss': 38.97298812866211, 'emd_loss': 39.82196807861328, 'total_loss': 39.82196807861328}
2024-10-17 13:52:44,225 INFO =====> Param: E: [1000000.], nu: [0.4], rho: [2200.], sand_angle: [40.]
2024-10-17 13:52:44,225 INFO =====> Grad: [-4.0828648e-01 -2.7704882e+06 -9.6157715e+03 -1.0150943e+04]
2024-10-17 13:52:44,225 INFO =====> Num. aborted data so far: 0
2024-10-17 13:52:44,568 INFO ===> New TaichiEnv created.
2024-10-17 13:52:44,568 INFO ===> Specifications: horizon = 311, dt = 0.01, n_substeps = 20, dt_sub = 0.0005
2024-10-17 13:52:44,591 DEBUG loaded <trimesh.Trimesh(vertices.shape=(916, 3), faces.shape=(856, 3))> using `load_obj` in 0.0028s
2024-10-17 13:52:44,732 DEBUG loaded <trimesh.Trimesh(vertices.shape=(48, 3), faces.shape=(28, 3))> using `load_obj` in 0.0007s
2024-10-17 13:53:21,925 INFO =====> Epoch: 109
2024-10-17 13:53:21,925 INFO =====> Loss info: {'particle_has_naninf': False, 'height_map_loss': 38.98853302001953, 'emd_loss': 39.804420471191406, 'total_loss': 39.804420471191406}
2024-10-17 13:53:21,926 INFO =====> Param: E: [1000000.], nu: [0.4], rho: [2200.], sand_angle: [40.]
2024-10-17 13:53:21,926 INFO =====> Grad: [-3.4837225e-01 -2.3601108e+06 -7.0848691e+03 -1.1013218e+04]
2024-10-17 13:53:21,926 INFO =====> Num. aborted data so far: 0
2024-10-17 13:53:22,287 INFO ===> New TaichiEnv created.
2024-10-17 13:53:22,287 INFO ===> Specifications: horizon = 311, dt = 0.01, n_substeps = 20, dt_sub = 0.0005
2024-10-17 13:53:22,312 DEBUG loaded <trimesh.Trimesh(vertices.shape=(916, 3), faces.shape=(856, 3))> using `load_obj` in 0.0029s
2024-10-17 13:53:22,463 DEBUG loaded <trimesh.Trimesh(vertices.shape=(48, 3), faces.shape=(28, 3))> using `load_obj` in 0.0007s
2024-10-17 13:53:59,563 INFO =====> Epoch: 110
2024-10-17 13:53:59,563 INFO =====> Loss info: {'particle_has_naninf': False, 'height_map_loss': 39.078365325927734, 'emd_loss': 39.838653564453125, 'total_loss': 39.838653564453125}
2024-10-17 13:53:59,564 INFO =====> Param: E: [1000000.], nu: [0.4], rho: [2200.], sand_angle: [40.]
2024-10-17 13:53:59,564 INFO =====> Grad: [-3.7448239e-01 -2.1154780e+06 -9.0799531e+03 -5.9676704e+03]
2024-10-17 13:53:59,564 INFO =====> Num. aborted data so far: 0
2024-10-17 13:53:59,904 INFO ===> New TaichiEnv created.
2024-10-17 13:53:59,905 INFO ===> Specifications: horizon = 311, dt = 0.01, n_substeps = 20, dt_sub = 0.0005
2024-10-17 13:53:59,927 DEBUG loaded <trimesh.Trimesh(vertices.shape=(916, 3), faces.shape=(856, 3))> using `load_obj` in 0.0028s
2024-10-17 13:54:00,072 DEBUG loaded <trimesh.Trimesh(vertices.shape=(48, 3), faces.shape=(28, 3))> using `load_obj` in 0.0007s
2024-10-17 13:54:38,529 INFO =====> Epoch: 111
2024-10-17 13:54:38,529 INFO =====> Loss info: {'particle_has_naninf': False, 'height_map_loss': 39.03972244262695, 'emd_loss': 39.85445022583008, 'total_loss': 39.85445022583008}
2024-10-17 13:54:38,530 INFO =====> Param: E: [1000000.], nu: [0.4], rho: [2200.], sand_angle: [40.]
2024-10-17 13:54:38,530 INFO =====> Grad: [-4.3879178e-01 -2.4720858e+06 -1.1062096e+04 -7.0772529e+03]
2024-10-17 13:54:38,530 INFO =====> Num. aborted data so far: 0
2024-10-17 13:54:38,874 INFO ===> New TaichiEnv created.
2024-10-17 13:54:38,875 INFO ===> Specifications: horizon = 311, dt = 0.01, n_substeps = 20, dt_sub = 0.0005
2024-10-17 13:54:38,897 DEBUG loaded <trimesh.Trimesh(vertices.shape=(916, 3), faces.shape=(856, 3))> using `load_obj` in 0.0028s
2024-10-17 13:54:39,041 DEBUG loaded <trimesh.Trimesh(vertices.shape=(48, 3), faces.shape=(28, 3))> using `load_obj` in 0.0007s
2024-10-17 13:55:16,177 INFO =====> Epoch: 112
2024-10-17 13:55:16,177 INFO =====> Loss info: {'particle_has_naninf': False, 'height_map_loss': 38.896060943603516, 'emd_loss': 39.84085464477539, 'total_loss': 39.84085464477539}
2024-10-17 13:55:16,177 INFO =====> Param: E: [1000000.], nu: [0.4], rho: [2200.], sand_angle: [40.]
2024-10-17 13:55:16,177 INFO =====> Grad: [-5.11178136e-01 -2.99117800e+06 -1.20231875e+04 -7.98218994e+03]
2024-10-17 13:55:16,177 INFO =====> Num. aborted data so far: 0
2024-10-17 13:55:16,536 INFO ===> New TaichiEnv created.
2024-10-17 13:55:16,536 INFO ===> Specifications: horizon = 311, dt = 0.01, n_substeps = 20, dt_sub = 0.0005
2024-10-17 13:55:16,560 DEBUG loaded <trimesh.Trimesh(vertices.shape=(916, 3), faces.shape=(856, 3))> using `load_obj` in 0.0029s
2024-10-17 13:55:16,712 DEBUG loaded <trimesh.Trimesh(vertices.shape=(48, 3), faces.shape=(28, 3))> using `load_obj` in 0.0008s
2024-10-17 13:55:54,026 INFO =====> Epoch: 113
2024-10-17 13:55:54,026 INFO =====> Loss info: {'particle_has_naninf': False, 'height_map_loss': 39.04052734375, 'emd_loss': 39.93058776855469, 'total_loss': 39.93058776855469}
2024-10-17 13:55:54,026 INFO =====> Param: E: [1000000.], nu: [0.4], rho: [2200.], sand_angle: [40.]
2024-10-17 13:55:54,026 INFO =====> Grad: [-4.5940402e-01 -2.6702072e+06 -1.0425825e+04 -9.4777871e+03]
2024-10-17 13:55:54,026 INFO =====> Num. aborted data so far: 0
2024-10-17 13:55:54,366 INFO ===> New TaichiEnv created.
2024-10-17 13:55:54,366 INFO ===> Specifications: horizon = 311, dt = 0.01, n_substeps = 20, dt_sub = 0.0005
2024-10-17 13:55:54,389 DEBUG loaded <trimesh.Trimesh(vertices.shape=(916, 3), faces.shape=(856, 3))> using `load_obj` in 0.0028s
2024-10-17 13:55:54,531 DEBUG loaded <trimesh.Trimesh(vertices.shape=(48, 3), faces.shape=(28, 3))> using `load_obj` in 0.0007s
2024-10-17 13:56:32,001 INFO =====> Epoch: 114
2024-10-17 13:56:32,002 INFO =====> Loss info: {'particle_has_naninf': False, 'height_map_loss': 38.9083137512207, 'emd_loss': 39.87078857421875, 'total_loss': 39.87078857421875}
2024-10-17 13:56:32,002 INFO =====> Param: E: [1000000.], nu: [0.4], rho: [2200.], sand_angle: [40.]
2024-10-17 13:56:32,002 INFO =====> Grad: [-4.0667170e-01 -2.6935552e+06 -9.1018486e+03 -1.0952431e+04]
2024-10-17 13:56:32,002 INFO =====> Num. aborted data so far: 0
2024-10-17 13:56:32,344 INFO ===> New TaichiEnv created.
2024-10-17 13:56:32,344 INFO ===> Specifications: horizon = 311, dt = 0.01, n_substeps = 20, dt_sub = 0.0005
2024-10-17 13:56:32,367 DEBUG loaded <trimesh.Trimesh(vertices.shape=(916, 3), faces.shape=(856, 3))> using `load_obj` in 0.0028s
2024-10-17 13:56:32,506 DEBUG loaded <trimesh.Trimesh(vertices.shape=(48, 3), faces.shape=(28, 3))> using `load_obj` in 0.0007s
2024-10-17 13:57:09,463 INFO =====> Epoch: 115
2024-10-17 13:57:09,463 INFO =====> Loss info: {'particle_has_naninf': False, 'height_map_loss': 38.98274230957031, 'emd_loss': 39.797210693359375, 'total_loss': 39.797210693359375}
2024-10-17 13:57:09,463 INFO =====> Param: E: [1000000.], nu: [0.4], rho: [2200.], sand_angle: [40.]
2024-10-17 13:57:09,463 INFO =====> Grad: [-4.2714736e-01 -2.9348238e+06 -1.0025945e+04 -1.2273696e+04]
2024-10-17 13:57:09,463 INFO =====> Num. aborted data so far: 0
2024-10-17 13:57:09,821 INFO ===> New TaichiEnv created.
2024-10-17 13:57:09,821 INFO ===> Specifications: horizon = 311, dt = 0.01, n_substeps = 20, dt_sub = 0.0005
2024-10-17 13:57:09,845 DEBUG loaded <trimesh.Trimesh(vertices.shape=(916, 3), faces.shape=(856, 3))> using `load_obj` in 0.0029s
2024-10-17 13:57:09,997 DEBUG loaded <trimesh.Trimesh(vertices.shape=(48, 3), faces.shape=(28, 3))> using `load_obj` in 0.0007s
2024-10-17 13:57:46,831 INFO =====> Epoch: 116
2024-10-17 13:57:46,831 INFO =====> Loss info: {'particle_has_naninf': False, 'height_map_loss': 38.91975021362305, 'emd_loss': 39.83998489379883, 'total_loss': 39.83998489379883}
2024-10-17 13:57:46,831 INFO =====> Param: E: [1000000.], nu: [0.4], rho: [2200.], sand_angle: [40.]
2024-10-17 13:57:46,831 INFO =====> Grad: [-3.2857817e-01 -2.1274060e+06 -6.9648726e+03 -1.0274338e+04]
2024-10-17 13:57:46,831 INFO =====> Num. aborted data so far: 0
2024-10-17 13:57:47,172 INFO ===> New TaichiEnv created.
2024-10-17 13:57:47,172 INFO ===> Specifications: horizon = 311, dt = 0.01, n_substeps = 20, dt_sub = 0.0005
2024-10-17 13:57:47,194 DEBUG loaded <trimesh.Trimesh(vertices.shape=(916, 3), faces.shape=(856, 3))> using `load_obj` in 0.0029s
2024-10-17 13:57:47,335 DEBUG loaded <trimesh.Trimesh(vertices.shape=(48, 3), faces.shape=(28, 3))> using `load_obj` in 0.0007s
2024-10-17 13:58:25,501 INFO =====> Epoch: 117
2024-10-17 13:58:25,501 INFO =====> Loss info: {'particle_has_naninf': False, 'height_map_loss': 39.03227233886719, 'emd_loss': 39.88205337524414, 'total_loss': 39.88205337524414}
2024-10-17 13:58:25,501 INFO =====> Param: E: [1000000.], nu: [0.4], rho: [2200.], sand_angle: [40.]
2024-10-17 13:58:25,501 INFO =====> Grad: [-4.5066810e-01 -2.8159508e+06 -1.0386832e+04 -1.0605438e+04]
2024-10-17 13:58:25,501 INFO =====> Num. aborted data so far: 0
2024-10-17 13:58:25,849 INFO ===> New TaichiEnv created.
2024-10-17 13:58:25,849 INFO ===> Specifications: horizon = 311, dt = 0.01, n_substeps = 20, dt_sub = 0.0005
2024-10-17 13:58:25,964 DEBUG loaded <trimesh.Trimesh(vertices.shape=(916, 3), faces.shape=(856, 3))> using `load_obj` in 0.0029s
2024-10-17 13:58:26,110 DEBUG loaded <trimesh.Trimesh(vertices.shape=(48, 3), faces.shape=(28, 3))> using `load_obj` in 0.0007s
2024-10-17 13:59:03,158 INFO =====> Epoch: 118
2024-10-17 13:59:03,158 INFO =====> Loss info: {'particle_has_naninf': False, 'height_map_loss': 39.01845169067383, 'emd_loss': 39.76472091674805, 'total_loss': 39.76472091674805}
2024-10-17 13:59:03,158 INFO =====> Param: E: [1000000.], nu: [0.4], rho: [2200.], sand_angle: [40.]
2024-10-17 13:59:03,158 INFO =====> Grad: [-3.5588005e-01 -2.1346698e+06 -8.4677012e+03 -7.6287095e+03]
2024-10-17 13:59:03,158 INFO =====> Num. aborted data so far: 0
2024-10-17 13:59:03,530 INFO ===> New TaichiEnv created.
2024-10-17 13:59:03,530 INFO ===> Specifications: horizon = 311, dt = 0.01, n_substeps = 20, dt_sub = 0.0005
2024-10-17 13:59:03,554 DEBUG loaded <trimesh.Trimesh(vertices.shape=(916, 3), faces.shape=(856, 3))> using `load_obj` in 0.0029s
2024-10-17 13:59:03,708 DEBUG loaded <trimesh.Trimesh(vertices.shape=(48, 3), faces.shape=(28, 3))> using `load_obj` in 0.0007s
2024-10-17 13:59:40,682 INFO =====> Epoch: 119
2024-10-17 13:59:40,682 INFO =====> Loss info: {'particle_has_naninf': False, 'height_map_loss': 38.74687194824219, 'emd_loss': 39.78480911254883, 'total_loss': 39.78480911254883}
2024-10-17 13:59:40,682 INFO =====> Param: E: [1000000.], nu: [0.4], rho: [2200.], sand_angle: [40.]
2024-10-17 13:59:40,682 INFO =====> Grad: [-3.7639749e-01 -2.4797485e+06 -7.8557300e+03 -1.1954430e+04]
2024-10-17 13:59:40,682 INFO =====> Num. aborted data so far: 0
2024-10-17 13:59:41,031 INFO ===> New TaichiEnv created.
2024-10-17 13:59:41,031 INFO ===> Specifications: horizon = 311, dt = 0.01, n_substeps = 20, dt_sub = 0.0005
2024-10-17 13:59:41,054 DEBUG loaded <trimesh.Trimesh(vertices.shape=(916, 3), faces.shape=(856, 3))> using `load_obj` in 0.0028s
2024-10-17 13:59:41,196 DEBUG loaded <trimesh.Trimesh(vertices.shape=(48, 3), faces.shape=(28, 3))> using `load_obj` in 0.0007s
2024-10-17 14:00:18,887 INFO =====> Epoch: 120
2024-10-17 14:00:18,887 INFO =====> Loss info: {'particle_has_naninf': False, 'height_map_loss': 38.983280181884766, 'emd_loss': 39.78845977783203, 'total_loss': 39.78845977783203}
2024-10-17 14:00:18,888 INFO =====> Param: E: [1000000.], nu: [0.4], rho: [2200.], sand_angle: [40.]
2024-10-17 14:00:18,888 INFO =====> Grad: [-4.6736434e-01 -2.6497270e+06 -1.1436248e+04 -6.7277319e+03]
2024-10-17 14:00:18,888 INFO =====> Num. aborted data so far: 0
2024-10-17 14:00:19,239 INFO ===> New TaichiEnv created.
2024-10-17 14:00:19,239 INFO ===> Specifications: horizon = 311, dt = 0.01, n_substeps = 20, dt_sub = 0.0005
2024-10-17 14:00:19,266 DEBUG loaded <trimesh.Trimesh(vertices.shape=(916, 3), faces.shape=(856, 3))> using `load_obj` in 0.0029s
2024-10-17 14:00:19,410 DEBUG loaded <trimesh.Trimesh(vertices.shape=(48, 3), faces.shape=(28, 3))> using `load_obj` in 0.0007s
2024-10-17 14:00:56,460 INFO =====> Epoch: 121
2024-10-17 14:00:56,460 INFO =====> Loss info: {'particle_has_naninf': False, 'height_map_loss': 38.823486328125, 'emd_loss': 39.89873123168945, 'total_loss': 39.89873123168945}
2024-10-17 14:00:56,461 INFO =====> Param: E: [1000000.], nu: [0.4], rho: [2200.], sand_angle: [40.]
2024-10-17 14:00:56,461 INFO =====> Grad: [-3.3080077e-01 -2.3216795e+06 -7.0766670e+03 -1.1045823e+04]
2024-10-17 14:00:56,461 INFO =====> Num. aborted data so far: 0
2024-10-17 14:00:56,830 INFO ===> New TaichiEnv created.
2024-10-17 14:00:56,830 INFO ===> Specifications: horizon = 311, dt = 0.01, n_substeps = 20, dt_sub = 0.0005
2024-10-17 14:00:56,854 DEBUG loaded <trimesh.Trimesh(vertices.shape=(916, 3), faces.shape=(856, 3))> using `load_obj` in 0.0029s
2024-10-17 14:00:57,005 DEBUG loaded <trimesh.Trimesh(vertices.shape=(48, 3), faces.shape=(28, 3))> using `load_obj` in 0.0007s
2024-10-17 14:01:34,002 INFO =====> Epoch: 122
2024-10-17 14:01:34,002 INFO =====> Loss info: {'particle_has_naninf': False, 'height_map_loss': 38.91958236694336, 'emd_loss': 39.80357360839844, 'total_loss': 39.80357360839844}
2024-10-17 14:01:34,002 INFO =====> Param: E: [1000000.], nu: [0.4], rho: [2200.], sand_angle: [40.]
2024-10-17 14:01:34,002 INFO =====> Grad: [-5.4835987e-01 -3.2485338e+06 -1.4949778e+04 -7.8485166e+03]
2024-10-17 14:01:34,002 INFO =====> Num. aborted data so far: 0
2024-10-17 14:01:34,419 INFO ===> New TaichiEnv created.
2024-10-17 14:01:34,419 INFO ===> Specifications: horizon = 311, dt = 0.01, n_substeps = 20, dt_sub = 0.0005
2024-10-17 14:01:34,442 DEBUG loaded <trimesh.Trimesh(vertices.shape=(916, 3), faces.shape=(856, 3))> using `load_obj` in 0.0028s
2024-10-17 14:01:34,584 DEBUG loaded <trimesh.Trimesh(vertices.shape=(48, 3), faces.shape=(28, 3))> using `load_obj` in 0.0007s
2024-10-17 14:02:12,088 INFO =====> Epoch: 123
2024-10-17 14:02:12,089 INFO =====> Loss info: {'particle_has_naninf': False, 'height_map_loss': 39.111083984375, 'emd_loss': 39.94253158569336, 'total_loss': 39.94253158569336}
2024-10-17 14:02:12,089 INFO =====> Param: E: [1000000.], nu: [0.4], rho: [2200.], sand_angle: [40.]
2024-10-17 14:02:12,089 INFO =====> Grad: [-3.9193988e-01 -2.5071945e+06 -8.9026738e+03 -1.0521715e+04]
2024-10-17 14:02:12,089 INFO =====> Num. aborted data so far: 0
2024-10-17 14:02:12,435 INFO ===> New TaichiEnv created.
2024-10-17 14:02:12,435 INFO ===> Specifications: horizon = 311, dt = 0.01, n_substeps = 20, dt_sub = 0.0005
2024-10-17 14:02:12,458 DEBUG loaded <trimesh.Trimesh(vertices.shape=(916, 3), faces.shape=(856, 3))> using `load_obj` in 0.0028s
2024-10-17 14:02:12,598 DEBUG loaded <trimesh.Trimesh(vertices.shape=(48, 3), faces.shape=(28, 3))> using `load_obj` in 0.0007s
2024-10-17 14:02:48,507 INFO =====> Epoch: 124
2024-10-17 14:02:48,507 INFO =====> Loss info: {'particle_has_naninf': False, 'height_map_loss': 38.92116928100586, 'emd_loss': 39.802852630615234, 'total_loss': 39.802852630615234}
2024-10-17 14:02:48,507 INFO =====> Param: E: [1000000.], nu: [0.4], rho: [2200.], sand_angle: [40.]
2024-10-17 14:02:48,507 INFO =====> Grad: [-3.7121233e-01 -1.9016240e+06 -9.0509170e+03 -5.8676733e+03]
2024-10-17 14:02:48,507 INFO =====> Num. aborted data so far: 0
2024-10-17 14:02:48,868 INFO ===> New TaichiEnv created.
2024-10-17 14:02:48,868 INFO ===> Specifications: horizon = 311, dt = 0.01, n_substeps = 20, dt_sub = 0.0005
2024-10-17 14:02:48,897 DEBUG loaded <trimesh.Trimesh(vertices.shape=(916, 3), faces.shape=(856, 3))> using `load_obj` in 0.0030s
2024-10-17 14:02:49,055 DEBUG loaded <trimesh.Trimesh(vertices.shape=(48, 3), faces.shape=(28, 3))> using `load_obj` in 0.0007s
2024-10-17 14:03:26,283 INFO =====> Epoch: 125
2024-10-17 14:03:26,283 INFO =====> Loss info: {'particle_has_naninf': False, 'height_map_loss': 39.03811264038086, 'emd_loss': 39.87273406982422, 'total_loss': 39.87273406982422}
2024-10-17 14:03:26,283 INFO =====> Param: E: [1000000.], nu: [0.4], rho: [2200.], sand_angle: [40.]
2024-10-17 14:03:26,283 INFO =====> Grad: [-3.7139004e-01 -1.8293070e+06 -9.4964561e+03 -5.3123462e+03]
2024-10-17 14:03:26,284 INFO =====> Num. aborted data so far: 0
2024-10-17 14:03:26,634 INFO ===> New TaichiEnv created.
2024-10-17 14:03:26,635 INFO ===> Specifications: horizon = 311, dt = 0.01, n_substeps = 20, dt_sub = 0.0005
2024-10-17 14:03:26,657 DEBUG loaded <trimesh.Trimesh(vertices.shape=(916, 3), faces.shape=(856, 3))> using `load_obj` in 0.0029s
2024-10-17 14:03:26,802 DEBUG loaded <trimesh.Trimesh(vertices.shape=(48, 3), faces.shape=(28, 3))> using `load_obj` in 0.0007s
2024-10-17 14:04:03,693 INFO =====> Epoch: 126
2024-10-17 14:04:03,693 INFO =====> Loss info: {'particle_has_naninf': False, 'height_map_loss': 39.056053161621094, 'emd_loss': 39.857662200927734, 'total_loss': 39.857662200927734}
2024-10-17 14:04:03,693 INFO =====> Param: E: [1000000.], nu: [0.4], rho: [2200.], sand_angle: [40.]
2024-10-17 14:04:03,693 INFO =====> Grad: [-4.6092075e-01 -2.7934175e+06 -1.0443156e+04 -1.1703674e+04]
2024-10-17 14:04:03,693 INFO =====> Num. aborted data so far: 0
2024-10-17 14:04:04,043 INFO ===> New TaichiEnv created.
2024-10-17 14:04:04,043 INFO ===> Specifications: horizon = 311, dt = 0.01, n_substeps = 20, dt_sub = 0.0005
2024-10-17 14:04:04,073 DEBUG loaded <trimesh.Trimesh(vertices.shape=(916, 3), faces.shape=(856, 3))> using `load_obj` in 0.0051s
2024-10-17 14:04:04,216 DEBUG loaded <trimesh.Trimesh(vertices.shape=(48, 3), faces.shape=(28, 3))> using `load_obj` in 0.0007s
2024-10-17 14:04:41,403 INFO =====> Epoch: 127
2024-10-17 14:04:41,403 INFO =====> Loss info: {'particle_has_naninf': False, 'height_map_loss': 38.85243606567383, 'emd_loss': 39.895477294921875, 'total_loss': 39.895477294921875}
2024-10-17 14:04:41,403 INFO =====> Param: E: [1000000.], nu: [0.4], rho: [2200.], sand_angle: [40.]
2024-10-17 14:04:41,403 INFO =====> Grad: [-5.8902222e-01 -3.9076922e+06 -1.4292890e+04 -1.0610130e+04]
2024-10-17 14:04:41,403 INFO =====> Num. aborted data so far: 0
2024-10-17 14:04:41,826 INFO ===> New TaichiEnv created.
2024-10-17 14:04:41,826 INFO ===> Specifications: horizon = 311, dt = 0.01, n_substeps = 20, dt_sub = 0.0005
2024-10-17 14:04:41,850 DEBUG loaded <trimesh.Trimesh(vertices.shape=(916, 3), faces.shape=(856, 3))> using `load_obj` in 0.0029s
2024-10-17 14:04:42,001 DEBUG loaded <trimesh.Trimesh(vertices.shape=(48, 3), faces.shape=(28, 3))> using `load_obj` in 0.0007s
2024-10-17 14:05:19,152 INFO =====> Epoch: 128
2024-10-17 14:05:19,152 INFO =====> Loss info: {'particle_has_naninf': False, 'height_map_loss': 39.0028076171875, 'emd_loss': 39.97028350830078, 'total_loss': 39.97028350830078}
2024-10-17 14:05:19,152 INFO =====> Param: E: [1000000.], nu: [0.4], rho: [2200.], sand_angle: [40.]
2024-10-17 14:05:19,152 INFO =====> Grad: [-4.0362099e-01 -2.1721352e+06 -1.0654672e+04 -7.0120547e+03]
2024-10-17 14:05:19,152 INFO =====> Num. aborted data so far: 0
2024-10-17 14:05:19,495 INFO ===> New TaichiEnv created.
2024-10-17 14:05:19,495 INFO ===> Specifications: horizon = 311, dt = 0.01, n_substeps = 20, dt_sub = 0.0005
2024-10-17 14:05:19,518 DEBUG loaded <trimesh.Trimesh(vertices.shape=(916, 3), faces.shape=(856, 3))> using `load_obj` in 0.0028s
2024-10-17 14:05:19,662 DEBUG loaded <trimesh.Trimesh(vertices.shape=(48, 3), faces.shape=(28, 3))> using `load_obj` in 0.0007s
2024-10-17 14:05:56,968 INFO =====> Epoch: 129
2024-10-17 14:05:56,968 INFO =====> Loss info: {'particle_has_naninf': False, 'height_map_loss': 39.13629913330078, 'emd_loss': 39.894168853759766, 'total_loss': 39.894168853759766}
2024-10-17 14:05:56,968 INFO =====> Param: E: [1000000.], nu: [0.4], rho: [2200.], sand_angle: [40.]
2024-10-17 14:05:56,968 INFO =====> Grad: [-3.2392278e-01 -1.7414231e+06 -8.3539824e+03 -5.9394600e+03]
2024-10-17 14:05:56,968 INFO =====> Num. aborted data so far: 0
2024-10-17 14:05:57,319 INFO ===> New TaichiEnv created.
2024-10-17 14:05:57,319 INFO ===> Specifications: horizon = 311, dt = 0.01, n_substeps = 20, dt_sub = 0.0005
2024-10-17 14:05:57,342 DEBUG loaded <trimesh.Trimesh(vertices.shape=(916, 3), faces.shape=(856, 3))> using `load_obj` in 0.0030s
2024-10-17 14:05:57,485 DEBUG loaded <trimesh.Trimesh(vertices.shape=(48, 3), faces.shape=(28, 3))> using `load_obj` in 0.0007s
2024-10-17 14:06:34,539 INFO =====> Epoch: 130
2024-10-17 14:06:34,539 INFO =====> Loss info: {'particle_has_naninf': False, 'height_map_loss': 38.78937530517578, 'emd_loss': 39.860694885253906, 'total_loss': 39.860694885253906}
2024-10-17 14:06:34,539 INFO =====> Param: E: [1000000.], nu: [0.4], rho: [2200.], sand_angle: [40.]
2024-10-17 14:06:34,539 INFO =====> Grad: [-4.3004429e-01 -2.7329238e+06 -9.2195039e+03 -1.0136086e+04]
2024-10-17 14:06:34,539 INFO =====> Num. aborted data so far: 0
2024-10-17 14:06:34,905 INFO ===> New TaichiEnv created.
2024-10-17 14:06:34,905 INFO ===> Specifications: horizon = 311, dt = 0.01, n_substeps = 20, dt_sub = 0.0005
2024-10-17 14:06:34,929 DEBUG loaded <trimesh.Trimesh(vertices.shape=(916, 3), faces.shape=(856, 3))> using `load_obj` in 0.0028s
2024-10-17 14:06:35,080 DEBUG loaded <trimesh.Trimesh(vertices.shape=(48, 3), faces.shape=(28, 3))> using `load_obj` in 0.0007s
2024-10-17 14:07:12,405 INFO =====> Epoch: 131
2024-10-17 14:07:12,405 INFO =====> Loss info: {'particle_has_naninf': False, 'height_map_loss': 38.958648681640625, 'emd_loss': 39.76131820678711, 'total_loss': 39.76131820678711}
2024-10-17 14:07:12,405 INFO =====> Param: E: [1000000.], nu: [0.4], rho: [2200.], sand_angle: [40.]
2024-10-17 14:07:12,405 INFO =====> Grad: [-4.4978046e-01 -2.9221408e+06 -1.0388882e+04 -1.0327455e+04]
2024-10-17 14:07:12,405 INFO =====> Num. aborted data so far: 0
2024-10-17 14:07:12,753 INFO ===> New TaichiEnv created.
2024-10-17 14:07:12,753 INFO ===> Specifications: horizon = 311, dt = 0.01, n_substeps = 20, dt_sub = 0.0005
2024-10-17 14:07:12,776 DEBUG loaded <trimesh.Trimesh(vertices.shape=(916, 3), faces.shape=(856, 3))> using `load_obj` in 0.0029s
2024-10-17 14:07:12,918 DEBUG loaded <trimesh.Trimesh(vertices.shape=(48, 3), faces.shape=(28, 3))> using `load_obj` in 0.0007s
2024-10-17 14:07:50,828 INFO =====> Epoch: 132
2024-10-17 14:07:50,828 INFO =====> Loss info: {'particle_has_naninf': False, 'height_map_loss': 38.99448013305664, 'emd_loss': 39.876609802246094, 'total_loss': 39.876609802246094}
2024-10-17 14:07:50,829 INFO =====> Param: E: [1000000.], nu: [0.4], rho: [2200.], sand_angle: [40.]
2024-10-17 14:07:50,829 INFO =====> Grad: [-4.2424935e-01 -2.4312162e+06 -1.1202816e+04 -5.8639741e+03]
2024-10-17 14:07:50,829 INFO =====> Num. aborted data so far: 0
2024-10-17 14:07:51,175 INFO ===> New TaichiEnv created.
2024-10-17 14:07:51,176 INFO ===> Specifications: horizon = 311, dt = 0.01, n_substeps = 20, dt_sub = 0.0005
2024-10-17 14:07:51,198 DEBUG loaded <trimesh.Trimesh(vertices.shape=(916, 3), faces.shape=(856, 3))> using `load_obj` in 0.0029s
2024-10-17 14:07:51,339 DEBUG loaded <trimesh.Trimesh(vertices.shape=(48, 3), faces.shape=(28, 3))> using `load_obj` in 0.0007s
2024-10-17 14:08:28,455 INFO =====> Epoch: 133
2024-10-17 14:08:28,455 INFO =====> Loss info: {'particle_has_naninf': False, 'height_map_loss': 38.963043212890625, 'emd_loss': 39.92927169799805, 'total_loss': 39.92927169799805}
2024-10-17 14:08:28,455 INFO =====> Param: E: [1000000.], nu: [0.4], rho: [2200.], sand_angle: [40.]
2024-10-17 14:08:28,455 INFO =====> Grad: [-3.4495261e-01 -1.9785811e+06 -8.7004277e+03 -6.9451348e+03]
2024-10-17 14:08:28,455 INFO =====> Num. aborted data so far: 0
2024-10-17 14:08:28,882 INFO ===> New TaichiEnv created.
2024-10-17 14:08:28,882 INFO ===> Specifications: horizon = 311, dt = 0.01, n_substeps = 20, dt_sub = 0.0005
2024-10-17 14:08:28,906 DEBUG loaded <trimesh.Trimesh(vertices.shape=(916, 3), faces.shape=(856, 3))> using `load_obj` in 0.0028s
2024-10-17 14:08:29,057 DEBUG loaded <trimesh.Trimesh(vertices.shape=(48, 3), faces.shape=(28, 3))> using `load_obj` in 0.0007s
2024-10-17 14:09:06,299 INFO =====> Epoch: 134
2024-10-17 14:09:06,299 INFO =====> Loss info: {'particle_has_naninf': False, 'height_map_loss': 39.07313537597656, 'emd_loss': 39.94271469116211, 'total_loss': 39.94271469116211}
2024-10-17 14:09:06,299 INFO =====> Param: E: [1000000.], nu: [0.4], rho: [2200.], sand_angle: [40.]
2024-10-17 14:09:06,299 INFO =====> Grad: [-5.0545394e-01 -3.2626815e+06 -1.2180704e+04 -1.0750778e+04]
2024-10-17 14:09:06,299 INFO =====> Num. aborted data so far: 0
2024-10-17 14:09:06,645 INFO ===> New TaichiEnv created.
2024-10-17 14:09:06,645 INFO ===> Specifications: horizon = 311, dt = 0.01, n_substeps = 20, dt_sub = 0.0005
2024-10-17 14:09:06,667 DEBUG loaded <trimesh.Trimesh(vertices.shape=(916, 3), faces.shape=(856, 3))> using `load_obj` in 0.0028s
2024-10-17 14:09:06,809 DEBUG loaded <trimesh.Trimesh(vertices.shape=(48, 3), faces.shape=(28, 3))> using `load_obj` in 0.0007s
2024-10-17 14:09:44,408 INFO =====> Epoch: 135
2024-10-17 14:09:44,408 INFO =====> Loss info: {'particle_has_naninf': False, 'height_map_loss': 38.97503662109375, 'emd_loss': 39.8741340637207, 'total_loss': 39.8741340637207}
2024-10-17 14:09:44,409 INFO =====> Param: E: [1000000.], nu: [0.4], rho: [2200.], sand_angle: [40.]
2024-10-17 14:09:44,409 INFO =====> Grad: [-4.3968686e-01 -2.4108980e+06 -1.0912513e+04 -6.3888286e+03]
2024-10-17 14:09:44,409 INFO =====> Num. aborted data so far: 0
2024-10-17 14:09:44,796 INFO ===> New TaichiEnv created.
2024-10-17 14:09:44,796 INFO ===> Specifications: horizon = 311, dt = 0.01, n_substeps = 20, dt_sub = 0.0005
2024-10-17 14:09:44,822 DEBUG loaded <trimesh.Trimesh(vertices.shape=(916, 3), faces.shape=(856, 3))> using `load_obj` in 0.0028s
2024-10-17 14:09:44,966 DEBUG loaded <trimesh.Trimesh(vertices.shape=(48, 3), faces.shape=(28, 3))> using `load_obj` in 0.0007s
2024-10-17 14:10:22,194 INFO =====> Epoch: 136
2024-10-17 14:10:22,194 INFO =====> Loss info: {'particle_has_naninf': False, 'height_map_loss': 38.935245513916016, 'emd_loss': 39.79608154296875, 'total_loss': 39.79608154296875}
2024-10-17 14:10:22,195 INFO =====> Param: E: [1000000.], nu: [0.4], rho: [2200.], sand_angle: [40.]
2024-10-17 14:10:22,195 INFO =====> Grad: [-3.5104606e-01 -2.4838490e+06 -7.9837344e+03 -1.1601700e+04]
2024-10-17 14:10:22,195 INFO =====> Num. aborted data so far: 0
2024-10-17 14:10:22,557 INFO ===> New TaichiEnv created.
2024-10-17 14:10:22,557 INFO ===> Specifications: horizon = 311, dt = 0.01, n_substeps = 20, dt_sub = 0.0005
2024-10-17 14:10:22,581 DEBUG loaded <trimesh.Trimesh(vertices.shape=(916, 3), faces.shape=(856, 3))> using `load_obj` in 0.0029s
2024-10-17 14:10:22,729 DEBUG loaded <trimesh.Trimesh(vertices.shape=(48, 3), faces.shape=(28, 3))> using `load_obj` in 0.0007s
2024-10-17 14:10:59,784 INFO =====> Epoch: 137
2024-10-17 14:10:59,784 INFO =====> Loss info: {'particle_has_naninf': False, 'height_map_loss': 38.94953536987305, 'emd_loss': 39.96240997314453, 'total_loss': 39.96240997314453}
2024-10-17 14:10:59,784 INFO =====> Param: E: [1000000.], nu: [0.4], rho: [2200.], sand_angle: [40.]
2024-10-17 14:10:59,785 INFO =====> Grad: [-3.8098630e-01 -2.3598600e+06 -7.7981108e+03 -1.0981893e+04]
2024-10-17 14:10:59,785 INFO =====> Num. aborted data so far: 0
2024-10-17 14:11:00,129 INFO ===> New TaichiEnv created.
2024-10-17 14:11:00,129 INFO ===> Specifications: horizon = 311, dt = 0.01, n_substeps = 20, dt_sub = 0.0005
2024-10-17 14:11:00,152 DEBUG loaded <trimesh.Trimesh(vertices.shape=(916, 3), faces.shape=(856, 3))> using `load_obj` in 0.0028s
2024-10-17 14:11:00,295 DEBUG loaded <trimesh.Trimesh(vertices.shape=(48, 3), faces.shape=(28, 3))> using `load_obj` in 0.0007s
2024-10-17 14:11:37,719 INFO =====> Epoch: 138
2024-10-17 14:11:37,719 INFO =====> Loss info: {'particle_has_naninf': False, 'height_map_loss': 38.93437957763672, 'emd_loss': 39.81806945800781, 'total_loss': 39.81806945800781}
2024-10-17 14:11:37,719 INFO =====> Param: E: [1000000.], nu: [0.4], rho: [2200.], sand_angle: [40.]
2024-10-17 14:11:37,719 INFO =====> Grad: [-3.4005174e-01 -1.8629280e+06 -8.7357822e+03 -5.6080811e+03]
2024-10-17 14:11:37,719 INFO =====> Num. aborted data so far: 0
2024-10-17 14:11:38,059 INFO ===> New TaichiEnv created.
2024-10-17 14:11:38,059 INFO ===> Specifications: horizon = 311, dt = 0.01, n_substeps = 20, dt_sub = 0.0005
2024-10-17 14:11:38,081 DEBUG loaded <trimesh.Trimesh(vertices.shape=(916, 3), faces.shape=(856, 3))> using `load_obj` in 0.0028s
2024-10-17 14:11:38,223 DEBUG loaded <trimesh.Trimesh(vertices.shape=(48, 3), faces.shape=(28, 3))> using `load_obj` in 0.0007s
2024-10-17 14:12:15,075 INFO =====> Epoch: 139
2024-10-17 14:12:15,075 INFO =====> Loss info: {'particle_has_naninf': False, 'height_map_loss': 39.008750915527344, 'emd_loss': 39.86830520629883, 'total_loss': 39.86830520629883}
2024-10-17 14:12:15,075 INFO =====> Param: E: [1000000.], nu: [0.4], rho: [2200.], sand_angle: [40.]
2024-10-17 14:12:15,075 INFO =====> Grad: [-4.3232438e-01 -2.6226328e+06 -9.5272686e+03 -9.3686152e+03]
2024-10-17 14:12:15,075 INFO =====> Num. aborted data so far: 0
2024-10-17 14:12:15,446 INFO ===> New TaichiEnv created.
2024-10-17 14:12:15,446 INFO ===> Specifications: horizon = 311, dt = 0.01, n_substeps = 20, dt_sub = 0.0005
2024-10-17 14:12:15,470 DEBUG loaded <trimesh.Trimesh(vertices.shape=(916, 3), faces.shape=(856, 3))> using `load_obj` in 0.0029s
2024-10-17 14:12:15,622 DEBUG loaded <trimesh.Trimesh(vertices.shape=(48, 3), faces.shape=(28, 3))> using `load_obj` in 0.0008s
2024-10-17 14:12:53,213 INFO =====> Epoch: 140
2024-10-17 14:12:53,213 INFO =====> Loss info: {'particle_has_naninf': False, 'height_map_loss': 38.953697204589844, 'emd_loss': 39.828983306884766, 'total_loss': 39.828983306884766}
2024-10-17 14:12:53,213 INFO =====> Param: E: [1000000.], nu: [0.4], rho: [2200.], sand_angle: [40.]
2024-10-17 14:12:53,213 INFO =====> Grad: [-4.8537502e-01 -2.9732968e+06 -1.1795277e+04 -9.4084209e+03]
2024-10-17 14:12:53,213 INFO =====> Num. aborted data so far: 0
2024-10-17 14:12:53,567 INFO ===> New TaichiEnv created.
2024-10-17 14:12:53,567 INFO ===> Specifications: horizon = 311, dt = 0.01, n_substeps = 20, dt_sub = 0.0005
2024-10-17 14:12:53,590 DEBUG loaded <trimesh.Trimesh(vertices.shape=(916, 3), faces.shape=(856, 3))> using `load_obj` in 0.0029s
2024-10-17 14:12:53,742 DEBUG loaded <trimesh.Trimesh(vertices.shape=(48, 3), faces.shape=(28, 3))> using `load_obj` in 0.0007s
2024-10-17 14:13:31,234 INFO =====> Epoch: 141
2024-10-17 14:13:31,235 INFO =====> Loss info: {'particle_has_naninf': False, 'height_map_loss': 38.881099700927734, 'emd_loss': 39.87335205078125, 'total_loss': 39.87335205078125}
2024-10-17 14:13:31,235 INFO =====> Param: E: [1000000.], nu: [0.4], rho: [2200.], sand_angle: [40.]
2024-10-17 14:13:31,235 INFO =====> Grad: [-4.4031069e-01 -2.4269535e+06 -1.1354275e+04 -5.9469688e+03]
2024-10-17 14:13:31,235 INFO =====> Num. aborted data so far: 0
2024-10-17 14:13:31,581 INFO ===> New TaichiEnv created.
2024-10-17 14:13:31,581 INFO ===> Specifications: horizon = 311, dt = 0.01, n_substeps = 20, dt_sub = 0.0005
2024-10-17 14:13:31,604 DEBUG loaded <trimesh.Trimesh(vertices.shape=(916, 3), faces.shape=(856, 3))> using `load_obj` in 0.0028s
2024-10-17 14:13:31,746 DEBUG loaded <trimesh.Trimesh(vertices.shape=(48, 3), faces.shape=(28, 3))> using `load_obj` in 0.0007s
2024-10-17 14:14:07,713 INFO =====> Epoch: 142
2024-10-17 14:14:07,713 INFO =====> Loss info: {'particle_has_naninf': False, 'height_map_loss': 39.02035140991211, 'emd_loss': 39.909732818603516, 'total_loss': 39.909732818603516}
2024-10-17 14:14:07,713 INFO =====> Param: E: [1000000.], nu: [0.4], rho: [2200.], sand_angle: [40.]
2024-10-17 14:14:07,713 INFO =====> Grad: [-4.9091065e-01 -3.0328000e+06 -1.1822260e+04 -1.0279047e+04]
2024-10-17 14:14:07,713 INFO =====> Num. aborted data so far: 0
2024-10-17 14:14:08,143 INFO ===> New TaichiEnv created.
2024-10-17 14:14:08,143 INFO ===> Specifications: horizon = 311, dt = 0.01, n_substeps = 20, dt_sub = 0.0005
2024-10-17 14:14:08,173 DEBUG loaded <trimesh.Trimesh(vertices.shape=(916, 3), faces.shape=(856, 3))> using `load_obj` in 0.0039s
2024-10-17 14:14:08,376 DEBUG loaded <trimesh.Trimesh(vertices.shape=(48, 3), faces.shape=(28, 3))> using `load_obj` in 0.0011s
2024-10-17 14:14:44,379 INFO =====> Epoch: 143
2024-10-17 14:14:44,379 INFO =====> Loss info: {'particle_has_naninf': False, 'height_map_loss': 39.086299896240234, 'emd_loss': 39.877811431884766, 'total_loss': 39.877811431884766}
2024-10-17 14:14:44,380 INFO =====> Param: E: [1000000.], nu: [0.4], rho: [2200.], sand_angle: [40.]
2024-10-17 14:14:44,380 INFO =====> Grad: [-4.7946766e-01 -2.7814438e+06 -1.1473662e+04 -9.2985332e+03]
2024-10-17 14:14:44,380 INFO =====> Num. aborted data so far: 0
2024-10-17 14:14:44,729 INFO ===> New TaichiEnv created.
2024-10-17 14:14:44,729 INFO ===> Specifications: horizon = 311, dt = 0.01, n_substeps = 20, dt_sub = 0.0005
2024-10-17 14:14:44,752 DEBUG loaded <trimesh.Trimesh(vertices.shape=(916, 3), faces.shape=(856, 3))> using `load_obj` in 0.0030s
2024-10-17 14:14:44,896 DEBUG loaded <trimesh.Trimesh(vertices.shape=(48, 3), faces.shape=(28, 3))> using `load_obj` in 0.0007s
2024-10-17 14:15:22,067 INFO =====> Epoch: 144
2024-10-17 14:15:22,068 INFO =====> Loss info: {'particle_has_naninf': False, 'height_map_loss': 39.046905517578125, 'emd_loss': 39.99229431152344, 'total_loss': 39.99229431152344}
2024-10-17 14:15:22,068 INFO =====> Param: E: [1000000.], nu: [0.4], rho: [2200.], sand_angle: [40.]
2024-10-17 14:15:22,068 INFO =====> Grad: [-4.3343309e-01 -2.2442318e+06 -1.1277473e+04 -5.8225068e+03]
2024-10-17 14:15:22,068 INFO =====> Num. aborted data so far: 0
2024-10-17 14:15:22,463 INFO ===> New TaichiEnv created.
2024-10-17 14:15:22,463 INFO ===> Specifications: horizon = 311, dt = 0.01, n_substeps = 20, dt_sub = 0.0005
2024-10-17 14:15:22,486 DEBUG loaded <trimesh.Trimesh(vertices.shape=(916, 3), faces.shape=(856, 3))> using `load_obj` in 0.0029s
2024-10-17 14:15:22,633 DEBUG loaded <trimesh.Trimesh(vertices.shape=(48, 3), faces.shape=(28, 3))> using `load_obj` in 0.0007s
2024-10-17 14:16:00,033 INFO =====> Epoch: 145
2024-10-17 14:16:00,033 INFO =====> Loss info: {'particle_has_naninf': False, 'height_map_loss': 39.01506805419922, 'emd_loss': 39.8209114074707, 'total_loss': 39.8209114074707}
2024-10-17 14:16:00,033 INFO =====> Param: E: [1000000.], nu: [0.4], rho: [2200.], sand_angle: [40.]
2024-10-17 14:16:00,033 INFO =====> Grad: [-4.3920630e-01 -2.1300872e+06 -1.0973544e+04 -5.6653853e+03]
2024-10-17 14:16:00,034 INFO =====> Num. aborted data so far: 0
2024-10-17 14:16:00,386 INFO ===> New TaichiEnv created.
2024-10-17 14:16:00,386 INFO ===> Specifications: horizon = 311, dt = 0.01, n_substeps = 20, dt_sub = 0.0005
2024-10-17 14:16:00,409 DEBUG loaded <trimesh.Trimesh(vertices.shape=(916, 3), faces.shape=(856, 3))> using `load_obj` in 0.0029s
2024-10-17 14:16:00,553 DEBUG loaded <trimesh.Trimesh(vertices.shape=(48, 3), faces.shape=(28, 3))> using `load_obj` in 0.0007s
2024-10-17 14:16:38,549 INFO =====> Epoch: 146
2024-10-17 14:16:38,549 INFO =====> Loss info: {'particle_has_naninf': False, 'height_map_loss': 38.817020416259766, 'emd_loss': 39.88158416748047, 'total_loss': 39.88158416748047}
2024-10-17 14:16:38,549 INFO =====> Param: E: [1000000.], nu: [0.4], rho: [2200.], sand_angle: [40.]
2024-10-17 14:16:38,549 INFO =====> Grad: [-3.4100693e-01 -1.8473305e+06 -7.7251724e+03 -7.7568350e+03]
2024-10-17 14:16:38,549 INFO =====> Num. aborted data so far: 0
2024-10-17 14:16:38,892 INFO ===> New TaichiEnv created.
2024-10-17 14:16:38,893 INFO ===> Specifications: horizon = 311, dt = 0.01, n_substeps = 20, dt_sub = 0.0005
2024-10-17 14:16:38,915 DEBUG loaded <trimesh.Trimesh(vertices.shape=(916, 3), faces.shape=(856, 3))> using `load_obj` in 0.0029s
2024-10-17 14:16:39,055 DEBUG loaded <trimesh.Trimesh(vertices.shape=(48, 3), faces.shape=(28, 3))> using `load_obj` in 0.0007s
2024-10-17 14:17:16,142 INFO =====> Epoch: 147
2024-10-17 14:17:16,143 INFO =====> Loss info: {'particle_has_naninf': False, 'height_map_loss': 38.97892379760742, 'emd_loss': 39.909912109375, 'total_loss': 39.909912109375}
2024-10-17 14:17:16,143 INFO =====> Param: E: [1000000.], nu: [0.4], rho: [2200.], sand_angle: [40.]
2024-10-17 14:17:16,143 INFO =====> Grad: [-4.2051646e-01 -2.3134580e+06 -9.5925527e+03 -1.0637976e+04]
2024-10-17 14:17:16,143 INFO =====> Num. aborted data so far: 0
2024-10-17 14:17:16,505 INFO ===> New TaichiEnv created.
2024-10-17 14:17:16,505 INFO ===> Specifications: horizon = 311, dt = 0.01, n_substeps = 20, dt_sub = 0.0005
2024-10-17 14:17:16,529 DEBUG loaded <trimesh.Trimesh(vertices.shape=(916, 3), faces.shape=(856, 3))> using `load_obj` in 0.0029s
2024-10-17 14:17:16,679 DEBUG loaded <trimesh.Trimesh(vertices.shape=(48, 3), faces.shape=(28, 3))> using `load_obj` in 0.0007s
2024-10-17 14:17:53,779 INFO =====> Epoch: 148
2024-10-17 14:17:53,779 INFO =====> Loss info: {'particle_has_naninf': False, 'height_map_loss': 39.06987380981445, 'emd_loss': 39.9265022277832, 'total_loss': 39.9265022277832}
2024-10-17 14:17:53,779 INFO =====> Param: E: [1000000.], nu: [0.4], rho: [2200.], sand_angle: [40.]
2024-10-17 14:17:53,779 INFO =====> Grad: [-4.8341981e-01 -3.2582972e+06 -1.1128208e+04 -1.1693555e+04]
2024-10-17 14:17:53,779 INFO =====> Num. aborted data so far: 0
2024-10-17 14:17:54,137 INFO ===> New TaichiEnv created.
2024-10-17 14:17:54,137 INFO ===> Specifications: horizon = 311, dt = 0.01, n_substeps = 20, dt_sub = 0.0005
2024-10-17 14:17:54,160 DEBUG loaded <trimesh.Trimesh(vertices.shape=(916, 3), faces.shape=(856, 3))> using `load_obj` in 0.0030s
2024-10-17 14:17:54,310 DEBUG loaded <trimesh.Trimesh(vertices.shape=(48, 3), faces.shape=(28, 3))> using `load_obj` in 0.0007s
2024-10-17 14:18:30,764 INFO =====> Epoch: 149
2024-10-17 14:18:30,764 INFO =====> Loss info: {'particle_has_naninf': False, 'height_map_loss': 39.007633209228516, 'emd_loss': 39.84709930419922, 'total_loss': 39.84709930419922}
2024-10-17 14:18:30,765 INFO =====> Param: E: [1000000.], nu: [0.4], rho: [2200.], sand_angle: [40.]
2024-10-17 14:18:30,765 INFO =====> Grad: [-4.3500340e-01 -2.3713568e+06 -1.0986845e+04 -6.2224551e+03]
2024-10-17 14:18:30,765 INFO =====> Num. aborted data so far: 0
2024-10-17 14:18:30,768 INFO ====> Finished training.
2024-10-17 14:18:30,768 INFO ====> Final loss: 
2024-10-17 14:18:30,768 INFO ====> Final params: E [1000000.], nu [0.4], rho [2200.], sand_angle [40.]
2024-10-17 14:18:30,768 INFO ===> End grad computation at:, 2024-10-17 14:18:30
2024-10-17 14:18:30,768 INFO ===> Total time taken: 5779.38839673996 seconds
2024-10-17 14:18:30,768 INFO ===> Number of aborted data: 0
