2024-10-09 23:46:34,015 INFO ===> New TaichiEnv created.
2024-10-09 23:46:34,015 INFO ===> Specifications: horizon = 600, dt = 0.01, n_substeps = 20, dt_sub = 0.0005
2024-10-09 23:47:02,629 INFO =====> Epoch: 0
2024-10-09 23:47:02,629 INFO =====> EMD Loss: 27.54328727722168
2024-10-09 23:47:02,629 INFO =====> Height map loss: 28.281652450561523
2024-10-09 23:47:02,629 INFO =====> Insertion loss: 0.0
2024-10-09 23:47:02,629 INFO =====> Grad: [-9.1281143e+03  1.6900162e+04  2.5899493e-04 -3.3380483e+03
 -2.6315494e-04]
2024-10-09 23:47:02,629 INFO =====> Skill params: [ 1.          0.41837722  0.77933675  0.03162277 -0.07914853]
2024-10-09 23:47:02,629 INFO =====> Num. aborted data so far: 0
2024-10-09 23:47:02,936 INFO ===> New TaichiEnv created.
2024-10-09 23:47:02,936 INFO ===> Specifications: horizon = 600, dt = 0.01, n_substeps = 20, dt_sub = 0.0005
2024-10-09 23:47:30,441 INFO =====> Epoch: 1
2024-10-09 23:47:30,441 INFO =====> EMD Loss: 28.149503707885742
2024-10-09 23:47:30,441 INFO =====> Height map loss: 29.41884994506836
2024-10-09 23:47:30,441 INFO =====> Insertion loss: 0.0
2024-10-09 23:47:30,441 INFO =====> Grad: [ 1.4353495e+04 -3.7755629e+04 -6.8343669e-04  5.5616832e+04
  1.1661233e-03]
2024-10-09 23:47:30,441 INFO =====> Skill params: [ 9.7292340e-01  4.4748431e-01  8.0704224e-01  5.1137060e-05
 -1.0922518e-01]
2024-10-09 23:47:30,441 INFO =====> Num. aborted data so far: 0
2024-10-09 23:47:30,720 INFO ===> New TaichiEnv created.
2024-10-09 23:47:30,721 INFO ===> Specifications: horizon = 600, dt = 0.01, n_substeps = 20, dt_sub = 0.0005
2024-10-09 23:47:59,069 INFO =====> Epoch: 2
2024-10-09 23:47:59,069 INFO =====> EMD Loss: 27.562332153320312
2024-10-09 23:47:59,069 INFO =====> Height map loss: 28.58599090576172
2024-10-09 23:47:59,069 INFO =====> Insertion loss: 0.0
2024-10-09 23:47:59,069 INFO =====> Grad: [-7.8708452e+03  2.8917671e+03 -3.6881457e-04  2.9635258e+04
 -7.2268560e-04]
2024-10-09 23:47:59,069 INFO =====> Skill params: [ 0.9869503   0.4451408   0.82114744 -0.01541585 -0.09253642]
2024-10-09 23:47:59,069 INFO =====> Num. aborted data so far: 0
2024-10-09 23:47:59,357 INFO ===> New TaichiEnv created.
2024-10-09 23:47:59,357 INFO ===> Specifications: horizon = 600, dt = 0.01, n_substeps = 20, dt_sub = 0.0005
2024-10-09 23:48:28,214 INFO =====> Epoch: 3
2024-10-09 23:48:28,214 INFO =====> EMD Loss: 27.913166046142578
2024-10-09 23:48:28,214 INFO =====> Height map loss: 29.01365852355957
2024-10-09 23:48:28,214 INFO =====> Insertion loss: 0.0
2024-10-09 23:48:28,214 INFO =====> Grad: [ 2.0686824e+04 -4.7060625e+04 -1.1412098e-04  1.7861410e+04
  3.0809531e-03]
2024-10-09 23:48:28,214 INFO =====> Skill params: [ 0.9624223   0.46999547  0.8257001  -0.02479959 -0.12167459]
2024-10-09 23:48:28,214 INFO =====> Num. aborted data so far: 0
2024-10-09 23:48:28,496 INFO ===> New TaichiEnv created.
2024-10-09 23:48:28,496 INFO ===> Specifications: horizon = 600, dt = 0.01, n_substeps = 20, dt_sub = 0.0005
2024-10-09 23:48:58,084 INFO =====> Epoch: 4
2024-10-09 23:48:58,084 INFO =====> EMD Loss: 27.5811710357666
2024-10-09 23:48:58,084 INFO =====> Height map loss: 28.758508682250977
2024-10-09 23:48:58,084 INFO =====> Insertion loss: 0.0
2024-10-09 23:48:58,084 INFO =====> Grad: [-6.6118125e+03  1.5058344e+04 -5.1722844e-04 -5.7926826e+03
  1.4091649e-03]
2024-10-09 23:48:58,084 INFO =====> Skill params: [ 0.9704174   0.46189225  0.8436205  -0.02160808 -0.13451287]
2024-10-09 23:48:58,084 INFO =====> Num. aborted data so far: 0
2024-10-09 23:48:58,382 INFO ===> New TaichiEnv created.
2024-10-09 23:48:58,383 INFO ===> Specifications: horizon = 600, dt = 0.01, n_substeps = 20, dt_sub = 0.0005
2024-10-09 23:49:26,787 INFO =====> Epoch: 5
2024-10-09 23:49:26,788 INFO =====> EMD Loss: 27.849977493286133
2024-10-09 23:49:26,788 INFO =====> Height map loss: 29.33284568786621
2024-10-09 23:49:26,788 INFO =====> Insertion loss: 0.0
2024-10-09 23:49:26,788 INFO =====> Grad: [-5.4370479e+03  2.0158100e+04  1.1646515e-03 -3.3192496e+04
 -1.9594785e-03]
2024-10-09 23:49:26,788 INFO =====> Skill params: [ 0.9771869   0.4511393   0.81824315 -0.0051484  -0.11834183]
2024-10-09 23:49:26,788 INFO =====> Num. aborted data so far: 0
2024-10-09 23:49:27,089 INFO ===> New TaichiEnv created.
2024-10-09 23:49:27,089 INFO ===> Specifications: horizon = 600, dt = 0.01, n_substeps = 20, dt_sub = 0.0005
2024-10-09 23:49:57,014 INFO =====> Epoch: 6
2024-10-09 23:49:57,015 INFO =====> EMD Loss: 27.77574348449707
2024-10-09 23:49:57,015 INFO =====> Height map loss: 28.74921989440918
2024-10-09 23:49:57,015 INFO =====> Insertion loss: 0.0
2024-10-09 23:49:57,015 INFO =====> Grad: [ 1.3262346e+02 -1.0642324e+03  7.5772789e-04 -2.1953771e+04
 -2.1365381e-04]
2024-10-09 23:49:57,015 INFO =====> Skill params: [ 0.9770129   0.45173758  0.80299604  0.00563875 -0.11648643]
2024-10-09 23:49:57,015 INFO =====> Num. aborted data so far: 0
2024-10-09 23:49:57,317 INFO ===> New TaichiEnv created.
2024-10-09 23:49:57,317 INFO ===> Specifications: horizon = 600, dt = 0.01, n_substeps = 20, dt_sub = 0.0005
2024-10-09 23:50:25,509 INFO =====> Epoch: 7
2024-10-09 23:50:25,509 INFO =====> EMD Loss: 27.992347717285156
2024-10-09 23:50:25,509 INFO =====> Height map loss: 29.435115814208984
2024-10-09 23:50:25,509 INFO =====> Insertion loss: 0.0
2024-10-09 23:50:25,509 INFO =====> Grad: [-3.4494509e+03  4.7498491e+03 -3.9347273e-04 -1.2036882e+04
 -1.7631677e-03]
2024-10-09 23:50:25,509 INFO =====> Skill params: [ 0.9817314   0.44893393  0.8110655   0.01175536 -0.10211075]
2024-10-09 23:50:25,509 INFO =====> Num. aborted data so far: 0
2024-10-09 23:50:25,816 INFO ===> New TaichiEnv created.
2024-10-09 23:50:25,816 INFO ===> Specifications: horizon = 600, dt = 0.01, n_substeps = 20, dt_sub = 0.0005
2024-10-09 23:50:54,394 INFO =====> Epoch: 8
2024-10-09 23:50:54,394 INFO =====> EMD Loss: 27.664064407348633
2024-10-09 23:50:54,394 INFO =====> Height map loss: 28.627620697021484
2024-10-09 23:50:54,394 INFO =====> Insertion loss: 0.0
2024-10-09 23:50:54,394 INFO =====> Grad: [-1.6885281e+04  3.7068238e+04  9.8642195e-04 -1.5564972e+04
  3.6560354e-04]
2024-10-09 23:50:54,394 INFO =====> Skill params: [ 1.          0.43029994  0.79338557  0.01981714 -0.10523748]
2024-10-09 23:50:54,394 INFO =====> Num. aborted data so far: 0
2024-10-09 23:50:54,692 INFO ===> New TaichiEnv created.
2024-10-09 23:50:54,692 INFO ===> Specifications: horizon = 600, dt = 0.01, n_substeps = 20, dt_sub = 0.0005
2024-10-09 23:51:22,664 INFO =====> Epoch: 9
2024-10-09 23:51:22,664 INFO =====> EMD Loss: 27.459827423095703
2024-10-09 23:51:22,664 INFO =====> Height map loss: 28.111608505249023
2024-10-09 23:51:22,664 INFO =====> Insertion loss: 0.0
2024-10-09 23:51:22,664 INFO =====> Grad: [ 8.7023936e+03 -1.8119262e+04 -1.7575375e-04  2.8610656e+04
  2.2761936e-03]
2024-10-09 23:51:22,664 INFO =====> Skill params: [ 0.99005175  0.43948698  0.7966879   0.00581223 -0.12245071]
2024-10-09 23:51:22,664 INFO =====> Num. aborted data so far: 0
2024-10-09 23:51:22,963 INFO ===> New TaichiEnv created.
2024-10-09 23:51:22,964 INFO ===> Specifications: horizon = 600, dt = 0.01, n_substeps = 20, dt_sub = 0.0005
2024-10-09 23:51:50,703 INFO =====> Epoch: 10
2024-10-09 23:51:50,703 INFO =====> EMD Loss: 27.199811935424805
2024-10-09 23:51:50,703 INFO =====> Height map loss: 27.868499755859375
2024-10-09 23:51:50,703 INFO =====> Insertion loss: 0.0
2024-10-09 23:51:50,703 INFO =====> Grad: [-4.5240269e+03  1.0232198e+04 -5.2950694e-04  1.1797494e+04
 -2.2983133e-05]
2024-10-09 23:51:50,703 INFO =====> Skill params: [ 9.9542397e-01  4.3409827e-01  8.0664212e-01 -1.6527483e-04
 -1.2226751e-01]
2024-10-09 23:51:50,703 INFO =====> Num. aborted data so far: 0
2024-10-09 23:51:51,012 INFO ===> New TaichiEnv created.
2024-10-09 23:51:51,012 INFO ===> Specifications: horizon = 600, dt = 0.01, n_substeps = 20, dt_sub = 0.0005
2024-10-09 23:52:18,700 INFO =====> Epoch: 11
2024-10-09 23:52:18,700 INFO =====> EMD Loss: 27.38995361328125
2024-10-09 23:52:18,700 INFO =====> Height map loss: 28.173057556152344
2024-10-09 23:52:18,700 INFO =====> Insertion loss: 0.0
2024-10-09 23:52:18,700 INFO =====> Grad: [ 2.1424117e+04 -5.1783934e+04  1.8602864e-04  4.6418320e+04
  4.4428278e-04]
2024-10-09 23:52:18,700 INFO =====> Skill params: [ 0.9749712   0.45536956  0.8029806  -0.01967563 -0.1259748 ]
2024-10-09 23:52:18,700 INFO =====> Num. aborted data so far: 0
2024-10-09 23:52:19,008 INFO ===> New TaichiEnv created.
2024-10-09 23:52:19,008 INFO ===> Specifications: horizon = 600, dt = 0.01, n_substeps = 20, dt_sub = 0.0005
2024-10-09 23:52:47,104 INFO =====> Epoch: 12
2024-10-09 23:52:47,104 INFO =====> EMD Loss: 27.532556533813477
2024-10-09 23:52:47,104 INFO =====> Height map loss: 28.31795883178711
2024-10-09 23:52:47,104 INFO =====> Insertion loss: 0.0
2024-10-09 23:52:47,104 INFO =====> Grad: [ 1.5190138e+04 -3.4620719e+04 -3.0984898e-04 -4.6891846e+03
 -1.0072639e-03]
2024-10-09 23:52:47,105 INFO =====> Skill params: [ 0.9612088   0.4689151   0.8092803  -0.01760254 -0.1174436 ]
2024-10-09 23:52:47,105 INFO =====> Num. aborted data so far: 0
2024-10-09 23:52:47,415 INFO ===> New TaichiEnv created.
2024-10-09 23:52:47,415 INFO ===> Specifications: horizon = 600, dt = 0.01, n_substeps = 20, dt_sub = 0.0005
2024-10-09 23:53:16,157 INFO =====> Epoch: 13
2024-10-09 23:53:16,157 INFO =====> EMD Loss: 27.880229949951172
2024-10-09 23:53:16,157 INFO =====> Height map loss: 28.986345291137695
2024-10-09 23:53:16,157 INFO =====> Insertion loss: 0.0
2024-10-09 23:53:16,157 INFO =====> Grad: [-1.4125215e+04  2.7675438e+04  2.5117520e-04 -1.9679047e+04
 -3.1006677e-04]
2024-10-09 23:53:16,157 INFO =====> Skill params: [ 0.9736168   0.45817915  0.8039736  -0.00879475 -0.11468592]
2024-10-09 23:53:16,157 INFO =====> Num. aborted data so far: 0
2024-10-09 23:53:16,478 INFO ===> New TaichiEnv created.
2024-10-09 23:53:16,478 INFO ===> Specifications: horizon = 600, dt = 0.01, n_substeps = 20, dt_sub = 0.0005
2024-10-09 23:53:44,694 INFO =====> Epoch: 14
2024-10-09 23:53:44,694 INFO =====> EMD Loss: 27.836366653442383
2024-10-09 23:53:44,694 INFO =====> Height map loss: 28.827564239501953
2024-10-09 23:53:44,694 INFO =====> Insertion loss: 0.0
2024-10-09 23:53:44,695 INFO =====> Grad: [-5.3508164e+03  1.0639040e+04 -3.7661835e-04 -5.1363086e+03
  7.8422995e-04]
2024-10-09 23:53:44,695 INFO =====> Skill params: [ 0.97851163  0.45386934  0.8120806  -0.00637862 -0.121847  ]
2024-10-09 23:53:44,695 INFO =====> Num. aborted data so far: 0
2024-10-09 23:53:45,016 INFO ===> New TaichiEnv created.
2024-10-09 23:53:45,016 INFO ===> Specifications: horizon = 600, dt = 0.01, n_substeps = 20, dt_sub = 0.0005
2024-10-09 23:54:13,199 INFO =====> Epoch: 15
2024-10-09 23:54:13,199 INFO =====> EMD Loss: 27.568546295166016
2024-10-09 23:54:13,199 INFO =====> Height map loss: 28.4403018951416
2024-10-09 23:54:13,199 INFO =====> Insertion loss: 0.0
2024-10-09 23:54:13,199 INFO =====> Grad: [-1.1309144e+04  2.5223938e+04 -9.6968084e-05  8.6739248e+03
  1.0299791e-03]
2024-10-09 23:54:13,199 INFO =====> Skill params: [ 0.9888209   0.44367376  0.8142755  -0.01064033 -0.13130686]
2024-10-09 23:54:13,199 INFO =====> Num. aborted data so far: 0
2024-10-09 23:54:13,517 INFO ===> New TaichiEnv created.
2024-10-09 23:54:13,517 INFO ===> Specifications: horizon = 600, dt = 0.01, n_substeps = 20, dt_sub = 0.0005
2024-10-09 23:54:41,614 INFO =====> Epoch: 16
2024-10-09 23:54:41,614 INFO =====> EMD Loss: 27.50307846069336
2024-10-09 23:54:41,614 INFO =====> Height map loss: 28.175514221191406
2024-10-09 23:54:41,614 INFO =====> Insertion loss: 0.0
2024-10-09 23:54:41,614 INFO =====> Grad: [ 7.7866143e+03 -1.0440808e+04 -9.9131640e-04 -1.1602859e+04
  5.0862564e-04]
2024-10-09 23:54:41,614 INFO =====> Skill params: [ 0.98153985  0.44807887  0.833216   -0.00473683 -0.13617238]
2024-10-09 23:54:41,614 INFO =====> Num. aborted data so far: 0
2024-10-09 23:54:41,945 INFO ===> New TaichiEnv created.
2024-10-09 23:54:41,945 INFO ===> Specifications: horizon = 600, dt = 0.01, n_substeps = 20, dt_sub = 0.0005
2024-10-09 23:55:10,266 INFO =====> Epoch: 17
2024-10-09 23:55:10,267 INFO =====> EMD Loss: 27.459659576416016
2024-10-09 23:55:10,267 INFO =====> Height map loss: 28.312118530273438
2024-10-09 23:55:10,267 INFO =====> Insertion loss: 0.0
2024-10-09 23:55:10,267 INFO =====> Grad: [-3.2488174e+03  1.0963955e+04  3.8857144e-04 -2.2357398e+04
  2.4005107e-03]
2024-10-09 23:55:10,267 INFO =====> Skill params: [ 0.9847258   0.44325978  0.8256194   0.00647494 -0.15539333]
2024-10-09 23:55:10,267 INFO =====> Num. aborted data so far: 0
2024-10-09 23:55:10,598 INFO ===> New TaichiEnv created.
2024-10-09 23:55:10,598 INFO ===> Specifications: horizon = 600, dt = 0.01, n_substeps = 20, dt_sub = 0.0005
2024-10-09 23:55:38,021 INFO =====> Epoch: 18
2024-10-09 23:55:38,021 INFO =====> EMD Loss: 27.26364517211914
2024-10-09 23:55:38,021 INFO =====> Height map loss: 27.936920166015625
2024-10-09 23:55:38,021 INFO =====> Insertion loss: 0.0
2024-10-09 23:55:38,021 INFO =====> Grad: [ 8.5192861e+03 -9.5299258e+03  4.8113527e-04  6.9273765e+03
  8.4739423e-04]
2024-10-09 23:55:38,021 INFO =====> Skill params: [ 0.9762423   0.44763273  0.8161585   0.0028374  -0.16236927]
2024-10-09 23:55:38,021 INFO =====> Num. aborted data so far: 0
2024-10-09 23:55:38,364 INFO ===> New TaichiEnv created.
2024-10-09 23:55:38,364 INFO ===> Specifications: horizon = 600, dt = 0.01, n_substeps = 20, dt_sub = 0.0005
2024-10-09 23:56:05,848 INFO =====> Epoch: 19
2024-10-09 23:56:05,848 INFO =====> EMD Loss: 27.113962173461914
2024-10-09 23:56:05,848 INFO =====> Height map loss: 27.63661766052246
2024-10-09 23:56:05,848 INFO =====> Insertion loss: 0.0
2024-10-09 23:56:05,849 INFO =====> Grad: [ 3.7013035e+03 -8.4250605e+03  1.1184483e-03 -5.0017427e+03
  5.5979582e-04]
2024-10-09 23:56:05,849 INFO =====> Skill params: [ 0.9723862   0.4516744   0.7974619   0.00559532 -0.16717058]
2024-10-09 23:56:05,849 INFO =====> Num. aborted data so far: 0
2024-10-09 23:56:06,185 INFO ===> New TaichiEnv created.
2024-10-09 23:56:06,185 INFO ===> Specifications: horizon = 600, dt = 0.01, n_substeps = 20, dt_sub = 0.0005
2024-10-09 23:56:34,044 INFO =====> Epoch: 20
2024-10-09 23:56:34,044 INFO =====> EMD Loss: 26.987449645996094
2024-10-09 23:56:34,044 INFO =====> Height map loss: 27.686023712158203
2024-10-09 23:56:34,044 INFO =====> Insertion loss: 0.0
2024-10-09 23:56:34,044 INFO =====> Grad: [ 1.2788721e+04 -3.1512049e+04 -2.9207126e-03  3.4639449e+04
  1.3916333e-03]
2024-10-09 23:56:34,044 INFO =====> Skill params: [ 0.95955074  0.46590453  0.82440484 -0.01138787 -0.17886084]
2024-10-09 23:56:34,044 INFO =====> Num. aborted data so far: 0
2024-10-09 23:56:34,371 INFO ===> New TaichiEnv created.
2024-10-09 23:56:34,371 INFO ===> Specifications: horizon = 600, dt = 0.01, n_substeps = 20, dt_sub = 0.0005
2024-10-09 23:57:03,000 INFO =====> Epoch: 21
2024-10-09 23:57:03,000 INFO =====> EMD Loss: 27.2367000579834
2024-10-09 23:57:03,000 INFO =====> Height map loss: 27.971689224243164
2024-10-09 23:57:03,000 INFO =====> Insertion loss: 0.0
2024-10-09 23:57:03,000 INFO =====> Grad: [-2.9951130e+01  5.9862100e+03 -3.4996902e-04  1.9190035e+04
 -8.2573053e-05]
2024-10-09 23:57:03,000 INFO =====> Skill params: [ 0.95958245  0.46306658  0.8277883  -0.02085091 -0.17812987]
2024-10-09 23:57:03,000 INFO =====> Num. aborted data so far: 0
2024-10-09 23:57:03,337 INFO ===> New TaichiEnv created.
2024-10-09 23:57:03,337 INFO ===> Specifications: horizon = 600, dt = 0.01, n_substeps = 20, dt_sub = 0.0005
2024-10-09 23:57:31,144 INFO =====> Epoch: 22
2024-10-09 23:57:31,144 INFO =====> EMD Loss: 27.233678817749023
2024-10-09 23:57:31,144 INFO =====> Height map loss: 28.07175636291504
2024-10-09 23:57:31,144 INFO =====> Insertion loss: 0.0
2024-10-09 23:57:31,144 INFO =====> Grad: [ 2.0947524e+03 -8.3948535e+02 -4.6424282e-04  2.1655744e+04
  1.7297322e-04]
2024-10-09 23:57:31,144 INFO =====> Skill params: [ 0.9572528   0.46348605  0.83246726 -0.03145567 -0.17974183]
2024-10-09 23:57:31,144 INFO =====> Num. aborted data so far: 0
2024-10-09 23:57:31,474 INFO ===> New TaichiEnv created.
2024-10-09 23:57:31,474 INFO ===> Specifications: horizon = 600, dt = 0.01, n_substeps = 20, dt_sub = 0.0005
2024-10-09 23:57:59,741 INFO =====> Epoch: 23
2024-10-09 23:57:59,741 INFO =====> EMD Loss: 27.15372085571289
2024-10-09 23:57:59,741 INFO =====> Height map loss: 28.090383529663086
2024-10-09 23:57:59,741 INFO =====> Insertion loss: 0.0
2024-10-09 23:57:59,741 INFO =====> Grad: [-1.9500497e+03  1.3890753e+04 -4.0320483e-05  3.8354861e+03
  1.2615446e-03]
2024-10-09 23:57:59,741 INFO =====> Skill params: [ 0.9595329   0.4563579   0.8328956  -0.03343162 -0.19127992]
2024-10-09 23:57:59,741 INFO =====> Num. aborted data so far: 0
2024-10-09 23:58:00,070 INFO ===> New TaichiEnv created.
2024-10-09 23:58:00,070 INFO ===> Specifications: horizon = 600, dt = 0.01, n_substeps = 20, dt_sub = 0.0005
2024-10-09 23:58:27,827 INFO =====> Epoch: 24
2024-10-09 23:58:27,827 INFO =====> EMD Loss: 26.75284194946289
2024-10-09 23:58:27,827 INFO =====> Height map loss: 27.591859817504883
2024-10-09 23:58:27,827 INFO =====> Insertion loss: 0.0
2024-10-09 23:58:27,828 INFO =====> Grad: [ 4.3461382e+03 -7.3414399e+03  9.8352809e-04  3.2138516e+04
  1.2014529e-04]
2024-10-09 23:58:27,828 INFO =====> Skill params: [ 0.9542515   0.46029806  0.82249516 -0.04871163 -0.19243743]
2024-10-09 23:58:27,828 INFO =====> Num. aborted data so far: 0
2024-10-09 23:58:28,158 INFO ===> New TaichiEnv created.
2024-10-09 23:58:28,158 INFO ===> Specifications: horizon = 600, dt = 0.01, n_substeps = 20, dt_sub = 0.0005
2024-10-09 23:58:56,400 INFO =====> Epoch: 25
2024-10-09 23:58:56,401 INFO =====> EMD Loss: 26.777000427246094
2024-10-09 23:58:56,401 INFO =====> Height map loss: 27.65149688720703
2024-10-09 23:58:56,401 INFO =====> Insertion loss: 0.0
2024-10-09 23:58:56,401 INFO =====> Grad: [-1.1406157e+03  4.2302007e+03 -1.1291211e-04  3.8166060e+03
  4.2933319e-05]
2024-10-09 23:58:56,401 INFO =====> Skill params: [ 0.955711    0.45791173  0.82375276 -0.05062087 -0.19287339]
2024-10-09 23:58:56,401 INFO =====> Num. aborted data so far: 0
2024-10-09 23:58:56,728 INFO ===> New TaichiEnv created.
2024-10-09 23:58:56,728 INFO ===> Specifications: horizon = 600, dt = 0.01, n_substeps = 20, dt_sub = 0.0005
2024-10-09 23:59:24,789 INFO =====> Epoch: 26
2024-10-09 23:59:24,789 INFO =====> EMD Loss: 26.78594970703125
2024-10-09 23:59:24,789 INFO =====> Height map loss: 27.712974548339844
2024-10-09 23:59:24,789 INFO =====> Insertion loss: 0.0
2024-10-09 23:59:24,790 INFO =====> Grad: [5.39239868e+02 5.55136414e+02 1.05858024e-04 2.28066523e+04
 1.26725747e-04]
2024-10-09 23:59:24,790 INFO =====> Skill params: [ 0.9549839   0.45758164  0.8225109  -0.06186154 -0.19422857]
2024-10-09 23:59:24,790 INFO =====> Num. aborted data so far: 0
2024-10-09 23:59:25,121 INFO ===> New TaichiEnv created.
2024-10-09 23:59:25,121 INFO ===> Specifications: horizon = 600, dt = 0.01, n_substeps = 20, dt_sub = 0.0005
2024-10-09 23:59:53,334 INFO =====> Epoch: 27
2024-10-09 23:59:53,335 INFO =====> EMD Loss: 26.91628074645996
2024-10-09 23:59:53,335 INFO =====> Height map loss: 27.764846801757812
2024-10-09 23:59:53,335 INFO =====> Insertion loss: 0.0
2024-10-09 23:59:53,335 INFO =====> Grad: [-2.2301995e+03  6.9405723e+03 -2.3867202e-04  1.3159363e+02
 -2.4984411e-03]
2024-10-09 23:59:53,335 INFO =====> Skill params: [ 0.958138    0.4532721   0.82544947 -0.0619299  -0.17319703]
2024-10-09 23:59:53,335 INFO =====> Num. aborted data so far: 0
2024-10-09 23:59:53,675 INFO ===> New TaichiEnv created.
2024-10-09 23:59:53,675 INFO ===> Specifications: horizon = 600, dt = 0.01, n_substeps = 20, dt_sub = 0.0005
2024-10-10 00:00:21,767 INFO =====> Epoch: 28
2024-10-10 00:00:21,767 INFO =====> EMD Loss: 27.05067253112793
2024-10-10 00:00:21,767 INFO =====> Height map loss: 27.945714950561523
2024-10-10 00:00:21,767 INFO =====> Insertion loss: 0.0
2024-10-10 00:00:21,767 INFO =====> Grad: [ 7.4657998e+03 -1.8524367e+04 -2.9301929e-04  2.3351611e+04
  1.0731381e-03]
2024-10-10 00:00:21,767 INFO =====> Skill params: [ 0.9476395   0.46459284  0.8292251  -0.07378525 -0.18231481]
2024-10-10 00:00:21,767 INFO =====> Num. aborted data so far: 0
2024-10-10 00:00:22,104 INFO ===> New TaichiEnv created.
2024-10-10 00:00:22,104 INFO ===> Specifications: horizon = 600, dt = 0.01, n_substeps = 20, dt_sub = 0.0005
2024-10-10 00:00:50,377 INFO =====> Epoch: 29
2024-10-10 00:00:50,377 INFO =====> EMD Loss: 27.020816802978516
2024-10-10 00:00:50,377 INFO =====> Height map loss: 27.991960525512695
2024-10-10 00:00:50,377 INFO =====> Insertion loss: 0.0
2024-10-10 00:00:50,377 INFO =====> Grad: [-1.5088403e+04  7.3907445e+04  2.7391160e-04 -4.0774387e+04
  1.1517324e-03]
2024-10-10 00:00:50,377 INFO =====> Skill params: [ 0.9658994   0.4382512   0.82553023 -0.05582546 -0.19212118]
2024-10-10 00:00:50,377 INFO =====> Num. aborted data so far: 0
2024-10-10 00:00:50,716 INFO ===> New TaichiEnv created.
2024-10-10 00:00:50,716 INFO ===> Specifications: horizon = 600, dt = 0.01, n_substeps = 20, dt_sub = 0.0005
2024-10-10 00:01:18,423 INFO =====> Epoch: 30
2024-10-10 00:01:18,423 INFO =====> EMD Loss: 26.622636795043945
2024-10-10 00:01:18,423 INFO =====> Height map loss: 27.160661697387695
2024-10-10 00:01:18,423 INFO =====> Insertion loss: 0.0
2024-10-10 00:01:18,423 INFO =====> Grad: [-2.4827534e+03  2.7741606e+03  2.7836050e-04  9.4875713e+03
 -4.4954030e-04]
2024-10-10 00:01:18,423 INFO =====> Skill params: [ 0.96905077  0.43720952  0.8216029  -0.06018835 -0.188119  ]
2024-10-10 00:01:18,423 INFO =====> Num. aborted data so far: 0
2024-10-10 00:01:18,749 INFO ===> New TaichiEnv created.
2024-10-10 00:01:18,749 INFO ===> Specifications: horizon = 600, dt = 0.01, n_substeps = 20, dt_sub = 0.0005
2024-10-10 00:01:46,256 INFO =====> Epoch: 31
2024-10-10 00:01:46,257 INFO =====> EMD Loss: 26.62015151977539
2024-10-10 00:01:46,257 INFO =====> Height map loss: 27.26462173461914
2024-10-10 00:01:46,257 INFO =====> Insertion loss: 0.0
2024-10-10 00:01:46,257 INFO =====> Grad: [ 1.5052804e+04 -2.1336141e+04  6.4170075e-04 -2.4907410e+04
 -1.1693028e-04]
2024-10-10 00:01:46,257 INFO =====> Skill params: [ 0.9520633   0.44536844  0.81246644 -0.04890914 -0.18702233]
2024-10-10 00:01:46,257 INFO =====> Num. aborted data so far: 0
2024-10-10 00:01:46,585 INFO ===> New TaichiEnv created.
2024-10-10 00:01:46,585 INFO ===> Specifications: horizon = 600, dt = 0.01, n_substeps = 20, dt_sub = 0.0005
2024-10-10 00:02:14,863 INFO =====> Epoch: 32
2024-10-10 00:02:14,863 INFO =====> EMD Loss: 26.751806259155273
2024-10-10 00:02:14,863 INFO =====> Height map loss: 27.39360237121582
2024-10-10 00:02:14,863 INFO =====> Insertion loss: 0.0
2024-10-10 00:02:14,863 INFO =====> Grad: [-3.5431566e+04  2.1763328e+05 -4.6654107e-04  2.1400349e+02
 -4.7717243e-05]
2024-10-10 00:02:14,863 INFO =====> Skill params: [ 0.9773582   0.4156195   0.81930274 -0.04901129 -0.18655065]
2024-10-10 00:02:14,863 INFO =====> Num. aborted data so far: 0
2024-10-10 00:02:15,194 INFO ===> New TaichiEnv created.
2024-10-10 00:02:15,194 INFO ===> Specifications: horizon = 600, dt = 0.01, n_substeps = 20, dt_sub = 0.0005
2024-10-10 00:02:42,188 INFO =====> Epoch: 33
2024-10-10 00:02:42,189 INFO =====> EMD Loss: 26.581995010375977
2024-10-10 00:02:42,189 INFO =====> Height map loss: 27.044958114624023
2024-10-10 00:02:42,189 INFO =====> Insertion loss: 0.0
2024-10-10 00:02:42,189 INFO =====> Grad: [ 9.2734795e+03 -2.9747100e+04 -8.0294302e-04  1.3691649e+04
 -6.6996920e-03]
2024-10-10 00:02:42,189 INFO =====> Skill params: [ 0.9705437   0.41986683  0.8308486  -0.05574249 -0.15774557]
2024-10-10 00:02:42,189 INFO =====> Num. aborted data so far: 0
2024-10-10 00:02:42,520 INFO ===> New TaichiEnv created.
2024-10-10 00:02:42,520 INFO ===> Specifications: horizon = 600, dt = 0.01, n_substeps = 20, dt_sub = 0.0005
2024-10-10 00:03:09,750 INFO =====> Epoch: 34
2024-10-10 00:03:09,750 INFO =====> EMD Loss: 26.95208168029785
2024-10-10 00:03:09,750 INFO =====> Height map loss: 27.573040008544922
2024-10-10 00:03:09,750 INFO =====> Insertion loss: 0.0
2024-10-10 00:03:09,750 INFO =====> Grad: [ 9.1065107e+03 -1.7133438e+04 -2.4904654e-04  2.7154566e+04
 -4.8255848e-04]
2024-10-10 00:03:09,750 INFO =====> Skill params: [ 0.96365905  0.42243695  0.8345968  -0.06859908 -0.15556382]
2024-10-10 00:03:09,750 INFO =====> Num. aborted data so far: 0
2024-10-10 00:03:10,081 INFO ===> New TaichiEnv created.
2024-10-10 00:03:10,081 INFO ===> Specifications: horizon = 600, dt = 0.01, n_substeps = 20, dt_sub = 0.0005
2024-10-10 00:03:36,853 INFO =====> Epoch: 35
2024-10-10 00:03:36,853 INFO =====> EMD Loss: 26.85738182067871
2024-10-10 00:03:36,853 INFO =====> Height map loss: 27.499311447143555
2024-10-10 00:03:36,853 INFO =====> Insertion loss: 0.0
2024-10-10 00:03:36,853 INFO =====> Grad: [ 8.0877456e+03 -1.2658580e+04  3.0119799e-04  5.0607192e+03
  2.6997525e-04]
2024-10-10 00:03:36,853 INFO =====> Skill params: [ 0.9573437   0.42443454  0.82987213 -0.07111672 -0.1568494 ]
2024-10-10 00:03:36,853 INFO =====> Num. aborted data so far: 0
2024-10-10 00:03:37,191 INFO ===> New TaichiEnv created.
2024-10-10 00:03:37,191 INFO ===> Specifications: horizon = 600, dt = 0.01, n_substeps = 20, dt_sub = 0.0005
2024-10-10 00:04:04,470 INFO =====> Epoch: 36
2024-10-10 00:04:04,470 INFO =====> EMD Loss: 26.856521606445312
2024-10-10 00:04:04,470 INFO =====> Height map loss: 27.51262664794922
2024-10-10 00:04:04,470 INFO =====> Insertion loss: 0.0
2024-10-10 00:04:04,470 INFO =====> Grad: [ 6.7178745e+03 -1.5428332e+04  5.1337120e-05  2.0522182e+04
 -5.0558656e-04]
2024-10-10 00:04:04,470 INFO =====> Skill params: [ 0.9518969   0.4269925   0.8290236  -0.08130467 -0.15431978]
2024-10-10 00:04:04,470 INFO =====> Num. aborted data so far: 0
2024-10-10 00:04:04,825 INFO ===> New TaichiEnv created.
2024-10-10 00:04:04,825 INFO ===> Specifications: horizon = 600, dt = 0.01, n_substeps = 20, dt_sub = 0.0005
2024-10-10 00:04:31,768 INFO =====> Epoch: 37
2024-10-10 00:04:31,768 INFO =====> EMD Loss: 26.942533493041992
2024-10-10 00:04:31,768 INFO =====> Height map loss: 27.659818649291992
2024-10-10 00:04:31,768 INFO =====> Insertion loss: 0.0
2024-10-10 00:04:31,768 INFO =====> Grad: [ 6.60902881e+03 -1.28648594e+04  1.21733945e-04  1.62482949e+04
 -1.05785672e-04]
2024-10-10 00:04:31,768 INFO =====> Skill params: [ 0.9463365   0.42923516  0.8269074  -0.08951561 -0.15376195]
2024-10-10 00:04:31,769 INFO =====> Num. aborted data so far: 0
2024-10-10 00:04:32,125 INFO ===> New TaichiEnv created.
2024-10-10 00:04:32,125 INFO ===> Specifications: horizon = 600, dt = 0.01, n_substeps = 20, dt_sub = 0.0005
2024-10-10 00:04:59,102 INFO =====> Epoch: 38
2024-10-10 00:04:59,102 INFO =====> EMD Loss: 27.004629135131836
2024-10-10 00:04:59,102 INFO =====> Height map loss: 27.690275192260742
2024-10-10 00:04:59,102 INFO =====> Insertion loss: 0.0
2024-10-10 00:04:59,102 INFO =====> Grad: [ 5.6677471e+03 -4.3642008e+04 -1.9212635e-04  4.2845781e+03
 -9.7445496e-05]
2024-10-10 00:04:59,102 INFO =====> Skill params: [ 0.9413724   0.4370085   0.83040637 -0.09179199 -0.15322039]
2024-10-10 00:04:59,102 INFO =====> Num. aborted data so far: 0
2024-10-10 00:04:59,444 INFO ===> New TaichiEnv created.
2024-10-10 00:04:59,445 INFO ===> Specifications: horizon = 600, dt = 0.01, n_substeps = 20, dt_sub = 0.0005
2024-10-10 00:05:26,740 INFO =====> Epoch: 39
2024-10-10 00:05:26,740 INFO =====> EMD Loss: 27.066442489624023
2024-10-10 00:05:26,740 INFO =====> Height map loss: 27.92097282409668
2024-10-10 00:05:26,740 INFO =====> Insertion loss: 0.0
2024-10-10 00:05:26,740 INFO =====> Grad: [ 5.1600199e+04 -9.9309469e+04 -1.5604533e-03  2.6010857e+04
 -8.8861706e-03]
2024-10-10 00:05:26,740 INFO =====> Skill params: [ 0.9150259   0.45306993  0.85215366 -0.10502268 -0.12619351]
2024-10-10 00:05:26,740 INFO =====> Num. aborted data so far: 0
2024-10-10 00:05:27,091 INFO ===> New TaichiEnv created.
2024-10-10 00:05:27,091 INFO ===> Specifications: horizon = 600, dt = 0.01, n_substeps = 20, dt_sub = 0.0005
2024-10-10 00:05:56,563 INFO =====> Epoch: 40
2024-10-10 00:05:56,563 INFO =====> EMD Loss: 27.448015213012695
2024-10-10 00:05:56,563 INFO =====> Height map loss: 28.913660049438477
2024-10-10 00:05:56,563 INFO =====> Insertion loss: 0.0
2024-10-10 00:05:56,563 INFO =====> Grad: [ 7.6228156e+02 -3.6193623e+03  2.1305437e-04  1.1591461e+04
 -1.4678713e-04]
2024-10-10 00:05:56,563 INFO =====> Skill params: [ 0.91461563  0.45368683  0.849039   -0.11112107 -0.12572296]
2024-10-10 00:05:56,563 INFO =====> Num. aborted data so far: 0
2024-10-10 00:05:56,900 INFO ===> New TaichiEnv created.
2024-10-10 00:05:56,900 INFO ===> Specifications: horizon = 600, dt = 0.01, n_substeps = 20, dt_sub = 0.0005
2024-10-10 00:06:24,662 INFO =====> Epoch: 41
2024-10-10 00:06:24,663 INFO =====> EMD Loss: 27.522645950317383
2024-10-10 00:06:24,663 INFO =====> Height map loss: 29.05682945251465
2024-10-10 00:06:24,663 INFO =====> Insertion loss: 0.0
2024-10-10 00:06:24,663 INFO =====> Grad: [ 3.1742966e+03 -1.9730027e+04 -5.4867523e-05 -1.3794914e+04
  2.0766505e-05]
2024-10-10 00:06:24,663 INFO =====> Skill params: [ 0.91281784  0.45720962  0.8498842  -0.10368533 -0.12579313]
2024-10-10 00:06:24,663 INFO =====> Num. aborted data so far: 0
2024-10-10 00:06:25,005 INFO ===> New TaichiEnv created.
2024-10-10 00:06:25,005 INFO ===> Specifications: horizon = 600, dt = 0.01, n_substeps = 20, dt_sub = 0.0005
2024-10-10 00:06:53,451 INFO =====> Epoch: 42
2024-10-10 00:06:53,452 INFO =====> EMD Loss: 27.812265396118164
2024-10-10 00:06:53,452 INFO =====> Height map loss: 29.202362060546875
2024-10-10 00:06:53,452 INFO =====> Insertion loss: 0.0
2024-10-10 00:06:53,452 INFO =====> Grad: [-2.8073645e+02 -9.5587393e+03  2.7375258e-04 -2.6690322e+04
 -1.9771091e-03]
2024-10-10 00:06:53,452 INFO =====> Skill params: [ 0.91298544  0.45900574  0.84548247 -0.09001151 -0.11891946]
2024-10-10 00:06:53,452 INFO =====> Num. aborted data so far: 0
2024-10-10 00:06:53,789 INFO ===> New TaichiEnv created.
2024-10-10 00:06:53,790 INFO ===> Specifications: horizon = 600, dt = 0.01, n_substeps = 20, dt_sub = 0.0005
2024-10-10 00:07:22,067 INFO =====> Epoch: 43
2024-10-10 00:07:22,067 INFO =====> EMD Loss: 27.943544387817383
2024-10-10 00:07:22,067 INFO =====> Height map loss: 29.53114891052246
2024-10-10 00:07:22,067 INFO =====> Insertion loss: 0.0
2024-10-10 00:07:22,067 INFO =====> Grad: [-6.440279e+05  3.430991e+06  3.168713e-02 -7.459501e+04 -2.496078e-03]
2024-10-10 00:07:22,067 INFO =====> Skill params: [ 0.94451237  0.42741716  0.8139144  -0.06513745 -0.11013237]
2024-10-10 00:07:22,067 INFO =====> Num. aborted data so far: 0
2024-10-10 00:07:22,406 INFO ===> New TaichiEnv created.
2024-10-10 00:07:22,406 INFO ===> Specifications: horizon = 600, dt = 0.01, n_substeps = 20, dt_sub = 0.0005
2024-10-10 00:07:50,057 INFO =====> Epoch: 44
2024-10-10 00:07:50,057 INFO =====> EMD Loss: 27.510894775390625
2024-10-10 00:07:50,057 INFO =====> Height map loss: 28.39019012451172
2024-10-10 00:07:50,057 INFO =====> Insertion loss: 0.0
2024-10-10 00:07:50,057 INFO =====> Grad: [-3.5604260e+03  3.8602121e+04  6.6820602e-04  9.4570117e+03
  1.1474447e-03]
2024-10-10 00:07:50,057 INFO =====> Skill params: [ 0.94469607  0.42704254  0.8132129  -0.0684433  -0.11435221]
2024-10-10 00:07:50,057 INFO =====> Num. aborted data so far: 0
2024-10-10 00:07:50,397 INFO ===> New TaichiEnv created.
2024-10-10 00:07:50,398 INFO ===> Specifications: horizon = 600, dt = 0.01, n_substeps = 20, dt_sub = 0.0005
2024-10-10 00:08:17,485 INFO =====> Epoch: 45
2024-10-10 00:08:17,485 INFO =====> EMD Loss: 27.388385772705078
2024-10-10 00:08:17,485 INFO =====> Height map loss: 28.359172821044922
2024-10-10 00:08:17,485 INFO =====> Insertion loss: 0.0
2024-10-10 00:08:17,486 INFO =====> Grad: [ 2.3847319e+03 -6.1636392e+03  6.7455048e-04 -1.2609934e+04
 -1.1221219e-03]
2024-10-10 00:08:17,486 INFO =====> Skill params: [ 0.94456637  0.4271056   0.81246656 -0.06384621 -0.11004286]
2024-10-10 00:08:17,486 INFO =====> Num. aborted data so far: 0
2024-10-10 00:08:17,830 INFO ===> New TaichiEnv created.
2024-10-10 00:08:17,830 INFO ===> Specifications: horizon = 600, dt = 0.01, n_substeps = 20, dt_sub = 0.0005
2024-10-10 00:08:44,813 INFO =====> Epoch: 46
2024-10-10 00:08:44,813 INFO =====> EMD Loss: 27.46863555908203
2024-10-10 00:08:44,813 INFO =====> Height map loss: 28.334978103637695
2024-10-10 00:08:44,813 INFO =====> Insertion loss: 0.0
2024-10-10 00:08:44,813 INFO =====> Grad: [-2.0228987e+02  1.3016520e+04 -1.2605212e-04  2.0493455e+04
  3.3436285e-03]
2024-10-10 00:08:44,813 INFO =====> Skill params: [ 0.944578    0.42696527  0.81261355 -0.07148805 -0.12248626]
2024-10-10 00:08:44,813 INFO =====> Num. aborted data so far: 0
2024-10-10 00:08:45,141 INFO ===> New TaichiEnv created.
2024-10-10 00:08:45,142 INFO ===> Specifications: horizon = 600, dt = 0.01, n_substeps = 20, dt_sub = 0.0005
2024-10-10 00:09:12,025 INFO =====> Epoch: 47
2024-10-10 00:09:12,025 INFO =====> EMD Loss: 27.163259506225586
2024-10-10 00:09:12,025 INFO =====> Height map loss: 27.925661087036133
2024-10-10 00:09:12,025 INFO =====> Insertion loss: 0.0
2024-10-10 00:09:12,025 INFO =====> Grad: [-2.4570408e+03  1.7598287e+04  1.4491809e-04  1.0670249e+04
 -1.0436447e-05]
2024-10-10 00:09:12,025 INFO =====> Skill params: [ 0.94472647  0.42676526  0.8124354  -0.07564571 -0.12244532]
2024-10-10 00:09:12,025 INFO =====> Num. aborted data so far: 0
2024-10-10 00:09:12,367 INFO ===> New TaichiEnv created.
2024-10-10 00:09:12,367 INFO ===> Specifications: horizon = 600, dt = 0.01, n_substeps = 20, dt_sub = 0.0005
2024-10-10 00:09:39,370 INFO =====> Epoch: 48
2024-10-10 00:09:39,370 INFO =====> EMD Loss: 27.160526275634766
2024-10-10 00:09:39,370 INFO =====> Height map loss: 28.030689239501953
2024-10-10 00:09:39,370 INFO =====> Insertion loss: 0.0
2024-10-10 00:09:39,370 INFO =====> Grad: [-1.1868100e+04  2.0673916e+04  2.4045794e-03 -9.4122344e+03
 -8.9282991e-04]
2024-10-10 00:09:39,370 INFO =====> Skill params: [ 0.94548225  0.4265176   0.8093347  -0.07180841 -0.11877835]
2024-10-10 00:09:39,370 INFO =====> Num. aborted data so far: 0
2024-10-10 00:09:39,728 INFO ===> New TaichiEnv created.
2024-10-10 00:09:39,729 INFO ===> Specifications: horizon = 600, dt = 0.01, n_substeps = 20, dt_sub = 0.0005
2024-10-10 00:10:06,846 INFO =====> Epoch: 49
2024-10-10 00:10:06,846 INFO =====> EMD Loss: 27.33993911743164
2024-10-10 00:10:06,846 INFO =====> Height map loss: 28.280292510986328
2024-10-10 00:10:06,846 INFO =====> Insertion loss: 0.0
2024-10-10 00:10:06,846 INFO =====> Grad: [-1.6839950e+03  3.0355579e+03  1.6910455e-04 -1.8151203e+04
  1.9698171e-04]
2024-10-10 00:10:06,846 INFO =====> Skill params: [ 0.9455953   0.42647928  0.80910486 -0.06423502 -0.11963083]
2024-10-10 00:10:06,846 INFO =====> Num. aborted data so far: 0
2024-10-10 00:10:07,203 INFO ===> New TaichiEnv created.
2024-10-10 00:10:07,204 INFO ===> Specifications: horizon = 600, dt = 0.01, n_substeps = 20, dt_sub = 0.0005
2024-10-10 00:10:34,198 INFO =====> Epoch: 50
2024-10-10 00:10:34,198 INFO =====> EMD Loss: 27.427457809448242
2024-10-10 00:10:34,198 INFO =====> Height map loss: 28.386314392089844
2024-10-10 00:10:34,198 INFO =====> Insertion loss: 0.0
2024-10-10 00:10:34,199 INFO =====> Grad: [-1.4345720e+04  3.1969074e+04 -4.0410896e-04 -2.3264758e+04
  9.5004292e-04]
2024-10-10 00:10:34,199 INFO =====> Skill params: [ 0.9466099   0.4260538   0.80968374 -0.0544999  -0.12392461]
2024-10-10 00:10:34,199 INFO =====> Num. aborted data so far: 0
2024-10-10 00:10:34,550 INFO ===> New TaichiEnv created.
2024-10-10 00:10:34,550 INFO ===> Specifications: horizon = 600, dt = 0.01, n_substeps = 20, dt_sub = 0.0005
2024-10-10 00:11:02,058 INFO =====> Epoch: 51
2024-10-10 00:11:02,058 INFO =====> EMD Loss: 27.236047744750977
2024-10-10 00:11:02,058 INFO =====> Height map loss: 27.8723087310791
2024-10-10 00:11:02,058 INFO =====> Insertion loss: 0.0
2024-10-10 00:11:02,058 INFO =====> Grad: [-6.7981903e+01  3.1699028e+03  1.2705437e-05  1.9578133e+04
 -2.6371767e-04]
2024-10-10 00:11:02,058 INFO =====> Skill params: [ 0.946615    0.42600933  0.80966455 -0.06283046 -0.12266924]
2024-10-10 00:11:02,058 INFO =====> Num. aborted data so far: 0
2024-10-10 00:11:02,400 INFO ===> New TaichiEnv created.
2024-10-10 00:11:02,400 INFO ===> Specifications: horizon = 600, dt = 0.01, n_substeps = 20, dt_sub = 0.0005
2024-10-10 00:11:29,737 INFO =====> Epoch: 52
2024-10-10 00:11:29,737 INFO =====> EMD Loss: 27.19634437561035
2024-10-10 00:11:29,737 INFO =====> Height map loss: 27.807165145874023
2024-10-10 00:11:29,737 INFO =====> Insertion loss: 0.0
2024-10-10 00:11:29,737 INFO =====> Grad: [ 3.3710434e+02 -1.4658444e+03 -1.3805693e-04  2.0063297e+04
  2.1878039e-04]
2024-10-10 00:11:29,737 INFO =====> Skill params: [ 0.9465885   0.426031    0.8098843  -0.07148564 -0.12376637]
2024-10-10 00:11:29,737 INFO =====> Num. aborted data so far: 0
2024-10-10 00:11:30,089 INFO ===> New TaichiEnv created.
2024-10-10 00:11:30,090 INFO ===> Specifications: horizon = 600, dt = 0.01, n_substeps = 20, dt_sub = 0.0005
2024-10-10 00:11:57,375 INFO =====> Epoch: 53
2024-10-10 00:11:57,375 INFO =====> EMD Loss: 27.204648971557617
2024-10-10 00:11:57,375 INFO =====> Height map loss: 27.883886337280273
2024-10-10 00:11:57,375 INFO =====> Insertion loss: 0.0
2024-10-10 00:11:57,375 INFO =====> Grad: [ 1.1152318e+03 -2.3488147e+03 -1.5703772e-06 -2.6310885e+04
 -3.0152014e-04]
2024-10-10 00:11:57,375 INFO =====> Skill params: [ 0.9464961   0.42606762  0.80988693 -0.06029546 -0.12217455]
2024-10-10 00:11:57,375 INFO =====> Num. aborted data so far: 0
2024-10-10 00:11:57,722 INFO ===> New TaichiEnv created.
2024-10-10 00:11:57,722 INFO ===> Specifications: horizon = 600, dt = 0.01, n_substeps = 20, dt_sub = 0.0005
2024-10-10 00:12:25,246 INFO =====> Epoch: 54
2024-10-10 00:12:25,246 INFO =====> EMD Loss: 27.212919235229492
2024-10-10 00:12:25,247 INFO =====> Height map loss: 27.84027671813965
2024-10-10 00:12:25,247 INFO =====> Insertion loss: 0.0
2024-10-10 00:12:25,247 INFO =====> Grad: [ 1.5051819e+01 -2.3207771e+03 -1.1645600e-03 -2.0836396e+04
  8.8675786e-04]
2024-10-10 00:12:25,247 INFO =====> Skill params: [ 0.9464948   0.42610577  0.8119421  -0.05133693 -0.12705025]
2024-10-10 00:12:25,247 INFO =====> Num. aborted data so far: 0
2024-10-10 00:12:25,598 INFO ===> New TaichiEnv created.
2024-10-10 00:12:25,598 INFO ===> Specifications: horizon = 600, dt = 0.01, n_substeps = 20, dt_sub = 0.0005
2024-10-10 00:12:53,478 INFO =====> Epoch: 55
2024-10-10 00:12:53,478 INFO =====> EMD Loss: 27.24634552001953
2024-10-10 00:12:53,478 INFO =====> Height map loss: 27.892465591430664
2024-10-10 00:12:53,478 INFO =====> Insertion loss: 0.0
2024-10-10 00:12:53,479 INFO =====> Grad: [-1.3718971e+03  5.6847031e+03  4.1393097e-04 -5.6246152e+03
  1.0476703e-03]
2024-10-10 00:12:53,479 INFO =====> Skill params: [ 0.94662106  0.4260073   0.8111723  -0.04879607 -0.13301337]
2024-10-10 00:12:53,479 INFO =====> Num. aborted data so far: 0
2024-10-10 00:12:53,834 INFO ===> New TaichiEnv created.
2024-10-10 00:12:53,834 INFO ===> Specifications: horizon = 600, dt = 0.01, n_substeps = 20, dt_sub = 0.0005
2024-10-10 00:13:21,204 INFO =====> Epoch: 56
2024-10-10 00:13:21,204 INFO =====> EMD Loss: 27.26165771484375
2024-10-10 00:13:21,204 INFO =====> Height map loss: 27.914886474609375
2024-10-10 00:13:21,204 INFO =====> Insertion loss: 0.0
2024-10-10 00:13:21,204 INFO =====> Grad: [ 7.8849165e+03 -1.6082659e+04  4.1450892e-04  2.9037727e+04
  6.9332169e-04]
2024-10-10 00:13:21,205 INFO =====> Skill params: [ 0.94585633  0.4263009   0.81036    -0.06146495 -0.13713753]
2024-10-10 00:13:21,205 INFO =====> Num. aborted data so far: 0
2024-10-10 00:13:21,575 INFO ===> New TaichiEnv created.
2024-10-10 00:13:21,575 INFO ===> Specifications: horizon = 600, dt = 0.01, n_substeps = 20, dt_sub = 0.0005
2024-10-10 00:13:48,822 INFO =====> Epoch: 57
2024-10-10 00:13:48,822 INFO =====> EMD Loss: 27.187137603759766
2024-10-10 00:13:48,822 INFO =====> Height map loss: 27.759315490722656
2024-10-10 00:13:48,822 INFO =====> Insertion loss: 0.0
2024-10-10 00:13:48,823 INFO =====> Grad: [-1.4452869e+04  2.9361262e+04 -4.5818117e-04 -2.0424688e+04
 -1.2715589e-03]
2024-10-10 00:13:48,823 INFO =====> Skill params: [ 0.94733226  0.42573598  0.811306   -0.05246067 -0.12940656]
2024-10-10 00:13:48,823 INFO =====> Num. aborted data so far: 0
2024-10-10 00:13:49,195 INFO ===> New TaichiEnv created.
2024-10-10 00:13:49,195 INFO ===> Specifications: horizon = 600, dt = 0.01, n_substeps = 20, dt_sub = 0.0005
2024-10-10 00:14:16,428 INFO =====> Epoch: 58
2024-10-10 00:14:16,428 INFO =====> EMD Loss: 27.272632598876953
2024-10-10 00:14:16,428 INFO =====> Height map loss: 27.80970001220703
2024-10-10 00:14:16,428 INFO =====> Insertion loss: 0.0
2024-10-10 00:14:16,428 INFO =====> Grad: [ 3.5653309e+04 -1.2736927e+05  1.0807968e-03 -2.8825310e+03
  3.3423473e-04]
2024-10-10 00:14:16,428 INFO =====> Skill params: [ 0.9435224   0.42831066  0.8089603  -0.05112236 -0.1315437 ]
2024-10-10 00:14:16,428 INFO =====> Num. aborted data so far: 0
2024-10-10 00:14:16,784 INFO ===> New TaichiEnv created.
2024-10-10 00:14:16,785 INFO ===> Specifications: horizon = 600, dt = 0.01, n_substeps = 20, dt_sub = 0.0005
2024-10-10 00:14:44,120 INFO =====> Epoch: 59
2024-10-10 00:14:44,120 INFO =====> EMD Loss: 27.289958953857422
2024-10-10 00:14:44,120 INFO =====> Height map loss: 27.810646057128906
2024-10-10 00:14:44,120 INFO =====> Insertion loss: 0.0
2024-10-10 00:14:44,120 INFO =====> Grad: [ 8.3418125e+03 -7.9226836e+04 -8.7717938e-04 -7.1287900e+03
 -1.2467503e-04]
2024-10-10 00:14:44,120 INFO =====> Skill params: [ 0.9425832   0.4299964   0.81096303 -0.04765458 -0.13070369]
2024-10-10 00:14:44,120 INFO =====> Num. aborted data so far: 0
2024-10-10 00:14:44,472 INFO ===> New TaichiEnv created.
2024-10-10 00:14:44,472 INFO ===> Specifications: horizon = 600, dt = 0.01, n_substeps = 20, dt_sub = 0.0005
2024-10-10 00:15:12,454 INFO =====> Epoch: 60
2024-10-10 00:15:12,454 INFO =====> EMD Loss: 27.26678466796875
2024-10-10 00:15:12,454 INFO =====> Height map loss: 27.918107986450195
2024-10-10 00:15:12,454 INFO =====> Insertion loss: 0.0
2024-10-10 00:15:12,454 INFO =====> Grad: [-1.0218554e+04  1.1801797e+05  5.8120390e-04  1.0429133e+04
 -2.8847737e-04]
2024-10-10 00:15:12,454 INFO =====> Skill params: [ 0.943795    0.42735866  0.80956566 -0.05292736 -0.12865919]
2024-10-10 00:15:12,454 INFO =====> Num. aborted data so far: 0
2024-10-10 00:15:12,947 INFO ===> New TaichiEnv created.
2024-10-10 00:15:12,947 INFO ===> Specifications: horizon = 600, dt = 0.01, n_substeps = 20, dt_sub = 0.0005
2024-10-10 00:15:41,305 INFO =====> Epoch: 61
2024-10-10 00:15:41,305 INFO =====> EMD Loss: 27.327898025512695
2024-10-10 00:15:41,305 INFO =====> Height map loss: 27.968704223632812
2024-10-10 00:15:41,305 INFO =====> Insertion loss: 0.0
2024-10-10 00:15:41,305 INFO =====> Grad: [-6.4652583e+03  6.0063121e+04 -3.1831377e-04  3.0402426e+04
 -1.3365459e-03]
2024-10-10 00:15:41,305 INFO =====> Skill params: [ 0.94460297  0.42594504  0.8103721  -0.06734716 -0.11913775]
2024-10-10 00:15:41,305 INFO =====> Num. aborted data so far: 0
2024-10-10 00:15:41,660 INFO ===> New TaichiEnv created.
2024-10-10 00:15:41,660 INFO ===> Specifications: horizon = 600, dt = 0.01, n_substeps = 20, dt_sub = 0.0005
2024-10-10 00:16:09,756 INFO =====> Epoch: 62
2024-10-10 00:16:09,756 INFO =====> EMD Loss: 27.52111053466797
2024-10-10 00:16:09,756 INFO =====> Height map loss: 28.34602165222168
2024-10-10 00:16:09,756 INFO =====> Insertion loss: 0.0
2024-10-10 00:16:09,756 INFO =====> Grad: [ 1.1953587e+04  1.3478293e+03 -1.3330818e-02 -8.0451086e+04
  9.5446670e-04]
2024-10-10 00:16:09,756 INFO =====> Skill params: [ 0.9430303   0.4259116   0.8340147  -0.04248757 -0.1261278 ]
2024-10-10 00:16:09,756 INFO =====> Num. aborted data so far: 0
2024-10-10 00:16:10,115 INFO ===> New TaichiEnv created.
2024-10-10 00:16:10,115 INFO ===> Specifications: horizon = 600, dt = 0.01, n_substeps = 20, dt_sub = 0.0005
2024-10-10 00:16:37,676 INFO =====> Epoch: 63
2024-10-10 00:16:37,676 INFO =====> EMD Loss: 27.40443992614746
2024-10-10 00:16:37,676 INFO =====> Height map loss: 27.855806350708008
2024-10-10 00:16:37,676 INFO =====> Insertion loss: 0.0
2024-10-10 00:16:37,676 INFO =====> Grad: [-9.8803906e+03  1.1648901e+04  2.2272300e-03  2.0338971e+04
  1.9552293e-03]
2024-10-10 00:16:37,676 INFO =====> Skill params: [ 0.94439924  0.425607    0.8298866  -0.04897157 -0.1397494 ]
2024-10-10 00:16:37,676 INFO =====> Num. aborted data so far: 0
2024-10-10 00:16:38,032 INFO ===> New TaichiEnv created.
2024-10-10 00:16:38,032 INFO ===> Specifications: horizon = 600, dt = 0.01, n_substeps = 20, dt_sub = 0.0005
2024-10-10 00:17:05,627 INFO =====> Epoch: 64
2024-10-10 00:17:05,627 INFO =====> EMD Loss: 27.208545684814453
2024-10-10 00:17:05,627 INFO =====> Height map loss: 27.84840202331543
2024-10-10 00:17:05,627 INFO =====> Insertion loss: 0.0
2024-10-10 00:17:05,627 INFO =====> Grad: [ 4.3080166e+03 -1.2928963e+04  4.2007340e-04  1.1318109e+04
 -1.6130226e-03]
2024-10-10 00:17:05,627 INFO =====> Skill params: [ 0.9437702   0.42596334  0.82906616 -0.05274771 -0.1286567 ]
2024-10-10 00:17:05,627 INFO =====> Num. aborted data so far: 0
2024-10-10 00:17:05,976 INFO ===> New TaichiEnv created.
2024-10-10 00:17:05,976 INFO ===> Specifications: horizon = 600, dt = 0.01, n_substeps = 20, dt_sub = 0.0005
2024-10-10 00:17:33,944 INFO =====> Epoch: 65
2024-10-10 00:17:33,944 INFO =====> EMD Loss: 27.24032211303711
2024-10-10 00:17:33,944 INFO =====> Height map loss: 27.871780395507812
2024-10-10 00:17:33,944 INFO =====> Insertion loss: 0.0
2024-10-10 00:17:33,944 INFO =====> Grad: [ 5.6775928e+03 -1.4604188e+04 -3.6584487e-04  7.0291803e+02
  3.2565734e-04]
2024-10-10 00:17:33,944 INFO =====> Skill params: [ 0.94289666  0.4263876   0.82981914 -0.05299491 -0.13101083]
2024-10-10 00:17:33,944 INFO =====> Num. aborted data so far: 0
2024-10-10 00:17:34,294 INFO ===> New TaichiEnv created.
2024-10-10 00:17:34,294 INFO ===> Specifications: horizon = 600, dt = 0.01, n_substeps = 20, dt_sub = 0.0005
2024-10-10 00:18:02,163 INFO =====> Epoch: 66
2024-10-10 00:18:02,163 INFO =====> EMD Loss: 27.24248695373535
2024-10-10 00:18:02,163 INFO =====> Height map loss: 27.85744857788086
2024-10-10 00:18:02,163 INFO =====> Insertion loss: 0.0
2024-10-10 00:18:02,163 INFO =====> Grad: [ 1.9666675e+03 -2.3430191e+04  9.2617774e-05 -2.4557043e+04
 -1.6236585e-03]
2024-10-10 00:18:02,164 INFO =====> Skill params: [ 0.9425777   0.4271049   0.8296182  -0.04424695 -0.11948919]
2024-10-10 00:18:02,164 INFO =====> Num. aborted data so far: 0
2024-10-10 00:18:02,519 INFO ===> New TaichiEnv created.
2024-10-10 00:18:02,519 INFO ===> Specifications: horizon = 600, dt = 0.01, n_substeps = 20, dt_sub = 0.0005
2024-10-10 00:18:30,070 INFO =====> Epoch: 67
2024-10-10 00:18:30,070 INFO =====> EMD Loss: 27.657672882080078
2024-10-10 00:18:30,070 INFO =====> Height map loss: 28.307798385620117
2024-10-10 00:18:30,070 INFO =====> Insertion loss: 0.0
2024-10-10 00:18:30,070 INFO =====> Grad: [-4.6500771e+03  2.1995443e+04  1.0735297e-05 -3.7826398e+04
  2.2923839e-03]
2024-10-10 00:18:30,070 INFO =====> Skill params: [ 0.94337237  0.42639527  0.82959366 -0.03129015 -0.13456273]
2024-10-10 00:18:30,070 INFO =====> Num. aborted data so far: 0
2024-10-10 00:18:30,419 INFO ===> New TaichiEnv created.
2024-10-10 00:18:30,420 INFO ===> Specifications: horizon = 600, dt = 0.01, n_substeps = 20, dt_sub = 0.0005
2024-10-10 00:18:58,141 INFO =====> Epoch: 68
2024-10-10 00:18:58,141 INFO =====> EMD Loss: 27.350543975830078
2024-10-10 00:18:58,141 INFO =====> Height map loss: 27.799640655517578
2024-10-10 00:18:58,141 INFO =====> Insertion loss: 0.0
2024-10-10 00:18:58,141 INFO =====> Grad: [-4.5386548e+03  1.5347732e+04 -2.7961220e-04 -1.0436174e+04
 -2.3468818e-05]
2024-10-10 00:18:58,141 INFO =====> Skill params: [ 0.94418967  0.4258734   0.8302675  -0.02754852 -0.13440007]
2024-10-10 00:18:58,141 INFO =====> Num. aborted data so far: 0
2024-10-10 00:18:58,496 INFO ===> New TaichiEnv created.
2024-10-10 00:18:58,496 INFO ===> Specifications: horizon = 600, dt = 0.01, n_substeps = 20, dt_sub = 0.0005
2024-10-10 00:19:26,330 INFO =====> Epoch: 69
2024-10-10 00:19:26,331 INFO =====> EMD Loss: 27.324586868286133
2024-10-10 00:19:26,331 INFO =====> Height map loss: 27.82086753845215
2024-10-10 00:19:26,331 INFO =====> Insertion loss: 0.0
2024-10-10 00:19:26,331 INFO =====> Grad: [-6.8206030e+03  1.5578468e+04 -4.4545240e-04 -3.3050340e+04
  2.2252789e-06]
2024-10-10 00:19:26,331 INFO =====> Skill params: [ 0.9454832   0.4253151   0.8313983  -0.01593152 -0.13441633]
2024-10-10 00:19:26,331 INFO =====> Num. aborted data so far: 0
2024-10-10 00:19:26,689 INFO ===> New TaichiEnv created.
2024-10-10 00:19:26,690 INFO ===> Specifications: horizon = 600, dt = 0.01, n_substeps = 20, dt_sub = 0.0005
2024-10-10 00:19:54,485 INFO =====> Epoch: 70
2024-10-10 00:19:54,485 INFO =====> EMD Loss: 27.41404914855957
2024-10-10 00:19:54,486 INFO =====> Height map loss: 27.85368537902832
2024-10-10 00:19:54,486 INFO =====> Insertion loss: 0.0
2024-10-10 00:19:54,486 INFO =====> Grad: [-1.61755205e+04  3.18346895e+04 -6.69900546e-05 -2.27926035e+04
 -3.94864473e-05]
2024-10-10 00:19:54,486 INFO =====> Skill params: [ 0.94870013  0.42411342  0.83157754 -0.00777261 -0.13411225]
2024-10-10 00:19:54,486 INFO =====> Num. aborted data so far: 0
2024-10-10 00:19:54,857 INFO ===> New TaichiEnv created.
2024-10-10 00:19:54,857 INFO ===> Specifications: horizon = 600, dt = 0.01, n_substeps = 20, dt_sub = 0.0005
2024-10-10 00:20:22,148 INFO =====> Epoch: 71
2024-10-10 00:20:22,148 INFO =====> EMD Loss: 27.320295333862305
2024-10-10 00:20:22,148 INFO =====> Height map loss: 27.969783782958984
2024-10-10 00:20:22,148 INFO =====> Insertion loss: 0.0
2024-10-10 00:20:22,149 INFO =====> Grad: [-1.0278754e+04  1.8713678e+04 -3.7929439e-04 -5.4475068e+03
 -7.9175647e-05]
2024-10-10 00:20:22,149 INFO =====> Skill params: [ 0.9508499   0.42336902  0.8326468  -0.00572146 -0.13346969]
2024-10-10 00:20:22,149 INFO =====> Num. aborted data so far: 0
2024-10-10 00:20:22,525 INFO ===> New TaichiEnv created.
2024-10-10 00:20:22,525 INFO ===> Specifications: horizon = 600, dt = 0.01, n_substeps = 20, dt_sub = 0.0005
2024-10-10 00:20:50,002 INFO =====> Epoch: 72
2024-10-10 00:20:50,002 INFO =====> EMD Loss: 27.470062255859375
2024-10-10 00:20:50,002 INFO =====> Height map loss: 28.111661911010742
2024-10-10 00:20:50,002 INFO =====> Insertion loss: 0.0
2024-10-10 00:20:50,002 INFO =====> Grad: [-2.6515195e+04  5.6614812e+04 -2.4124986e-04  1.8277674e+04
 -5.1290460e-04]
2024-10-10 00:20:50,002 INFO =====> Skill params: [ 0.95659804  0.42100182  0.8333635  -0.01279218 -0.12912357]
2024-10-10 00:20:50,002 INFO =====> Num. aborted data so far: 0
2024-10-10 00:20:50,362 INFO ===> New TaichiEnv created.
2024-10-10 00:20:50,362 INFO ===> Specifications: horizon = 600, dt = 0.01, n_substeps = 20, dt_sub = 0.0005
2024-10-10 00:21:17,895 INFO =====> Epoch: 73
2024-10-10 00:21:17,895 INFO =====> EMD Loss: 27.33637046813965
2024-10-10 00:21:17,895 INFO =====> Height map loss: 27.873306274414062
2024-10-10 00:21:17,895 INFO =====> Insertion loss: 0.0
2024-10-10 00:21:17,895 INFO =====> Grad: [ 1.8388426e+04 -4.4461039e+04  5.3367321e-04  2.0192359e+04
 -4.4791438e-04]
2024-10-10 00:21:17,895 INFO =====> Skill params: [ 0.95243263  0.42295766  0.8316946  -0.02076045 -0.1251545 ]
2024-10-10 00:21:17,895 INFO =====> Num. aborted data so far: 0
2024-10-10 00:21:18,255 INFO ===> New TaichiEnv created.
2024-10-10 00:21:18,255 INFO ===> Specifications: horizon = 600, dt = 0.01, n_substeps = 20, dt_sub = 0.0005
2024-10-10 00:21:45,911 INFO =====> Epoch: 74
2024-10-10 00:21:45,911 INFO =====> EMD Loss: 27.30773162841797
2024-10-10 00:21:45,911 INFO =====> Height map loss: 27.844358444213867
2024-10-10 00:21:45,911 INFO =====> Insertion loss: 0.0
2024-10-10 00:21:45,911 INFO =====> Grad: [-4.7649945e+02 -1.3783585e+03 -4.2792171e-04 -2.7694119e+04
  1.2308194e-05]
2024-10-10 00:21:45,911 INFO =====> Skill params: [ 0.9525464   0.42302158  0.8331038  -0.00993652 -0.12526946]
2024-10-10 00:21:45,911 INFO =====> Num. aborted data so far: 0
2024-10-10 00:21:46,273 INFO ===> New TaichiEnv created.
2024-10-10 00:21:46,273 INFO ===> Specifications: horizon = 600, dt = 0.01, n_substeps = 20, dt_sub = 0.0005
2024-10-10 00:22:14,502 INFO =====> Epoch: 75
2024-10-10 00:22:14,502 INFO =====> EMD Loss: 27.412351608276367
2024-10-10 00:22:14,502 INFO =====> Height map loss: 28.016704559326172
2024-10-10 00:22:14,502 INFO =====> Insertion loss: 0.0
2024-10-10 00:22:14,502 INFO =====> Grad: [ 1.6488795e+03 -8.0847876e+03  4.8124202e-05 -2.0590070e+04
  2.6327856e-03]
2024-10-10 00:22:14,502 INFO =====> Skill params: [ 0.95213145  0.4234167   0.8329367  -0.00174347 -0.14531666]
2024-10-10 00:22:14,503 INFO =====> Num. aborted data so far: 0
2024-10-10 00:22:14,860 INFO ===> New TaichiEnv created.
2024-10-10 00:22:14,860 INFO ===> Specifications: horizon = 600, dt = 0.01, n_substeps = 20, dt_sub = 0.0005
2024-10-10 00:22:42,129 INFO =====> Epoch: 76
2024-10-10 00:22:42,129 INFO =====> EMD Loss: 27.256471633911133
2024-10-10 00:22:42,129 INFO =====> Height map loss: 27.710041046142578
2024-10-10 00:22:42,129 INFO =====> Insertion loss: 0.0
2024-10-10 00:22:42,129 INFO =====> Grad: [-3.5758941e+05  8.8445662e+05 -2.8385720e-03 -9.7197471e+03
  2.0722082e-04]
2024-10-10 00:22:42,129 INFO =====> Skill params: [ 0.98213124  0.39743754  0.842804    0.00229989 -0.14697759]
2024-10-10 00:22:42,129 INFO =====> Num. aborted data so far: 0
2024-10-10 00:22:42,484 INFO ===> New TaichiEnv created.
2024-10-10 00:22:42,484 INFO ===> Specifications: horizon = 600, dt = 0.01, n_substeps = 20, dt_sub = 0.0005
2024-10-10 00:23:09,646 INFO =====> Epoch: 77
2024-10-10 00:23:09,646 INFO =====> EMD Loss: 27.031869888305664
2024-10-10 00:23:09,646 INFO =====> Height map loss: 27.32967185974121
2024-10-10 00:23:09,646 INFO =====> Insertion loss: 0.0
2024-10-10 00:23:09,646 INFO =====> Grad: [ 1.8224403e+02  2.3377422e+03  2.1732233e-04 -5.8413639e+01
 -1.9780211e-03]
2024-10-10 00:23:09,646 INFO =====> Skill params: [ 0.98211515  0.39736515  0.84200794  0.0023255  -0.1322021 ]
2024-10-10 00:23:09,646 INFO =====> Num. aborted data so far: 0
2024-10-10 00:23:09,996 INFO ===> New TaichiEnv created.
2024-10-10 00:23:09,996 INFO ===> Specifications: horizon = 600, dt = 0.01, n_substeps = 20, dt_sub = 0.0005
2024-10-10 00:23:37,081 INFO =====> Epoch: 78
2024-10-10 00:23:37,081 INFO =====> EMD Loss: 27.307903289794922
2024-10-10 00:23:37,081 INFO =====> Height map loss: 27.71856117248535
2024-10-10 00:23:37,081 INFO =====> Insertion loss: 0.0
2024-10-10 00:23:37,081 INFO =====> Grad: [ 3.5197332e+03 -1.1900826e+04  8.9959256e-05 -1.8826377e+04
 -2.6125726e-04]
2024-10-10 00:23:37,081 INFO =====> Skill params: [ 0.9817871   0.39775354  0.8416606   0.01071549 -0.13014933]
2024-10-10 00:23:37,081 INFO =====> Num. aborted data so far: 0
2024-10-10 00:23:37,431 INFO ===> New TaichiEnv created.
2024-10-10 00:23:37,431 INFO ===> Specifications: horizon = 600, dt = 0.01, n_substeps = 20, dt_sub = 0.0005
2024-10-10 00:24:04,949 INFO =====> Epoch: 79
2024-10-10 00:24:04,950 INFO =====> EMD Loss: 27.242965698242188
2024-10-10 00:24:04,950 INFO =====> Height map loss: 27.765954971313477
2024-10-10 00:24:04,950 INFO =====> Insertion loss: 0.0
2024-10-10 00:24:04,950 INFO =====> Grad: [-2.4167043e+03  7.9810166e+03 -1.2015629e-04  1.7885611e+04
  7.0884154e-04]
2024-10-10 00:24:04,950 INFO =====> Skill params: [ 0.98202455  0.397479    0.84214956  0.00259532 -0.13592154]
2024-10-10 00:24:04,950 INFO =====> Num. aborted data so far: 0
2024-10-10 00:24:05,310 INFO ===> New TaichiEnv created.
2024-10-10 00:24:05,310 INFO ===> Specifications: horizon = 600, dt = 0.01, n_substeps = 20, dt_sub = 0.0005
2024-10-10 00:24:32,286 INFO =====> Epoch: 80
2024-10-10 00:24:32,286 INFO =====> EMD Loss: 27.28145980834961
2024-10-10 00:24:32,286 INFO =====> Height map loss: 27.758100509643555
2024-10-10 00:24:32,286 INFO =====> Insertion loss: 0.0
2024-10-10 00:24:32,286 INFO =====> Grad: [ 3.3315249e+03 -9.7412520e+03 -7.7469158e-05  1.6751318e+04
  4.4473700e-04]
2024-10-10 00:24:32,287 INFO =====> Skill params: [ 0.98167956  0.39783219  0.84248185 -0.00517545 -0.13971148]
2024-10-10 00:24:32,287 INFO =====> Num. aborted data so far: 0
2024-10-10 00:24:32,648 INFO ===> New TaichiEnv created.
2024-10-10 00:24:32,648 INFO ===> Specifications: horizon = 600, dt = 0.01, n_substeps = 20, dt_sub = 0.0005
2024-10-10 00:24:59,691 INFO =====> Epoch: 81
2024-10-10 00:24:59,692 INFO =====> EMD Loss: 27.250364303588867
2024-10-10 00:24:59,692 INFO =====> Height map loss: 27.63152313232422
2024-10-10 00:24:59,692 INFO =====> Insertion loss: 0.0
2024-10-10 00:24:59,692 INFO =====> Grad: [ 5.9066016e+02  2.1990092e+02  1.9964874e-04  1.1645554e+03
 -8.7909371e-04]
2024-10-10 00:24:59,692 INFO =====> Skill params: [ 0.98161507  0.39782378  0.84157956 -0.00574481 -0.13205008]
2024-10-10 00:24:59,692 INFO =====> Num. aborted data so far: 0
2024-10-10 00:25:00,069 INFO ===> New TaichiEnv created.
2024-10-10 00:25:00,069 INFO ===> Specifications: horizon = 600, dt = 0.01, n_substeps = 20, dt_sub = 0.0005
2024-10-10 00:25:27,245 INFO =====> Epoch: 82
2024-10-10 00:25:27,245 INFO =====> EMD Loss: 27.235286712646484
2024-10-10 00:25:27,245 INFO =====> Height map loss: 27.629497528076172
2024-10-10 00:25:27,245 INFO =====> Insertion loss: 0.0
2024-10-10 00:25:27,245 INFO =====> Grad: [ 1.4164720e+03 -1.3947028e+03 -1.4448360e-03 -1.4640517e+04
  8.4392837e-04]
2024-10-10 00:25:27,245 INFO =====> Skill params: [ 0.9814521   0.39787996  0.848305    0.00159418 -0.13957986]
2024-10-10 00:25:27,245 INFO =====> Num. aborted data so far: 0
2024-10-10 00:25:27,692 INFO ===> New TaichiEnv created.
2024-10-10 00:25:27,692 INFO ===> Specifications: horizon = 600, dt = 0.01, n_substeps = 20, dt_sub = 0.0005
2024-10-10 00:25:55,319 INFO =====> Epoch: 83
2024-10-10 00:25:55,319 INFO =====> EMD Loss: 27.237226486206055
2024-10-10 00:25:55,319 INFO =====> Height map loss: 27.666568756103516
2024-10-10 00:25:55,319 INFO =====> Insertion loss: 0.0
2024-10-10 00:25:55,319 INFO =====> Grad: [ 5.6359458e+03 -1.4528881e+04  1.4708465e-05  2.6178488e+04
 -1.3960451e-03]
2024-10-10 00:25:55,319 INFO =====> Skill params: [ 0.9807687   0.3984968   0.8482328  -0.01107898 -0.12745383]
2024-10-10 00:25:55,319 INFO =====> Num. aborted data so far: 0
2024-10-10 00:25:55,684 INFO ===> New TaichiEnv created.
2024-10-10 00:25:55,684 INFO ===> Specifications: horizon = 600, dt = 0.01, n_substeps = 20, dt_sub = 0.0005
2024-10-10 00:26:23,110 INFO =====> Epoch: 84
2024-10-10 00:26:23,110 INFO =====> EMD Loss: 27.170093536376953
2024-10-10 00:26:23,110 INFO =====> Height map loss: 27.671175003051758
2024-10-10 00:26:23,110 INFO =====> Insertion loss: 0.0
2024-10-10 00:26:23,110 INFO =====> Grad: [ 9.2497275e+03 -3.2185836e+04 -8.2444472e-05  4.1856238e+04
 -3.9933287e-04]
2024-10-10 00:26:23,110 INFO =====> Skill params: [ 0.9795872   0.39993572  0.84865916 -0.02877879 -0.12382181]
2024-10-10 00:26:23,110 INFO =====> Num. aborted data so far: 0
2024-10-10 00:26:23,477 INFO ===> New TaichiEnv created.
2024-10-10 00:26:23,478 INFO ===> Specifications: horizon = 600, dt = 0.01, n_substeps = 20, dt_sub = 0.0005
2024-10-10 00:26:51,026 INFO =====> Epoch: 85
2024-10-10 00:26:51,027 INFO =====> EMD Loss: 27.17738914489746
2024-10-10 00:26:51,027 INFO =====> Height map loss: 27.78451156616211
2024-10-10 00:26:51,027 INFO =====> Insertion loss: 0.0
2024-10-10 00:26:51,027 INFO =====> Grad: [2.4830342e+03 7.0089287e+03 2.9427847e-03 4.3721500e+04 1.7450511e-03]
2024-10-10 00:26:51,027 INFO =====> Skill params: [ 0.9792529   0.39960545  0.8343528  -0.04536979 -0.13860992]
2024-10-10 00:26:51,027 INFO =====> Num. aborted data so far: 0
2024-10-10 00:26:51,383 INFO ===> New TaichiEnv created.
2024-10-10 00:26:51,383 INFO ===> Specifications: horizon = 600, dt = 0.01, n_substeps = 20, dt_sub = 0.0005
2024-10-10 00:27:19,263 INFO =====> Epoch: 86
2024-10-10 00:27:19,263 INFO =====> EMD Loss: 27.238025665283203
2024-10-10 00:27:19,263 INFO =====> Height map loss: 27.833864212036133
2024-10-10 00:27:19,263 INFO =====> Insertion loss: 0.0
2024-10-10 00:27:19,263 INFO =====> Grad: [-3.5111783e+02 -4.3786753e+03 -1.3712520e-03  1.3285825e+04
  1.1639582e-06]
2024-10-10 00:27:19,264 INFO =====> Skill params: [ 0.9793027   0.39982295  0.84121245 -0.05061059 -0.13862032]
2024-10-10 00:27:19,264 INFO =====> Num. aborted data so far: 0
2024-10-10 00:27:19,618 INFO ===> New TaichiEnv created.
2024-10-10 00:27:19,618 INFO ===> Specifications: horizon = 600, dt = 0.01, n_substeps = 20, dt_sub = 0.0005
2024-10-10 00:27:46,954 INFO =====> Epoch: 87
2024-10-10 00:27:46,955 INFO =====> EMD Loss: 27.175899505615234
2024-10-10 00:27:46,955 INFO =====> Height map loss: 27.74264907836914
2024-10-10 00:27:46,955 INFO =====> Insertion loss: 0.0
2024-10-10 00:27:46,955 INFO =====> Grad: [ 3.1343562e+03 -1.0551113e+04 -1.6973873e-03  2.5286986e+04
  4.0824266e-04]
2024-10-10 00:27:46,955 INFO =====> Skill params: [ 0.9788339   0.40037528  0.84982455 -0.06058794 -0.14243619]
2024-10-10 00:27:46,955 INFO =====> Num. aborted data so far: 0
2024-10-10 00:27:47,312 INFO ===> New TaichiEnv created.
2024-10-10 00:27:47,312 INFO ===> Specifications: horizon = 600, dt = 0.01, n_substeps = 20, dt_sub = 0.0005
2024-10-10 00:28:14,736 INFO =====> Epoch: 88
2024-10-10 00:28:14,736 INFO =====> EMD Loss: 26.828535079956055
2024-10-10 00:28:14,737 INFO =====> Height map loss: 27.38020133972168
2024-10-10 00:28:14,737 INFO =====> Insertion loss: 0.0
2024-10-10 00:28:14,737 INFO =====> Grad: [-4.4449712e+03  7.3159971e+03  1.0354264e-04 -4.0849668e+04
  1.5680058e-03]
2024-10-10 00:28:14,737 INFO =====> Skill params: [ 0.97953457  0.3999716   0.8492709  -0.04562152 -0.15631728]
2024-10-10 00:28:14,737 INFO =====> Num. aborted data so far: 0
2024-10-10 00:28:15,096 INFO ===> New TaichiEnv created.
2024-10-10 00:28:15,096 INFO ===> Specifications: horizon = 600, dt = 0.01, n_substeps = 20, dt_sub = 0.0005
2024-10-10 00:28:41,976 INFO =====> Epoch: 89
2024-10-10 00:28:41,976 INFO =====> EMD Loss: 27.070568084716797
2024-10-10 00:28:41,976 INFO =====> Height map loss: 27.44586753845215
2024-10-10 00:28:41,976 INFO =====> Insertion loss: 0.0
2024-10-10 00:28:41,976 INFO =====> Grad: [ 1.1737798e+03 -2.4472383e+03 -1.1264299e-03  2.3115410e+04
 -9.6412936e-05]
2024-10-10 00:28:41,976 INFO =====> Skill params: [ 0.97933954  0.40011394  0.8554959  -0.05421283 -0.15541796]
2024-10-10 00:28:41,976 INFO =====> Num. aborted data so far: 0
2024-10-10 00:28:42,327 INFO ===> New TaichiEnv created.
2024-10-10 00:28:42,327 INFO ===> Specifications: horizon = 600, dt = 0.01, n_substeps = 20, dt_sub = 0.0005
2024-10-10 00:29:09,246 INFO =====> Epoch: 90
2024-10-10 00:29:09,246 INFO =====> EMD Loss: 27.012882232666016
2024-10-10 00:29:09,246 INFO =====> Height map loss: 27.4304256439209
2024-10-10 00:29:09,246 INFO =====> Insertion loss: 0.0
2024-10-10 00:29:09,247 INFO =====> Grad: [ 1.3046727e+04 -2.8019449e+04  2.3385492e-04  5.6097388e+03
  4.8730793e-04]
2024-10-10 00:29:09,247 INFO =====> Skill params: [ 0.97706056  0.40182915  0.8541349  -0.0564053  -0.16015528]
2024-10-10 00:29:09,247 INFO =====> Num. aborted data so far: 0
2024-10-10 00:29:09,607 INFO ===> New TaichiEnv created.
2024-10-10 00:29:09,607 INFO ===> Specifications: horizon = 600, dt = 0.01, n_substeps = 20, dt_sub = 0.0005
2024-10-10 00:29:36,196 INFO =====> Epoch: 91
2024-10-10 00:29:36,197 INFO =====> EMD Loss: 26.726327896118164
2024-10-10 00:29:36,197 INFO =====> Height map loss: 27.077241897583008
2024-10-10 00:29:36,197 INFO =====> Insertion loss: 0.0
2024-10-10 00:29:36,197 INFO =====> Grad: [-1.3885310e+06  3.3291475e+06  1.2061484e-02  7.0341714e+03
 -1.0340064e-03]
2024-10-10 00:29:36,197 INFO =====> Skill params: [ 1.          0.37054354  0.82505643 -0.0592911  -0.15010855]
2024-10-10 00:29:36,197 INFO =====> Num. aborted data so far: 0
2024-10-10 00:29:36,579 INFO ===> New TaichiEnv created.
2024-10-10 00:29:36,580 INFO ===> Specifications: horizon = 600, dt = 0.01, n_substeps = 20, dt_sub = 0.0005
2024-10-10 00:30:03,269 INFO =====> Epoch: 92
2024-10-10 00:30:03,269 INFO =====> EMD Loss: 26.865962982177734
2024-10-10 00:30:03,269 INFO =====> Height map loss: 26.706480026245117
2024-10-10 00:30:03,269 INFO =====> Insertion loss: 0.0
2024-10-10 00:30:03,270 INFO =====> Grad: [-3.1633867e+03  1.0352883e+04 -1.2247995e-04 -1.7316943e+04
 -2.3864779e-04]
2024-10-10 00:30:03,270 INFO =====> Skill params: [ 1.          0.370441    0.8253677  -0.05200399 -0.14767161]
2024-10-10 00:30:03,270 INFO =====> Num. aborted data so far: 0
2024-10-10 00:30:03,631 INFO ===> New TaichiEnv created.
2024-10-10 00:30:03,631 INFO ===> Specifications: horizon = 600, dt = 0.01, n_substeps = 20, dt_sub = 0.0005
2024-10-10 00:30:30,677 INFO =====> Epoch: 93
2024-10-10 00:30:30,677 INFO =====> EMD Loss: 26.840728759765625
2024-10-10 00:30:30,677 INFO =====> Height map loss: 26.701602935791016
2024-10-10 00:30:30,677 INFO =====> Insertion loss: 0.0
2024-10-10 00:30:30,677 INFO =====> Grad: [-2.2080405e+03  4.3991660e+03 -1.7024446e-04  3.0903865e+03
 -4.1020234e-04]
2024-10-10 00:30:30,677 INFO =====> Skill params: [ 1.          0.37039506  0.82582366 -0.05337351 -0.1432987 ]
2024-10-10 00:30:30,677 INFO =====> Num. aborted data so far: 0
2024-10-10 00:30:31,033 INFO ===> New TaichiEnv created.
2024-10-10 00:30:31,033 INFO ===> Specifications: horizon = 600, dt = 0.01, n_substeps = 20, dt_sub = 0.0005
2024-10-10 00:30:58,334 INFO =====> Epoch: 94
2024-10-10 00:30:58,334 INFO =====> EMD Loss: 26.818403244018555
2024-10-10 00:30:58,334 INFO =====> Height map loss: 26.721620559692383
2024-10-10 00:30:58,334 INFO =====> Insertion loss: 0.0
2024-10-10 00:30:58,334 INFO =====> Grad: [-4.1846011e+02  2.5090030e+02 -1.0560939e-04 -1.6159076e+04
 -1.6178703e-05]
2024-10-10 00:30:58,334 INFO =====> Skill params: [ 1.          0.3703923   0.8261218  -0.04603146 -0.1431169 ]
2024-10-10 00:30:58,334 INFO =====> Num. aborted data so far: 0
2024-10-10 00:30:58,699 INFO ===> New TaichiEnv created.
2024-10-10 00:30:58,699 INFO ===> Specifications: horizon = 600, dt = 0.01, n_substeps = 20, dt_sub = 0.0005
2024-10-10 00:31:26,030 INFO =====> Epoch: 95
2024-10-10 00:31:26,030 INFO =====> EMD Loss: 26.863567352294922
2024-10-10 00:31:26,030 INFO =====> Height map loss: 26.7387638092041
2024-10-10 00:31:26,030 INFO =====> Insertion loss: 0.0
2024-10-10 00:31:26,030 INFO =====> Grad: [ 1.0702410e+03 -2.0981672e+03 -3.0506671e-06 -2.4483170e+04
 -2.1556893e-03]
2024-10-10 00:31:26,030 INFO =====> Skill params: [ 0.99997014  0.37041664  0.82613087 -0.03503706 -0.12325098]
2024-10-10 00:31:26,030 INFO =====> Num. aborted data so far: 0
2024-10-10 00:31:26,392 INFO ===> New TaichiEnv created.
2024-10-10 00:31:26,392 INFO ===> Specifications: horizon = 600, dt = 0.01, n_substeps = 20, dt_sub = 0.0005
2024-10-10 00:31:53,838 INFO =====> Epoch: 96
2024-10-10 00:31:53,839 INFO =====> EMD Loss: 27.03304100036621
2024-10-10 00:31:53,839 INFO =====> Height map loss: 27.128637313842773
2024-10-10 00:31:53,839 INFO =====> Insertion loss: 0.0
2024-10-10 00:31:53,839 INFO =====> Grad: [ 7.2876930e+04 -2.2978200e+05 -2.1063562e-03  1.6040927e+04
  2.0251467e-03]
2024-10-10 00:31:53,839 INFO =====> Skill params: [ 0.9978315   0.3732157   0.8325983  -0.04242019 -0.1399549 ]
2024-10-10 00:31:53,839 INFO =====> Num. aborted data so far: 0
2024-10-10 00:31:54,194 INFO ===> New TaichiEnv created.
2024-10-10 00:31:54,194 INFO ===> Specifications: horizon = 600, dt = 0.01, n_substeps = 20, dt_sub = 0.0005
2024-10-10 00:32:21,333 INFO =====> Epoch: 97
2024-10-10 00:32:21,333 INFO =====> EMD Loss: 27.0693302154541
2024-10-10 00:32:21,333 INFO =====> Height map loss: 27.293453216552734
2024-10-10 00:32:21,333 INFO =====> Insertion loss: 0.0
2024-10-10 00:32:21,333 INFO =====> Grad: [ 5.6896240e+02 -3.1031375e+03 -4.4738430e-05  8.7957461e+03
  1.7791514e-04]
2024-10-10 00:32:21,333 INFO =====> Skill params: [ 0.99781394  0.37325555  0.8327431  -0.04664925 -0.14149992]
2024-10-10 00:32:21,333 INFO =====> Num. aborted data so far: 0
2024-10-10 00:32:21,697 INFO ===> New TaichiEnv created.
2024-10-10 00:32:21,697 INFO ===> Specifications: horizon = 600, dt = 0.01, n_substeps = 20, dt_sub = 0.0005
2024-10-10 00:32:49,071 INFO =====> Epoch: 98
2024-10-10 00:32:49,071 INFO =====> EMD Loss: 26.88520622253418
2024-10-10 00:32:49,071 INFO =====> Height map loss: 26.895700454711914
2024-10-10 00:32:49,071 INFO =====> Insertion loss: 0.0
2024-10-10 00:32:49,071 INFO =====> Grad: [-8.7539325e+05  2.6789100e+06  6.5186028e-03 -2.4508688e+05
 -4.6283486e-03]
2024-10-10 00:32:49,071 INFO =====> Skill params: [ 1.          0.34942335  0.8145523  -0.01600399 -0.11615808]
2024-10-10 00:32:49,071 INFO =====> Num. aborted data so far: 0
2024-10-10 00:32:49,424 INFO ===> New TaichiEnv created.
2024-10-10 00:32:49,425 INFO ===> Specifications: horizon = 600, dt = 0.01, n_substeps = 20, dt_sub = 0.0005
2024-10-10 00:33:16,772 INFO =====> Epoch: 99
2024-10-10 00:33:16,772 INFO =====> EMD Loss: 27.204849243164062
2024-10-10 00:33:16,772 INFO =====> Height map loss: 27.127750396728516
2024-10-10 00:33:16,772 INFO =====> Insertion loss: 0.0
2024-10-10 00:33:16,772 INFO =====> Grad: [ 1.1875735e+03 -6.1385376e+03 -1.6261190e-05 -2.2483475e+04
 -2.7249937e-04]
2024-10-10 00:33:16,772 INFO =====> Skill params: [ 0.9999697   0.34948093  0.81460017 -0.01305355 -0.11458728]
2024-10-10 00:33:16,772 INFO =====> Num. aborted data so far: 0
2024-10-10 00:33:17,131 INFO ===> New TaichiEnv created.
2024-10-10 00:33:17,131 INFO ===> Specifications: horizon = 600, dt = 0.01, n_substeps = 20, dt_sub = 0.0005
2024-10-10 00:33:43,755 INFO =====> Epoch: 100
2024-10-10 00:33:43,755 INFO =====> EMD Loss: 27.255996704101562
2024-10-10 00:33:43,755 INFO =====> Height map loss: 27.111549377441406
2024-10-10 00:33:43,755 INFO =====> Insertion loss: 0.0
2024-10-10 00:33:43,755 INFO =====> Grad: [ 1.4562476e+04 -4.2480578e+04 -2.9135356e-04  5.1210894e+03
 -3.9225957e-05]
2024-10-10 00:33:43,755 INFO =====> Skill params: [ 0.9995781   0.3499008   0.8155032  -0.01376175 -0.11434895]
2024-10-10 00:33:43,755 INFO =====> Num. aborted data so far: 0
2024-10-10 00:33:44,133 INFO ===> New TaichiEnv created.
2024-10-10 00:33:44,133 INFO ===> Specifications: horizon = 600, dt = 0.01, n_substeps = 20, dt_sub = 0.0005
2024-10-10 00:34:11,233 INFO =====> Epoch: 101
2024-10-10 00:34:11,233 INFO =====> EMD Loss: 27.237701416015625
2024-10-10 00:34:11,233 INFO =====> Height map loss: 27.105642318725586
2024-10-10 00:34:11,233 INFO =====> Insertion loss: 0.0
2024-10-10 00:34:11,233 INFO =====> Grad: [-7.1530142e+03  2.2774941e+04 -1.4144914e-03  2.2287494e+04
 -2.3745233e-06]
2024-10-10 00:34:11,234 INFO =====> Skill params: [ 0.9997809   0.34966353  0.8200758  -0.01699361 -0.11433374]
2024-10-10 00:34:11,234 INFO =====> Num. aborted data so far: 0
2024-10-10 00:34:11,600 INFO ===> New TaichiEnv created.
2024-10-10 00:34:11,600 INFO ===> Specifications: horizon = 600, dt = 0.01, n_substeps = 20, dt_sub = 0.0005
2024-10-10 00:34:39,316 INFO =====> Epoch: 102
2024-10-10 00:34:39,316 INFO =====> EMD Loss: 27.217483520507812
2024-10-10 00:34:39,316 INFO =====> Height map loss: 27.19824981689453
2024-10-10 00:34:39,316 INFO =====> Insertion loss: 0.0
2024-10-10 00:34:39,316 INFO =====> Grad: [-9.5056836e+03  2.3977158e+04  3.2262129e-03  1.1543975e+03
  9.0325579e-05]
2024-10-10 00:34:39,316 INFO =====> Skill params: [ 1.          0.34940022  0.80969185 -0.01717006 -0.11494343]
2024-10-10 00:34:39,316 INFO =====> Num. aborted data so far: 0
2024-10-10 00:34:39,677 INFO ===> New TaichiEnv created.
2024-10-10 00:34:39,677 INFO ===> Specifications: horizon = 600, dt = 0.01, n_substeps = 20, dt_sub = 0.0005
2024-10-10 00:35:07,079 INFO =====> Epoch: 103
2024-10-10 00:35:07,079 INFO =====> EMD Loss: 27.160640716552734
2024-10-10 00:35:07,079 INFO =====> Height map loss: 27.206382751464844
2024-10-10 00:35:07,079 INFO =====> Insertion loss: 0.0
2024-10-10 00:35:07,079 INFO =====> Grad: [-5.6629673e+03  1.8340852e+04  1.7544887e-03 -2.9572344e+04
  4.5633363e-04]
2024-10-10 00:35:07,079 INFO =====> Skill params: [ 1.          0.34918794  0.80384207 -0.01245862 -0.11817327]
2024-10-10 00:35:07,079 INFO =====> Num. aborted data so far: 0
2024-10-10 00:35:07,435 INFO ===> New TaichiEnv created.
2024-10-10 00:35:07,435 INFO ===> Specifications: horizon = 600, dt = 0.01, n_substeps = 20, dt_sub = 0.0005
2024-10-10 00:35:34,681 INFO =====> Epoch: 104
2024-10-10 00:35:34,681 INFO =====> EMD Loss: 27.263355255126953
2024-10-10 00:35:34,681 INFO =====> Height map loss: 27.145265579223633
2024-10-10 00:35:34,681 INFO =====> Insertion loss: 0.0
2024-10-10 00:35:34,681 INFO =====> Grad: [ 8.1381587e+03 -3.1769680e+04 -3.5431932e-04  1.6043798e+04
  1.4127042e-04]
2024-10-10 00:35:34,681 INFO =====> Skill params: [ 0.9997299   0.34957555  0.8050864  -0.01514324 -0.11922666]
2024-10-10 00:35:34,681 INFO =====> Num. aborted data so far: 0
2024-10-10 00:35:35,041 INFO ===> New TaichiEnv created.
2024-10-10 00:35:35,041 INFO ===> Specifications: horizon = 600, dt = 0.01, n_substeps = 20, dt_sub = 0.0005
2024-10-10 00:36:02,464 INFO =====> Epoch: 105
2024-10-10 00:36:02,464 INFO =====> EMD Loss: 27.225332260131836
2024-10-10 00:36:02,464 INFO =====> Height map loss: 27.21552276611328
2024-10-10 00:36:02,464 INFO =====> Insertion loss: 0.0
2024-10-10 00:36:02,464 INFO =====> Grad: [ 1.9906025e+04 -6.6231070e+04 -7.7172735e-04  9.0387054e+02
  1.0209562e-03]
2024-10-10 00:36:02,464 INFO =====> Skill params: [ 0.9990335   0.350427    0.80793154 -0.01530267 -0.1270047 ]
2024-10-10 00:36:02,464 INFO =====> Num. aborted data so far: 0
2024-10-10 00:36:02,838 INFO ===> New TaichiEnv created.
2024-10-10 00:36:02,838 INFO ===> Specifications: horizon = 600, dt = 0.01, n_substeps = 20, dt_sub = 0.0005
2024-10-10 00:36:29,549 INFO =====> Epoch: 106
2024-10-10 00:36:29,549 INFO =====> EMD Loss: 26.985883712768555
2024-10-10 00:36:29,549 INFO =====> Height map loss: 26.894716262817383
2024-10-10 00:36:29,549 INFO =====> Insertion loss: 0.0
2024-10-10 00:36:29,549 INFO =====> Grad: [-1.2718497e+04  2.6493787e+04 -8.8275847e-04  7.8071860e+03
  2.7808317e-04]
2024-10-10 00:36:29,549 INFO =====> Skill params: [ 0.9995025   0.350068    0.81134206 -0.01675266 -0.12923229]
2024-10-10 00:36:29,549 INFO =====> Num. aborted data so far: 0
2024-10-10 00:36:29,916 INFO ===> New TaichiEnv created.
2024-10-10 00:36:29,916 INFO ===> Specifications: horizon = 600, dt = 0.01, n_substeps = 20, dt_sub = 0.0005
2024-10-10 00:36:56,761 INFO =====> Epoch: 107
2024-10-10 00:36:56,761 INFO =====> EMD Loss: 26.980934143066406
2024-10-10 00:36:56,761 INFO =====> Height map loss: 26.80907440185547
2024-10-10 00:36:56,761 INFO =====> Insertion loss: 0.0
2024-10-10 00:36:56,761 INFO =====> Grad: [-1.6902196e+03  1.2412258e+04  1.2078515e-05 -8.2654375e+03
  5.9453485e-04]
2024-10-10 00:36:56,761 INFO =====> Skill params: [ 0.99956816  0.3498907   0.8112929  -0.01513663 -0.13419035]
2024-10-10 00:36:56,761 INFO =====> Num. aborted data so far: 0
2024-10-10 00:36:57,130 INFO ===> New TaichiEnv created.
2024-10-10 00:36:57,130 INFO ===> Specifications: horizon = 600, dt = 0.01, n_substeps = 20, dt_sub = 0.0005
2024-10-10 00:37:24,408 INFO =====> Epoch: 108
2024-10-10 00:37:24,408 INFO =====> EMD Loss: 27.00516128540039
2024-10-10 00:37:24,408 INFO =====> Height map loss: 26.840919494628906
2024-10-10 00:37:24,408 INFO =====> Insertion loss: 0.0
2024-10-10 00:37:24,408 INFO =====> Grad: [-4.5859695e+04  1.7223108e+05  2.1781335e-03  2.0982869e+04
  1.3134753e-03]
2024-10-10 00:37:24,408 INFO =====> Skill params: [ 1.          0.34730637  0.8023264  -0.01942116 -0.14503613]
2024-10-10 00:37:24,408 INFO =====> Num. aborted data so far: 0
2024-10-10 00:37:24,778 INFO ===> New TaichiEnv created.
2024-10-10 00:37:24,778 INFO ===> Specifications: horizon = 600, dt = 0.01, n_substeps = 20, dt_sub = 0.0005
2024-10-10 00:37:52,070 INFO =====> Epoch: 109
2024-10-10 00:37:52,070 INFO =====> EMD Loss: 26.717208862304688
2024-10-10 00:37:52,070 INFO =====> Height map loss: 26.44353675842285
2024-10-10 00:37:52,070 INFO =====> Insertion loss: 0.0
2024-10-10 00:37:52,070 INFO =====> Grad: [ 1.8859700e+03 -9.4274873e+03 -5.0815921e-05  1.1654271e+04
 -6.9537251e-05]
2024-10-10 00:37:52,071 INFO =====> Skill params: [ 0.9999187   0.34745547  0.80254686 -0.02192173 -0.144431  ]
2024-10-10 00:37:52,071 INFO =====> Num. aborted data so far: 0
2024-10-10 00:37:52,434 INFO ===> New TaichiEnv created.
2024-10-10 00:37:52,434 INFO ===> Specifications: horizon = 600, dt = 0.01, n_substeps = 20, dt_sub = 0.0005
2024-10-10 00:38:19,835 INFO =====> Epoch: 110
2024-10-10 00:38:19,836 INFO =====> EMD Loss: 26.784168243408203
2024-10-10 00:38:19,836 INFO =====> Height map loss: 26.366302490234375
2024-10-10 00:38:19,836 INFO =====> Insertion loss: 0.0
2024-10-10 00:38:19,836 INFO =====> Grad: [-6.3655789e+04  1.8384708e+05  8.0171949e-04 -1.5529623e+03
  7.0122321e-04]
2024-10-10 00:38:19,836 INFO =====> Skill params: [ 1.          0.34440464  0.7989043  -0.02157052 -0.1507343 ]
2024-10-10 00:38:19,836 INFO =====> Num. aborted data so far: 0
2024-10-10 00:38:20,196 INFO ===> New TaichiEnv created.
2024-10-10 00:38:20,196 INFO ===> Specifications: horizon = 600, dt = 0.01, n_substeps = 20, dt_sub = 0.0005
2024-10-10 00:38:47,416 INFO =====> Epoch: 111
2024-10-10 00:38:47,416 INFO =====> EMD Loss: 26.541831970214844
2024-10-10 00:38:47,416 INFO =====> Height map loss: 26.177452087402344
2024-10-10 00:38:47,416 INFO =====> Insertion loss: 0.0
2024-10-10 00:38:47,416 INFO =====> Grad: [-2.8371408e+04  8.5877352e+04 -1.0910155e-03 -2.4674791e+04
 -5.5081382e-05]
2024-10-10 00:38:47,416 INFO =====> Skill params: [ 1.          0.34290418  0.8040595  -0.01578753 -0.15021247]
2024-10-10 00:38:47,416 INFO =====> Num. aborted data so far: 0
2024-10-10 00:38:47,779 INFO ===> New TaichiEnv created.
2024-10-10 00:38:47,779 INFO ===> Specifications: horizon = 600, dt = 0.01, n_substeps = 20, dt_sub = 0.0005
2024-10-10 00:39:14,728 INFO =====> Epoch: 112
2024-10-10 00:39:14,729 INFO =====> EMD Loss: 26.5778865814209
2024-10-10 00:39:14,729 INFO =====> Height map loss: 26.292675018310547
2024-10-10 00:39:14,729 INFO =====> Insertion loss: 0.0
2024-10-10 00:39:14,729 INFO =====> Grad: [ 6.6283525e+03 -3.4373215e+04  1.2183062e-03 -5.5165102e+04
 -3.3405726e-04]
2024-10-10 00:39:14,729 INFO =====> Skill params: [ 0.99966705  0.34353712  0.7981002  -0.00327201 -0.14689484]
2024-10-10 00:39:14,729 INFO =====> Num. aborted data so far: 0
2024-10-10 00:39:15,096 INFO ===> New TaichiEnv created.
2024-10-10 00:39:15,096 INFO ===> Specifications: horizon = 600, dt = 0.01, n_substeps = 20, dt_sub = 0.0005
2024-10-10 00:39:41,690 INFO =====> Epoch: 113
2024-10-10 00:39:41,690 INFO =====> EMD Loss: 26.532508850097656
2024-10-10 00:39:41,690 INFO =====> Height map loss: 26.253602981567383
2024-10-10 00:39:41,690 INFO =====> Insertion loss: 0.0
2024-10-10 00:39:41,691 INFO =====> Grad: [ 9.4745049e+03 -2.3000902e+04  4.2891479e-05  2.0168113e+04
  5.3691090e-04]
2024-10-10 00:39:41,691 INFO =====> Skill params: [ 0.9991655   0.34398353  0.79787904 -0.00804    -0.15242878]
2024-10-10 00:39:41,691 INFO =====> Num. aborted data so far: 0
2024-10-10 00:39:42,066 INFO ===> New TaichiEnv created.
2024-10-10 00:39:42,066 INFO ===> Specifications: horizon = 600, dt = 0.01, n_substeps = 20, dt_sub = 0.0005
2024-10-10 00:40:08,648 INFO =====> Epoch: 114
2024-10-10 00:40:08,648 INFO =====> EMD Loss: 26.669570922851562
2024-10-10 00:40:08,648 INFO =====> Height map loss: 26.56671142578125
2024-10-10 00:40:08,648 INFO =====> Insertion loss: 0.0
2024-10-10 00:40:08,648 INFO =====> Grad: [-6.1887158e+03  2.2606822e+04 -3.0367723e-04 -1.1980430e+04
  4.4826764e-04]
2024-10-10 00:40:08,648 INFO =====> Skill params: [ 0.9995108   0.3435211   0.7995272  -0.00506769 -0.15724224]
2024-10-10 00:40:08,648 INFO =====> Num. aborted data so far: 0
2024-10-10 00:40:09,034 INFO ===> New TaichiEnv created.
2024-10-10 00:40:09,034 INFO ===> Specifications: horizon = 600, dt = 0.01, n_substeps = 20, dt_sub = 0.0005
2024-10-10 00:40:36,211 INFO =====> Epoch: 115
2024-10-10 00:40:36,212 INFO =====> EMD Loss: 26.57872772216797
2024-10-10 00:40:36,212 INFO =====> Height map loss: 26.552228927612305
2024-10-10 00:40:36,212 INFO =====> Insertion loss: 0.0
2024-10-10 00:40:36,212 INFO =====> Grad: [-1.0750873e+04  2.5985865e+04 -1.4605850e-04 -1.5769994e+04
 -1.7978717e-05]
2024-10-10 00:40:36,212 INFO =====> Skill params: [ 1.0000000e+00  3.4296086e-01  8.0036253e-01 -9.7819231e-04
 -1.5703875e-01]
2024-10-10 00:40:36,212 INFO =====> Num. aborted data so far: 0
2024-10-10 00:40:36,663 INFO ===> New TaichiEnv created.
2024-10-10 00:40:36,663 INFO ===> Specifications: horizon = 600, dt = 0.01, n_substeps = 20, dt_sub = 0.0005
2024-10-10 00:41:04,734 INFO =====> Epoch: 116
2024-10-10 00:41:04,734 INFO =====> EMD Loss: 26.65935707092285
2024-10-10 00:41:04,734 INFO =====> Height map loss: 26.373979568481445
2024-10-10 00:41:04,734 INFO =====> Insertion loss: 0.0
2024-10-10 00:41:04,734 INFO =====> Grad: [ 4.9203804e+03 -9.7372139e+03 -1.4474608e-03 -5.7086450e+02
  1.5717710e-03]
2024-10-10 00:41:04,734 INFO =====> Skill params: [ 9.9969500e-01  3.4318215e-01  8.0877405e-01 -8.2214922e-04
 -1.7316836e-01]
2024-10-10 00:41:04,735 INFO =====> Num. aborted data so far: 0
2024-10-10 00:41:05,099 INFO ===> New TaichiEnv created.
2024-10-10 00:41:05,099 INFO ===> Specifications: horizon = 600, dt = 0.01, n_substeps = 20, dt_sub = 0.0005
2024-10-10 00:41:32,727 INFO =====> Epoch: 117
2024-10-10 00:41:32,727 INFO =====> EMD Loss: 26.423328399658203
2024-10-10 00:41:32,727 INFO =====> Height map loss: 26.170276641845703
2024-10-10 00:41:32,727 INFO =====> Insertion loss: 0.0
2024-10-10 00:41:32,727 INFO =====> Grad: [ 6.9190640e+03 -1.3068163e+04 -1.4639611e-03  6.6026133e+03
 -1.4714155e-03]
2024-10-10 00:41:32,727 INFO =====> Skill params: [ 0.99924296  0.34349516  0.81740147 -0.00272114 -0.15895116]
2024-10-10 00:41:32,727 INFO =====> Num. aborted data so far: 0
2024-10-10 00:41:33,108 INFO ===> New TaichiEnv created.
2024-10-10 00:41:33,108 INFO ===> Specifications: horizon = 600, dt = 0.01, n_substeps = 20, dt_sub = 0.0005
2024-10-10 00:42:00,634 INFO =====> Epoch: 118
2024-10-10 00:42:00,634 INFO =====> EMD Loss: 26.593061447143555
2024-10-10 00:42:00,634 INFO =====> Height map loss: 26.3548641204834
2024-10-10 00:42:00,634 INFO =====> Insertion loss: 0.0
2024-10-10 00:42:00,634 INFO =====> Grad: [-7.9692417e+03  1.3759540e+04  1.5678167e-03 -1.0551181e+04
 -3.4775605e-04]
2024-10-10 00:42:00,634 INFO =====> Skill params: [ 9.9979168e-01  3.4314778e-01  8.0809367e-01  4.6141306e-04
 -1.5543130e-01]
2024-10-10 00:42:00,634 INFO =====> Num. aborted data so far: 0
2024-10-10 00:42:00,995 INFO ===> New TaichiEnv created.
2024-10-10 00:42:00,995 INFO ===> Specifications: horizon = 600, dt = 0.01, n_substeps = 20, dt_sub = 0.0005
2024-10-10 00:42:28,694 INFO =====> Epoch: 119
2024-10-10 00:42:28,694 INFO =====> EMD Loss: 26.707685470581055
2024-10-10 00:42:28,694 INFO =====> Height map loss: 26.46095848083496
2024-10-10 00:42:28,694 INFO =====> Insertion loss: 0.0
2024-10-10 00:42:28,694 INFO =====> Grad: [ 4.4517568e+03 -1.6777393e+04  7.8596669e-05  2.3056967e+04
 -1.3077325e-04]
2024-10-10 00:42:28,695 INFO =====> Skill params: [ 0.99946856  0.34359422  0.80760187 -0.00668006 -0.15403742]
2024-10-10 00:42:28,695 INFO =====> Num. aborted data so far: 0
2024-10-10 00:42:29,055 INFO ===> New TaichiEnv created.
2024-10-10 00:42:29,055 INFO ===> Specifications: horizon = 600, dt = 0.01, n_substeps = 20, dt_sub = 0.0005
2024-10-10 00:42:56,616 INFO =====> Epoch: 120
2024-10-10 00:42:56,616 INFO =====> EMD Loss: 26.526626586914062
2024-10-10 00:42:56,616 INFO =====> Height map loss: 26.277612686157227
2024-10-10 00:42:56,616 INFO =====> Insertion loss: 0.0
2024-10-10 00:42:56,617 INFO =====> Grad: [-5.02148291e+03  1.39866230e+04  1.09029724e-03  6.32949023e+03
  1.20034696e-04]
2024-10-10 00:42:56,617 INFO =====> Skill params: [ 0.9998527   0.34320194  0.8005897  -0.00874215 -0.15538482]
2024-10-10 00:42:56,617 INFO =====> Num. aborted data so far: 0
2024-10-10 00:42:56,978 INFO ===> New TaichiEnv created.
2024-10-10 00:42:56,978 INFO ===> Specifications: horizon = 600, dt = 0.01, n_substeps = 20, dt_sub = 0.0005
2024-10-10 00:43:23,973 INFO =====> Epoch: 121
2024-10-10 00:43:23,973 INFO =====> EMD Loss: 26.553205490112305
2024-10-10 00:43:23,973 INFO =====> Height map loss: 26.31736183166504
2024-10-10 00:43:23,974 INFO =====> Insertion loss: 0.0
2024-10-10 00:43:23,974 INFO =====> Grad: [-9.7857959e+03  2.5725859e+04 -4.1644310e-04 -2.6527654e+03
  2.2155060e-03]
2024-10-10 00:43:23,974 INFO =====> Skill params: [ 1.          0.34244162  0.8034017  -0.00783153 -0.17556651]
2024-10-10 00:43:23,974 INFO =====> Num. aborted data so far: 0
2024-10-10 00:43:24,340 INFO ===> New TaichiEnv created.
2024-10-10 00:43:24,340 INFO ===> Specifications: horizon = 600, dt = 0.01, n_substeps = 20, dt_sub = 0.0005
2024-10-10 00:43:50,952 INFO =====> Epoch: 122
2024-10-10 00:43:50,952 INFO =====> EMD Loss: 26.381166458129883
2024-10-10 00:43:50,952 INFO =====> Height map loss: 26.129690170288086
2024-10-10 00:43:50,952 INFO =====> Insertion loss: 0.0
2024-10-10 00:43:50,952 INFO =====> Grad: [ 1.3621298e+04 -5.3054164e+04 -7.3722866e-04  4.4439461e+04
  1.2362980e-03]
2024-10-10 00:43:50,952 INFO =====> Skill params: [ 0.9988434   0.3440922   0.8085783  -0.02216487 -0.1866802 ]
2024-10-10 00:43:50,952 INFO =====> Num. aborted data so far: 0
2024-10-10 00:43:51,334 INFO ===> New TaichiEnv created.
2024-10-10 00:43:51,334 INFO ===> Specifications: horizon = 600, dt = 0.01, n_substeps = 20, dt_sub = 0.0005
2024-10-10 00:44:18,324 INFO =====> Epoch: 123
2024-10-10 00:44:18,324 INFO =====> EMD Loss: 26.318450927734375
2024-10-10 00:44:18,324 INFO =====> Height map loss: 25.679412841796875
2024-10-10 00:44:18,324 INFO =====> Insertion loss: 0.0
2024-10-10 00:44:18,324 INFO =====> Grad: [-7.3306766e+04  2.4421970e+05 -2.1104473e-03  9.3538486e+03
  1.7702178e-03]
2024-10-10 00:44:18,324 INFO =====> Skill params: [ 1.          0.33632833  0.8225834  -0.02532906 -0.20149863]
2024-10-10 00:44:18,324 INFO =====> Num. aborted data so far: 0
2024-10-10 00:44:18,693 INFO ===> New TaichiEnv created.
2024-10-10 00:44:18,693 INFO ===> Specifications: horizon = 600, dt = 0.01, n_substeps = 20, dt_sub = 0.0005
2024-10-10 00:44:45,428 INFO =====> Epoch: 124
2024-10-10 00:44:45,428 INFO =====> EMD Loss: 26.070144653320312
2024-10-10 00:44:45,428 INFO =====> Height map loss: 25.706403732299805
2024-10-10 00:44:45,428 INFO =====> Insertion loss: 0.0
2024-10-10 00:44:45,428 INFO =====> Grad: [-5.1809277e+03  2.9834699e+04  6.3475815e-04 -1.3604194e+04
  3.2423534e-03]
2024-10-10 00:44:45,430 INFO =====> Skill params: [ 1.          0.33532906  0.81818634 -0.02053423 -0.2227142 ]
2024-10-10 00:44:45,430 INFO =====> Num. aborted data so far: 0
2024-10-10 00:44:45,797 INFO ===> New TaichiEnv created.
2024-10-10 00:44:45,797 INFO ===> Specifications: horizon = 600, dt = 0.01, n_substeps = 20, dt_sub = 0.0005
2024-10-10 00:45:12,776 INFO =====> Epoch: 125
2024-10-10 00:45:12,776 INFO =====> EMD Loss: 25.968835830688477
2024-10-10 00:45:12,776 INFO =====> Height map loss: 25.53980827331543
2024-10-10 00:45:12,776 INFO =====> Insertion loss: 0.0
2024-10-10 00:45:12,776 INFO =====> Grad: [ 2.3129035e+04 -8.0717766e+04 -2.6167958e-04  3.3723348e+04
  5.9374969e-04]
2024-10-10 00:45:12,776 INFO =====> Skill params: [ 0.9977537   0.3381673   0.8200936  -0.03218216 -0.2267755 ]
2024-10-10 00:45:12,776 INFO =====> Num. aborted data so far: 0
2024-10-10 00:45:13,133 INFO ===> New TaichiEnv created.
2024-10-10 00:45:13,134 INFO ===> Specifications: horizon = 600, dt = 0.01, n_substeps = 20, dt_sub = 0.0005
2024-10-10 00:45:40,175 INFO =====> Epoch: 126
2024-10-10 00:45:40,175 INFO =====> EMD Loss: 25.983760833740234
2024-10-10 00:45:40,175 INFO =====> Height map loss: 25.57914924621582
2024-10-10 00:45:40,175 INFO =====> Insertion loss: 0.0
2024-10-10 00:45:40,175 INFO =====> Grad: [ 2.4611409e+03 -1.5824916e+04 -7.3431944e-04  7.3328057e+03
 -1.3437231e-04]
2024-10-10 00:45:40,175 INFO =====> Skill params: [ 0.99750173  0.33875376  0.8256475  -0.03484242 -0.22580712]
2024-10-10 00:45:40,175 INFO =====> Num. aborted data so far: 0
2024-10-10 00:45:40,533 INFO ===> New TaichiEnv created.
2024-10-10 00:45:40,533 INFO ===> Specifications: horizon = 600, dt = 0.01, n_substeps = 20, dt_sub = 0.0005
2024-10-10 00:46:07,802 INFO =====> Epoch: 127
2024-10-10 00:46:07,802 INFO =====> EMD Loss: 26.002470016479492
2024-10-10 00:46:07,802 INFO =====> Height map loss: 25.43010711669922
2024-10-10 00:46:07,802 INFO =====> Insertion loss: 0.0
2024-10-10 00:46:07,802 INFO =====> Grad: [-8.0913267e+03  3.1536762e+04  5.5894541e-04  3.4557887e+04
  3.1454276e-04]
2024-10-10 00:46:07,802 INFO =====> Skill params: [ 0.9983745   0.33752277  0.82123494 -0.04703587 -0.22818975]
2024-10-10 00:46:07,802 INFO =====> Num. aborted data so far: 0
2024-10-10 00:46:08,158 INFO ===> New TaichiEnv created.
2024-10-10 00:46:08,158 INFO ===> Specifications: horizon = 600, dt = 0.01, n_substeps = 20, dt_sub = 0.0005
2024-10-10 00:46:34,653 INFO =====> Epoch: 128
2024-10-10 00:46:34,653 INFO =====> EMD Loss: 25.948457717895508
2024-10-10 00:46:34,653 INFO =====> Height map loss: 25.59798240661621
2024-10-10 00:46:34,653 INFO =====> Insertion loss: 0.0
2024-10-10 00:46:34,653 INFO =====> Grad: [ 2.0077601e+03 -1.8048416e+04 -4.7768661e-04  3.3653277e+04
 -4.3109042e-04]
2024-10-10 00:46:34,653 INFO =====> Skill params: [ 0.99814624  0.33826515  0.8251789  -0.05867397 -0.22476785]
2024-10-10 00:46:34,653 INFO =====> Num. aborted data so far: 0
2024-10-10 00:46:35,015 INFO ===> New TaichiEnv created.
2024-10-10 00:46:35,015 INFO ===> Specifications: horizon = 600, dt = 0.01, n_substeps = 20, dt_sub = 0.0005
2024-10-10 00:47:01,223 INFO =====> Epoch: 129
2024-10-10 00:47:01,223 INFO =====> EMD Loss: 25.83614158630371
2024-10-10 00:47:01,223 INFO =====> Height map loss: 25.541261672973633
2024-10-10 00:47:01,223 INFO =====> Insertion loss: 0.0
2024-10-10 00:47:01,223 INFO =====> Grad: [ 7.7929517e+03 -3.7814773e+04  3.2139430e-04 -1.3369940e+03
  2.7329833e-04]
2024-10-10 00:47:01,223 INFO =====> Skill params: [ 0.99721265  0.33990252  0.8223927  -0.05818665 -0.22704862]
2024-10-10 00:47:01,223 INFO =====> Num. aborted data so far: 0
2024-10-10 00:47:01,602 INFO ===> New TaichiEnv created.
2024-10-10 00:47:01,602 INFO ===> Specifications: horizon = 600, dt = 0.01, n_substeps = 20, dt_sub = 0.0005
2024-10-10 00:47:28,117 INFO =====> Epoch: 130
2024-10-10 00:47:28,117 INFO =====> EMD Loss: 25.941940307617188
2024-10-10 00:47:28,117 INFO =====> Height map loss: 25.594865798950195
2024-10-10 00:47:28,117 INFO =====> Insertion loss: 0.0
2024-10-10 00:47:28,117 INFO =====> Grad: [-6.4275137e+03  2.5031248e+04  1.0680494e-04 -4.0061535e+04
  1.2291619e-05]
2024-10-10 00:47:28,117 INFO =====> Skill params: [ 0.99802405  0.3387608   0.82141715 -0.04434717 -0.22715674]
2024-10-10 00:47:28,117 INFO =====> Num. aborted data so far: 0
2024-10-10 00:47:28,487 INFO ===> New TaichiEnv created.
2024-10-10 00:47:28,487 INFO ===> Specifications: horizon = 600, dt = 0.01, n_substeps = 20, dt_sub = 0.0005
2024-10-10 00:47:56,100 INFO =====> Epoch: 131
2024-10-10 00:47:56,100 INFO =====> EMD Loss: 25.984399795532227
2024-10-10 00:47:56,100 INFO =====> Height map loss: 25.555971145629883
2024-10-10 00:47:56,100 INFO =====> Insertion loss: 0.0
2024-10-10 00:47:56,100 INFO =====> Grad: [ 1.5400049e+04 -6.1451574e+04 -3.0679622e-04  3.1247355e+04
 -1.9316406e-03]
2024-10-10 00:47:56,100 INFO =====> Skill params: [ 0.99597913  0.34170255  0.82435817 -0.05505366 -0.2115718 ]
2024-10-10 00:47:56,100 INFO =====> Num. aborted data so far: 0
2024-10-10 00:47:56,462 INFO ===> New TaichiEnv created.
2024-10-10 00:47:56,462 INFO ===> Specifications: horizon = 600, dt = 0.01, n_substeps = 20, dt_sub = 0.0005
2024-10-10 00:48:23,614 INFO =====> Epoch: 132
2024-10-10 00:48:23,614 INFO =====> EMD Loss: 26.037128448486328
2024-10-10 00:48:23,614 INFO =====> Height map loss: 25.820690155029297
2024-10-10 00:48:23,614 INFO =====> Insertion loss: 0.0
2024-10-10 00:48:23,614 INFO =====> Grad: [ 2.3510356e+05 -1.1158085e+06 -2.1878671e-04  5.3528881e+05
 -1.2942897e-01]
2024-10-10 00:48:23,614 INFO =====> Skill params: [ 0.97317797  0.36927435  0.82656354 -0.08626171 -0.17996207]
2024-10-10 00:48:23,614 INFO =====> Num. aborted data so far: 0
2024-10-10 00:48:23,976 INFO ===> New TaichiEnv created.
2024-10-10 00:48:23,976 INFO ===> Specifications: horizon = 600, dt = 0.01, n_substeps = 20, dt_sub = 0.0005
2024-10-10 00:48:51,034 INFO =====> Epoch: 133
2024-10-10 00:48:51,034 INFO =====> EMD Loss: 26.26634979248047
2024-10-10 00:48:51,034 INFO =====> Height map loss: 26.300945281982422
2024-10-10 00:48:51,034 INFO =====> Insertion loss: 0.0
2024-10-10 00:48:51,034 INFO =====> Grad: [-3.2749370e+03  3.8769156e+02  3.7693138e-05 -4.2737412e+03
 -5.6353997e-04]
2024-10-10 00:48:51,035 INFO =====> Skill params: [ 0.97351277  0.36926425  0.82616305 -0.08599908 -0.17981699]
2024-10-10 00:48:51,035 INFO =====> Num. aborted data so far: 0
2024-10-10 00:48:51,400 INFO ===> New TaichiEnv created.
2024-10-10 00:48:51,400 INFO ===> Specifications: horizon = 600, dt = 0.01, n_substeps = 20, dt_sub = 0.0005
2024-10-10 00:49:19,279 INFO =====> Epoch: 134
2024-10-10 00:49:19,279 INFO =====> EMD Loss: 26.262889862060547
2024-10-10 00:49:19,279 INFO =====> Height map loss: 26.269039154052734
2024-10-10 00:49:19,279 INFO =====> Insertion loss: 0.0
2024-10-10 00:49:19,279 INFO =====> Grad: [ 1.2552329e+04 -3.7202945e+04 -1.7095619e-05  1.6271136e+04
  7.7822496e-04]
2024-10-10 00:49:19,279 INFO =====> Skill params: [ 0.9721615   0.37028515  0.8263545  -0.08705249 -0.18002817]
2024-10-10 00:49:19,279 INFO =====> Num. aborted data so far: 0
2024-10-10 00:49:19,640 INFO ===> New TaichiEnv created.
2024-10-10 00:49:19,640 INFO ===> Specifications: horizon = 600, dt = 0.01, n_substeps = 20, dt_sub = 0.0005
2024-10-10 00:49:46,271 INFO =====> Epoch: 135
2024-10-10 00:49:46,271 INFO =====> EMD Loss: 26.116289138793945
2024-10-10 00:49:46,271 INFO =====> Height map loss: 26.118534088134766
2024-10-10 00:49:46,271 INFO =====> Insertion loss: 0.0
2024-10-10 00:49:46,271 INFO =====> Grad: [-2.1982610e+03  6.7621055e+03 -5.1706578e-05 -5.6246831e+03
  1.8711053e-04]
2024-10-10 00:49:46,272 INFO =====> Skill params: [ 0.9724109   0.37008956  0.8269648  -0.08666867 -0.1800817 ]
2024-10-10 00:49:46,272 INFO =====> Num. aborted data so far: 0
2024-10-10 00:49:46,636 INFO ===> New TaichiEnv created.
2024-10-10 00:49:46,636 INFO ===> Specifications: horizon = 600, dt = 0.01, n_substeps = 20, dt_sub = 0.0005
2024-10-10 00:50:12,803 INFO =====> Epoch: 136
2024-10-10 00:50:12,803 INFO =====> EMD Loss: 26.05878257751465
2024-10-10 00:50:12,803 INFO =====> Height map loss: 26.09381866455078
2024-10-10 00:50:12,803 INFO =====> Insertion loss: 0.0
2024-10-10 00:50:12,804 INFO =====> Grad: [ 1.4829419e+03 -5.1468159e+03  9.2019211e-05 -1.3205869e+04
 -6.7660655e-04]
2024-10-10 00:50:12,804 INFO =====> Skill params: [ 0.97223353  0.37024647  0.82582074 -0.08571921 -0.1798777 ]
2024-10-10 00:50:12,804 INFO =====> Num. aborted data so far: 0
2024-10-10 00:50:13,192 INFO ===> New TaichiEnv created.
2024-10-10 00:50:13,192 INFO ===> Specifications: horizon = 600, dt = 0.01, n_substeps = 20, dt_sub = 0.0005
2024-10-10 00:50:39,927 INFO =====> Epoch: 137
2024-10-10 00:50:39,927 INFO =====> EMD Loss: 26.335969924926758
2024-10-10 00:50:39,927 INFO =====> Height map loss: 26.379304885864258
2024-10-10 00:50:39,927 INFO =====> Insertion loss: 0.0
2024-10-10 00:50:39,927 INFO =====> Grad: [-1.7189684e+03  4.7534282e+03  2.1409459e-04  5.7657754e+03
 -1.2167171e-05]
2024-10-10 00:50:39,927 INFO =====> Skill params: [ 0.97245026  0.3700937   0.82302594 -0.08615614 -0.17987384]
2024-10-10 00:50:39,928 INFO =====> Num. aborted data so far: 0
2024-10-10 00:50:40,378 INFO ===> New TaichiEnv created.
2024-10-10 00:50:40,378 INFO ===> Specifications: horizon = 600, dt = 0.01, n_substeps = 20, dt_sub = 0.0005
2024-10-10 00:51:08,093 INFO =====> Epoch: 138
2024-10-10 00:51:08,093 INFO =====> EMD Loss: 26.341270446777344
2024-10-10 00:51:08,093 INFO =====> Height map loss: 26.333423614501953
2024-10-10 00:51:08,093 INFO =====> Insertion loss: 0.0
2024-10-10 00:51:08,093 INFO =====> Grad: [-1.0620415e+03  5.1231348e+03 -3.6252422e-06 -1.0102838e+04
  1.7442378e-04]
2024-10-10 00:51:08,093 INFO =====> Skill params: [ 0.9725914   0.36992016  0.82307583 -0.08534941 -0.17993227]
2024-10-10 00:51:08,093 INFO =====> Num. aborted data so far: 0
2024-10-10 00:51:08,473 INFO ===> New TaichiEnv created.
2024-10-10 00:51:08,473 INFO ===> Specifications: horizon = 600, dt = 0.01, n_substeps = 20, dt_sub = 0.0005
2024-10-10 00:51:35,483 INFO =====> Epoch: 139
2024-10-10 00:51:35,483 INFO =====> EMD Loss: 26.36267852783203
2024-10-10 00:51:35,483 INFO =====> Height map loss: 26.400999069213867
2024-10-10 00:51:35,483 INFO =====> Insertion loss: 0.0
2024-10-10 00:51:35,483 INFO =====> Grad: [-4.1249180e+03  1.1979711e+04  3.0247497e-04  1.2643592e+04
 -8.5936095e-05]
2024-10-10 00:51:35,483 INFO =====> Skill params: [ 0.97316915  0.3694924   0.81873024 -0.08641303 -0.17990193]
2024-10-10 00:51:35,483 INFO =====> Num. aborted data so far: 0
2024-10-10 00:51:35,845 INFO ===> New TaichiEnv created.
2024-10-10 00:51:35,845 INFO ===> Specifications: horizon = 600, dt = 0.01, n_substeps = 20, dt_sub = 0.0005
2024-10-10 00:52:03,278 INFO =====> Epoch: 140
2024-10-10 00:52:03,278 INFO =====> EMD Loss: 26.331462860107422
2024-10-10 00:52:03,278 INFO =====> Height map loss: 26.345285415649414
2024-10-10 00:52:03,278 INFO =====> Insertion loss: 0.0
2024-10-10 00:52:03,278 INFO =====> Grad: [-8.3604144e+02  2.8372146e+03  2.3702919e-04  3.6329487e+03
 -1.2076723e-04]
2024-10-10 00:52:03,278 INFO =====> Skill params: [ 0.9732926   0.36938563  0.81516355 -0.08673517 -0.17985697]
2024-10-10 00:52:03,278 INFO =====> Num. aborted data so far: 0
2024-10-10 00:52:03,639 INFO ===> New TaichiEnv created.
2024-10-10 00:52:03,639 INFO ===> Specifications: horizon = 600, dt = 0.01, n_substeps = 20, dt_sub = 0.0005
2024-10-10 00:52:31,426 INFO =====> Epoch: 141
2024-10-10 00:52:31,426 INFO =====> EMD Loss: 26.317697525024414
2024-10-10 00:52:31,426 INFO =====> Height map loss: 26.30970001220703
2024-10-10 00:52:31,426 INFO =====> Insertion loss: 0.0
2024-10-10 00:52:31,426 INFO =====> Grad: [ 1.6652866e+02  1.2827443e+03 -1.0689182e-04 -6.3041956e+02
  2.1779297e-04]
2024-10-10 00:52:31,426 INFO =====> Skill params: [ 0.97326666  0.36933473  0.81685656 -0.08667625 -0.17994241]
2024-10-10 00:52:31,426 INFO =====> Num. aborted data so far: 0
2024-10-10 00:52:31,788 INFO ===> New TaichiEnv created.
2024-10-10 00:52:31,788 INFO ===> Specifications: horizon = 600, dt = 0.01, n_substeps = 20, dt_sub = 0.0005
2024-10-10 00:52:59,201 INFO =====> Epoch: 142
2024-10-10 00:52:59,201 INFO =====> EMD Loss: 26.32514190673828
2024-10-10 00:52:59,201 INFO =====> Height map loss: 26.295608520507812
2024-10-10 00:52:59,201 INFO =====> Insertion loss: 0.0
2024-10-10 00:52:59,201 INFO =====> Grad: [ 4.9518481e+03 -1.3777939e+04 -9.0699957e-04  2.6173234e+04
  9.1077149e-04]
2024-10-10 00:52:59,201 INFO =====> Skill params: [ 0.9724546   0.3699108   0.8305141  -0.08924634 -0.18031906]
2024-10-10 00:52:59,201 INFO =====> Num. aborted data so far: 0
2024-10-10 00:52:59,578 INFO ===> New TaichiEnv created.
2024-10-10 00:52:59,578 INFO ===> Specifications: horizon = 600, dt = 0.01, n_substeps = 20, dt_sub = 0.0005
2024-10-10 00:53:26,498 INFO =====> Epoch: 143
2024-10-10 00:53:26,498 INFO =====> EMD Loss: 26.037076950073242
2024-10-10 00:53:26,498 INFO =====> Height map loss: 26.087299346923828
2024-10-10 00:53:26,498 INFO =====> Insertion loss: 0.0
2024-10-10 00:53:26,498 INFO =====> Grad: [-5.3260562e+03  1.5057562e+04  4.6844195e-04  1.1284508e+04
  5.4187834e-04]
2024-10-10 00:53:26,498 INFO =====> Skill params: [ 0.97337484  0.36924732  0.82327616 -0.09041357 -0.18055525]
2024-10-10 00:53:26,498 INFO =====> Num. aborted data so far: 0
2024-10-10 00:53:26,865 INFO ===> New TaichiEnv created.
2024-10-10 00:53:26,865 INFO ===> Specifications: horizon = 600, dt = 0.01, n_substeps = 20, dt_sub = 0.0005
2024-10-10 00:53:53,508 INFO =====> Epoch: 144
2024-10-10 00:53:53,508 INFO =====> EMD Loss: 26.065486907958984
2024-10-10 00:53:53,508 INFO =====> Height map loss: 26.025028228759766
2024-10-10 00:53:53,508 INFO =====> Insertion loss: 0.0
2024-10-10 00:53:53,508 INFO =====> Grad: [-2.2274014e+04  6.9781367e+04 -4.0282871e-04 -3.3192629e+04
  1.2008237e-03]
2024-10-10 00:53:53,508 INFO =====> Skill params: [ 0.97739863  0.36602306  0.8297002  -0.08681799 -0.18110693]
2024-10-10 00:53:53,508 INFO =====> Num. aborted data so far: 0
2024-10-10 00:53:53,885 INFO ===> New TaichiEnv created.
2024-10-10 00:53:53,885 INFO ===> Specifications: horizon = 600, dt = 0.01, n_substeps = 20, dt_sub = 0.0005
2024-10-10 00:54:21,595 INFO =====> Epoch: 145
2024-10-10 00:54:21,595 INFO =====> EMD Loss: 26.133289337158203
2024-10-10 00:54:21,596 INFO =====> Height map loss: 26.058975219726562
2024-10-10 00:54:21,596 INFO =====> Insertion loss: 0.0
2024-10-10 00:54:21,596 INFO =====> Grad: [-7.1336807e+03  2.1817689e+04  6.8176072e-05 -5.9608457e+03
  8.5076375e-04]
2024-10-10 00:54:21,596 INFO =====> Skill params: [ 0.9787558   0.36496106  0.82855487 -0.08613752 -0.18151888]
2024-10-10 00:54:21,596 INFO =====> Num. aborted data so far: 0
2024-10-10 00:54:21,969 INFO ===> New TaichiEnv created.
2024-10-10 00:54:21,969 INFO ===> Specifications: horizon = 600, dt = 0.01, n_substeps = 20, dt_sub = 0.0005
2024-10-10 00:54:49,179 INFO =====> Epoch: 146
2024-10-10 00:54:49,179 INFO =====> EMD Loss: 26.119096755981445
2024-10-10 00:54:49,179 INFO =====> Height map loss: 26.07406997680664
2024-10-10 00:54:49,179 INFO =====> Insertion loss: 0.0
2024-10-10 00:54:49,179 INFO =====> Grad: [-1.8385182e+04  5.1217500e+04  7.6981203e-04 -3.5833754e+04
 -1.3709003e-04]
2024-10-10 00:54:49,179 INFO =====> Skill params: [ 0.9824179   0.36234212  0.81603694 -0.08186508 -0.1814489 ]
2024-10-10 00:54:49,179 INFO =====> Num. aborted data so far: 0
2024-10-10 00:54:49,541 INFO ===> New TaichiEnv created.
2024-10-10 00:54:49,541 INFO ===> Specifications: horizon = 600, dt = 0.01, n_substeps = 20, dt_sub = 0.0005
2024-10-10 00:55:18,074 INFO =====> Epoch: 147
2024-10-10 00:55:18,074 INFO =====> EMD Loss: 26.113096237182617
2024-10-10 00:55:18,074 INFO =====> Height map loss: 26.120214462280273
2024-10-10 00:55:18,074 INFO =====> Insertion loss: 0.0
2024-10-10 00:55:18,074 INFO =====> Grad: [ 5.1104766e+03 -3.0225816e+04 -2.1221375e-04  4.7961379e+04
 -3.7753258e-03]
2024-10-10 00:55:18,074 INFO =====> Skill params: [ 0.9813455   0.36396912  0.8196506  -0.08778621 -0.17942189]
2024-10-10 00:55:18,074 INFO =====> Num. aborted data so far: 0
2024-10-10 00:55:18,438 INFO ===> New TaichiEnv created.
2024-10-10 00:55:18,438 INFO ===> Specifications: horizon = 600, dt = 0.01, n_substeps = 20, dt_sub = 0.0005
2024-10-10 00:55:46,342 INFO =====> Epoch: 148
2024-10-10 00:55:46,342 INFO =====> EMD Loss: 26.405384063720703
2024-10-10 00:55:46,342 INFO =====> Height map loss: 26.40043830871582
2024-10-10 00:55:46,342 INFO =====> Insertion loss: 0.0
2024-10-10 00:55:46,342 INFO =====> Grad: [-5.1447241e+02 -1.6747135e+04 -3.2021097e-05 -8.9149640e+02
 -1.3092208e-03]
2024-10-10 00:55:46,343 INFO =====> Skill params: [ 0.98145926  0.36491892  0.82022524 -0.08767019 -0.17868114]
2024-10-10 00:55:46,343 INFO =====> Num. aborted data so far: 0
2024-10-10 00:55:46,719 INFO ===> New TaichiEnv created.
2024-10-10 00:55:46,719 INFO ===> Specifications: horizon = 600, dt = 0.01, n_substeps = 20, dt_sub = 0.0005
2024-10-10 00:56:13,285 INFO =====> Epoch: 149
2024-10-10 00:56:13,285 INFO =====> EMD Loss: 26.35185432434082
2024-10-10 00:56:13,285 INFO =====> Height map loss: 26.445512771606445
2024-10-10 00:56:13,285 INFO =====> Insertion loss: 0.0
2024-10-10 00:56:13,285 INFO =====> Grad: [ 6.3852734e+03 -1.9467922e+04  7.6688803e-04  2.5135615e+04
  2.0934781e-04]
2024-10-10 00:56:13,285 INFO =====> Skill params: [ 0.9799721   0.36608195  0.80703926 -0.09109779 -0.17880599]
2024-10-10 00:56:13,285 INFO =====> Num. aborted data so far: 0
2024-10-10 00:56:13,288 INFO ====> Finished training.
2024-10-10 00:56:13,288 INFO ====> Final EMD loss: 26.35185432434082
2024-10-10 00:56:13,288 INFO ====> Final height map loss: 26.445512771606445
2024-10-10 00:56:13,288 INFO ====> Final insertion loss: 0.0
2024-10-10 00:56:13,288 INFO ====> Final skill params: [ 0.9799721   0.36608195  0.80703926 -0.09109779 -0.17880599]
