2024-10-09 17:08:12,262 INFO ===> Start grad computation at:, 2024-10-9 17:8:12
2024-10-09 17:08:12,615 INFO ===> New TaichiEnv created.
2024-10-09 17:08:12,615 INFO ===> Specifications: horizon = 311, dt = 0.01, n_substeps = 20, dt_sub = 0.0005
2024-10-09 17:08:12,637 DEBUG loaded <trimesh.Trimesh(vertices.shape=(916, 3), faces.shape=(856, 3))> using `load_obj` in 0.0029s
2024-10-09 17:08:12,784 DEBUG loaded <trimesh.Trimesh(vertices.shape=(48, 3), faces.shape=(28, 3))> using `load_obj` in 0.0007s
2024-10-09 17:09:03,294 INFO =====> Epoch: 0
2024-10-09 17:09:03,295 INFO =====> Loss info: {'particle_has_naninf': False, 'height_map_loss': 31.143230438232422, 'emd_loss': 31.336896896362305, 'total_loss': 31.336896896362305}
2024-10-09 17:09:03,295 INFO =====> Param: E: [804797.4], nu: [0.38755718], rho: [1851.0825], sand_angle: [16.271734]
2024-10-09 17:09:03,295 INFO =====> Grad: [-2.1268668e-02 -1.3115947e+05 -7.5079857e+01 -1.4137665e+03]
2024-10-09 17:09:03,295 INFO =====> Num. aborted data so far: 0
2024-10-09 17:09:03,665 INFO ===> New TaichiEnv created.
2024-10-09 17:09:03,665 INFO ===> Specifications: horizon = 311, dt = 0.01, n_substeps = 20, dt_sub = 0.0005
2024-10-09 17:09:03,687 DEBUG loaded <trimesh.Trimesh(vertices.shape=(916, 3), faces.shape=(856, 3))> using `load_obj` in 0.0030s
2024-10-09 17:09:03,835 DEBUG loaded <trimesh.Trimesh(vertices.shape=(48, 3), faces.shape=(28, 3))> using `load_obj` in 0.0007s
2024-10-09 17:09:54,545 INFO =====> Epoch: 1
2024-10-09 17:09:54,545 INFO =====> Loss info: {'particle_has_naninf': False, 'height_map_loss': 30.982860565185547, 'emd_loss': 30.792654037475586, 'total_loss': 30.792654037475586}
2024-10-09 17:09:54,545 INFO =====> Param: E: [799656.56], nu: [0.38542166], rho: [1780.4133], sand_angle: [16.669239]
2024-10-09 17:09:54,545 INFO =====> Grad: [ 1.2127180e-02  2.6403449e+04  2.6369896e+01 -1.2953529e+02]
2024-10-09 17:09:54,545 INFO =====> Num. aborted data so far: 0
2024-10-09 17:09:54,927 INFO ===> New TaichiEnv created.
2024-10-09 17:09:54,927 INFO ===> Specifications: horizon = 311, dt = 0.01, n_substeps = 20, dt_sub = 0.0005
2024-10-09 17:09:54,951 DEBUG loaded <trimesh.Trimesh(vertices.shape=(916, 3), faces.shape=(856, 3))> using `load_obj` in 0.0029s
2024-10-09 17:09:55,104 DEBUG loaded <trimesh.Trimesh(vertices.shape=(48, 3), faces.shape=(28, 3))> using `load_obj` in 0.0007s
2024-10-09 17:10:44,095 INFO =====> Epoch: 2
2024-10-09 17:10:44,095 INFO =====> Loss info: {'particle_has_naninf': False, 'height_map_loss': 31.059579849243164, 'emd_loss': 30.796361923217773, 'total_loss': 30.796361923217773}
2024-10-09 17:10:44,096 INFO =====> Param: E: [800689.75], nu: [0.38449427], rho: [1816.3015], sand_angle: [17.99261]
2024-10-09 17:10:44,096 INFO =====> Grad: [-2.0523253e-03  9.6432412e+03 -1.1427084e+01 -3.8712753e+02]
2024-10-09 17:10:44,096 INFO =====> Num. aborted data so far: 0
2024-10-09 17:10:44,450 INFO ===> New TaichiEnv created.
2024-10-09 17:10:44,450 INFO ===> Specifications: horizon = 311, dt = 0.01, n_substeps = 20, dt_sub = 0.0005
2024-10-09 17:10:44,473 DEBUG loaded <trimesh.Trimesh(vertices.shape=(916, 3), faces.shape=(856, 3))> using `load_obj` in 0.0029s
2024-10-09 17:10:44,622 DEBUG loaded <trimesh.Trimesh(vertices.shape=(48, 3), faces.shape=(28, 3))> using `load_obj` in 0.0007s
2024-10-09 17:11:33,788 INFO =====> Epoch: 3
2024-10-09 17:11:33,788 INFO =====> Loss info: {'particle_has_naninf': False, 'height_map_loss': 31.29896354675293, 'emd_loss': 30.910669326782227, 'total_loss': 30.910669326782227}
2024-10-09 17:11:33,788 INFO =====> Param: E: [797219.75], nu: [0.38437137], rho: [1890.2382], sand_angle: [17.729115]
2024-10-09 17:11:33,789 INFO =====> Grad: [ 6.2350105e-03  1.0694456e+03 -2.1542170e+01  6.4658920e+01]
2024-10-09 17:11:33,790 INFO =====> Num. aborted data so far: 0
2024-10-09 17:11:34,141 INFO ===> New TaichiEnv created.
2024-10-09 17:11:34,141 INFO ===> Specifications: horizon = 311, dt = 0.01, n_substeps = 20, dt_sub = 0.0005
2024-10-09 17:11:34,163 DEBUG loaded <trimesh.Trimesh(vertices.shape=(916, 3), faces.shape=(856, 3))> using `load_obj` in 0.0028s
2024-10-09 17:11:34,311 DEBUG loaded <trimesh.Trimesh(vertices.shape=(48, 3), faces.shape=(28, 3))> using `load_obj` in 0.0007s
2024-10-09 17:12:24,243 INFO =====> Epoch: 4
2024-10-09 17:12:24,244 INFO =====> Loss info: {'particle_has_naninf': False, 'height_map_loss': 31.330541610717773, 'emd_loss': 30.829044342041016, 'total_loss': 30.829044342041016}
2024-10-09 17:12:24,244 INFO =====> Param: E: [802919.94], nu: [0.39104384], rho: [1990.6666], sand_angle: [19.90555]
2024-10-09 17:12:24,244 INFO =====> Grad: [-1.0971140e-02 -7.1172906e+04 -2.9314829e+01 -5.5649231e+02]
2024-10-09 17:12:24,244 INFO =====> Num. aborted data so far: 0
2024-10-09 17:12:24,606 INFO ===> New TaichiEnv created.
2024-10-09 17:12:24,606 INFO ===> Specifications: horizon = 311, dt = 0.01, n_substeps = 20, dt_sub = 0.0005
2024-10-09 17:12:24,632 DEBUG loaded <trimesh.Trimesh(vertices.shape=(916, 3), faces.shape=(856, 3))> using `load_obj` in 0.0046s
2024-10-09 17:12:24,783 DEBUG loaded <trimesh.Trimesh(vertices.shape=(48, 3), faces.shape=(28, 3))> using `load_obj` in 0.0007s
2024-10-09 17:13:15,416 INFO =====> Epoch: 5
2024-10-09 17:13:15,416 INFO =====> Loss info: {'particle_has_naninf': False, 'height_map_loss': 31.872112274169922, 'emd_loss': 31.174768447875977, 'total_loss': 31.174768447875977}
2024-10-09 17:13:15,416 INFO =====> Param: E: [805837.6], nu: [0.39303404], rho: [2001.716], sand_angle: [23.0466]
2024-10-09 17:13:15,416 INFO =====> Grad: [-4.9584731e-03 -1.8198904e+04 -2.7034113e+00 -1.3177150e+03]
2024-10-09 17:13:15,416 INFO =====> Num. aborted data so far: 0
2024-10-09 17:13:15,793 INFO ===> New TaichiEnv created.
2024-10-09 17:13:15,794 INFO ===> Specifications: horizon = 311, dt = 0.01, n_substeps = 20, dt_sub = 0.0005
2024-10-09 17:13:15,821 DEBUG loaded <trimesh.Trimesh(vertices.shape=(916, 3), faces.shape=(856, 3))> using `load_obj` in 0.0030s
2024-10-09 17:13:15,975 DEBUG loaded <trimesh.Trimesh(vertices.shape=(48, 3), faces.shape=(28, 3))> using `load_obj` in 0.0008s
2024-10-09 17:14:05,635 INFO =====> Epoch: 6
2024-10-09 17:14:05,635 INFO =====> Loss info: {'particle_has_naninf': False, 'height_map_loss': 32.960079193115234, 'emd_loss': 31.870506286621094, 'total_loss': 31.870506286621094}
2024-10-09 17:14:05,635 INFO =====> Param: E: [809838.1], nu: [0.39012253], rho: [1968.8354], sand_angle: [21.170696]
2024-10-09 17:14:05,635 INFO =====> Grad: [-6.3282484e-03  2.3502482e+04  6.8426385e+00  7.6744183e+02]
2024-10-09 17:14:05,635 INFO =====> Num. aborted data so far: 0
2024-10-09 17:14:05,992 INFO ===> New TaichiEnv created.
2024-10-09 17:14:05,992 INFO ===> Specifications: horizon = 311, dt = 0.01, n_substeps = 20, dt_sub = 0.0005
2024-10-09 17:14:06,017 DEBUG loaded <trimesh.Trimesh(vertices.shape=(916, 3), faces.shape=(856, 3))> using `load_obj` in 0.0054s
2024-10-09 17:14:06,169 DEBUG loaded <trimesh.Trimesh(vertices.shape=(48, 3), faces.shape=(28, 3))> using `load_obj` in 0.0007s
2024-10-09 17:14:57,381 INFO =====> Epoch: 7
2024-10-09 17:14:57,381 INFO =====> Loss info: {'particle_has_naninf': False, 'height_map_loss': 32.35499954223633, 'emd_loss': 31.557178497314453, 'total_loss': 31.557178497314453}
2024-10-09 17:14:57,381 INFO =====> Param: E: [810357.7], nu: [0.39435902], rho: [2082.7515], sand_angle: [20.180464]
2024-10-09 17:14:57,381 INFO =====> Grad: [-6.8876101e-04 -3.2301123e+04 -2.5380936e+01  3.5213416e+02]
2024-10-09 17:14:57,381 INFO =====> Num. aborted data so far: 0
2024-10-09 17:14:57,737 INFO ===> New TaichiEnv created.
2024-10-09 17:14:57,737 INFO ===> Specifications: horizon = 311, dt = 0.01, n_substeps = 20, dt_sub = 0.0005
2024-10-09 17:14:57,759 DEBUG loaded <trimesh.Trimesh(vertices.shape=(916, 3), faces.shape=(856, 3))> using `load_obj` in 0.0029s
2024-10-09 17:14:57,910 DEBUG loaded <trimesh.Trimesh(vertices.shape=(48, 3), faces.shape=(28, 3))> using `load_obj` in 0.0007s
2024-10-09 17:15:47,927 INFO =====> Epoch: 8
2024-10-09 17:15:47,927 INFO =====> Loss info: {'particle_has_naninf': False, 'height_map_loss': 31.99978256225586, 'emd_loss': 31.17925262451172, 'total_loss': 31.17925262451172}
2024-10-09 17:15:47,928 INFO =====> Param: E: [814423.25], nu: [0.39969504], rho: [2030.4379], sand_angle: [21.887669]
2024-10-09 17:15:47,928 INFO =====> Grad: [-5.0360984e-03 -4.1952785e+04  1.0178620e+01 -5.7460144e+02]
2024-10-09 17:15:47,928 INFO =====> Num. aborted data so far: 0
2024-10-09 17:15:48,299 INFO ===> New TaichiEnv created.
2024-10-09 17:15:48,299 INFO ===> Specifications: horizon = 311, dt = 0.01, n_substeps = 20, dt_sub = 0.0005
2024-10-09 17:15:48,322 DEBUG loaded <trimesh.Trimesh(vertices.shape=(916, 3), faces.shape=(856, 3))> using `load_obj` in 0.0031s
2024-10-09 17:15:48,480 DEBUG loaded <trimesh.Trimesh(vertices.shape=(48, 3), faces.shape=(28, 3))> using `load_obj` in 0.0007s
2024-10-09 17:16:38,216 INFO =====> Epoch: 9
2024-10-09 17:16:38,216 INFO =====> Loss info: {'particle_has_naninf': False, 'height_map_loss': 32.5693244934082, 'emd_loss': 31.651317596435547, 'total_loss': 31.651317596435547}
2024-10-09 17:16:38,216 INFO =====> Param: E: [813837.44], nu: [0.3994456], rho: [2149.5493], sand_angle: [24.403675]
2024-10-09 17:16:38,217 INFO =====> Grad: [ 6.0836738e-04  1.6414982e+03 -2.5584681e+01 -9.7761414e+02]
2024-10-09 17:16:38,217 INFO =====> Num. aborted data so far: 0
2024-10-09 17:16:38,579 INFO ===> New TaichiEnv created.
2024-10-09 17:16:38,579 INFO ===> Specifications: horizon = 311, dt = 0.01, n_substeps = 20, dt_sub = 0.0005
2024-10-09 17:16:38,604 DEBUG loaded <trimesh.Trimesh(vertices.shape=(916, 3), faces.shape=(856, 3))> using `load_obj` in 0.0029s
2024-10-09 17:16:38,754 DEBUG loaded <trimesh.Trimesh(vertices.shape=(48, 3), faces.shape=(28, 3))> using `load_obj` in 0.0007s
2024-10-09 17:17:29,025 INFO =====> Epoch: 10
2024-10-09 17:17:29,025 INFO =====> Loss info: {'particle_has_naninf': False, 'height_map_loss': 33.35344314575195, 'emd_loss': 32.17770767211914, 'total_loss': 32.17770767211914}
2024-10-09 17:17:29,025 INFO =====> Param: E: [810563.8], nu: [0.4], rho: [1990.9138], sand_angle: [22.708042]
2024-10-09 17:17:29,026 INFO =====> Grad: [ 3.0471468e-03 -2.1635982e+04  5.7590839e+01  6.2241223e+02]
2024-10-09 17:17:29,026 INFO =====> Num. aborted data so far: 0
2024-10-09 17:17:29,372 INFO ===> New TaichiEnv created.
2024-10-09 17:17:29,372 INFO ===> Specifications: horizon = 311, dt = 0.01, n_substeps = 20, dt_sub = 0.0005
2024-10-09 17:17:29,395 DEBUG loaded <trimesh.Trimesh(vertices.shape=(916, 3), faces.shape=(856, 3))> using `load_obj` in 0.0029s
2024-10-09 17:17:29,535 DEBUG loaded <trimesh.Trimesh(vertices.shape=(48, 3), faces.shape=(28, 3))> using `load_obj` in 0.0007s
2024-10-09 17:18:19,338 INFO =====> Epoch: 11
2024-10-09 17:18:19,338 INFO =====> Loss info: {'particle_has_naninf': False, 'height_map_loss': 32.84391403198242, 'emd_loss': 31.853172302246094, 'total_loss': 31.853172302246094}
2024-10-09 17:18:19,338 INFO =====> Param: E: [817530.25], nu: [0.4], rho: [2143.405], sand_angle: [22.937622]
2024-10-09 17:18:19,338 INFO =====> Grad: [-8.395213e-03 -7.586364e+04 -8.422876e+01 -7.064631e+01]
2024-10-09 17:18:19,338 INFO =====> Num. aborted data so far: 0
2024-10-09 17:18:19,706 INFO ===> New TaichiEnv created.
2024-10-09 17:18:19,706 INFO ===> Specifications: horizon = 311, dt = 0.01, n_substeps = 20, dt_sub = 0.0005
2024-10-09 17:18:19,729 DEBUG loaded <trimesh.Trimesh(vertices.shape=(916, 3), faces.shape=(856, 3))> using `load_obj` in 0.0030s
2024-10-09 17:18:19,880 DEBUG loaded <trimesh.Trimesh(vertices.shape=(48, 3), faces.shape=(28, 3))> using `load_obj` in 0.0007s
2024-10-09 17:19:09,890 INFO =====> Epoch: 12
2024-10-09 17:19:09,890 INFO =====> Loss info: {'particle_has_naninf': False, 'height_map_loss': 32.93152618408203, 'emd_loss': 31.89472198486328, 'total_loss': 31.89472198486328}
2024-10-09 17:19:09,890 INFO =====> Param: E: [821059.2], nu: [0.4], rho: [2115.9077], sand_angle: [22.604137]
2024-10-09 17:19:09,890 INFO =====> Grad: [-3.8579982e-03 -4.7472156e+04  1.2854007e+01  8.6218346e+01]
2024-10-09 17:19:09,890 INFO =====> Num. aborted data so far: 0
2024-10-09 17:19:10,311 INFO ===> New TaichiEnv created.
2024-10-09 17:19:10,311 INFO ===> Specifications: horizon = 311, dt = 0.01, n_substeps = 20, dt_sub = 0.0005
2024-10-09 17:19:10,341 DEBUG loaded <trimesh.Trimesh(vertices.shape=(916, 3), faces.shape=(856, 3))> using `load_obj` in 0.0040s
2024-10-09 17:19:10,497 DEBUG loaded <trimesh.Trimesh(vertices.shape=(48, 3), faces.shape=(28, 3))> using `load_obj` in 0.0007s
2024-10-09 17:20:00,593 INFO =====> Epoch: 13
2024-10-09 17:20:00,593 INFO =====> Loss info: {'particle_has_naninf': False, 'height_map_loss': 32.860599517822266, 'emd_loss': 31.800933837890625, 'total_loss': 31.800933837890625}
2024-10-09 17:20:00,593 INFO =====> Param: E: [816810.06], nu: [0.39807692], rho: [2081.7708], sand_angle: [23.020487]
2024-10-09 17:20:00,593 INFO =====> Grad: [ 4.3912572e-03  1.5871993e+04  1.3590890e+01 -9.0650787e+01]
2024-10-09 17:20:00,593 INFO =====> Num. aborted data so far: 0
2024-10-09 17:20:00,954 INFO ===> New TaichiEnv created.
2024-10-09 17:20:00,954 INFO ===> Specifications: horizon = 311, dt = 0.01, n_substeps = 20, dt_sub = 0.0005
2024-10-09 17:20:00,977 DEBUG loaded <trimesh.Trimesh(vertices.shape=(916, 3), faces.shape=(856, 3))> using `load_obj` in 0.0029s
2024-10-09 17:20:01,127 DEBUG loaded <trimesh.Trimesh(vertices.shape=(48, 3), faces.shape=(28, 3))> using `load_obj` in 0.0007s
2024-10-09 17:20:50,213 INFO =====> Epoch: 14
2024-10-09 17:20:50,213 INFO =====> Loss info: {'particle_has_naninf': False, 'height_map_loss': 32.98267364501953, 'emd_loss': 31.876569747924805, 'total_loss': 31.876569747924805}
2024-10-09 17:20:50,213 INFO =====> Param: E: [809054.], nu: [0.39767587], rho: [2009.1862], sand_angle: [20.248024]
2024-10-09 17:20:50,213 INFO =====> Grad: [1.2716290e-02 2.7719509e+03 2.6349691e+01 7.7606403e+02]
2024-10-09 17:20:50,213 INFO =====> Num. aborted data so far: 0
2024-10-09 17:20:50,567 INFO ===> New TaichiEnv created.
2024-10-09 17:20:50,567 INFO ===> Specifications: horizon = 311, dt = 0.01, n_substeps = 20, dt_sub = 0.0005
2024-10-09 17:20:50,589 DEBUG loaded <trimesh.Trimesh(vertices.shape=(916, 3), faces.shape=(856, 3))> using `load_obj` in 0.0029s
2024-10-09 17:20:50,738 DEBUG loaded <trimesh.Trimesh(vertices.shape=(48, 3), faces.shape=(28, 3))> using `load_obj` in 0.0007s
2024-10-09 17:21:42,634 INFO =====> Epoch: 15
2024-10-09 17:21:42,634 INFO =====> Loss info: {'particle_has_naninf': False, 'height_map_loss': 31.981658935546875, 'emd_loss': 31.1678524017334, 'total_loss': 31.1678524017334}
2024-10-09 17:21:42,634 INFO =====> Param: E: [807907.8], nu: [0.39482775], rho: [1889.6124], sand_angle: [17.645937]
2024-10-09 17:21:42,634 INFO =====> Grad: [1.5847654e-03 1.7335842e+04 4.8058823e+01 8.6863690e+02]
2024-10-09 17:21:42,634 INFO =====> Num. aborted data so far: 0
2024-10-09 17:21:42,993 INFO ===> New TaichiEnv created.
2024-10-09 17:21:42,993 INFO ===> Specifications: horizon = 311, dt = 0.01, n_substeps = 20, dt_sub = 0.0005
2024-10-09 17:21:43,015 DEBUG loaded <trimesh.Trimesh(vertices.shape=(916, 3), faces.shape=(856, 3))> using `load_obj` in 0.0029s
2024-10-09 17:21:43,167 DEBUG loaded <trimesh.Trimesh(vertices.shape=(48, 3), faces.shape=(28, 3))> using `load_obj` in 0.0007s
2024-10-09 17:22:33,803 INFO =====> Epoch: 16
2024-10-09 17:22:33,803 INFO =====> Loss info: {'particle_has_naninf': False, 'height_map_loss': 31.326505661010742, 'emd_loss': 30.837238311767578, 'total_loss': 30.837238311767578}
2024-10-09 17:22:33,804 INFO =====> Param: E: [811572.94], nu: [0.4], rho: [1897.7941], sand_angle: [18.622663]
2024-10-09 17:22:33,804 INFO =====> Grad: [-4.6294178e-03 -4.5074133e+04 -2.7540154e+00 -2.8311276e+02]
2024-10-09 17:22:33,804 INFO =====> Num. aborted data so far: 0
2024-10-09 17:22:34,186 INFO ===> New TaichiEnv created.
2024-10-09 17:22:34,186 INFO ===> Specifications: horizon = 311, dt = 0.01, n_substeps = 20, dt_sub = 0.0005
2024-10-09 17:22:34,212 DEBUG loaded <trimesh.Trimesh(vertices.shape=(916, 3), faces.shape=(856, 3))> using `load_obj` in 0.0030s
2024-10-09 17:22:34,369 DEBUG loaded <trimesh.Trimesh(vertices.shape=(48, 3), faces.shape=(28, 3))> using `load_obj` in 0.0007s
2024-10-09 17:23:23,672 INFO =====> Epoch: 17
2024-10-09 17:23:23,672 INFO =====> Loss info: {'particle_has_naninf': False, 'height_map_loss': 31.40778160095215, 'emd_loss': 31.027009963989258, 'total_loss': 31.027009963989258}
2024-10-09 17:23:23,672 INFO =====> Param: E: [807569.2], nu: [0.4], rho: [2003.415], sand_angle: [20.611752]
2024-10-09 17:23:23,672 INFO =====> Grad: [ 4.7081122e-03 -1.5462738e+04 -3.6467407e+01 -5.7521436e+02]
2024-10-09 17:23:23,672 INFO =====> Num. aborted data so far: 0
2024-10-09 17:23:24,038 INFO ===> New TaichiEnv created.
2024-10-09 17:23:24,038 INFO ===> Specifications: horizon = 311, dt = 0.01, n_substeps = 20, dt_sub = 0.0005
2024-10-09 17:23:24,061 DEBUG loaded <trimesh.Trimesh(vertices.shape=(916, 3), faces.shape=(856, 3))> using `load_obj` in 0.0030s
2024-10-09 17:23:24,210 DEBUG loaded <trimesh.Trimesh(vertices.shape=(48, 3), faces.shape=(28, 3))> using `load_obj` in 0.0007s
2024-10-09 17:24:15,712 INFO =====> Epoch: 18
2024-10-09 17:24:15,712 INFO =====> Loss info: {'particle_has_naninf': False, 'height_map_loss': 32.102378845214844, 'emd_loss': 31.387245178222656, 'total_loss': 31.387245178222656}
2024-10-09 17:24:15,712 INFO =====> Param: E: [802058.75], nu: [0.3932751], rho: [1945.1216], sand_angle: [18.55102]
2024-10-09 17:24:15,712 INFO =====> Grad: [6.8001114e-03 5.1348953e+04 1.7769367e+01 6.0396564e+02]
2024-10-09 17:24:15,712 INFO =====> Num. aborted data so far: 0
2024-10-09 17:24:16,071 INFO ===> New TaichiEnv created.
2024-10-09 17:24:16,071 INFO ===> Specifications: horizon = 311, dt = 0.01, n_substeps = 20, dt_sub = 0.0005
2024-10-09 17:24:16,095 DEBUG loaded <trimesh.Trimesh(vertices.shape=(916, 3), faces.shape=(856, 3))> using `load_obj` in 0.0029s
2024-10-09 17:24:16,244 DEBUG loaded <trimesh.Trimesh(vertices.shape=(48, 3), faces.shape=(28, 3))> using `load_obj` in 0.0007s
2024-10-09 17:25:06,165 INFO =====> Epoch: 19
2024-10-09 17:25:06,165 INFO =====> Loss info: {'particle_has_naninf': False, 'height_map_loss': 31.445785522460938, 'emd_loss': 31.064943313598633, 'total_loss': 31.064943313598633}
2024-10-09 17:25:06,165 INFO =====> Param: E: [794796.9], nu: [0.38742352], rho: [1823.4355], sand_angle: [17.148064]
2024-10-09 17:25:06,165 INFO =====> Grad: [1.23732565e-02 4.87050508e+04 4.16286736e+01 3.72621338e+02]
2024-10-09 17:25:06,165 INFO =====> Num. aborted data so far: 0
2024-10-09 17:25:06,531 INFO ===> New TaichiEnv created.
2024-10-09 17:25:06,531 INFO ===> Specifications: horizon = 311, dt = 0.01, n_substeps = 20, dt_sub = 0.0005
2024-10-09 17:25:06,554 DEBUG loaded <trimesh.Trimesh(vertices.shape=(916, 3), faces.shape=(856, 3))> using `load_obj` in 0.0030s
2024-10-09 17:25:06,708 DEBUG loaded <trimesh.Trimesh(vertices.shape=(48, 3), faces.shape=(28, 3))> using `load_obj` in 0.0007s
2024-10-09 17:25:56,779 INFO =====> Epoch: 20
2024-10-09 17:25:56,779 INFO =====> Loss info: {'particle_has_naninf': False, 'height_map_loss': 31.142454147338867, 'emd_loss': 30.648212432861328, 'total_loss': 30.648212432861328}
2024-10-09 17:25:56,779 INFO =====> Param: E: [795179.3], nu: [0.38712674], rho: [1802.561], sand_angle: [16.814825]
2024-10-09 17:25:56,779 INFO =====> Grad: [-5.4569851e-04  2.0676746e+03  6.0141649e+00  7.4360771e+01]
2024-10-09 17:25:56,779 INFO =====> Num. aborted data so far: 0
2024-10-09 17:25:57,142 INFO ===> New TaichiEnv created.
2024-10-09 17:25:57,142 INFO ===> Specifications: horizon = 311, dt = 0.01, n_substeps = 20, dt_sub = 0.0005
2024-10-09 17:25:57,164 DEBUG loaded <trimesh.Trimesh(vertices.shape=(916, 3), faces.shape=(856, 3))> using `load_obj` in 0.0029s
2024-10-09 17:25:57,316 DEBUG loaded <trimesh.Trimesh(vertices.shape=(48, 3), faces.shape=(28, 3))> using `load_obj` in 0.0007s
2024-10-09 17:26:47,574 INFO =====> Epoch: 21
2024-10-09 17:26:47,574 INFO =====> Loss info: {'particle_has_naninf': False, 'height_map_loss': 31.06222152709961, 'emd_loss': 30.710796356201172, 'total_loss': 30.710796356201172}
2024-10-09 17:26:47,574 INFO =====> Param: E: [797646.4], nu: [0.38756624], rho: [1641.7518], sand_angle: [19.029978]
2024-10-09 17:26:47,575 INFO =====> Grad: [-3.0588591e-03 -2.5649563e+03  8.1863258e+01 -5.2022211e+02]
2024-10-09 17:26:47,575 INFO =====> Num. aborted data so far: 0
2024-10-09 17:26:47,933 INFO ===> New TaichiEnv created.
2024-10-09 17:26:47,933 INFO ===> Specifications: horizon = 311, dt = 0.01, n_substeps = 20, dt_sub = 0.0005
2024-10-09 17:26:47,955 DEBUG loaded <trimesh.Trimesh(vertices.shape=(916, 3), faces.shape=(856, 3))> using `load_obj` in 0.0028s
2024-10-09 17:26:48,107 DEBUG loaded <trimesh.Trimesh(vertices.shape=(48, 3), faces.shape=(28, 3))> using `load_obj` in 0.0007s
2024-10-09 17:27:39,185 INFO =====> Epoch: 22
2024-10-09 17:27:39,185 INFO =====> Loss info: {'particle_has_naninf': False, 'height_map_loss': 31.51108169555664, 'emd_loss': 30.98141860961914, 'total_loss': 30.98141860961914}
2024-10-09 17:27:39,185 INFO =====> Param: E: [803781.06], nu: [0.39292723], rho: [1763.435], sand_angle: [21.935587]
2024-10-09 17:27:39,185 INFO =====> Grad: [-8.5938079e-03 -3.2341945e+04 -6.9518456e+01 -9.4265417e+02]
2024-10-09 17:27:39,185 INFO =====> Num. aborted data so far: 0
2024-10-09 17:27:39,551 INFO ===> New TaichiEnv created.
2024-10-09 17:27:39,551 INFO ===> Specifications: horizon = 311, dt = 0.01, n_substeps = 20, dt_sub = 0.0005
2024-10-09 17:27:39,574 DEBUG loaded <trimesh.Trimesh(vertices.shape=(916, 3), faces.shape=(856, 3))> using `load_obj` in 0.0029s
2024-10-09 17:27:39,723 DEBUG loaded <trimesh.Trimesh(vertices.shape=(48, 3), faces.shape=(28, 3))> using `load_obj` in 0.0007s
2024-10-09 17:28:30,275 INFO =====> Epoch: 23
2024-10-09 17:28:30,275 INFO =====> Loss info: {'particle_has_naninf': False, 'height_map_loss': 32.540138244628906, 'emd_loss': 31.649581909179688, 'total_loss': 31.649581909179688}
2024-10-09 17:28:30,276 INFO =====> Param: E: [799322.94], nu: [0.3920782], rho: [1898.8806], sand_angle: [23.695961]
2024-10-09 17:28:30,276 INFO =====> Grad: [ 5.9876628e-03  4.3041226e+03 -9.6550087e+01 -5.4538928e+02]
2024-10-09 17:28:30,276 INFO =====> Num. aborted data so far: 0
2024-10-09 17:28:30,657 INFO ===> New TaichiEnv created.
2024-10-09 17:28:30,657 INFO ===> Specifications: horizon = 311, dt = 0.01, n_substeps = 20, dt_sub = 0.0005
2024-10-09 17:28:30,680 DEBUG loaded <trimesh.Trimesh(vertices.shape=(916, 3), faces.shape=(856, 3))> using `load_obj` in 0.0029s
2024-10-09 17:28:30,837 DEBUG loaded <trimesh.Trimesh(vertices.shape=(48, 3), faces.shape=(28, 3))> using `load_obj` in 0.0007s
2024-10-09 17:29:20,253 INFO =====> Epoch: 24
2024-10-09 17:29:20,253 INFO =====> Loss info: {'particle_has_naninf': False, 'height_map_loss': 33.081241607666016, 'emd_loss': 32.01618957519531, 'total_loss': 32.01618957519531}
2024-10-09 17:29:20,254 INFO =====> Param: E: [803160.5], nu: [0.38603768], rho: [1917.4076], sand_angle: [23.65319]
2024-10-09 17:29:20,254 INFO =====> Grad: [-4.7526979e-03  3.4170609e+04 -1.1106829e+01  1.1087036e+01]
2024-10-09 17:29:20,254 INFO =====> Num. aborted data so far: 0
2024-10-09 17:29:20,611 INFO ===> New TaichiEnv created.
2024-10-09 17:29:20,611 INFO ===> Specifications: horizon = 311, dt = 0.01, n_substeps = 20, dt_sub = 0.0005
2024-10-09 17:29:20,633 DEBUG loaded <trimesh.Trimesh(vertices.shape=(916, 3), faces.shape=(856, 3))> using `load_obj` in 0.0028s
2024-10-09 17:29:20,779 DEBUG loaded <trimesh.Trimesh(vertices.shape=(48, 3), faces.shape=(28, 3))> using `load_obj` in 0.0007s
2024-10-09 17:30:10,667 INFO =====> Epoch: 25
2024-10-09 17:30:10,668 INFO =====> Loss info: {'particle_has_naninf': False, 'height_map_loss': 33.038352966308594, 'emd_loss': 31.936887741088867, 'total_loss': 31.936887741088867}
2024-10-09 17:30:10,668 INFO =====> Param: E: [810992.25], nu: [0.38879833], rho: [1887.5251], sand_angle: [24.795242]
2024-10-09 17:30:10,668 INFO =====> Grad: [-1.5795169e-02 -1.3707715e+04  1.5193089e+01 -2.6077716e+02]
2024-10-09 17:30:10,668 INFO =====> Num. aborted data so far: 0
2024-10-09 17:30:11,028 INFO ===> New TaichiEnv created.
2024-10-09 17:30:11,028 INFO ===> Specifications: horizon = 311, dt = 0.01, n_substeps = 20, dt_sub = 0.0005
2024-10-09 17:30:11,051 DEBUG loaded <trimesh.Trimesh(vertices.shape=(916, 3), faces.shape=(856, 3))> using `load_obj` in 0.0029s
2024-10-09 17:30:11,200 DEBUG loaded <trimesh.Trimesh(vertices.shape=(48, 3), faces.shape=(28, 3))> using `load_obj` in 0.0007s
2024-10-09 17:31:01,430 INFO =====> Epoch: 26
2024-10-09 17:31:01,431 INFO =====> Loss info: {'particle_has_naninf': False, 'height_map_loss': 33.37039566040039, 'emd_loss': 32.18810272216797, 'total_loss': 32.18810272216797}
2024-10-09 17:31:01,431 INFO =====> Param: E: [805218.06], nu: [0.380341], rho: [1790.0276], sand_angle: [22.182383]
2024-10-09 17:31:01,431 INFO =====> Grad: [1.25794755e-02 9.33417969e+04 4.90538063e+01 7.14580322e+02]
2024-10-09 17:31:01,431 INFO =====> Num. aborted data so far: 0
2024-10-09 17:31:01,879 INFO ===> New TaichiEnv created.
2024-10-09 17:31:01,879 INFO ===> Specifications: horizon = 311, dt = 0.01, n_substeps = 20, dt_sub = 0.0005
2024-10-09 17:31:01,908 DEBUG loaded <trimesh.Trimesh(vertices.shape=(916, 3), faces.shape=(856, 3))> using `load_obj` in 0.0040s
2024-10-09 17:31:02,110 DEBUG loaded <trimesh.Trimesh(vertices.shape=(48, 3), faces.shape=(28, 3))> using `load_obj` in 0.0009s
2024-10-09 17:31:52,532 INFO =====> Epoch: 27
2024-10-09 17:31:52,532 INFO =====> Loss info: {'particle_has_naninf': False, 'height_map_loss': 32.594661712646484, 'emd_loss': 31.719350814819336, 'total_loss': 31.719350814819336}
2024-10-09 17:31:52,533 INFO =====> Param: E: [803718.75], nu: [0.37674507], rho: [1629.0437], sand_angle: [19.635702]
2024-10-09 17:31:52,533 INFO =====> Grad: [2.7704190e-03 3.6125664e+04 1.4365483e+02 8.1311816e+02]
2024-10-09 17:31:52,533 INFO =====> Num. aborted data so far: 0
2024-10-09 17:31:52,908 INFO ===> New TaichiEnv created.
2024-10-09 17:31:52,908 INFO ===> Specifications: horizon = 311, dt = 0.01, n_substeps = 20, dt_sub = 0.0005
2024-10-09 17:31:52,932 DEBUG loaded <trimesh.Trimesh(vertices.shape=(916, 3), faces.shape=(856, 3))> using `load_obj` in 0.0030s
2024-10-09 17:31:53,090 DEBUG loaded <trimesh.Trimesh(vertices.shape=(48, 3), faces.shape=(28, 3))> using `load_obj` in 0.0008s
2024-10-09 17:32:42,975 INFO =====> Epoch: 28
2024-10-09 17:32:42,975 INFO =====> Loss info: {'particle_has_naninf': False, 'height_map_loss': 31.682619094848633, 'emd_loss': 31.091960906982422, 'total_loss': 31.091960906982422}
2024-10-09 17:32:42,975 INFO =====> Param: E: [807504.94], nu: [0.37965745], rho: [1558.5685], sand_angle: [17.758484]
2024-10-09 17:32:42,975 INFO =====> Grad: [-6.4327866e-03 -2.5829250e+04  5.7037323e+01  5.8464447e+02]
2024-10-09 17:32:42,975 INFO =====> Num. aborted data so far: 0
2024-10-09 17:32:43,332 INFO ===> New TaichiEnv created.
2024-10-09 17:32:43,332 INFO ===> Specifications: horizon = 311, dt = 0.01, n_substeps = 20, dt_sub = 0.0005
2024-10-09 17:32:43,356 DEBUG loaded <trimesh.Trimesh(vertices.shape=(916, 3), faces.shape=(856, 3))> using `load_obj` in 0.0029s
2024-10-09 17:32:43,500 DEBUG loaded <trimesh.Trimesh(vertices.shape=(48, 3), faces.shape=(28, 3))> using `load_obj` in 0.0007s
2024-10-09 17:33:32,980 INFO =====> Epoch: 29
2024-10-09 17:33:32,981 INFO =====> Loss info: {'particle_has_naninf': False, 'height_map_loss': 31.24909210205078, 'emd_loss': 30.81608009338379, 'total_loss': 30.81608009338379}
2024-10-09 17:33:32,981 INFO =====> Param: E: [805662.3], nu: [0.3769441], rho: [1556.3179], sand_angle: [16.95739]
2024-10-09 17:33:32,981 INFO =====> Grad: [2.6743598e-03 2.1086680e+04 1.5240818e+00 2.1395409e+02]
2024-10-09 17:33:32,981 INFO =====> Num. aborted data so far: 0
2024-10-09 17:33:33,337 INFO ===> New TaichiEnv created.
2024-10-09 17:33:33,337 INFO ===> Specifications: horizon = 311, dt = 0.01, n_substeps = 20, dt_sub = 0.0005
2024-10-09 17:33:33,360 DEBUG loaded <trimesh.Trimesh(vertices.shape=(916, 3), faces.shape=(856, 3))> using `load_obj` in 0.0029s
2024-10-09 17:33:33,503 DEBUG loaded <trimesh.Trimesh(vertices.shape=(48, 3), faces.shape=(28, 3))> using `load_obj` in 0.0007s
2024-10-09 17:34:23,705 INFO =====> Epoch: 30
2024-10-09 17:34:23,705 INFO =====> Loss info: {'particle_has_naninf': False, 'height_map_loss': 31.036224365234375, 'emd_loss': 30.605323791503906, 'total_loss': 30.605323791503906}
2024-10-09 17:34:23,706 INFO =====> Param: E: [808856.2], nu: [0.38164705], rho: [1672.354], sand_angle: [19.96035]
2024-10-09 17:34:23,706 INFO =====> Grad: [-4.1400194e-03 -3.5677809e+04 -8.5152779e+01 -1.1794690e+03]
2024-10-09 17:34:23,706 INFO =====> Num. aborted data so far: 0
2024-10-09 17:34:24,072 INFO ===> New TaichiEnv created.
2024-10-09 17:34:24,072 INFO ===> Specifications: horizon = 311, dt = 0.01, n_substeps = 20, dt_sub = 0.0005
2024-10-09 17:34:24,095 DEBUG loaded <trimesh.Trimesh(vertices.shape=(916, 3), faces.shape=(856, 3))> using `load_obj` in 0.0030s
2024-10-09 17:34:24,252 DEBUG loaded <trimesh.Trimesh(vertices.shape=(48, 3), faces.shape=(28, 3))> using `load_obj` in 0.0007s
2024-10-09 17:35:14,313 INFO =====> Epoch: 31
2024-10-09 17:35:14,313 INFO =====> Loss info: {'particle_has_naninf': False, 'height_map_loss': 31.83397674560547, 'emd_loss': 31.116291046142578, 'total_loss': 31.116291046142578}
2024-10-09 17:35:14,313 INFO =====> Param: E: [805568.6], nu: [0.38098845], rho: [1787.7604], sand_angle: [21.447514]
2024-10-09 17:35:14,313 INFO =====> Grad: [ 3.8218510e-03  4.1911895e+03 -9.1442772e+01 -5.3509296e+02]
2024-10-09 17:35:14,313 INFO =====> Num. aborted data so far: 0
2024-10-09 17:35:14,685 INFO ===> New TaichiEnv created.
2024-10-09 17:35:14,685 INFO ===> Specifications: horizon = 311, dt = 0.01, n_substeps = 20, dt_sub = 0.0005
2024-10-09 17:35:14,708 DEBUG loaded <trimesh.Trimesh(vertices.shape=(916, 3), faces.shape=(856, 3))> using `load_obj` in 0.0029s
2024-10-09 17:35:14,868 DEBUG loaded <trimesh.Trimesh(vertices.shape=(48, 3), faces.shape=(28, 3))> using `load_obj` in 0.0008s
2024-10-09 17:36:04,150 INFO =====> Epoch: 32
2024-10-09 17:36:04,150 INFO =====> Loss info: {'particle_has_naninf': False, 'height_map_loss': 32.41164779663086, 'emd_loss': 31.4893741607666, 'total_loss': 31.4893741607666}
2024-10-09 17:36:04,150 INFO =====> Param: E: [805595.25], nu: [0.3810056], rho: [1681.105], sand_angle: [21.096601]
2024-10-09 17:36:04,150 INFO =====> Grad: [-2.5882560e-05 -9.1255043e+01  8.7115288e+01  1.0612867e+02]
2024-10-09 17:36:04,150 INFO =====> Num. aborted data so far: 0
2024-10-09 17:36:04,512 INFO ===> New TaichiEnv created.
2024-10-09 17:36:04,512 INFO ===> Specifications: horizon = 311, dt = 0.01, n_substeps = 20, dt_sub = 0.0005
2024-10-09 17:36:04,535 DEBUG loaded <trimesh.Trimesh(vertices.shape=(916, 3), faces.shape=(856, 3))> using `load_obj` in 0.0029s
2024-10-09 17:36:04,681 DEBUG loaded <trimesh.Trimesh(vertices.shape=(48, 3), faces.shape=(28, 3))> using `load_obj` in 0.0007s
2024-10-09 17:36:54,459 INFO =====> Epoch: 33
2024-10-09 17:36:54,459 INFO =====> Loss info: {'particle_has_naninf': False, 'height_map_loss': 32.22099304199219, 'emd_loss': 31.465160369873047, 'total_loss': 31.465160369873047}
2024-10-09 17:36:54,459 INFO =====> Param: E: [809355.], nu: [0.38448307], rho: [1689.1449], sand_angle: [21.990479]
2024-10-09 17:36:54,459 INFO =====> Grad: [-3.3575243e-03 -1.6754021e+04 -5.4996748e+00 -2.3328117e+02]
2024-10-09 17:36:54,459 INFO =====> Num. aborted data so far: 0
2024-10-09 17:36:54,828 INFO ===> New TaichiEnv created.
2024-10-09 17:36:54,828 INFO ===> Specifications: horizon = 311, dt = 0.01, n_substeps = 20, dt_sub = 0.0005
2024-10-09 17:36:54,850 DEBUG loaded <trimesh.Trimesh(vertices.shape=(916, 3), faces.shape=(856, 3))> using `load_obj` in 0.0030s
2024-10-09 17:36:54,994 DEBUG loaded <trimesh.Trimesh(vertices.shape=(48, 3), faces.shape=(28, 3))> using `load_obj` in 0.0007s
2024-10-09 17:37:44,927 INFO =====> Epoch: 34
2024-10-09 17:37:44,927 INFO =====> Loss info: {'particle_has_naninf': False, 'height_map_loss': 32.53504180908203, 'emd_loss': 31.601558685302734, 'total_loss': 31.601558685302734}
2024-10-09 17:37:44,927 INFO =====> Param: E: [813255.25], nu: [0.39138573], rho: [1820.9097], sand_angle: [24.741074]
2024-10-09 17:37:44,928 INFO =====> Grad: [-3.22305621e-03 -4.25182969e+04 -1.08942825e+02 -9.13169067e+02]
2024-10-09 17:37:44,928 INFO =====> Num. aborted data so far: 0
2024-10-09 17:37:45,373 INFO ===> New TaichiEnv created.
2024-10-09 17:37:45,373 INFO ===> Specifications: horizon = 311, dt = 0.01, n_substeps = 20, dt_sub = 0.0005
2024-10-09 17:37:45,403 DEBUG loaded <trimesh.Trimesh(vertices.shape=(916, 3), faces.shape=(856, 3))> using `load_obj` in 0.0039s
2024-10-09 17:37:45,599 DEBUG loaded <trimesh.Trimesh(vertices.shape=(48, 3), faces.shape=(28, 3))> using `load_obj` in 0.0009s
2024-10-09 17:38:35,496 INFO =====> Epoch: 35
2024-10-09 17:38:35,496 INFO =====> Loss info: {'particle_has_naninf': False, 'height_map_loss': 33.428897857666016, 'emd_loss': 32.201255798339844, 'total_loss': 32.201255798339844}
2024-10-09 17:38:35,496 INFO =====> Param: E: [808738.7], nu: [0.39162937], rho: [1720.5503], sand_angle: [23.702358]
2024-10-09 17:38:35,497 INFO =====> Grad: [ 3.5933587e-03 -1.2560830e+03  8.3105263e+01  3.0094907e+02]
2024-10-09 17:38:35,497 INFO =====> Num. aborted data so far: 0
2024-10-09 17:38:35,866 INFO ===> New TaichiEnv created.
2024-10-09 17:38:35,866 INFO ===> Specifications: horizon = 311, dt = 0.01, n_substeps = 20, dt_sub = 0.0005
2024-10-09 17:38:35,889 DEBUG loaded <trimesh.Trimesh(vertices.shape=(916, 3), faces.shape=(856, 3))> using `load_obj` in 0.0030s
2024-10-09 17:38:36,044 DEBUG loaded <trimesh.Trimesh(vertices.shape=(48, 3), faces.shape=(28, 3))> using `load_obj` in 0.0007s
2024-10-09 17:39:25,695 INFO =====> Epoch: 36
2024-10-09 17:39:25,695 INFO =====> Loss info: {'particle_has_naninf': False, 'height_map_loss': 33.078460693359375, 'emd_loss': 31.995939254760742, 'total_loss': 31.995939254760742}
2024-10-09 17:39:25,695 INFO =====> Param: E: [808086.6], nu: [0.38944286], rho: [1755.5459], sand_angle: [21.01795]
2024-10-09 17:39:25,695 INFO =====> Grad: [ 4.3515212e-04  9.7139199e+03 -2.4703688e+01  9.5990845e+02]
2024-10-09 17:39:25,695 INFO =====> Num. aborted data so far: 0
2024-10-09 17:39:26,056 INFO ===> New TaichiEnv created.
2024-10-09 17:39:26,056 INFO ===> Specifications: horizon = 311, dt = 0.01, n_substeps = 20, dt_sub = 0.0005
2024-10-09 17:39:26,079 DEBUG loaded <trimesh.Trimesh(vertices.shape=(916, 3), faces.shape=(856, 3))> using `load_obj` in 0.0029s
2024-10-09 17:39:26,225 DEBUG loaded <trimesh.Trimesh(vertices.shape=(48, 3), faces.shape=(28, 3))> using `load_obj` in 0.0007s
2024-10-09 17:40:15,838 INFO =====> Epoch: 37
2024-10-09 17:40:15,838 INFO =====> Loss info: {'particle_has_naninf': False, 'height_map_loss': 32.23190689086914, 'emd_loss': 31.448001861572266, 'total_loss': 31.448001861572266}
2024-10-09 17:40:15,839 INFO =====> Param: E: [801896.2], nu: [0.38491857], rho: [1781.8412], sand_angle: [22.415693]
2024-10-09 17:40:15,839 INFO =====> Grad: [ 4.7029946e-03  1.9362010e+04 -1.5693716e+01 -4.5264987e+02]
2024-10-09 17:40:15,839 INFO =====> Num. aborted data so far: 0
2024-10-09 17:40:16,199 INFO ===> New TaichiEnv created.
2024-10-09 17:40:16,199 INFO ===> Specifications: horizon = 311, dt = 0.01, n_substeps = 20, dt_sub = 0.0005
2024-10-09 17:40:16,222 DEBUG loaded <trimesh.Trimesh(vertices.shape=(916, 3), faces.shape=(856, 3))> using `load_obj` in 0.0029s
2024-10-09 17:40:16,373 DEBUG loaded <trimesh.Trimesh(vertices.shape=(48, 3), faces.shape=(28, 3))> using `load_obj` in 0.0007s
2024-10-09 17:41:06,957 INFO =====> Epoch: 38
2024-10-09 17:41:06,957 INFO =====> Loss info: {'particle_has_naninf': False, 'height_map_loss': 32.711761474609375, 'emd_loss': 31.748376846313477, 'total_loss': 31.748376846313477}
2024-10-09 17:41:06,957 INFO =====> Param: E: [805598.3], nu: [0.39073426], rho: [1919.5616], sand_angle: [23.163107]
2024-10-09 17:41:06,957 INFO =====> Grad: [-2.5743416e-03 -2.7015150e+04 -1.0475183e+02 -2.0688966e+02]
2024-10-09 17:41:06,957 INFO =====> Num. aborted data so far: 0
2024-10-09 17:41:07,343 INFO ===> New TaichiEnv created.
2024-10-09 17:41:07,343 INFO ===> Specifications: horizon = 311, dt = 0.01, n_substeps = 20, dt_sub = 0.0005
2024-10-09 17:41:07,366 DEBUG loaded <trimesh.Trimesh(vertices.shape=(916, 3), faces.shape=(856, 3))> using `load_obj` in 0.0030s
2024-10-09 17:41:07,522 DEBUG loaded <trimesh.Trimesh(vertices.shape=(48, 3), faces.shape=(28, 3))> using `load_obj` in 0.0007s
2024-10-09 17:41:57,324 INFO =====> Epoch: 39
2024-10-09 17:41:57,324 INFO =====> Loss info: {'particle_has_naninf': False, 'height_map_loss': 32.948143005371094, 'emd_loss': 31.901714324951172, 'total_loss': 31.901714324951172}
2024-10-09 17:41:57,324 INFO =====> Param: E: [797588.3], nu: [0.38372836], rho: [1929.9414], sand_angle: [21.011417]
2024-10-09 17:41:57,324 INFO =====> Grad: [ 9.7155003e-03  4.2471129e+04 -6.6160965e+00  6.1677637e+02]
2024-10-09 17:41:57,324 INFO =====> Num. aborted data so far: 0
2024-10-09 17:41:57,689 INFO ===> New TaichiEnv created.
2024-10-09 17:41:57,689 INFO ===> Specifications: horizon = 311, dt = 0.01, n_substeps = 20, dt_sub = 0.0005
2024-10-09 17:41:57,711 DEBUG loaded <trimesh.Trimesh(vertices.shape=(916, 3), faces.shape=(856, 3))> using `load_obj` in 0.0029s
2024-10-09 17:41:57,861 DEBUG loaded <trimesh.Trimesh(vertices.shape=(48, 3), faces.shape=(28, 3))> using `load_obj` in 0.0007s
2024-10-09 17:42:48,491 INFO =====> Epoch: 40
2024-10-09 17:42:48,491 INFO =====> Loss info: {'particle_has_naninf': False, 'height_map_loss': 32.277706146240234, 'emd_loss': 31.528186798095703, 'total_loss': 31.528186798095703}
2024-10-09 17:42:48,492 INFO =====> Param: E: [802402.06], nu: [0.38397643], rho: [2009.6101], sand_angle: [19.178892]
2024-10-09 17:42:48,492 INFO =====> Grad: [-5.7493416e-03 -1.2586913e+03 -4.7219357e+01  5.0810806e+02]
2024-10-09 17:42:48,492 INFO =====> Num. aborted data so far: 0
2024-10-09 17:42:48,856 INFO ===> New TaichiEnv created.
2024-10-09 17:42:48,856 INFO ===> Specifications: horizon = 311, dt = 0.01, n_substeps = 20, dt_sub = 0.0005
2024-10-09 17:42:48,878 DEBUG loaded <trimesh.Trimesh(vertices.shape=(916, 3), faces.shape=(856, 3))> using `load_obj` in 0.0029s
2024-10-09 17:42:49,028 DEBUG loaded <trimesh.Trimesh(vertices.shape=(48, 3), faces.shape=(28, 3))> using `load_obj` in 0.0007s
2024-10-09 17:43:39,180 INFO =====> Epoch: 41
2024-10-09 17:43:39,180 INFO =====> Loss info: {'particle_has_naninf': False, 'height_map_loss': 31.66520881652832, 'emd_loss': 31.079076766967773, 'total_loss': 31.079076766967773}
2024-10-09 17:43:39,180 INFO =====> Param: E: [802594.8], nu: [0.37891573], rho: [1932.73], sand_angle: [16.642082]
2024-10-09 17:43:39,180 INFO =====> Grad: [-1.9266998e-04  2.5812721e+04  4.2031952e+01  8.1818750e+02]
2024-10-09 17:43:39,180 INFO =====> Num. aborted data so far: 0
2024-10-09 17:43:39,551 INFO ===> New TaichiEnv created.
2024-10-09 17:43:39,551 INFO ===> Specifications: horizon = 311, dt = 0.01, n_substeps = 20, dt_sub = 0.0005
2024-10-09 17:43:39,573 DEBUG loaded <trimesh.Trimesh(vertices.shape=(916, 3), faces.shape=(856, 3))> using `load_obj` in 0.0030s
2024-10-09 17:43:39,730 DEBUG loaded <trimesh.Trimesh(vertices.shape=(48, 3), faces.shape=(28, 3))> using `load_obj` in 0.0007s
2024-10-09 17:44:29,394 INFO =====> Epoch: 42
2024-10-09 17:44:29,394 INFO =====> Loss info: {'particle_has_naninf': False, 'height_map_loss': 31.007007598876953, 'emd_loss': 30.797136306762695, 'total_loss': 30.797136306762695}
2024-10-09 17:44:29,394 INFO =====> Param: E: [794511.6], nu: [0.37094235], rho: [1830.6339], sand_angle: [14.154067]
2024-10-09 17:44:29,394 INFO =====> Grad: [1.4545681e-02 6.9879117e+04 5.6331696e+01 9.1726013e+02]
2024-10-09 17:44:29,394 INFO =====> Num. aborted data so far: 0
2024-10-09 17:44:29,767 INFO ===> New TaichiEnv created.
2024-10-09 17:44:29,767 INFO ===> Specifications: horizon = 311, dt = 0.01, n_substeps = 20, dt_sub = 0.0005
2024-10-09 17:44:29,789 DEBUG loaded <trimesh.Trimesh(vertices.shape=(916, 3), faces.shape=(856, 3))> using `load_obj` in 0.0029s
2024-10-09 17:44:29,941 DEBUG loaded <trimesh.Trimesh(vertices.shape=(48, 3), faces.shape=(28, 3))> using `load_obj` in 0.0007s
2024-10-09 17:45:20,029 INFO =====> Epoch: 43
2024-10-09 17:45:20,029 INFO =====> Loss info: {'particle_has_naninf': False, 'height_map_loss': 30.770938873291016, 'emd_loss': 30.972684860229492, 'total_loss': 30.972684860229492}
2024-10-09 17:45:20,029 INFO =====> Param: E: [792702.6], nu: [0.36991018], rho: [1895.1047], sand_angle: [16.603367]
2024-10-09 17:45:20,029 INFO =====> Grad: [ 2.7786859e-03  7.6172388e+03 -3.1810905e+01 -1.0186413e+03]
2024-10-09 17:45:20,029 INFO =====> Num. aborted data so far: 0
2024-10-09 17:45:20,386 INFO ===> New TaichiEnv created.
2024-10-09 17:45:20,387 INFO ===> Specifications: horizon = 311, dt = 0.01, n_substeps = 20, dt_sub = 0.0005
2024-10-09 17:45:20,409 DEBUG loaded <trimesh.Trimesh(vertices.shape=(916, 3), faces.shape=(856, 3))> using `load_obj` in 0.0029s
2024-10-09 17:45:20,553 DEBUG loaded <trimesh.Trimesh(vertices.shape=(48, 3), faces.shape=(28, 3))> using `load_obj` in 0.0007s
2024-10-09 17:46:10,275 INFO =====> Epoch: 44
2024-10-09 17:46:10,275 INFO =====> Loss info: {'particle_has_naninf': False, 'height_map_loss': 31.00661849975586, 'emd_loss': 30.759363174438477, 'total_loss': 30.759363174438477}
2024-10-09 17:46:10,275 INFO =====> Param: E: [793785.75], nu: [0.3688288], rho: [1941.563], sand_angle: [18.587263]
2024-10-09 17:46:10,275 INFO =====> Grad: [-1.4019104e-03  6.7243013e+03 -1.9831766e+01 -8.2226385e+02]
2024-10-09 17:46:10,275 INFO =====> Num. aborted data so far: 0
2024-10-09 17:46:10,639 INFO ===> New TaichiEnv created.
2024-10-09 17:46:10,639 INFO ===> Specifications: horizon = 311, dt = 0.01, n_substeps = 20, dt_sub = 0.0005
2024-10-09 17:46:10,662 DEBUG loaded <trimesh.Trimesh(vertices.shape=(916, 3), faces.shape=(856, 3))> using `load_obj` in 0.0029s
2024-10-09 17:46:10,817 DEBUG loaded <trimesh.Trimesh(vertices.shape=(48, 3), faces.shape=(28, 3))> using `load_obj` in 0.0007s
2024-10-09 17:47:00,980 INFO =====> Epoch: 45
2024-10-09 17:47:00,980 INFO =====> Loss info: {'particle_has_naninf': False, 'height_map_loss': 31.316530227661133, 'emd_loss': 31.06781768798828, 'total_loss': 31.06781768798828}
2024-10-09 17:47:00,980 INFO =====> Param: E: [788210.2], nu: [0.3644773], rho: [2001.0024], sand_angle: [16.745485]
2024-10-09 17:47:00,980 INFO =====> Grad: [ 7.6252120e-03  2.5752938e+04 -2.2451826e+01  7.3965442e+02]
2024-10-09 17:47:00,980 INFO =====> Num. aborted data so far: 0
2024-10-09 17:47:01,369 INFO ===> New TaichiEnv created.
2024-10-09 17:47:01,369 INFO ===> Specifications: horizon = 311, dt = 0.01, n_substeps = 20, dt_sub = 0.0005
2024-10-09 17:47:01,393 DEBUG loaded <trimesh.Trimesh(vertices.shape=(916, 3), faces.shape=(856, 3))> using `load_obj` in 0.0030s
2024-10-09 17:47:01,552 DEBUG loaded <trimesh.Trimesh(vertices.shape=(48, 3), faces.shape=(28, 3))> using `load_obj` in 0.0008s
2024-10-09 17:47:50,914 INFO =====> Epoch: 46
2024-10-09 17:47:50,914 INFO =====> Loss info: {'particle_has_naninf': False, 'height_map_loss': 31.033306121826172, 'emd_loss': 30.798261642456055, 'total_loss': 30.798261642456055}
2024-10-09 17:47:50,914 INFO =====> Param: E: [783453.9], nu: [0.3641291], rho: [2132.0432], sand_angle: [19.311768]
2024-10-09 17:47:50,914 INFO =====> Grad: [ 6.3761408e-03  1.7254880e+03 -5.9474228e+01 -1.2121101e+03]
2024-10-09 17:47:50,914 INFO =====> Num. aborted data so far: 0
2024-10-09 17:47:51,275 INFO ===> New TaichiEnv created.
2024-10-09 17:47:51,275 INFO ===> Specifications: horizon = 311, dt = 0.01, n_substeps = 20, dt_sub = 0.0005
2024-10-09 17:47:51,298 DEBUG loaded <trimesh.Trimesh(vertices.shape=(916, 3), faces.shape=(856, 3))> using `load_obj` in 0.0030s
2024-10-09 17:47:51,444 DEBUG loaded <trimesh.Trimesh(vertices.shape=(48, 3), faces.shape=(28, 3))> using `load_obj` in 0.0007s
2024-10-09 17:48:41,909 INFO =====> Epoch: 47
2024-10-09 17:48:41,909 INFO =====> Loss info: {'particle_has_naninf': False, 'height_map_loss': 31.658992767333984, 'emd_loss': 31.10259246826172, 'total_loss': 31.10259246826172}
2024-10-09 17:48:41,910 INFO =====> Param: E: [780734.3], nu: [0.3582294], rho: [2135.3608], sand_angle: [21.441721]
2024-10-09 17:48:41,910 INFO =====> Grad: [ 3.1953347e-03  3.2051682e+04 -1.2600424e+00 -1.0362578e+03]
2024-10-09 17:48:41,910 INFO =====> Num. aborted data so far: 0
2024-10-09 17:48:42,264 INFO ===> New TaichiEnv created.
2024-10-09 17:48:42,265 INFO ===> Specifications: horizon = 311, dt = 0.01, n_substeps = 20, dt_sub = 0.0005
2024-10-09 17:48:42,305 DEBUG loaded <trimesh.Trimesh(vertices.shape=(916, 3), faces.shape=(856, 3))> using `load_obj` in 0.0028s
2024-10-09 17:48:42,451 DEBUG loaded <trimesh.Trimesh(vertices.shape=(48, 3), faces.shape=(28, 3))> using `load_obj` in 0.0007s
2024-10-09 17:49:35,812 INFO =====> Epoch: 48
2024-10-09 17:49:35,812 INFO =====> Loss info: {'particle_has_naninf': False, 'height_map_loss': 32.40423583984375, 'emd_loss': 31.527589797973633, 'total_loss': 31.527589797973633}
2024-10-09 17:49:35,812 INFO =====> Param: E: [782756.2], nu: [0.35968232], rho: [2200.], sand_angle: [22.037886]
2024-10-09 17:49:35,813 INFO =====> Grad: [-2.0381648e-03 -6.6893779e+03 -9.0194633e+01 -2.4596869e+02]
2024-10-09 17:49:35,813 INFO =====> Num. aborted data so far: 0
2024-10-09 17:49:36,179 INFO ===> New TaichiEnv created.
2024-10-09 17:49:36,179 INFO ===> Specifications: horizon = 311, dt = 0.01, n_substeps = 20, dt_sub = 0.0005
2024-10-09 17:49:36,202 DEBUG loaded <trimesh.Trimesh(vertices.shape=(916, 3), faces.shape=(856, 3))> using `load_obj` in 0.0030s
2024-10-09 17:49:36,351 DEBUG loaded <trimesh.Trimesh(vertices.shape=(48, 3), faces.shape=(28, 3))> using `load_obj` in 0.0007s
2024-10-09 17:50:26,669 INFO =====> Epoch: 49
2024-10-09 17:50:26,669 INFO =====> Loss info: {'particle_has_naninf': False, 'height_map_loss': 32.580909729003906, 'emd_loss': 31.765037536621094, 'total_loss': 31.765037536621094}
2024-10-09 17:50:26,669 INFO =====> Param: E: [776608.4], nu: [0.35719648], rho: [2162.5566], sand_angle: [20.368406]
2024-10-09 17:50:26,669 INFO =====> Grad: [7.0143258e-03 9.9515859e+03 1.8800806e+01 6.4798602e+02]
2024-10-09 17:50:26,669 INFO =====> Num. aborted data so far: 0
2024-10-09 17:50:27,035 INFO ===> New TaichiEnv created.
2024-10-09 17:50:27,035 INFO ===> Specifications: horizon = 311, dt = 0.01, n_substeps = 20, dt_sub = 0.0005
2024-10-09 17:50:27,058 DEBUG loaded <trimesh.Trimesh(vertices.shape=(916, 3), faces.shape=(856, 3))> using `load_obj` in 0.0029s
2024-10-09 17:50:27,202 DEBUG loaded <trimesh.Trimesh(vertices.shape=(48, 3), faces.shape=(28, 3))> using `load_obj` in 0.0007s
2024-10-09 17:51:16,518 INFO =====> Epoch: 50
2024-10-09 17:51:16,518 INFO =====> Loss info: {'particle_has_naninf': False, 'height_map_loss': 31.99474334716797, 'emd_loss': 31.29541015625, 'total_loss': 31.29541015625}
2024-10-09 17:51:16,518 INFO =====> Param: E: [769182.2], nu: [0.34906247], rho: [2083.1885], sand_angle: [19.191269]
2024-10-09 17:51:16,518 INFO =====> Grad: [1.2189232e-02 6.0018352e+04 3.7023872e+01 4.0382065e+02]
2024-10-09 17:51:16,518 INFO =====> Num. aborted data so far: 0
2024-10-09 17:51:16,876 INFO ===> New TaichiEnv created.
2024-10-09 17:51:16,876 INFO ===> Specifications: horizon = 311, dt = 0.01, n_substeps = 20, dt_sub = 0.0005
2024-10-09 17:51:16,901 DEBUG loaded <trimesh.Trimesh(vertices.shape=(916, 3), faces.shape=(856, 3))> using `load_obj` in 0.0029s
2024-10-09 17:51:17,049 DEBUG loaded <trimesh.Trimesh(vertices.shape=(48, 3), faces.shape=(28, 3))> using `load_obj` in 0.0007s
2024-10-09 17:52:07,251 INFO =====> Epoch: 51
2024-10-09 17:52:07,251 INFO =====> Loss info: {'particle_has_naninf': False, 'height_map_loss': 31.600847244262695, 'emd_loss': 31.089794158935547, 'total_loss': 31.089794158935547}
2024-10-09 17:52:07,251 INFO =====> Param: E: [776202.9], nu: [0.3555574], rho: [2008.902], sand_angle: [17.465094]
2024-10-09 17:52:07,251 INFO =====> Grad: [-1.5084673e-02 -5.7060348e+04  3.1739122e+01  5.6223431e+02]
2024-10-09 17:52:07,251 INFO =====> Num. aborted data so far: 0
2024-10-09 17:52:07,609 INFO ===> New TaichiEnv created.
2024-10-09 17:52:07,609 INFO ===> Specifications: horizon = 311, dt = 0.01, n_substeps = 20, dt_sub = 0.0005
2024-10-09 17:52:07,631 DEBUG loaded <trimesh.Trimesh(vertices.shape=(916, 3), faces.shape=(856, 3))> using `load_obj` in 0.0029s
2024-10-09 17:52:07,777 DEBUG loaded <trimesh.Trimesh(vertices.shape=(48, 3), faces.shape=(28, 3))> using `load_obj` in 0.0007s
2024-10-09 17:52:57,963 INFO =====> Epoch: 52
2024-10-09 17:52:57,963 INFO =====> Loss info: {'particle_has_naninf': False, 'height_map_loss': 31.195083618164062, 'emd_loss': 30.893516540527344, 'total_loss': 30.893516540527344}
2024-10-09 17:52:57,963 INFO =====> Param: E: [780919.2], nu: [0.36079046], rho: [2112.074], sand_angle: [19.848852]
2024-10-09 17:52:57,963 INFO =====> Grad: [-9.9021522e-03 -4.6943547e+04 -4.4702202e+01 -8.5753802e+02]
2024-10-09 17:52:57,963 INFO =====> Num. aborted data so far: 0
2024-10-09 17:52:58,331 INFO ===> New TaichiEnv created.
2024-10-09 17:52:58,331 INFO ===> Specifications: horizon = 311, dt = 0.01, n_substeps = 20, dt_sub = 0.0005
2024-10-09 17:52:58,354 DEBUG loaded <trimesh.Trimesh(vertices.shape=(916, 3), faces.shape=(856, 3))> using `load_obj` in 0.0030s
2024-10-09 17:52:58,508 DEBUG loaded <trimesh.Trimesh(vertices.shape=(48, 3), faces.shape=(28, 3))> using `load_obj` in 0.0007s
2024-10-09 17:53:47,739 INFO =====> Epoch: 53
2024-10-09 17:53:47,740 INFO =====> Loss info: {'particle_has_naninf': False, 'height_map_loss': 31.836746215820312, 'emd_loss': 31.212322235107422, 'total_loss': 31.212322235107422}
2024-10-09 17:53:47,740 INFO =====> Param: E: [774095.6], nu: [0.35425028], rho: [2135.8652], sand_angle: [18.222862]
2024-10-09 17:53:47,740 INFO =====> Grad: [ 1.8044243e-02  7.0359867e+04 -8.6986351e+00  5.4657361e+02]
2024-10-09 17:53:47,740 INFO =====> Num. aborted data so far: 0
2024-10-09 17:53:48,098 INFO ===> New TaichiEnv created.
2024-10-09 17:53:48,098 INFO ===> Specifications: horizon = 311, dt = 0.01, n_substeps = 20, dt_sub = 0.0005
2024-10-09 17:53:48,120 DEBUG loaded <trimesh.Trimesh(vertices.shape=(916, 3), faces.shape=(856, 3))> using `load_obj` in 0.0029s
2024-10-09 17:53:48,267 DEBUG loaded <trimesh.Trimesh(vertices.shape=(48, 3), faces.shape=(28, 3))> using `load_obj` in 0.0007s
2024-10-09 17:54:37,173 INFO =====> Epoch: 54
2024-10-09 17:54:37,173 INFO =====> Loss info: {'particle_has_naninf': False, 'height_map_loss': 31.21901512145996, 'emd_loss': 31.126325607299805, 'total_loss': 31.126325607299805}
2024-10-09 17:54:37,173 INFO =====> Param: E: [780227.3], nu: [0.36105853], rho: [2080.9534], sand_angle: [20.1252]
2024-10-09 17:54:37,173 INFO =====> Grad: [-1.8312102e-02 -9.1989500e+04  1.7613264e+01 -6.2679889e+02]
2024-10-09 17:54:37,173 INFO =====> Num. aborted data so far: 0
2024-10-09 17:54:37,530 INFO ===> New TaichiEnv created.
2024-10-09 17:54:37,530 INFO ===> Specifications: horizon = 311, dt = 0.01, n_substeps = 20, dt_sub = 0.0005
2024-10-09 17:54:37,555 DEBUG loaded <trimesh.Trimesh(vertices.shape=(916, 3), faces.shape=(856, 3))> using `load_obj` in 0.0029s
2024-10-09 17:54:37,701 DEBUG loaded <trimesh.Trimesh(vertices.shape=(48, 3), faces.shape=(28, 3))> using `load_obj` in 0.0007s
2024-10-09 17:55:28,131 INFO =====> Epoch: 55
2024-10-09 17:55:28,131 INFO =====> Loss info: {'particle_has_naninf': False, 'height_map_loss': 31.938352584838867, 'emd_loss': 31.259418487548828, 'total_loss': 31.259418487548828}
2024-10-09 17:55:28,131 INFO =====> Param: E: [784048.1], nu: [0.36511335], rho: [2200.], sand_angle: [22.210377]
2024-10-09 17:55:28,131 INFO =====> Grad: [-1.0512014e-02 -5.1161629e+04 -4.6060024e+01 -7.0021869e+02]
2024-10-09 17:55:28,131 INFO =====> Num. aborted data so far: 0
2024-10-09 17:55:28,508 INFO ===> New TaichiEnv created.
2024-10-09 17:55:28,508 INFO ===> Specifications: horizon = 311, dt = 0.01, n_substeps = 20, dt_sub = 0.0005
2024-10-09 17:55:28,532 DEBUG loaded <trimesh.Trimesh(vertices.shape=(916, 3), faces.shape=(856, 3))> using `load_obj` in 0.0029s
2024-10-09 17:55:28,678 DEBUG loaded <trimesh.Trimesh(vertices.shape=(48, 3), faces.shape=(28, 3))> using `load_obj` in 0.0007s
2024-10-09 17:56:20,029 INFO =====> Epoch: 56
2024-10-09 17:56:20,029 INFO =====> Loss info: {'particle_has_naninf': False, 'height_map_loss': 32.613101959228516, 'emd_loss': 31.721168518066406, 'total_loss': 31.721168518066406}
2024-10-09 17:56:20,029 INFO =====> Param: E: [778064.6], nu: [0.35999236], rho: [2159.5276], sand_angle: [22.392773]
2024-10-09 17:56:20,029 INFO =====> Grad: [ 1.8236997e-02  6.5303535e+04  1.2790392e+01 -5.1309486e+01]
2024-10-09 17:56:20,029 INFO =====> Num. aborted data so far: 0
2024-10-09 17:56:20,422 INFO ===> New TaichiEnv created.
2024-10-09 17:56:20,422 INFO ===> Specifications: horizon = 311, dt = 0.01, n_substeps = 20, dt_sub = 0.0005
2024-10-09 17:56:20,445 DEBUG loaded <trimesh.Trimesh(vertices.shape=(916, 3), faces.shape=(856, 3))> using `load_obj` in 0.0030s
2024-10-09 17:56:20,603 DEBUG loaded <trimesh.Trimesh(vertices.shape=(48, 3), faces.shape=(28, 3))> using `load_obj` in 0.0007s
2024-10-09 17:57:10,462 INFO =====> Epoch: 57
2024-10-09 17:57:10,462 INFO =====> Loss info: {'particle_has_naninf': False, 'height_map_loss': 32.65877914428711, 'emd_loss': 31.733928680419922, 'total_loss': 31.733928680419922}
2024-10-09 17:57:10,462 INFO =====> Param: E: [779537.06], nu: [0.36213893], rho: [2137.5671], sand_angle: [24.642567]
2024-10-09 17:57:10,462 INFO =====> Grad: [-3.8045784e-03 -2.3563008e+04  5.8489480e+00 -6.7227161e+02]
2024-10-09 17:57:10,462 INFO =====> Num. aborted data so far: 0
2024-10-09 17:57:10,841 INFO ===> New TaichiEnv created.
2024-10-09 17:57:10,841 INFO ===> Specifications: horizon = 311, dt = 0.01, n_substeps = 20, dt_sub = 0.0005
2024-10-09 17:57:10,864 DEBUG loaded <trimesh.Trimesh(vertices.shape=(916, 3), faces.shape=(856, 3))> using `load_obj` in 0.0030s
2024-10-09 17:57:11,016 DEBUG loaded <trimesh.Trimesh(vertices.shape=(48, 3), faces.shape=(28, 3))> using `load_obj` in 0.0007s
2024-10-09 17:58:00,852 INFO =====> Epoch: 58
2024-10-09 17:58:00,852 INFO =====> Loss info: {'particle_has_naninf': False, 'height_map_loss': 33.22637939453125, 'emd_loss': 32.144378662109375, 'total_loss': 32.144378662109375}
2024-10-09 17:58:00,852 INFO =====> Param: E: [785843.75], nu: [0.36694112], rho: [2200.], sand_angle: [27.553362]
2024-10-09 17:58:00,853 INFO =====> Grad: [-1.8857846e-02 -5.1858609e+04 -2.7831682e+01 -1.2052773e+03]
2024-10-09 17:58:00,853 INFO =====> Num. aborted data so far: 0
2024-10-09 17:58:01,208 INFO ===> New TaichiEnv created.
2024-10-09 17:58:01,208 INFO ===> Specifications: horizon = 311, dt = 0.01, n_substeps = 20, dt_sub = 0.0005
2024-10-09 17:58:01,231 DEBUG loaded <trimesh.Trimesh(vertices.shape=(916, 3), faces.shape=(856, 3))> using `load_obj` in 0.0029s
2024-10-09 17:58:01,382 DEBUG loaded <trimesh.Trimesh(vertices.shape=(48, 3), faces.shape=(28, 3))> using `load_obj` in 0.0007s
2024-10-09 17:58:51,454 INFO =====> Epoch: 59
2024-10-09 17:58:51,454 INFO =====> Loss info: {'particle_has_naninf': False, 'height_map_loss': 34.25518798828125, 'emd_loss': 32.68602752685547, 'total_loss': 32.68602752685547}
2024-10-09 17:58:51,454 INFO =====> Param: E: [790985.44], nu: [0.36364466], rho: [2200.], sand_angle: [26.211418]
2024-10-09 17:58:51,454 INFO =====> Grad: [-1.55674005e-02  3.19389922e+04 -9.63660049e+00  4.99880219e+02]
2024-10-09 17:58:51,454 INFO =====> Num. aborted data so far: 0
2024-10-09 17:58:51,903 INFO ===> New TaichiEnv created.
2024-10-09 17:58:51,903 INFO ===> Specifications: horizon = 311, dt = 0.01, n_substeps = 20, dt_sub = 0.0005
2024-10-09 17:58:51,933 DEBUG loaded <trimesh.Trimesh(vertices.shape=(916, 3), faces.shape=(856, 3))> using `load_obj` in 0.0039s
2024-10-09 17:58:52,099 DEBUG loaded <trimesh.Trimesh(vertices.shape=(48, 3), faces.shape=(28, 3))> using `load_obj` in 0.0007s
2024-10-09 17:59:42,139 INFO =====> Epoch: 60
2024-10-09 17:59:42,139 INFO =====> Loss info: {'particle_has_naninf': False, 'height_map_loss': 33.826866149902344, 'emd_loss': 32.40888214111328, 'total_loss': 32.40888214111328}
2024-10-09 17:59:42,139 INFO =====> Param: E: [794977.8], nu: [0.36746338], rho: [2200.], sand_angle: [26.550022]
2024-10-09 17:59:42,139 INFO =====> Grad: [-1.12456204e-02 -3.40805938e+04 -5.45286674e+01 -1.05986084e+02]
2024-10-09 17:59:42,139 INFO =====> Num. aborted data so far: 0
2024-10-09 17:59:42,506 INFO ===> New TaichiEnv created.
2024-10-09 17:59:42,506 INFO ===> Specifications: horizon = 311, dt = 0.01, n_substeps = 20, dt_sub = 0.0005
2024-10-09 17:59:42,530 DEBUG loaded <trimesh.Trimesh(vertices.shape=(916, 3), faces.shape=(856, 3))> using `load_obj` in 0.0030s
2024-10-09 17:59:42,681 DEBUG loaded <trimesh.Trimesh(vertices.shape=(48, 3), faces.shape=(28, 3))> using `load_obj` in 0.0007s
2024-10-09 18:00:31,852 INFO =====> Epoch: 61
2024-10-09 18:00:31,852 INFO =====> Loss info: {'particle_has_naninf': False, 'height_map_loss': 33.9354133605957, 'emd_loss': 32.49032211303711, 'total_loss': 32.49032211303711}
2024-10-09 18:00:31,852 INFO =====> Param: E: [791837.2], nu: [0.36190498], rho: [2043.0215], sand_angle: [24.064217]
2024-10-09 18:00:31,852 INFO =====> Grad: [7.8827459e-03 5.2321086e+04 9.1615891e+01 8.8871759e+02]
2024-10-09 18:00:31,852 INFO =====> Num. aborted data so far: 0
2024-10-09 18:00:32,212 INFO ===> New TaichiEnv created.
2024-10-09 18:00:32,212 INFO ===> Specifications: horizon = 311, dt = 0.01, n_substeps = 20, dt_sub = 0.0005
2024-10-09 18:00:32,235 DEBUG loaded <trimesh.Trimesh(vertices.shape=(916, 3), faces.shape=(856, 3))> using `load_obj` in 0.0030s
2024-10-09 18:00:32,382 DEBUG loaded <trimesh.Trimesh(vertices.shape=(48, 3), faces.shape=(28, 3))> using `load_obj` in 0.0007s
2024-10-09 18:01:22,025 INFO =====> Epoch: 62
2024-10-09 18:01:22,025 INFO =====> Loss info: {'particle_has_naninf': False, 'height_map_loss': 33.06199645996094, 'emd_loss': 32.01859664916992, 'total_loss': 32.01859664916992}
2024-10-09 18:01:22,026 INFO =====> Param: E: [791446.94], nu: [0.3688692], rho: [2119.561], sand_angle: [27.27632]
2024-10-09 18:01:22,026 INFO =====> Grad: [ 8.2019239e-04 -8.4832609e+04 -4.1165672e+01 -2.0202657e+03]
2024-10-09 18:01:22,026 INFO =====> Num. aborted data so far: 0
2024-10-09 18:01:22,394 INFO ===> New TaichiEnv created.
2024-10-09 18:01:22,394 INFO ===> Specifications: horizon = 311, dt = 0.01, n_substeps = 20, dt_sub = 0.0005
2024-10-09 18:01:22,417 DEBUG loaded <trimesh.Trimesh(vertices.shape=(916, 3), faces.shape=(856, 3))> using `load_obj` in 0.0029s
2024-10-09 18:01:22,566 DEBUG loaded <trimesh.Trimesh(vertices.shape=(48, 3), faces.shape=(28, 3))> using `load_obj` in 0.0007s
2024-10-09 18:02:12,642 INFO =====> Epoch: 63
2024-10-09 18:02:12,642 INFO =====> Loss info: {'particle_has_naninf': False, 'height_map_loss': 34.16661071777344, 'emd_loss': 32.540977478027344, 'total_loss': 32.540977478027344}
2024-10-09 18:02:12,642 INFO =====> Param: E: [797618.6], nu: [0.37204674], rho: [2106.5425], sand_angle: [28.72483]
2024-10-09 18:02:12,642 INFO =====> Grad: [-1.4729641e-02 -3.4544605e+04  5.8730645e+00 -8.3036627e+02]
2024-10-09 18:02:12,642 INFO =====> Num. aborted data so far: 0
2024-10-09 18:02:13,069 INFO ===> New TaichiEnv created.
2024-10-09 18:02:13,069 INFO ===> Specifications: horizon = 311, dt = 0.01, n_substeps = 20, dt_sub = 0.0005
2024-10-09 18:02:13,098 DEBUG loaded <trimesh.Trimesh(vertices.shape=(916, 3), faces.shape=(856, 3))> using `load_obj` in 0.0040s
2024-10-09 18:02:13,295 DEBUG loaded <trimesh.Trimesh(vertices.shape=(48, 3), faces.shape=(28, 3))> using `load_obj` in 0.0009s
2024-10-09 18:03:02,854 INFO =====> Epoch: 64
2024-10-09 18:03:02,854 INFO =====> Loss info: {'particle_has_naninf': False, 'height_map_loss': 34.67110824584961, 'emd_loss': 32.865142822265625, 'total_loss': 32.865142822265625}
2024-10-09 18:03:02,854 INFO =====> Param: E: [798225.9], nu: [0.36778307], rho: [2019.258], sand_angle: [26.50801]
2024-10-09 18:03:02,854 INFO =====> Grad: [-1.2152840e-03  4.3858652e+04  3.7509350e+01  1.3380275e+03]
2024-10-09 18:03:02,854 INFO =====> Num. aborted data so far: 0
2024-10-09 18:03:03,216 INFO ===> New TaichiEnv created.
2024-10-09 18:03:03,216 INFO ===> Specifications: horizon = 311, dt = 0.01, n_substeps = 20, dt_sub = 0.0005
2024-10-09 18:03:03,239 DEBUG loaded <trimesh.Trimesh(vertices.shape=(916, 3), faces.shape=(856, 3))> using `load_obj` in 0.0029s
2024-10-09 18:03:03,390 DEBUG loaded <trimesh.Trimesh(vertices.shape=(48, 3), faces.shape=(28, 3))> using `load_obj` in 0.0007s
2024-10-09 18:03:52,511 INFO =====> Epoch: 65
2024-10-09 18:03:52,511 INFO =====> Loss info: {'particle_has_naninf': False, 'height_map_loss': 33.953834533691406, 'emd_loss': 32.52166748046875, 'total_loss': 32.52166748046875}
2024-10-09 18:03:52,511 INFO =====> Param: E: [801987.6], nu: [0.37195218], rho: [2125.8313], sand_angle: [27.398676]
2024-10-09 18:03:52,511 INFO =====> Grad: [-6.9127115e-03 -4.0333035e+04 -4.7192242e+01 -4.6378625e+02]
2024-10-09 18:03:52,511 INFO =====> Num. aborted data so far: 0
2024-10-09 18:03:52,870 INFO ===> New TaichiEnv created.
2024-10-09 18:03:52,870 INFO ===> Specifications: horizon = 311, dt = 0.01, n_substeps = 20, dt_sub = 0.0005
2024-10-09 18:03:52,893 DEBUG loaded <trimesh.Trimesh(vertices.shape=(916, 3), faces.shape=(856, 3))> using `load_obj` in 0.0029s
2024-10-09 18:03:53,043 DEBUG loaded <trimesh.Trimesh(vertices.shape=(48, 3), faces.shape=(28, 3))> using `load_obj` in 0.0007s
2024-10-09 18:04:42,544 INFO =====> Epoch: 66
2024-10-09 18:04:42,544 INFO =====> Loss info: {'particle_has_naninf': False, 'height_map_loss': 34.19322967529297, 'emd_loss': 32.5695915222168, 'total_loss': 32.5695915222168}
2024-10-09 18:04:42,545 INFO =====> Param: E: [797984.94], nu: [0.36834908], rho: [2109.2075], sand_angle: [26.523335]
2024-10-09 18:04:42,545 INFO =====> Grad: [6.8474044e-03 3.1740834e+04 6.1845241e+00 3.9280896e+02]
2024-10-09 18:04:42,545 INFO =====> Num. aborted data so far: 0
2024-10-09 18:04:42,926 INFO ===> New TaichiEnv created.
2024-10-09 18:04:42,926 INFO ===> Specifications: horizon = 311, dt = 0.01, n_substeps = 20, dt_sub = 0.0005
2024-10-09 18:04:42,949 DEBUG loaded <trimesh.Trimesh(vertices.shape=(916, 3), faces.shape=(856, 3))> using `load_obj` in 0.0028s
2024-10-09 18:04:43,094 DEBUG loaded <trimesh.Trimesh(vertices.shape=(48, 3), faces.shape=(28, 3))> using `load_obj` in 0.0007s
2024-10-09 18:05:33,422 INFO =====> Epoch: 67
2024-10-09 18:05:33,422 INFO =====> Loss info: {'particle_has_naninf': False, 'height_map_loss': 33.92774200439453, 'emd_loss': 32.4951286315918, 'total_loss': 32.4951286315918}
2024-10-09 18:05:33,422 INFO =====> Param: E: [794660.75], nu: [0.36576033], rho: [2154.6116], sand_angle: [28.475416]
2024-10-09 18:05:33,422 INFO =====> Grad: [ 5.1085292e-03  1.9896779e+04 -1.4591010e+01 -8.6724164e+02]
2024-10-09 18:05:33,422 INFO =====> Num. aborted data so far: 0
2024-10-09 18:05:33,790 INFO ===> New TaichiEnv created.
2024-10-09 18:05:33,790 INFO ===> Specifications: horizon = 311, dt = 0.01, n_substeps = 20, dt_sub = 0.0005
2024-10-09 18:05:33,820 DEBUG loaded <trimesh.Trimesh(vertices.shape=(916, 3), faces.shape=(856, 3))> using `load_obj` in 0.0040s
2024-10-09 18:05:34,012 DEBUG loaded <trimesh.Trimesh(vertices.shape=(48, 3), faces.shape=(28, 3))> using `load_obj` in 0.0008s
2024-10-09 18:06:23,825 INFO =====> Epoch: 68
2024-10-09 18:06:23,825 INFO =====> Loss info: {'particle_has_naninf': False, 'height_map_loss': 34.592159271240234, 'emd_loss': 32.768775939941406, 'total_loss': 32.768775939941406}
2024-10-09 18:06:23,825 INFO =====> Param: E: [797938.4], nu: [0.36314657], rho: [2120.681], sand_angle: [27.401371]
2024-10-09 18:06:23,825 INFO =====> Grad: [-4.515342e-03  1.754220e+04  9.284606e+00  4.176993e+02]
2024-10-09 18:06:23,825 INFO =====> Num. aborted data so far: 0
2024-10-09 18:06:24,200 INFO ===> New TaichiEnv created.
2024-10-09 18:06:24,200 INFO ===> Specifications: horizon = 311, dt = 0.01, n_substeps = 20, dt_sub = 0.0005
2024-10-09 18:06:24,223 DEBUG loaded <trimesh.Trimesh(vertices.shape=(916, 3), faces.shape=(856, 3))> using `load_obj` in 0.0030s
2024-10-09 18:06:24,370 DEBUG loaded <trimesh.Trimesh(vertices.shape=(48, 3), faces.shape=(28, 3))> using `load_obj` in 0.0007s
2024-10-09 18:07:13,518 INFO =====> Epoch: 69
2024-10-09 18:07:13,518 INFO =====> Loss info: {'particle_has_naninf': False, 'height_map_loss': 34.22675323486328, 'emd_loss': 32.5775032043457, 'total_loss': 32.5775032043457}
2024-10-09 18:07:13,518 INFO =====> Param: E: [802719.25], nu: [0.36092737], rho: [2037.5377], sand_angle: [26.147612]
2024-10-09 18:07:13,518 INFO =====> Grad: [-6.4685242e-03  1.2846717e+04  2.1380445e+01  4.3435413e+02]
2024-10-09 18:07:13,518 INFO =====> Num. aborted data so far: 0
2024-10-09 18:07:13,882 INFO ===> New TaichiEnv created.
2024-10-09 18:07:13,882 INFO ===> Specifications: horizon = 311, dt = 0.01, n_substeps = 20, dt_sub = 0.0005
2024-10-09 18:07:13,905 DEBUG loaded <trimesh.Trimesh(vertices.shape=(916, 3), faces.shape=(856, 3))> using `load_obj` in 0.0029s
2024-10-09 18:07:14,052 DEBUG loaded <trimesh.Trimesh(vertices.shape=(48, 3), faces.shape=(28, 3))> using `load_obj` in 0.0007s
2024-10-09 18:08:03,900 INFO =====> Epoch: 70
2024-10-09 18:08:03,900 INFO =====> Loss info: {'particle_has_naninf': False, 'height_map_loss': 33.79081344604492, 'emd_loss': 32.378108978271484, 'total_loss': 32.378108978271484}
2024-10-09 18:08:03,900 INFO =====> Param: E: [797414.94], nu: [0.3566177], rho: [1874.0112], sand_angle: [22.904778]
2024-10-09 18:08:03,900 INFO =====> Grad: [7.3777218e-03 2.3678102e+04 7.9112137e+01 2.0448075e+03]
2024-10-09 18:08:03,900 INFO =====> Num. aborted data so far: 0
2024-10-09 18:08:04,272 INFO ===> New TaichiEnv created.
2024-10-09 18:08:04,272 INFO ===> Specifications: horizon = 311, dt = 0.01, n_substeps = 20, dt_sub = 0.0005
2024-10-09 18:08:04,295 DEBUG loaded <trimesh.Trimesh(vertices.shape=(916, 3), faces.shape=(856, 3))> using `load_obj` in 0.0029s
2024-10-09 18:08:04,438 DEBUG loaded <trimesh.Trimesh(vertices.shape=(48, 3), faces.shape=(28, 3))> using `load_obj` in 0.0007s
2024-10-09 18:08:54,489 INFO =====> Epoch: 71
2024-10-09 18:08:54,489 INFO =====> Loss info: {'particle_has_naninf': False, 'height_map_loss': 32.84272766113281, 'emd_loss': 31.882081985473633, 'total_loss': 31.882081985473633}
2024-10-09 18:08:54,489 INFO =====> Param: E: [802459.06], nu: [0.3617934], rho: [1939.0073], sand_angle: [22.965204]
2024-10-09 18:08:54,490 INFO =====> Grad: [-7.0426478e-03 -2.8882049e+04 -2.8152578e+01 -3.1883574e+01]
2024-10-09 18:08:54,490 INFO =====> Num. aborted data so far: 0
2024-10-09 18:08:54,875 INFO ===> New TaichiEnv created.
2024-10-09 18:08:54,875 INFO ===> Specifications: horizon = 311, dt = 0.01, n_substeps = 20, dt_sub = 0.0005
2024-10-09 18:08:54,899 DEBUG loaded <trimesh.Trimesh(vertices.shape=(916, 3), faces.shape=(856, 3))> using `load_obj` in 0.0030s
2024-10-09 18:08:55,051 DEBUG loaded <trimesh.Trimesh(vertices.shape=(48, 3), faces.shape=(28, 3))> using `load_obj` in 0.0008s
2024-10-09 18:09:44,282 INFO =====> Epoch: 72
2024-10-09 18:09:44,282 INFO =====> Loss info: {'particle_has_naninf': False, 'height_map_loss': 32.83576965332031, 'emd_loss': 31.882295608520508, 'total_loss': 31.882295608520508}
2024-10-09 18:09:44,282 INFO =====> Param: E: [804503.56], nu: [0.3634161], rho: [1834.4192], sand_angle: [23.439613]
2024-10-09 18:09:44,282 INFO =====> Grad: [-2.4505490e-03 -7.6987407e+03  4.6241249e+01 -2.1121991e+02]
2024-10-09 18:09:44,282 INFO =====> Num. aborted data so far: 0
2024-10-09 18:09:44,647 INFO ===> New TaichiEnv created.
2024-10-09 18:09:44,647 INFO ===> Specifications: horizon = 311, dt = 0.01, n_substeps = 20, dt_sub = 0.0005
2024-10-09 18:09:44,670 DEBUG loaded <trimesh.Trimesh(vertices.shape=(916, 3), faces.shape=(856, 3))> using `load_obj` in 0.0029s
2024-10-09 18:09:44,817 DEBUG loaded <trimesh.Trimesh(vertices.shape=(48, 3), faces.shape=(28, 3))> using `load_obj` in 0.0007s
2024-10-09 18:10:35,026 INFO =====> Epoch: 73
2024-10-09 18:10:35,026 INFO =====> Loss info: {'particle_has_naninf': False, 'height_map_loss': 32.89662551879883, 'emd_loss': 31.90435218811035, 'total_loss': 31.90435218811035}
2024-10-09 18:10:35,026 INFO =====> Param: E: [798970.1], nu: [0.36539793], rho: [1694.3073], sand_angle: [22.361458]
2024-10-09 18:10:35,026 INFO =====> Grad: [ 6.9769598e-03 -8.0589780e+03  8.0838631e+01  4.2035852e+02]
2024-10-09 18:10:35,027 INFO =====> Num. aborted data so far: 0
2024-10-09 18:10:35,383 INFO ===> New TaichiEnv created.
2024-10-09 18:10:35,383 INFO ===> Specifications: horizon = 311, dt = 0.01, n_substeps = 20, dt_sub = 0.0005
2024-10-09 18:10:35,406 DEBUG loaded <trimesh.Trimesh(vertices.shape=(916, 3), faces.shape=(856, 3))> using `load_obj` in 0.0029s
2024-10-09 18:10:35,555 DEBUG loaded <trimesh.Trimesh(vertices.shape=(48, 3), faces.shape=(28, 3))> using `load_obj` in 0.0007s
2024-10-09 18:11:25,595 INFO =====> Epoch: 74
2024-10-09 18:11:25,595 INFO =====> Loss info: {'particle_has_naninf': False, 'height_map_loss': 32.62459945678711, 'emd_loss': 31.73110580444336, 'total_loss': 31.73110580444336}
2024-10-09 18:11:25,595 INFO =====> Param: E: [806425.6], nu: [0.37362677], rho: [1825.115], sand_angle: [24.436192]
2024-10-09 18:11:25,595 INFO =====> Grad: [-1.3629691e-02 -6.4665590e+04 -9.0511711e+01 -8.2243933e+02]
2024-10-09 18:11:25,595 INFO =====> Num. aborted data so far: 0
2024-10-09 18:11:25,953 INFO ===> New TaichiEnv created.
2024-10-09 18:11:25,953 INFO ===> Specifications: horizon = 311, dt = 0.01, n_substeps = 20, dt_sub = 0.0005
2024-10-09 18:11:25,976 DEBUG loaded <trimesh.Trimesh(vertices.shape=(916, 3), faces.shape=(856, 3))> using `load_obj` in 0.0030s
2024-10-09 18:11:26,133 DEBUG loaded <trimesh.Trimesh(vertices.shape=(48, 3), faces.shape=(28, 3))> using `load_obj` in 0.0007s
2024-10-09 18:12:15,804 INFO =====> Epoch: 75
2024-10-09 18:12:15,804 INFO =====> Loss info: {'particle_has_naninf': False, 'height_map_loss': 33.27334976196289, 'emd_loss': 32.0403938293457, 'total_loss': 32.0403938293457}
2024-10-09 18:12:15,804 INFO =====> Param: E: [807731.44], nu: [0.3773829], rho: [1830.9325], sand_angle: [24.618835]
2024-10-09 18:12:15,804 INFO =====> Grad: [-2.0179846e-03 -2.7095990e+04 -3.3696239e+00 -6.0651360e+01]
2024-10-09 18:12:15,804 INFO =====> Num. aborted data so far: 0
2024-10-09 18:12:16,182 INFO ===> New TaichiEnv created.
2024-10-09 18:12:16,182 INFO ===> Specifications: horizon = 311, dt = 0.01, n_substeps = 20, dt_sub = 0.0005
2024-10-09 18:12:16,205 DEBUG loaded <trimesh.Trimesh(vertices.shape=(916, 3), faces.shape=(856, 3))> using `load_obj` in 0.0029s
2024-10-09 18:12:16,362 DEBUG loaded <trimesh.Trimesh(vertices.shape=(48, 3), faces.shape=(28, 3))> using `load_obj` in 0.0008s
2024-10-09 18:13:05,670 INFO =====> Epoch: 76
2024-10-09 18:13:05,670 INFO =====> Loss info: {'particle_has_naninf': False, 'height_map_loss': 33.32341766357422, 'emd_loss': 32.090694427490234, 'total_loss': 32.090694427490234}
2024-10-09 18:13:05,670 INFO =====> Param: E: [806110.9], nu: [0.37592962], rho: [1795.6088], sand_angle: [22.389833]
2024-10-09 18:13:05,670 INFO =====> Grad: [2.1292169e-03 8.8846338e+03 1.7447792e+01 7.8186804e+02]
2024-10-09 18:13:05,670 INFO =====> Num. aborted data so far: 0
2024-10-09 18:13:06,025 INFO ===> New TaichiEnv created.
2024-10-09 18:13:06,025 INFO ===> Specifications: horizon = 311, dt = 0.01, n_substeps = 20, dt_sub = 0.0005
2024-10-09 18:13:06,048 DEBUG loaded <trimesh.Trimesh(vertices.shape=(916, 3), faces.shape=(856, 3))> using `load_obj` in 0.0029s
2024-10-09 18:13:06,189 DEBUG loaded <trimesh.Trimesh(vertices.shape=(48, 3), faces.shape=(28, 3))> using `load_obj` in 0.0007s
2024-10-09 18:13:57,186 INFO =====> Epoch: 77
2024-10-09 18:13:57,186 INFO =====> Loss info: {'particle_has_naninf': False, 'height_map_loss': 32.636695861816406, 'emd_loss': 31.764400482177734, 'total_loss': 31.764400482177734}
2024-10-09 18:13:57,186 INFO =====> Param: E: [810662.06], nu: [0.37982637], rho: [1915.4846], sand_angle: [23.124006]
2024-10-09 18:13:57,186 INFO =====> Grad: [-5.7713087e-03 -2.2040287e+04 -6.5681030e+01 -2.1995377e+02]
2024-10-09 18:13:57,186 INFO =====> Num. aborted data so far: 0
2024-10-09 18:13:57,538 INFO ===> New TaichiEnv created.
2024-10-09 18:13:57,538 INFO ===> Specifications: horizon = 311, dt = 0.01, n_substeps = 20, dt_sub = 0.0005
2024-10-09 18:13:57,564 DEBUG loaded <trimesh.Trimesh(vertices.shape=(916, 3), faces.shape=(856, 3))> using `load_obj` in 0.0049s
2024-10-09 18:13:57,705 DEBUG loaded <trimesh.Trimesh(vertices.shape=(48, 3), faces.shape=(28, 3))> using `load_obj` in 0.0007s
2024-10-09 18:14:47,382 INFO =====> Epoch: 78
2024-10-09 18:14:47,382 INFO =====> Loss info: {'particle_has_naninf': False, 'height_map_loss': 32.887996673583984, 'emd_loss': 31.854875564575195, 'total_loss': 31.854875564575195}
2024-10-09 18:14:47,383 INFO =====> Param: E: [803676.5], nu: [0.37451062], rho: [1986.2432], sand_angle: [23.719036]
2024-10-09 18:14:47,383 INFO =====> Grad: [ 1.1512711e-02  3.0942584e+04 -3.5186695e+01 -1.5116949e+02]
2024-10-09 18:14:47,383 INFO =====> Num. aborted data so far: 0
2024-10-09 18:14:47,746 INFO ===> New TaichiEnv created.
2024-10-09 18:14:47,746 INFO ===> Specifications: horizon = 311, dt = 0.01, n_substeps = 20, dt_sub = 0.0005
2024-10-09 18:14:47,769 DEBUG loaded <trimesh.Trimesh(vertices.shape=(916, 3), faces.shape=(856, 3))> using `load_obj` in 0.0030s
2024-10-09 18:14:47,918 DEBUG loaded <trimesh.Trimesh(vertices.shape=(48, 3), faces.shape=(28, 3))> using `load_obj` in 0.0007s
2024-10-09 18:15:37,788 INFO =====> Epoch: 79
2024-10-09 18:15:37,789 INFO =====> Loss info: {'particle_has_naninf': False, 'height_map_loss': 33.0284309387207, 'emd_loss': 32.00224685668945, 'total_loss': 32.00224685668945}
2024-10-09 18:15:37,789 INFO =====> Param: E: [798445.8], nu: [0.36739278], rho: [2086.481], sand_angle: [23.150742]
2024-10-09 18:15:37,789 INFO =====> Grad: [ 8.8003650e-03  5.5363785e+04 -4.9896950e+01  1.2228474e+02]
2024-10-09 18:15:37,789 INFO =====> Num. aborted data so far: 0
2024-10-09 18:15:38,159 INFO ===> New TaichiEnv created.
2024-10-09 18:15:38,159 INFO ===> Specifications: horizon = 311, dt = 0.01, n_substeps = 20, dt_sub = 0.0005
2024-10-09 18:15:38,182 DEBUG loaded <trimesh.Trimesh(vertices.shape=(916, 3), faces.shape=(856, 3))> using `load_obj` in 0.0029s
2024-10-09 18:15:38,334 DEBUG loaded <trimesh.Trimesh(vertices.shape=(48, 3), faces.shape=(28, 3))> using `load_obj` in 0.0007s
2024-10-09 18:16:27,553 INFO =====> Epoch: 80
2024-10-09 18:16:27,553 INFO =====> Loss info: {'particle_has_naninf': False, 'height_map_loss': 32.9193000793457, 'emd_loss': 31.8698673248291, 'total_loss': 31.8698673248291}
2024-10-09 18:16:27,553 INFO =====> Param: E: [792435.3], nu: [0.36379376], rho: [1961.7253], sand_angle: [21.14241]
2024-10-09 18:16:27,553 INFO =====> Grad: [1.1241132e-02 2.5485691e+04 7.1163208e+01 4.3292538e+02]
2024-10-09 18:16:27,553 INFO =====> Num. aborted data so far: 0
2024-10-09 18:16:27,904 INFO ===> New TaichiEnv created.
2024-10-09 18:16:27,904 INFO ===> Specifications: horizon = 311, dt = 0.01, n_substeps = 20, dt_sub = 0.0005
2024-10-09 18:16:27,926 DEBUG loaded <trimesh.Trimesh(vertices.shape=(916, 3), faces.shape=(856, 3))> using `load_obj` in 0.0029s
2024-10-09 18:16:28,076 DEBUG loaded <trimesh.Trimesh(vertices.shape=(48, 3), faces.shape=(28, 3))> using `load_obj` in 0.0007s
2024-10-09 18:17:18,605 INFO =====> Epoch: 81
2024-10-09 18:17:18,605 INFO =====> Loss info: {'particle_has_naninf': False, 'height_map_loss': 32.319828033447266, 'emd_loss': 31.485654830932617, 'total_loss': 31.485654830932617}
2024-10-09 18:17:18,605 INFO =====> Param: E: [791598.4], nu: [0.36420032], rho: [2016.4009], sand_angle: [21.646217]
2024-10-09 18:17:18,605 INFO =====> Grad: [ 1.3150977e-03 -2.4112017e+03 -2.7348978e+01 -9.1741150e+01]
2024-10-09 18:17:18,605 INFO =====> Num. aborted data so far: 0
2024-10-09 18:17:18,966 INFO ===> New TaichiEnv created.
2024-10-09 18:17:18,966 INFO ===> Specifications: horizon = 311, dt = 0.01, n_substeps = 20, dt_sub = 0.0005
2024-10-09 18:17:18,988 DEBUG loaded <trimesh.Trimesh(vertices.shape=(916, 3), faces.shape=(856, 3))> using `load_obj` in 0.0030s
2024-10-09 18:17:19,139 DEBUG loaded <trimesh.Trimesh(vertices.shape=(48, 3), faces.shape=(28, 3))> using `load_obj` in 0.0007s
2024-10-09 18:18:08,993 INFO =====> Epoch: 82
2024-10-09 18:18:08,993 INFO =====> Loss info: {'particle_has_naninf': False, 'height_map_loss': 32.44865417480469, 'emd_loss': 31.555660247802734, 'total_loss': 31.555660247802734}
2024-10-09 18:18:08,994 INFO =====> Param: E: [795145.], nu: [0.3683894], rho: [1900.2316], sand_angle: [19.07457]
2024-10-09 18:18:08,994 INFO =====> Grad: [-5.0602900e-03 -2.3394033e+04  6.3019978e+01  5.5188245e+02]
2024-10-09 18:18:08,994 INFO =====> Num. aborted data so far: 0
2024-10-09 18:18:09,434 INFO ===> New TaichiEnv created.
2024-10-09 18:18:09,434 INFO ===> Specifications: horizon = 311, dt = 0.01, n_substeps = 20, dt_sub = 0.0005
2024-10-09 18:18:09,464 DEBUG loaded <trimesh.Trimesh(vertices.shape=(916, 3), faces.shape=(856, 3))> using `load_obj` in 0.0040s
2024-10-09 18:18:09,656 DEBUG loaded <trimesh.Trimesh(vertices.shape=(48, 3), faces.shape=(28, 3))> using `load_obj` in 0.0009s
2024-10-09 18:19:01,164 INFO =====> Epoch: 83
2024-10-09 18:19:01,164 INFO =====> Loss info: {'particle_has_naninf': False, 'height_map_loss': 31.530942916870117, 'emd_loss': 31.023906707763672, 'total_loss': 31.023906707763672}
2024-10-09 18:19:01,164 INFO =====> Param: E: [794787.8], nu: [0.3707996], rho: [1987.9916], sand_angle: [21.276596]
2024-10-09 18:19:01,164 INFO =====> Grad: [ 4.2670945e-04 -1.1675646e+04 -4.5423931e+01 -4.9563907e+02]
2024-10-09 18:19:01,164 INFO =====> Num. aborted data so far: 0
2024-10-09 18:19:01,533 INFO ===> New TaichiEnv created.
2024-10-09 18:19:01,533 INFO ===> Specifications: horizon = 311, dt = 0.01, n_substeps = 20, dt_sub = 0.0005
2024-10-09 18:19:01,560 DEBUG loaded <trimesh.Trimesh(vertices.shape=(916, 3), faces.shape=(856, 3))> using `load_obj` in 0.0029s
2024-10-09 18:19:01,715 DEBUG loaded <trimesh.Trimesh(vertices.shape=(48, 3), faces.shape=(28, 3))> using `load_obj` in 0.0007s
2024-10-09 18:19:50,750 INFO =====> Epoch: 84
2024-10-09 18:19:50,750 INFO =====> Loss info: {'particle_has_naninf': False, 'height_map_loss': 32.39289093017578, 'emd_loss': 31.482257843017578, 'total_loss': 31.482257843017578}
2024-10-09 18:19:50,750 INFO =====> Param: E: [792317.7], nu: [0.36633062], rho: [1948.4565], sand_angle: [18.413908]
2024-10-09 18:19:50,750 INFO =====> Grad: [2.5646039e-03 2.0772070e+04 1.7536692e+01 8.6840747e+02]
2024-10-09 18:19:50,750 INFO =====> Num. aborted data so far: 0
2024-10-09 18:19:51,110 INFO ===> New TaichiEnv created.
2024-10-09 18:19:51,110 INFO ===> Specifications: horizon = 311, dt = 0.01, n_substeps = 20, dt_sub = 0.0005
2024-10-09 18:19:51,132 DEBUG loaded <trimesh.Trimesh(vertices.shape=(916, 3), faces.shape=(856, 3))> using `load_obj` in 0.0029s
2024-10-09 18:19:51,283 DEBUG loaded <trimesh.Trimesh(vertices.shape=(48, 3), faces.shape=(28, 3))> using `load_obj` in 0.0007s
2024-10-09 18:20:40,934 INFO =====> Epoch: 85
2024-10-09 18:20:40,934 INFO =====> Loss info: {'particle_has_naninf': False, 'height_map_loss': 31.239587783813477, 'emd_loss': 31.008272171020508, 'total_loss': 31.008272171020508}
2024-10-09 18:20:40,934 INFO =====> Param: E: [799662.9], nu: [0.37450302], rho: [2079.5364], sand_angle: [18.900425]
2024-10-09 18:20:40,934 INFO =====> Grad: [-1.0745503e-02 -7.1324258e+04 -6.9885185e+01 -1.2459087e+02]
2024-10-09 18:20:40,934 INFO =====> Num. aborted data so far: 0
2024-10-09 18:20:41,288 INFO ===> New TaichiEnv created.
2024-10-09 18:20:41,288 INFO ===> Specifications: horizon = 311, dt = 0.01, n_substeps = 20, dt_sub = 0.0005
2024-10-09 18:20:41,311 DEBUG loaded <trimesh.Trimesh(vertices.shape=(916, 3), faces.shape=(856, 3))> using `load_obj` in 0.0029s
2024-10-09 18:20:41,460 DEBUG loaded <trimesh.Trimesh(vertices.shape=(48, 3), faces.shape=(28, 3))> using `load_obj` in 0.0007s
2024-10-09 18:21:31,120 INFO =====> Epoch: 86
2024-10-09 18:21:31,120 INFO =====> Loss info: {'particle_has_naninf': False, 'height_map_loss': 31.482511520385742, 'emd_loss': 31.049514770507812, 'total_loss': 31.049514770507812}
2024-10-09 18:21:31,121 INFO =====> Param: E: [799308.06], nu: [0.37632528], rho: [2090.063], sand_angle: [19.38427]
2024-10-09 18:21:31,121 INFO =====> Grad: [ 4.3457377e-04 -1.3579332e+04 -4.7033677e+00 -1.0458975e+02]
2024-10-09 18:21:31,121 INFO =====> Num. aborted data so far: 0
2024-10-09 18:21:31,551 INFO ===> New TaichiEnv created.
2024-10-09 18:21:31,551 INFO ===> Specifications: horizon = 311, dt = 0.01, n_substeps = 20, dt_sub = 0.0005
2024-10-09 18:21:31,581 DEBUG loaded <trimesh.Trimesh(vertices.shape=(916, 3), faces.shape=(856, 3))> using `load_obj` in 0.0040s
2024-10-09 18:21:31,795 DEBUG loaded <trimesh.Trimesh(vertices.shape=(48, 3), faces.shape=(28, 3))> using `load_obj` in 0.0009s
2024-10-09 18:22:22,528 INFO =====> Epoch: 87
2024-10-09 18:22:22,528 INFO =====> Loss info: {'particle_has_naninf': False, 'height_map_loss': 31.6903133392334, 'emd_loss': 31.024330139160156, 'total_loss': 31.024330139160156}
2024-10-09 18:22:22,528 INFO =====> Param: E: [801830.8], nu: [0.38009888], rho: [2104.1062], sand_angle: [18.7805]
2024-10-09 18:22:22,528 INFO =====> Grad: [-2.6901248e-03 -2.5838373e+04 -5.2653522e+00  1.1071913e+02]
2024-10-09 18:22:22,528 INFO =====> Num. aborted data so far: 0
2024-10-09 18:22:22,894 INFO ===> New TaichiEnv created.
2024-10-09 18:22:22,894 INFO ===> Specifications: horizon = 311, dt = 0.01, n_substeps = 20, dt_sub = 0.0005
2024-10-09 18:22:22,916 DEBUG loaded <trimesh.Trimesh(vertices.shape=(916, 3), faces.shape=(856, 3))> using `load_obj` in 0.0028s
2024-10-09 18:22:23,058 DEBUG loaded <trimesh.Trimesh(vertices.shape=(48, 3), faces.shape=(28, 3))> using `load_obj` in 0.0007s
2024-10-09 18:23:12,456 INFO =====> Epoch: 88
2024-10-09 18:23:12,456 INFO =====> Loss info: {'particle_has_naninf': False, 'height_map_loss': 31.4293155670166, 'emd_loss': 31.047679901123047, 'total_loss': 31.047679901123047}
2024-10-09 18:23:12,457 INFO =====> Param: E: [808950.9], nu: [0.3864955], rho: [2182.313], sand_angle: [19.72664]
2024-10-09 18:23:12,457 INFO =====> Grad: [-1.0150457e-02 -5.1362910e+04 -2.7150036e+01 -1.5029630e+02]
2024-10-09 18:23:12,457 INFO =====> Num. aborted data so far: 0
2024-10-09 18:23:12,814 INFO ===> New TaichiEnv created.
2024-10-09 18:23:12,814 INFO ===> Specifications: horizon = 311, dt = 0.01, n_substeps = 20, dt_sub = 0.0005
2024-10-09 18:23:12,836 DEBUG loaded <trimesh.Trimesh(vertices.shape=(916, 3), faces.shape=(856, 3))> using `load_obj` in 0.0029s
2024-10-09 18:23:12,984 DEBUG loaded <trimesh.Trimesh(vertices.shape=(48, 3), faces.shape=(28, 3))> using `load_obj` in 0.0007s
2024-10-09 18:24:03,654 INFO =====> Epoch: 89
2024-10-09 18:24:03,654 INFO =====> Loss info: {'particle_has_naninf': False, 'height_map_loss': 31.828622817993164, 'emd_loss': 31.215919494628906, 'total_loss': 31.215919494628906}
2024-10-09 18:24:03,654 INFO =====> Param: E: [812820.94], nu: [0.38799107], rho: [2119.0947], sand_angle: [17.446842]
2024-10-09 18:24:03,654 INFO =====> Grad: [-5.0967014e-03 -1.0184991e+04  1.9572752e+01  3.8788757e+02]
2024-10-09 18:24:03,654 INFO =====> Num. aborted data so far: 0
2024-10-09 18:24:04,015 INFO ===> New TaichiEnv created.
2024-10-09 18:24:04,015 INFO ===> Specifications: horizon = 311, dt = 0.01, n_substeps = 20, dt_sub = 0.0005
2024-10-09 18:24:04,037 DEBUG loaded <trimesh.Trimesh(vertices.shape=(916, 3), faces.shape=(856, 3))> using `load_obj` in 0.0029s
2024-10-09 18:24:04,188 DEBUG loaded <trimesh.Trimesh(vertices.shape=(48, 3), faces.shape=(28, 3))> using `load_obj` in 0.0007s
2024-10-09 18:24:54,163 INFO =====> Epoch: 90
2024-10-09 18:24:54,163 INFO =====> Loss info: {'particle_has_naninf': False, 'height_map_loss': 31.210155487060547, 'emd_loss': 30.749740600585938, 'total_loss': 30.749740600585938}
2024-10-09 18:24:54,163 INFO =====> Param: E: [817753.94], nu: [0.38875696], rho: [1975.72], sand_angle: [17.362432]
2024-10-09 18:24:54,163 INFO =====> Grad: [-6.4598010e-03 -4.3793521e+03  5.9986759e+01  1.2019014e+01]
2024-10-09 18:24:54,164 INFO =====> Num. aborted data so far: 0
2024-10-09 18:24:54,660 INFO ===> New TaichiEnv created.
2024-10-09 18:24:54,660 INFO ===> Specifications: horizon = 311, dt = 0.01, n_substeps = 20, dt_sub = 0.0005
2024-10-09 18:24:54,690 DEBUG loaded <trimesh.Trimesh(vertices.shape=(916, 3), faces.shape=(856, 3))> using `load_obj` in 0.0039s
2024-10-09 18:24:54,854 DEBUG loaded <trimesh.Trimesh(vertices.shape=(48, 3), faces.shape=(28, 3))> using `load_obj` in 0.0007s
2024-10-09 18:25:44,145 INFO =====> Epoch: 91
2024-10-09 18:25:44,146 INFO =====> Loss info: {'particle_has_naninf': False, 'height_map_loss': 31.170446395874023, 'emd_loss': 30.7524471282959, 'total_loss': 30.7524471282959}
2024-10-09 18:25:44,146 INFO =====> Param: E: [817134.56], nu: [0.38571626], rho: [2077.2961], sand_angle: [20.508873]
2024-10-09 18:25:44,147 INFO =====> Grad: [ 6.8016129e-04  1.5427556e+04 -4.2790981e+01 -7.3868616e+02]
2024-10-09 18:25:44,147 INFO =====> Num. aborted data so far: 0
2024-10-09 18:25:44,512 INFO ===> New TaichiEnv created.
2024-10-09 18:25:44,512 INFO ===> Specifications: horizon = 311, dt = 0.01, n_substeps = 20, dt_sub = 0.0005
2024-10-09 18:25:44,535 DEBUG loaded <trimesh.Trimesh(vertices.shape=(916, 3), faces.shape=(856, 3))> using `load_obj` in 0.0029s
2024-10-09 18:25:44,683 DEBUG loaded <trimesh.Trimesh(vertices.shape=(48, 3), faces.shape=(28, 3))> using `load_obj` in 0.0007s
2024-10-09 18:26:35,746 INFO =====> Epoch: 92
2024-10-09 18:26:35,747 INFO =====> Loss info: {'particle_has_naninf': False, 'height_map_loss': 32.05238723754883, 'emd_loss': 31.302743911743164, 'total_loss': 31.302743911743164}
2024-10-09 18:26:35,747 INFO =====> Param: E: [820214.1], nu: [0.39320758], rho: [2090.7944], sand_angle: [22.811735]
2024-10-09 18:26:35,747 INFO =====> Grad: [-3.0055770e-03 -5.5648121e+04 -4.7706118e+00 -5.8286066e+02]
2024-10-09 18:26:35,747 INFO =====> Num. aborted data so far: 0
2024-10-09 18:26:36,101 INFO ===> New TaichiEnv created.
2024-10-09 18:26:36,101 INFO ===> Specifications: horizon = 311, dt = 0.01, n_substeps = 20, dt_sub = 0.0005
2024-10-09 18:26:36,123 DEBUG loaded <trimesh.Trimesh(vertices.shape=(916, 3), faces.shape=(856, 3))> using `load_obj` in 0.0029s
2024-10-09 18:26:36,267 DEBUG loaded <trimesh.Trimesh(vertices.shape=(48, 3), faces.shape=(28, 3))> using `load_obj` in 0.0007s
2024-10-09 18:27:27,110 INFO =====> Epoch: 93
2024-10-09 18:27:27,110 INFO =====> Loss info: {'particle_has_naninf': False, 'height_map_loss': 32.8807373046875, 'emd_loss': 31.88496971130371, 'total_loss': 31.88496971130371}
2024-10-09 18:27:27,110 INFO =====> Param: E: [813173.], nu: [0.3854685], rho: [1999.0149], sand_angle: [19.66139]
2024-10-09 18:27:27,110 INFO =====> Grad: [9.0336958e-03 9.0689969e+04 3.1394089e+01 1.3194147e+03]
2024-10-09 18:27:27,110 INFO =====> Num. aborted data so far: 0
2024-10-09 18:27:27,475 INFO ===> New TaichiEnv created.
2024-10-09 18:27:27,476 INFO ===> Specifications: horizon = 311, dt = 0.01, n_substeps = 20, dt_sub = 0.0005
2024-10-09 18:27:27,498 DEBUG loaded <trimesh.Trimesh(vertices.shape=(916, 3), faces.shape=(856, 3))> using `load_obj` in 0.0029s
2024-10-09 18:27:27,649 DEBUG loaded <trimesh.Trimesh(vertices.shape=(48, 3), faces.shape=(28, 3))> using `load_obj` in 0.0007s
2024-10-09 18:28:17,504 INFO =====> Epoch: 94
2024-10-09 18:28:17,504 INFO =====> Loss info: {'particle_has_naninf': False, 'height_map_loss': 31.76712417602539, 'emd_loss': 31.186141967773438, 'total_loss': 31.186141967773438}
2024-10-09 18:28:17,504 INFO =====> Param: E: [817439.2], nu: [0.38962948], rho: [2116.2266], sand_angle: [21.115746]
2024-10-09 18:28:17,504 INFO =====> Grad: [-5.1799305e-03 -4.5833988e+04 -4.3751339e+01 -5.5558539e+02]
2024-10-09 18:28:17,505 INFO =====> Num. aborted data so far: 0
2024-10-09 18:28:17,864 INFO ===> New TaichiEnv created.
2024-10-09 18:28:17,865 INFO ===> Specifications: horizon = 311, dt = 0.01, n_substeps = 20, dt_sub = 0.0005
2024-10-09 18:28:17,888 DEBUG loaded <trimesh.Trimesh(vertices.shape=(916, 3), faces.shape=(856, 3))> using `load_obj` in 0.0030s
2024-10-09 18:28:18,049 DEBUG loaded <trimesh.Trimesh(vertices.shape=(48, 3), faces.shape=(28, 3))> using `load_obj` in 0.0007s
2024-10-09 18:29:07,270 INFO =====> Epoch: 95
2024-10-09 18:29:07,271 INFO =====> Loss info: {'particle_has_naninf': False, 'height_map_loss': 32.334571838378906, 'emd_loss': 31.510311126708984, 'total_loss': 31.510311126708984}
2024-10-09 18:29:07,271 INFO =====> Param: E: [823784.2], nu: [0.39517203], rho: [2200.], sand_angle: [21.307861]
2024-10-09 18:29:07,271 INFO =====> Grad: [-8.9652305e-03 -6.4285051e+04 -5.8390377e+01 -6.1488613e+01]
2024-10-09 18:29:07,271 INFO =====> Num. aborted data so far: 0
2024-10-09 18:29:07,627 INFO ===> New TaichiEnv created.
2024-10-09 18:29:07,627 INFO ===> Specifications: horizon = 311, dt = 0.01, n_substeps = 20, dt_sub = 0.0005
2024-10-09 18:29:07,649 DEBUG loaded <trimesh.Trimesh(vertices.shape=(916, 3), faces.shape=(856, 3))> using `load_obj` in 0.0029s
2024-10-09 18:29:07,800 DEBUG loaded <trimesh.Trimesh(vertices.shape=(48, 3), faces.shape=(28, 3))> using `load_obj` in 0.0007s
2024-10-09 18:29:57,617 INFO =====> Epoch: 96
2024-10-09 18:29:57,617 INFO =====> Loss info: {'particle_has_naninf': False, 'height_map_loss': 32.438507080078125, 'emd_loss': 31.557857513427734, 'total_loss': 31.557857513427734}
2024-10-09 18:29:57,617 INFO =====> Param: E: [821982.], nu: [0.39719638], rho: [2200.], sand_angle: [21.974472]
2024-10-09 18:29:57,617 INFO =====> Grad: [ 2.1732363e-03 -2.0145910e+04 -2.0873322e+01 -1.8155708e+02]
2024-10-09 18:29:57,617 INFO =====> Num. aborted data so far: 0
2024-10-09 18:29:57,967 INFO ===> New TaichiEnv created.
2024-10-09 18:29:57,967 INFO ===> Specifications: horizon = 311, dt = 0.01, n_substeps = 20, dt_sub = 0.0005
2024-10-09 18:29:57,990 DEBUG loaded <trimesh.Trimesh(vertices.shape=(916, 3), faces.shape=(856, 3))> using `load_obj` in 0.0029s
2024-10-09 18:29:58,132 DEBUG loaded <trimesh.Trimesh(vertices.shape=(48, 3), faces.shape=(28, 3))> using `load_obj` in 0.0007s
2024-10-09 18:30:48,635 INFO =====> Epoch: 97
2024-10-09 18:30:48,635 INFO =====> Loss info: {'particle_has_naninf': False, 'height_map_loss': 32.61799621582031, 'emd_loss': 31.726640701293945, 'total_loss': 31.726640701293945}
2024-10-09 18:30:48,635 INFO =====> Param: E: [824275.4], nu: [0.4], rho: [2200.], sand_angle: [22.699293]
2024-10-09 18:30:48,635 INFO =====> Grad: [-2.3905456e-03 -3.7604578e+04 -1.4436084e+01 -1.6851941e+02]
2024-10-09 18:30:48,635 INFO =====> Num. aborted data so far: 0
2024-10-09 18:30:49,003 INFO ===> New TaichiEnv created.
2024-10-09 18:30:49,003 INFO ===> Specifications: horizon = 311, dt = 0.01, n_substeps = 20, dt_sub = 0.0005
2024-10-09 18:30:49,025 DEBUG loaded <trimesh.Trimesh(vertices.shape=(916, 3), faces.shape=(856, 3))> using `load_obj` in 0.0029s
2024-10-09 18:30:49,180 DEBUG loaded <trimesh.Trimesh(vertices.shape=(48, 3), faces.shape=(28, 3))> using `load_obj` in 0.0007s
2024-10-09 18:31:40,220 INFO =====> Epoch: 98
2024-10-09 18:31:40,220 INFO =====> Loss info: {'particle_has_naninf': False, 'height_map_loss': 32.886592864990234, 'emd_loss': 31.87555694580078, 'total_loss': 31.87555694580078}
2024-10-09 18:31:40,221 INFO =====> Param: E: [823731.44], nu: [0.39815202], rho: [2176.187], sand_angle: [19.667326]
2024-10-09 18:31:40,221 INFO =====> Grad: [4.7519352e-04 1.4666446e+04 6.7643294e+00 1.0583633e+03]
2024-10-09 18:31:40,221 INFO =====> Num. aborted data so far: 0
2024-10-09 18:31:40,591 INFO ===> New TaichiEnv created.
2024-10-09 18:31:40,591 INFO ===> Specifications: horizon = 311, dt = 0.01, n_substeps = 20, dt_sub = 0.0005
2024-10-09 18:31:40,614 DEBUG loaded <trimesh.Trimesh(vertices.shape=(916, 3), faces.shape=(856, 3))> using `load_obj` in 0.0030s
2024-10-09 18:31:40,765 DEBUG loaded <trimesh.Trimesh(vertices.shape=(48, 3), faces.shape=(28, 3))> using `load_obj` in 0.0007s
2024-10-09 18:32:30,659 INFO =====> Epoch: 99
2024-10-09 18:32:30,659 INFO =====> Loss info: {'particle_has_naninf': False, 'height_map_loss': 31.85420799255371, 'emd_loss': 31.23982810974121, 'total_loss': 31.23982810974121}
2024-10-09 18:32:30,659 INFO =====> Param: E: [827429.25], nu: [0.39975291], rho: [2200.], sand_angle: [22.661991]
2024-10-09 18:32:30,659 INFO =====> Grad: [-2.9563319e-03 -1.0797580e+04 -2.7148022e+01 -1.5285126e+03]
2024-10-09 18:32:30,659 INFO =====> Num. aborted data so far: 0
2024-10-09 18:32:31,022 INFO ===> New TaichiEnv created.
2024-10-09 18:32:31,022 INFO ===> Specifications: horizon = 311, dt = 0.01, n_substeps = 20, dt_sub = 0.0005
2024-10-09 18:32:31,044 DEBUG loaded <trimesh.Trimesh(vertices.shape=(916, 3), faces.shape=(856, 3))> using `load_obj` in 0.0029s
2024-10-09 18:32:31,187 DEBUG loaded <trimesh.Trimesh(vertices.shape=(48, 3), faces.shape=(28, 3))> using `load_obj` in 0.0007s
2024-10-09 18:33:21,681 INFO =====> Epoch: 100
2024-10-09 18:33:21,682 INFO =====> Loss info: {'particle_has_naninf': False, 'height_map_loss': 32.88863754272461, 'emd_loss': 31.847986221313477, 'total_loss': 31.847986221313477}
2024-10-09 18:33:21,682 INFO =====> Param: E: [824772.75], nu: [0.3952048], rho: [2200.], sand_angle: [23.253242]
2024-10-09 18:33:21,682 INFO =====> Grad: [ 1.8573018e-03  2.9600451e+04 -3.5409412e+01 -2.5586507e+02]
2024-10-09 18:33:21,682 INFO =====> Num. aborted data so far: 0
2024-10-09 18:33:22,041 INFO ===> New TaichiEnv created.
2024-10-09 18:33:22,041 INFO ===> Specifications: horizon = 311, dt = 0.01, n_substeps = 20, dt_sub = 0.0005
2024-10-09 18:33:22,065 DEBUG loaded <trimesh.Trimesh(vertices.shape=(916, 3), faces.shape=(856, 3))> using `load_obj` in 0.0029s
2024-10-09 18:33:22,210 DEBUG loaded <trimesh.Trimesh(vertices.shape=(48, 3), faces.shape=(28, 3))> using `load_obj` in 0.0007s
2024-10-09 18:34:12,139 INFO =====> Epoch: 101
2024-10-09 18:34:12,139 INFO =====> Loss info: {'particle_has_naninf': False, 'height_map_loss': 33.027164459228516, 'emd_loss': 31.908674240112305, 'total_loss': 31.908674240112305}
2024-10-09 18:34:12,139 INFO =====> Param: E: [824232.25], nu: [0.3894475], rho: [2049.9966], sand_angle: [22.512587]
2024-10-09 18:34:12,139 INFO =====> Grad: [3.1673358e-04 4.0397168e+04 6.7004524e+01 2.7385934e+02]
2024-10-09 18:34:12,139 INFO =====> Num. aborted data so far: 0
2024-10-09 18:34:12,584 INFO ===> New TaichiEnv created.
2024-10-09 18:34:12,584 INFO ===> Specifications: horizon = 311, dt = 0.01, n_substeps = 20, dt_sub = 0.0005
2024-10-09 18:34:12,614 DEBUG loaded <trimesh.Trimesh(vertices.shape=(916, 3), faces.shape=(856, 3))> using `load_obj` in 0.0039s
2024-10-09 18:34:12,773 DEBUG loaded <trimesh.Trimesh(vertices.shape=(48, 3), faces.shape=(28, 3))> using `load_obj` in 0.0008s
2024-10-09 18:35:02,494 INFO =====> Epoch: 102
2024-10-09 18:35:02,494 INFO =====> Loss info: {'particle_has_naninf': False, 'height_map_loss': 32.767242431640625, 'emd_loss': 31.839826583862305, 'total_loss': 31.839826583862305}
2024-10-09 18:35:02,494 INFO =====> Param: E: [816021.56], nu: [0.3935086], rho: [2192.5847], sand_angle: [25.533073]
2024-10-09 18:35:02,494 INFO =====> Grad: [ 9.2103910e-03 -2.6620172e+04 -8.5323753e+01 -1.6628988e+03]
2024-10-09 18:35:02,494 INFO =====> Num. aborted data so far: 0
2024-10-09 18:35:02,863 INFO ===> New TaichiEnv created.
2024-10-09 18:35:02,863 INFO ===> Specifications: horizon = 311, dt = 0.01, n_substeps = 20, dt_sub = 0.0005
2024-10-09 18:35:02,885 DEBUG loaded <trimesh.Trimesh(vertices.shape=(916, 3), faces.shape=(856, 3))> using `load_obj` in 0.0029s
2024-10-09 18:35:03,035 DEBUG loaded <trimesh.Trimesh(vertices.shape=(48, 3), faces.shape=(28, 3))> using `load_obj` in 0.0007s
2024-10-09 18:35:51,727 INFO =====> Epoch: 103
2024-10-09 18:35:51,727 INFO =====> Loss info: {'particle_has_naninf': False, 'height_map_loss': 33.70958709716797, 'emd_loss': 32.416786193847656, 'total_loss': 32.416786193847656}
2024-10-09 18:35:51,727 INFO =====> Param: E: [820391.1], nu: [0.4], rho: [2200.], sand_angle: [27.071775]
2024-10-09 18:35:51,728 INFO =====> Grad: [-4.670788e-03 -8.007291e+04 -2.195267e+01 -7.815253e+02]
2024-10-09 18:35:51,728 INFO =====> Num. aborted data so far: 0
2024-10-09 18:35:52,083 INFO ===> New TaichiEnv created.
2024-10-09 18:35:52,083 INFO ===> Specifications: horizon = 311, dt = 0.01, n_substeps = 20, dt_sub = 0.0005
2024-10-09 18:35:52,105 DEBUG loaded <trimesh.Trimesh(vertices.shape=(916, 3), faces.shape=(856, 3))> using `load_obj` in 0.0029s
2024-10-09 18:35:52,255 DEBUG loaded <trimesh.Trimesh(vertices.shape=(48, 3), faces.shape=(28, 3))> using `load_obj` in 0.0007s
2024-10-09 18:36:42,776 INFO =====> Epoch: 104
2024-10-09 18:36:42,776 INFO =====> Loss info: {'particle_has_naninf': False, 'height_map_loss': 34.19831085205078, 'emd_loss': 32.63964080810547, 'total_loss': 32.63964080810547}
2024-10-09 18:36:42,776 INFO =====> Param: E: [812489.1], nu: [0.39256212], rho: [2112.2612], sand_angle: [25.889534]
2024-10-09 18:36:42,776 INFO =====> Grad: [1.4114397e-02 1.1103743e+05 4.3099743e+01 5.3099524e+02]
2024-10-09 18:36:42,776 INFO =====> Num. aborted data so far: 0
2024-10-09 18:36:43,129 INFO ===> New TaichiEnv created.
2024-10-09 18:36:43,129 INFO ===> Specifications: horizon = 311, dt = 0.01, n_substeps = 20, dt_sub = 0.0005
2024-10-09 18:36:43,151 DEBUG loaded <trimesh.Trimesh(vertices.shape=(916, 3), faces.shape=(856, 3))> using `load_obj` in 0.0028s
2024-10-09 18:36:43,298 DEBUG loaded <trimesh.Trimesh(vertices.shape=(48, 3), faces.shape=(28, 3))> using `load_obj` in 0.0007s
2024-10-09 18:37:32,423 INFO =====> Epoch: 105
2024-10-09 18:37:32,423 INFO =====> Loss info: {'particle_has_naninf': False, 'height_map_loss': 33.74307632446289, 'emd_loss': 32.45891571044922, 'total_loss': 32.45891571044922}
2024-10-09 18:37:32,423 INFO =====> Param: E: [818263.4], nu: [0.39420825], rho: [2194.0305], sand_angle: [27.054346]
2024-10-09 18:37:32,423 INFO =====> Grad: [-1.1141242e-02 -2.0903273e+04 -3.7586845e+01 -4.6184100e+02]
2024-10-09 18:37:32,423 INFO =====> Num. aborted data so far: 0
2024-10-09 18:37:32,797 INFO ===> New TaichiEnv created.
2024-10-09 18:37:32,798 INFO ===> Specifications: horizon = 311, dt = 0.01, n_substeps = 20, dt_sub = 0.0005
2024-10-09 18:37:32,820 DEBUG loaded <trimesh.Trimesh(vertices.shape=(916, 3), faces.shape=(856, 3))> using `load_obj` in 0.0030s
2024-10-09 18:37:32,968 DEBUG loaded <trimesh.Trimesh(vertices.shape=(48, 3), faces.shape=(28, 3))> using `load_obj` in 0.0007s
2024-10-09 18:38:22,692 INFO =====> Epoch: 106
2024-10-09 18:38:22,692 INFO =====> Loss info: {'particle_has_naninf': False, 'height_map_loss': 34.13371658325195, 'emd_loss': 32.67753601074219, 'total_loss': 32.67753601074219}
2024-10-09 18:38:22,693 INFO =====> Param: E: [820994.], nu: [0.39445108], rho: [2138.6106], sand_angle: [29.961971]
2024-10-09 18:38:22,693 INFO =====> Grad: [-4.6195728e-03 -2.5806921e+03  2.2369291e+01 -1.5945054e+03]
2024-10-09 18:38:22,693 INFO =====> Num. aborted data so far: 0
2024-10-09 18:38:23,060 INFO ===> New TaichiEnv created.
2024-10-09 18:38:23,060 INFO ===> Specifications: horizon = 311, dt = 0.01, n_substeps = 20, dt_sub = 0.0005
2024-10-09 18:38:23,082 DEBUG loaded <trimesh.Trimesh(vertices.shape=(916, 3), faces.shape=(856, 3))> using `load_obj` in 0.0029s
2024-10-09 18:38:23,225 DEBUG loaded <trimesh.Trimesh(vertices.shape=(48, 3), faces.shape=(28, 3))> using `load_obj` in 0.0007s
2024-10-09 18:39:13,007 INFO =====> Epoch: 107
2024-10-09 18:39:13,008 INFO =====> Loss info: {'particle_has_naninf': False, 'height_map_loss': 34.940574645996094, 'emd_loss': 33.116722106933594, 'total_loss': 33.116722106933594}
2024-10-09 18:39:13,008 INFO =====> Param: E: [817191.], nu: [0.39345577], rho: [2200.], sand_angle: [31.020052]
2024-10-09 18:39:13,008 INFO =====> Grad: [ 5.9211957e-03  8.9032725e+03 -3.8659492e+01 -5.0722382e+02]
2024-10-09 18:39:13,008 INFO =====> Num. aborted data so far: 0
2024-10-09 18:39:13,361 INFO ===> New TaichiEnv created.
2024-10-09 18:39:13,361 INFO ===> Specifications: horizon = 311, dt = 0.01, n_substeps = 20, dt_sub = 0.0005
2024-10-09 18:39:13,383 DEBUG loaded <trimesh.Trimesh(vertices.shape=(916, 3), faces.shape=(856, 3))> using `load_obj` in 0.0028s
2024-10-09 18:39:13,529 DEBUG loaded <trimesh.Trimesh(vertices.shape=(48, 3), faces.shape=(28, 3))> using `load_obj` in 0.0007s
2024-10-09 18:40:03,879 INFO =====> Epoch: 108
2024-10-09 18:40:03,879 INFO =====> Loss info: {'particle_has_naninf': False, 'height_map_loss': 35.353519439697266, 'emd_loss': 33.29106521606445, 'total_loss': 33.29106521606445}
2024-10-09 18:40:03,880 INFO =====> Param: E: [810026.2], nu: [0.3886146], rho: [2045.3529], sand_angle: [29.150385]
2024-10-09 18:40:03,880 INFO =====> Grad: [1.5062004e-02 4.2737133e+04 9.7027496e+01 8.7300507e+02]
2024-10-09 18:40:03,880 INFO =====> Num. aborted data so far: 0
2024-10-09 18:40:04,243 INFO ===> New TaichiEnv created.
2024-10-09 18:40:04,243 INFO ===> Specifications: horizon = 311, dt = 0.01, n_substeps = 20, dt_sub = 0.0005
2024-10-09 18:40:04,266 DEBUG loaded <trimesh.Trimesh(vertices.shape=(916, 3), faces.shape=(856, 3))> using `load_obj` in 0.0029s
2024-10-09 18:40:04,417 DEBUG loaded <trimesh.Trimesh(vertices.shape=(48, 3), faces.shape=(28, 3))> using `load_obj` in 0.0007s
2024-10-09 18:40:54,603 INFO =====> Epoch: 109
2024-10-09 18:40:54,603 INFO =====> Loss info: {'particle_has_naninf': False, 'height_map_loss': 34.76382827758789, 'emd_loss': 33.0334587097168, 'total_loss': 33.0334587097168}
2024-10-09 18:40:54,603 INFO =====> Param: E: [812369.94], nu: [0.38449934], rho: [2138.338], sand_angle: [29.782492]
2024-10-09 18:40:54,603 INFO =====> Grad: [-4.2652413e-03  3.4051086e+04 -5.6717777e+01 -2.5072598e+02]
2024-10-09 18:40:54,603 INFO =====> Num. aborted data so far: 0
2024-10-09 18:40:55,040 INFO ===> New TaichiEnv created.
2024-10-09 18:40:55,040 INFO ===> Specifications: horizon = 311, dt = 0.01, n_substeps = 20, dt_sub = 0.0005
2024-10-09 18:40:55,070 DEBUG loaded <trimesh.Trimesh(vertices.shape=(916, 3), faces.shape=(856, 3))> using `load_obj` in 0.0040s
2024-10-09 18:40:55,270 DEBUG loaded <trimesh.Trimesh(vertices.shape=(48, 3), faces.shape=(28, 3))> using `load_obj` in 0.0009s
2024-10-09 18:41:44,987 INFO =====> Epoch: 110
2024-10-09 18:41:44,987 INFO =====> Loss info: {'particle_has_naninf': False, 'height_map_loss': 34.783363342285156, 'emd_loss': 33.03435516357422, 'total_loss': 33.03435516357422}
2024-10-09 18:41:44,987 INFO =====> Param: E: [809466.7], nu: [0.37717614], rho: [2113.5266], sand_angle: [30.066242]
2024-10-09 18:41:44,987 INFO =====> Grad: [ 4.6625370e-03  8.4915797e+04  1.2780609e+01 -9.4451836e+01]
2024-10-09 18:41:44,987 INFO =====> Num. aborted data so far: 0
2024-10-09 18:41:45,349 INFO ===> New TaichiEnv created.
2024-10-09 18:41:45,349 INFO ===> Specifications: horizon = 311, dt = 0.01, n_substeps = 20, dt_sub = 0.0005
2024-10-09 18:41:45,372 DEBUG loaded <trimesh.Trimesh(vertices.shape=(916, 3), faces.shape=(856, 3))> using `load_obj` in 0.0029s
2024-10-09 18:41:45,513 DEBUG loaded <trimesh.Trimesh(vertices.shape=(48, 3), faces.shape=(28, 3))> using `load_obj` in 0.0007s
2024-10-09 18:42:35,018 INFO =====> Epoch: 111
2024-10-09 18:42:35,019 INFO =====> Loss info: {'particle_has_naninf': False, 'height_map_loss': 34.891300201416016, 'emd_loss': 33.03428649902344, 'total_loss': 33.03428649902344}
2024-10-09 18:42:35,019 INFO =====> Param: E: [807421.8], nu: [0.37836272], rho: [2141.7947], sand_angle: [31.110085]
2024-10-09 18:42:35,019 INFO =====> Grad: [ 2.8192371e-03 -1.1610139e+04 -1.2331525e+01 -3.0336722e+02]
2024-10-09 18:42:35,019 INFO =====> Num. aborted data so far: 0
2024-10-09 18:42:35,371 INFO ===> New TaichiEnv created.
2024-10-09 18:42:35,371 INFO ===> Specifications: horizon = 311, dt = 0.01, n_substeps = 20, dt_sub = 0.0005
2024-10-09 18:42:35,393 DEBUG loaded <trimesh.Trimesh(vertices.shape=(916, 3), faces.shape=(856, 3))> using `load_obj` in 0.0028s
2024-10-09 18:42:35,536 DEBUG loaded <trimesh.Trimesh(vertices.shape=(48, 3), faces.shape=(28, 3))> using `load_obj` in 0.0007s
2024-10-09 18:43:25,223 INFO =====> Epoch: 112
2024-10-09 18:43:25,223 INFO =====> Loss info: {'particle_has_naninf': False, 'height_map_loss': 35.31309509277344, 'emd_loss': 33.31423568725586, 'total_loss': 33.31423568725586}
2024-10-09 18:43:25,223 INFO =====> Param: E: [800012.6], nu: [0.37087423], rho: [2046.0154], sand_angle: [27.679485]
2024-10-09 18:43:25,223 INFO =====> Grad: [1.4630244e-02 1.0719127e+05 4.1061569e+01 2.4353457e+03]
2024-10-09 18:43:25,223 INFO =====> Num. aborted data so far: 0
2024-10-09 18:43:25,618 INFO ===> New TaichiEnv created.
2024-10-09 18:43:25,618 INFO ===> Specifications: horizon = 311, dt = 0.01, n_substeps = 20, dt_sub = 0.0005
2024-10-09 18:43:25,640 DEBUG loaded <trimesh.Trimesh(vertices.shape=(916, 3), faces.shape=(856, 3))> using `load_obj` in 0.0028s
2024-10-09 18:43:25,789 DEBUG loaded <trimesh.Trimesh(vertices.shape=(48, 3), faces.shape=(28, 3))> using `load_obj` in 0.0007s
2024-10-09 18:44:15,357 INFO =====> Epoch: 113
2024-10-09 18:44:15,357 INFO =====> Loss info: {'particle_has_naninf': False, 'height_map_loss': 34.282318115234375, 'emd_loss': 32.52979278564453, 'total_loss': 32.52979278564453}
2024-10-09 18:44:15,357 INFO =====> Param: E: [795918.3], nu: [0.36822852], rho: [1930.9918], sand_angle: [25.541231]
2024-10-09 18:44:15,357 INFO =====> Grad: [7.5679575e-03 3.3105926e+04 5.3126282e+01 1.5667026e+03]
2024-10-09 18:44:15,357 INFO =====> Num. aborted data so far: 0
2024-10-09 18:44:15,737 INFO ===> New TaichiEnv created.
2024-10-09 18:44:15,737 INFO ===> Specifications: horizon = 311, dt = 0.01, n_substeps = 20, dt_sub = 0.0005
2024-10-09 18:44:15,760 DEBUG loaded <trimesh.Trimesh(vertices.shape=(916, 3), faces.shape=(856, 3))> using `load_obj` in 0.0030s
2024-10-09 18:44:15,915 DEBUG loaded <trimesh.Trimesh(vertices.shape=(48, 3), faces.shape=(28, 3))> using `load_obj` in 0.0007s
2024-10-09 18:45:05,480 INFO =====> Epoch: 114
2024-10-09 18:45:05,480 INFO =====> Loss info: {'particle_has_naninf': False, 'height_map_loss': 33.565895080566406, 'emd_loss': 32.34778594970703, 'total_loss': 32.34778594970703}
2024-10-09 18:45:05,480 INFO =====> Param: E: [800225.9], nu: [0.37139213], rho: [1976.6176], sand_angle: [27.041565]
2024-10-09 18:45:05,480 INFO =====> Grad: [-7.5556599e-03 -3.5308730e+04 -1.8208920e+01 -1.0088294e+03]
2024-10-09 18:45:05,480 INFO =====> Num. aborted data so far: 0
2024-10-09 18:45:05,845 INFO ===> New TaichiEnv created.
2024-10-09 18:45:05,845 INFO ===> Specifications: horizon = 311, dt = 0.01, n_substeps = 20, dt_sub = 0.0005
2024-10-09 18:45:05,870 DEBUG loaded <trimesh.Trimesh(vertices.shape=(916, 3), faces.shape=(856, 3))> using `load_obj` in 0.0031s
2024-10-09 18:45:06,024 DEBUG loaded <trimesh.Trimesh(vertices.shape=(48, 3), faces.shape=(28, 3))> using `load_obj` in 0.0007s
2024-10-09 18:45:55,594 INFO =====> Epoch: 115
2024-10-09 18:45:55,595 INFO =====> Loss info: {'particle_has_naninf': False, 'height_map_loss': 34.09507369995117, 'emd_loss': 32.53874588012695, 'total_loss': 32.53874588012695}
2024-10-09 18:45:55,595 INFO =====> Param: E: [794154.56], nu: [0.3683091], rho: [1849.9581], sand_angle: [26.967909]
2024-10-09 18:45:55,595 INFO =====> Grad: [1.1931375e-02 3.0585912e+04 5.8721104e+01 4.1445343e+01]
2024-10-09 18:45:55,595 INFO =====> Num. aborted data so far: 0
2024-10-09 18:45:55,956 INFO ===> New TaichiEnv created.
2024-10-09 18:45:55,956 INFO ===> Specifications: horizon = 311, dt = 0.01, n_substeps = 20, dt_sub = 0.0005
2024-10-09 18:45:55,979 DEBUG loaded <trimesh.Trimesh(vertices.shape=(916, 3), faces.shape=(856, 3))> using `load_obj` in 0.0030s
2024-10-09 18:45:56,122 DEBUG loaded <trimesh.Trimesh(vertices.shape=(48, 3), faces.shape=(28, 3))> using `load_obj` in 0.0007s
2024-10-09 18:46:45,855 INFO =====> Epoch: 116
2024-10-09 18:46:45,855 INFO =====> Loss info: {'particle_has_naninf': False, 'height_map_loss': 34.0620231628418, 'emd_loss': 32.539405822753906, 'total_loss': 32.539405822753906}
2024-10-09 18:46:45,856 INFO =====> Param: E: [791354.25], nu: [0.3628961], rho: [1692.6039], sand_angle: [24.593948]
2024-10-09 18:46:45,856 INFO =====> Grad: [4.8375041e-03 5.5797117e+04 1.2035339e+02 1.4708893e+03]
2024-10-09 18:46:45,856 INFO =====> Num. aborted data so far: 0
2024-10-09 18:46:46,234 INFO ===> New TaichiEnv created.
2024-10-09 18:46:46,234 INFO ===> Specifications: horizon = 311, dt = 0.01, n_substeps = 20, dt_sub = 0.0005
2024-10-09 18:46:46,257 DEBUG loaded <trimesh.Trimesh(vertices.shape=(916, 3), faces.shape=(856, 3))> using `load_obj` in 0.0030s
2024-10-09 18:46:46,406 DEBUG loaded <trimesh.Trimesh(vertices.shape=(48, 3), faces.shape=(28, 3))> using `load_obj` in 0.0008s
2024-10-09 18:47:36,774 INFO =====> Epoch: 117
2024-10-09 18:47:36,774 INFO =====> Loss info: {'particle_has_naninf': False, 'height_map_loss': 33.29770278930664, 'emd_loss': 32.031410217285156, 'total_loss': 32.031410217285156}
2024-10-09 18:47:36,775 INFO =====> Param: E: [796138.5], nu: [0.36798796], rho: [1793.2], sand_angle: [26.783941]
2024-10-09 18:47:36,775 INFO =====> Grad: [-8.1192050e-03 -5.2908988e+04 -7.7139374e+01 -1.4187585e+03]
2024-10-09 18:47:36,775 INFO =====> Num. aborted data so far: 0
2024-10-09 18:47:37,177 INFO ===> New TaichiEnv created.
2024-10-09 18:47:37,177 INFO ===> Specifications: horizon = 311, dt = 0.01, n_substeps = 20, dt_sub = 0.0005
2024-10-09 18:47:37,199 DEBUG loaded <trimesh.Trimesh(vertices.shape=(916, 3), faces.shape=(856, 3))> using `load_obj` in 0.0030s
2024-10-09 18:47:37,356 DEBUG loaded <trimesh.Trimesh(vertices.shape=(48, 3), faces.shape=(28, 3))> using `load_obj` in 0.0007s
2024-10-09 18:48:26,699 INFO =====> Epoch: 118
2024-10-09 18:48:26,699 INFO =====> Loss info: {'particle_has_naninf': False, 'height_map_loss': 33.9351692199707, 'emd_loss': 32.466407775878906, 'total_loss': 32.466407775878906}
2024-10-09 18:48:26,699 INFO =====> Param: E: [800621.06], nu: [0.36755997], rho: [1845.5778], sand_angle: [27.041687]
2024-10-09 18:48:26,699 INFO =====> Grad: [-7.3061720e-03  3.7249788e+03 -3.5078564e+01 -1.4005209e+02]
2024-10-09 18:48:26,699 INFO =====> Num. aborted data so far: 0
2024-10-09 18:48:27,061 INFO ===> New TaichiEnv created.
2024-10-09 18:48:27,061 INFO ===> Specifications: horizon = 311, dt = 0.01, n_substeps = 20, dt_sub = 0.0005
2024-10-09 18:48:27,083 DEBUG loaded <trimesh.Trimesh(vertices.shape=(916, 3), faces.shape=(856, 3))> using `load_obj` in 0.0028s
2024-10-09 18:48:27,229 DEBUG loaded <trimesh.Trimesh(vertices.shape=(48, 3), faces.shape=(28, 3))> using `load_obj` in 0.0007s
2024-10-09 18:49:17,342 INFO =====> Epoch: 119
2024-10-09 18:49:17,342 INFO =====> Loss info: {'particle_has_naninf': False, 'height_map_loss': 34.06869888305664, 'emd_loss': 32.54597473144531, 'total_loss': 32.54597473144531}
2024-10-09 18:49:17,342 INFO =====> Param: E: [805343.56], nu: [0.37432596], rho: [1943.4421], sand_angle: [29.031683]
2024-10-09 18:49:17,342 INFO =====> Grad: [-7.5250990e-03 -7.3390266e+04 -6.4956413e+01 -1.0790089e+03]
2024-10-09 18:49:17,342 INFO =====> Num. aborted data so far: 0
2024-10-09 18:49:17,694 INFO ===> New TaichiEnv created.
2024-10-09 18:49:17,695 INFO ===> Specifications: horizon = 311, dt = 0.01, n_substeps = 20, dt_sub = 0.0005
2024-10-09 18:49:17,717 DEBUG loaded <trimesh.Trimesh(vertices.shape=(916, 3), faces.shape=(856, 3))> using `load_obj` in 0.0029s
2024-10-09 18:49:17,864 DEBUG loaded <trimesh.Trimesh(vertices.shape=(48, 3), faces.shape=(28, 3))> using `load_obj` in 0.0007s
2024-10-09 18:50:08,983 INFO =====> Epoch: 120
2024-10-09 18:50:08,983 INFO =====> Loss info: {'particle_has_naninf': False, 'height_map_loss': 34.69969940185547, 'emd_loss': 33.011940002441406, 'total_loss': 33.011940002441406}
2024-10-09 18:50:08,983 INFO =====> Param: E: [805714.9], nu: [0.36884877], rho: [1896.4736], sand_angle: [28.049767]
2024-10-09 18:50:08,983 INFO =====> Grad: [-4.9545331e-04  6.2132949e+04  2.6991173e+01  4.6248209e+02]
2024-10-09 18:50:08,983 INFO =====> Num. aborted data so far: 0
2024-10-09 18:50:09,429 INFO ===> New TaichiEnv created.
2024-10-09 18:50:09,429 INFO ===> Specifications: horizon = 311, dt = 0.01, n_substeps = 20, dt_sub = 0.0005
2024-10-09 18:50:09,459 DEBUG loaded <trimesh.Trimesh(vertices.shape=(916, 3), faces.shape=(856, 3))> using `load_obj` in 0.0040s
2024-10-09 18:50:09,652 DEBUG loaded <trimesh.Trimesh(vertices.shape=(48, 3), faces.shape=(28, 3))> using `load_obj` in 0.0009s
2024-10-09 18:51:00,420 INFO =====> Epoch: 121
2024-10-09 18:51:00,420 INFO =====> Loss info: {'particle_has_naninf': False, 'height_map_loss': 34.37765884399414, 'emd_loss': 32.66681671142578, 'total_loss': 32.66681671142578}
2024-10-09 18:51:00,420 INFO =====> Param: E: [810475.25], nu: [0.36866695], rho: [1923.7039], sand_angle: [27.446953]
2024-10-09 18:51:00,420 INFO =====> Grad: [-6.2280735e-03  1.7260363e+03 -1.3240350e+01  2.4085347e+02]
2024-10-09 18:51:00,420 INFO =====> Num. aborted data so far: 0
2024-10-09 18:51:00,801 INFO ===> New TaichiEnv created.
2024-10-09 18:51:00,801 INFO ===> Specifications: horizon = 311, dt = 0.01, n_substeps = 20, dt_sub = 0.0005
2024-10-09 18:51:00,824 DEBUG loaded <trimesh.Trimesh(vertices.shape=(916, 3), faces.shape=(856, 3))> using `load_obj` in 0.0030s
2024-10-09 18:51:00,976 DEBUG loaded <trimesh.Trimesh(vertices.shape=(48, 3), faces.shape=(28, 3))> using `load_obj` in 0.0007s
2024-10-09 18:51:50,560 INFO =====> Epoch: 122
2024-10-09 18:51:50,560 INFO =====> Loss info: {'particle_has_naninf': False, 'height_map_loss': 34.16721725463867, 'emd_loss': 32.54702377319336, 'total_loss': 32.54702377319336}
2024-10-09 18:51:50,560 INFO =====> Param: E: [814799.56], nu: [0.3761856], rho: [2040.4589], sand_angle: [30.404955]
2024-10-09 18:51:50,560 INFO =====> Grad: [-5.3747455e-03 -1.0529424e+05 -6.1782036e+01 -1.6864962e+03]
2024-10-09 18:51:50,560 INFO =====> Num. aborted data so far: 0
2024-10-09 18:51:50,922 INFO ===> New TaichiEnv created.
2024-10-09 18:51:50,923 INFO ===> Specifications: horizon = 311, dt = 0.01, n_substeps = 20, dt_sub = 0.0005
2024-10-09 18:51:50,944 DEBUG loaded <trimesh.Trimesh(vertices.shape=(916, 3), faces.shape=(856, 3))> using `load_obj` in 0.0028s
2024-10-09 18:51:51,087 DEBUG loaded <trimesh.Trimesh(vertices.shape=(48, 3), faces.shape=(28, 3))> using `load_obj` in 0.0007s
2024-10-09 18:52:42,035 INFO =====> Epoch: 123
2024-10-09 18:52:42,036 INFO =====> Loss info: {'particle_has_naninf': False, 'height_map_loss': 35.055633544921875, 'emd_loss': 33.101280212402344, 'total_loss': 33.101280212402344}
2024-10-09 18:52:42,037 INFO =====> Param: E: [811688.3], nu: [0.37490734], rho: [1967.3964], sand_angle: [28.554163]
2024-10-09 18:52:42,037 INFO =====> Grad: [3.4414197e-03 1.5126266e+04 3.5296169e+01 1.0241699e+03]
2024-10-09 18:52:42,037 INFO =====> Num. aborted data so far: 0
2024-10-09 18:52:42,394 INFO ===> New TaichiEnv created.
2024-10-09 18:52:42,394 INFO ===> Specifications: horizon = 311, dt = 0.01, n_substeps = 20, dt_sub = 0.0005
2024-10-09 18:52:42,416 DEBUG loaded <trimesh.Trimesh(vertices.shape=(916, 3), faces.shape=(856, 3))> using `load_obj` in 0.0028s
2024-10-09 18:52:42,561 DEBUG loaded <trimesh.Trimesh(vertices.shape=(48, 3), faces.shape=(28, 3))> using `load_obj` in 0.0007s
2024-10-09 18:53:32,157 INFO =====> Epoch: 124
2024-10-09 18:53:32,157 INFO =====> Loss info: {'particle_has_naninf': False, 'height_map_loss': 34.612693786621094, 'emd_loss': 32.849308013916016, 'total_loss': 32.849308013916016}
2024-10-09 18:53:32,157 INFO =====> Param: E: [816632.8], nu: [0.37070245], rho: [1870.6943], sand_angle: [26.828411]
2024-10-09 18:53:32,157 INFO =====> Grad: [-5.4435264e-03  4.6903461e+04  4.6080185e+01  9.0663794e+02]
2024-10-09 18:53:32,157 INFO =====> Num. aborted data so far: 0
2024-10-09 18:53:32,579 INFO ===> New TaichiEnv created.
2024-10-09 18:53:32,579 INFO ===> Specifications: horizon = 311, dt = 0.01, n_substeps = 20, dt_sub = 0.0005
2024-10-09 18:53:32,608 DEBUG loaded <trimesh.Trimesh(vertices.shape=(916, 3), faces.shape=(856, 3))> using `load_obj` in 0.0039s
2024-10-09 18:53:32,806 DEBUG loaded <trimesh.Trimesh(vertices.shape=(48, 3), faces.shape=(28, 3))> using `load_obj` in 0.0008s
2024-10-09 18:54:22,908 INFO =====> Epoch: 125
2024-10-09 18:54:22,908 INFO =====> Loss info: {'particle_has_naninf': False, 'height_map_loss': 33.96211242675781, 'emd_loss': 32.47793197631836, 'total_loss': 32.47793197631836}
2024-10-09 18:54:22,908 INFO =====> Param: E: [822363.3], nu: [0.37128466], rho: [1934.9856], sand_angle: [27.678986]
2024-10-09 18:54:22,908 INFO =====> Grad: [-6.7809001e-03 -5.4446426e+03 -2.7385908e+01 -3.8444257e+02]
2024-10-09 18:54:22,908 INFO =====> Num. aborted data so far: 0
2024-10-09 18:54:23,272 INFO ===> New TaichiEnv created.
2024-10-09 18:54:23,272 INFO ===> Specifications: horizon = 311, dt = 0.01, n_substeps = 20, dt_sub = 0.0005
2024-10-09 18:54:23,294 DEBUG loaded <trimesh.Trimesh(vertices.shape=(916, 3), faces.shape=(856, 3))> using `load_obj` in 0.0029s
2024-10-09 18:54:23,441 DEBUG loaded <trimesh.Trimesh(vertices.shape=(48, 3), faces.shape=(28, 3))> using `load_obj` in 0.0007s
2024-10-09 18:55:12,916 INFO =====> Epoch: 126
2024-10-09 18:55:12,917 INFO =====> Loss info: {'particle_has_naninf': False, 'height_map_loss': 34.23012924194336, 'emd_loss': 32.5971794128418, 'total_loss': 32.5971794128418}
2024-10-09 18:55:12,917 INFO =====> Param: E: [826633.6], nu: [0.37269142], rho: [1924.7095], sand_angle: [28.675913]
2024-10-09 18:55:12,917 INFO =====> Grad: [-4.7833174e-03 -1.1139644e+04  3.6681206e+00 -3.9187915e+02]
2024-10-09 18:55:12,917 INFO =====> Num. aborted data so far: 0
2024-10-09 18:55:13,267 INFO ===> New TaichiEnv created.
2024-10-09 18:55:13,267 INFO ===> Specifications: horizon = 311, dt = 0.01, n_substeps = 20, dt_sub = 0.0005
2024-10-09 18:55:13,290 DEBUG loaded <trimesh.Trimesh(vertices.shape=(916, 3), faces.shape=(856, 3))> using `load_obj` in 0.0028s
2024-10-09 18:55:13,431 DEBUG loaded <trimesh.Trimesh(vertices.shape=(48, 3), faces.shape=(28, 3))> using `load_obj` in 0.0007s
2024-10-09 18:56:02,696 INFO =====> Epoch: 127
2024-10-09 18:56:02,696 INFO =====> Loss info: {'particle_has_naninf': False, 'height_map_loss': 34.62289047241211, 'emd_loss': 32.85945129394531, 'total_loss': 32.85945129394531}
2024-10-09 18:56:02,696 INFO =====> Param: E: [822314.3], nu: [0.37576392], rho: [1916.2834], sand_angle: [28.247341]
2024-10-09 18:56:02,696 INFO =====> Grad: [ 4.5948662e-03 -2.1617111e+04  2.5191014e+00  1.4193005e+02]
2024-10-09 18:56:02,696 INFO =====> Num. aborted data so far: 0
2024-10-09 18:56:03,056 INFO ===> New TaichiEnv created.
2024-10-09 18:56:03,056 INFO ===> Specifications: horizon = 311, dt = 0.01, n_substeps = 20, dt_sub = 0.0005
2024-10-09 18:56:03,079 DEBUG loaded <trimesh.Trimesh(vertices.shape=(916, 3), faces.shape=(856, 3))> using `load_obj` in 0.0029s
2024-10-09 18:56:03,228 DEBUG loaded <trimesh.Trimesh(vertices.shape=(48, 3), faces.shape=(28, 3))> using `load_obj` in 0.0007s
2024-10-09 18:56:53,632 INFO =====> Epoch: 128
2024-10-09 18:56:53,632 INFO =====> Loss info: {'particle_has_naninf': False, 'height_map_loss': 34.465145111083984, 'emd_loss': 32.69410705566406, 'total_loss': 32.69410705566406}
2024-10-09 18:56:53,632 INFO =====> Param: E: [817040.1], nu: [0.37771687], rho: [2025.4025], sand_angle: [30.043465]
2024-10-09 18:56:53,632 INFO =====> Grad: [ 5.7512233e-03 -1.1768414e+04 -3.4043972e+01 -5.7159424e+02]
2024-10-09 18:56:53,632 INFO =====> Num. aborted data so far: 0
2024-10-09 18:56:54,075 INFO ===> New TaichiEnv created.
2024-10-09 18:56:54,075 INFO ===> Specifications: horizon = 311, dt = 0.01, n_substeps = 20, dt_sub = 0.0005
2024-10-09 18:56:54,105 DEBUG loaded <trimesh.Trimesh(vertices.shape=(916, 3), faces.shape=(856, 3))> using `load_obj` in 0.0039s
2024-10-09 18:56:54,282 DEBUG loaded <trimesh.Trimesh(vertices.shape=(48, 3), faces.shape=(28, 3))> using `load_obj` in 0.0007s
2024-10-09 18:57:44,575 INFO =====> Epoch: 129
2024-10-09 18:57:44,575 INFO =====> Loss info: {'particle_has_naninf': False, 'height_map_loss': 34.88242721557617, 'emd_loss': 33.0597038269043, 'total_loss': 33.0597038269043}
2024-10-09 18:57:44,575 INFO =====> Param: E: [812028.75], nu: [0.3691003], rho: [1873.1074], sand_angle: [26.767889]
2024-10-09 18:57:44,575 INFO =====> Grad: [5.4699625e-03 1.3154648e+05 7.2078323e+01 1.9735221e+03]
2024-10-09 18:57:44,575 INFO =====> Num. aborted data so far: 0
2024-10-09 18:57:44,944 INFO ===> New TaichiEnv created.
2024-10-09 18:57:44,944 INFO ===> Specifications: horizon = 311, dt = 0.01, n_substeps = 20, dt_sub = 0.0005
2024-10-09 18:57:44,967 DEBUG loaded <trimesh.Trimesh(vertices.shape=(916, 3), faces.shape=(856, 3))> using `load_obj` in 0.0030s
2024-10-09 18:57:45,122 DEBUG loaded <trimesh.Trimesh(vertices.shape=(48, 3), faces.shape=(28, 3))> using `load_obj` in 0.0007s
2024-10-09 18:58:35,133 INFO =====> Epoch: 130
2024-10-09 18:58:35,133 INFO =====> Loss info: {'particle_has_naninf': False, 'height_map_loss': 33.95783996582031, 'emd_loss': 32.442588806152344, 'total_loss': 32.442588806152344}
2024-10-09 18:58:35,135 INFO =====> Param: E: [808029.5], nu: [0.37090376], rho: [1963.4917], sand_angle: [28.933708]
2024-10-09 18:58:35,135 INFO =====> Grad: [ 4.0628752e-03 -2.3498771e+04 -4.1191757e+01 -1.3560442e+03]
2024-10-09 18:58:35,135 INFO =====> Num. aborted data so far: 0
2024-10-09 18:58:35,493 INFO ===> New TaichiEnv created.
2024-10-09 18:58:35,493 INFO ===> Specifications: horizon = 311, dt = 0.01, n_substeps = 20, dt_sub = 0.0005
2024-10-09 18:58:35,515 DEBUG loaded <trimesh.Trimesh(vertices.shape=(916, 3), faces.shape=(856, 3))> using `load_obj` in 0.0029s
2024-10-09 18:58:35,666 DEBUG loaded <trimesh.Trimesh(vertices.shape=(48, 3), faces.shape=(28, 3))> using `load_obj` in 0.0007s
2024-10-09 18:59:25,565 INFO =====> Epoch: 131
2024-10-09 18:59:25,565 INFO =====> Loss info: {'particle_has_naninf': False, 'height_map_loss': 34.649837493896484, 'emd_loss': 32.850250244140625, 'total_loss': 32.850250244140625}
2024-10-09 18:59:25,565 INFO =====> Param: E: [802641.06], nu: [0.3717357], rho: [1854.6011], sand_angle: [27.685822]
2024-10-09 18:59:25,565 INFO =====> Grad: [ 5.673904e-03 -9.107336e+03  5.172704e+01  6.955755e+02]
2024-10-09 18:59:25,565 INFO =====> Num. aborted data so far: 0
2024-10-09 18:59:25,938 INFO ===> New TaichiEnv created.
2024-10-09 18:59:25,938 INFO ===> Specifications: horizon = 311, dt = 0.01, n_substeps = 20, dt_sub = 0.0005
2024-10-09 18:59:25,961 DEBUG loaded <trimesh.Trimesh(vertices.shape=(916, 3), faces.shape=(856, 3))> using `load_obj` in 0.0030s
2024-10-09 18:59:26,112 DEBUG loaded <trimesh.Trimesh(vertices.shape=(48, 3), faces.shape=(28, 3))> using `load_obj` in 0.0007s
2024-10-09 19:00:16,528 INFO =====> Epoch: 132
2024-10-09 19:00:16,528 INFO =====> Loss info: {'particle_has_naninf': False, 'height_map_loss': 34.262569427490234, 'emd_loss': 32.597232818603516, 'total_loss': 32.597232818603516}
2024-10-09 19:00:16,529 INFO =====> Param: E: [807899.44], nu: [0.3728374], rho: [1909.1665], sand_angle: [28.440899]
2024-10-09 19:00:16,529 INFO =====> Grad: [-5.6672087e-03 -1.0164703e+04 -2.2725416e+01 -3.5991431e+02]
2024-10-09 19:00:16,529 INFO =====> Num. aborted data so far: 0
2024-10-09 19:00:16,903 INFO ===> New TaichiEnv created.
2024-10-09 19:00:16,903 INFO ===> Specifications: horizon = 311, dt = 0.01, n_substeps = 20, dt_sub = 0.0005
2024-10-09 19:00:16,926 DEBUG loaded <trimesh.Trimesh(vertices.shape=(916, 3), faces.shape=(856, 3))> using `load_obj` in 0.0030s
2024-10-09 19:00:17,077 DEBUG loaded <trimesh.Trimesh(vertices.shape=(48, 3), faces.shape=(28, 3))> using `load_obj` in 0.0007s
2024-10-09 19:01:06,652 INFO =====> Epoch: 133
2024-10-09 19:01:06,652 INFO =====> Loss info: {'particle_has_naninf': False, 'height_map_loss': 34.525238037109375, 'emd_loss': 32.77330017089844, 'total_loss': 32.77330017089844}
2024-10-09 19:01:06,652 INFO =====> Param: E: [804497.06], nu: [0.37094212], rho: [1842.408], sand_angle: [27.489952]
2024-10-09 19:01:06,652 INFO =====> Grad: [3.3061674e-03 1.4956198e+04 2.4992844e+01 3.9279282e+02]
2024-10-09 19:01:06,652 INFO =====> Num. aborted data so far: 0
2024-10-09 19:01:07,007 INFO ===> New TaichiEnv created.
2024-10-09 19:01:07,007 INFO ===> Specifications: horizon = 311, dt = 0.01, n_substeps = 20, dt_sub = 0.0005
2024-10-09 19:01:07,029 DEBUG loaded <trimesh.Trimesh(vertices.shape=(916, 3), faces.shape=(856, 3))> using `load_obj` in 0.0028s
2024-10-09 19:01:07,170 DEBUG loaded <trimesh.Trimesh(vertices.shape=(48, 3), faces.shape=(28, 3))> using `load_obj` in 0.0007s
2024-10-09 19:01:58,213 INFO =====> Epoch: 134
2024-10-09 19:01:58,213 INFO =====> Loss info: {'particle_has_naninf': False, 'height_map_loss': 34.188743591308594, 'emd_loss': 32.574337005615234, 'total_loss': 32.574337005615234}
2024-10-09 19:01:58,213 INFO =====> Param: E: [797775.94], nu: [0.36506414], rho: [1699.326], sand_angle: [26.031656]
2024-10-09 19:01:58,213 INFO =====> Grad: [8.0749290e-03 5.0722648e+04 7.2151619e+01 5.4970886e+02]
2024-10-09 19:01:58,213 INFO =====> Num. aborted data so far: 0
2024-10-09 19:01:58,569 INFO ===> New TaichiEnv created.
2024-10-09 19:01:58,569 INFO ===> Specifications: horizon = 311, dt = 0.01, n_substeps = 20, dt_sub = 0.0005
2024-10-09 19:01:58,592 DEBUG loaded <trimesh.Trimesh(vertices.shape=(916, 3), faces.shape=(856, 3))> using `load_obj` in 0.0029s
2024-10-09 19:01:58,740 DEBUG loaded <trimesh.Trimesh(vertices.shape=(48, 3), faces.shape=(28, 3))> using `load_obj` in 0.0007s
2024-10-09 19:02:48,416 INFO =====> Epoch: 135
2024-10-09 19:02:48,416 INFO =====> Loss info: {'particle_has_naninf': False, 'height_map_loss': 33.78958511352539, 'emd_loss': 32.35702896118164, 'total_loss': 32.35702896118164}
2024-10-09 19:02:48,416 INFO =====> Param: E: [803773.5], nu: [0.37154132], rho: [1736.3562], sand_angle: [28.914312]
2024-10-09 19:02:48,417 INFO =====> Grad: [-7.9968143e-03 -6.6363086e+04 -1.5954687e+01 -1.4811178e+03]
2024-10-09 19:02:48,417 INFO =====> Num. aborted data so far: 0
2024-10-09 19:02:48,794 INFO ===> New TaichiEnv created.
2024-10-09 19:02:48,794 INFO ===> Specifications: horizon = 311, dt = 0.01, n_substeps = 20, dt_sub = 0.0005
2024-10-09 19:02:48,817 DEBUG loaded <trimesh.Trimesh(vertices.shape=(916, 3), faces.shape=(856, 3))> using `load_obj` in 0.0029s
2024-10-09 19:02:48,974 DEBUG loaded <trimesh.Trimesh(vertices.shape=(48, 3), faces.shape=(28, 3))> using `load_obj` in 0.0008s
2024-10-09 19:03:39,348 INFO =====> Epoch: 136
2024-10-09 19:03:39,348 INFO =====> Loss info: {'particle_has_naninf': False, 'height_map_loss': 34.65973663330078, 'emd_loss': 32.94475555419922, 'total_loss': 32.94475555419922}
2024-10-09 19:03:39,348 INFO =====> Param: E: [797854.6], nu: [0.36825663], rho: [1774.4266], sand_angle: [28.662651]
2024-10-09 19:03:39,349 INFO =====> Grad: [ 8.67294706e-03  3.01781543e+04 -1.40321026e+01  1.08441345e+02]
2024-10-09 19:03:39,349 INFO =====> Num. aborted data so far: 0
2024-10-09 19:03:39,706 INFO ===> New TaichiEnv created.
2024-10-09 19:03:39,706 INFO ===> Specifications: horizon = 311, dt = 0.01, n_substeps = 20, dt_sub = 0.0005
2024-10-09 19:03:39,731 DEBUG loaded <trimesh.Trimesh(vertices.shape=(916, 3), faces.shape=(856, 3))> using `load_obj` in 0.0029s
2024-10-09 19:03:39,874 DEBUG loaded <trimesh.Trimesh(vertices.shape=(48, 3), faces.shape=(28, 3))> using `load_obj` in 0.0007s
2024-10-09 19:04:32,184 INFO =====> Epoch: 137
2024-10-09 19:04:32,184 INFO =====> Loss info: {'particle_has_naninf': False, 'height_map_loss': 34.63407897949219, 'emd_loss': 32.77906036376953, 'total_loss': 32.77906036376953}
2024-10-09 19:04:32,184 INFO =====> Param: E: [796722.6], nu: [0.3673116], rho: [1723.4923], sand_angle: [26.726427]
2024-10-09 19:04:32,184 INFO =====> Grad: [1.3985571e-03 7.3034746e+03 1.6356426e+01 8.2332556e+02]
2024-10-09 19:04:32,184 INFO =====> Num. aborted data so far: 0
2024-10-09 19:04:32,570 INFO ===> New TaichiEnv created.
2024-10-09 19:04:32,570 INFO ===> Specifications: horizon = 311, dt = 0.01, n_substeps = 20, dt_sub = 0.0005
2024-10-09 19:04:32,594 DEBUG loaded <trimesh.Trimesh(vertices.shape=(916, 3), faces.shape=(856, 3))> using `load_obj` in 0.0030s
2024-10-09 19:04:32,746 DEBUG loaded <trimesh.Trimesh(vertices.shape=(48, 3), faces.shape=(28, 3))> using `load_obj` in 0.0008s
2024-10-09 19:05:21,955 INFO =====> Epoch: 138
2024-10-09 19:05:21,956 INFO =====> Loss info: {'particle_has_naninf': False, 'height_map_loss': 33.99113082885742, 'emd_loss': 32.42354965209961, 'total_loss': 32.42354965209961}
2024-10-09 19:05:21,956 INFO =====> Param: E: [801014.8], nu: [0.36869955], rho: [1581.3525], sand_angle: [28.400599]
2024-10-09 19:05:21,956 INFO =====> Grad: [-5.0271153e-03 -9.0801465e+03  6.0849304e+01 -6.7020880e+02]
2024-10-09 19:05:21,956 INFO =====> Num. aborted data so far: 0
2024-10-09 19:05:22,312 INFO ===> New TaichiEnv created.
2024-10-09 19:05:22,313 INFO ===> Specifications: horizon = 311, dt = 0.01, n_substeps = 20, dt_sub = 0.0005
2024-10-09 19:05:22,334 DEBUG loaded <trimesh.Trimesh(vertices.shape=(916, 3), faces.shape=(856, 3))> using `load_obj` in 0.0029s
2024-10-09 19:05:22,477 DEBUG loaded <trimesh.Trimesh(vertices.shape=(48, 3), faces.shape=(28, 3))> using `load_obj` in 0.0007s
2024-10-09 19:06:12,531 INFO =====> Epoch: 139
2024-10-09 19:06:12,531 INFO =====> Loss info: {'particle_has_naninf': False, 'height_map_loss': 34.550533294677734, 'emd_loss': 32.7392578125, 'total_loss': 32.7392578125}
2024-10-09 19:06:12,532 INFO =====> Param: E: [803488.9], nu: [0.366663], rho: [1630.7598], sand_angle: [30.396023]
2024-10-09 19:06:12,532 INFO =====> Grad: [-2.5186718e-03  1.1435148e+04 -1.8382065e+01 -7.9803302e+02]
2024-10-09 19:06:12,532 INFO =====> Num. aborted data so far: 0
2024-10-09 19:06:12,896 INFO ===> New TaichiEnv created.
2024-10-09 19:06:12,896 INFO ===> Specifications: horizon = 311, dt = 0.01, n_substeps = 20, dt_sub = 0.0005
2024-10-09 19:06:12,919 DEBUG loaded <trimesh.Trimesh(vertices.shape=(916, 3), faces.shape=(856, 3))> using `load_obj` in 0.0029s
2024-10-09 19:06:13,067 DEBUG loaded <trimesh.Trimesh(vertices.shape=(48, 3), faces.shape=(28, 3))> using `load_obj` in 0.0007s
2024-10-09 19:07:03,635 INFO =====> Epoch: 140
2024-10-09 19:07:03,635 INFO =====> Loss info: {'particle_has_naninf': False, 'height_map_loss': 35.06673812866211, 'emd_loss': 33.03573226928711, 'total_loss': 33.03573226928711}
2024-10-09 19:07:03,635 INFO =====> Param: E: [799121.], nu: [0.36687413], rho: [1637.0969], sand_angle: [27.39494]
2024-10-09 19:07:03,635 INFO =====> Grad: [ 4.2367405e-03 -9.9204108e+02 -1.9738247e+00  1.7627740e+03]
2024-10-09 19:07:03,635 INFO =====> Num. aborted data so far: 0
2024-10-09 19:07:04,059 INFO ===> New TaichiEnv created.
2024-10-09 19:07:04,059 INFO ===> Specifications: horizon = 311, dt = 0.01, n_substeps = 20, dt_sub = 0.0005
2024-10-09 19:07:04,089 DEBUG loaded <trimesh.Trimesh(vertices.shape=(916, 3), faces.shape=(856, 3))> using `load_obj` in 0.0039s
2024-10-09 19:07:04,257 DEBUG loaded <trimesh.Trimesh(vertices.shape=(48, 3), faces.shape=(28, 3))> using `load_obj` in 0.0007s
2024-10-09 19:07:53,730 INFO =====> Epoch: 141
2024-10-09 19:07:53,730 INFO =====> Loss info: {'particle_has_naninf': False, 'height_map_loss': 34.19997024536133, 'emd_loss': 32.50567626953125, 'total_loss': 32.50567626953125}
2024-10-09 19:07:53,731 INFO =====> Param: E: [795548.8], nu: [0.3604006], rho: [1489.1365], sand_angle: [26.75459]
2024-10-09 19:07:53,731 INFO =====> Grad: [3.1502016e-03 3.6097371e+04 6.5813660e+01 3.1964554e+02]
2024-10-09 19:07:53,731 INFO =====> Num. aborted data so far: 0
2024-10-09 19:07:54,094 INFO ===> New TaichiEnv created.
2024-10-09 19:07:54,094 INFO ===> Specifications: horizon = 311, dt = 0.01, n_substeps = 20, dt_sub = 0.0005
2024-10-09 19:07:54,116 DEBUG loaded <trimesh.Trimesh(vertices.shape=(916, 3), faces.shape=(856, 3))> using `load_obj` in 0.0029s
2024-10-09 19:07:54,265 DEBUG loaded <trimesh.Trimesh(vertices.shape=(48, 3), faces.shape=(28, 3))> using `load_obj` in 0.0007s
2024-10-09 19:08:43,410 INFO =====> Epoch: 142
2024-10-09 19:08:43,411 INFO =====> Loss info: {'particle_has_naninf': False, 'height_map_loss': 33.936126708984375, 'emd_loss': 32.40909194946289, 'total_loss': 32.40909194946289}
2024-10-09 19:08:43,411 INFO =====> Param: E: [802378.06], nu: [0.3636431], rho: [1512.1959], sand_angle: [25.49857]
2024-10-09 19:08:43,411 INFO =====> Grad: [-7.5933347e-03 -1.6182646e+04 -8.6508961e+00  5.5865076e+02]
2024-10-09 19:08:43,411 INFO =====> Num. aborted data so far: 0
2024-10-09 19:08:43,777 INFO ===> New TaichiEnv created.
2024-10-09 19:08:43,777 INFO ===> Specifications: horizon = 311, dt = 0.01, n_substeps = 20, dt_sub = 0.0005
2024-10-09 19:08:43,799 DEBUG loaded <trimesh.Trimesh(vertices.shape=(916, 3), faces.shape=(856, 3))> using `load_obj` in 0.0029s
2024-10-09 19:08:43,945 DEBUG loaded <trimesh.Trimesh(vertices.shape=(48, 3), faces.shape=(28, 3))> using `load_obj` in 0.0007s
2024-10-09 19:09:33,718 INFO =====> Epoch: 143
2024-10-09 19:09:33,718 INFO =====> Loss info: {'particle_has_naninf': False, 'height_map_loss': 33.54263687133789, 'emd_loss': 32.344181060791016, 'total_loss': 32.344181060791016}
2024-10-09 19:09:33,718 INFO =====> Param: E: [794452.4], nu: [0.35637206], rho: [1523.1625], sand_angle: [23.536947]
2024-10-09 19:09:33,718 INFO =====> Grad: [ 1.4859385e-02  5.0213711e+04 -3.4483666e+00  8.6546735e+02]
2024-10-09 19:09:33,718 INFO =====> Num. aborted data so far: 0
2024-10-09 19:09:34,078 INFO ===> New TaichiEnv created.
2024-10-09 19:09:34,078 INFO ===> Specifications: horizon = 311, dt = 0.01, n_substeps = 20, dt_sub = 0.0005
2024-10-09 19:09:34,100 DEBUG loaded <trimesh.Trimesh(vertices.shape=(916, 3), faces.shape=(856, 3))> using `load_obj` in 0.0030s
2024-10-09 19:09:34,249 DEBUG loaded <trimesh.Trimesh(vertices.shape=(48, 3), faces.shape=(28, 3))> using `load_obj` in 0.0007s
2024-10-09 19:10:24,400 INFO =====> Epoch: 144
2024-10-09 19:10:24,400 INFO =====> Loss info: {'particle_has_naninf': False, 'height_map_loss': 32.93134307861328, 'emd_loss': 31.895780563354492, 'total_loss': 31.895780563354492}
2024-10-09 19:10:24,400 INFO =====> Param: E: [798431.56], nu: [0.35569048], rho: [1360.073], sand_angle: [21.114517]
2024-10-09 19:10:24,400 INFO =====> Grad: [-6.9352747e-03  3.9491946e+03  9.5452255e+01  1.1950477e+03]
2024-10-09 19:10:24,401 INFO =====> Num. aborted data so far: 0
2024-10-09 19:10:24,758 INFO ===> New TaichiEnv created.
2024-10-09 19:10:24,758 INFO ===> Specifications: horizon = 311, dt = 0.01, n_substeps = 20, dt_sub = 0.0005
2024-10-09 19:10:24,780 DEBUG loaded <trimesh.Trimesh(vertices.shape=(916, 3), faces.shape=(856, 3))> using `load_obj` in 0.0029s
2024-10-09 19:10:24,926 DEBUG loaded <trimesh.Trimesh(vertices.shape=(48, 3), faces.shape=(28, 3))> using `load_obj` in 0.0007s
2024-10-09 19:11:15,376 INFO =====> Epoch: 145
2024-10-09 19:11:15,376 INFO =====> Loss info: {'particle_has_naninf': False, 'height_map_loss': 32.17530822753906, 'emd_loss': 31.431583404541016, 'total_loss': 31.431583404541016}
2024-10-09 19:11:15,376 INFO =====> Param: E: [798434.], nu: [0.35381594], rho: [1204.1166], sand_angle: [18.9431]
2024-10-09 19:11:15,376 INFO =====> Grad: [-3.5622852e-06  9.2850176e+03  1.4688158e+02  1.1147706e+03]
2024-10-09 19:11:15,376 INFO =====> Num. aborted data so far: 0
2024-10-09 19:11:15,738 INFO ===> New TaichiEnv created.
2024-10-09 19:11:15,738 INFO ===> Specifications: horizon = 311, dt = 0.01, n_substeps = 20, dt_sub = 0.0005
2024-10-09 19:11:15,761 DEBUG loaded <trimesh.Trimesh(vertices.shape=(916, 3), faces.shape=(856, 3))> using `load_obj` in 0.0029s
2024-10-09 19:11:15,904 DEBUG loaded <trimesh.Trimesh(vertices.shape=(48, 3), faces.shape=(28, 3))> using `load_obj` in 0.0007s
2024-10-09 19:12:06,346 INFO =====> Epoch: 146
2024-10-09 19:12:06,346 INFO =====> Loss info: {'particle_has_naninf': False, 'height_map_loss': 31.370412826538086, 'emd_loss': 30.892513275146484, 'total_loss': 30.892513275146484}
2024-10-09 19:12:06,347 INFO =====> Param: E: [797445.56], nu: [0.35135415], rho: [1200.], sand_angle: [18.475365]
2024-10-09 19:12:06,347 INFO =====> Grad: [1.2130316e-03 1.0594718e+04 8.3919388e+01 2.0257368e+02]
2024-10-09 19:12:06,347 INFO =====> Num. aborted data so far: 0
2024-10-09 19:12:06,715 INFO ===> New TaichiEnv created.
2024-10-09 19:12:06,715 INFO ===> Specifications: horizon = 311, dt = 0.01, n_substeps = 20, dt_sub = 0.0005
2024-10-09 19:12:06,745 DEBUG loaded <trimesh.Trimesh(vertices.shape=(916, 3), faces.shape=(856, 3))> using `load_obj` in 0.0039s
2024-10-09 19:12:06,936 DEBUG loaded <trimesh.Trimesh(vertices.shape=(48, 3), faces.shape=(28, 3))> using `load_obj` in 0.0008s
2024-10-09 19:12:57,390 INFO =====> Epoch: 147
2024-10-09 19:12:57,390 INFO =====> Loss info: {'particle_has_naninf': False, 'height_map_loss': 31.256465911865234, 'emd_loss': 30.805313110351562, 'total_loss': 30.805313110351562}
2024-10-09 19:12:57,390 INFO =====> Param: E: [791289.8], nu: [0.34388965], rho: [1200.], sand_angle: [16.716742]
2024-10-09 19:12:57,390 INFO =====> Grad: [8.5595846e-03 4.6690195e+04 9.3045975e+01 7.2713080e+02]
2024-10-09 19:12:57,390 INFO =====> Num. aborted data so far: 0
2024-10-09 19:12:57,747 INFO ===> New TaichiEnv created.
2024-10-09 19:12:57,747 INFO ===> Specifications: horizon = 311, dt = 0.01, n_substeps = 20, dt_sub = 0.0005
2024-10-09 19:12:57,773 DEBUG loaded <trimesh.Trimesh(vertices.shape=(916, 3), faces.shape=(856, 3))> using `load_obj` in 0.0029s
2024-10-09 19:12:57,921 DEBUG loaded <trimesh.Trimesh(vertices.shape=(48, 3), faces.shape=(28, 3))> using `load_obj` in 0.0007s
2024-10-09 19:13:47,714 INFO =====> Epoch: 148
2024-10-09 19:13:47,714 INFO =====> Loss info: {'particle_has_naninf': False, 'height_map_loss': 30.905384063720703, 'emd_loss': 30.642948150634766, 'total_loss': 30.642948150634766}
2024-10-09 19:13:47,715 INFO =====> Param: E: [796885.9], nu: [0.35025647], rho: [1250.3303], sand_angle: [19.019276]
2024-10-09 19:13:47,715 INFO =====> Grad: [-8.2402015e-03 -4.6494430e+04 -4.0203423e+01 -1.0262684e+03]
2024-10-09 19:13:47,715 INFO =====> Num. aborted data so far: 0
2024-10-09 19:13:48,093 INFO ===> New TaichiEnv created.
2024-10-09 19:13:48,094 INFO ===> Specifications: horizon = 311, dt = 0.01, n_substeps = 20, dt_sub = 0.0005
2024-10-09 19:13:48,116 DEBUG loaded <trimesh.Trimesh(vertices.shape=(916, 3), faces.shape=(856, 3))> using `load_obj` in 0.0030s
2024-10-09 19:13:48,261 DEBUG loaded <trimesh.Trimesh(vertices.shape=(48, 3), faces.shape=(28, 3))> using `load_obj` in 0.0007s
2024-10-09 19:14:38,160 INFO =====> Epoch: 149
2024-10-09 19:14:38,160 INFO =====> Loss info: {'particle_has_naninf': False, 'height_map_loss': 31.398876190185547, 'emd_loss': 30.877111434936523, 'total_loss': 30.877111434936523}
2024-10-09 19:14:38,160 INFO =====> Param: E: [798075.94], nu: [0.3532464], rho: [1395.2335], sand_angle: [20.123661]
2024-10-09 19:14:38,160 INFO =====> Grad: [-1.4787724e-03 -1.9334289e+04 -1.5918602e+02 -4.3207211e+02]
2024-10-09 19:14:38,160 INFO =====> Num. aborted data so far: 0
2024-10-09 19:14:38,163 INFO ====> Finished training.
2024-10-09 19:14:38,164 INFO ====> Final loss: 
2024-10-09 19:14:38,165 INFO ====> Final params: E [798075.94], nu [0.3532464], rho [1395.2335], sand_angle [20.123661]
2024-10-09 19:14:38,165 INFO ===> End grad computation at:, 2024-10-9 19:14:38
2024-10-09 19:14:38,165 INFO ===> Total time taken: 7585.903364658356 seconds
2024-10-09 19:14:38,165 INFO ===> Number of aborted data: 0
