2024-10-09 22:34:39,785 INFO ===> New TaichiEnv created.
2024-10-09 22:34:39,785 INFO ===> Specifications: horizon = 600, dt = 0.01, n_substeps = 20, dt_sub = 0.0005
2024-10-09 22:35:08,577 INFO =====> Epoch: 0
2024-10-09 22:35:08,577 INFO =====> EMD Loss: 27.53469467163086
2024-10-09 22:35:08,577 INFO =====> Height map loss: 28.27879524230957
2024-10-09 22:35:08,577 INFO =====> Insertion loss: 0.0
2024-10-09 22:35:08,577 INFO =====> Grad: [ 1.69900952e+03 -4.85764990e+03  2.68383214e-04  7.50061963e+03
 -1.14475486e-04]
2024-10-09 22:35:08,577 INFO =====> Skill params: [ 0.96837723  0.48162276  0.77891743 -0.03162277 -0.08872724]
2024-10-09 22:35:08,577 INFO =====> Num. aborted data so far: 0
2024-10-09 22:35:08,901 INFO ===> New TaichiEnv created.
2024-10-09 22:35:08,901 INFO ===> Specifications: horizon = 600, dt = 0.01, n_substeps = 20, dt_sub = 0.0005
2024-10-09 22:35:37,612 INFO =====> Epoch: 1
2024-10-09 22:35:37,612 INFO =====> EMD Loss: 28.054046630859375
2024-10-09 22:35:37,612 INFO =====> Height map loss: 29.598249435424805
2024-10-09 22:35:37,612 INFO =====> Insertion loss: 0.0
2024-10-09 22:35:37,612 INFO =====> Grad: [-3.0162014e+04  6.1764391e+04  1.1608175e-03 -3.4518465e+04
 -5.9578316e-03]
2024-10-09 22:35:37,612 INFO =====> Skill params: [ 9.9995494e-01  4.5008764e-01  7.4887913e-01 -6.5121427e-04
 -5.7145879e-02]
2024-10-09 22:35:37,612 INFO =====> Num. aborted data so far: 0
2024-10-09 22:35:37,920 INFO ===> New TaichiEnv created.
2024-10-09 22:35:37,920 INFO ===> Specifications: horizon = 600, dt = 0.01, n_substeps = 20, dt_sub = 0.0005
2024-10-09 22:36:06,254 INFO =====> Epoch: 2
2024-10-09 22:36:06,254 INFO =====> EMD Loss: 28.24070167541504
2024-10-09 22:36:06,254 INFO =====> Height map loss: 29.41345977783203
2024-10-09 22:36:06,254 INFO =====> Insertion loss: 0.0
2024-10-09 22:36:06,254 INFO =====> Grad: [-4.2392085e+03  2.6930339e+03  1.8143401e-05 -4.7777324e+03
 -1.4367737e-04]
2024-10-09 22:36:06,254 INFO =====> Skill params: [ 1.          0.44863978  0.7483843   0.00382203 -0.05634333]
2024-10-09 22:36:06,254 INFO =====> Num. aborted data so far: 0
2024-10-09 22:36:06,540 INFO ===> New TaichiEnv created.
2024-10-09 22:36:06,540 INFO ===> Specifications: horizon = 600, dt = 0.01, n_substeps = 20, dt_sub = 0.0005
2024-10-09 22:36:34,603 INFO =====> Epoch: 3
2024-10-09 22:36:34,603 INFO =====> EMD Loss: 28.26173973083496
2024-10-09 22:36:34,603 INFO =====> Height map loss: 29.381507873535156
2024-10-09 22:36:34,603 INFO =====> Insertion loss: 0.0
2024-10-09 22:36:34,603 INFO =====> Grad: [ 1.1891550e+04 -2.5033016e+04 -3.0341039e-03 -7.5502719e+04
  1.3057847e-03]
2024-10-09 22:36:34,603 INFO =====> Skill params: [ 0.98744136  0.46158335  0.7781134   0.03293192 -0.06381402]
2024-10-09 22:36:34,603 INFO =====> Num. aborted data so far: 0
2024-10-09 22:36:34,897 INFO ===> New TaichiEnv created.
2024-10-09 22:36:34,897 INFO ===> Specifications: horizon = 600, dt = 0.01, n_substeps = 20, dt_sub = 0.0005
2024-10-09 22:37:03,193 INFO =====> Epoch: 4
2024-10-09 22:37:03,193 INFO =====> EMD Loss: 28.14815902709961
2024-10-09 22:37:03,193 INFO =====> Height map loss: 29.444246292114258
2024-10-09 22:37:03,193 INFO =====> Insertion loss: 0.0
2024-10-09 22:37:03,193 INFO =====> Grad: [ 6.4596318e+03 -1.2851072e+04  1.5608565e-04 -5.3130991e+03
 -5.7744683e-04]
2024-10-09 22:37:03,193 INFO =====> Skill params: [ 0.98042935  0.46842182  0.7765034   0.03508616 -0.06035254]
2024-10-09 22:37:03,193 INFO =====> Num. aborted data so far: 0
2024-10-09 22:37:03,490 INFO ===> New TaichiEnv created.
2024-10-09 22:37:03,490 INFO ===> Specifications: horizon = 600, dt = 0.01, n_substeps = 20, dt_sub = 0.0005
2024-10-09 22:37:31,547 INFO =====> Epoch: 5
2024-10-09 22:37:31,547 INFO =====> EMD Loss: 27.98796272277832
2024-10-09 22:37:31,547 INFO =====> Height map loss: 29.605119705200195
2024-10-09 22:37:31,547 INFO =====> Insertion loss: 0.0
2024-10-09 22:37:31,547 INFO =====> Grad: [ 3.1829102e+04 -7.2332898e+04  1.8982604e-03  2.7961211e+04
 -1.1160966e-03]
2024-10-09 22:37:31,547 INFO =====> Skill params: [ 0.9565515   0.4933636   0.75921947  0.02390739 -0.05346933]
2024-10-09 22:37:31,547 INFO =====> Num. aborted data so far: 0
2024-10-09 22:37:31,847 INFO ===> New TaichiEnv created.
2024-10-09 22:37:31,847 INFO ===> Specifications: horizon = 600, dt = 0.01, n_substeps = 20, dt_sub = 0.0005
2024-10-09 22:38:00,660 INFO =====> Epoch: 6
2024-10-09 22:38:00,660 INFO =====> EMD Loss: 28.572433471679688
2024-10-09 22:38:00,660 INFO =====> Height map loss: 30.246767044067383
2024-10-09 22:38:00,660 INFO =====> Insertion loss: 0.0
2024-10-09 22:38:00,660 INFO =====> Grad: [-2.52622617e+04  1.04334336e+05  2.13614505e-04 -1.73085681e+03
  1.86543839e-04]
2024-10-09 22:38:00,661 INFO =====> Skill params: [ 0.97344047  0.4690768   0.75717354  0.02463662 -0.05468113]
2024-10-09 22:38:00,661 INFO =====> Num. aborted data so far: 0
2024-10-09 22:38:00,959 INFO ===> New TaichiEnv created.
2024-10-09 22:38:00,959 INFO ===> Specifications: horizon = 600, dt = 0.01, n_substeps = 20, dt_sub = 0.0005
2024-10-09 22:38:29,381 INFO =====> Epoch: 7
2024-10-09 22:38:29,381 INFO =====> EMD Loss: 28.327552795410156
2024-10-09 22:38:29,381 INFO =====> Height map loss: 29.920055389404297
2024-10-09 22:38:29,381 INFO =====> Insertion loss: 0.0
2024-10-09 22:38:29,381 INFO =====> Grad: [ 5.3500811e+03 -2.8813184e+03 -3.6676746e-04  1.3743182e+02
  4.4616163e-04]
2024-10-09 22:38:29,381 INFO =====> Skill params: [ 0.96969676  0.46978363  0.76085114  0.02457559 -0.05772203]
2024-10-09 22:38:29,382 INFO =====> Num. aborted data so far: 0
2024-10-09 22:38:29,695 INFO ===> New TaichiEnv created.
2024-10-09 22:38:29,696 INFO ===> Specifications: horizon = 600, dt = 0.01, n_substeps = 20, dt_sub = 0.0005
2024-10-09 22:38:58,092 INFO =====> Epoch: 8
2024-10-09 22:38:58,092 INFO =====> EMD Loss: 28.29634666442871
2024-10-09 22:38:58,092 INFO =====> Height map loss: 29.942121505737305
2024-10-09 22:38:58,092 INFO =====> Insertion loss: 0.0
2024-10-09 22:38:58,092 INFO =====> Grad: [ 6.7711310e+02 -7.9553979e+03  4.2962522e-05  6.4326772e+03
  8.0665521e-04]
2024-10-09 22:38:58,092 INFO =====> Skill params: [ 0.9691974   0.4718364   0.7603971   0.02157788 -0.0634224 ]
2024-10-09 22:38:58,092 INFO =====> Num. aborted data so far: 0
2024-10-09 22:38:58,397 INFO ===> New TaichiEnv created.
2024-10-09 22:38:58,397 INFO ===> Specifications: horizon = 600, dt = 0.01, n_substeps = 20, dt_sub = 0.0005
2024-10-09 22:39:26,326 INFO =====> Epoch: 9
2024-10-09 22:39:26,326 INFO =====> EMD Loss: 28.193269729614258
2024-10-09 22:39:26,326 INFO =====> Height map loss: 29.721288681030273
2024-10-09 22:39:26,326 INFO =====> Insertion loss: 0.0
2024-10-09 22:39:26,326 INFO =====> Grad: [ 8.90644453e+04 -1.09219203e+05  4.39603021e-03  1.77844359e+05
 -1.29492255e-02]
2024-10-09 22:39:26,326 INFO =====> Skill params: [ 0.94043267  0.49348786  0.7338315  -0.0081568  -0.0333733 ]
2024-10-09 22:39:26,326 INFO =====> Num. aborted data so far: 0
2024-10-09 22:39:26,634 INFO ===> New TaichiEnv created.
2024-10-09 22:39:26,634 INFO ===> Specifications: horizon = 600, dt = 0.01, n_substeps = 20, dt_sub = 0.0005
2024-10-09 22:39:55,310 INFO =====> Epoch: 10
2024-10-09 22:39:55,310 INFO =====> EMD Loss: 28.622529983520508
2024-10-09 22:39:55,310 INFO =====> Height map loss: 30.34819221496582
2024-10-09 22:39:55,310 INFO =====> Insertion loss: 0.0
2024-10-09 22:39:55,310 INFO =====> Grad: [-2.9917459e+02  2.3714496e+04 -2.9853533e-04  3.9688543e+04
 -6.3490588e-05]
2024-10-09 22:39:55,310 INFO =====> Skill params: [ 0.94053453  0.48859218  0.73572975 -0.01498639 -0.033218  ]
2024-10-09 22:39:55,310 INFO =====> Num. aborted data so far: 0
2024-10-09 22:39:55,621 INFO ===> New TaichiEnv created.
2024-10-09 22:39:55,621 INFO ===> Specifications: horizon = 600, dt = 0.01, n_substeps = 20, dt_sub = 0.0005
2024-10-09 22:40:25,061 INFO =====> Epoch: 11
2024-10-09 22:40:25,062 INFO =====> EMD Loss: 28.621013641357422
2024-10-09 22:40:25,062 INFO =====> Height map loss: 30.11989974975586
2024-10-09 22:40:25,062 INFO =====> Insertion loss: 0.0
2024-10-09 22:40:25,062 INFO =====> Grad: [-3.2112377e+04  1.5214008e+05  7.2205364e-04  3.5789281e+04
 -3.3681892e-04]
2024-10-09 22:40:25,062 INFO =====> Skill params: [ 0.95136154  0.46572474  0.73094594 -0.02134551 -0.03234989]
2024-10-09 22:40:25,062 INFO =====> Num. aborted data so far: 0
2024-10-09 22:40:25,372 INFO ===> New TaichiEnv created.
2024-10-09 22:40:25,372 INFO ===> Specifications: horizon = 600, dt = 0.01, n_substeps = 20, dt_sub = 0.0005
2024-10-09 22:40:54,348 INFO =====> Epoch: 12
2024-10-09 22:40:54,348 INFO =====> EMD Loss: 28.327842712402344
2024-10-09 22:40:54,348 INFO =====> Height map loss: 29.950952529907227
2024-10-09 22:40:54,348 INFO =====> Insertion loss: 0.0
2024-10-09 22:40:54,349 INFO =====> Grad: [-9.6919702e+02 -1.6806881e+03  2.2538332e-04  1.4658721e+03
  7.7192759e-04]
2024-10-09 22:40:54,349 INFO =====> Skill params: [ 0.951706    0.46599102  0.7293739  -0.02162005 -0.03444245]
2024-10-09 22:40:54,349 INFO =====> Num. aborted data so far: 0
2024-10-09 22:40:54,661 INFO ===> New TaichiEnv created.
2024-10-09 22:40:54,661 INFO ===> Specifications: horizon = 600, dt = 0.01, n_substeps = 20, dt_sub = 0.0005
2024-10-09 22:41:23,140 INFO =====> Epoch: 13
2024-10-09 22:41:23,140 INFO =====> EMD Loss: 28.327617645263672
2024-10-09 22:41:23,140 INFO =====> Height map loss: 29.95224952697754
2024-10-09 22:41:23,140 INFO =====> Insertion loss: 0.0
2024-10-09 22:41:23,140 INFO =====> Grad: [-7.4101069e+03  9.3508975e+03 -5.6643831e-04 -2.4198830e+04
 -2.8441222e-03]
2024-10-09 22:41:23,140 INFO =====> Skill params: [ 0.9544712   0.46443132  0.73350286 -0.01689638 -0.02657126]
2024-10-09 22:41:23,140 INFO =====> Num. aborted data so far: 0
2024-10-09 22:41:23,462 INFO ===> New TaichiEnv created.
2024-10-09 22:41:23,462 INFO ===> Specifications: horizon = 600, dt = 0.01, n_substeps = 20, dt_sub = 0.0005
2024-10-09 22:41:51,801 INFO =====> Epoch: 14
2024-10-09 22:41:51,801 INFO =====> EMD Loss: 28.334197998046875
2024-10-09 22:41:51,801 INFO =====> Height map loss: 29.817218780517578
2024-10-09 22:41:51,801 INFO =====> Insertion loss: 0.0
2024-10-09 22:41:51,801 INFO =====> Grad: [-3.7710837e+02  1.7354648e+04  7.9041347e-04  6.0477666e+03
  1.9318600e-03]
2024-10-09 22:41:51,801 INFO =====> Skill params: [ 0.9546195   0.46139413  0.7275386  -0.01813981 -0.03211952]
2024-10-09 22:41:51,801 INFO =====> Num. aborted data so far: 0
2024-10-09 22:41:52,128 INFO ===> New TaichiEnv created.
2024-10-09 22:41:52,128 INFO ===> Specifications: horizon = 600, dt = 0.01, n_substeps = 20, dt_sub = 0.0005
2024-10-09 22:42:20,193 INFO =====> Epoch: 15
2024-10-09 22:42:20,193 INFO =====> EMD Loss: 28.24883270263672
2024-10-09 22:42:20,193 INFO =====> Height map loss: 29.798381805419922
2024-10-09 22:42:20,193 INFO =====> Insertion loss: 0.0
2024-10-09 22:42:20,193 INFO =====> Grad: [-1.4080404e+04  7.9682250e+04 -7.6179433e-04 -1.6321766e+03
 -1.1446932e-04]
2024-10-09 22:42:20,193 INFO =====> Skill params: [ 0.9603606   0.4480646   0.7334896  -0.0177861  -0.03177301]
2024-10-09 22:42:20,193 INFO =====> Num. aborted data so far: 0
2024-10-09 22:42:20,518 INFO ===> New TaichiEnv created.
2024-10-09 22:42:20,518 INFO ===> Specifications: horizon = 600, dt = 0.01, n_substeps = 20, dt_sub = 0.0005
2024-10-09 22:42:48,684 INFO =====> Epoch: 16
2024-10-09 22:42:48,684 INFO =====> EMD Loss: 28.48801612854004
2024-10-09 22:42:48,684 INFO =====> Height map loss: 29.45176887512207
2024-10-09 22:42:48,684 INFO =====> Insertion loss: 0.0
2024-10-09 22:42:48,684 INFO =====> Grad: [ 1.5307577e+04 -2.8457941e+04  4.8806856e-04  1.3617676e+03
 -1.2247317e-03]
2024-10-09 22:42:48,684 INFO =====> Skill params: [ 0.9539195   0.45302063  0.7295027  -0.01809716 -0.02789452]
2024-10-09 22:42:48,684 INFO =====> Num. aborted data so far: 0
2024-10-09 22:42:49,003 INFO ===> New TaichiEnv created.
2024-10-09 22:42:49,003 INFO ===> Specifications: horizon = 600, dt = 0.01, n_substeps = 20, dt_sub = 0.0005
2024-10-09 22:43:17,200 INFO =====> Epoch: 17
2024-10-09 22:43:17,200 INFO =====> EMD Loss: 28.290138244628906
2024-10-09 22:43:17,200 INFO =====> Height map loss: 29.852474212646484
2024-10-09 22:43:17,200 INFO =====> Insertion loss: 0.0
2024-10-09 22:43:17,200 INFO =====> Grad: [ 2.8400830e+03 -3.9097593e+03 -4.2773027e-06  8.1284272e+03
 -9.9461363e-04]
2024-10-09 22:43:17,200 INFO =====> Skill params: [ 0.9526608   0.45373818  0.7295395  -0.02005057 -0.02459255]
2024-10-09 22:43:17,200 INFO =====> Num. aborted data so far: 0
2024-10-09 22:43:17,518 INFO ===> New TaichiEnv created.
2024-10-09 22:43:17,518 INFO ===> Specifications: horizon = 600, dt = 0.01, n_substeps = 20, dt_sub = 0.0005
2024-10-09 22:43:45,844 INFO =====> Epoch: 18
2024-10-09 22:43:45,844 INFO =====> EMD Loss: 28.29288101196289
2024-10-09 22:43:45,844 INFO =====> Height map loss: 29.814085006713867
2024-10-09 22:43:45,844 INFO =====> Insertion loss: 0.0
2024-10-09 22:43:45,844 INFO =====> Grad: [-3.7065515e+02  3.2514111e+03  4.7072244e-05  3.3160651e+02
  1.1318563e-03]
2024-10-09 22:43:45,844 INFO =====> Skill params: [ 0.95283395  0.4531093   0.7291123  -0.02013457 -0.0285227 ]
2024-10-09 22:43:45,844 INFO =====> Num. aborted data so far: 0
2024-10-09 22:43:46,164 INFO ===> New TaichiEnv created.
2024-10-09 22:43:46,164 INFO ===> Specifications: horizon = 600, dt = 0.01, n_substeps = 20, dt_sub = 0.0005
2024-10-09 22:44:14,305 INFO =====> Epoch: 19
2024-10-09 22:44:14,306 INFO =====> EMD Loss: 28.279367446899414
2024-10-09 22:44:14,306 INFO =====> Height map loss: 29.79323959350586
2024-10-09 22:44:14,306 INFO =====> Insertion loss: 0.0
2024-10-09 22:44:14,306 INFO =====> Grad: [-1.1945482e+03  2.1879434e+03 -6.9805697e-05  1.4712966e+04
  6.6595332e-04]
2024-10-09 22:44:14,306 INFO =====> Skill params: [ 0.95342207  0.45266327  0.72977996 -0.02403324 -0.03095297]
2024-10-09 22:44:14,306 INFO =====> Num. aborted data so far: 0
2024-10-09 22:44:14,622 INFO ===> New TaichiEnv created.
2024-10-09 22:44:14,622 INFO ===> Specifications: horizon = 600, dt = 0.01, n_substeps = 20, dt_sub = 0.0005
2024-10-09 22:44:42,290 INFO =====> Epoch: 20
2024-10-09 22:44:42,290 INFO =====> EMD Loss: 28.257774353027344
2024-10-09 22:44:42,290 INFO =====> Height map loss: 29.725704193115234
2024-10-09 22:44:42,290 INFO =====> Insertion loss: 0.0
2024-10-09 22:44:42,290 INFO =====> Grad: [-1.9595492e+04  4.8769914e+04  5.4103491e-04 -5.9140512e+04
 -1.4325643e-02]
2024-10-09 22:44:42,290 INFO =====> Skill params: [ 0.9631033   0.4427154   0.7244048  -0.00939167 -0.00352537]
2024-10-09 22:44:42,290 INFO =====> Num. aborted data so far: 0
2024-10-09 22:44:42,617 INFO ===> New TaichiEnv created.
2024-10-09 22:44:42,617 INFO ===> Specifications: horizon = 600, dt = 0.01, n_substeps = 20, dt_sub = 0.0005
2024-10-09 22:45:10,653 INFO =====> Epoch: 21
2024-10-09 22:45:10,654 INFO =====> EMD Loss: 28.371749877929688
2024-10-09 22:45:10,654 INFO =====> Height map loss: 29.82291030883789
2024-10-09 22:45:10,654 INFO =====> Insertion loss: 0.0
2024-10-09 22:45:10,654 INFO =====> Grad: [ 3.071118e+05 -7.560328e+05 -1.885230e-02  9.175761e+05  2.381518e-02]
2024-10-09 22:45:10,654 INFO =====> Skill params: [ 0.9320811   0.47375628  0.75562954 -0.04074225 -0.02994287]
2024-10-09 22:45:10,654 INFO =====> Num. aborted data so far: 0
2024-10-09 22:45:10,989 INFO ===> New TaichiEnv created.
2024-10-09 22:45:10,989 INFO ===> Specifications: horizon = 600, dt = 0.01, n_substeps = 20, dt_sub = 0.0005
2024-10-09 22:45:40,439 INFO =====> Epoch: 22
2024-10-09 22:45:40,440 INFO =====> EMD Loss: 28.510175704956055
2024-10-09 22:45:40,440 INFO =====> Height map loss: 30.26861572265625
2024-10-09 22:45:40,440 INFO =====> Insertion loss: 0.0
2024-10-09 22:45:40,440 INFO =====> Grad: [ 9.3616382e+02  1.8229636e+02  4.6383875e-04 -9.4037170e+02
  1.3692114e-04]
2024-10-09 22:45:40,440 INFO =====> Skill params: [ 0.93198144  0.4737484   0.75482    -0.04070838 -0.03010297]
2024-10-09 22:45:40,440 INFO =====> Num. aborted data so far: 0
2024-10-09 22:45:40,768 INFO ===> New TaichiEnv created.
2024-10-09 22:45:40,768 INFO ===> Specifications: horizon = 600, dt = 0.01, n_substeps = 20, dt_sub = 0.0005
2024-10-09 22:46:10,032 INFO =====> Epoch: 23
2024-10-09 22:46:10,032 INFO =====> EMD Loss: 28.475425720214844
2024-10-09 22:46:10,032 INFO =====> Height map loss: 30.28476905822754
2024-10-09 22:46:10,032 INFO =====> Insertion loss: 0.0
2024-10-09 22:46:10,032 INFO =====> Grad: [ 5.7008644e+01  8.7619004e+03 -1.2755491e-03 -2.8776399e+03
 -5.4150634e-04]
2024-10-09 22:46:10,032 INFO =====> Skill params: [ 0.93197507  0.4733487   0.7571602  -0.04059914 -0.02943571]
2024-10-09 22:46:10,032 INFO =====> Num. aborted data so far: 0
2024-10-09 22:46:10,360 INFO ===> New TaichiEnv created.
2024-10-09 22:46:10,360 INFO ===> Specifications: horizon = 600, dt = 0.01, n_substeps = 20, dt_sub = 0.0005
2024-10-09 22:46:39,209 INFO =====> Epoch: 24
2024-10-09 22:46:39,209 INFO =====> EMD Loss: 28.478065490722656
2024-10-09 22:46:39,209 INFO =====> Height map loss: 30.267276763916016
2024-10-09 22:46:39,209 INFO =====> Insertion loss: 0.0
2024-10-09 22:46:39,209 INFO =====> Grad: [ 2.0543764e+04 -8.2983828e+04 -6.9554825e-04  4.6648586e+04
 -1.4580534e-04]
2024-10-09 22:46:39,209 INFO =====> Skill params: [ 0.9295517   0.47730747  0.7585041  -0.0424626  -0.02924633]
2024-10-09 22:46:39,209 INFO =====> Num. aborted data so far: 0
2024-10-09 22:46:39,543 INFO ===> New TaichiEnv created.
2024-10-09 22:46:39,543 INFO ===> Specifications: horizon = 600, dt = 0.01, n_substeps = 20, dt_sub = 0.0005
2024-10-09 22:47:09,516 INFO =====> Epoch: 25
2024-10-09 22:47:09,516 INFO =====> EMD Loss: 28.459644317626953
2024-10-09 22:47:09,516 INFO =====> Height map loss: 30.4133243560791
2024-10-09 22:47:09,516 INFO =====> Insertion loss: 0.0
2024-10-09 22:47:09,516 INFO =====> Grad: [-3.1295897e+05  1.2731614e+06  2.4616841e-02 -6.5691953e+04
 -1.7330328e-04]
2024-10-09 22:47:09,516 INFO =====> Skill params: [ 0.9540928   0.4489548   0.7317572  -0.03970699 -0.02900906]
2024-10-09 22:47:09,516 INFO =====> Num. aborted data so far: 0
2024-10-09 22:47:09,840 INFO ===> New TaichiEnv created.
2024-10-09 22:47:09,840 INFO ===> Specifications: horizon = 600, dt = 0.01, n_substeps = 20, dt_sub = 0.0005
2024-10-09 22:47:37,832 INFO =====> Epoch: 26
2024-10-09 22:47:37,832 INFO =====> EMD Loss: 28.161144256591797
2024-10-09 22:47:37,832 INFO =====> Height map loss: 29.746339797973633
2024-10-09 22:47:37,832 INFO =====> Insertion loss: 0.0
2024-10-09 22:47:37,832 INFO =====> Grad: [ 1.1258130e+04 -6.0884180e+04  7.1175769e-04  6.6368695e+04
 -3.5890208e-03]
2024-10-09 22:47:37,832 INFO =====> Skill params: [ 0.9531626   0.45038253  0.7309423  -0.04262902 -0.0238977 ]
2024-10-09 22:47:37,832 INFO =====> Num. aborted data so far: 0
2024-10-09 22:47:38,158 INFO ===> New TaichiEnv created.
2024-10-09 22:47:38,158 INFO ===> Specifications: horizon = 600, dt = 0.01, n_substeps = 20, dt_sub = 0.0005
2024-10-09 22:48:06,277 INFO =====> Epoch: 27
2024-10-09 22:48:06,277 INFO =====> EMD Loss: 28.08473777770996
2024-10-09 22:48:06,277 INFO =====> Height map loss: 29.61236000061035
2024-10-09 22:48:06,277 INFO =====> Insertion loss: 0.0
2024-10-09 22:48:06,277 INFO =====> Grad: [ 3.6187366e+03 -2.7886682e+03  1.2981700e-05  7.3985342e+03
 -3.9421907e-04]
2024-10-09 22:48:06,277 INFO =====> Skill params: [ 0.9528475   0.45045146  0.73092663 -0.04297236 -0.023306  ]
2024-10-09 22:48:06,277 INFO =====> Num. aborted data so far: 0
2024-10-09 22:48:06,601 INFO ===> New TaichiEnv created.
2024-10-09 22:48:06,601 INFO ===> Specifications: horizon = 600, dt = 0.01, n_substeps = 20, dt_sub = 0.0005
2024-10-09 22:48:34,922 INFO =====> Epoch: 28
2024-10-09 22:48:34,922 INFO =====> EMD Loss: 28.106740951538086
2024-10-09 22:48:34,922 INFO =====> Height map loss: 29.59545135498047
2024-10-09 22:48:34,922 INFO =====> Insertion loss: 0.0
2024-10-09 22:48:34,923 INFO =====> Grad: [ 2.0175004e+04 -3.0871008e+04 -1.0813995e-03  4.7775225e+03
  3.4712839e-03]
2024-10-09 22:48:34,923 INFO =====> Skill params: [ 0.9509986   0.45125556  0.732301   -0.04320605 -0.02871702]
2024-10-09 22:48:34,923 INFO =====> Num. aborted data so far: 0
2024-10-09 22:48:35,255 INFO ===> New TaichiEnv created.
2024-10-09 22:48:35,255 INFO ===> Specifications: horizon = 600, dt = 0.01, n_substeps = 20, dt_sub = 0.0005
2024-10-09 22:49:03,755 INFO =====> Epoch: 29
2024-10-09 22:49:03,756 INFO =====> EMD Loss: 28.069751739501953
2024-10-09 22:49:03,756 INFO =====> Height map loss: 29.61212730407715
2024-10-09 22:49:03,756 INFO =====> Insertion loss: 0.0
2024-10-09 22:49:03,756 INFO =====> Grad: [ 3.0358315e+03 -7.3427988e+03 -1.8463009e-04 -1.2038979e+04
  5.0404284e-04]
2024-10-09 22:49:03,756 INFO =====> Skill params: [ 0.95070535  0.45145717  0.73254836 -0.04258543 -0.02954494]
2024-10-09 22:49:03,756 INFO =====> Num. aborted data so far: 0
2024-10-09 22:49:04,085 INFO ===> New TaichiEnv created.
2024-10-09 22:49:04,085 INFO ===> Specifications: horizon = 600, dt = 0.01, n_substeps = 20, dt_sub = 0.0005
2024-10-09 22:49:32,192 INFO =====> Epoch: 30
2024-10-09 22:49:32,192 INFO =====> EMD Loss: 28.0904541015625
2024-10-09 22:49:32,193 INFO =====> Height map loss: 29.64190673828125
2024-10-09 22:49:32,193 INFO =====> Insertion loss: 0.0
2024-10-09 22:49:32,193 INFO =====> Grad: [ 3.9054477e+02 -7.3429077e+02 -1.9462334e-04 -4.4969438e+03
 -2.9705680e-04]
2024-10-09 22:49:32,193 INFO =====> Skill params: [ 0.9506656   0.45147842  0.7328232  -0.04234108 -0.02903068]
2024-10-09 22:49:32,193 INFO =====> Num. aborted data so far: 0
2024-10-09 22:49:32,525 INFO ===> New TaichiEnv created.
2024-10-09 22:49:32,525 INFO ===> Specifications: horizon = 600, dt = 0.01, n_substeps = 20, dt_sub = 0.0005
2024-10-09 22:50:01,060 INFO =====> Epoch: 31
2024-10-09 22:50:01,060 INFO =====> EMD Loss: 28.074649810791016
2024-10-09 22:50:01,060 INFO =====> Height map loss: 29.654272079467773
2024-10-09 22:50:01,060 INFO =====> Insertion loss: 0.0
2024-10-09 22:50:01,060 INFO =====> Grad: [-1.8321790e+03  3.7706067e+03  4.7381734e-05  2.4563303e+04
 -3.9935354e-04]
2024-10-09 22:50:01,060 INFO =====> Skill params: [ 0.9508622   0.45136338  0.7327527  -0.0437466  -0.02830213]
2024-10-09 22:50:01,060 INFO =====> Num. aborted data so far: 0
2024-10-09 22:50:01,390 INFO ===> New TaichiEnv created.
2024-10-09 22:50:01,390 INFO ===> Specifications: horizon = 600, dt = 0.01, n_substeps = 20, dt_sub = 0.0005
2024-10-09 22:50:29,721 INFO =====> Epoch: 32
2024-10-09 22:50:29,721 INFO =====> EMD Loss: 28.083843231201172
2024-10-09 22:50:29,721 INFO =====> Height map loss: 29.594144821166992
2024-10-09 22:50:29,721 INFO =====> Insertion loss: 0.0
2024-10-09 22:50:29,721 INFO =====> Grad: [ 4.7397598e+04 -6.4412102e+04 -1.6830794e-03  5.6842293e+04
 -4.7643841e-03]
2024-10-09 22:50:29,721 INFO =====> Skill params: [ 0.9455756   0.4534302   0.73538417 -0.04715511 -0.01950206]
2024-10-09 22:50:29,721 INFO =====> Num. aborted data so far: 0
2024-10-09 22:50:30,058 INFO ===> New TaichiEnv created.
2024-10-09 22:50:30,058 INFO ===> Specifications: horizon = 600, dt = 0.01, n_substeps = 20, dt_sub = 0.0005
2024-10-09 22:50:58,949 INFO =====> Epoch: 33
2024-10-09 22:50:58,950 INFO =====> EMD Loss: 28.396493911743164
2024-10-09 22:50:58,950 INFO =====> Height map loss: 29.99509620666504
2024-10-09 22:50:58,950 INFO =====> Insertion loss: 0.0
2024-10-09 22:50:58,950 INFO =====> Grad: [-3.88940601e+03  1.18509795e+04 -3.15406069e-04 -2.21232300e+03
 -1.07737572e-03]
2024-10-09 22:50:58,950 INFO =====> Skill params: [ 0.9460328   0.4530294   0.7359039  -0.04701528 -0.01740904]
2024-10-09 22:50:58,950 INFO =====> Num. aborted data so far: 0
2024-10-09 22:50:59,288 INFO ===> New TaichiEnv created.
2024-10-09 22:50:59,288 INFO ===> Specifications: horizon = 600, dt = 0.01, n_substeps = 20, dt_sub = 0.0005
2024-10-09 22:51:27,752 INFO =====> Epoch: 34
2024-10-09 22:51:27,753 INFO =====> EMD Loss: 28.39845848083496
2024-10-09 22:51:27,753 INFO =====> Height map loss: 29.991718292236328
2024-10-09 22:51:27,753 INFO =====> Insertion loss: 0.0
2024-10-09 22:51:27,753 INFO =====> Grad: [-3.0887544e+03  6.4992871e+03  5.0079980e-05  1.2788548e+04
  5.0985931e-05]
2024-10-09 22:51:27,753 INFO =====> Skill params: [ 0.94641554  0.4527977   0.73581696 -0.04786702 -0.01751345]
2024-10-09 22:51:27,753 INFO =====> Num. aborted data so far: 0
2024-10-09 22:51:28,094 INFO ===> New TaichiEnv created.
2024-10-09 22:51:28,094 INFO ===> Specifications: horizon = 600, dt = 0.01, n_substeps = 20, dt_sub = 0.0005
2024-10-09 22:51:56,869 INFO =====> Epoch: 35
2024-10-09 22:51:56,869 INFO =====> EMD Loss: 28.416500091552734
2024-10-09 22:51:56,869 INFO =====> Height map loss: 29.982608795166016
2024-10-09 22:51:56,869 INFO =====> Insertion loss: 0.0
2024-10-09 22:51:56,869 INFO =====> Grad: [-4.8349180e+03  1.2553718e+04 -4.4585831e-06  3.5731614e+03
 -1.1211094e-04]
2024-10-09 22:51:56,869 INFO =====> Skill params: [ 0.94704694  0.45232603  0.7358251  -0.04811787 -0.01727146]
2024-10-09 22:51:56,869 INFO =====> Num. aborted data so far: 0
2024-10-09 22:51:57,205 INFO ===> New TaichiEnv created.
2024-10-09 22:51:57,205 INFO ===> Specifications: horizon = 600, dt = 0.01, n_substeps = 20, dt_sub = 0.0005
2024-10-09 22:52:25,343 INFO =====> Epoch: 36
2024-10-09 22:52:25,343 INFO =====> EMD Loss: 28.40889549255371
2024-10-09 22:52:25,343 INFO =====> Height map loss: 30.007518768310547
2024-10-09 22:52:25,343 INFO =====> Insertion loss: 0.0
2024-10-09 22:52:25,343 INFO =====> Grad: [ 2.80551636e+03 -4.83688867e+03 -1.18471624e-04  2.18890723e+03
  1.65772930e-04]
2024-10-09 22:52:25,343 INFO =====> Skill params: [ 0.9466608   0.4525176   0.73605376 -0.04827984 -0.01764861]
2024-10-09 22:52:25,343 INFO =====> Num. aborted data so far: 0
2024-10-09 22:52:25,678 INFO ===> New TaichiEnv created.
2024-10-09 22:52:25,678 INFO ===> Specifications: horizon = 600, dt = 0.01, n_substeps = 20, dt_sub = 0.0005
2024-10-09 22:52:53,651 INFO =====> Epoch: 37
2024-10-09 22:52:53,652 INFO =====> EMD Loss: 28.385583877563477
2024-10-09 22:52:53,652 INFO =====> Height map loss: 29.993438720703125
2024-10-09 22:52:53,652 INFO =====> Insertion loss: 0.0
2024-10-09 22:52:53,652 INFO =====> Grad: [-3.5677957e+03  8.7387598e+03 -6.5580738e-04  7.4851597e+03
 -5.2266597e-04]
2024-10-09 22:52:53,652 INFO =====> Skill params: [ 0.94717836  0.45215282  0.7373867  -0.0488636  -0.01639616]
2024-10-09 22:52:53,652 INFO =====> Num. aborted data so far: 0
2024-10-09 22:52:54,053 INFO ===> New TaichiEnv created.
2024-10-09 22:52:54,053 INFO ===> Specifications: horizon = 600, dt = 0.01, n_substeps = 20, dt_sub = 0.0005
2024-10-09 22:53:23,499 INFO =====> Epoch: 38
2024-10-09 22:53:23,499 INFO =====> EMD Loss: 28.35383415222168
2024-10-09 22:53:23,500 INFO =====> Height map loss: 29.981321334838867
2024-10-09 22:53:23,500 INFO =====> Insertion loss: 0.0
2024-10-09 22:53:23,500 INFO =====> Grad: [ 1.4505399e+03 -6.2049092e+03  5.7336624e-04 -2.0616936e+04
  1.3052047e-03]
2024-10-09 22:53:23,500 INFO =====> Skill params: [ 0.9469566   0.45242584  0.7361592  -0.04717117 -0.01967517]
2024-10-09 22:53:23,500 INFO =====> Num. aborted data so far: 0
2024-10-09 22:53:23,901 INFO ===> New TaichiEnv created.
2024-10-09 22:53:23,901 INFO ===> Specifications: horizon = 600, dt = 0.01, n_substeps = 20, dt_sub = 0.0005
2024-10-09 22:53:53,725 INFO =====> Epoch: 39
2024-10-09 22:53:53,725 INFO =====> EMD Loss: 28.45220184326172
2024-10-09 22:53:53,725 INFO =====> Height map loss: 29.991897583007812
2024-10-09 22:53:53,725 INFO =====> Insertion loss: 0.0
2024-10-09 22:53:53,725 INFO =====> Grad: [ 8.2884990e+03 -1.5168730e+04  2.1576445e-05 -2.2078189e+04
 -7.0963288e-06]
2024-10-09 22:53:53,725 INFO =====> Skill params: [ 0.94562185  0.4531292   0.7361105  -0.04526422 -0.01965638]
2024-10-09 22:53:53,725 INFO =====> Num. aborted data so far: 0
2024-10-09 22:53:54,128 INFO ===> New TaichiEnv created.
2024-10-09 22:53:54,128 INFO ===> Specifications: horizon = 600, dt = 0.01, n_substeps = 20, dt_sub = 0.0005
2024-10-09 22:54:23,191 INFO =====> Epoch: 40
2024-10-09 22:54:23,191 INFO =====> EMD Loss: 28.47541046142578
2024-10-09 22:54:23,191 INFO =====> Height map loss: 30.028287887573242
2024-10-09 22:54:23,191 INFO =====> Insertion loss: 0.0
2024-10-09 22:54:23,191 INFO =====> Grad: [ 3.1272258e+03 -2.4106194e+03 -1.6187350e-04  3.9032852e+04
 -3.8732047e-04]
2024-10-09 22:54:23,192 INFO =====> Skill params: [ 0.94509107  0.45324704  0.73649555 -0.04879572 -0.01857585]
2024-10-09 22:54:23,192 INFO =====> Num. aborted data so far: 0
2024-10-09 22:54:23,564 INFO ===> New TaichiEnv created.
2024-10-09 22:54:23,564 INFO ===> Specifications: horizon = 600, dt = 0.01, n_substeps = 20, dt_sub = 0.0005
2024-10-09 22:54:52,314 INFO =====> Epoch: 41
2024-10-09 22:54:52,314 INFO =====> EMD Loss: 28.439603805541992
2024-10-09 22:54:52,314 INFO =====> Height map loss: 29.96500587463379
2024-10-09 22:54:52,314 INFO =====> Insertion loss: 0.0
2024-10-09 22:54:52,315 INFO =====> Grad: [ 2.1112881e+05 -4.3990938e+05 -6.8358253e-03  1.6179775e+05
 -2.9986678e-02]
2024-10-09 22:54:52,315 INFO =====> Skill params: [ 0.9208441   0.4716688   0.75156355 -0.06266335  0.01119074]
2024-10-09 22:54:52,315 INFO =====> Num. aborted data so far: 0
2024-10-09 22:54:52,741 INFO ===> New TaichiEnv created.
2024-10-09 22:54:52,741 INFO ===> Specifications: horizon = 600, dt = 0.01, n_substeps = 20, dt_sub = 0.0005
2024-10-09 22:55:21,828 INFO =====> Epoch: 42
2024-10-09 22:55:21,828 INFO =====> EMD Loss: 28.954425811767578
2024-10-09 22:55:21,828 INFO =====> Height map loss: 30.928550720214844
2024-10-09 22:55:21,828 INFO =====> Insertion loss: 0.0
2024-10-09 22:55:21,828 INFO =====> Grad: [-8.2332275e+03  4.4362914e+04 -7.3455187e-05 -1.1661040e+04
 -4.9905595e-04]
2024-10-09 22:55:21,828 INFO =====> Skill params: [ 0.92184025  0.4697143   0.7517342  -0.06161041  0.01171286]
2024-10-09 22:55:21,828 INFO =====> Num. aborted data so far: 0
2024-10-09 22:55:22,248 INFO ===> New TaichiEnv created.
2024-10-09 22:55:22,249 INFO ===> Specifications: horizon = 600, dt = 0.01, n_substeps = 20, dt_sub = 0.0005
2024-10-09 22:55:51,340 INFO =====> Epoch: 43
2024-10-09 22:55:51,340 INFO =====> EMD Loss: 28.903533935546875
2024-10-09 22:55:51,340 INFO =====> Height map loss: 30.786022186279297
2024-10-09 22:55:51,340 INFO =====> Insertion loss: 0.0
2024-10-09 22:55:51,340 INFO =====> Grad: [-1.4184129e+04  6.6421852e+04 -6.2452420e-04 -2.5684506e+04
  1.8109657e-03]
2024-10-09 22:55:51,341 INFO =====> Skill params: [ 0.9236464   0.46664423  0.753262   -0.05917303  0.00971969]
2024-10-09 22:55:51,341 INFO =====> Num. aborted data so far: 0
2024-10-09 22:55:51,775 INFO ===> New TaichiEnv created.
2024-10-09 22:55:51,775 INFO ===> Specifications: horizon = 600, dt = 0.01, n_substeps = 20, dt_sub = 0.0005
2024-10-09 22:56:21,681 INFO =====> Epoch: 44
2024-10-09 22:56:21,681 INFO =====> EMD Loss: 28.631052017211914
2024-10-09 22:56:21,681 INFO =====> Height map loss: 30.39226722717285
2024-10-09 22:56:21,681 INFO =====> Insertion loss: 0.0
2024-10-09 22:56:21,681 INFO =====> Grad: [-9.2805166e+03  5.3032082e+04  5.9389707e-04  1.0393668e+04
 -2.1040712e-04]
2024-10-09 22:56:21,681 INFO =====> Skill params: [ 0.92489105  0.46406904  0.75173235 -0.06021215  0.00996379]
2024-10-09 22:56:21,681 INFO =====> Num. aborted data so far: 0
2024-10-09 22:56:22,050 INFO ===> New TaichiEnv created.
2024-10-09 22:56:22,050 INFO ===> Specifications: horizon = 600, dt = 0.01, n_substeps = 20, dt_sub = 0.0005
2024-10-09 22:56:51,019 INFO =====> Epoch: 45
2024-10-09 22:56:51,020 INFO =====> EMD Loss: 28.670032501220703
2024-10-09 22:56:51,020 INFO =====> Height map loss: 30.48720359802246
2024-10-09 22:56:51,020 INFO =====> Insertion loss: 0.0
2024-10-09 22:56:51,020 INFO =====> Grad: [ 3.8409546e+03 -1.0716284e+04 -4.9317558e-04  1.9441117e+04
  2.0858799e-05]
2024-10-09 22:56:51,020 INFO =====> Skill params: [ 0.9243481   0.4646175   0.75307006 -0.06225665  0.00993828]
2024-10-09 22:56:51,020 INFO =====> Num. aborted data so far: 0
2024-10-09 22:56:51,384 INFO ===> New TaichiEnv created.
2024-10-09 22:56:51,384 INFO ===> Specifications: horizon = 600, dt = 0.01, n_substeps = 20, dt_sub = 0.0005
2024-10-09 22:57:20,538 INFO =====> Epoch: 46
2024-10-09 22:57:20,538 INFO =====> EMD Loss: 28.770978927612305
2024-10-09 22:57:20,538 INFO =====> Height map loss: 30.574451446533203
2024-10-09 22:57:20,538 INFO =====> Insertion loss: 0.0
2024-10-09 22:57:20,538 INFO =====> Grad: [-1.5370237e+04  7.2191711e+04  1.5945209e-04 -1.8185312e+04
  7.2195817e-04]
2024-10-09 22:57:20,538 INFO =====> Skill params: [ 0.9266323   0.4607522   0.7526142  -0.06024485  0.00900807]
2024-10-09 22:57:20,539 INFO =====> Num. aborted data so far: 0
2024-10-09 22:57:20,920 INFO ===> New TaichiEnv created.
2024-10-09 22:57:20,921 INFO ===> Specifications: horizon = 600, dt = 0.01, n_substeps = 20, dt_sub = 0.0005
2024-10-09 22:57:49,800 INFO =====> Epoch: 47
2024-10-09 22:57:49,800 INFO =====> EMD Loss: 28.595458984375
2024-10-09 22:57:49,800 INFO =====> Height map loss: 30.314355850219727
2024-10-09 22:57:49,800 INFO =====> Insertion loss: 0.0
2024-10-09 22:57:49,800 INFO =====> Grad: [ 1.1738003e+05 -6.0095031e+05 -1.0838604e-03  1.6976284e+05
 -3.0751009e-02]
2024-10-09 22:57:49,800 INFO =====> Skill params: [ 0.91073686  0.48388132  0.7558632  -0.07702446  0.03421927]
2024-10-09 22:57:49,800 INFO =====> Num. aborted data so far: 0
2024-10-09 22:57:50,164 INFO ===> New TaichiEnv created.
2024-10-09 22:57:50,164 INFO ===> Specifications: horizon = 600, dt = 0.01, n_substeps = 20, dt_sub = 0.0005
2024-10-09 22:58:19,686 INFO =====> Epoch: 48
2024-10-09 22:58:19,686 INFO =====> EMD Loss: 29.25848388671875
2024-10-09 22:58:19,686 INFO =====> Height map loss: 31.290828704833984
2024-10-09 22:58:19,686 INFO =====> Insertion loss: 0.0
2024-10-09 22:58:19,686 INFO =====> Grad: [-1.7674014e+04  8.1067430e+04 -1.4423796e-04 -7.5656069e+03
 -3.4174829e-04]
2024-10-09 22:58:19,686 INFO =====> Skill params: [ 0.9132517   0.4806101   0.7563189  -0.07623646  0.0345146 ]
2024-10-09 22:58:19,686 INFO =====> Num. aborted data so far: 0
2024-10-09 22:58:20,052 INFO ===> New TaichiEnv created.
2024-10-09 22:58:20,052 INFO ===> Specifications: horizon = 600, dt = 0.01, n_substeps = 20, dt_sub = 0.0005
2024-10-09 22:58:49,625 INFO =====> Epoch: 49
2024-10-09 22:58:49,625 INFO =====> EMD Loss: 29.15642738342285
2024-10-09 22:58:49,625 INFO =====> Height map loss: 31.218265533447266
2024-10-09 22:58:49,625 INFO =====> Insertion loss: 0.0
2024-10-09 22:58:49,625 INFO =====> Grad: [-3.1120559e+03  4.3485581e+03 -2.1388868e-04 -3.3802555e+04
 -1.4964491e-05]
2024-10-09 22:58:49,625 INFO =====> Skill params: [ 0.9137184   0.48042515  0.7570311  -0.07255058  0.03452823]
2024-10-09 22:58:49,625 INFO =====> Num. aborted data so far: 0
2024-10-09 22:58:49,974 INFO ===> New TaichiEnv created.
2024-10-09 22:58:49,974 INFO ===> Specifications: horizon = 600, dt = 0.01, n_substeps = 20, dt_sub = 0.0005
2024-10-09 22:59:19,907 INFO =====> Epoch: 50
2024-10-09 22:59:19,907 INFO =====> EMD Loss: 29.1555233001709
2024-10-09 22:59:19,907 INFO =====> Height map loss: 31.05064582824707
2024-10-09 22:59:19,907 INFO =====> Insertion loss: 0.0
2024-10-09 22:59:19,907 INFO =====> Grad: [ 1.9430160e+03  8.4630400e+03  8.7413553e-04  1.0704036e+04
 -5.5274351e-05]
2024-10-09 22:59:19,907 INFO =====> Skill params: [ 0.91341126  0.48004574  0.75397754 -0.07377997  0.0345813 ]
2024-10-09 22:59:19,907 INFO =====> Num. aborted data so far: 0
2024-10-09 22:59:20,254 INFO ===> New TaichiEnv created.
2024-10-09 22:59:20,254 INFO ===> Specifications: horizon = 600, dt = 0.01, n_substeps = 20, dt_sub = 0.0005
2024-10-09 22:59:49,888 INFO =====> Epoch: 51
2024-10-09 22:59:49,888 INFO =====> EMD Loss: 29.189308166503906
2024-10-09 22:59:49,888 INFO =====> Height map loss: 31.143190383911133
2024-10-09 22:59:49,888 INFO =====> Insertion loss: 0.0
2024-10-09 22:59:49,888 INFO =====> Grad: [-4.4044916e+02 -1.1520050e+04 -2.0463683e-04 -1.7704361e+04
  4.6787047e-04]
2024-10-09 22:59:49,888 INFO =====> Skill params: [ 0.91348463  0.48059005  0.7547308  -0.07164149  0.03410782]
2024-10-09 22:59:49,888 INFO =====> Num. aborted data so far: 0
2024-10-09 22:59:50,228 INFO ===> New TaichiEnv created.
2024-10-09 22:59:50,228 INFO ===> Specifications: horizon = 600, dt = 0.01, n_substeps = 20, dt_sub = 0.0005
2024-10-09 23:00:19,874 INFO =====> Epoch: 52
2024-10-09 23:00:19,874 INFO =====> EMD Loss: 29.131168365478516
2024-10-09 23:00:19,874 INFO =====> Height map loss: 31.082733154296875
2024-10-09 23:00:19,874 INFO =====> Insertion loss: 0.0
2024-10-09 23:00:19,874 INFO =====> Grad: [-2.8491396e+03  1.1472980e+04  2.5305941e-05 -5.4644619e+03
  2.5376631e-04]
2024-10-09 23:00:19,874 INFO =====> Skill params: [ 0.913985    0.48001873  0.75463265 -0.07094591  0.03383712]
2024-10-09 23:00:19,874 INFO =====> Num. aborted data so far: 0
2024-10-09 23:00:20,213 INFO ===> New TaichiEnv created.
2024-10-09 23:00:20,213 INFO ===> Specifications: horizon = 600, dt = 0.01, n_substeps = 20, dt_sub = 0.0005
2024-10-09 23:00:50,002 INFO =====> Epoch: 53
2024-10-09 23:00:50,002 INFO =====> EMD Loss: 29.126684188842773
2024-10-09 23:00:50,002 INFO =====> Height map loss: 31.16515350341797
2024-10-09 23:00:50,002 INFO =====> Insertion loss: 0.0
2024-10-09 23:00:50,002 INFO =====> Grad: [ 9.4579600e+03 -4.2581480e+04  2.5479443e-05 -5.1026665e+03
  1.6254347e-03]
2024-10-09 23:00:50,003 INFO =====> Skill params: [ 0.91223687  0.4822483   0.75452846 -0.07026141  0.03201252]
2024-10-09 23:00:50,003 INFO =====> Num. aborted data so far: 0
2024-10-09 23:00:50,345 INFO ===> New TaichiEnv created.
2024-10-09 23:00:50,345 INFO ===> Specifications: horizon = 600, dt = 0.01, n_substeps = 20, dt_sub = 0.0005
2024-10-09 23:01:20,862 INFO =====> Epoch: 54
2024-10-09 23:01:20,862 INFO =====> EMD Loss: 29.284820556640625
2024-10-09 23:01:20,863 INFO =====> Height map loss: 31.22200584411621
2024-10-09 23:01:20,863 INFO =====> Insertion loss: 0.0
2024-10-09 23:01:20,863 INFO =====> Grad: [-8.7060596e+03  4.0185520e+04  4.3528969e-05 -7.2751636e+03
  1.5355153e-04]
2024-10-09 23:01:20,863 INFO =====> Skill params: [ 0.91393065  0.4800358   0.7543408  -0.06923323  0.03183084]
2024-10-09 23:01:20,863 INFO =====> Num. aborted data so far: 0
2024-10-09 23:01:21,206 INFO ===> New TaichiEnv created.
2024-10-09 23:01:21,206 INFO ===> Specifications: horizon = 600, dt = 0.01, n_substeps = 20, dt_sub = 0.0005
2024-10-09 23:01:50,880 INFO =====> Epoch: 55
2024-10-09 23:01:50,880 INFO =====> EMD Loss: 29.17502212524414
2024-10-09 23:01:50,880 INFO =====> Height map loss: 31.19672966003418
2024-10-09 23:01:50,880 INFO =====> Insertion loss: 0.0
2024-10-09 23:01:50,880 INFO =====> Grad: [-5.3901273e+04  3.0971244e+05 -7.9123332e-05 -1.1825021e+05
  1.3179908e-02]
2024-10-09 23:01:50,880 INFO =====> Skill params: [ 0.92436546  0.46440938  0.75470036 -0.053844    0.01724535]
2024-10-09 23:01:50,880 INFO =====> Num. aborted data so far: 0
2024-10-09 23:01:51,230 INFO ===> New TaichiEnv created.
2024-10-09 23:01:51,230 INFO ===> Specifications: horizon = 600, dt = 0.01, n_substeps = 20, dt_sub = 0.0005
2024-10-09 23:02:19,913 INFO =====> Epoch: 56
2024-10-09 23:02:19,913 INFO =====> EMD Loss: 28.733718872070312
2024-10-09 23:02:19,914 INFO =====> Height map loss: 30.49537467956543
2024-10-09 23:02:19,914 INFO =====> Insertion loss: 0.0
2024-10-09 23:02:19,914 INFO =====> Grad: [-6.3316914e+03  4.2752836e+04 -7.5262054e-05  8.0621838e+02
  1.0513176e-03]
2024-10-09 23:02:19,914 INFO =====> Skill params: [ 0.92565644  0.46214148  0.75506085 -0.0539546   0.0160199 ]
2024-10-09 23:02:19,914 INFO =====> Num. aborted data so far: 0
2024-10-09 23:02:20,259 INFO ===> New TaichiEnv created.
2024-10-09 23:02:20,259 INFO ===> Specifications: horizon = 600, dt = 0.01, n_substeps = 20, dt_sub = 0.0005
2024-10-09 23:02:50,249 INFO =====> Epoch: 57
2024-10-09 23:02:50,249 INFO =====> EMD Loss: 28.691831588745117
2024-10-09 23:02:50,249 INFO =====> Height map loss: 30.485706329345703
2024-10-09 23:02:50,249 INFO =====> Insertion loss: 0.0
2024-10-09 23:02:50,249 INFO =====> Grad: [-5.7347119e+03  2.4970898e+04  1.8489431e-04 -1.7949289e+04
  6.3203782e-04]
2024-10-09 23:02:50,249 INFO =====> Skill params: [ 0.92688805  0.46074656  0.7541278  -0.05136782  0.01524356]
2024-10-09 23:02:50,249 INFO =====> Num. aborted data so far: 0
2024-10-09 23:02:50,593 INFO ===> New TaichiEnv created.
2024-10-09 23:02:50,593 INFO ===> Specifications: horizon = 600, dt = 0.01, n_substeps = 20, dt_sub = 0.0005
2024-10-09 23:03:20,601 INFO =====> Epoch: 58
2024-10-09 23:03:20,601 INFO =====> EMD Loss: 28.533430099487305
2024-10-09 23:03:20,601 INFO =====> Height map loss: 30.287717819213867
2024-10-09 23:03:20,601 INFO =====> Insertion loss: 0.0
2024-10-09 23:03:20,601 INFO =====> Grad: [-7.1715894e+03  3.8712281e+04  5.5496424e-04  1.9513162e+03
  7.9767639e-04]
2024-10-09 23:03:20,601 INFO =====> Skill params: [ 0.9285094   0.45847294  0.75118846 -0.05166424  0.01421132]
2024-10-09 23:03:20,601 INFO =====> Num. aborted data so far: 0
2024-10-09 23:03:20,955 INFO ===> New TaichiEnv created.
2024-10-09 23:03:20,955 INFO ===> Specifications: horizon = 600, dt = 0.01, n_substeps = 20, dt_sub = 0.0005
2024-10-09 23:03:50,303 INFO =====> Epoch: 59
2024-10-09 23:03:50,303 INFO =====> EMD Loss: 28.475099563598633
2024-10-09 23:03:50,303 INFO =====> Height map loss: 30.247962951660156
2024-10-09 23:03:50,303 INFO =====> Insertion loss: 0.0
2024-10-09 23:03:50,303 INFO =====> Grad: [ 3.2068250e+03 -3.2513413e+03  2.2591540e-04  6.2837515e+03
  7.1719126e-03]
2024-10-09 23:03:50,303 INFO =====> Skill params: [ 0.9277454   0.45867422  0.7499282  -0.05266989  0.00486538]
2024-10-09 23:03:50,303 INFO =====> Num. aborted data so far: 0
2024-10-09 23:03:50,650 INFO ===> New TaichiEnv created.
2024-10-09 23:03:50,651 INFO ===> Specifications: horizon = 600, dt = 0.01, n_substeps = 20, dt_sub = 0.0005
2024-10-09 23:04:19,203 INFO =====> Epoch: 60
2024-10-09 23:04:19,203 INFO =====> EMD Loss: 28.515901565551758
2024-10-09 23:04:19,203 INFO =====> Height map loss: 30.226913452148438
2024-10-09 23:04:19,203 INFO =====> Insertion loss: 0.0
2024-10-09 23:04:19,203 INFO =====> Grad: [-2.5232262e+02  8.3484658e+03 -9.9408533e-04 -3.9195551e+02
  1.6320683e-04]
2024-10-09 23:04:19,203 INFO =====> Skill params: [ 0.92780876  0.45812953  0.7556763  -0.05260377  0.00464121]
2024-10-09 23:04:19,203 INFO =====> Num. aborted data so far: 0
2024-10-09 23:04:19,563 INFO ===> New TaichiEnv created.
2024-10-09 23:04:19,563 INFO ===> Specifications: horizon = 600, dt = 0.01, n_substeps = 20, dt_sub = 0.0005
2024-10-09 23:04:47,993 INFO =====> Epoch: 61
2024-10-09 23:04:47,993 INFO =====> EMD Loss: 28.469511032104492
2024-10-09 23:04:47,993 INFO =====> Height map loss: 30.257080078125
2024-10-09 23:04:47,993 INFO =====> Insertion loss: 0.0
2024-10-09 23:04:47,993 INFO =====> Grad: [-1.2594301e+04  6.6946422e+04  1.2769026e-04 -2.6584316e+04
  5.2975398e-04]
2024-10-09 23:04:47,994 INFO =====> Skill params: [ 0.9311242   0.45357332  0.75489825 -0.04792843  0.00387441]
2024-10-09 23:04:47,994 INFO =====> Num. aborted data so far: 0
2024-10-09 23:04:48,351 INFO ===> New TaichiEnv created.
2024-10-09 23:04:48,351 INFO ===> Specifications: horizon = 600, dt = 0.01, n_substeps = 20, dt_sub = 0.0005
2024-10-09 23:05:17,008 INFO =====> Epoch: 62
2024-10-09 23:05:17,008 INFO =====> EMD Loss: 28.511289596557617
2024-10-09 23:05:17,008 INFO =====> Height map loss: 30.263011932373047
2024-10-09 23:05:17,008 INFO =====> Insertion loss: 0.0
2024-10-09 23:05:17,008 INFO =====> Grad: [-7.04466309e+03  3.90894766e+04  1.13490340e-03 -1.84793828e+04
  1.08223874e-04]
2024-10-09 23:05:17,009 INFO =====> Skill params: [ 0.9330753   0.45078003  0.74779516 -0.04452262  0.00370929]
2024-10-09 23:05:17,009 INFO =====> Num. aborted data so far: 0
2024-10-09 23:05:17,369 INFO ===> New TaichiEnv created.
2024-10-09 23:05:17,369 INFO ===> Specifications: horizon = 600, dt = 0.01, n_substeps = 20, dt_sub = 0.0005
2024-10-09 23:05:45,699 INFO =====> Epoch: 63
2024-10-09 23:05:45,699 INFO =====> EMD Loss: 28.567768096923828
2024-10-09 23:05:45,699 INFO =====> Height map loss: 30.204017639160156
2024-10-09 23:05:45,699 INFO =====> Insertion loss: 0.0
2024-10-09 23:05:45,699 INFO =====> Grad: [-5.6156353e+03  3.4824766e+04 -1.5704762e-04  1.7565812e+04
 -3.1251555e-05]
2024-10-09 23:05:45,699 INFO =====> Skill params: [ 0.9347125   0.44816586  0.7488307  -0.04791548  0.00375955]
2024-10-09 23:05:45,699 INFO =====> Num. aborted data so far: 0
2024-10-09 23:05:46,074 INFO ===> New TaichiEnv created.
2024-10-09 23:05:46,074 INFO ===> Specifications: horizon = 600, dt = 0.01, n_substeps = 20, dt_sub = 0.0005
2024-10-09 23:06:14,730 INFO =====> Epoch: 64
2024-10-09 23:06:14,731 INFO =====> EMD Loss: 28.570117950439453
2024-10-09 23:06:14,731 INFO =====> Height map loss: 30.195175170898438
2024-10-09 23:06:14,731 INFO =====> Insertion loss: 0.0
2024-10-09 23:06:14,731 INFO =====> Grad: [-1.2253429e+03 -2.6907749e+03 -7.6885088e-05 -2.9807764e+04
 -3.9138460e-05]
2024-10-09 23:06:14,731 INFO =====> Skill params: [ 0.93508905  0.44837877  0.749365   -0.0419554   0.0038259 ]
2024-10-09 23:06:14,731 INFO =====> Num. aborted data so far: 0
2024-10-09 23:06:15,087 INFO ===> New TaichiEnv created.
2024-10-09 23:06:15,087 INFO ===> Specifications: horizon = 600, dt = 0.01, n_substeps = 20, dt_sub = 0.0005
2024-10-09 23:06:43,847 INFO =====> Epoch: 65
2024-10-09 23:06:43,847 INFO =====> EMD Loss: 28.433320999145508
2024-10-09 23:06:43,847 INFO =====> Height map loss: 30.16688346862793
2024-10-09 23:06:43,847 INFO =====> Insertion loss: 0.0
2024-10-09 23:06:43,847 INFO =====> Grad: [-8.8070078e+03  3.2869035e+04 -8.6648739e-05 -3.7097051e+04
  2.0521146e-04]
2024-10-09 23:06:43,847 INFO =====> Skill params: [ 0.9379303   0.44564757  0.7499996  -0.03436516  0.00345922]
2024-10-09 23:06:43,847 INFO =====> Num. aborted data so far: 0
2024-10-09 23:06:44,207 INFO ===> New TaichiEnv created.
2024-10-09 23:06:44,207 INFO ===> Specifications: horizon = 600, dt = 0.01, n_substeps = 20, dt_sub = 0.0005
2024-10-09 23:07:13,587 INFO =====> Epoch: 66
2024-10-09 23:07:13,587 INFO =====> EMD Loss: 28.467226028442383
2024-10-09 23:07:13,587 INFO =====> Height map loss: 30.06332778930664
2024-10-09 23:07:13,587 INFO =====> Insertion loss: 0.0
2024-10-09 23:07:13,587 INFO =====> Grad: [-1.0211242e+04  9.4033555e+04 -2.2402853e-03  3.4847609e+04
  4.0656989e-04]
2024-10-09 23:07:13,587 INFO =====> Skill params: [ 0.941382    0.43767726  0.7651735  -0.04167716  0.00269367]
2024-10-09 23:07:13,587 INFO =====> Num. aborted data so far: 0
2024-10-09 23:07:13,940 INFO ===> New TaichiEnv created.
2024-10-09 23:07:13,941 INFO ===> Specifications: horizon = 600, dt = 0.01, n_substeps = 20, dt_sub = 0.0005
2024-10-09 23:07:42,795 INFO =====> Epoch: 67
2024-10-09 23:07:42,795 INFO =====> EMD Loss: 28.444543838500977
2024-10-09 23:07:42,795 INFO =====> Height map loss: 29.918540954589844
2024-10-09 23:07:42,795 INFO =====> Insertion loss: 0.0
2024-10-09 23:07:42,795 INFO =====> Grad: [-2.2637046e+03  1.3468418e+04 -2.6117582e-04 -8.9745957e+03
  1.0168328e-03]
2024-10-09 23:07:42,795 INFO =====> Skill params: [ 9.4218832e-01  4.3647480e-01  7.6703495e-01 -3.9696079e-02
  6.7956839e-04]
2024-10-09 23:07:42,795 INFO =====> Num. aborted data so far: 0
2024-10-09 23:07:43,152 INFO ===> New TaichiEnv created.
2024-10-09 23:07:43,152 INFO ===> Specifications: horizon = 600, dt = 0.01, n_substeps = 20, dt_sub = 0.0005
2024-10-09 23:08:11,920 INFO =====> Epoch: 68
2024-10-09 23:08:11,921 INFO =====> EMD Loss: 28.53872299194336
2024-10-09 23:08:11,921 INFO =====> Height map loss: 29.973386764526367
2024-10-09 23:08:11,921 INFO =====> Insertion loss: 0.0
2024-10-09 23:08:11,921 INFO =====> Grad: [-1.6508957e+04  2.8846416e+04 -4.4599343e-03  7.6122812e+04
 -9.4562100e-04]
2024-10-09 23:08:11,921 INFO =====> Skill params: [ 0.94827116  0.43377     0.7900326  -0.05514961  0.0026501 ]
2024-10-09 23:08:11,921 INFO =====> Num. aborted data so far: 0
2024-10-09 23:08:12,275 INFO ===> New TaichiEnv created.
2024-10-09 23:08:12,275 INFO ===> Specifications: horizon = 600, dt = 0.01, n_substeps = 20, dt_sub = 0.0005
2024-10-09 23:08:40,846 INFO =====> Epoch: 69
2024-10-09 23:08:40,846 INFO =====> EMD Loss: 28.58376121520996
2024-10-09 23:08:40,846 INFO =====> Height map loss: 30.06844139099121
2024-10-09 23:08:40,846 INFO =====> Insertion loss: 0.0
2024-10-09 23:08:40,846 INFO =====> Grad: [ 3.9702563e+02  1.8504823e+03 -2.1928976e-05  7.9500029e+03
  2.3561614e-04]
2024-10-09 23:08:40,846 INFO =====> Skill params: [ 0.94811696  0.4335871   0.79015183 -0.05684837  0.00213262]
2024-10-09 23:08:40,846 INFO =====> Num. aborted data so far: 0
2024-10-09 23:08:41,208 INFO ===> New TaichiEnv created.
2024-10-09 23:08:41,208 INFO ===> Specifications: horizon = 600, dt = 0.01, n_substeps = 20, dt_sub = 0.0005
2024-10-09 23:09:09,901 INFO =====> Epoch: 70
2024-10-09 23:09:09,901 INFO =====> EMD Loss: 28.490652084350586
2024-10-09 23:09:09,901 INFO =====> Height map loss: 29.965576171875
2024-10-09 23:09:09,901 INFO =====> Insertion loss: 0.0
2024-10-09 23:09:09,901 INFO =====> Grad: [-8.9819958e+02 -2.3223484e+03 -6.5828650e-04 -1.1414829e+04
 -2.0925456e-04]
2024-10-09 23:09:09,901 INFO =====> Skill params: [ 0.94848466  0.43382904  0.79389685 -0.05428576  0.002617  ]
2024-10-09 23:09:09,901 INFO =====> Num. aborted data so far: 0
2024-10-09 23:09:10,265 INFO ===> New TaichiEnv created.
2024-10-09 23:09:10,265 INFO ===> Specifications: horizon = 600, dt = 0.01, n_substeps = 20, dt_sub = 0.0005
2024-10-09 23:09:38,332 INFO =====> Epoch: 71
2024-10-09 23:09:38,333 INFO =====> EMD Loss: 28.54049301147461
2024-10-09 23:09:38,333 INFO =====> Height map loss: 30.049345016479492
2024-10-09 23:09:38,333 INFO =====> Insertion loss: 0.0
2024-10-09 23:09:38,333 INFO =====> Grad: [ 6.4209503e+02  4.9127539e+03  2.3980021e-04 -2.1057881e+02
  9.5779914e-04]
2024-10-09 23:09:38,333 INFO =====> Skill params: [ 9.4820762e-01  4.3328962e-01  7.9246032e-01 -5.4235928e-02
  2.8631301e-04]
2024-10-09 23:09:38,333 INFO =====> Num. aborted data so far: 0
2024-10-09 23:09:38,693 INFO ===> New TaichiEnv created.
2024-10-09 23:09:38,693 INFO ===> Specifications: horizon = 600, dt = 0.01, n_substeps = 20, dt_sub = 0.0005
2024-10-09 23:10:06,812 INFO =====> Epoch: 72
2024-10-09 23:10:06,812 INFO =====> EMD Loss: 28.57094955444336
2024-10-09 23:10:06,812 INFO =====> Height map loss: 29.98521614074707
2024-10-09 23:10:06,812 INFO =====> Insertion loss: 0.0
2024-10-09 23:10:06,812 INFO =====> Grad: [-5.4898281e+03  3.8663348e+04 -3.0712195e-05  8.0442319e+03
 -1.0801718e-03]
2024-10-09 23:10:06,812 INFO =====> Skill params: [ 0.9506968   0.42885897  0.7926543  -0.05623847  0.00304639]
2024-10-09 23:10:06,812 INFO =====> Num. aborted data so far: 0
2024-10-09 23:10:07,184 INFO ===> New TaichiEnv created.
2024-10-09 23:10:07,184 INFO ===> Specifications: horizon = 600, dt = 0.01, n_substeps = 20, dt_sub = 0.0005
2024-10-09 23:10:35,640 INFO =====> Epoch: 73
2024-10-09 23:10:35,640 INFO =====> EMD Loss: 28.385698318481445
2024-10-09 23:10:35,640 INFO =====> Height map loss: 29.85400390625
2024-10-09 23:10:35,640 INFO =====> Insertion loss: 0.0
2024-10-09 23:10:35,640 INFO =====> Grad: [-2.6810708e+03  8.5213770e+03 -5.5605284e-05 -1.4883679e+04
  2.5662766e-03]
2024-10-09 23:10:35,640 INFO =====> Skill params: [ 0.9519772   0.4278302   0.79302436 -0.05236234 -0.00370629]
2024-10-09 23:10:35,640 INFO =====> Num. aborted data so far: 0
2024-10-09 23:10:36,006 INFO ===> New TaichiEnv created.
2024-10-09 23:10:36,006 INFO ===> Specifications: horizon = 600, dt = 0.01, n_substeps = 20, dt_sub = 0.0005
2024-10-09 23:11:04,328 INFO =====> Epoch: 74
2024-10-09 23:11:04,328 INFO =====> EMD Loss: 28.259374618530273
2024-10-09 23:11:04,328 INFO =====> Height map loss: 29.589948654174805
2024-10-09 23:11:04,328 INFO =====> Insertion loss: 0.0
2024-10-09 23:11:04,328 INFO =====> Grad: [-1.8635408e+04  3.1641307e+04  3.8737606e-04 -1.9309262e+04
  2.1190771e-03]
2024-10-09 23:11:04,328 INFO =====> Skill params: [ 0.96097064  0.42383572  0.79031664 -0.04713458 -0.00948489]
2024-10-09 23:11:04,328 INFO =====> Num. aborted data so far: 0
2024-10-09 23:11:04,697 INFO ===> New TaichiEnv created.
2024-10-09 23:11:04,697 INFO ===> Specifications: horizon = 600, dt = 0.01, n_substeps = 20, dt_sub = 0.0005
2024-10-09 23:11:32,822 INFO =====> Epoch: 75
2024-10-09 23:11:32,822 INFO =====> EMD Loss: 28.352886199951172
2024-10-09 23:11:32,822 INFO =====> Height map loss: 29.643550872802734
2024-10-09 23:11:32,822 INFO =====> Insertion loss: 0.0
2024-10-09 23:11:32,822 INFO =====> Grad: [-3.1845793e+03  7.9152227e+03 -2.0192731e-04 -1.7079732e+04
 -6.4922706e-04]
2024-10-09 23:11:32,822 INFO =====> Skill params: [ 0.96258855  0.42278302  0.7918028  -0.0423172  -0.00762196]
2024-10-09 23:11:32,822 INFO =====> Num. aborted data so far: 0
2024-10-09 23:11:33,183 INFO ===> New TaichiEnv created.
2024-10-09 23:11:33,183 INFO ===> Specifications: horizon = 600, dt = 0.01, n_substeps = 20, dt_sub = 0.0005
2024-10-09 23:12:01,507 INFO =====> Epoch: 76
2024-10-09 23:12:01,507 INFO =====> EMD Loss: 28.253177642822266
2024-10-09 23:12:01,507 INFO =====> Height map loss: 29.587690353393555
2024-10-09 23:12:01,507 INFO =====> Insertion loss: 0.0
2024-10-09 23:12:01,507 INFO =====> Grad: [-7.1601782e+02  1.7451763e+03 -5.9865160e-05  6.7993097e+02
 -6.1101018e-04]
2024-10-09 23:12:01,507 INFO =====> Skill params: [ 0.962972    0.42253837  0.7922672  -0.04251935 -0.005777  ]
2024-10-09 23:12:01,507 INFO =====> Num. aborted data so far: 0
2024-10-09 23:12:01,868 INFO ===> New TaichiEnv created.
2024-10-09 23:12:01,868 INFO ===> Specifications: horizon = 600, dt = 0.01, n_substeps = 20, dt_sub = 0.0005
2024-10-09 23:12:30,028 INFO =====> Epoch: 77
2024-10-09 23:12:30,029 INFO =====> EMD Loss: 28.19068717956543
2024-10-09 23:12:30,029 INFO =====> Height map loss: 29.56108283996582
2024-10-09 23:12:30,029 INFO =====> Insertion loss: 0.0
2024-10-09 23:12:30,029 INFO =====> Grad: [-1.2095612e+04  2.7508457e+04 -4.7317939e-05 -2.6162430e+04
 -7.0465851e-04]
2024-10-09 23:12:30,029 INFO =====> Skill params: [ 0.96964556  0.41850662  0.7926541  -0.03458285 -0.0035398 ]
2024-10-09 23:12:30,029 INFO =====> Num. aborted data so far: 0
2024-10-09 23:12:30,384 INFO ===> New TaichiEnv created.
2024-10-09 23:12:30,385 INFO ===> Specifications: horizon = 600, dt = 0.01, n_substeps = 20, dt_sub = 0.0005
2024-10-09 23:12:58,953 INFO =====> Epoch: 78
2024-10-09 23:12:58,953 INFO =====> EMD Loss: 28.263126373291016
2024-10-09 23:12:58,953 INFO =====> Height map loss: 29.544605255126953
2024-10-09 23:12:58,953 INFO =====> Insertion loss: 0.0
2024-10-09 23:12:58,953 INFO =====> Grad: [-2.2591499e+03  1.1060670e+03 -2.1958171e-05 -4.2153833e+03
 -1.9368802e-03]
2024-10-09 23:12:58,954 INFO =====> Skill params: [ 0.9709583   0.41833574  0.79284334 -0.03323615  0.00281017]
2024-10-09 23:12:58,954 INFO =====> Num. aborted data so far: 0
2024-10-09 23:12:59,317 INFO ===> New TaichiEnv created.
2024-10-09 23:12:59,318 INFO ===> Specifications: horizon = 600, dt = 0.01, n_substeps = 20, dt_sub = 0.0005
2024-10-09 23:13:27,668 INFO =====> Epoch: 79
2024-10-09 23:13:27,668 INFO =====> EMD Loss: 28.5135440826416
2024-10-09 23:13:27,668 INFO =====> Height map loss: 29.854063034057617
2024-10-09 23:13:27,668 INFO =====> Insertion loss: 0.0
2024-10-09 23:13:27,668 INFO =====> Grad: [ 6.6087242e+04 -8.6713297e+04 -1.5363848e-03  2.4973097e+05
 -6.0526881e-04]
2024-10-09 23:13:27,668 INFO =====> Skill params: [ 0.94603837  0.43122956  0.80561215 -0.06283551  0.00489729]
2024-10-09 23:13:27,668 INFO =====> Num. aborted data so far: 0
2024-10-09 23:13:28,024 INFO ===> New TaichiEnv created.
2024-10-09 23:13:28,025 INFO ===> Specifications: horizon = 600, dt = 0.01, n_substeps = 20, dt_sub = 0.0005
2024-10-09 23:13:56,362 INFO =====> Epoch: 80
2024-10-09 23:13:56,362 INFO =====> EMD Loss: 28.50400161743164
2024-10-09 23:13:56,362 INFO =====> Height map loss: 29.875268936157227
2024-10-09 23:13:56,362 INFO =====> Insertion loss: 0.0
2024-10-09 23:13:56,362 INFO =====> Grad: [ 1.6190226e+03 -2.6079553e+03  2.3594755e-05  1.3686494e+04
 -1.0719076e-04]
2024-10-09 23:13:56,362 INFO =====> Skill params: [ 0.945395    0.4316383   0.80540544 -0.06454296  0.00528688]
2024-10-09 23:13:56,362 INFO =====> Num. aborted data so far: 0
2024-10-09 23:13:56,725 INFO ===> New TaichiEnv created.
2024-10-09 23:13:56,726 INFO ===> Specifications: horizon = 600, dt = 0.01, n_substeps = 20, dt_sub = 0.0005
2024-10-09 23:14:25,232 INFO =====> Epoch: 81
2024-10-09 23:14:25,232 INFO =====> EMD Loss: 28.609760284423828
2024-10-09 23:14:25,232 INFO =====> Height map loss: 29.9631290435791
2024-10-09 23:14:25,232 INFO =====> Insertion loss: 0.0
2024-10-09 23:14:25,232 INFO =====> Grad: [ 3.5765317e+03 -2.3816242e+04  4.0165934e-05  1.6949679e+03
 -1.7314544e-05]
2024-10-09 23:14:25,232 INFO =====> Skill params: [ 0.9438985   0.4355427   0.8050346  -0.06476585  0.00535321]
2024-10-09 23:14:25,232 INFO =====> Num. aborted data so far: 0
2024-10-09 23:14:25,587 INFO ===> New TaichiEnv created.
2024-10-09 23:14:25,587 INFO ===> Specifications: horizon = 600, dt = 0.01, n_substeps = 20, dt_sub = 0.0005
2024-10-09 23:14:54,545 INFO =====> Epoch: 82
2024-10-09 23:14:54,545 INFO =====> EMD Loss: 28.400768280029297
2024-10-09 23:14:54,545 INFO =====> Height map loss: 29.94097137451172
2024-10-09 23:14:54,545 INFO =====> Insertion loss: 0.0
2024-10-09 23:14:54,545 INFO =====> Grad: [-3.0022990e+04  6.0671590e+04 -2.9012884e-04 -4.9508252e+03
 -8.3367064e-05]
2024-10-09 23:14:54,546 INFO =====> Skill params: [ 0.95611256  0.42559096  0.8078472  -0.06407976  0.00568986]
2024-10-09 23:14:54,546 INFO =====> Num. aborted data so far: 0
2024-10-09 23:14:54,911 INFO ===> New TaichiEnv created.
2024-10-09 23:14:54,911 INFO ===> Specifications: horizon = 600, dt = 0.01, n_substeps = 20, dt_sub = 0.0005
2024-10-09 23:15:23,460 INFO =====> Epoch: 83
2024-10-09 23:15:23,460 INFO =====> EMD Loss: 28.611783981323242
2024-10-09 23:15:23,461 INFO =====> Height map loss: 29.77813148498535
2024-10-09 23:15:23,461 INFO =====> Insertion loss: 0.0
2024-10-09 23:15:23,461 INFO =====> Grad: [-2.0563320e+03  1.1987467e+04  1.5546268e-04 -2.3384131e+04
  1.8540575e-04]
2024-10-09 23:15:23,461 INFO =====> Skill params: [ 0.95699406  0.42352277  0.8062606  -0.06068366  0.00490092]
2024-10-09 23:15:23,461 INFO =====> Num. aborted data so far: 0
2024-10-09 23:15:23,816 INFO ===> New TaichiEnv created.
2024-10-09 23:15:23,816 INFO ===> Specifications: horizon = 600, dt = 0.01, n_substeps = 20, dt_sub = 0.0005
2024-10-09 23:15:52,770 INFO =====> Epoch: 84
2024-10-09 23:15:52,770 INFO =====> EMD Loss: 28.491857528686523
2024-10-09 23:15:52,770 INFO =====> Height map loss: 29.740314483642578
2024-10-09 23:15:52,770 INFO =====> Insertion loss: 0.0
2024-10-09 23:15:52,770 INFO =====> Grad: [ 5.9175671e+02 -2.2567380e+03  3.1900898e-05 -3.8611719e+03
  8.8991590e-05]
2024-10-09 23:15:52,770 INFO =====> Skill params: [ 0.9567267   0.42393315  0.80591744 -0.06009267  0.00450179]
2024-10-09 23:15:52,770 INFO =====> Num. aborted data so far: 0
2024-10-09 23:15:53,124 INFO ===> New TaichiEnv created.
2024-10-09 23:15:53,124 INFO ===> Specifications: horizon = 600, dt = 0.01, n_substeps = 20, dt_sub = 0.0005
2024-10-09 23:16:21,433 INFO =====> Epoch: 85
2024-10-09 23:16:21,433 INFO =====> EMD Loss: 28.551027297973633
2024-10-09 23:16:21,433 INFO =====> Height map loss: 29.749744415283203
2024-10-09 23:16:21,433 INFO =====> Insertion loss: 0.0
2024-10-09 23:16:21,433 INFO =====> Grad: [ 1.3728554e+04 -2.9130100e+04 -3.9585505e-04  2.2006375e+04
  1.8916369e-03]
2024-10-09 23:16:21,433 INFO =====> Skill params: [ 0.9503235   0.42943183  0.81036156 -0.063621   -0.00410366]
2024-10-09 23:16:21,433 INFO =====> Num. aborted data so far: 0
2024-10-09 23:16:21,789 INFO ===> New TaichiEnv created.
2024-10-09 23:16:21,789 INFO ===> Specifications: horizon = 600, dt = 0.01, n_substeps = 20, dt_sub = 0.0005
2024-10-09 23:16:49,960 INFO =====> Epoch: 86
2024-10-09 23:16:49,961 INFO =====> EMD Loss: 28.30997657775879
2024-10-09 23:16:49,961 INFO =====> Height map loss: 29.54239845275879
2024-10-09 23:16:49,961 INFO =====> Insertion loss: 0.0
2024-10-09 23:16:49,961 INFO =====> Grad: [-1.7204592e+04  3.7290449e+04 -4.0179171e-04 -2.9142156e+04
  5.8245816e-04]
2024-10-09 23:16:49,961 INFO =====> Skill params: [ 0.9584947   0.42220822  0.8150635  -0.0587545  -0.00688589]
2024-10-09 23:16:49,961 INFO =====> Num. aborted data so far: 0
2024-10-09 23:16:50,322 INFO ===> New TaichiEnv created.
2024-10-09 23:16:50,323 INFO ===> Specifications: horizon = 600, dt = 0.01, n_substeps = 20, dt_sub = 0.0005
2024-10-09 23:17:18,762 INFO =====> Epoch: 87
2024-10-09 23:17:18,763 INFO =====> EMD Loss: 28.41991424560547
2024-10-09 23:17:18,763 INFO =====> Height map loss: 29.799400329589844
2024-10-09 23:17:18,763 INFO =====> Insertion loss: 0.0
2024-10-09 23:17:18,763 INFO =====> Grad: [ 3.6324204e+03 -9.0022100e+03 -8.9915971e-05  1.8724924e+04
 -7.6980235e-05]
2024-10-09 23:17:18,763 INFO =====> Skill params: [ 0.9566792   0.4240433   0.81617194 -0.06203279 -0.00649831]
2024-10-09 23:17:18,763 INFO =====> Num. aborted data so far: 0
2024-10-09 23:17:19,113 INFO ===> New TaichiEnv created.
2024-10-09 23:17:19,113 INFO ===> Specifications: horizon = 600, dt = 0.01, n_substeps = 20, dt_sub = 0.0005
2024-10-09 23:17:47,617 INFO =====> Epoch: 88
2024-10-09 23:17:47,618 INFO =====> EMD Loss: 28.38195037841797
2024-10-09 23:17:47,618 INFO =====> Height map loss: 29.56568145751953
2024-10-09 23:17:47,618 INFO =====> Insertion loss: 0.0
2024-10-09 23:17:47,618 INFO =====> Grad: [ 6.4189756e+03 -1.4065501e+04  3.3128235e-04 -2.0631455e+04
  1.8102373e-05]
2024-10-09 23:17:47,618 INFO =====> Skill params: [ 0.9533166   0.42705187  0.8119064  -0.05825263 -0.00659438]
2024-10-09 23:17:47,618 INFO =====> Num. aborted data so far: 0
2024-10-09 23:17:47,978 INFO ===> New TaichiEnv created.
2024-10-09 23:17:47,978 INFO ===> Specifications: horizon = 600, dt = 0.01, n_substeps = 20, dt_sub = 0.0005
2024-10-09 23:18:15,918 INFO =====> Epoch: 89
2024-10-09 23:18:15,918 INFO =====> EMD Loss: 28.308618545532227
2024-10-09 23:18:15,918 INFO =====> Height map loss: 29.50551986694336
2024-10-09 23:18:15,918 INFO =====> Insertion loss: 0.0
2024-10-09 23:18:15,918 INFO =====> Grad: [-1.6548090e+03  5.7845244e+03 -2.0692295e-03 -4.9259484e+04
  3.9074547e-04]
2024-10-09 23:18:15,918 INFO =====> Skill params: [ 0.95423     0.42574874  0.83290505 -0.0491423  -0.00877504]
2024-10-09 23:18:15,918 INFO =====> Num. aborted data so far: 0
2024-10-09 23:18:16,274 INFO ===> New TaichiEnv created.
2024-10-09 23:18:16,274 INFO ===> Specifications: horizon = 600, dt = 0.01, n_substeps = 20, dt_sub = 0.0005
2024-10-09 23:18:44,962 INFO =====> Epoch: 90
2024-10-09 23:18:44,962 INFO =====> EMD Loss: 28.403717041015625
2024-10-09 23:18:44,962 INFO =====> Height map loss: 29.694238662719727
2024-10-09 23:18:44,962 INFO =====> Insertion loss: 0.0
2024-10-09 23:18:44,962 INFO =====> Grad: [ 5.1165376e+03 -2.0879271e+04 -2.9225595e-04  9.5077920e+03
  1.9608054e-03]
2024-10-09 23:18:44,962 INFO =====> Skill params: [ 0.9512662   0.43064696  0.8360161  -0.05099267 -0.01961136]
2024-10-09 23:18:44,962 INFO =====> Num. aborted data so far: 0
2024-10-09 23:18:45,317 INFO ===> New TaichiEnv created.
2024-10-09 23:18:45,317 INFO ===> Specifications: horizon = 600, dt = 0.01, n_substeps = 20, dt_sub = 0.0005
2024-10-09 23:19:13,243 INFO =====> Epoch: 91
2024-10-09 23:19:13,244 INFO =====> EMD Loss: 28.224048614501953
2024-10-09 23:19:13,244 INFO =====> Height map loss: 29.64986228942871
2024-10-09 23:19:13,244 INFO =====> Insertion loss: 0.0
2024-10-09 23:19:13,244 INFO =====> Grad: [ 2.5100684e+03 -2.6005738e+04 -2.2708016e-04  1.6907016e+04
 -1.1011887e-03]
2024-10-09 23:19:13,244 INFO =====> Skill params: [ 0.9497354   0.43694884  0.83855593 -0.05444035 -0.01332454]
2024-10-09 23:19:13,244 INFO =====> Num. aborted data so far: 0
2024-10-09 23:19:13,600 INFO ===> New TaichiEnv created.
2024-10-09 23:19:13,600 INFO ===> Specifications: horizon = 600, dt = 0.01, n_substeps = 20, dt_sub = 0.0005
2024-10-09 23:19:42,089 INFO =====> Epoch: 92
2024-10-09 23:19:42,089 INFO =====> EMD Loss: 28.3330135345459
2024-10-09 23:19:42,089 INFO =====> Height map loss: 29.703153610229492
2024-10-09 23:19:42,089 INFO =====> Insertion loss: 0.0
2024-10-09 23:19:42,089 INFO =====> Grad: [-1.9226555e+05  2.5067723e+05 -9.8744351e-03 -2.8385656e+05
  3.6206286e-02]
2024-10-09 23:19:42,089 INFO =====> Skill params: [ 0.9803714   0.4085953   0.8690728  -0.02636432 -0.04461942]
2024-10-09 23:19:42,089 INFO =====> Num. aborted data so far: 0
2024-10-09 23:19:42,445 INFO ===> New TaichiEnv created.
2024-10-09 23:19:42,445 INFO ===> Specifications: horizon = 600, dt = 0.01, n_substeps = 20, dt_sub = 0.0005
2024-10-09 23:20:10,988 INFO =====> Epoch: 93
2024-10-09 23:20:10,988 INFO =====> EMD Loss: 28.25490379333496
2024-10-09 23:20:10,988 INFO =====> Height map loss: 29.67418670654297
2024-10-09 23:20:10,988 INFO =====> Insertion loss: 0.0
2024-10-09 23:20:10,989 INFO =====> Grad: [-7.2534136e+03  9.1339531e+03  3.4173834e-04 -2.8587432e+04
  5.2727628e-03]
2024-10-09 23:20:10,989 INFO =====> Skill params: [ 0.9815888   0.40750694  0.8679602  -0.02339696 -0.04936896]
2024-10-09 23:20:10,989 INFO =====> Num. aborted data so far: 0
2024-10-09 23:20:11,345 INFO ===> New TaichiEnv created.
2024-10-09 23:20:11,345 INFO ===> Specifications: horizon = 600, dt = 0.01, n_substeps = 20, dt_sub = 0.0005
2024-10-09 23:20:39,094 INFO =====> Epoch: 94
2024-10-09 23:20:39,094 INFO =====> EMD Loss: 28.290264129638672
2024-10-09 23:20:39,094 INFO =====> Height map loss: 29.56691551208496
2024-10-09 23:20:39,094 INFO =====> Insertion loss: 0.0
2024-10-09 23:20:39,095 INFO =====> Grad: [-7.6602734e+03  1.0849323e+04  5.9026270e-04 -1.4248160e+03
 -1.0472350e-05]
2024-10-09 23:20:39,095 INFO =====> Skill params: [ 0.98294276  0.4061455   0.8659387  -0.02324107 -0.04935902]
2024-10-09 23:20:39,095 INFO =====> Num. aborted data so far: 0
2024-10-09 23:20:39,451 INFO ===> New TaichiEnv created.
2024-10-09 23:20:39,451 INFO ===> Specifications: horizon = 600, dt = 0.01, n_substeps = 20, dt_sub = 0.0005
2024-10-09 23:21:06,857 INFO =====> Epoch: 95
2024-10-09 23:21:06,857 INFO =====> EMD Loss: 28.08892059326172
2024-10-09 23:21:06,857 INFO =====> Height map loss: 29.2365779876709
2024-10-09 23:21:06,857 INFO =====> Insertion loss: 0.0
2024-10-09 23:21:06,857 INFO =====> Grad: [-2.1134766e+03  6.9959404e+03  3.8851141e-03 -2.0669846e+04
  1.6400540e-04]
2024-10-09 23:21:06,857 INFO =====> Skill params: [ 0.9833365   0.40522054  0.8531179  -0.02086393 -0.04952316]
2024-10-09 23:21:06,857 INFO =====> Num. aborted data so far: 0
2024-10-09 23:21:07,222 INFO ===> New TaichiEnv created.
2024-10-09 23:21:07,223 INFO ===> Specifications: horizon = 600, dt = 0.01, n_substeps = 20, dt_sub = 0.0005
2024-10-09 23:21:35,655 INFO =====> Epoch: 96
2024-10-09 23:21:35,655 INFO =====> EMD Loss: 28.280460357666016
2024-10-09 23:21:35,655 INFO =====> Height map loss: 29.52076530456543
2024-10-09 23:21:35,655 INFO =====> Insertion loss: 0.0
2024-10-09 23:21:35,655 INFO =====> Grad: [-6.8445864e+03  2.0069184e+04 -1.2920266e-03  1.6291774e+04
 -1.7042841e-04]
2024-10-09 23:21:35,655 INFO =====> Skill params: [ 0.9846794   0.4024344   0.8575675  -0.02283507 -0.04934337]
2024-10-09 23:21:35,655 INFO =====> Num. aborted data so far: 0
2024-10-09 23:21:36,010 INFO ===> New TaichiEnv created.
2024-10-09 23:21:36,010 INFO ===> Specifications: horizon = 600, dt = 0.01, n_substeps = 20, dt_sub = 0.0005
2024-10-09 23:22:03,814 INFO =====> Epoch: 97
2024-10-09 23:22:03,814 INFO =====> EMD Loss: 28.17494773864746
2024-10-09 23:22:03,814 INFO =====> Height map loss: 29.59957504272461
2024-10-09 23:22:03,814 INFO =====> Insertion loss: 0.0
2024-10-09 23:22:03,814 INFO =====> Grad: [-1.0281038e+04  2.3557980e+04  1.9555120e-03  3.5417504e+04
 -4.1056293e-04]
2024-10-09 23:22:03,815 INFO =====> Skill params: [ 0.98680085  0.39900735  0.850641   -0.02730665 -0.04888686]
2024-10-09 23:22:03,815 INFO =====> Num. aborted data so far: 0
2024-10-09 23:22:04,174 INFO ===> New TaichiEnv created.
2024-10-09 23:22:04,174 INFO ===> Specifications: horizon = 600, dt = 0.01, n_substeps = 20, dt_sub = 0.0005
2024-10-09 23:22:32,163 INFO =====> Epoch: 98
2024-10-09 23:22:32,163 INFO =====> EMD Loss: 28.158479690551758
2024-10-09 23:22:32,163 INFO =====> Height map loss: 29.45241355895996
2024-10-09 23:22:32,163 INFO =====> Insertion loss: 0.0
2024-10-09 23:22:32,163 INFO =====> Grad: [-5.4144224e+03  1.6008768e+04  1.1994776e-03  1.9539887e+04
 -2.3129629e-05]
2024-10-09 23:22:32,163 INFO =====> Skill params: [ 0.98797774  0.3965599   0.84620684 -0.02989833 -0.04885975]
2024-10-09 23:22:32,163 INFO =====> Num. aborted data so far: 0
2024-10-09 23:22:32,520 INFO ===> New TaichiEnv created.
2024-10-09 23:22:32,520 INFO ===> Specifications: horizon = 600, dt = 0.01, n_substeps = 20, dt_sub = 0.0005
2024-10-09 23:22:59,829 INFO =====> Epoch: 99
2024-10-09 23:22:59,829 INFO =====> EMD Loss: 28.162384033203125
2024-10-09 23:22:59,829 INFO =====> Height map loss: 29.32628059387207
2024-10-09 23:22:59,829 INFO =====> Insertion loss: 0.0
2024-10-09 23:22:59,829 INFO =====> Grad: [ 8.8372449e+02 -2.1388800e+02 -3.8687605e-05 -1.4144973e+04
  1.6727787e-04]
2024-10-09 23:22:59,829 INFO =====> Skill params: [ 0.98777527  0.39659438  0.8463576  -0.02792458 -0.04906641]
2024-10-09 23:22:59,829 INFO =====> Num. aborted data so far: 0
2024-10-09 23:23:00,197 INFO ===> New TaichiEnv created.
2024-10-09 23:23:00,197 INFO ===> Specifications: horizon = 600, dt = 0.01, n_substeps = 20, dt_sub = 0.0005
2024-10-09 23:23:27,819 INFO =====> Epoch: 100
2024-10-09 23:23:27,819 INFO =====> EMD Loss: 28.148351669311523
2024-10-09 23:23:27,819 INFO =====> Height map loss: 29.24382781982422
2024-10-09 23:23:27,819 INFO =====> Insertion loss: 0.0
2024-10-09 23:23:27,819 INFO =====> Grad: [ 5.6295074e+01 -1.9769644e+03  9.7677773e-03  6.4133809e+03
 -2.1601701e-04]
2024-10-09 23:23:27,819 INFO =====> Skill params: [ 0.9877617   0.3969302   0.821522   -0.02886747 -0.04878511]
2024-10-09 23:23:27,819 INFO =====> Num. aborted data so far: 0
2024-10-09 23:23:28,184 INFO ===> New TaichiEnv created.
2024-10-09 23:23:28,184 INFO ===> Specifications: horizon = 600, dt = 0.01, n_substeps = 20, dt_sub = 0.0005
2024-10-09 23:23:55,995 INFO =====> Epoch: 101
2024-10-09 23:23:55,995 INFO =====> EMD Loss: 28.18946075439453
2024-10-09 23:23:55,995 INFO =====> Height map loss: 29.378244400024414
2024-10-09 23:23:55,995 INFO =====> Insertion loss: 0.0
2024-10-09 23:23:55,995 INFO =====> Grad: [ 2.1164949e+03 -1.9024975e+04  1.7617370e-03 -2.3106252e+03
 -2.3634527e-04]
2024-10-09 23:23:55,995 INFO =====> Skill params: [ 0.98722297  0.40031698  0.8168521  -0.02850941 -0.04846071]
2024-10-09 23:23:55,995 INFO =====> Num. aborted data so far: 0
2024-10-09 23:23:56,363 INFO ===> New TaichiEnv created.
2024-10-09 23:23:56,363 INFO ===> Specifications: horizon = 600, dt = 0.01, n_substeps = 20, dt_sub = 0.0005
2024-10-09 23:24:23,756 INFO =====> Epoch: 102
2024-10-09 23:24:23,756 INFO =====> EMD Loss: 28.184892654418945
2024-10-09 23:24:23,756 INFO =====> Height map loss: 29.52472496032715
2024-10-09 23:24:23,756 INFO =====> Insertion loss: 0.0
2024-10-09 23:24:23,756 INFO =====> Grad: [ 1.4094264e+04 -3.6919516e+04 -3.2224262e-03 -3.1426455e+03
  9.1474404e-04]
2024-10-09 23:24:23,756 INFO =====> Skill params: [ 0.98346823  0.40708432  0.8255118  -0.02799615 -0.04978302]
2024-10-09 23:24:23,756 INFO =====> Num. aborted data so far: 0
2024-10-09 23:24:24,121 INFO ===> New TaichiEnv created.
2024-10-09 23:24:24,121 INFO ===> Specifications: horizon = 600, dt = 0.01, n_substeps = 20, dt_sub = 0.0005
2024-10-09 23:24:52,001 INFO =====> Epoch: 103
2024-10-09 23:24:52,001 INFO =====> EMD Loss: 28.233184814453125
2024-10-09 23:24:52,001 INFO =====> Height map loss: 29.452974319458008
2024-10-09 23:24:52,001 INFO =====> Insertion loss: 0.0
2024-10-09 23:24:52,001 INFO =====> Grad: [-9.4562373e+03  2.6924820e+04  3.3522019e-04  2.8446041e+04
  4.0719734e-04]
2024-10-09 23:24:52,001 INFO =====> Skill params: [ 0.9861143   0.40195104  0.82456267 -0.03283566 -0.05040336]
2024-10-09 23:24:52,001 INFO =====> Num. aborted data so far: 0
2024-10-09 23:24:52,380 INFO ===> New TaichiEnv created.
2024-10-09 23:24:52,380 INFO ===> Specifications: horizon = 600, dt = 0.01, n_substeps = 20, dt_sub = 0.0005
2024-10-09 23:25:20,247 INFO =====> Epoch: 104
2024-10-09 23:25:20,247 INFO =====> EMD Loss: 28.28357696533203
2024-10-09 23:25:20,247 INFO =====> Height map loss: 29.59322738647461
2024-10-09 23:25:20,247 INFO =====> Insertion loss: 0.0
2024-10-09 23:25:20,248 INFO =====> Grad: [-7.5777075e+03  1.7897285e+04 -3.0897697e-04 -1.6055890e+04
 -1.1896099e-03]
2024-10-09 23:25:20,248 INFO =====> Skill params: [ 0.9883439   0.39837736  0.82548445 -0.02996818 -0.04849649]
2024-10-09 23:25:20,248 INFO =====> Num. aborted data so far: 0
2024-10-09 23:25:20,628 INFO ===> New TaichiEnv created.
2024-10-09 23:25:20,628 INFO ===> Specifications: horizon = 600, dt = 0.01, n_substeps = 20, dt_sub = 0.0005
2024-10-09 23:25:48,131 INFO =====> Epoch: 105
2024-10-09 23:25:48,131 INFO =====> EMD Loss: 28.096538543701172
2024-10-09 23:25:48,131 INFO =====> Height map loss: 29.347003936767578
2024-10-09 23:25:48,131 INFO =====> Insertion loss: 0.0
2024-10-09 23:25:48,131 INFO =====> Grad: [-5.6422129e+03  2.2496995e+03  1.5445182e-02  1.9417266e+04
  7.8664423e-04]
2024-10-09 23:25:48,131 INFO =====> Skill params: [ 0.99009115  0.3979039   0.7989836  -0.03359938 -0.04982447]
2024-10-09 23:25:48,131 INFO =====> Num. aborted data so far: 0
2024-10-09 23:25:48,517 INFO ===> New TaichiEnv created.
2024-10-09 23:25:48,517 INFO ===> Specifications: horizon = 600, dt = 0.01, n_substeps = 20, dt_sub = 0.0005
2024-10-09 23:26:16,286 INFO =====> Epoch: 106
2024-10-09 23:26:16,286 INFO =====> EMD Loss: 27.957422256469727
2024-10-09 23:26:16,286 INFO =====> Height map loss: 28.97821617126465
2024-10-09 23:26:16,286 INFO =====> Insertion loss: 0.0
2024-10-09 23:26:16,286 INFO =====> Grad: [-3.3384729e+03  7.8779697e+03  1.8424192e-04 -1.5248947e+03
  8.1818085e-05]
2024-10-09 23:26:16,286 INFO =====> Skill params: [ 0.99118024  0.3961589   0.7986504  -0.0332988  -0.04997006]
2024-10-09 23:26:16,286 INFO =====> Num. aborted data so far: 0
2024-10-09 23:26:16,654 INFO ===> New TaichiEnv created.
2024-10-09 23:26:16,654 INFO ===> Specifications: horizon = 600, dt = 0.01, n_substeps = 20, dt_sub = 0.0005
2024-10-09 23:26:43,756 INFO =====> Epoch: 107
2024-10-09 23:26:43,756 INFO =====> EMD Loss: 27.872852325439453
2024-10-09 23:26:43,756 INFO =====> Height map loss: 28.928890228271484
2024-10-09 23:26:43,756 INFO =====> Insertion loss: 0.0
2024-10-09 23:26:43,756 INFO =====> Grad: [-1.5162630e+05  3.8538619e+05 -7.1317079e-03 -2.8453697e+04
 -8.0564263e-05]
2024-10-09 23:26:43,756 INFO =====> Skill params: [ 1.          0.36632487  0.8111405  -0.02748743 -0.04981895]
2024-10-09 23:26:43,756 INFO =====> Num. aborted data so far: 0
2024-10-09 23:26:44,186 INFO ===> New TaichiEnv created.
2024-10-09 23:26:44,186 INFO ===> Specifications: horizon = 600, dt = 0.01, n_substeps = 20, dt_sub = 0.0005
2024-10-09 23:27:11,490 INFO =====> Epoch: 108
2024-10-09 23:27:11,490 INFO =====> EMD Loss: 28.004549026489258
2024-10-09 23:27:11,490 INFO =====> Height map loss: 28.753463745117188
2024-10-09 23:27:11,490 INFO =====> Insertion loss: 0.0
2024-10-09 23:27:11,490 INFO =====> Grad: [-2.5922162e+02 -3.3529419e+03 -2.4621017e-04 -6.1324023e+03
 -1.5278414e-03]
2024-10-09 23:27:11,490 INFO =====> Skill params: [ 1.          0.36659846  0.81159496 -0.02616835 -0.04681187]
2024-10-09 23:27:11,490 INFO =====> Num. aborted data so far: 0
2024-10-09 23:27:11,860 INFO ===> New TaichiEnv created.
2024-10-09 23:27:11,861 INFO ===> Specifications: horizon = 600, dt = 0.01, n_substeps = 20, dt_sub = 0.0005
2024-10-09 23:27:39,896 INFO =====> Epoch: 109
2024-10-09 23:27:39,896 INFO =====> EMD Loss: 28.0184326171875
2024-10-09 23:27:39,896 INFO =====> Height map loss: 28.79435157775879
2024-10-09 23:27:39,896 INFO =====> Insertion loss: 0.0
2024-10-09 23:27:39,896 INFO =====> Grad: [ 1.9792990e+04 -7.2817445e+04  1.2511396e-04  6.6854116e+03
  1.4359511e-03]
2024-10-09 23:27:39,896 INFO =====> Skill params: [ 0.9961081   0.37274227  0.81135154 -0.02768243 -0.04977784]
2024-10-09 23:27:39,896 INFO =====> Num. aborted data so far: 0
2024-10-09 23:27:40,265 INFO ===> New TaichiEnv created.
2024-10-09 23:27:40,265 INFO ===> Specifications: horizon = 600, dt = 0.01, n_substeps = 20, dt_sub = 0.0005
2024-10-09 23:28:07,907 INFO =====> Epoch: 110
2024-10-09 23:28:07,907 INFO =====> EMD Loss: 28.01429557800293
2024-10-09 23:28:07,907 INFO =====> Height map loss: 28.810836791992188
2024-10-09 23:28:07,907 INFO =====> Insertion loss: 0.0
2024-10-09 23:28:07,907 INFO =====> Grad: [-3.8522200e+03  1.9576369e+04  3.5407586e-04 -1.3875637e+04
  9.3915325e-04]
2024-10-09 23:28:07,907 INFO =====> Skill params: [ 0.9969063   0.37100384  0.81062555 -0.02438798 -0.05181833]
2024-10-09 23:28:07,908 INFO =====> Num. aborted data so far: 0
2024-10-09 23:28:08,275 INFO ===> New TaichiEnv created.
2024-10-09 23:28:08,276 INFO ===> Specifications: horizon = 600, dt = 0.01, n_substeps = 20, dt_sub = 0.0005
2024-10-09 23:28:35,795 INFO =====> Epoch: 111
2024-10-09 23:28:35,795 INFO =====> EMD Loss: 28.00066375732422
2024-10-09 23:28:35,795 INFO =====> Height map loss: 28.654644012451172
2024-10-09 23:28:35,795 INFO =====> Insertion loss: 0.0
2024-10-09 23:28:35,795 INFO =====> Grad: [ 1.8900894e+03 -1.0076059e+04 -6.1617902e-04  1.2828283e+04
 -8.4612676e-04]
2024-10-09 23:28:35,795 INFO =====> Skill params: [ 0.9964935   0.3719466   0.8119561  -0.02758209 -0.04988414]
2024-10-09 23:28:35,795 INFO =====> Num. aborted data so far: 0
2024-10-09 23:28:36,159 INFO ===> New TaichiEnv created.
2024-10-09 23:28:36,159 INFO ===> Specifications: horizon = 600, dt = 0.01, n_substeps = 20, dt_sub = 0.0005
2024-10-09 23:29:04,082 INFO =====> Epoch: 112
2024-10-09 23:29:04,082 INFO =====> EMD Loss: 28.073867797851562
2024-10-09 23:29:04,082 INFO =====> Height map loss: 28.744884490966797
2024-10-09 23:29:04,082 INFO =====> Insertion loss: 0.0
2024-10-09 23:29:04,082 INFO =====> Grad: [ 7.8766631e+03 -2.5794109e+04  2.7790698e-04  1.1770596e+04
  8.0487451e-05]
2024-10-09 23:29:04,082 INFO =====> Skill params: [ 0.99468327  0.37448236  0.81132364 -0.03065675 -0.05007808]
2024-10-09 23:29:04,082 INFO =====> Num. aborted data so far: 0
2024-10-09 23:29:04,453 INFO ===> New TaichiEnv created.
2024-10-09 23:29:04,453 INFO ===> Specifications: horizon = 600, dt = 0.01, n_substeps = 20, dt_sub = 0.0005
2024-10-09 23:29:32,169 INFO =====> Epoch: 113
2024-10-09 23:29:32,170 INFO =====> EMD Loss: 28.05722999572754
2024-10-09 23:29:32,170 INFO =====> Height map loss: 28.705215454101562
2024-10-09 23:29:32,170 INFO =====> Insertion loss: 0.0
2024-10-09 23:29:32,170 INFO =====> Grad: [-1.4210454e+04  4.2531586e+04 -1.2606229e-03 -2.7325338e+04
 -3.7778558e-03]
2024-10-09 23:29:32,170 INFO =====> Skill params: [ 0.99810565  0.37011722  0.8143339  -0.02333718 -0.04089616]
2024-10-09 23:29:32,170 INFO =====> Num. aborted data so far: 0
2024-10-09 23:29:32,535 INFO ===> New TaichiEnv created.
2024-10-09 23:29:32,535 INFO ===> Specifications: horizon = 600, dt = 0.01, n_substeps = 20, dt_sub = 0.0005
2024-10-09 23:30:00,559 INFO =====> Epoch: 114
2024-10-09 23:30:00,559 INFO =====> EMD Loss: 28.01643180847168
2024-10-09 23:30:00,559 INFO =====> Height map loss: 28.724138259887695
2024-10-09 23:30:00,559 INFO =====> Insertion loss: 0.0
2024-10-09 23:30:00,559 INFO =====> Grad: [ 4.2172778e+03 -1.6835787e+04  7.8711135e-05  3.5820641e+04
  1.7935588e-04]
2024-10-09 23:30:00,559 INFO =====> Skill params: [ 0.9970356   0.37193558  0.8141358  -0.03297065 -0.04135561]
2024-10-09 23:30:00,559 INFO =====> Num. aborted data so far: 0
2024-10-09 23:30:00,929 INFO ===> New TaichiEnv created.
2024-10-09 23:30:00,930 INFO ===> Specifications: horizon = 600, dt = 0.01, n_substeps = 20, dt_sub = 0.0005
2024-10-09 23:30:28,513 INFO =====> Epoch: 115
2024-10-09 23:30:28,513 INFO =====> EMD Loss: 27.94217300415039
2024-10-09 23:30:28,513 INFO =====> Height map loss: 28.605817794799805
2024-10-09 23:30:28,513 INFO =====> Insertion loss: 0.0
2024-10-09 23:30:28,513 INFO =====> Grad: [-5.0690439e+03  6.2680537e+03 -4.0342228e-04 -1.0250104e+04
 -5.3132931e-03]
2024-10-09 23:30:28,513 INFO =====> Skill params: [ 0.9983901   0.37122214  0.8152055  -0.03007711 -0.02829032]
2024-10-09 23:30:28,513 INFO =====> Num. aborted data so far: 0
2024-10-09 23:30:28,900 INFO ===> New TaichiEnv created.
2024-10-09 23:30:28,900 INFO ===> Specifications: horizon = 600, dt = 0.01, n_substeps = 20, dt_sub = 0.0005
2024-10-09 23:30:56,753 INFO =====> Epoch: 116
2024-10-09 23:30:56,753 INFO =====> EMD Loss: 28.44916534423828
2024-10-09 23:30:56,753 INFO =====> Height map loss: 29.6796817779541
2024-10-09 23:30:56,753 INFO =====> Insertion loss: 0.0
2024-10-09 23:30:56,753 INFO =====> Grad: [-2.0166431e+03  3.8603003e+03  3.1079806e-05 -2.0823420e+04
  3.8251260e-03]
2024-10-09 23:30:56,753 INFO =====> Skill params: [ 0.998958    0.37075904  0.8151187  -0.02399643 -0.03775092]
2024-10-09 23:30:56,753 INFO =====> Num. aborted data so far: 0
2024-10-09 23:30:57,127 INFO ===> New TaichiEnv created.
2024-10-09 23:30:57,127 INFO ===> Specifications: horizon = 600, dt = 0.01, n_substeps = 20, dt_sub = 0.0005
2024-10-09 23:31:25,061 INFO =====> Epoch: 117
2024-10-09 23:31:25,062 INFO =====> EMD Loss: 28.650758743286133
2024-10-09 23:31:25,062 INFO =====> Height map loss: 29.8410587310791
2024-10-09 23:31:25,062 INFO =====> Insertion loss: 0.0
2024-10-09 23:31:25,062 INFO =====> Grad: [-3.3917559e+03  1.2307809e+04 -6.8601119e-05  1.0459721e+04
  1.2548967e-05]
2024-10-09 23:31:25,062 INFO =====> Skill params: [ 0.9999643   0.36920458  0.8153208  -0.02719945 -0.03778364]
2024-10-09 23:31:25,062 INFO =====> Num. aborted data so far: 0
2024-10-09 23:31:25,426 INFO ===> New TaichiEnv created.
2024-10-09 23:31:25,426 INFO ===> Specifications: horizon = 600, dt = 0.01, n_substeps = 20, dt_sub = 0.0005
2024-10-09 23:31:53,185 INFO =====> Epoch: 118
2024-10-09 23:31:53,185 INFO =====> EMD Loss: 28.50393295288086
2024-10-09 23:31:53,185 INFO =====> Height map loss: 29.759571075439453
2024-10-09 23:31:53,185 INFO =====> Insertion loss: 0.0
2024-10-09 23:31:53,185 INFO =====> Grad: [ 3.5516162e+03 -1.2812876e+04 -2.8617034e-04  4.1552836e+04
  1.7973653e-04]
2024-10-09 23:31:53,185 INFO =====> Skill params: [ 0.9988543   0.3709079   0.8162092  -0.03954742 -0.03827751]
2024-10-09 23:31:53,185 INFO =====> Num. aborted data so far: 0
2024-10-09 23:31:53,552 INFO ===> New TaichiEnv created.
2024-10-09 23:31:53,552 INFO ===> Specifications: horizon = 600, dt = 0.01, n_substeps = 20, dt_sub = 0.0005
2024-10-09 23:32:21,625 INFO =====> Epoch: 119
2024-10-09 23:32:21,625 INFO =====> EMD Loss: 28.177518844604492
2024-10-09 23:32:21,625 INFO =====> Height map loss: 28.884521484375
2024-10-09 23:32:21,625 INFO =====> Insertion loss: 0.0
2024-10-09 23:32:21,625 INFO =====> Grad: [-1.0147180e+04  3.1206877e+04 -1.4338801e-03 -4.3258750e+04
  2.4964349e-04]
2024-10-09 23:32:21,625 INFO =====> Skill params: [ 1.          0.36657614  0.8208505  -0.02709243 -0.03900038]
2024-10-09 23:32:21,626 INFO =====> Num. aborted data so far: 0
2024-10-09 23:32:21,993 INFO ===> New TaichiEnv created.
2024-10-09 23:32:21,993 INFO ===> Specifications: horizon = 600, dt = 0.01, n_substeps = 20, dt_sub = 0.0005
2024-10-09 23:32:49,919 INFO =====> Epoch: 120
2024-10-09 23:32:49,919 INFO =====> EMD Loss: 28.571565628051758
2024-10-09 23:32:49,919 INFO =====> Height map loss: 29.76139259338379
2024-10-09 23:32:49,919 INFO =====> Insertion loss: 0.0
2024-10-09 23:32:49,919 INFO =====> Grad: [-1.1752242e+04  4.1239359e+04 -3.7867838e-04 -1.4824199e+04
  7.8088645e-04]
2024-10-09 23:32:49,920 INFO =====> Skill params: [ 1.          0.36064908  0.82214147 -0.02263825 -0.0413771 ]
2024-10-09 23:32:49,920 INFO =====> Num. aborted data so far: 0
2024-10-09 23:32:50,277 INFO ===> New TaichiEnv created.
2024-10-09 23:32:50,277 INFO ===> Specifications: horizon = 600, dt = 0.01, n_substeps = 20, dt_sub = 0.0005
2024-10-09 23:33:17,900 INFO =====> Epoch: 121
2024-10-09 23:33:17,900 INFO =====> EMD Loss: 28.028705596923828
2024-10-09 23:33:17,900 INFO =====> Height map loss: 28.64034080505371
2024-10-09 23:33:17,900 INFO =====> Insertion loss: 0.0
2024-10-09 23:33:17,900 INFO =====> Grad: [ 3.3336066e+05 -1.0828210e+06 -6.0542217e-03  4.8119125e+05
 -7.5278105e-03]
2024-10-09 23:33:17,900 INFO =====> Skill params: [ 0.9694152   0.39170018  0.8400653  -0.0536015  -0.02218338]
2024-10-09 23:33:17,900 INFO =====> Num. aborted data so far: 0
2024-10-09 23:33:18,262 INFO ===> New TaichiEnv created.
2024-10-09 23:33:18,262 INFO ===> Specifications: horizon = 600, dt = 0.01, n_substeps = 20, dt_sub = 0.0005
2024-10-09 23:33:46,181 INFO =====> Epoch: 122
2024-10-09 23:33:46,181 INFO =====> EMD Loss: 28.090373992919922
2024-10-09 23:33:46,181 INFO =====> Height map loss: 29.26625633239746
2024-10-09 23:33:46,181 INFO =====> Insertion loss: 0.0
2024-10-09 23:33:46,181 INFO =====> Grad: [ 3.4665244e+03 -6.7501396e+03  6.9641654e-05  4.6100820e+04
 -1.3810072e-04]
2024-10-09 23:33:46,181 INFO =====> Skill params: [ 0.96908     0.3919042   0.839848   -0.05671324 -0.02181224]
2024-10-09 23:33:46,181 INFO =====> Num. aborted data so far: 0
2024-10-09 23:33:46,548 INFO ===> New TaichiEnv created.
2024-10-09 23:33:46,548 INFO ===> Specifications: horizon = 600, dt = 0.01, n_substeps = 20, dt_sub = 0.0005
2024-10-09 23:34:14,963 INFO =====> Epoch: 123
2024-10-09 23:34:14,963 INFO =====> EMD Loss: 28.157201766967773
2024-10-09 23:34:14,963 INFO =====> Height map loss: 29.07513427734375
2024-10-09 23:34:14,963 INFO =====> Insertion loss: 0.0
2024-10-09 23:34:14,963 INFO =====> Grad: [ 3.9327644e+03 -1.3105119e+04  5.8923522e-04  1.9284152e+04
  1.2478216e-03]
2024-10-09 23:34:14,963 INFO =====> Skill params: [ 0.96867913  0.3923217   0.8379134  -0.05808401 -0.02532521]
2024-10-09 23:34:14,963 INFO =====> Num. aborted data so far: 0
2024-10-09 23:34:15,324 INFO ===> New TaichiEnv created.
2024-10-09 23:34:15,325 INFO ===> Specifications: horizon = 600, dt = 0.01, n_substeps = 20, dt_sub = 0.0005
2024-10-09 23:34:42,969 INFO =====> Epoch: 124
2024-10-09 23:34:42,969 INFO =====> EMD Loss: 28.154443740844727
2024-10-09 23:34:42,969 INFO =====> Height map loss: 29.03144645690918
2024-10-09 23:34:42,969 INFO =====> Insertion loss: 0.0
2024-10-09 23:34:42,969 INFO =====> Grad: [ 4.8748853e+03 -1.3700963e+04  1.4781290e-04  1.7018217e+04
  4.1367952e-04]
2024-10-09 23:34:42,969 INFO =====> Skill params: [ 0.96815544  0.39278176  0.8374019  -0.05935812 -0.02655191]
2024-10-09 23:34:42,969 INFO =====> Num. aborted data so far: 0
2024-10-09 23:34:43,337 INFO ===> New TaichiEnv created.
2024-10-09 23:34:43,337 INFO ===> Specifications: horizon = 600, dt = 0.01, n_substeps = 20, dt_sub = 0.0005
2024-10-09 23:35:11,148 INFO =====> Epoch: 125
2024-10-09 23:35:11,148 INFO =====> EMD Loss: 28.198843002319336
2024-10-09 23:35:11,148 INFO =====> Height map loss: 29.123233795166016
2024-10-09 23:35:11,148 INFO =====> Insertion loss: 0.0
2024-10-09 23:35:11,148 INFO =====> Grad: [-1.8417299e+03  3.3797334e+03 -1.3944475e-04 -1.1875273e+04
 -3.3666682e-05]
2024-10-09 23:35:11,148 INFO =====> Skill params: [ 0.968364    0.39266214  0.8379105  -0.05842137 -0.02644668]
2024-10-09 23:35:11,148 INFO =====> Num. aborted data so far: 0
2024-10-09 23:35:11,514 INFO ===> New TaichiEnv created.
2024-10-09 23:35:11,514 INFO ===> Specifications: horizon = 600, dt = 0.01, n_substeps = 20, dt_sub = 0.0005
2024-10-09 23:35:38,956 INFO =====> Epoch: 126
2024-10-09 23:35:38,956 INFO =====> EMD Loss: 28.176490783691406
2024-10-09 23:35:38,956 INFO =====> Height map loss: 29.086944580078125
2024-10-09 23:35:38,956 INFO =====> Insertion loss: 0.0
2024-10-09 23:35:38,956 INFO =====> Grad: [-1.4204571e+04  2.9605906e+04  1.4038475e-03 -4.7291309e+04
 -2.8933209e-04]
2024-10-09 23:35:38,956 INFO =====> Skill params: [ 0.970057    0.39155823  0.83259046 -0.05451919 -0.02549382]
2024-10-09 23:35:38,956 INFO =====> Num. aborted data so far: 0
2024-10-09 23:35:39,321 INFO ===> New TaichiEnv created.
2024-10-09 23:35:39,321 INFO ===> Specifications: horizon = 600, dt = 0.01, n_substeps = 20, dt_sub = 0.0005
2024-10-09 23:36:06,806 INFO =====> Epoch: 127
2024-10-09 23:36:06,806 INFO =====> EMD Loss: 28.06800651550293
2024-10-09 23:36:06,806 INFO =====> Height map loss: 29.131370544433594
2024-10-09 23:36:06,806 INFO =====> Insertion loss: 0.0
2024-10-09 23:36:06,806 INFO =====> Grad: [ 7.4929604e+03 -1.6231953e+04 -3.4797506e-04 -3.6618928e+03
 -7.8215590e-04]
2024-10-09 23:36:06,806 INFO =====> Skill params: [ 0.96911603  0.3921961   0.8339791  -0.05420071 -0.02278857]
2024-10-09 23:36:06,806 INFO =====> Num. aborted data so far: 0
2024-10-09 23:36:07,187 INFO ===> New TaichiEnv created.
2024-10-09 23:36:07,187 INFO ===> Specifications: horizon = 600, dt = 0.01, n_substeps = 20, dt_sub = 0.0005
2024-10-09 23:36:35,001 INFO =====> Epoch: 128
2024-10-09 23:36:35,002 INFO =====> EMD Loss: 28.066699981689453
2024-10-09 23:36:35,002 INFO =====> Height map loss: 29.12305450439453
2024-10-09 23:36:35,002 INFO =====> Insertion loss: 0.0
2024-10-09 23:36:35,002 INFO =====> Grad: [ 1.27713914e+05 -3.64922281e+05  5.46200247e-03  4.93404453e+04
  2.58948468e-03]
2024-10-09 23:36:35,002 INFO =====> Skill params: [ 0.954207    0.40583372  0.8153911  -0.05867852 -0.03183478]
2024-10-09 23:36:35,002 INFO =====> Num. aborted data so far: 0
2024-10-09 23:36:35,371 INFO ===> New TaichiEnv created.
2024-10-09 23:36:35,371 INFO ===> Specifications: horizon = 600, dt = 0.01, n_substeps = 20, dt_sub = 0.0005
2024-10-09 23:37:03,532 INFO =====> Epoch: 129
2024-10-09 23:37:03,533 INFO =====> EMD Loss: 28.090177536010742
2024-10-09 23:37:03,533 INFO =====> Height map loss: 29.40470314025879
2024-10-09 23:37:03,533 INFO =====> Insertion loss: 0.0
2024-10-09 23:37:03,533 INFO =====> Grad: [ 5.7354893e+03 -1.8634809e+04  1.4959151e-05  4.9742021e+03
 -3.5298897e-05]
2024-10-09 23:37:03,533 INFO =====> Skill params: [ 0.9535014   0.4065676   0.8153375  -0.05915431 -0.0317048 ]
2024-10-09 23:37:03,533 INFO =====> Num. aborted data so far: 0
2024-10-09 23:37:03,904 INFO ===> New TaichiEnv created.
2024-10-09 23:37:03,904 INFO ===> Specifications: horizon = 600, dt = 0.01, n_substeps = 20, dt_sub = 0.0005
2024-10-09 23:37:31,618 INFO =====> Epoch: 130
2024-10-09 23:37:31,618 INFO =====> EMD Loss: 28.118694305419922
2024-10-09 23:37:31,619 INFO =====> Height map loss: 29.546972274780273
2024-10-09 23:37:31,619 INFO =====> Insertion loss: 0.0
2024-10-09 23:37:31,619 INFO =====> Grad: [ 3.0709473e+02 -7.4163214e+02  4.8145081e-04  1.2157157e+04
  1.6688083e-04]
2024-10-09 23:37:31,619 INFO =====> Skill params: [ 0.9534616   0.4065984   0.81352    -0.06037915 -0.03235243]
2024-10-09 23:37:31,619 INFO =====> Num. aborted data so far: 0
2024-10-09 23:37:32,000 INFO ===> New TaichiEnv created.
2024-10-09 23:37:32,000 INFO ===> Specifications: horizon = 600, dt = 0.01, n_substeps = 20, dt_sub = 0.0005
2024-10-09 23:37:59,356 INFO =====> Epoch: 131
2024-10-09 23:37:59,357 INFO =====> EMD Loss: 28.086029052734375
2024-10-09 23:37:59,357 INFO =====> Height map loss: 29.491077423095703
2024-10-09 23:37:59,357 INFO =====> Insertion loss: 0.0
2024-10-09 23:37:59,357 INFO =====> Grad: [-9.1240078e+03  3.5105066e+04  5.8540714e-04  2.6645230e+04
 -4.3234988e-03]
2024-10-09 23:37:59,357 INFO =====> Skill params: [ 0.9547078   0.40506408  0.81119686 -0.06319761 -0.01691654]
2024-10-09 23:37:59,357 INFO =====> Num. aborted data so far: 0
2024-10-09 23:37:59,738 INFO ===> New TaichiEnv created.
2024-10-09 23:37:59,738 INFO ===> Specifications: horizon = 600, dt = 0.01, n_substeps = 20, dt_sub = 0.0005
2024-10-09 23:38:27,341 INFO =====> Epoch: 132
2024-10-09 23:38:27,341 INFO =====> EMD Loss: 28.344032287597656
2024-10-09 23:38:27,341 INFO =====> Height map loss: 29.6558837890625
2024-10-09 23:38:27,341 INFO =====> Insertion loss: 0.0
2024-10-09 23:38:27,341 INFO =====> Grad: [-5.9671694e+03  1.4128601e+04  1.9299747e-04  1.3675265e+04
 -1.1031901e-05]
2024-10-09 23:38:27,342 INFO =====> Skill params: [ 0.9555666   0.4044133   0.8103898  -0.06472062 -0.01687502]
2024-10-09 23:38:27,342 INFO =====> Num. aborted data so far: 0
2024-10-09 23:38:27,732 INFO ===> New TaichiEnv created.
2024-10-09 23:38:27,732 INFO ===> Specifications: horizon = 600, dt = 0.01, n_substeps = 20, dt_sub = 0.0005
2024-10-09 23:38:55,643 INFO =====> Epoch: 133
2024-10-09 23:38:55,643 INFO =====> EMD Loss: 28.19894790649414
2024-10-09 23:38:55,643 INFO =====> Height map loss: 29.525569915771484
2024-10-09 23:38:55,643 INFO =====> Insertion loss: 0.0
2024-10-09 23:38:55,644 INFO =====> Grad: [ 4.8666191e+03 -7.6629751e+03  3.9618433e-04 -1.3339520e+04
  5.8888557e-04]
2024-10-09 23:38:55,644 INFO =====> Skill params: [ 0.9548285   0.40478534  0.8086461  -0.06315655 -0.01920474]
2024-10-09 23:38:55,644 INFO =====> Num. aborted data so far: 0
2024-10-09 23:38:56,028 INFO ===> New TaichiEnv created.
2024-10-09 23:38:56,028 INFO ===> Specifications: horizon = 600, dt = 0.01, n_substeps = 20, dt_sub = 0.0005
2024-10-09 23:39:24,459 INFO =====> Epoch: 134
2024-10-09 23:39:24,459 INFO =====> EMD Loss: 28.153064727783203
2024-10-09 23:39:24,459 INFO =====> Height map loss: 29.57362174987793
2024-10-09 23:39:24,459 INFO =====> Insertion loss: 0.0
2024-10-09 23:39:24,459 INFO =====> Grad: [-2.7672764e+03  1.2356097e+04 -1.3024690e-04  2.3349775e+04
 -1.6701446e-04]
2024-10-09 23:39:24,459 INFO =====> Skill params: [ 0.9552708   0.40415314  0.80925024 -0.06603047 -0.01850843]
2024-10-09 23:39:24,459 INFO =====> Num. aborted data so far: 0
2024-10-09 23:39:24,830 INFO ===> New TaichiEnv created.
2024-10-09 23:39:24,830 INFO ===> Specifications: horizon = 600, dt = 0.01, n_substeps = 20, dt_sub = 0.0005
2024-10-09 23:39:52,431 INFO =====> Epoch: 135
2024-10-09 23:39:52,431 INFO =====> EMD Loss: 28.189123153686523
2024-10-09 23:39:52,431 INFO =====> Height map loss: 29.58485984802246
2024-10-09 23:39:52,431 INFO =====> Insertion loss: 0.0
2024-10-09 23:39:52,431 INFO =====> Grad: [-4.4918172e+04  1.3719903e+05  1.2901889e-03 -8.4894092e+03
  4.6432177e-03]
2024-10-09 23:39:52,431 INFO =====> Skill params: [ 0.9626316   0.39694825  0.80306387 -0.06492973 -0.03565405]
2024-10-09 23:39:52,431 INFO =====> Num. aborted data so far: 0
2024-10-09 23:39:52,802 INFO ===> New TaichiEnv created.
2024-10-09 23:39:52,802 INFO ===> Specifications: horizon = 600, dt = 0.01, n_substeps = 20, dt_sub = 0.0005
2024-10-09 23:40:20,527 INFO =====> Epoch: 136
2024-10-09 23:40:20,528 INFO =====> EMD Loss: 28.12636947631836
2024-10-09 23:40:20,528 INFO =====> Height map loss: 29.051454544067383
2024-10-09 23:40:20,528 INFO =====> Insertion loss: 0.0
2024-10-09 23:40:20,528 INFO =====> Grad: [-2.8505469e+03  6.5038672e+03 -2.4225251e-04  7.7532671e+03
  3.2957457e-04]
2024-10-09 23:40:20,528 INFO =====> Skill params: [ 0.9631239   0.39658824  0.8042874  -0.06598881 -0.03693581]
2024-10-09 23:40:20,528 INFO =====> Num. aborted data so far: 0
2024-10-09 23:40:20,901 INFO ===> New TaichiEnv created.
2024-10-09 23:40:20,901 INFO ===> Specifications: horizon = 600, dt = 0.01, n_substeps = 20, dt_sub = 0.0005
2024-10-09 23:40:48,199 INFO =====> Epoch: 137
2024-10-09 23:40:48,199 INFO =====> EMD Loss: 28.14249610900879
2024-10-09 23:40:48,199 INFO =====> Height map loss: 29.0498046875
2024-10-09 23:40:48,199 INFO =====> Insertion loss: 0.0
2024-10-09 23:40:48,199 INFO =====> Grad: [ 3.4951951e+03 -4.4463662e+03  7.4726267e-06 -2.3410183e+03
 -3.2464947e-04]
2024-10-09 23:40:48,199 INFO =====> Skill params: [ 0.9624877   0.39684767  0.8042476  -0.06565175 -0.03560608]
2024-10-09 23:40:48,199 INFO =====> Num. aborted data so far: 0
2024-10-09 23:40:48,572 INFO ===> New TaichiEnv created.
2024-10-09 23:40:48,573 INFO ===> Specifications: horizon = 600, dt = 0.01, n_substeps = 20, dt_sub = 0.0005
2024-10-09 23:41:16,515 INFO =====> Epoch: 138
2024-10-09 23:41:16,515 INFO =====> EMD Loss: 28.144283294677734
2024-10-09 23:41:16,515 INFO =====> Height map loss: 29.090179443359375
2024-10-09 23:41:16,515 INFO =====> Insertion loss: 0.0
2024-10-09 23:41:16,515 INFO =====> Grad: [ 7.9186395e+02  2.2101621e+03  4.0650644e-04  4.3147480e+04
 -1.6349253e-03]
2024-10-09 23:41:16,515 INFO =====> Skill params: [ 0.96233577  0.39671174  0.8019723  -0.07206404 -0.02871689]
2024-10-09 23:41:16,515 INFO =====> Num. aborted data so far: 0
2024-10-09 23:41:16,886 INFO ===> New TaichiEnv created.
2024-10-09 23:41:16,886 INFO ===> Specifications: horizon = 600, dt = 0.01, n_substeps = 20, dt_sub = 0.0005
2024-10-09 23:41:44,518 INFO =====> Epoch: 139
2024-10-09 23:41:44,518 INFO =====> EMD Loss: 28.0869083404541
2024-10-09 23:41:44,518 INFO =====> Height map loss: 29.007925033569336
2024-10-09 23:41:44,518 INFO =====> Insertion loss: 0.0
2024-10-09 23:41:44,518 INFO =====> Grad: [-3.2779984e+02  1.3110320e+03 -7.7718345e-04  9.2942754e+03
  2.7187736e-04]
2024-10-09 23:41:44,518 INFO =====> Skill params: [ 0.96240205  0.39662674  0.80651015 -0.07351847 -0.02992361]
2024-10-09 23:41:44,518 INFO =====> Num. aborted data so far: 0
2024-10-09 23:41:44,889 INFO ===> New TaichiEnv created.
2024-10-09 23:41:44,889 INFO ===> Specifications: horizon = 600, dt = 0.01, n_substeps = 20, dt_sub = 0.0005
2024-10-09 23:42:12,936 INFO =====> Epoch: 140
2024-10-09 23:42:12,936 INFO =====> EMD Loss: 28.11883544921875
2024-10-09 23:42:12,936 INFO =====> Height map loss: 29.015897750854492
2024-10-09 23:42:12,936 INFO =====> Insertion loss: 0.0
2024-10-09 23:42:12,936 INFO =====> Grad: [ 8.5725410e+03 -1.8523654e+04 -1.2889394e-04  2.1227662e+04
 -4.0621115e-04]
2024-10-09 23:42:12,936 INFO =====> Skill params: [ 0.9605776   0.3978915   0.8073032  -0.07699873 -0.02802656]
2024-10-09 23:42:12,936 INFO =====> Num. aborted data so far: 0
2024-10-09 23:42:13,314 INFO ===> New TaichiEnv created.
2024-10-09 23:42:13,314 INFO ===> Specifications: horizon = 600, dt = 0.01, n_substeps = 20, dt_sub = 0.0005
2024-10-09 23:42:41,222 INFO =====> Epoch: 141
2024-10-09 23:42:41,223 INFO =====> EMD Loss: 28.04588508605957
2024-10-09 23:42:41,223 INFO =====> Height map loss: 29.019277572631836
2024-10-09 23:42:41,223 INFO =====> Insertion loss: 0.0
2024-10-09 23:42:41,223 INFO =====> Grad: [-1.6595393e+03  1.3245442e+03 -5.1167881e-04  6.7200801e+03
 -2.4977291e-04]
2024-10-09 23:42:41,223 INFO =====> Skill params: [ 0.9609499   0.39779615  0.81060356 -0.07815929 -0.02679792]
2024-10-09 23:42:41,223 INFO =====> Num. aborted data so far: 0
2024-10-09 23:42:41,597 INFO ===> New TaichiEnv created.
2024-10-09 23:42:41,597 INFO ===> Specifications: horizon = 600, dt = 0.01, n_substeps = 20, dt_sub = 0.0005
2024-10-09 23:43:09,590 INFO =====> Epoch: 142
2024-10-09 23:43:09,590 INFO =====> EMD Loss: 28.07479476928711
2024-10-09 23:43:09,590 INFO =====> Height map loss: 28.962535858154297
2024-10-09 23:43:09,590 INFO =====> Insertion loss: 0.0
2024-10-09 23:43:09,590 INFO =====> Grad: [-6.6707654e+02  3.3410745e+02 -1.2281307e-05  2.1533557e+04
 -4.3005953e-04]
2024-10-09 23:43:09,590 INFO =====> Skill params: [ 0.9611076   0.39777082  0.81068707 -0.08204955 -0.02457354]
2024-10-09 23:43:09,590 INFO =====> Num. aborted data so far: 0
2024-10-09 23:43:09,954 INFO ===> New TaichiEnv created.
2024-10-09 23:43:09,954 INFO ===> Specifications: horizon = 600, dt = 0.01, n_substeps = 20, dt_sub = 0.0005
2024-10-09 23:43:38,303 INFO =====> Epoch: 143
2024-10-09 23:43:38,303 INFO =====> EMD Loss: 28.029659271240234
2024-10-09 23:43:38,303 INFO =====> Height map loss: 28.98084259033203
2024-10-09 23:43:38,303 INFO =====> Insertion loss: 0.0
2024-10-09 23:43:38,303 INFO =====> Grad: [-4.7601772e+03  1.6309643e+04  9.4134732e-05 -1.4923388e+04
 -1.0462992e-03]
2024-10-09 23:43:38,303 INFO =====> Skill params: [ 0.9622932   0.39646772  0.8100126  -0.07921906 -0.01895969]
2024-10-09 23:43:38,303 INFO =====> Num. aborted data so far: 0
2024-10-09 23:43:38,665 INFO ===> New TaichiEnv created.
2024-10-09 23:43:38,665 INFO ===> Specifications: horizon = 600, dt = 0.01, n_substeps = 20, dt_sub = 0.0005
2024-10-09 23:44:06,983 INFO =====> Epoch: 144
2024-10-09 23:44:06,983 INFO =====> EMD Loss: 28.192628860473633
2024-10-09 23:44:06,983 INFO =====> Height map loss: 29.331806182861328
2024-10-09 23:44:06,983 INFO =====> Insertion loss: 0.0
2024-10-09 23:44:06,983 INFO =====> Grad: [ 1.1072215e+05 -3.2207581e+05 -1.8172064e-03  5.6142121e+04
 -6.3181594e-03]
2024-10-09 23:44:06,983 INFO =====> Skill params: [ 0.94089234  0.41705638  0.82260275 -0.08979686  0.00472153]
2024-10-09 23:44:06,983 INFO =====> Num. aborted data so far: 0
2024-10-09 23:44:07,347 INFO ===> New TaichiEnv created.
2024-10-09 23:44:07,347 INFO ===> Specifications: horizon = 600, dt = 0.01, n_substeps = 20, dt_sub = 0.0005
2024-10-09 23:44:35,664 INFO =====> Epoch: 145
2024-10-09 23:44:35,664 INFO =====> EMD Loss: 28.26502227783203
2024-10-09 23:44:35,664 INFO =====> Height map loss: 29.635995864868164
2024-10-09 23:44:35,664 INFO =====> Insertion loss: 0.0
2024-10-09 23:44:35,664 INFO =====> Grad: [-3.5951194e+03  6.6611738e+03 -4.6236668e-04  2.0040173e+03
  1.6581918e-04]
2024-10-09 23:44:35,664 INFO =====> Skill params: [ 0.9416246   0.4166076   0.82596034 -0.09019484  0.00406654]
2024-10-09 23:44:35,664 INFO =====> Num. aborted data so far: 0
2024-10-09 23:44:36,026 INFO ===> New TaichiEnv created.
2024-10-09 23:44:36,026 INFO ===> Specifications: horizon = 600, dt = 0.01, n_substeps = 20, dt_sub = 0.0005
2024-10-09 23:45:04,337 INFO =====> Epoch: 146
2024-10-09 23:45:04,337 INFO =====> EMD Loss: 28.223548889160156
2024-10-09 23:45:04,337 INFO =====> Height map loss: 29.560636520385742
2024-10-09 23:45:04,337 INFO =====> Insertion loss: 0.0
2024-10-09 23:45:04,338 INFO =====> Grad: [-2.1780537e+03  8.5979608e+02  1.2749719e-03 -1.9872006e+04
 -1.7813258e-03]
2024-10-09 23:45:04,338 INFO =====> Skill params: [ 0.9420922   0.41654652  0.81663495 -0.08607057  0.01128746]
2024-10-09 23:45:04,338 INFO =====> Num. aborted data so far: 0
2024-10-09 23:45:04,702 INFO ===> New TaichiEnv created.
2024-10-09 23:45:04,702 INFO ===> Specifications: horizon = 600, dt = 0.01, n_substeps = 20, dt_sub = 0.0005
2024-10-09 23:45:33,114 INFO =====> Epoch: 147
2024-10-09 23:45:33,115 INFO =====> EMD Loss: 28.247331619262695
2024-10-09 23:45:33,115 INFO =====> Height map loss: 29.569459915161133
2024-10-09 23:45:33,115 INFO =====> Insertion loss: 0.0
2024-10-09 23:45:33,115 INFO =====> Grad: [-6.0295088e+03  1.1543000e+04  3.4099707e-04  1.1711302e+04
  1.2187202e-03]
2024-10-09 23:45:33,115 INFO =====> Skill params: [ 0.94345534  0.4156827   0.814015   -0.08862426  0.00614913]
2024-10-09 23:45:33,115 INFO =====> Num. aborted data so far: 0
2024-10-09 23:45:33,481 INFO ===> New TaichiEnv created.
2024-10-09 23:45:33,481 INFO ===> Specifications: horizon = 600, dt = 0.01, n_substeps = 20, dt_sub = 0.0005
2024-10-09 23:46:01,749 INFO =====> Epoch: 148
2024-10-09 23:46:01,749 INFO =====> EMD Loss: 28.322555541992188
2024-10-09 23:46:01,749 INFO =====> Height map loss: 29.586332321166992
2024-10-09 23:46:01,749 INFO =====> Insertion loss: 0.0
2024-10-09 23:46:01,749 INFO =====> Grad: [ 1.0447748e+03 -4.8478096e+03 -8.1559288e-04 -5.6172383e+03
 -1.7180461e-04]
2024-10-09 23:46:01,749 INFO =====> Skill params: [ 0.94320637  0.41606507  0.8204808  -0.08733422  0.00691245]
2024-10-09 23:46:01,749 INFO =====> Num. aborted data so far: 0
2024-10-09 23:46:02,119 INFO ===> New TaichiEnv created.
2024-10-09 23:46:02,119 INFO ===> Specifications: horizon = 600, dt = 0.01, n_substeps = 20, dt_sub = 0.0005
2024-10-09 23:46:30,145 INFO =====> Epoch: 149
2024-10-09 23:46:30,145 INFO =====> EMD Loss: 28.307889938354492
2024-10-09 23:46:30,145 INFO =====> Height map loss: 29.609752655029297
2024-10-09 23:46:30,145 INFO =====> Insertion loss: 0.0
2024-10-09 23:46:30,145 INFO =====> Grad: [ 1.0961247e+04 -1.9983326e+04 -3.1369209e-04  1.8689965e+04
  5.5616488e-06]
2024-10-09 23:46:30,145 INFO =====> Skill params: [ 0.94046336  0.41772425  0.8230933  -0.09181307  0.0068864 ]
2024-10-09 23:46:30,145 INFO =====> Num. aborted data so far: 0
2024-10-09 23:46:30,147 INFO ====> Finished training.
2024-10-09 23:46:30,147 INFO ====> Final EMD loss: 28.307889938354492
2024-10-09 23:46:30,148 INFO ====> Final height map loss: 29.609752655029297
2024-10-09 23:46:30,148 INFO ====> Final insertion loss: 0.0
2024-10-09 23:46:30,148 INFO ====> Final skill params: [ 0.94046336  0.41772425  0.8230933  -0.09181307  0.0068864 ]
