2024-10-19 19:30:26,339 INFO ===> New TaichiEnv created.
2024-10-19 19:30:26,339 INFO ===> Specifications: horizon = 600, dt = 0.01, n_substeps = 20, dt_sub = 0.0005
2024-10-19 19:30:58,580 INFO =====> Epoch: 0
2024-10-19 19:30:58,580 INFO =====> EMD Loss: 30.217761993408203
2024-10-19 19:30:58,580 INFO =====> Height map loss: 28.656457901000977
2024-10-19 19:30:58,580 INFO =====> Insertion loss: 0.0
2024-10-19 19:30:58,580 INFO =====> Grad: [-1.3796106e+05  4.1432397e+05 -3.6089093e-04 -1.9443943e+03
  5.3573331e-05]
2024-10-19 19:30:58,581 INFO =====> Skill params: [ 0.82999873  0.43741563  0.9762311   1.         -0.8887975 ]
2024-10-19 19:30:58,581 INFO =====> Num. aborted data so far: 0
2024-10-19 19:30:58,885 INFO ===> New TaichiEnv created.
2024-10-19 19:30:58,885 INFO ===> Specifications: horizon = 600, dt = 0.01, n_substeps = 20, dt_sub = 0.0005
2024-10-19 19:31:21,598 INFO =====> Epoch: 1
2024-10-19 19:31:21,599 INFO =====> EMD Loss: 30.352800369262695
2024-10-19 19:31:21,599 INFO =====> Height map loss: 28.88069725036621
2024-10-19 19:31:21,599 INFO =====> Insertion loss: 0.0
2024-10-19 19:31:21,599 INFO =====> Grad: [-6.4280075e+06  3.9274756e+07  3.4502149e-03 -8.1721270e+06
 -3.6871979e-01]
2024-10-19 19:31:21,599 INFO =====> Skill params: [ 0.89323115  0.37417325  0.9135062   1.         -0.825552  ]
2024-10-19 19:31:21,599 INFO =====> Num. aborted data so far: 0
2024-10-19 19:31:21,881 INFO ===> New TaichiEnv created.
2024-10-19 19:31:21,881 INFO ===> Specifications: horizon = 600, dt = 0.01, n_substeps = 20, dt_sub = 0.0005
2024-10-19 19:31:44,635 INFO =====> Epoch: 2
2024-10-19 19:31:44,635 INFO =====> EMD Loss: 30.77060317993164
2024-10-19 19:31:44,635 INFO =====> Height map loss: 30.024078369140625
2024-10-19 19:31:44,635 INFO =====> Insertion loss: 0.0
2024-10-19 19:31:44,635 INFO =====> Grad: [-3.3769281e+04  1.4301503e+05  6.2569184e-04  2.6590989e+03
  1.4615721e-04]
2024-10-19 19:31:44,635 INFO =====> Skill params: [ 0.89358133  0.3739305   0.90172565  0.9999783  -0.8255784 ]
2024-10-19 19:31:44,635 INFO =====> Num. aborted data so far: 0
2024-10-19 19:31:44,916 INFO ===> New TaichiEnv created.
2024-10-19 19:31:44,916 INFO ===> Specifications: horizon = 600, dt = 0.01, n_substeps = 20, dt_sub = 0.0005
2024-10-19 19:32:06,665 INFO =====> Epoch: 3
2024-10-19 19:32:06,665 INFO =====> EMD Loss: 30.778728485107422
2024-10-19 19:32:06,665 INFO =====> Height map loss: 30.031545639038086
2024-10-19 19:32:06,665 INFO =====> Insertion loss: 0.0
2024-10-19 19:32:06,665 INFO =====> Grad: [ 2.2734340e+07  7.4236499e+08  3.7515306e+00 -1.1181998e+08
 -6.7498713e+00]
2024-10-19 19:32:06,665 INFO =====> Skill params: [ 0.83229     0.31075653  0.8384801   1.         -0.76240915]
2024-10-19 19:32:06,665 INFO =====> Num. aborted data so far: 0
2024-10-19 19:32:06,961 INFO ===> New TaichiEnv created.
2024-10-19 19:32:06,961 INFO ===> Specifications: horizon = 600, dt = 0.01, n_substeps = 20, dt_sub = 0.0005
2024-10-19 19:32:37,951 INFO =====> Epoch: 4
2024-10-19 19:32:37,951 INFO =====> EMD Loss: 31.23735809326172
2024-10-19 19:32:37,951 INFO =====> Height map loss: 30.854887008666992
2024-10-19 19:32:37,951 INFO =====> Insertion loss: 0.0
2024-10-19 19:32:37,951 INFO =====> Grad: [ 4.2555285e+04 -3.8342850e+05 -1.1330073e-03  5.1346992e+04
 -3.7317690e-03]
2024-10-19 19:32:37,951 INFO =====> Skill params: [ 0.83216906  0.31079093  0.83850026  0.9999695  -0.7623723 ]
2024-10-19 19:32:37,951 INFO =====> Num. aborted data so far: 0
2024-10-19 19:32:38,318 INFO ===> New TaichiEnv created.
2024-10-19 19:32:38,318 INFO ===> Specifications: horizon = 600, dt = 0.01, n_substeps = 20, dt_sub = 0.0005
2024-10-19 19:33:00,244 INFO =====> Epoch: 5
2024-10-19 19:33:00,244 INFO =====> EMD Loss: 31.24024772644043
2024-10-19 19:33:00,244 INFO =====> Height map loss: 30.852807998657227
2024-10-19 19:33:00,244 INFO =====> Insertion loss: 0.0
2024-10-19 19:33:00,244 INFO =====> Grad: [ 6.0920806e+05 -5.8208445e+06  7.1574925e-03  2.9719266e+05
 -9.4687194e-03]
2024-10-19 19:33:00,245 INFO =====> Skill params: [ 0.8303449   0.3113413   0.8383662   0.9997831  -0.76227385]
2024-10-19 19:33:00,245 INFO =====> Num. aborted data so far: 0
2024-10-19 19:33:00,545 INFO ===> New TaichiEnv created.
2024-10-19 19:33:00,545 INFO ===> Specifications: horizon = 600, dt = 0.01, n_substeps = 20, dt_sub = 0.0005
2024-10-19 19:33:22,251 INFO =====> Epoch: 6
2024-10-19 19:33:22,251 INFO =====> EMD Loss: 31.24603843688965
2024-10-19 19:33:22,251 INFO =====> Height map loss: 30.841522216796875
2024-10-19 19:33:22,251 INFO =====> Insertion loss: 0.0
2024-10-19 19:33:22,251 INFO =====> Grad: [ 3.3321858e+07 -3.5956602e+08  5.5985415e-01  8.2885192e+07
 -3.3247533e+00]
2024-10-19 19:33:22,251 INFO =====> Skill params: [ 0.7761447   0.34252003  0.827477    0.9583724  -0.7306982 ]
2024-10-19 19:33:22,251 INFO =====> Num. aborted data so far: 0
2024-10-19 19:33:22,550 INFO ===> New TaichiEnv created.
2024-10-19 19:33:22,550 INFO ===> Specifications: horizon = 600, dt = 0.01, n_substeps = 20, dt_sub = 0.0005
2024-10-19 19:33:44,734 INFO =====> Epoch: 7
2024-10-19 19:33:44,734 INFO =====> EMD Loss: 31.117692947387695
2024-10-19 19:33:44,734 INFO =====> Height map loss: 30.76554298400879
2024-10-19 19:33:44,734 INFO =====> Insertion loss: 0.0
2024-10-19 19:33:44,734 INFO =====> Grad: [ 9.9606695e+04  6.5559044e+05  3.0325656e-03 -3.1891191e+05
 -1.4873333e-02]
2024-10-19 19:33:44,735 INFO =====> Skill params: [ 0.7759739   0.3424601   0.8274148   0.9585404  -0.73054934]
2024-10-19 19:33:44,735 INFO =====> Num. aborted data so far: 0
2024-10-19 19:33:45,030 INFO ===> New TaichiEnv created.
2024-10-19 19:33:45,030 INFO ===> Specifications: horizon = 600, dt = 0.01, n_substeps = 20, dt_sub = 0.0005
2024-10-19 19:34:06,680 INFO =====> Epoch: 8
2024-10-19 19:34:06,680 INFO =====> EMD Loss: 31.12788963317871
2024-10-19 19:34:06,680 INFO =====> Height map loss: 30.76095962524414
2024-10-19 19:34:06,680 INFO =====> Insertion loss: 0.0
2024-10-19 19:34:06,680 INFO =====> Grad: [-2.1592064e+04  3.6360112e+05  2.3111883e-03  3.6052242e+04
 -2.4796133e-03]
2024-10-19 19:34:06,680 INFO =====> Skill params: [ 0.77601296  0.34242508  0.82736486  0.95852035 -0.73052317]
2024-10-19 19:34:06,681 INFO =====> Num. aborted data so far: 0
2024-10-19 19:34:06,980 INFO ===> New TaichiEnv created.
2024-10-19 19:34:06,981 INFO ===> Specifications: horizon = 600, dt = 0.01, n_substeps = 20, dt_sub = 0.0005
2024-10-19 19:34:28,514 INFO =====> Epoch: 9
2024-10-19 19:34:28,514 INFO =====> EMD Loss: 31.116687774658203
2024-10-19 19:34:28,514 INFO =====> Height map loss: 30.757436752319336
2024-10-19 19:34:28,514 INFO =====> Insertion loss: 0.0
2024-10-19 19:34:28,514 INFO =====> Grad: [-2.6567197e+03 -3.7391250e+04  1.6053108e-04 -4.9686987e+03
 -1.5885440e-04]
2024-10-19 19:34:28,514 INFO =====> Skill params: [ 0.776018    0.34242886  0.8273612   0.9585233  -0.7305214 ]
2024-10-19 19:34:28,515 INFO =====> Num. aborted data so far: 0
2024-10-19 19:34:28,818 INFO ===> New TaichiEnv created.
2024-10-19 19:34:28,819 INFO ===> Specifications: horizon = 600, dt = 0.01, n_substeps = 20, dt_sub = 0.0005
2024-10-19 19:34:50,885 INFO =====> Epoch: 10
2024-10-19 19:34:50,885 INFO =====> EMD Loss: 31.118249893188477
2024-10-19 19:34:50,885 INFO =====> Height map loss: 30.75762939453125
2024-10-19 19:34:50,885 INFO =====> Insertion loss: 0.0
2024-10-19 19:34:50,885 INFO =====> Grad: [-2.9465845e+01  2.1254451e+04 -1.2869798e-03 -2.4258264e+04
  7.2483736e-04]
2024-10-19 19:34:50,886 INFO =====> Skill params: [ 0.7760181   0.3424266   0.8273921   0.95853823 -0.7305299 ]
2024-10-19 19:34:50,886 INFO =====> Num. aborted data so far: 0
2024-10-19 19:34:51,210 INFO ===> New TaichiEnv created.
2024-10-19 19:34:51,210 INFO ===> Specifications: horizon = 600, dt = 0.01, n_substeps = 20, dt_sub = 0.0005
2024-10-19 19:35:13,348 INFO =====> Epoch: 11
2024-10-19 19:35:13,348 INFO =====> EMD Loss: 31.12824821472168
2024-10-19 19:35:13,348 INFO =====> Height map loss: 30.752758026123047
2024-10-19 19:35:13,348 INFO =====> Insertion loss: 0.0
2024-10-19 19:35:13,348 INFO =====> Grad: [ 9.8406670e+03 -1.2816564e+05 -9.7966171e-05  1.7073465e+04
  2.5831480e-03]
2024-10-19 19:35:13,349 INFO =====> Skill params: [ 0.7759973   0.34244105  0.8273946   0.95852715 -0.73056185]
2024-10-19 19:35:13,349 INFO =====> Num. aborted data so far: 0
2024-10-19 19:35:13,738 INFO ===> New TaichiEnv created.
2024-10-19 19:35:13,738 INFO ===> Specifications: horizon = 600, dt = 0.01, n_substeps = 20, dt_sub = 0.0005
2024-10-19 19:35:35,741 INFO =====> Epoch: 12
2024-10-19 19:35:35,741 INFO =====> EMD Loss: 31.116710662841797
2024-10-19 19:35:35,741 INFO =====> Height map loss: 30.751575469970703
2024-10-19 19:35:35,741 INFO =====> Insertion loss: 0.0
2024-10-19 19:35:35,741 INFO =====> Grad: [ 5.6077991e+02 -2.7781848e+04  8.7958331e-05  7.2400898e+03
  9.3556399e-04]
2024-10-19 19:35:35,741 INFO =====> Skill params: [ 0.775996    0.34244436  0.8273923   0.9585222  -0.730574  ]
2024-10-19 19:35:35,741 INFO =====> Num. aborted data so far: 0
2024-10-19 19:35:36,054 INFO ===> New TaichiEnv created.
2024-10-19 19:35:36,055 INFO ===> Specifications: horizon = 600, dt = 0.01, n_substeps = 20, dt_sub = 0.0005
2024-10-19 19:35:58,450 INFO =====> Epoch: 13
2024-10-19 19:35:58,450 INFO =====> EMD Loss: 31.116596221923828
2024-10-19 19:35:58,450 INFO =====> Height map loss: 30.751737594604492
2024-10-19 19:35:58,450 INFO =====> Insertion loss: 0.0
2024-10-19 19:35:58,450 INFO =====> Grad: [-1.13719920e+08  4.50158438e+09 -4.42844009e+00 -1.25058035e+09
 -1.11464005e+02]
2024-10-19 19:35:58,450 INFO =====> Skill params: [ 0.8375442   0.2795922   0.8837834   1.         -0.66738236]
2024-10-19 19:35:58,450 INFO =====> Num. aborted data so far: 0
2024-10-19 19:35:58,762 INFO ===> New TaichiEnv created.
2024-10-19 19:35:58,762 INFO ===> Specifications: horizon = 600, dt = 0.01, n_substeps = 20, dt_sub = 0.0005
2024-10-19 19:36:21,092 INFO =====> Epoch: 14
2024-10-19 19:36:21,092 INFO =====> EMD Loss: 31.836822509765625
2024-10-19 19:36:21,092 INFO =====> Height map loss: 32.500972747802734
2024-10-19 19:36:21,092 INFO =====> Insertion loss: 0.0
2024-10-19 19:36:21,092 INFO =====> Grad: [ 2.78940869e+03 -1.20548877e+04 -1.13156151e-04  1.82300234e+04
  1.06678905e-04]
2024-10-19 19:36:21,092 INFO =====> Skill params: [ 0.8375426   0.27959237  0.8837849   0.99999905 -0.6673824 ]
2024-10-19 19:36:21,092 INFO =====> Num. aborted data so far: 0
2024-10-19 19:36:21,453 INFO ===> New TaichiEnv created.
2024-10-19 19:36:21,453 INFO ===> Specifications: horizon = 600, dt = 0.01, n_substeps = 20, dt_sub = 0.0005
2024-10-19 19:36:43,785 INFO =====> Epoch: 15
2024-10-19 19:36:43,785 INFO =====> EMD Loss: 31.84479522705078
2024-10-19 19:36:43,785 INFO =====> Height map loss: 32.48468780517578
2024-10-19 19:36:43,785 INFO =====> Insertion loss: 0.0
2024-10-19 19:36:43,785 INFO =====> Grad: [ 1.5434157e+04 -1.1233083e+05  2.5409905e-04  2.6813369e+03
 -7.7804223e-05]
2024-10-19 19:36:43,785 INFO =====> Skill params: [ 0.8375333   0.2795941   0.8837813   0.99999887 -0.66738236]
2024-10-19 19:36:43,785 INFO =====> Num. aborted data so far: 0
2024-10-19 19:36:44,094 INFO ===> New TaichiEnv created.
2024-10-19 19:36:44,094 INFO ===> Specifications: horizon = 600, dt = 0.01, n_substeps = 20, dt_sub = 0.0005
2024-10-19 19:37:06,731 INFO =====> Epoch: 16
2024-10-19 19:37:06,731 INFO =====> EMD Loss: 31.864103317260742
2024-10-19 19:37:06,731 INFO =====> Height map loss: 32.49773406982422
2024-10-19 19:37:06,731 INFO =====> Insertion loss: 0.0
2024-10-19 19:37:06,731 INFO =====> Grad: [ 6.2677711e+04 -2.4373240e+06  6.0833818e-03  5.8711969e+05
 -4.6038996e-02]
2024-10-19 19:37:06,731 INFO =====> Skill params: [ 0.83749354  0.27963394  0.8836906   0.9999642  -0.6673518 ]
2024-10-19 19:37:06,731 INFO =====> Num. aborted data so far: 0
2024-10-19 19:37:07,043 INFO ===> New TaichiEnv created.
2024-10-19 19:37:07,043 INFO ===> Specifications: horizon = 600, dt = 0.01, n_substeps = 20, dt_sub = 0.0005
2024-10-19 19:37:29,379 INFO =====> Epoch: 17
2024-10-19 19:37:29,379 INFO =====> EMD Loss: 31.85990333557129
2024-10-19 19:37:29,379 INFO =====> Height map loss: 32.49429702758789
2024-10-19 19:37:29,379 INFO =====> Insertion loss: 0.0
2024-10-19 19:37:29,379 INFO =====> Grad: [-1.4085710e+03  6.9965766e+04 -6.3257891e-04 -1.3150331e+04
 -1.9605737e-04]
2024-10-19 19:37:29,379 INFO =====> Skill params: [ 0.8374945   0.27963275  0.88370055  0.999965   -0.66735166]
2024-10-19 19:37:29,379 INFO =====> Num. aborted data so far: 0
2024-10-19 19:37:29,700 INFO ===> New TaichiEnv created.
2024-10-19 19:37:29,700 INFO ===> Specifications: horizon = 600, dt = 0.01, n_substeps = 20, dt_sub = 0.0005
2024-10-19 19:37:51,821 INFO =====> Epoch: 18
2024-10-19 19:37:51,821 INFO =====> EMD Loss: 31.845476150512695
2024-10-19 19:37:51,821 INFO =====> Height map loss: 32.49314880371094
2024-10-19 19:37:51,821 INFO =====> Insertion loss: 0.0
2024-10-19 19:37:51,821 INFO =====> Grad: [-3.98369766e+04  8.47104562e+05  4.53089317e-03 -1.23155914e+05
  6.73395407e-04]
2024-10-19 19:37:51,821 INFO =====> Skill params: [ 0.83752257  0.27961737  0.88362545  0.9999731  -0.66735214]
2024-10-19 19:37:51,821 INFO =====> Num. aborted data so far: 0
2024-10-19 19:37:52,159 INFO ===> New TaichiEnv created.
2024-10-19 19:37:52,159 INFO ===> Specifications: horizon = 600, dt = 0.01, n_substeps = 20, dt_sub = 0.0005
2024-10-19 19:38:14,525 INFO =====> Epoch: 19
2024-10-19 19:38:14,525 INFO =====> EMD Loss: 31.844970703125
2024-10-19 19:38:14,525 INFO =====> Height map loss: 32.50148391723633
2024-10-19 19:38:14,525 INFO =====> Insertion loss: 0.0
2024-10-19 19:38:14,525 INFO =====> Grad: [-3.1048334e+04  5.9836256e+05  4.4841005e-04 -7.4085391e+04
  1.7074216e-03]
2024-10-19 19:38:14,525 INFO =====> Skill params: [ 0.83754563  0.2796059   0.88361764  0.99997824 -0.66735345]
2024-10-19 19:38:14,525 INFO =====> Num. aborted data so far: 0
2024-10-19 19:38:14,850 INFO ===> New TaichiEnv created.
2024-10-19 19:38:14,850 INFO ===> Specifications: horizon = 600, dt = 0.01, n_substeps = 20, dt_sub = 0.0005
2024-10-19 19:38:37,292 INFO =====> Epoch: 20
2024-10-19 19:38:37,292 INFO =====> EMD Loss: 31.876935958862305
2024-10-19 19:38:37,292 INFO =====> Height map loss: 32.50076675415039
2024-10-19 19:38:37,292 INFO =====> Insertion loss: 0.0
2024-10-19 19:38:37,293 INFO =====> Grad: [ 1.5487544e+04 -1.9072972e+05 -3.6170339e-04  3.6623812e+04
  4.8203208e-04]
2024-10-19 19:38:37,293 INFO =====> Skill params: [ 0.83753353  0.27960974  0.8836243   0.99997556 -0.66735387]
2024-10-19 19:38:37,293 INFO =====> Num. aborted data so far: 0
2024-10-19 19:38:37,619 INFO ===> New TaichiEnv created.
2024-10-19 19:38:37,619 INFO ===> Specifications: horizon = 600, dt = 0.01, n_substeps = 20, dt_sub = 0.0005
2024-10-19 19:39:09,110 INFO =====> Epoch: 21
2024-10-19 19:39:09,110 INFO =====> EMD Loss: 31.86294937133789
2024-10-19 19:39:09,110 INFO =====> Height map loss: 32.49332046508789
2024-10-19 19:39:09,110 INFO =====> Insertion loss: 0.0
2024-10-19 19:39:09,110 INFO =====> Grad: [ 1.2494249e+03  1.8215240e+04  1.9116531e-04 -1.0034238e+04
 -1.0547438e-04]
2024-10-19 19:39:09,110 INFO =====> Skill params: [ 0.8375325   0.27960935  0.8836206   0.99997634 -0.66735375]
2024-10-19 19:39:09,110 INFO =====> Num. aborted data so far: 0
2024-10-19 19:39:09,490 INFO ===> New TaichiEnv created.
2024-10-19 19:39:09,490 INFO ===> Specifications: horizon = 600, dt = 0.01, n_substeps = 20, dt_sub = 0.0005
2024-10-19 19:39:32,009 INFO =====> Epoch: 22
2024-10-19 19:39:32,009 INFO =====> EMD Loss: 31.869577407836914
2024-10-19 19:39:32,009 INFO =====> Height map loss: 32.50674819946289
2024-10-19 19:39:32,009 INFO =====> Insertion loss: 0.0
2024-10-19 19:39:32,009 INFO =====> Grad: [-1.3658482e+04  2.9253800e+05  1.5833920e-03 -6.9633836e+04
  1.1339289e-03]
2024-10-19 19:39:32,009 INFO =====> Skill params: [ 0.8375444   0.2796028   0.88358825  0.999982   -0.66735476]
2024-10-19 19:39:32,009 INFO =====> Num. aborted data so far: 0
2024-10-19 19:39:32,486 INFO ===> New TaichiEnv created.
2024-10-19 19:39:32,486 INFO ===> Specifications: horizon = 600, dt = 0.01, n_substeps = 20, dt_sub = 0.0005
2024-10-19 19:39:55,958 INFO =====> Epoch: 23
2024-10-19 19:39:55,958 INFO =====> EMD Loss: 31.864768981933594
2024-10-19 19:39:55,958 INFO =====> Height map loss: 32.484649658203125
2024-10-19 19:39:55,958 INFO =====> Insertion loss: 0.0
2024-10-19 19:39:55,958 INFO =====> Grad: [ 2.5024525e+04 -4.2433175e+05 -2.8085110e-03  5.8895301e+04
 -1.9712634e-04]
2024-10-19 19:39:55,958 INFO =====> Skill params: [ 0.83752143  0.27961284  0.8836488   0.999977   -0.6673546 ]
2024-10-19 19:39:55,958 INFO =====> Num. aborted data so far: 0
2024-10-19 19:39:56,300 INFO ===> New TaichiEnv created.
2024-10-19 19:39:56,300 INFO ===> Specifications: horizon = 600, dt = 0.01, n_substeps = 20, dt_sub = 0.0005
2024-10-19 19:40:18,940 INFO =====> Epoch: 24
2024-10-19 19:40:18,940 INFO =====> EMD Loss: 31.844417572021484
2024-10-19 19:40:18,940 INFO =====> Height map loss: 32.499454498291016
2024-10-19 19:40:18,940 INFO =====> Insertion loss: 0.0
2024-10-19 19:40:18,940 INFO =====> Grad: [ 1.0452294e+04 -7.6972484e+04 -2.1073259e-03 -6.2464170e+03
 -7.8476725e-05]
2024-10-19 19:40:18,940 INFO =====> Skill params: [ 0.83751136  0.27961475  0.88369673  0.9999775  -0.6673545 ]
2024-10-19 19:40:18,940 INFO =====> Num. aborted data so far: 0
2024-10-19 19:40:19,261 INFO ===> New TaichiEnv created.
2024-10-19 19:40:19,261 INFO ===> Specifications: horizon = 600, dt = 0.01, n_substeps = 20, dt_sub = 0.0005
2024-10-19 19:40:42,301 INFO =====> Epoch: 25
2024-10-19 19:40:42,301 INFO =====> EMD Loss: 31.865253448486328
2024-10-19 19:40:42,301 INFO =====> Height map loss: 32.501976013183594
2024-10-19 19:40:42,301 INFO =====> Insertion loss: 0.0
2024-10-19 19:40:42,301 INFO =====> Grad: [-3.1489176e+04  3.5042706e+05 -5.7775382e-05 -3.9061887e+04
 -1.5614480e-04]
2024-10-19 19:40:42,301 INFO =====> Skill params: [ 0.8375434   0.27960554  0.8836981   0.9999812  -0.66735435]
2024-10-19 19:40:42,301 INFO =====> Num. aborted data so far: 0
2024-10-19 19:40:42,620 INFO ===> New TaichiEnv created.
2024-10-19 19:40:42,620 INFO ===> Specifications: horizon = 600, dt = 0.01, n_substeps = 20, dt_sub = 0.0005
2024-10-19 19:41:05,275 INFO =====> Epoch: 26
2024-10-19 19:41:05,275 INFO =====> EMD Loss: 31.857717514038086
2024-10-19 19:41:05,275 INFO =====> Height map loss: 32.50371551513672
2024-10-19 19:41:05,275 INFO =====> Insertion loss: 0.0
2024-10-19 19:41:05,276 INFO =====> Grad: [-1.1881534e+04  2.5605981e+05  6.5670302e-04 -5.6861168e+04
 -2.7604324e-03]
2024-10-19 19:41:05,276 INFO =====> Skill params: [ 0.8375562   0.27959844  0.88368154  0.9999869  -0.66735125]
2024-10-19 19:41:05,276 INFO =====> Num. aborted data so far: 0
2024-10-19 19:41:05,598 INFO ===> New TaichiEnv created.
2024-10-19 19:41:05,598 INFO ===> Specifications: horizon = 600, dt = 0.01, n_substeps = 20, dt_sub = 0.0005
2024-10-19 19:41:28,205 INFO =====> Epoch: 27
2024-10-19 19:41:28,205 INFO =====> EMD Loss: 31.875457763671875
2024-10-19 19:41:28,205 INFO =====> Height map loss: 32.49751663208008
2024-10-19 19:41:28,205 INFO =====> Insertion loss: 0.0
2024-10-19 19:41:28,206 INFO =====> Grad: [-3.8853022e+03 -2.8267769e+05  8.4693450e-04  5.7979539e+04
 -5.1535591e-03]
2024-10-19 19:41:28,206 INFO =====> Skill params: [ 0.8375606   0.2796067   0.883659    0.99998075 -0.66734517]
2024-10-19 19:41:28,206 INFO =====> Num. aborted data so far: 0
2024-10-19 19:41:28,536 INFO ===> New TaichiEnv created.
2024-10-19 19:41:28,537 INFO ===> Specifications: horizon = 600, dt = 0.01, n_substeps = 20, dt_sub = 0.0005
2024-10-19 19:41:50,642 INFO =====> Epoch: 28
2024-10-19 19:41:50,642 INFO =====> EMD Loss: 31.854177474975586
2024-10-19 19:41:50,642 INFO =====> Height map loss: 32.49186325073242
2024-10-19 19:41:50,642 INFO =====> Insertion loss: 0.0
2024-10-19 19:41:50,642 INFO =====> Grad: [-1.6805405e+03  7.5174234e+04 -1.8692653e-04  9.5564336e+03
  6.1645801e-04]
2024-10-19 19:41:50,642 INFO =====> Skill params: [ 0.8375626   0.27960438  0.88366425  0.9999797  -0.66734594]
2024-10-19 19:41:50,642 INFO =====> Num. aborted data so far: 0
2024-10-19 19:41:50,991 INFO ===> New TaichiEnv created.
2024-10-19 19:41:50,991 INFO ===> Specifications: horizon = 600, dt = 0.01, n_substeps = 20, dt_sub = 0.0005
2024-10-19 19:42:13,443 INFO =====> Epoch: 29
2024-10-19 19:42:13,444 INFO =====> EMD Loss: 31.871583938598633
2024-10-19 19:42:13,444 INFO =====> Height map loss: 32.49909973144531
2024-10-19 19:42:13,444 INFO =====> Insertion loss: 0.0
2024-10-19 19:42:13,444 INFO =====> Grad: [ 4.8311313e+03 -6.8737438e+04 -3.8156362e-04  2.8247117e+03
 -2.5316282e-05]
2024-10-19 19:42:13,445 INFO =====> Skill params: [ 0.83755654  0.2796066   0.8836755   0.9999793  -0.6673459 ]
2024-10-19 19:42:13,445 INFO =====> Num. aborted data so far: 0
2024-10-19 19:42:13,790 INFO ===> New TaichiEnv created.
2024-10-19 19:42:13,790 INFO ===> Specifications: horizon = 600, dt = 0.01, n_substeps = 20, dt_sub = 0.0005
2024-10-19 19:42:36,817 INFO =====> Epoch: 30
2024-10-19 19:42:36,817 INFO =====> EMD Loss: 31.844173431396484
2024-10-19 19:42:36,817 INFO =====> Height map loss: 32.49690246582031
2024-10-19 19:42:36,817 INFO =====> Insertion loss: 0.0
2024-10-19 19:42:36,817 INFO =====> Grad: [-7.0667490e+03  1.2057052e+03 -2.0327550e-04  2.3573438e+04
 -1.2391285e-03]
2024-10-19 19:42:36,818 INFO =====> Skill params: [ 0.8375659   0.27960658  0.88368183  0.9999764  -0.66734415]
2024-10-19 19:42:36,818 INFO =====> Num. aborted data so far: 0
2024-10-19 19:42:37,155 INFO ===> New TaichiEnv created.
2024-10-19 19:42:37,155 INFO ===> Specifications: horizon = 600, dt = 0.01, n_substeps = 20, dt_sub = 0.0005
2024-10-19 19:42:59,814 INFO =====> Epoch: 31
2024-10-19 19:42:59,814 INFO =====> EMD Loss: 31.854612350463867
2024-10-19 19:42:59,814 INFO =====> Height map loss: 32.49617004394531
2024-10-19 19:42:59,814 INFO =====> Insertion loss: 0.0
2024-10-19 19:42:59,814 INFO =====> Grad: [ 6.5768311e+03 -1.3430716e+05 -3.0075532e-04  3.3866023e+04
  1.1353878e-03]
2024-10-19 19:42:59,815 INFO =====> Skill params: [ 0.8375567  0.2796114  0.8836917  0.999972  -0.6673458]
2024-10-19 19:42:59,815 INFO =====> Num. aborted data so far: 0
2024-10-19 19:43:00,147 INFO ===> New TaichiEnv created.
2024-10-19 19:43:00,147 INFO ===> Specifications: horizon = 600, dt = 0.01, n_substeps = 20, dt_sub = 0.0005
2024-10-19 19:43:23,001 INFO =====> Epoch: 32
2024-10-19 19:43:23,001 INFO =====> EMD Loss: 31.864381790161133
2024-10-19 19:43:23,001 INFO =====> Height map loss: 32.50050735473633
2024-10-19 19:43:23,001 INFO =====> Insertion loss: 0.0
2024-10-19 19:43:23,001 INFO =====> Grad: [ 3.5920445e+04 -1.2435540e+06 -1.1414450e-02  2.2254094e+05
  1.6737530e-02]
2024-10-19 19:43:23,001 INFO =====> Skill params: [ 0.83750385  0.27965865  0.8840872   0.99994147 -0.66737163]
2024-10-19 19:43:23,001 INFO =====> Num. aborted data so far: 0
2024-10-19 19:43:23,334 INFO ===> New TaichiEnv created.
2024-10-19 19:43:23,334 INFO ===> Specifications: horizon = 600, dt = 0.01, n_substeps = 20, dt_sub = 0.0005
2024-10-19 19:43:46,825 INFO =====> Epoch: 33
2024-10-19 19:43:46,825 INFO =====> EMD Loss: 31.8648624420166
2024-10-19 19:43:46,825 INFO =====> Height map loss: 32.49842834472656
2024-10-19 19:43:46,825 INFO =====> Insertion loss: 0.0
2024-10-19 19:43:46,825 INFO =====> Grad: [-1.4028992e+03  1.5657164e+06  1.1242884e-03 -5.7012806e+05
 -2.1331022e-02]
2024-10-19 19:43:46,825 INFO =====> Skill params: [ 0.83750606  0.27959594  0.88404614  1.         -0.66733694]
2024-10-19 19:43:46,825 INFO =====> Num. aborted data so far: 0
2024-10-19 19:43:47,155 INFO ===> New TaichiEnv created.
2024-10-19 19:43:47,155 INFO ===> Specifications: horizon = 600, dt = 0.01, n_substeps = 20, dt_sub = 0.0005
2024-10-19 19:44:09,529 INFO =====> Epoch: 34
2024-10-19 19:44:09,529 INFO =====> EMD Loss: 31.87160873413086
2024-10-19 19:44:09,529 INFO =====> Height map loss: 32.488643646240234
2024-10-19 19:44:09,529 INFO =====> Insertion loss: 0.0
2024-10-19 19:44:09,529 INFO =====> Grad: [-3.6684900e+03  4.2892652e+04  4.1255026e-04  2.8815910e+04
  2.7217038e-04]
2024-10-19 19:44:09,529 INFO =====> Skill params: [ 0.8375121   0.27959412  0.8840303   0.9999956  -0.6673374 ]
2024-10-19 19:44:09,529 INFO =====> Num. aborted data so far: 0
2024-10-19 19:44:09,875 INFO ===> New TaichiEnv created.
2024-10-19 19:44:09,875 INFO ===> Specifications: horizon = 600, dt = 0.01, n_substeps = 20, dt_sub = 0.0005
2024-10-19 19:44:31,863 INFO =====> Epoch: 35
2024-10-19 19:44:31,863 INFO =====> EMD Loss: 31.857975006103516
2024-10-19 19:44:31,863 INFO =====> Height map loss: 32.502445220947266
2024-10-19 19:44:31,863 INFO =====> Insertion loss: 0.0
2024-10-19 19:44:31,863 INFO =====> Grad: [-4.8991973e+04  2.4624330e+06  3.8034609e-04 -6.8672425e+05
  1.1039310e-01]
2024-10-19 19:44:31,864 INFO =====> Skill params: [ 0.8375966   0.27948457  0.88401484  1.         -0.66753685]
2024-10-19 19:44:31,864 INFO =====> Num. aborted data so far: 0
2024-10-19 19:44:32,203 INFO ===> New TaichiEnv created.
2024-10-19 19:44:32,203 INFO ===> Specifications: horizon = 600, dt = 0.01, n_substeps = 20, dt_sub = 0.0005
2024-10-19 19:45:02,959 INFO =====> Epoch: 36
2024-10-19 19:45:02,959 INFO =====> EMD Loss: 31.882253646850586
2024-10-19 19:45:02,959 INFO =====> Height map loss: 32.53032684326172
2024-10-19 19:45:02,959 INFO =====> Insertion loss: 0.0
2024-10-19 19:45:02,959 INFO =====> Grad: [-4.5457465e+04  3.3889966e+05 -2.9283834e-03 -9.7148352e+04
  7.8830350e-04]
2024-10-19 19:45:02,959 INFO =====> Skill params: [ 0.8376792   0.2794687   0.8841401   1.         -0.66753834]
2024-10-19 19:45:02,959 INFO =====> Num. aborted data so far: 0
2024-10-19 19:45:03,337 INFO ===> New TaichiEnv created.
2024-10-19 19:45:03,337 INFO ===> Specifications: horizon = 600, dt = 0.01, n_substeps = 20, dt_sub = 0.0005
2024-10-19 19:45:25,661 INFO =====> Epoch: 37
2024-10-19 19:45:25,661 INFO =====> EMD Loss: 31.882577896118164
2024-10-19 19:45:25,661 INFO =====> Height map loss: 32.5146369934082
2024-10-19 19:45:25,661 INFO =====> Insertion loss: 0.0
2024-10-19 19:45:25,661 INFO =====> Grad: [ 4.8903433e+03 -1.3643500e+05 -2.6627756e-03  3.4730992e+04
 -8.1832306e-03]
2024-10-19 19:45:25,662 INFO =====> Skill params: [ 0.83766985  0.27947542  0.8842601   0.9999938  -0.6675219 ]
2024-10-19 19:45:25,662 INFO =====> Num. aborted data so far: 0
2024-10-19 19:45:26,085 INFO ===> New TaichiEnv created.
2024-10-19 19:45:26,085 INFO ===> Specifications: horizon = 600, dt = 0.01, n_substeps = 20, dt_sub = 0.0005
2024-10-19 19:45:48,881 INFO =====> Epoch: 38
2024-10-19 19:45:48,881 INFO =====> EMD Loss: 31.877805709838867
2024-10-19 19:45:48,881 INFO =====> Height map loss: 32.511234283447266
2024-10-19 19:45:48,881 INFO =====> Insertion loss: 0.0
2024-10-19 19:45:48,881 INFO =====> Grad: [ 3.3706662e+05 -3.6384760e+06 -1.1286759e-02  3.8338228e+05
 -4.9460079e-03]
2024-10-19 19:45:48,881 INFO =====> Skill params: [ 0.83698905  0.27966502  0.8847965   0.9999216  -0.6675114 ]
2024-10-19 19:45:48,881 INFO =====> Num. aborted data so far: 0
2024-10-19 19:45:49,224 INFO ===> New TaichiEnv created.
2024-10-19 19:45:49,224 INFO ===> Specifications: horizon = 600, dt = 0.01, n_substeps = 20, dt_sub = 0.0005
2024-10-19 19:46:11,431 INFO =====> Epoch: 39
2024-10-19 19:46:11,431 INFO =====> EMD Loss: 31.868534088134766
2024-10-19 19:46:11,431 INFO =====> Height map loss: 32.51126480102539
2024-10-19 19:46:11,431 INFO =====> Insertion loss: 0.0
2024-10-19 19:46:11,431 INFO =====> Grad: [-5.1132539e+03  4.2622822e+03 -2.5068755e-05  1.1889153e+04
  1.3790837e-03]
2024-10-19 19:46:11,431 INFO =====> Skill params: [ 0.83699995  0.27966478  0.88479775  0.99991924 -0.6675145 ]
2024-10-19 19:46:11,431 INFO =====> Num. aborted data so far: 0
2024-10-19 19:46:11,770 INFO ===> New TaichiEnv created.
2024-10-19 19:46:11,770 INFO ===> Specifications: horizon = 600, dt = 0.01, n_substeps = 20, dt_sub = 0.0005
2024-10-19 19:46:34,183 INFO =====> Epoch: 40
2024-10-19 19:46:34,184 INFO =====> EMD Loss: 31.858699798583984
2024-10-19 19:46:34,184 INFO =====> Height map loss: 32.49945831298828
2024-10-19 19:46:34,184 INFO =====> Insertion loss: 0.0
2024-10-19 19:46:34,184 INFO =====> Grad: [ 3.7593701e+03 -1.4721631e+05  3.1897216e-06  5.4871938e+04
  3.2124349e-03]
2024-10-19 19:46:34,184 INFO =====> Skill params: [ 0.8369915   0.2796733   0.8847976   0.99990773 -0.6675221 ]
2024-10-19 19:46:34,184 INFO =====> Num. aborted data so far: 0
2024-10-19 19:46:34,517 INFO ===> New TaichiEnv created.
2024-10-19 19:46:34,517 INFO ===> Specifications: horizon = 600, dt = 0.01, n_substeps = 20, dt_sub = 0.0005
2024-10-19 19:46:56,756 INFO =====> Epoch: 41
2024-10-19 19:46:56,756 INFO =====> EMD Loss: 31.848346710205078
2024-10-19 19:46:56,756 INFO =====> Height map loss: 32.51008224487305
2024-10-19 19:46:56,756 INFO =====> Insertion loss: 0.0
2024-10-19 19:46:56,756 INFO =====> Grad: [ 3.4741731e+03 -3.4316473e+04  6.8883448e-05 -1.6966754e+04
 -3.3490956e-04]
2024-10-19 19:46:56,756 INFO =====> Skill params: [ 0.83698326  0.2796754   0.88479376  0.9999115  -0.66752124]
2024-10-19 19:46:56,756 INFO =====> Num. aborted data so far: 0
2024-10-19 19:46:57,093 INFO ===> New TaichiEnv created.
2024-10-19 19:46:57,093 INFO ===> Specifications: horizon = 600, dt = 0.01, n_substeps = 20, dt_sub = 0.0005
2024-10-19 19:47:19,148 INFO =====> Epoch: 42
2024-10-19 19:47:19,148 INFO =====> EMD Loss: 31.861263275146484
2024-10-19 19:47:19,148 INFO =====> Height map loss: 32.51018142700195
2024-10-19 19:47:19,148 INFO =====> Insertion loss: 0.0
2024-10-19 19:47:19,148 INFO =====> Grad: [ 1.2886898e+03  6.5796938e+04  1.8813979e-04 -1.2062319e+04
 -6.0631917e-04]
2024-10-19 19:47:19,148 INFO =====> Skill params: [ 0.83698004  0.27967116  0.88478273  0.9999143  -0.6675196 ]
2024-10-19 19:47:19,148 INFO =====> Num. aborted data so far: 0
2024-10-19 19:47:19,492 INFO ===> New TaichiEnv created.
2024-10-19 19:47:19,492 INFO ===> Specifications: horizon = 600, dt = 0.01, n_substeps = 20, dt_sub = 0.0005
2024-10-19 19:47:41,682 INFO =====> Epoch: 43
2024-10-19 19:47:41,682 INFO =====> EMD Loss: 31.863208770751953
2024-10-19 19:47:41,682 INFO =====> Height map loss: 32.510250091552734
2024-10-19 19:47:41,682 INFO =====> Insertion loss: 0.0
2024-10-19 19:47:41,682 INFO =====> Grad: [-2.0295629e+04  2.4713547e+05  1.1301434e-03 -2.0194863e+04
  6.3957370e-05]
2024-10-19 19:47:41,682 INFO =====> Skill params: [ 0.8370334   0.2796544   0.8847128   0.99991924 -0.6675198 ]
2024-10-19 19:47:41,682 INFO =====> Num. aborted data so far: 0
2024-10-19 19:47:42,027 INFO ===> New TaichiEnv created.
2024-10-19 19:47:42,027 INFO ===> Specifications: horizon = 600, dt = 0.01, n_substeps = 20, dt_sub = 0.0005
2024-10-19 19:48:04,036 INFO =====> Epoch: 44
2024-10-19 19:48:04,036 INFO =====> EMD Loss: 31.872154235839844
2024-10-19 19:48:04,036 INFO =====> Height map loss: 32.50252914428711
2024-10-19 19:48:04,036 INFO =====> Insertion loss: 0.0
2024-10-19 19:48:04,036 INFO =====> Grad: [ 7.8465957e+03 -1.5056944e+05 -5.3547428e-04  4.3159277e+04
  2.3392392e-03]
2024-10-19 19:48:04,036 INFO =====> Skill params: [ 0.83701164  0.27966517  0.88474774  0.9999081  -0.6675266 ]
2024-10-19 19:48:04,036 INFO =====> Num. aborted data so far: 0
2024-10-19 19:48:04,371 INFO ===> New TaichiEnv created.
2024-10-19 19:48:04,371 INFO ===> Specifications: horizon = 600, dt = 0.01, n_substeps = 20, dt_sub = 0.0005
2024-10-19 19:48:27,060 INFO =====> Epoch: 45
2024-10-19 19:48:27,060 INFO =====> EMD Loss: 31.85976791381836
2024-10-19 19:48:27,060 INFO =====> Height map loss: 32.508575439453125
2024-10-19 19:48:27,060 INFO =====> Insertion loss: 0.0
2024-10-19 19:48:27,060 INFO =====> Grad: [-1.3400710e+04  1.7790294e+05 -9.4181509e-05 -1.3029388e+04
  6.6104665e-04]
2024-10-19 19:48:27,060 INFO =====> Skill params: [ 0.8370508   0.27965176  0.88475424  0.99991167 -0.6675286 ]
2024-10-19 19:48:27,060 INFO =====> Num. aborted data so far: 0
2024-10-19 19:48:27,395 INFO ===> New TaichiEnv created.
2024-10-19 19:48:27,395 INFO ===> Specifications: horizon = 600, dt = 0.01, n_substeps = 20, dt_sub = 0.0005
2024-10-19 19:48:49,415 INFO =====> Epoch: 46
2024-10-19 19:48:49,415 INFO =====> EMD Loss: 31.868741989135742
2024-10-19 19:48:49,415 INFO =====> Height map loss: 32.511199951171875
2024-10-19 19:48:49,415 INFO =====> Insertion loss: 0.0
2024-10-19 19:48:49,415 INFO =====> Grad: [ 6.1032622e+03 -6.5817922e+04 -1.3782734e-03 -1.6970120e+03
 -3.3373981e-05]
2024-10-19 19:48:49,415 INFO =====> Skill params: [ 0.837032    0.27965698  0.8848541   0.99991214 -0.6675285 ]
2024-10-19 19:48:49,416 INFO =====> Num. aborted data so far: 0
2024-10-19 19:48:49,765 INFO ===> New TaichiEnv created.
2024-10-19 19:48:49,765 INFO ===> Specifications: horizon = 600, dt = 0.01, n_substeps = 20, dt_sub = 0.0005
2024-10-19 19:49:12,621 INFO =====> Epoch: 47
2024-10-19 19:49:12,621 INFO =====> EMD Loss: 31.867385864257812
2024-10-19 19:49:12,621 INFO =====> Height map loss: 32.50263977050781
2024-10-19 19:49:12,621 INFO =====> Insertion loss: 0.0
2024-10-19 19:49:12,621 INFO =====> Grad: [ 1.4857710e+04 -1.6244912e+05 -3.5602367e-04  3.7136992e+04
 -1.1981562e-03]
2024-10-19 19:49:12,621 INFO =====> Skill params: [ 0.8369838   0.27967057  0.88488126  0.99990094 -0.66752446]
2024-10-19 19:49:12,621 INFO =====> Num. aborted data so far: 0
2024-10-19 19:49:13,202 INFO ===> New TaichiEnv created.
2024-10-19 19:49:13,202 INFO ===> Specifications: horizon = 600, dt = 0.01, n_substeps = 20, dt_sub = 0.0005
2024-10-19 19:49:35,678 INFO =====> Epoch: 48
2024-10-19 19:49:35,678 INFO =====> EMD Loss: 31.875831604003906
2024-10-19 19:49:35,678 INFO =====> Height map loss: 32.51018142700195
2024-10-19 19:49:35,678 INFO =====> Insertion loss: 0.0
2024-10-19 19:49:35,678 INFO =====> Grad: [-3.9615449e+04  3.4266069e+05 -2.9457435e-03 -2.8934414e+04
  1.6485669e-03]
2024-10-19 19:49:35,678 INFO =====> Skill params: [ 0.8371193   0.27964032  0.8851183   0.9999102  -0.66753036]
2024-10-19 19:49:35,678 INFO =====> Num. aborted data so far: 0
2024-10-19 19:49:36,021 INFO ===> New TaichiEnv created.
2024-10-19 19:49:36,021 INFO ===> Specifications: horizon = 600, dt = 0.01, n_substeps = 20, dt_sub = 0.0005
2024-10-19 19:49:58,895 INFO =====> Epoch: 49
2024-10-19 19:49:58,895 INFO =====> EMD Loss: 31.860200881958008
2024-10-19 19:49:58,895 INFO =====> Height map loss: 32.50156784057617
2024-10-19 19:49:58,895 INFO =====> Insertion loss: 0.0
2024-10-19 19:49:58,895 INFO =====> Grad: [ 2.3236471e+04 -7.7754106e+05 -4.5308191e-03  1.3536761e+05
  5.5902465e-03]
2024-10-19 19:49:58,895 INFO =====> Skill params: [ 0.8370355   0.27971265  0.88550264  0.9998647  -0.66755146]
2024-10-19 19:49:58,895 INFO =====> Num. aborted data so far: 0
2024-10-19 19:49:59,239 INFO ===> New TaichiEnv created.
2024-10-19 19:49:59,239 INFO ===> Specifications: horizon = 600, dt = 0.01, n_substeps = 20, dt_sub = 0.0005
2024-10-19 19:50:22,299 INFO =====> Epoch: 50
2024-10-19 19:50:22,299 INFO =====> EMD Loss: 31.866168975830078
2024-10-19 19:50:22,299 INFO =====> Height map loss: 32.49957275390625
2024-10-19 19:50:22,299 INFO =====> Insertion loss: 0.0
2024-10-19 19:50:22,300 INFO =====> Grad: [-3.9231262e+03  5.5865473e+04  5.2071322e-04  3.8045784e+03
 -1.1618232e-04]
2024-10-19 19:50:22,300 INFO =====> Skill params: [ 0.8370504   0.27970716  0.8854561   0.9998633  -0.667551  ]
2024-10-19 19:50:22,300 INFO =====> Num. aborted data so far: 0
2024-10-19 19:50:22,640 INFO ===> New TaichiEnv created.
2024-10-19 19:50:22,640 INFO ===> Specifications: horizon = 600, dt = 0.01, n_substeps = 20, dt_sub = 0.0005
2024-10-19 19:50:45,705 INFO =====> Epoch: 51
2024-10-19 19:50:45,705 INFO =====> EMD Loss: 31.860811233520508
2024-10-19 19:50:45,705 INFO =====> Height map loss: 32.50893020629883
2024-10-19 19:50:45,705 INFO =====> Insertion loss: 0.0
2024-10-19 19:50:45,705 INFO =====> Grad: [ 1.4080839e+04 -3.6093603e+05 -5.7633920e-04  8.8584227e+04
  2.0913761e-03]
2024-10-19 19:50:45,705 INFO =====> Skill params: [ 0.836994    0.27974448  0.8855104   0.99983025 -0.66755974]
2024-10-19 19:50:45,705 INFO =====> Num. aborted data so far: 0
2024-10-19 19:50:46,061 INFO ===> New TaichiEnv created.
2024-10-19 19:50:46,061 INFO ===> Specifications: horizon = 600, dt = 0.01, n_substeps = 20, dt_sub = 0.0005
2024-10-19 19:51:08,672 INFO =====> Epoch: 52
2024-10-19 19:51:08,672 INFO =====> EMD Loss: 31.866926193237305
2024-10-19 19:51:08,672 INFO =====> Height map loss: 32.494483947753906
2024-10-19 19:51:08,672 INFO =====> Insertion loss: 0.0
2024-10-19 19:51:08,672 INFO =====> Grad: [ 5.3553394e+03 -8.7511391e+04 -6.9611403e-04  1.0089033e+04
 -2.3647149e-04]
2024-10-19 19:51:08,672 INFO =====> Skill params: [ 0.8369714   0.279754    0.8855795   0.99982625 -0.66755867]
2024-10-19 19:51:08,672 INFO =====> Num. aborted data so far: 0
2024-10-19 19:51:09,041 INFO ===> New TaichiEnv created.
2024-10-19 19:51:09,042 INFO ===> Specifications: horizon = 600, dt = 0.01, n_substeps = 20, dt_sub = 0.0005
2024-10-19 19:51:31,340 INFO =====> Epoch: 53
2024-10-19 19:51:31,340 INFO =====> EMD Loss: 31.86688232421875
2024-10-19 19:51:31,340 INFO =====> Height map loss: 32.50473403930664
2024-10-19 19:51:31,340 INFO =====> Insertion loss: 0.0
2024-10-19 19:51:31,340 INFO =====> Grad: [ 1.2581809e+04  2.8221638e+05  1.3431075e-03 -1.0512977e+05
 -4.0280414e-03]
2024-10-19 19:51:31,340 INFO =====> Skill params: [ 0.8369154   0.2797216   0.88543886  0.9998699  -0.6675399 ]
2024-10-19 19:51:31,340 INFO =====> Num. aborted data so far: 0
2024-10-19 19:51:31,686 INFO ===> New TaichiEnv created.
2024-10-19 19:51:31,686 INFO ===> Specifications: horizon = 600, dt = 0.01, n_substeps = 20, dt_sub = 0.0005
2024-10-19 19:51:54,066 INFO =====> Epoch: 54
2024-10-19 19:51:54,066 INFO =====> EMD Loss: 31.856985092163086
2024-10-19 19:51:54,066 INFO =====> Height map loss: 32.50395584106445
2024-10-19 19:51:54,066 INFO =====> Insertion loss: 0.0
2024-10-19 19:51:54,066 INFO =====> Grad: [-1.5270381e+04 -2.8212855e+04 -1.2894269e-04  5.9166223e+04
 -2.3031300e-03]
2024-10-19 19:51:54,066 INFO =====> Skill params: [ 0.836987    0.27972502  0.8854531   0.999844   -0.66752857]
2024-10-19 19:51:54,066 INFO =====> Num. aborted data so far: 0
2024-10-19 19:51:54,406 INFO ===> New TaichiEnv created.
2024-10-19 19:51:54,406 INFO ===> Specifications: horizon = 600, dt = 0.01, n_substeps = 20, dt_sub = 0.0005
2024-10-19 19:52:17,579 INFO =====> Epoch: 55
2024-10-19 19:52:17,579 INFO =====> EMD Loss: 31.87562370300293
2024-10-19 19:52:17,579 INFO =====> Height map loss: 32.510623931884766
2024-10-19 19:52:17,579 INFO =====> Insertion loss: 0.0
2024-10-19 19:52:17,579 INFO =====> Grad: [-4.1862153e+03 -3.1389170e+04 -2.9315276e-04  1.7433217e+04
 -1.4407219e-03]
2024-10-19 19:52:17,579 INFO =====> Skill params: [ 0.8370077   0.279729    0.8854872   0.99983597 -0.6675211 ]
2024-10-19 19:52:17,579 INFO =====> Num. aborted data so far: 0
2024-10-19 19:52:17,927 INFO ===> New TaichiEnv created.
2024-10-19 19:52:17,927 INFO ===> Specifications: horizon = 600, dt = 0.01, n_substeps = 20, dt_sub = 0.0005
2024-10-19 19:52:40,037 INFO =====> Epoch: 56
2024-10-19 19:52:40,037 INFO =====> EMD Loss: 31.872312545776367
2024-10-19 19:52:40,037 INFO =====> Height map loss: 32.501033782958984
2024-10-19 19:52:40,037 INFO =====> Insertion loss: 0.0
2024-10-19 19:52:40,037 INFO =====> Grad: [-7.8481088e+05  3.2256762e+07  8.9295864e-02 -5.4457680e+06
  3.7863638e-02]
2024-10-19 19:52:40,037 INFO =====> Skill params: [ 0.84109086  0.2754005   0.87469476  1.         -0.6677279 ]
2024-10-19 19:52:40,037 INFO =====> Num. aborted data so far: 0
2024-10-19 19:52:40,409 INFO ===> New TaichiEnv created.
2024-10-19 19:52:40,409 INFO ===> Specifications: horizon = 600, dt = 0.01, n_substeps = 20, dt_sub = 0.0005
2024-10-19 19:53:02,799 INFO =====> Epoch: 57
2024-10-19 19:53:02,799 INFO =====> EMD Loss: 31.876012802124023
2024-10-19 19:53:02,799 INFO =====> Height map loss: 32.61941146850586
2024-10-19 19:53:02,799 INFO =====> Insertion loss: 0.0
2024-10-19 19:53:02,799 INFO =====> Grad: [-4.4657876e+03  4.5449715e+04 -2.2008439e-04 -2.0744043e+04
  1.6366652e-03]
2024-10-19 19:53:02,799 INFO =====> Skill params: [ 0.84111536  0.27539405  0.8747228   1.         -0.6677373 ]
2024-10-19 19:53:02,799 INFO =====> Num. aborted data so far: 0
2024-10-19 19:53:03,177 INFO ===> New TaichiEnv created.
2024-10-19 19:53:03,177 INFO ===> Specifications: horizon = 600, dt = 0.01, n_substeps = 20, dt_sub = 0.0005
2024-10-19 19:53:25,495 INFO =====> Epoch: 58
2024-10-19 19:53:25,495 INFO =====> EMD Loss: 31.87000274658203
2024-10-19 19:53:25,495 INFO =====> Height map loss: 32.579254150390625
2024-10-19 19:53:25,495 INFO =====> Insertion loss: 0.0
2024-10-19 19:53:25,495 INFO =====> Grad: [-5.9387109e+03  8.9465844e+04 -3.9246185e-03 -4.3565376e+03
 -2.1267511e-04]
2024-10-19 19:53:25,495 INFO =====> Skill params: [ 0.8411497  0.2753807  0.8752498  1.        -0.667736 ]
2024-10-19 19:53:25,495 INFO =====> Num. aborted data so far: 0
2024-10-19 19:53:25,851 INFO ===> New TaichiEnv created.
2024-10-19 19:53:25,851 INFO ===> Specifications: horizon = 600, dt = 0.01, n_substeps = 20, dt_sub = 0.0005
2024-10-19 19:53:49,553 INFO =====> Epoch: 59
2024-10-19 19:53:49,553 INFO =====> EMD Loss: 31.868486404418945
2024-10-19 19:53:49,553 INFO =====> Height map loss: 32.61552047729492
2024-10-19 19:53:49,553 INFO =====> Insertion loss: 0.0
2024-10-19 19:53:49,553 INFO =====> Grad: [ 7.7793977e+04 -4.4011320e+06 -7.0629818e-03  1.1246656e+06
 -8.2959317e-02]
2024-10-19 19:53:49,553 INFO =====> Skill params: [ 0.84067565  0.27607235  0.87624943  0.99936044 -0.66720533]
2024-10-19 19:53:49,554 INFO =====> Num. aborted data so far: 0
2024-10-19 19:53:49,908 INFO ===> New TaichiEnv created.
2024-10-19 19:53:49,908 INFO ===> Specifications: horizon = 600, dt = 0.01, n_substeps = 20, dt_sub = 0.0005
2024-10-19 19:54:12,636 INFO =====> Epoch: 60
2024-10-19 19:54:12,636 INFO =====> EMD Loss: 31.86039161682129
2024-10-19 19:54:12,636 INFO =====> Height map loss: 32.57871627807617
2024-10-19 19:54:12,636 INFO =====> Insertion loss: 0.0
2024-10-19 19:54:12,636 INFO =====> Grad: [ 9.4794744e+07 -1.0873562e+09 -2.9753368e+00  9.9510576e+07
 -1.4023262e+00]
2024-10-19 19:54:12,637 INFO =====> Skill params: [ 0.7777686  0.3357464  0.9388626  0.9559654 -0.6578544]
2024-10-19 19:54:12,637 INFO =====> Num. aborted data so far: 0
2024-10-19 19:54:12,986 INFO ===> New TaichiEnv created.
2024-10-19 19:54:12,986 INFO ===> Specifications: horizon = 600, dt = 0.01, n_substeps = 20, dt_sub = 0.0005
2024-10-19 19:54:35,990 ERROR ===> [Warning] Aborting epoch: 61
2024-10-19 19:54:35,990 ERROR ===> [Warning] Particle has nan or inf: False
2024-10-19 19:54:35,990 ERROR ===> [Warning] Strange loss or gradient.
2024-10-19 19:54:35,990 ERROR ===> [Warning] Skill params: [ 0.7777686  0.3357464  0.9388626  0.9559654 -0.6578544]
2024-10-19 19:54:35,990 ERROR ===> [Warning] Skill params grad: [ 5.3210971e+13 -4.8449983e+14 -1.4462025e+06  1.5616975e+13
 -7.9186727e+04]
2024-10-19 19:54:35,990 ERROR ===> [Warning] Loss info: {'particle_has_naninf': False, 'height_map_loss': 31.821977615356445, 'emd_loss': 31.528562545776367, 'total_loss': 31.528562545776367}
2024-10-19 19:54:35,991 INFO =====> Epoch: 61
2024-10-19 19:54:35,991 INFO =====> EMD Loss: nan
2024-10-19 19:54:35,991 INFO =====> Height map loss: nan
2024-10-19 19:54:35,991 INFO =====> Insertion loss: nan
2024-10-19 19:54:35,992 INFO =====> Grad: [1.e-06 1.e-06 1.e-06 1.e-06 1.e-06]
2024-10-19 19:54:35,992 INFO =====> Skill params: [ 0.7777686  0.3357464  0.9388626  0.9559654 -0.6578544]
2024-10-19 19:54:35,992 INFO =====> Num. aborted data so far: 1
2024-10-19 19:54:36,338 INFO ===> New TaichiEnv created.
2024-10-19 19:54:36,338 INFO ===> Specifications: horizon = 600, dt = 0.01, n_substeps = 20, dt_sub = 0.0005
2024-10-19 19:54:58,416 INFO =====> Epoch: 62
2024-10-19 19:54:58,416 INFO =====> EMD Loss: 31.535146713256836
2024-10-19 19:54:58,417 INFO =====> Height map loss: 31.820764541625977
2024-10-19 19:54:58,417 INFO =====> Insertion loss: 0.0
2024-10-19 19:54:58,417 INFO =====> Grad: [ 2.1478925e+08 -2.0620599e+09 -8.4937346e-01  1.4454790e+08
 -4.3949900e+00]
2024-10-19 19:54:58,417 INFO =====> Skill params: [ 0.7190333   0.39224726  0.95781064  0.90902555 -0.62890345]
2024-10-19 19:54:58,417 INFO =====> Num. aborted data so far: 1
2024-10-19 19:54:58,871 INFO ===> New TaichiEnv created.
2024-10-19 19:54:58,871 INFO ===> Specifications: horizon = 600, dt = 0.01, n_substeps = 20, dt_sub = 0.0005
2024-10-19 19:55:21,927 INFO =====> Epoch: 63
2024-10-19 19:55:21,927 INFO =====> EMD Loss: 31.250883102416992
2024-10-19 19:55:21,927 INFO =====> Height map loss: 30.358978271484375
2024-10-19 19:55:21,927 INFO =====> Insertion loss: 0.0
2024-10-19 19:55:21,927 INFO =====> Grad: [-2.8682850e+04  1.1546693e+05  6.3858362e-04  9.7264941e+02
  2.4584519e-05]
2024-10-19 19:55:21,927 INFO =====> Skill params: [ 0.7190416   0.39224392  0.9577956   0.9090252  -0.6289036 ]
2024-10-19 19:55:21,927 INFO =====> Num. aborted data so far: 1
2024-10-19 19:55:22,367 INFO ===> New TaichiEnv created.
2024-10-19 19:55:22,367 INFO ===> Specifications: horizon = 600, dt = 0.01, n_substeps = 20, dt_sub = 0.0005
2024-10-19 19:55:45,761 ERROR ===> [Warning] Aborting epoch: 64
2024-10-19 19:55:45,761 ERROR ===> [Warning] Particle has nan or inf: False
2024-10-19 19:55:45,761 ERROR ===> [Warning] Strange loss or gradient.
2024-10-19 19:55:45,761 ERROR ===> [Warning] Skill params: [ 0.7190416   0.39224392  0.9577956   0.9090252  -0.6289036 ]
2024-10-19 19:55:45,761 ERROR ===> [Warning] Skill params grad: [ 7.2757056e+13 -9.5967172e+14  4.1241520e+06  1.7978550e+14
  1.1607777e+07]
2024-10-19 19:55:45,761 ERROR ===> [Warning] Loss info: {'particle_has_naninf': False, 'height_map_loss': 30.358627319335938, 'emd_loss': 31.246580123901367, 'total_loss': 31.246580123901367}
2024-10-19 19:55:45,762 INFO =====> Epoch: 64
2024-10-19 19:55:45,762 INFO =====> EMD Loss: nan
2024-10-19 19:55:45,762 INFO =====> Height map loss: nan
2024-10-19 19:55:45,762 INFO =====> Insertion loss: nan
2024-10-19 19:55:45,762 INFO =====> Grad: [1.e-06 1.e-06 1.e-06 1.e-06 1.e-06]
2024-10-19 19:55:45,763 INFO =====> Skill params: [ 0.7190416   0.39224392  0.9577956   0.9090252  -0.6289036 ]
2024-10-19 19:55:45,763 INFO =====> Num. aborted data so far: 2
2024-10-19 19:55:46,125 INFO ===> New TaichiEnv created.
2024-10-19 19:55:46,125 INFO ===> Specifications: horizon = 600, dt = 0.01, n_substeps = 20, dt_sub = 0.0005
2024-10-19 19:56:08,699 INFO =====> Epoch: 65
2024-10-19 19:56:08,699 INFO =====> EMD Loss: 31.248371124267578
2024-10-19 19:56:08,699 INFO =====> Height map loss: 30.344951629638672
2024-10-19 19:56:08,699 INFO =====> Insertion loss: 0.0
2024-10-19 19:56:08,699 INFO =====> Grad: [ 3.8057966e+03 -4.3299082e+03 -3.1019544e-04 -2.1143434e+04
 -2.4977904e-03]
2024-10-19 19:56:08,699 INFO =====> Skill params: [ 0.7190404   0.39224407  0.9578037   0.90903324 -0.6288844 ]
2024-10-19 19:56:08,699 INFO =====> Num. aborted data so far: 2
2024-10-19 19:56:09,064 INFO ===> New TaichiEnv created.
2024-10-19 19:56:09,064 INFO ===> Specifications: horizon = 600, dt = 0.01, n_substeps = 20, dt_sub = 0.0005
2024-10-19 19:56:32,700 ERROR ===> [Warning] Aborting epoch: 66
2024-10-19 19:56:32,700 ERROR ===> [Warning] Particle has nan or inf: False
2024-10-19 19:56:32,700 ERROR ===> [Warning] Strange loss or gradient.
2024-10-19 19:56:32,700 ERROR ===> [Warning] Skill params: [ 0.7190404   0.39224407  0.9578037   0.90903324 -0.6288844 ]
2024-10-19 19:56:32,700 ERROR ===> [Warning] Skill params grad: [-1.8474663e+14  2.4604630e+15 -2.0523838e+07 -4.5986926e+14
 -2.1172750e+07]
2024-10-19 19:56:32,700 ERROR ===> [Warning] Loss info: {'particle_has_naninf': False, 'height_map_loss': 30.354541778564453, 'emd_loss': 31.25222396850586, 'total_loss': 31.25222396850586}
2024-10-19 19:56:32,701 INFO =====> Epoch: 66
2024-10-19 19:56:32,701 INFO =====> EMD Loss: nan
2024-10-19 19:56:32,701 INFO =====> Height map loss: nan
2024-10-19 19:56:32,701 INFO =====> Insertion loss: nan
2024-10-19 19:56:32,701 INFO =====> Grad: [1.e-06 1.e-06 1.e-06 1.e-06 1.e-06]
2024-10-19 19:56:32,701 INFO =====> Skill params: [ 0.7190404   0.39224407  0.9578037   0.90903324 -0.6288844 ]
2024-10-19 19:56:32,701 INFO =====> Num. aborted data so far: 3
2024-10-19 19:56:33,060 INFO ===> New TaichiEnv created.
2024-10-19 19:56:33,060 INFO ===> Specifications: horizon = 600, dt = 0.01, n_substeps = 20, dt_sub = 0.0005
2024-10-19 19:56:55,696 INFO =====> Epoch: 67
2024-10-19 19:56:55,696 INFO =====> EMD Loss: 31.238672256469727
2024-10-19 19:56:55,697 INFO =====> Height map loss: 30.347755432128906
2024-10-19 19:56:55,697 INFO =====> Insertion loss: 0.0
2024-10-19 19:56:55,697 INFO =====> Grad: [ 4.24792227e+04 -1.73279109e+05 -1.16946154e-04  3.93868984e+04
 -3.88855318e-04]
2024-10-19 19:56:55,697 INFO =====> Skill params: [ 0.71902525  0.39225024  0.9578071   0.9090166  -0.62888104]
2024-10-19 19:56:55,697 INFO =====> Num. aborted data so far: 3
2024-10-19 19:56:56,070 INFO ===> New TaichiEnv created.
2024-10-19 19:56:56,070 INFO ===> Specifications: horizon = 600, dt = 0.01, n_substeps = 20, dt_sub = 0.0005
2024-10-19 19:57:19,047 INFO =====> Epoch: 68
2024-10-19 19:57:19,048 INFO =====> EMD Loss: 31.246278762817383
2024-10-19 19:57:19,048 INFO =====> Height map loss: 30.359264373779297
2024-10-19 19:57:19,048 INFO =====> Insertion loss: 0.0
2024-10-19 19:57:19,048 INFO =====> Grad: [ 8.5981616e+02 -1.3913207e+04 -6.1285088e-04  3.8843340e+04
  3.4109026e-03]
2024-10-19 19:57:19,048 INFO =====> Skill params: [ 0.71902496  0.39225078  0.9578259   0.9089993  -0.62891185]
2024-10-19 19:57:19,048 INFO =====> Num. aborted data so far: 3
2024-10-19 19:57:19,487 INFO ===> New TaichiEnv created.
2024-10-19 19:57:19,487 INFO ===> Specifications: horizon = 600, dt = 0.01, n_substeps = 20, dt_sub = 0.0005
2024-10-19 19:57:42,346 ERROR ===> [Warning] Aborting epoch: 69
2024-10-19 19:57:42,346 ERROR ===> [Warning] Particle has nan or inf: False
2024-10-19 19:57:42,346 ERROR ===> [Warning] Strange loss or gradient.
2024-10-19 19:57:42,346 ERROR ===> [Warning] Skill params: [ 0.71902496  0.39225078  0.9578259   0.9089993  -0.62891185]
2024-10-19 19:57:42,346 ERROR ===> [Warning] Skill params grad: [-1.4118875e+12  1.8988868e+13 -7.9456406e+04 -3.5298843e+12
 -3.7701914e+04]
2024-10-19 19:57:42,346 ERROR ===> [Warning] Loss info: {'particle_has_naninf': False, 'height_map_loss': 30.36090850830078, 'emd_loss': 31.232858657836914, 'total_loss': 31.232858657836914}
2024-10-19 19:57:42,347 INFO =====> Epoch: 69
2024-10-19 19:57:42,347 INFO =====> EMD Loss: nan
2024-10-19 19:57:42,347 INFO =====> Height map loss: nan
2024-10-19 19:57:42,347 INFO =====> Insertion loss: nan
2024-10-19 19:57:42,347 INFO =====> Grad: [1.e-06 1.e-06 1.e-06 1.e-06 1.e-06]
2024-10-19 19:57:42,347 INFO =====> Skill params: [ 0.71902496  0.39225078  0.95782584  0.9089993  -0.62891185]
2024-10-19 19:57:42,347 INFO =====> Num. aborted data so far: 4
2024-10-19 19:57:42,709 INFO ===> New TaichiEnv created.
2024-10-19 19:57:42,709 INFO ===> Specifications: horizon = 600, dt = 0.01, n_substeps = 20, dt_sub = 0.0005
2024-10-19 19:58:05,157 ERROR ===> [Warning] Aborting epoch: 70
2024-10-19 19:58:05,157 ERROR ===> [Warning] Particle has nan or inf: False
2024-10-19 19:58:05,157 ERROR ===> [Warning] Strange loss or gradient.
2024-10-19 19:58:05,157 ERROR ===> [Warning] Skill params: [ 0.71902496  0.39225078  0.95782584  0.9089993  -0.62891185]
2024-10-19 19:58:05,157 ERROR ===> [Warning] Skill params grad: [ 6.5284127e+12 -8.7132656e+13 -3.8720400e+05  1.6152749e+13
  2.0270880e+06]
2024-10-19 19:58:05,157 ERROR ===> [Warning] Loss info: {'particle_has_naninf': False, 'height_map_loss': 30.360044479370117, 'emd_loss': 31.233675003051758, 'total_loss': 31.233675003051758}
2024-10-19 19:58:05,158 INFO =====> Epoch: 70
2024-10-19 19:58:05,158 INFO =====> EMD Loss: nan
2024-10-19 19:58:05,158 INFO =====> Height map loss: nan
2024-10-19 19:58:05,158 INFO =====> Insertion loss: nan
2024-10-19 19:58:05,158 INFO =====> Grad: [1.e-06 1.e-06 1.e-06 1.e-06 1.e-06]
2024-10-19 19:58:05,158 INFO =====> Skill params: [ 0.71902496  0.39225078  0.9578258   0.9089993  -0.62891185]
2024-10-19 19:58:05,158 INFO =====> Num. aborted data so far: 5
2024-10-19 19:58:05,503 INFO ===> New TaichiEnv created.
2024-10-19 19:58:05,503 INFO ===> Specifications: horizon = 600, dt = 0.01, n_substeps = 20, dt_sub = 0.0005
2024-10-19 19:58:28,229 INFO =====> Epoch: 71
2024-10-19 19:58:28,229 INFO =====> EMD Loss: 31.234865188598633
2024-10-19 19:58:28,229 INFO =====> Height map loss: 30.363340377807617
2024-10-19 19:58:28,229 INFO =====> Insertion loss: 0.0
2024-10-19 19:58:28,229 INFO =====> Grad: [-2.3784318e+04  1.4224208e+05 -8.1198523e-06 -1.4643458e+04
 -7.1117526e-04]
2024-10-19 19:58:28,229 INFO =====> Skill params: [ 0.7190354   0.39224452  0.9578261   0.90900695 -0.62890434]
2024-10-19 19:58:28,229 INFO =====> Num. aborted data so far: 5
2024-10-19 19:58:28,592 INFO ===> New TaichiEnv created.
2024-10-19 19:58:28,592 INFO ===> Specifications: horizon = 600, dt = 0.01, n_substeps = 20, dt_sub = 0.0005
2024-10-19 19:58:50,967 INFO =====> Epoch: 72
2024-10-19 19:58:50,967 INFO =====> EMD Loss: 31.24603843688965
2024-10-19 19:58:50,967 INFO =====> Height map loss: 30.358110427856445
2024-10-19 19:58:50,967 INFO =====> Insertion loss: 0.0
2024-10-19 19:58:50,967 INFO =====> Grad: [ 9.1553828e+03 -2.8322410e+04  7.9617312e-04  8.2598570e+04
 -2.2309877e-03]
2024-10-19 19:58:50,967 INFO =====> Skill params: [ 0.71903116  0.39224583  0.957796    0.90896153 -0.6288794 ]
2024-10-19 19:58:50,967 INFO =====> Num. aborted data so far: 5
2024-10-19 19:58:51,344 INFO ===> New TaichiEnv created.
2024-10-19 19:58:51,344 INFO ===> Specifications: horizon = 600, dt = 0.01, n_substeps = 20, dt_sub = 0.0005
2024-10-19 19:59:23,348 ERROR ===> [Warning] Aborting epoch: 73
2024-10-19 19:59:23,349 ERROR ===> [Warning] Particle has nan or inf: False
2024-10-19 19:59:23,349 ERROR ===> [Warning] Strange loss or gradient.
2024-10-19 19:59:23,349 ERROR ===> [Warning] Skill params: [ 0.71903116  0.39224583  0.957796    0.90896153 -0.6288794 ]
2024-10-19 19:59:23,349 ERROR ===> [Warning] Skill params grad: [-9.9411231e+11  1.3065541e+13 -1.9763949e+04 -2.4475704e+12
  1.8747908e+05]
2024-10-19 19:59:23,349 ERROR ===> [Warning] Loss info: {'particle_has_naninf': False, 'height_map_loss': 30.360851287841797, 'emd_loss': 31.246944427490234, 'total_loss': 31.246944427490234}
2024-10-19 19:59:23,350 INFO =====> Epoch: 73
2024-10-19 19:59:23,350 INFO =====> EMD Loss: nan
2024-10-19 19:59:23,350 INFO =====> Height map loss: nan
2024-10-19 19:59:23,350 INFO =====> Insertion loss: nan
2024-10-19 19:59:23,350 INFO =====> Grad: [1.e-06 1.e-06 1.e-06 1.e-06 1.e-06]
2024-10-19 19:59:23,350 INFO =====> Skill params: [ 0.71903116  0.39224583  0.9577959   0.90896153 -0.6288794 ]
2024-10-19 19:59:23,350 INFO =====> Num. aborted data so far: 6
2024-10-19 19:59:23,743 INFO ===> New TaichiEnv created.
2024-10-19 19:59:23,743 INFO ===> Specifications: horizon = 600, dt = 0.01, n_substeps = 20, dt_sub = 0.0005
2024-10-19 19:59:46,929 ERROR ===> [Warning] Aborting epoch: 74
2024-10-19 19:59:46,929 ERROR ===> [Warning] Particle has nan or inf: False
2024-10-19 19:59:46,929 ERROR ===> [Warning] Strange loss or gradient.
2024-10-19 19:59:46,929 ERROR ===> [Warning] Skill params: [ 0.71903116  0.39224583  0.9577959   0.90896153 -0.6288794 ]
2024-10-19 19:59:46,930 ERROR ===> [Warning] Skill params grad: [-7.3829759e+12  9.7336030e+13 -1.5728656e+05 -1.8139258e+13
 -1.8995070e+05]
2024-10-19 19:59:46,930 ERROR ===> [Warning] Loss info: {'particle_has_naninf': False, 'height_map_loss': 30.3559513092041, 'emd_loss': 31.249357223510742, 'total_loss': 31.249357223510742}
2024-10-19 19:59:46,931 INFO =====> Epoch: 74
2024-10-19 19:59:46,931 INFO =====> EMD Loss: nan
2024-10-19 19:59:46,931 INFO =====> Height map loss: nan
2024-10-19 19:59:46,931 INFO =====> Insertion loss: nan
2024-10-19 19:59:46,931 INFO =====> Grad: [1.e-06 1.e-06 1.e-06 1.e-06 1.e-06]
2024-10-19 19:59:46,931 INFO =====> Skill params: [ 0.71903116  0.39224583  0.95779586  0.90896153 -0.6288794 ]
2024-10-19 19:59:46,931 INFO =====> Num. aborted data so far: 7
2024-10-19 19:59:47,284 INFO ===> New TaichiEnv created.
2024-10-19 19:59:47,284 INFO ===> Specifications: horizon = 600, dt = 0.01, n_substeps = 20, dt_sub = 0.0005
2024-10-19 20:00:09,763 INFO =====> Epoch: 75
2024-10-19 20:00:09,763 INFO =====> EMD Loss: 31.248077392578125
2024-10-19 20:00:09,763 INFO =====> Height map loss: 30.36147117614746
2024-10-19 20:00:09,763 INFO =====> Insertion loss: 0.0
2024-10-19 20:00:09,763 INFO =====> Grad: [-2.2315406e+04  1.2430264e+05  3.0738476e-04 -1.8189928e+04
  5.9665210e-04]
2024-10-19 20:00:09,763 INFO =====> Skill params: [ 0.71904325  0.39223906  0.95778227  0.9089733  -0.62888724]
2024-10-19 20:00:09,763 INFO =====> Num. aborted data so far: 7
2024-10-19 20:00:10,123 INFO ===> New TaichiEnv created.
2024-10-19 20:00:10,123 INFO ===> Specifications: horizon = 600, dt = 0.01, n_substeps = 20, dt_sub = 0.0005
2024-10-19 20:00:32,926 INFO =====> Epoch: 76
2024-10-19 20:00:32,926 INFO =====> EMD Loss: 31.247325897216797
2024-10-19 20:00:32,926 INFO =====> Height map loss: 30.36431121826172
2024-10-19 20:00:32,926 INFO =====> Insertion loss: 0.0
2024-10-19 20:00:32,926 INFO =====> Grad: [-3.3538352e+04  1.0786610e+05 -1.4151660e-04  3.7601617e+04
  2.1540896e-04]
2024-10-19 20:00:32,926 INFO =====> Skill params: [ 0.71906245  0.3922329   0.9577889   0.90894777 -0.6288902 ]
2024-10-19 20:00:32,926 INFO =====> Num. aborted data so far: 7
2024-10-19 20:00:33,278 INFO ===> New TaichiEnv created.
2024-10-19 20:00:33,278 INFO ===> Specifications: horizon = 600, dt = 0.01, n_substeps = 20, dt_sub = 0.0005
2024-10-19 20:00:56,563 ERROR ===> [Warning] Aborting epoch: 77
2024-10-19 20:00:56,563 ERROR ===> [Warning] Particle has nan or inf: False
2024-10-19 20:00:56,563 ERROR ===> [Warning] Strange loss or gradient.
2024-10-19 20:00:56,563 ERROR ===> [Warning] Skill params: [ 0.71906245  0.3922329   0.9577889   0.90894777 -0.6288902 ]
2024-10-19 20:00:56,563 ERROR ===> [Warning] Skill params grad: [ 1.39400235e+14 -1.84597332e+15 -1.76393920e+07  3.43047628e+14
 -2.87460300e+07]
2024-10-19 20:00:56,563 ERROR ===> [Warning] Loss info: {'particle_has_naninf': False, 'height_map_loss': 30.361677169799805, 'emd_loss': 31.234132766723633, 'total_loss': 31.234132766723633}
2024-10-19 20:00:56,564 INFO =====> Epoch: 77
2024-10-19 20:00:56,564 INFO =====> EMD Loss: nan
2024-10-19 20:00:56,564 INFO =====> Height map loss: nan
2024-10-19 20:00:56,564 INFO =====> Insertion loss: nan
2024-10-19 20:00:56,564 INFO =====> Grad: [1.e-06 1.e-06 1.e-06 1.e-06 1.e-06]
2024-10-19 20:00:56,564 INFO =====> Skill params: [ 0.71906245  0.3922329   0.9577888   0.90894777 -0.6288902 ]
2024-10-19 20:00:56,564 INFO =====> Num. aborted data so far: 8
2024-10-19 20:00:56,976 INFO ===> New TaichiEnv created.
2024-10-19 20:00:56,976 INFO ===> Specifications: horizon = 600, dt = 0.01, n_substeps = 20, dt_sub = 0.0005
2024-10-19 20:01:19,543 INFO =====> Epoch: 78
2024-10-19 20:01:19,543 INFO =====> EMD Loss: 31.2327823638916
2024-10-19 20:01:19,543 INFO =====> Height map loss: 30.354312896728516
2024-10-19 20:01:19,543 INFO =====> Insertion loss: 0.0
2024-10-19 20:01:19,543 INFO =====> Grad: [ 8.6035767e+02 -5.7629829e+03  2.5645789e-04 -2.0932020e+04
 -1.7571915e-03]
2024-10-19 20:01:19,543 INFO =====> Skill params: [ 0.7190619   0.39223325  0.95777553  0.90896356 -0.62886333]
2024-10-19 20:01:19,543 INFO =====> Num. aborted data so far: 8
2024-10-19 20:01:19,911 INFO ===> New TaichiEnv created.
2024-10-19 20:01:19,911 INFO ===> Specifications: horizon = 600, dt = 0.01, n_substeps = 20, dt_sub = 0.0005
2024-10-19 20:01:42,629 ERROR ===> [Warning] Aborting epoch: 79
2024-10-19 20:01:42,629 ERROR ===> [Warning] Particle has nan or inf: False
2024-10-19 20:01:42,629 ERROR ===> [Warning] Strange loss or gradient.
2024-10-19 20:01:42,629 ERROR ===> [Warning] Skill params: [ 0.7190619   0.39223325  0.95777553  0.90896356 -0.62886333]
2024-10-19 20:01:42,629 ERROR ===> [Warning] Skill params grad: [-4.3654505e+13  5.6894667e+14 -2.1905685e+06 -1.0656870e+14
  1.0822943e+07]
2024-10-19 20:01:42,629 ERROR ===> [Warning] Loss info: {'particle_has_naninf': False, 'height_map_loss': 30.357791900634766, 'emd_loss': 31.24586296081543, 'total_loss': 31.24586296081543}
2024-10-19 20:01:42,630 INFO =====> Epoch: 79
2024-10-19 20:01:42,630 INFO =====> EMD Loss: nan
2024-10-19 20:01:42,630 INFO =====> Height map loss: nan
2024-10-19 20:01:42,630 INFO =====> Insertion loss: nan
2024-10-19 20:01:42,631 INFO =====> Grad: [1.e-06 1.e-06 1.e-06 1.e-06 1.e-06]
2024-10-19 20:01:42,631 INFO =====> Skill params: [ 0.7190619   0.39223325  0.9577755   0.90896356 -0.62886333]
2024-10-19 20:01:42,631 INFO =====> Num. aborted data so far: 9
2024-10-19 20:01:42,990 INFO ===> New TaichiEnv created.
2024-10-19 20:01:42,990 INFO ===> Specifications: horizon = 600, dt = 0.01, n_substeps = 20, dt_sub = 0.0005
2024-10-19 20:02:05,986 INFO =====> Epoch: 80
2024-10-19 20:02:05,986 INFO =====> EMD Loss: 31.247983932495117
2024-10-19 20:02:05,986 INFO =====> Height map loss: 30.362031936645508
2024-10-19 20:02:05,986 INFO =====> Insertion loss: 0.0
2024-10-19 20:02:05,986 INFO =====> Grad: [ 4.1226660e+04 -1.7281883e+05  5.0079124e-04 -1.4975144e+04
  8.4584410e-04]
2024-10-19 20:02:05,986 INFO =====> Skill params: [ 0.7190328   0.39224547  0.9577466   0.90897614 -0.6288777 ]
2024-10-19 20:02:05,986 INFO =====> Num. aborted data so far: 9
2024-10-19 20:02:06,349 INFO ===> New TaichiEnv created.
2024-10-19 20:02:06,349 INFO ===> Specifications: horizon = 600, dt = 0.01, n_substeps = 20, dt_sub = 0.0005
2024-10-19 20:02:29,103 ERROR ===> [Warning] Aborting epoch: 81
2024-10-19 20:02:29,103 ERROR ===> [Warning] Particle has nan or inf: False
2024-10-19 20:02:29,103 ERROR ===> [Warning] Strange loss or gradient.
2024-10-19 20:02:29,103 ERROR ===> [Warning] Skill params: [ 0.7190328   0.39224547  0.9577466   0.90897614 -0.6288777 ]
2024-10-19 20:02:29,103 ERROR ===> [Warning] Skill params grad: [-2.1189464e+13  2.8093921e+14 -9.7977212e+05 -5.2214572e+13
  5.3040062e+05]
2024-10-19 20:02:29,103 ERROR ===> [Warning] Loss info: {'particle_has_naninf': False, 'height_map_loss': 30.359785079956055, 'emd_loss': 31.232913970947266, 'total_loss': 31.232913970947266}
2024-10-19 20:02:29,104 INFO =====> Epoch: 81
2024-10-19 20:02:29,104 INFO =====> EMD Loss: nan
2024-10-19 20:02:29,104 INFO =====> Height map loss: nan
2024-10-19 20:02:29,104 INFO =====> Insertion loss: nan
2024-10-19 20:02:29,104 INFO =====> Grad: [1.e-06 1.e-06 1.e-06 1.e-06 1.e-06]
2024-10-19 20:02:29,104 INFO =====> Skill params: [ 0.7190328   0.39224547  0.95774657  0.90897614 -0.6288777 ]
2024-10-19 20:02:29,104 INFO =====> Num. aborted data so far: 10
2024-10-19 20:02:29,458 INFO ===> New TaichiEnv created.
2024-10-19 20:02:29,458 INFO ===> Specifications: horizon = 600, dt = 0.01, n_substeps = 20, dt_sub = 0.0005
2024-10-19 20:02:52,232 INFO =====> Epoch: 82
2024-10-19 20:02:52,232 INFO =====> EMD Loss: 31.232322692871094
2024-10-19 20:02:52,233 INFO =====> Height map loss: 30.3594913482666
2024-10-19 20:02:52,233 INFO =====> Insertion loss: 0.0
2024-10-19 20:02:52,233 INFO =====> Grad: [-3.22286387e+04  1.12232695e+05 -8.81048327e-05  5.98306946e+02
  3.79864355e-06]
2024-10-19 20:02:52,233 INFO =====> Skill params: [ 0.7190581   0.39223665  0.9577522   0.9089756  -0.62887776]
2024-10-19 20:02:52,233 INFO =====> Num. aborted data so far: 10
2024-10-19 20:02:52,628 INFO ===> New TaichiEnv created.
2024-10-19 20:02:52,628 INFO ===> Specifications: horizon = 600, dt = 0.01, n_substeps = 20, dt_sub = 0.0005
2024-10-19 20:03:15,513 INFO =====> Epoch: 83
2024-10-19 20:03:15,514 INFO =====> EMD Loss: 31.24854278564453
2024-10-19 20:03:15,514 INFO =====> Height map loss: 30.355714797973633
2024-10-19 20:03:15,514 INFO =====> Insertion loss: 0.0
2024-10-19 20:03:15,514 INFO =====> Grad: [-1.0365184e+04  3.6302922e+04 -4.0555227e-04  2.8495150e+04
  2.3001535e-03]
2024-10-19 20:03:15,514 INFO =====> Skill params: [ 0.7190667   0.39223364  0.9577796   0.90894765 -0.62892354]
2024-10-19 20:03:15,514 INFO =====> Num. aborted data so far: 10
2024-10-19 20:03:15,868 INFO ===> New TaichiEnv created.
2024-10-19 20:03:15,869 INFO ===> Specifications: horizon = 600, dt = 0.01, n_substeps = 20, dt_sub = 0.0005
2024-10-19 20:03:38,688 ERROR ===> [Warning] Aborting epoch: 84
2024-10-19 20:03:38,688 ERROR ===> [Warning] Particle has nan or inf: False
2024-10-19 20:03:38,688 ERROR ===> [Warning] Strange loss or gradient.
2024-10-19 20:03:38,688 ERROR ===> [Warning] Skill params: [ 0.7190667   0.39223364  0.9577796   0.90894765 -0.62892354]
2024-10-19 20:03:38,688 ERROR ===> [Warning] Skill params grad: [ 3.0875027e+14 -4.1028926e+15 -2.2424772e+07  7.6234032e+14
 -4.2305132e+07]
2024-10-19 20:03:38,688 ERROR ===> [Warning] Loss info: {'particle_has_naninf': False, 'height_map_loss': 30.354902267456055, 'emd_loss': 31.250911712646484, 'total_loss': 31.250911712646484}
2024-10-19 20:03:38,689 INFO =====> Epoch: 84
2024-10-19 20:03:38,689 INFO =====> EMD Loss: nan
2024-10-19 20:03:38,689 INFO =====> Height map loss: nan
2024-10-19 20:03:38,689 INFO =====> Insertion loss: nan
2024-10-19 20:03:38,689 INFO =====> Grad: [1.e-06 1.e-06 1.e-06 1.e-06 1.e-06]
2024-10-19 20:03:38,689 INFO =====> Skill params: [ 0.7190667   0.39223364  0.9577795   0.90894765 -0.62892354]
2024-10-19 20:03:38,689 INFO =====> Num. aborted data so far: 11
2024-10-19 20:03:39,111 INFO ===> New TaichiEnv created.
2024-10-19 20:03:39,111 INFO ===> Specifications: horizon = 600, dt = 0.01, n_substeps = 20, dt_sub = 0.0005
2024-10-19 20:04:01,723 ERROR ===> [Warning] Aborting epoch: 85
2024-10-19 20:04:01,723 ERROR ===> [Warning] Particle has nan or inf: False
2024-10-19 20:04:01,723 ERROR ===> [Warning] Strange loss or gradient.
2024-10-19 20:04:01,723 ERROR ===> [Warning] Skill params: [ 0.7190667   0.39223364  0.9577795   0.90894765 -0.62892354]
2024-10-19 20:04:01,723 ERROR ===> [Warning] Skill params grad: [-1.6934403e+12  2.2326177e+13  9.1010367e+04 -4.1596617e+12
  3.7470225e+05]
2024-10-19 20:04:01,723 ERROR ===> [Warning] Loss info: {'particle_has_naninf': False, 'height_map_loss': 30.357553482055664, 'emd_loss': 31.233457565307617, 'total_loss': 31.233457565307617}
2024-10-19 20:04:01,724 INFO =====> Epoch: 85
2024-10-19 20:04:01,724 INFO =====> EMD Loss: nan
2024-10-19 20:04:01,724 INFO =====> Height map loss: nan
2024-10-19 20:04:01,724 INFO =====> Insertion loss: nan
2024-10-19 20:04:01,724 INFO =====> Grad: [1.e-06 1.e-06 1.e-06 1.e-06 1.e-06]
2024-10-19 20:04:01,724 INFO =====> Skill params: [ 0.7190667   0.39223364  0.95777947  0.90894765 -0.62892354]
2024-10-19 20:04:01,724 INFO =====> Num. aborted data so far: 12
2024-10-19 20:04:02,081 INFO ===> New TaichiEnv created.
2024-10-19 20:04:02,081 INFO ===> Specifications: horizon = 600, dt = 0.01, n_substeps = 20, dt_sub = 0.0005
2024-10-19 20:04:25,134 ERROR ===> [Warning] Aborting epoch: 86
2024-10-19 20:04:25,134 ERROR ===> [Warning] Particle has nan or inf: False
2024-10-19 20:04:25,134 ERROR ===> [Warning] Strange loss or gradient.
2024-10-19 20:04:25,134 ERROR ===> [Warning] Skill params: [ 0.7190667   0.39223364  0.95777947  0.90894765 -0.62892354]
2024-10-19 20:04:25,134 ERROR ===> [Warning] Skill params grad: [ 6.9429336e+12 -9.1646834e+13 -7.0212825e+05  1.7026785e+13
 -6.4808500e+04]
2024-10-19 20:04:25,135 ERROR ===> [Warning] Loss info: {'particle_has_naninf': False, 'height_map_loss': 30.354541778564453, 'emd_loss': 31.233001708984375, 'total_loss': 31.233001708984375}
2024-10-19 20:04:25,135 INFO =====> Epoch: 86
2024-10-19 20:04:25,135 INFO =====> EMD Loss: nan
2024-10-19 20:04:25,135 INFO =====> Height map loss: nan
2024-10-19 20:04:25,135 INFO =====> Insertion loss: nan
2024-10-19 20:04:25,136 INFO =====> Grad: [1.e-06 1.e-06 1.e-06 1.e-06 1.e-06]
2024-10-19 20:04:25,136 INFO =====> Skill params: [ 0.7190667   0.39223364  0.9577794   0.90894765 -0.62892354]
2024-10-19 20:04:25,136 INFO =====> Num. aborted data so far: 13
2024-10-19 20:04:25,488 INFO ===> New TaichiEnv created.
2024-10-19 20:04:25,488 INFO ===> Specifications: horizon = 600, dt = 0.01, n_substeps = 20, dt_sub = 0.0005
2024-10-19 20:04:48,429 INFO =====> Epoch: 87
2024-10-19 20:04:48,430 INFO =====> EMD Loss: 31.237741470336914
2024-10-19 20:04:48,430 INFO =====> Height map loss: 30.360633850097656
2024-10-19 20:04:48,430 INFO =====> Insertion loss: 0.0
2024-10-19 20:04:48,430 INFO =====> Grad: [-2.7157012e+04  8.0705602e+04 -1.1727178e-04 -2.9035139e+03
 -3.5884519e-04]
2024-10-19 20:04:48,430 INFO =====> Skill params: [ 0.7190944   0.39222538  0.9577892   0.90895116 -0.6289147 ]
2024-10-19 20:04:48,430 INFO =====> Num. aborted data so far: 13
2024-10-19 20:04:48,784 INFO ===> New TaichiEnv created.
2024-10-19 20:04:48,784 INFO ===> Specifications: horizon = 600, dt = 0.01, n_substeps = 20, dt_sub = 0.0005
2024-10-19 20:05:11,263 ERROR ===> [Warning] Aborting epoch: 88
2024-10-19 20:05:11,263 ERROR ===> [Warning] Particle has nan or inf: False
2024-10-19 20:05:11,263 ERROR ===> [Warning] Strange loss or gradient.
2024-10-19 20:05:11,264 ERROR ===> [Warning] Skill params: [ 0.7190944   0.39222538  0.9577892   0.90895116 -0.6289147 ]
2024-10-19 20:05:11,264 ERROR ===> [Warning] Skill params grad: [ 2.0591536e+11 -2.7497372e+12  1.5431011e+04  5.0386833e+11
 -3.3682949e+04]
2024-10-19 20:05:11,264 ERROR ===> [Warning] Loss info: {'particle_has_naninf': False, 'height_map_loss': 30.351850509643555, 'emd_loss': 31.240217208862305, 'total_loss': 31.240217208862305}
2024-10-19 20:05:11,264 INFO =====> Epoch: 88
2024-10-19 20:05:11,265 INFO =====> EMD Loss: nan
2024-10-19 20:05:11,265 INFO =====> Height map loss: nan
2024-10-19 20:05:11,265 INFO =====> Insertion loss: nan
2024-10-19 20:05:11,265 INFO =====> Grad: [1.e-06 1.e-06 1.e-06 1.e-06 1.e-06]
2024-10-19 20:05:11,265 INFO =====> Skill params: [ 0.7190944   0.39222538  0.9577891   0.90895116 -0.6289147 ]
2024-10-19 20:05:11,265 INFO =====> Num. aborted data so far: 14
2024-10-19 20:05:11,622 INFO ===> New TaichiEnv created.
2024-10-19 20:05:11,622 INFO ===> Specifications: horizon = 600, dt = 0.01, n_substeps = 20, dt_sub = 0.0005
2024-10-19 20:05:34,076 INFO =====> Epoch: 89
2024-10-19 20:05:34,076 INFO =====> EMD Loss: 31.240629196166992
2024-10-19 20:05:34,076 INFO =====> Height map loss: 30.35336685180664
2024-10-19 20:05:34,076 INFO =====> Insertion loss: 0.0
2024-10-19 20:05:34,076 INFO =====> Grad: [-2.9152631e+05  1.0826558e+06 -2.4406540e-03  3.0593823e+02
 -2.9948782e-04]
2024-10-19 20:05:34,076 INFO =====> Skill params: [ 0.71942496  0.39210236  0.9580149   0.90895075 -0.62890655]
2024-10-19 20:05:34,076 INFO =====> Num. aborted data so far: 14
2024-10-19 20:05:34,445 INFO ===> New TaichiEnv created.
2024-10-19 20:05:34,445 INFO ===> Specifications: horizon = 600, dt = 0.01, n_substeps = 20, dt_sub = 0.0005
2024-10-19 20:05:57,041 INFO =====> Epoch: 90
2024-10-19 20:05:57,041 INFO =====> EMD Loss: 31.28095817565918
2024-10-19 20:05:57,041 INFO =====> Height map loss: 30.344497680664062
2024-10-19 20:05:57,041 INFO =====> Insertion loss: 0.0
2024-10-19 20:05:57,041 INFO =====> Grad: [-1.5094889e+04  6.8819258e+04 -6.3980202e-05 -1.9570688e+04
 -1.9822426e-03]
2024-10-19 20:05:57,041 INFO =====> Skill params: [ 0.719443    0.3920941   0.95802116  0.9089785  -0.62884945]
2024-10-19 20:05:57,041 INFO =====> Num. aborted data so far: 14
2024-10-19 20:05:57,402 INFO ===> New TaichiEnv created.
2024-10-19 20:05:57,402 INFO ===> Specifications: horizon = 600, dt = 0.01, n_substeps = 20, dt_sub = 0.0005
2024-10-19 20:06:20,353 ERROR ===> [Warning] Aborting epoch: 91
2024-10-19 20:06:20,353 ERROR ===> [Warning] Particle has nan or inf: False
2024-10-19 20:06:20,353 ERROR ===> [Warning] Strange loss or gradient.
2024-10-19 20:06:20,353 ERROR ===> [Warning] Skill params: [ 0.719443    0.3920941   0.95802116  0.9089785  -0.62884945]
2024-10-19 20:06:20,353 ERROR ===> [Warning] Skill params grad: [ 1.5607723e+14 -2.1493879e+15  3.0307958e+07  3.9055778e+14
 -3.3608328e+07]
2024-10-19 20:06:20,353 ERROR ===> [Warning] Loss info: {'particle_has_naninf': False, 'height_map_loss': 30.338138580322266, 'emd_loss': 31.288816452026367, 'total_loss': 31.288816452026367}
2024-10-19 20:06:20,354 INFO =====> Epoch: 91
2024-10-19 20:06:20,354 INFO =====> EMD Loss: nan
2024-10-19 20:06:20,354 INFO =====> Height map loss: nan
2024-10-19 20:06:20,354 INFO =====> Insertion loss: nan
2024-10-19 20:06:20,354 INFO =====> Grad: [1.e-06 1.e-06 1.e-06 1.e-06 1.e-06]
2024-10-19 20:06:20,354 INFO =====> Skill params: [ 0.719443    0.3920941   0.95802104  0.9089785  -0.6288495 ]
2024-10-19 20:06:20,354 INFO =====> Num. aborted data so far: 15
2024-10-19 20:06:20,708 INFO ===> New TaichiEnv created.
2024-10-19 20:06:20,708 INFO ===> Specifications: horizon = 600, dt = 0.01, n_substeps = 20, dt_sub = 0.0005
2024-10-19 20:06:44,064 INFO =====> Epoch: 92
2024-10-19 20:06:44,064 INFO =====> EMD Loss: 31.286319732666016
2024-10-19 20:06:44,064 INFO =====> Height map loss: 30.338775634765625
2024-10-19 20:06:44,064 INFO =====> Insertion loss: 0.0
2024-10-19 20:06:44,065 INFO =====> Grad: [ 1.2637064e+04 -2.2964086e+04 -1.3677883e-03  3.6894895e+04
 -1.8055730e-03]
2024-10-19 20:06:44,065 INFO =====> Skill params: [ 0.7194262   0.39209718  0.9581692   0.90892035 -0.62879175]
2024-10-19 20:06:44,065 INFO =====> Num. aborted data so far: 15
2024-10-19 20:06:44,423 INFO ===> New TaichiEnv created.
2024-10-19 20:06:44,423 INFO ===> Specifications: horizon = 600, dt = 0.01, n_substeps = 20, dt_sub = 0.0005
2024-10-19 20:07:07,518 INFO =====> Epoch: 93
2024-10-19 20:07:07,518 INFO =====> EMD Loss: 31.280834197998047
2024-10-19 20:07:07,518 INFO =====> Height map loss: 30.335180282592773
2024-10-19 20:07:07,518 INFO =====> Insertion loss: 0.0
2024-10-19 20:07:07,518 INFO =====> Grad: [-1.6941258e+04  5.8133465e+04  3.1362733e-04  4.3211855e+03
 -3.5030549e-04]
2024-10-19 20:07:07,518 INFO =====> Skill params: [ 0.71944994  0.392089    0.9581334   0.90891314 -0.62877995]
2024-10-19 20:07:07,518 INFO =====> Num. aborted data so far: 15
2024-10-19 20:07:07,883 INFO ===> New TaichiEnv created.
2024-10-19 20:07:07,883 INFO ===> Specifications: horizon = 600, dt = 0.01, n_substeps = 20, dt_sub = 0.0005
2024-10-19 20:07:30,663 ERROR ===> [Warning] Aborting epoch: 94
2024-10-19 20:07:30,663 ERROR ===> [Warning] Particle has nan or inf: False
2024-10-19 20:07:30,663 ERROR ===> [Warning] Strange loss or gradient.
2024-10-19 20:07:30,663 ERROR ===> [Warning] Skill params: [ 0.71944994  0.392089    0.9581334   0.90891314 -0.62877995]
2024-10-19 20:07:30,663 ERROR ===> [Warning] Skill params grad: [-2.0051377e+15  2.8162719e+16 -6.7977400e+07 -5.1162864e+15
 -2.6542848e+07]
2024-10-19 20:07:30,663 ERROR ===> [Warning] Loss info: {'particle_has_naninf': False, 'height_map_loss': 30.345523834228516, 'emd_loss': 31.28011131286621, 'total_loss': 31.28011131286621}
2024-10-19 20:07:30,664 INFO =====> Epoch: 94
2024-10-19 20:07:30,664 INFO =====> EMD Loss: nan
2024-10-19 20:07:30,664 INFO =====> Height map loss: nan
2024-10-19 20:07:30,664 INFO =====> Insertion loss: nan
2024-10-19 20:07:30,664 INFO =====> Grad: [1.e-06 1.e-06 1.e-06 1.e-06 1.e-06]
2024-10-19 20:07:30,664 INFO =====> Skill params: [ 0.71944994  0.392089    0.9581333   0.90891314 -0.62878   ]
2024-10-19 20:07:30,664 INFO =====> Num. aborted data so far: 16
2024-10-19 20:07:31,048 INFO ===> New TaichiEnv created.
2024-10-19 20:07:31,048 INFO ===> Specifications: horizon = 600, dt = 0.01, n_substeps = 20, dt_sub = 0.0005
2024-10-19 20:07:53,878 INFO =====> Epoch: 95
2024-10-19 20:07:53,878 INFO =====> EMD Loss: 31.282543182373047
2024-10-19 20:07:53,878 INFO =====> Height map loss: 30.347198486328125
2024-10-19 20:07:53,878 INFO =====> Insertion loss: 0.0
2024-10-19 20:07:53,878 INFO =====> Grad: [-2.2127891e+04  1.2798731e+05  8.6419249e-04 -1.5114065e+04
  1.1679046e-04]
2024-10-19 20:07:53,878 INFO =====> Skill params: [ 0.7194843   0.39206907  0.9580236   0.90894103 -0.62878436]
2024-10-19 20:07:53,878 INFO =====> Num. aborted data so far: 16
2024-10-19 20:07:54,243 INFO ===> New TaichiEnv created.
2024-10-19 20:07:54,243 INFO ===> Specifications: horizon = 600, dt = 0.01, n_substeps = 20, dt_sub = 0.0005
2024-10-19 20:08:17,276 INFO =====> Epoch: 96
2024-10-19 20:08:17,276 INFO =====> EMD Loss: 31.304397583007812
2024-10-19 20:08:17,276 INFO =====> Height map loss: 30.316232681274414
2024-10-19 20:08:17,276 INFO =====> Insertion loss: 0.0
2024-10-19 20:08:17,276 INFO =====> Grad: [-3.2536562e+04  1.6616581e+05  1.6599322e-03 -2.4452744e+04
  1.7944586e-03]
2024-10-19 20:08:17,276 INFO =====> Skill params: [ 0.7195377   0.39204177  0.9578016   0.90898865 -0.6288552 ]
2024-10-19 20:08:17,276 INFO =====> Num. aborted data so far: 16
2024-10-19 20:08:17,635 INFO ===> New TaichiEnv created.
2024-10-19 20:08:17,636 INFO ===> Specifications: horizon = 600, dt = 0.01, n_substeps = 20, dt_sub = 0.0005
2024-10-19 20:08:41,282 INFO =====> Epoch: 97
2024-10-19 20:08:41,282 INFO =====> EMD Loss: 31.29123306274414
2024-10-19 20:08:41,282 INFO =====> Height map loss: 30.308698654174805
2024-10-19 20:08:41,282 INFO =====> Insertion loss: 0.0
2024-10-19 20:08:41,282 INFO =====> Grad: [-5.5014639e+03  4.9070207e+04 -5.6736468e-04 -2.6460650e+04
  5.0714501e-04]
2024-10-19 20:08:41,282 INFO =====> Skill params: [ 0.7195472   0.39203328  0.95788157  0.90904295 -0.6288763 ]
2024-10-19 20:08:41,282 INFO =====> Num. aborted data so far: 16
2024-10-19 20:08:41,688 INFO ===> New TaichiEnv created.
2024-10-19 20:08:41,688 INFO ===> Specifications: horizon = 600, dt = 0.01, n_substeps = 20, dt_sub = 0.0005
2024-10-19 20:09:05,255 INFO =====> Epoch: 98
2024-10-19 20:09:05,255 INFO =====> EMD Loss: 31.291309356689453
2024-10-19 20:09:05,255 INFO =====> Height map loss: 30.291580200195312
2024-10-19 20:09:05,255 INFO =====> Insertion loss: 0.0
2024-10-19 20:09:05,255 INFO =====> Grad: [-3.3091622e+05  3.6339052e+06  2.5666395e-02 -1.2608469e+06
  3.9742973e-02]
2024-10-19 20:09:05,255 INFO =====> Skill params: [ 0.72015005  0.39136994  0.9540738   0.9117683  -0.6306199 ]
2024-10-19 20:09:05,255 INFO =====> Num. aborted data so far: 16
2024-10-19 20:09:05,617 INFO ===> New TaichiEnv created.
2024-10-19 20:09:05,617 INFO ===> Specifications: horizon = 600, dt = 0.01, n_substeps = 20, dt_sub = 0.0005
2024-10-19 20:09:28,658 INFO =====> Epoch: 99
2024-10-19 20:09:28,658 INFO =====> EMD Loss: 31.177196502685547
2024-10-19 20:09:28,658 INFO =====> Height map loss: 30.108675003051758
2024-10-19 20:09:28,658 INFO =====> Insertion loss: 0.0
2024-10-19 20:09:28,658 INFO =====> Grad: [ 1.0079273e+04 -3.5057078e+04  4.9804233e-04  6.9811267e+02
  2.6401063e-05]
2024-10-19 20:09:28,658 INFO =====> Skill params: [ 0.7201307   0.39137667  0.9539959   0.9117667  -0.6306211 ]
2024-10-19 20:09:28,658 INFO =====> Num. aborted data so far: 16
2024-10-19 20:09:29,039 INFO ===> New TaichiEnv created.
2024-10-19 20:09:29,039 INFO ===> Specifications: horizon = 600, dt = 0.01, n_substeps = 20, dt_sub = 0.0005
2024-10-19 20:09:52,139 INFO =====> Epoch: 100
2024-10-19 20:09:52,139 INFO =====> EMD Loss: 31.17751121520996
2024-10-19 20:09:52,139 INFO =====> Height map loss: 30.104799270629883
2024-10-19 20:09:52,139 INFO =====> Insertion loss: 0.0
2024-10-19 20:09:52,140 INFO =====> Grad: [ 1.3939821e+04 -5.6284730e+04  8.0705277e-04  1.8095109e+04
 -7.6352601e-04]
2024-10-19 20:09:52,140 INFO =====> Skill params: [ 0.7201025   0.3913881   0.95386285  0.91172326 -0.6305839 ]
2024-10-19 20:09:52,140 INFO =====> Num. aborted data so far: 16
2024-10-19 20:09:52,510 INFO ===> New TaichiEnv created.
2024-10-19 20:09:52,511 INFO ===> Specifications: horizon = 600, dt = 0.01, n_substeps = 20, dt_sub = 0.0005
2024-10-19 20:10:15,813 INFO =====> Epoch: 101
2024-10-19 20:10:15,814 INFO =====> EMD Loss: 31.1934757232666
2024-10-19 20:10:15,814 INFO =====> Height map loss: 30.15289878845215
2024-10-19 20:10:15,814 INFO =====> Insertion loss: 0.0
2024-10-19 20:10:15,814 INFO =====> Grad: [-1.9513266e+04  5.4341688e+04  1.4931183e-04 -2.6026790e+03
  2.0506729e-04]
2024-10-19 20:10:15,814 INFO =====> Skill params: [ 0.72014415  0.39137647  0.9538369   0.9117299  -0.63059443]
2024-10-19 20:10:15,814 INFO =====> Num. aborted data so far: 16
2024-10-19 20:10:16,179 INFO ===> New TaichiEnv created.
2024-10-19 20:10:16,179 INFO ===> Specifications: horizon = 600, dt = 0.01, n_substeps = 20, dt_sub = 0.0005
2024-10-19 20:10:39,194 INFO =====> Epoch: 102
2024-10-19 20:10:39,194 INFO =====> EMD Loss: 31.176097869873047
2024-10-19 20:10:39,194 INFO =====> Height map loss: 30.149065017700195
2024-10-19 20:10:39,194 INFO =====> Insertion loss: 0.0
2024-10-19 20:10:39,194 INFO =====> Grad: [-8.2399521e+03  3.5723219e+04 -7.3896331e-04  6.9941943e+03
  3.0027260e-04]
2024-10-19 20:10:39,194 INFO =====> Skill params: [ 0.7201627   0.39136842  0.9539723   0.9117112  -0.6306107 ]
2024-10-19 20:10:39,194 INFO =====> Num. aborted data so far: 16
2024-10-19 20:10:39,561 INFO ===> New TaichiEnv created.
2024-10-19 20:10:39,561 INFO ===> Specifications: horizon = 600, dt = 0.01, n_substeps = 20, dt_sub = 0.0005
2024-10-19 20:11:02,807 INFO =====> Epoch: 103
2024-10-19 20:11:02,807 INFO =====> EMD Loss: 31.177051544189453
2024-10-19 20:11:02,808 INFO =====> Height map loss: 30.152002334594727
2024-10-19 20:11:02,808 INFO =====> Insertion loss: 0.0
2024-10-19 20:11:02,808 INFO =====> Grad: [ 1.5104030e+08 -1.6741919e+09  4.0924182e+00  5.9504480e+08
  3.5686630e+01]
2024-10-19 20:11:02,808 INFO =====> Skill params: [ 0.65788114  0.4538291   0.8909284   0.84851074 -0.6938258 ]
2024-10-19 20:11:02,808 INFO =====> Num. aborted data so far: 16
2024-10-19 20:11:03,255 INFO ===> New TaichiEnv created.
2024-10-19 20:11:03,255 INFO ===> Specifications: horizon = 600, dt = 0.01, n_substeps = 20, dt_sub = 0.0005
2024-10-19 20:11:26,488 ERROR ===> [Warning] Aborting epoch: 104
2024-10-19 20:11:26,488 ERROR ===> [Warning] Particle has nan or inf: False
2024-10-19 20:11:26,488 ERROR ===> [Warning] Strange loss or gradient.
2024-10-19 20:11:26,488 ERROR ===> [Warning] Skill params: [ 0.65788114  0.4538291   0.8909284   0.84851074 -0.6938258 ]
2024-10-19 20:11:26,488 ERROR ===> [Warning] Skill params grad: [ 4.8486232e+21 -3.2161592e+22 -1.7855412e+14  8.2275873e+21
  3.9128880e+14]
2024-10-19 20:11:26,488 ERROR ===> [Warning] Loss info: {'particle_has_naninf': False, 'height_map_loss': 28.533092498779297, 'emd_loss': 30.40282440185547, 'total_loss': 30.40282440185547}
2024-10-19 20:11:26,489 INFO =====> Epoch: 104
2024-10-19 20:11:26,489 INFO =====> EMD Loss: nan
2024-10-19 20:11:26,489 INFO =====> Height map loss: nan
2024-10-19 20:11:26,489 INFO =====> Insertion loss: nan
2024-10-19 20:11:26,489 INFO =====> Grad: [1.e-06 1.e-06 1.e-06 1.e-06 1.e-06]
2024-10-19 20:11:26,489 INFO =====> Skill params: [ 0.65788114  0.4538291   0.8909284   0.84851074 -0.6938258 ]
2024-10-19 20:11:26,489 INFO =====> Num. aborted data so far: 17
2024-10-19 20:11:26,884 INFO ===> New TaichiEnv created.
2024-10-19 20:11:26,884 INFO ===> Specifications: horizon = 600, dt = 0.01, n_substeps = 20, dt_sub = 0.0005
2024-10-19 20:11:50,344 ERROR ===> [Warning] Aborting epoch: 105
2024-10-19 20:11:50,344 ERROR ===> [Warning] Particle has nan or inf: False
2024-10-19 20:11:50,344 ERROR ===> [Warning] Strange loss or gradient.
2024-10-19 20:11:50,344 ERROR ===> [Warning] Skill params: [ 0.65788114  0.4538291   0.8909284   0.84851074 -0.6938258 ]
2024-10-19 20:11:50,344 ERROR ===> [Warning] Skill params grad: [-6.5668692e+21  4.3696914e+22  2.8408981e+14 -1.1159354e+22
  7.6933521e+14]
2024-10-19 20:11:50,344 ERROR ===> [Warning] Loss info: {'particle_has_naninf': False, 'height_map_loss': 28.535566329956055, 'emd_loss': 30.39651870727539, 'total_loss': 30.39651870727539}
2024-10-19 20:11:50,345 INFO =====> Epoch: 105
2024-10-19 20:11:50,345 INFO =====> EMD Loss: nan
2024-10-19 20:11:50,345 INFO =====> Height map loss: nan
2024-10-19 20:11:50,345 INFO =====> Insertion loss: nan
2024-10-19 20:11:50,345 INFO =====> Grad: [1.e-06 1.e-06 1.e-06 1.e-06 1.e-06]
2024-10-19 20:11:50,345 INFO =====> Skill params: [ 0.65788114  0.4538291   0.8909284   0.84851074 -0.6938258 ]
2024-10-19 20:11:50,345 INFO =====> Num. aborted data so far: 18
2024-10-19 20:11:50,746 INFO ===> New TaichiEnv created.
2024-10-19 20:11:50,746 INFO ===> Specifications: horizon = 600, dt = 0.01, n_substeps = 20, dt_sub = 0.0005
2024-10-19 20:12:14,778 ERROR ===> [Warning] Aborting epoch: 106
2024-10-19 20:12:14,778 ERROR ===> [Warning] Particle has nan or inf: False
2024-10-19 20:12:14,778 ERROR ===> [Warning] Strange loss or gradient.
2024-10-19 20:12:14,778 ERROR ===> [Warning] Skill params: [ 0.65788114  0.4538291   0.8909284   0.84851074 -0.6938258 ]
2024-10-19 20:12:14,778 ERROR ===> [Warning] Skill params grad: [-2.8419425e+22  1.9124149e+23 -3.8177360e+14 -4.8855350e+22
  1.8120373e+15]
2024-10-19 20:12:14,778 ERROR ===> [Warning] Loss info: {'particle_has_naninf': False, 'height_map_loss': 28.53406524658203, 'emd_loss': 30.39929962158203, 'total_loss': 30.39929962158203}
2024-10-19 20:12:14,779 INFO =====> Epoch: 106
2024-10-19 20:12:14,779 INFO =====> EMD Loss: nan
2024-10-19 20:12:14,779 INFO =====> Height map loss: nan
2024-10-19 20:12:14,779 INFO =====> Insertion loss: nan
2024-10-19 20:12:14,779 INFO =====> Grad: [1.e-06 1.e-06 1.e-06 1.e-06 1.e-06]
2024-10-19 20:12:14,779 INFO =====> Skill params: [ 0.65788114  0.4538291   0.8909284   0.84851074 -0.6938258 ]
2024-10-19 20:12:14,779 INFO =====> Num. aborted data so far: 19
2024-10-19 20:12:15,152 INFO ===> New TaichiEnv created.
2024-10-19 20:12:15,152 INFO ===> Specifications: horizon = 600, dt = 0.01, n_substeps = 20, dt_sub = 0.0005
2024-10-19 20:12:39,074 ERROR ===> [Warning] Aborting epoch: 107
2024-10-19 20:12:39,074 ERROR ===> [Warning] Particle has nan or inf: False
2024-10-19 20:12:39,074 ERROR ===> [Warning] Strange loss or gradient.
2024-10-19 20:12:39,074 ERROR ===> [Warning] Skill params: [ 0.65788114  0.4538291   0.8909284   0.84851074 -0.6938258 ]
2024-10-19 20:12:39,075 ERROR ===> [Warning] Skill params grad: [-6.1332047e+16  4.0944016e+17  3.4959974e+08 -1.0457139e+17
 -1.0061078e+10]
2024-10-19 20:12:39,075 ERROR ===> [Warning] Loss info: {'particle_has_naninf': False, 'height_map_loss': 28.534568786621094, 'emd_loss': 30.402244567871094, 'total_loss': 30.402244567871094}
2024-10-19 20:12:39,075 INFO =====> Epoch: 107
2024-10-19 20:12:39,075 INFO =====> EMD Loss: nan
2024-10-19 20:12:39,076 INFO =====> Height map loss: nan
2024-10-19 20:12:39,076 INFO =====> Insertion loss: nan
2024-10-19 20:12:39,076 INFO =====> Grad: [1.e-06 1.e-06 1.e-06 1.e-06 1.e-06]
2024-10-19 20:12:39,076 INFO =====> Skill params: [ 0.65788114  0.4538291   0.8909284   0.84851074 -0.6938258 ]
2024-10-19 20:12:39,076 INFO =====> Num. aborted data so far: 20
2024-10-19 20:12:39,424 INFO ===> New TaichiEnv created.
2024-10-19 20:12:39,424 INFO ===> Specifications: horizon = 600, dt = 0.01, n_substeps = 20, dt_sub = 0.0005
2024-10-19 20:13:04,386 INFO =====> Epoch: 108
2024-10-19 20:13:04,386 INFO =====> EMD Loss: 30.439455032348633
2024-10-19 20:13:04,386 INFO =====> Height map loss: 28.536088943481445
2024-10-19 20:13:04,386 INFO =====> Insertion loss: 0.0
2024-10-19 20:13:04,387 INFO =====> Grad: [ 7.4677102e+04 -2.4477330e+05 -4.4298297e-04  4.0728656e+04
 -3.0330196e-04]
2024-10-19 20:13:04,387 INFO =====> Skill params: [ 0.6578411   0.453841    0.89093727  0.84850514 -0.69382507]
2024-10-19 20:13:04,387 INFO =====> Num. aborted data so far: 20
2024-10-19 20:13:04,739 INFO ===> New TaichiEnv created.
2024-10-19 20:13:04,739 INFO ===> Specifications: horizon = 600, dt = 0.01, n_substeps = 20, dt_sub = 0.0005
2024-10-19 20:13:28,749 ERROR ===> [Warning] Aborting epoch: 109
2024-10-19 20:13:28,749 ERROR ===> [Warning] Particle has nan or inf: False
2024-10-19 20:13:28,749 ERROR ===> [Warning] Strange loss or gradient.
2024-10-19 20:13:28,749 ERROR ===> [Warning] Skill params: [ 0.6578411   0.453841    0.89093727  0.84850514 -0.69382507]
2024-10-19 20:13:28,750 ERROR ===> [Warning] Skill params grad: [ 2.1764017e+22 -1.4580450e+23  2.5481840e+13  3.7410035e+22
 -5.6616111e+14]
2024-10-19 20:13:28,750 ERROR ===> [Warning] Loss info: {'particle_has_naninf': False, 'height_map_loss': 28.54191780090332, 'emd_loss': 30.442119598388672, 'total_loss': 30.442119598388672}
2024-10-19 20:13:28,750 INFO =====> Epoch: 109
2024-10-19 20:13:28,750 INFO =====> EMD Loss: nan
2024-10-19 20:13:28,751 INFO =====> Height map loss: nan
2024-10-19 20:13:28,751 INFO =====> Insertion loss: nan
2024-10-19 20:13:28,751 INFO =====> Grad: [1.e-06 1.e-06 1.e-06 1.e-06 1.e-06]
2024-10-19 20:13:28,751 INFO =====> Skill params: [ 0.6578411   0.453841    0.89093727  0.84850514 -0.69382507]
2024-10-19 20:13:28,751 INFO =====> Num. aborted data so far: 21
2024-10-19 20:13:29,106 INFO ===> New TaichiEnv created.
2024-10-19 20:13:29,106 INFO ===> Specifications: horizon = 600, dt = 0.01, n_substeps = 20, dt_sub = 0.0005
2024-10-19 20:13:52,014 INFO =====> Epoch: 110
2024-10-19 20:13:52,014 INFO =====> EMD Loss: 30.402137756347656
2024-10-19 20:13:52,014 INFO =====> Height map loss: 28.539979934692383
2024-10-19 20:13:52,014 INFO =====> Insertion loss: 0.0
2024-10-19 20:13:52,014 INFO =====> Grad: [-2.4515635e+06  7.2694490e+06 -2.5232978e-02 -1.8174071e+06
 -1.2252259e-01]
2024-10-19 20:13:52,014 INFO =====> Skill params: [ 0.6593024   0.45344886  0.8914993   0.84878427 -0.69351125]
2024-10-19 20:13:52,014 INFO =====> Num. aborted data so far: 21
2024-10-19 20:13:52,399 INFO ===> New TaichiEnv created.
2024-10-19 20:13:52,399 INFO ===> Specifications: horizon = 600, dt = 0.01, n_substeps = 20, dt_sub = 0.0005
2024-10-19 20:14:15,548 ERROR ===> [Warning] Aborting epoch: 111
2024-10-19 20:14:15,548 ERROR ===> [Warning] Particle has nan or inf: False
2024-10-19 20:14:15,548 ERROR ===> [Warning] Strange loss or gradient.
2024-10-19 20:14:15,548 ERROR ===> [Warning] Skill params: [ 0.6593024   0.45344886  0.8914993   0.84878427 -0.69351125]
2024-10-19 20:14:15,548 ERROR ===> [Warning] Skill params grad: [ 8.7706097e+20 -5.9664774e+21  6.0498565e+13  1.5155798e+21
  8.5843134e+13]
2024-10-19 20:14:15,548 ERROR ===> [Warning] Loss info: {'particle_has_naninf': False, 'height_map_loss': 28.583053588867188, 'emd_loss': 30.4276180267334, 'total_loss': 30.4276180267334}
2024-10-19 20:14:15,549 INFO =====> Epoch: 111
2024-10-19 20:14:15,549 INFO =====> EMD Loss: nan
2024-10-19 20:14:15,549 INFO =====> Height map loss: nan
2024-10-19 20:14:15,549 INFO =====> Insertion loss: nan
2024-10-19 20:14:15,549 INFO =====> Grad: [1.e-06 1.e-06 1.e-06 1.e-06 1.e-06]
2024-10-19 20:14:15,549 INFO =====> Skill params: [ 0.6593024   0.45344886  0.8914993   0.84878427 -0.69351125]
2024-10-19 20:14:15,549 INFO =====> Num. aborted data so far: 22
2024-10-19 20:14:15,914 INFO ===> New TaichiEnv created.
2024-10-19 20:14:15,914 INFO ===> Specifications: horizon = 600, dt = 0.01, n_substeps = 20, dt_sub = 0.0005
2024-10-19 20:14:39,232 ERROR ===> [Warning] Aborting epoch: 112
2024-10-19 20:14:39,233 ERROR ===> [Warning] Particle has nan or inf: False
2024-10-19 20:14:39,233 ERROR ===> [Warning] Strange loss or gradient.
2024-10-19 20:14:39,233 ERROR ===> [Warning] Skill params: [ 0.6593024   0.45344886  0.8914993   0.84878427 -0.69351125]
2024-10-19 20:14:39,233 ERROR ===> [Warning] Skill params grad: [-1.96786024e+22  1.34813129e+23  1.15575825e+14 -3.42678333e+22
  3.81232471e+14]
2024-10-19 20:14:39,233 ERROR ===> [Warning] Loss info: {'particle_has_naninf': False, 'height_map_loss': 28.571897506713867, 'emd_loss': 30.437557220458984, 'total_loss': 30.437557220458984}
2024-10-19 20:14:39,234 INFO =====> Epoch: 112
2024-10-19 20:14:39,234 INFO =====> EMD Loss: nan
2024-10-19 20:14:39,234 INFO =====> Height map loss: nan
2024-10-19 20:14:39,234 INFO =====> Insertion loss: nan
2024-10-19 20:14:39,234 INFO =====> Grad: [1.e-06 1.e-06 1.e-06 1.e-06 1.e-06]
2024-10-19 20:14:39,234 INFO =====> Skill params: [ 0.6593024   0.45344886  0.8914993   0.84878427 -0.69351125]
2024-10-19 20:14:39,234 INFO =====> Num. aborted data so far: 23
2024-10-19 20:14:39,596 INFO ===> New TaichiEnv created.
2024-10-19 20:14:39,596 INFO ===> Specifications: horizon = 600, dt = 0.01, n_substeps = 20, dt_sub = 0.0005
2024-10-19 20:15:03,300 ERROR ===> [Warning] Aborting epoch: 113
2024-10-19 20:15:03,300 ERROR ===> [Warning] Particle has nan or inf: False
2024-10-19 20:15:03,300 ERROR ===> [Warning] Strange loss or gradient.
2024-10-19 20:15:03,300 ERROR ===> [Warning] Skill params: [ 0.6593024   0.45344886  0.8914993   0.84878427 -0.69351125]
2024-10-19 20:15:03,301 ERROR ===> [Warning] Skill params grad: [-1.5800767e+18  1.0876476e+19 -1.1212759e+10 -2.7604935e+18
 -1.3808347e+11]
2024-10-19 20:15:03,301 ERROR ===> [Warning] Loss info: {'particle_has_naninf': False, 'height_map_loss': 28.57084083557129, 'emd_loss': 30.428146362304688, 'total_loss': 30.428146362304688}
2024-10-19 20:15:03,301 INFO =====> Epoch: 113
2024-10-19 20:15:03,301 INFO =====> EMD Loss: nan
2024-10-19 20:15:03,302 INFO =====> Height map loss: nan
2024-10-19 20:15:03,302 INFO =====> Insertion loss: nan
2024-10-19 20:15:03,302 INFO =====> Grad: [1.e-06 1.e-06 1.e-06 1.e-06 1.e-06]
2024-10-19 20:15:03,302 INFO =====> Skill params: [ 0.6593024   0.45344886  0.8914993   0.84878427 -0.69351125]
2024-10-19 20:15:03,302 INFO =====> Num. aborted data so far: 24
2024-10-19 20:15:03,690 INFO ===> New TaichiEnv created.
2024-10-19 20:15:03,690 INFO ===> Specifications: horizon = 600, dt = 0.01, n_substeps = 20, dt_sub = 0.0005
2024-10-19 20:15:28,311 ERROR ===> [Warning] Aborting epoch: 114
2024-10-19 20:15:28,311 ERROR ===> [Warning] Particle has nan or inf: False
2024-10-19 20:15:28,311 ERROR ===> [Warning] Strange loss or gradient.
2024-10-19 20:15:28,311 ERROR ===> [Warning] Skill params: [ 0.6593024   0.45344886  0.8914993   0.84878427 -0.69351125]
2024-10-19 20:15:28,311 ERROR ===> [Warning] Skill params grad: [-9.0774748e+19  6.2159794e+20 -1.9949675e+12 -1.5802570e+20
 -9.5364894e+12]
2024-10-19 20:15:28,311 ERROR ===> [Warning] Loss info: {'particle_has_naninf': False, 'height_map_loss': 28.572744369506836, 'emd_loss': 30.439424514770508, 'total_loss': 30.439424514770508}
2024-10-19 20:15:28,312 INFO =====> Epoch: 114
2024-10-19 20:15:28,312 INFO =====> EMD Loss: nan
2024-10-19 20:15:28,312 INFO =====> Height map loss: nan
2024-10-19 20:15:28,312 INFO =====> Insertion loss: nan
2024-10-19 20:15:28,312 INFO =====> Grad: [1.e-06 1.e-06 1.e-06 1.e-06 1.e-06]
2024-10-19 20:15:28,312 INFO =====> Skill params: [ 0.6593024   0.45344886  0.8914993   0.84878427 -0.69351125]
2024-10-19 20:15:28,312 INFO =====> Num. aborted data so far: 25
2024-10-19 20:15:28,668 INFO ===> New TaichiEnv created.
2024-10-19 20:15:28,668 INFO ===> Specifications: horizon = 600, dt = 0.01, n_substeps = 20, dt_sub = 0.0005
2024-10-19 20:15:51,857 ERROR ===> [Warning] Aborting epoch: 115
2024-10-19 20:15:51,857 ERROR ===> [Warning] Particle has nan or inf: False
2024-10-19 20:15:51,857 ERROR ===> [Warning] Strange loss or gradient.
2024-10-19 20:15:51,857 ERROR ===> [Warning] Skill params: [ 0.6593024   0.45344886  0.8914993   0.84878427 -0.69351125]
2024-10-19 20:15:51,857 ERROR ===> [Warning] Skill params grad: [-1.9674327e+21  1.3502252e+22 -8.5072187e+13 -3.4400985e+21
 -6.7030179e+14]
2024-10-19 20:15:51,857 ERROR ===> [Warning] Loss info: {'particle_has_naninf': False, 'height_map_loss': 28.562149047851562, 'emd_loss': 30.436614990234375, 'total_loss': 30.436614990234375}
2024-10-19 20:15:51,858 INFO =====> Epoch: 115
2024-10-19 20:15:51,858 INFO =====> EMD Loss: nan
2024-10-19 20:15:51,858 INFO =====> Height map loss: nan
2024-10-19 20:15:51,858 INFO =====> Insertion loss: nan
2024-10-19 20:15:51,858 INFO =====> Grad: [1.e-06 1.e-06 1.e-06 1.e-06 1.e-06]
2024-10-19 20:15:51,859 INFO =====> Skill params: [ 0.6593024   0.45344886  0.8914993   0.84878427 -0.69351125]
2024-10-19 20:15:51,859 INFO =====> Num. aborted data so far: 26
2024-10-19 20:15:52,224 INFO ===> New TaichiEnv created.
2024-10-19 20:15:52,225 INFO ===> Specifications: horizon = 600, dt = 0.01, n_substeps = 20, dt_sub = 0.0005
2024-10-19 20:16:15,468 ERROR ===> [Warning] Aborting epoch: 116
2024-10-19 20:16:15,469 ERROR ===> [Warning] Particle has nan or inf: False
2024-10-19 20:16:15,469 ERROR ===> [Warning] Strange loss or gradient.
2024-10-19 20:16:15,469 ERROR ===> [Warning] Skill params: [ 0.6593024   0.45344886  0.8914993   0.84878427 -0.69351125]
2024-10-19 20:16:15,469 ERROR ===> [Warning] Skill params grad: [ 7.7834947e+22 -5.2716096e+23  2.1444522e+15  1.3395626e+23
  1.1969337e+16]
2024-10-19 20:16:15,469 ERROR ===> [Warning] Loss info: {'particle_has_naninf': False, 'height_map_loss': 28.591575622558594, 'emd_loss': 30.429134368896484, 'total_loss': 30.429134368896484}
2024-10-19 20:16:15,470 INFO =====> Epoch: 116
2024-10-19 20:16:15,470 INFO =====> EMD Loss: nan
2024-10-19 20:16:15,470 INFO =====> Height map loss: nan
2024-10-19 20:16:15,470 INFO =====> Insertion loss: nan
2024-10-19 20:16:15,470 INFO =====> Grad: [1.e-06 1.e-06 1.e-06 1.e-06 1.e-06]
2024-10-19 20:16:15,470 INFO =====> Skill params: [ 0.6593024   0.45344886  0.8914992   0.84878427 -0.69351125]
2024-10-19 20:16:15,470 INFO =====> Num. aborted data so far: 27
2024-10-19 20:16:15,919 INFO ===> New TaichiEnv created.
2024-10-19 20:16:15,919 INFO ===> Specifications: horizon = 600, dt = 0.01, n_substeps = 20, dt_sub = 0.0005
2024-10-19 20:16:39,840 ERROR ===> [Warning] Aborting epoch: 117
2024-10-19 20:16:39,840 ERROR ===> [Warning] Particle has nan or inf: False
2024-10-19 20:16:39,840 ERROR ===> [Warning] Strange loss or gradient.
2024-10-19 20:16:39,840 ERROR ===> [Warning] Skill params: [ 0.6593024   0.45344886  0.8914992   0.84878427 -0.69351125]
2024-10-19 20:16:39,840 ERROR ===> [Warning] Skill params grad: [ 6.5322314e+21 -4.4266917e+22 -3.5697225e+14  1.1230485e+22
  3.9479175e+14]
2024-10-19 20:16:39,840 ERROR ===> [Warning] Loss info: {'particle_has_naninf': False, 'height_map_loss': 28.57370376586914, 'emd_loss': 30.434114456176758, 'total_loss': 30.434114456176758}
2024-10-19 20:16:39,841 INFO =====> Epoch: 117
2024-10-19 20:16:39,841 INFO =====> EMD Loss: nan
2024-10-19 20:16:39,841 INFO =====> Height map loss: nan
2024-10-19 20:16:39,841 INFO =====> Insertion loss: nan
2024-10-19 20:16:39,841 INFO =====> Grad: [1.e-06 1.e-06 1.e-06 1.e-06 1.e-06]
2024-10-19 20:16:39,841 INFO =====> Skill params: [ 0.6593024   0.45344886  0.89149916  0.84878427 -0.69351125]
2024-10-19 20:16:39,841 INFO =====> Num. aborted data so far: 28
2024-10-19 20:16:40,204 INFO ===> New TaichiEnv created.
2024-10-19 20:16:40,204 INFO ===> Specifications: horizon = 600, dt = 0.01, n_substeps = 20, dt_sub = 0.0005
2024-10-19 20:17:04,062 INFO =====> Epoch: 118
2024-10-19 20:17:04,062 INFO =====> EMD Loss: 30.42884635925293
2024-10-19 20:17:04,062 INFO =====> Height map loss: 28.582860946655273
2024-10-19 20:17:04,062 INFO =====> Insertion loss: 0.0
2024-10-19 20:17:04,062 INFO =====> Grad: [ 1.1395072e+05 -4.2394300e+05 -1.0857244e-03 -3.2255504e+04
 -1.3871988e-03]
2024-10-19 20:17:04,062 INFO =====> Skill params: [ 0.6591989   0.45348373  0.891536    0.84879184 -0.6935058 ]
2024-10-19 20:17:04,062 INFO =====> Num. aborted data so far: 28
2024-10-19 20:17:04,419 INFO ===> New TaichiEnv created.
2024-10-19 20:17:04,419 INFO ===> Specifications: horizon = 600, dt = 0.01, n_substeps = 20, dt_sub = 0.0005
2024-10-19 20:17:27,991 ERROR ===> [Warning] Aborting epoch: 119
2024-10-19 20:17:27,991 ERROR ===> [Warning] Particle has nan or inf: False
2024-10-19 20:17:27,991 ERROR ===> [Warning] Strange loss or gradient.
2024-10-19 20:17:27,991 ERROR ===> [Warning] Skill params: [ 0.6591989   0.45348373  0.891536    0.84879184 -0.6935058 ]
2024-10-19 20:17:27,991 ERROR ===> [Warning] Skill params grad: [-4.2499841e+19  2.8915523e+20 -4.4137080e+11 -7.3481158e+19
 -3.1047808e+12]
2024-10-19 20:17:27,991 ERROR ===> [Warning] Loss info: {'particle_has_naninf': False, 'height_map_loss': 28.590431213378906, 'emd_loss': 30.42696189880371, 'total_loss': 30.42696189880371}
2024-10-19 20:17:27,992 INFO =====> Epoch: 119
2024-10-19 20:17:27,992 INFO =====> EMD Loss: nan
2024-10-19 20:17:27,992 INFO =====> Height map loss: nan
2024-10-19 20:17:27,992 INFO =====> Insertion loss: nan
2024-10-19 20:17:27,992 INFO =====> Grad: [1.e-06 1.e-06 1.e-06 1.e-06 1.e-06]
2024-10-19 20:17:27,992 INFO =====> Skill params: [ 0.6591989   0.45348373  0.89153594  0.84879184 -0.6935058 ]
2024-10-19 20:17:27,992 INFO =====> Num. aborted data so far: 29
2024-10-19 20:17:28,347 INFO ===> New TaichiEnv created.
2024-10-19 20:17:28,347 INFO ===> Specifications: horizon = 600, dt = 0.01, n_substeps = 20, dt_sub = 0.0005
2024-10-19 20:17:51,634 ERROR ===> [Warning] Aborting epoch: 120
2024-10-19 20:17:51,634 ERROR ===> [Warning] Particle has nan or inf: False
2024-10-19 20:17:51,634 ERROR ===> [Warning] Strange loss or gradient.
2024-10-19 20:17:51,634 ERROR ===> [Warning] Skill params: [ 0.6591989   0.45348373  0.89153594  0.84879184 -0.6935058 ]
2024-10-19 20:17:51,635 ERROR ===> [Warning] Skill params grad: [-3.7047032e+22  2.5152018e+23  2.6224735e+14 -6.3868415e+22
  1.2378775e+15]
2024-10-19 20:17:51,635 ERROR ===> [Warning] Loss info: {'particle_has_naninf': False, 'height_map_loss': 28.590524673461914, 'emd_loss': 30.428159713745117, 'total_loss': 30.428159713745117}
2024-10-19 20:17:51,635 INFO =====> Epoch: 120
2024-10-19 20:17:51,635 INFO =====> EMD Loss: nan
2024-10-19 20:17:51,636 INFO =====> Height map loss: nan
2024-10-19 20:17:51,636 INFO =====> Insertion loss: nan
2024-10-19 20:17:51,636 INFO =====> Grad: [1.e-06 1.e-06 1.e-06 1.e-06 1.e-06]
2024-10-19 20:17:51,636 INFO =====> Skill params: [ 0.6591989   0.45348373  0.8915359   0.84879184 -0.6935058 ]
2024-10-19 20:17:51,636 INFO =====> Num. aborted data so far: 30
2024-10-19 20:17:51,992 INFO ===> New TaichiEnv created.
2024-10-19 20:17:51,992 INFO ===> Specifications: horizon = 600, dt = 0.01, n_substeps = 20, dt_sub = 0.0005
2024-10-19 20:18:15,580 ERROR ===> [Warning] Aborting epoch: 121
2024-10-19 20:18:15,581 ERROR ===> [Warning] Particle has nan or inf: False
2024-10-19 20:18:15,581 ERROR ===> [Warning] Strange loss or gradient.
2024-10-19 20:18:15,581 ERROR ===> [Warning] Skill params: [ 0.6591989   0.45348373  0.8915359   0.84879184 -0.6935058 ]
2024-10-19 20:18:15,581 ERROR ===> [Warning] Skill params grad: [ 1.1821257e+22 -8.0651732e+22  7.4120519e+14  2.0497062e+22
 -3.5955148e+14]
2024-10-19 20:18:15,581 ERROR ===> [Warning] Loss info: {'particle_has_naninf': False, 'height_map_loss': 28.59158706665039, 'emd_loss': 30.434412002563477, 'total_loss': 30.434412002563477}
2024-10-19 20:18:15,582 INFO =====> Epoch: 121
2024-10-19 20:18:15,582 INFO =====> EMD Loss: nan
2024-10-19 20:18:15,582 INFO =====> Height map loss: nan
2024-10-19 20:18:15,582 INFO =====> Insertion loss: nan
2024-10-19 20:18:15,582 INFO =====> Grad: [1.e-06 1.e-06 1.e-06 1.e-06 1.e-06]
2024-10-19 20:18:15,582 INFO =====> Skill params: [ 0.6591989   0.45348373  0.8915358   0.84879184 -0.6935058 ]
2024-10-19 20:18:15,582 INFO =====> Num. aborted data so far: 31
2024-10-19 20:18:15,956 INFO ===> New TaichiEnv created.
2024-10-19 20:18:15,956 INFO ===> Specifications: horizon = 600, dt = 0.01, n_substeps = 20, dt_sub = 0.0005
2024-10-19 20:18:39,317 ERROR ===> [Warning] Aborting epoch: 122
2024-10-19 20:18:39,317 ERROR ===> [Warning] Particle has nan or inf: False
2024-10-19 20:18:39,317 ERROR ===> [Warning] Strange loss or gradient.
2024-10-19 20:18:39,317 ERROR ===> [Warning] Skill params: [ 0.6591989   0.45348373  0.8915358   0.84879184 -0.6935058 ]
2024-10-19 20:18:39,317 ERROR ===> [Warning] Skill params grad: [ 2.2001305e+20 -1.5047476e+21  1.9440576e+13  3.8255781e+20
 -2.4303714e+13]
2024-10-19 20:18:39,317 ERROR ===> [Warning] Loss info: {'particle_has_naninf': False, 'height_map_loss': 28.581132888793945, 'emd_loss': 30.425537109375, 'total_loss': 30.425537109375}
2024-10-19 20:18:39,319 INFO =====> Epoch: 122
2024-10-19 20:18:39,319 INFO =====> EMD Loss: nan
2024-10-19 20:18:39,319 INFO =====> Height map loss: nan
2024-10-19 20:18:39,319 INFO =====> Insertion loss: nan
2024-10-19 20:18:39,319 INFO =====> Grad: [1.e-06 1.e-06 1.e-06 1.e-06 1.e-06]
2024-10-19 20:18:39,319 INFO =====> Skill params: [ 0.6591989   0.45348373  0.89153576  0.84879184 -0.6935058 ]
2024-10-19 20:18:39,319 INFO =====> Num. aborted data so far: 32
2024-10-19 20:18:39,687 INFO ===> New TaichiEnv created.
2024-10-19 20:18:39,687 INFO ===> Specifications: horizon = 600, dt = 0.01, n_substeps = 20, dt_sub = 0.0005
2024-10-19 20:19:03,123 ERROR ===> [Warning] Aborting epoch: 123
2024-10-19 20:19:03,123 ERROR ===> [Warning] Particle has nan or inf: False
2024-10-19 20:19:03,123 ERROR ===> [Warning] Strange loss or gradient.
2024-10-19 20:19:03,123 ERROR ===> [Warning] Skill params: [ 0.6591989   0.45348373  0.89153576  0.84879184 -0.6935058 ]
2024-10-19 20:19:03,123 ERROR ===> [Warning] Skill params grad: [-9.3774110e+17  6.3740113e+18  8.6801490e+09 -1.6200001e+18
  2.6226490e+11]
2024-10-19 20:19:03,123 ERROR ===> [Warning] Loss info: {'particle_has_naninf': False, 'height_map_loss': 28.590600967407227, 'emd_loss': 30.426410675048828, 'total_loss': 30.426410675048828}
2024-10-19 20:19:03,124 INFO =====> Epoch: 123
2024-10-19 20:19:03,124 INFO =====> EMD Loss: nan
2024-10-19 20:19:03,124 INFO =====> Height map loss: nan
2024-10-19 20:19:03,124 INFO =====> Insertion loss: nan
2024-10-19 20:19:03,124 INFO =====> Grad: [1.e-06 1.e-06 1.e-06 1.e-06 1.e-06]
2024-10-19 20:19:03,124 INFO =====> Skill params: [ 0.6591989   0.45348373  0.8915357   0.84879184 -0.6935058 ]
2024-10-19 20:19:03,124 INFO =====> Num. aborted data so far: 33
2024-10-19 20:19:03,490 INFO ===> New TaichiEnv created.
2024-10-19 20:19:03,490 INFO ===> Specifications: horizon = 600, dt = 0.01, n_substeps = 20, dt_sub = 0.0005
2024-10-19 20:19:27,341 ERROR ===> [Warning] Aborting epoch: 124
2024-10-19 20:19:27,341 ERROR ===> [Warning] Particle has nan or inf: False
2024-10-19 20:19:27,341 ERROR ===> [Warning] Strange loss or gradient.
2024-10-19 20:19:27,341 ERROR ===> [Warning] Skill params: [ 0.6591989   0.45348373  0.8915357   0.84879184 -0.6935058 ]
2024-10-19 20:19:27,341 ERROR ===> [Warning] Skill params grad: [-2.2043407e+21  1.5023800e+22  6.4935049e+13 -3.8193441e+21
  1.6785282e+14]
2024-10-19 20:19:27,341 ERROR ===> [Warning] Loss info: {'particle_has_naninf': False, 'height_map_loss': 28.59389877319336, 'emd_loss': 30.427093505859375, 'total_loss': 30.427093505859375}
2024-10-19 20:19:27,342 INFO =====> Epoch: 124
2024-10-19 20:19:27,342 INFO =====> EMD Loss: nan
2024-10-19 20:19:27,342 INFO =====> Height map loss: nan
2024-10-19 20:19:27,342 INFO =====> Insertion loss: nan
2024-10-19 20:19:27,342 INFO =====> Grad: [1.e-06 1.e-06 1.e-06 1.e-06 1.e-06]
2024-10-19 20:19:27,342 INFO =====> Skill params: [ 0.6591989   0.45348373  0.89153564  0.84879184 -0.6935058 ]
2024-10-19 20:19:27,342 INFO =====> Num. aborted data so far: 34
2024-10-19 20:19:27,700 INFO ===> New TaichiEnv created.
2024-10-19 20:19:27,700 INFO ===> Specifications: horizon = 600, dt = 0.01, n_substeps = 20, dt_sub = 0.0005
2024-10-19 20:19:51,284 ERROR ===> [Warning] Aborting epoch: 125
2024-10-19 20:19:51,284 ERROR ===> [Warning] Particle has nan or inf: False
2024-10-19 20:19:51,284 ERROR ===> [Warning] Strange loss or gradient.
2024-10-19 20:19:51,284 ERROR ===> [Warning] Skill params: [ 0.6591989   0.45348373  0.89153564  0.84879184 -0.6935058 ]
2024-10-19 20:19:51,285 ERROR ===> [Warning] Skill params grad: [ 1.5202858e+22 -1.0329305e+23 -6.2787483e+14  2.6252322e+22
 -2.0538887e+15]
2024-10-19 20:19:51,285 ERROR ===> [Warning] Loss info: {'particle_has_naninf': False, 'height_map_loss': 28.593914031982422, 'emd_loss': 30.434152603149414, 'total_loss': 30.434152603149414}
2024-10-19 20:19:51,285 INFO =====> Epoch: 125
2024-10-19 20:19:51,285 INFO =====> EMD Loss: nan
2024-10-19 20:19:51,285 INFO =====> Height map loss: nan
2024-10-19 20:19:51,286 INFO =====> Insertion loss: nan
2024-10-19 20:19:51,286 INFO =====> Grad: [1.e-06 1.e-06 1.e-06 1.e-06 1.e-06]
2024-10-19 20:19:51,286 INFO =====> Skill params: [ 0.6591989   0.45348373  0.8915356   0.84879184 -0.6935058 ]
2024-10-19 20:19:51,286 INFO =====> Num. aborted data so far: 35
2024-10-19 20:19:51,641 INFO ===> New TaichiEnv created.
2024-10-19 20:19:51,641 INFO ===> Specifications: horizon = 600, dt = 0.01, n_substeps = 20, dt_sub = 0.0005
2024-10-19 20:20:15,570 ERROR ===> [Warning] Aborting epoch: 126
2024-10-19 20:20:15,570 ERROR ===> [Warning] Particle has nan or inf: False
2024-10-19 20:20:15,570 ERROR ===> [Warning] Strange loss or gradient.
2024-10-19 20:20:15,570 ERROR ===> [Warning] Skill params: [ 0.6591989   0.45348373  0.8915356   0.84879184 -0.6935058 ]
2024-10-19 20:20:15,570 ERROR ===> [Warning] Skill params grad: [ 1.2103874e+21 -8.2194623e+21 -5.9821764e+12  2.0897869e+21
 -1.3821147e+14]
2024-10-19 20:20:15,570 ERROR ===> [Warning] Loss info: {'particle_has_naninf': False, 'height_map_loss': 28.5911922454834, 'emd_loss': 30.428434371948242, 'total_loss': 30.428434371948242}
2024-10-19 20:20:15,571 INFO =====> Epoch: 126
2024-10-19 20:20:15,571 INFO =====> EMD Loss: nan
2024-10-19 20:20:15,571 INFO =====> Height map loss: nan
2024-10-19 20:20:15,571 INFO =====> Insertion loss: nan
2024-10-19 20:20:15,571 INFO =====> Grad: [1.e-06 1.e-06 1.e-06 1.e-06 1.e-06]
2024-10-19 20:20:15,572 INFO =====> Skill params: [ 0.6591989   0.45348373  0.8915355   0.84879184 -0.6935058 ]
2024-10-19 20:20:15,572 INFO =====> Num. aborted data so far: 36
2024-10-19 20:20:15,929 INFO ===> New TaichiEnv created.
2024-10-19 20:20:15,929 INFO ===> Specifications: horizon = 600, dt = 0.01, n_substeps = 20, dt_sub = 0.0005
2024-10-19 20:20:39,127 ERROR ===> [Warning] Aborting epoch: 127
2024-10-19 20:20:39,127 ERROR ===> [Warning] Particle has nan or inf: False
2024-10-19 20:20:39,127 ERROR ===> [Warning] Strange loss or gradient.
2024-10-19 20:20:39,127 ERROR ===> [Warning] Skill params: [ 0.6591989   0.45348373  0.8915355   0.84879184 -0.6935058 ]
2024-10-19 20:20:39,127 ERROR ===> [Warning] Skill params grad: [-5.386890e+18  3.656902e+19 -1.050624e+09 -9.297314e+18  1.004517e+11]
2024-10-19 20:20:39,127 ERROR ===> [Warning] Loss info: {'particle_has_naninf': False, 'height_map_loss': 28.592832565307617, 'emd_loss': 30.433713912963867, 'total_loss': 30.433713912963867}
2024-10-19 20:20:39,128 INFO =====> Epoch: 127
2024-10-19 20:20:39,128 INFO =====> EMD Loss: nan
2024-10-19 20:20:39,128 INFO =====> Height map loss: nan
2024-10-19 20:20:39,128 INFO =====> Insertion loss: nan
2024-10-19 20:20:39,128 INFO =====> Grad: [1.e-06 1.e-06 1.e-06 1.e-06 1.e-06]
2024-10-19 20:20:39,128 INFO =====> Skill params: [ 0.6591989   0.45348373  0.89153546  0.84879184 -0.6935058 ]
2024-10-19 20:20:39,128 INFO =====> Num. aborted data so far: 37
2024-10-19 20:20:39,506 INFO ===> New TaichiEnv created.
2024-10-19 20:20:39,507 INFO ===> Specifications: horizon = 600, dt = 0.01, n_substeps = 20, dt_sub = 0.0005
2024-10-19 20:21:02,854 ERROR ===> [Warning] Aborting epoch: 128
2024-10-19 20:21:02,854 ERROR ===> [Warning] Particle has nan or inf: False
2024-10-19 20:21:02,854 ERROR ===> [Warning] Strange loss or gradient.
2024-10-19 20:21:02,854 ERROR ===> [Warning] Skill params: [ 0.6591989   0.45348373  0.89153546  0.84879184 -0.6935058 ]
2024-10-19 20:21:02,854 ERROR ===> [Warning] Skill params grad: [ 1.1120713e+20 -7.5837930e+20 -5.1596236e+12  1.9269476e+20
 -2.0163173e+13]
2024-10-19 20:21:02,854 ERROR ===> [Warning] Loss info: {'particle_has_naninf': False, 'height_map_loss': 28.5930118560791, 'emd_loss': 30.4263973236084, 'total_loss': 30.4263973236084}
2024-10-19 20:21:02,855 INFO =====> Epoch: 128
2024-10-19 20:21:02,855 INFO =====> EMD Loss: nan
2024-10-19 20:21:02,855 INFO =====> Height map loss: nan
2024-10-19 20:21:02,855 INFO =====> Insertion loss: nan
2024-10-19 20:21:02,855 INFO =====> Grad: [1.e-06 1.e-06 1.e-06 1.e-06 1.e-06]
2024-10-19 20:21:02,856 INFO =====> Skill params: [ 0.6591989   0.45348373  0.8915354   0.84879184 -0.6935058 ]
2024-10-19 20:21:02,856 INFO =====> Num. aborted data so far: 38
2024-10-19 20:21:03,318 INFO ===> New TaichiEnv created.
2024-10-19 20:21:03,318 INFO ===> Specifications: horizon = 600, dt = 0.01, n_substeps = 20, dt_sub = 0.0005
2024-10-19 20:21:26,679 ERROR ===> [Warning] Aborting epoch: 129
2024-10-19 20:21:26,680 ERROR ===> [Warning] Particle has nan or inf: False
2024-10-19 20:21:26,680 ERROR ===> [Warning] Strange loss or gradient.
2024-10-19 20:21:26,680 ERROR ===> [Warning] Skill params: [ 0.6591989   0.45348373  0.8915354   0.84879184 -0.6935058 ]
2024-10-19 20:21:26,680 ERROR ===> [Warning] Skill params grad: [-2.6895581e+21  1.8323236e+22 -2.0562148e+13 -4.6578617e+21
  4.0697416e+14]
2024-10-19 20:21:26,680 ERROR ===> [Warning] Loss info: {'particle_has_naninf': False, 'height_map_loss': 28.593778610229492, 'emd_loss': 30.42643165588379, 'total_loss': 30.42643165588379}
2024-10-19 20:21:26,681 INFO =====> Epoch: 129
2024-10-19 20:21:26,681 INFO =====> EMD Loss: nan
2024-10-19 20:21:26,681 INFO =====> Height map loss: nan
2024-10-19 20:21:26,681 INFO =====> Insertion loss: nan
2024-10-19 20:21:26,681 INFO =====> Grad: [1.e-06 1.e-06 1.e-06 1.e-06 1.e-06]
2024-10-19 20:21:26,681 INFO =====> Skill params: [ 0.6591989   0.45348373  0.89153534  0.84879184 -0.6935058 ]
2024-10-19 20:21:26,681 INFO =====> Num. aborted data so far: 39
2024-10-19 20:21:27,048 INFO ===> New TaichiEnv created.
2024-10-19 20:21:27,048 INFO ===> Specifications: horizon = 600, dt = 0.01, n_substeps = 20, dt_sub = 0.0005
2024-10-19 20:21:50,861 ERROR ===> [Warning] Aborting epoch: 130
2024-10-19 20:21:50,862 ERROR ===> [Warning] Particle has nan or inf: False
2024-10-19 20:21:50,862 ERROR ===> [Warning] Strange loss or gradient.
2024-10-19 20:21:50,862 ERROR ===> [Warning] Skill params: [ 0.6591989   0.45348373  0.89153534  0.84879184 -0.6935058 ]
2024-10-19 20:21:50,862 ERROR ===> [Warning] Skill params grad: [ 1.7453060e+19 -1.1869414e+20  1.2713730e+12  3.0170973e+19
 -5.3646449e+11]
2024-10-19 20:21:50,862 ERROR ===> [Warning] Loss info: {'particle_has_naninf': False, 'height_map_loss': 28.59185028076172, 'emd_loss': 30.436006546020508, 'total_loss': 30.436006546020508}
2024-10-19 20:21:50,863 INFO =====> Epoch: 130
2024-10-19 20:21:50,863 INFO =====> EMD Loss: nan
2024-10-19 20:21:50,863 INFO =====> Height map loss: nan
2024-10-19 20:21:50,863 INFO =====> Insertion loss: nan
2024-10-19 20:21:50,863 INFO =====> Grad: [1.e-06 1.e-06 1.e-06 1.e-06 1.e-06]
2024-10-19 20:21:50,863 INFO =====> Skill params: [ 0.6591989   0.45348373  0.8915353   0.84879184 -0.6935058 ]
2024-10-19 20:21:50,863 INFO =====> Num. aborted data so far: 40
2024-10-19 20:21:51,219 INFO ===> New TaichiEnv created.
2024-10-19 20:21:51,219 INFO ===> Specifications: horizon = 600, dt = 0.01, n_substeps = 20, dt_sub = 0.0005
2024-10-19 20:22:14,794 ERROR ===> [Warning] Aborting epoch: 131
2024-10-19 20:22:14,794 ERROR ===> [Warning] Particle has nan or inf: False
2024-10-19 20:22:14,794 ERROR ===> [Warning] Strange loss or gradient.
2024-10-19 20:22:14,794 ERROR ===> [Warning] Skill params: [ 0.6591989   0.45348373  0.8915353   0.84879184 -0.6935058 ]
2024-10-19 20:22:14,795 ERROR ===> [Warning] Skill params grad: [ 9.7650164e+20 -6.6496178e+21  7.9582850e+12  1.6908752e+21
 -8.1586259e+13]
2024-10-19 20:22:14,795 ERROR ===> [Warning] Loss info: {'particle_has_naninf': False, 'height_map_loss': 28.589902877807617, 'emd_loss': 30.42673683166504, 'total_loss': 30.42673683166504}
2024-10-19 20:22:14,795 INFO =====> Epoch: 131
2024-10-19 20:22:14,795 INFO =====> EMD Loss: nan
2024-10-19 20:22:14,795 INFO =====> Height map loss: nan
2024-10-19 20:22:14,796 INFO =====> Insertion loss: nan
2024-10-19 20:22:14,796 INFO =====> Grad: [1.e-06 1.e-06 1.e-06 1.e-06 1.e-06]
2024-10-19 20:22:14,796 INFO =====> Skill params: [ 0.6591989   0.45348373  0.8915352   0.84879184 -0.6935058 ]
2024-10-19 20:22:14,796 INFO =====> Num. aborted data so far: 41
2024-10-19 20:22:15,160 INFO ===> New TaichiEnv created.
2024-10-19 20:22:15,160 INFO ===> Specifications: horizon = 600, dt = 0.01, n_substeps = 20, dt_sub = 0.0005
2024-10-19 20:22:38,634 ERROR ===> [Warning] Aborting epoch: 132
2024-10-19 20:22:38,634 ERROR ===> [Warning] Particle has nan or inf: False
2024-10-19 20:22:38,634 ERROR ===> [Warning] Strange loss or gradient.
2024-10-19 20:22:38,634 ERROR ===> [Warning] Skill params: [ 0.6591989   0.45348373  0.8915352   0.84879184 -0.6935058 ]
2024-10-19 20:22:38,634 ERROR ===> [Warning] Skill params grad: [ 1.8106938e+22 -1.2359195e+23 -1.3845820e+15  3.1430349e+22
 -2.2241488e+13]
2024-10-19 20:22:38,634 ERROR ===> [Warning] Loss info: {'particle_has_naninf': False, 'height_map_loss': 28.590808868408203, 'emd_loss': 30.431241989135742, 'total_loss': 30.431241989135742}
2024-10-19 20:22:38,635 INFO =====> Epoch: 132
2024-10-19 20:22:38,635 INFO =====> EMD Loss: nan
2024-10-19 20:22:38,635 INFO =====> Height map loss: nan
2024-10-19 20:22:38,635 INFO =====> Insertion loss: nan
2024-10-19 20:22:38,635 INFO =====> Grad: [1.e-06 1.e-06 1.e-06 1.e-06 1.e-06]
2024-10-19 20:22:38,635 INFO =====> Skill params: [ 0.6591989   0.45348373  0.89153516  0.84879184 -0.6935058 ]
2024-10-19 20:22:38,635 INFO =====> Num. aborted data so far: 42
2024-10-19 20:22:38,995 INFO ===> New TaichiEnv created.
2024-10-19 20:22:38,995 INFO ===> Specifications: horizon = 600, dt = 0.01, n_substeps = 20, dt_sub = 0.0005
2024-10-19 20:23:02,138 ERROR ===> [Warning] Aborting epoch: 133
2024-10-19 20:23:02,139 ERROR ===> [Warning] Particle has nan or inf: False
2024-10-19 20:23:02,139 ERROR ===> [Warning] Strange loss or gradient.
2024-10-19 20:23:02,139 ERROR ===> [Warning] Skill params: [ 0.6591989   0.45348373  0.89153516  0.84879184 -0.6935058 ]
2024-10-19 20:23:02,139 ERROR ===> [Warning] Skill params grad: [ 2.1343829e+21 -1.4517177e+22 -3.5467253e+13  3.6911092e+21
 -5.2869974e+14]
2024-10-19 20:23:02,139 ERROR ===> [Warning] Loss info: {'particle_has_naninf': False, 'height_map_loss': 28.59084129333496, 'emd_loss': 30.426679611206055, 'total_loss': 30.426679611206055}
2024-10-19 20:23:02,140 INFO =====> Epoch: 133
2024-10-19 20:23:02,140 INFO =====> EMD Loss: nan
2024-10-19 20:23:02,140 INFO =====> Height map loss: nan
2024-10-19 20:23:02,140 INFO =====> Insertion loss: nan
2024-10-19 20:23:02,140 INFO =====> Grad: [1.e-06 1.e-06 1.e-06 1.e-06 1.e-06]
2024-10-19 20:23:02,140 INFO =====> Skill params: [ 0.6591989   0.45348373  0.8915351   0.84879184 -0.6935058 ]
2024-10-19 20:23:02,140 INFO =====> Num. aborted data so far: 43
2024-10-19 20:23:02,517 INFO ===> New TaichiEnv created.
2024-10-19 20:23:02,517 INFO ===> Specifications: horizon = 600, dt = 0.01, n_substeps = 20, dt_sub = 0.0005
2024-10-19 20:23:25,991 ERROR ===> [Warning] Aborting epoch: 134
2024-10-19 20:23:25,991 ERROR ===> [Warning] Particle has nan or inf: False
2024-10-19 20:23:25,991 ERROR ===> [Warning] Strange loss or gradient.
2024-10-19 20:23:25,991 ERROR ===> [Warning] Skill params: [ 0.6591989   0.45348373  0.8915351   0.84879184 -0.6935058 ]
2024-10-19 20:23:25,991 ERROR ===> [Warning] Skill params grad: [ 2.01452626e+21 -1.37214390e+22  1.18903276e+14  3.48918661e+21
 -3.35735010e+14]
2024-10-19 20:23:25,991 ERROR ===> [Warning] Loss info: {'particle_has_naninf': False, 'height_map_loss': 28.591245651245117, 'emd_loss': 30.434206008911133, 'total_loss': 30.434206008911133}
2024-10-19 20:23:25,992 INFO =====> Epoch: 134
2024-10-19 20:23:25,992 INFO =====> EMD Loss: nan
2024-10-19 20:23:25,992 INFO =====> Height map loss: nan
2024-10-19 20:23:25,992 INFO =====> Insertion loss: nan
2024-10-19 20:23:25,992 INFO =====> Grad: [1.e-06 1.e-06 1.e-06 1.e-06 1.e-06]
2024-10-19 20:23:25,992 INFO =====> Skill params: [ 0.6591989   0.45348373  0.89153504  0.84879184 -0.6935058 ]
2024-10-19 20:23:25,992 INFO =====> Num. aborted data so far: 44
2024-10-19 20:23:26,361 INFO ===> New TaichiEnv created.
2024-10-19 20:23:26,361 INFO ===> Specifications: horizon = 600, dt = 0.01, n_substeps = 20, dt_sub = 0.0005
2024-10-19 20:23:49,809 INFO =====> Epoch: 135
2024-10-19 20:23:49,809 INFO =====> EMD Loss: 30.426128387451172
2024-10-19 20:23:49,809 INFO =====> Height map loss: 28.589017868041992
2024-10-19 20:23:49,809 INFO =====> Insertion loss: 0.0
2024-10-19 20:23:49,809 INFO =====> Grad: [-1.3431421e+07  5.1118352e+07  2.9389548e-01 -1.2353204e+07
 -6.2248755e-01]
2024-10-19 20:23:49,809 INFO =====> Skill params: [ 0.6862161   0.44332558  0.8687445   0.8558284  -0.6875814 ]
2024-10-19 20:23:49,809 INFO =====> Num. aborted data so far: 44
2024-10-19 20:23:50,201 INFO ===> New TaichiEnv created.
2024-10-19 20:23:50,202 INFO ===> Specifications: horizon = 600, dt = 0.01, n_substeps = 20, dt_sub = 0.0005
2024-10-19 20:24:13,649 INFO =====> Epoch: 136
2024-10-19 20:24:13,650 INFO =====> EMD Loss: 30.811830520629883
2024-10-19 20:24:13,650 INFO =====> Height map loss: 29.027694702148438
2024-10-19 20:24:13,650 INFO =====> Insertion loss: 0.0
2024-10-19 20:24:13,650 INFO =====> Grad: [ 5.1532441e+04 -1.6578888e+05 -1.0221861e-03  6.1301453e+04
 -1.7968599e-03]
2024-10-19 20:24:13,650 INFO =====> Skill params: [ 0.68610686  0.4433603   0.86882806  0.85579157 -0.6875634 ]
2024-10-19 20:24:13,650 INFO =====> Num. aborted data so far: 44
2024-10-19 20:24:14,015 INFO ===> New TaichiEnv created.
2024-10-19 20:24:14,015 INFO ===> Specifications: horizon = 600, dt = 0.01, n_substeps = 20, dt_sub = 0.0005
2024-10-19 20:24:37,776 INFO =====> Epoch: 137
2024-10-19 20:24:37,777 INFO =====> EMD Loss: 30.791711807250977
2024-10-19 20:24:37,777 INFO =====> Height map loss: 29.022552490234375
2024-10-19 20:24:37,777 INFO =====> Insertion loss: 0.0
2024-10-19 20:24:37,777 INFO =====> Grad: [-1.6476741e+05  4.3121288e+05 -6.3742977e-03 -1.6794669e+05
 -4.7426643e-03]
2024-10-19 20:24:37,777 INFO =====> Skill params: [ 0.6864751   0.44326508  0.86937726  0.85589784 -0.6875133 ]
2024-10-19 20:24:37,777 INFO =====> Num. aborted data so far: 44
2024-10-19 20:24:38,140 INFO ===> New TaichiEnv created.
2024-10-19 20:24:38,140 INFO ===> Specifications: horizon = 600, dt = 0.01, n_substeps = 20, dt_sub = 0.0005
2024-10-19 20:25:01,857 INFO =====> Epoch: 138
2024-10-19 20:25:01,857 INFO =====> EMD Loss: 30.766969680786133
2024-10-19 20:25:01,857 INFO =====> Height map loss: 28.998180389404297
2024-10-19 20:25:01,857 INFO =====> Insertion loss: 0.0
2024-10-19 20:25:01,858 INFO =====> Grad: [-1.17354266e+05  4.24284000e+05  1.70066312e-04 -8.63978125e+04
 -1.08680781e-03]
2024-10-19 20:25:01,858 INFO =====> Skill params: [ 0.68675154  0.44316635  0.8693618   0.8559555  -0.6875012 ]
2024-10-19 20:25:01,858 INFO =====> Num. aborted data so far: 44
2024-10-19 20:25:02,214 INFO ===> New TaichiEnv created.
2024-10-19 20:25:02,214 INFO ===> Specifications: horizon = 600, dt = 0.01, n_substeps = 20, dt_sub = 0.0005
2024-10-19 20:25:25,496 INFO =====> Epoch: 139
2024-10-19 20:25:25,496 INFO =====> EMD Loss: 30.795669555664062
2024-10-19 20:25:25,496 INFO =====> Height map loss: 29.006967544555664
2024-10-19 20:25:25,496 INFO =====> Insertion loss: 0.0
2024-10-19 20:25:25,496 INFO =====> Grad: [ 2.3155933e+05 -9.1685281e+05  1.9452991e-03  3.3873938e+05
 -4.5043528e-03]
2024-10-19 20:25:25,496 INFO =====> Skill params: [ 0.68617654  0.44339126  0.8691756   0.8557173  -0.68744826]
2024-10-19 20:25:25,496 INFO =====> Num. aborted data so far: 44
2024-10-19 20:25:25,875 INFO ===> New TaichiEnv created.
2024-10-19 20:25:25,875 INFO ===> Specifications: horizon = 600, dt = 0.01, n_substeps = 20, dt_sub = 0.0005
2024-10-19 20:25:49,015 INFO =====> Epoch: 140
2024-10-19 20:25:49,015 INFO =====> EMD Loss: 30.791505813598633
2024-10-19 20:25:49,015 INFO =====> Height map loss: 29.033254623413086
2024-10-19 20:25:49,015 INFO =====> Insertion loss: 0.0
2024-10-19 20:25:49,015 INFO =====> Grad: [ 1.4097058e+05 -4.0173375e+05 -3.3959006e-03  1.4709133e+05
  2.2033071e-02]
2024-10-19 20:25:49,015 INFO =====> Skill params: [ 0.6858076   0.44349515  0.8695183   0.8556083  -0.68772113]
2024-10-19 20:25:49,015 INFO =====> Num. aborted data so far: 44
2024-10-19 20:25:49,397 INFO ===> New TaichiEnv created.
2024-10-19 20:25:49,397 INFO ===> Specifications: horizon = 600, dt = 0.01, n_substeps = 20, dt_sub = 0.0005
2024-10-19 20:26:12,488 INFO =====> Epoch: 141
2024-10-19 20:26:12,488 INFO =====> EMD Loss: 30.776655197143555
2024-10-19 20:26:12,490 INFO =====> Height map loss: 29.05545425415039
2024-10-19 20:26:12,490 INFO =====> Insertion loss: 0.0
2024-10-19 20:26:12,490 INFO =====> Grad: [ 2.6736652e+04 -1.5640788e+05  4.3653641e-04  9.1354043e+03
  5.4788234e-04]
2024-10-19 20:26:12,490 INFO =====> Skill params: [ 0.6857338   0.4435378   0.86947185  0.85560113 -0.6877283 ]
2024-10-19 20:26:12,490 INFO =====> Num. aborted data so far: 44
2024-10-19 20:26:12,939 INFO ===> New TaichiEnv created.
2024-10-19 20:26:12,939 INFO ===> Specifications: horizon = 600, dt = 0.01, n_substeps = 20, dt_sub = 0.0005
2024-10-19 20:26:36,775 INFO =====> Epoch: 142
2024-10-19 20:26:36,775 INFO =====> EMD Loss: 30.786317825317383
2024-10-19 20:26:36,775 INFO =====> Height map loss: 29.055458068847656
2024-10-19 20:26:36,775 INFO =====> Insertion loss: 0.0
2024-10-19 20:26:36,775 INFO =====> Grad: [-6.3749625e+04  2.0429494e+05  1.0317820e-03 -6.6980836e+04
  4.1770726e-03]
2024-10-19 20:26:36,775 INFO =====> Skill params: [ 0.68591917  0.4434791   0.86935616  0.8556563  -0.68778574]
2024-10-19 20:26:36,775 INFO =====> Num. aborted data so far: 44
2024-10-19 20:26:37,212 INFO ===> New TaichiEnv created.
2024-10-19 20:26:37,212 INFO ===> Specifications: horizon = 600, dt = 0.01, n_substeps = 20, dt_sub = 0.0005
2024-10-19 20:27:00,818 INFO =====> Epoch: 143
2024-10-19 20:27:00,818 INFO =====> EMD Loss: 30.804790496826172
2024-10-19 20:27:00,818 INFO =====> Height map loss: 29.047542572021484
2024-10-19 20:27:00,818 INFO =====> Insertion loss: 0.0
2024-10-19 20:27:00,818 INFO =====> Grad: [ 6.1908820e+04 -2.3396884e+05 -6.8565860e-05  6.8615336e+04
  1.7181964e-03]
2024-10-19 20:27:00,818 INFO =====> Skill params: [ 0.6857294   0.44354996  0.86936426  0.8555968  -0.68781066]
2024-10-19 20:27:00,818 INFO =====> Num. aborted data so far: 44
2024-10-19 20:27:01,185 INFO ===> New TaichiEnv created.
2024-10-19 20:27:01,185 INFO ===> Specifications: horizon = 600, dt = 0.01, n_substeps = 20, dt_sub = 0.0005
2024-10-19 20:27:25,441 INFO =====> Epoch: 144
2024-10-19 20:27:25,441 INFO =====> EMD Loss: 30.786924362182617
2024-10-19 20:27:25,441 INFO =====> Height map loss: 29.056018829345703
2024-10-19 20:27:25,441 INFO =====> Insertion loss: 0.0
2024-10-19 20:27:25,441 INFO =====> Grad: [-1.3724790e+07  8.8349376e+07  4.0683746e-03 -2.9168142e+07
 -2.6647577e+00]
2024-10-19 20:27:25,441 INFO =====> Skill params: [ 0.72204113  0.4177895   0.86885744  0.880189   -0.65355814]
2024-10-19 20:27:25,441 INFO =====> Num. aborted data so far: 44
2024-10-19 20:27:25,806 INFO ===> New TaichiEnv created.
2024-10-19 20:27:25,806 INFO ===> Specifications: horizon = 600, dt = 0.01, n_substeps = 20, dt_sub = 0.0005
2024-10-19 20:27:49,561 INFO =====> Epoch: 145
2024-10-19 20:27:49,561 INFO =====> EMD Loss: 30.975116729736328
2024-10-19 20:27:49,561 INFO =====> Height map loss: 29.70906639099121
2024-10-19 20:27:49,561 INFO =====> Insertion loss: 0.0
2024-10-19 20:27:49,561 INFO =====> Grad: [-1.9156453e+05  6.7517319e+05 -3.1371918e-03 -1.7965055e+05
 -1.0363886e-02]
2024-10-19 20:27:49,561 INFO =====> Skill params: [ 0.72257537  0.41758198  0.8692694   0.8803487  -0.6534177 ]
2024-10-19 20:27:49,561 INFO =====> Num. aborted data so far: 44
2024-10-19 20:27:49,925 INFO ===> New TaichiEnv created.
2024-10-19 20:27:49,925 INFO ===> Specifications: horizon = 600, dt = 0.01, n_substeps = 20, dt_sub = 0.0005
2024-10-19 20:28:13,168 INFO =====> Epoch: 146
2024-10-19 20:28:13,169 INFO =====> EMD Loss: 30.961898803710938
2024-10-19 20:28:13,169 INFO =====> Height map loss: 29.729307174682617
2024-10-19 20:28:13,169 INFO =====> Insertion loss: 0.0
2024-10-19 20:28:13,169 INFO =====> Grad: [-1.2283950e+04  2.6700754e+04  4.9970222e-06 -1.9901799e+04
 -4.7550539e-06]
2024-10-19 20:28:13,169 INFO =====> Skill params: [ 0.7226115   0.41757333  0.86926866  0.88036734 -0.65341765]
2024-10-19 20:28:13,169 INFO =====> Num. aborted data so far: 44
2024-10-19 20:28:13,539 INFO ===> New TaichiEnv created.
2024-10-19 20:28:13,539 INFO ===> Specifications: horizon = 600, dt = 0.01, n_substeps = 20, dt_sub = 0.0005
2024-10-19 20:28:36,889 INFO =====> Epoch: 147
2024-10-19 20:28:36,889 INFO =====> EMD Loss: 30.973012924194336
2024-10-19 20:28:36,889 INFO =====> Height map loss: 29.734540939331055
2024-10-19 20:28:36,889 INFO =====> Insertion loss: 0.0
2024-10-19 20:28:36,889 INFO =====> Grad: [ 2.1363977e+04 -1.2746384e+05  1.2266646e-03  4.5673145e+04
  8.8063889e-04]
2024-10-19 20:28:36,890 INFO =====> Skill params: [ 0.72254527  0.41761687  0.86908966  0.8803222  -0.6534309 ]
2024-10-19 20:28:36,890 INFO =====> Num. aborted data so far: 44
2024-10-19 20:28:37,275 INFO ===> New TaichiEnv created.
2024-10-19 20:28:37,275 INFO ===> Specifications: horizon = 600, dt = 0.01, n_substeps = 20, dt_sub = 0.0005
2024-10-19 20:29:00,865 INFO =====> Epoch: 148
2024-10-19 20:29:00,865 INFO =====> EMD Loss: 30.96394157409668
2024-10-19 20:29:00,865 INFO =====> Height map loss: 29.72981071472168
2024-10-19 20:29:00,865 INFO =====> Insertion loss: 0.0
2024-10-19 20:29:00,865 INFO =====> Grad: [-1.01870414e+05  4.23836438e+05  4.81408695e-03 -1.18180070e+05
  9.04372241e-03]
2024-10-19 20:29:00,865 INFO =====> Skill params: [ 0.722878    0.41746432  0.8683493   0.88044524 -0.6535744 ]
2024-10-19 20:29:00,865 INFO =====> Num. aborted data so far: 44
2024-10-19 20:29:01,263 INFO ===> New TaichiEnv created.
2024-10-19 20:29:01,263 INFO ===> Specifications: horizon = 600, dt = 0.01, n_substeps = 20, dt_sub = 0.0005
2024-10-19 20:29:24,635 INFO =====> Epoch: 149
2024-10-19 20:29:24,635 INFO =====> EMD Loss: 30.975162506103516
2024-10-19 20:29:24,635 INFO =====> Height map loss: 29.735612869262695
2024-10-19 20:29:24,635 INFO =====> Insertion loss: 0.0
2024-10-19 20:29:24,635 INFO =====> Grad: [ 4.7213322e+05 -2.7469960e+06  1.5113834e-01 -3.6876559e+05
 -1.2504613e-01]
2024-10-19 20:29:24,635 INFO =====> Skill params: [ 0.72125304  0.4185065   0.8455039   0.88084984 -0.65148383]
2024-10-19 20:29:24,635 INFO =====> Num. aborted data so far: 44
2024-10-19 20:29:24,636 INFO ====> Finished training.
2024-10-19 20:29:24,636 INFO ====> Final EMD loss: 30.975162506103516
2024-10-19 20:29:24,636 INFO ====> Final height map loss: 29.735612869262695
2024-10-19 20:29:24,636 INFO ====> Final insertion loss: 0.0
2024-10-19 20:29:24,637 INFO ====> Final skill params: [ 0.72125304  0.4185065   0.8455039   0.88084984 -0.65148383]
