2024-11-20 18:10:06,548 INFO ===> Start grad computation at:, 2024-11-20 18:10:6
2024-11-20 18:10:07,127 INFO ===> New TaichiEnv created.
2024-11-20 18:10:07,127 INFO ===> Specifications: horizon = 311, dt = 0.01, n_substeps = 20, dt_sub = 0.0005
2024-11-20 18:10:07,150 DEBUG loaded <trimesh.Trimesh(vertices.shape=(916, 3), faces.shape=(856, 3))> using `load_obj` in 0.0030s
2024-11-20 18:10:07,297 DEBUG loaded <trimesh.Trimesh(vertices.shape=(48, 3), faces.shape=(28, 3))> using `load_obj` in 0.0007s
2024-11-20 18:10:35,372 INFO =====> Epoch: 0
2024-11-20 18:10:35,372 INFO =====> Loss info: {'particle_has_naninf': False, 'height_map_loss': 14.501999855041504, 'emd_loss': 23.428340911865234, 'total_loss': 23.428340911865234}
2024-11-20 18:10:35,372 INFO =====> Performing line search for epoch 0......
2024-11-20 18:10:35,977 INFO ===> New TaichiEnv created.
2024-11-20 18:10:35,977 INFO ===> Specifications: horizon = 311, dt = 0.01, n_substeps = 20, dt_sub = 0.0005
2024-11-20 18:10:36,000 DEBUG loaded <trimesh.Trimesh(vertices.shape=(916, 3), faces.shape=(856, 3))> using `load_obj` in 0.0030s
2024-11-20 18:10:36,148 DEBUG loaded <trimesh.Trimesh(vertices.shape=(48, 3), faces.shape=(28, 3))> using `load_obj` in 0.0007s
2024-11-20 18:10:45,151 INFO =====> alpha: 0.01
2024-11-20 18:10:45,151 INFO =====> Loss info: {'particle_has_naninf': False, 'height_map_loss': 14.501440048217773, 'emd_loss': 23.41556739807129, 'total_loss': 23.41556739807129}
2024-11-20 18:10:45,810 INFO ===> New TaichiEnv created.
2024-11-20 18:10:45,810 INFO ===> Specifications: horizon = 311, dt = 0.01, n_substeps = 20, dt_sub = 0.0005
2024-11-20 18:10:45,833 DEBUG loaded <trimesh.Trimesh(vertices.shape=(916, 3), faces.shape=(856, 3))> using `load_obj` in 0.0030s
2024-11-20 18:10:45,981 DEBUG loaded <trimesh.Trimesh(vertices.shape=(48, 3), faces.shape=(28, 3))> using `load_obj` in 0.0007s
2024-11-20 18:10:56,176 INFO =====> alpha: 0.1
2024-11-20 18:10:56,176 INFO =====> Loss info: {'particle_has_naninf': False, 'height_map_loss': 14.484821319580078, 'emd_loss': 23.583633422851562, 'total_loss': 23.583633422851562}
2024-11-20 18:10:56,762 INFO ===> New TaichiEnv created.
2024-11-20 18:10:56,762 INFO ===> Specifications: horizon = 311, dt = 0.01, n_substeps = 20, dt_sub = 0.0005
2024-11-20 18:10:56,786 DEBUG loaded <trimesh.Trimesh(vertices.shape=(916, 3), faces.shape=(856, 3))> using `load_obj` in 0.0031s
2024-11-20 18:10:56,933 DEBUG loaded <trimesh.Trimesh(vertices.shape=(48, 3), faces.shape=(28, 3))> using `load_obj` in 0.0007s
2024-11-20 18:11:05,993 INFO =====> alpha: 0.5
2024-11-20 18:11:05,993 INFO =====> Loss info: {'particle_has_naninf': False, 'height_map_loss': 14.322879791259766, 'emd_loss': 23.611663818359375, 'total_loss': 23.611663818359375}
2024-11-20 18:11:06,568 INFO ===> New TaichiEnv created.
2024-11-20 18:11:06,568 INFO ===> Specifications: horizon = 311, dt = 0.01, n_substeps = 20, dt_sub = 0.0005
2024-11-20 18:11:06,592 DEBUG loaded <trimesh.Trimesh(vertices.shape=(916, 3), faces.shape=(856, 3))> using `load_obj` in 0.0030s
2024-11-20 18:11:06,740 DEBUG loaded <trimesh.Trimesh(vertices.shape=(48, 3), faces.shape=(28, 3))> using `load_obj` in 0.0007s
2024-11-20 18:11:15,740 INFO =====> alpha: 1.0
2024-11-20 18:11:15,740 INFO =====> Loss info: {'particle_has_naninf': False, 'height_map_loss': 14.087165832519531, 'emd_loss': 23.410768508911133, 'total_loss': 23.410768508911133}
2024-11-20 18:11:16,320 INFO ===> New TaichiEnv created.
2024-11-20 18:11:16,320 INFO ===> Specifications: horizon = 311, dt = 0.01, n_substeps = 20, dt_sub = 0.0005
2024-11-20 18:11:16,344 DEBUG loaded <trimesh.Trimesh(vertices.shape=(916, 3), faces.shape=(856, 3))> using `load_obj` in 0.0030s
2024-11-20 18:11:16,491 DEBUG loaded <trimesh.Trimesh(vertices.shape=(48, 3), faces.shape=(28, 3))> using `load_obj` in 0.0007s
2024-11-20 18:11:26,601 INFO =====> alpha: 1.01
2024-11-20 18:11:26,601 INFO =====> Loss info: {'particle_has_naninf': False, 'height_map_loss': 14.078774452209473, 'emd_loss': 23.419559478759766, 'total_loss': 23.419559478759766}
2024-11-20 18:11:27,182 INFO ===> New TaichiEnv created.
2024-11-20 18:11:27,182 INFO ===> Specifications: horizon = 311, dt = 0.01, n_substeps = 20, dt_sub = 0.0005
2024-11-20 18:11:27,205 DEBUG loaded <trimesh.Trimesh(vertices.shape=(916, 3), faces.shape=(856, 3))> using `load_obj` in 0.0030s
2024-11-20 18:11:27,351 DEBUG loaded <trimesh.Trimesh(vertices.shape=(48, 3), faces.shape=(28, 3))> using `load_obj` in 0.0007s
2024-11-20 18:11:36,261 INFO =====> alpha: 1.1
2024-11-20 18:11:36,261 INFO =====> Loss info: {'particle_has_naninf': False, 'height_map_loss': 14.055208206176758, 'emd_loss': 23.159069061279297, 'total_loss': 23.159069061279297}
2024-11-20 18:11:36,863 INFO ===> New TaichiEnv created.
2024-11-20 18:11:36,863 INFO ===> Specifications: horizon = 311, dt = 0.01, n_substeps = 20, dt_sub = 0.0005
2024-11-20 18:11:36,887 DEBUG loaded <trimesh.Trimesh(vertices.shape=(916, 3), faces.shape=(856, 3))> using `load_obj` in 0.0030s
2024-11-20 18:11:37,033 DEBUG loaded <trimesh.Trimesh(vertices.shape=(48, 3), faces.shape=(28, 3))> using `load_obj` in 0.0007s
2024-11-20 18:11:45,969 INFO =====> alpha: 1.5
2024-11-20 18:11:45,969 INFO =====> Loss info: {'particle_has_naninf': False, 'height_map_loss': 13.912673950195312, 'emd_loss': 23.715618133544922, 'total_loss': 23.715618133544922}
2024-11-20 18:11:45,969 INFO =====> Best alpha: 1.5, Best loss info: {'particle_has_naninf': False, 'height_map_loss': 13.912673950195312, 'emd_loss': 23.715618133544922, 'total_loss': 23.715618133544922}
2024-11-20 18:11:45,969 INFO =====> Param: E: [327493.62], nu: [0.33547544], rho: [1548.0784], sand_angle: [22.274836]
2024-11-20 18:11:45,969 INFO =====> Grad: [ 4.2554932e-03  3.1634139e+04 -2.2986916e+01  1.7370372e+02]
2024-11-20 18:11:45,969 INFO =====> Num. aborted data so far: 0
2024-11-20 18:11:46,552 INFO ===> New TaichiEnv created.
2024-11-20 18:11:46,552 INFO ===> Specifications: horizon = 311, dt = 0.01, n_substeps = 20, dt_sub = 0.0005
2024-11-20 18:11:46,576 DEBUG loaded <trimesh.Trimesh(vertices.shape=(916, 3), faces.shape=(856, 3))> using `load_obj` in 0.0031s
2024-11-20 18:11:46,723 DEBUG loaded <trimesh.Trimesh(vertices.shape=(48, 3), faces.shape=(28, 3))> using `load_obj` in 0.0007s
2024-11-20 18:12:14,822 INFO =====> Epoch: 1
2024-11-20 18:12:14,822 INFO =====> Loss info: {'particle_has_naninf': False, 'height_map_loss': 13.911811828613281, 'emd_loss': 23.59173583984375, 'total_loss': 23.59173583984375}
2024-11-20 18:12:14,823 INFO =====> Performing line search for epoch 1......
2024-11-20 18:12:15,429 INFO ===> New TaichiEnv created.
2024-11-20 18:12:15,429 INFO ===> Specifications: horizon = 311, dt = 0.01, n_substeps = 20, dt_sub = 0.0005
2024-11-20 18:12:15,453 DEBUG loaded <trimesh.Trimesh(vertices.shape=(916, 3), faces.shape=(856, 3))> using `load_obj` in 0.0029s
2024-11-20 18:12:15,600 DEBUG loaded <trimesh.Trimesh(vertices.shape=(48, 3), faces.shape=(28, 3))> using `load_obj` in 0.0007s
2024-11-20 18:12:24,702 INFO =====> alpha: 0.01
2024-11-20 18:12:24,702 INFO =====> Loss info: {'particle_has_naninf': False, 'height_map_loss': 13.914204597473145, 'emd_loss': 23.72493553161621, 'total_loss': 23.72493553161621}
2024-11-20 18:12:25,287 INFO ===> New TaichiEnv created.
2024-11-20 18:12:25,287 INFO ===> Specifications: horizon = 311, dt = 0.01, n_substeps = 20, dt_sub = 0.0005
2024-11-20 18:12:25,311 DEBUG loaded <trimesh.Trimesh(vertices.shape=(916, 3), faces.shape=(856, 3))> using `load_obj` in 0.0031s
2024-11-20 18:12:25,459 DEBUG loaded <trimesh.Trimesh(vertices.shape=(48, 3), faces.shape=(28, 3))> using `load_obj` in 0.0007s
2024-11-20 18:12:34,486 INFO =====> alpha: 0.1
2024-11-20 18:12:34,486 INFO =====> Loss info: {'particle_has_naninf': False, 'height_map_loss': 13.901252746582031, 'emd_loss': 23.638235092163086, 'total_loss': 23.638235092163086}
2024-11-20 18:12:35,080 INFO ===> New TaichiEnv created.
2024-11-20 18:12:35,080 INFO ===> Specifications: horizon = 311, dt = 0.01, n_substeps = 20, dt_sub = 0.0005
2024-11-20 18:12:35,104 DEBUG loaded <trimesh.Trimesh(vertices.shape=(916, 3), faces.shape=(856, 3))> using `load_obj` in 0.0029s
2024-11-20 18:12:35,251 DEBUG loaded <trimesh.Trimesh(vertices.shape=(48, 3), faces.shape=(28, 3))> using `load_obj` in 0.0007s
2024-11-20 18:12:45,301 INFO =====> alpha: 0.5
2024-11-20 18:12:45,301 INFO =====> Loss info: {'particle_has_naninf': False, 'height_map_loss': 13.823116302490234, 'emd_loss': 23.384044647216797, 'total_loss': 23.384044647216797}
2024-11-20 18:12:45,885 INFO ===> New TaichiEnv created.
2024-11-20 18:12:45,885 INFO ===> Specifications: horizon = 311, dt = 0.01, n_substeps = 20, dt_sub = 0.0005
2024-11-20 18:12:45,909 DEBUG loaded <trimesh.Trimesh(vertices.shape=(916, 3), faces.shape=(856, 3))> using `load_obj` in 0.0031s
2024-11-20 18:12:46,056 DEBUG loaded <trimesh.Trimesh(vertices.shape=(48, 3), faces.shape=(28, 3))> using `load_obj` in 0.0007s
2024-11-20 18:12:54,992 INFO =====> alpha: 1.0
2024-11-20 18:12:54,992 INFO =====> Loss info: {'particle_has_naninf': False, 'height_map_loss': 13.683303833007812, 'emd_loss': 23.458850860595703, 'total_loss': 23.458850860595703}
2024-11-20 18:12:55,581 INFO ===> New TaichiEnv created.
2024-11-20 18:12:55,581 INFO ===> Specifications: horizon = 311, dt = 0.01, n_substeps = 20, dt_sub = 0.0005
2024-11-20 18:12:55,604 DEBUG loaded <trimesh.Trimesh(vertices.shape=(916, 3), faces.shape=(856, 3))> using `load_obj` in 0.0031s
2024-11-20 18:12:55,752 DEBUG loaded <trimesh.Trimesh(vertices.shape=(48, 3), faces.shape=(28, 3))> using `load_obj` in 0.0007s
2024-11-20 18:13:04,745 INFO =====> alpha: 1.01
2024-11-20 18:13:04,745 INFO =====> Loss info: {'particle_has_naninf': False, 'height_map_loss': 13.690028190612793, 'emd_loss': 23.465530395507812, 'total_loss': 23.465530395507812}
2024-11-20 18:13:05,323 INFO ===> New TaichiEnv created.
2024-11-20 18:13:05,323 INFO ===> Specifications: horizon = 311, dt = 0.01, n_substeps = 20, dt_sub = 0.0005
2024-11-20 18:13:05,347 DEBUG loaded <trimesh.Trimesh(vertices.shape=(916, 3), faces.shape=(856, 3))> using `load_obj` in 0.0029s
2024-11-20 18:13:05,493 DEBUG loaded <trimesh.Trimesh(vertices.shape=(48, 3), faces.shape=(28, 3))> using `load_obj` in 0.0007s
2024-11-20 18:13:15,572 INFO =====> alpha: 1.1
2024-11-20 18:13:15,572 INFO =====> Loss info: {'particle_has_naninf': False, 'height_map_loss': 13.686568260192871, 'emd_loss': 23.483596801757812, 'total_loss': 23.483596801757812}
2024-11-20 18:13:16,169 INFO ===> New TaichiEnv created.
2024-11-20 18:13:16,169 INFO ===> Specifications: horizon = 311, dt = 0.01, n_substeps = 20, dt_sub = 0.0005
2024-11-20 18:13:16,192 DEBUG loaded <trimesh.Trimesh(vertices.shape=(916, 3), faces.shape=(856, 3))> using `load_obj` in 0.0029s
2024-11-20 18:13:16,338 DEBUG loaded <trimesh.Trimesh(vertices.shape=(48, 3), faces.shape=(28, 3))> using `load_obj` in 0.0007s
2024-11-20 18:13:25,231 INFO =====> alpha: 1.5
2024-11-20 18:13:25,231 INFO =====> Loss info: {'particle_has_naninf': False, 'height_map_loss': 13.638554573059082, 'emd_loss': 23.793588638305664, 'total_loss': 23.793588638305664}
2024-11-20 18:13:25,231 INFO =====> Best alpha: 1.5, Best loss info: {'particle_has_naninf': False, 'height_map_loss': 13.638554573059082, 'emd_loss': 23.793588638305664, 'total_loss': 23.793588638305664}
2024-11-20 18:13:25,232 INFO =====> Param: E: [297174.44], nu: [0.3105143], rho: [1334.2383], sand_angle: [20.315882]
2024-11-20 18:13:25,232 INFO =====> Grad: [1.3650323e-03 1.8571891e+04 4.5460419e+01 7.4725639e+01]
2024-11-20 18:13:25,232 INFO =====> Num. aborted data so far: 0
2024-11-20 18:13:25,817 INFO ===> New TaichiEnv created.
2024-11-20 18:13:25,817 INFO ===> Specifications: horizon = 311, dt = 0.01, n_substeps = 20, dt_sub = 0.0005
2024-11-20 18:13:25,841 DEBUG loaded <trimesh.Trimesh(vertices.shape=(916, 3), faces.shape=(856, 3))> using `load_obj` in 0.0031s
2024-11-20 18:13:25,989 DEBUG loaded <trimesh.Trimesh(vertices.shape=(48, 3), faces.shape=(28, 3))> using `load_obj` in 0.0007s
2024-11-20 18:13:54,068 INFO =====> Epoch: 2
2024-11-20 18:13:54,068 INFO =====> Loss info: {'particle_has_naninf': False, 'height_map_loss': 13.639328956604004, 'emd_loss': 23.789318084716797, 'total_loss': 23.789318084716797}
2024-11-20 18:13:54,069 INFO =====> Performing line search for epoch 2......
2024-11-20 18:13:54,671 INFO ===> New TaichiEnv created.
2024-11-20 18:13:54,671 INFO ===> Specifications: horizon = 311, dt = 0.01, n_substeps = 20, dt_sub = 0.0005
2024-11-20 18:13:54,694 DEBUG loaded <trimesh.Trimesh(vertices.shape=(916, 3), faces.shape=(856, 3))> using `load_obj` in 0.0030s
2024-11-20 18:13:54,841 DEBUG loaded <trimesh.Trimesh(vertices.shape=(48, 3), faces.shape=(28, 3))> using `load_obj` in 0.0007s
2024-11-20 18:14:03,765 INFO =====> alpha: 0.01
2024-11-20 18:14:03,765 INFO =====> Loss info: {'particle_has_naninf': False, 'height_map_loss': 13.637900352478027, 'emd_loss': 23.770055770874023, 'total_loss': 23.770055770874023}
2024-11-20 18:14:04,412 INFO ===> New TaichiEnv created.
2024-11-20 18:14:04,412 INFO ===> Specifications: horizon = 311, dt = 0.01, n_substeps = 20, dt_sub = 0.0005
2024-11-20 18:14:04,436 DEBUG loaded <trimesh.Trimesh(vertices.shape=(916, 3), faces.shape=(856, 3))> using `load_obj` in 0.0030s
2024-11-20 18:14:04,582 DEBUG loaded <trimesh.Trimesh(vertices.shape=(48, 3), faces.shape=(28, 3))> using `load_obj` in 0.0007s
2024-11-20 18:14:13,682 INFO =====> alpha: 0.1
2024-11-20 18:14:13,682 INFO =====> Loss info: {'particle_has_naninf': False, 'height_map_loss': 13.623522758483887, 'emd_loss': 23.674779891967773, 'total_loss': 23.674779891967773}
2024-11-20 18:14:14,259 INFO ===> New TaichiEnv created.
2024-11-20 18:14:14,259 INFO ===> Specifications: horizon = 311, dt = 0.01, n_substeps = 20, dt_sub = 0.0005
2024-11-20 18:14:14,282 DEBUG loaded <trimesh.Trimesh(vertices.shape=(916, 3), faces.shape=(856, 3))> using `load_obj` in 0.0030s
2024-11-20 18:14:14,430 DEBUG loaded <trimesh.Trimesh(vertices.shape=(48, 3), faces.shape=(28, 3))> using `load_obj` in 0.0007s
2024-11-20 18:14:24,629 INFO =====> alpha: 0.5
2024-11-20 18:14:24,629 INFO =====> Loss info: {'particle_has_naninf': False, 'height_map_loss': 13.55237865447998, 'emd_loss': 23.593212127685547, 'total_loss': 23.593212127685547}
2024-11-20 18:14:25,280 INFO ===> New TaichiEnv created.
2024-11-20 18:14:25,280 INFO ===> Specifications: horizon = 311, dt = 0.01, n_substeps = 20, dt_sub = 0.0005
2024-11-20 18:14:25,303 DEBUG loaded <trimesh.Trimesh(vertices.shape=(916, 3), faces.shape=(856, 3))> using `load_obj` in 0.0029s
2024-11-20 18:14:25,449 DEBUG loaded <trimesh.Trimesh(vertices.shape=(48, 3), faces.shape=(28, 3))> using `load_obj` in 0.0007s
2024-11-20 18:14:34,425 INFO =====> alpha: 1.0
2024-11-20 18:14:34,425 INFO =====> Loss info: {'particle_has_naninf': False, 'height_map_loss': 13.508062362670898, 'emd_loss': 23.446401596069336, 'total_loss': 23.446401596069336}
2024-11-20 18:14:35,002 INFO ===> New TaichiEnv created.
2024-11-20 18:14:35,002 INFO ===> Specifications: horizon = 311, dt = 0.01, n_substeps = 20, dt_sub = 0.0005
2024-11-20 18:14:35,025 DEBUG loaded <trimesh.Trimesh(vertices.shape=(916, 3), faces.shape=(856, 3))> using `load_obj` in 0.0030s
2024-11-20 18:14:35,172 DEBUG loaded <trimesh.Trimesh(vertices.shape=(48, 3), faces.shape=(28, 3))> using `load_obj` in 0.0007s
2024-11-20 18:14:44,151 INFO =====> alpha: 1.01
2024-11-20 18:14:44,151 INFO =====> Loss info: {'particle_has_naninf': False, 'height_map_loss': 13.505056381225586, 'emd_loss': 23.44768524169922, 'total_loss': 23.44768524169922}
2024-11-20 18:14:44,728 INFO ===> New TaichiEnv created.
2024-11-20 18:14:44,728 INFO ===> Specifications: horizon = 311, dt = 0.01, n_substeps = 20, dt_sub = 0.0005
2024-11-20 18:14:44,751 DEBUG loaded <trimesh.Trimesh(vertices.shape=(916, 3), faces.shape=(856, 3))> using `load_obj` in 0.0031s
2024-11-20 18:14:44,898 DEBUG loaded <trimesh.Trimesh(vertices.shape=(48, 3), faces.shape=(28, 3))> using `load_obj` in 0.0007s
2024-11-20 18:14:55,009 INFO =====> alpha: 1.1
2024-11-20 18:14:55,009 INFO =====> Loss info: {'particle_has_naninf': False, 'height_map_loss': 13.486762046813965, 'emd_loss': 23.564083099365234, 'total_loss': 23.564083099365234}
2024-11-20 18:14:55,586 INFO ===> New TaichiEnv created.
2024-11-20 18:14:55,586 INFO ===> Specifications: horizon = 311, dt = 0.01, n_substeps = 20, dt_sub = 0.0005
2024-11-20 18:14:55,610 DEBUG loaded <trimesh.Trimesh(vertices.shape=(916, 3), faces.shape=(856, 3))> using `load_obj` in 0.0030s
2024-11-20 18:14:55,757 DEBUG loaded <trimesh.Trimesh(vertices.shape=(48, 3), faces.shape=(28, 3))> using `load_obj` in 0.0007s
2024-11-20 18:15:04,725 INFO =====> alpha: 1.5
2024-11-20 18:15:04,725 INFO =====> Loss info: {'particle_has_naninf': False, 'height_map_loss': 13.430346488952637, 'emd_loss': 23.75015640258789, 'total_loss': 23.75015640258789}
2024-11-20 18:15:04,726 INFO =====> Best alpha: 1.5, Best loss info: {'particle_has_naninf': False, 'height_map_loss': 13.430346488952637, 'emd_loss': 23.75015640258789, 'total_loss': 23.75015640258789}
2024-11-20 18:15:04,726 INFO =====> Param: E: [250000.], nu: [0.31217444], rho: [1223.4763], sand_angle: [16.80176]
2024-11-20 18:15:04,726 INFO =====> Grad: [ 4.7373446e-03 -1.1725261e+03  2.5262789e+01  1.8933090e+02]
2024-11-20 18:15:04,726 INFO =====> Num. aborted data so far: 0
2024-11-20 18:15:05,397 INFO ===> New TaichiEnv created.
2024-11-20 18:15:05,397 INFO ===> Specifications: horizon = 311, dt = 0.01, n_substeps = 20, dt_sub = 0.0005
2024-11-20 18:15:05,421 DEBUG loaded <trimesh.Trimesh(vertices.shape=(916, 3), faces.shape=(856, 3))> using `load_obj` in 0.0030s
2024-11-20 18:15:05,568 DEBUG loaded <trimesh.Trimesh(vertices.shape=(48, 3), faces.shape=(28, 3))> using `load_obj` in 0.0007s
2024-11-20 18:15:32,591 INFO =====> Epoch: 3
2024-11-20 18:15:32,591 INFO =====> Loss info: {'particle_has_naninf': False, 'height_map_loss': 13.426502227783203, 'emd_loss': 23.747236251831055, 'total_loss': 23.747236251831055}
2024-11-20 18:15:32,591 INFO =====> Performing line search for epoch 3......
2024-11-20 18:15:33,191 INFO ===> New TaichiEnv created.
2024-11-20 18:15:33,191 INFO ===> Specifications: horizon = 311, dt = 0.01, n_substeps = 20, dt_sub = 0.0005
2024-11-20 18:15:33,215 DEBUG loaded <trimesh.Trimesh(vertices.shape=(916, 3), faces.shape=(856, 3))> using `load_obj` in 0.0031s
2024-11-20 18:15:33,362 DEBUG loaded <trimesh.Trimesh(vertices.shape=(48, 3), faces.shape=(28, 3))> using `load_obj` in 0.0007s
2024-11-20 18:15:43,491 INFO =====> alpha: 0.01
2024-11-20 18:15:43,491 INFO =====> Loss info: {'particle_has_naninf': False, 'height_map_loss': 13.423063278198242, 'emd_loss': 23.742206573486328, 'total_loss': 23.742206573486328}
2024-11-20 18:15:44,069 INFO ===> New TaichiEnv created.
2024-11-20 18:15:44,069 INFO ===> Specifications: horizon = 311, dt = 0.01, n_substeps = 20, dt_sub = 0.0005
2024-11-20 18:15:44,092 DEBUG loaded <trimesh.Trimesh(vertices.shape=(916, 3), faces.shape=(856, 3))> using `load_obj` in 0.0030s
2024-11-20 18:15:44,242 DEBUG loaded <trimesh.Trimesh(vertices.shape=(48, 3), faces.shape=(28, 3))> using `load_obj` in 0.0007s
2024-11-20 18:15:53,292 INFO =====> alpha: 0.1
2024-11-20 18:15:53,293 INFO =====> Loss info: {'particle_has_naninf': False, 'height_map_loss': 13.412270545959473, 'emd_loss': 23.948318481445312, 'total_loss': 23.948318481445312}
2024-11-20 18:15:53,883 INFO ===> New TaichiEnv created.
2024-11-20 18:15:53,883 INFO ===> Specifications: horizon = 311, dt = 0.01, n_substeps = 20, dt_sub = 0.0005
2024-11-20 18:15:53,906 DEBUG loaded <trimesh.Trimesh(vertices.shape=(916, 3), faces.shape=(856, 3))> using `load_obj` in 0.0030s
2024-11-20 18:15:54,054 DEBUG loaded <trimesh.Trimesh(vertices.shape=(48, 3), faces.shape=(28, 3))> using `load_obj` in 0.0007s
2024-11-20 18:16:03,043 INFO =====> alpha: 0.5
2024-11-20 18:16:03,043 INFO =====> Loss info: {'particle_has_naninf': False, 'height_map_loss': 13.44776439666748, 'emd_loss': 23.617591857910156, 'total_loss': 23.617591857910156}
2024-11-20 18:16:03,626 INFO ===> New TaichiEnv created.
2024-11-20 18:16:03,626 INFO ===> Specifications: horizon = 311, dt = 0.01, n_substeps = 20, dt_sub = 0.0005
2024-11-20 18:16:03,649 DEBUG loaded <trimesh.Trimesh(vertices.shape=(916, 3), faces.shape=(856, 3))> using `load_obj` in 0.0029s
2024-11-20 18:16:03,796 DEBUG loaded <trimesh.Trimesh(vertices.shape=(48, 3), faces.shape=(28, 3))> using `load_obj` in 0.0007s
2024-11-20 18:16:13,866 INFO =====> alpha: 1.0
2024-11-20 18:16:13,866 INFO =====> Loss info: {'particle_has_naninf': False, 'height_map_loss': 13.498563766479492, 'emd_loss': 23.540069580078125, 'total_loss': 23.540069580078125}
2024-11-20 18:16:14,452 INFO ===> New TaichiEnv created.
2024-11-20 18:16:14,452 INFO ===> Specifications: horizon = 311, dt = 0.01, n_substeps = 20, dt_sub = 0.0005
2024-11-20 18:16:14,476 DEBUG loaded <trimesh.Trimesh(vertices.shape=(916, 3), faces.shape=(856, 3))> using `load_obj` in 0.0030s
2024-11-20 18:16:14,623 DEBUG loaded <trimesh.Trimesh(vertices.shape=(48, 3), faces.shape=(28, 3))> using `load_obj` in 0.0007s
2024-11-20 18:16:23,581 INFO =====> alpha: 1.01
2024-11-20 18:16:23,581 INFO =====> Loss info: {'particle_has_naninf': False, 'height_map_loss': 13.502533912658691, 'emd_loss': 23.53374481201172, 'total_loss': 23.53374481201172}
2024-11-20 18:16:24,247 INFO ===> New TaichiEnv created.
2024-11-20 18:16:24,247 INFO ===> Specifications: horizon = 311, dt = 0.01, n_substeps = 20, dt_sub = 0.0005
2024-11-20 18:16:24,270 DEBUG loaded <trimesh.Trimesh(vertices.shape=(916, 3), faces.shape=(856, 3))> using `load_obj` in 0.0030s
2024-11-20 18:16:24,418 DEBUG loaded <trimesh.Trimesh(vertices.shape=(48, 3), faces.shape=(28, 3))> using `load_obj` in 0.0007s
2024-11-20 18:16:33,335 INFO =====> alpha: 1.1
2024-11-20 18:16:33,335 INFO =====> Loss info: {'particle_has_naninf': False, 'height_map_loss': 13.500529289245605, 'emd_loss': 23.368722915649414, 'total_loss': 23.368722915649414}
2024-11-20 18:16:33,918 INFO ===> New TaichiEnv created.
2024-11-20 18:16:33,918 INFO ===> Specifications: horizon = 311, dt = 0.01, n_substeps = 20, dt_sub = 0.0005
2024-11-20 18:16:33,942 DEBUG loaded <trimesh.Trimesh(vertices.shape=(916, 3), faces.shape=(856, 3))> using `load_obj` in 0.0029s
2024-11-20 18:16:34,090 DEBUG loaded <trimesh.Trimesh(vertices.shape=(48, 3), faces.shape=(28, 3))> using `load_obj` in 0.0007s
2024-11-20 18:16:44,118 INFO =====> alpha: 1.5
2024-11-20 18:16:44,118 INFO =====> Loss info: {'particle_has_naninf': False, 'height_map_loss': 13.531679153442383, 'emd_loss': 23.267393112182617, 'total_loss': 23.267393112182617}
2024-11-20 18:16:44,119 INFO =====> Best alpha: 0.1, Best loss info: {'particle_has_naninf': False, 'height_map_loss': 13.412270545959473, 'emd_loss': 23.948318481445312, 'total_loss': 23.948318481445312}
2024-11-20 18:16:44,119 INFO =====> Param: E: [253555.06], nu: [0.31304812], rho: [1211.722], sand_angle: [16.981337]
2024-11-20 18:16:44,119 INFO =====> Grad: [-4.0193638e-03 -9.1367832e+03  5.7038952e+01 -1.6726527e+02]
2024-11-20 18:16:44,119 INFO =====> Num. aborted data so far: 0
2024-11-20 18:16:44,707 INFO ===> New TaichiEnv created.
2024-11-20 18:16:44,707 INFO ===> Specifications: horizon = 311, dt = 0.01, n_substeps = 20, dt_sub = 0.0005
2024-11-20 18:16:44,731 DEBUG loaded <trimesh.Trimesh(vertices.shape=(916, 3), faces.shape=(856, 3))> using `load_obj` in 0.0030s
2024-11-20 18:16:44,878 DEBUG loaded <trimesh.Trimesh(vertices.shape=(48, 3), faces.shape=(28, 3))> using `load_obj` in 0.0007s
2024-11-20 18:17:11,911 INFO =====> Epoch: 4
2024-11-20 18:17:11,911 INFO =====> Loss info: {'particle_has_naninf': False, 'height_map_loss': 13.413885116577148, 'emd_loss': 23.847850799560547, 'total_loss': 23.847850799560547}
2024-11-20 18:17:11,911 INFO =====> Performing line search for epoch 4......
2024-11-20 18:17:12,565 INFO ===> New TaichiEnv created.
2024-11-20 18:17:12,565 INFO ===> Specifications: horizon = 311, dt = 0.01, n_substeps = 20, dt_sub = 0.0005
2024-11-20 18:17:12,589 DEBUG loaded <trimesh.Trimesh(vertices.shape=(916, 3), faces.shape=(856, 3))> using `load_obj` in 0.0030s
2024-11-20 18:17:12,737 DEBUG loaded <trimesh.Trimesh(vertices.shape=(48, 3), faces.shape=(28, 3))> using `load_obj` in 0.0007s
2024-11-20 18:17:22,931 INFO =====> alpha: 0.01
2024-11-20 18:17:22,931 INFO =====> Loss info: {'particle_has_naninf': False, 'height_map_loss': 13.412030220031738, 'emd_loss': 23.83913803100586, 'total_loss': 23.83913803100586}
2024-11-20 18:17:23,591 INFO ===> New TaichiEnv created.
2024-11-20 18:17:23,591 INFO ===> Specifications: horizon = 311, dt = 0.01, n_substeps = 20, dt_sub = 0.0005
2024-11-20 18:17:23,614 DEBUG loaded <trimesh.Trimesh(vertices.shape=(916, 3), faces.shape=(856, 3))> using `load_obj` in 0.0029s
2024-11-20 18:17:23,763 DEBUG loaded <trimesh.Trimesh(vertices.shape=(48, 3), faces.shape=(28, 3))> using `load_obj` in 0.0007s
2024-11-20 18:17:32,677 INFO =====> alpha: 0.1
2024-11-20 18:17:32,677 INFO =====> Loss info: {'particle_has_naninf': False, 'height_map_loss': 13.429008483886719, 'emd_loss': 23.60540199279785, 'total_loss': 23.60540199279785}
2024-11-20 18:17:33,260 INFO ===> New TaichiEnv created.
2024-11-20 18:17:33,260 INFO ===> Specifications: horizon = 311, dt = 0.01, n_substeps = 20, dt_sub = 0.0005
2024-11-20 18:17:33,283 DEBUG loaded <trimesh.Trimesh(vertices.shape=(916, 3), faces.shape=(856, 3))> using `load_obj` in 0.0030s
2024-11-20 18:17:33,431 DEBUG loaded <trimesh.Trimesh(vertices.shape=(48, 3), faces.shape=(28, 3))> using `load_obj` in 0.0007s
2024-11-20 18:17:42,426 INFO =====> alpha: 0.5
2024-11-20 18:17:42,426 INFO =====> Loss info: {'particle_has_naninf': False, 'height_map_loss': 13.502422332763672, 'emd_loss': 23.411319732666016, 'total_loss': 23.411319732666016}
2024-11-20 18:17:43,021 INFO ===> New TaichiEnv created.
2024-11-20 18:17:43,021 INFO ===> Specifications: horizon = 311, dt = 0.01, n_substeps = 20, dt_sub = 0.0005
2024-11-20 18:17:43,044 DEBUG loaded <trimesh.Trimesh(vertices.shape=(916, 3), faces.shape=(856, 3))> using `load_obj` in 0.0030s
2024-11-20 18:17:43,191 DEBUG loaded <trimesh.Trimesh(vertices.shape=(48, 3), faces.shape=(28, 3))> using `load_obj` in 0.0007s
2024-11-20 18:17:53,237 INFO =====> alpha: 1.0
2024-11-20 18:17:53,238 INFO =====> Loss info: {'particle_has_naninf': False, 'height_map_loss': 13.550186157226562, 'emd_loss': 23.52531623840332, 'total_loss': 23.52531623840332}
2024-11-20 18:17:53,817 INFO ===> New TaichiEnv created.
2024-11-20 18:17:53,817 INFO ===> Specifications: horizon = 311, dt = 0.01, n_substeps = 20, dt_sub = 0.0005
2024-11-20 18:17:53,840 DEBUG loaded <trimesh.Trimesh(vertices.shape=(916, 3), faces.shape=(856, 3))> using `load_obj` in 0.0028s
2024-11-20 18:17:53,986 DEBUG loaded <trimesh.Trimesh(vertices.shape=(48, 3), faces.shape=(28, 3))> using `load_obj` in 0.0007s
2024-11-20 18:18:02,922 INFO =====> alpha: 1.01
2024-11-20 18:18:02,922 INFO =====> Loss info: {'particle_has_naninf': False, 'height_map_loss': 13.552313804626465, 'emd_loss': 23.497453689575195, 'total_loss': 23.497453689575195}
2024-11-20 18:18:03,502 INFO ===> New TaichiEnv created.
2024-11-20 18:18:03,502 INFO ===> Specifications: horizon = 311, dt = 0.01, n_substeps = 20, dt_sub = 0.0005
2024-11-20 18:18:03,525 DEBUG loaded <trimesh.Trimesh(vertices.shape=(916, 3), faces.shape=(856, 3))> using `load_obj` in 0.0030s
2024-11-20 18:18:03,673 DEBUG loaded <trimesh.Trimesh(vertices.shape=(48, 3), faces.shape=(28, 3))> using `load_obj` in 0.0007s
2024-11-20 18:18:12,662 INFO =====> alpha: 1.1
2024-11-20 18:18:12,662 INFO =====> Loss info: {'particle_has_naninf': False, 'height_map_loss': 13.55991268157959, 'emd_loss': 23.175016403198242, 'total_loss': 23.175016403198242}
2024-11-20 18:18:13,239 INFO ===> New TaichiEnv created.
2024-11-20 18:18:13,239 INFO ===> Specifications: horizon = 311, dt = 0.01, n_substeps = 20, dt_sub = 0.0005
2024-11-20 18:18:13,262 DEBUG loaded <trimesh.Trimesh(vertices.shape=(916, 3), faces.shape=(856, 3))> using `load_obj` in 0.0030s
2024-11-20 18:18:13,409 DEBUG loaded <trimesh.Trimesh(vertices.shape=(48, 3), faces.shape=(28, 3))> using `load_obj` in 0.0007s
2024-11-20 18:18:22,369 INFO =====> alpha: 1.5
2024-11-20 18:18:22,369 INFO =====> Loss info: {'particle_has_naninf': False, 'height_map_loss': 13.731423377990723, 'emd_loss': 23.067729949951172, 'total_loss': 23.067729949951172}
2024-11-20 18:18:22,370 INFO =====> Best alpha: 0.01, Best loss info: {'particle_has_naninf': False, 'height_map_loss': 13.412030220031738, 'emd_loss': 23.83913803100586, 'total_loss': 23.83913803100586}
2024-11-20 18:18:22,370 INFO =====> Param: E: [254067.1], nu: [0.31320786], rho: [1211.5529], sand_angle: [17.011242]
2024-11-20 18:18:22,370 INFO =====> Grad: [-9.3562678e-03 -1.8362062e+04  7.8311543e+00 -8.1311761e+02]
2024-11-20 18:18:22,370 INFO =====> Num. aborted data so far: 0
2024-11-20 18:18:22,953 INFO ===> New TaichiEnv created.
2024-11-20 18:18:22,953 INFO ===> Specifications: horizon = 311, dt = 0.01, n_substeps = 20, dt_sub = 0.0005
2024-11-20 18:18:22,977 DEBUG loaded <trimesh.Trimesh(vertices.shape=(916, 3), faces.shape=(856, 3))> using `load_obj` in 0.0028s
2024-11-20 18:18:23,125 DEBUG loaded <trimesh.Trimesh(vertices.shape=(48, 3), faces.shape=(28, 3))> using `load_obj` in 0.0007s
2024-11-20 18:18:51,216 INFO =====> Epoch: 5
2024-11-20 18:18:51,217 INFO =====> Loss info: {'particle_has_naninf': False, 'height_map_loss': 13.412125587463379, 'emd_loss': 23.83740997314453, 'total_loss': 23.83740997314453}
2024-11-20 18:18:51,217 INFO =====> Performing line search for epoch 5......
2024-11-20 18:18:51,845 INFO ===> New TaichiEnv created.
2024-11-20 18:18:51,845 INFO ===> Specifications: horizon = 311, dt = 0.01, n_substeps = 20, dt_sub = 0.0005
2024-11-20 18:18:51,868 DEBUG loaded <trimesh.Trimesh(vertices.shape=(916, 3), faces.shape=(856, 3))> using `load_obj` in 0.0030s
2024-11-20 18:18:52,015 DEBUG loaded <trimesh.Trimesh(vertices.shape=(48, 3), faces.shape=(28, 3))> using `load_obj` in 0.0007s
2024-11-20 18:19:01,025 INFO =====> alpha: 0.01
2024-11-20 18:19:01,026 INFO =====> Loss info: {'particle_has_naninf': False, 'height_map_loss': 13.41232681274414, 'emd_loss': 23.826200485229492, 'total_loss': 23.826200485229492}
2024-11-20 18:19:01,608 INFO ===> New TaichiEnv created.
2024-11-20 18:19:01,608 INFO ===> Specifications: horizon = 311, dt = 0.01, n_substeps = 20, dt_sub = 0.0005
2024-11-20 18:19:01,632 DEBUG loaded <trimesh.Trimesh(vertices.shape=(916, 3), faces.shape=(856, 3))> using `load_obj` in 0.0030s
2024-11-20 18:19:01,783 DEBUG loaded <trimesh.Trimesh(vertices.shape=(48, 3), faces.shape=(28, 3))> using `load_obj` in 0.0007s
2024-11-20 18:19:11,916 INFO =====> alpha: 0.1
2024-11-20 18:19:11,917 INFO =====> Loss info: {'particle_has_naninf': False, 'height_map_loss': 13.419469833374023, 'emd_loss': 23.740942001342773, 'total_loss': 23.740942001342773}
2024-11-20 18:19:12,495 INFO ===> New TaichiEnv created.
2024-11-20 18:19:12,495 INFO ===> Specifications: horizon = 311, dt = 0.01, n_substeps = 20, dt_sub = 0.0005
2024-11-20 18:19:12,521 DEBUG loaded <trimesh.Trimesh(vertices.shape=(916, 3), faces.shape=(856, 3))> using `load_obj` in 0.0048s
2024-11-20 18:19:12,666 DEBUG loaded <trimesh.Trimesh(vertices.shape=(48, 3), faces.shape=(28, 3))> using `load_obj` in 0.0007s
2024-11-20 18:19:21,680 INFO =====> alpha: 0.5
2024-11-20 18:19:21,680 INFO =====> Loss info: {'particle_has_naninf': False, 'height_map_loss': 13.328362464904785, 'emd_loss': 23.9895076751709, 'total_loss': 23.9895076751709}
2024-11-20 18:19:22,271 INFO ===> New TaichiEnv created.
2024-11-20 18:19:22,271 INFO ===> Specifications: horizon = 311, dt = 0.01, n_substeps = 20, dt_sub = 0.0005
2024-11-20 18:19:22,294 DEBUG loaded <trimesh.Trimesh(vertices.shape=(916, 3), faces.shape=(856, 3))> using `load_obj` in 0.0030s
2024-11-20 18:19:22,440 DEBUG loaded <trimesh.Trimesh(vertices.shape=(48, 3), faces.shape=(28, 3))> using `load_obj` in 0.0007s
2024-11-20 18:19:31,358 INFO =====> alpha: 1.0
2024-11-20 18:19:31,358 INFO =====> Loss info: {'particle_has_naninf': False, 'height_map_loss': 13.3245267868042, 'emd_loss': 23.56859016418457, 'total_loss': 23.56859016418457}
2024-11-20 18:19:31,938 INFO ===> New TaichiEnv created.
2024-11-20 18:19:31,938 INFO ===> Specifications: horizon = 311, dt = 0.01, n_substeps = 20, dt_sub = 0.0005
2024-11-20 18:19:31,962 DEBUG loaded <trimesh.Trimesh(vertices.shape=(916, 3), faces.shape=(856, 3))> using `load_obj` in 0.0031s
2024-11-20 18:19:32,109 DEBUG loaded <trimesh.Trimesh(vertices.shape=(48, 3), faces.shape=(28, 3))> using `load_obj` in 0.0007s
2024-11-20 18:19:42,181 INFO =====> alpha: 1.01
2024-11-20 18:19:42,181 INFO =====> Loss info: {'particle_has_naninf': False, 'height_map_loss': 13.329745292663574, 'emd_loss': 23.561622619628906, 'total_loss': 23.561622619628906}
2024-11-20 18:19:42,759 INFO ===> New TaichiEnv created.
2024-11-20 18:19:42,760 INFO ===> Specifications: horizon = 311, dt = 0.01, n_substeps = 20, dt_sub = 0.0005
2024-11-20 18:19:42,783 DEBUG loaded <trimesh.Trimesh(vertices.shape=(916, 3), faces.shape=(856, 3))> using `load_obj` in 0.0029s
2024-11-20 18:19:42,929 DEBUG loaded <trimesh.Trimesh(vertices.shape=(48, 3), faces.shape=(28, 3))> using `load_obj` in 0.0007s
2024-11-20 18:19:51,925 INFO =====> alpha: 1.1
2024-11-20 18:19:51,925 INFO =====> Loss info: {'particle_has_naninf': False, 'height_map_loss': 13.320008277893066, 'emd_loss': 23.627124786376953, 'total_loss': 23.627124786376953}
2024-11-20 18:19:52,501 INFO ===> New TaichiEnv created.
2024-11-20 18:19:52,501 INFO ===> Specifications: horizon = 311, dt = 0.01, n_substeps = 20, dt_sub = 0.0005
2024-11-20 18:19:52,525 DEBUG loaded <trimesh.Trimesh(vertices.shape=(916, 3), faces.shape=(856, 3))> using `load_obj` in 0.0030s
2024-11-20 18:19:52,672 DEBUG loaded <trimesh.Trimesh(vertices.shape=(48, 3), faces.shape=(28, 3))> using `load_obj` in 0.0007s
2024-11-20 18:20:01,690 INFO =====> alpha: 1.5
2024-11-20 18:20:01,690 INFO =====> Loss info: {'particle_has_naninf': False, 'height_map_loss': 13.330219268798828, 'emd_loss': 23.374774932861328, 'total_loss': 23.374774932861328}
2024-11-20 18:20:01,690 INFO =====> Best alpha: 1.1, Best loss info: {'particle_has_naninf': False, 'height_map_loss': 13.320008277893066, 'emd_loss': 23.627124786376953, 'total_loss': 23.627124786376953}
2024-11-20 18:20:01,691 INFO =====> Param: E: [288175.44], nu: [0.3293593], rho: [1216.0397], sand_angle: [15.107906]
2024-11-20 18:20:01,691 INFO =====> Grad: [-6.1672549e-03 -1.8079676e+04 -1.7923055e+00  5.3321344e+02]
2024-11-20 18:20:01,691 INFO =====> Num. aborted data so far: 0
2024-11-20 18:20:02,270 INFO ===> New TaichiEnv created.
2024-11-20 18:20:02,270 INFO ===> Specifications: horizon = 311, dt = 0.01, n_substeps = 20, dt_sub = 0.0005
2024-11-20 18:20:02,294 DEBUG loaded <trimesh.Trimesh(vertices.shape=(916, 3), faces.shape=(856, 3))> using `load_obj` in 0.0030s
2024-11-20 18:20:02,441 DEBUG loaded <trimesh.Trimesh(vertices.shape=(48, 3), faces.shape=(28, 3))> using `load_obj` in 0.0007s
2024-11-20 18:20:30,569 INFO =====> Epoch: 6
2024-11-20 18:20:30,569 INFO =====> Loss info: {'particle_has_naninf': False, 'height_map_loss': 13.31747055053711, 'emd_loss': 23.62681770324707, 'total_loss': 23.62681770324707}
2024-11-20 18:20:30,569 INFO =====> Performing line search for epoch 6......
2024-11-20 18:20:31,171 INFO ===> New TaichiEnv created.
2024-11-20 18:20:31,171 INFO ===> Specifications: horizon = 311, dt = 0.01, n_substeps = 20, dt_sub = 0.0005
2024-11-20 18:20:31,195 DEBUG loaded <trimesh.Trimesh(vertices.shape=(916, 3), faces.shape=(856, 3))> using `load_obj` in 0.0030s
2024-11-20 18:20:31,342 DEBUG loaded <trimesh.Trimesh(vertices.shape=(48, 3), faces.shape=(28, 3))> using `load_obj` in 0.0007s
2024-11-20 18:20:40,296 INFO =====> alpha: 0.01
2024-11-20 18:20:40,296 INFO =====> Loss info: {'particle_has_naninf': False, 'height_map_loss': 13.322824478149414, 'emd_loss': 23.63825798034668, 'total_loss': 23.63825798034668}
2024-11-20 18:20:40,884 INFO ===> New TaichiEnv created.
2024-11-20 18:20:40,884 INFO ===> Specifications: horizon = 311, dt = 0.01, n_substeps = 20, dt_sub = 0.0005
2024-11-20 18:20:40,908 DEBUG loaded <trimesh.Trimesh(vertices.shape=(916, 3), faces.shape=(856, 3))> using `load_obj` in 0.0031s
2024-11-20 18:20:41,054 DEBUG loaded <trimesh.Trimesh(vertices.shape=(48, 3), faces.shape=(28, 3))> using `load_obj` in 0.0007s
2024-11-20 18:20:50,045 INFO =====> alpha: 0.1
2024-11-20 18:20:50,045 INFO =====> Loss info: {'particle_has_naninf': False, 'height_map_loss': 13.339734077453613, 'emd_loss': 23.367313385009766, 'total_loss': 23.367313385009766}
2024-11-20 18:20:50,627 INFO ===> New TaichiEnv created.
2024-11-20 18:20:50,627 INFO ===> Specifications: horizon = 311, dt = 0.01, n_substeps = 20, dt_sub = 0.0005
2024-11-20 18:20:50,651 DEBUG loaded <trimesh.Trimesh(vertices.shape=(916, 3), faces.shape=(856, 3))> using `load_obj` in 0.0030s
2024-11-20 18:20:50,801 DEBUG loaded <trimesh.Trimesh(vertices.shape=(48, 3), faces.shape=(28, 3))> using `load_obj` in 0.0007s
2024-11-20 18:21:00,893 INFO =====> alpha: 0.5
2024-11-20 18:21:00,893 INFO =====> Loss info: {'particle_has_naninf': False, 'height_map_loss': 13.281364440917969, 'emd_loss': 23.760356903076172, 'total_loss': 23.760356903076172}
2024-11-20 18:21:01,473 INFO ===> New TaichiEnv created.
2024-11-20 18:21:01,473 INFO ===> Specifications: horizon = 311, dt = 0.01, n_substeps = 20, dt_sub = 0.0005
2024-11-20 18:21:01,496 DEBUG loaded <trimesh.Trimesh(vertices.shape=(916, 3), faces.shape=(856, 3))> using `load_obj` in 0.0029s
2024-11-20 18:21:01,645 DEBUG loaded <trimesh.Trimesh(vertices.shape=(48, 3), faces.shape=(28, 3))> using `load_obj` in 0.0007s
2024-11-20 18:21:10,579 INFO =====> alpha: 1.0
2024-11-20 18:21:10,579 INFO =====> Loss info: {'particle_has_naninf': False, 'height_map_loss': 13.27694320678711, 'emd_loss': 23.64112663269043, 'total_loss': 23.64112663269043}
2024-11-20 18:21:11,153 INFO ===> New TaichiEnv created.
2024-11-20 18:21:11,154 INFO ===> Specifications: horizon = 311, dt = 0.01, n_substeps = 20, dt_sub = 0.0005
2024-11-20 18:21:11,177 DEBUG loaded <trimesh.Trimesh(vertices.shape=(916, 3), faces.shape=(856, 3))> using `load_obj` in 0.0029s
2024-11-20 18:21:11,323 DEBUG loaded <trimesh.Trimesh(vertices.shape=(48, 3), faces.shape=(28, 3))> using `load_obj` in 0.0007s
2024-11-20 18:21:20,266 INFO =====> alpha: 1.01
2024-11-20 18:21:20,266 INFO =====> Loss info: {'particle_has_naninf': False, 'height_map_loss': 13.274262428283691, 'emd_loss': 23.64315414428711, 'total_loss': 23.64315414428711}
2024-11-20 18:21:20,845 INFO ===> New TaichiEnv created.
2024-11-20 18:21:20,845 INFO ===> Specifications: horizon = 311, dt = 0.01, n_substeps = 20, dt_sub = 0.0005
2024-11-20 18:21:20,869 DEBUG loaded <trimesh.Trimesh(vertices.shape=(916, 3), faces.shape=(856, 3))> using `load_obj` in 0.0029s
2024-11-20 18:21:21,017 DEBUG loaded <trimesh.Trimesh(vertices.shape=(48, 3), faces.shape=(28, 3))> using `load_obj` in 0.0007s
2024-11-20 18:21:31,167 INFO =====> alpha: 1.1
2024-11-20 18:21:31,167 INFO =====> Loss info: {'particle_has_naninf': False, 'height_map_loss': 13.281553268432617, 'emd_loss': 23.555875778198242, 'total_loss': 23.555875778198242}
2024-11-20 18:21:31,747 INFO ===> New TaichiEnv created.
2024-11-20 18:21:31,747 INFO ===> Specifications: horizon = 311, dt = 0.01, n_substeps = 20, dt_sub = 0.0005
2024-11-20 18:21:31,770 DEBUG loaded <trimesh.Trimesh(vertices.shape=(916, 3), faces.shape=(856, 3))> using `load_obj` in 0.0030s
2024-11-20 18:21:31,917 DEBUG loaded <trimesh.Trimesh(vertices.shape=(48, 3), faces.shape=(28, 3))> using `load_obj` in 0.0007s
2024-11-20 18:21:40,850 INFO =====> alpha: 1.5
2024-11-20 18:21:40,850 INFO =====> Loss info: {'particle_has_naninf': False, 'height_map_loss': 13.278467178344727, 'emd_loss': 23.089712142944336, 'total_loss': 23.089712142944336}
2024-11-20 18:21:40,851 INFO =====> Best alpha: 1.01, Best loss info: {'particle_has_naninf': False, 'height_map_loss': 13.274262428283691, 'emd_loss': 23.64315414428711, 'total_loss': 23.64315414428711}
2024-11-20 18:21:40,851 INFO =====> Param: E: [338712.7], nu: [0.34569106], rho: [1292.2552], sand_angle: [16.334932]
2024-11-20 18:21:40,851 INFO =====> Grad: [-1.54367415e-02 -2.19797031e+04 -3.57960510e+01 -3.84688049e+02]
2024-11-20 18:21:40,851 INFO =====> Num. aborted data so far: 0
2024-11-20 18:21:41,484 INFO ===> New TaichiEnv created.
2024-11-20 18:21:41,484 INFO ===> Specifications: horizon = 311, dt = 0.01, n_substeps = 20, dt_sub = 0.0005
2024-11-20 18:21:41,508 DEBUG loaded <trimesh.Trimesh(vertices.shape=(916, 3), faces.shape=(856, 3))> using `load_obj` in 0.0030s
2024-11-20 18:21:41,655 DEBUG loaded <trimesh.Trimesh(vertices.shape=(48, 3), faces.shape=(28, 3))> using `load_obj` in 0.0007s
2024-11-20 18:22:09,756 INFO =====> Epoch: 7
2024-11-20 18:22:09,756 INFO =====> Loss info: {'particle_has_naninf': False, 'height_map_loss': 13.26939582824707, 'emd_loss': 23.651063919067383, 'total_loss': 23.651063919067383}
2024-11-20 18:22:09,756 INFO =====> Performing line search for epoch 7......
2024-11-20 18:22:10,388 INFO ===> New TaichiEnv created.
2024-11-20 18:22:10,388 INFO ===> Specifications: horizon = 311, dt = 0.01, n_substeps = 20, dt_sub = 0.0005
2024-11-20 18:22:10,411 DEBUG loaded <trimesh.Trimesh(vertices.shape=(916, 3), faces.shape=(856, 3))> using `load_obj` in 0.0030s
2024-11-20 18:22:10,557 DEBUG loaded <trimesh.Trimesh(vertices.shape=(48, 3), faces.shape=(28, 3))> using `load_obj` in 0.0007s
2024-11-20 18:22:19,554 INFO =====> alpha: 0.01
2024-11-20 18:22:19,554 INFO =====> Loss info: {'particle_has_naninf': False, 'height_map_loss': 13.268741607666016, 'emd_loss': 23.65339469909668, 'total_loss': 23.65339469909668}
2024-11-20 18:22:20,132 INFO ===> New TaichiEnv created.
2024-11-20 18:22:20,132 INFO ===> Specifications: horizon = 311, dt = 0.01, n_substeps = 20, dt_sub = 0.0005
2024-11-20 18:22:20,155 DEBUG loaded <trimesh.Trimesh(vertices.shape=(916, 3), faces.shape=(856, 3))> using `load_obj` in 0.0030s
2024-11-20 18:22:20,304 DEBUG loaded <trimesh.Trimesh(vertices.shape=(48, 3), faces.shape=(28, 3))> using `load_obj` in 0.0007s
2024-11-20 18:22:29,338 INFO =====> alpha: 0.1
2024-11-20 18:22:29,338 INFO =====> Loss info: {'particle_has_naninf': False, 'height_map_loss': 13.27433967590332, 'emd_loss': 23.469528198242188, 'total_loss': 23.469528198242188}
2024-11-20 18:22:29,920 INFO ===> New TaichiEnv created.
2024-11-20 18:22:29,921 INFO ===> Specifications: horizon = 311, dt = 0.01, n_substeps = 20, dt_sub = 0.0005
2024-11-20 18:22:29,944 DEBUG loaded <trimesh.Trimesh(vertices.shape=(916, 3), faces.shape=(856, 3))> using `load_obj` in 0.0030s
2024-11-20 18:22:30,093 DEBUG loaded <trimesh.Trimesh(vertices.shape=(48, 3), faces.shape=(28, 3))> using `load_obj` in 0.0007s
2024-11-20 18:22:40,207 INFO =====> alpha: 0.5
2024-11-20 18:22:40,207 INFO =====> Loss info: {'particle_has_naninf': False, 'height_map_loss': 13.346699714660645, 'emd_loss': 23.00038719177246, 'total_loss': 23.00038719177246}
2024-11-20 18:22:40,786 INFO ===> New TaichiEnv created.
2024-11-20 18:22:40,786 INFO ===> Specifications: horizon = 311, dt = 0.01, n_substeps = 20, dt_sub = 0.0005
2024-11-20 18:22:40,810 DEBUG loaded <trimesh.Trimesh(vertices.shape=(916, 3), faces.shape=(856, 3))> using `load_obj` in 0.0029s
2024-11-20 18:22:40,959 DEBUG loaded <trimesh.Trimesh(vertices.shape=(48, 3), faces.shape=(28, 3))> using `load_obj` in 0.0007s
2024-11-20 18:22:49,897 INFO =====> alpha: 1.0
2024-11-20 18:22:49,897 INFO =====> Loss info: {'particle_has_naninf': False, 'height_map_loss': 13.40315055847168, 'emd_loss': 22.674205780029297, 'total_loss': 22.674205780029297}
2024-11-20 18:22:50,566 INFO ===> New TaichiEnv created.
2024-11-20 18:22:50,566 INFO ===> Specifications: horizon = 311, dt = 0.01, n_substeps = 20, dt_sub = 0.0005
2024-11-20 18:22:50,593 DEBUG loaded <trimesh.Trimesh(vertices.shape=(916, 3), faces.shape=(856, 3))> using `load_obj` in 0.0030s
2024-11-20 18:22:50,740 DEBUG loaded <trimesh.Trimesh(vertices.shape=(48, 3), faces.shape=(28, 3))> using `load_obj` in 0.0007s
2024-11-20 18:22:59,723 INFO =====> alpha: 1.01
2024-11-20 18:22:59,723 INFO =====> Loss info: {'particle_has_naninf': False, 'height_map_loss': 13.4029541015625, 'emd_loss': 22.537519454956055, 'total_loss': 22.537519454956055}
2024-11-20 18:23:00,304 INFO ===> New TaichiEnv created.
2024-11-20 18:23:00,304 INFO ===> Specifications: horizon = 311, dt = 0.01, n_substeps = 20, dt_sub = 0.0005
2024-11-20 18:23:00,327 DEBUG loaded <trimesh.Trimesh(vertices.shape=(916, 3), faces.shape=(856, 3))> using `load_obj` in 0.0030s
2024-11-20 18:23:00,474 DEBUG loaded <trimesh.Trimesh(vertices.shape=(48, 3), faces.shape=(28, 3))> using `load_obj` in 0.0007s
2024-11-20 18:23:10,581 INFO =====> alpha: 1.1
2024-11-20 18:23:10,581 INFO =====> Loss info: {'particle_has_naninf': False, 'height_map_loss': 13.419549942016602, 'emd_loss': 22.426115036010742, 'total_loss': 22.426115036010742}
2024-11-20 18:23:11,168 INFO ===> New TaichiEnv created.
2024-11-20 18:23:11,168 INFO ===> Specifications: horizon = 311, dt = 0.01, n_substeps = 20, dt_sub = 0.0005
2024-11-20 18:23:11,191 DEBUG loaded <trimesh.Trimesh(vertices.shape=(916, 3), faces.shape=(856, 3))> using `load_obj` in 0.0029s
2024-11-20 18:23:11,337 DEBUG loaded <trimesh.Trimesh(vertices.shape=(48, 3), faces.shape=(28, 3))> using `load_obj` in 0.0007s
2024-11-20 18:23:20,356 INFO =====> alpha: 1.5
2024-11-20 18:23:20,356 INFO =====> Loss info: {'particle_has_naninf': False, 'height_map_loss': 13.458722114562988, 'emd_loss': 22.843120574951172, 'total_loss': 22.843120574951172}
2024-11-20 18:23:20,356 INFO =====> Best alpha: 0.01, Best loss info: {'particle_has_naninf': False, 'height_map_loss': 13.268741607666016, 'emd_loss': 23.65339469909668, 'total_loss': 23.65339469909668}
2024-11-20 18:23:20,356 INFO =====> Param: E: [339179.53], nu: [0.34590262], rho: [1292.8125], sand_angle: [16.353415]
2024-11-20 18:23:20,356 INFO =====> Grad: [-2.0252477e-02 -3.6710148e+04 -2.6795961e+01 -6.8422394e+02]
2024-11-20 18:23:20,356 INFO =====> Num. aborted data so far: 0
2024-11-20 18:23:20,948 INFO ===> New TaichiEnv created.
2024-11-20 18:23:20,948 INFO ===> Specifications: horizon = 311, dt = 0.01, n_substeps = 20, dt_sub = 0.0005
2024-11-20 18:23:20,972 DEBUG loaded <trimesh.Trimesh(vertices.shape=(916, 3), faces.shape=(856, 3))> using `load_obj` in 0.0030s
2024-11-20 18:23:21,119 DEBUG loaded <trimesh.Trimesh(vertices.shape=(48, 3), faces.shape=(28, 3))> using `load_obj` in 0.0007s
2024-11-20 18:23:48,118 INFO =====> Epoch: 8
2024-11-20 18:23:48,118 INFO =====> Loss info: {'particle_has_naninf': False, 'height_map_loss': 13.268295288085938, 'emd_loss': 23.654356002807617, 'total_loss': 23.654356002807617}
2024-11-20 18:23:48,118 INFO =====> Performing line search for epoch 8......
2024-11-20 18:23:48,728 INFO ===> New TaichiEnv created.
2024-11-20 18:23:48,728 INFO ===> Specifications: horizon = 311, dt = 0.01, n_substeps = 20, dt_sub = 0.0005
2024-11-20 18:23:48,752 DEBUG loaded <trimesh.Trimesh(vertices.shape=(916, 3), faces.shape=(856, 3))> using `load_obj` in 0.0031s
2024-11-20 18:23:48,900 DEBUG loaded <trimesh.Trimesh(vertices.shape=(48, 3), faces.shape=(28, 3))> using `load_obj` in 0.0007s
2024-11-20 18:23:59,043 INFO =====> alpha: 0.01
2024-11-20 18:23:59,043 INFO =====> Loss info: {'particle_has_naninf': False, 'height_map_loss': 13.266737937927246, 'emd_loss': 23.651283264160156, 'total_loss': 23.651283264160156}
2024-11-20 18:23:59,696 INFO ===> New TaichiEnv created.
2024-11-20 18:23:59,696 INFO ===> Specifications: horizon = 311, dt = 0.01, n_substeps = 20, dt_sub = 0.0005
2024-11-20 18:23:59,720 DEBUG loaded <trimesh.Trimesh(vertices.shape=(916, 3), faces.shape=(856, 3))> using `load_obj` in 0.0030s
2024-11-20 18:23:59,868 DEBUG loaded <trimesh.Trimesh(vertices.shape=(48, 3), faces.shape=(28, 3))> using `load_obj` in 0.0007s
2024-11-20 18:24:08,797 INFO =====> alpha: 0.1
2024-11-20 18:24:08,797 INFO =====> Loss info: {'particle_has_naninf': False, 'height_map_loss': 13.274940490722656, 'emd_loss': 23.451574325561523, 'total_loss': 23.451574325561523}
2024-11-20 18:24:09,377 INFO ===> New TaichiEnv created.
2024-11-20 18:24:09,377 INFO ===> Specifications: horizon = 311, dt = 0.01, n_substeps = 20, dt_sub = 0.0005
2024-11-20 18:24:09,400 DEBUG loaded <trimesh.Trimesh(vertices.shape=(916, 3), faces.shape=(856, 3))> using `load_obj` in 0.0030s
2024-11-20 18:24:09,548 DEBUG loaded <trimesh.Trimesh(vertices.shape=(48, 3), faces.shape=(28, 3))> using `load_obj` in 0.0007s
2024-11-20 18:24:18,576 INFO =====> alpha: 0.5
2024-11-20 18:24:18,576 INFO =====> Loss info: {'particle_has_naninf': False, 'height_map_loss': 13.346916198730469, 'emd_loss': 23.2665958404541, 'total_loss': 23.2665958404541}
2024-11-20 18:24:19,156 INFO ===> New TaichiEnv created.
2024-11-20 18:24:19,156 INFO ===> Specifications: horizon = 311, dt = 0.01, n_substeps = 20, dt_sub = 0.0005
2024-11-20 18:24:19,179 DEBUG loaded <trimesh.Trimesh(vertices.shape=(916, 3), faces.shape=(856, 3))> using `load_obj` in 0.0029s
2024-11-20 18:24:19,326 DEBUG loaded <trimesh.Trimesh(vertices.shape=(48, 3), faces.shape=(28, 3))> using `load_obj` in 0.0007s
2024-11-20 18:24:29,401 INFO =====> alpha: 1.0
2024-11-20 18:24:29,401 INFO =====> Loss info: {'particle_has_naninf': False, 'height_map_loss': 13.395232200622559, 'emd_loss': 23.396268844604492, 'total_loss': 23.396268844604492}
2024-11-20 18:24:29,982 INFO ===> New TaichiEnv created.
2024-11-20 18:24:29,983 INFO ===> Specifications: horizon = 311, dt = 0.01, n_substeps = 20, dt_sub = 0.0005
2024-11-20 18:24:30,006 DEBUG loaded <trimesh.Trimesh(vertices.shape=(916, 3), faces.shape=(856, 3))> using `load_obj` in 0.0029s
2024-11-20 18:24:30,152 DEBUG loaded <trimesh.Trimesh(vertices.shape=(48, 3), faces.shape=(28, 3))> using `load_obj` in 0.0007s
2024-11-20 18:24:39,199 INFO =====> alpha: 1.01
2024-11-20 18:24:39,199 INFO =====> Loss info: {'particle_has_naninf': False, 'height_map_loss': 13.39122486114502, 'emd_loss': 23.396530151367188, 'total_loss': 23.396530151367188}
2024-11-20 18:24:39,777 INFO ===> New TaichiEnv created.
2024-11-20 18:24:39,777 INFO ===> Specifications: horizon = 311, dt = 0.01, n_substeps = 20, dt_sub = 0.0005
2024-11-20 18:24:39,800 DEBUG loaded <trimesh.Trimesh(vertices.shape=(916, 3), faces.shape=(856, 3))> using `load_obj` in 0.0030s
2024-11-20 18:24:39,946 DEBUG loaded <trimesh.Trimesh(vertices.shape=(48, 3), faces.shape=(28, 3))> using `load_obj` in 0.0007s
2024-11-20 18:24:48,866 INFO =====> alpha: 1.1
2024-11-20 18:24:48,866 INFO =====> Loss info: {'particle_has_naninf': False, 'height_map_loss': 13.397193908691406, 'emd_loss': 23.57758903503418, 'total_loss': 23.57758903503418}
2024-11-20 18:24:49,452 INFO ===> New TaichiEnv created.
2024-11-20 18:24:49,452 INFO ===> Specifications: horizon = 311, dt = 0.01, n_substeps = 20, dt_sub = 0.0005
2024-11-20 18:24:49,475 DEBUG loaded <trimesh.Trimesh(vertices.shape=(916, 3), faces.shape=(856, 3))> using `load_obj` in 0.0029s
2024-11-20 18:24:49,624 DEBUG loaded <trimesh.Trimesh(vertices.shape=(48, 3), faces.shape=(28, 3))> using `load_obj` in 0.0007s
2024-11-20 18:24:59,795 INFO =====> alpha: 1.5
2024-11-20 18:24:59,795 INFO =====> Loss info: {'particle_has_naninf': False, 'height_map_loss': 13.413814544677734, 'emd_loss': 23.078540802001953, 'total_loss': 23.078540802001953}
2024-11-20 18:24:59,796 INFO =====> Best alpha: 0.01, Best loss info: {'particle_has_naninf': False, 'height_map_loss': 13.266737937927246, 'emd_loss': 23.651283264160156, 'total_loss': 23.651283264160156}
2024-11-20 18:24:59,796 INFO =====> Param: E: [339060.25], nu: [0.3459533], rho: [1293.3037], sand_angle: [16.365515]
2024-11-20 18:24:59,796 INFO =====> Grad: [ 4.9988283e-03 -8.4478047e+03 -2.3576910e+01 -4.5996255e+02]
2024-11-20 18:24:59,796 INFO =====> Num. aborted data so far: 0
2024-11-20 18:25:00,385 INFO ===> New TaichiEnv created.
2024-11-20 18:25:00,385 INFO ===> Specifications: horizon = 311, dt = 0.01, n_substeps = 20, dt_sub = 0.0005
2024-11-20 18:25:00,409 DEBUG loaded <trimesh.Trimesh(vertices.shape=(916, 3), faces.shape=(856, 3))> using `load_obj` in 0.0030s
2024-11-20 18:25:00,557 DEBUG loaded <trimesh.Trimesh(vertices.shape=(48, 3), faces.shape=(28, 3))> using `load_obj` in 0.0007s
2024-11-20 18:25:27,591 INFO =====> Epoch: 9
2024-11-20 18:25:27,591 INFO =====> Loss info: {'particle_has_naninf': False, 'height_map_loss': 13.268143653869629, 'emd_loss': 23.648906707763672, 'total_loss': 23.648906707763672}
2024-11-20 18:25:27,591 INFO =====> Performing line search for epoch 9......
2024-11-20 18:25:28,199 INFO ===> New TaichiEnv created.
2024-11-20 18:25:28,199 INFO ===> Specifications: horizon = 311, dt = 0.01, n_substeps = 20, dt_sub = 0.0005
2024-11-20 18:25:28,222 DEBUG loaded <trimesh.Trimesh(vertices.shape=(916, 3), faces.shape=(856, 3))> using `load_obj` in 0.0030s
2024-11-20 18:25:28,374 DEBUG loaded <trimesh.Trimesh(vertices.shape=(48, 3), faces.shape=(28, 3))> using `load_obj` in 0.0007s
2024-11-20 18:25:37,425 INFO =====> alpha: 0.01
2024-11-20 18:25:37,426 INFO =====> Loss info: {'particle_has_naninf': False, 'height_map_loss': 13.264740943908691, 'emd_loss': 23.65142059326172, 'total_loss': 23.65142059326172}
2024-11-20 18:25:38,020 INFO ===> New TaichiEnv created.
2024-11-20 18:25:38,020 INFO ===> Specifications: horizon = 311, dt = 0.01, n_substeps = 20, dt_sub = 0.0005
2024-11-20 18:25:38,043 DEBUG loaded <trimesh.Trimesh(vertices.shape=(916, 3), faces.shape=(856, 3))> using `load_obj` in 0.0029s
2024-11-20 18:25:38,192 DEBUG loaded <trimesh.Trimesh(vertices.shape=(48, 3), faces.shape=(28, 3))> using `load_obj` in 0.0007s
2024-11-20 18:25:48,300 INFO =====> alpha: 0.1
2024-11-20 18:25:48,301 INFO =====> Loss info: {'particle_has_naninf': False, 'height_map_loss': 13.259801864624023, 'emd_loss': 23.505401611328125, 'total_loss': 23.505401611328125}
2024-11-20 18:25:48,886 INFO ===> New TaichiEnv created.
2024-11-20 18:25:48,887 INFO ===> Specifications: horizon = 311, dt = 0.01, n_substeps = 20, dt_sub = 0.0005
2024-11-20 18:25:48,910 DEBUG loaded <trimesh.Trimesh(vertices.shape=(916, 3), faces.shape=(856, 3))> using `load_obj` in 0.0030s
2024-11-20 18:25:49,057 DEBUG loaded <trimesh.Trimesh(vertices.shape=(48, 3), faces.shape=(28, 3))> using `load_obj` in 0.0007s
2024-11-20 18:25:58,039 INFO =====> alpha: 0.5
2024-11-20 18:25:58,039 INFO =====> Loss info: {'particle_has_naninf': False, 'height_map_loss': 13.26666259765625, 'emd_loss': 23.639341354370117, 'total_loss': 23.639341354370117}
2024-11-20 18:25:58,641 INFO ===> New TaichiEnv created.
2024-11-20 18:25:58,641 INFO ===> Specifications: horizon = 311, dt = 0.01, n_substeps = 20, dt_sub = 0.0005
2024-11-20 18:25:58,665 DEBUG loaded <trimesh.Trimesh(vertices.shape=(916, 3), faces.shape=(856, 3))> using `load_obj` in 0.0031s
2024-11-20 18:25:58,814 DEBUG loaded <trimesh.Trimesh(vertices.shape=(48, 3), faces.shape=(28, 3))> using `load_obj` in 0.0007s
2024-11-20 18:26:07,806 INFO =====> alpha: 1.0
2024-11-20 18:26:07,806 INFO =====> Loss info: {'particle_has_naninf': False, 'height_map_loss': 13.254019737243652, 'emd_loss': 23.167043685913086, 'total_loss': 23.167043685913086}
2024-11-20 18:26:08,395 INFO ===> New TaichiEnv created.
2024-11-20 18:26:08,395 INFO ===> Specifications: horizon = 311, dt = 0.01, n_substeps = 20, dt_sub = 0.0005
2024-11-20 18:26:08,419 DEBUG loaded <trimesh.Trimesh(vertices.shape=(916, 3), faces.shape=(856, 3))> using `load_obj` in 0.0030s
2024-11-20 18:26:08,568 DEBUG loaded <trimesh.Trimesh(vertices.shape=(48, 3), faces.shape=(28, 3))> using `load_obj` in 0.0007s
2024-11-20 18:26:18,645 INFO =====> alpha: 1.01
2024-11-20 18:26:18,645 INFO =====> Loss info: {'particle_has_naninf': False, 'height_map_loss': 13.251219749450684, 'emd_loss': 23.16716766357422, 'total_loss': 23.16716766357422}
2024-11-20 18:26:19,231 INFO ===> New TaichiEnv created.
2024-11-20 18:26:19,231 INFO ===> Specifications: horizon = 311, dt = 0.01, n_substeps = 20, dt_sub = 0.0005
2024-11-20 18:26:19,258 DEBUG loaded <trimesh.Trimesh(vertices.shape=(916, 3), faces.shape=(856, 3))> using `load_obj` in 0.0056s
2024-11-20 18:26:19,405 DEBUG loaded <trimesh.Trimesh(vertices.shape=(48, 3), faces.shape=(28, 3))> using `load_obj` in 0.0007s
2024-11-20 18:26:28,399 INFO =====> alpha: 1.1
2024-11-20 18:26:28,399 INFO =====> Loss info: {'particle_has_naninf': False, 'height_map_loss': 13.252044677734375, 'emd_loss': 23.154695510864258, 'total_loss': 23.154695510864258}
2024-11-20 18:26:28,987 INFO ===> New TaichiEnv created.
2024-11-20 18:26:28,987 INFO ===> Specifications: horizon = 311, dt = 0.01, n_substeps = 20, dt_sub = 0.0005
2024-11-20 18:26:29,010 DEBUG loaded <trimesh.Trimesh(vertices.shape=(916, 3), faces.shape=(856, 3))> using `load_obj` in 0.0030s
2024-11-20 18:26:29,158 DEBUG loaded <trimesh.Trimesh(vertices.shape=(48, 3), faces.shape=(28, 3))> using `load_obj` in 0.0007s
2024-11-20 18:26:38,116 INFO =====> alpha: 1.5
2024-11-20 18:26:38,116 INFO =====> Loss info: {'particle_has_naninf': False, 'height_map_loss': 13.245719909667969, 'emd_loss': 22.94140625, 'total_loss': 22.94140625}
2024-11-20 18:26:38,116 INFO =====> Best alpha: 1.5, Best loss info: {'particle_has_naninf': False, 'height_map_loss': 13.245719909667969, 'emd_loss': 22.94140625, 'total_loss': 22.94140625}
2024-11-20 18:26:38,116 INFO =====> Param: E: [335780.75], nu: [0.3435979], rho: [1203.3739], sand_angle: [16.163008]
2024-11-20 18:26:38,117 INFO =====> Grad: [8.6974545e-04 2.4872271e+03 2.9500910e+01 4.8731712e+01]
2024-11-20 18:26:38,117 INFO =====> Num. aborted data so far: 0
2024-11-20 18:26:38,701 INFO ===> New TaichiEnv created.
2024-11-20 18:26:38,701 INFO ===> Specifications: horizon = 311, dt = 0.01, n_substeps = 20, dt_sub = 0.0005
2024-11-20 18:26:38,725 DEBUG loaded <trimesh.Trimesh(vertices.shape=(916, 3), faces.shape=(856, 3))> using `load_obj` in 0.0030s
2024-11-20 18:26:38,873 DEBUG loaded <trimesh.Trimesh(vertices.shape=(48, 3), faces.shape=(28, 3))> using `load_obj` in 0.0007s
2024-11-20 18:27:06,980 INFO =====> Epoch: 10
2024-11-20 18:27:06,980 INFO =====> Loss info: {'particle_has_naninf': False, 'height_map_loss': 13.245281219482422, 'emd_loss': 22.94129753112793, 'total_loss': 22.94129753112793}
2024-11-20 18:27:06,980 INFO =====> Performing line search for epoch 10......
2024-11-20 18:27:07,590 INFO ===> New TaichiEnv created.
2024-11-20 18:27:07,590 INFO ===> Specifications: horizon = 311, dt = 0.01, n_substeps = 20, dt_sub = 0.0005
2024-11-20 18:27:07,613 DEBUG loaded <trimesh.Trimesh(vertices.shape=(916, 3), faces.shape=(856, 3))> using `load_obj` in 0.0030s
2024-11-20 18:27:07,761 DEBUG loaded <trimesh.Trimesh(vertices.shape=(48, 3), faces.shape=(28, 3))> using `load_obj` in 0.0007s
2024-11-20 18:27:16,698 INFO =====> alpha: 0.01
2024-11-20 18:27:16,698 INFO =====> Loss info: {'particle_has_naninf': False, 'height_map_loss': 13.250862121582031, 'emd_loss': 22.938283920288086, 'total_loss': 22.938283920288086}
2024-11-20 18:27:17,277 INFO ===> New TaichiEnv created.
2024-11-20 18:27:17,277 INFO ===> Specifications: horizon = 311, dt = 0.01, n_substeps = 20, dt_sub = 0.0005
2024-11-20 18:27:17,301 DEBUG loaded <trimesh.Trimesh(vertices.shape=(916, 3), faces.shape=(856, 3))> using `load_obj` in 0.0030s
2024-11-20 18:27:17,448 DEBUG loaded <trimesh.Trimesh(vertices.shape=(48, 3), faces.shape=(28, 3))> using `load_obj` in 0.0007s
2024-11-20 18:27:27,642 INFO =====> alpha: 0.1
2024-11-20 18:27:27,642 INFO =====> Loss info: {'particle_has_naninf': False, 'height_map_loss': 13.243087768554688, 'emd_loss': 22.941024780273438, 'total_loss': 22.941024780273438}
2024-11-20 18:27:28,222 INFO ===> New TaichiEnv created.
2024-11-20 18:27:28,222 INFO ===> Specifications: horizon = 311, dt = 0.01, n_substeps = 20, dt_sub = 0.0005
2024-11-20 18:27:28,246 DEBUG loaded <trimesh.Trimesh(vertices.shape=(916, 3), faces.shape=(856, 3))> using `load_obj` in 0.0029s
2024-11-20 18:27:28,393 DEBUG loaded <trimesh.Trimesh(vertices.shape=(48, 3), faces.shape=(28, 3))> using `load_obj` in 0.0007s
2024-11-20 18:27:37,423 INFO =====> alpha: 0.5
2024-11-20 18:27:37,424 INFO =====> Loss info: {'particle_has_naninf': False, 'height_map_loss': 13.212478637695312, 'emd_loss': 23.584552764892578, 'total_loss': 23.584552764892578}
2024-11-20 18:27:38,002 INFO ===> New TaichiEnv created.
2024-11-20 18:27:38,002 INFO ===> Specifications: horizon = 311, dt = 0.01, n_substeps = 20, dt_sub = 0.0005
2024-11-20 18:27:38,025 DEBUG loaded <trimesh.Trimesh(vertices.shape=(916, 3), faces.shape=(856, 3))> using `load_obj` in 0.0030s
2024-11-20 18:27:38,172 DEBUG loaded <trimesh.Trimesh(vertices.shape=(48, 3), faces.shape=(28, 3))> using `load_obj` in 0.0007s
2024-11-20 18:27:47,235 INFO =====> alpha: 1.0
2024-11-20 18:27:47,235 INFO =====> Loss info: {'particle_has_naninf': False, 'height_map_loss': 13.251474380493164, 'emd_loss': 23.180997848510742, 'total_loss': 23.180997848510742}
2024-11-20 18:27:47,823 INFO ===> New TaichiEnv created.
2024-11-20 18:27:47,823 INFO ===> Specifications: horizon = 311, dt = 0.01, n_substeps = 20, dt_sub = 0.0005
2024-11-20 18:27:47,846 DEBUG loaded <trimesh.Trimesh(vertices.shape=(916, 3), faces.shape=(856, 3))> using `load_obj` in 0.0030s
2024-11-20 18:27:47,993 DEBUG loaded <trimesh.Trimesh(vertices.shape=(48, 3), faces.shape=(28, 3))> using `load_obj` in 0.0007s
2024-11-20 18:27:57,041 INFO =====> alpha: 1.01
2024-11-20 18:27:57,041 INFO =====> Loss info: {'particle_has_naninf': False, 'height_map_loss': 13.255861282348633, 'emd_loss': 23.221132278442383, 'total_loss': 23.221132278442383}
2024-11-20 18:27:57,640 INFO ===> New TaichiEnv created.
2024-11-20 18:27:57,640 INFO ===> Specifications: horizon = 311, dt = 0.01, n_substeps = 20, dt_sub = 0.0005
2024-11-20 18:27:57,663 DEBUG loaded <trimesh.Trimesh(vertices.shape=(916, 3), faces.shape=(856, 3))> using `load_obj` in 0.0028s
2024-11-20 18:27:57,811 DEBUG loaded <trimesh.Trimesh(vertices.shape=(48, 3), faces.shape=(28, 3))> using `load_obj` in 0.0007s
2024-11-20 18:28:07,866 INFO =====> alpha: 1.1
2024-11-20 18:28:07,866 INFO =====> Loss info: {'particle_has_naninf': False, 'height_map_loss': 13.25716781616211, 'emd_loss': 23.096948623657227, 'total_loss': 23.096948623657227}
2024-11-20 18:28:08,445 INFO ===> New TaichiEnv created.
2024-11-20 18:28:08,445 INFO ===> Specifications: horizon = 311, dt = 0.01, n_substeps = 20, dt_sub = 0.0005
2024-11-20 18:28:08,468 DEBUG loaded <trimesh.Trimesh(vertices.shape=(916, 3), faces.shape=(856, 3))> using `load_obj` in 0.0030s
2024-11-20 18:28:08,614 DEBUG loaded <trimesh.Trimesh(vertices.shape=(48, 3), faces.shape=(28, 3))> using `load_obj` in 0.0008s
2024-11-20 18:28:17,596 INFO =====> alpha: 1.5
2024-11-20 18:28:17,596 INFO =====> Loss info: {'particle_has_naninf': False, 'height_map_loss': 13.254400253295898, 'emd_loss': 23.167919158935547, 'total_loss': 23.167919158935547}
2024-11-20 18:28:17,597 INFO =====> Best alpha: 0.5, Best loss info: {'particle_has_naninf': False, 'height_map_loss': 13.212478637695312, 'emd_loss': 23.584552764892578, 'total_loss': 23.584552764892578}
2024-11-20 18:28:17,597 INFO =====> Param: E: [339828.6], nu: [0.34363115], rho: [1227.2576], sand_angle: [15.650372]
2024-11-20 18:28:17,597 INFO =====> Grad: [-3.0806307e-03 -9.9976242e+01 -2.3391529e+01  3.7114096e+02]
2024-11-20 18:28:17,597 INFO =====> Num. aborted data so far: 0
2024-11-20 18:28:18,178 INFO ===> New TaichiEnv created.
2024-11-20 18:28:18,178 INFO ===> Specifications: horizon = 311, dt = 0.01, n_substeps = 20, dt_sub = 0.0005
2024-11-20 18:28:18,202 DEBUG loaded <trimesh.Trimesh(vertices.shape=(916, 3), faces.shape=(856, 3))> using `load_obj` in 0.0029s
2024-11-20 18:28:18,349 DEBUG loaded <trimesh.Trimesh(vertices.shape=(48, 3), faces.shape=(28, 3))> using `load_obj` in 0.0007s
2024-11-20 18:28:46,536 INFO =====> Epoch: 11
2024-11-20 18:28:46,536 INFO =====> Loss info: {'particle_has_naninf': False, 'height_map_loss': 13.213500022888184, 'emd_loss': 23.58431053161621, 'total_loss': 23.58431053161621}
2024-11-20 18:28:46,537 INFO =====> Performing line search for epoch 11......
2024-11-20 18:28:47,141 INFO ===> New TaichiEnv created.
2024-11-20 18:28:47,141 INFO ===> Specifications: horizon = 311, dt = 0.01, n_substeps = 20, dt_sub = 0.0005
2024-11-20 18:28:47,164 DEBUG loaded <trimesh.Trimesh(vertices.shape=(916, 3), faces.shape=(856, 3))> using `load_obj` in 0.0029s
2024-11-20 18:28:47,312 DEBUG loaded <trimesh.Trimesh(vertices.shape=(48, 3), faces.shape=(28, 3))> using `load_obj` in 0.0007s
2024-11-20 18:28:56,349 INFO =====> alpha: 0.01
2024-11-20 18:28:56,349 INFO =====> Loss info: {'particle_has_naninf': False, 'height_map_loss': 13.213297843933105, 'emd_loss': 23.58401870727539, 'total_loss': 23.58401870727539}
2024-11-20 18:28:56,939 INFO ===> New TaichiEnv created.
2024-11-20 18:28:56,939 INFO ===> Specifications: horizon = 311, dt = 0.01, n_substeps = 20, dt_sub = 0.0005
2024-11-20 18:28:56,962 DEBUG loaded <trimesh.Trimesh(vertices.shape=(916, 3), faces.shape=(856, 3))> using `load_obj` in 0.0032s
2024-11-20 18:28:57,121 DEBUG loaded <trimesh.Trimesh(vertices.shape=(48, 3), faces.shape=(28, 3))> using `load_obj` in 0.0007s
2024-11-20 18:29:06,137 INFO =====> alpha: 0.1
2024-11-20 18:29:06,137 INFO =====> Loss info: {'particle_has_naninf': False, 'height_map_loss': 13.22201919555664, 'emd_loss': 23.593406677246094, 'total_loss': 23.593406677246094}
2024-11-20 18:29:06,756 INFO ===> New TaichiEnv created.
2024-11-20 18:29:06,756 INFO ===> Specifications: horizon = 311, dt = 0.01, n_substeps = 20, dt_sub = 0.0005
2024-11-20 18:29:06,779 DEBUG loaded <trimesh.Trimesh(vertices.shape=(916, 3), faces.shape=(856, 3))> using `load_obj` in 0.0030s
2024-11-20 18:29:06,929 DEBUG loaded <trimesh.Trimesh(vertices.shape=(48, 3), faces.shape=(28, 3))> using `load_obj` in 0.0007s
2024-11-20 18:29:17,090 INFO =====> alpha: 0.5
2024-11-20 18:29:17,090 INFO =====> Loss info: {'particle_has_naninf': False, 'height_map_loss': 13.245094299316406, 'emd_loss': 23.26871109008789, 'total_loss': 23.26871109008789}
2024-11-20 18:29:17,699 INFO ===> New TaichiEnv created.
2024-11-20 18:29:17,699 INFO ===> Specifications: horizon = 311, dt = 0.01, n_substeps = 20, dt_sub = 0.0005
2024-11-20 18:29:17,723 DEBUG loaded <trimesh.Trimesh(vertices.shape=(916, 3), faces.shape=(856, 3))> using `load_obj` in 0.0031s
2024-11-20 18:29:17,872 DEBUG loaded <trimesh.Trimesh(vertices.shape=(48, 3), faces.shape=(28, 3))> using `load_obj` in 0.0007s
2024-11-20 18:29:26,846 INFO =====> alpha: 1.0
2024-11-20 18:29:26,846 INFO =====> Loss info: {'particle_has_naninf': False, 'height_map_loss': 13.25100326538086, 'emd_loss': 23.21274757385254, 'total_loss': 23.21274757385254}
2024-11-20 18:29:27,425 INFO ===> New TaichiEnv created.
2024-11-20 18:29:27,425 INFO ===> Specifications: horizon = 311, dt = 0.01, n_substeps = 20, dt_sub = 0.0005
2024-11-20 18:29:27,448 DEBUG loaded <trimesh.Trimesh(vertices.shape=(916, 3), faces.shape=(856, 3))> using `load_obj` in 0.0030s
2024-11-20 18:29:27,598 DEBUG loaded <trimesh.Trimesh(vertices.shape=(48, 3), faces.shape=(28, 3))> using `load_obj` in 0.0007s
2024-11-20 18:29:36,510 INFO =====> alpha: 1.01
2024-11-20 18:29:36,510 INFO =====> Loss info: {'particle_has_naninf': False, 'height_map_loss': 13.25051498413086, 'emd_loss': 23.209470748901367, 'total_loss': 23.209470748901367}
2024-11-20 18:29:37,092 INFO ===> New TaichiEnv created.
2024-11-20 18:29:37,092 INFO ===> Specifications: horizon = 311, dt = 0.01, n_substeps = 20, dt_sub = 0.0005
2024-11-20 18:29:37,116 DEBUG loaded <trimesh.Trimesh(vertices.shape=(916, 3), faces.shape=(856, 3))> using `load_obj` in 0.0030s
2024-11-20 18:29:37,265 DEBUG loaded <trimesh.Trimesh(vertices.shape=(48, 3), faces.shape=(28, 3))> using `load_obj` in 0.0007s
2024-11-20 18:29:47,410 INFO =====> alpha: 1.1
2024-11-20 18:29:47,410 INFO =====> Loss info: {'particle_has_naninf': False, 'height_map_loss': 13.251497268676758, 'emd_loss': 23.161453247070312, 'total_loss': 23.161453247070312}
2024-11-20 18:29:47,988 INFO ===> New TaichiEnv created.
2024-11-20 18:29:47,988 INFO ===> Specifications: horizon = 311, dt = 0.01, n_substeps = 20, dt_sub = 0.0005
2024-11-20 18:29:48,011 DEBUG loaded <trimesh.Trimesh(vertices.shape=(916, 3), faces.shape=(856, 3))> using `load_obj` in 0.0029s
2024-11-20 18:29:48,158 DEBUG loaded <trimesh.Trimesh(vertices.shape=(48, 3), faces.shape=(28, 3))> using `load_obj` in 0.0007s
2024-11-20 18:29:57,180 INFO =====> alpha: 1.5
2024-11-20 18:29:57,180 INFO =====> Loss info: {'particle_has_naninf': False, 'height_map_loss': 13.26433277130127, 'emd_loss': 22.898290634155273, 'total_loss': 22.898290634155273}
2024-11-20 18:29:57,181 INFO =====> Best alpha: 0.01, Best loss info: {'particle_has_naninf': False, 'height_map_loss': 13.213297843933105, 'emd_loss': 23.58401870727539, 'total_loss': 23.58401870727539}
2024-11-20 18:29:57,181 INFO =====> Param: E: [339866.], nu: [0.34374082], rho: [1227.9471], sand_angle: [15.654088]
2024-11-20 18:29:57,181 INFO =====> Grad: [-1.3522777e-03 -1.6667320e+04 -3.5601189e+01 -1.2853004e+02]
2024-11-20 18:29:57,181 INFO =====> Num. aborted data so far: 0
2024-11-20 18:29:57,769 INFO ===> New TaichiEnv created.
2024-11-20 18:29:57,769 INFO ===> Specifications: horizon = 311, dt = 0.01, n_substeps = 20, dt_sub = 0.0005
2024-11-20 18:29:57,793 DEBUG loaded <trimesh.Trimesh(vertices.shape=(916, 3), faces.shape=(856, 3))> using `load_obj` in 0.0030s
2024-11-20 18:29:57,941 DEBUG loaded <trimesh.Trimesh(vertices.shape=(48, 3), faces.shape=(28, 3))> using `load_obj` in 0.0007s
2024-11-20 18:30:25,096 INFO =====> Epoch: 12
2024-11-20 18:30:25,096 INFO =====> Loss info: {'particle_has_naninf': False, 'height_map_loss': 13.214916229248047, 'emd_loss': 23.584636688232422, 'total_loss': 23.584636688232422}
2024-11-20 18:30:25,096 INFO =====> Performing line search for epoch 12......
2024-11-20 18:30:25,728 INFO ===> New TaichiEnv created.
2024-11-20 18:30:25,728 INFO ===> Specifications: horizon = 311, dt = 0.01, n_substeps = 20, dt_sub = 0.0005
2024-11-20 18:30:25,752 DEBUG loaded <trimesh.Trimesh(vertices.shape=(916, 3), faces.shape=(856, 3))> using `load_obj` in 0.0030s
2024-11-20 18:30:25,904 DEBUG loaded <trimesh.Trimesh(vertices.shape=(48, 3), faces.shape=(28, 3))> using `load_obj` in 0.0007s
2024-11-20 18:30:36,182 INFO =====> alpha: 0.01
2024-11-20 18:30:36,183 INFO =====> Loss info: {'particle_has_naninf': False, 'height_map_loss': 13.21917724609375, 'emd_loss': 23.57720184326172, 'total_loss': 23.57720184326172}
2024-11-20 18:30:36,793 INFO ===> New TaichiEnv created.
2024-11-20 18:30:36,793 INFO ===> Specifications: horizon = 311, dt = 0.01, n_substeps = 20, dt_sub = 0.0005
2024-11-20 18:30:36,816 DEBUG loaded <trimesh.Trimesh(vertices.shape=(916, 3), faces.shape=(856, 3))> using `load_obj` in 0.0029s
2024-11-20 18:30:36,965 DEBUG loaded <trimesh.Trimesh(vertices.shape=(48, 3), faces.shape=(28, 3))> using `load_obj` in 0.0007s
2024-11-20 18:30:45,936 INFO =====> alpha: 0.1
2024-11-20 18:30:45,937 INFO =====> Loss info: {'particle_has_naninf': False, 'height_map_loss': 13.240038871765137, 'emd_loss': 23.257349014282227, 'total_loss': 23.257349014282227}
2024-11-20 18:30:46,525 INFO ===> New TaichiEnv created.
2024-11-20 18:30:46,525 INFO ===> Specifications: horizon = 311, dt = 0.01, n_substeps = 20, dt_sub = 0.0005
2024-11-20 18:30:46,548 DEBUG loaded <trimesh.Trimesh(vertices.shape=(916, 3), faces.shape=(856, 3))> using `load_obj` in 0.0030s
2024-11-20 18:30:46,696 DEBUG loaded <trimesh.Trimesh(vertices.shape=(48, 3), faces.shape=(28, 3))> using `load_obj` in 0.0007s
2024-11-20 18:30:55,726 INFO =====> alpha: 0.5
2024-11-20 18:30:55,726 INFO =====> Loss info: {'particle_has_naninf': False, 'height_map_loss': 13.25581169128418, 'emd_loss': 23.42626190185547, 'total_loss': 23.42626190185547}
2024-11-20 18:30:56,305 INFO ===> New TaichiEnv created.
2024-11-20 18:30:56,305 INFO ===> Specifications: horizon = 311, dt = 0.01, n_substeps = 20, dt_sub = 0.0005
2024-11-20 18:30:56,328 DEBUG loaded <trimesh.Trimesh(vertices.shape=(916, 3), faces.shape=(856, 3))> using `load_obj` in 0.0029s
2024-11-20 18:30:56,476 DEBUG loaded <trimesh.Trimesh(vertices.shape=(48, 3), faces.shape=(28, 3))> using `load_obj` in 0.0007s
2024-11-20 18:31:06,575 INFO =====> alpha: 1.0
2024-11-20 18:31:06,575 INFO =====> Loss info: {'particle_has_naninf': False, 'height_map_loss': 13.341544151306152, 'emd_loss': 23.340896606445312, 'total_loss': 23.340896606445312}
2024-11-20 18:31:07,215 INFO ===> New TaichiEnv created.
2024-11-20 18:31:07,215 INFO ===> Specifications: horizon = 311, dt = 0.01, n_substeps = 20, dt_sub = 0.0005
2024-11-20 18:31:07,238 DEBUG loaded <trimesh.Trimesh(vertices.shape=(916, 3), faces.shape=(856, 3))> using `load_obj` in 0.0030s
2024-11-20 18:31:07,386 DEBUG loaded <trimesh.Trimesh(vertices.shape=(48, 3), faces.shape=(28, 3))> using `load_obj` in 0.0007s
2024-11-20 18:31:16,337 INFO =====> alpha: 1.01
2024-11-20 18:31:16,337 INFO =====> Loss info: {'particle_has_naninf': False, 'height_map_loss': 13.345559120178223, 'emd_loss': 23.400304794311523, 'total_loss': 23.400304794311523}
2024-11-20 18:31:16,925 INFO ===> New TaichiEnv created.
2024-11-20 18:31:16,925 INFO ===> Specifications: horizon = 311, dt = 0.01, n_substeps = 20, dt_sub = 0.0005
2024-11-20 18:31:16,949 DEBUG loaded <trimesh.Trimesh(vertices.shape=(916, 3), faces.shape=(856, 3))> using `load_obj` in 0.0030s
2024-11-20 18:31:17,096 DEBUG loaded <trimesh.Trimesh(vertices.shape=(48, 3), faces.shape=(28, 3))> using `load_obj` in 0.0007s
2024-11-20 18:31:26,067 INFO =====> alpha: 1.1
2024-11-20 18:31:26,067 INFO =====> Loss info: {'particle_has_naninf': False, 'height_map_loss': 13.365236282348633, 'emd_loss': 23.19871711730957, 'total_loss': 23.19871711730957}
2024-11-20 18:31:26,654 INFO ===> New TaichiEnv created.
2024-11-20 18:31:26,654 INFO ===> Specifications: horizon = 311, dt = 0.01, n_substeps = 20, dt_sub = 0.0005
2024-11-20 18:31:26,678 DEBUG loaded <trimesh.Trimesh(vertices.shape=(916, 3), faces.shape=(856, 3))> using `load_obj` in 0.0030s
2024-11-20 18:31:26,826 DEBUG loaded <trimesh.Trimesh(vertices.shape=(48, 3), faces.shape=(28, 3))> using `load_obj` in 0.0007s
2024-11-20 18:31:37,052 INFO =====> alpha: 1.5
2024-11-20 18:31:37,052 INFO =====> Loss info: {'particle_has_naninf': False, 'height_map_loss': 13.42327880859375, 'emd_loss': 23.274477005004883, 'total_loss': 23.274477005004883}
2024-11-20 18:31:37,052 INFO =====> Best alpha: 0.01, Best loss info: {'particle_has_naninf': False, 'height_map_loss': 13.21917724609375, 'emd_loss': 23.57720184326172, 'total_loss': 23.57720184326172}
2024-11-20 18:31:37,052 INFO =====> Param: E: [339790.56], nu: [0.34368533], rho: [1227.5894], sand_angle: [15.672846]
2024-11-20 18:31:37,052 INFO =====> Grad: [ 2.6061437e-03  8.1259600e+03  1.7988638e+01 -7.6435162e+02]
2024-11-20 18:31:37,052 INFO =====> Num. aborted data so far: 0
2024-11-20 18:31:37,646 INFO ===> New TaichiEnv created.
2024-11-20 18:31:37,646 INFO ===> Specifications: horizon = 311, dt = 0.01, n_substeps = 20, dt_sub = 0.0005
2024-11-20 18:31:37,670 DEBUG loaded <trimesh.Trimesh(vertices.shape=(916, 3), faces.shape=(856, 3))> using `load_obj` in 0.0029s
2024-11-20 18:31:37,818 DEBUG loaded <trimesh.Trimesh(vertices.shape=(48, 3), faces.shape=(28, 3))> using `load_obj` in 0.0007s
2024-11-20 18:32:04,859 INFO =====> Epoch: 13
2024-11-20 18:32:04,859 INFO =====> Loss info: {'particle_has_naninf': False, 'height_map_loss': 13.218491554260254, 'emd_loss': 23.568998336791992, 'total_loss': 23.568998336791992}
2024-11-20 18:32:04,859 INFO =====> Performing line search for epoch 13......
2024-11-20 18:32:05,470 INFO ===> New TaichiEnv created.
2024-11-20 18:32:05,470 INFO ===> Specifications: horizon = 311, dt = 0.01, n_substeps = 20, dt_sub = 0.0005
2024-11-20 18:32:05,494 DEBUG loaded <trimesh.Trimesh(vertices.shape=(916, 3), faces.shape=(856, 3))> using `load_obj` in 0.0030s
2024-11-20 18:32:05,641 DEBUG loaded <trimesh.Trimesh(vertices.shape=(48, 3), faces.shape=(28, 3))> using `load_obj` in 0.0007s
2024-11-20 18:32:14,598 INFO =====> alpha: 0.01
2024-11-20 18:32:14,598 INFO =====> Loss info: {'particle_has_naninf': False, 'height_map_loss': 13.224350929260254, 'emd_loss': 23.570085525512695, 'total_loss': 23.570085525512695}
2024-11-20 18:32:15,247 INFO ===> New TaichiEnv created.
2024-11-20 18:32:15,247 INFO ===> Specifications: horizon = 311, dt = 0.01, n_substeps = 20, dt_sub = 0.0005
2024-11-20 18:32:15,270 DEBUG loaded <trimesh.Trimesh(vertices.shape=(916, 3), faces.shape=(856, 3))> using `load_obj` in 0.0029s
2024-11-20 18:32:15,418 DEBUG loaded <trimesh.Trimesh(vertices.shape=(48, 3), faces.shape=(28, 3))> using `load_obj` in 0.0007s
2024-11-20 18:32:25,590 INFO =====> alpha: 0.1
2024-11-20 18:32:25,590 INFO =====> Loss info: {'particle_has_naninf': False, 'height_map_loss': 13.225619316101074, 'emd_loss': 23.600341796875, 'total_loss': 23.600341796875}
2024-11-20 18:32:26,172 INFO ===> New TaichiEnv created.
2024-11-20 18:32:26,172 INFO ===> Specifications: horizon = 311, dt = 0.01, n_substeps = 20, dt_sub = 0.0005
2024-11-20 18:32:26,195 DEBUG loaded <trimesh.Trimesh(vertices.shape=(916, 3), faces.shape=(856, 3))> using `load_obj` in 0.0030s
2024-11-20 18:32:26,345 DEBUG loaded <trimesh.Trimesh(vertices.shape=(48, 3), faces.shape=(28, 3))> using `load_obj` in 0.0007s
2024-11-20 18:32:35,267 INFO =====> alpha: 0.5
2024-11-20 18:32:35,267 INFO =====> Loss info: {'particle_has_naninf': False, 'height_map_loss': 13.26703929901123, 'emd_loss': 23.67035675048828, 'total_loss': 23.67035675048828}
2024-11-20 18:32:35,849 INFO ===> New TaichiEnv created.
2024-11-20 18:32:35,849 INFO ===> Specifications: horizon = 311, dt = 0.01, n_substeps = 20, dt_sub = 0.0005
2024-11-20 18:32:35,873 DEBUG loaded <trimesh.Trimesh(vertices.shape=(916, 3), faces.shape=(856, 3))> using `load_obj` in 0.0031s
2024-11-20 18:32:36,022 DEBUG loaded <trimesh.Trimesh(vertices.shape=(48, 3), faces.shape=(28, 3))> using `load_obj` in 0.0007s
2024-11-20 18:32:45,006 INFO =====> alpha: 1.0
2024-11-20 18:32:45,006 INFO =====> Loss info: {'particle_has_naninf': False, 'height_map_loss': 13.29396915435791, 'emd_loss': 23.703964233398438, 'total_loss': 23.703964233398438}
2024-11-20 18:32:45,581 INFO ===> New TaichiEnv created.
2024-11-20 18:32:45,581 INFO ===> Specifications: horizon = 311, dt = 0.01, n_substeps = 20, dt_sub = 0.0005
2024-11-20 18:32:45,604 DEBUG loaded <trimesh.Trimesh(vertices.shape=(916, 3), faces.shape=(856, 3))> using `load_obj` in 0.0029s
2024-11-20 18:32:45,753 DEBUG loaded <trimesh.Trimesh(vertices.shape=(48, 3), faces.shape=(28, 3))> using `load_obj` in 0.0007s
2024-11-20 18:32:55,909 INFO =====> alpha: 1.01
2024-11-20 18:32:55,910 INFO =====> Loss info: {'particle_has_naninf': False, 'height_map_loss': 13.295970916748047, 'emd_loss': 23.700363159179688, 'total_loss': 23.700363159179688}
2024-11-20 18:32:56,490 INFO ===> New TaichiEnv created.
2024-11-20 18:32:56,491 INFO ===> Specifications: horizon = 311, dt = 0.01, n_substeps = 20, dt_sub = 0.0005
2024-11-20 18:32:56,514 DEBUG loaded <trimesh.Trimesh(vertices.shape=(916, 3), faces.shape=(856, 3))> using `load_obj` in 0.0030s
2024-11-20 18:32:56,662 DEBUG loaded <trimesh.Trimesh(vertices.shape=(48, 3), faces.shape=(28, 3))> using `load_obj` in 0.0007s
2024-11-20 18:33:05,708 INFO =====> alpha: 1.1
2024-11-20 18:33:05,708 INFO =====> Loss info: {'particle_has_naninf': False, 'height_map_loss': 13.316360473632812, 'emd_loss': 23.47779083251953, 'total_loss': 23.47779083251953}
2024-11-20 18:33:06,288 INFO ===> New TaichiEnv created.
2024-11-20 18:33:06,288 INFO ===> Specifications: horizon = 311, dt = 0.01, n_substeps = 20, dt_sub = 0.0005
2024-11-20 18:33:06,311 DEBUG loaded <trimesh.Trimesh(vertices.shape=(916, 3), faces.shape=(856, 3))> using `load_obj` in 0.0030s
2024-11-20 18:33:06,457 DEBUG loaded <trimesh.Trimesh(vertices.shape=(48, 3), faces.shape=(28, 3))> using `load_obj` in 0.0007s
2024-11-20 18:33:15,417 INFO =====> alpha: 1.5
2024-11-20 18:33:15,417 INFO =====> Loss info: {'particle_has_naninf': False, 'height_map_loss': 13.29846477508545, 'emd_loss': 23.70897102355957, 'total_loss': 23.70897102355957}
2024-11-20 18:33:15,418 INFO =====> Best alpha: 0.01, Best loss info: {'particle_has_naninf': False, 'height_map_loss': 13.224350929260254, 'emd_loss': 23.570085525512695, 'total_loss': 23.570085525512695}
2024-11-20 18:33:15,418 INFO =====> Param: E: [339564.12], nu: [0.34358165], rho: [1228.6553], sand_angle: [15.6757145]
2024-11-20 18:33:15,418 INFO =====> Grad: [ 7.9494929e-03  1.5248142e+04 -6.8834305e+01 -1.1134299e+02]
2024-11-20 18:33:15,418 INFO =====> Num. aborted data so far: 0
2024-11-20 18:33:16,002 INFO ===> New TaichiEnv created.
2024-11-20 18:33:16,002 INFO ===> Specifications: horizon = 311, dt = 0.01, n_substeps = 20, dt_sub = 0.0005
2024-11-20 18:33:16,026 DEBUG loaded <trimesh.Trimesh(vertices.shape=(916, 3), faces.shape=(856, 3))> using `load_obj` in 0.0031s
2024-11-20 18:33:16,177 DEBUG loaded <trimesh.Trimesh(vertices.shape=(48, 3), faces.shape=(28, 3))> using `load_obj` in 0.0007s
2024-11-20 18:33:44,311 INFO =====> Epoch: 14
2024-11-20 18:33:44,311 INFO =====> Loss info: {'particle_has_naninf': False, 'height_map_loss': 13.219709396362305, 'emd_loss': 23.5770206451416, 'total_loss': 23.5770206451416}
2024-11-20 18:33:44,311 INFO =====> Performing line search for epoch 14......
2024-11-20 18:33:44,926 INFO ===> New TaichiEnv created.
2024-11-20 18:33:44,926 INFO ===> Specifications: horizon = 311, dt = 0.01, n_substeps = 20, dt_sub = 0.0005
2024-11-20 18:33:44,950 DEBUG loaded <trimesh.Trimesh(vertices.shape=(916, 3), faces.shape=(856, 3))> using `load_obj` in 0.0031s
2024-11-20 18:33:45,100 DEBUG loaded <trimesh.Trimesh(vertices.shape=(48, 3), faces.shape=(28, 3))> using `load_obj` in 0.0007s
2024-11-20 18:33:54,110 INFO =====> alpha: 0.01
2024-11-20 18:33:54,110 INFO =====> Loss info: {'particle_has_naninf': False, 'height_map_loss': 13.220333099365234, 'emd_loss': 23.585569381713867, 'total_loss': 23.585569381713867}
2024-11-20 18:33:54,700 INFO ===> New TaichiEnv created.
2024-11-20 18:33:54,700 INFO ===> Specifications: horizon = 311, dt = 0.01, n_substeps = 20, dt_sub = 0.0005
2024-11-20 18:33:54,723 DEBUG loaded <trimesh.Trimesh(vertices.shape=(916, 3), faces.shape=(856, 3))> using `load_obj` in 0.0030s
2024-11-20 18:33:54,872 DEBUG loaded <trimesh.Trimesh(vertices.shape=(48, 3), faces.shape=(28, 3))> using `load_obj` in 0.0007s
2024-11-20 18:34:05,033 INFO =====> alpha: 0.1
2024-11-20 18:34:05,033 INFO =====> Loss info: {'particle_has_naninf': False, 'height_map_loss': 13.232183456420898, 'emd_loss': 23.73712921142578, 'total_loss': 23.73712921142578}
2024-11-20 18:34:05,620 INFO ===> New TaichiEnv created.
2024-11-20 18:34:05,620 INFO ===> Specifications: horizon = 311, dt = 0.01, n_substeps = 20, dt_sub = 0.0005
2024-11-20 18:34:05,643 DEBUG loaded <trimesh.Trimesh(vertices.shape=(916, 3), faces.shape=(856, 3))> using `load_obj` in 0.0030s
2024-11-20 18:34:05,791 DEBUG loaded <trimesh.Trimesh(vertices.shape=(48, 3), faces.shape=(28, 3))> using `load_obj` in 0.0007s
2024-11-20 18:34:14,742 INFO =====> alpha: 0.5
2024-11-20 18:34:14,742 INFO =====> Loss info: {'particle_has_naninf': False, 'height_map_loss': 13.24111557006836, 'emd_loss': 23.146583557128906, 'total_loss': 23.146583557128906}
2024-11-20 18:34:15,332 INFO ===> New TaichiEnv created.
2024-11-20 18:34:15,332 INFO ===> Specifications: horizon = 311, dt = 0.01, n_substeps = 20, dt_sub = 0.0005
2024-11-20 18:34:15,355 DEBUG loaded <trimesh.Trimesh(vertices.shape=(916, 3), faces.shape=(856, 3))> using `load_obj` in 0.0030s
2024-11-20 18:34:15,503 DEBUG loaded <trimesh.Trimesh(vertices.shape=(48, 3), faces.shape=(28, 3))> using `load_obj` in 0.0007s
2024-11-20 18:34:24,540 INFO =====> alpha: 1.0
2024-11-20 18:34:24,540 INFO =====> Loss info: {'particle_has_naninf': False, 'height_map_loss': 13.234879493713379, 'emd_loss': 22.76181983947754, 'total_loss': 22.76181983947754}
2024-11-20 18:34:25,173 INFO ===> New TaichiEnv created.
2024-11-20 18:34:25,173 INFO ===> Specifications: horizon = 311, dt = 0.01, n_substeps = 20, dt_sub = 0.0005
2024-11-20 18:34:25,197 DEBUG loaded <trimesh.Trimesh(vertices.shape=(916, 3), faces.shape=(856, 3))> using `load_obj` in 0.0029s
2024-11-20 18:34:25,344 DEBUG loaded <trimesh.Trimesh(vertices.shape=(48, 3), faces.shape=(28, 3))> using `load_obj` in 0.0007s
2024-11-20 18:34:35,444 INFO =====> alpha: 1.01
2024-11-20 18:34:35,444 INFO =====> Loss info: {'particle_has_naninf': False, 'height_map_loss': 13.229384422302246, 'emd_loss': 22.86148452758789, 'total_loss': 22.86148452758789}
2024-11-20 18:34:36,025 INFO ===> New TaichiEnv created.
2024-11-20 18:34:36,025 INFO ===> Specifications: horizon = 311, dt = 0.01, n_substeps = 20, dt_sub = 0.0005
2024-11-20 18:34:36,048 DEBUG loaded <trimesh.Trimesh(vertices.shape=(916, 3), faces.shape=(856, 3))> using `load_obj` in 0.0029s
2024-11-20 18:34:36,196 DEBUG loaded <trimesh.Trimesh(vertices.shape=(48, 3), faces.shape=(28, 3))> using `load_obj` in 0.0007s
2024-11-20 18:34:45,136 INFO =====> alpha: 1.1
2024-11-20 18:34:45,136 INFO =====> Loss info: {'particle_has_naninf': False, 'height_map_loss': 13.227815628051758, 'emd_loss': 22.83091926574707, 'total_loss': 22.83091926574707}
2024-11-20 18:34:45,721 INFO ===> New TaichiEnv created.
2024-11-20 18:34:45,721 INFO ===> Specifications: horizon = 311, dt = 0.01, n_substeps = 20, dt_sub = 0.0005
2024-11-20 18:34:45,745 DEBUG loaded <trimesh.Trimesh(vertices.shape=(916, 3), faces.shape=(856, 3))> using `load_obj` in 0.0031s
2024-11-20 18:34:45,891 DEBUG loaded <trimesh.Trimesh(vertices.shape=(48, 3), faces.shape=(28, 3))> using `load_obj` in 0.0007s
2024-11-20 18:34:54,818 INFO =====> alpha: 1.5
2024-11-20 18:34:54,819 INFO =====> Loss info: {'particle_has_naninf': False, 'height_map_loss': 13.244101524353027, 'emd_loss': 23.274919509887695, 'total_loss': 23.274919509887695}
2024-11-20 18:34:54,819 INFO =====> Best alpha: 0.01, Best loss info: {'particle_has_naninf': False, 'height_map_loss': 13.220333099365234, 'emd_loss': 23.585569381713867, 'total_loss': 23.585569381713867}
2024-11-20 18:34:54,819 INFO =====> Param: E: [339888.9], nu: [0.34370455], rho: [1229.1482], sand_angle: [15.679767]
2024-11-20 18:34:54,819 INFO =====> Grad: [-1.2606595e-02 -1.8613482e+04 -3.1786259e+01 -1.5045160e+02]
2024-11-20 18:34:54,819 INFO =====> Num. aborted data so far: 0
2024-11-20 18:34:55,425 INFO ===> New TaichiEnv created.
2024-11-20 18:34:55,425 INFO ===> Specifications: horizon = 311, dt = 0.01, n_substeps = 20, dt_sub = 0.0005
2024-11-20 18:34:55,449 DEBUG loaded <trimesh.Trimesh(vertices.shape=(916, 3), faces.shape=(856, 3))> using `load_obj` in 0.0030s
2024-11-20 18:34:55,597 DEBUG loaded <trimesh.Trimesh(vertices.shape=(48, 3), faces.shape=(28, 3))> using `load_obj` in 0.0007s
2024-11-20 18:35:23,832 INFO =====> Epoch: 15
2024-11-20 18:35:23,832 INFO =====> Loss info: {'particle_has_naninf': False, 'height_map_loss': 13.222478866577148, 'emd_loss': 23.57624626159668, 'total_loss': 23.57624626159668}
2024-11-20 18:35:23,832 INFO =====> Performing line search for epoch 15......
2024-11-20 18:35:24,446 INFO ===> New TaichiEnv created.
2024-11-20 18:35:24,447 INFO ===> Specifications: horizon = 311, dt = 0.01, n_substeps = 20, dt_sub = 0.0005
2024-11-20 18:35:24,470 DEBUG loaded <trimesh.Trimesh(vertices.shape=(916, 3), faces.shape=(856, 3))> using `load_obj` in 0.0030s
2024-11-20 18:35:24,618 DEBUG loaded <trimesh.Trimesh(vertices.shape=(48, 3), faces.shape=(28, 3))> using `load_obj` in 0.0007s
2024-11-20 18:35:33,719 INFO =====> alpha: 0.01
2024-11-20 18:35:33,719 INFO =====> Loss info: {'particle_has_naninf': False, 'height_map_loss': 13.221327781677246, 'emd_loss': 23.58160400390625, 'total_loss': 23.58160400390625}
2024-11-20 18:35:34,310 INFO ===> New TaichiEnv created.
2024-11-20 18:35:34,310 INFO ===> Specifications: horizon = 311, dt = 0.01, n_substeps = 20, dt_sub = 0.0005
2024-11-20 18:35:34,334 DEBUG loaded <trimesh.Trimesh(vertices.shape=(916, 3), faces.shape=(856, 3))> using `load_obj` in 0.0030s
2024-11-20 18:35:34,483 DEBUG loaded <trimesh.Trimesh(vertices.shape=(48, 3), faces.shape=(28, 3))> using `load_obj` in 0.0007s
2024-11-20 18:35:43,430 INFO =====> alpha: 0.1
2024-11-20 18:35:43,430 INFO =====> Loss info: {'particle_has_naninf': False, 'height_map_loss': 13.22295093536377, 'emd_loss': 23.566484451293945, 'total_loss': 23.566484451293945}
2024-11-20 18:35:44,017 INFO ===> New TaichiEnv created.
2024-11-20 18:35:44,017 INFO ===> Specifications: horizon = 311, dt = 0.01, n_substeps = 20, dt_sub = 0.0005
2024-11-20 18:35:44,040 DEBUG loaded <trimesh.Trimesh(vertices.shape=(916, 3), faces.shape=(856, 3))> using `load_obj` in 0.0030s
2024-11-20 18:35:44,188 DEBUG loaded <trimesh.Trimesh(vertices.shape=(48, 3), faces.shape=(28, 3))> using `load_obj` in 0.0007s
2024-11-20 18:35:54,425 INFO =====> alpha: 0.5
2024-11-20 18:35:54,425 INFO =====> Loss info: {'particle_has_naninf': False, 'height_map_loss': 13.203591346740723, 'emd_loss': 23.54895782470703, 'total_loss': 23.54895782470703}
2024-11-20 18:35:55,014 INFO ===> New TaichiEnv created.
2024-11-20 18:35:55,014 INFO ===> Specifications: horizon = 311, dt = 0.01, n_substeps = 20, dt_sub = 0.0005
2024-11-20 18:35:55,038 DEBUG loaded <trimesh.Trimesh(vertices.shape=(916, 3), faces.shape=(856, 3))> using `load_obj` in 0.0031s
2024-11-20 18:35:55,188 DEBUG loaded <trimesh.Trimesh(vertices.shape=(48, 3), faces.shape=(28, 3))> using `load_obj` in 0.0007s
2024-11-20 18:36:04,149 INFO =====> alpha: 1.0
2024-11-20 18:36:04,149 INFO =====> Loss info: {'particle_has_naninf': False, 'height_map_loss': 13.192178726196289, 'emd_loss': 23.06473159790039, 'total_loss': 23.06473159790039}
2024-11-20 18:36:04,735 INFO ===> New TaichiEnv created.
2024-11-20 18:36:04,735 INFO ===> Specifications: horizon = 311, dt = 0.01, n_substeps = 20, dt_sub = 0.0005
2024-11-20 18:36:04,759 DEBUG loaded <trimesh.Trimesh(vertices.shape=(916, 3), faces.shape=(856, 3))> using `load_obj` in 0.0030s
2024-11-20 18:36:04,906 DEBUG loaded <trimesh.Trimesh(vertices.shape=(48, 3), faces.shape=(28, 3))> using `load_obj` in 0.0007s
2024-11-20 18:36:13,897 INFO =====> alpha: 1.01
2024-11-20 18:36:13,897 INFO =====> Loss info: {'particle_has_naninf': False, 'height_map_loss': 13.191075325012207, 'emd_loss': 23.06458854675293, 'total_loss': 23.06458854675293}
2024-11-20 18:36:14,474 INFO ===> New TaichiEnv created.
2024-11-20 18:36:14,474 INFO ===> Specifications: horizon = 311, dt = 0.01, n_substeps = 20, dt_sub = 0.0005
2024-11-20 18:36:14,498 DEBUG loaded <trimesh.Trimesh(vertices.shape=(916, 3), faces.shape=(856, 3))> using `load_obj` in 0.0029s
2024-11-20 18:36:14,646 DEBUG loaded <trimesh.Trimesh(vertices.shape=(48, 3), faces.shape=(28, 3))> using `load_obj` in 0.0007s
2024-11-20 18:36:24,797 INFO =====> alpha: 1.1
2024-11-20 18:36:24,798 INFO =====> Loss info: {'particle_has_naninf': False, 'height_map_loss': 13.200037002563477, 'emd_loss': 23.080121994018555, 'total_loss': 23.080121994018555}
2024-11-20 18:36:25,377 INFO ===> New TaichiEnv created.
2024-11-20 18:36:25,377 INFO ===> Specifications: horizon = 311, dt = 0.01, n_substeps = 20, dt_sub = 0.0005
2024-11-20 18:36:25,401 DEBUG loaded <trimesh.Trimesh(vertices.shape=(916, 3), faces.shape=(856, 3))> using `load_obj` in 0.0029s
2024-11-20 18:36:25,547 DEBUG loaded <trimesh.Trimesh(vertices.shape=(48, 3), faces.shape=(28, 3))> using `load_obj` in 0.0007s
2024-11-20 18:36:34,667 INFO =====> alpha: 1.5
2024-11-20 18:36:34,667 INFO =====> Loss info: {'particle_has_naninf': False, 'height_map_loss': 13.158421516418457, 'emd_loss': 23.010595321655273, 'total_loss': 23.010595321655273}
2024-11-20 18:36:34,667 INFO =====> Best alpha: 1.5, Best loss info: {'particle_has_naninf': False, 'height_map_loss': 13.158421516418457, 'emd_loss': 23.010595321655273, 'total_loss': 23.010595321655273}
2024-11-20 18:36:34,667 INFO =====> Param: E: [379262.62], nu: [0.3588679], rho: [1200.], sand_angle: [15.536525]
2024-11-20 18:36:34,667 INFO =====> Grad: [-1.0624075e-02 -1.5326979e+04  7.0379425e+01  3.3654984e+01]
2024-11-20 18:36:34,667 INFO =====> Num. aborted data so far: 0
2024-11-20 18:36:35,251 INFO ===> New TaichiEnv created.
2024-11-20 18:36:35,252 INFO ===> Specifications: horizon = 311, dt = 0.01, n_substeps = 20, dt_sub = 0.0005
2024-11-20 18:36:35,276 DEBUG loaded <trimesh.Trimesh(vertices.shape=(916, 3), faces.shape=(856, 3))> using `load_obj` in 0.0029s
2024-11-20 18:36:35,430 DEBUG loaded <trimesh.Trimesh(vertices.shape=(48, 3), faces.shape=(28, 3))> using `load_obj` in 0.0007s
2024-11-20 18:37:02,559 INFO =====> Epoch: 16
2024-11-20 18:37:02,559 INFO =====> Loss info: {'particle_has_naninf': False, 'height_map_loss': 13.149292945861816, 'emd_loss': 23.001083374023438, 'total_loss': 23.001083374023438}
2024-11-20 18:37:02,559 INFO =====> Performing line search for epoch 16......
2024-11-20 18:37:03,171 INFO ===> New TaichiEnv created.
2024-11-20 18:37:03,171 INFO ===> Specifications: horizon = 311, dt = 0.01, n_substeps = 20, dt_sub = 0.0005
2024-11-20 18:37:03,195 DEBUG loaded <trimesh.Trimesh(vertices.shape=(916, 3), faces.shape=(856, 3))> using `load_obj` in 0.0030s
2024-11-20 18:37:03,344 DEBUG loaded <trimesh.Trimesh(vertices.shape=(48, 3), faces.shape=(28, 3))> using `load_obj` in 0.0007s
2024-11-20 18:37:13,474 INFO =====> alpha: 0.01
2024-11-20 18:37:13,474 INFO =====> Loss info: {'particle_has_naninf': False, 'height_map_loss': 13.150717735290527, 'emd_loss': 23.035858154296875, 'total_loss': 23.035858154296875}
2024-11-20 18:37:14,064 INFO ===> New TaichiEnv created.
2024-11-20 18:37:14,064 INFO ===> Specifications: horizon = 311, dt = 0.01, n_substeps = 20, dt_sub = 0.0005
2024-11-20 18:37:14,087 DEBUG loaded <trimesh.Trimesh(vertices.shape=(916, 3), faces.shape=(856, 3))> using `load_obj` in 0.0030s
2024-11-20 18:37:14,235 DEBUG loaded <trimesh.Trimesh(vertices.shape=(48, 3), faces.shape=(28, 3))> using `load_obj` in 0.0007s
2024-11-20 18:37:23,197 INFO =====> alpha: 0.1
2024-11-20 18:37:23,197 INFO =====> Loss info: {'particle_has_naninf': False, 'height_map_loss': 13.18896770477295, 'emd_loss': 22.831369400024414, 'total_loss': 22.831369400024414}
2024-11-20 18:37:23,779 INFO ===> New TaichiEnv created.
2024-11-20 18:37:23,779 INFO ===> Specifications: horizon = 311, dt = 0.01, n_substeps = 20, dt_sub = 0.0005
2024-11-20 18:37:23,803 DEBUG loaded <trimesh.Trimesh(vertices.shape=(916, 3), faces.shape=(856, 3))> using `load_obj` in 0.0030s
2024-11-20 18:37:23,951 DEBUG loaded <trimesh.Trimesh(vertices.shape=(48, 3), faces.shape=(28, 3))> using `load_obj` in 0.0007s
2024-11-20 18:37:33,053 INFO =====> alpha: 0.5
2024-11-20 18:37:33,053 INFO =====> Loss info: {'particle_has_naninf': False, 'height_map_loss': 13.230147361755371, 'emd_loss': 23.004169464111328, 'total_loss': 23.004169464111328}
2024-11-20 18:37:33,631 INFO ===> New TaichiEnv created.
2024-11-20 18:37:33,631 INFO ===> Specifications: horizon = 311, dt = 0.01, n_substeps = 20, dt_sub = 0.0005
2024-11-20 18:37:33,654 DEBUG loaded <trimesh.Trimesh(vertices.shape=(916, 3), faces.shape=(856, 3))> using `load_obj` in 0.0030s
2024-11-20 18:37:33,804 DEBUG loaded <trimesh.Trimesh(vertices.shape=(48, 3), faces.shape=(28, 3))> using `load_obj` in 0.0007s
2024-11-20 18:37:44,009 INFO =====> alpha: 1.0
2024-11-20 18:37:44,009 INFO =====> Loss info: {'particle_has_naninf': False, 'height_map_loss': 13.335070610046387, 'emd_loss': 22.40643882751465, 'total_loss': 22.40643882751465}
2024-11-20 18:37:44,593 INFO ===> New TaichiEnv created.
2024-11-20 18:37:44,593 INFO ===> Specifications: horizon = 311, dt = 0.01, n_substeps = 20, dt_sub = 0.0005
2024-11-20 18:37:44,617 DEBUG loaded <trimesh.Trimesh(vertices.shape=(916, 3), faces.shape=(856, 3))> using `load_obj` in 0.0029s
2024-11-20 18:37:44,764 DEBUG loaded <trimesh.Trimesh(vertices.shape=(48, 3), faces.shape=(28, 3))> using `load_obj` in 0.0007s
2024-11-20 18:37:53,827 INFO =====> alpha: 1.01
2024-11-20 18:37:53,827 INFO =====> Loss info: {'particle_has_naninf': False, 'height_map_loss': 13.335565567016602, 'emd_loss': 22.483123779296875, 'total_loss': 22.483123779296875}
2024-11-20 18:37:54,406 INFO ===> New TaichiEnv created.
2024-11-20 18:37:54,406 INFO ===> Specifications: horizon = 311, dt = 0.01, n_substeps = 20, dt_sub = 0.0005
2024-11-20 18:37:54,430 DEBUG loaded <trimesh.Trimesh(vertices.shape=(916, 3), faces.shape=(856, 3))> using `load_obj` in 0.0030s
2024-11-20 18:37:54,578 DEBUG loaded <trimesh.Trimesh(vertices.shape=(48, 3), faces.shape=(28, 3))> using `load_obj` in 0.0007s
2024-11-20 18:38:03,497 INFO =====> alpha: 1.1
2024-11-20 18:38:03,497 INFO =====> Loss info: {'particle_has_naninf': False, 'height_map_loss': 13.353923797607422, 'emd_loss': 22.121301651000977, 'total_loss': 22.121301651000977}
2024-11-20 18:38:04,082 INFO ===> New TaichiEnv created.
2024-11-20 18:38:04,082 INFO ===> Specifications: horizon = 311, dt = 0.01, n_substeps = 20, dt_sub = 0.0005
2024-11-20 18:38:04,105 DEBUG loaded <trimesh.Trimesh(vertices.shape=(916, 3), faces.shape=(856, 3))> using `load_obj` in 0.0029s
2024-11-20 18:38:04,253 DEBUG loaded <trimesh.Trimesh(vertices.shape=(48, 3), faces.shape=(28, 3))> using `load_obj` in 0.0007s
2024-11-20 18:38:14,452 INFO =====> alpha: 1.5
2024-11-20 18:38:14,452 INFO =====> Loss info: {'particle_has_naninf': False, 'height_map_loss': 13.380593299865723, 'emd_loss': 22.281044006347656, 'total_loss': 22.281044006347656}
2024-11-20 18:38:14,453 INFO =====> Best alpha: 0.01, Best loss info: {'particle_has_naninf': False, 'height_map_loss': 13.150717735290527, 'emd_loss': 23.035858154296875, 'total_loss': 23.035858154296875}
2024-11-20 18:38:14,453 INFO =====> Param: E: [379574.2], nu: [0.35907656], rho: [1200.], sand_angle: [15.560909]
2024-11-20 18:38:14,453 INFO =====> Grad: [-1.3747057e-02 -3.9940676e+04  4.5868114e+01 -1.2804418e+03]
2024-11-20 18:38:14,453 INFO =====> Num. aborted data so far: 0
2024-11-20 18:38:15,045 INFO ===> New TaichiEnv created.
2024-11-20 18:38:15,045 INFO ===> Specifications: horizon = 311, dt = 0.01, n_substeps = 20, dt_sub = 0.0005
2024-11-20 18:38:15,069 DEBUG loaded <trimesh.Trimesh(vertices.shape=(916, 3), faces.shape=(856, 3))> using `load_obj` in 0.0030s
2024-11-20 18:38:15,217 DEBUG loaded <trimesh.Trimesh(vertices.shape=(48, 3), faces.shape=(28, 3))> using `load_obj` in 0.0007s
2024-11-20 18:38:42,320 INFO =====> Epoch: 17
2024-11-20 18:38:42,320 INFO =====> Loss info: {'particle_has_naninf': False, 'height_map_loss': 13.153767585754395, 'emd_loss': 23.014877319335938, 'total_loss': 23.014877319335938}
2024-11-20 18:38:42,320 INFO =====> Performing line search for epoch 17......
2024-11-20 18:38:42,931 INFO ===> New TaichiEnv created.
2024-11-20 18:38:42,931 INFO ===> Specifications: horizon = 311, dt = 0.01, n_substeps = 20, dt_sub = 0.0005
2024-11-20 18:38:42,954 DEBUG loaded <trimesh.Trimesh(vertices.shape=(916, 3), faces.shape=(856, 3))> using `load_obj` in 0.0031s
2024-11-20 18:38:43,104 DEBUG loaded <trimesh.Trimesh(vertices.shape=(48, 3), faces.shape=(28, 3))> using `load_obj` in 0.0007s
2024-11-20 18:38:52,070 INFO =====> alpha: 0.01
2024-11-20 18:38:52,070 INFO =====> Loss info: {'particle_has_naninf': False, 'height_map_loss': 13.153816223144531, 'emd_loss': 23.03408432006836, 'total_loss': 23.03408432006836}
2024-11-20 18:38:52,723 INFO ===> New TaichiEnv created.
2024-11-20 18:38:52,723 INFO ===> Specifications: horizon = 311, dt = 0.01, n_substeps = 20, dt_sub = 0.0005
2024-11-20 18:38:52,747 DEBUG loaded <trimesh.Trimesh(vertices.shape=(916, 3), faces.shape=(856, 3))> using `load_obj` in 0.0031s
2024-11-20 18:38:52,897 DEBUG loaded <trimesh.Trimesh(vertices.shape=(48, 3), faces.shape=(28, 3))> using `load_obj` in 0.0007s
2024-11-20 18:39:03,025 INFO =====> alpha: 0.1
2024-11-20 18:39:03,025 INFO =====> Loss info: {'particle_has_naninf': False, 'height_map_loss': 13.165456771850586, 'emd_loss': 22.99425506591797, 'total_loss': 22.99425506591797}
2024-11-20 18:39:03,613 INFO ===> New TaichiEnv created.
2024-11-20 18:39:03,613 INFO ===> Specifications: horizon = 311, dt = 0.01, n_substeps = 20, dt_sub = 0.0005
2024-11-20 18:39:03,636 DEBUG loaded <trimesh.Trimesh(vertices.shape=(916, 3), faces.shape=(856, 3))> using `load_obj` in 0.0030s
2024-11-20 18:39:03,784 DEBUG loaded <trimesh.Trimesh(vertices.shape=(48, 3), faces.shape=(28, 3))> using `load_obj` in 0.0007s
2024-11-20 18:39:12,827 INFO =====> alpha: 0.5
2024-11-20 18:39:12,827 INFO =====> Loss info: {'particle_has_naninf': False, 'height_map_loss': 13.189281463623047, 'emd_loss': 23.150320053100586, 'total_loss': 23.150320053100586}
2024-11-20 18:39:13,411 INFO ===> New TaichiEnv created.
2024-11-20 18:39:13,412 INFO ===> Specifications: horizon = 311, dt = 0.01, n_substeps = 20, dt_sub = 0.0005
2024-11-20 18:39:13,435 DEBUG loaded <trimesh.Trimesh(vertices.shape=(916, 3), faces.shape=(856, 3))> using `load_obj` in 0.0030s
2024-11-20 18:39:13,584 DEBUG loaded <trimesh.Trimesh(vertices.shape=(48, 3), faces.shape=(28, 3))> using `load_obj` in 0.0007s
2024-11-20 18:39:22,599 INFO =====> alpha: 1.0
2024-11-20 18:39:22,599 INFO =====> Loss info: {'particle_has_naninf': False, 'height_map_loss': 13.208722114562988, 'emd_loss': 23.28479766845703, 'total_loss': 23.28479766845703}
2024-11-20 18:39:23,189 INFO ===> New TaichiEnv created.
2024-11-20 18:39:23,189 INFO ===> Specifications: horizon = 311, dt = 0.01, n_substeps = 20, dt_sub = 0.0005
2024-11-20 18:39:23,213 DEBUG loaded <trimesh.Trimesh(vertices.shape=(916, 3), faces.shape=(856, 3))> using `load_obj` in 0.0030s
2024-11-20 18:39:23,359 DEBUG loaded <trimesh.Trimesh(vertices.shape=(48, 3), faces.shape=(28, 3))> using `load_obj` in 0.0007s
2024-11-20 18:39:33,423 INFO =====> alpha: 1.01
2024-11-20 18:39:33,423 INFO =====> Loss info: {'particle_has_naninf': False, 'height_map_loss': 13.193699836730957, 'emd_loss': 23.284061431884766, 'total_loss': 23.284061431884766}
2024-11-20 18:39:34,006 INFO ===> New TaichiEnv created.
2024-11-20 18:39:34,006 INFO ===> Specifications: horizon = 311, dt = 0.01, n_substeps = 20, dt_sub = 0.0005
2024-11-20 18:39:34,030 DEBUG loaded <trimesh.Trimesh(vertices.shape=(916, 3), faces.shape=(856, 3))> using `load_obj` in 0.0029s
2024-11-20 18:39:34,176 DEBUG loaded <trimesh.Trimesh(vertices.shape=(48, 3), faces.shape=(28, 3))> using `load_obj` in 0.0007s
2024-11-20 18:39:43,129 INFO =====> alpha: 1.1
2024-11-20 18:39:43,129 INFO =====> Loss info: {'particle_has_naninf': False, 'height_map_loss': 13.198400497436523, 'emd_loss': 23.252628326416016, 'total_loss': 23.252628326416016}
2024-11-20 18:39:43,703 INFO ===> New TaichiEnv created.
2024-11-20 18:39:43,703 INFO ===> Specifications: horizon = 311, dt = 0.01, n_substeps = 20, dt_sub = 0.0005
2024-11-20 18:39:43,727 DEBUG loaded <trimesh.Trimesh(vertices.shape=(916, 3), faces.shape=(856, 3))> using `load_obj` in 0.0031s
2024-11-20 18:39:43,874 DEBUG loaded <trimesh.Trimesh(vertices.shape=(48, 3), faces.shape=(28, 3))> using `load_obj` in 0.0007s
2024-11-20 18:39:52,882 INFO =====> alpha: 1.5
2024-11-20 18:39:52,882 INFO =====> Loss info: {'particle_has_naninf': False, 'height_map_loss': 13.238393783569336, 'emd_loss': 23.100481033325195, 'total_loss': 23.100481033325195}
2024-11-20 18:39:52,882 INFO =====> Best alpha: 0.01, Best loss info: {'particle_has_naninf': False, 'height_map_loss': 13.153816223144531, 'emd_loss': 23.03408432006836, 'total_loss': 23.03408432006836}
2024-11-20 18:39:52,883 INFO =====> Param: E: [379483.97], nu: [0.35895482], rho: [1200.], sand_angle: [15.553691]
2024-11-20 18:39:52,883 INFO =====> Grad: [3.8159534e-03 2.3955721e+04 2.7700497e+01 3.6931799e+02]
2024-11-20 18:39:52,883 INFO =====> Num. aborted data so far: 0
2024-11-20 18:39:53,469 INFO ===> New TaichiEnv created.
2024-11-20 18:39:53,469 INFO ===> Specifications: horizon = 311, dt = 0.01, n_substeps = 20, dt_sub = 0.0005
2024-11-20 18:39:53,493 DEBUG loaded <trimesh.Trimesh(vertices.shape=(916, 3), faces.shape=(856, 3))> using `load_obj` in 0.0030s
2024-11-20 18:39:53,641 DEBUG loaded <trimesh.Trimesh(vertices.shape=(48, 3), faces.shape=(28, 3))> using `load_obj` in 0.0007s
2024-11-20 18:40:21,897 INFO =====> Epoch: 18
2024-11-20 18:40:21,898 INFO =====> Loss info: {'particle_has_naninf': False, 'height_map_loss': 13.153680801391602, 'emd_loss': 23.015567779541016, 'total_loss': 23.015567779541016}
2024-11-20 18:40:21,898 INFO =====> Performing line search for epoch 18......
2024-11-20 18:40:22,514 INFO ===> New TaichiEnv created.
2024-11-20 18:40:22,514 INFO ===> Specifications: horizon = 311, dt = 0.01, n_substeps = 20, dt_sub = 0.0005
2024-11-20 18:40:22,538 DEBUG loaded <trimesh.Trimesh(vertices.shape=(916, 3), faces.shape=(856, 3))> using `load_obj` in 0.0030s
2024-11-20 18:40:22,686 DEBUG loaded <trimesh.Trimesh(vertices.shape=(48, 3), faces.shape=(28, 3))> using `load_obj` in 0.0007s
2024-11-20 18:40:31,724 INFO =====> alpha: 0.01
2024-11-20 18:40:31,725 INFO =====> Loss info: {'particle_has_naninf': False, 'height_map_loss': 13.150388717651367, 'emd_loss': 23.01221466064453, 'total_loss': 23.01221466064453}
2024-11-20 18:40:32,307 INFO ===> New TaichiEnv created.
2024-11-20 18:40:32,307 INFO ===> Specifications: horizon = 311, dt = 0.01, n_substeps = 20, dt_sub = 0.0005
2024-11-20 18:40:32,330 DEBUG loaded <trimesh.Trimesh(vertices.shape=(916, 3), faces.shape=(856, 3))> using `load_obj` in 0.0030s
2024-11-20 18:40:32,477 DEBUG loaded <trimesh.Trimesh(vertices.shape=(48, 3), faces.shape=(28, 3))> using `load_obj` in 0.0007s
2024-11-20 18:40:41,570 INFO =====> alpha: 0.1
2024-11-20 18:40:41,570 INFO =====> Loss info: {'particle_has_naninf': False, 'height_map_loss': 13.180456161499023, 'emd_loss': 23.029460906982422, 'total_loss': 23.029460906982422}
2024-11-20 18:40:42,161 INFO ===> New TaichiEnv created.
2024-11-20 18:40:42,161 INFO ===> Specifications: horizon = 311, dt = 0.01, n_substeps = 20, dt_sub = 0.0005
2024-11-20 18:40:42,184 DEBUG loaded <trimesh.Trimesh(vertices.shape=(916, 3), faces.shape=(856, 3))> using `load_obj` in 0.0029s
2024-11-20 18:40:42,332 DEBUG loaded <trimesh.Trimesh(vertices.shape=(48, 3), faces.shape=(28, 3))> using `load_obj` in 0.0007s
2024-11-20 18:40:52,488 INFO =====> alpha: 0.5
2024-11-20 18:40:52,488 INFO =====> Loss info: {'particle_has_naninf': False, 'height_map_loss': 13.200138092041016, 'emd_loss': 23.213348388671875, 'total_loss': 23.213348388671875}
2024-11-20 18:40:53,081 INFO ===> New TaichiEnv created.
2024-11-20 18:40:53,082 INFO ===> Specifications: horizon = 311, dt = 0.01, n_substeps = 20, dt_sub = 0.0005
2024-11-20 18:40:53,105 DEBUG loaded <trimesh.Trimesh(vertices.shape=(916, 3), faces.shape=(856, 3))> using `load_obj` in 0.0030s
2024-11-20 18:40:53,255 DEBUG loaded <trimesh.Trimesh(vertices.shape=(48, 3), faces.shape=(28, 3))> using `load_obj` in 0.0007s
2024-11-20 18:41:02,335 INFO =====> alpha: 1.0
2024-11-20 18:41:02,335 INFO =====> Loss info: {'particle_has_naninf': False, 'height_map_loss': 13.34589672088623, 'emd_loss': 23.491437911987305, 'total_loss': 23.491437911987305}
2024-11-20 18:41:02,931 INFO ===> New TaichiEnv created.
2024-11-20 18:41:02,931 INFO ===> Specifications: horizon = 311, dt = 0.01, n_substeps = 20, dt_sub = 0.0005
2024-11-20 18:41:02,955 DEBUG loaded <trimesh.Trimesh(vertices.shape=(916, 3), faces.shape=(856, 3))> using `load_obj` in 0.0031s
2024-11-20 18:41:03,102 DEBUG loaded <trimesh.Trimesh(vertices.shape=(48, 3), faces.shape=(28, 3))> using `load_obj` in 0.0007s
2024-11-20 18:41:12,118 INFO =====> alpha: 1.01
2024-11-20 18:41:12,118 INFO =====> Loss info: {'particle_has_naninf': False, 'height_map_loss': 13.352354049682617, 'emd_loss': 23.482494354248047, 'total_loss': 23.482494354248047}
2024-11-20 18:41:12,704 INFO ===> New TaichiEnv created.
2024-11-20 18:41:12,705 INFO ===> Specifications: horizon = 311, dt = 0.01, n_substeps = 20, dt_sub = 0.0005
2024-11-20 18:41:12,728 DEBUG loaded <trimesh.Trimesh(vertices.shape=(916, 3), faces.shape=(856, 3))> using `load_obj` in 0.0029s
2024-11-20 18:41:12,876 DEBUG loaded <trimesh.Trimesh(vertices.shape=(48, 3), faces.shape=(28, 3))> using `load_obj` in 0.0007s
2024-11-20 18:41:23,027 INFO =====> alpha: 1.1
2024-11-20 18:41:23,027 INFO =====> Loss info: {'particle_has_naninf': False, 'height_map_loss': 13.386894226074219, 'emd_loss': 23.488985061645508, 'total_loss': 23.488985061645508}
2024-11-20 18:41:23,684 INFO ===> New TaichiEnv created.
2024-11-20 18:41:23,684 INFO ===> Specifications: horizon = 311, dt = 0.01, n_substeps = 20, dt_sub = 0.0005
2024-11-20 18:41:23,708 DEBUG loaded <trimesh.Trimesh(vertices.shape=(916, 3), faces.shape=(856, 3))> using `load_obj` in 0.0031s
2024-11-20 18:41:23,857 DEBUG loaded <trimesh.Trimesh(vertices.shape=(48, 3), faces.shape=(28, 3))> using `load_obj` in 0.0007s
2024-11-20 18:41:32,895 INFO =====> alpha: 1.5
2024-11-20 18:41:32,895 INFO =====> Loss info: {'particle_has_naninf': False, 'height_map_loss': 13.57543659210205, 'emd_loss': 23.772296905517578, 'total_loss': 23.772296905517578}
2024-11-20 18:41:32,895 INFO =====> Best alpha: 0.01, Best loss info: {'particle_has_naninf': False, 'height_map_loss': 13.150388717651367, 'emd_loss': 23.01221466064453, 'total_loss': 23.01221466064453}
2024-11-20 18:41:32,895 INFO =====> Param: E: [379340.53], nu: [0.3588972], rho: [1200.], sand_angle: [15.535736]
2024-11-20 18:41:32,896 INFO =====> Grad: [5.9090247e-03 1.0936613e+04 1.8694984e+01 1.0587314e+03]
2024-11-20 18:41:32,896 INFO =====> Num. aborted data so far: 0
2024-11-20 18:41:33,566 INFO ===> New TaichiEnv created.
2024-11-20 18:41:33,566 INFO ===> Specifications: horizon = 311, dt = 0.01, n_substeps = 20, dt_sub = 0.0005
2024-11-20 18:41:33,591 DEBUG loaded <trimesh.Trimesh(vertices.shape=(916, 3), faces.shape=(856, 3))> using `load_obj` in 0.0030s
2024-11-20 18:41:33,740 DEBUG loaded <trimesh.Trimesh(vertices.shape=(48, 3), faces.shape=(28, 3))> using `load_obj` in 0.0007s
2024-11-20 18:42:01,899 INFO =====> Epoch: 19
2024-11-20 18:42:01,899 INFO =====> Loss info: {'particle_has_naninf': False, 'height_map_loss': 13.16362476348877, 'emd_loss': 23.023571014404297, 'total_loss': 23.023571014404297}
2024-11-20 18:42:01,899 INFO =====> Performing line search for epoch 19......
2024-11-20 18:42:02,511 INFO ===> New TaichiEnv created.
2024-11-20 18:42:02,512 INFO ===> Specifications: horizon = 311, dt = 0.01, n_substeps = 20, dt_sub = 0.0005
2024-11-20 18:42:02,535 DEBUG loaded <trimesh.Trimesh(vertices.shape=(916, 3), faces.shape=(856, 3))> using `load_obj` in 0.0029s
2024-11-20 18:42:02,685 DEBUG loaded <trimesh.Trimesh(vertices.shape=(48, 3), faces.shape=(28, 3))> using `load_obj` in 0.0007s
2024-11-20 18:42:11,686 INFO =====> alpha: 0.01
2024-11-20 18:42:11,686 INFO =====> Loss info: {'particle_has_naninf': False, 'height_map_loss': 13.151029586791992, 'emd_loss': 23.030466079711914, 'total_loss': 23.030466079711914}
2024-11-20 18:42:12,274 INFO ===> New TaichiEnv created.
2024-11-20 18:42:12,274 INFO ===> Specifications: horizon = 311, dt = 0.01, n_substeps = 20, dt_sub = 0.0005
2024-11-20 18:42:12,299 DEBUG loaded <trimesh.Trimesh(vertices.shape=(916, 3), faces.shape=(856, 3))> using `load_obj` in 0.0031s
2024-11-20 18:42:12,450 DEBUG loaded <trimesh.Trimesh(vertices.shape=(48, 3), faces.shape=(28, 3))> using `load_obj` in 0.0007s
2024-11-20 18:42:21,414 INFO =====> alpha: 0.1
2024-11-20 18:42:21,414 INFO =====> Loss info: {'particle_has_naninf': False, 'height_map_loss': 13.187209129333496, 'emd_loss': 22.618497848510742, 'total_loss': 22.618497848510742}
2024-11-20 18:42:22,002 INFO ===> New TaichiEnv created.
2024-11-20 18:42:22,002 INFO ===> Specifications: horizon = 311, dt = 0.01, n_substeps = 20, dt_sub = 0.0005
2024-11-20 18:42:22,026 DEBUG loaded <trimesh.Trimesh(vertices.shape=(916, 3), faces.shape=(856, 3))> using `load_obj` in 0.0030s
2024-11-20 18:42:22,175 DEBUG loaded <trimesh.Trimesh(vertices.shape=(48, 3), faces.shape=(28, 3))> using `load_obj` in 0.0007s
2024-11-20 18:42:31,125 INFO =====> alpha: 0.5
2024-11-20 18:42:31,125 INFO =====> Loss info: {'particle_has_naninf': False, 'height_map_loss': 13.238197326660156, 'emd_loss': 22.879343032836914, 'total_loss': 22.879343032836914}
2024-11-20 18:42:31,704 INFO ===> New TaichiEnv created.
2024-11-20 18:42:31,704 INFO ===> Specifications: horizon = 311, dt = 0.01, n_substeps = 20, dt_sub = 0.0005
2024-11-20 18:42:31,728 DEBUG loaded <trimesh.Trimesh(vertices.shape=(916, 3), faces.shape=(856, 3))> using `load_obj` in 0.0030s
2024-11-20 18:42:31,875 DEBUG loaded <trimesh.Trimesh(vertices.shape=(48, 3), faces.shape=(28, 3))> using `load_obj` in 0.0007s
2024-11-20 18:42:41,966 INFO =====> alpha: 1.0
2024-11-20 18:42:41,966 INFO =====> Loss info: {'particle_has_naninf': False, 'height_map_loss': 13.351398468017578, 'emd_loss': 22.64034652709961, 'total_loss': 22.64034652709961}
2024-11-20 18:42:42,547 INFO ===> New TaichiEnv created.
2024-11-20 18:42:42,548 INFO ===> Specifications: horizon = 311, dt = 0.01, n_substeps = 20, dt_sub = 0.0005
2024-11-20 18:42:42,571 DEBUG loaded <trimesh.Trimesh(vertices.shape=(916, 3), faces.shape=(856, 3))> using `load_obj` in 0.0031s
2024-11-20 18:42:42,721 DEBUG loaded <trimesh.Trimesh(vertices.shape=(48, 3), faces.shape=(28, 3))> using `load_obj` in 0.0007s
2024-11-20 18:42:51,677 INFO =====> alpha: 1.01
2024-11-20 18:42:51,677 INFO =====> Loss info: {'particle_has_naninf': False, 'height_map_loss': 13.350235939025879, 'emd_loss': 22.5342960357666, 'total_loss': 22.5342960357666}
2024-11-20 18:42:52,264 INFO ===> New TaichiEnv created.
2024-11-20 18:42:52,264 INFO ===> Specifications: horizon = 311, dt = 0.01, n_substeps = 20, dt_sub = 0.0005
2024-11-20 18:42:52,287 DEBUG loaded <trimesh.Trimesh(vertices.shape=(916, 3), faces.shape=(856, 3))> using `load_obj` in 0.0029s
2024-11-20 18:42:52,433 DEBUG loaded <trimesh.Trimesh(vertices.shape=(48, 3), faces.shape=(28, 3))> using `load_obj` in 0.0007s
2024-11-20 18:43:01,394 INFO =====> alpha: 1.1
2024-11-20 18:43:01,394 INFO =====> Loss info: {'particle_has_naninf': False, 'height_map_loss': 13.379913330078125, 'emd_loss': 22.547157287597656, 'total_loss': 22.547157287597656}
2024-11-20 18:43:01,981 INFO ===> New TaichiEnv created.
2024-11-20 18:43:01,981 INFO ===> Specifications: horizon = 311, dt = 0.01, n_substeps = 20, dt_sub = 0.0005
2024-11-20 18:43:02,005 DEBUG loaded <trimesh.Trimesh(vertices.shape=(916, 3), faces.shape=(856, 3))> using `load_obj` in 0.0029s
2024-11-20 18:43:02,153 DEBUG loaded <trimesh.Trimesh(vertices.shape=(48, 3), faces.shape=(28, 3))> using `load_obj` in 0.0007s
2024-11-20 18:43:12,210 INFO =====> alpha: 1.5
2024-11-20 18:43:12,210 INFO =====> Loss info: {'particle_has_naninf': False, 'height_map_loss': 13.46065616607666, 'emd_loss': 22.342084884643555, 'total_loss': 22.342084884643555}
2024-11-20 18:43:12,210 INFO =====> Best alpha: 0.01, Best loss info: {'particle_has_naninf': False, 'height_map_loss': 13.151029586791992, 'emd_loss': 23.030466079711914, 'total_loss': 23.030466079711914}
2024-11-20 18:43:12,210 INFO =====> Param: E: [379581.], nu: [0.35908017], rho: [1200.756], sand_angle: [15.560769]
2024-11-20 18:43:12,210 INFO =====> Grad: [-1.0160266e-02 -4.0403363e+04 -5.9281235e+01 -2.2919451e+03]
2024-11-20 18:43:12,211 INFO =====> Num. aborted data so far: 0
2024-11-20 18:43:12,879 INFO ===> New TaichiEnv created.
2024-11-20 18:43:12,880 INFO ===> Specifications: horizon = 311, dt = 0.01, n_substeps = 20, dt_sub = 0.0005
2024-11-20 18:43:12,905 DEBUG loaded <trimesh.Trimesh(vertices.shape=(916, 3), faces.shape=(856, 3))> using `load_obj` in 0.0030s
2024-11-20 18:43:13,052 DEBUG loaded <trimesh.Trimesh(vertices.shape=(48, 3), faces.shape=(28, 3))> using `load_obj` in 0.0007s
2024-11-20 18:43:40,152 INFO =====> Epoch: 20
2024-11-20 18:43:40,152 INFO =====> Loss info: {'particle_has_naninf': False, 'height_map_loss': 13.151695251464844, 'emd_loss': 23.033565521240234, 'total_loss': 23.033565521240234}
2024-11-20 18:43:40,152 INFO =====> Performing line search for epoch 20......
2024-11-20 18:43:40,765 INFO ===> New TaichiEnv created.
2024-11-20 18:43:40,765 INFO ===> Specifications: horizon = 311, dt = 0.01, n_substeps = 20, dt_sub = 0.0005
2024-11-20 18:43:40,789 DEBUG loaded <trimesh.Trimesh(vertices.shape=(916, 3), faces.shape=(856, 3))> using `load_obj` in 0.0030s
2024-11-20 18:43:40,937 DEBUG loaded <trimesh.Trimesh(vertices.shape=(48, 3), faces.shape=(28, 3))> using `load_obj` in 0.0007s
2024-11-20 18:43:51,121 INFO =====> alpha: 0.01
2024-11-20 18:43:51,121 INFO =====> Loss info: {'particle_has_naninf': False, 'height_map_loss': 13.153599739074707, 'emd_loss': 23.01443862915039, 'total_loss': 23.01443862915039}
2024-11-20 18:43:51,708 INFO ===> New TaichiEnv created.
2024-11-20 18:43:51,708 INFO ===> Specifications: horizon = 311, dt = 0.01, n_substeps = 20, dt_sub = 0.0005
2024-11-20 18:43:51,732 DEBUG loaded <trimesh.Trimesh(vertices.shape=(916, 3), faces.shape=(856, 3))> using `load_obj` in 0.0029s
2024-11-20 18:43:51,879 DEBUG loaded <trimesh.Trimesh(vertices.shape=(48, 3), faces.shape=(28, 3))> using `load_obj` in 0.0007s
2024-11-20 18:44:00,840 INFO =====> alpha: 0.1
2024-11-20 18:44:00,840 INFO =====> Loss info: {'particle_has_naninf': False, 'height_map_loss': 13.169221878051758, 'emd_loss': 23.337360382080078, 'total_loss': 23.337360382080078}
2024-11-20 18:44:01,428 INFO ===> New TaichiEnv created.
2024-11-20 18:44:01,428 INFO ===> Specifications: horizon = 311, dt = 0.01, n_substeps = 20, dt_sub = 0.0005
2024-11-20 18:44:01,451 DEBUG loaded <trimesh.Trimesh(vertices.shape=(916, 3), faces.shape=(856, 3))> using `load_obj` in 0.0030s
2024-11-20 18:44:01,601 DEBUG loaded <trimesh.Trimesh(vertices.shape=(48, 3), faces.shape=(28, 3))> using `load_obj` in 0.0007s
2024-11-20 18:44:10,736 INFO =====> alpha: 0.5
2024-11-20 18:44:10,736 INFO =====> Loss info: {'particle_has_naninf': False, 'height_map_loss': 13.213095664978027, 'emd_loss': 23.130638122558594, 'total_loss': 23.130638122558594}
2024-11-20 18:44:11,347 INFO ===> New TaichiEnv created.
2024-11-20 18:44:11,347 INFO ===> Specifications: horizon = 311, dt = 0.01, n_substeps = 20, dt_sub = 0.0005
2024-11-20 18:44:11,371 DEBUG loaded <trimesh.Trimesh(vertices.shape=(916, 3), faces.shape=(856, 3))> using `load_obj` in 0.0031s
2024-11-20 18:44:11,518 DEBUG loaded <trimesh.Trimesh(vertices.shape=(48, 3), faces.shape=(28, 3))> using `load_obj` in 0.0007s
2024-11-20 18:44:21,727 INFO =====> alpha: 1.0
2024-11-20 18:44:21,727 INFO =====> Loss info: {'particle_has_naninf': False, 'height_map_loss': 13.207192420959473, 'emd_loss': 23.20223617553711, 'total_loss': 23.20223617553711}
2024-11-20 18:44:22,311 INFO ===> New TaichiEnv created.
2024-11-20 18:44:22,311 INFO ===> Specifications: horizon = 311, dt = 0.01, n_substeps = 20, dt_sub = 0.0005
2024-11-20 18:44:22,335 DEBUG loaded <trimesh.Trimesh(vertices.shape=(916, 3), faces.shape=(856, 3))> using `load_obj` in 0.0028s
2024-11-20 18:44:22,482 DEBUG loaded <trimesh.Trimesh(vertices.shape=(48, 3), faces.shape=(28, 3))> using `load_obj` in 0.0007s
2024-11-20 18:44:31,458 INFO =====> alpha: 1.01
2024-11-20 18:44:31,458 INFO =====> Loss info: {'particle_has_naninf': False, 'height_map_loss': 13.207507133483887, 'emd_loss': 23.206153869628906, 'total_loss': 23.206153869628906}
2024-11-20 18:44:32,044 INFO ===> New TaichiEnv created.
2024-11-20 18:44:32,044 INFO ===> Specifications: horizon = 311, dt = 0.01, n_substeps = 20, dt_sub = 0.0005
2024-11-20 18:44:32,068 DEBUG loaded <trimesh.Trimesh(vertices.shape=(916, 3), faces.shape=(856, 3))> using `load_obj` in 0.0031s
2024-11-20 18:44:32,215 DEBUG loaded <trimesh.Trimesh(vertices.shape=(48, 3), faces.shape=(28, 3))> using `load_obj` in 0.0007s
2024-11-20 18:44:41,309 INFO =====> alpha: 1.1
2024-11-20 18:44:41,309 INFO =====> Loss info: {'particle_has_naninf': False, 'height_map_loss': 13.219500541687012, 'emd_loss': 23.05012321472168, 'total_loss': 23.05012321472168}
2024-11-20 18:44:41,889 INFO ===> New TaichiEnv created.
2024-11-20 18:44:41,889 INFO ===> Specifications: horizon = 311, dt = 0.01, n_substeps = 20, dt_sub = 0.0005
2024-11-20 18:44:41,915 DEBUG loaded <trimesh.Trimesh(vertices.shape=(916, 3), faces.shape=(856, 3))> using `load_obj` in 0.0030s
2024-11-20 18:44:42,063 DEBUG loaded <trimesh.Trimesh(vertices.shape=(48, 3), faces.shape=(28, 3))> using `load_obj` in 0.0007s
2024-11-20 18:44:51,192 INFO =====> alpha: 1.5
2024-11-20 18:44:51,192 INFO =====> Loss info: {'particle_has_naninf': False, 'height_map_loss': 13.279509544372559, 'emd_loss': 23.288673400878906, 'total_loss': 23.288673400878906}
2024-11-20 18:44:51,193 INFO =====> Best alpha: 0.01, Best loss info: {'particle_has_naninf': False, 'height_map_loss': 13.153599739074707, 'emd_loss': 23.01443862915039, 'total_loss': 23.01443862915039}
2024-11-20 18:44:51,193 INFO =====> Param: E: [379484.5], nu: [0.35899666], rho: [1200.], sand_angle: [15.552354]
2024-11-20 18:44:51,193 INFO =====> Grad: [3.9134207e-03 1.8135139e+04 7.5097427e+01 7.5828546e+02]
2024-11-20 18:44:51,193 INFO =====> Num. aborted data so far: 0
2024-11-20 18:44:51,778 INFO ===> New TaichiEnv created.
2024-11-20 18:44:51,778 INFO ===> Specifications: horizon = 311, dt = 0.01, n_substeps = 20, dt_sub = 0.0005
2024-11-20 18:44:51,802 DEBUG loaded <trimesh.Trimesh(vertices.shape=(916, 3), faces.shape=(856, 3))> using `load_obj` in 0.0028s
2024-11-20 18:44:51,949 DEBUG loaded <trimesh.Trimesh(vertices.shape=(48, 3), faces.shape=(28, 3))> using `load_obj` in 0.0007s
2024-11-20 18:45:20,071 INFO =====> Epoch: 21
2024-11-20 18:45:20,071 INFO =====> Loss info: {'particle_has_naninf': False, 'height_map_loss': 13.151261329650879, 'emd_loss': 23.033857345581055, 'total_loss': 23.033857345581055}
2024-11-20 18:45:20,071 INFO =====> Performing line search for epoch 21......
2024-11-20 18:45:20,679 INFO ===> New TaichiEnv created.
2024-11-20 18:45:20,679 INFO ===> Specifications: horizon = 311, dt = 0.01, n_substeps = 20, dt_sub = 0.0005
2024-11-20 18:45:20,703 DEBUG loaded <trimesh.Trimesh(vertices.shape=(916, 3), faces.shape=(856, 3))> using `load_obj` in 0.0032s
2024-11-20 18:45:20,853 DEBUG loaded <trimesh.Trimesh(vertices.shape=(48, 3), faces.shape=(28, 3))> using `load_obj` in 0.0007s
2024-11-20 18:45:29,816 INFO =====> alpha: 0.01
2024-11-20 18:45:29,816 INFO =====> Loss info: {'particle_has_naninf': False, 'height_map_loss': 13.155532836914062, 'emd_loss': 23.014488220214844, 'total_loss': 23.014488220214844}
2024-11-20 18:45:30,405 INFO ===> New TaichiEnv created.
2024-11-20 18:45:30,405 INFO ===> Specifications: horizon = 311, dt = 0.01, n_substeps = 20, dt_sub = 0.0005
2024-11-20 18:45:30,429 DEBUG loaded <trimesh.Trimesh(vertices.shape=(916, 3), faces.shape=(856, 3))> using `load_obj` in 0.0030s
2024-11-20 18:45:30,577 DEBUG loaded <trimesh.Trimesh(vertices.shape=(48, 3), faces.shape=(28, 3))> using `load_obj` in 0.0007s
2024-11-20 18:45:40,806 INFO =====> alpha: 0.1
2024-11-20 18:45:40,806 INFO =====> Loss info: {'particle_has_naninf': False, 'height_map_loss': 13.162798881530762, 'emd_loss': 23.021804809570312, 'total_loss': 23.021804809570312}
2024-11-20 18:45:41,392 INFO ===> New TaichiEnv created.
2024-11-20 18:45:41,393 INFO ===> Specifications: horizon = 311, dt = 0.01, n_substeps = 20, dt_sub = 0.0005
2024-11-20 18:45:41,416 DEBUG loaded <trimesh.Trimesh(vertices.shape=(916, 3), faces.shape=(856, 3))> using `load_obj` in 0.0029s
2024-11-20 18:45:41,564 DEBUG loaded <trimesh.Trimesh(vertices.shape=(48, 3), faces.shape=(28, 3))> using `load_obj` in 0.0007s
2024-11-20 18:45:50,522 INFO =====> alpha: 0.5
2024-11-20 18:45:50,522 INFO =====> Loss info: {'particle_has_naninf': False, 'height_map_loss': 13.206476211547852, 'emd_loss': 23.28091049194336, 'total_loss': 23.28091049194336}
2024-11-20 18:45:51,109 INFO ===> New TaichiEnv created.
2024-11-20 18:45:51,109 INFO ===> Specifications: horizon = 311, dt = 0.01, n_substeps = 20, dt_sub = 0.0005
2024-11-20 18:45:51,134 DEBUG loaded <trimesh.Trimesh(vertices.shape=(916, 3), faces.shape=(856, 3))> using `load_obj` in 0.0031s
2024-11-20 18:45:51,280 DEBUG loaded <trimesh.Trimesh(vertices.shape=(48, 3), faces.shape=(28, 3))> using `load_obj` in 0.0007s
2024-11-20 18:46:00,255 INFO =====> alpha: 1.0
2024-11-20 18:46:00,255 INFO =====> Loss info: {'particle_has_naninf': False, 'height_map_loss': 13.259644508361816, 'emd_loss': 23.149328231811523, 'total_loss': 23.149328231811523}
2024-11-20 18:46:00,878 INFO ===> New TaichiEnv created.
2024-11-20 18:46:00,878 INFO ===> Specifications: horizon = 311, dt = 0.01, n_substeps = 20, dt_sub = 0.0005
2024-11-20 18:46:00,901 DEBUG loaded <trimesh.Trimesh(vertices.shape=(916, 3), faces.shape=(856, 3))> using `load_obj` in 0.0030s
2024-11-20 18:46:01,049 DEBUG loaded <trimesh.Trimesh(vertices.shape=(48, 3), faces.shape=(28, 3))> using `load_obj` in 0.0007s
2024-11-20 18:46:11,327 INFO =====> alpha: 1.01
2024-11-20 18:46:11,327 INFO =====> Loss info: {'particle_has_naninf': False, 'height_map_loss': 13.258315086364746, 'emd_loss': 23.152027130126953, 'total_loss': 23.152027130126953}
2024-11-20 18:46:11,917 INFO ===> New TaichiEnv created.
2024-11-20 18:46:11,918 INFO ===> Specifications: horizon = 311, dt = 0.01, n_substeps = 20, dt_sub = 0.0005
2024-11-20 18:46:11,941 DEBUG loaded <trimesh.Trimesh(vertices.shape=(916, 3), faces.shape=(856, 3))> using `load_obj` in 0.0029s
2024-11-20 18:46:12,087 DEBUG loaded <trimesh.Trimesh(vertices.shape=(48, 3), faces.shape=(28, 3))> using `load_obj` in 0.0007s
2024-11-20 18:46:21,116 INFO =====> alpha: 1.1
2024-11-20 18:46:21,116 INFO =====> Loss info: {'particle_has_naninf': False, 'height_map_loss': 13.250399589538574, 'emd_loss': 23.150989532470703, 'total_loss': 23.150989532470703}
2024-11-20 18:46:21,749 INFO ===> New TaichiEnv created.
2024-11-20 18:46:21,749 INFO ===> Specifications: horizon = 311, dt = 0.01, n_substeps = 20, dt_sub = 0.0005
2024-11-20 18:46:21,772 DEBUG loaded <trimesh.Trimesh(vertices.shape=(916, 3), faces.shape=(856, 3))> using `load_obj` in 0.0030s
2024-11-20 18:46:21,918 DEBUG loaded <trimesh.Trimesh(vertices.shape=(48, 3), faces.shape=(28, 3))> using `load_obj` in 0.0007s
2024-11-20 18:46:30,825 INFO =====> alpha: 1.5
2024-11-20 18:46:30,825 INFO =====> Loss info: {'particle_has_naninf': False, 'height_map_loss': 13.260869979858398, 'emd_loss': 23.10286521911621, 'total_loss': 23.10286521911621}
2024-11-20 18:46:30,825 INFO =====> Best alpha: 0.01, Best loss info: {'particle_has_naninf': False, 'height_map_loss': 13.155532836914062, 'emd_loss': 23.014488220214844, 'total_loss': 23.014488220214844}
2024-11-20 18:46:30,826 INFO =====> Param: E: [379226.88], nu: [0.35884565], rho: [1200.], sand_angle: [15.548035]
2024-11-20 18:46:30,826 INFO =====> Grad: [1.0853617e-02 3.5410574e+04 2.0034418e+01 3.7271060e+02]
2024-11-20 18:46:30,826 INFO =====> Num. aborted data so far: 0
2024-11-20 18:46:31,413 INFO ===> New TaichiEnv created.
2024-11-20 18:46:31,413 INFO ===> Specifications: horizon = 311, dt = 0.01, n_substeps = 20, dt_sub = 0.0005
2024-11-20 18:46:31,437 DEBUG loaded <trimesh.Trimesh(vertices.shape=(916, 3), faces.shape=(856, 3))> using `load_obj` in 0.0030s
2024-11-20 18:46:31,586 DEBUG loaded <trimesh.Trimesh(vertices.shape=(48, 3), faces.shape=(28, 3))> using `load_obj` in 0.0008s
2024-11-20 18:46:59,789 INFO =====> Epoch: 22
2024-11-20 18:46:59,789 INFO =====> Loss info: {'particle_has_naninf': False, 'height_map_loss': 13.151880264282227, 'emd_loss': 23.014774322509766, 'total_loss': 23.014774322509766}
2024-11-20 18:46:59,789 INFO =====> Performing line search for epoch 22......
2024-11-20 18:47:00,399 INFO ===> New TaichiEnv created.
2024-11-20 18:47:00,399 INFO ===> Specifications: horizon = 311, dt = 0.01, n_substeps = 20, dt_sub = 0.0005
2024-11-20 18:47:00,423 DEBUG loaded <trimesh.Trimesh(vertices.shape=(916, 3), faces.shape=(856, 3))> using `load_obj` in 0.0030s
2024-11-20 18:47:00,571 DEBUG loaded <trimesh.Trimesh(vertices.shape=(48, 3), faces.shape=(28, 3))> using `load_obj` in 0.0008s
2024-11-20 18:47:09,529 INFO =====> alpha: 0.01
2024-11-20 18:47:09,529 INFO =====> Loss info: {'particle_has_naninf': False, 'height_map_loss': 13.15088939666748, 'emd_loss': 23.01079750061035, 'total_loss': 23.01079750061035}
2024-11-20 18:47:10,123 INFO ===> New TaichiEnv created.
2024-11-20 18:47:10,123 INFO ===> Specifications: horizon = 311, dt = 0.01, n_substeps = 20, dt_sub = 0.0005
2024-11-20 18:47:10,148 DEBUG loaded <trimesh.Trimesh(vertices.shape=(916, 3), faces.shape=(856, 3))> using `load_obj` in 0.0032s
2024-11-20 18:47:10,297 DEBUG loaded <trimesh.Trimesh(vertices.shape=(48, 3), faces.shape=(28, 3))> using `load_obj` in 0.0007s
2024-11-20 18:47:19,294 INFO =====> alpha: 0.1
2024-11-20 18:47:19,295 INFO =====> Loss info: {'particle_has_naninf': False, 'height_map_loss': 13.147234916687012, 'emd_loss': 23.0373592376709, 'total_loss': 23.0373592376709}
2024-11-20 18:47:19,877 INFO ===> New TaichiEnv created.
2024-11-20 18:47:19,877 INFO ===> Specifications: horizon = 311, dt = 0.01, n_substeps = 20, dt_sub = 0.0005
2024-11-20 18:47:19,901 DEBUG loaded <trimesh.Trimesh(vertices.shape=(916, 3), faces.shape=(856, 3))> using `load_obj` in 0.0030s
2024-11-20 18:47:20,048 DEBUG loaded <trimesh.Trimesh(vertices.shape=(48, 3), faces.shape=(28, 3))> using `load_obj` in 0.0007s
2024-11-20 18:47:30,309 INFO =====> alpha: 0.5
2024-11-20 18:47:30,309 INFO =====> Loss info: {'particle_has_naninf': False, 'height_map_loss': 13.201637268066406, 'emd_loss': 23.122657775878906, 'total_loss': 23.122657775878906}
2024-11-20 18:47:30,898 INFO ===> New TaichiEnv created.
2024-11-20 18:47:30,898 INFO ===> Specifications: horizon = 311, dt = 0.01, n_substeps = 20, dt_sub = 0.0005
2024-11-20 18:47:30,922 DEBUG loaded <trimesh.Trimesh(vertices.shape=(916, 3), faces.shape=(856, 3))> using `load_obj` in 0.0031s
2024-11-20 18:47:31,070 DEBUG loaded <trimesh.Trimesh(vertices.shape=(48, 3), faces.shape=(28, 3))> using `load_obj` in 0.0007s
2024-11-20 18:47:40,087 INFO =====> alpha: 1.0
2024-11-20 18:47:40,087 INFO =====> Loss info: {'particle_has_naninf': False, 'height_map_loss': 13.180999755859375, 'emd_loss': 23.006675720214844, 'total_loss': 23.006675720214844}
2024-11-20 18:47:40,672 INFO ===> New TaichiEnv created.
2024-11-20 18:47:40,672 INFO ===> Specifications: horizon = 311, dt = 0.01, n_substeps = 20, dt_sub = 0.0005
2024-11-20 18:47:40,696 DEBUG loaded <trimesh.Trimesh(vertices.shape=(916, 3), faces.shape=(856, 3))> using `load_obj` in 0.0031s
2024-11-20 18:47:40,844 DEBUG loaded <trimesh.Trimesh(vertices.shape=(48, 3), faces.shape=(28, 3))> using `load_obj` in 0.0007s
2024-11-20 18:47:49,877 INFO =====> alpha: 1.01
2024-11-20 18:47:49,877 INFO =====> Loss info: {'particle_has_naninf': False, 'height_map_loss': 13.184595108032227, 'emd_loss': 23.0069522857666, 'total_loss': 23.0069522857666}
2024-11-20 18:47:50,459 INFO ===> New TaichiEnv created.
2024-11-20 18:47:50,459 INFO ===> Specifications: horizon = 311, dt = 0.01, n_substeps = 20, dt_sub = 0.0005
2024-11-20 18:47:50,483 DEBUG loaded <trimesh.Trimesh(vertices.shape=(916, 3), faces.shape=(856, 3))> using `load_obj` in 0.0030s
2024-11-20 18:47:50,632 DEBUG loaded <trimesh.Trimesh(vertices.shape=(48, 3), faces.shape=(28, 3))> using `load_obj` in 0.0007s
2024-11-20 18:48:00,823 INFO =====> alpha: 1.1
2024-11-20 18:48:00,823 INFO =====> Loss info: {'particle_has_naninf': False, 'height_map_loss': 13.176669120788574, 'emd_loss': 23.005521774291992, 'total_loss': 23.005521774291992}
2024-11-20 18:48:01,406 INFO ===> New TaichiEnv created.
2024-11-20 18:48:01,406 INFO ===> Specifications: horizon = 311, dt = 0.01, n_substeps = 20, dt_sub = 0.0005
2024-11-20 18:48:01,429 DEBUG loaded <trimesh.Trimesh(vertices.shape=(916, 3), faces.shape=(856, 3))> using `load_obj` in 0.0028s
2024-11-20 18:48:01,575 DEBUG loaded <trimesh.Trimesh(vertices.shape=(48, 3), faces.shape=(28, 3))> using `load_obj` in 0.0007s
2024-11-20 18:48:10,604 INFO =====> alpha: 1.5
2024-11-20 18:48:10,604 INFO =====> Loss info: {'particle_has_naninf': False, 'height_map_loss': 13.183703422546387, 'emd_loss': 22.84609031677246, 'total_loss': 22.84609031677246}
2024-11-20 18:48:10,604 INFO =====> Best alpha: 0.1, Best loss info: {'particle_has_naninf': False, 'height_map_loss': 13.147234916687012, 'emd_loss': 23.0373592376709, 'total_loss': 23.0373592376709}
2024-11-20 18:48:10,604 INFO =====> Param: E: [379026.62], nu: [0.35865334], rho: [1200.], sand_angle: [15.588219]
2024-11-20 18:48:10,605 INFO =====> Grad: [ 8.0075354e-04  4.2862515e+03  3.2596622e+01 -3.3164557e+02]
2024-11-20 18:48:10,605 INFO =====> Num. aborted data so far: 0
2024-11-20 18:48:11,188 INFO ===> New TaichiEnv created.
2024-11-20 18:48:11,188 INFO ===> Specifications: horizon = 311, dt = 0.01, n_substeps = 20, dt_sub = 0.0005
2024-11-20 18:48:11,212 DEBUG loaded <trimesh.Trimesh(vertices.shape=(916, 3), faces.shape=(856, 3))> using `load_obj` in 0.0031s
2024-11-20 18:48:11,359 DEBUG loaded <trimesh.Trimesh(vertices.shape=(48, 3), faces.shape=(28, 3))> using `load_obj` in 0.0007s
2024-11-20 18:48:38,514 INFO =====> Epoch: 23
2024-11-20 18:48:38,514 INFO =====> Loss info: {'particle_has_naninf': False, 'height_map_loss': 13.151655197143555, 'emd_loss': 23.031476974487305, 'total_loss': 23.031476974487305}
2024-11-20 18:48:38,514 INFO =====> Performing line search for epoch 23......
2024-11-20 18:48:39,119 INFO ===> New TaichiEnv created.
2024-11-20 18:48:39,119 INFO ===> Specifications: horizon = 311, dt = 0.01, n_substeps = 20, dt_sub = 0.0005
2024-11-20 18:48:39,143 DEBUG loaded <trimesh.Trimesh(vertices.shape=(916, 3), faces.shape=(856, 3))> using `load_obj` in 0.0030s
2024-11-20 18:48:39,290 DEBUG loaded <trimesh.Trimesh(vertices.shape=(48, 3), faces.shape=(28, 3))> using `load_obj` in 0.0007s
2024-11-20 18:48:49,486 INFO =====> alpha: 0.01
2024-11-20 18:48:49,486 INFO =====> Loss info: {'particle_has_naninf': False, 'height_map_loss': 13.148050308227539, 'emd_loss': 23.040843963623047, 'total_loss': 23.040843963623047}
2024-11-20 18:48:50,075 INFO ===> New TaichiEnv created.
2024-11-20 18:48:50,075 INFO ===> Specifications: horizon = 311, dt = 0.01, n_substeps = 20, dt_sub = 0.0005
2024-11-20 18:48:50,098 DEBUG loaded <trimesh.Trimesh(vertices.shape=(916, 3), faces.shape=(856, 3))> using `load_obj` in 0.0030s
2024-11-20 18:48:50,245 DEBUG loaded <trimesh.Trimesh(vertices.shape=(48, 3), faces.shape=(28, 3))> using `load_obj` in 0.0007s
2024-11-20 18:48:59,206 INFO =====> alpha: 0.1
2024-11-20 18:48:59,206 INFO =====> Loss info: {'particle_has_naninf': False, 'height_map_loss': 13.176934242248535, 'emd_loss': 23.06388282775879, 'total_loss': 23.06388282775879}
2024-11-20 18:48:59,800 INFO ===> New TaichiEnv created.
2024-11-20 18:48:59,800 INFO ===> Specifications: horizon = 311, dt = 0.01, n_substeps = 20, dt_sub = 0.0005
2024-11-20 18:48:59,823 DEBUG loaded <trimesh.Trimesh(vertices.shape=(916, 3), faces.shape=(856, 3))> using `load_obj` in 0.0030s
2024-11-20 18:48:59,969 DEBUG loaded <trimesh.Trimesh(vertices.shape=(48, 3), faces.shape=(28, 3))> using `load_obj` in 0.0007s
2024-11-20 18:49:08,909 INFO =====> alpha: 0.5
2024-11-20 18:49:08,909 INFO =====> Loss info: {'particle_has_naninf': False, 'height_map_loss': 13.178826332092285, 'emd_loss': 22.711978912353516, 'total_loss': 22.711978912353516}
2024-11-20 18:49:09,491 INFO ===> New TaichiEnv created.
2024-11-20 18:49:09,491 INFO ===> Specifications: horizon = 311, dt = 0.01, n_substeps = 20, dt_sub = 0.0005
2024-11-20 18:49:09,514 DEBUG loaded <trimesh.Trimesh(vertices.shape=(916, 3), faces.shape=(856, 3))> using `load_obj` in 0.0029s
2024-11-20 18:49:09,661 DEBUG loaded <trimesh.Trimesh(vertices.shape=(48, 3), faces.shape=(28, 3))> using `load_obj` in 0.0007s
2024-11-20 18:49:19,776 INFO =====> alpha: 1.0
2024-11-20 18:49:19,776 INFO =====> Loss info: {'particle_has_naninf': False, 'height_map_loss': 13.148929595947266, 'emd_loss': 22.746688842773438, 'total_loss': 22.746688842773438}
2024-11-20 18:49:20,365 INFO ===> New TaichiEnv created.
2024-11-20 18:49:20,365 INFO ===> Specifications: horizon = 311, dt = 0.01, n_substeps = 20, dt_sub = 0.0005
2024-11-20 18:49:20,388 DEBUG loaded <trimesh.Trimesh(vertices.shape=(916, 3), faces.shape=(856, 3))> using `load_obj` in 0.0029s
2024-11-20 18:49:20,534 DEBUG loaded <trimesh.Trimesh(vertices.shape=(48, 3), faces.shape=(28, 3))> using `load_obj` in 0.0007s
2024-11-20 18:49:29,544 INFO =====> alpha: 1.01
2024-11-20 18:49:29,544 INFO =====> Loss info: {'particle_has_naninf': False, 'height_map_loss': 13.144781112670898, 'emd_loss': 22.74228858947754, 'total_loss': 22.74228858947754}
2024-11-20 18:49:30,123 INFO ===> New TaichiEnv created.
2024-11-20 18:49:30,124 INFO ===> Specifications: horizon = 311, dt = 0.01, n_substeps = 20, dt_sub = 0.0005
2024-11-20 18:49:30,147 DEBUG loaded <trimesh.Trimesh(vertices.shape=(916, 3), faces.shape=(856, 3))> using `load_obj` in 0.0030s
2024-11-20 18:49:30,292 DEBUG loaded <trimesh.Trimesh(vertices.shape=(48, 3), faces.shape=(28, 3))> using `load_obj` in 0.0007s
2024-11-20 18:49:39,240 INFO =====> alpha: 1.1
2024-11-20 18:49:39,240 INFO =====> Loss info: {'particle_has_naninf': False, 'height_map_loss': 13.131438255310059, 'emd_loss': 22.728130340576172, 'total_loss': 22.728130340576172}
2024-11-20 18:49:39,837 INFO ===> New TaichiEnv created.
2024-11-20 18:49:39,838 INFO ===> Specifications: horizon = 311, dt = 0.01, n_substeps = 20, dt_sub = 0.0005
2024-11-20 18:49:39,861 DEBUG loaded <trimesh.Trimesh(vertices.shape=(916, 3), faces.shape=(856, 3))> using `load_obj` in 0.0029s
2024-11-20 18:49:40,007 DEBUG loaded <trimesh.Trimesh(vertices.shape=(48, 3), faces.shape=(28, 3))> using `load_obj` in 0.0007s
2024-11-20 18:49:50,164 INFO =====> alpha: 1.5
2024-11-20 18:49:50,164 INFO =====> Loss info: {'particle_has_naninf': False, 'height_map_loss': 13.122486114501953, 'emd_loss': 22.690950393676758, 'total_loss': 22.690950393676758}
2024-11-20 18:49:50,164 INFO =====> Best alpha: 1.5, Best loss info: {'particle_has_naninf': False, 'height_map_loss': 13.122486114501953, 'emd_loss': 22.690950393676758, 'total_loss': 22.690950393676758}
2024-11-20 18:49:50,164 INFO =====> Param: E: [414261.66], nu: [0.37986037], rho: [1221.6259], sand_angle: [16.070137]
2024-11-20 18:49:50,164 INFO =====> Grad: [-9.5981061e-03 -3.3421309e+04 -1.1391551e+01 -2.5285985e+02]
2024-11-20 18:49:50,164 INFO =====> Num. aborted data so far: 0
2024-11-20 18:49:50,753 INFO ===> New TaichiEnv created.
2024-11-20 18:49:50,753 INFO ===> Specifications: horizon = 311, dt = 0.01, n_substeps = 20, dt_sub = 0.0005
2024-11-20 18:49:50,776 DEBUG loaded <trimesh.Trimesh(vertices.shape=(916, 3), faces.shape=(856, 3))> using `load_obj` in 0.0030s
2024-11-20 18:49:50,922 DEBUG loaded <trimesh.Trimesh(vertices.shape=(48, 3), faces.shape=(28, 3))> using `load_obj` in 0.0007s
2024-11-20 18:50:17,936 INFO =====> Epoch: 24
2024-11-20 18:50:17,936 INFO =====> Loss info: {'particle_has_naninf': False, 'height_map_loss': 13.126829147338867, 'emd_loss': 22.692138671875, 'total_loss': 22.692138671875}
2024-11-20 18:50:17,936 INFO =====> Performing line search for epoch 24......
2024-11-20 18:50:18,545 INFO ===> New TaichiEnv created.
2024-11-20 18:50:18,545 INFO ===> Specifications: horizon = 311, dt = 0.01, n_substeps = 20, dt_sub = 0.0005
2024-11-20 18:50:18,569 DEBUG loaded <trimesh.Trimesh(vertices.shape=(916, 3), faces.shape=(856, 3))> using `load_obj` in 0.0031s
2024-11-20 18:50:18,716 DEBUG loaded <trimesh.Trimesh(vertices.shape=(48, 3), faces.shape=(28, 3))> using `load_obj` in 0.0007s
2024-11-20 18:50:27,711 INFO =====> alpha: 0.01
2024-11-20 18:50:27,711 INFO =====> Loss info: {'particle_has_naninf': False, 'height_map_loss': 13.121709823608398, 'emd_loss': 22.68769645690918, 'total_loss': 22.68769645690918}
2024-11-20 18:50:28,296 INFO ===> New TaichiEnv created.
2024-11-20 18:50:28,296 INFO ===> Specifications: horizon = 311, dt = 0.01, n_substeps = 20, dt_sub = 0.0005
2024-11-20 18:50:28,320 DEBUG loaded <trimesh.Trimesh(vertices.shape=(916, 3), faces.shape=(856, 3))> using `load_obj` in 0.0029s
2024-11-20 18:50:28,469 DEBUG loaded <trimesh.Trimesh(vertices.shape=(48, 3), faces.shape=(28, 3))> using `load_obj` in 0.0007s
2024-11-20 18:50:38,650 INFO =====> alpha: 0.1
2024-11-20 18:50:38,650 INFO =====> Loss info: {'particle_has_naninf': False, 'height_map_loss': 13.138094902038574, 'emd_loss': 22.53022003173828, 'total_loss': 22.53022003173828}
2024-11-20 18:50:39,239 INFO ===> New TaichiEnv created.
2024-11-20 18:50:39,239 INFO ===> Specifications: horizon = 311, dt = 0.01, n_substeps = 20, dt_sub = 0.0005
2024-11-20 18:50:39,262 DEBUG loaded <trimesh.Trimesh(vertices.shape=(916, 3), faces.shape=(856, 3))> using `load_obj` in 0.0030s
2024-11-20 18:50:39,409 DEBUG loaded <trimesh.Trimesh(vertices.shape=(48, 3), faces.shape=(28, 3))> using `load_obj` in 0.0007s
2024-11-20 18:50:48,358 INFO =====> alpha: 0.5
2024-11-20 18:50:48,358 INFO =====> Loss info: {'particle_has_naninf': False, 'height_map_loss': 13.1705961227417, 'emd_loss': 22.584428787231445, 'total_loss': 22.584428787231445}
2024-11-20 18:50:48,941 INFO ===> New TaichiEnv created.
2024-11-20 18:50:48,941 INFO ===> Specifications: horizon = 311, dt = 0.01, n_substeps = 20, dt_sub = 0.0005
2024-11-20 18:50:48,967 DEBUG loaded <trimesh.Trimesh(vertices.shape=(916, 3), faces.shape=(856, 3))> using `load_obj` in 0.0031s
2024-11-20 18:50:49,114 DEBUG loaded <trimesh.Trimesh(vertices.shape=(48, 3), faces.shape=(28, 3))> using `load_obj` in 0.0007s
2024-11-20 18:50:58,113 INFO =====> alpha: 1.0
2024-11-20 18:50:58,114 INFO =====> Loss info: {'particle_has_naninf': False, 'height_map_loss': 13.155131340026855, 'emd_loss': 22.77312660217285, 'total_loss': 22.77312660217285}
2024-11-20 18:50:58,752 INFO ===> New TaichiEnv created.
2024-11-20 18:50:58,752 INFO ===> Specifications: horizon = 311, dt = 0.01, n_substeps = 20, dt_sub = 0.0005
2024-11-20 18:50:58,776 DEBUG loaded <trimesh.Trimesh(vertices.shape=(916, 3), faces.shape=(856, 3))> using `load_obj` in 0.0029s
2024-11-20 18:50:58,926 DEBUG loaded <trimesh.Trimesh(vertices.shape=(48, 3), faces.shape=(28, 3))> using `load_obj` in 0.0007s
2024-11-20 18:51:09,094 INFO =====> alpha: 1.01
2024-11-20 18:51:09,094 INFO =====> Loss info: {'particle_has_naninf': False, 'height_map_loss': 13.152087211608887, 'emd_loss': 22.78679847717285, 'total_loss': 22.78679847717285}
2024-11-20 18:51:09,716 INFO ===> New TaichiEnv created.
2024-11-20 18:51:09,716 INFO ===> Specifications: horizon = 311, dt = 0.01, n_substeps = 20, dt_sub = 0.0005
2024-11-20 18:51:09,739 DEBUG loaded <trimesh.Trimesh(vertices.shape=(916, 3), faces.shape=(856, 3))> using `load_obj` in 0.0030s
2024-11-20 18:51:09,885 DEBUG loaded <trimesh.Trimesh(vertices.shape=(48, 3), faces.shape=(28, 3))> using `load_obj` in 0.0007s
2024-11-20 18:51:18,845 INFO =====> alpha: 1.1
2024-11-20 18:51:18,845 INFO =====> Loss info: {'particle_has_naninf': False, 'height_map_loss': 13.163540840148926, 'emd_loss': 22.98075294494629, 'total_loss': 22.98075294494629}
2024-11-20 18:51:19,420 INFO ===> New TaichiEnv created.
2024-11-20 18:51:19,420 INFO ===> Specifications: horizon = 311, dt = 0.01, n_substeps = 20, dt_sub = 0.0005
2024-11-20 18:51:19,444 DEBUG loaded <trimesh.Trimesh(vertices.shape=(916, 3), faces.shape=(856, 3))> using `load_obj` in 0.0030s
2024-11-20 18:51:19,591 DEBUG loaded <trimesh.Trimesh(vertices.shape=(48, 3), faces.shape=(28, 3))> using `load_obj` in 0.0007s
2024-11-20 18:51:28,702 INFO =====> alpha: 1.5
2024-11-20 18:51:28,702 INFO =====> Loss info: {'particle_has_naninf': False, 'height_map_loss': 13.207213401794434, 'emd_loss': 23.107894897460938, 'total_loss': 23.107894897460938}
2024-11-20 18:51:28,703 INFO =====> Best alpha: 0.01, Best loss info: {'particle_has_naninf': False, 'height_map_loss': 13.121709823608398, 'emd_loss': 22.68769645690918, 'total_loss': 22.68769645690918}
2024-11-20 18:51:28,703 INFO =====> Param: E: [414029.47], nu: [0.37972492], rho: [1221.4434], sand_angle: [16.063782]
2024-11-20 18:51:28,703 INFO =====> Grad: [9.6762013e-03 3.3620508e+04 1.3769573e+01 4.8447031e+02]
2024-11-20 18:51:28,703 INFO =====> Num. aborted data so far: 0
2024-11-20 18:51:29,368 INFO ===> New TaichiEnv created.
2024-11-20 18:51:29,368 INFO ===> Specifications: horizon = 311, dt = 0.01, n_substeps = 20, dt_sub = 0.0005
2024-11-20 18:51:29,392 DEBUG loaded <trimesh.Trimesh(vertices.shape=(916, 3), faces.shape=(856, 3))> using `load_obj` in 0.0030s
2024-11-20 18:51:29,539 DEBUG loaded <trimesh.Trimesh(vertices.shape=(48, 3), faces.shape=(28, 3))> using `load_obj` in 0.0007s
2024-11-20 18:51:57,698 INFO =====> Epoch: 25
2024-11-20 18:51:57,698 INFO =====> Loss info: {'particle_has_naninf': False, 'height_map_loss': 13.12875747680664, 'emd_loss': 22.693523406982422, 'total_loss': 22.693523406982422}
2024-11-20 18:51:57,699 INFO =====> Performing line search for epoch 25......
2024-11-20 18:51:58,347 INFO ===> New TaichiEnv created.
2024-11-20 18:51:58,347 INFO ===> Specifications: horizon = 311, dt = 0.01, n_substeps = 20, dt_sub = 0.0005
2024-11-20 18:51:58,370 DEBUG loaded <trimesh.Trimesh(vertices.shape=(916, 3), faces.shape=(856, 3))> using `load_obj` in 0.0029s
2024-11-20 18:51:58,516 DEBUG loaded <trimesh.Trimesh(vertices.shape=(48, 3), faces.shape=(28, 3))> using `load_obj` in 0.0007s
2024-11-20 18:52:07,510 INFO =====> alpha: 0.01
2024-11-20 18:52:07,510 INFO =====> Loss info: {'particle_has_naninf': False, 'height_map_loss': 13.131452560424805, 'emd_loss': 22.687210083007812, 'total_loss': 22.687210083007812}
2024-11-20 18:52:08,096 INFO ===> New TaichiEnv created.
2024-11-20 18:52:08,096 INFO ===> Specifications: horizon = 311, dt = 0.01, n_substeps = 20, dt_sub = 0.0005
2024-11-20 18:52:08,119 DEBUG loaded <trimesh.Trimesh(vertices.shape=(916, 3), faces.shape=(856, 3))> using `load_obj` in 0.0030s
2024-11-20 18:52:08,265 DEBUG loaded <trimesh.Trimesh(vertices.shape=(48, 3), faces.shape=(28, 3))> using `load_obj` in 0.0007s
2024-11-20 18:52:17,347 INFO =====> alpha: 0.1
2024-11-20 18:52:17,348 INFO =====> Loss info: {'particle_has_naninf': False, 'height_map_loss': 13.138761520385742, 'emd_loss': 22.475494384765625, 'total_loss': 22.475494384765625}
2024-11-20 18:52:17,926 INFO ===> New TaichiEnv created.
2024-11-20 18:52:17,926 INFO ===> Specifications: horizon = 311, dt = 0.01, n_substeps = 20, dt_sub = 0.0005
2024-11-20 18:52:17,949 DEBUG loaded <trimesh.Trimesh(vertices.shape=(916, 3), faces.shape=(856, 3))> using `load_obj` in 0.0030s
2024-11-20 18:52:18,095 DEBUG loaded <trimesh.Trimesh(vertices.shape=(48, 3), faces.shape=(28, 3))> using `load_obj` in 0.0007s
2024-11-20 18:52:28,217 INFO =====> alpha: 0.5
2024-11-20 18:52:28,217 INFO =====> Loss info: {'particle_has_naninf': False, 'height_map_loss': 13.178074836730957, 'emd_loss': 22.395326614379883, 'total_loss': 22.395326614379883}
2024-11-20 18:52:28,799 INFO ===> New TaichiEnv created.
2024-11-20 18:52:28,799 INFO ===> Specifications: horizon = 311, dt = 0.01, n_substeps = 20, dt_sub = 0.0005
2024-11-20 18:52:28,822 DEBUG loaded <trimesh.Trimesh(vertices.shape=(916, 3), faces.shape=(856, 3))> using `load_obj` in 0.0029s
2024-11-20 18:52:28,967 DEBUG loaded <trimesh.Trimesh(vertices.shape=(48, 3), faces.shape=(28, 3))> using `load_obj` in 0.0007s
2024-11-20 18:52:37,898 INFO =====> alpha: 1.0
2024-11-20 18:52:37,898 INFO =====> Loss info: {'particle_has_naninf': False, 'height_map_loss': 13.224048614501953, 'emd_loss': 22.428728103637695, 'total_loss': 22.428728103637695}
2024-11-20 18:52:38,479 INFO ===> New TaichiEnv created.
2024-11-20 18:52:38,479 INFO ===> Specifications: horizon = 311, dt = 0.01, n_substeps = 20, dt_sub = 0.0005
2024-11-20 18:52:38,502 DEBUG loaded <trimesh.Trimesh(vertices.shape=(916, 3), faces.shape=(856, 3))> using `load_obj` in 0.0031s
2024-11-20 18:52:38,649 DEBUG loaded <trimesh.Trimesh(vertices.shape=(48, 3), faces.shape=(28, 3))> using `load_obj` in 0.0007s
2024-11-20 18:52:47,595 INFO =====> alpha: 1.01
2024-11-20 18:52:47,595 INFO =====> Loss info: {'particle_has_naninf': False, 'height_map_loss': 13.232605934143066, 'emd_loss': 22.458295822143555, 'total_loss': 22.458295822143555}
2024-11-20 18:52:48,207 INFO ===> New TaichiEnv created.
2024-11-20 18:52:48,207 INFO ===> Specifications: horizon = 311, dt = 0.01, n_substeps = 20, dt_sub = 0.0005
2024-11-20 18:52:48,230 DEBUG loaded <trimesh.Trimesh(vertices.shape=(916, 3), faces.shape=(856, 3))> using `load_obj` in 0.0029s
2024-11-20 18:52:48,375 DEBUG loaded <trimesh.Trimesh(vertices.shape=(48, 3), faces.shape=(28, 3))> using `load_obj` in 0.0007s
2024-11-20 18:52:58,573 INFO =====> alpha: 1.1
2024-11-20 18:52:58,573 INFO =====> Loss info: {'particle_has_naninf': False, 'height_map_loss': 13.214078903198242, 'emd_loss': 22.4287109375, 'total_loss': 22.4287109375}
2024-11-20 18:52:59,156 INFO ===> New TaichiEnv created.
2024-11-20 18:52:59,156 INFO ===> Specifications: horizon = 311, dt = 0.01, n_substeps = 20, dt_sub = 0.0005
2024-11-20 18:52:59,179 DEBUG loaded <trimesh.Trimesh(vertices.shape=(916, 3), faces.shape=(856, 3))> using `load_obj` in 0.0029s
2024-11-20 18:52:59,325 DEBUG loaded <trimesh.Trimesh(vertices.shape=(48, 3), faces.shape=(28, 3))> using `load_obj` in 0.0007s
2024-11-20 18:53:08,320 INFO =====> alpha: 1.5
2024-11-20 18:53:08,320 INFO =====> Loss info: {'particle_has_naninf': False, 'height_map_loss': 13.286358833312988, 'emd_loss': 21.976924896240234, 'total_loss': 21.976924896240234}
2024-11-20 18:53:08,321 INFO =====> Best alpha: 0.01, Best loss info: {'particle_has_naninf': False, 'height_map_loss': 13.131452560424805, 'emd_loss': 22.687210083007812, 'total_loss': 22.687210083007812}
2024-11-20 18:53:08,321 INFO =====> Param: E: [414373.16], nu: [0.37994137], rho: [1222.0222], sand_angle: [16.07513]
2024-11-20 18:53:08,321 INFO =====> Grad: [-1.6185265e-02 -6.9902492e+04 -4.4533695e+01 -8.7916998e+02]
2024-11-20 18:53:08,321 INFO =====> Num. aborted data so far: 0
2024-11-20 18:53:08,906 INFO ===> New TaichiEnv created.
2024-11-20 18:53:08,906 INFO ===> Specifications: horizon = 311, dt = 0.01, n_substeps = 20, dt_sub = 0.0005
2024-11-20 18:53:08,930 DEBUG loaded <trimesh.Trimesh(vertices.shape=(916, 3), faces.shape=(856, 3))> using `load_obj` in 0.0031s
2024-11-20 18:53:09,080 DEBUG loaded <trimesh.Trimesh(vertices.shape=(48, 3), faces.shape=(28, 3))> using `load_obj` in 0.0008s
2024-11-20 18:53:36,122 INFO =====> Epoch: 26
2024-11-20 18:53:36,123 INFO =====> Loss info: {'particle_has_naninf': False, 'height_map_loss': 13.126086235046387, 'emd_loss': 22.68994140625, 'total_loss': 22.68994140625}
2024-11-20 18:53:36,123 INFO =====> Performing line search for epoch 26......
2024-11-20 18:53:36,724 INFO ===> New TaichiEnv created.
2024-11-20 18:53:36,724 INFO ===> Specifications: horizon = 311, dt = 0.01, n_substeps = 20, dt_sub = 0.0005
2024-11-20 18:53:36,748 DEBUG loaded <trimesh.Trimesh(vertices.shape=(916, 3), faces.shape=(856, 3))> using `load_obj` in 0.0032s
2024-11-20 18:53:36,894 DEBUG loaded <trimesh.Trimesh(vertices.shape=(48, 3), faces.shape=(28, 3))> using `load_obj` in 0.0007s
2024-11-20 18:53:47,029 INFO =====> alpha: 0.01
2024-11-20 18:53:47,029 INFO =====> Loss info: {'particle_has_naninf': False, 'height_map_loss': 13.130108833312988, 'emd_loss': 22.69603157043457, 'total_loss': 22.69603157043457}
2024-11-20 18:53:47,604 INFO ===> New TaichiEnv created.
2024-11-20 18:53:47,604 INFO ===> Specifications: horizon = 311, dt = 0.01, n_substeps = 20, dt_sub = 0.0005
2024-11-20 18:53:47,627 DEBUG loaded <trimesh.Trimesh(vertices.shape=(916, 3), faces.shape=(856, 3))> using `load_obj` in 0.0030s
2024-11-20 18:53:47,771 DEBUG loaded <trimesh.Trimesh(vertices.shape=(48, 3), faces.shape=(28, 3))> using `load_obj` in 0.0007s
2024-11-20 18:53:56,678 INFO =====> alpha: 0.1
2024-11-20 18:53:56,678 INFO =====> Loss info: {'particle_has_naninf': False, 'height_map_loss': 13.15174674987793, 'emd_loss': 22.403310775756836, 'total_loss': 22.403310775756836}
2024-11-20 18:53:57,326 INFO ===> New TaichiEnv created.
2024-11-20 18:53:57,326 INFO ===> Specifications: horizon = 311, dt = 0.01, n_substeps = 20, dt_sub = 0.0005
2024-11-20 18:53:57,352 DEBUG loaded <trimesh.Trimesh(vertices.shape=(916, 3), faces.shape=(856, 3))> using `load_obj` in 0.0033s
2024-11-20 18:53:57,497 DEBUG loaded <trimesh.Trimesh(vertices.shape=(48, 3), faces.shape=(28, 3))> using `load_obj` in 0.0007s
2024-11-20 18:54:06,589 INFO =====> alpha: 0.5
2024-11-20 18:54:06,589 INFO =====> Loss info: {'particle_has_naninf': False, 'height_map_loss': 13.190857887268066, 'emd_loss': 22.779077529907227, 'total_loss': 22.779077529907227}
2024-11-20 18:54:07,200 INFO ===> New TaichiEnv created.
2024-11-20 18:54:07,200 INFO ===> Specifications: horizon = 311, dt = 0.01, n_substeps = 20, dt_sub = 0.0005
2024-11-20 18:54:07,223 DEBUG loaded <trimesh.Trimesh(vertices.shape=(916, 3), faces.shape=(856, 3))> using `load_obj` in 0.0029s
2024-11-20 18:54:07,370 DEBUG loaded <trimesh.Trimesh(vertices.shape=(48, 3), faces.shape=(28, 3))> using `load_obj` in 0.0007s
2024-11-20 18:54:17,459 INFO =====> alpha: 1.0
2024-11-20 18:54:17,459 INFO =====> Loss info: {'particle_has_naninf': False, 'height_map_loss': 13.30614948272705, 'emd_loss': 22.22314453125, 'total_loss': 22.22314453125}
2024-11-20 18:54:18,040 INFO ===> New TaichiEnv created.
2024-11-20 18:54:18,040 INFO ===> Specifications: horizon = 311, dt = 0.01, n_substeps = 20, dt_sub = 0.0005
2024-11-20 18:54:18,063 DEBUG loaded <trimesh.Trimesh(vertices.shape=(916, 3), faces.shape=(856, 3))> using `load_obj` in 0.0029s
2024-11-20 18:54:18,209 DEBUG loaded <trimesh.Trimesh(vertices.shape=(48, 3), faces.shape=(28, 3))> using `load_obj` in 0.0007s
2024-11-20 18:54:27,104 INFO =====> alpha: 1.01
2024-11-20 18:54:27,104 INFO =====> Loss info: {'particle_has_naninf': False, 'height_map_loss': 13.305100440979004, 'emd_loss': 22.15325355529785, 'total_loss': 22.15325355529785}
2024-11-20 18:54:27,685 INFO ===> New TaichiEnv created.
2024-11-20 18:54:27,685 INFO ===> Specifications: horizon = 311, dt = 0.01, n_substeps = 20, dt_sub = 0.0005
2024-11-20 18:54:27,709 DEBUG loaded <trimesh.Trimesh(vertices.shape=(916, 3), faces.shape=(856, 3))> using `load_obj` in 0.0030s
2024-11-20 18:54:27,855 DEBUG loaded <trimesh.Trimesh(vertices.shape=(48, 3), faces.shape=(28, 3))> using `load_obj` in 0.0007s
2024-11-20 18:54:36,742 INFO =====> alpha: 1.1
2024-11-20 18:54:36,743 INFO =====> Loss info: {'particle_has_naninf': False, 'height_map_loss': 13.322624206542969, 'emd_loss': 22.031705856323242, 'total_loss': 22.031705856323242}
2024-11-20 18:54:37,387 INFO ===> New TaichiEnv created.
2024-11-20 18:54:37,387 INFO ===> Specifications: horizon = 311, dt = 0.01, n_substeps = 20, dt_sub = 0.0005
2024-11-20 18:54:37,410 DEBUG loaded <trimesh.Trimesh(vertices.shape=(916, 3), faces.shape=(856, 3))> using `load_obj` in 0.0029s
2024-11-20 18:54:37,554 DEBUG loaded <trimesh.Trimesh(vertices.shape=(48, 3), faces.shape=(28, 3))> using `load_obj` in 0.0007s
2024-11-20 18:54:47,691 INFO =====> alpha: 1.5
2024-11-20 18:54:47,692 INFO =====> Loss info: {'particle_has_naninf': False, 'height_map_loss': 13.371755599975586, 'emd_loss': 22.028505325317383, 'total_loss': 22.028505325317383}
2024-11-20 18:54:47,692 INFO =====> Best alpha: 0.01, Best loss info: {'particle_has_naninf': False, 'height_map_loss': 13.130108833312988, 'emd_loss': 22.69603157043457, 'total_loss': 22.69603157043457}
2024-11-20 18:54:47,692 INFO =====> Param: E: [414688.8], nu: [0.3801232], rho: [1223.0823], sand_angle: [16.091278]
2024-11-20 18:54:47,692 INFO =====> Grad: [-1.6275113e-02 -6.8092133e+04 -1.0426793e+02 -1.3802557e+03]
2024-11-20 18:54:47,692 INFO =====> Num. aborted data so far: 0
2024-11-20 18:54:48,278 INFO ===> New TaichiEnv created.
2024-11-20 18:54:48,278 INFO ===> Specifications: horizon = 311, dt = 0.01, n_substeps = 20, dt_sub = 0.0005
2024-11-20 18:54:48,302 DEBUG loaded <trimesh.Trimesh(vertices.shape=(916, 3), faces.shape=(856, 3))> using `load_obj` in 0.0028s
2024-11-20 18:54:48,448 DEBUG loaded <trimesh.Trimesh(vertices.shape=(48, 3), faces.shape=(28, 3))> using `load_obj` in 0.0007s
2024-11-20 18:55:15,440 INFO =====> Epoch: 27
2024-11-20 18:55:15,440 INFO =====> Loss info: {'particle_has_naninf': False, 'height_map_loss': 13.128684043884277, 'emd_loss': 22.697519302368164, 'total_loss': 22.697519302368164}
2024-11-20 18:55:15,441 INFO =====> Performing line search for epoch 27......
2024-11-20 18:55:16,037 INFO ===> New TaichiEnv created.
2024-11-20 18:55:16,037 INFO ===> Specifications: horizon = 311, dt = 0.01, n_substeps = 20, dt_sub = 0.0005
2024-11-20 18:55:16,060 DEBUG loaded <trimesh.Trimesh(vertices.shape=(916, 3), faces.shape=(856, 3))> using `load_obj` in 0.0030s
2024-11-20 18:55:16,208 DEBUG loaded <trimesh.Trimesh(vertices.shape=(48, 3), faces.shape=(28, 3))> using `load_obj` in 0.0007s
2024-11-20 18:55:25,199 INFO =====> alpha: 0.01
2024-11-20 18:55:25,199 INFO =====> Loss info: {'particle_has_naninf': False, 'height_map_loss': 13.130784034729004, 'emd_loss': 22.693893432617188, 'total_loss': 22.693893432617188}
2024-11-20 18:55:25,774 INFO ===> New TaichiEnv created.
2024-11-20 18:55:25,774 INFO ===> Specifications: horizon = 311, dt = 0.01, n_substeps = 20, dt_sub = 0.0005
2024-11-20 18:55:25,797 DEBUG loaded <trimesh.Trimesh(vertices.shape=(916, 3), faces.shape=(856, 3))> using `load_obj` in 0.0029s
2024-11-20 18:55:25,942 DEBUG loaded <trimesh.Trimesh(vertices.shape=(48, 3), faces.shape=(28, 3))> using `load_obj` in 0.0007s
2024-11-20 18:55:36,106 INFO =====> alpha: 0.1
2024-11-20 18:55:36,106 INFO =====> Loss info: {'particle_has_naninf': False, 'height_map_loss': 13.131692886352539, 'emd_loss': 22.636014938354492, 'total_loss': 22.636014938354492}
2024-11-20 18:55:36,676 INFO ===> New TaichiEnv created.
2024-11-20 18:55:36,676 INFO ===> Specifications: horizon = 311, dt = 0.01, n_substeps = 20, dt_sub = 0.0005
2024-11-20 18:55:36,700 DEBUG loaded <trimesh.Trimesh(vertices.shape=(916, 3), faces.shape=(856, 3))> using `load_obj` in 0.0029s
2024-11-20 18:55:36,845 DEBUG loaded <trimesh.Trimesh(vertices.shape=(48, 3), faces.shape=(28, 3))> using `load_obj` in 0.0007s
2024-11-20 18:55:45,780 INFO =====> alpha: 0.5
2024-11-20 18:55:45,781 INFO =====> Loss info: {'particle_has_naninf': False, 'height_map_loss': 13.181594848632812, 'emd_loss': 22.49836540222168, 'total_loss': 22.49836540222168}
2024-11-20 18:55:46,457 INFO ===> New TaichiEnv created.
2024-11-20 18:55:46,457 INFO ===> Specifications: horizon = 311, dt = 0.01, n_substeps = 20, dt_sub = 0.0005
2024-11-20 18:55:46,480 DEBUG loaded <trimesh.Trimesh(vertices.shape=(916, 3), faces.shape=(856, 3))> using `load_obj` in 0.0030s
2024-11-20 18:55:46,628 DEBUG loaded <trimesh.Trimesh(vertices.shape=(48, 3), faces.shape=(28, 3))> using `load_obj` in 0.0007s
2024-11-20 18:55:55,661 INFO =====> alpha: 1.0
2024-11-20 18:55:55,662 INFO =====> Loss info: {'particle_has_naninf': False, 'height_map_loss': 13.234567642211914, 'emd_loss': 22.844568252563477, 'total_loss': 22.844568252563477}
2024-11-20 18:55:56,236 INFO ===> New TaichiEnv created.
2024-11-20 18:55:56,236 INFO ===> Specifications: horizon = 311, dt = 0.01, n_substeps = 20, dt_sub = 0.0005
2024-11-20 18:55:56,259 DEBUG loaded <trimesh.Trimesh(vertices.shape=(916, 3), faces.shape=(856, 3))> using `load_obj` in 0.0029s
2024-11-20 18:55:56,405 DEBUG loaded <trimesh.Trimesh(vertices.shape=(48, 3), faces.shape=(28, 3))> using `load_obj` in 0.0007s
2024-11-20 18:56:06,614 INFO =====> alpha: 1.01
2024-11-20 18:56:06,614 INFO =====> Loss info: {'particle_has_naninf': False, 'height_map_loss': 13.2343111038208, 'emd_loss': 22.833160400390625, 'total_loss': 22.833160400390625}
2024-11-20 18:56:07,192 INFO ===> New TaichiEnv created.
2024-11-20 18:56:07,192 INFO ===> Specifications: horizon = 311, dt = 0.01, n_substeps = 20, dt_sub = 0.0005
2024-11-20 18:56:07,216 DEBUG loaded <trimesh.Trimesh(vertices.shape=(916, 3), faces.shape=(856, 3))> using `load_obj` in 0.0029s
2024-11-20 18:56:07,362 DEBUG loaded <trimesh.Trimesh(vertices.shape=(48, 3), faces.shape=(28, 3))> using `load_obj` in 0.0007s
2024-11-20 18:56:16,345 INFO =====> alpha: 1.1
2024-11-20 18:56:16,345 INFO =====> Loss info: {'particle_has_naninf': False, 'height_map_loss': 13.233137130737305, 'emd_loss': 22.9702091217041, 'total_loss': 22.9702091217041}
2024-11-20 18:56:16,918 INFO ===> New TaichiEnv created.
2024-11-20 18:56:16,918 INFO ===> Specifications: horizon = 311, dt = 0.01, n_substeps = 20, dt_sub = 0.0005
2024-11-20 18:56:16,941 DEBUG loaded <trimesh.Trimesh(vertices.shape=(916, 3), faces.shape=(856, 3))> using `load_obj` in 0.0029s
2024-11-20 18:56:17,085 DEBUG loaded <trimesh.Trimesh(vertices.shape=(48, 3), faces.shape=(28, 3))> using `load_obj` in 0.0007s
2024-11-20 18:56:26,103 INFO =====> alpha: 1.5
2024-11-20 18:56:26,103 INFO =====> Loss info: {'particle_has_naninf': False, 'height_map_loss': 13.234435081481934, 'emd_loss': 22.897502899169922, 'total_loss': 22.897502899169922}
2024-11-20 18:56:26,103 INFO =====> Best alpha: 0.01, Best loss info: {'particle_has_naninf': False, 'height_map_loss': 13.130784034729004, 'emd_loss': 22.693893432617188, 'total_loss': 22.693893432617188}
2024-11-20 18:56:26,103 INFO =====> Param: E: [414513.25], nu: [0.38012567], rho: [1223.2101], sand_angle: [16.096788]
2024-11-20 18:56:26,103 INFO =====> Grad: [ 8.9382464e-03 -8.8269922e+02 -1.1961646e+01 -4.5385666e+02]
2024-11-20 18:56:26,103 INFO =====> Num. aborted data so far: 0
2024-11-20 18:56:26,675 INFO ===> New TaichiEnv created.
2024-11-20 18:56:26,675 INFO ===> Specifications: horizon = 311, dt = 0.01, n_substeps = 20, dt_sub = 0.0005
2024-11-20 18:56:26,702 DEBUG loaded <trimesh.Trimesh(vertices.shape=(916, 3), faces.shape=(856, 3))> using `load_obj` in 0.0032s
2024-11-20 18:56:26,848 DEBUG loaded <trimesh.Trimesh(vertices.shape=(48, 3), faces.shape=(28, 3))> using `load_obj` in 0.0007s
2024-11-20 18:56:55,114 INFO =====> Epoch: 28
2024-11-20 18:56:55,114 INFO =====> Loss info: {'particle_has_naninf': False, 'height_map_loss': 13.132305145263672, 'emd_loss': 22.689495086669922, 'total_loss': 22.689495086669922}
2024-11-20 18:56:55,114 INFO =====> Performing line search for epoch 28......
2024-11-20 18:56:55,715 INFO ===> New TaichiEnv created.
2024-11-20 18:56:55,715 INFO ===> Specifications: horizon = 311, dt = 0.01, n_substeps = 20, dt_sub = 0.0005
2024-11-20 18:56:55,738 DEBUG loaded <trimesh.Trimesh(vertices.shape=(916, 3), faces.shape=(856, 3))> using `load_obj` in 0.0031s
2024-11-20 18:56:55,884 DEBUG loaded <trimesh.Trimesh(vertices.shape=(48, 3), faces.shape=(28, 3))> using `load_obj` in 0.0007s
2024-11-20 18:57:04,844 INFO =====> alpha: 0.01
2024-11-20 18:57:04,844 INFO =====> Loss info: {'particle_has_naninf': False, 'height_map_loss': 13.133234024047852, 'emd_loss': 22.67905616760254, 'total_loss': 22.67905616760254}
2024-11-20 18:57:05,419 INFO ===> New TaichiEnv created.
2024-11-20 18:57:05,419 INFO ===> Specifications: horizon = 311, dt = 0.01, n_substeps = 20, dt_sub = 0.0005
2024-11-20 18:57:05,443 DEBUG loaded <trimesh.Trimesh(vertices.shape=(916, 3), faces.shape=(856, 3))> using `load_obj` in 0.0031s
2024-11-20 18:57:05,589 DEBUG loaded <trimesh.Trimesh(vertices.shape=(48, 3), faces.shape=(28, 3))> using `load_obj` in 0.0007s
2024-11-20 18:57:14,546 INFO =====> alpha: 0.1
2024-11-20 18:57:14,546 INFO =====> Loss info: {'particle_has_naninf': False, 'height_map_loss': 13.131033897399902, 'emd_loss': 22.695592880249023, 'total_loss': 22.695592880249023}
2024-11-20 18:57:15,129 INFO ===> New TaichiEnv created.
2024-11-20 18:57:15,129 INFO ===> Specifications: horizon = 311, dt = 0.01, n_substeps = 20, dt_sub = 0.0005
2024-11-20 18:57:15,152 DEBUG loaded <trimesh.Trimesh(vertices.shape=(916, 3), faces.shape=(856, 3))> using `load_obj` in 0.0030s
2024-11-20 18:57:15,298 DEBUG loaded <trimesh.Trimesh(vertices.shape=(48, 3), faces.shape=(28, 3))> using `load_obj` in 0.0007s
2024-11-20 18:57:25,412 INFO =====> alpha: 0.5
2024-11-20 18:57:25,413 INFO =====> Loss info: {'particle_has_naninf': False, 'height_map_loss': 13.114916801452637, 'emd_loss': 22.531856536865234, 'total_loss': 22.531856536865234}
2024-11-20 18:57:25,993 INFO ===> New TaichiEnv created.
2024-11-20 18:57:25,993 INFO ===> Specifications: horizon = 311, dt = 0.01, n_substeps = 20, dt_sub = 0.0005
2024-11-20 18:57:26,016 DEBUG loaded <trimesh.Trimesh(vertices.shape=(916, 3), faces.shape=(856, 3))> using `load_obj` in 0.0029s
2024-11-20 18:57:26,163 DEBUG loaded <trimesh.Trimesh(vertices.shape=(48, 3), faces.shape=(28, 3))> using `load_obj` in 0.0007s
2024-11-20 18:57:35,207 INFO =====> alpha: 1.0
2024-11-20 18:57:35,207 INFO =====> Loss info: {'particle_has_naninf': False, 'height_map_loss': 13.111581802368164, 'emd_loss': 22.361549377441406, 'total_loss': 22.361549377441406}
2024-11-20 18:57:35,789 INFO ===> New TaichiEnv created.
2024-11-20 18:57:35,789 INFO ===> Specifications: horizon = 311, dt = 0.01, n_substeps = 20, dt_sub = 0.0005
2024-11-20 18:57:35,812 DEBUG loaded <trimesh.Trimesh(vertices.shape=(916, 3), faces.shape=(856, 3))> using `load_obj` in 0.0030s
2024-11-20 18:57:35,959 DEBUG loaded <trimesh.Trimesh(vertices.shape=(48, 3), faces.shape=(28, 3))> using `load_obj` in 0.0007s
2024-11-20 18:57:44,894 INFO =====> alpha: 1.01
2024-11-20 18:57:44,894 INFO =====> Loss info: {'particle_has_naninf': False, 'height_map_loss': 13.115285873413086, 'emd_loss': 22.355785369873047, 'total_loss': 22.355785369873047}
2024-11-20 18:57:45,474 INFO ===> New TaichiEnv created.
2024-11-20 18:57:45,474 INFO ===> Specifications: horizon = 311, dt = 0.01, n_substeps = 20, dt_sub = 0.0005
2024-11-20 18:57:45,497 DEBUG loaded <trimesh.Trimesh(vertices.shape=(916, 3), faces.shape=(856, 3))> using `load_obj` in 0.0029s
2024-11-20 18:57:45,645 DEBUG loaded <trimesh.Trimesh(vertices.shape=(48, 3), faces.shape=(28, 3))> using `load_obj` in 0.0007s
2024-11-20 18:57:55,735 INFO =====> alpha: 1.1
2024-11-20 18:57:55,735 INFO =====> Loss info: {'particle_has_naninf': False, 'height_map_loss': 13.110357284545898, 'emd_loss': 22.360525131225586, 'total_loss': 22.360525131225586}
2024-11-20 18:57:56,314 INFO ===> New TaichiEnv created.
2024-11-20 18:57:56,314 INFO ===> Specifications: horizon = 311, dt = 0.01, n_substeps = 20, dt_sub = 0.0005
2024-11-20 18:57:56,337 DEBUG loaded <trimesh.Trimesh(vertices.shape=(916, 3), faces.shape=(856, 3))> using `load_obj` in 0.0029s
2024-11-20 18:57:56,483 DEBUG loaded <trimesh.Trimesh(vertices.shape=(48, 3), faces.shape=(28, 3))> using `load_obj` in 0.0007s
2024-11-20 18:58:05,376 INFO =====> alpha: 1.5
2024-11-20 18:58:05,376 INFO =====> Loss info: {'particle_has_naninf': False, 'height_map_loss': 13.102182388305664, 'emd_loss': 22.350053787231445, 'total_loss': 22.350053787231445}
2024-11-20 18:58:05,376 INFO =====> Best alpha: 1.5, Best loss info: {'particle_has_naninf': False, 'height_map_loss': 13.102182388305664, 'emd_loss': 22.350053787231445, 'total_loss': 22.350053787231445}
2024-11-20 18:58:05,377 INFO =====> Param: E: [437242.34], nu: [0.38871953], rho: [1200.], sand_angle: [16.168262]
2024-11-20 18:58:05,377 INFO =====> Grad: [-7.5385105e-03 -1.9634939e+04  1.9506693e+01 -3.7230831e+01]
2024-11-20 18:58:05,377 INFO =====> Num. aborted data so far: 0
2024-11-20 18:58:05,957 INFO ===> New TaichiEnv created.
2024-11-20 18:58:05,957 INFO ===> Specifications: horizon = 311, dt = 0.01, n_substeps = 20, dt_sub = 0.0005
2024-11-20 18:58:05,981 DEBUG loaded <trimesh.Trimesh(vertices.shape=(916, 3), faces.shape=(856, 3))> using `load_obj` in 0.0031s
2024-11-20 18:58:06,129 DEBUG loaded <trimesh.Trimesh(vertices.shape=(48, 3), faces.shape=(28, 3))> using `load_obj` in 0.0007s
2024-11-20 18:58:33,048 INFO =====> Epoch: 29
2024-11-20 18:58:33,048 INFO =====> Loss info: {'particle_has_naninf': False, 'height_map_loss': 13.111276626586914, 'emd_loss': 22.35125732421875, 'total_loss': 22.35125732421875}
2024-11-20 18:58:33,049 INFO =====> Performing line search for epoch 29......
2024-11-20 18:58:33,677 INFO ===> New TaichiEnv created.
2024-11-20 18:58:33,677 INFO ===> Specifications: horizon = 311, dt = 0.01, n_substeps = 20, dt_sub = 0.0005
2024-11-20 18:58:33,702 DEBUG loaded <trimesh.Trimesh(vertices.shape=(916, 3), faces.shape=(856, 3))> using `load_obj` in 0.0031s
2024-11-20 18:58:33,852 DEBUG loaded <trimesh.Trimesh(vertices.shape=(48, 3), faces.shape=(28, 3))> using `load_obj` in 0.0007s
2024-11-20 18:58:44,069 INFO =====> alpha: 0.01
2024-11-20 18:58:44,069 INFO =====> Loss info: {'particle_has_naninf': False, 'height_map_loss': 13.112473487854004, 'emd_loss': 22.351581573486328, 'total_loss': 22.351581573486328}
2024-11-20 18:58:44,706 INFO ===> New TaichiEnv created.
2024-11-20 18:58:44,706 INFO ===> Specifications: horizon = 311, dt = 0.01, n_substeps = 20, dt_sub = 0.0005
2024-11-20 18:58:44,730 DEBUG loaded <trimesh.Trimesh(vertices.shape=(916, 3), faces.shape=(856, 3))> using `load_obj` in 0.0030s
2024-11-20 18:58:44,876 DEBUG loaded <trimesh.Trimesh(vertices.shape=(48, 3), faces.shape=(28, 3))> using `load_obj` in 0.0007s
2024-11-20 18:58:53,866 INFO =====> alpha: 0.1
2024-11-20 18:58:53,866 INFO =====> Loss info: {'particle_has_naninf': False, 'height_map_loss': 13.095995903015137, 'emd_loss': 22.338741302490234, 'total_loss': 22.338741302490234}
2024-11-20 18:58:54,452 INFO ===> New TaichiEnv created.
2024-11-20 18:58:54,452 INFO ===> Specifications: horizon = 311, dt = 0.01, n_substeps = 20, dt_sub = 0.0005
2024-11-20 18:58:54,475 DEBUG loaded <trimesh.Trimesh(vertices.shape=(916, 3), faces.shape=(856, 3))> using `load_obj` in 0.0031s
2024-11-20 18:58:54,624 DEBUG loaded <trimesh.Trimesh(vertices.shape=(48, 3), faces.shape=(28, 3))> using `load_obj` in 0.0007s
2024-11-20 18:59:03,591 INFO =====> alpha: 0.5
2024-11-20 18:59:03,591 INFO =====> Loss info: {'particle_has_naninf': False, 'height_map_loss': 13.0946044921875, 'emd_loss': 22.320566177368164, 'total_loss': 22.320566177368164}
2024-11-20 18:59:04,176 INFO ===> New TaichiEnv created.
2024-11-20 18:59:04,176 INFO ===> Specifications: horizon = 311, dt = 0.01, n_substeps = 20, dt_sub = 0.0005
2024-11-20 18:59:04,199 DEBUG loaded <trimesh.Trimesh(vertices.shape=(916, 3), faces.shape=(856, 3))> using `load_obj` in 0.0030s
2024-11-20 18:59:04,345 DEBUG loaded <trimesh.Trimesh(vertices.shape=(48, 3), faces.shape=(28, 3))> using `load_obj` in 0.0007s
2024-11-20 18:59:14,474 INFO =====> alpha: 1.0
2024-11-20 18:59:14,474 INFO =====> Loss info: {'particle_has_naninf': False, 'height_map_loss': 13.083372116088867, 'emd_loss': 22.218467712402344, 'total_loss': 22.218467712402344}
2024-11-20 18:59:15,078 INFO ===> New TaichiEnv created.
2024-11-20 18:59:15,078 INFO ===> Specifications: horizon = 311, dt = 0.01, n_substeps = 20, dt_sub = 0.0005
2024-11-20 18:59:15,102 DEBUG loaded <trimesh.Trimesh(vertices.shape=(916, 3), faces.shape=(856, 3))> using `load_obj` in 0.0029s
2024-11-20 18:59:15,247 DEBUG loaded <trimesh.Trimesh(vertices.shape=(48, 3), faces.shape=(28, 3))> using `load_obj` in 0.0007s
2024-11-20 18:59:24,181 INFO =====> alpha: 1.01
2024-11-20 18:59:24,181 INFO =====> Loss info: {'particle_has_naninf': False, 'height_map_loss': 13.088539123535156, 'emd_loss': 22.224817276000977, 'total_loss': 22.224817276000977}
2024-11-20 18:59:24,752 INFO ===> New TaichiEnv created.
2024-11-20 18:59:24,752 INFO ===> Specifications: horizon = 311, dt = 0.01, n_substeps = 20, dt_sub = 0.0005
2024-11-20 18:59:24,775 DEBUG loaded <trimesh.Trimesh(vertices.shape=(916, 3), faces.shape=(856, 3))> using `load_obj` in 0.0030s
2024-11-20 18:59:24,918 DEBUG loaded <trimesh.Trimesh(vertices.shape=(48, 3), faces.shape=(28, 3))> using `load_obj` in 0.0007s
2024-11-20 18:59:33,877 INFO =====> alpha: 1.1
2024-11-20 18:59:33,877 INFO =====> Loss info: {'particle_has_naninf': False, 'height_map_loss': 13.082674026489258, 'emd_loss': 22.13867950439453, 'total_loss': 22.13867950439453}
2024-11-20 18:59:34,456 INFO ===> New TaichiEnv created.
2024-11-20 18:59:34,457 INFO ===> Specifications: horizon = 311, dt = 0.01, n_substeps = 20, dt_sub = 0.0005
2024-11-20 18:59:34,480 DEBUG loaded <trimesh.Trimesh(vertices.shape=(916, 3), faces.shape=(856, 3))> using `load_obj` in 0.0030s
2024-11-20 18:59:34,625 DEBUG loaded <trimesh.Trimesh(vertices.shape=(48, 3), faces.shape=(28, 3))> using `load_obj` in 0.0007s
2024-11-20 18:59:44,759 INFO =====> alpha: 1.5
2024-11-20 18:59:44,759 INFO =====> Loss info: {'particle_has_naninf': False, 'height_map_loss': 13.087532997131348, 'emd_loss': 22.055978775024414, 'total_loss': 22.055978775024414}
2024-11-20 18:59:44,759 INFO =====> Best alpha: 1.1, Best loss info: {'particle_has_naninf': False, 'height_map_loss': 13.082674026489258, 'emd_loss': 22.13867950439453, 'total_loss': 22.13867950439453}
2024-11-20 18:59:44,760 INFO =====> Param: E: [458713.47], nu: [0.3971027], rho: [1200.], sand_angle: [16.188793]
2024-11-20 18:59:44,760 INFO =====> Grad: [-9.6853115e-03 -2.5530811e+04  2.1745850e+01 -1.3834683e+01]
2024-11-20 18:59:44,760 INFO =====> Num. aborted data so far: 0
2024-11-20 18:59:45,331 INFO ===> New TaichiEnv created.
2024-11-20 18:59:45,331 INFO ===> Specifications: horizon = 311, dt = 0.01, n_substeps = 20, dt_sub = 0.0005
2024-11-20 18:59:45,356 DEBUG loaded <trimesh.Trimesh(vertices.shape=(916, 3), faces.shape=(856, 3))> using `load_obj` in 0.0028s
2024-11-20 18:59:45,502 DEBUG loaded <trimesh.Trimesh(vertices.shape=(48, 3), faces.shape=(28, 3))> using `load_obj` in 0.0007s
2024-11-20 19:00:12,498 INFO =====> Epoch: 30
2024-11-20 19:00:12,498 INFO =====> Loss info: {'particle_has_naninf': False, 'height_map_loss': 13.079054832458496, 'emd_loss': 22.138643264770508, 'total_loss': 22.138643264770508}
2024-11-20 19:00:12,498 INFO =====> Performing line search for epoch 30......
2024-11-20 19:00:13,097 INFO ===> New TaichiEnv created.
2024-11-20 19:00:13,097 INFO ===> Specifications: horizon = 311, dt = 0.01, n_substeps = 20, dt_sub = 0.0005
2024-11-20 19:00:13,121 DEBUG loaded <trimesh.Trimesh(vertices.shape=(916, 3), faces.shape=(856, 3))> using `load_obj` in 0.0030s
2024-11-20 19:00:13,267 DEBUG loaded <trimesh.Trimesh(vertices.shape=(48, 3), faces.shape=(28, 3))> using `load_obj` in 0.0007s
2024-11-20 19:00:22,183 INFO =====> alpha: 0.01
2024-11-20 19:00:22,183 INFO =====> Loss info: {'particle_has_naninf': False, 'height_map_loss': 13.081371307373047, 'emd_loss': 22.063568115234375, 'total_loss': 22.063568115234375}
2024-11-20 19:00:22,753 INFO ===> New TaichiEnv created.
2024-11-20 19:00:22,753 INFO ===> Specifications: horizon = 311, dt = 0.01, n_substeps = 20, dt_sub = 0.0005
2024-11-20 19:00:22,776 DEBUG loaded <trimesh.Trimesh(vertices.shape=(916, 3), faces.shape=(856, 3))> using `load_obj` in 0.0029s
2024-11-20 19:00:22,921 DEBUG loaded <trimesh.Trimesh(vertices.shape=(48, 3), faces.shape=(28, 3))> using `load_obj` in 0.0007s
2024-11-20 19:00:33,042 INFO =====> alpha: 0.1
2024-11-20 19:00:33,042 INFO =====> Loss info: {'particle_has_naninf': False, 'height_map_loss': 13.08580207824707, 'emd_loss': 22.066553115844727, 'total_loss': 22.066553115844727}
2024-11-20 19:00:33,620 INFO ===> New TaichiEnv created.
2024-11-20 19:00:33,620 INFO ===> Specifications: horizon = 311, dt = 0.01, n_substeps = 20, dt_sub = 0.0005
2024-11-20 19:00:33,643 DEBUG loaded <trimesh.Trimesh(vertices.shape=(916, 3), faces.shape=(856, 3))> using `load_obj` in 0.0029s
2024-11-20 19:00:33,789 DEBUG loaded <trimesh.Trimesh(vertices.shape=(48, 3), faces.shape=(28, 3))> using `load_obj` in 0.0007s
2024-11-20 19:00:42,687 INFO =====> alpha: 0.5
2024-11-20 19:00:42,688 INFO =====> Loss info: {'particle_has_naninf': False, 'height_map_loss': 13.13071346282959, 'emd_loss': 21.9031982421875, 'total_loss': 21.9031982421875}
2024-11-20 19:00:43,257 INFO ===> New TaichiEnv created.
2024-11-20 19:00:43,257 INFO ===> Specifications: horizon = 311, dt = 0.01, n_substeps = 20, dt_sub = 0.0005
2024-11-20 19:00:43,281 DEBUG loaded <trimesh.Trimesh(vertices.shape=(916, 3), faces.shape=(856, 3))> using `load_obj` in 0.0031s
2024-11-20 19:00:43,425 DEBUG loaded <trimesh.Trimesh(vertices.shape=(48, 3), faces.shape=(28, 3))> using `load_obj` in 0.0007s
2024-11-20 19:00:52,436 INFO =====> alpha: 1.0
2024-11-20 19:00:52,436 INFO =====> Loss info: {'particle_has_naninf': False, 'height_map_loss': 13.180959701538086, 'emd_loss': 22.640708923339844, 'total_loss': 22.640708923339844}
2024-11-20 19:00:53,006 INFO ===> New TaichiEnv created.
2024-11-20 19:00:53,006 INFO ===> Specifications: horizon = 311, dt = 0.01, n_substeps = 20, dt_sub = 0.0005
2024-11-20 19:00:53,029 DEBUG loaded <trimesh.Trimesh(vertices.shape=(916, 3), faces.shape=(856, 3))> using `load_obj` in 0.0031s
2024-11-20 19:00:53,174 DEBUG loaded <trimesh.Trimesh(vertices.shape=(48, 3), faces.shape=(28, 3))> using `load_obj` in 0.0007s
2024-11-20 19:01:03,366 INFO =====> alpha: 1.01
2024-11-20 19:01:03,366 INFO =====> Loss info: {'particle_has_naninf': False, 'height_map_loss': 13.182191848754883, 'emd_loss': 22.637813568115234, 'total_loss': 22.637813568115234}
2024-11-20 19:01:03,942 INFO ===> New TaichiEnv created.
2024-11-20 19:01:03,942 INFO ===> Specifications: horizon = 311, dt = 0.01, n_substeps = 20, dt_sub = 0.0005
2024-11-20 19:01:03,965 DEBUG loaded <trimesh.Trimesh(vertices.shape=(916, 3), faces.shape=(856, 3))> using `load_obj` in 0.0029s
2024-11-20 19:01:04,110 DEBUG loaded <trimesh.Trimesh(vertices.shape=(48, 3), faces.shape=(28, 3))> using `load_obj` in 0.0007s
2024-11-20 19:01:13,001 INFO =====> alpha: 1.1
2024-11-20 19:01:13,001 INFO =====> Loss info: {'particle_has_naninf': False, 'height_map_loss': 13.193848609924316, 'emd_loss': 22.590431213378906, 'total_loss': 22.590431213378906}
2024-11-20 19:01:13,573 INFO ===> New TaichiEnv created.
2024-11-20 19:01:13,573 INFO ===> Specifications: horizon = 311, dt = 0.01, n_substeps = 20, dt_sub = 0.0005
2024-11-20 19:01:13,596 DEBUG loaded <trimesh.Trimesh(vertices.shape=(916, 3), faces.shape=(856, 3))> using `load_obj` in 0.0031s
2024-11-20 19:01:13,743 DEBUG loaded <trimesh.Trimesh(vertices.shape=(48, 3), faces.shape=(28, 3))> using `load_obj` in 0.0008s
2024-11-20 19:01:22,690 INFO =====> alpha: 1.5
2024-11-20 19:01:22,690 INFO =====> Loss info: {'particle_has_naninf': False, 'height_map_loss': 13.197626113891602, 'emd_loss': 22.062053680419922, 'total_loss': 22.062053680419922}
2024-11-20 19:01:22,690 INFO =====> Best alpha: 0.01, Best loss info: {'particle_has_naninf': False, 'height_map_loss': 13.081371307373047, 'emd_loss': 22.063568115234375, 'total_loss': 22.063568115234375}
2024-11-20 19:01:22,690 INFO =====> Param: E: [458759.5], nu: [0.39718288], rho: [1200.], sand_angle: [16.19708]
2024-11-20 19:01:22,690 INFO =====> Grad: [-2.1728091e-03 -2.6337547e+04  4.3502033e+01 -6.0395886e+02]
2024-11-20 19:01:22,690 INFO =====> Num. aborted data so far: 0
2024-11-20 19:01:23,294 INFO ===> New TaichiEnv created.
2024-11-20 19:01:23,294 INFO ===> Specifications: horizon = 311, dt = 0.01, n_substeps = 20, dt_sub = 0.0005
2024-11-20 19:01:23,318 DEBUG loaded <trimesh.Trimesh(vertices.shape=(916, 3), faces.shape=(856, 3))> using `load_obj` in 0.0030s
2024-11-20 19:01:23,464 DEBUG loaded <trimesh.Trimesh(vertices.shape=(48, 3), faces.shape=(28, 3))> using `load_obj` in 0.0007s
2024-11-20 19:01:51,672 INFO =====> Epoch: 31
2024-11-20 19:01:51,672 INFO =====> Loss info: {'particle_has_naninf': False, 'height_map_loss': 13.078780174255371, 'emd_loss': 22.223678588867188, 'total_loss': 22.223678588867188}
2024-11-20 19:01:51,673 INFO =====> Performing line search for epoch 31......
2024-11-20 19:01:52,275 INFO ===> New TaichiEnv created.
2024-11-20 19:01:52,275 INFO ===> Specifications: horizon = 311, dt = 0.01, n_substeps = 20, dt_sub = 0.0005
2024-11-20 19:01:52,298 DEBUG loaded <trimesh.Trimesh(vertices.shape=(916, 3), faces.shape=(856, 3))> using `load_obj` in 0.0030s
2024-11-20 19:01:52,444 DEBUG loaded <trimesh.Trimesh(vertices.shape=(48, 3), faces.shape=(28, 3))> using `load_obj` in 0.0007s
2024-11-20 19:02:01,395 INFO =====> alpha: 0.01
2024-11-20 19:02:01,395 INFO =====> Loss info: {'particle_has_naninf': False, 'height_map_loss': 13.083274841308594, 'emd_loss': 22.149383544921875, 'total_loss': 22.149383544921875}
2024-11-20 19:02:02,022 INFO ===> New TaichiEnv created.
2024-11-20 19:02:02,022 INFO ===> Specifications: horizon = 311, dt = 0.01, n_substeps = 20, dt_sub = 0.0005
2024-11-20 19:02:02,045 DEBUG loaded <trimesh.Trimesh(vertices.shape=(916, 3), faces.shape=(856, 3))> using `load_obj` in 0.0030s
2024-11-20 19:02:02,191 DEBUG loaded <trimesh.Trimesh(vertices.shape=(48, 3), faces.shape=(28, 3))> using `load_obj` in 0.0007s
2024-11-20 19:02:11,171 INFO =====> alpha: 0.1
2024-11-20 19:02:11,171 INFO =====> Loss info: {'particle_has_naninf': False, 'height_map_loss': 13.077485084533691, 'emd_loss': 22.217981338500977, 'total_loss': 22.217981338500977}
2024-11-20 19:02:11,745 INFO ===> New TaichiEnv created.
2024-11-20 19:02:11,745 INFO ===> Specifications: horizon = 311, dt = 0.01, n_substeps = 20, dt_sub = 0.0005
2024-11-20 19:02:11,768 DEBUG loaded <trimesh.Trimesh(vertices.shape=(916, 3), faces.shape=(856, 3))> using `load_obj` in 0.0030s
2024-11-20 19:02:11,915 DEBUG loaded <trimesh.Trimesh(vertices.shape=(48, 3), faces.shape=(28, 3))> using `load_obj` in 0.0007s
2024-11-20 19:02:22,055 INFO =====> alpha: 0.5
2024-11-20 19:02:22,055 INFO =====> Loss info: {'particle_has_naninf': False, 'height_map_loss': 13.052852630615234, 'emd_loss': 22.21541404724121, 'total_loss': 22.21541404724121}
2024-11-20 19:02:22,631 INFO ===> New TaichiEnv created.
2024-11-20 19:02:22,631 INFO ===> Specifications: horizon = 311, dt = 0.01, n_substeps = 20, dt_sub = 0.0005
2024-11-20 19:02:22,654 DEBUG loaded <trimesh.Trimesh(vertices.shape=(916, 3), faces.shape=(856, 3))> using `load_obj` in 0.0029s
2024-11-20 19:02:22,799 DEBUG loaded <trimesh.Trimesh(vertices.shape=(48, 3), faces.shape=(28, 3))> using `load_obj` in 0.0007s
2024-11-20 19:02:31,852 INFO =====> alpha: 1.0
2024-11-20 19:02:31,852 INFO =====> Loss info: {'particle_has_naninf': False, 'height_map_loss': 13.033093452453613, 'emd_loss': 22.40007209777832, 'total_loss': 22.40007209777832}
2024-11-20 19:02:32,427 INFO ===> New TaichiEnv created.
2024-11-20 19:02:32,427 INFO ===> Specifications: horizon = 311, dt = 0.01, n_substeps = 20, dt_sub = 0.0005
2024-11-20 19:02:32,451 DEBUG loaded <trimesh.Trimesh(vertices.shape=(916, 3), faces.shape=(856, 3))> using `load_obj` in 0.0030s
2024-11-20 19:02:32,596 DEBUG loaded <trimesh.Trimesh(vertices.shape=(48, 3), faces.shape=(28, 3))> using `load_obj` in 0.0007s
2024-11-20 19:02:41,632 INFO =====> alpha: 1.01
2024-11-20 19:02:41,632 INFO =====> Loss info: {'particle_has_naninf': False, 'height_map_loss': 13.033265113830566, 'emd_loss': 22.40896224975586, 'total_loss': 22.40896224975586}
2024-11-20 19:02:42,208 INFO ===> New TaichiEnv created.
2024-11-20 19:02:42,208 INFO ===> Specifications: horizon = 311, dt = 0.01, n_substeps = 20, dt_sub = 0.0005
2024-11-20 19:02:42,231 DEBUG loaded <trimesh.Trimesh(vertices.shape=(916, 3), faces.shape=(856, 3))> using `load_obj` in 0.0030s
2024-11-20 19:02:42,377 DEBUG loaded <trimesh.Trimesh(vertices.shape=(48, 3), faces.shape=(28, 3))> using `load_obj` in 0.0007s
2024-11-20 19:02:52,562 INFO =====> alpha: 1.1
2024-11-20 19:02:52,562 INFO =====> Loss info: {'particle_has_naninf': False, 'height_map_loss': 13.055700302124023, 'emd_loss': 22.248302459716797, 'total_loss': 22.248302459716797}
2024-11-20 19:02:53,160 INFO ===> New TaichiEnv created.
2024-11-20 19:02:53,160 INFO ===> Specifications: horizon = 311, dt = 0.01, n_substeps = 20, dt_sub = 0.0005
2024-11-20 19:02:53,183 DEBUG loaded <trimesh.Trimesh(vertices.shape=(916, 3), faces.shape=(856, 3))> using `load_obj` in 0.0028s
2024-11-20 19:02:53,327 DEBUG loaded <trimesh.Trimesh(vertices.shape=(48, 3), faces.shape=(28, 3))> using `load_obj` in 0.0007s
2024-11-20 19:03:02,240 INFO =====> alpha: 1.5
2024-11-20 19:03:02,240 INFO =====> Loss info: {'particle_has_naninf': False, 'height_map_loss': 13.07591438293457, 'emd_loss': 22.444610595703125, 'total_loss': 22.444610595703125}
2024-11-20 19:03:02,240 INFO =====> Best alpha: 1.0, Best loss info: {'particle_has_naninf': False, 'height_map_loss': 13.033093452453613, 'emd_loss': 22.40007209777832, 'total_loss': 22.40007209777832}
2024-11-20 19:03:02,240 INFO =====> Param: E: [462240.84], nu: [0.4], rho: [1200.], sand_angle: [15.394442]
2024-11-20 19:03:02,240 INFO =====> Grad: [-1.5611815e-03 -2.4543539e+04  6.8090744e+01  5.7365546e+02]
2024-11-20 19:03:02,240 INFO =====> Num. aborted data so far: 0
2024-11-20 19:03:02,819 INFO ===> New TaichiEnv created.
2024-11-20 19:03:02,819 INFO ===> Specifications: horizon = 311, dt = 0.01, n_substeps = 20, dt_sub = 0.0005
2024-11-20 19:03:02,843 DEBUG loaded <trimesh.Trimesh(vertices.shape=(916, 3), faces.shape=(856, 3))> using `load_obj` in 0.0029s
2024-11-20 19:03:02,988 DEBUG loaded <trimesh.Trimesh(vertices.shape=(48, 3), faces.shape=(28, 3))> using `load_obj` in 0.0007s
2024-11-20 19:03:29,975 INFO =====> Epoch: 32
2024-11-20 19:03:29,975 INFO =====> Loss info: {'particle_has_naninf': False, 'height_map_loss': 13.048446655273438, 'emd_loss': 22.389772415161133, 'total_loss': 22.389772415161133}
2024-11-20 19:03:29,975 INFO =====> Performing line search for epoch 32......
2024-11-20 19:03:30,569 INFO ===> New TaichiEnv created.
2024-11-20 19:03:30,569 INFO ===> Specifications: horizon = 311, dt = 0.01, n_substeps = 20, dt_sub = 0.0005
2024-11-20 19:03:30,593 DEBUG loaded <trimesh.Trimesh(vertices.shape=(916, 3), faces.shape=(856, 3))> using `load_obj` in 0.0030s
2024-11-20 19:03:30,744 DEBUG loaded <trimesh.Trimesh(vertices.shape=(48, 3), faces.shape=(28, 3))> using `load_obj` in 0.0007s
2024-11-20 19:03:40,949 INFO =====> alpha: 0.01
2024-11-20 19:03:40,949 INFO =====> Loss info: {'particle_has_naninf': False, 'height_map_loss': 13.034568786621094, 'emd_loss': 22.4102783203125, 'total_loss': 22.4102783203125}
2024-11-20 19:03:41,522 INFO ===> New TaichiEnv created.
2024-11-20 19:03:41,522 INFO ===> Specifications: horizon = 311, dt = 0.01, n_substeps = 20, dt_sub = 0.0005
2024-11-20 19:03:41,545 DEBUG loaded <trimesh.Trimesh(vertices.shape=(916, 3), faces.shape=(856, 3))> using `load_obj` in 0.0029s
2024-11-20 19:03:41,691 DEBUG loaded <trimesh.Trimesh(vertices.shape=(48, 3), faces.shape=(28, 3))> using `load_obj` in 0.0007s
2024-11-20 19:03:50,663 INFO =====> alpha: 0.1
2024-11-20 19:03:50,663 INFO =====> Loss info: {'particle_has_naninf': False, 'height_map_loss': 13.057345390319824, 'emd_loss': 22.264801025390625, 'total_loss': 22.264801025390625}
2024-11-20 19:03:51,235 INFO ===> New TaichiEnv created.
2024-11-20 19:03:51,235 INFO ===> Specifications: horizon = 311, dt = 0.01, n_substeps = 20, dt_sub = 0.0005
2024-11-20 19:03:51,258 DEBUG loaded <trimesh.Trimesh(vertices.shape=(916, 3), faces.shape=(856, 3))> using `load_obj` in 0.0030s
2024-11-20 19:03:51,404 DEBUG loaded <trimesh.Trimesh(vertices.shape=(48, 3), faces.shape=(28, 3))> using `load_obj` in 0.0007s
2024-11-20 19:04:00,400 INFO =====> alpha: 0.5
2024-11-20 19:04:00,400 INFO =====> Loss info: {'particle_has_naninf': False, 'height_map_loss': 13.085532188415527, 'emd_loss': 22.59783935546875, 'total_loss': 22.59783935546875}
2024-11-20 19:04:00,977 INFO ===> New TaichiEnv created.
2024-11-20 19:04:00,977 INFO ===> Specifications: horizon = 311, dt = 0.01, n_substeps = 20, dt_sub = 0.0005
2024-11-20 19:04:01,000 DEBUG loaded <trimesh.Trimesh(vertices.shape=(916, 3), faces.shape=(856, 3))> using `load_obj` in 0.0031s
2024-11-20 19:04:01,148 DEBUG loaded <trimesh.Trimesh(vertices.shape=(48, 3), faces.shape=(28, 3))> using `load_obj` in 0.0007s
2024-11-20 19:04:11,314 INFO =====> alpha: 1.0
2024-11-20 19:04:11,314 INFO =====> Loss info: {'particle_has_naninf': False, 'height_map_loss': 13.143355369567871, 'emd_loss': 22.818222045898438, 'total_loss': 22.818222045898438}
2024-11-20 19:04:11,894 INFO ===> New TaichiEnv created.
2024-11-20 19:04:11,894 INFO ===> Specifications: horizon = 311, dt = 0.01, n_substeps = 20, dt_sub = 0.0005
2024-11-20 19:04:11,917 DEBUG loaded <trimesh.Trimesh(vertices.shape=(916, 3), faces.shape=(856, 3))> using `load_obj` in 0.0029s
2024-11-20 19:04:12,062 DEBUG loaded <trimesh.Trimesh(vertices.shape=(48, 3), faces.shape=(28, 3))> using `load_obj` in 0.0007s
2024-11-20 19:04:21,113 INFO =====> alpha: 1.01
2024-11-20 19:04:21,114 INFO =====> Loss info: {'particle_has_naninf': False, 'height_map_loss': 13.147541046142578, 'emd_loss': 22.831506729125977, 'total_loss': 22.831506729125977}
2024-11-20 19:04:21,689 INFO ===> New TaichiEnv created.
2024-11-20 19:04:21,689 INFO ===> Specifications: horizon = 311, dt = 0.01, n_substeps = 20, dt_sub = 0.0005
2024-11-20 19:04:21,713 DEBUG loaded <trimesh.Trimesh(vertices.shape=(916, 3), faces.shape=(856, 3))> using `load_obj` in 0.0031s
2024-11-20 19:04:21,858 DEBUG loaded <trimesh.Trimesh(vertices.shape=(48, 3), faces.shape=(28, 3))> using `load_obj` in 0.0007s
2024-11-20 19:04:30,763 INFO =====> alpha: 1.1
2024-11-20 19:04:30,763 INFO =====> Loss info: {'particle_has_naninf': False, 'height_map_loss': 13.146045684814453, 'emd_loss': 22.842233657836914, 'total_loss': 22.842233657836914}
2024-11-20 19:04:31,378 INFO ===> New TaichiEnv created.
2024-11-20 19:04:31,378 INFO ===> Specifications: horizon = 311, dt = 0.01, n_substeps = 20, dt_sub = 0.0005
2024-11-20 19:04:31,402 DEBUG loaded <trimesh.Trimesh(vertices.shape=(916, 3), faces.shape=(856, 3))> using `load_obj` in 0.0030s
2024-11-20 19:04:31,550 DEBUG loaded <trimesh.Trimesh(vertices.shape=(48, 3), faces.shape=(28, 3))> using `load_obj` in 0.0007s
2024-11-20 19:04:40,492 INFO =====> alpha: 1.5
2024-11-20 19:04:40,492 INFO =====> Loss info: {'particle_has_naninf': False, 'height_map_loss': 13.199849128723145, 'emd_loss': 22.862756729125977, 'total_loss': 22.862756729125977}
2024-11-20 19:04:40,492 INFO =====> Best alpha: 0.01, Best loss info: {'particle_has_naninf': False, 'height_map_loss': 13.034568786621094, 'emd_loss': 22.4102783203125, 'total_loss': 22.4102783203125}
2024-11-20 19:04:40,492 INFO =====> Param: E: [462123.16], nu: [0.3999252], rho: [1200.], sand_angle: [15.385879]
2024-11-20 19:04:40,492 INFO =====> Grad: [5.0964328e-03 2.3455924e+04 5.7914112e+01 6.0315649e+02]
2024-11-20 19:04:40,492 INFO =====> Num. aborted data so far: 0
2024-11-20 19:04:41,072 INFO ===> New TaichiEnv created.
2024-11-20 19:04:41,072 INFO ===> Specifications: horizon = 311, dt = 0.01, n_substeps = 20, dt_sub = 0.0005
2024-11-20 19:04:41,095 DEBUG loaded <trimesh.Trimesh(vertices.shape=(916, 3), faces.shape=(856, 3))> using `load_obj` in 0.0029s
2024-11-20 19:04:41,240 DEBUG loaded <trimesh.Trimesh(vertices.shape=(48, 3), faces.shape=(28, 3))> using `load_obj` in 0.0007s
2024-11-20 19:05:09,442 INFO =====> Epoch: 33
2024-11-20 19:05:09,442 INFO =====> Loss info: {'particle_has_naninf': False, 'height_map_loss': 13.033430099487305, 'emd_loss': 22.391782760620117, 'total_loss': 22.391782760620117}
2024-11-20 19:05:09,442 INFO =====> Performing line search for epoch 33......
2024-11-20 19:05:10,045 INFO ===> New TaichiEnv created.
2024-11-20 19:05:10,045 INFO ===> Specifications: horizon = 311, dt = 0.01, n_substeps = 20, dt_sub = 0.0005
2024-11-20 19:05:10,068 DEBUG loaded <trimesh.Trimesh(vertices.shape=(916, 3), faces.shape=(856, 3))> using `load_obj` in 0.0030s
2024-11-20 19:05:10,216 DEBUG loaded <trimesh.Trimesh(vertices.shape=(48, 3), faces.shape=(28, 3))> using `load_obj` in 0.0007s
2024-11-20 19:05:19,216 INFO =====> alpha: 0.01
2024-11-20 19:05:19,216 INFO =====> Loss info: {'particle_has_naninf': False, 'height_map_loss': 13.031460762023926, 'emd_loss': 22.387451171875, 'total_loss': 22.387451171875}
2024-11-20 19:05:19,792 INFO ===> New TaichiEnv created.
2024-11-20 19:05:19,792 INFO ===> Specifications: horizon = 311, dt = 0.01, n_substeps = 20, dt_sub = 0.0005
2024-11-20 19:05:19,816 DEBUG loaded <trimesh.Trimesh(vertices.shape=(916, 3), faces.shape=(856, 3))> using `load_obj` in 0.0031s
2024-11-20 19:05:19,964 DEBUG loaded <trimesh.Trimesh(vertices.shape=(48, 3), faces.shape=(28, 3))> using `load_obj` in 0.0007s
2024-11-20 19:05:30,143 INFO =====> alpha: 0.1
2024-11-20 19:05:30,143 INFO =====> Loss info: {'particle_has_naninf': False, 'height_map_loss': 13.041081428527832, 'emd_loss': 22.38435173034668, 'total_loss': 22.38435173034668}
2024-11-20 19:05:30,716 INFO ===> New TaichiEnv created.
2024-11-20 19:05:30,716 INFO ===> Specifications: horizon = 311, dt = 0.01, n_substeps = 20, dt_sub = 0.0005
2024-11-20 19:05:30,743 DEBUG loaded <trimesh.Trimesh(vertices.shape=(916, 3), faces.shape=(856, 3))> using `load_obj` in 0.0029s
2024-11-20 19:05:30,887 DEBUG loaded <trimesh.Trimesh(vertices.shape=(48, 3), faces.shape=(28, 3))> using `load_obj` in 0.0007s
2024-11-20 19:05:39,834 INFO =====> alpha: 0.5
2024-11-20 19:05:39,834 INFO =====> Loss info: {'particle_has_naninf': False, 'height_map_loss': 13.086999893188477, 'emd_loss': 22.0733642578125, 'total_loss': 22.0733642578125}
2024-11-20 19:05:40,433 INFO ===> New TaichiEnv created.
2024-11-20 19:05:40,433 INFO ===> Specifications: horizon = 311, dt = 0.01, n_substeps = 20, dt_sub = 0.0005
2024-11-20 19:05:40,456 DEBUG loaded <trimesh.Trimesh(vertices.shape=(916, 3), faces.shape=(856, 3))> using `load_obj` in 0.0031s
2024-11-20 19:05:40,600 DEBUG loaded <trimesh.Trimesh(vertices.shape=(48, 3), faces.shape=(28, 3))> using `load_obj` in 0.0007s
2024-11-20 19:05:49,646 INFO =====> alpha: 1.0
2024-11-20 19:05:49,646 INFO =====> Loss info: {'particle_has_naninf': False, 'height_map_loss': 13.195313453674316, 'emd_loss': 22.6082763671875, 'total_loss': 22.6082763671875}
2024-11-20 19:05:50,223 INFO ===> New TaichiEnv created.
2024-11-20 19:05:50,223 INFO ===> Specifications: horizon = 311, dt = 0.01, n_substeps = 20, dt_sub = 0.0005
2024-11-20 19:05:50,247 DEBUG loaded <trimesh.Trimesh(vertices.shape=(916, 3), faces.shape=(856, 3))> using `load_obj` in 0.0031s
2024-11-20 19:05:50,394 DEBUG loaded <trimesh.Trimesh(vertices.shape=(48, 3), faces.shape=(28, 3))> using `load_obj` in 0.0007s
2024-11-20 19:05:59,285 INFO =====> alpha: 1.01
2024-11-20 19:05:59,285 INFO =====> Loss info: {'particle_has_naninf': False, 'height_map_loss': 13.193830490112305, 'emd_loss': 22.609533309936523, 'total_loss': 22.609533309936523}
2024-11-20 19:05:59,891 INFO ===> New TaichiEnv created.
2024-11-20 19:05:59,891 INFO ===> Specifications: horizon = 311, dt = 0.01, n_substeps = 20, dt_sub = 0.0005
2024-11-20 19:05:59,914 DEBUG loaded <trimesh.Trimesh(vertices.shape=(916, 3), faces.shape=(856, 3))> using `load_obj` in 0.0029s
2024-11-20 19:06:00,060 DEBUG loaded <trimesh.Trimesh(vertices.shape=(48, 3), faces.shape=(28, 3))> using `load_obj` in 0.0007s
2024-11-20 19:06:10,175 INFO =====> alpha: 1.1
2024-11-20 19:06:10,175 INFO =====> Loss info: {'particle_has_naninf': False, 'height_map_loss': 13.21915054321289, 'emd_loss': 22.427963256835938, 'total_loss': 22.427963256835938}
2024-11-20 19:06:10,754 INFO ===> New TaichiEnv created.
2024-11-20 19:06:10,754 INFO ===> Specifications: horizon = 311, dt = 0.01, n_substeps = 20, dt_sub = 0.0005
2024-11-20 19:06:10,777 DEBUG loaded <trimesh.Trimesh(vertices.shape=(916, 3), faces.shape=(856, 3))> using `load_obj` in 0.0030s
2024-11-20 19:06:10,922 DEBUG loaded <trimesh.Trimesh(vertices.shape=(48, 3), faces.shape=(28, 3))> using `load_obj` in 0.0007s
2024-11-20 19:06:19,861 INFO =====> alpha: 1.5
2024-11-20 19:06:19,861 INFO =====> Loss info: {'particle_has_naninf': False, 'height_map_loss': 13.304054260253906, 'emd_loss': 21.942014694213867, 'total_loss': 21.942014694213867}
2024-11-20 19:06:19,861 INFO =====> Best alpha: 0.01, Best loss info: {'particle_has_naninf': False, 'height_map_loss': 13.031460762023926, 'emd_loss': 22.387451171875, 'total_loss': 22.387451171875}
2024-11-20 19:06:19,861 INFO =====> Param: E: [462067.06], nu: [0.39989725], rho: [1200.], sand_angle: [15.4025545]
2024-11-20 19:06:19,862 INFO =====> Grad: [ 2.3137853e-03  8.3461992e+03  3.3314709e+01 -1.3114713e+03]
2024-11-20 19:06:19,862 INFO =====> Num. aborted data so far: 0
2024-11-20 19:06:20,437 INFO ===> New TaichiEnv created.
2024-11-20 19:06:20,438 INFO ===> Specifications: horizon = 311, dt = 0.01, n_substeps = 20, dt_sub = 0.0005
2024-11-20 19:06:20,462 DEBUG loaded <trimesh.Trimesh(vertices.shape=(916, 3), faces.shape=(856, 3))> using `load_obj` in 0.0030s
2024-11-20 19:06:20,608 DEBUG loaded <trimesh.Trimesh(vertices.shape=(48, 3), faces.shape=(28, 3))> using `load_obj` in 0.0007s
2024-11-20 19:06:48,900 INFO =====> Epoch: 34
2024-11-20 19:06:48,900 INFO =====> Loss info: {'particle_has_naninf': False, 'height_map_loss': 13.046063423156738, 'emd_loss': 22.391834259033203, 'total_loss': 22.391834259033203}
2024-11-20 19:06:48,900 INFO =====> Performing line search for epoch 34......
2024-11-20 19:06:49,546 INFO ===> New TaichiEnv created.
2024-11-20 19:06:49,546 INFO ===> Specifications: horizon = 311, dt = 0.01, n_substeps = 20, dt_sub = 0.0005
2024-11-20 19:06:49,570 DEBUG loaded <trimesh.Trimesh(vertices.shape=(916, 3), faces.shape=(856, 3))> using `load_obj` in 0.0030s
2024-11-20 19:06:49,716 DEBUG loaded <trimesh.Trimesh(vertices.shape=(48, 3), faces.shape=(28, 3))> using `load_obj` in 0.0007s
2024-11-20 19:06:58,718 INFO =====> alpha: 0.01
2024-11-20 19:06:58,718 INFO =====> Loss info: {'particle_has_naninf': False, 'height_map_loss': 13.045045852661133, 'emd_loss': 22.375125885009766, 'total_loss': 22.375125885009766}
2024-11-20 19:06:59,293 INFO ===> New TaichiEnv created.
2024-11-20 19:06:59,293 INFO ===> Specifications: horizon = 311, dt = 0.01, n_substeps = 20, dt_sub = 0.0005
2024-11-20 19:06:59,317 DEBUG loaded <trimesh.Trimesh(vertices.shape=(916, 3), faces.shape=(856, 3))> using `load_obj` in 0.0030s
2024-11-20 19:06:59,462 DEBUG loaded <trimesh.Trimesh(vertices.shape=(48, 3), faces.shape=(28, 3))> using `load_obj` in 0.0007s
2024-11-20 19:07:08,371 INFO =====> alpha: 0.1
2024-11-20 19:07:08,371 INFO =====> Loss info: {'particle_has_naninf': False, 'height_map_loss': 13.041544914245605, 'emd_loss': 22.37919044494629, 'total_loss': 22.37919044494629}
2024-11-20 19:07:08,940 INFO ===> New TaichiEnv created.
2024-11-20 19:07:08,940 INFO ===> Specifications: horizon = 311, dt = 0.01, n_substeps = 20, dt_sub = 0.0005
2024-11-20 19:07:08,963 DEBUG loaded <trimesh.Trimesh(vertices.shape=(916, 3), faces.shape=(856, 3))> using `load_obj` in 0.0030s
2024-11-20 19:07:09,109 DEBUG loaded <trimesh.Trimesh(vertices.shape=(48, 3), faces.shape=(28, 3))> using `load_obj` in 0.0007s
2024-11-20 19:07:18,202 INFO =====> alpha: 0.5
2024-11-20 19:07:18,202 INFO =====> Loss info: {'particle_has_naninf': False, 'height_map_loss': 13.028299331665039, 'emd_loss': 22.38602638244629, 'total_loss': 22.38602638244629}
2024-11-20 19:07:18,775 INFO ===> New TaichiEnv created.
2024-11-20 19:07:18,775 INFO ===> Specifications: horizon = 311, dt = 0.01, n_substeps = 20, dt_sub = 0.0005
2024-11-20 19:07:18,798 DEBUG loaded <trimesh.Trimesh(vertices.shape=(916, 3), faces.shape=(856, 3))> using `load_obj` in 0.0029s
2024-11-20 19:07:18,944 DEBUG loaded <trimesh.Trimesh(vertices.shape=(48, 3), faces.shape=(28, 3))> using `load_obj` in 0.0007s
2024-11-20 19:07:29,168 INFO =====> alpha: 1.0
2024-11-20 19:07:29,169 INFO =====> Loss info: {'particle_has_naninf': False, 'height_map_loss': 13.027932167053223, 'emd_loss': 22.30011749267578, 'total_loss': 22.30011749267578}
2024-11-20 19:07:29,739 INFO ===> New TaichiEnv created.
2024-11-20 19:07:29,739 INFO ===> Specifications: horizon = 311, dt = 0.01, n_substeps = 20, dt_sub = 0.0005
2024-11-20 19:07:29,763 DEBUG loaded <trimesh.Trimesh(vertices.shape=(916, 3), faces.shape=(856, 3))> using `load_obj` in 0.0029s
2024-11-20 19:07:29,908 DEBUG loaded <trimesh.Trimesh(vertices.shape=(48, 3), faces.shape=(28, 3))> using `load_obj` in 0.0007s
2024-11-20 19:07:38,847 INFO =====> alpha: 1.01
2024-11-20 19:07:38,847 INFO =====> Loss info: {'particle_has_naninf': False, 'height_map_loss': 13.027498245239258, 'emd_loss': 22.241365432739258, 'total_loss': 22.241365432739258}
2024-11-20 19:07:39,417 INFO ===> New TaichiEnv created.
2024-11-20 19:07:39,417 INFO ===> Specifications: horizon = 311, dt = 0.01, n_substeps = 20, dt_sub = 0.0005
2024-11-20 19:07:39,441 DEBUG loaded <trimesh.Trimesh(vertices.shape=(916, 3), faces.shape=(856, 3))> using `load_obj` in 0.0030s
2024-11-20 19:07:39,587 DEBUG loaded <trimesh.Trimesh(vertices.shape=(48, 3), faces.shape=(28, 3))> using `load_obj` in 0.0007s
2024-11-20 19:07:48,600 INFO =====> alpha: 1.1
2024-11-20 19:07:48,600 INFO =====> Loss info: {'particle_has_naninf': False, 'height_map_loss': 13.038204193115234, 'emd_loss': 22.095197677612305, 'total_loss': 22.095197677612305}
2024-11-20 19:07:49,174 INFO ===> New TaichiEnv created.
2024-11-20 19:07:49,174 INFO ===> Specifications: horizon = 311, dt = 0.01, n_substeps = 20, dt_sub = 0.0005
2024-11-20 19:07:49,197 DEBUG loaded <trimesh.Trimesh(vertices.shape=(916, 3), faces.shape=(856, 3))> using `load_obj` in 0.0030s
2024-11-20 19:07:49,343 DEBUG loaded <trimesh.Trimesh(vertices.shape=(48, 3), faces.shape=(28, 3))> using `load_obj` in 0.0007s
2024-11-20 19:07:59,526 INFO =====> alpha: 1.5
2024-11-20 19:07:59,526 INFO =====> Loss info: {'particle_has_naninf': False, 'height_map_loss': 13.059243202209473, 'emd_loss': 22.260957717895508, 'total_loss': 22.260957717895508}
2024-11-20 19:07:59,527 INFO =====> Best alpha: 1.01, Best loss info: {'particle_has_naninf': False, 'height_map_loss': 13.027498245239258, 'emd_loss': 22.241365432739258, 'total_loss': 22.241365432739258}
2024-11-20 19:07:59,527 INFO =====> Param: E: [486033.84], nu: [0.4], rho: [1289.8396], sand_angle: [15.617729]
2024-11-20 19:07:59,527 INFO =====> Grad: [-1.0015532e-02 -3.2124736e+04 -9.4530815e+01 -1.5931177e+02]
2024-11-20 19:07:59,527 INFO =====> Num. aborted data so far: 0
2024-11-20 19:08:00,099 INFO ===> New TaichiEnv created.
2024-11-20 19:08:00,099 INFO ===> Specifications: horizon = 311, dt = 0.01, n_substeps = 20, dt_sub = 0.0005
2024-11-20 19:08:00,122 DEBUG loaded <trimesh.Trimesh(vertices.shape=(916, 3), faces.shape=(856, 3))> using `load_obj` in 0.0029s
2024-11-20 19:08:00,268 DEBUG loaded <trimesh.Trimesh(vertices.shape=(48, 3), faces.shape=(28, 3))> using `load_obj` in 0.0007s
2024-11-20 19:08:27,232 INFO =====> Epoch: 35
2024-11-20 19:08:27,232 INFO =====> Loss info: {'particle_has_naninf': False, 'height_map_loss': 13.03175163269043, 'emd_loss': 22.308387756347656, 'total_loss': 22.308387756347656}
2024-11-20 19:08:27,232 INFO =====> Performing line search for epoch 35......
2024-11-20 19:08:27,839 INFO ===> New TaichiEnv created.
2024-11-20 19:08:27,839 INFO ===> Specifications: horizon = 311, dt = 0.01, n_substeps = 20, dt_sub = 0.0005
2024-11-20 19:08:27,863 DEBUG loaded <trimesh.Trimesh(vertices.shape=(916, 3), faces.shape=(856, 3))> using `load_obj` in 0.0032s
2024-11-20 19:08:28,010 DEBUG loaded <trimesh.Trimesh(vertices.shape=(48, 3), faces.shape=(28, 3))> using `load_obj` in 0.0007s
2024-11-20 19:08:36,978 INFO =====> alpha: 0.01
2024-11-20 19:08:36,978 INFO =====> Loss info: {'particle_has_naninf': False, 'height_map_loss': 13.040374755859375, 'emd_loss': 22.091697692871094, 'total_loss': 22.091697692871094}
2024-11-20 19:08:37,563 INFO ===> New TaichiEnv created.
2024-11-20 19:08:37,563 INFO ===> Specifications: horizon = 311, dt = 0.01, n_substeps = 20, dt_sub = 0.0005
2024-11-20 19:08:37,587 DEBUG loaded <trimesh.Trimesh(vertices.shape=(916, 3), faces.shape=(856, 3))> using `load_obj` in 0.0029s
2024-11-20 19:08:37,735 DEBUG loaded <trimesh.Trimesh(vertices.shape=(48, 3), faces.shape=(28, 3))> using `load_obj` in 0.0007s
2024-11-20 19:08:47,986 INFO =====> alpha: 0.1
2024-11-20 19:08:47,986 INFO =====> Loss info: {'particle_has_naninf': False, 'height_map_loss': 13.042673110961914, 'emd_loss': 22.233097076416016, 'total_loss': 22.233097076416016}
2024-11-20 19:08:48,564 INFO ===> New TaichiEnv created.
2024-11-20 19:08:48,564 INFO ===> Specifications: horizon = 311, dt = 0.01, n_substeps = 20, dt_sub = 0.0005
2024-11-20 19:08:48,588 DEBUG loaded <trimesh.Trimesh(vertices.shape=(916, 3), faces.shape=(856, 3))> using `load_obj` in 0.0030s
2024-11-20 19:08:48,733 DEBUG loaded <trimesh.Trimesh(vertices.shape=(48, 3), faces.shape=(28, 3))> using `load_obj` in 0.0007s
2024-11-20 19:08:57,705 INFO =====> alpha: 0.5
2024-11-20 19:08:57,705 INFO =====> Loss info: {'particle_has_naninf': False, 'height_map_loss': 13.028328895568848, 'emd_loss': 22.383739471435547, 'total_loss': 22.383739471435547}
2024-11-20 19:08:58,284 INFO ===> New TaichiEnv created.
2024-11-20 19:08:58,284 INFO ===> Specifications: horizon = 311, dt = 0.01, n_substeps = 20, dt_sub = 0.0005
2024-11-20 19:08:58,308 DEBUG loaded <trimesh.Trimesh(vertices.shape=(916, 3), faces.shape=(856, 3))> using `load_obj` in 0.0031s
2024-11-20 19:08:58,455 DEBUG loaded <trimesh.Trimesh(vertices.shape=(48, 3), faces.shape=(28, 3))> using `load_obj` in 0.0007s
2024-11-20 19:09:07,444 INFO =====> alpha: 1.0
2024-11-20 19:09:07,444 INFO =====> Loss info: {'particle_has_naninf': False, 'height_map_loss': 13.02499008178711, 'emd_loss': 22.37859344482422, 'total_loss': 22.37859344482422}
2024-11-20 19:09:08,024 INFO ===> New TaichiEnv created.
2024-11-20 19:09:08,024 INFO ===> Specifications: horizon = 311, dt = 0.01, n_substeps = 20, dt_sub = 0.0005
2024-11-20 19:09:08,047 DEBUG loaded <trimesh.Trimesh(vertices.shape=(916, 3), faces.shape=(856, 3))> using `load_obj` in 0.0030s
2024-11-20 19:09:08,195 DEBUG loaded <trimesh.Trimesh(vertices.shape=(48, 3), faces.shape=(28, 3))> using `load_obj` in 0.0007s
2024-11-20 19:09:18,351 INFO =====> alpha: 1.01
2024-11-20 19:09:18,351 INFO =====> Loss info: {'particle_has_naninf': False, 'height_map_loss': 13.036957740783691, 'emd_loss': 22.383922576904297, 'total_loss': 22.383922576904297}
2024-11-20 19:09:18,929 INFO ===> New TaichiEnv created.
2024-11-20 19:09:18,929 INFO ===> Specifications: horizon = 311, dt = 0.01, n_substeps = 20, dt_sub = 0.0005
2024-11-20 19:09:18,952 DEBUG loaded <trimesh.Trimesh(vertices.shape=(916, 3), faces.shape=(856, 3))> using `load_obj` in 0.0029s
2024-11-20 19:09:19,099 DEBUG loaded <trimesh.Trimesh(vertices.shape=(48, 3), faces.shape=(28, 3))> using `load_obj` in 0.0007s
2024-11-20 19:09:28,175 INFO =====> alpha: 1.1
2024-11-20 19:09:28,175 INFO =====> Loss info: {'particle_has_naninf': False, 'height_map_loss': 13.028703689575195, 'emd_loss': 22.403404235839844, 'total_loss': 22.403404235839844}
2024-11-20 19:09:28,754 INFO ===> New TaichiEnv created.
2024-11-20 19:09:28,754 INFO ===> Specifications: horizon = 311, dt = 0.01, n_substeps = 20, dt_sub = 0.0005
2024-11-20 19:09:28,780 DEBUG loaded <trimesh.Trimesh(vertices.shape=(916, 3), faces.shape=(856, 3))> using `load_obj` in 0.0031s
2024-11-20 19:09:28,929 DEBUG loaded <trimesh.Trimesh(vertices.shape=(48, 3), faces.shape=(28, 3))> using `load_obj` in 0.0007s
2024-11-20 19:09:37,914 INFO =====> alpha: 1.5
2024-11-20 19:09:37,914 INFO =====> Loss info: {'particle_has_naninf': False, 'height_map_loss': 13.028878211975098, 'emd_loss': 22.389192581176758, 'total_loss': 22.389192581176758}
2024-11-20 19:09:37,914 INFO =====> Best alpha: 1.0, Best loss info: {'particle_has_naninf': False, 'height_map_loss': 13.02499008178711, 'emd_loss': 22.37859344482422, 'total_loss': 22.37859344482422}
2024-11-20 19:09:37,915 INFO =====> Param: E: [505639.66], nu: [0.4], rho: [1295.3317], sand_angle: [15.521042]
2024-11-20 19:09:37,915 INFO =====> Grad: [-8.2571674e-03 -4.5514465e+04 -5.5404334e+00  6.8622902e+01]
2024-11-20 19:09:37,915 INFO =====> Num. aborted data so far: 0
2024-11-20 19:09:38,494 INFO ===> New TaichiEnv created.
2024-11-20 19:09:38,494 INFO ===> Specifications: horizon = 311, dt = 0.01, n_substeps = 20, dt_sub = 0.0005
2024-11-20 19:09:38,518 DEBUG loaded <trimesh.Trimesh(vertices.shape=(916, 3), faces.shape=(856, 3))> using `load_obj` in 0.0029s
2024-11-20 19:09:38,663 DEBUG loaded <trimesh.Trimesh(vertices.shape=(48, 3), faces.shape=(28, 3))> using `load_obj` in 0.0007s
2024-11-20 19:10:06,793 INFO =====> Epoch: 36
2024-11-20 19:10:06,793 INFO =====> Loss info: {'particle_has_naninf': False, 'height_map_loss': 13.035707473754883, 'emd_loss': 22.391420364379883, 'total_loss': 22.391420364379883}
2024-11-20 19:10:06,793 INFO =====> Performing line search for epoch 36......
2024-11-20 19:10:07,396 INFO ===> New TaichiEnv created.
2024-11-20 19:10:07,396 INFO ===> Specifications: horizon = 311, dt = 0.01, n_substeps = 20, dt_sub = 0.0005
2024-11-20 19:10:07,420 DEBUG loaded <trimesh.Trimesh(vertices.shape=(916, 3), faces.shape=(856, 3))> using `load_obj` in 0.0031s
2024-11-20 19:10:07,566 DEBUG loaded <trimesh.Trimesh(vertices.shape=(48, 3), faces.shape=(28, 3))> using `load_obj` in 0.0007s
2024-11-20 19:10:16,533 INFO =====> alpha: 0.01
2024-11-20 19:10:16,533 INFO =====> Loss info: {'particle_has_naninf': False, 'height_map_loss': 13.026495933532715, 'emd_loss': 22.395938873291016, 'total_loss': 22.395938873291016}
2024-11-20 19:10:17,113 INFO ===> New TaichiEnv created.
2024-11-20 19:10:17,114 INFO ===> Specifications: horizon = 311, dt = 0.01, n_substeps = 20, dt_sub = 0.0005
2024-11-20 19:10:17,137 DEBUG loaded <trimesh.Trimesh(vertices.shape=(916, 3), faces.shape=(856, 3))> using `load_obj` in 0.0030s
2024-11-20 19:10:17,283 DEBUG loaded <trimesh.Trimesh(vertices.shape=(48, 3), faces.shape=(28, 3))> using `load_obj` in 0.0007s
2024-11-20 19:10:26,256 INFO =====> alpha: 0.1
2024-11-20 19:10:26,256 INFO =====> Loss info: {'particle_has_naninf': False, 'height_map_loss': 13.030227661132812, 'emd_loss': 22.378068923950195, 'total_loss': 22.378068923950195}
2024-11-20 19:10:26,841 INFO ===> New TaichiEnv created.
2024-11-20 19:10:26,841 INFO ===> Specifications: horizon = 311, dt = 0.01, n_substeps = 20, dt_sub = 0.0005
2024-11-20 19:10:26,865 DEBUG loaded <trimesh.Trimesh(vertices.shape=(916, 3), faces.shape=(856, 3))> using `load_obj` in 0.0030s
2024-11-20 19:10:27,011 DEBUG loaded <trimesh.Trimesh(vertices.shape=(48, 3), faces.shape=(28, 3))> using `load_obj` in 0.0007s
2024-11-20 19:10:37,157 INFO =====> alpha: 0.5
2024-11-20 19:10:37,157 INFO =====> Loss info: {'particle_has_naninf': False, 'height_map_loss': 13.034181594848633, 'emd_loss': 22.347919464111328, 'total_loss': 22.347919464111328}
2024-11-20 19:10:37,819 INFO ===> New TaichiEnv created.
2024-11-20 19:10:37,819 INFO ===> Specifications: horizon = 311, dt = 0.01, n_substeps = 20, dt_sub = 0.0005
2024-11-20 19:10:37,843 DEBUG loaded <trimesh.Trimesh(vertices.shape=(916, 3), faces.shape=(856, 3))> using `load_obj` in 0.0030s
2024-11-20 19:10:37,989 DEBUG loaded <trimesh.Trimesh(vertices.shape=(48, 3), faces.shape=(28, 3))> using `load_obj` in 0.0007s
2024-11-20 19:10:46,925 INFO =====> alpha: 1.0
2024-11-20 19:10:46,926 INFO =====> Loss info: {'particle_has_naninf': False, 'height_map_loss': 13.034611701965332, 'emd_loss': 22.20552635192871, 'total_loss': 22.20552635192871}
2024-11-20 19:10:47,495 INFO ===> New TaichiEnv created.
2024-11-20 19:10:47,495 INFO ===> Specifications: horizon = 311, dt = 0.01, n_substeps = 20, dt_sub = 0.0005
2024-11-20 19:10:47,518 DEBUG loaded <trimesh.Trimesh(vertices.shape=(916, 3), faces.shape=(856, 3))> using `load_obj` in 0.0030s
2024-11-20 19:10:47,665 DEBUG loaded <trimesh.Trimesh(vertices.shape=(48, 3), faces.shape=(28, 3))> using `load_obj` in 0.0007s
2024-11-20 19:10:56,663 INFO =====> alpha: 1.01
2024-11-20 19:10:56,663 INFO =====> Loss info: {'particle_has_naninf': False, 'height_map_loss': 13.035682678222656, 'emd_loss': 22.352581024169922, 'total_loss': 22.352581024169922}
2024-11-20 19:10:57,233 INFO ===> New TaichiEnv created.
2024-11-20 19:10:57,233 INFO ===> Specifications: horizon = 311, dt = 0.01, n_substeps = 20, dt_sub = 0.0005
2024-11-20 19:10:57,256 DEBUG loaded <trimesh.Trimesh(vertices.shape=(916, 3), faces.shape=(856, 3))> using `load_obj` in 0.0030s
2024-11-20 19:10:57,402 DEBUG loaded <trimesh.Trimesh(vertices.shape=(48, 3), faces.shape=(28, 3))> using `load_obj` in 0.0007s
2024-11-20 19:11:07,585 INFO =====> alpha: 1.1
2024-11-20 19:11:07,585 INFO =====> Loss info: {'particle_has_naninf': False, 'height_map_loss': 13.027206420898438, 'emd_loss': 22.34681510925293, 'total_loss': 22.34681510925293}
2024-11-20 19:11:08,163 INFO ===> New TaichiEnv created.
2024-11-20 19:11:08,163 INFO ===> Specifications: horizon = 311, dt = 0.01, n_substeps = 20, dt_sub = 0.0005
2024-11-20 19:11:08,186 DEBUG loaded <trimesh.Trimesh(vertices.shape=(916, 3), faces.shape=(856, 3))> using `load_obj` in 0.0028s
2024-11-20 19:11:08,332 DEBUG loaded <trimesh.Trimesh(vertices.shape=(48, 3), faces.shape=(28, 3))> using `load_obj` in 0.0007s
2024-11-20 19:11:17,361 INFO =====> alpha: 1.5
2024-11-20 19:11:17,361 INFO =====> Loss info: {'particle_has_naninf': False, 'height_map_loss': 13.032491683959961, 'emd_loss': 22.330644607543945, 'total_loss': 22.330644607543945}
2024-11-20 19:11:17,362 INFO =====> Best alpha: 0.01, Best loss info: {'particle_has_naninf': False, 'height_map_loss': 13.026495933532715, 'emd_loss': 22.395938873291016, 'total_loss': 22.395938873291016}
2024-11-20 19:11:17,362 INFO =====> Param: E: [505727.72], nu: [0.4], rho: [1295.6749], sand_angle: [15.521528]
2024-11-20 19:11:17,362 INFO =====> Grad: [-3.5530182e-03 -3.4008859e+04 -3.3657291e+01 -3.2728340e+01]
2024-11-20 19:11:17,362 INFO =====> Num. aborted data so far: 0
2024-11-20 19:11:17,993 INFO ===> New TaichiEnv created.
2024-11-20 19:11:17,993 INFO ===> Specifications: horizon = 311, dt = 0.01, n_substeps = 20, dt_sub = 0.0005
2024-11-20 19:11:18,017 DEBUG loaded <trimesh.Trimesh(vertices.shape=(916, 3), faces.shape=(856, 3))> using `load_obj` in 0.0029s
2024-11-20 19:11:18,163 DEBUG loaded <trimesh.Trimesh(vertices.shape=(48, 3), faces.shape=(28, 3))> using `load_obj` in 0.0007s
2024-11-20 19:11:45,225 INFO =====> Epoch: 37
2024-11-20 19:11:45,225 INFO =====> Loss info: {'particle_has_naninf': False, 'height_map_loss': 13.026388168334961, 'emd_loss': 22.389707565307617, 'total_loss': 22.389707565307617}
2024-11-20 19:11:45,225 INFO =====> Performing line search for epoch 37......
2024-11-20 19:11:45,868 INFO ===> New TaichiEnv created.
2024-11-20 19:11:45,868 INFO ===> Specifications: horizon = 311, dt = 0.01, n_substeps = 20, dt_sub = 0.0005
2024-11-20 19:11:45,892 DEBUG loaded <trimesh.Trimesh(vertices.shape=(916, 3), faces.shape=(856, 3))> using `load_obj` in 0.0031s
2024-11-20 19:11:46,039 DEBUG loaded <trimesh.Trimesh(vertices.shape=(48, 3), faces.shape=(28, 3))> using `load_obj` in 0.0007s
2024-11-20 19:11:56,215 INFO =====> alpha: 0.01
2024-11-20 19:11:56,215 INFO =====> Loss info: {'particle_has_naninf': False, 'height_map_loss': 13.036765098571777, 'emd_loss': 22.402921676635742, 'total_loss': 22.402921676635742}
2024-11-20 19:11:56,798 INFO ===> New TaichiEnv created.
2024-11-20 19:11:56,798 INFO ===> Specifications: horizon = 311, dt = 0.01, n_substeps = 20, dt_sub = 0.0005
2024-11-20 19:11:56,821 DEBUG loaded <trimesh.Trimesh(vertices.shape=(916, 3), faces.shape=(856, 3))> using `load_obj` in 0.0030s
2024-11-20 19:11:56,967 DEBUG loaded <trimesh.Trimesh(vertices.shape=(48, 3), faces.shape=(28, 3))> using `load_obj` in 0.0007s
2024-11-20 19:12:05,904 INFO =====> alpha: 0.1
2024-11-20 19:12:05,904 INFO =====> Loss info: {'particle_has_naninf': False, 'height_map_loss': 13.029635429382324, 'emd_loss': 22.395177841186523, 'total_loss': 22.395177841186523}
2024-11-20 19:12:06,479 INFO ===> New TaichiEnv created.
2024-11-20 19:12:06,479 INFO ===> Specifications: horizon = 311, dt = 0.01, n_substeps = 20, dt_sub = 0.0005
2024-11-20 19:12:06,503 DEBUG loaded <trimesh.Trimesh(vertices.shape=(916, 3), faces.shape=(856, 3))> using `load_obj` in 0.0030s
2024-11-20 19:12:06,647 DEBUG loaded <trimesh.Trimesh(vertices.shape=(48, 3), faces.shape=(28, 3))> using `load_obj` in 0.0007s
2024-11-20 19:12:15,616 INFO =====> alpha: 0.5
2024-11-20 19:12:15,616 INFO =====> Loss info: {'particle_has_naninf': False, 'height_map_loss': 13.060604095458984, 'emd_loss': 22.259180068969727, 'total_loss': 22.259180068969727}
2024-11-20 19:12:16,190 INFO ===> New TaichiEnv created.
2024-11-20 19:12:16,190 INFO ===> Specifications: horizon = 311, dt = 0.01, n_substeps = 20, dt_sub = 0.0005
2024-11-20 19:12:16,213 DEBUG loaded <trimesh.Trimesh(vertices.shape=(916, 3), faces.shape=(856, 3))> using `load_obj` in 0.0029s
2024-11-20 19:12:16,358 DEBUG loaded <trimesh.Trimesh(vertices.shape=(48, 3), faces.shape=(28, 3))> using `load_obj` in 0.0007s
2024-11-20 19:12:26,485 INFO =====> alpha: 1.0
2024-11-20 19:12:26,485 INFO =====> Loss info: {'particle_has_naninf': False, 'height_map_loss': 13.07661247253418, 'emd_loss': 22.477346420288086, 'total_loss': 22.477346420288086}
2024-11-20 19:12:27,112 INFO ===> New TaichiEnv created.
2024-11-20 19:12:27,112 INFO ===> Specifications: horizon = 311, dt = 0.01, n_substeps = 20, dt_sub = 0.0005
2024-11-20 19:12:27,135 DEBUG loaded <trimesh.Trimesh(vertices.shape=(916, 3), faces.shape=(856, 3))> using `load_obj` in 0.0028s
2024-11-20 19:12:27,280 DEBUG loaded <trimesh.Trimesh(vertices.shape=(48, 3), faces.shape=(28, 3))> using `load_obj` in 0.0007s
2024-11-20 19:12:36,201 INFO =====> alpha: 1.01
2024-11-20 19:12:36,201 INFO =====> Loss info: {'particle_has_naninf': False, 'height_map_loss': 13.077133178710938, 'emd_loss': 22.474224090576172, 'total_loss': 22.474224090576172}
2024-11-20 19:12:36,774 INFO ===> New TaichiEnv created.
2024-11-20 19:12:36,775 INFO ===> Specifications: horizon = 311, dt = 0.01, n_substeps = 20, dt_sub = 0.0005
2024-11-20 19:12:36,798 DEBUG loaded <trimesh.Trimesh(vertices.shape=(916, 3), faces.shape=(856, 3))> using `load_obj` in 0.0030s
2024-11-20 19:12:36,946 DEBUG loaded <trimesh.Trimesh(vertices.shape=(48, 3), faces.shape=(28, 3))> using `load_obj` in 0.0007s
2024-11-20 19:12:45,886 INFO =====> alpha: 1.1
2024-11-20 19:12:45,886 INFO =====> Loss info: {'particle_has_naninf': False, 'height_map_loss': 13.074400901794434, 'emd_loss': 22.430688858032227, 'total_loss': 22.430688858032227}
2024-11-20 19:12:46,460 INFO ===> New TaichiEnv created.
2024-11-20 19:12:46,460 INFO ===> Specifications: horizon = 311, dt = 0.01, n_substeps = 20, dt_sub = 0.0005
2024-11-20 19:12:46,483 DEBUG loaded <trimesh.Trimesh(vertices.shape=(916, 3), faces.shape=(856, 3))> using `load_obj` in 0.0029s
2024-11-20 19:12:46,628 DEBUG loaded <trimesh.Trimesh(vertices.shape=(48, 3), faces.shape=(28, 3))> using `load_obj` in 0.0007s
2024-11-20 19:12:55,587 INFO =====> alpha: 1.5
2024-11-20 19:12:55,587 INFO =====> Loss info: {'particle_has_naninf': False, 'height_map_loss': 13.094082832336426, 'emd_loss': 22.72414779663086, 'total_loss': 22.72414779663086}
2024-11-20 19:12:55,587 INFO =====> Best alpha: 0.1, Best loss info: {'particle_has_naninf': False, 'height_map_loss': 13.029635429382324, 'emd_loss': 22.395177841186523, 'total_loss': 22.395177841186523}
2024-11-20 19:12:55,588 INFO =====> Param: E: [505242.97], nu: [0.39958873], rho: [1299.3735], sand_angle: [15.477622]
2024-11-20 19:12:55,588 INFO =====> Grad: [ 1.8609870e-03  1.2665936e+04 -3.5382858e+01  2.8323709e+02]
2024-11-20 19:12:55,588 INFO =====> Num. aborted data so far: 0
2024-11-20 19:12:56,160 INFO ===> New TaichiEnv created.
2024-11-20 19:12:56,160 INFO ===> Specifications: horizon = 311, dt = 0.01, n_substeps = 20, dt_sub = 0.0005
2024-11-20 19:12:56,184 DEBUG loaded <trimesh.Trimesh(vertices.shape=(916, 3), faces.shape=(856, 3))> using `load_obj` in 0.0028s
2024-11-20 19:12:56,330 DEBUG loaded <trimesh.Trimesh(vertices.shape=(48, 3), faces.shape=(28, 3))> using `load_obj` in 0.0007s
2024-11-20 19:13:24,539 INFO =====> Epoch: 38
2024-11-20 19:13:24,539 INFO =====> Loss info: {'particle_has_naninf': False, 'height_map_loss': 13.023453712463379, 'emd_loss': 22.382465362548828, 'total_loss': 22.382465362548828}
2024-11-20 19:13:24,539 INFO =====> Performing line search for epoch 38......
2024-11-20 19:13:25,214 INFO ===> New TaichiEnv created.
2024-11-20 19:13:25,214 INFO ===> Specifications: horizon = 311, dt = 0.01, n_substeps = 20, dt_sub = 0.0005
2024-11-20 19:13:25,238 DEBUG loaded <trimesh.Trimesh(vertices.shape=(916, 3), faces.shape=(856, 3))> using `load_obj` in 0.0031s
2024-11-20 19:13:25,384 DEBUG loaded <trimesh.Trimesh(vertices.shape=(48, 3), faces.shape=(28, 3))> using `load_obj` in 0.0007s
2024-11-20 19:13:34,336 INFO =====> alpha: 0.01
2024-11-20 19:13:34,337 INFO =====> Loss info: {'particle_has_naninf': False, 'height_map_loss': 13.03054428100586, 'emd_loss': 22.39430046081543, 'total_loss': 22.39430046081543}
2024-11-20 19:13:34,913 INFO ===> New TaichiEnv created.
2024-11-20 19:13:34,913 INFO ===> Specifications: horizon = 311, dt = 0.01, n_substeps = 20, dt_sub = 0.0005
2024-11-20 19:13:34,937 DEBUG loaded <trimesh.Trimesh(vertices.shape=(916, 3), faces.shape=(856, 3))> using `load_obj` in 0.0031s
2024-11-20 19:13:35,087 DEBUG loaded <trimesh.Trimesh(vertices.shape=(48, 3), faces.shape=(28, 3))> using `load_obj` in 0.0007s
2024-11-20 19:13:45,329 INFO =====> alpha: 0.1
2024-11-20 19:13:45,329 INFO =====> Loss info: {'particle_has_naninf': False, 'height_map_loss': 13.052746772766113, 'emd_loss': 22.229366302490234, 'total_loss': 22.229366302490234}
2024-11-20 19:13:45,910 INFO ===> New TaichiEnv created.
2024-11-20 19:13:45,910 INFO ===> Specifications: horizon = 311, dt = 0.01, n_substeps = 20, dt_sub = 0.0005
2024-11-20 19:13:45,934 DEBUG loaded <trimesh.Trimesh(vertices.shape=(916, 3), faces.shape=(856, 3))> using `load_obj` in 0.0029s
2024-11-20 19:13:46,080 DEBUG loaded <trimesh.Trimesh(vertices.shape=(48, 3), faces.shape=(28, 3))> using `load_obj` in 0.0007s
2024-11-20 19:13:55,206 INFO =====> alpha: 0.5
2024-11-20 19:13:55,206 INFO =====> Loss info: {'particle_has_naninf': False, 'height_map_loss': 13.095191955566406, 'emd_loss': 22.718460083007812, 'total_loss': 22.718460083007812}
2024-11-20 19:13:55,796 INFO ===> New TaichiEnv created.
2024-11-20 19:13:55,796 INFO ===> Specifications: horizon = 311, dt = 0.01, n_substeps = 20, dt_sub = 0.0005
2024-11-20 19:13:55,819 DEBUG loaded <trimesh.Trimesh(vertices.shape=(916, 3), faces.shape=(856, 3))> using `load_obj` in 0.0030s
2024-11-20 19:13:55,967 DEBUG loaded <trimesh.Trimesh(vertices.shape=(48, 3), faces.shape=(28, 3))> using `load_obj` in 0.0008s
2024-11-20 19:14:04,928 INFO =====> alpha: 1.0
2024-11-20 19:14:04,928 INFO =====> Loss info: {'particle_has_naninf': False, 'height_map_loss': 13.153462409973145, 'emd_loss': 22.741806030273438, 'total_loss': 22.741806030273438}
2024-11-20 19:14:05,511 INFO ===> New TaichiEnv created.
2024-11-20 19:14:05,511 INFO ===> Specifications: horizon = 311, dt = 0.01, n_substeps = 20, dt_sub = 0.0005
2024-11-20 19:14:05,534 DEBUG loaded <trimesh.Trimesh(vertices.shape=(916, 3), faces.shape=(856, 3))> using `load_obj` in 0.0030s
2024-11-20 19:14:05,681 DEBUG loaded <trimesh.Trimesh(vertices.shape=(48, 3), faces.shape=(28, 3))> using `load_obj` in 0.0007s
2024-11-20 19:14:14,787 INFO =====> alpha: 1.01
2024-11-20 19:14:14,787 INFO =====> Loss info: {'particle_has_naninf': False, 'height_map_loss': 13.157578468322754, 'emd_loss': 22.750354766845703, 'total_loss': 22.750354766845703}
2024-11-20 19:14:15,366 INFO ===> New TaichiEnv created.
2024-11-20 19:14:15,366 INFO ===> Specifications: horizon = 311, dt = 0.01, n_substeps = 20, dt_sub = 0.0005
2024-11-20 19:14:15,390 DEBUG loaded <trimesh.Trimesh(vertices.shape=(916, 3), faces.shape=(856, 3))> using `load_obj` in 0.0029s
2024-11-20 19:14:15,536 DEBUG loaded <trimesh.Trimesh(vertices.shape=(48, 3), faces.shape=(28, 3))> using `load_obj` in 0.0007s
2024-11-20 19:14:25,713 INFO =====> alpha: 1.1
2024-11-20 19:14:25,713 INFO =====> Loss info: {'particle_has_naninf': False, 'height_map_loss': 13.19198989868164, 'emd_loss': 22.583831787109375, 'total_loss': 22.583831787109375}
2024-11-20 19:14:26,289 INFO ===> New TaichiEnv created.
2024-11-20 19:14:26,289 INFO ===> Specifications: horizon = 311, dt = 0.01, n_substeps = 20, dt_sub = 0.0005
2024-11-20 19:14:26,312 DEBUG loaded <trimesh.Trimesh(vertices.shape=(916, 3), faces.shape=(856, 3))> using `load_obj` in 0.0029s
2024-11-20 19:14:26,458 DEBUG loaded <trimesh.Trimesh(vertices.shape=(48, 3), faces.shape=(28, 3))> using `load_obj` in 0.0007s
2024-11-20 19:14:35,372 INFO =====> alpha: 1.5
2024-11-20 19:14:35,372 INFO =====> Loss info: {'particle_has_naninf': False, 'height_map_loss': 13.350276947021484, 'emd_loss': 22.77845001220703, 'total_loss': 22.77845001220703}
2024-11-20 19:14:35,372 INFO =====> Best alpha: 0.01, Best loss info: {'particle_has_naninf': False, 'height_map_loss': 13.03054428100586, 'emd_loss': 22.39430046081543, 'total_loss': 22.39430046081543}
2024-11-20 19:14:35,372 INFO =====> Param: E: [505395.12], nu: [0.39968246], rho: [1299.5579], sand_angle: [15.46407]
2024-11-20 19:14:35,373 INFO =====> Grad: [-5.7094730e-03 -2.8668520e+04 -1.6840332e+01  9.1793854e+02]
2024-11-20 19:14:35,373 INFO =====> Num. aborted data so far: 0
2024-11-20 19:14:35,947 INFO ===> New TaichiEnv created.
2024-11-20 19:14:35,947 INFO ===> Specifications: horizon = 311, dt = 0.01, n_substeps = 20, dt_sub = 0.0005
2024-11-20 19:14:35,971 DEBUG loaded <trimesh.Trimesh(vertices.shape=(916, 3), faces.shape=(856, 3))> using `load_obj` in 0.0030s
2024-11-20 19:14:36,116 DEBUG loaded <trimesh.Trimesh(vertices.shape=(48, 3), faces.shape=(28, 3))> using `load_obj` in 0.0007s
2024-11-20 19:15:04,407 INFO =====> Epoch: 39
2024-11-20 19:15:04,408 INFO =====> Loss info: {'particle_has_naninf': False, 'height_map_loss': 13.031217575073242, 'emd_loss': 22.393842697143555, 'total_loss': 22.393842697143555}
2024-11-20 19:15:04,408 INFO =====> Performing line search for epoch 39......
2024-11-20 19:15:05,011 INFO ===> New TaichiEnv created.
2024-11-20 19:15:05,011 INFO ===> Specifications: horizon = 311, dt = 0.01, n_substeps = 20, dt_sub = 0.0005
2024-11-20 19:15:05,034 DEBUG loaded <trimesh.Trimesh(vertices.shape=(916, 3), faces.shape=(856, 3))> using `load_obj` in 0.0029s
2024-11-20 19:15:05,180 DEBUG loaded <trimesh.Trimesh(vertices.shape=(48, 3), faces.shape=(28, 3))> using `load_obj` in 0.0007s
2024-11-20 19:15:14,334 INFO =====> alpha: 0.01
2024-11-20 19:15:14,334 INFO =====> Loss info: {'particle_has_naninf': False, 'height_map_loss': 13.026067733764648, 'emd_loss': 22.373308181762695, 'total_loss': 22.373308181762695}
2024-11-20 19:15:14,916 INFO ===> New TaichiEnv created.
2024-11-20 19:15:14,916 INFO ===> Specifications: horizon = 311, dt = 0.01, n_substeps = 20, dt_sub = 0.0005
2024-11-20 19:15:14,940 DEBUG loaded <trimesh.Trimesh(vertices.shape=(916, 3), faces.shape=(856, 3))> using `load_obj` in 0.0031s
2024-11-20 19:15:15,088 DEBUG loaded <trimesh.Trimesh(vertices.shape=(48, 3), faces.shape=(28, 3))> using `load_obj` in 0.0007s
2024-11-20 19:15:24,066 INFO =====> alpha: 0.1
2024-11-20 19:15:24,066 INFO =====> Loss info: {'particle_has_naninf': False, 'height_map_loss': 13.02560043334961, 'emd_loss': 22.098608016967773, 'total_loss': 22.098608016967773}
2024-11-20 19:15:24,645 INFO ===> New TaichiEnv created.
2024-11-20 19:15:24,645 INFO ===> Specifications: horizon = 311, dt = 0.01, n_substeps = 20, dt_sub = 0.0005
2024-11-20 19:15:24,668 DEBUG loaded <trimesh.Trimesh(vertices.shape=(916, 3), faces.shape=(856, 3))> using `load_obj` in 0.0030s
2024-11-20 19:15:24,817 DEBUG loaded <trimesh.Trimesh(vertices.shape=(48, 3), faces.shape=(28, 3))> using `load_obj` in 0.0007s
2024-11-20 19:15:33,750 INFO =====> alpha: 0.5
2024-11-20 19:15:33,750 INFO =====> Loss info: {'particle_has_naninf': False, 'height_map_loss': 13.089192390441895, 'emd_loss': 22.063793182373047, 'total_loss': 22.063793182373047}
2024-11-20 19:15:34,328 INFO ===> New TaichiEnv created.
2024-11-20 19:15:34,329 INFO ===> Specifications: horizon = 311, dt = 0.01, n_substeps = 20, dt_sub = 0.0005
2024-11-20 19:15:34,352 DEBUG loaded <trimesh.Trimesh(vertices.shape=(916, 3), faces.shape=(856, 3))> using `load_obj` in 0.0029s
2024-11-20 19:15:34,498 DEBUG loaded <trimesh.Trimesh(vertices.shape=(48, 3), faces.shape=(28, 3))> using `load_obj` in 0.0007s
2024-11-20 19:15:44,669 INFO =====> alpha: 1.0
2024-11-20 19:15:44,669 INFO =====> Loss info: {'particle_has_naninf': False, 'height_map_loss': 13.18332290649414, 'emd_loss': 22.657072067260742, 'total_loss': 22.657072067260742}
2024-11-20 19:15:45,316 INFO ===> New TaichiEnv created.
2024-11-20 19:15:45,316 INFO ===> Specifications: horizon = 311, dt = 0.01, n_substeps = 20, dt_sub = 0.0005
2024-11-20 19:15:45,339 DEBUG loaded <trimesh.Trimesh(vertices.shape=(916, 3), faces.shape=(856, 3))> using `load_obj` in 0.0030s
2024-11-20 19:15:45,486 DEBUG loaded <trimesh.Trimesh(vertices.shape=(48, 3), faces.shape=(28, 3))> using `load_obj` in 0.0007s
2024-11-20 19:15:54,583 INFO =====> alpha: 1.01
2024-11-20 19:15:54,583 INFO =====> Loss info: {'particle_has_naninf': False, 'height_map_loss': 13.190577507019043, 'emd_loss': 22.66782569885254, 'total_loss': 22.66782569885254}
2024-11-20 19:15:55,197 INFO ===> New TaichiEnv created.
2024-11-20 19:15:55,197 INFO ===> Specifications: horizon = 311, dt = 0.01, n_substeps = 20, dt_sub = 0.0005
2024-11-20 19:15:55,220 DEBUG loaded <trimesh.Trimesh(vertices.shape=(916, 3), faces.shape=(856, 3))> using `load_obj` in 0.0030s
2024-11-20 19:15:55,367 DEBUG loaded <trimesh.Trimesh(vertices.shape=(48, 3), faces.shape=(28, 3))> using `load_obj` in 0.0007s
2024-11-20 19:16:04,359 INFO =====> alpha: 1.1
2024-11-20 19:16:04,360 INFO =====> Loss info: {'particle_has_naninf': False, 'height_map_loss': 13.216870307922363, 'emd_loss': 22.49688720703125, 'total_loss': 22.49688720703125}
2024-11-20 19:16:04,940 INFO ===> New TaichiEnv created.
2024-11-20 19:16:04,940 INFO ===> Specifications: horizon = 311, dt = 0.01, n_substeps = 20, dt_sub = 0.0005
2024-11-20 19:16:04,963 DEBUG loaded <trimesh.Trimesh(vertices.shape=(916, 3), faces.shape=(856, 3))> using `load_obj` in 0.0031s
2024-11-20 19:16:05,114 DEBUG loaded <trimesh.Trimesh(vertices.shape=(48, 3), faces.shape=(28, 3))> using `load_obj` in 0.0007s
2024-11-20 19:16:15,306 INFO =====> alpha: 1.5
2024-11-20 19:16:15,306 INFO =====> Loss info: {'particle_has_naninf': False, 'height_map_loss': 13.276683807373047, 'emd_loss': 21.956958770751953, 'total_loss': 21.956958770751953}
2024-11-20 19:16:15,306 INFO =====> Best alpha: 0.1, Best loss info: {'particle_has_naninf': False, 'height_map_loss': 13.02560043334961, 'emd_loss': 22.098608016967773, 'total_loss': 22.098608016967773}
2024-11-20 19:16:15,307 INFO =====> Param: E: [505214.16], nu: [0.4], rho: [1302.7528], sand_angle: [15.614535]
2024-11-20 19:16:15,307 INFO =====> Grad: [ 6.4441032e-04 -2.4195938e+04 -2.8279902e+01 -1.0992756e+03]
2024-11-20 19:16:15,307 INFO =====> Num. aborted data so far: 0
2024-11-20 19:16:15,881 INFO ===> New TaichiEnv created.
2024-11-20 19:16:15,881 INFO ===> Specifications: horizon = 311, dt = 0.01, n_substeps = 20, dt_sub = 0.0005
2024-11-20 19:16:15,905 DEBUG loaded <trimesh.Trimesh(vertices.shape=(916, 3), faces.shape=(856, 3))> using `load_obj` in 0.0029s
2024-11-20 19:16:16,050 DEBUG loaded <trimesh.Trimesh(vertices.shape=(48, 3), faces.shape=(28, 3))> using `load_obj` in 0.0007s
2024-11-20 19:16:43,016 INFO =====> Epoch: 40
2024-11-20 19:16:43,016 INFO =====> Loss info: {'particle_has_naninf': False, 'height_map_loss': 13.022453308105469, 'emd_loss': 22.08442497253418, 'total_loss': 22.08442497253418}
2024-11-20 19:16:43,016 INFO =====> Performing line search for epoch 40......
2024-11-20 19:16:43,652 INFO ===> New TaichiEnv created.
2024-11-20 19:16:43,652 INFO ===> Specifications: horizon = 311, dt = 0.01, n_substeps = 20, dt_sub = 0.0005
2024-11-20 19:16:43,676 DEBUG loaded <trimesh.Trimesh(vertices.shape=(916, 3), faces.shape=(856, 3))> using `load_obj` in 0.0032s
2024-11-20 19:16:43,824 DEBUG loaded <trimesh.Trimesh(vertices.shape=(48, 3), faces.shape=(28, 3))> using `load_obj` in 0.0007s
2024-11-20 19:16:52,812 INFO =====> alpha: 0.01
2024-11-20 19:16:52,812 INFO =====> Loss info: {'particle_has_naninf': False, 'height_map_loss': 13.030261993408203, 'emd_loss': 22.22368049621582, 'total_loss': 22.22368049621582}
2024-11-20 19:16:53,430 INFO ===> New TaichiEnv created.
2024-11-20 19:16:53,430 INFO ===> Specifications: horizon = 311, dt = 0.01, n_substeps = 20, dt_sub = 0.0005
2024-11-20 19:16:53,453 DEBUG loaded <trimesh.Trimesh(vertices.shape=(916, 3), faces.shape=(856, 3))> using `load_obj` in 0.0030s
2024-11-20 19:16:53,599 DEBUG loaded <trimesh.Trimesh(vertices.shape=(48, 3), faces.shape=(28, 3))> using `load_obj` in 0.0007s
2024-11-20 19:17:03,876 INFO =====> alpha: 0.1
2024-11-20 19:17:03,876 INFO =====> Loss info: {'particle_has_naninf': False, 'height_map_loss': 13.054149627685547, 'emd_loss': 22.24510383605957, 'total_loss': 22.24510383605957}
2024-11-20 19:17:04,458 INFO ===> New TaichiEnv created.
2024-11-20 19:17:04,458 INFO ===> Specifications: horizon = 311, dt = 0.01, n_substeps = 20, dt_sub = 0.0005
2024-11-20 19:17:04,482 DEBUG loaded <trimesh.Trimesh(vertices.shape=(916, 3), faces.shape=(856, 3))> using `load_obj` in 0.0030s
2024-11-20 19:17:04,627 DEBUG loaded <trimesh.Trimesh(vertices.shape=(48, 3), faces.shape=(28, 3))> using `load_obj` in 0.0007s
2024-11-20 19:17:13,675 INFO =====> alpha: 0.5
2024-11-20 19:17:13,675 INFO =====> Loss info: {'particle_has_naninf': False, 'height_map_loss': 13.07402229309082, 'emd_loss': 22.067062377929688, 'total_loss': 22.067062377929688}
2024-11-20 19:17:14,335 INFO ===> New TaichiEnv created.
2024-11-20 19:17:14,335 INFO ===> Specifications: horizon = 311, dt = 0.01, n_substeps = 20, dt_sub = 0.0005
2024-11-20 19:17:14,358 DEBUG loaded <trimesh.Trimesh(vertices.shape=(916, 3), faces.shape=(856, 3))> using `load_obj` in 0.0029s
2024-11-20 19:17:14,503 DEBUG loaded <trimesh.Trimesh(vertices.shape=(48, 3), faces.shape=(28, 3))> using `load_obj` in 0.0007s
2024-11-20 19:17:23,414 INFO =====> alpha: 1.0
2024-11-20 19:17:23,414 INFO =====> Loss info: {'particle_has_naninf': False, 'height_map_loss': 13.123260498046875, 'emd_loss': 21.841379165649414, 'total_loss': 21.841379165649414}
2024-11-20 19:17:23,984 INFO ===> New TaichiEnv created.
2024-11-20 19:17:23,984 INFO ===> Specifications: horizon = 311, dt = 0.01, n_substeps = 20, dt_sub = 0.0005
2024-11-20 19:17:24,007 DEBUG loaded <trimesh.Trimesh(vertices.shape=(916, 3), faces.shape=(856, 3))> using `load_obj` in 0.0029s
2024-11-20 19:17:24,152 DEBUG loaded <trimesh.Trimesh(vertices.shape=(48, 3), faces.shape=(28, 3))> using `load_obj` in 0.0007s
2024-11-20 19:17:34,319 INFO =====> alpha: 1.01
2024-11-20 19:17:34,319 INFO =====> Loss info: {'particle_has_naninf': False, 'height_map_loss': 13.116384506225586, 'emd_loss': 21.85668182373047, 'total_loss': 21.85668182373047}
2024-11-20 19:17:34,894 INFO ===> New TaichiEnv created.
2024-11-20 19:17:34,894 INFO ===> Specifications: horizon = 311, dt = 0.01, n_substeps = 20, dt_sub = 0.0005
2024-11-20 19:17:34,917 DEBUG loaded <trimesh.Trimesh(vertices.shape=(916, 3), faces.shape=(856, 3))> using `load_obj` in 0.0029s
2024-11-20 19:17:35,062 DEBUG loaded <trimesh.Trimesh(vertices.shape=(48, 3), faces.shape=(28, 3))> using `load_obj` in 0.0007s
2024-11-20 19:17:44,037 INFO =====> alpha: 1.1
2024-11-20 19:17:44,037 INFO =====> Loss info: {'particle_has_naninf': False, 'height_map_loss': 13.153827667236328, 'emd_loss': 22.23944091796875, 'total_loss': 22.23944091796875}
2024-11-20 19:17:44,613 INFO ===> New TaichiEnv created.
2024-11-20 19:17:44,613 INFO ===> Specifications: horizon = 311, dt = 0.01, n_substeps = 20, dt_sub = 0.0005
2024-11-20 19:17:44,636 DEBUG loaded <trimesh.Trimesh(vertices.shape=(916, 3), faces.shape=(856, 3))> using `load_obj` in 0.0030s
2024-11-20 19:17:44,782 DEBUG loaded <trimesh.Trimesh(vertices.shape=(48, 3), faces.shape=(28, 3))> using `load_obj` in 0.0007s
2024-11-20 19:17:53,752 INFO =====> alpha: 1.5
2024-11-20 19:17:53,752 INFO =====> Loss info: {'particle_has_naninf': False, 'height_map_loss': 13.189900398254395, 'emd_loss': 22.62042999267578, 'total_loss': 22.62042999267578}
2024-11-20 19:17:53,752 INFO =====> Best alpha: 0.01, Best loss info: {'particle_has_naninf': False, 'height_map_loss': 13.030261993408203, 'emd_loss': 22.22368049621582, 'total_loss': 22.22368049621582}
2024-11-20 19:17:53,752 INFO =====> Param: E: [505323.66], nu: [0.4], rho: [1302.8322], sand_angle: [15.62433]
2024-11-20 19:17:53,753 INFO =====> Grad: [-3.7559713e-03 -3.1829006e+04 -6.6739497e+00 -7.1393842e+02]
2024-11-20 19:17:53,753 INFO =====> Num. aborted data so far: 0
2024-11-20 19:17:54,328 INFO ===> New TaichiEnv created.
2024-11-20 19:17:54,328 INFO ===> Specifications: horizon = 311, dt = 0.01, n_substeps = 20, dt_sub = 0.0005
2024-11-20 19:17:54,351 DEBUG loaded <trimesh.Trimesh(vertices.shape=(916, 3), faces.shape=(856, 3))> using `load_obj` in 0.0030s
2024-11-20 19:17:54,499 DEBUG loaded <trimesh.Trimesh(vertices.shape=(48, 3), faces.shape=(28, 3))> using `load_obj` in 0.0007s
2024-11-20 19:18:22,744 INFO =====> Epoch: 41
2024-11-20 19:18:22,744 INFO =====> Loss info: {'particle_has_naninf': False, 'height_map_loss': 13.020347595214844, 'emd_loss': 22.085674285888672, 'total_loss': 22.085674285888672}
2024-11-20 19:18:22,744 INFO =====> Performing line search for epoch 41......
2024-11-20 19:18:23,340 INFO ===> New TaichiEnv created.
2024-11-20 19:18:23,340 INFO ===> Specifications: horizon = 311, dt = 0.01, n_substeps = 20, dt_sub = 0.0005
2024-11-20 19:18:23,364 DEBUG loaded <trimesh.Trimesh(vertices.shape=(916, 3), faces.shape=(856, 3))> using `load_obj` in 0.0030s
2024-11-20 19:18:23,513 DEBUG loaded <trimesh.Trimesh(vertices.shape=(48, 3), faces.shape=(28, 3))> using `load_obj` in 0.0007s
2024-11-20 19:18:32,467 INFO =====> alpha: 0.01
2024-11-20 19:18:32,467 INFO =====> Loss info: {'particle_has_naninf': False, 'height_map_loss': 13.023286819458008, 'emd_loss': 22.230836868286133, 'total_loss': 22.230836868286133}
2024-11-20 19:18:33,040 INFO ===> New TaichiEnv created.
2024-11-20 19:18:33,040 INFO ===> Specifications: horizon = 311, dt = 0.01, n_substeps = 20, dt_sub = 0.0005
2024-11-20 19:18:33,063 DEBUG loaded <trimesh.Trimesh(vertices.shape=(916, 3), faces.shape=(856, 3))> using `load_obj` in 0.0030s
2024-11-20 19:18:33,208 DEBUG loaded <trimesh.Trimesh(vertices.shape=(48, 3), faces.shape=(28, 3))> using `load_obj` in 0.0007s
2024-11-20 19:18:42,155 INFO =====> alpha: 0.1
2024-11-20 19:18:42,155 INFO =====> Loss info: {'particle_has_naninf': False, 'height_map_loss': 13.032142639160156, 'emd_loss': 22.380285263061523, 'total_loss': 22.380285263061523}
2024-11-20 19:18:42,725 INFO ===> New TaichiEnv created.
2024-11-20 19:18:42,725 INFO ===> Specifications: horizon = 311, dt = 0.01, n_substeps = 20, dt_sub = 0.0005
2024-11-20 19:18:42,749 DEBUG loaded <trimesh.Trimesh(vertices.shape=(916, 3), faces.shape=(856, 3))> using `load_obj` in 0.0031s
2024-11-20 19:18:42,896 DEBUG loaded <trimesh.Trimesh(vertices.shape=(48, 3), faces.shape=(28, 3))> using `load_obj` in 0.0007s
2024-11-20 19:18:53,080 INFO =====> alpha: 0.5
2024-11-20 19:18:53,080 INFO =====> Loss info: {'particle_has_naninf': False, 'height_map_loss': 13.0556640625, 'emd_loss': 22.204423904418945, 'total_loss': 22.204423904418945}
2024-11-20 19:18:53,695 INFO ===> New TaichiEnv created.
2024-11-20 19:18:53,695 INFO ===> Specifications: horizon = 311, dt = 0.01, n_substeps = 20, dt_sub = 0.0005
2024-11-20 19:18:53,719 DEBUG loaded <trimesh.Trimesh(vertices.shape=(916, 3), faces.shape=(856, 3))> using `load_obj` in 0.0030s
2024-11-20 19:18:53,871 DEBUG loaded <trimesh.Trimesh(vertices.shape=(48, 3), faces.shape=(28, 3))> using `load_obj` in 0.0007s
2024-11-20 19:19:02,779 INFO =====> alpha: 1.0
2024-11-20 19:19:02,779 INFO =====> Loss info: {'particle_has_naninf': False, 'height_map_loss': 13.0665864944458, 'emd_loss': 22.709257125854492, 'total_loss': 22.709257125854492}
2024-11-20 19:19:03,358 INFO ===> New TaichiEnv created.
2024-11-20 19:19:03,358 INFO ===> Specifications: horizon = 311, dt = 0.01, n_substeps = 20, dt_sub = 0.0005
2024-11-20 19:19:03,382 DEBUG loaded <trimesh.Trimesh(vertices.shape=(916, 3), faces.shape=(856, 3))> using `load_obj` in 0.0030s
2024-11-20 19:19:03,528 DEBUG loaded <trimesh.Trimesh(vertices.shape=(48, 3), faces.shape=(28, 3))> using `load_obj` in 0.0007s
2024-11-20 19:19:12,454 INFO =====> alpha: 1.01
2024-11-20 19:19:12,454 INFO =====> Loss info: {'particle_has_naninf': False, 'height_map_loss': 13.069846153259277, 'emd_loss': 22.710397720336914, 'total_loss': 22.710397720336914}
2024-11-20 19:19:13,032 INFO ===> New TaichiEnv created.
2024-11-20 19:19:13,032 INFO ===> Specifications: horizon = 311, dt = 0.01, n_substeps = 20, dt_sub = 0.0005
2024-11-20 19:19:13,056 DEBUG loaded <trimesh.Trimesh(vertices.shape=(916, 3), faces.shape=(856, 3))> using `load_obj` in 0.0031s
2024-11-20 19:19:13,203 DEBUG loaded <trimesh.Trimesh(vertices.shape=(48, 3), faces.shape=(28, 3))> using `load_obj` in 0.0007s
2024-11-20 19:19:22,166 INFO =====> alpha: 1.1
2024-11-20 19:19:22,166 INFO =====> Loss info: {'particle_has_naninf': False, 'height_map_loss': 13.08116340637207, 'emd_loss': 22.701169967651367, 'total_loss': 22.701169967651367}
2024-11-20 19:19:22,742 INFO ===> New TaichiEnv created.
2024-11-20 19:19:22,742 INFO ===> Specifications: horizon = 311, dt = 0.01, n_substeps = 20, dt_sub = 0.0005
2024-11-20 19:19:22,766 DEBUG loaded <trimesh.Trimesh(vertices.shape=(916, 3), faces.shape=(856, 3))> using `load_obj` in 0.0030s
2024-11-20 19:19:22,912 DEBUG loaded <trimesh.Trimesh(vertices.shape=(48, 3), faces.shape=(28, 3))> using `load_obj` in 0.0007s
2024-11-20 19:19:33,121 INFO =====> alpha: 1.5
2024-11-20 19:19:33,121 INFO =====> Loss info: {'particle_has_naninf': False, 'height_map_loss': 13.115845680236816, 'emd_loss': 22.89446258544922, 'total_loss': 22.89446258544922}
2024-11-20 19:19:33,122 INFO =====> Best alpha: 0.01, Best loss info: {'particle_has_naninf': False, 'height_map_loss': 13.023286819458008, 'emd_loss': 22.230836868286133, 'total_loss': 22.230836868286133}
2024-11-20 19:19:33,122 INFO =====> Param: E: [505360.2], nu: [0.39994597], rho: [1302.1804], sand_angle: [15.616792]
2024-11-20 19:19:33,122 INFO =====> Grad: [-1.1907602e-03  1.5707576e+04  5.7051800e+01  5.3671771e+02]
2024-11-20 19:19:33,122 INFO =====> Num. aborted data so far: 0
2024-11-20 19:19:33,702 INFO ===> New TaichiEnv created.
2024-11-20 19:19:33,702 INFO ===> Specifications: horizon = 311, dt = 0.01, n_substeps = 20, dt_sub = 0.0005
2024-11-20 19:19:33,725 DEBUG loaded <trimesh.Trimesh(vertices.shape=(916, 3), faces.shape=(856, 3))> using `load_obj` in 0.0029s
2024-11-20 19:19:33,872 DEBUG loaded <trimesh.Trimesh(vertices.shape=(48, 3), faces.shape=(28, 3))> using `load_obj` in 0.0007s
2024-11-20 19:20:00,936 INFO =====> Epoch: 42
2024-11-20 19:20:00,936 INFO =====> Loss info: {'particle_has_naninf': False, 'height_map_loss': 13.02048110961914, 'emd_loss': 22.232194900512695, 'total_loss': 22.232194900512695}
2024-11-20 19:20:00,936 INFO =====> Performing line search for epoch 42......
2024-11-20 19:20:01,542 INFO ===> New TaichiEnv created.
2024-11-20 19:20:01,542 INFO ===> Specifications: horizon = 311, dt = 0.01, n_substeps = 20, dt_sub = 0.0005
2024-11-20 19:20:01,566 DEBUG loaded <trimesh.Trimesh(vertices.shape=(916, 3), faces.shape=(856, 3))> using `load_obj` in 0.0030s
2024-11-20 19:20:01,713 DEBUG loaded <trimesh.Trimesh(vertices.shape=(48, 3), faces.shape=(28, 3))> using `load_obj` in 0.0007s
2024-11-20 19:20:11,995 INFO =====> alpha: 0.01
2024-11-20 19:20:11,996 INFO =====> Loss info: {'particle_has_naninf': False, 'height_map_loss': 13.031808853149414, 'emd_loss': 22.191965103149414, 'total_loss': 22.191965103149414}
2024-11-20 19:20:12,672 INFO ===> New TaichiEnv created.
2024-11-20 19:20:12,672 INFO ===> Specifications: horizon = 311, dt = 0.01, n_substeps = 20, dt_sub = 0.0005
2024-11-20 19:20:12,696 DEBUG loaded <trimesh.Trimesh(vertices.shape=(916, 3), faces.shape=(856, 3))> using `load_obj` in 0.0030s
2024-11-20 19:20:12,843 DEBUG loaded <trimesh.Trimesh(vertices.shape=(48, 3), faces.shape=(28, 3))> using `load_obj` in 0.0007s
2024-11-20 19:20:21,788 INFO =====> alpha: 0.1
2024-11-20 19:20:21,788 INFO =====> Loss info: {'particle_has_naninf': False, 'height_map_loss': 13.035244941711426, 'emd_loss': 22.392086029052734, 'total_loss': 22.392086029052734}
2024-11-20 19:20:22,368 INFO ===> New TaichiEnv created.
2024-11-20 19:20:22,368 INFO ===> Specifications: horizon = 311, dt = 0.01, n_substeps = 20, dt_sub = 0.0005
2024-11-20 19:20:22,391 DEBUG loaded <trimesh.Trimesh(vertices.shape=(916, 3), faces.shape=(856, 3))> using `load_obj` in 0.0030s
2024-11-20 19:20:22,538 DEBUG loaded <trimesh.Trimesh(vertices.shape=(48, 3), faces.shape=(28, 3))> using `load_obj` in 0.0007s
2024-11-20 19:20:31,504 INFO =====> alpha: 0.5
2024-11-20 19:20:31,504 INFO =====> Loss info: {'particle_has_naninf': False, 'height_map_loss': 13.11926555633545, 'emd_loss': 22.949201583862305, 'total_loss': 22.949201583862305}
2024-11-20 19:20:32,077 INFO ===> New TaichiEnv created.
2024-11-20 19:20:32,077 INFO ===> Specifications: horizon = 311, dt = 0.01, n_substeps = 20, dt_sub = 0.0005
2024-11-20 19:20:32,101 DEBUG loaded <trimesh.Trimesh(vertices.shape=(916, 3), faces.shape=(856, 3))> using `load_obj` in 0.0031s
2024-11-20 19:20:32,248 DEBUG loaded <trimesh.Trimesh(vertices.shape=(48, 3), faces.shape=(28, 3))> using `load_obj` in 0.0007s
2024-11-20 19:20:41,275 INFO =====> alpha: 1.0
2024-11-20 19:20:41,275 INFO =====> Loss info: {'particle_has_naninf': False, 'height_map_loss': 13.307687759399414, 'emd_loss': 23.096187591552734, 'total_loss': 23.096187591552734}
2024-11-20 19:20:41,849 INFO ===> New TaichiEnv created.
2024-11-20 19:20:41,849 INFO ===> Specifications: horizon = 311, dt = 0.01, n_substeps = 20, dt_sub = 0.0005
2024-11-20 19:20:41,872 DEBUG loaded <trimesh.Trimesh(vertices.shape=(916, 3), faces.shape=(856, 3))> using `load_obj` in 0.0030s
2024-11-20 19:20:42,020 DEBUG loaded <trimesh.Trimesh(vertices.shape=(48, 3), faces.shape=(28, 3))> using `load_obj` in 0.0007s
2024-11-20 19:20:52,380 INFO =====> alpha: 1.01
2024-11-20 19:20:52,380 INFO =====> Loss info: {'particle_has_naninf': False, 'height_map_loss': 13.310555458068848, 'emd_loss': 23.096668243408203, 'total_loss': 23.096668243408203}
2024-11-20 19:20:52,965 INFO ===> New TaichiEnv created.
2024-11-20 19:20:52,965 INFO ===> Specifications: horizon = 311, dt = 0.01, n_substeps = 20, dt_sub = 0.0005
2024-11-20 19:20:52,988 DEBUG loaded <trimesh.Trimesh(vertices.shape=(916, 3), faces.shape=(856, 3))> using `load_obj` in 0.0029s
2024-11-20 19:20:53,135 DEBUG loaded <trimesh.Trimesh(vertices.shape=(48, 3), faces.shape=(28, 3))> using `load_obj` in 0.0007s
2024-11-20 19:21:02,070 INFO =====> alpha: 1.1
2024-11-20 19:21:02,071 INFO =====> Loss info: {'particle_has_naninf': False, 'height_map_loss': 13.324331283569336, 'emd_loss': 22.906356811523438, 'total_loss': 22.906356811523438}
2024-11-20 19:21:02,737 INFO ===> New TaichiEnv created.
2024-11-20 19:21:02,738 INFO ===> Specifications: horizon = 311, dt = 0.01, n_substeps = 20, dt_sub = 0.0005
2024-11-20 19:21:02,762 DEBUG loaded <trimesh.Trimesh(vertices.shape=(916, 3), faces.shape=(856, 3))> using `load_obj` in 0.0031s
2024-11-20 19:21:02,910 DEBUG loaded <trimesh.Trimesh(vertices.shape=(48, 3), faces.shape=(28, 3))> using `load_obj` in 0.0007s
2024-11-20 19:21:11,878 INFO =====> alpha: 1.5
2024-11-20 19:21:11,878 INFO =====> Loss info: {'particle_has_naninf': False, 'height_map_loss': 13.548286437988281, 'emd_loss': 23.719135284423828, 'total_loss': 23.719135284423828}
2024-11-20 19:21:11,879 INFO =====> Best alpha: 0.01, Best loss info: {'particle_has_naninf': False, 'height_map_loss': 13.031808853149414, 'emd_loss': 22.191965103149414, 'total_loss': 22.191965103149414}
2024-11-20 19:21:11,879 INFO =====> Param: E: [505265.53], nu: [0.3998006], rho: [1301.9938], sand_angle: [15.598094]
2024-11-20 19:21:11,879 INFO =====> Grad: [2.9603713e-03 4.5158250e+04 1.5613464e+01 1.5661709e+03]
2024-11-20 19:21:11,879 INFO =====> Num. aborted data so far: 0
2024-11-20 19:21:12,544 INFO ===> New TaichiEnv created.
2024-11-20 19:21:12,544 INFO ===> Specifications: horizon = 311, dt = 0.01, n_substeps = 20, dt_sub = 0.0005
2024-11-20 19:21:12,568 DEBUG loaded <trimesh.Trimesh(vertices.shape=(916, 3), faces.shape=(856, 3))> using `load_obj` in 0.0030s
2024-11-20 19:21:12,714 DEBUG loaded <trimesh.Trimesh(vertices.shape=(48, 3), faces.shape=(28, 3))> using `load_obj` in 0.0007s
2024-11-20 19:21:40,930 INFO =====> Epoch: 43
2024-11-20 19:21:40,930 INFO =====> Loss info: {'particle_has_naninf': False, 'height_map_loss': 13.023695945739746, 'emd_loss': 22.311420440673828, 'total_loss': 22.311420440673828}
2024-11-20 19:21:40,931 INFO =====> Performing line search for epoch 43......
2024-11-20 19:21:41,570 INFO ===> New TaichiEnv created.
2024-11-20 19:21:41,570 INFO ===> Specifications: horizon = 311, dt = 0.01, n_substeps = 20, dt_sub = 0.0005
2024-11-20 19:21:41,593 DEBUG loaded <trimesh.Trimesh(vertices.shape=(916, 3), faces.shape=(856, 3))> using `load_obj` in 0.0030s
2024-11-20 19:21:41,741 DEBUG loaded <trimesh.Trimesh(vertices.shape=(48, 3), faces.shape=(28, 3))> using `load_obj` in 0.0007s
2024-11-20 19:21:50,831 INFO =====> alpha: 0.01
2024-11-20 19:21:50,831 INFO =====> Loss info: {'particle_has_naninf': False, 'height_map_loss': 13.029945373535156, 'emd_loss': 22.23780059814453, 'total_loss': 22.23780059814453}
2024-11-20 19:21:51,419 INFO ===> New TaichiEnv created.
2024-11-20 19:21:51,419 INFO ===> Specifications: horizon = 311, dt = 0.01, n_substeps = 20, dt_sub = 0.0005
2024-11-20 19:21:51,443 DEBUG loaded <trimesh.Trimesh(vertices.shape=(916, 3), faces.shape=(856, 3))> using `load_obj` in 0.0030s
2024-11-20 19:21:51,590 DEBUG loaded <trimesh.Trimesh(vertices.shape=(48, 3), faces.shape=(28, 3))> using `load_obj` in 0.0007s
2024-11-20 19:22:00,540 INFO =====> alpha: 0.1
2024-11-20 19:22:00,540 INFO =====> Loss info: {'particle_has_naninf': False, 'height_map_loss': 13.033391952514648, 'emd_loss': 22.118877410888672, 'total_loss': 22.118877410888672}
2024-11-20 19:22:01,123 INFO ===> New TaichiEnv created.
2024-11-20 19:22:01,123 INFO ===> Specifications: horizon = 311, dt = 0.01, n_substeps = 20, dt_sub = 0.0005
2024-11-20 19:22:01,146 DEBUG loaded <trimesh.Trimesh(vertices.shape=(916, 3), faces.shape=(856, 3))> using `load_obj` in 0.0029s
2024-11-20 19:22:01,294 DEBUG loaded <trimesh.Trimesh(vertices.shape=(48, 3), faces.shape=(28, 3))> using `load_obj` in 0.0007s
2024-11-20 19:22:11,542 INFO =====> alpha: 0.5
2024-11-20 19:22:11,542 INFO =====> Loss info: {'particle_has_naninf': False, 'height_map_loss': 13.036323547363281, 'emd_loss': 22.106904983520508, 'total_loss': 22.106904983520508}
2024-11-20 19:22:12,123 INFO ===> New TaichiEnv created.
2024-11-20 19:22:12,123 INFO ===> Specifications: horizon = 311, dt = 0.01, n_substeps = 20, dt_sub = 0.0005
2024-11-20 19:22:12,146 DEBUG loaded <trimesh.Trimesh(vertices.shape=(916, 3), faces.shape=(856, 3))> using `load_obj` in 0.0029s
2024-11-20 19:22:12,293 DEBUG loaded <trimesh.Trimesh(vertices.shape=(48, 3), faces.shape=(28, 3))> using `load_obj` in 0.0007s
2024-11-20 19:22:21,252 INFO =====> alpha: 1.0
2024-11-20 19:22:21,252 INFO =====> Loss info: {'particle_has_naninf': False, 'height_map_loss': 13.074755668640137, 'emd_loss': 22.35075569152832, 'total_loss': 22.35075569152832}
2024-11-20 19:22:21,837 INFO ===> New TaichiEnv created.
2024-11-20 19:22:21,837 INFO ===> Specifications: horizon = 311, dt = 0.01, n_substeps = 20, dt_sub = 0.0005
2024-11-20 19:22:21,860 DEBUG loaded <trimesh.Trimesh(vertices.shape=(916, 3), faces.shape=(856, 3))> using `load_obj` in 0.0030s
2024-11-20 19:22:22,007 DEBUG loaded <trimesh.Trimesh(vertices.shape=(48, 3), faces.shape=(28, 3))> using `load_obj` in 0.0007s
2024-11-20 19:22:30,954 INFO =====> alpha: 1.01
2024-11-20 19:22:30,954 INFO =====> Loss info: {'particle_has_naninf': False, 'height_map_loss': 13.075270652770996, 'emd_loss': 22.35593032836914, 'total_loss': 22.35593032836914}
2024-11-20 19:22:31,535 INFO ===> New TaichiEnv created.
2024-11-20 19:22:31,535 INFO ===> Specifications: horizon = 311, dt = 0.01, n_substeps = 20, dt_sub = 0.0005
2024-11-20 19:22:31,559 DEBUG loaded <trimesh.Trimesh(vertices.shape=(916, 3), faces.shape=(856, 3))> using `load_obj` in 0.0030s
2024-11-20 19:22:31,707 DEBUG loaded <trimesh.Trimesh(vertices.shape=(48, 3), faces.shape=(28, 3))> using `load_obj` in 0.0007s
2024-11-20 19:22:41,955 INFO =====> alpha: 1.1
2024-11-20 19:22:41,955 INFO =====> Loss info: {'particle_has_naninf': False, 'height_map_loss': 13.077008247375488, 'emd_loss': 22.312400817871094, 'total_loss': 22.312400817871094}
2024-11-20 19:22:42,559 INFO ===> New TaichiEnv created.
2024-11-20 19:22:42,559 INFO ===> Specifications: horizon = 311, dt = 0.01, n_substeps = 20, dt_sub = 0.0005
2024-11-20 19:22:42,582 DEBUG loaded <trimesh.Trimesh(vertices.shape=(916, 3), faces.shape=(856, 3))> using `load_obj` in 0.0030s
2024-11-20 19:22:42,729 DEBUG loaded <trimesh.Trimesh(vertices.shape=(48, 3), faces.shape=(28, 3))> using `load_obj` in 0.0007s
2024-11-20 19:22:51,750 INFO =====> alpha: 1.5
2024-11-20 19:22:51,750 INFO =====> Loss info: {'particle_has_naninf': False, 'height_map_loss': 13.11910343170166, 'emd_loss': 22.251779556274414, 'total_loss': 22.251779556274414}
2024-11-20 19:22:51,751 INFO =====> Best alpha: 0.01, Best loss info: {'particle_has_naninf': False, 'height_map_loss': 13.029945373535156, 'emd_loss': 22.23780059814453, 'total_loss': 22.23780059814453}
2024-11-20 19:22:51,751 INFO =====> Param: E: [505123.84], nu: [0.39971158], rho: [1302.0078], sand_angle: [15.602598]
2024-11-20 19:22:51,751 INFO =====> Grad: [ 4.3133348e-03  2.7342070e+04 -1.1091155e+00 -3.6159491e+02]
2024-11-20 19:22:51,751 INFO =====> Num. aborted data so far: 0
2024-11-20 19:22:52,331 INFO ===> New TaichiEnv created.
2024-11-20 19:22:52,331 INFO ===> Specifications: horizon = 311, dt = 0.01, n_substeps = 20, dt_sub = 0.0005
2024-11-20 19:22:52,355 DEBUG loaded <trimesh.Trimesh(vertices.shape=(916, 3), faces.shape=(856, 3))> using `load_obj` in 0.0030s
2024-11-20 19:22:52,500 DEBUG loaded <trimesh.Trimesh(vertices.shape=(48, 3), faces.shape=(28, 3))> using `load_obj` in 0.0007s
2024-11-20 19:23:19,556 INFO =====> Epoch: 44
2024-11-20 19:23:19,556 INFO =====> Loss info: {'particle_has_naninf': False, 'height_map_loss': 13.0259370803833, 'emd_loss': 22.240047454833984, 'total_loss': 22.240047454833984}
2024-11-20 19:23:19,557 INFO =====> Performing line search for epoch 44......
2024-11-20 19:23:20,234 INFO ===> New TaichiEnv created.
2024-11-20 19:23:20,234 INFO ===> Specifications: horizon = 311, dt = 0.01, n_substeps = 20, dt_sub = 0.0005
2024-11-20 19:23:20,257 DEBUG loaded <trimesh.Trimesh(vertices.shape=(916, 3), faces.shape=(856, 3))> using `load_obj` in 0.0030s
2024-11-20 19:23:20,406 DEBUG loaded <trimesh.Trimesh(vertices.shape=(48, 3), faces.shape=(28, 3))> using `load_obj` in 0.0007s
2024-11-20 19:23:30,773 INFO =====> alpha: 0.01
2024-11-20 19:23:30,774 INFO =====> Loss info: {'particle_has_naninf': False, 'height_map_loss': 13.026084899902344, 'emd_loss': 22.3282470703125, 'total_loss': 22.3282470703125}
2024-11-20 19:23:31,359 INFO ===> New TaichiEnv created.
2024-11-20 19:23:31,359 INFO ===> Specifications: horizon = 311, dt = 0.01, n_substeps = 20, dt_sub = 0.0005
2024-11-20 19:23:31,382 DEBUG loaded <trimesh.Trimesh(vertices.shape=(916, 3), faces.shape=(856, 3))> using `load_obj` in 0.0029s
2024-11-20 19:23:31,530 DEBUG loaded <trimesh.Trimesh(vertices.shape=(48, 3), faces.shape=(28, 3))> using `load_obj` in 0.0007s
2024-11-20 19:23:40,491 INFO =====> alpha: 0.1
2024-11-20 19:23:40,491 INFO =====> Loss info: {'particle_has_naninf': False, 'height_map_loss': 13.028351783752441, 'emd_loss': 22.424957275390625, 'total_loss': 22.424957275390625}
2024-11-20 19:23:41,083 INFO ===> New TaichiEnv created.
2024-11-20 19:23:41,083 INFO ===> Specifications: horizon = 311, dt = 0.01, n_substeps = 20, dt_sub = 0.0005
2024-11-20 19:23:41,106 DEBUG loaded <trimesh.Trimesh(vertices.shape=(916, 3), faces.shape=(856, 3))> using `load_obj` in 0.0030s
2024-11-20 19:23:41,253 DEBUG loaded <trimesh.Trimesh(vertices.shape=(48, 3), faces.shape=(28, 3))> using `load_obj` in 0.0007s
2024-11-20 19:23:50,235 INFO =====> alpha: 0.5
2024-11-20 19:23:50,236 INFO =====> Loss info: {'particle_has_naninf': False, 'height_map_loss': 13.085213661193848, 'emd_loss': 22.749366760253906, 'total_loss': 22.749366760253906}
2024-11-20 19:23:50,818 INFO ===> New TaichiEnv created.
2024-11-20 19:23:50,818 INFO ===> Specifications: horizon = 311, dt = 0.01, n_substeps = 20, dt_sub = 0.0005
2024-11-20 19:23:50,841 DEBUG loaded <trimesh.Trimesh(vertices.shape=(916, 3), faces.shape=(856, 3))> using `load_obj` in 0.0030s
2024-11-20 19:23:50,990 DEBUG loaded <trimesh.Trimesh(vertices.shape=(48, 3), faces.shape=(28, 3))> using `load_obj` in 0.0007s
2024-11-20 19:24:01,175 INFO =====> alpha: 1.0
2024-11-20 19:24:01,175 INFO =====> Loss info: {'particle_has_naninf': False, 'height_map_loss': 13.13161563873291, 'emd_loss': 22.945480346679688, 'total_loss': 22.945480346679688}
2024-11-20 19:24:01,752 INFO ===> New TaichiEnv created.
2024-11-20 19:24:01,752 INFO ===> Specifications: horizon = 311, dt = 0.01, n_substeps = 20, dt_sub = 0.0005
2024-11-20 19:24:01,775 DEBUG loaded <trimesh.Trimesh(vertices.shape=(916, 3), faces.shape=(856, 3))> using `load_obj` in 0.0028s
2024-11-20 19:24:01,921 DEBUG loaded <trimesh.Trimesh(vertices.shape=(48, 3), faces.shape=(28, 3))> using `load_obj` in 0.0007s
2024-11-20 19:24:11,076 INFO =====> alpha: 1.01
2024-11-20 19:24:11,076 INFO =====> Loss info: {'particle_has_naninf': False, 'height_map_loss': 13.12813949584961, 'emd_loss': 22.924354553222656, 'total_loss': 22.924354553222656}
2024-11-20 19:24:11,650 INFO ===> New TaichiEnv created.
2024-11-20 19:24:11,651 INFO ===> Specifications: horizon = 311, dt = 0.01, n_substeps = 20, dt_sub = 0.0005
2024-11-20 19:24:11,674 DEBUG loaded <trimesh.Trimesh(vertices.shape=(916, 3), faces.shape=(856, 3))> using `load_obj` in 0.0030s
2024-11-20 19:24:11,820 DEBUG loaded <trimesh.Trimesh(vertices.shape=(48, 3), faces.shape=(28, 3))> using `load_obj` in 0.0007s
2024-11-20 19:24:20,731 INFO =====> alpha: 1.1
2024-11-20 19:24:20,731 INFO =====> Loss info: {'particle_has_naninf': False, 'height_map_loss': 13.151870727539062, 'emd_loss': 22.934755325317383, 'total_loss': 22.934755325317383}
2024-11-20 19:24:21,353 INFO ===> New TaichiEnv created.
2024-11-20 19:24:21,353 INFO ===> Specifications: horizon = 311, dt = 0.01, n_substeps = 20, dt_sub = 0.0005
2024-11-20 19:24:21,377 DEBUG loaded <trimesh.Trimesh(vertices.shape=(916, 3), faces.shape=(856, 3))> using `load_obj` in 0.0031s
2024-11-20 19:24:21,525 DEBUG loaded <trimesh.Trimesh(vertices.shape=(48, 3), faces.shape=(28, 3))> using `load_obj` in 0.0007s
2024-11-20 19:24:30,570 INFO =====> alpha: 1.5
2024-11-20 19:24:30,570 INFO =====> Loss info: {'particle_has_naninf': False, 'height_map_loss': 13.20267391204834, 'emd_loss': 22.865278244018555, 'total_loss': 22.865278244018555}
2024-11-20 19:24:30,571 INFO =====> Best alpha: 0.01, Best loss info: {'particle_has_naninf': False, 'height_map_loss': 13.026084899902344, 'emd_loss': 22.3282470703125, 'total_loss': 22.3282470703125}
2024-11-20 19:24:30,571 INFO =====> Param: E: [504828.94], nu: [0.3995308], rho: [1301.9474], sand_angle: [15.593064]
2024-11-20 19:24:30,571 INFO =====> Grad: [9.6287942e-03 6.4191031e+04 4.5480494e+00 7.6152948e+02]
2024-11-20 19:24:30,571 INFO =====> Num. aborted data so far: 0
2024-11-20 19:24:31,151 INFO ===> New TaichiEnv created.
2024-11-20 19:24:31,151 INFO ===> Specifications: horizon = 311, dt = 0.01, n_substeps = 20, dt_sub = 0.0005
2024-11-20 19:24:31,176 DEBUG loaded <trimesh.Trimesh(vertices.shape=(916, 3), faces.shape=(856, 3))> using `load_obj` in 0.0030s
2024-11-20 19:24:31,326 DEBUG loaded <trimesh.Trimesh(vertices.shape=(48, 3), faces.shape=(28, 3))> using `load_obj` in 0.0007s
2024-11-20 19:24:59,709 INFO =====> Epoch: 45
2024-11-20 19:24:59,709 INFO =====> Loss info: {'particle_has_naninf': False, 'height_map_loss': 13.030824661254883, 'emd_loss': 22.260093688964844, 'total_loss': 22.260093688964844}
2024-11-20 19:24:59,709 INFO =====> Performing line search for epoch 45......
2024-11-20 19:25:00,319 INFO ===> New TaichiEnv created.
2024-11-20 19:25:00,319 INFO ===> Specifications: horizon = 311, dt = 0.01, n_substeps = 20, dt_sub = 0.0005
2024-11-20 19:25:00,344 DEBUG loaded <trimesh.Trimesh(vertices.shape=(916, 3), faces.shape=(856, 3))> using `load_obj` in 0.0031s
2024-11-20 19:25:00,491 DEBUG loaded <trimesh.Trimesh(vertices.shape=(48, 3), faces.shape=(28, 3))> using `load_obj` in 0.0007s
2024-11-20 19:25:09,527 INFO =====> alpha: 0.01
2024-11-20 19:25:09,527 INFO =====> Loss info: {'particle_has_naninf': False, 'height_map_loss': 13.02657699584961, 'emd_loss': 22.339599609375, 'total_loss': 22.339599609375}
2024-11-20 19:25:10,109 INFO ===> New TaichiEnv created.
2024-11-20 19:25:10,109 INFO ===> Specifications: horizon = 311, dt = 0.01, n_substeps = 20, dt_sub = 0.0005
2024-11-20 19:25:10,133 DEBUG loaded <trimesh.Trimesh(vertices.shape=(916, 3), faces.shape=(856, 3))> using `load_obj` in 0.0031s
2024-11-20 19:25:10,286 DEBUG loaded <trimesh.Trimesh(vertices.shape=(48, 3), faces.shape=(28, 3))> using `load_obj` in 0.0007s
2024-11-20 19:25:19,232 INFO =====> alpha: 0.1
2024-11-20 19:25:19,232 INFO =====> Loss info: {'particle_has_naninf': False, 'height_map_loss': 13.029221534729004, 'emd_loss': 22.342824935913086, 'total_loss': 22.342824935913086}
2024-11-20 19:25:19,817 INFO ===> New TaichiEnv created.
2024-11-20 19:25:19,817 INFO ===> Specifications: horizon = 311, dt = 0.01, n_substeps = 20, dt_sub = 0.0005
2024-11-20 19:25:19,840 DEBUG loaded <trimesh.Trimesh(vertices.shape=(916, 3), faces.shape=(856, 3))> using `load_obj` in 0.0029s
2024-11-20 19:25:19,991 DEBUG loaded <trimesh.Trimesh(vertices.shape=(48, 3), faces.shape=(28, 3))> using `load_obj` in 0.0007s
2024-11-20 19:25:30,381 INFO =====> alpha: 0.5
2024-11-20 19:25:30,381 INFO =====> Loss info: {'particle_has_naninf': False, 'height_map_loss': 13.028017044067383, 'emd_loss': 22.372037887573242, 'total_loss': 22.372037887573242}
2024-11-20 19:25:31,032 INFO ===> New TaichiEnv created.
2024-11-20 19:25:31,032 INFO ===> Specifications: horizon = 311, dt = 0.01, n_substeps = 20, dt_sub = 0.0005
2024-11-20 19:25:31,056 DEBUG loaded <trimesh.Trimesh(vertices.shape=(916, 3), faces.shape=(856, 3))> using `load_obj` in 0.0030s
2024-11-20 19:25:31,203 DEBUG loaded <trimesh.Trimesh(vertices.shape=(48, 3), faces.shape=(28, 3))> using `load_obj` in 0.0007s
2024-11-20 19:25:40,181 INFO =====> alpha: 1.0
2024-11-20 19:25:40,181 INFO =====> Loss info: {'particle_has_naninf': False, 'height_map_loss': 13.040260314941406, 'emd_loss': 22.412784576416016, 'total_loss': 22.412784576416016}
2024-11-20 19:25:40,763 INFO ===> New TaichiEnv created.
2024-11-20 19:25:40,763 INFO ===> Specifications: horizon = 311, dt = 0.01, n_substeps = 20, dt_sub = 0.0005
2024-11-20 19:25:40,786 DEBUG loaded <trimesh.Trimesh(vertices.shape=(916, 3), faces.shape=(856, 3))> using `load_obj` in 0.0030s
2024-11-20 19:25:40,933 DEBUG loaded <trimesh.Trimesh(vertices.shape=(48, 3), faces.shape=(28, 3))> using `load_obj` in 0.0007s
2024-11-20 19:25:50,001 INFO =====> alpha: 1.01
2024-11-20 19:25:50,001 INFO =====> Loss info: {'particle_has_naninf': False, 'height_map_loss': 13.040367126464844, 'emd_loss': 22.41744613647461, 'total_loss': 22.41744613647461}
2024-11-20 19:25:50,578 INFO ===> New TaichiEnv created.
2024-11-20 19:25:50,578 INFO ===> Specifications: horizon = 311, dt = 0.01, n_substeps = 20, dt_sub = 0.0005
2024-11-20 19:25:50,602 DEBUG loaded <trimesh.Trimesh(vertices.shape=(916, 3), faces.shape=(856, 3))> using `load_obj` in 0.0031s
2024-11-20 19:25:50,752 DEBUG loaded <trimesh.Trimesh(vertices.shape=(48, 3), faces.shape=(28, 3))> using `load_obj` in 0.0007s
2024-11-20 19:26:01,011 INFO =====> alpha: 1.1
2024-11-20 19:26:01,011 INFO =====> Loss info: {'particle_has_naninf': False, 'height_map_loss': 13.033355712890625, 'emd_loss': 22.3812313079834, 'total_loss': 22.3812313079834}
2024-11-20 19:26:01,592 INFO ===> New TaichiEnv created.
2024-11-20 19:26:01,593 INFO ===> Specifications: horizon = 311, dt = 0.01, n_substeps = 20, dt_sub = 0.0005
2024-11-20 19:26:01,616 DEBUG loaded <trimesh.Trimesh(vertices.shape=(916, 3), faces.shape=(856, 3))> using `load_obj` in 0.0029s
2024-11-20 19:26:01,761 DEBUG loaded <trimesh.Trimesh(vertices.shape=(48, 3), faces.shape=(28, 3))> using `load_obj` in 0.0007s
2024-11-20 19:26:10,737 INFO =====> alpha: 1.5
2024-11-20 19:26:10,737 INFO =====> Loss info: {'particle_has_naninf': False, 'height_map_loss': 13.043825149536133, 'emd_loss': 22.308181762695312, 'total_loss': 22.308181762695312}
2024-11-20 19:26:10,738 INFO =====> Best alpha: 0.01, Best loss info: {'particle_has_naninf': False, 'height_map_loss': 13.02657699584961, 'emd_loss': 22.339599609375, 'total_loss': 22.339599609375}
2024-11-20 19:26:10,738 INFO =====> Param: E: [504785.25], nu: [0.39961255], rho: [1302.3374], sand_angle: [15.591609]
2024-11-20 19:26:10,738 INFO =====> Grad: [ 1.3562717e-03 -2.8509371e+04 -2.8766619e+01  1.1043558e+02]
2024-11-20 19:26:10,738 INFO =====> Num. aborted data so far: 0
2024-11-20 19:26:11,312 INFO ===> New TaichiEnv created.
2024-11-20 19:26:11,312 INFO ===> Specifications: horizon = 311, dt = 0.01, n_substeps = 20, dt_sub = 0.0005
2024-11-20 19:26:11,337 DEBUG loaded <trimesh.Trimesh(vertices.shape=(916, 3), faces.shape=(856, 3))> using `load_obj` in 0.0030s
2024-11-20 19:26:11,484 DEBUG loaded <trimesh.Trimesh(vertices.shape=(48, 3), faces.shape=(28, 3))> using `load_obj` in 0.0007s
2024-11-20 19:26:38,509 INFO =====> Epoch: 46
2024-11-20 19:26:38,509 INFO =====> Loss info: {'particle_has_naninf': False, 'height_map_loss': 13.028223991394043, 'emd_loss': 22.34183120727539, 'total_loss': 22.34183120727539}
2024-11-20 19:26:38,510 INFO =====> Performing line search for epoch 46......
2024-11-20 19:26:39,115 INFO ===> New TaichiEnv created.
2024-11-20 19:26:39,115 INFO ===> Specifications: horizon = 311, dt = 0.01, n_substeps = 20, dt_sub = 0.0005
2024-11-20 19:26:39,138 DEBUG loaded <trimesh.Trimesh(vertices.shape=(916, 3), faces.shape=(856, 3))> using `load_obj` in 0.0030s
2024-11-20 19:26:39,285 DEBUG loaded <trimesh.Trimesh(vertices.shape=(48, 3), faces.shape=(28, 3))> using `load_obj` in 0.0007s
2024-11-20 19:26:49,570 INFO =====> alpha: 0.01
2024-11-20 19:26:49,570 INFO =====> Loss info: {'particle_has_naninf': False, 'height_map_loss': 13.028982162475586, 'emd_loss': 22.34451675415039, 'total_loss': 22.34451675415039}
2024-11-20 19:26:50,154 INFO ===> New TaichiEnv created.
2024-11-20 19:26:50,154 INFO ===> Specifications: horizon = 311, dt = 0.01, n_substeps = 20, dt_sub = 0.0005
2024-11-20 19:26:50,178 DEBUG loaded <trimesh.Trimesh(vertices.shape=(916, 3), faces.shape=(856, 3))> using `load_obj` in 0.0030s
2024-11-20 19:26:50,324 DEBUG loaded <trimesh.Trimesh(vertices.shape=(48, 3), faces.shape=(28, 3))> using `load_obj` in 0.0007s
2024-11-20 19:26:59,344 INFO =====> alpha: 0.1
2024-11-20 19:26:59,344 INFO =====> Loss info: {'particle_has_naninf': False, 'height_map_loss': 13.025823593139648, 'emd_loss': 22.37266731262207, 'total_loss': 22.37266731262207}
2024-11-20 19:26:59,942 INFO ===> New TaichiEnv created.
2024-11-20 19:26:59,942 INFO ===> Specifications: horizon = 311, dt = 0.01, n_substeps = 20, dt_sub = 0.0005
2024-11-20 19:26:59,965 DEBUG loaded <trimesh.Trimesh(vertices.shape=(916, 3), faces.shape=(856, 3))> using `load_obj` in 0.0030s
2024-11-20 19:27:00,112 DEBUG loaded <trimesh.Trimesh(vertices.shape=(48, 3), faces.shape=(28, 3))> using `load_obj` in 0.0007s
2024-11-20 19:27:09,155 INFO =====> alpha: 0.5
2024-11-20 19:27:09,156 INFO =====> Loss info: {'particle_has_naninf': False, 'height_map_loss': 13.071233749389648, 'emd_loss': 22.333026885986328, 'total_loss': 22.333026885986328}
2024-11-20 19:27:09,791 INFO ===> New TaichiEnv created.
2024-11-20 19:27:09,791 INFO ===> Specifications: horizon = 311, dt = 0.01, n_substeps = 20, dt_sub = 0.0005
2024-11-20 19:27:09,815 DEBUG loaded <trimesh.Trimesh(vertices.shape=(916, 3), faces.shape=(856, 3))> using `load_obj` in 0.0031s
2024-11-20 19:27:09,964 DEBUG loaded <trimesh.Trimesh(vertices.shape=(48, 3), faces.shape=(28, 3))> using `load_obj` in 0.0007s
2024-11-20 19:27:20,219 INFO =====> alpha: 1.0
2024-11-20 19:27:20,219 INFO =====> Loss info: {'particle_has_naninf': False, 'height_map_loss': 13.142415046691895, 'emd_loss': 23.074260711669922, 'total_loss': 23.074260711669922}
2024-11-20 19:27:20,802 INFO ===> New TaichiEnv created.
2024-11-20 19:27:20,803 INFO ===> Specifications: horizon = 311, dt = 0.01, n_substeps = 20, dt_sub = 0.0005
2024-11-20 19:27:20,826 DEBUG loaded <trimesh.Trimesh(vertices.shape=(916, 3), faces.shape=(856, 3))> using `load_obj` in 0.0029s
2024-11-20 19:27:20,975 DEBUG loaded <trimesh.Trimesh(vertices.shape=(48, 3), faces.shape=(28, 3))> using `load_obj` in 0.0007s
2024-11-20 19:27:29,898 INFO =====> alpha: 1.01
2024-11-20 19:27:29,898 INFO =====> Loss info: {'particle_has_naninf': False, 'height_map_loss': 13.142542839050293, 'emd_loss': 22.922637939453125, 'total_loss': 22.922637939453125}
2024-11-20 19:27:30,475 INFO ===> New TaichiEnv created.
2024-11-20 19:27:30,475 INFO ===> Specifications: horizon = 311, dt = 0.01, n_substeps = 20, dt_sub = 0.0005
2024-11-20 19:27:30,498 DEBUG loaded <trimesh.Trimesh(vertices.shape=(916, 3), faces.shape=(856, 3))> using `load_obj` in 0.0031s
2024-11-20 19:27:30,645 DEBUG loaded <trimesh.Trimesh(vertices.shape=(48, 3), faces.shape=(28, 3))> using `load_obj` in 0.0007s
2024-11-20 19:27:39,616 INFO =====> alpha: 1.1
2024-11-20 19:27:39,616 INFO =====> Loss info: {'particle_has_naninf': False, 'height_map_loss': 13.158974647521973, 'emd_loss': 22.849332809448242, 'total_loss': 22.849332809448242}
2024-11-20 19:27:40,197 INFO ===> New TaichiEnv created.
2024-11-20 19:27:40,198 INFO ===> Specifications: horizon = 311, dt = 0.01, n_substeps = 20, dt_sub = 0.0005
2024-11-20 19:27:40,221 DEBUG loaded <trimesh.Trimesh(vertices.shape=(916, 3), faces.shape=(856, 3))> using `load_obj` in 0.0030s
2024-11-20 19:27:40,367 DEBUG loaded <trimesh.Trimesh(vertices.shape=(48, 3), faces.shape=(28, 3))> using `load_obj` in 0.0007s
2024-11-20 19:27:49,400 INFO =====> alpha: 1.5
2024-11-20 19:27:49,400 INFO =====> Loss info: {'particle_has_naninf': False, 'height_map_loss': 13.206341743469238, 'emd_loss': 22.787080764770508, 'total_loss': 22.787080764770508}
2024-11-20 19:27:49,400 INFO =====> Best alpha: 0.1, Best loss info: {'particle_has_naninf': False, 'height_map_loss': 13.025823593139648, 'emd_loss': 22.37266731262207, 'total_loss': 22.37266731262207}
2024-11-20 19:27:49,401 INFO =====> Param: E: [503120.3], nu: [0.39914203], rho: [1303.7726], sand_angle: [15.492227]
2024-11-20 19:27:49,401 INFO =====> Grad: [ 5.0832871e-03  1.5740846e+04 -1.0082409e+01  7.5339978e+02]
2024-11-20 19:27:49,401 INFO =====> Num. aborted data so far: 0
2024-11-20 19:27:49,979 INFO ===> New TaichiEnv created.
2024-11-20 19:27:49,979 INFO ===> Specifications: horizon = 311, dt = 0.01, n_substeps = 20, dt_sub = 0.0005
2024-11-20 19:27:50,004 DEBUG loaded <trimesh.Trimesh(vertices.shape=(916, 3), faces.shape=(856, 3))> using `load_obj` in 0.0032s
2024-11-20 19:27:50,151 DEBUG loaded <trimesh.Trimesh(vertices.shape=(48, 3), faces.shape=(28, 3))> using `load_obj` in 0.0007s
2024-11-20 19:28:18,439 INFO =====> Epoch: 47
2024-11-20 19:28:18,439 INFO =====> Loss info: {'particle_has_naninf': False, 'height_map_loss': 13.022758483886719, 'emd_loss': 22.379520416259766, 'total_loss': 22.379520416259766}
2024-11-20 19:28:18,440 INFO =====> Performing line search for epoch 47......
2024-11-20 19:28:19,045 INFO ===> New TaichiEnv created.
2024-11-20 19:28:19,045 INFO ===> Specifications: horizon = 311, dt = 0.01, n_substeps = 20, dt_sub = 0.0005
2024-11-20 19:28:19,069 DEBUG loaded <trimesh.Trimesh(vertices.shape=(916, 3), faces.shape=(856, 3))> using `load_obj` in 0.0030s
2024-11-20 19:28:19,216 DEBUG loaded <trimesh.Trimesh(vertices.shape=(48, 3), faces.shape=(28, 3))> using `load_obj` in 0.0007s
2024-11-20 19:28:28,212 INFO =====> alpha: 0.01
2024-11-20 19:28:28,212 INFO =====> Loss info: {'particle_has_naninf': False, 'height_map_loss': 13.027535438537598, 'emd_loss': 22.399784088134766, 'total_loss': 22.399784088134766}
2024-11-20 19:28:28,791 INFO ===> New TaichiEnv created.
2024-11-20 19:28:28,791 INFO ===> Specifications: horizon = 311, dt = 0.01, n_substeps = 20, dt_sub = 0.0005
2024-11-20 19:28:28,815 DEBUG loaded <trimesh.Trimesh(vertices.shape=(916, 3), faces.shape=(856, 3))> using `load_obj` in 0.0030s
2024-11-20 19:28:28,961 DEBUG loaded <trimesh.Trimesh(vertices.shape=(48, 3), faces.shape=(28, 3))> using `load_obj` in 0.0007s
2024-11-20 19:28:39,227 INFO =====> alpha: 0.1
2024-11-20 19:28:39,227 INFO =====> Loss info: {'particle_has_naninf': False, 'height_map_loss': 13.056146621704102, 'emd_loss': 22.283329010009766, 'total_loss': 22.283329010009766}
2024-11-20 19:28:39,817 INFO ===> New TaichiEnv created.
2024-11-20 19:28:39,818 INFO ===> Specifications: horizon = 311, dt = 0.01, n_substeps = 20, dt_sub = 0.0005
2024-11-20 19:28:39,841 DEBUG loaded <trimesh.Trimesh(vertices.shape=(916, 3), faces.shape=(856, 3))> using `load_obj` in 0.0029s
2024-11-20 19:28:39,987 DEBUG loaded <trimesh.Trimesh(vertices.shape=(48, 3), faces.shape=(28, 3))> using `load_obj` in 0.0007s
2024-11-20 19:28:48,984 INFO =====> alpha: 0.5
2024-11-20 19:28:48,984 INFO =====> Loss info: {'particle_has_naninf': False, 'height_map_loss': 13.127416610717773, 'emd_loss': 21.88435935974121, 'total_loss': 21.88435935974121}
2024-11-20 19:28:49,617 INFO ===> New TaichiEnv created.
2024-11-20 19:28:49,617 INFO ===> Specifications: horizon = 311, dt = 0.01, n_substeps = 20, dt_sub = 0.0005
2024-11-20 19:28:49,641 DEBUG loaded <trimesh.Trimesh(vertices.shape=(916, 3), faces.shape=(856, 3))> using `load_obj` in 0.0030s
2024-11-20 19:28:49,789 DEBUG loaded <trimesh.Trimesh(vertices.shape=(48, 3), faces.shape=(28, 3))> using `load_obj` in 0.0007s
2024-11-20 19:28:58,778 INFO =====> alpha: 1.0
2024-11-20 19:28:58,778 INFO =====> Loss info: {'particle_has_naninf': False, 'height_map_loss': 13.25130844116211, 'emd_loss': 21.93037986755371, 'total_loss': 21.93037986755371}
2024-11-20 19:28:59,363 INFO ===> New TaichiEnv created.
2024-11-20 19:28:59,363 INFO ===> Specifications: horizon = 311, dt = 0.01, n_substeps = 20, dt_sub = 0.0005
2024-11-20 19:28:59,387 DEBUG loaded <trimesh.Trimesh(vertices.shape=(916, 3), faces.shape=(856, 3))> using `load_obj` in 0.0030s
2024-11-20 19:28:59,534 DEBUG loaded <trimesh.Trimesh(vertices.shape=(48, 3), faces.shape=(28, 3))> using `load_obj` in 0.0007s
2024-11-20 19:29:08,500 INFO =====> alpha: 1.01
2024-11-20 19:29:08,500 INFO =====> Loss info: {'particle_has_naninf': False, 'height_map_loss': 13.264930725097656, 'emd_loss': 21.947532653808594, 'total_loss': 21.947532653808594}
2024-11-20 19:29:09,082 INFO ===> New TaichiEnv created.
2024-11-20 19:29:09,083 INFO ===> Specifications: horizon = 311, dt = 0.01, n_substeps = 20, dt_sub = 0.0005
2024-11-20 19:29:09,106 DEBUG loaded <trimesh.Trimesh(vertices.shape=(916, 3), faces.shape=(856, 3))> using `load_obj` in 0.0029s
2024-11-20 19:29:09,253 DEBUG loaded <trimesh.Trimesh(vertices.shape=(48, 3), faces.shape=(28, 3))> using `load_obj` in 0.0007s
2024-11-20 19:29:19,469 INFO =====> alpha: 1.1
2024-11-20 19:29:19,469 INFO =====> Loss info: {'particle_has_naninf': False, 'height_map_loss': 13.273542404174805, 'emd_loss': 21.943456649780273, 'total_loss': 21.943456649780273}
2024-11-20 19:29:20,054 INFO ===> New TaichiEnv created.
2024-11-20 19:29:20,054 INFO ===> Specifications: horizon = 311, dt = 0.01, n_substeps = 20, dt_sub = 0.0005
2024-11-20 19:29:20,077 DEBUG loaded <trimesh.Trimesh(vertices.shape=(916, 3), faces.shape=(856, 3))> using `load_obj` in 0.0029s
2024-11-20 19:29:20,223 DEBUG loaded <trimesh.Trimesh(vertices.shape=(48, 3), faces.shape=(28, 3))> using `load_obj` in 0.0007s
2024-11-20 19:29:29,129 INFO =====> alpha: 1.5
2024-11-20 19:29:29,129 INFO =====> Loss info: {'particle_has_naninf': False, 'height_map_loss': 13.377779960632324, 'emd_loss': 22.233928680419922, 'total_loss': 22.233928680419922}
2024-11-20 19:29:29,129 INFO =====> Best alpha: 0.01, Best loss info: {'particle_has_naninf': False, 'height_map_loss': 13.027535438537598, 'emd_loss': 22.399784088134766, 'total_loss': 22.399784088134766}
2024-11-20 19:29:29,129 INFO =====> Param: E: [503290.78], nu: [0.3993316], rho: [1304.4088], sand_angle: [15.513312]
2024-11-20 19:29:29,130 INFO =====> Grad: [-5.1274518e-03 -7.5169547e+04 -4.6317928e+01 -2.0348901e+03]
2024-11-20 19:29:29,130 INFO =====> Num. aborted data so far: 0
2024-11-20 19:29:29,716 INFO ===> New TaichiEnv created.
2024-11-20 19:29:29,717 INFO ===> Specifications: horizon = 311, dt = 0.01, n_substeps = 20, dt_sub = 0.0005
2024-11-20 19:29:29,742 DEBUG loaded <trimesh.Trimesh(vertices.shape=(916, 3), faces.shape=(856, 3))> using `load_obj` in 0.0031s
2024-11-20 19:29:29,889 DEBUG loaded <trimesh.Trimesh(vertices.shape=(48, 3), faces.shape=(28, 3))> using `load_obj` in 0.0007s
2024-11-20 19:29:56,889 INFO =====> Epoch: 48
2024-11-20 19:29:56,889 INFO =====> Loss info: {'particle_has_naninf': False, 'height_map_loss': 13.02841854095459, 'emd_loss': 22.402673721313477, 'total_loss': 22.402673721313477}
2024-11-20 19:29:56,889 INFO =====> Performing line search for epoch 48......
2024-11-20 19:29:57,487 INFO ===> New TaichiEnv created.
2024-11-20 19:29:57,487 INFO ===> Specifications: horizon = 311, dt = 0.01, n_substeps = 20, dt_sub = 0.0005
2024-11-20 19:29:57,510 DEBUG loaded <trimesh.Trimesh(vertices.shape=(916, 3), faces.shape=(856, 3))> using `load_obj` in 0.0029s
2024-11-20 19:29:57,658 DEBUG loaded <trimesh.Trimesh(vertices.shape=(48, 3), faces.shape=(28, 3))> using `load_obj` in 0.0007s
2024-11-20 19:30:07,991 INFO =====> alpha: 0.01
2024-11-20 19:30:07,991 INFO =====> Loss info: {'particle_has_naninf': False, 'height_map_loss': 13.025785446166992, 'emd_loss': 22.422048568725586, 'total_loss': 22.422048568725586}
2024-11-20 19:30:08,594 INFO ===> New TaichiEnv created.
2024-11-20 19:30:08,594 INFO ===> Specifications: horizon = 311, dt = 0.01, n_substeps = 20, dt_sub = 0.0005
2024-11-20 19:30:08,619 DEBUG loaded <trimesh.Trimesh(vertices.shape=(916, 3), faces.shape=(856, 3))> using `load_obj` in 0.0031s
2024-11-20 19:30:08,769 DEBUG loaded <trimesh.Trimesh(vertices.shape=(48, 3), faces.shape=(28, 3))> using `load_obj` in 0.0007s
2024-11-20 19:30:17,793 INFO =====> alpha: 0.1
2024-11-20 19:30:17,793 INFO =====> Loss info: {'particle_has_naninf': False, 'height_map_loss': 13.025489807128906, 'emd_loss': 22.398815155029297, 'total_loss': 22.398815155029297}
2024-11-20 19:30:18,431 INFO ===> New TaichiEnv created.
2024-11-20 19:30:18,431 INFO ===> Specifications: horizon = 311, dt = 0.01, n_substeps = 20, dt_sub = 0.0005
2024-11-20 19:30:18,455 DEBUG loaded <trimesh.Trimesh(vertices.shape=(916, 3), faces.shape=(856, 3))> using `load_obj` in 0.0030s
2024-11-20 19:30:18,602 DEBUG loaded <trimesh.Trimesh(vertices.shape=(48, 3), faces.shape=(28, 3))> using `load_obj` in 0.0007s
2024-11-20 19:30:27,521 INFO =====> alpha: 0.5
2024-11-20 19:30:27,521 INFO =====> Loss info: {'particle_has_naninf': False, 'height_map_loss': 13.05418872833252, 'emd_loss': 22.255298614501953, 'total_loss': 22.255298614501953}
2024-11-20 19:30:28,100 INFO ===> New TaichiEnv created.
2024-11-20 19:30:28,100 INFO ===> Specifications: horizon = 311, dt = 0.01, n_substeps = 20, dt_sub = 0.0005
2024-11-20 19:30:28,123 DEBUG loaded <trimesh.Trimesh(vertices.shape=(916, 3), faces.shape=(856, 3))> using `load_obj` in 0.0030s
2024-11-20 19:30:28,272 DEBUG loaded <trimesh.Trimesh(vertices.shape=(48, 3), faces.shape=(28, 3))> using `load_obj` in 0.0007s
2024-11-20 19:30:38,468 INFO =====> alpha: 1.0
2024-11-20 19:30:38,468 INFO =====> Loss info: {'particle_has_naninf': False, 'height_map_loss': 13.05871868133545, 'emd_loss': 22.456327438354492, 'total_loss': 22.456327438354492}
2024-11-20 19:30:39,051 INFO ===> New TaichiEnv created.
2024-11-20 19:30:39,051 INFO ===> Specifications: horizon = 311, dt = 0.01, n_substeps = 20, dt_sub = 0.0005
2024-11-20 19:30:39,075 DEBUG loaded <trimesh.Trimesh(vertices.shape=(916, 3), faces.shape=(856, 3))> using `load_obj` in 0.0030s
2024-11-20 19:30:39,221 DEBUG loaded <trimesh.Trimesh(vertices.shape=(48, 3), faces.shape=(28, 3))> using `load_obj` in 0.0007s
2024-11-20 19:30:48,185 INFO =====> alpha: 1.01
2024-11-20 19:30:48,185 INFO =====> Loss info: {'particle_has_naninf': False, 'height_map_loss': 13.069594383239746, 'emd_loss': 22.42439079284668, 'total_loss': 22.42439079284668}
2024-11-20 19:30:48,763 INFO ===> New TaichiEnv created.
2024-11-20 19:30:48,763 INFO ===> Specifications: horizon = 311, dt = 0.01, n_substeps = 20, dt_sub = 0.0005
2024-11-20 19:30:48,787 DEBUG loaded <trimesh.Trimesh(vertices.shape=(916, 3), faces.shape=(856, 3))> using `load_obj` in 0.0031s
2024-11-20 19:30:48,933 DEBUG loaded <trimesh.Trimesh(vertices.shape=(48, 3), faces.shape=(28, 3))> using `load_obj` in 0.0007s
2024-11-20 19:30:57,840 INFO =====> alpha: 1.1
2024-11-20 19:30:57,840 INFO =====> Loss info: {'particle_has_naninf': False, 'height_map_loss': 13.072541236877441, 'emd_loss': 22.586915969848633, 'total_loss': 22.586915969848633}
2024-11-20 19:30:58,414 INFO ===> New TaichiEnv created.
2024-11-20 19:30:58,414 INFO ===> Specifications: horizon = 311, dt = 0.01, n_substeps = 20, dt_sub = 0.0005
2024-11-20 19:30:58,437 DEBUG loaded <trimesh.Trimesh(vertices.shape=(916, 3), faces.shape=(856, 3))> using `load_obj` in 0.0030s
2024-11-20 19:30:58,585 DEBUG loaded <trimesh.Trimesh(vertices.shape=(48, 3), faces.shape=(28, 3))> using `load_obj` in 0.0007s
2024-11-20 19:31:08,808 INFO =====> alpha: 1.5
2024-11-20 19:31:08,808 INFO =====> Loss info: {'particle_has_naninf': False, 'height_map_loss': 13.10549259185791, 'emd_loss': 22.71715545654297, 'total_loss': 22.71715545654297}
2024-11-20 19:31:08,809 INFO =====> Best alpha: 0.1, Best loss info: {'particle_has_naninf': False, 'height_map_loss': 13.025489807128906, 'emd_loss': 22.398815155029297, 'total_loss': 22.398815155029297}
2024-11-20 19:31:08,809 INFO =====> Param: E: [501443.97], nu: [0.39899006], rho: [1298.1003], sand_angle: [15.472117]
2024-11-20 19:31:08,809 INFO =====> Grad: [5.50988177e-03 1.29234375e+04 4.75147324e+01 3.80389496e+02]
2024-11-20 19:31:08,809 INFO =====> Num. aborted data so far: 0
2024-11-20 19:31:09,395 INFO ===> New TaichiEnv created.
2024-11-20 19:31:09,396 INFO ===> Specifications: horizon = 311, dt = 0.01, n_substeps = 20, dt_sub = 0.0005
2024-11-20 19:31:09,419 DEBUG loaded <trimesh.Trimesh(vertices.shape=(916, 3), faces.shape=(856, 3))> using `load_obj` in 0.0029s
2024-11-20 19:31:09,564 DEBUG loaded <trimesh.Trimesh(vertices.shape=(48, 3), faces.shape=(28, 3))> using `load_obj` in 0.0007s
2024-11-20 19:31:36,566 INFO =====> Epoch: 49
2024-11-20 19:31:36,566 INFO =====> Loss info: {'particle_has_naninf': False, 'height_map_loss': 13.02371597290039, 'emd_loss': 22.400604248046875, 'total_loss': 22.400604248046875}
2024-11-20 19:31:36,566 INFO =====> Performing line search for epoch 49......
2024-11-20 19:31:37,171 INFO ===> New TaichiEnv created.
2024-11-20 19:31:37,171 INFO ===> Specifications: horizon = 311, dt = 0.01, n_substeps = 20, dt_sub = 0.0005
2024-11-20 19:31:37,194 DEBUG loaded <trimesh.Trimesh(vertices.shape=(916, 3), faces.shape=(856, 3))> using `load_obj` in 0.0030s
2024-11-20 19:31:37,342 DEBUG loaded <trimesh.Trimesh(vertices.shape=(48, 3), faces.shape=(28, 3))> using `load_obj` in 0.0007s
2024-11-20 19:31:46,429 INFO =====> alpha: 0.01
2024-11-20 19:31:46,429 INFO =====> Loss info: {'particle_has_naninf': False, 'height_map_loss': 13.023880004882812, 'emd_loss': 22.395530700683594, 'total_loss': 22.395530700683594}
2024-11-20 19:31:47,007 INFO ===> New TaichiEnv created.
2024-11-20 19:31:47,007 INFO ===> Specifications: horizon = 311, dt = 0.01, n_substeps = 20, dt_sub = 0.0005
2024-11-20 19:31:47,030 DEBUG loaded <trimesh.Trimesh(vertices.shape=(916, 3), faces.shape=(856, 3))> using `load_obj` in 0.0030s
2024-11-20 19:31:47,178 DEBUG loaded <trimesh.Trimesh(vertices.shape=(48, 3), faces.shape=(28, 3))> using `load_obj` in 0.0007s
2024-11-20 19:31:57,333 INFO =====> alpha: 0.1
2024-11-20 19:31:57,333 INFO =====> Loss info: {'particle_has_naninf': False, 'height_map_loss': 13.032403945922852, 'emd_loss': 22.39025115966797, 'total_loss': 22.39025115966797}
2024-11-20 19:31:57,909 INFO ===> New TaichiEnv created.
2024-11-20 19:31:57,910 INFO ===> Specifications: horizon = 311, dt = 0.01, n_substeps = 20, dt_sub = 0.0005
2024-11-20 19:31:57,933 DEBUG loaded <trimesh.Trimesh(vertices.shape=(916, 3), faces.shape=(856, 3))> using `load_obj` in 0.0029s
2024-11-20 19:31:58,079 DEBUG loaded <trimesh.Trimesh(vertices.shape=(48, 3), faces.shape=(28, 3))> using `load_obj` in 0.0007s
2024-11-20 19:32:07,076 INFO =====> alpha: 0.5
2024-11-20 19:32:07,076 INFO =====> Loss info: {'particle_has_naninf': False, 'height_map_loss': 13.047869682312012, 'emd_loss': 22.22188377380371, 'total_loss': 22.22188377380371}
2024-11-20 19:32:07,660 INFO ===> New TaichiEnv created.
2024-11-20 19:32:07,661 INFO ===> Specifications: horizon = 311, dt = 0.01, n_substeps = 20, dt_sub = 0.0005
2024-11-20 19:32:07,684 DEBUG loaded <trimesh.Trimesh(vertices.shape=(916, 3), faces.shape=(856, 3))> using `load_obj` in 0.0030s
2024-11-20 19:32:07,832 DEBUG loaded <trimesh.Trimesh(vertices.shape=(48, 3), faces.shape=(28, 3))> using `load_obj` in 0.0007s
2024-11-20 19:32:16,936 INFO =====> alpha: 1.0
2024-11-20 19:32:16,936 INFO =====> Loss info: {'particle_has_naninf': False, 'height_map_loss': 13.04173755645752, 'emd_loss': 22.228485107421875, 'total_loss': 22.228485107421875}
2024-11-20 19:32:17,528 INFO ===> New TaichiEnv created.
2024-11-20 19:32:17,528 INFO ===> Specifications: horizon = 311, dt = 0.01, n_substeps = 20, dt_sub = 0.0005
2024-11-20 19:32:17,552 DEBUG loaded <trimesh.Trimesh(vertices.shape=(916, 3), faces.shape=(856, 3))> using `load_obj` in 0.0030s
2024-11-20 19:32:17,699 DEBUG loaded <trimesh.Trimesh(vertices.shape=(48, 3), faces.shape=(28, 3))> using `load_obj` in 0.0007s
2024-11-20 19:32:26,752 INFO =====> alpha: 1.01
2024-11-20 19:32:26,752 INFO =====> Loss info: {'particle_has_naninf': False, 'height_map_loss': 13.048057556152344, 'emd_loss': 22.232303619384766, 'total_loss': 22.232303619384766}
2024-11-20 19:32:27,333 INFO ===> New TaichiEnv created.
2024-11-20 19:32:27,333 INFO ===> Specifications: horizon = 311, dt = 0.01, n_substeps = 20, dt_sub = 0.0005
2024-11-20 19:32:27,357 DEBUG loaded <trimesh.Trimesh(vertices.shape=(916, 3), faces.shape=(856, 3))> using `load_obj` in 0.0029s
2024-11-20 19:32:27,504 DEBUG loaded <trimesh.Trimesh(vertices.shape=(48, 3), faces.shape=(28, 3))> using `load_obj` in 0.0007s
2024-11-20 19:32:37,780 INFO =====> alpha: 1.1
2024-11-20 19:32:37,780 INFO =====> Loss info: {'particle_has_naninf': False, 'height_map_loss': 13.041769027709961, 'emd_loss': 22.197240829467773, 'total_loss': 22.197240829467773}
2024-11-20 19:32:38,360 INFO ===> New TaichiEnv created.
2024-11-20 19:32:38,360 INFO ===> Specifications: horizon = 311, dt = 0.01, n_substeps = 20, dt_sub = 0.0005
2024-11-20 19:32:38,384 DEBUG loaded <trimesh.Trimesh(vertices.shape=(916, 3), faces.shape=(856, 3))> using `load_obj` in 0.0030s
2024-11-20 19:32:38,529 DEBUG loaded <trimesh.Trimesh(vertices.shape=(48, 3), faces.shape=(28, 3))> using `load_obj` in 0.0007s
2024-11-20 19:32:47,504 INFO =====> alpha: 1.5
2024-11-20 19:32:47,504 INFO =====> Loss info: {'particle_has_naninf': False, 'height_map_loss': 13.057394981384277, 'emd_loss': 22.401517868041992, 'total_loss': 22.401517868041992}
2024-11-20 19:32:47,504 INFO =====> Best alpha: 0.01, Best loss info: {'particle_has_naninf': False, 'height_map_loss': 13.023880004882812, 'emd_loss': 22.395530700683594, 'total_loss': 22.395530700683594}
2024-11-20 19:32:47,504 INFO =====> Param: E: [501557.], nu: [0.39906815], rho: [1297.6261], sand_angle: [15.468613]
2024-11-20 19:32:47,504 INFO =====> Grad: [-3.2516592e-03 -2.8921979e+04  3.5518917e+01  3.0887970e+02]
2024-11-20 19:32:47,504 INFO =====> Num. aborted data so far: 0
2024-11-20 19:32:48,089 INFO ===> New TaichiEnv created.
2024-11-20 19:32:48,089 INFO ===> Specifications: horizon = 311, dt = 0.01, n_substeps = 20, dt_sub = 0.0005
2024-11-20 19:32:48,114 DEBUG loaded <trimesh.Trimesh(vertices.shape=(916, 3), faces.shape=(856, 3))> using `load_obj` in 0.0030s
2024-11-20 19:32:48,260 DEBUG loaded <trimesh.Trimesh(vertices.shape=(48, 3), faces.shape=(28, 3))> using `load_obj` in 0.0007s
2024-11-20 19:33:16,610 INFO =====> Epoch: 50
2024-11-20 19:33:16,610 INFO =====> Loss info: {'particle_has_naninf': False, 'height_map_loss': 13.024688720703125, 'emd_loss': 22.39474868774414, 'total_loss': 22.39474868774414}
2024-11-20 19:33:16,610 INFO =====> Performing line search for epoch 50......
2024-11-20 19:33:17,243 INFO ===> New TaichiEnv created.
2024-11-20 19:33:17,243 INFO ===> Specifications: horizon = 311, dt = 0.01, n_substeps = 20, dt_sub = 0.0005
2024-11-20 19:33:17,267 DEBUG loaded <trimesh.Trimesh(vertices.shape=(916, 3), faces.shape=(856, 3))> using `load_obj` in 0.0030s
2024-11-20 19:33:17,414 DEBUG loaded <trimesh.Trimesh(vertices.shape=(48, 3), faces.shape=(28, 3))> using `load_obj` in 0.0007s
2024-11-20 19:33:26,418 INFO =====> alpha: 0.01
2024-11-20 19:33:26,418 INFO =====> Loss info: {'particle_has_naninf': False, 'height_map_loss': 13.02751636505127, 'emd_loss': 22.378435134887695, 'total_loss': 22.378435134887695}
2024-11-20 19:33:26,991 INFO ===> New TaichiEnv created.
2024-11-20 19:33:26,991 INFO ===> Specifications: horizon = 311, dt = 0.01, n_substeps = 20, dt_sub = 0.0005
2024-11-20 19:33:27,015 DEBUG loaded <trimesh.Trimesh(vertices.shape=(916, 3), faces.shape=(856, 3))> using `load_obj` in 0.0030s
2024-11-20 19:33:27,162 DEBUG loaded <trimesh.Trimesh(vertices.shape=(48, 3), faces.shape=(28, 3))> using `load_obj` in 0.0007s
2024-11-20 19:33:36,121 INFO =====> alpha: 0.1
2024-11-20 19:33:36,121 INFO =====> Loss info: {'particle_has_naninf': False, 'height_map_loss': 13.04200267791748, 'emd_loss': 22.2581729888916, 'total_loss': 22.2581729888916}
2024-11-20 19:33:36,700 INFO ===> New TaichiEnv created.
2024-11-20 19:33:36,700 INFO ===> Specifications: horizon = 311, dt = 0.01, n_substeps = 20, dt_sub = 0.0005
2024-11-20 19:33:36,724 DEBUG loaded <trimesh.Trimesh(vertices.shape=(916, 3), faces.shape=(856, 3))> using `load_obj` in 0.0031s
2024-11-20 19:33:36,872 DEBUG loaded <trimesh.Trimesh(vertices.shape=(48, 3), faces.shape=(28, 3))> using `load_obj` in 0.0007s
2024-11-20 19:33:45,804 INFO =====> alpha: 0.5
2024-11-20 19:33:45,804 INFO =====> Loss info: {'particle_has_naninf': False, 'height_map_loss': 13.073714256286621, 'emd_loss': 22.050464630126953, 'total_loss': 22.050464630126953}
2024-11-20 19:33:46,379 INFO ===> New TaichiEnv created.
2024-11-20 19:33:46,379 INFO ===> Specifications: horizon = 311, dt = 0.01, n_substeps = 20, dt_sub = 0.0005
2024-11-20 19:33:46,402 DEBUG loaded <trimesh.Trimesh(vertices.shape=(916, 3), faces.shape=(856, 3))> using `load_obj` in 0.0029s
2024-11-20 19:33:46,549 DEBUG loaded <trimesh.Trimesh(vertices.shape=(48, 3), faces.shape=(28, 3))> using `load_obj` in 0.0007s
2024-11-20 19:33:56,809 INFO =====> alpha: 1.0
2024-11-20 19:33:56,809 INFO =====> Loss info: {'particle_has_naninf': False, 'height_map_loss': 13.161282539367676, 'emd_loss': 22.019119262695312, 'total_loss': 22.019119262695312}
2024-11-20 19:33:57,386 INFO ===> New TaichiEnv created.
2024-11-20 19:33:57,386 INFO ===> Specifications: horizon = 311, dt = 0.01, n_substeps = 20, dt_sub = 0.0005
2024-11-20 19:33:57,409 DEBUG loaded <trimesh.Trimesh(vertices.shape=(916, 3), faces.shape=(856, 3))> using `load_obj` in 0.0029s
2024-11-20 19:33:57,554 DEBUG loaded <trimesh.Trimesh(vertices.shape=(48, 3), faces.shape=(28, 3))> using `load_obj` in 0.0007s
2024-11-20 19:34:06,519 INFO =====> alpha: 1.01
2024-11-20 19:34:06,519 INFO =====> Loss info: {'particle_has_naninf': False, 'height_map_loss': 13.163809776306152, 'emd_loss': 22.267061233520508, 'total_loss': 22.267061233520508}
2024-11-20 19:34:07,192 INFO ===> New TaichiEnv created.
2024-11-20 19:34:07,192 INFO ===> Specifications: horizon = 311, dt = 0.01, n_substeps = 20, dt_sub = 0.0005
2024-11-20 19:34:07,216 DEBUG loaded <trimesh.Trimesh(vertices.shape=(916, 3), faces.shape=(856, 3))> using `load_obj` in 0.0030s
2024-11-20 19:34:07,362 DEBUG loaded <trimesh.Trimesh(vertices.shape=(48, 3), faces.shape=(28, 3))> using `load_obj` in 0.0007s
2024-11-20 19:34:16,347 INFO =====> alpha: 1.1
2024-11-20 19:34:16,348 INFO =====> Loss info: {'particle_has_naninf': False, 'height_map_loss': 13.161128044128418, 'emd_loss': 22.29902458190918, 'total_loss': 22.29902458190918}
2024-11-20 19:34:16,927 INFO ===> New TaichiEnv created.
2024-11-20 19:34:16,927 INFO ===> Specifications: horizon = 311, dt = 0.01, n_substeps = 20, dt_sub = 0.0005
2024-11-20 19:34:16,951 DEBUG loaded <trimesh.Trimesh(vertices.shape=(916, 3), faces.shape=(856, 3))> using `load_obj` in 0.0030s
2024-11-20 19:34:17,099 DEBUG loaded <trimesh.Trimesh(vertices.shape=(48, 3), faces.shape=(28, 3))> using `load_obj` in 0.0007s
2024-11-20 19:34:27,283 INFO =====> alpha: 1.5
2024-11-20 19:34:27,283 INFO =====> Loss info: {'particle_has_naninf': False, 'height_map_loss': 13.188802719116211, 'emd_loss': 22.34126091003418, 'total_loss': 22.34126091003418}
2024-11-20 19:34:27,283 INFO =====> Best alpha: 0.01, Best loss info: {'particle_has_naninf': False, 'height_map_loss': 13.02751636505127, 'emd_loss': 22.378435134887695, 'total_loss': 22.378435134887695}
2024-11-20 19:34:27,284 INFO =====> Param: E: [501927.16], nu: [0.39919007], rho: [1298.2379], sand_angle: [15.481099]
2024-11-20 19:34:27,284 INFO =====> Grad: [-1.2458974e-02 -4.6438969e+04 -4.7151337e+01 -1.1364723e+03]
2024-11-20 19:34:27,284 INFO =====> Num. aborted data so far: 0
2024-11-20 19:34:27,866 INFO ===> New TaichiEnv created.
2024-11-20 19:34:27,867 INFO ===> Specifications: horizon = 311, dt = 0.01, n_substeps = 20, dt_sub = 0.0005
2024-11-20 19:34:27,890 DEBUG loaded <trimesh.Trimesh(vertices.shape=(916, 3), faces.shape=(856, 3))> using `load_obj` in 0.0029s
2024-11-20 19:34:28,036 DEBUG loaded <trimesh.Trimesh(vertices.shape=(48, 3), faces.shape=(28, 3))> using `load_obj` in 0.0007s
2024-11-20 19:34:54,994 INFO =====> Epoch: 51
2024-11-20 19:34:54,994 INFO =====> Loss info: {'particle_has_naninf': False, 'height_map_loss': 13.02592945098877, 'emd_loss': 22.400224685668945, 'total_loss': 22.400224685668945}
2024-11-20 19:34:54,994 INFO =====> Performing line search for epoch 51......
2024-11-20 19:34:55,599 INFO ===> New TaichiEnv created.
2024-11-20 19:34:55,599 INFO ===> Specifications: horizon = 311, dt = 0.01, n_substeps = 20, dt_sub = 0.0005
2024-11-20 19:34:55,623 DEBUG loaded <trimesh.Trimesh(vertices.shape=(916, 3), faces.shape=(856, 3))> using `load_obj` in 0.0030s
2024-11-20 19:34:55,771 DEBUG loaded <trimesh.Trimesh(vertices.shape=(48, 3), faces.shape=(28, 3))> using `load_obj` in 0.0007s
2024-11-20 19:35:04,778 INFO =====> alpha: 0.01
2024-11-20 19:35:04,778 INFO =====> Loss info: {'particle_has_naninf': False, 'height_map_loss': 13.023736953735352, 'emd_loss': 22.400177001953125, 'total_loss': 22.400177001953125}
2024-11-20 19:35:05,355 INFO ===> New TaichiEnv created.
2024-11-20 19:35:05,356 INFO ===> Specifications: horizon = 311, dt = 0.01, n_substeps = 20, dt_sub = 0.0005
2024-11-20 19:35:05,379 DEBUG loaded <trimesh.Trimesh(vertices.shape=(916, 3), faces.shape=(856, 3))> using `load_obj` in 0.0030s
2024-11-20 19:35:05,526 DEBUG loaded <trimesh.Trimesh(vertices.shape=(48, 3), faces.shape=(28, 3))> using `load_obj` in 0.0007s
2024-11-20 19:35:15,764 INFO =====> alpha: 0.1
2024-11-20 19:35:15,765 INFO =====> Loss info: {'particle_has_naninf': False, 'height_map_loss': 13.025138854980469, 'emd_loss': 22.379043579101562, 'total_loss': 22.379043579101562}
2024-11-20 19:35:16,359 INFO ===> New TaichiEnv created.
2024-11-20 19:35:16,359 INFO ===> Specifications: horizon = 311, dt = 0.01, n_substeps = 20, dt_sub = 0.0005
2024-11-20 19:35:16,382 DEBUG loaded <trimesh.Trimesh(vertices.shape=(916, 3), faces.shape=(856, 3))> using `load_obj` in 0.0029s
2024-11-20 19:35:16,529 DEBUG loaded <trimesh.Trimesh(vertices.shape=(48, 3), faces.shape=(28, 3))> using `load_obj` in 0.0007s
2024-11-20 19:35:25,535 INFO =====> alpha: 0.5
2024-11-20 19:35:25,535 INFO =====> Loss info: {'particle_has_naninf': False, 'height_map_loss': 13.024261474609375, 'emd_loss': 22.40177345275879, 'total_loss': 22.40177345275879}
2024-11-20 19:35:26,132 INFO ===> New TaichiEnv created.
2024-11-20 19:35:26,132 INFO ===> Specifications: horizon = 311, dt = 0.01, n_substeps = 20, dt_sub = 0.0005
2024-11-20 19:35:26,156 DEBUG loaded <trimesh.Trimesh(vertices.shape=(916, 3), faces.shape=(856, 3))> using `load_obj` in 0.0031s
2024-11-20 19:35:26,306 DEBUG loaded <trimesh.Trimesh(vertices.shape=(48, 3), faces.shape=(28, 3))> using `load_obj` in 0.0007s
2024-11-20 19:35:35,378 INFO =====> alpha: 1.0
2024-11-20 19:35:35,378 INFO =====> Loss info: {'particle_has_naninf': False, 'height_map_loss': 13.042535781860352, 'emd_loss': 22.39242172241211, 'total_loss': 22.39242172241211}
2024-11-20 19:35:35,959 INFO ===> New TaichiEnv created.
2024-11-20 19:35:35,959 INFO ===> Specifications: horizon = 311, dt = 0.01, n_substeps = 20, dt_sub = 0.0005
2024-11-20 19:35:35,983 DEBUG loaded <trimesh.Trimesh(vertices.shape=(916, 3), faces.shape=(856, 3))> using `load_obj` in 0.0031s
2024-11-20 19:35:36,131 DEBUG loaded <trimesh.Trimesh(vertices.shape=(48, 3), faces.shape=(28, 3))> using `load_obj` in 0.0007s
2024-11-20 19:35:45,112 INFO =====> alpha: 1.01
2024-11-20 19:35:45,112 INFO =====> Loss info: {'particle_has_naninf': False, 'height_map_loss': 13.032690048217773, 'emd_loss': 22.38132095336914, 'total_loss': 22.38132095336914}
2024-11-20 19:35:45,760 INFO ===> New TaichiEnv created.
2024-11-20 19:35:45,760 INFO ===> Specifications: horizon = 311, dt = 0.01, n_substeps = 20, dt_sub = 0.0005
2024-11-20 19:35:45,784 DEBUG loaded <trimesh.Trimesh(vertices.shape=(916, 3), faces.shape=(856, 3))> using `load_obj` in 0.0029s
2024-11-20 19:35:45,931 DEBUG loaded <trimesh.Trimesh(vertices.shape=(48, 3), faces.shape=(28, 3))> using `load_obj` in 0.0007s
2024-11-20 19:35:56,283 INFO =====> alpha: 1.1
2024-11-20 19:35:56,283 INFO =====> Loss info: {'particle_has_naninf': False, 'height_map_loss': 13.044987678527832, 'emd_loss': 22.378759384155273, 'total_loss': 22.378759384155273}
2024-11-20 19:35:56,862 INFO ===> New TaichiEnv created.
2024-11-20 19:35:56,862 INFO ===> Specifications: horizon = 311, dt = 0.01, n_substeps = 20, dt_sub = 0.0005
2024-11-20 19:35:56,885 DEBUG loaded <trimesh.Trimesh(vertices.shape=(916, 3), faces.shape=(856, 3))> using `load_obj` in 0.0029s
2024-11-20 19:35:57,031 DEBUG loaded <trimesh.Trimesh(vertices.shape=(48, 3), faces.shape=(28, 3))> using `load_obj` in 0.0007s
2024-11-20 19:36:06,041 INFO =====> alpha: 1.5
2024-11-20 19:36:06,042 INFO =====> Loss info: {'particle_has_naninf': False, 'height_map_loss': 13.048359870910645, 'emd_loss': 22.373342514038086, 'total_loss': 22.373342514038086}
2024-11-20 19:36:06,042 INFO =====> Best alpha: 0.01, Best loss info: {'particle_has_naninf': False, 'height_map_loss': 13.023736953735352, 'emd_loss': 22.400177001953125, 'total_loss': 22.400177001953125}
2024-11-20 19:36:06,042 INFO =====> Param: E: [501788.7], nu: [0.39919674], rho: [1298.3181], sand_angle: [15.481577]
2024-11-20 19:36:06,042 INFO =====> Grad: [ 4.5317421e-03 -2.4169031e+03 -5.8667736e+00 -4.1283272e+01]
2024-11-20 19:36:06,042 INFO =====> Num. aborted data so far: 0
2024-11-20 19:36:06,622 INFO ===> New TaichiEnv created.
2024-11-20 19:36:06,622 INFO ===> Specifications: horizon = 311, dt = 0.01, n_substeps = 20, dt_sub = 0.0005
2024-11-20 19:36:06,649 DEBUG loaded <trimesh.Trimesh(vertices.shape=(916, 3), faces.shape=(856, 3))> using `load_obj` in 0.0030s
2024-11-20 19:36:06,796 DEBUG loaded <trimesh.Trimesh(vertices.shape=(48, 3), faces.shape=(28, 3))> using `load_obj` in 0.0007s
2024-11-20 19:36:35,171 INFO =====> Epoch: 52
2024-11-20 19:36:35,171 INFO =====> Loss info: {'particle_has_naninf': False, 'height_map_loss': 13.026622772216797, 'emd_loss': 22.389604568481445, 'total_loss': 22.389604568481445}
2024-11-20 19:36:35,171 INFO =====> Performing line search for epoch 52......
2024-11-20 19:36:35,771 INFO ===> New TaichiEnv created.
2024-11-20 19:36:35,771 INFO ===> Specifications: horizon = 311, dt = 0.01, n_substeps = 20, dt_sub = 0.0005
2024-11-20 19:36:35,795 DEBUG loaded <trimesh.Trimesh(vertices.shape=(916, 3), faces.shape=(856, 3))> using `load_obj` in 0.0031s
2024-11-20 19:36:35,942 DEBUG loaded <trimesh.Trimesh(vertices.shape=(48, 3), faces.shape=(28, 3))> using `load_obj` in 0.0007s
2024-11-20 19:36:44,886 INFO =====> alpha: 0.01
2024-11-20 19:36:44,886 INFO =====> Loss info: {'particle_has_naninf': False, 'height_map_loss': 13.021815299987793, 'emd_loss': 22.39548683166504, 'total_loss': 22.39548683166504}
2024-11-20 19:36:45,529 INFO ===> New TaichiEnv created.
2024-11-20 19:36:45,529 INFO ===> Specifications: horizon = 311, dt = 0.01, n_substeps = 20, dt_sub = 0.0005
2024-11-20 19:36:45,553 DEBUG loaded <trimesh.Trimesh(vertices.shape=(916, 3), faces.shape=(856, 3))> using `load_obj` in 0.0032s
2024-11-20 19:36:45,702 DEBUG loaded <trimesh.Trimesh(vertices.shape=(48, 3), faces.shape=(28, 3))> using `load_obj` in 0.0008s
2024-11-20 19:36:54,618 INFO =====> alpha: 0.1
2024-11-20 19:36:54,618 INFO =====> Loss info: {'particle_has_naninf': False, 'height_map_loss': 13.020058631896973, 'emd_loss': 22.376117706298828, 'total_loss': 22.376117706298828}
2024-11-20 19:36:55,208 INFO ===> New TaichiEnv created.
2024-11-20 19:36:55,208 INFO ===> Specifications: horizon = 311, dt = 0.01, n_substeps = 20, dt_sub = 0.0005
2024-11-20 19:36:55,231 DEBUG loaded <trimesh.Trimesh(vertices.shape=(916, 3), faces.shape=(856, 3))> using `load_obj` in 0.0030s
2024-11-20 19:36:55,379 DEBUG loaded <trimesh.Trimesh(vertices.shape=(48, 3), faces.shape=(28, 3))> using `load_obj` in 0.0007s
2024-11-20 19:37:04,367 INFO =====> alpha: 0.5
2024-11-20 19:37:04,367 INFO =====> Loss info: {'particle_has_naninf': False, 'height_map_loss': 13.01719856262207, 'emd_loss': 22.39890480041504, 'total_loss': 22.39890480041504}
2024-11-20 19:37:04,951 INFO ===> New TaichiEnv created.
2024-11-20 19:37:04,951 INFO ===> Specifications: horizon = 311, dt = 0.01, n_substeps = 20, dt_sub = 0.0005
2024-11-20 19:37:04,975 DEBUG loaded <trimesh.Trimesh(vertices.shape=(916, 3), faces.shape=(856, 3))> using `load_obj` in 0.0031s
2024-11-20 19:37:05,123 DEBUG loaded <trimesh.Trimesh(vertices.shape=(48, 3), faces.shape=(28, 3))> using `load_obj` in 0.0007s
2024-11-20 19:37:15,476 INFO =====> alpha: 1.0
2024-11-20 19:37:15,476 INFO =====> Loss info: {'particle_has_naninf': False, 'height_map_loss': 13.017441749572754, 'emd_loss': 22.392797470092773, 'total_loss': 22.392797470092773}
2024-11-20 19:37:16,066 INFO ===> New TaichiEnv created.
2024-11-20 19:37:16,066 INFO ===> Specifications: horizon = 311, dt = 0.01, n_substeps = 20, dt_sub = 0.0005
2024-11-20 19:37:16,092 DEBUG loaded <trimesh.Trimesh(vertices.shape=(916, 3), faces.shape=(856, 3))> using `load_obj` in 0.0029s
2024-11-20 19:37:16,242 DEBUG loaded <trimesh.Trimesh(vertices.shape=(48, 3), faces.shape=(28, 3))> using `load_obj` in 0.0007s
2024-11-20 19:37:25,242 INFO =====> alpha: 1.01
2024-11-20 19:37:25,242 INFO =====> Loss info: {'particle_has_naninf': False, 'height_map_loss': 13.016692161560059, 'emd_loss': 22.386083602905273, 'total_loss': 22.386083602905273}
2024-11-20 19:37:25,822 INFO ===> New TaichiEnv created.
2024-11-20 19:37:25,822 INFO ===> Specifications: horizon = 311, dt = 0.01, n_substeps = 20, dt_sub = 0.0005
2024-11-20 19:37:25,846 DEBUG loaded <trimesh.Trimesh(vertices.shape=(916, 3), faces.shape=(856, 3))> using `load_obj` in 0.0030s
2024-11-20 19:37:25,996 DEBUG loaded <trimesh.Trimesh(vertices.shape=(48, 3), faces.shape=(28, 3))> using `load_obj` in 0.0007s
2024-11-20 19:37:34,958 INFO =====> alpha: 1.1
2024-11-20 19:37:34,958 INFO =====> Loss info: {'particle_has_naninf': False, 'height_map_loss': 13.038710594177246, 'emd_loss': 22.374414443969727, 'total_loss': 22.374414443969727}
2024-11-20 19:37:35,537 INFO ===> New TaichiEnv created.
2024-11-20 19:37:35,537 INFO ===> Specifications: horizon = 311, dt = 0.01, n_substeps = 20, dt_sub = 0.0005
2024-11-20 19:37:35,560 DEBUG loaded <trimesh.Trimesh(vertices.shape=(916, 3), faces.shape=(856, 3))> using `load_obj` in 0.0030s
2024-11-20 19:37:35,707 DEBUG loaded <trimesh.Trimesh(vertices.shape=(48, 3), faces.shape=(28, 3))> using `load_obj` in 0.0007s
2024-11-20 19:37:45,981 INFO =====> alpha: 1.5
2024-11-20 19:37:45,981 INFO =====> Loss info: {'particle_has_naninf': False, 'height_map_loss': 13.029265403747559, 'emd_loss': 22.363210678100586, 'total_loss': 22.363210678100586}
2024-11-20 19:37:45,981 INFO =====> Best alpha: 1.01, Best loss info: {'particle_has_naninf': False, 'height_map_loss': 13.016692161560059, 'emd_loss': 22.386083602905273, 'total_loss': 22.386083602905273}
2024-11-20 19:37:45,982 INFO =====> Param: E: [506916.9], nu: [0.38815948], rho: [1200.], sand_angle: [15.528416]
2024-11-20 19:37:45,982 INFO =====> Grad: [-1.5814134e-03  3.9928938e+04  9.6357468e+01 -3.7996265e+01]
2024-11-20 19:37:45,982 INFO =====> Num. aborted data so far: 0
2024-11-20 19:37:46,563 INFO ===> New TaichiEnv created.
2024-11-20 19:37:46,563 INFO ===> Specifications: horizon = 311, dt = 0.01, n_substeps = 20, dt_sub = 0.0005
2024-11-20 19:37:46,587 DEBUG loaded <trimesh.Trimesh(vertices.shape=(916, 3), faces.shape=(856, 3))> using `load_obj` in 0.0029s
2024-11-20 19:37:46,734 DEBUG loaded <trimesh.Trimesh(vertices.shape=(48, 3), faces.shape=(28, 3))> using `load_obj` in 0.0007s
2024-11-20 19:38:13,730 INFO =====> Epoch: 53
2024-11-20 19:38:13,730 INFO =====> Loss info: {'particle_has_naninf': False, 'height_map_loss': 13.01533031463623, 'emd_loss': 22.381685256958008, 'total_loss': 22.381685256958008}
2024-11-20 19:38:13,730 INFO =====> Performing line search for epoch 53......
2024-11-20 19:38:14,332 INFO ===> New TaichiEnv created.
2024-11-20 19:38:14,333 INFO ===> Specifications: horizon = 311, dt = 0.01, n_substeps = 20, dt_sub = 0.0005
2024-11-20 19:38:14,356 DEBUG loaded <trimesh.Trimesh(vertices.shape=(916, 3), faces.shape=(856, 3))> using `load_obj` in 0.0032s
2024-11-20 19:38:14,504 DEBUG loaded <trimesh.Trimesh(vertices.shape=(48, 3), faces.shape=(28, 3))> using `load_obj` in 0.0007s
2024-11-20 19:38:23,436 INFO =====> alpha: 0.01
2024-11-20 19:38:23,436 INFO =====> Loss info: {'particle_has_naninf': False, 'height_map_loss': 13.016053199768066, 'emd_loss': 22.37493133544922, 'total_loss': 22.37493133544922}
2024-11-20 19:38:24,014 INFO ===> New TaichiEnv created.
2024-11-20 19:38:24,014 INFO ===> Specifications: horizon = 311, dt = 0.01, n_substeps = 20, dt_sub = 0.0005
2024-11-20 19:38:24,038 DEBUG loaded <trimesh.Trimesh(vertices.shape=(916, 3), faces.shape=(856, 3))> using `load_obj` in 0.0030s
2024-11-20 19:38:24,221 DEBUG loaded <trimesh.Trimesh(vertices.shape=(48, 3), faces.shape=(28, 3))> using `load_obj` in 0.0007s
2024-11-20 19:38:34,425 INFO =====> alpha: 0.1
2024-11-20 19:38:34,425 INFO =====> Loss info: {'particle_has_naninf': False, 'height_map_loss': 13.010132789611816, 'emd_loss': 22.376285552978516, 'total_loss': 22.376285552978516}
2024-11-20 19:38:35,010 INFO ===> New TaichiEnv created.
2024-11-20 19:38:35,011 INFO ===> Specifications: horizon = 311, dt = 0.01, n_substeps = 20, dt_sub = 0.0005
2024-11-20 19:38:35,034 DEBUG loaded <trimesh.Trimesh(vertices.shape=(916, 3), faces.shape=(856, 3))> using `load_obj` in 0.0029s
2024-11-20 19:38:35,181 DEBUG loaded <trimesh.Trimesh(vertices.shape=(48, 3), faces.shape=(28, 3))> using `load_obj` in 0.0007s
2024-11-20 19:38:44,113 INFO =====> alpha: 0.5
2024-11-20 19:38:44,113 INFO =====> Loss info: {'particle_has_naninf': False, 'height_map_loss': 13.01412296295166, 'emd_loss': 22.37374496459961, 'total_loss': 22.37374496459961}
2024-11-20 19:38:44,693 INFO ===> New TaichiEnv created.
2024-11-20 19:38:44,694 INFO ===> Specifications: horizon = 311, dt = 0.01, n_substeps = 20, dt_sub = 0.0005
2024-11-20 19:38:44,717 DEBUG loaded <trimesh.Trimesh(vertices.shape=(916, 3), faces.shape=(856, 3))> using `load_obj` in 0.0030s
2024-11-20 19:38:44,866 DEBUG loaded <trimesh.Trimesh(vertices.shape=(48, 3), faces.shape=(28, 3))> using `load_obj` in 0.0007s
2024-11-20 19:38:53,763 INFO =====> alpha: 1.0
2024-11-20 19:38:53,763 INFO =====> Loss info: {'particle_has_naninf': False, 'height_map_loss': 13.013263702392578, 'emd_loss': 22.37529945373535, 'total_loss': 22.37529945373535}
2024-11-20 19:38:54,346 INFO ===> New TaichiEnv created.
2024-11-20 19:38:54,346 INFO ===> Specifications: horizon = 311, dt = 0.01, n_substeps = 20, dt_sub = 0.0005
2024-11-20 19:38:54,370 DEBUG loaded <trimesh.Trimesh(vertices.shape=(916, 3), faces.shape=(856, 3))> using `load_obj` in 0.0030s
2024-11-20 19:38:54,517 DEBUG loaded <trimesh.Trimesh(vertices.shape=(48, 3), faces.shape=(28, 3))> using `load_obj` in 0.0007s
2024-11-20 19:39:03,454 INFO =====> alpha: 1.01
2024-11-20 19:39:03,454 INFO =====> Loss info: {'particle_has_naninf': False, 'height_map_loss': 13.01620864868164, 'emd_loss': 22.38458251953125, 'total_loss': 22.38458251953125}
2024-11-20 19:39:04,033 INFO ===> New TaichiEnv created.
2024-11-20 19:39:04,033 INFO ===> Specifications: horizon = 311, dt = 0.01, n_substeps = 20, dt_sub = 0.0005
2024-11-20 19:39:04,056 DEBUG loaded <trimesh.Trimesh(vertices.shape=(916, 3), faces.shape=(856, 3))> using `load_obj` in 0.0029s
2024-11-20 19:39:04,204 DEBUG loaded <trimesh.Trimesh(vertices.shape=(48, 3), faces.shape=(28, 3))> using `load_obj` in 0.0007s
2024-11-20 19:39:14,405 INFO =====> alpha: 1.1
2024-11-20 19:39:14,405 INFO =====> Loss info: {'particle_has_naninf': False, 'height_map_loss': 13.010417938232422, 'emd_loss': 22.377246856689453, 'total_loss': 22.377246856689453}
2024-11-20 19:39:14,991 INFO ===> New TaichiEnv created.
2024-11-20 19:39:14,991 INFO ===> Specifications: horizon = 311, dt = 0.01, n_substeps = 20, dt_sub = 0.0005
2024-11-20 19:39:15,015 DEBUG loaded <trimesh.Trimesh(vertices.shape=(916, 3), faces.shape=(856, 3))> using `load_obj` in 0.0029s
2024-11-20 19:39:15,162 DEBUG loaded <trimesh.Trimesh(vertices.shape=(48, 3), faces.shape=(28, 3))> using `load_obj` in 0.0007s
2024-11-20 19:39:24,117 INFO =====> alpha: 1.5
2024-11-20 19:39:24,117 INFO =====> Loss info: {'particle_has_naninf': False, 'height_map_loss': 13.011740684509277, 'emd_loss': 22.370847702026367, 'total_loss': 22.370847702026367}
2024-11-20 19:39:24,117 INFO =====> Best alpha: 0.1, Best loss info: {'particle_has_naninf': False, 'height_map_loss': 13.010132789611816, 'emd_loss': 22.376285552978516, 'total_loss': 22.376285552978516}
2024-11-20 19:39:24,118 INFO =====> Param: E: [508330.4], nu: [0.38819706], rho: [1200.], sand_angle: [15.527874]
2024-11-20 19:39:24,118 INFO =====> Grad: [-4.284907e-03 -1.302560e+03  3.264919e+01  4.213433e+00]
2024-11-20 19:39:24,118 INFO =====> Num. aborted data so far: 0
2024-11-20 19:39:24,702 INFO ===> New TaichiEnv created.
2024-11-20 19:39:24,702 INFO ===> Specifications: horizon = 311, dt = 0.01, n_substeps = 20, dt_sub = 0.0005
2024-11-20 19:39:24,726 DEBUG loaded <trimesh.Trimesh(vertices.shape=(916, 3), faces.shape=(856, 3))> using `load_obj` in 0.0030s
2024-11-20 19:39:24,873 DEBUG loaded <trimesh.Trimesh(vertices.shape=(48, 3), faces.shape=(28, 3))> using `load_obj` in 0.0007s
2024-11-20 19:39:53,095 INFO =====> Epoch: 54
2024-11-20 19:39:53,095 INFO =====> Loss info: {'particle_has_naninf': False, 'height_map_loss': 13.035587310791016, 'emd_loss': 22.379304885864258, 'total_loss': 22.379304885864258}
2024-11-20 19:39:53,095 INFO =====> Performing line search for epoch 54......
2024-11-20 19:39:53,702 INFO ===> New TaichiEnv created.
2024-11-20 19:39:53,702 INFO ===> Specifications: horizon = 311, dt = 0.01, n_substeps = 20, dt_sub = 0.0005
2024-11-20 19:39:53,725 DEBUG loaded <trimesh.Trimesh(vertices.shape=(916, 3), faces.shape=(856, 3))> using `load_obj` in 0.0029s
2024-11-20 19:39:53,872 DEBUG loaded <trimesh.Trimesh(vertices.shape=(48, 3), faces.shape=(28, 3))> using `load_obj` in 0.0007s
2024-11-20 19:40:02,856 INFO =====> alpha: 0.01
2024-11-20 19:40:02,856 INFO =====> Loss info: {'particle_has_naninf': False, 'height_map_loss': 13.019357681274414, 'emd_loss': 22.391395568847656, 'total_loss': 22.391395568847656}
2024-11-20 19:40:03,435 INFO ===> New TaichiEnv created.
2024-11-20 19:40:03,436 INFO ===> Specifications: horizon = 311, dt = 0.01, n_substeps = 20, dt_sub = 0.0005
2024-11-20 19:40:03,459 DEBUG loaded <trimesh.Trimesh(vertices.shape=(916, 3), faces.shape=(856, 3))> using `load_obj` in 0.0030s
2024-11-20 19:40:03,606 DEBUG loaded <trimesh.Trimesh(vertices.shape=(48, 3), faces.shape=(28, 3))> using `load_obj` in 0.0007s
2024-11-20 19:40:12,610 INFO =====> alpha: 0.1
2024-11-20 19:40:12,610 INFO =====> Loss info: {'particle_has_naninf': False, 'height_map_loss': 13.052427291870117, 'emd_loss': 22.37982940673828, 'total_loss': 22.37982940673828}
2024-11-20 19:40:13,194 INFO ===> New TaichiEnv created.
2024-11-20 19:40:13,195 INFO ===> Specifications: horizon = 311, dt = 0.01, n_substeps = 20, dt_sub = 0.0005
2024-11-20 19:40:13,218 DEBUG loaded <trimesh.Trimesh(vertices.shape=(916, 3), faces.shape=(856, 3))> using `load_obj` in 0.0030s
2024-11-20 19:40:13,365 DEBUG loaded <trimesh.Trimesh(vertices.shape=(48, 3), faces.shape=(28, 3))> using `load_obj` in 0.0007s
2024-11-20 19:40:22,428 INFO =====> alpha: 0.5
2024-11-20 19:40:22,428 INFO =====> Loss info: {'particle_has_naninf': False, 'height_map_loss': 13.053156852722168, 'emd_loss': 22.528404235839844, 'total_loss': 22.528404235839844}
2024-11-20 19:40:23,098 INFO ===> New TaichiEnv created.
2024-11-20 19:40:23,098 INFO ===> Specifications: horizon = 311, dt = 0.01, n_substeps = 20, dt_sub = 0.0005
2024-11-20 19:40:23,121 DEBUG loaded <trimesh.Trimesh(vertices.shape=(916, 3), faces.shape=(856, 3))> using `load_obj` in 0.0029s
2024-11-20 19:40:23,269 DEBUG loaded <trimesh.Trimesh(vertices.shape=(48, 3), faces.shape=(28, 3))> using `load_obj` in 0.0007s
2024-11-20 19:40:33,646 INFO =====> alpha: 1.0
2024-11-20 19:40:33,646 INFO =====> Loss info: {'particle_has_naninf': False, 'height_map_loss': 13.095685005187988, 'emd_loss': 22.91748809814453, 'total_loss': 22.91748809814453}
2024-11-20 19:40:34,242 INFO ===> New TaichiEnv created.
2024-11-20 19:40:34,242 INFO ===> Specifications: horizon = 311, dt = 0.01, n_substeps = 20, dt_sub = 0.0005
2024-11-20 19:40:34,265 DEBUG loaded <trimesh.Trimesh(vertices.shape=(916, 3), faces.shape=(856, 3))> using `load_obj` in 0.0029s
2024-11-20 19:40:34,412 DEBUG loaded <trimesh.Trimesh(vertices.shape=(48, 3), faces.shape=(28, 3))> using `load_obj` in 0.0007s
2024-11-20 19:40:43,497 INFO =====> alpha: 1.01
2024-11-20 19:40:43,497 INFO =====> Loss info: {'particle_has_naninf': False, 'height_map_loss': 13.093853950500488, 'emd_loss': 22.899812698364258, 'total_loss': 22.899812698364258}
2024-11-20 19:40:44,094 INFO ===> New TaichiEnv created.
2024-11-20 19:40:44,094 INFO ===> Specifications: horizon = 311, dt = 0.01, n_substeps = 20, dt_sub = 0.0005
2024-11-20 19:40:44,126 DEBUG loaded <trimesh.Trimesh(vertices.shape=(916, 3), faces.shape=(856, 3))> using `load_obj` in 0.0031s
2024-11-20 19:40:44,274 DEBUG loaded <trimesh.Trimesh(vertices.shape=(48, 3), faces.shape=(28, 3))> using `load_obj` in 0.0007s
2024-11-20 19:40:53,202 INFO =====> alpha: 1.1
2024-11-20 19:40:53,202 INFO =====> Loss info: {'particle_has_naninf': False, 'height_map_loss': 13.108419418334961, 'emd_loss': 22.926910400390625, 'total_loss': 22.926910400390625}
2024-11-20 19:40:53,785 INFO ===> New TaichiEnv created.
2024-11-20 19:40:53,785 INFO ===> Specifications: horizon = 311, dt = 0.01, n_substeps = 20, dt_sub = 0.0005
2024-11-20 19:40:53,808 DEBUG loaded <trimesh.Trimesh(vertices.shape=(916, 3), faces.shape=(856, 3))> using `load_obj` in 0.0030s
2024-11-20 19:40:53,957 DEBUG loaded <trimesh.Trimesh(vertices.shape=(48, 3), faces.shape=(28, 3))> using `load_obj` in 0.0007s
2024-11-20 19:41:04,215 INFO =====> alpha: 1.5
2024-11-20 19:41:04,215 INFO =====> Loss info: {'particle_has_naninf': False, 'height_map_loss': 13.141447067260742, 'emd_loss': 22.83294677734375, 'total_loss': 22.83294677734375}
2024-11-20 19:41:04,215 INFO =====> Best alpha: 0.01, Best loss info: {'particle_has_naninf': False, 'height_map_loss': 13.019357681274414, 'emd_loss': 22.391395568847656, 'total_loss': 22.391395568847656}
2024-11-20 19:41:04,216 INFO =====> Param: E: [508156.8], nu: [0.3880962], rho: [1200.], sand_angle: [15.520574]
2024-11-20 19:41:04,216 INFO =====> Grad: [5.1919813e-03 3.4991191e+04 4.1594154e+01 5.5328308e+02]
2024-11-20 19:41:04,216 INFO =====> Num. aborted data so far: 0
2024-11-20 19:41:04,802 INFO ===> New TaichiEnv created.
2024-11-20 19:41:04,802 INFO ===> Specifications: horizon = 311, dt = 0.01, n_substeps = 20, dt_sub = 0.0005
2024-11-20 19:41:04,827 DEBUG loaded <trimesh.Trimesh(vertices.shape=(916, 3), faces.shape=(856, 3))> using `load_obj` in 0.0030s
2024-11-20 19:41:04,973 DEBUG loaded <trimesh.Trimesh(vertices.shape=(48, 3), faces.shape=(28, 3))> using `load_obj` in 0.0007s
2024-11-20 19:41:31,963 INFO =====> Epoch: 55
2024-11-20 19:41:31,964 INFO =====> Loss info: {'particle_has_naninf': False, 'height_map_loss': 13.020112991333008, 'emd_loss': 22.37652015686035, 'total_loss': 22.37652015686035}
2024-11-20 19:41:31,964 INFO =====> Performing line search for epoch 55......
2024-11-20 19:41:32,567 INFO ===> New TaichiEnv created.
2024-11-20 19:41:32,567 INFO ===> Specifications: horizon = 311, dt = 0.01, n_substeps = 20, dt_sub = 0.0005
2024-11-20 19:41:32,591 DEBUG loaded <trimesh.Trimesh(vertices.shape=(916, 3), faces.shape=(856, 3))> using `load_obj` in 0.0032s
2024-11-20 19:41:32,740 DEBUG loaded <trimesh.Trimesh(vertices.shape=(48, 3), faces.shape=(28, 3))> using `load_obj` in 0.0007s
2024-11-20 19:41:41,815 INFO =====> alpha: 0.01
2024-11-20 19:41:41,816 INFO =====> Loss info: {'particle_has_naninf': False, 'height_map_loss': 13.018304824829102, 'emd_loss': 22.39429473876953, 'total_loss': 22.39429473876953}
2024-11-20 19:41:42,400 INFO ===> New TaichiEnv created.
2024-11-20 19:41:42,400 INFO ===> Specifications: horizon = 311, dt = 0.01, n_substeps = 20, dt_sub = 0.0005
2024-11-20 19:41:42,424 DEBUG loaded <trimesh.Trimesh(vertices.shape=(916, 3), faces.shape=(856, 3))> using `load_obj` in 0.0030s
2024-11-20 19:41:42,573 DEBUG loaded <trimesh.Trimesh(vertices.shape=(48, 3), faces.shape=(28, 3))> using `load_obj` in 0.0007s
2024-11-20 19:41:52,882 INFO =====> alpha: 0.1
2024-11-20 19:41:52,882 INFO =====> Loss info: {'particle_has_naninf': False, 'height_map_loss': 13.042431831359863, 'emd_loss': 22.422636032104492, 'total_loss': 22.422636032104492}
2024-11-20 19:41:53,470 INFO ===> New TaichiEnv created.
2024-11-20 19:41:53,470 INFO ===> Specifications: horizon = 311, dt = 0.01, n_substeps = 20, dt_sub = 0.0005
2024-11-20 19:41:53,494 DEBUG loaded <trimesh.Trimesh(vertices.shape=(916, 3), faces.shape=(856, 3))> using `load_obj` in 0.0029s
2024-11-20 19:41:53,641 DEBUG loaded <trimesh.Trimesh(vertices.shape=(48, 3), faces.shape=(28, 3))> using `load_obj` in 0.0007s
2024-11-20 19:42:02,666 INFO =====> alpha: 0.5
2024-11-20 19:42:02,666 INFO =====> Loss info: {'particle_has_naninf': False, 'height_map_loss': 13.084308624267578, 'emd_loss': 22.761117935180664, 'total_loss': 22.761117935180664}
2024-11-20 19:42:03,261 INFO ===> New TaichiEnv created.
2024-11-20 19:42:03,261 INFO ===> Specifications: horizon = 311, dt = 0.01, n_substeps = 20, dt_sub = 0.0005
2024-11-20 19:42:03,285 DEBUG loaded <trimesh.Trimesh(vertices.shape=(916, 3), faces.shape=(856, 3))> using `load_obj` in 0.0030s
2024-11-20 19:42:03,433 DEBUG loaded <trimesh.Trimesh(vertices.shape=(48, 3), faces.shape=(28, 3))> using `load_obj` in 0.0007s
2024-11-20 19:42:12,442 INFO =====> alpha: 1.0
2024-11-20 19:42:12,443 INFO =====> Loss info: {'particle_has_naninf': False, 'height_map_loss': 13.162961959838867, 'emd_loss': 22.84914779663086, 'total_loss': 22.84914779663086}
2024-11-20 19:42:13,028 INFO ===> New TaichiEnv created.
2024-11-20 19:42:13,029 INFO ===> Specifications: horizon = 311, dt = 0.01, n_substeps = 20, dt_sub = 0.0005
2024-11-20 19:42:13,052 DEBUG loaded <trimesh.Trimesh(vertices.shape=(916, 3), faces.shape=(856, 3))> using `load_obj` in 0.0030s
2024-11-20 19:42:13,200 DEBUG loaded <trimesh.Trimesh(vertices.shape=(48, 3), faces.shape=(28, 3))> using `load_obj` in 0.0007s
2024-11-20 19:42:22,132 INFO =====> alpha: 1.01
2024-11-20 19:42:22,132 INFO =====> Loss info: {'particle_has_naninf': False, 'height_map_loss': 13.16797924041748, 'emd_loss': 22.841278076171875, 'total_loss': 22.841278076171875}
2024-11-20 19:42:22,716 INFO ===> New TaichiEnv created.
2024-11-20 19:42:22,716 INFO ===> Specifications: horizon = 311, dt = 0.01, n_substeps = 20, dt_sub = 0.0005
2024-11-20 19:42:22,740 DEBUG loaded <trimesh.Trimesh(vertices.shape=(916, 3), faces.shape=(856, 3))> using `load_obj` in 0.0030s
2024-11-20 19:42:22,889 DEBUG loaded <trimesh.Trimesh(vertices.shape=(48, 3), faces.shape=(28, 3))> using `load_obj` in 0.0007s
2024-11-20 19:42:33,239 INFO =====> alpha: 1.1
2024-11-20 19:42:33,239 INFO =====> Loss info: {'particle_has_naninf': False, 'height_map_loss': 13.20596981048584, 'emd_loss': 22.99039649963379, 'total_loss': 22.99039649963379}
2024-11-20 19:42:33,825 INFO ===> New TaichiEnv created.
2024-11-20 19:42:33,825 INFO ===> Specifications: horizon = 311, dt = 0.01, n_substeps = 20, dt_sub = 0.0005
2024-11-20 19:42:33,848 DEBUG loaded <trimesh.Trimesh(vertices.shape=(916, 3), faces.shape=(856, 3))> using `load_obj` in 0.0030s
2024-11-20 19:42:33,996 DEBUG loaded <trimesh.Trimesh(vertices.shape=(48, 3), faces.shape=(28, 3))> using `load_obj` in 0.0007s
2024-11-20 19:42:42,952 INFO =====> alpha: 1.5
2024-11-20 19:42:42,952 INFO =====> Loss info: {'particle_has_naninf': False, 'height_map_loss': 13.31708812713623, 'emd_loss': 22.944379806518555, 'total_loss': 22.944379806518555}
2024-11-20 19:42:42,952 INFO =====> Best alpha: 0.01, Best loss info: {'particle_has_naninf': False, 'height_map_loss': 13.018304824829102, 'emd_loss': 22.39429473876953, 'total_loss': 22.39429473876953}
2024-11-20 19:42:42,952 INFO =====> Param: E: [507905.72], nu: [0.38800287], rho: [1200.0111], sand_angle: [15.506737]
2024-11-20 19:42:42,952 INFO =====> Grad: [ 7.7620111e-03  3.2161434e+04 -9.3897849e-01  1.1063640e+03]
2024-11-20 19:42:42,952 INFO =====> Num. aborted data so far: 0
2024-11-20 19:42:43,541 INFO ===> New TaichiEnv created.
2024-11-20 19:42:43,542 INFO ===> Specifications: horizon = 311, dt = 0.01, n_substeps = 20, dt_sub = 0.0005
2024-11-20 19:42:43,565 DEBUG loaded <trimesh.Trimesh(vertices.shape=(916, 3), faces.shape=(856, 3))> using `load_obj` in 0.0030s
2024-11-20 19:42:43,711 DEBUG loaded <trimesh.Trimesh(vertices.shape=(48, 3), faces.shape=(28, 3))> using `load_obj` in 0.0007s
2024-11-20 19:43:12,025 INFO =====> Epoch: 56
2024-11-20 19:43:12,025 INFO =====> Loss info: {'particle_has_naninf': False, 'height_map_loss': 13.019380569458008, 'emd_loss': 22.39455223083496, 'total_loss': 22.39455223083496}
2024-11-20 19:43:12,025 INFO =====> Performing line search for epoch 56......
2024-11-20 19:43:12,632 INFO ===> New TaichiEnv created.
2024-11-20 19:43:12,632 INFO ===> Specifications: horizon = 311, dt = 0.01, n_substeps = 20, dt_sub = 0.0005
2024-11-20 19:43:12,655 DEBUG loaded <trimesh.Trimesh(vertices.shape=(916, 3), faces.shape=(856, 3))> using `load_obj` in 0.0029s
2024-11-20 19:43:12,804 DEBUG loaded <trimesh.Trimesh(vertices.shape=(48, 3), faces.shape=(28, 3))> using `load_obj` in 0.0007s
2024-11-20 19:43:21,786 INFO =====> alpha: 0.01
2024-11-20 19:43:21,786 INFO =====> Loss info: {'particle_has_naninf': False, 'height_map_loss': 13.016228675842285, 'emd_loss': 22.382965087890625, 'total_loss': 22.382965087890625}
2024-11-20 19:43:22,414 INFO ===> New TaichiEnv created.
2024-11-20 19:43:22,414 INFO ===> Specifications: horizon = 311, dt = 0.01, n_substeps = 20, dt_sub = 0.0005
2024-11-20 19:43:22,438 DEBUG loaded <trimesh.Trimesh(vertices.shape=(916, 3), faces.shape=(856, 3))> using `load_obj` in 0.0032s
2024-11-20 19:43:22,585 DEBUG loaded <trimesh.Trimesh(vertices.shape=(48, 3), faces.shape=(28, 3))> using `load_obj` in 0.0007s
2024-11-20 19:43:31,632 INFO =====> alpha: 0.1
2024-11-20 19:43:31,632 INFO =====> Loss info: {'particle_has_naninf': False, 'height_map_loss': 13.038325309753418, 'emd_loss': 22.363815307617188, 'total_loss': 22.363815307617188}
2024-11-20 19:43:32,253 INFO ===> New TaichiEnv created.
2024-11-20 19:43:32,253 INFO ===> Specifications: horizon = 311, dt = 0.01, n_substeps = 20, dt_sub = 0.0005
2024-11-20 19:43:32,276 DEBUG loaded <trimesh.Trimesh(vertices.shape=(916, 3), faces.shape=(856, 3))> using `load_obj` in 0.0030s
2024-11-20 19:43:32,421 DEBUG loaded <trimesh.Trimesh(vertices.shape=(48, 3), faces.shape=(28, 3))> using `load_obj` in 0.0007s
2024-11-20 19:43:41,346 INFO =====> alpha: 0.5
2024-11-20 19:43:41,346 INFO =====> Loss info: {'particle_has_naninf': False, 'height_map_loss': 13.032283782958984, 'emd_loss': 22.10472869873047, 'total_loss': 22.10472869873047}
2024-11-20 19:43:41,929 INFO ===> New TaichiEnv created.
2024-11-20 19:43:41,929 INFO ===> Specifications: horizon = 311, dt = 0.01, n_substeps = 20, dt_sub = 0.0005
2024-11-20 19:43:41,952 DEBUG loaded <trimesh.Trimesh(vertices.shape=(916, 3), faces.shape=(856, 3))> using `load_obj` in 0.0030s
2024-11-20 19:43:42,100 DEBUG loaded <trimesh.Trimesh(vertices.shape=(48, 3), faces.shape=(28, 3))> using `load_obj` in 0.0007s
2024-11-20 19:43:52,325 INFO =====> alpha: 1.0
2024-11-20 19:43:52,326 INFO =====> Loss info: {'particle_has_naninf': False, 'height_map_loss': 13.034034729003906, 'emd_loss': 22.09151268005371, 'total_loss': 22.09151268005371}
2024-11-20 19:43:52,913 INFO ===> New TaichiEnv created.
2024-11-20 19:43:52,913 INFO ===> Specifications: horizon = 311, dt = 0.01, n_substeps = 20, dt_sub = 0.0005
2024-11-20 19:43:52,936 DEBUG loaded <trimesh.Trimesh(vertices.shape=(916, 3), faces.shape=(856, 3))> using `load_obj` in 0.0029s
2024-11-20 19:43:53,084 DEBUG loaded <trimesh.Trimesh(vertices.shape=(48, 3), faces.shape=(28, 3))> using `load_obj` in 0.0007s
2024-11-20 19:44:02,077 INFO =====> alpha: 1.01
2024-11-20 19:44:02,077 INFO =====> Loss info: {'particle_has_naninf': False, 'height_map_loss': 13.030861854553223, 'emd_loss': 22.10161781311035, 'total_loss': 22.10161781311035}
2024-11-20 19:44:02,661 INFO ===> New TaichiEnv created.
2024-11-20 19:44:02,661 INFO ===> Specifications: horizon = 311, dt = 0.01, n_substeps = 20, dt_sub = 0.0005
2024-11-20 19:44:02,684 DEBUG loaded <trimesh.Trimesh(vertices.shape=(916, 3), faces.shape=(856, 3))> using `load_obj` in 0.0030s
2024-11-20 19:44:02,832 DEBUG loaded <trimesh.Trimesh(vertices.shape=(48, 3), faces.shape=(28, 3))> using `load_obj` in 0.0007s
2024-11-20 19:44:11,829 INFO =====> alpha: 1.1
2024-11-20 19:44:11,830 INFO =====> Loss info: {'particle_has_naninf': False, 'height_map_loss': 13.021398544311523, 'emd_loss': 22.086421966552734, 'total_loss': 22.086421966552734}
2024-11-20 19:44:12,421 INFO ===> New TaichiEnv created.
2024-11-20 19:44:12,421 INFO ===> Specifications: horizon = 311, dt = 0.01, n_substeps = 20, dt_sub = 0.0005
2024-11-20 19:44:12,445 DEBUG loaded <trimesh.Trimesh(vertices.shape=(916, 3), faces.shape=(856, 3))> using `load_obj` in 0.0030s
2024-11-20 19:44:12,592 DEBUG loaded <trimesh.Trimesh(vertices.shape=(48, 3), faces.shape=(28, 3))> using `load_obj` in 0.0007s
2024-11-20 19:44:22,840 INFO =====> alpha: 1.5
2024-11-20 19:44:22,840 INFO =====> Loss info: {'particle_has_naninf': False, 'height_map_loss': 13.03919792175293, 'emd_loss': 22.28142738342285, 'total_loss': 22.28142738342285}
2024-11-20 19:44:22,841 INFO =====> Best alpha: 0.01, Best loss info: {'particle_has_naninf': False, 'height_map_loss': 13.016228675842285, 'emd_loss': 22.382965087890625, 'total_loss': 22.382965087890625}
2024-11-20 19:44:22,841 INFO =====> Param: E: [508089.75], nu: [0.38800701], rho: [1200.3834], sand_angle: [15.509733]
2024-11-20 19:44:22,841 INFO =====> Grad: [-5.6410683e-03 -1.3513215e+03 -3.0817535e+01 -2.2830412e+02]
2024-11-20 19:44:22,841 INFO =====> Num. aborted data so far: 0
2024-11-20 19:44:23,493 INFO ===> New TaichiEnv created.
2024-11-20 19:44:23,493 INFO ===> Specifications: horizon = 311, dt = 0.01, n_substeps = 20, dt_sub = 0.0005
2024-11-20 19:44:23,517 DEBUG loaded <trimesh.Trimesh(vertices.shape=(916, 3), faces.shape=(856, 3))> using `load_obj` in 0.0029s
2024-11-20 19:44:23,663 DEBUG loaded <trimesh.Trimesh(vertices.shape=(48, 3), faces.shape=(28, 3))> using `load_obj` in 0.0007s
2024-11-20 19:44:50,705 INFO =====> Epoch: 57
2024-11-20 19:44:50,705 INFO =====> Loss info: {'particle_has_naninf': False, 'height_map_loss': 13.02094554901123, 'emd_loss': 22.38605499267578, 'total_loss': 22.38605499267578}
2024-11-20 19:44:50,705 INFO =====> Performing line search for epoch 57......
2024-11-20 19:44:51,309 INFO ===> New TaichiEnv created.
2024-11-20 19:44:51,309 INFO ===> Specifications: horizon = 311, dt = 0.01, n_substeps = 20, dt_sub = 0.0005
2024-11-20 19:44:51,333 DEBUG loaded <trimesh.Trimesh(vertices.shape=(916, 3), faces.shape=(856, 3))> using `load_obj` in 0.0030s
2024-11-20 19:44:51,481 DEBUG loaded <trimesh.Trimesh(vertices.shape=(48, 3), faces.shape=(28, 3))> using `load_obj` in 0.0007s
2024-11-20 19:45:00,420 INFO =====> alpha: 0.01
2024-11-20 19:45:00,420 INFO =====> Loss info: {'particle_has_naninf': False, 'height_map_loss': 13.016345977783203, 'emd_loss': 22.389644622802734, 'total_loss': 22.389644622802734}
2024-11-20 19:45:01,003 INFO ===> New TaichiEnv created.
2024-11-20 19:45:01,003 INFO ===> Specifications: horizon = 311, dt = 0.01, n_substeps = 20, dt_sub = 0.0005
2024-11-20 19:45:01,027 DEBUG loaded <trimesh.Trimesh(vertices.shape=(916, 3), faces.shape=(856, 3))> using `load_obj` in 0.0030s
2024-11-20 19:45:01,179 DEBUG loaded <trimesh.Trimesh(vertices.shape=(48, 3), faces.shape=(28, 3))> using `load_obj` in 0.0007s
2024-11-20 19:45:11,447 INFO =====> alpha: 0.1
2024-11-20 19:45:11,447 INFO =====> Loss info: {'particle_has_naninf': False, 'height_map_loss': 13.014825820922852, 'emd_loss': 22.38410186767578, 'total_loss': 22.38410186767578}
2024-11-20 19:45:12,043 INFO ===> New TaichiEnv created.
2024-11-20 19:45:12,043 INFO ===> Specifications: horizon = 311, dt = 0.01, n_substeps = 20, dt_sub = 0.0005
2024-11-20 19:45:12,066 DEBUG loaded <trimesh.Trimesh(vertices.shape=(916, 3), faces.shape=(856, 3))> using `load_obj` in 0.0029s
2024-11-20 19:45:12,213 DEBUG loaded <trimesh.Trimesh(vertices.shape=(48, 3), faces.shape=(28, 3))> using `load_obj` in 0.0007s
2024-11-20 19:45:21,161 INFO =====> alpha: 0.5
2024-11-20 19:45:21,161 INFO =====> Loss info: {'particle_has_naninf': False, 'height_map_loss': 13.034149169921875, 'emd_loss': 22.39813232421875, 'total_loss': 22.39813232421875}
2024-11-20 19:45:21,754 INFO ===> New TaichiEnv created.
2024-11-20 19:45:21,754 INFO ===> Specifications: horizon = 311, dt = 0.01, n_substeps = 20, dt_sub = 0.0005
2024-11-20 19:45:21,777 DEBUG loaded <trimesh.Trimesh(vertices.shape=(916, 3), faces.shape=(856, 3))> using `load_obj` in 0.0030s
2024-11-20 19:45:21,925 DEBUG loaded <trimesh.Trimesh(vertices.shape=(48, 3), faces.shape=(28, 3))> using `load_obj` in 0.0007s
2024-11-20 19:45:30,838 INFO =====> alpha: 1.0
2024-11-20 19:45:30,839 INFO =====> Loss info: {'particle_has_naninf': False, 'height_map_loss': 13.04597282409668, 'emd_loss': 22.33344841003418, 'total_loss': 22.33344841003418}
2024-11-20 19:45:31,493 INFO ===> New TaichiEnv created.
2024-11-20 19:45:31,493 INFO ===> Specifications: horizon = 311, dt = 0.01, n_substeps = 20, dt_sub = 0.0005
2024-11-20 19:45:31,517 DEBUG loaded <trimesh.Trimesh(vertices.shape=(916, 3), faces.shape=(856, 3))> using `load_obj` in 0.0031s
2024-11-20 19:45:31,666 DEBUG loaded <trimesh.Trimesh(vertices.shape=(48, 3), faces.shape=(28, 3))> using `load_obj` in 0.0007s
2024-11-20 19:45:40,751 INFO =====> alpha: 1.01
2024-11-20 19:45:40,751 INFO =====> Loss info: {'particle_has_naninf': False, 'height_map_loss': 13.045727729797363, 'emd_loss': 22.340957641601562, 'total_loss': 22.340957641601562}
2024-11-20 19:45:41,382 INFO ===> New TaichiEnv created.
2024-11-20 19:45:41,383 INFO ===> Specifications: horizon = 311, dt = 0.01, n_substeps = 20, dt_sub = 0.0005
2024-11-20 19:45:41,406 DEBUG loaded <trimesh.Trimesh(vertices.shape=(916, 3), faces.shape=(856, 3))> using `load_obj` in 0.0030s
2024-11-20 19:45:41,556 DEBUG loaded <trimesh.Trimesh(vertices.shape=(48, 3), faces.shape=(28, 3))> using `load_obj` in 0.0007s
2024-11-20 19:45:51,859 INFO =====> alpha: 1.1
2024-11-20 19:45:51,859 INFO =====> Loss info: {'particle_has_naninf': False, 'height_map_loss': 13.05076789855957, 'emd_loss': 22.205543518066406, 'total_loss': 22.205543518066406}
2024-11-20 19:45:52,471 INFO ===> New TaichiEnv created.
2024-11-20 19:45:52,471 INFO ===> Specifications: horizon = 311, dt = 0.01, n_substeps = 20, dt_sub = 0.0005
2024-11-20 19:45:52,495 DEBUG loaded <trimesh.Trimesh(vertices.shape=(916, 3), faces.shape=(856, 3))> using `load_obj` in 0.0030s
2024-11-20 19:45:52,641 DEBUG loaded <trimesh.Trimesh(vertices.shape=(48, 3), faces.shape=(28, 3))> using `load_obj` in 0.0007s
2024-11-20 19:46:01,655 INFO =====> alpha: 1.5
2024-11-20 19:46:01,655 INFO =====> Loss info: {'particle_has_naninf': False, 'height_map_loss': 13.05082893371582, 'emd_loss': 22.26685333251953, 'total_loss': 22.26685333251953}
2024-11-20 19:46:01,656 INFO =====> Best alpha: 0.1, Best loss info: {'particle_has_naninf': False, 'height_map_loss': 13.014825820922852, 'emd_loss': 22.38410186767578, 'total_loss': 22.38410186767578}
2024-11-20 19:46:01,656 INFO =====> Param: E: [508237.6], nu: [0.38827288], rho: [1202.1246], sand_angle: [15.4867115]
2024-11-20 19:46:01,656 INFO =====> Grad: [-4.3008180e-04 -8.2740039e+03 -1.3757636e+01  1.6686252e+02]
2024-11-20 19:46:01,656 INFO =====> Num. aborted data so far: 0
2024-11-20 19:46:02,275 INFO ===> New TaichiEnv created.
2024-11-20 19:46:02,275 INFO ===> Specifications: horizon = 311, dt = 0.01, n_substeps = 20, dt_sub = 0.0005
2024-11-20 19:46:02,299 DEBUG loaded <trimesh.Trimesh(vertices.shape=(916, 3), faces.shape=(856, 3))> using `load_obj` in 0.0030s
2024-11-20 19:46:02,446 DEBUG loaded <trimesh.Trimesh(vertices.shape=(48, 3), faces.shape=(28, 3))> using `load_obj` in 0.0007s
2024-11-20 19:46:29,482 INFO =====> Epoch: 58
2024-11-20 19:46:29,482 INFO =====> Loss info: {'particle_has_naninf': False, 'height_map_loss': 13.013422012329102, 'emd_loss': 22.361295700073242, 'total_loss': 22.361295700073242}
2024-11-20 19:46:29,482 INFO =====> Performing line search for epoch 58......
2024-11-20 19:46:30,085 INFO ===> New TaichiEnv created.
2024-11-20 19:46:30,085 INFO ===> Specifications: horizon = 311, dt = 0.01, n_substeps = 20, dt_sub = 0.0005
2024-11-20 19:46:30,109 DEBUG loaded <trimesh.Trimesh(vertices.shape=(916, 3), faces.shape=(856, 3))> using `load_obj` in 0.0029s
2024-11-20 19:46:30,258 DEBUG loaded <trimesh.Trimesh(vertices.shape=(48, 3), faces.shape=(28, 3))> using `load_obj` in 0.0007s
2024-11-20 19:46:40,469 INFO =====> alpha: 0.01
2024-11-20 19:46:40,469 INFO =====> Loss info: {'particle_has_naninf': False, 'height_map_loss': 13.012748718261719, 'emd_loss': 22.388851165771484, 'total_loss': 22.388851165771484}
2024-11-20 19:46:41,053 INFO ===> New TaichiEnv created.
2024-11-20 19:46:41,053 INFO ===> Specifications: horizon = 311, dt = 0.01, n_substeps = 20, dt_sub = 0.0005
2024-11-20 19:46:41,077 DEBUG loaded <trimesh.Trimesh(vertices.shape=(916, 3), faces.shape=(856, 3))> using `load_obj` in 0.0030s
2024-11-20 19:46:41,225 DEBUG loaded <trimesh.Trimesh(vertices.shape=(48, 3), faces.shape=(28, 3))> using `load_obj` in 0.0007s
2024-11-20 19:46:50,238 INFO =====> alpha: 0.1
2024-11-20 19:46:50,238 INFO =====> Loss info: {'particle_has_naninf': False, 'height_map_loss': 13.01076889038086, 'emd_loss': 22.37476348876953, 'total_loss': 22.37476348876953}
2024-11-20 19:46:50,829 INFO ===> New TaichiEnv created.
2024-11-20 19:46:50,829 INFO ===> Specifications: horizon = 311, dt = 0.01, n_substeps = 20, dt_sub = 0.0005
2024-11-20 19:46:50,853 DEBUG loaded <trimesh.Trimesh(vertices.shape=(916, 3), faces.shape=(856, 3))> using `load_obj` in 0.0031s
2024-11-20 19:46:51,004 DEBUG loaded <trimesh.Trimesh(vertices.shape=(48, 3), faces.shape=(28, 3))> using `load_obj` in 0.0007s
2024-11-20 19:46:59,997 INFO =====> alpha: 0.5
2024-11-20 19:46:59,998 INFO =====> Loss info: {'particle_has_naninf': False, 'height_map_loss': 13.007728576660156, 'emd_loss': 22.337783813476562, 'total_loss': 22.337783813476562}
2024-11-20 19:47:00,584 INFO ===> New TaichiEnv created.
2024-11-20 19:47:00,584 INFO ===> Specifications: horizon = 311, dt = 0.01, n_substeps = 20, dt_sub = 0.0005
2024-11-20 19:47:00,607 DEBUG loaded <trimesh.Trimesh(vertices.shape=(916, 3), faces.shape=(856, 3))> using `load_obj` in 0.0030s
2024-11-20 19:47:00,756 DEBUG loaded <trimesh.Trimesh(vertices.shape=(48, 3), faces.shape=(28, 3))> using `load_obj` in 0.0007s
2024-11-20 19:47:11,032 INFO =====> alpha: 1.0
2024-11-20 19:47:11,032 INFO =====> Loss info: {'particle_has_naninf': False, 'height_map_loss': 12.995038032531738, 'emd_loss': 22.246429443359375, 'total_loss': 22.246429443359375}
2024-11-20 19:47:11,616 INFO ===> New TaichiEnv created.
2024-11-20 19:47:11,616 INFO ===> Specifications: horizon = 311, dt = 0.01, n_substeps = 20, dt_sub = 0.0005
2024-11-20 19:47:11,639 DEBUG loaded <trimesh.Trimesh(vertices.shape=(916, 3), faces.shape=(856, 3))> using `load_obj` in 0.0029s
2024-11-20 19:47:11,786 DEBUG loaded <trimesh.Trimesh(vertices.shape=(48, 3), faces.shape=(28, 3))> using `load_obj` in 0.0007s
2024-11-20 19:47:20,911 INFO =====> alpha: 1.01
2024-11-20 19:47:20,911 INFO =====> Loss info: {'particle_has_naninf': False, 'height_map_loss': 13.028088569641113, 'emd_loss': 22.244644165039062, 'total_loss': 22.244644165039062}
2024-11-20 19:47:21,504 INFO ===> New TaichiEnv created.
2024-11-20 19:47:21,504 INFO ===> Specifications: horizon = 311, dt = 0.01, n_substeps = 20, dt_sub = 0.0005
2024-11-20 19:47:21,528 DEBUG loaded <trimesh.Trimesh(vertices.shape=(916, 3), faces.shape=(856, 3))> using `load_obj` in 0.0030s
2024-11-20 19:47:21,676 DEBUG loaded <trimesh.Trimesh(vertices.shape=(48, 3), faces.shape=(28, 3))> using `load_obj` in 0.0007s
2024-11-20 19:47:30,695 INFO =====> alpha: 1.1
2024-11-20 19:47:30,695 INFO =====> Loss info: {'particle_has_naninf': False, 'height_map_loss': 13.029075622558594, 'emd_loss': 22.240489959716797, 'total_loss': 22.240489959716797}
2024-11-20 19:47:31,284 INFO ===> New TaichiEnv created.
2024-11-20 19:47:31,284 INFO ===> Specifications: horizon = 311, dt = 0.01, n_substeps = 20, dt_sub = 0.0005
2024-11-20 19:47:31,308 DEBUG loaded <trimesh.Trimesh(vertices.shape=(916, 3), faces.shape=(856, 3))> using `load_obj` in 0.0030s
2024-11-20 19:47:31,455 DEBUG loaded <trimesh.Trimesh(vertices.shape=(48, 3), faces.shape=(28, 3))> using `load_obj` in 0.0007s
2024-11-20 19:47:40,389 INFO =====> alpha: 1.5
2024-11-20 19:47:40,389 INFO =====> Loss info: {'particle_has_naninf': False, 'height_map_loss': 13.015274047851562, 'emd_loss': 22.06603240966797, 'total_loss': 22.06603240966797}
2024-11-20 19:47:40,390 INFO =====> Best alpha: 1.0, Best loss info: {'particle_has_naninf': False, 'height_map_loss': 12.995038032531738, 'emd_loss': 22.246429443359375, 'total_loss': 22.246429443359375}
2024-11-20 19:47:40,390 INFO =====> Param: E: [529191.75], nu: [0.39385787], rho: [1200.], sand_angle: [15.679954]
2024-11-20 19:47:40,390 INFO =====> Grad: [-6.1285254e-03 -1.6752236e+04  4.9451990e+00 -1.3312231e+02]
2024-11-20 19:47:40,390 INFO =====> Num. aborted data so far: 0
2024-11-20 19:47:40,978 INFO ===> New TaichiEnv created.
2024-11-20 19:47:40,978 INFO ===> Specifications: horizon = 311, dt = 0.01, n_substeps = 20, dt_sub = 0.0005
2024-11-20 19:47:41,002 DEBUG loaded <trimesh.Trimesh(vertices.shape=(916, 3), faces.shape=(856, 3))> using `load_obj` in 0.0029s
2024-11-20 19:47:41,151 DEBUG loaded <trimesh.Trimesh(vertices.shape=(48, 3), faces.shape=(28, 3))> using `load_obj` in 0.0007s
2024-11-20 19:48:09,539 INFO =====> Epoch: 59
2024-11-20 19:48:09,539 INFO =====> Loss info: {'particle_has_naninf': False, 'height_map_loss': 13.002476692199707, 'emd_loss': 22.138195037841797, 'total_loss': 22.138195037841797}
2024-11-20 19:48:09,539 INFO =====> Performing line search for epoch 59......
2024-11-20 19:48:10,147 INFO ===> New TaichiEnv created.
2024-11-20 19:48:10,147 INFO ===> Specifications: horizon = 311, dt = 0.01, n_substeps = 20, dt_sub = 0.0005
2024-11-20 19:48:10,171 DEBUG loaded <trimesh.Trimesh(vertices.shape=(916, 3), faces.shape=(856, 3))> using `load_obj` in 0.0031s
2024-11-20 19:48:10,320 DEBUG loaded <trimesh.Trimesh(vertices.shape=(48, 3), faces.shape=(28, 3))> using `load_obj` in 0.0007s
2024-11-20 19:48:19,280 INFO =====> alpha: 0.01
2024-11-20 19:48:19,280 INFO =====> Loss info: {'particle_has_naninf': False, 'height_map_loss': 13.008918762207031, 'emd_loss': 22.14130401611328, 'total_loss': 22.14130401611328}
2024-11-20 19:48:19,867 INFO ===> New TaichiEnv created.
2024-11-20 19:48:19,867 INFO ===> Specifications: horizon = 311, dt = 0.01, n_substeps = 20, dt_sub = 0.0005
2024-11-20 19:48:19,891 DEBUG loaded <trimesh.Trimesh(vertices.shape=(916, 3), faces.shape=(856, 3))> using `load_obj` in 0.0030s
2024-11-20 19:48:20,041 DEBUG loaded <trimesh.Trimesh(vertices.shape=(48, 3), faces.shape=(28, 3))> using `load_obj` in 0.0007s
2024-11-20 19:48:28,972 INFO =====> alpha: 0.1
2024-11-20 19:48:28,972 INFO =====> Loss info: {'particle_has_naninf': False, 'height_map_loss': 13.034686088562012, 'emd_loss': 22.252840042114258, 'total_loss': 22.252840042114258}
2024-11-20 19:48:29,555 INFO ===> New TaichiEnv created.
2024-11-20 19:48:29,555 INFO ===> Specifications: horizon = 311, dt = 0.01, n_substeps = 20, dt_sub = 0.0005
2024-11-20 19:48:29,579 DEBUG loaded <trimesh.Trimesh(vertices.shape=(916, 3), faces.shape=(856, 3))> using `load_obj` in 0.0029s
2024-11-20 19:48:29,727 DEBUG loaded <trimesh.Trimesh(vertices.shape=(48, 3), faces.shape=(28, 3))> using `load_obj` in 0.0007s
2024-11-20 19:48:40,142 INFO =====> alpha: 0.5
2024-11-20 19:48:40,142 INFO =====> Loss info: {'particle_has_naninf': False, 'height_map_loss': 13.030782699584961, 'emd_loss': 22.254730224609375, 'total_loss': 22.254730224609375}
2024-11-20 19:48:40,725 INFO ===> New TaichiEnv created.
2024-11-20 19:48:40,725 INFO ===> Specifications: horizon = 311, dt = 0.01, n_substeps = 20, dt_sub = 0.0005
2024-11-20 19:48:40,749 DEBUG loaded <trimesh.Trimesh(vertices.shape=(916, 3), faces.shape=(856, 3))> using `load_obj` in 0.0030s
2024-11-20 19:48:40,898 DEBUG loaded <trimesh.Trimesh(vertices.shape=(48, 3), faces.shape=(28, 3))> using `load_obj` in 0.0007s
2024-11-20 19:48:49,843 INFO =====> alpha: 1.0
2024-11-20 19:48:49,843 INFO =====> Loss info: {'particle_has_naninf': False, 'height_map_loss': 13.028618812561035, 'emd_loss': 22.229459762573242, 'total_loss': 22.229459762573242}
2024-11-20 19:48:50,431 INFO ===> New TaichiEnv created.
2024-11-20 19:48:50,431 INFO ===> Specifications: horizon = 311, dt = 0.01, n_substeps = 20, dt_sub = 0.0005
2024-11-20 19:48:50,455 DEBUG loaded <trimesh.Trimesh(vertices.shape=(916, 3), faces.shape=(856, 3))> using `load_obj` in 0.0030s
2024-11-20 19:48:50,603 DEBUG loaded <trimesh.Trimesh(vertices.shape=(48, 3), faces.shape=(28, 3))> using `load_obj` in 0.0007s
2024-11-20 19:48:59,585 INFO =====> alpha: 1.01
2024-11-20 19:48:59,585 INFO =====> Loss info: {'particle_has_naninf': False, 'height_map_loss': 13.029152870178223, 'emd_loss': 22.22968864440918, 'total_loss': 22.22968864440918}
2024-11-20 19:49:00,173 INFO ===> New TaichiEnv created.
2024-11-20 19:49:00,173 INFO ===> Specifications: horizon = 311, dt = 0.01, n_substeps = 20, dt_sub = 0.0005
2024-11-20 19:49:00,196 DEBUG loaded <trimesh.Trimesh(vertices.shape=(916, 3), faces.shape=(856, 3))> using `load_obj` in 0.0030s
2024-11-20 19:49:00,345 DEBUG loaded <trimesh.Trimesh(vertices.shape=(48, 3), faces.shape=(28, 3))> using `load_obj` in 0.0007s
2024-11-20 19:49:10,639 INFO =====> alpha: 1.1
2024-11-20 19:49:10,639 INFO =====> Loss info: {'particle_has_naninf': False, 'height_map_loss': 13.029828071594238, 'emd_loss': 22.226661682128906, 'total_loss': 22.226661682128906}
2024-11-20 19:49:11,222 INFO ===> New TaichiEnv created.
2024-11-20 19:49:11,222 INFO ===> Specifications: horizon = 311, dt = 0.01, n_substeps = 20, dt_sub = 0.0005
2024-11-20 19:49:11,245 DEBUG loaded <trimesh.Trimesh(vertices.shape=(916, 3), faces.shape=(856, 3))> using `load_obj` in 0.0029s
2024-11-20 19:49:11,391 DEBUG loaded <trimesh.Trimesh(vertices.shape=(48, 3), faces.shape=(28, 3))> using `load_obj` in 0.0007s
2024-11-20 19:49:20,357 INFO =====> alpha: 1.5
2024-11-20 19:49:20,357 INFO =====> Loss info: {'particle_has_naninf': False, 'height_map_loss': 13.029471397399902, 'emd_loss': 22.119876861572266, 'total_loss': 22.119876861572266}
2024-11-20 19:49:20,357 INFO =====> Best alpha: 0.01, Best loss info: {'particle_has_naninf': False, 'height_map_loss': 13.008918762207031, 'emd_loss': 22.14130401611328, 'total_loss': 22.14130401611328}
2024-11-20 19:49:20,358 INFO =====> Param: E: [529226.25], nu: [0.39384612], rho: [1200.9337], sand_angle: [15.68094]
2024-11-20 19:49:20,358 INFO =====> Grad: [-9.5938810e-04  3.3424731e+03 -8.2344910e+01 -6.4464432e+01]
2024-11-20 19:49:20,358 INFO =====> Num. aborted data so far: 0
2024-11-20 19:49:20,946 INFO ===> New TaichiEnv created.
2024-11-20 19:49:20,946 INFO ===> Specifications: horizon = 311, dt = 0.01, n_substeps = 20, dt_sub = 0.0005
2024-11-20 19:49:20,971 DEBUG loaded <trimesh.Trimesh(vertices.shape=(916, 3), faces.shape=(856, 3))> using `load_obj` in 0.0031s
2024-11-20 19:49:21,117 DEBUG loaded <trimesh.Trimesh(vertices.shape=(48, 3), faces.shape=(28, 3))> using `load_obj` in 0.0007s
2024-11-20 19:49:48,169 INFO =====> Epoch: 60
2024-11-20 19:49:48,169 INFO =====> Loss info: {'particle_has_naninf': False, 'height_map_loss': 13.002784729003906, 'emd_loss': 22.252559661865234, 'total_loss': 22.252559661865234}
2024-11-20 19:49:48,169 INFO =====> Performing line search for epoch 60......
2024-11-20 19:49:48,799 INFO ===> New TaichiEnv created.
2024-11-20 19:49:48,799 INFO ===> Specifications: horizon = 311, dt = 0.01, n_substeps = 20, dt_sub = 0.0005
2024-11-20 19:49:48,822 DEBUG loaded <trimesh.Trimesh(vertices.shape=(916, 3), faces.shape=(856, 3))> using `load_obj` in 0.0030s
2024-11-20 19:49:48,971 DEBUG loaded <trimesh.Trimesh(vertices.shape=(48, 3), faces.shape=(28, 3))> using `load_obj` in 0.0007s
2024-11-20 19:49:59,313 INFO =====> alpha: 0.01
2024-11-20 19:49:59,314 INFO =====> Loss info: {'particle_has_naninf': False, 'height_map_loss': 13.003293991088867, 'emd_loss': 22.140472412109375, 'total_loss': 22.140472412109375}
2024-11-20 19:49:59,944 INFO ===> New TaichiEnv created.
2024-11-20 19:49:59,944 INFO ===> Specifications: horizon = 311, dt = 0.01, n_substeps = 20, dt_sub = 0.0005
2024-11-20 19:49:59,968 DEBUG loaded <trimesh.Trimesh(vertices.shape=(916, 3), faces.shape=(856, 3))> using `load_obj` in 0.0030s
2024-11-20 19:50:00,117 DEBUG loaded <trimesh.Trimesh(vertices.shape=(48, 3), faces.shape=(28, 3))> using `load_obj` in 0.0007s
2024-11-20 19:50:09,139 INFO =====> alpha: 0.1
2024-11-20 19:50:09,139 INFO =====> Loss info: {'particle_has_naninf': False, 'height_map_loss': 13.014143943786621, 'emd_loss': 22.39470672607422, 'total_loss': 22.39470672607422}
2024-11-20 19:50:09,724 INFO ===> New TaichiEnv created.
2024-11-20 19:50:09,724 INFO ===> Specifications: horizon = 311, dt = 0.01, n_substeps = 20, dt_sub = 0.0005
2024-11-20 19:50:09,748 DEBUG loaded <trimesh.Trimesh(vertices.shape=(916, 3), faces.shape=(856, 3))> using `load_obj` in 0.0032s
2024-11-20 19:50:09,896 DEBUG loaded <trimesh.Trimesh(vertices.shape=(48, 3), faces.shape=(28, 3))> using `load_obj` in 0.0007s
2024-11-20 19:50:18,909 INFO =====> alpha: 0.5
2024-11-20 19:50:18,909 INFO =====> Loss info: {'particle_has_naninf': False, 'height_map_loss': 13.08476734161377, 'emd_loss': 22.69335174560547, 'total_loss': 22.69335174560547}
2024-11-20 19:50:19,499 INFO ===> New TaichiEnv created.
2024-11-20 19:50:19,499 INFO ===> Specifications: horizon = 311, dt = 0.01, n_substeps = 20, dt_sub = 0.0005
2024-11-20 19:50:19,523 DEBUG loaded <trimesh.Trimesh(vertices.shape=(916, 3), faces.shape=(856, 3))> using `load_obj` in 0.0030s
2024-11-20 19:50:19,682 DEBUG loaded <trimesh.Trimesh(vertices.shape=(48, 3), faces.shape=(28, 3))> using `load_obj` in 0.0008s
2024-11-20 19:50:30,053 INFO =====> alpha: 1.0
2024-11-20 19:50:30,053 INFO =====> Loss info: {'particle_has_naninf': False, 'height_map_loss': 13.171934127807617, 'emd_loss': 22.852611541748047, 'total_loss': 22.852611541748047}
2024-11-20 19:50:30,649 INFO ===> New TaichiEnv created.
2024-11-20 19:50:30,649 INFO ===> Specifications: horizon = 311, dt = 0.01, n_substeps = 20, dt_sub = 0.0005
2024-11-20 19:50:30,672 DEBUG loaded <trimesh.Trimesh(vertices.shape=(916, 3), faces.shape=(856, 3))> using `load_obj` in 0.0029s
2024-11-20 19:50:30,823 DEBUG loaded <trimesh.Trimesh(vertices.shape=(48, 3), faces.shape=(28, 3))> using `load_obj` in 0.0007s
2024-11-20 19:50:39,844 INFO =====> alpha: 1.01
2024-11-20 19:50:39,844 INFO =====> Loss info: {'particle_has_naninf': False, 'height_map_loss': 13.185998916625977, 'emd_loss': 22.81744956970215, 'total_loss': 22.81744956970215}
2024-11-20 19:50:40,431 INFO ===> New TaichiEnv created.
2024-11-20 19:50:40,431 INFO ===> Specifications: horizon = 311, dt = 0.01, n_substeps = 20, dt_sub = 0.0005
2024-11-20 19:50:40,455 DEBUG loaded <trimesh.Trimesh(vertices.shape=(916, 3), faces.shape=(856, 3))> using `load_obj` in 0.0030s
2024-11-20 19:50:40,604 DEBUG loaded <trimesh.Trimesh(vertices.shape=(48, 3), faces.shape=(28, 3))> using `load_obj` in 0.0008s
2024-11-20 19:50:49,617 INFO =====> alpha: 1.1
2024-11-20 19:50:49,617 INFO =====> Loss info: {'particle_has_naninf': False, 'height_map_loss': 13.207293510437012, 'emd_loss': 23.152624130249023, 'total_loss': 23.152624130249023}
2024-11-20 19:50:50,203 INFO ===> New TaichiEnv created.
2024-11-20 19:50:50,203 INFO ===> Specifications: horizon = 311, dt = 0.01, n_substeps = 20, dt_sub = 0.0005
2024-11-20 19:50:50,227 DEBUG loaded <trimesh.Trimesh(vertices.shape=(916, 3), faces.shape=(856, 3))> using `load_obj` in 0.0030s
2024-11-20 19:50:50,374 DEBUG loaded <trimesh.Trimesh(vertices.shape=(48, 3), faces.shape=(28, 3))> using `load_obj` in 0.0007s
2024-11-20 19:50:59,320 INFO =====> alpha: 1.5
2024-11-20 19:50:59,320 INFO =====> Loss info: {'particle_has_naninf': False, 'height_map_loss': 13.39613151550293, 'emd_loss': 23.123435974121094, 'total_loss': 23.123435974121094}
2024-11-20 19:50:59,321 INFO =====> Best alpha: 0.01, Best loss info: {'particle_has_naninf': False, 'height_map_loss': 13.003293991088867, 'emd_loss': 22.140472412109375, 'total_loss': 22.140472412109375}
2024-11-20 19:50:59,321 INFO =====> Param: E: [528908.8], nu: [0.39370015], rho: [1200.19], sand_angle: [15.664886]
2024-11-20 19:50:59,321 INFO =====> Grad: [9.6745566e-03 4.4451402e+04 7.0520821e+01 1.1558270e+03]
2024-11-20 19:50:59,321 INFO =====> Num. aborted data so far: 0
2024-11-20 19:50:59,904 INFO ===> New TaichiEnv created.
2024-11-20 19:50:59,904 INFO ===> Specifications: horizon = 311, dt = 0.01, n_substeps = 20, dt_sub = 0.0005
2024-11-20 19:50:59,929 DEBUG loaded <trimesh.Trimesh(vertices.shape=(916, 3), faces.shape=(856, 3))> using `load_obj` in 0.0030s
2024-11-20 19:51:00,078 DEBUG loaded <trimesh.Trimesh(vertices.shape=(48, 3), faces.shape=(28, 3))> using `load_obj` in 0.0007s
2024-11-20 19:51:28,511 INFO =====> Epoch: 61
2024-11-20 19:51:28,511 INFO =====> Loss info: {'particle_has_naninf': False, 'height_map_loss': 13.003851890563965, 'emd_loss': 22.148988723754883, 'total_loss': 22.148988723754883}
2024-11-20 19:51:28,511 INFO =====> Performing line search for epoch 61......
2024-11-20 19:51:29,116 INFO ===> New TaichiEnv created.
2024-11-20 19:51:29,116 INFO ===> Specifications: horizon = 311, dt = 0.01, n_substeps = 20, dt_sub = 0.0005
2024-11-20 19:51:29,140 DEBUG loaded <trimesh.Trimesh(vertices.shape=(916, 3), faces.shape=(856, 3))> using `load_obj` in 0.0031s
2024-11-20 19:51:29,288 DEBUG loaded <trimesh.Trimesh(vertices.shape=(48, 3), faces.shape=(28, 3))> using `load_obj` in 0.0007s
2024-11-20 19:51:38,269 INFO =====> alpha: 0.01
2024-11-20 19:51:38,269 INFO =====> Loss info: {'particle_has_naninf': False, 'height_map_loss': 13.000269889831543, 'emd_loss': 22.245773315429688, 'total_loss': 22.245773315429688}
2024-11-20 19:51:38,864 INFO ===> New TaichiEnv created.
2024-11-20 19:51:38,864 INFO ===> Specifications: horizon = 311, dt = 0.01, n_substeps = 20, dt_sub = 0.0005
2024-11-20 19:51:38,887 DEBUG loaded <trimesh.Trimesh(vertices.shape=(916, 3), faces.shape=(856, 3))> using `load_obj` in 0.0030s
2024-11-20 19:51:39,034 DEBUG loaded <trimesh.Trimesh(vertices.shape=(48, 3), faces.shape=(28, 3))> using `load_obj` in 0.0007s
2024-11-20 19:51:47,996 INFO =====> alpha: 0.1
2024-11-20 19:51:47,996 INFO =====> Loss info: {'particle_has_naninf': False, 'height_map_loss': 13.016435623168945, 'emd_loss': 22.21742057800293, 'total_loss': 22.21742057800293}
2024-11-20 19:51:48,581 INFO ===> New TaichiEnv created.
2024-11-20 19:51:48,582 INFO ===> Specifications: horizon = 311, dt = 0.01, n_substeps = 20, dt_sub = 0.0005
2024-11-20 19:51:48,605 DEBUG loaded <trimesh.Trimesh(vertices.shape=(916, 3), faces.shape=(856, 3))> using `load_obj` in 0.0029s
2024-11-20 19:51:48,754 DEBUG loaded <trimesh.Trimesh(vertices.shape=(48, 3), faces.shape=(28, 3))> using `load_obj` in 0.0007s
2024-11-20 19:51:59,062 INFO =====> alpha: 0.5
2024-11-20 19:51:59,062 INFO =====> Loss info: {'particle_has_naninf': False, 'height_map_loss': 13.045843124389648, 'emd_loss': 22.04056167602539, 'total_loss': 22.04056167602539}
2024-11-20 19:51:59,648 INFO ===> New TaichiEnv created.
2024-11-20 19:51:59,648 INFO ===> Specifications: horizon = 311, dt = 0.01, n_substeps = 20, dt_sub = 0.0005
2024-11-20 19:51:59,672 DEBUG loaded <trimesh.Trimesh(vertices.shape=(916, 3), faces.shape=(856, 3))> using `load_obj` in 0.0030s
2024-11-20 19:51:59,823 DEBUG loaded <trimesh.Trimesh(vertices.shape=(48, 3), faces.shape=(28, 3))> using `load_obj` in 0.0007s
2024-11-20 19:52:08,797 INFO =====> alpha: 1.0
2024-11-20 19:52:08,797 INFO =====> Loss info: {'particle_has_naninf': False, 'height_map_loss': 13.100608825683594, 'emd_loss': 21.828737258911133, 'total_loss': 21.828737258911133}
2024-11-20 19:52:09,421 INFO ===> New TaichiEnv created.
2024-11-20 19:52:09,421 INFO ===> Specifications: horizon = 311, dt = 0.01, n_substeps = 20, dt_sub = 0.0005
2024-11-20 19:52:09,444 DEBUG loaded <trimesh.Trimesh(vertices.shape=(916, 3), faces.shape=(856, 3))> using `load_obj` in 0.0030s
2024-11-20 19:52:09,593 DEBUG loaded <trimesh.Trimesh(vertices.shape=(48, 3), faces.shape=(28, 3))> using `load_obj` in 0.0007s
2024-11-20 19:52:18,562 INFO =====> alpha: 1.01
2024-11-20 19:52:18,562 INFO =====> Loss info: {'particle_has_naninf': False, 'height_map_loss': 13.104381561279297, 'emd_loss': 21.82453727722168, 'total_loss': 21.82453727722168}
2024-11-20 19:52:19,146 INFO ===> New TaichiEnv created.
2024-11-20 19:52:19,146 INFO ===> Specifications: horizon = 311, dt = 0.01, n_substeps = 20, dt_sub = 0.0005
2024-11-20 19:52:19,170 DEBUG loaded <trimesh.Trimesh(vertices.shape=(916, 3), faces.shape=(856, 3))> using `load_obj` in 0.0031s
2024-11-20 19:52:19,320 DEBUG loaded <trimesh.Trimesh(vertices.shape=(48, 3), faces.shape=(28, 3))> using `load_obj` in 0.0007s
2024-11-20 19:52:29,577 INFO =====> alpha: 1.1
2024-11-20 19:52:29,577 INFO =====> Loss info: {'particle_has_naninf': False, 'height_map_loss': 13.138753890991211, 'emd_loss': 22.027727127075195, 'total_loss': 22.027727127075195}
2024-11-20 19:52:30,167 INFO ===> New TaichiEnv created.
2024-11-20 19:52:30,167 INFO ===> Specifications: horizon = 311, dt = 0.01, n_substeps = 20, dt_sub = 0.0005
2024-11-20 19:52:30,191 DEBUG loaded <trimesh.Trimesh(vertices.shape=(916, 3), faces.shape=(856, 3))> using `load_obj` in 0.0029s
2024-11-20 19:52:30,340 DEBUG loaded <trimesh.Trimesh(vertices.shape=(48, 3), faces.shape=(28, 3))> using `load_obj` in 0.0007s
2024-11-20 19:52:39,338 INFO =====> alpha: 1.5
2024-11-20 19:52:39,339 INFO =====> Loss info: {'particle_has_naninf': False, 'height_map_loss': 13.193940162658691, 'emd_loss': 22.329811096191406, 'total_loss': 22.329811096191406}
2024-11-20 19:52:39,339 INFO =====> Best alpha: 0.01, Best loss info: {'particle_has_naninf': False, 'height_map_loss': 13.000269889831543, 'emd_loss': 22.245773315429688, 'total_loss': 22.245773315429688}
2024-11-20 19:52:39,339 INFO =====> Param: E: [529150.], nu: [0.39377624], rho: [1200.7827], sand_angle: [15.675006]
2024-11-20 19:52:39,339 INFO =====> Grad: [-7.5446889e-03 -2.2642584e+04 -5.7508629e+01 -7.2953040e+02]
2024-11-20 19:52:39,339 INFO =====> Num. aborted data so far: 0
2024-11-20 19:52:39,921 INFO ===> New TaichiEnv created.
2024-11-20 19:52:39,921 INFO ===> Specifications: horizon = 311, dt = 0.01, n_substeps = 20, dt_sub = 0.0005
2024-11-20 19:52:39,945 DEBUG loaded <trimesh.Trimesh(vertices.shape=(916, 3), faces.shape=(856, 3))> using `load_obj` in 0.0030s
2024-11-20 19:52:40,094 DEBUG loaded <trimesh.Trimesh(vertices.shape=(48, 3), faces.shape=(28, 3))> using `load_obj` in 0.0007s
2024-11-20 19:53:07,115 INFO =====> Epoch: 62
2024-11-20 19:53:07,115 INFO =====> Loss info: {'particle_has_naninf': False, 'height_map_loss': 13.002163887023926, 'emd_loss': 22.248157501220703, 'total_loss': 22.248157501220703}
2024-11-20 19:53:07,115 INFO =====> Performing line search for epoch 62......
2024-11-20 19:53:07,716 INFO ===> New TaichiEnv created.
2024-11-20 19:53:07,716 INFO ===> Specifications: horizon = 311, dt = 0.01, n_substeps = 20, dt_sub = 0.0005
2024-11-20 19:53:07,740 DEBUG loaded <trimesh.Trimesh(vertices.shape=(916, 3), faces.shape=(856, 3))> using `load_obj` in 0.0031s
2024-11-20 19:53:07,888 DEBUG loaded <trimesh.Trimesh(vertices.shape=(48, 3), faces.shape=(28, 3))> using `load_obj` in 0.0007s
2024-11-20 19:53:18,199 INFO =====> alpha: 0.01
2024-11-20 19:53:18,199 INFO =====> Loss info: {'particle_has_naninf': False, 'height_map_loss': 13.002538681030273, 'emd_loss': 22.247854232788086, 'total_loss': 22.247854232788086}
2024-11-20 19:53:18,779 INFO ===> New TaichiEnv created.
2024-11-20 19:53:18,779 INFO ===> Specifications: horizon = 311, dt = 0.01, n_substeps = 20, dt_sub = 0.0005
2024-11-20 19:53:18,802 DEBUG loaded <trimesh.Trimesh(vertices.shape=(916, 3), faces.shape=(856, 3))> using `load_obj` in 0.0030s
2024-11-20 19:53:18,949 DEBUG loaded <trimesh.Trimesh(vertices.shape=(48, 3), faces.shape=(28, 3))> using `load_obj` in 0.0007s
2024-11-20 19:53:27,944 INFO =====> alpha: 0.1
2024-11-20 19:53:27,945 INFO =====> Loss info: {'particle_has_naninf': False, 'height_map_loss': 13.006180763244629, 'emd_loss': 22.24782371520996, 'total_loss': 22.24782371520996}
2024-11-20 19:53:28,526 INFO ===> New TaichiEnv created.
2024-11-20 19:53:28,526 INFO ===> Specifications: horizon = 311, dt = 0.01, n_substeps = 20, dt_sub = 0.0005
2024-11-20 19:53:28,549 DEBUG loaded <trimesh.Trimesh(vertices.shape=(916, 3), faces.shape=(856, 3))> using `load_obj` in 0.0030s
2024-11-20 19:53:28,697 DEBUG loaded <trimesh.Trimesh(vertices.shape=(48, 3), faces.shape=(28, 3))> using `load_obj` in 0.0007s
2024-11-20 19:53:37,788 INFO =====> alpha: 0.5
2024-11-20 19:53:37,788 INFO =====> Loss info: {'particle_has_naninf': False, 'height_map_loss': 13.03194522857666, 'emd_loss': 22.394851684570312, 'total_loss': 22.394851684570312}
2024-11-20 19:53:38,378 INFO ===> New TaichiEnv created.
2024-11-20 19:53:38,379 INFO ===> Specifications: horizon = 311, dt = 0.01, n_substeps = 20, dt_sub = 0.0005
2024-11-20 19:53:38,402 DEBUG loaded <trimesh.Trimesh(vertices.shape=(916, 3), faces.shape=(856, 3))> using `load_obj` in 0.0030s
2024-11-20 19:53:38,550 DEBUG loaded <trimesh.Trimesh(vertices.shape=(48, 3), faces.shape=(28, 3))> using `load_obj` in 0.0007s
2024-11-20 19:53:47,554 INFO =====> alpha: 1.0
2024-11-20 19:53:47,555 INFO =====> Loss info: {'particle_has_naninf': False, 'height_map_loss': 13.048612594604492, 'emd_loss': 22.590639114379883, 'total_loss': 22.590639114379883}
2024-11-20 19:53:48,132 INFO ===> New TaichiEnv created.
2024-11-20 19:53:48,132 INFO ===> Specifications: horizon = 311, dt = 0.01, n_substeps = 20, dt_sub = 0.0005
2024-11-20 19:53:48,155 DEBUG loaded <trimesh.Trimesh(vertices.shape=(916, 3), faces.shape=(856, 3))> using `load_obj` in 0.0028s
2024-11-20 19:53:48,302 DEBUG loaded <trimesh.Trimesh(vertices.shape=(48, 3), faces.shape=(28, 3))> using `load_obj` in 0.0007s
2024-11-20 19:53:58,602 INFO =====> alpha: 1.01
2024-11-20 19:53:58,602 INFO =====> Loss info: {'particle_has_naninf': False, 'height_map_loss': 13.045464515686035, 'emd_loss': 22.59785270690918, 'total_loss': 22.59785270690918}
2024-11-20 19:53:59,193 INFO ===> New TaichiEnv created.
2024-11-20 19:53:59,193 INFO ===> Specifications: horizon = 311, dt = 0.01, n_substeps = 20, dt_sub = 0.0005
2024-11-20 19:53:59,217 DEBUG loaded <trimesh.Trimesh(vertices.shape=(916, 3), faces.shape=(856, 3))> using `load_obj` in 0.0030s
2024-11-20 19:53:59,364 DEBUG loaded <trimesh.Trimesh(vertices.shape=(48, 3), faces.shape=(28, 3))> using `load_obj` in 0.0007s
2024-11-20 19:54:08,296 INFO =====> alpha: 1.1
2024-11-20 19:54:08,296 INFO =====> Loss info: {'particle_has_naninf': False, 'height_map_loss': 13.043805122375488, 'emd_loss': 22.600784301757812, 'total_loss': 22.600784301757812}
2024-11-20 19:54:08,883 INFO ===> New TaichiEnv created.
2024-11-20 19:54:08,883 INFO ===> Specifications: horizon = 311, dt = 0.01, n_substeps = 20, dt_sub = 0.0005
2024-11-20 19:54:08,907 DEBUG loaded <trimesh.Trimesh(vertices.shape=(916, 3), faces.shape=(856, 3))> using `load_obj` in 0.0031s
2024-11-20 19:54:09,055 DEBUG loaded <trimesh.Trimesh(vertices.shape=(48, 3), faces.shape=(28, 3))> using `load_obj` in 0.0007s
2024-11-20 19:54:17,985 INFO =====> alpha: 1.5
2024-11-20 19:54:17,985 INFO =====> Loss info: {'particle_has_naninf': False, 'height_map_loss': 13.03215217590332, 'emd_loss': 22.572078704833984, 'total_loss': 22.572078704833984}
2024-11-20 19:54:17,986 INFO =====> Best alpha: 0.01, Best loss info: {'particle_has_naninf': False, 'height_map_loss': 13.002538681030273, 'emd_loss': 22.247854232788086, 'total_loss': 22.247854232788086}
2024-11-20 19:54:17,986 INFO =====> Param: E: [529038.], nu: [0.39366367], rho: [1200.1405], sand_angle: [15.675347]
2024-11-20 19:54:17,986 INFO =====> Grad: [ 3.3766341e-03  3.4014156e+04  6.4687752e+01 -2.3343008e+01]
2024-11-20 19:54:17,986 INFO =====> Num. aborted data so far: 0
2024-11-20 19:54:18,573 INFO ===> New TaichiEnv created.
2024-11-20 19:54:18,573 INFO ===> Specifications: horizon = 311, dt = 0.01, n_substeps = 20, dt_sub = 0.0005
2024-11-20 19:54:18,597 DEBUG loaded <trimesh.Trimesh(vertices.shape=(916, 3), faces.shape=(856, 3))> using `load_obj` in 0.0031s
2024-11-20 19:54:18,749 DEBUG loaded <trimesh.Trimesh(vertices.shape=(48, 3), faces.shape=(28, 3))> using `load_obj` in 0.0007s
2024-11-20 19:54:47,123 INFO =====> Epoch: 63
2024-11-20 19:54:47,123 INFO =====> Loss info: {'particle_has_naninf': False, 'height_map_loss': 13.028787612915039, 'emd_loss': 22.247682571411133, 'total_loss': 22.247682571411133}
2024-11-20 19:54:47,123 INFO =====> Performing line search for epoch 63......
2024-11-20 19:54:47,728 INFO ===> New TaichiEnv created.
2024-11-20 19:54:47,728 INFO ===> Specifications: horizon = 311, dt = 0.01, n_substeps = 20, dt_sub = 0.0005
2024-11-20 19:54:47,752 DEBUG loaded <trimesh.Trimesh(vertices.shape=(916, 3), faces.shape=(856, 3))> using `load_obj` in 0.0030s
2024-11-20 19:54:47,900 DEBUG loaded <trimesh.Trimesh(vertices.shape=(48, 3), faces.shape=(28, 3))> using `load_obj` in 0.0007s
2024-11-20 19:54:56,880 INFO =====> alpha: 0.01
2024-11-20 19:54:56,880 INFO =====> Loss info: {'particle_has_naninf': False, 'height_map_loss': 13.003462791442871, 'emd_loss': 22.141870498657227, 'total_loss': 22.141870498657227}
2024-11-20 19:54:57,462 INFO ===> New TaichiEnv created.
2024-11-20 19:54:57,462 INFO ===> Specifications: horizon = 311, dt = 0.01, n_substeps = 20, dt_sub = 0.0005
2024-11-20 19:54:57,486 DEBUG loaded <trimesh.Trimesh(vertices.shape=(916, 3), faces.shape=(856, 3))> using `load_obj` in 0.0030s
2024-11-20 19:54:57,632 DEBUG loaded <trimesh.Trimesh(vertices.shape=(48, 3), faces.shape=(28, 3))> using `load_obj` in 0.0007s
2024-11-20 19:55:06,552 INFO =====> alpha: 0.1
2024-11-20 19:55:06,552 INFO =====> Loss info: {'particle_has_naninf': False, 'height_map_loss': 13.012304306030273, 'emd_loss': 22.389387130737305, 'total_loss': 22.389387130737305}
2024-11-20 19:55:07,151 INFO ===> New TaichiEnv created.
2024-11-20 19:55:07,151 INFO ===> Specifications: horizon = 311, dt = 0.01, n_substeps = 20, dt_sub = 0.0005
2024-11-20 19:55:07,175 DEBUG loaded <trimesh.Trimesh(vertices.shape=(916, 3), faces.shape=(856, 3))> using `load_obj` in 0.0031s
2024-11-20 19:55:07,323 DEBUG loaded <trimesh.Trimesh(vertices.shape=(48, 3), faces.shape=(28, 3))> using `load_obj` in 0.0007s
2024-11-20 19:55:17,598 INFO =====> alpha: 0.5
2024-11-20 19:55:17,598 INFO =====> Loss info: {'particle_has_naninf': False, 'height_map_loss': 13.057014465332031, 'emd_loss': 22.53847885131836, 'total_loss': 22.53847885131836}
2024-11-20 19:55:18,240 INFO ===> New TaichiEnv created.
2024-11-20 19:55:18,240 INFO ===> Specifications: horizon = 311, dt = 0.01, n_substeps = 20, dt_sub = 0.0005
2024-11-20 19:55:18,264 DEBUG loaded <trimesh.Trimesh(vertices.shape=(916, 3), faces.shape=(856, 3))> using `load_obj` in 0.0030s
2024-11-20 19:55:18,413 DEBUG loaded <trimesh.Trimesh(vertices.shape=(48, 3), faces.shape=(28, 3))> using `load_obj` in 0.0007s
2024-11-20 19:55:27,491 INFO =====> alpha: 1.0
2024-11-20 19:55:27,491 INFO =====> Loss info: {'particle_has_naninf': False, 'height_map_loss': 13.125593185424805, 'emd_loss': 22.882944107055664, 'total_loss': 22.882944107055664}
2024-11-20 19:55:28,125 INFO ===> New TaichiEnv created.
2024-11-20 19:55:28,125 INFO ===> Specifications: horizon = 311, dt = 0.01, n_substeps = 20, dt_sub = 0.0005
2024-11-20 19:55:28,149 DEBUG loaded <trimesh.Trimesh(vertices.shape=(916, 3), faces.shape=(856, 3))> using `load_obj` in 0.0031s
2024-11-20 19:55:28,298 DEBUG loaded <trimesh.Trimesh(vertices.shape=(48, 3), faces.shape=(28, 3))> using `load_obj` in 0.0007s
2024-11-20 19:55:37,311 INFO =====> alpha: 1.01
2024-11-20 19:55:37,311 INFO =====> Loss info: {'particle_has_naninf': False, 'height_map_loss': 13.130643844604492, 'emd_loss': 22.88117218017578, 'total_loss': 22.88117218017578}
2024-11-20 19:55:37,987 INFO ===> New TaichiEnv created.
2024-11-20 19:55:37,987 INFO ===> Specifications: horizon = 311, dt = 0.01, n_substeps = 20, dt_sub = 0.0005
2024-11-20 19:55:38,011 DEBUG loaded <trimesh.Trimesh(vertices.shape=(916, 3), faces.shape=(856, 3))> using `load_obj` in 0.0030s
2024-11-20 19:55:38,159 DEBUG loaded <trimesh.Trimesh(vertices.shape=(48, 3), faces.shape=(28, 3))> using `load_obj` in 0.0007s
2024-11-20 19:55:47,100 INFO =====> alpha: 1.1
2024-11-20 19:55:47,100 INFO =====> Loss info: {'particle_has_naninf': False, 'height_map_loss': 13.139463424682617, 'emd_loss': 22.826086044311523, 'total_loss': 22.826086044311523}
2024-11-20 19:55:47,694 INFO ===> New TaichiEnv created.
2024-11-20 19:55:47,694 INFO ===> Specifications: horizon = 311, dt = 0.01, n_substeps = 20, dt_sub = 0.0005
2024-11-20 19:55:47,718 DEBUG loaded <trimesh.Trimesh(vertices.shape=(916, 3), faces.shape=(856, 3))> using `load_obj` in 0.0029s
2024-11-20 19:55:47,866 DEBUG loaded <trimesh.Trimesh(vertices.shape=(48, 3), faces.shape=(28, 3))> using `load_obj` in 0.0007s
2024-11-20 19:55:58,217 INFO =====> alpha: 1.5
2024-11-20 19:55:58,217 INFO =====> Loss info: {'particle_has_naninf': False, 'height_map_loss': 13.272737503051758, 'emd_loss': 23.020870208740234, 'total_loss': 23.020870208740234}
2024-11-20 19:55:58,217 INFO =====> Best alpha: 0.01, Best loss info: {'particle_has_naninf': False, 'height_map_loss': 13.003462791442871, 'emd_loss': 22.141870498657227, 'total_loss': 22.141870498657227}
2024-11-20 19:55:58,217 INFO =====> Param: E: [528879.9], nu: [0.39357427], rho: [1200.], sand_angle: [15.661784]
2024-11-20 19:55:58,218 INFO =====> Grad: [4.6710633e-03 2.6719348e+04 7.8332535e+01 9.7421350e+02]
2024-11-20 19:55:58,218 INFO =====> Num. aborted data so far: 0
2024-11-20 19:55:58,803 INFO ===> New TaichiEnv created.
2024-11-20 19:55:58,803 INFO ===> Specifications: horizon = 311, dt = 0.01, n_substeps = 20, dt_sub = 0.0005
2024-11-20 19:55:58,828 DEBUG loaded <trimesh.Trimesh(vertices.shape=(916, 3), faces.shape=(856, 3))> using `load_obj` in 0.0030s
2024-11-20 19:55:58,975 DEBUG loaded <trimesh.Trimesh(vertices.shape=(48, 3), faces.shape=(28, 3))> using `load_obj` in 0.0007s
2024-11-20 19:56:26,129 INFO =====> Epoch: 64
2024-11-20 19:56:26,129 INFO =====> Loss info: {'particle_has_naninf': False, 'height_map_loss': 13.003836631774902, 'emd_loss': 22.14118194580078, 'total_loss': 22.14118194580078}
2024-11-20 19:56:26,129 INFO =====> Performing line search for epoch 64......
2024-11-20 19:56:26,753 INFO ===> New TaichiEnv created.
2024-11-20 19:56:26,753 INFO ===> Specifications: horizon = 311, dt = 0.01, n_substeps = 20, dt_sub = 0.0005
2024-11-20 19:56:26,778 DEBUG loaded <trimesh.Trimesh(vertices.shape=(916, 3), faces.shape=(856, 3))> using `load_obj` in 0.0031s
2024-11-20 19:56:26,928 DEBUG loaded <trimesh.Trimesh(vertices.shape=(48, 3), faces.shape=(28, 3))> using `load_obj` in 0.0007s
2024-11-20 19:56:37,176 INFO =====> alpha: 0.01
2024-11-20 19:56:37,176 INFO =====> Loss info: {'particle_has_naninf': False, 'height_map_loss': 13.003153800964355, 'emd_loss': 22.160907745361328, 'total_loss': 22.160907745361328}
2024-11-20 19:56:37,753 INFO ===> New TaichiEnv created.
2024-11-20 19:56:37,753 INFO ===> Specifications: horizon = 311, dt = 0.01, n_substeps = 20, dt_sub = 0.0005
2024-11-20 19:56:37,777 DEBUG loaded <trimesh.Trimesh(vertices.shape=(916, 3), faces.shape=(856, 3))> using `load_obj` in 0.0028s
2024-11-20 19:56:37,924 DEBUG loaded <trimesh.Trimesh(vertices.shape=(48, 3), faces.shape=(28, 3))> using `load_obj` in 0.0007s
2024-11-20 19:56:47,004 INFO =====> alpha: 0.1
2024-11-20 19:56:47,005 INFO =====> Loss info: {'particle_has_naninf': False, 'height_map_loss': 12.999950408935547, 'emd_loss': 22.073348999023438, 'total_loss': 22.073348999023438}
2024-11-20 19:56:47,625 INFO ===> New TaichiEnv created.
2024-11-20 19:56:47,625 INFO ===> Specifications: horizon = 311, dt = 0.01, n_substeps = 20, dt_sub = 0.0005
2024-11-20 19:56:47,649 DEBUG loaded <trimesh.Trimesh(vertices.shape=(916, 3), faces.shape=(856, 3))> using `load_obj` in 0.0030s
2024-11-20 19:56:47,797 DEBUG loaded <trimesh.Trimesh(vertices.shape=(48, 3), faces.shape=(28, 3))> using `load_obj` in 0.0007s
2024-11-20 19:56:56,781 INFO =====> alpha: 0.5
2024-11-20 19:56:56,781 INFO =====> Loss info: {'particle_has_naninf': False, 'height_map_loss': 13.007294654846191, 'emd_loss': 22.285274505615234, 'total_loss': 22.285274505615234}
2024-11-20 19:56:57,363 INFO ===> New TaichiEnv created.
2024-11-20 19:56:57,363 INFO ===> Specifications: horizon = 311, dt = 0.01, n_substeps = 20, dt_sub = 0.0005
2024-11-20 19:56:57,386 DEBUG loaded <trimesh.Trimesh(vertices.shape=(916, 3), faces.shape=(856, 3))> using `load_obj` in 0.0030s
2024-11-20 19:56:57,534 DEBUG loaded <trimesh.Trimesh(vertices.shape=(48, 3), faces.shape=(28, 3))> using `load_obj` in 0.0007s
2024-11-20 19:57:06,569 INFO =====> alpha: 1.0
2024-11-20 19:57:06,569 INFO =====> Loss info: {'particle_has_naninf': False, 'height_map_loss': 13.018735885620117, 'emd_loss': 22.34117317199707, 'total_loss': 22.34117317199707}
2024-11-20 19:57:07,151 INFO ===> New TaichiEnv created.
2024-11-20 19:57:07,151 INFO ===> Specifications: horizon = 311, dt = 0.01, n_substeps = 20, dt_sub = 0.0005
2024-11-20 19:57:07,175 DEBUG loaded <trimesh.Trimesh(vertices.shape=(916, 3), faces.shape=(856, 3))> using `load_obj` in 0.0030s
2024-11-20 19:57:07,325 DEBUG loaded <trimesh.Trimesh(vertices.shape=(48, 3), faces.shape=(28, 3))> using `load_obj` in 0.0007s
2024-11-20 19:57:17,544 INFO =====> alpha: 1.01
2024-11-20 19:57:17,544 INFO =====> Loss info: {'particle_has_naninf': False, 'height_map_loss': 13.017109870910645, 'emd_loss': 22.343643188476562, 'total_loss': 22.343643188476562}
2024-11-20 19:57:18,140 INFO ===> New TaichiEnv created.
2024-11-20 19:57:18,140 INFO ===> Specifications: horizon = 311, dt = 0.01, n_substeps = 20, dt_sub = 0.0005
2024-11-20 19:57:18,163 DEBUG loaded <trimesh.Trimesh(vertices.shape=(916, 3), faces.shape=(856, 3))> using `load_obj` in 0.0029s
2024-11-20 19:57:18,311 DEBUG loaded <trimesh.Trimesh(vertices.shape=(48, 3), faces.shape=(28, 3))> using `load_obj` in 0.0007s
2024-11-20 19:57:27,314 INFO =====> alpha: 1.1
2024-11-20 19:57:27,314 INFO =====> Loss info: {'particle_has_naninf': False, 'height_map_loss': 13.017231941223145, 'emd_loss': 22.338600158691406, 'total_loss': 22.338600158691406}
2024-11-20 19:57:27,898 INFO ===> New TaichiEnv created.
2024-11-20 19:57:27,898 INFO ===> Specifications: horizon = 311, dt = 0.01, n_substeps = 20, dt_sub = 0.0005
2024-11-20 19:57:27,921 DEBUG loaded <trimesh.Trimesh(vertices.shape=(916, 3), faces.shape=(856, 3))> using `load_obj` in 0.0030s
2024-11-20 19:57:28,070 DEBUG loaded <trimesh.Trimesh(vertices.shape=(48, 3), faces.shape=(28, 3))> using `load_obj` in 0.0007s
2024-11-20 19:57:37,059 INFO =====> alpha: 1.5
2024-11-20 19:57:37,059 INFO =====> Loss info: {'particle_has_naninf': False, 'height_map_loss': 13.029749870300293, 'emd_loss': 22.356857299804688, 'total_loss': 22.356857299804688}
2024-11-20 19:57:37,059 INFO =====> Best alpha: 0.1, Best loss info: {'particle_has_naninf': False, 'height_map_loss': 12.999950408935547, 'emd_loss': 22.073348999023438, 'total_loss': 22.073348999023438}
2024-11-20 19:57:37,059 INFO =====> Param: E: [528212.5], nu: [0.39258316], rho: [1200.], sand_angle: [15.655326]
2024-11-20 19:57:37,060 INFO =====> Grad: [1.8808779e-03 2.9589850e+04 8.9618502e+00 4.4018711e+01]
2024-11-20 19:57:37,060 INFO =====> Num. aborted data so far: 0
2024-11-20 19:57:37,649 INFO ===> New TaichiEnv created.
2024-11-20 19:57:37,649 INFO ===> Specifications: horizon = 311, dt = 0.01, n_substeps = 20, dt_sub = 0.0005
2024-11-20 19:57:37,673 DEBUG loaded <trimesh.Trimesh(vertices.shape=(916, 3), faces.shape=(856, 3))> using `load_obj` in 0.0029s
2024-11-20 19:57:37,821 DEBUG loaded <trimesh.Trimesh(vertices.shape=(48, 3), faces.shape=(28, 3))> using `load_obj` in 0.0007s
2024-11-20 19:58:06,141 INFO =====> Epoch: 65
2024-11-20 19:58:06,141 INFO =====> Loss info: {'particle_has_naninf': False, 'height_map_loss': 13.002635955810547, 'emd_loss': 22.221345901489258, 'total_loss': 22.221345901489258}
2024-11-20 19:58:06,141 INFO =====> Performing line search for epoch 65......
2024-11-20 19:58:06,755 INFO ===> New TaichiEnv created.
2024-11-20 19:58:06,755 INFO ===> Specifications: horizon = 311, dt = 0.01, n_substeps = 20, dt_sub = 0.0005
2024-11-20 19:58:06,779 DEBUG loaded <trimesh.Trimesh(vertices.shape=(916, 3), faces.shape=(856, 3))> using `load_obj` in 0.0030s
2024-11-20 19:58:06,928 DEBUG loaded <trimesh.Trimesh(vertices.shape=(48, 3), faces.shape=(28, 3))> using `load_obj` in 0.0007s
2024-11-20 19:58:15,928 INFO =====> alpha: 0.01
2024-11-20 19:58:15,928 INFO =====> Loss info: {'particle_has_naninf': False, 'height_map_loss': 13.00273609161377, 'emd_loss': 22.139795303344727, 'total_loss': 22.139795303344727}
2024-11-20 19:58:16,508 INFO ===> New TaichiEnv created.
2024-11-20 19:58:16,508 INFO ===> Specifications: horizon = 311, dt = 0.01, n_substeps = 20, dt_sub = 0.0005
2024-11-20 19:58:16,531 DEBUG loaded <trimesh.Trimesh(vertices.shape=(916, 3), faces.shape=(856, 3))> using `load_obj` in 0.0030s
2024-11-20 19:58:16,678 DEBUG loaded <trimesh.Trimesh(vertices.shape=(48, 3), faces.shape=(28, 3))> using `load_obj` in 0.0007s
2024-11-20 19:58:25,729 INFO =====> alpha: 0.1
2024-11-20 19:58:25,729 INFO =====> Loss info: {'particle_has_naninf': False, 'height_map_loss': 13.013031959533691, 'emd_loss': 22.181468963623047, 'total_loss': 22.181468963623047}
2024-11-20 19:58:26,318 INFO ===> New TaichiEnv created.
2024-11-20 19:58:26,318 INFO ===> Specifications: horizon = 311, dt = 0.01, n_substeps = 20, dt_sub = 0.0005
2024-11-20 19:58:26,342 DEBUG loaded <trimesh.Trimesh(vertices.shape=(916, 3), faces.shape=(856, 3))> using `load_obj` in 0.0030s
2024-11-20 19:58:26,491 DEBUG loaded <trimesh.Trimesh(vertices.shape=(48, 3), faces.shape=(28, 3))> using `load_obj` in 0.0007s
2024-11-20 19:58:36,735 INFO =====> alpha: 0.5
2024-11-20 19:58:36,735 INFO =====> Loss info: {'particle_has_naninf': False, 'height_map_loss': 13.05648422241211, 'emd_loss': 21.834245681762695, 'total_loss': 21.834245681762695}
2024-11-20 19:58:37,324 INFO ===> New TaichiEnv created.
2024-11-20 19:58:37,324 INFO ===> Specifications: horizon = 311, dt = 0.01, n_substeps = 20, dt_sub = 0.0005
2024-11-20 19:58:37,347 DEBUG loaded <trimesh.Trimesh(vertices.shape=(916, 3), faces.shape=(856, 3))> using `load_obj` in 0.0029s
2024-11-20 19:58:37,496 DEBUG loaded <trimesh.Trimesh(vertices.shape=(48, 3), faces.shape=(28, 3))> using `load_obj` in 0.0007s
2024-11-20 19:58:46,436 INFO =====> alpha: 1.0
2024-11-20 19:58:46,437 INFO =====> Loss info: {'particle_has_naninf': False, 'height_map_loss': 13.167319297790527, 'emd_loss': 22.23731231689453, 'total_loss': 22.23731231689453}
2024-11-20 19:58:47,110 INFO ===> New TaichiEnv created.
2024-11-20 19:58:47,110 INFO ===> Specifications: horizon = 311, dt = 0.01, n_substeps = 20, dt_sub = 0.0005
2024-11-20 19:58:47,134 DEBUG loaded <trimesh.Trimesh(vertices.shape=(916, 3), faces.shape=(856, 3))> using `load_obj` in 0.0031s
2024-11-20 19:58:47,283 DEBUG loaded <trimesh.Trimesh(vertices.shape=(48, 3), faces.shape=(28, 3))> using `load_obj` in 0.0007s
2024-11-20 19:58:56,222 INFO =====> alpha: 1.01
2024-11-20 19:58:56,222 INFO =====> Loss info: {'particle_has_naninf': False, 'height_map_loss': 13.165340423583984, 'emd_loss': 22.3959903717041, 'total_loss': 22.3959903717041}
2024-11-20 19:58:56,807 INFO ===> New TaichiEnv created.
2024-11-20 19:58:56,807 INFO ===> Specifications: horizon = 311, dt = 0.01, n_substeps = 20, dt_sub = 0.0005
2024-11-20 19:58:56,835 DEBUG loaded <trimesh.Trimesh(vertices.shape=(916, 3), faces.shape=(856, 3))> using `load_obj` in 0.0030s
2024-11-20 19:58:56,984 DEBUG loaded <trimesh.Trimesh(vertices.shape=(48, 3), faces.shape=(28, 3))> using `load_obj` in 0.0007s
2024-11-20 19:59:05,919 INFO =====> alpha: 1.1
2024-11-20 19:59:05,919 INFO =====> Loss info: {'particle_has_naninf': False, 'height_map_loss': 13.196897506713867, 'emd_loss': 22.36199378967285, 'total_loss': 22.36199378967285}
2024-11-20 19:59:06,509 INFO ===> New TaichiEnv created.
2024-11-20 19:59:06,509 INFO ===> Specifications: horizon = 311, dt = 0.01, n_substeps = 20, dt_sub = 0.0005
2024-11-20 19:59:06,532 DEBUG loaded <trimesh.Trimesh(vertices.shape=(916, 3), faces.shape=(856, 3))> using `load_obj` in 0.0029s
2024-11-20 19:59:06,680 DEBUG loaded <trimesh.Trimesh(vertices.shape=(48, 3), faces.shape=(28, 3))> using `load_obj` in 0.0007s
2024-11-20 19:59:17,055 INFO =====> alpha: 1.5
2024-11-20 19:59:17,055 INFO =====> Loss info: {'particle_has_naninf': False, 'height_map_loss': 13.240545272827148, 'emd_loss': 21.771268844604492, 'total_loss': 21.771268844604492}
2024-11-20 19:59:17,056 INFO =====> Best alpha: 0.01, Best loss info: {'particle_has_naninf': False, 'height_map_loss': 13.00273609161377, 'emd_loss': 22.139795303344727, 'total_loss': 22.139795303344727}
2024-11-20 19:59:17,056 INFO =====> Param: E: [528514.], nu: [0.3927729], rho: [1200.0411], sand_angle: [15.670052]
2024-11-20 19:59:17,056 INFO =====> Grad: [-9.1697676e-03 -6.7176758e+04 -3.9945726e+00 -1.0759700e+03]
2024-11-20 19:59:17,056 INFO =====> Num. aborted data so far: 0
2024-11-20 19:59:17,644 INFO ===> New TaichiEnv created.
2024-11-20 19:59:17,645 INFO ===> Specifications: horizon = 311, dt = 0.01, n_substeps = 20, dt_sub = 0.0005
2024-11-20 19:59:17,668 DEBUG loaded <trimesh.Trimesh(vertices.shape=(916, 3), faces.shape=(856, 3))> using `load_obj` in 0.0029s
2024-11-20 19:59:17,816 DEBUG loaded <trimesh.Trimesh(vertices.shape=(48, 3), faces.shape=(28, 3))> using `load_obj` in 0.0007s
2024-11-20 19:59:44,961 INFO =====> Epoch: 66
2024-11-20 19:59:44,961 INFO =====> Loss info: {'particle_has_naninf': False, 'height_map_loss': 13.002781867980957, 'emd_loss': 22.06510353088379, 'total_loss': 22.06510353088379}
2024-11-20 19:59:44,961 INFO =====> Performing line search for epoch 66......
2024-11-20 19:59:45,611 INFO ===> New TaichiEnv created.
2024-11-20 19:59:45,612 INFO ===> Specifications: horizon = 311, dt = 0.01, n_substeps = 20, dt_sub = 0.0005
2024-11-20 19:59:45,635 DEBUG loaded <trimesh.Trimesh(vertices.shape=(916, 3), faces.shape=(856, 3))> using `load_obj` in 0.0030s
2024-11-20 19:59:45,784 DEBUG loaded <trimesh.Trimesh(vertices.shape=(48, 3), faces.shape=(28, 3))> using `load_obj` in 0.0007s
2024-11-20 19:59:54,839 INFO =====> alpha: 0.01
2024-11-20 19:59:54,839 INFO =====> Loss info: {'particle_has_naninf': False, 'height_map_loss': 13.004566192626953, 'emd_loss': 22.25177574157715, 'total_loss': 22.25177574157715}
2024-11-20 19:59:55,465 INFO ===> New TaichiEnv created.
2024-11-20 19:59:55,465 INFO ===> Specifications: horizon = 311, dt = 0.01, n_substeps = 20, dt_sub = 0.0005
2024-11-20 19:59:55,488 DEBUG loaded <trimesh.Trimesh(vertices.shape=(916, 3), faces.shape=(856, 3))> using `load_obj` in 0.0030s
2024-11-20 19:59:55,637 DEBUG loaded <trimesh.Trimesh(vertices.shape=(48, 3), faces.shape=(28, 3))> using `load_obj` in 0.0007s
2024-11-20 20:00:06,019 INFO =====> alpha: 0.1
2024-11-20 20:00:06,019 INFO =====> Loss info: {'particle_has_naninf': False, 'height_map_loss': 13.028459548950195, 'emd_loss': 22.229995727539062, 'total_loss': 22.229995727539062}
2024-11-20 20:00:06,608 INFO ===> New TaichiEnv created.
2024-11-20 20:00:06,608 INFO ===> Specifications: horizon = 311, dt = 0.01, n_substeps = 20, dt_sub = 0.0005
2024-11-20 20:00:06,631 DEBUG loaded <trimesh.Trimesh(vertices.shape=(916, 3), faces.shape=(856, 3))> using `load_obj` in 0.0030s
2024-11-20 20:00:06,780 DEBUG loaded <trimesh.Trimesh(vertices.shape=(48, 3), faces.shape=(28, 3))> using `load_obj` in 0.0007s
2024-11-20 20:00:15,773 INFO =====> alpha: 0.5
2024-11-20 20:00:15,773 INFO =====> Loss info: {'particle_has_naninf': False, 'height_map_loss': 13.048054695129395, 'emd_loss': 22.165878295898438, 'total_loss': 22.165878295898438}
2024-11-20 20:00:16,378 INFO ===> New TaichiEnv created.
2024-11-20 20:00:16,378 INFO ===> Specifications: horizon = 311, dt = 0.01, n_substeps = 20, dt_sub = 0.0005
2024-11-20 20:00:16,403 DEBUG loaded <trimesh.Trimesh(vertices.shape=(916, 3), faces.shape=(856, 3))> using `load_obj` in 0.0031s
2024-11-20 20:00:16,552 DEBUG loaded <trimesh.Trimesh(vertices.shape=(48, 3), faces.shape=(28, 3))> using `load_obj` in 0.0007s
2024-11-20 20:00:25,572 INFO =====> alpha: 1.0
2024-11-20 20:00:25,572 INFO =====> Loss info: {'particle_has_naninf': False, 'height_map_loss': 13.088312149047852, 'emd_loss': 22.344470977783203, 'total_loss': 22.344470977783203}
2024-11-20 20:00:26,163 INFO ===> New TaichiEnv created.
2024-11-20 20:00:26,163 INFO ===> Specifications: horizon = 311, dt = 0.01, n_substeps = 20, dt_sub = 0.0005
2024-11-20 20:00:26,186 DEBUG loaded <trimesh.Trimesh(vertices.shape=(916, 3), faces.shape=(856, 3))> using `load_obj` in 0.0030s
2024-11-20 20:00:26,335 DEBUG loaded <trimesh.Trimesh(vertices.shape=(48, 3), faces.shape=(28, 3))> using `load_obj` in 0.0007s
2024-11-20 20:00:36,696 INFO =====> alpha: 1.01
2024-11-20 20:00:36,696 INFO =====> Loss info: {'particle_has_naninf': False, 'height_map_loss': 13.097943305969238, 'emd_loss': 22.33523178100586, 'total_loss': 22.33523178100586}
2024-11-20 20:00:37,287 INFO ===> New TaichiEnv created.
2024-11-20 20:00:37,287 INFO ===> Specifications: horizon = 311, dt = 0.01, n_substeps = 20, dt_sub = 0.0005
2024-11-20 20:00:37,310 DEBUG loaded <trimesh.Trimesh(vertices.shape=(916, 3), faces.shape=(856, 3))> using `load_obj` in 0.0028s
2024-11-20 20:00:37,457 DEBUG loaded <trimesh.Trimesh(vertices.shape=(48, 3), faces.shape=(28, 3))> using `load_obj` in 0.0007s
2024-11-20 20:00:46,440 INFO =====> alpha: 1.1
2024-11-20 20:00:46,440 INFO =====> Loss info: {'particle_has_naninf': False, 'height_map_loss': 13.101688385009766, 'emd_loss': 22.341590881347656, 'total_loss': 22.341590881347656}
2024-11-20 20:00:47,032 INFO ===> New TaichiEnv created.
2024-11-20 20:00:47,033 INFO ===> Specifications: horizon = 311, dt = 0.01, n_substeps = 20, dt_sub = 0.0005
2024-11-20 20:00:47,056 DEBUG loaded <trimesh.Trimesh(vertices.shape=(916, 3), faces.shape=(856, 3))> using `load_obj` in 0.0030s
2024-11-20 20:00:47,204 DEBUG loaded <trimesh.Trimesh(vertices.shape=(48, 3), faces.shape=(28, 3))> using `load_obj` in 0.0007s
2024-11-20 20:00:56,196 INFO =====> alpha: 1.5
2024-11-20 20:00:56,197 INFO =====> Loss info: {'particle_has_naninf': False, 'height_map_loss': 13.155649185180664, 'emd_loss': 22.766559600830078, 'total_loss': 22.766559600830078}
2024-11-20 20:00:56,197 INFO =====> Best alpha: 0.01, Best loss info: {'particle_has_naninf': False, 'height_map_loss': 13.004566192626953, 'emd_loss': 22.25177574157715, 'total_loss': 22.25177574157715}
2024-11-20 20:00:56,197 INFO =====> Param: E: [528167.25], nu: [0.3925805], rho: [1200.], sand_angle: [15.676745]
2024-11-20 20:00:56,197 INFO =====> Grad: [ 1.1963672e-02  8.1423703e+04  3.3462982e+01 -4.7475595e+02]
2024-11-20 20:00:56,197 INFO =====> Num. aborted data so far: 0
2024-11-20 20:00:56,785 INFO ===> New TaichiEnv created.
2024-11-20 20:00:56,785 INFO ===> Specifications: horizon = 311, dt = 0.01, n_substeps = 20, dt_sub = 0.0005
2024-11-20 20:00:56,810 DEBUG loaded <trimesh.Trimesh(vertices.shape=(916, 3), faces.shape=(856, 3))> using `load_obj` in 0.0030s
2024-11-20 20:00:56,958 DEBUG loaded <trimesh.Trimesh(vertices.shape=(48, 3), faces.shape=(28, 3))> using `load_obj` in 0.0007s
2024-11-20 20:01:25,252 INFO =====> Epoch: 67
2024-11-20 20:01:25,252 INFO =====> Loss info: {'particle_has_naninf': False, 'height_map_loss': 13.005139350891113, 'emd_loss': 22.16826820373535, 'total_loss': 22.16826820373535}
2024-11-20 20:01:25,252 INFO =====> Performing line search for epoch 67......
2024-11-20 20:01:25,930 INFO ===> New TaichiEnv created.
2024-11-20 20:01:25,930 INFO ===> Specifications: horizon = 311, dt = 0.01, n_substeps = 20, dt_sub = 0.0005
2024-11-20 20:01:25,954 DEBUG loaded <trimesh.Trimesh(vertices.shape=(916, 3), faces.shape=(856, 3))> using `load_obj` in 0.0032s
2024-11-20 20:01:26,105 DEBUG loaded <trimesh.Trimesh(vertices.shape=(48, 3), faces.shape=(28, 3))> using `load_obj` in 0.0007s
2024-11-20 20:01:35,176 INFO =====> alpha: 0.01
2024-11-20 20:01:35,176 INFO =====> Loss info: {'particle_has_naninf': False, 'height_map_loss': 13.004495620727539, 'emd_loss': 22.14427375793457, 'total_loss': 22.14427375793457}
2024-11-20 20:01:35,767 INFO ===> New TaichiEnv created.
2024-11-20 20:01:35,767 INFO ===> Specifications: horizon = 311, dt = 0.01, n_substeps = 20, dt_sub = 0.0005
2024-11-20 20:01:35,791 DEBUG loaded <trimesh.Trimesh(vertices.shape=(916, 3), faces.shape=(856, 3))> using `load_obj` in 0.0030s
2024-11-20 20:01:35,939 DEBUG loaded <trimesh.Trimesh(vertices.shape=(48, 3), faces.shape=(28, 3))> using `load_obj` in 0.0007s
2024-11-20 20:01:44,912 INFO =====> alpha: 0.1
2024-11-20 20:01:44,912 INFO =====> Loss info: {'particle_has_naninf': False, 'height_map_loss': 13.000768661499023, 'emd_loss': 22.348783493041992, 'total_loss': 22.348783493041992}
2024-11-20 20:01:45,495 INFO ===> New TaichiEnv created.
2024-11-20 20:01:45,496 INFO ===> Specifications: horizon = 311, dt = 0.01, n_substeps = 20, dt_sub = 0.0005
2024-11-20 20:01:45,519 DEBUG loaded <trimesh.Trimesh(vertices.shape=(916, 3), faces.shape=(856, 3))> using `load_obj` in 0.0031s
2024-11-20 20:01:45,668 DEBUG loaded <trimesh.Trimesh(vertices.shape=(48, 3), faces.shape=(28, 3))> using `load_obj` in 0.0007s
2024-11-20 20:01:54,778 INFO =====> alpha: 0.5
2024-11-20 20:01:54,778 INFO =====> Loss info: {'particle_has_naninf': False, 'height_map_loss': 13.021419525146484, 'emd_loss': 22.409732818603516, 'total_loss': 22.409732818603516}
2024-11-20 20:01:55,359 INFO ===> New TaichiEnv created.
2024-11-20 20:01:55,360 INFO ===> Specifications: horizon = 311, dt = 0.01, n_substeps = 20, dt_sub = 0.0005
2024-11-20 20:01:55,383 DEBUG loaded <trimesh.Trimesh(vertices.shape=(916, 3), faces.shape=(856, 3))> using `load_obj` in 0.0030s
2024-11-20 20:01:55,531 DEBUG loaded <trimesh.Trimesh(vertices.shape=(48, 3), faces.shape=(28, 3))> using `load_obj` in 0.0007s
2024-11-20 20:02:05,827 INFO =====> alpha: 1.0
2024-11-20 20:02:05,827 INFO =====> Loss info: {'particle_has_naninf': False, 'height_map_loss': 13.069262504577637, 'emd_loss': 22.56881332397461, 'total_loss': 22.56881332397461}
2024-11-20 20:02:06,411 INFO ===> New TaichiEnv created.
2024-11-20 20:02:06,411 INFO ===> Specifications: horizon = 311, dt = 0.01, n_substeps = 20, dt_sub = 0.0005
2024-11-20 20:02:06,435 DEBUG loaded <trimesh.Trimesh(vertices.shape=(916, 3), faces.shape=(856, 3))> using `load_obj` in 0.0030s
2024-11-20 20:02:06,580 DEBUG loaded <trimesh.Trimesh(vertices.shape=(48, 3), faces.shape=(28, 3))> using `load_obj` in 0.0007s
2024-11-20 20:02:15,593 INFO =====> alpha: 1.01
2024-11-20 20:02:15,593 INFO =====> Loss info: {'particle_has_naninf': False, 'height_map_loss': 13.069180488586426, 'emd_loss': 22.57595443725586, 'total_loss': 22.57595443725586}
2024-11-20 20:02:16,176 INFO ===> New TaichiEnv created.
2024-11-20 20:02:16,176 INFO ===> Specifications: horizon = 311, dt = 0.01, n_substeps = 20, dt_sub = 0.0005
2024-11-20 20:02:16,200 DEBUG loaded <trimesh.Trimesh(vertices.shape=(916, 3), faces.shape=(856, 3))> using `load_obj` in 0.0030s
2024-11-20 20:02:16,349 DEBUG loaded <trimesh.Trimesh(vertices.shape=(48, 3), faces.shape=(28, 3))> using `load_obj` in 0.0007s
2024-11-20 20:02:25,319 INFO =====> alpha: 1.1
2024-11-20 20:02:25,319 INFO =====> Loss info: {'particle_has_naninf': False, 'height_map_loss': 13.085800170898438, 'emd_loss': 22.692890167236328, 'total_loss': 22.692890167236328}
2024-11-20 20:02:25,904 INFO ===> New TaichiEnv created.
2024-11-20 20:02:25,904 INFO ===> Specifications: horizon = 311, dt = 0.01, n_substeps = 20, dt_sub = 0.0005
2024-11-20 20:02:25,927 DEBUG loaded <trimesh.Trimesh(vertices.shape=(916, 3), faces.shape=(856, 3))> using `load_obj` in 0.0030s
2024-11-20 20:02:26,076 DEBUG loaded <trimesh.Trimesh(vertices.shape=(48, 3), faces.shape=(28, 3))> using `load_obj` in 0.0007s
2024-11-20 20:02:35,134 INFO =====> alpha: 1.5
2024-11-20 20:02:35,134 INFO =====> Loss info: {'particle_has_naninf': False, 'height_map_loss': 13.106427192687988, 'emd_loss': 23.06027603149414, 'total_loss': 23.06027603149414}
2024-11-20 20:02:35,135 INFO =====> Best alpha: 0.1, Best loss info: {'particle_has_naninf': False, 'height_map_loss': 13.000768661499023, 'emd_loss': 22.348783493041992, 'total_loss': 22.348783493041992}
2024-11-20 20:02:35,135 INFO =====> Param: E: [526932.7], nu: [0.39226028], rho: [1201.8301], sand_angle: [15.603859]
2024-11-20 20:02:35,135 INFO =====> Grad: [ 4.1200491e-03  1.2923427e+04 -1.6513956e+01  5.0398209e+02]
2024-11-20 20:02:35,135 INFO =====> Num. aborted data so far: 0
2024-11-20 20:02:35,724 INFO ===> New TaichiEnv created.
2024-11-20 20:02:35,724 INFO ===> Specifications: horizon = 311, dt = 0.01, n_substeps = 20, dt_sub = 0.0005
2024-11-20 20:02:35,748 DEBUG loaded <trimesh.Trimesh(vertices.shape=(916, 3), faces.shape=(856, 3))> using `load_obj` in 0.0030s
2024-11-20 20:02:35,897 DEBUG loaded <trimesh.Trimesh(vertices.shape=(48, 3), faces.shape=(28, 3))> using `load_obj` in 0.0007s
2024-11-20 20:03:04,218 INFO =====> Epoch: 68
2024-11-20 20:03:04,218 INFO =====> Loss info: {'particle_has_naninf': False, 'height_map_loss': 13.006586074829102, 'emd_loss': 22.32945442199707, 'total_loss': 22.32945442199707}
2024-11-20 20:03:04,218 INFO =====> Performing line search for epoch 68......
2024-11-20 20:03:04,899 INFO ===> New TaichiEnv created.
2024-11-20 20:03:04,899 INFO ===> Specifications: horizon = 311, dt = 0.01, n_substeps = 20, dt_sub = 0.0005
2024-11-20 20:03:04,923 DEBUG loaded <trimesh.Trimesh(vertices.shape=(916, 3), faces.shape=(856, 3))> using `load_obj` in 0.0032s
2024-11-20 20:03:05,074 DEBUG loaded <trimesh.Trimesh(vertices.shape=(48, 3), faces.shape=(28, 3))> using `load_obj` in 0.0007s
2024-11-20 20:03:14,037 INFO =====> alpha: 0.01
2024-11-20 20:03:14,037 INFO =====> Loss info: {'particle_has_naninf': False, 'height_map_loss': 13.003363609313965, 'emd_loss': 22.187274932861328, 'total_loss': 22.187274932861328}
2024-11-20 20:03:14,631 INFO ===> New TaichiEnv created.
2024-11-20 20:03:14,631 INFO ===> Specifications: horizon = 311, dt = 0.01, n_substeps = 20, dt_sub = 0.0005
2024-11-20 20:03:14,659 DEBUG loaded <trimesh.Trimesh(vertices.shape=(916, 3), faces.shape=(856, 3))> using `load_obj` in 0.0031s
2024-11-20 20:03:14,810 DEBUG loaded <trimesh.Trimesh(vertices.shape=(48, 3), faces.shape=(28, 3))> using `load_obj` in 0.0007s
2024-11-20 20:03:25,108 INFO =====> alpha: 0.1
2024-11-20 20:03:25,108 INFO =====> Loss info: {'particle_has_naninf': False, 'height_map_loss': 13.03506851196289, 'emd_loss': 22.067047119140625, 'total_loss': 22.067047119140625}
2024-11-20 20:03:25,762 INFO ===> New TaichiEnv created.
2024-11-20 20:03:25,762 INFO ===> Specifications: horizon = 311, dt = 0.01, n_substeps = 20, dt_sub = 0.0005
2024-11-20 20:03:25,786 DEBUG loaded <trimesh.Trimesh(vertices.shape=(916, 3), faces.shape=(856, 3))> using `load_obj` in 0.0029s
2024-11-20 20:03:25,935 DEBUG loaded <trimesh.Trimesh(vertices.shape=(48, 3), faces.shape=(28, 3))> using `load_obj` in 0.0007s
2024-11-20 20:03:34,947 INFO =====> alpha: 0.5
2024-11-20 20:03:34,947 INFO =====> Loss info: {'particle_has_naninf': False, 'height_map_loss': 13.031606674194336, 'emd_loss': 21.961578369140625, 'total_loss': 21.961578369140625}
2024-11-20 20:03:35,607 INFO ===> New TaichiEnv created.
2024-11-20 20:03:35,608 INFO ===> Specifications: horizon = 311, dt = 0.01, n_substeps = 20, dt_sub = 0.0005
2024-11-20 20:03:35,631 DEBUG loaded <trimesh.Trimesh(vertices.shape=(916, 3), faces.shape=(856, 3))> using `load_obj` in 0.0030s
2024-11-20 20:03:35,780 DEBUG loaded <trimesh.Trimesh(vertices.shape=(48, 3), faces.shape=(28, 3))> using `load_obj` in 0.0007s
2024-11-20 20:03:44,700 INFO =====> alpha: 1.0
2024-11-20 20:03:44,700 INFO =====> Loss info: {'particle_has_naninf': False, 'height_map_loss': 13.041849136352539, 'emd_loss': 22.010894775390625, 'total_loss': 22.010894775390625}
2024-11-20 20:03:45,283 INFO ===> New TaichiEnv created.
2024-11-20 20:03:45,284 INFO ===> Specifications: horizon = 311, dt = 0.01, n_substeps = 20, dt_sub = 0.0005
2024-11-20 20:03:45,307 DEBUG loaded <trimesh.Trimesh(vertices.shape=(916, 3), faces.shape=(856, 3))> using `load_obj` in 0.0030s
2024-11-20 20:03:45,458 DEBUG loaded <trimesh.Trimesh(vertices.shape=(48, 3), faces.shape=(28, 3))> using `load_obj` in 0.0007s
2024-11-20 20:03:54,455 INFO =====> alpha: 1.01
2024-11-20 20:03:54,455 INFO =====> Loss info: {'particle_has_naninf': False, 'height_map_loss': 13.041404724121094, 'emd_loss': 22.03489875793457, 'total_loss': 22.03489875793457}
2024-11-20 20:03:55,039 INFO ===> New TaichiEnv created.
2024-11-20 20:03:55,040 INFO ===> Specifications: horizon = 311, dt = 0.01, n_substeps = 20, dt_sub = 0.0005
2024-11-20 20:03:55,063 DEBUG loaded <trimesh.Trimesh(vertices.shape=(916, 3), faces.shape=(856, 3))> using `load_obj` in 0.0029s
2024-11-20 20:03:55,212 DEBUG loaded <trimesh.Trimesh(vertices.shape=(48, 3), faces.shape=(28, 3))> using `load_obj` in 0.0007s
2024-11-20 20:04:05,522 INFO =====> alpha: 1.1
2024-11-20 20:04:05,522 INFO =====> Loss info: {'particle_has_naninf': False, 'height_map_loss': 13.034536361694336, 'emd_loss': 22.011537551879883, 'total_loss': 22.011537551879883}
2024-11-20 20:04:06,106 INFO ===> New TaichiEnv created.
2024-11-20 20:04:06,106 INFO ===> Specifications: horizon = 311, dt = 0.01, n_substeps = 20, dt_sub = 0.0005
2024-11-20 20:04:06,130 DEBUG loaded <trimesh.Trimesh(vertices.shape=(916, 3), faces.shape=(856, 3))> using `load_obj` in 0.0029s
2024-11-20 20:04:06,276 DEBUG loaded <trimesh.Trimesh(vertices.shape=(48, 3), faces.shape=(28, 3))> using `load_obj` in 0.0007s
2024-11-20 20:04:15,171 INFO =====> alpha: 1.5
2024-11-20 20:04:15,171 INFO =====> Loss info: {'particle_has_naninf': False, 'height_map_loss': 13.083159446716309, 'emd_loss': 21.829282760620117, 'total_loss': 21.829282760620117}
2024-11-20 20:04:15,171 INFO =====> Best alpha: 0.01, Best loss info: {'particle_has_naninf': False, 'height_map_loss': 13.003363609313965, 'emd_loss': 22.187274932861328, 'total_loss': 22.187274932861328}
2024-11-20 20:04:15,172 INFO =====> Param: E: [527087.7], nu: [0.3923123], rho: [1202.3092], sand_angle: [15.610707]
2024-11-20 20:04:15,172 INFO =====> Grad: [-5.0614029e-03 -2.0187836e+04 -4.3041546e+01 -4.6018680e+02]
2024-11-20 20:04:15,172 INFO =====> Num. aborted data so far: 0
2024-11-20 20:04:15,757 INFO ===> New TaichiEnv created.
2024-11-20 20:04:15,757 INFO ===> Specifications: horizon = 311, dt = 0.01, n_substeps = 20, dt_sub = 0.0005
2024-11-20 20:04:15,781 DEBUG loaded <trimesh.Trimesh(vertices.shape=(916, 3), faces.shape=(856, 3))> using `load_obj` in 0.0030s
2024-11-20 20:04:15,929 DEBUG loaded <trimesh.Trimesh(vertices.shape=(48, 3), faces.shape=(28, 3))> using `load_obj` in 0.0007s
2024-11-20 20:04:43,026 INFO =====> Epoch: 69
2024-11-20 20:04:43,026 INFO =====> Loss info: {'particle_has_naninf': False, 'height_map_loss': 12.998634338378906, 'emd_loss': 22.186893463134766, 'total_loss': 22.186893463134766}
2024-11-20 20:04:43,026 INFO =====> Performing line search for epoch 69......
2024-11-20 20:04:43,631 INFO ===> New TaichiEnv created.
2024-11-20 20:04:43,631 INFO ===> Specifications: horizon = 311, dt = 0.01, n_substeps = 20, dt_sub = 0.0005
2024-11-20 20:04:43,655 DEBUG loaded <trimesh.Trimesh(vertices.shape=(916, 3), faces.shape=(856, 3))> using `load_obj` in 0.0031s
2024-11-20 20:04:43,802 DEBUG loaded <trimesh.Trimesh(vertices.shape=(48, 3), faces.shape=(28, 3))> using `load_obj` in 0.0007s
2024-11-20 20:04:54,126 INFO =====> alpha: 0.01
2024-11-20 20:04:54,126 INFO =====> Loss info: {'particle_has_naninf': False, 'height_map_loss': 13.001233100891113, 'emd_loss': 22.13149070739746, 'total_loss': 22.13149070739746}
2024-11-20 20:04:54,710 INFO ===> New TaichiEnv created.
2024-11-20 20:04:54,710 INFO ===> Specifications: horizon = 311, dt = 0.01, n_substeps = 20, dt_sub = 0.0005
2024-11-20 20:04:54,734 DEBUG loaded <trimesh.Trimesh(vertices.shape=(916, 3), faces.shape=(856, 3))> using `load_obj` in 0.0031s
2024-11-20 20:04:54,882 DEBUG loaded <trimesh.Trimesh(vertices.shape=(48, 3), faces.shape=(28, 3))> using `load_obj` in 0.0007s
2024-11-20 20:05:03,862 INFO =====> alpha: 0.1
2024-11-20 20:05:03,862 INFO =====> Loss info: {'particle_has_naninf': False, 'height_map_loss': 13.023598670959473, 'emd_loss': 22.234182357788086, 'total_loss': 22.234182357788086}
2024-11-20 20:05:04,456 INFO ===> New TaichiEnv created.
2024-11-20 20:05:04,456 INFO ===> Specifications: horizon = 311, dt = 0.01, n_substeps = 20, dt_sub = 0.0005
2024-11-20 20:05:04,479 DEBUG loaded <trimesh.Trimesh(vertices.shape=(916, 3), faces.shape=(856, 3))> using `load_obj` in 0.0031s
2024-11-20 20:05:04,629 DEBUG loaded <trimesh.Trimesh(vertices.shape=(48, 3), faces.shape=(28, 3))> using `load_obj` in 0.0007s
2024-11-20 20:05:13,615 INFO =====> alpha: 0.5
2024-11-20 20:05:13,615 INFO =====> Loss info: {'particle_has_naninf': False, 'height_map_loss': 13.058148384094238, 'emd_loss': 22.02414321899414, 'total_loss': 22.02414321899414}
2024-11-20 20:05:14,213 INFO ===> New TaichiEnv created.
2024-11-20 20:05:14,213 INFO ===> Specifications: horizon = 311, dt = 0.01, n_substeps = 20, dt_sub = 0.0005
2024-11-20 20:05:14,237 DEBUG loaded <trimesh.Trimesh(vertices.shape=(916, 3), faces.shape=(856, 3))> using `load_obj` in 0.0030s
2024-11-20 20:05:14,385 DEBUG loaded <trimesh.Trimesh(vertices.shape=(48, 3), faces.shape=(28, 3))> using `load_obj` in 0.0007s
2024-11-20 20:05:23,391 INFO =====> alpha: 1.0
2024-11-20 20:05:23,391 INFO =====> Loss info: {'particle_has_naninf': False, 'height_map_loss': 13.153607368469238, 'emd_loss': 22.303150177001953, 'total_loss': 22.303150177001953}
2024-11-20 20:05:23,981 INFO ===> New TaichiEnv created.
2024-11-20 20:05:23,981 INFO ===> Specifications: horizon = 311, dt = 0.01, n_substeps = 20, dt_sub = 0.0005
2024-11-20 20:05:24,004 DEBUG loaded <trimesh.Trimesh(vertices.shape=(916, 3), faces.shape=(856, 3))> using `load_obj` in 0.0029s
2024-11-20 20:05:24,156 DEBUG loaded <trimesh.Trimesh(vertices.shape=(48, 3), faces.shape=(28, 3))> using `load_obj` in 0.0007s
2024-11-20 20:05:34,422 INFO =====> alpha: 1.01
2024-11-20 20:05:34,422 INFO =====> Loss info: {'particle_has_naninf': False, 'height_map_loss': 13.147342681884766, 'emd_loss': 22.468896865844727, 'total_loss': 22.468896865844727}
2024-11-20 20:05:35,015 INFO ===> New TaichiEnv created.
2024-11-20 20:05:35,015 INFO ===> Specifications: horizon = 311, dt = 0.01, n_substeps = 20, dt_sub = 0.0005
2024-11-20 20:05:35,039 DEBUG loaded <trimesh.Trimesh(vertices.shape=(916, 3), faces.shape=(856, 3))> using `load_obj` in 0.0030s
2024-11-20 20:05:35,187 DEBUG loaded <trimesh.Trimesh(vertices.shape=(48, 3), faces.shape=(28, 3))> using `load_obj` in 0.0007s
2024-11-20 20:05:44,148 INFO =====> alpha: 1.1
2024-11-20 20:05:44,149 INFO =====> Loss info: {'particle_has_naninf': False, 'height_map_loss': 13.211475372314453, 'emd_loss': 22.60515785217285, 'total_loss': 22.60515785217285}
2024-11-20 20:05:44,736 INFO ===> New TaichiEnv created.
2024-11-20 20:05:44,736 INFO ===> Specifications: horizon = 311, dt = 0.01, n_substeps = 20, dt_sub = 0.0005
2024-11-20 20:05:44,760 DEBUG loaded <trimesh.Trimesh(vertices.shape=(916, 3), faces.shape=(856, 3))> using `load_obj` in 0.0031s
2024-11-20 20:05:44,910 DEBUG loaded <trimesh.Trimesh(vertices.shape=(48, 3), faces.shape=(28, 3))> using `load_obj` in 0.0007s
2024-11-20 20:05:53,830 INFO =====> alpha: 1.5
2024-11-20 20:05:53,830 INFO =====> Loss info: {'particle_has_naninf': False, 'height_map_loss': 13.2413911819458, 'emd_loss': 21.9276180267334, 'total_loss': 21.9276180267334}
2024-11-20 20:05:53,830 INFO =====> Best alpha: 0.01, Best loss info: {'particle_has_naninf': False, 'height_map_loss': 13.001233100891113, 'emd_loss': 22.13149070739746, 'total_loss': 22.13149070739746}
2024-11-20 20:05:53,830 INFO =====> Param: E: [527142.], nu: [0.39240378], rho: [1203.3362], sand_angle: [15.624002]
2024-11-20 20:05:53,831 INFO =====> Grad: [-1.6888112e-03 -3.5198594e+04 -1.1509449e+02 -9.3406958e+02]
2024-11-20 20:05:53,831 INFO =====> Num. aborted data so far: 0
2024-11-20 20:05:54,423 INFO ===> New TaichiEnv created.
2024-11-20 20:05:54,423 INFO ===> Specifications: horizon = 311, dt = 0.01, n_substeps = 20, dt_sub = 0.0005
2024-11-20 20:05:54,447 DEBUG loaded <trimesh.Trimesh(vertices.shape=(916, 3), faces.shape=(856, 3))> using `load_obj` in 0.0030s
2024-11-20 20:05:54,596 DEBUG loaded <trimesh.Trimesh(vertices.shape=(48, 3), faces.shape=(28, 3))> using `load_obj` in 0.0007s
2024-11-20 20:06:23,057 INFO =====> Epoch: 70
2024-11-20 20:06:23,057 INFO =====> Loss info: {'particle_has_naninf': False, 'height_map_loss': 13.00503158569336, 'emd_loss': 22.11306381225586, 'total_loss': 22.11306381225586}
2024-11-20 20:06:23,057 INFO =====> Performing line search for epoch 70......
2024-11-20 20:06:23,673 INFO ===> New TaichiEnv created.
2024-11-20 20:06:23,673 INFO ===> Specifications: horizon = 311, dt = 0.01, n_substeps = 20, dt_sub = 0.0005
2024-11-20 20:06:23,697 DEBUG loaded <trimesh.Trimesh(vertices.shape=(916, 3), faces.shape=(856, 3))> using `load_obj` in 0.0030s
2024-11-20 20:06:23,846 DEBUG loaded <trimesh.Trimesh(vertices.shape=(48, 3), faces.shape=(28, 3))> using `load_obj` in 0.0007s
2024-11-20 20:06:32,891 INFO =====> alpha: 0.01
2024-11-20 20:06:32,891 INFO =====> Loss info: {'particle_has_naninf': False, 'height_map_loss': 13.003417015075684, 'emd_loss': 22.328330993652344, 'total_loss': 22.328330993652344}
2024-11-20 20:06:33,482 INFO ===> New TaichiEnv created.
2024-11-20 20:06:33,482 INFO ===> Specifications: horizon = 311, dt = 0.01, n_substeps = 20, dt_sub = 0.0005
2024-11-20 20:06:33,506 DEBUG loaded <trimesh.Trimesh(vertices.shape=(916, 3), faces.shape=(856, 3))> using `load_obj` in 0.0030s
2024-11-20 20:06:33,654 DEBUG loaded <trimesh.Trimesh(vertices.shape=(48, 3), faces.shape=(28, 3))> using `load_obj` in 0.0007s
2024-11-20 20:06:42,643 INFO =====> alpha: 0.1
2024-11-20 20:06:42,643 INFO =====> Loss info: {'particle_has_naninf': False, 'height_map_loss': 13.010934829711914, 'emd_loss': 22.36928367614746, 'total_loss': 22.36928367614746}
2024-11-20 20:06:43,315 INFO ===> New TaichiEnv created.
2024-11-20 20:06:43,315 INFO ===> Specifications: horizon = 311, dt = 0.01, n_substeps = 20, dt_sub = 0.0005
2024-11-20 20:06:43,341 DEBUG loaded <trimesh.Trimesh(vertices.shape=(916, 3), faces.shape=(856, 3))> using `load_obj` in 0.0031s
2024-11-20 20:06:43,489 DEBUG loaded <trimesh.Trimesh(vertices.shape=(48, 3), faces.shape=(28, 3))> using `load_obj` in 0.0007s
2024-11-20 20:06:53,824 INFO =====> alpha: 0.5
2024-11-20 20:06:53,824 INFO =====> Loss info: {'particle_has_naninf': False, 'height_map_loss': 13.026068687438965, 'emd_loss': 22.180078506469727, 'total_loss': 22.180078506469727}
2024-11-20 20:06:54,413 INFO ===> New TaichiEnv created.
2024-11-20 20:06:54,413 INFO ===> Specifications: horizon = 311, dt = 0.01, n_substeps = 20, dt_sub = 0.0005
2024-11-20 20:06:54,436 DEBUG loaded <trimesh.Trimesh(vertices.shape=(916, 3), faces.shape=(856, 3))> using `load_obj` in 0.0030s
2024-11-20 20:06:54,585 DEBUG loaded <trimesh.Trimesh(vertices.shape=(48, 3), faces.shape=(28, 3))> using `load_obj` in 0.0007s
2024-11-20 20:07:03,670 INFO =====> alpha: 1.0
2024-11-20 20:07:03,671 INFO =====> Loss info: {'particle_has_naninf': False, 'height_map_loss': 13.080282211303711, 'emd_loss': 22.676055908203125, 'total_loss': 22.676055908203125}
2024-11-20 20:07:04,293 INFO ===> New TaichiEnv created.
2024-11-20 20:07:04,293 INFO ===> Specifications: horizon = 311, dt = 0.01, n_substeps = 20, dt_sub = 0.0005
2024-11-20 20:07:04,317 DEBUG loaded <trimesh.Trimesh(vertices.shape=(916, 3), faces.shape=(856, 3))> using `load_obj` in 0.0031s
2024-11-20 20:07:04,466 DEBUG loaded <trimesh.Trimesh(vertices.shape=(48, 3), faces.shape=(28, 3))> using `load_obj` in 0.0007s
2024-11-20 20:07:13,455 INFO =====> alpha: 1.01
2024-11-20 20:07:13,455 INFO =====> Loss info: {'particle_has_naninf': False, 'height_map_loss': 13.0734224319458, 'emd_loss': 22.682470321655273, 'total_loss': 22.682470321655273}
2024-11-20 20:07:14,122 INFO ===> New TaichiEnv created.
2024-11-20 20:07:14,122 INFO ===> Specifications: horizon = 311, dt = 0.01, n_substeps = 20, dt_sub = 0.0005
2024-11-20 20:07:14,146 DEBUG loaded <trimesh.Trimesh(vertices.shape=(916, 3), faces.shape=(856, 3))> using `load_obj` in 0.0031s
2024-11-20 20:07:14,294 DEBUG loaded <trimesh.Trimesh(vertices.shape=(48, 3), faces.shape=(28, 3))> using `load_obj` in 0.0007s
2024-11-20 20:07:23,343 INFO =====> alpha: 1.1
2024-11-20 20:07:23,343 INFO =====> Loss info: {'particle_has_naninf': False, 'height_map_loss': 13.072534561157227, 'emd_loss': 22.702146530151367, 'total_loss': 22.702146530151367}
2024-11-20 20:07:24,012 INFO ===> New TaichiEnv created.
2024-11-20 20:07:24,012 INFO ===> Specifications: horizon = 311, dt = 0.01, n_substeps = 20, dt_sub = 0.0005
2024-11-20 20:07:24,036 DEBUG loaded <trimesh.Trimesh(vertices.shape=(916, 3), faces.shape=(856, 3))> using `load_obj` in 0.0030s
2024-11-20 20:07:24,186 DEBUG loaded <trimesh.Trimesh(vertices.shape=(48, 3), faces.shape=(28, 3))> using `load_obj` in 0.0007s
2024-11-20 20:07:34,615 INFO =====> alpha: 1.5
2024-11-20 20:07:34,615 INFO =====> Loss info: {'particle_has_naninf': False, 'height_map_loss': 13.117366790771484, 'emd_loss': 22.957998275756836, 'total_loss': 22.957998275756836}
2024-11-20 20:07:34,615 INFO =====> Best alpha: 0.01, Best loss info: {'particle_has_naninf': False, 'height_map_loss': 13.003417015075684, 'emd_loss': 22.328330993652344, 'total_loss': 22.328330993652344}
2024-11-20 20:07:34,615 INFO =====> Param: E: [527149.5], nu: [0.39239082], rho: [1202.8849], sand_angle: [15.616646]
2024-11-20 20:07:34,616 INFO =====> Grad: [-2.2175880e-04  4.7357886e+03  5.0061077e+01  5.0413809e+02]
2024-11-20 20:07:34,616 INFO =====> Num. aborted data so far: 0
2024-11-20 20:07:35,198 INFO ===> New TaichiEnv created.
2024-11-20 20:07:35,198 INFO ===> Specifications: horizon = 311, dt = 0.01, n_substeps = 20, dt_sub = 0.0005
2024-11-20 20:07:35,222 DEBUG loaded <trimesh.Trimesh(vertices.shape=(916, 3), faces.shape=(856, 3))> using `load_obj` in 0.0029s
2024-11-20 20:07:35,370 DEBUG loaded <trimesh.Trimesh(vertices.shape=(48, 3), faces.shape=(28, 3))> using `load_obj` in 0.0007s
2024-11-20 20:08:02,387 INFO =====> Epoch: 71
2024-11-20 20:08:02,387 INFO =====> Loss info: {'particle_has_naninf': False, 'height_map_loss': 13.00167179107666, 'emd_loss': 22.273271560668945, 'total_loss': 22.273271560668945}
2024-11-20 20:08:02,387 INFO =====> Performing line search for epoch 71......
2024-11-20 20:08:02,995 INFO ===> New TaichiEnv created.
2024-11-20 20:08:02,995 INFO ===> Specifications: horizon = 311, dt = 0.01, n_substeps = 20, dt_sub = 0.0005
2024-11-20 20:08:03,019 DEBUG loaded <trimesh.Trimesh(vertices.shape=(916, 3), faces.shape=(856, 3))> using `load_obj` in 0.0031s
2024-11-20 20:08:03,175 DEBUG loaded <trimesh.Trimesh(vertices.shape=(48, 3), faces.shape=(28, 3))> using `load_obj` in 0.0007s
2024-11-20 20:08:12,128 INFO =====> alpha: 0.01
2024-11-20 20:08:12,128 INFO =====> Loss info: {'particle_has_naninf': False, 'height_map_loss': 13.000520706176758, 'emd_loss': 22.32794189453125, 'total_loss': 22.32794189453125}
2024-11-20 20:08:12,717 INFO ===> New TaichiEnv created.
2024-11-20 20:08:12,717 INFO ===> Specifications: horizon = 311, dt = 0.01, n_substeps = 20, dt_sub = 0.0005
2024-11-20 20:08:12,740 DEBUG loaded <trimesh.Trimesh(vertices.shape=(916, 3), faces.shape=(856, 3))> using `load_obj` in 0.0030s
2024-11-20 20:08:12,890 DEBUG loaded <trimesh.Trimesh(vertices.shape=(48, 3), faces.shape=(28, 3))> using `load_obj` in 0.0007s
2024-11-20 20:08:23,244 INFO =====> alpha: 0.1
2024-11-20 20:08:23,244 INFO =====> Loss info: {'particle_has_naninf': False, 'height_map_loss': 13.009711265563965, 'emd_loss': 22.370908737182617, 'total_loss': 22.370908737182617}
2024-11-20 20:08:23,829 INFO ===> New TaichiEnv created.
2024-11-20 20:08:23,829 INFO ===> Specifications: horizon = 311, dt = 0.01, n_substeps = 20, dt_sub = 0.0005
2024-11-20 20:08:23,852 DEBUG loaded <trimesh.Trimesh(vertices.shape=(916, 3), faces.shape=(856, 3))> using `load_obj` in 0.0030s
2024-11-20 20:08:24,000 DEBUG loaded <trimesh.Trimesh(vertices.shape=(48, 3), faces.shape=(28, 3))> using `load_obj` in 0.0007s
2024-11-20 20:08:33,002 INFO =====> alpha: 0.5
2024-11-20 20:08:33,002 INFO =====> Loss info: {'particle_has_naninf': False, 'height_map_loss': 13.014928817749023, 'emd_loss': 22.267873764038086, 'total_loss': 22.267873764038086}
2024-11-20 20:08:33,653 INFO ===> New TaichiEnv created.
2024-11-20 20:08:33,653 INFO ===> Specifications: horizon = 311, dt = 0.01, n_substeps = 20, dt_sub = 0.0005
2024-11-20 20:08:33,679 DEBUG loaded <trimesh.Trimesh(vertices.shape=(916, 3), faces.shape=(856, 3))> using `load_obj` in 0.0030s
2024-11-20 20:08:33,829 DEBUG loaded <trimesh.Trimesh(vertices.shape=(48, 3), faces.shape=(28, 3))> using `load_obj` in 0.0007s
2024-11-20 20:08:42,761 INFO =====> alpha: 1.0
2024-11-20 20:08:42,761 INFO =====> Loss info: {'particle_has_naninf': False, 'height_map_loss': 13.03831958770752, 'emd_loss': 22.186447143554688, 'total_loss': 22.186447143554688}
2024-11-20 20:08:43,349 INFO ===> New TaichiEnv created.
2024-11-20 20:08:43,349 INFO ===> Specifications: horizon = 311, dt = 0.01, n_substeps = 20, dt_sub = 0.0005
2024-11-20 20:08:43,373 DEBUG loaded <trimesh.Trimesh(vertices.shape=(916, 3), faces.shape=(856, 3))> using `load_obj` in 0.0031s
2024-11-20 20:08:43,521 DEBUG loaded <trimesh.Trimesh(vertices.shape=(48, 3), faces.shape=(28, 3))> using `load_obj` in 0.0007s
2024-11-20 20:08:53,951 INFO =====> alpha: 1.01
2024-11-20 20:08:53,951 INFO =====> Loss info: {'particle_has_naninf': False, 'height_map_loss': 13.037792205810547, 'emd_loss': 22.337337493896484, 'total_loss': 22.337337493896484}
2024-11-20 20:08:54,626 INFO ===> New TaichiEnv created.
2024-11-20 20:08:54,626 INFO ===> Specifications: horizon = 311, dt = 0.01, n_substeps = 20, dt_sub = 0.0005
2024-11-20 20:08:54,650 DEBUG loaded <trimesh.Trimesh(vertices.shape=(916, 3), faces.shape=(856, 3))> using `load_obj` in 0.0029s
2024-11-20 20:08:54,800 DEBUG loaded <trimesh.Trimesh(vertices.shape=(48, 3), faces.shape=(28, 3))> using `load_obj` in 0.0007s
2024-11-20 20:09:03,876 INFO =====> alpha: 1.1
2024-11-20 20:09:03,877 INFO =====> Loss info: {'particle_has_naninf': False, 'height_map_loss': 13.04999828338623, 'emd_loss': 22.389842987060547, 'total_loss': 22.389842987060547}
2024-11-20 20:09:04,462 INFO ===> New TaichiEnv created.
2024-11-20 20:09:04,463 INFO ===> Specifications: horizon = 311, dt = 0.01, n_substeps = 20, dt_sub = 0.0005
2024-11-20 20:09:04,486 DEBUG loaded <trimesh.Trimesh(vertices.shape=(916, 3), faces.shape=(856, 3))> using `load_obj` in 0.0031s
2024-11-20 20:09:04,634 DEBUG loaded <trimesh.Trimesh(vertices.shape=(48, 3), faces.shape=(28, 3))> using `load_obj` in 0.0007s
2024-11-20 20:09:13,643 INFO =====> alpha: 1.5
2024-11-20 20:09:13,643 INFO =====> Loss info: {'particle_has_naninf': False, 'height_map_loss': 13.073896408081055, 'emd_loss': 22.724563598632812, 'total_loss': 22.724563598632812}
2024-11-20 20:09:13,644 INFO =====> Best alpha: 0.01, Best loss info: {'particle_has_naninf': False, 'height_map_loss': 13.000520706176758, 'emd_loss': 22.32794189453125, 'total_loss': 22.32794189453125}
2024-11-20 20:09:13,644 INFO =====> Param: E: [527409.1], nu: [0.39250803], rho: [1203.275], sand_angle: [15.610681]
2024-11-20 20:09:13,644 INFO =====> Grad: [-7.9682721e-03 -4.3725734e+04 -4.2375874e+01  3.9491226e+02]
2024-11-20 20:09:13,644 INFO =====> Num. aborted data so far: 0
2024-11-20 20:09:14,227 INFO ===> New TaichiEnv created.
2024-11-20 20:09:14,227 INFO ===> Specifications: horizon = 311, dt = 0.01, n_substeps = 20, dt_sub = 0.0005
2024-11-20 20:09:14,251 DEBUG loaded <trimesh.Trimesh(vertices.shape=(916, 3), faces.shape=(856, 3))> using `load_obj` in 0.0030s
2024-11-20 20:09:14,400 DEBUG loaded <trimesh.Trimesh(vertices.shape=(48, 3), faces.shape=(28, 3))> using `load_obj` in 0.0007s
2024-11-20 20:09:42,785 INFO =====> Epoch: 72
2024-11-20 20:09:42,785 INFO =====> Loss info: {'particle_has_naninf': False, 'height_map_loss': 12.999406814575195, 'emd_loss': 22.34601402282715, 'total_loss': 22.34601402282715}
2024-11-20 20:09:42,786 INFO =====> Performing line search for epoch 72......
2024-11-20 20:09:43,440 INFO ===> New TaichiEnv created.
2024-11-20 20:09:43,440 INFO ===> Specifications: horizon = 311, dt = 0.01, n_substeps = 20, dt_sub = 0.0005
2024-11-20 20:09:43,465 DEBUG loaded <trimesh.Trimesh(vertices.shape=(916, 3), faces.shape=(856, 3))> using `load_obj` in 0.0031s
2024-11-20 20:09:43,613 DEBUG loaded <trimesh.Trimesh(vertices.shape=(48, 3), faces.shape=(28, 3))> using `load_obj` in 0.0007s
2024-11-20 20:09:52,570 INFO =====> alpha: 0.01
2024-11-20 20:09:52,571 INFO =====> Loss info: {'particle_has_naninf': False, 'height_map_loss': 12.998764991760254, 'emd_loss': 22.347299575805664, 'total_loss': 22.347299575805664}
2024-11-20 20:09:53,164 INFO ===> New TaichiEnv created.
2024-11-20 20:09:53,164 INFO ===> Specifications: horizon = 311, dt = 0.01, n_substeps = 20, dt_sub = 0.0005
2024-11-20 20:09:53,188 DEBUG loaded <trimesh.Trimesh(vertices.shape=(916, 3), faces.shape=(856, 3))> using `load_obj` in 0.0031s
2024-11-20 20:09:53,339 DEBUG loaded <trimesh.Trimesh(vertices.shape=(48, 3), faces.shape=(28, 3))> using `load_obj` in 0.0007s
2024-11-20 20:10:02,424 INFO =====> alpha: 0.1
2024-11-20 20:10:02,424 INFO =====> Loss info: {'particle_has_naninf': False, 'height_map_loss': 13.010062217712402, 'emd_loss': 22.381624221801758, 'total_loss': 22.381624221801758}
2024-11-20 20:10:03,011 INFO ===> New TaichiEnv created.
2024-11-20 20:10:03,011 INFO ===> Specifications: horizon = 311, dt = 0.01, n_substeps = 20, dt_sub = 0.0005
2024-11-20 20:10:03,035 DEBUG loaded <trimesh.Trimesh(vertices.shape=(916, 3), faces.shape=(856, 3))> using `load_obj` in 0.0030s
2024-11-20 20:10:03,184 DEBUG loaded <trimesh.Trimesh(vertices.shape=(48, 3), faces.shape=(28, 3))> using `load_obj` in 0.0007s
2024-11-20 20:10:12,174 INFO =====> alpha: 0.5
2024-11-20 20:10:12,174 INFO =====> Loss info: {'particle_has_naninf': False, 'height_map_loss': 13.035344123840332, 'emd_loss': 22.363344192504883, 'total_loss': 22.363344192504883}
2024-11-20 20:10:12,759 INFO ===> New TaichiEnv created.
2024-11-20 20:10:12,760 INFO ===> Specifications: horizon = 311, dt = 0.01, n_substeps = 20, dt_sub = 0.0005
2024-11-20 20:10:12,783 DEBUG loaded <trimesh.Trimesh(vertices.shape=(916, 3), faces.shape=(856, 3))> using `load_obj` in 0.0029s
2024-11-20 20:10:12,931 DEBUG loaded <trimesh.Trimesh(vertices.shape=(48, 3), faces.shape=(28, 3))> using `load_obj` in 0.0007s
2024-11-20 20:10:23,221 INFO =====> alpha: 1.0
2024-11-20 20:10:23,221 INFO =====> Loss info: {'particle_has_naninf': False, 'height_map_loss': 13.050182342529297, 'emd_loss': 22.529010772705078, 'total_loss': 22.529010772705078}
2024-11-20 20:10:23,821 INFO ===> New TaichiEnv created.
2024-11-20 20:10:23,821 INFO ===> Specifications: horizon = 311, dt = 0.01, n_substeps = 20, dt_sub = 0.0005
2024-11-20 20:10:23,845 DEBUG loaded <trimesh.Trimesh(vertices.shape=(916, 3), faces.shape=(856, 3))> using `load_obj` in 0.0030s
2024-11-20 20:10:23,995 DEBUG loaded <trimesh.Trimesh(vertices.shape=(48, 3), faces.shape=(28, 3))> using `load_obj` in 0.0007s
2024-11-20 20:10:32,995 INFO =====> alpha: 1.01
2024-11-20 20:10:32,995 INFO =====> Loss info: {'particle_has_naninf': False, 'height_map_loss': 13.057808876037598, 'emd_loss': 22.534221649169922, 'total_loss': 22.534221649169922}
2024-11-20 20:10:33,583 INFO ===> New TaichiEnv created.
2024-11-20 20:10:33,583 INFO ===> Specifications: horizon = 311, dt = 0.01, n_substeps = 20, dt_sub = 0.0005
2024-11-20 20:10:33,606 DEBUG loaded <trimesh.Trimesh(vertices.shape=(916, 3), faces.shape=(856, 3))> using `load_obj` in 0.0030s
2024-11-20 20:10:33,754 DEBUG loaded <trimesh.Trimesh(vertices.shape=(48, 3), faces.shape=(28, 3))> using `load_obj` in 0.0007s
2024-11-20 20:10:42,757 INFO =====> alpha: 1.1
2024-11-20 20:10:42,757 INFO =====> Loss info: {'particle_has_naninf': False, 'height_map_loss': 13.067728996276855, 'emd_loss': 22.569210052490234, 'total_loss': 22.569210052490234}
2024-11-20 20:10:43,340 INFO ===> New TaichiEnv created.
2024-11-20 20:10:43,340 INFO ===> Specifications: horizon = 311, dt = 0.01, n_substeps = 20, dt_sub = 0.0005
2024-11-20 20:10:43,364 DEBUG loaded <trimesh.Trimesh(vertices.shape=(916, 3), faces.shape=(856, 3))> using `load_obj` in 0.0031s
2024-11-20 20:10:43,511 DEBUG loaded <trimesh.Trimesh(vertices.shape=(48, 3), faces.shape=(28, 3))> using `load_obj` in 0.0007s
2024-11-20 20:10:53,858 INFO =====> alpha: 1.5
2024-11-20 20:10:53,858 INFO =====> Loss info: {'particle_has_naninf': False, 'height_map_loss': 13.07900619506836, 'emd_loss': 22.72464370727539, 'total_loss': 22.72464370727539}
2024-11-20 20:10:53,859 INFO =====> Best alpha: 0.01, Best loss info: {'particle_has_naninf': False, 'height_map_loss': 12.998764991760254, 'emd_loss': 22.347299575805664, 'total_loss': 22.347299575805664}
2024-11-20 20:10:53,859 INFO =====> Param: E: [527360.44], nu: [0.39245638], rho: [1202.8735], sand_angle: [15.604666]
2024-11-20 20:10:53,859 INFO =====> Grad: [1.4220927e-03 1.8532686e+04 4.2764664e+01 3.8477878e+02]
2024-11-20 20:10:53,859 INFO =====> Num. aborted data so far: 0
2024-11-20 20:10:54,447 INFO ===> New TaichiEnv created.
2024-11-20 20:10:54,447 INFO ===> Specifications: horizon = 311, dt = 0.01, n_substeps = 20, dt_sub = 0.0005
2024-11-20 20:10:54,471 DEBUG loaded <trimesh.Trimesh(vertices.shape=(916, 3), faces.shape=(856, 3))> using `load_obj` in 0.0029s
2024-11-20 20:10:54,617 DEBUG loaded <trimesh.Trimesh(vertices.shape=(48, 3), faces.shape=(28, 3))> using `load_obj` in 0.0007s
2024-11-20 20:11:21,627 INFO =====> Epoch: 73
2024-11-20 20:11:21,627 INFO =====> Loss info: {'particle_has_naninf': False, 'height_map_loss': 13.006152153015137, 'emd_loss': 22.195884704589844, 'total_loss': 22.195884704589844}
2024-11-20 20:11:21,627 INFO =====> Performing line search for epoch 73......
2024-11-20 20:11:22,239 INFO ===> New TaichiEnv created.
2024-11-20 20:11:22,239 INFO ===> Specifications: horizon = 311, dt = 0.01, n_substeps = 20, dt_sub = 0.0005
2024-11-20 20:11:22,263 DEBUG loaded <trimesh.Trimesh(vertices.shape=(916, 3), faces.shape=(856, 3))> using `load_obj` in 0.0031s
2024-11-20 20:11:22,411 DEBUG loaded <trimesh.Trimesh(vertices.shape=(48, 3), faces.shape=(28, 3))> using `load_obj` in 0.0007s
2024-11-20 20:11:31,409 INFO =====> alpha: 0.01
2024-11-20 20:11:31,409 INFO =====> Loss info: {'particle_has_naninf': False, 'height_map_loss': 13.001381874084473, 'emd_loss': 22.345924377441406, 'total_loss': 22.345924377441406}
2024-11-20 20:11:32,024 INFO ===> New TaichiEnv created.
2024-11-20 20:11:32,024 INFO ===> Specifications: horizon = 311, dt = 0.01, n_substeps = 20, dt_sub = 0.0005
2024-11-20 20:11:32,048 DEBUG loaded <trimesh.Trimesh(vertices.shape=(916, 3), faces.shape=(856, 3))> using `load_obj` in 0.0030s
2024-11-20 20:11:32,198 DEBUG loaded <trimesh.Trimesh(vertices.shape=(48, 3), faces.shape=(28, 3))> using `load_obj` in 0.0007s
2024-11-20 20:11:42,528 INFO =====> alpha: 0.1
2024-11-20 20:11:42,528 INFO =====> Loss info: {'particle_has_naninf': False, 'height_map_loss': 13.00119400024414, 'emd_loss': 22.333847045898438, 'total_loss': 22.333847045898438}
2024-11-20 20:11:43,121 INFO ===> New TaichiEnv created.
2024-11-20 20:11:43,121 INFO ===> Specifications: horizon = 311, dt = 0.01, n_substeps = 20, dt_sub = 0.0005
2024-11-20 20:11:43,144 DEBUG loaded <trimesh.Trimesh(vertices.shape=(916, 3), faces.shape=(856, 3))> using `load_obj` in 0.0029s
2024-11-20 20:11:43,292 DEBUG loaded <trimesh.Trimesh(vertices.shape=(48, 3), faces.shape=(28, 3))> using `load_obj` in 0.0007s
2024-11-20 20:11:52,269 INFO =====> alpha: 0.5
2024-11-20 20:11:52,270 INFO =====> Loss info: {'particle_has_naninf': False, 'height_map_loss': 13.007627487182617, 'emd_loss': 22.378873825073242, 'total_loss': 22.378873825073242}
2024-11-20 20:11:52,866 INFO ===> New TaichiEnv created.
2024-11-20 20:11:52,867 INFO ===> Specifications: horizon = 311, dt = 0.01, n_substeps = 20, dt_sub = 0.0005
2024-11-20 20:11:52,891 DEBUG loaded <trimesh.Trimesh(vertices.shape=(916, 3), faces.shape=(856, 3))> using `load_obj` in 0.0031s
2024-11-20 20:11:53,039 DEBUG loaded <trimesh.Trimesh(vertices.shape=(48, 3), faces.shape=(28, 3))> using `load_obj` in 0.0007s
2024-11-20 20:12:02,040 INFO =====> alpha: 1.0
2024-11-20 20:12:02,040 INFO =====> Loss info: {'particle_has_naninf': False, 'height_map_loss': 13.034388542175293, 'emd_loss': 22.415067672729492, 'total_loss': 22.415067672729492}
2024-11-20 20:12:02,697 INFO ===> New TaichiEnv created.
2024-11-20 20:12:02,697 INFO ===> Specifications: horizon = 311, dt = 0.01, n_substeps = 20, dt_sub = 0.0005
2024-11-20 20:12:02,721 DEBUG loaded <trimesh.Trimesh(vertices.shape=(916, 3), faces.shape=(856, 3))> using `load_obj` in 0.0030s
2024-11-20 20:12:02,869 DEBUG loaded <trimesh.Trimesh(vertices.shape=(48, 3), faces.shape=(28, 3))> using `load_obj` in 0.0007s
2024-11-20 20:12:11,852 INFO =====> alpha: 1.01
2024-11-20 20:12:11,852 INFO =====> Loss info: {'particle_has_naninf': False, 'height_map_loss': 13.034605979919434, 'emd_loss': 22.415386199951172, 'total_loss': 22.415386199951172}
2024-11-20 20:12:12,441 INFO ===> New TaichiEnv created.
2024-11-20 20:12:12,441 INFO ===> Specifications: horizon = 311, dt = 0.01, n_substeps = 20, dt_sub = 0.0005
2024-11-20 20:12:12,464 DEBUG loaded <trimesh.Trimesh(vertices.shape=(916, 3), faces.shape=(856, 3))> using `load_obj` in 0.0029s
2024-11-20 20:12:12,612 DEBUG loaded <trimesh.Trimesh(vertices.shape=(48, 3), faces.shape=(28, 3))> using `load_obj` in 0.0007s
2024-11-20 20:12:22,929 INFO =====> alpha: 1.1
2024-11-20 20:12:22,929 INFO =====> Loss info: {'particle_has_naninf': False, 'height_map_loss': 13.037697792053223, 'emd_loss': 22.41463279724121, 'total_loss': 22.41463279724121}
2024-11-20 20:12:23,512 INFO ===> New TaichiEnv created.
2024-11-20 20:12:23,513 INFO ===> Specifications: horizon = 311, dt = 0.01, n_substeps = 20, dt_sub = 0.0005
2024-11-20 20:12:23,536 DEBUG loaded <trimesh.Trimesh(vertices.shape=(916, 3), faces.shape=(856, 3))> using `load_obj` in 0.0031s
2024-11-20 20:12:23,684 DEBUG loaded <trimesh.Trimesh(vertices.shape=(48, 3), faces.shape=(28, 3))> using `load_obj` in 0.0007s
2024-11-20 20:12:32,701 INFO =====> alpha: 1.5
2024-11-20 20:12:32,701 INFO =====> Loss info: {'particle_has_naninf': False, 'height_map_loss': 13.0374116897583, 'emd_loss': 22.57516098022461, 'total_loss': 22.57516098022461}
2024-11-20 20:12:32,701 INFO =====> Best alpha: 0.1, Best loss info: {'particle_has_naninf': False, 'height_map_loss': 13.00119400024414, 'emd_loss': 22.333847045898438, 'total_loss': 22.333847045898438}
2024-11-20 20:12:32,702 INFO =====> Param: E: [524967.44], nu: [0.39125365], rho: [1200.], sand_angle: [15.586559]
2024-11-20 20:12:32,702 INFO =====> Grad: [7.1623637e-03 4.4260168e+04 6.5612808e+01 1.1006868e+02]
2024-11-20 20:12:32,702 INFO =====> Num. aborted data so far: 0
2024-11-20 20:12:33,289 INFO ===> New TaichiEnv created.
2024-11-20 20:12:33,289 INFO ===> Specifications: horizon = 311, dt = 0.01, n_substeps = 20, dt_sub = 0.0005
2024-11-20 20:12:33,313 DEBUG loaded <trimesh.Trimesh(vertices.shape=(916, 3), faces.shape=(856, 3))> using `load_obj` in 0.0031s
2024-11-20 20:12:33,461 DEBUG loaded <trimesh.Trimesh(vertices.shape=(48, 3), faces.shape=(28, 3))> using `load_obj` in 0.0007s
2024-11-20 20:13:00,456 INFO =====> Epoch: 74
2024-11-20 20:13:00,457 INFO =====> Loss info: {'particle_has_naninf': False, 'height_map_loss': 13.003435134887695, 'emd_loss': 22.331573486328125, 'total_loss': 22.331573486328125}
2024-11-20 20:13:00,457 INFO =====> Performing line search for epoch 74......
2024-11-20 20:13:01,074 INFO ===> New TaichiEnv created.
2024-11-20 20:13:01,074 INFO ===> Specifications: horizon = 311, dt = 0.01, n_substeps = 20, dt_sub = 0.0005
2024-11-20 20:13:01,097 DEBUG loaded <trimesh.Trimesh(vertices.shape=(916, 3), faces.shape=(856, 3))> using `load_obj` in 0.0030s
2024-11-20 20:13:01,246 DEBUG loaded <trimesh.Trimesh(vertices.shape=(48, 3), faces.shape=(28, 3))> using `load_obj` in 0.0007s
2024-11-20 20:13:11,578 INFO =====> alpha: 0.01
2024-11-20 20:13:11,578 INFO =====> Loss info: {'particle_has_naninf': False, 'height_map_loss': 13.004451751708984, 'emd_loss': 22.348670959472656, 'total_loss': 22.348670959472656}
2024-11-20 20:13:12,174 INFO ===> New TaichiEnv created.
2024-11-20 20:13:12,174 INFO ===> Specifications: horizon = 311, dt = 0.01, n_substeps = 20, dt_sub = 0.0005
2024-11-20 20:13:12,199 DEBUG loaded <trimesh.Trimesh(vertices.shape=(916, 3), faces.shape=(856, 3))> using `load_obj` in 0.0030s
2024-11-20 20:13:12,352 DEBUG loaded <trimesh.Trimesh(vertices.shape=(48, 3), faces.shape=(28, 3))> using `load_obj` in 0.0007s
2024-11-20 20:13:21,330 INFO =====> alpha: 0.1
2024-11-20 20:13:21,331 INFO =====> Loss info: {'particle_has_naninf': False, 'height_map_loss': 13.007989883422852, 'emd_loss': 22.35726547241211, 'total_loss': 22.35726547241211}
2024-11-20 20:13:21,922 INFO ===> New TaichiEnv created.
2024-11-20 20:13:21,922 INFO ===> Specifications: horizon = 311, dt = 0.01, n_substeps = 20, dt_sub = 0.0005
2024-11-20 20:13:21,946 DEBUG loaded <trimesh.Trimesh(vertices.shape=(916, 3), faces.shape=(856, 3))> using `load_obj` in 0.0032s
2024-11-20 20:13:22,096 DEBUG loaded <trimesh.Trimesh(vertices.shape=(48, 3), faces.shape=(28, 3))> using `load_obj` in 0.0007s
2024-11-20 20:13:31,108 INFO =====> alpha: 0.5
2024-11-20 20:13:31,108 INFO =====> Loss info: {'particle_has_naninf': False, 'height_map_loss': 13.007414817810059, 'emd_loss': 22.369441986083984, 'total_loss': 22.369441986083984}
2024-11-20 20:13:31,693 INFO ===> New TaichiEnv created.
2024-11-20 20:13:31,693 INFO ===> Specifications: horizon = 311, dt = 0.01, n_substeps = 20, dt_sub = 0.0005
2024-11-20 20:13:31,717 DEBUG loaded <trimesh.Trimesh(vertices.shape=(916, 3), faces.shape=(856, 3))> using `load_obj` in 0.0030s
2024-11-20 20:13:31,866 DEBUG loaded <trimesh.Trimesh(vertices.shape=(48, 3), faces.shape=(28, 3))> using `load_obj` in 0.0007s
2024-11-20 20:13:42,304 INFO =====> alpha: 1.0
2024-11-20 20:13:42,304 INFO =====> Loss info: {'particle_has_naninf': False, 'height_map_loss': 13.015175819396973, 'emd_loss': 22.375186920166016, 'total_loss': 22.375186920166016}
2024-11-20 20:13:42,896 INFO ===> New TaichiEnv created.
2024-11-20 20:13:42,896 INFO ===> Specifications: horizon = 311, dt = 0.01, n_substeps = 20, dt_sub = 0.0005
2024-11-20 20:13:42,919 DEBUG loaded <trimesh.Trimesh(vertices.shape=(916, 3), faces.shape=(856, 3))> using `load_obj` in 0.0028s
2024-11-20 20:13:43,067 DEBUG loaded <trimesh.Trimesh(vertices.shape=(48, 3), faces.shape=(28, 3))> using `load_obj` in 0.0007s
2024-11-20 20:13:52,201 INFO =====> alpha: 1.01
2024-11-20 20:13:52,201 INFO =====> Loss info: {'particle_has_naninf': False, 'height_map_loss': 13.014087677001953, 'emd_loss': 22.379051208496094, 'total_loss': 22.379051208496094}
2024-11-20 20:13:52,786 INFO ===> New TaichiEnv created.
2024-11-20 20:13:52,786 INFO ===> Specifications: horizon = 311, dt = 0.01, n_substeps = 20, dt_sub = 0.0005
2024-11-20 20:13:52,809 DEBUG loaded <trimesh.Trimesh(vertices.shape=(916, 3), faces.shape=(856, 3))> using `load_obj` in 0.0029s
2024-11-20 20:13:52,956 DEBUG loaded <trimesh.Trimesh(vertices.shape=(48, 3), faces.shape=(28, 3))> using `load_obj` in 0.0007s
2024-11-20 20:14:01,915 INFO =====> alpha: 1.1
2024-11-20 20:14:01,915 INFO =====> Loss info: {'particle_has_naninf': False, 'height_map_loss': 13.00605297088623, 'emd_loss': 22.336917877197266, 'total_loss': 22.336917877197266}
2024-11-20 20:14:02,501 INFO ===> New TaichiEnv created.
2024-11-20 20:14:02,501 INFO ===> Specifications: horizon = 311, dt = 0.01, n_substeps = 20, dt_sub = 0.0005
2024-11-20 20:14:02,524 DEBUG loaded <trimesh.Trimesh(vertices.shape=(916, 3), faces.shape=(856, 3))> using `load_obj` in 0.0030s
2024-11-20 20:14:02,672 DEBUG loaded <trimesh.Trimesh(vertices.shape=(48, 3), faces.shape=(28, 3))> using `load_obj` in 0.0007s
2024-11-20 20:14:11,733 INFO =====> alpha: 1.5
2024-11-20 20:14:11,733 INFO =====> Loss info: {'particle_has_naninf': False, 'height_map_loss': 13.005146026611328, 'emd_loss': 22.354917526245117, 'total_loss': 22.354917526245117}
2024-11-20 20:14:11,734 INFO =====> Best alpha: 0.01, Best loss info: {'particle_has_naninf': False, 'height_map_loss': 13.004451751708984, 'emd_loss': 22.348670959472656, 'total_loss': 22.348670959472656}
2024-11-20 20:14:11,734 INFO =====> Param: E: [525010.1], nu: [0.391226], rho: [1200.], sand_angle: [15.5853195]
2024-11-20 20:14:11,734 INFO =====> Grad: [-1.2147891e-03  9.6903574e+03  3.4319225e+01  7.1532867e+01]
2024-11-20 20:14:11,734 INFO =====> Num. aborted data so far: 0
2024-11-20 20:14:12,321 INFO ===> New TaichiEnv created.
2024-11-20 20:14:12,321 INFO ===> Specifications: horizon = 311, dt = 0.01, n_substeps = 20, dt_sub = 0.0005
2024-11-20 20:14:12,345 DEBUG loaded <trimesh.Trimesh(vertices.shape=(916, 3), faces.shape=(856, 3))> using `load_obj` in 0.0030s
2024-11-20 20:14:12,493 DEBUG loaded <trimesh.Trimesh(vertices.shape=(48, 3), faces.shape=(28, 3))> using `load_obj` in 0.0007s
2024-11-20 20:14:40,851 INFO =====> Epoch: 75
2024-11-20 20:14:40,851 INFO =====> Loss info: {'particle_has_naninf': False, 'height_map_loss': 13.000727653503418, 'emd_loss': 22.35177230834961, 'total_loss': 22.35177230834961}
2024-11-20 20:14:40,851 INFO =====> Performing line search for epoch 75......
2024-11-20 20:14:41,455 INFO ===> New TaichiEnv created.
2024-11-20 20:14:41,455 INFO ===> Specifications: horizon = 311, dt = 0.01, n_substeps = 20, dt_sub = 0.0005
2024-11-20 20:14:41,479 DEBUG loaded <trimesh.Trimesh(vertices.shape=(916, 3), faces.shape=(856, 3))> using `load_obj` in 0.0030s
2024-11-20 20:14:41,626 DEBUG loaded <trimesh.Trimesh(vertices.shape=(48, 3), faces.shape=(28, 3))> using `load_obj` in 0.0008s
2024-11-20 20:14:50,536 INFO =====> alpha: 0.01
2024-11-20 20:14:50,537 INFO =====> Loss info: {'particle_has_naninf': False, 'height_map_loss': 13.008493423461914, 'emd_loss': 22.33667755126953, 'total_loss': 22.33667755126953}
2024-11-20 20:14:51,160 INFO ===> New TaichiEnv created.
2024-11-20 20:14:51,161 INFO ===> Specifications: horizon = 311, dt = 0.01, n_substeps = 20, dt_sub = 0.0005
2024-11-20 20:14:51,185 DEBUG loaded <trimesh.Trimesh(vertices.shape=(916, 3), faces.shape=(856, 3))> using `load_obj` in 0.0031s
2024-11-20 20:14:51,333 DEBUG loaded <trimesh.Trimesh(vertices.shape=(48, 3), faces.shape=(28, 3))> using `load_obj` in 0.0007s
2024-11-20 20:15:00,259 INFO =====> alpha: 0.1
2024-11-20 20:15:00,259 INFO =====> Loss info: {'particle_has_naninf': False, 'height_map_loss': 13.004080772399902, 'emd_loss': 22.122161865234375, 'total_loss': 22.122161865234375}
2024-11-20 20:15:00,847 INFO ===> New TaichiEnv created.
2024-11-20 20:15:00,847 INFO ===> Specifications: horizon = 311, dt = 0.01, n_substeps = 20, dt_sub = 0.0005
2024-11-20 20:15:00,871 DEBUG loaded <trimesh.Trimesh(vertices.shape=(916, 3), faces.shape=(856, 3))> using `load_obj` in 0.0029s
2024-11-20 20:15:01,021 DEBUG loaded <trimesh.Trimesh(vertices.shape=(48, 3), faces.shape=(28, 3))> using `load_obj` in 0.0007s
2024-11-20 20:15:11,315 INFO =====> alpha: 0.5
2024-11-20 20:15:11,315 INFO =====> Loss info: {'particle_has_naninf': False, 'height_map_loss': 13.050690650939941, 'emd_loss': 22.096546173095703, 'total_loss': 22.096546173095703}
2024-11-20 20:15:11,896 INFO ===> New TaichiEnv created.
2024-11-20 20:15:11,896 INFO ===> Specifications: horizon = 311, dt = 0.01, n_substeps = 20, dt_sub = 0.0005
2024-11-20 20:15:11,919 DEBUG loaded <trimesh.Trimesh(vertices.shape=(916, 3), faces.shape=(856, 3))> using `load_obj` in 0.0029s
2024-11-20 20:15:12,065 DEBUG loaded <trimesh.Trimesh(vertices.shape=(48, 3), faces.shape=(28, 3))> using `load_obj` in 0.0007s
2024-11-20 20:15:21,043 INFO =====> alpha: 1.0
2024-11-20 20:15:21,043 INFO =====> Loss info: {'particle_has_naninf': False, 'height_map_loss': 13.067804336547852, 'emd_loss': 22.290197372436523, 'total_loss': 22.290197372436523}
2024-11-20 20:15:21,633 INFO ===> New TaichiEnv created.
2024-11-20 20:15:21,633 INFO ===> Specifications: horizon = 311, dt = 0.01, n_substeps = 20, dt_sub = 0.0005
2024-11-20 20:15:21,656 DEBUG loaded <trimesh.Trimesh(vertices.shape=(916, 3), faces.shape=(856, 3))> using `load_obj` in 0.0030s
2024-11-20 20:15:21,802 DEBUG loaded <trimesh.Trimesh(vertices.shape=(48, 3), faces.shape=(28, 3))> using `load_obj` in 0.0007s
2024-11-20 20:15:30,769 INFO =====> alpha: 1.01
2024-11-20 20:15:30,769 INFO =====> Loss info: {'particle_has_naninf': False, 'height_map_loss': 13.065528869628906, 'emd_loss': 22.068668365478516, 'total_loss': 22.068668365478516}
2024-11-20 20:15:31,419 INFO ===> New TaichiEnv created.
2024-11-20 20:15:31,419 INFO ===> Specifications: horizon = 311, dt = 0.01, n_substeps = 20, dt_sub = 0.0005
2024-11-20 20:15:31,442 DEBUG loaded <trimesh.Trimesh(vertices.shape=(916, 3), faces.shape=(856, 3))> using `load_obj` in 0.0030s
2024-11-20 20:15:31,588 DEBUG loaded <trimesh.Trimesh(vertices.shape=(48, 3), faces.shape=(28, 3))> using `load_obj` in 0.0007s
2024-11-20 20:15:40,504 INFO =====> alpha: 1.1
2024-11-20 20:15:40,504 INFO =====> Loss info: {'particle_has_naninf': False, 'height_map_loss': 13.066102027893066, 'emd_loss': 22.072084426879883, 'total_loss': 22.072084426879883}
2024-11-20 20:15:41,079 INFO ===> New TaichiEnv created.
2024-11-20 20:15:41,079 INFO ===> Specifications: horizon = 311, dt = 0.01, n_substeps = 20, dt_sub = 0.0005
2024-11-20 20:15:41,102 DEBUG loaded <trimesh.Trimesh(vertices.shape=(916, 3), faces.shape=(856, 3))> using `load_obj` in 0.0028s
2024-11-20 20:15:41,251 DEBUG loaded <trimesh.Trimesh(vertices.shape=(48, 3), faces.shape=(28, 3))> using `load_obj` in 0.0007s
2024-11-20 20:15:51,503 INFO =====> alpha: 1.5
2024-11-20 20:15:51,503 INFO =====> Loss info: {'particle_has_naninf': False, 'height_map_loss': 13.121757507324219, 'emd_loss': 22.12677001953125, 'total_loss': 22.12677001953125}
2024-11-20 20:15:51,504 INFO =====> Best alpha: 0.1, Best loss info: {'particle_has_naninf': False, 'height_map_loss': 13.004080772399902, 'emd_loss': 22.122161865234375, 'total_loss': 22.122161865234375}
2024-11-20 20:15:51,504 INFO =====> Param: E: [524165.22], nu: [0.3905605], rho: [1201.2865], sand_angle: [15.643172]
2024-11-20 20:15:51,504 INFO =====> Grad: [ 2.3018150e-03  2.2632014e+04 -1.2966391e+01 -3.2219577e+02]
2024-11-20 20:15:51,504 INFO =====> Num. aborted data so far: 0
2024-11-20 20:15:52,092 INFO ===> New TaichiEnv created.
2024-11-20 20:15:52,093 INFO ===> Specifications: horizon = 311, dt = 0.01, n_substeps = 20, dt_sub = 0.0005
2024-11-20 20:15:52,116 DEBUG loaded <trimesh.Trimesh(vertices.shape=(916, 3), faces.shape=(856, 3))> using `load_obj` in 0.0029s
2024-11-20 20:15:52,262 DEBUG loaded <trimesh.Trimesh(vertices.shape=(48, 3), faces.shape=(28, 3))> using `load_obj` in 0.0007s
2024-11-20 20:16:19,211 INFO =====> Epoch: 76
2024-11-20 20:16:19,211 INFO =====> Loss info: {'particle_has_naninf': False, 'height_map_loss': 13.004853248596191, 'emd_loss': 22.06985092163086, 'total_loss': 22.06985092163086}
2024-11-20 20:16:19,212 INFO =====> Performing line search for epoch 76......
2024-11-20 20:16:19,819 INFO ===> New TaichiEnv created.
2024-11-20 20:16:19,819 INFO ===> Specifications: horizon = 311, dt = 0.01, n_substeps = 20, dt_sub = 0.0005
2024-11-20 20:16:19,842 DEBUG loaded <trimesh.Trimesh(vertices.shape=(916, 3), faces.shape=(856, 3))> using `load_obj` in 0.0030s
2024-11-20 20:16:19,988 DEBUG loaded <trimesh.Trimesh(vertices.shape=(48, 3), faces.shape=(28, 3))> using `load_obj` in 0.0007s
2024-11-20 20:16:28,986 INFO =====> alpha: 0.01
2024-11-20 20:16:28,987 INFO =====> Loss info: {'particle_has_naninf': False, 'height_map_loss': 13.005500793457031, 'emd_loss': 22.133512496948242, 'total_loss': 22.133512496948242}
2024-11-20 20:16:29,563 INFO ===> New TaichiEnv created.
2024-11-20 20:16:29,563 INFO ===> Specifications: horizon = 311, dt = 0.01, n_substeps = 20, dt_sub = 0.0005
2024-11-20 20:16:29,586 DEBUG loaded <trimesh.Trimesh(vertices.shape=(916, 3), faces.shape=(856, 3))> using `load_obj` in 0.0029s
2024-11-20 20:16:29,732 DEBUG loaded <trimesh.Trimesh(vertices.shape=(48, 3), faces.shape=(28, 3))> using `load_obj` in 0.0007s
2024-11-20 20:16:40,005 INFO =====> alpha: 0.1
2024-11-20 20:16:40,005 INFO =====> Loss info: {'particle_has_naninf': False, 'height_map_loss': 13.004090309143066, 'emd_loss': 22.32677459716797, 'total_loss': 22.32677459716797}
2024-11-20 20:16:40,590 INFO ===> New TaichiEnv created.
2024-11-20 20:16:40,590 INFO ===> Specifications: horizon = 311, dt = 0.01, n_substeps = 20, dt_sub = 0.0005
2024-11-20 20:16:40,614 DEBUG loaded <trimesh.Trimesh(vertices.shape=(916, 3), faces.shape=(856, 3))> using `load_obj` in 0.0029s
2024-11-20 20:16:40,764 DEBUG loaded <trimesh.Trimesh(vertices.shape=(48, 3), faces.shape=(28, 3))> using `load_obj` in 0.0007s
2024-11-20 20:16:49,757 INFO =====> alpha: 0.5
2024-11-20 20:16:49,758 INFO =====> Loss info: {'particle_has_naninf': False, 'height_map_loss': 13.015280723571777, 'emd_loss': 22.371789932250977, 'total_loss': 22.371789932250977}
2024-11-20 20:16:50,351 INFO ===> New TaichiEnv created.
2024-11-20 20:16:50,351 INFO ===> Specifications: horizon = 311, dt = 0.01, n_substeps = 20, dt_sub = 0.0005
2024-11-20 20:16:50,375 DEBUG loaded <trimesh.Trimesh(vertices.shape=(916, 3), faces.shape=(856, 3))> using `load_obj` in 0.0030s
2024-11-20 20:16:50,521 DEBUG loaded <trimesh.Trimesh(vertices.shape=(48, 3), faces.shape=(28, 3))> using `load_obj` in 0.0007s
2024-11-20 20:16:59,484 INFO =====> alpha: 1.0
2024-11-20 20:16:59,485 INFO =====> Loss info: {'particle_has_naninf': False, 'height_map_loss': 13.001730918884277, 'emd_loss': 22.387229919433594, 'total_loss': 22.387229919433594}
2024-11-20 20:17:00,067 INFO ===> New TaichiEnv created.
2024-11-20 20:17:00,067 INFO ===> Specifications: horizon = 311, dt = 0.01, n_substeps = 20, dt_sub = 0.0005
2024-11-20 20:17:00,091 DEBUG loaded <trimesh.Trimesh(vertices.shape=(916, 3), faces.shape=(856, 3))> using `load_obj` in 0.0029s
2024-11-20 20:17:00,238 DEBUG loaded <trimesh.Trimesh(vertices.shape=(48, 3), faces.shape=(28, 3))> using `load_obj` in 0.0007s
2024-11-20 20:17:10,651 INFO =====> alpha: 1.01
2024-11-20 20:17:10,651 INFO =====> Loss info: {'particle_has_naninf': False, 'height_map_loss': 13.001564025878906, 'emd_loss': 22.38717269897461, 'total_loss': 22.38717269897461}
2024-11-20 20:17:11,232 INFO ===> New TaichiEnv created.
2024-11-20 20:17:11,233 INFO ===> Specifications: horizon = 311, dt = 0.01, n_substeps = 20, dt_sub = 0.0005
2024-11-20 20:17:11,256 DEBUG loaded <trimesh.Trimesh(vertices.shape=(916, 3), faces.shape=(856, 3))> using `load_obj` in 0.0029s
2024-11-20 20:17:11,402 DEBUG loaded <trimesh.Trimesh(vertices.shape=(48, 3), faces.shape=(28, 3))> using `load_obj` in 0.0007s
2024-11-20 20:17:20,374 INFO =====> alpha: 1.1
2024-11-20 20:17:20,374 INFO =====> Loss info: {'particle_has_naninf': False, 'height_map_loss': 13.015664100646973, 'emd_loss': 22.37529945373535, 'total_loss': 22.37529945373535}
2024-11-20 20:17:20,973 INFO ===> New TaichiEnv created.
2024-11-20 20:17:20,973 INFO ===> Specifications: horizon = 311, dt = 0.01, n_substeps = 20, dt_sub = 0.0005
2024-11-20 20:17:20,996 DEBUG loaded <trimesh.Trimesh(vertices.shape=(916, 3), faces.shape=(856, 3))> using `load_obj` in 0.0030s
2024-11-20 20:17:21,144 DEBUG loaded <trimesh.Trimesh(vertices.shape=(48, 3), faces.shape=(28, 3))> using `load_obj` in 0.0007s
2024-11-20 20:17:30,094 INFO =====> alpha: 1.5
2024-11-20 20:17:30,094 INFO =====> Loss info: {'particle_has_naninf': False, 'height_map_loss': 13.027048110961914, 'emd_loss': 22.229772567749023, 'total_loss': 22.229772567749023}
2024-11-20 20:17:30,095 INFO =====> Best alpha: 1.01, Best loss info: {'particle_has_naninf': False, 'height_map_loss': 13.001564025878906, 'emd_loss': 22.38717269897461, 'total_loss': 22.38717269897461}
2024-11-20 20:17:30,095 INFO =====> Param: E: [539417.25], nu: [0.3886685], rho: [1200.], sand_angle: [15.348049]
2024-11-20 20:17:30,095 INFO =====> Grad: [-4.0191733e-03  6.0544141e+03  1.8456507e+00  1.5504671e+02]
2024-11-20 20:17:30,095 INFO =====> Num. aborted data so far: 0
2024-11-20 20:17:30,675 INFO ===> New TaichiEnv created.
2024-11-20 20:17:30,675 INFO ===> Specifications: horizon = 311, dt = 0.01, n_substeps = 20, dt_sub = 0.0005
2024-11-20 20:17:30,699 DEBUG loaded <trimesh.Trimesh(vertices.shape=(916, 3), faces.shape=(856, 3))> using `load_obj` in 0.0030s
2024-11-20 20:17:30,848 DEBUG loaded <trimesh.Trimesh(vertices.shape=(48, 3), faces.shape=(28, 3))> using `load_obj` in 0.0007s
2024-11-20 20:17:59,234 INFO =====> Epoch: 77
2024-11-20 20:17:59,234 INFO =====> Loss info: {'particle_has_naninf': False, 'height_map_loss': 13.001710891723633, 'emd_loss': 22.389997482299805, 'total_loss': 22.389997482299805}
2024-11-20 20:17:59,234 INFO =====> Performing line search for epoch 77......
2024-11-20 20:17:59,841 INFO ===> New TaichiEnv created.
2024-11-20 20:17:59,842 INFO ===> Specifications: horizon = 311, dt = 0.01, n_substeps = 20, dt_sub = 0.0005
2024-11-20 20:17:59,869 DEBUG loaded <trimesh.Trimesh(vertices.shape=(916, 3), faces.shape=(856, 3))> using `load_obj` in 0.0030s
2024-11-20 20:18:00,018 DEBUG loaded <trimesh.Trimesh(vertices.shape=(48, 3), faces.shape=(28, 3))> using `load_obj` in 0.0007s
2024-11-20 20:18:08,912 INFO =====> alpha: 0.01
2024-11-20 20:18:08,912 INFO =====> Loss info: {'particle_has_naninf': False, 'height_map_loss': 13.008966445922852, 'emd_loss': 22.376047134399414, 'total_loss': 22.376047134399414}
2024-11-20 20:18:09,488 INFO ===> New TaichiEnv created.
2024-11-20 20:18:09,488 INFO ===> Specifications: horizon = 311, dt = 0.01, n_substeps = 20, dt_sub = 0.0005
2024-11-20 20:18:09,511 DEBUG loaded <trimesh.Trimesh(vertices.shape=(916, 3), faces.shape=(856, 3))> using `load_obj` in 0.0030s
2024-11-20 20:18:09,660 DEBUG loaded <trimesh.Trimesh(vertices.shape=(48, 3), faces.shape=(28, 3))> using `load_obj` in 0.0007s
2024-11-20 20:18:18,604 INFO =====> alpha: 0.1
2024-11-20 20:18:18,604 INFO =====> Loss info: {'particle_has_naninf': False, 'height_map_loss': 12.999029159545898, 'emd_loss': 22.38640594482422, 'total_loss': 22.38640594482422}
2024-11-20 20:18:19,197 INFO ===> New TaichiEnv created.
2024-11-20 20:18:19,197 INFO ===> Specifications: horizon = 311, dt = 0.01, n_substeps = 20, dt_sub = 0.0005
2024-11-20 20:18:19,220 DEBUG loaded <trimesh.Trimesh(vertices.shape=(916, 3), faces.shape=(856, 3))> using `load_obj` in 0.0031s
2024-11-20 20:18:19,369 DEBUG loaded <trimesh.Trimesh(vertices.shape=(48, 3), faces.shape=(28, 3))> using `load_obj` in 0.0007s
2024-11-20 20:18:28,385 INFO =====> alpha: 0.5
2024-11-20 20:18:28,385 INFO =====> Loss info: {'particle_has_naninf': False, 'height_map_loss': 13.01231861114502, 'emd_loss': 22.393688201904297, 'total_loss': 22.393688201904297}
2024-11-20 20:18:28,963 INFO ===> New TaichiEnv created.
2024-11-20 20:18:28,963 INFO ===> Specifications: horizon = 311, dt = 0.01, n_substeps = 20, dt_sub = 0.0005
2024-11-20 20:18:28,986 DEBUG loaded <trimesh.Trimesh(vertices.shape=(916, 3), faces.shape=(856, 3))> using `load_obj` in 0.0029s
2024-11-20 20:18:29,137 DEBUG loaded <trimesh.Trimesh(vertices.shape=(48, 3), faces.shape=(28, 3))> using `load_obj` in 0.0007s
2024-11-20 20:18:39,468 INFO =====> alpha: 1.0
2024-11-20 20:18:39,468 INFO =====> Loss info: {'particle_has_naninf': False, 'height_map_loss': 13.031172752380371, 'emd_loss': 22.359479904174805, 'total_loss': 22.359479904174805}
2024-11-20 20:18:40,044 INFO ===> New TaichiEnv created.
2024-11-20 20:18:40,044 INFO ===> Specifications: horizon = 311, dt = 0.01, n_substeps = 20, dt_sub = 0.0005
2024-11-20 20:18:40,067 DEBUG loaded <trimesh.Trimesh(vertices.shape=(916, 3), faces.shape=(856, 3))> using `load_obj` in 0.0029s
2024-11-20 20:18:40,214 DEBUG loaded <trimesh.Trimesh(vertices.shape=(48, 3), faces.shape=(28, 3))> using `load_obj` in 0.0007s
2024-11-20 20:18:49,092 INFO =====> alpha: 1.01
2024-11-20 20:18:49,092 INFO =====> Loss info: {'particle_has_naninf': False, 'height_map_loss': 13.030330657958984, 'emd_loss': 22.484569549560547, 'total_loss': 22.484569549560547}
2024-11-20 20:18:49,674 INFO ===> New TaichiEnv created.
2024-11-20 20:18:49,674 INFO ===> Specifications: horizon = 311, dt = 0.01, n_substeps = 20, dt_sub = 0.0005
2024-11-20 20:18:49,697 DEBUG loaded <trimesh.Trimesh(vertices.shape=(916, 3), faces.shape=(856, 3))> using `load_obj` in 0.0030s
2024-11-20 20:18:49,844 DEBUG loaded <trimesh.Trimesh(vertices.shape=(48, 3), faces.shape=(28, 3))> using `load_obj` in 0.0007s
2024-11-20 20:18:58,912 INFO =====> alpha: 1.1
2024-11-20 20:18:58,912 INFO =====> Loss info: {'particle_has_naninf': False, 'height_map_loss': 13.052867889404297, 'emd_loss': 22.48630142211914, 'total_loss': 22.48630142211914}
2024-11-20 20:18:59,489 INFO ===> New TaichiEnv created.
2024-11-20 20:18:59,489 INFO ===> Specifications: horizon = 311, dt = 0.01, n_substeps = 20, dt_sub = 0.0005
2024-11-20 20:18:59,512 DEBUG loaded <trimesh.Trimesh(vertices.shape=(916, 3), faces.shape=(856, 3))> using `load_obj` in 0.0030s
2024-11-20 20:18:59,658 DEBUG loaded <trimesh.Trimesh(vertices.shape=(48, 3), faces.shape=(28, 3))> using `load_obj` in 0.0007s
2024-11-20 20:19:08,681 INFO =====> alpha: 1.5
2024-11-20 20:19:08,681 INFO =====> Loss info: {'particle_has_naninf': False, 'height_map_loss': 13.04202651977539, 'emd_loss': 22.4143123626709, 'total_loss': 22.4143123626709}
2024-11-20 20:19:08,682 INFO =====> Best alpha: 0.1, Best loss info: {'particle_has_naninf': False, 'height_map_loss': 12.999029159545898, 'emd_loss': 22.38640594482422, 'total_loss': 22.38640594482422}
2024-11-20 20:19:08,682 INFO =====> Param: E: [535780.8], nu: [0.3871972], rho: [1200.], sand_angle: [15.37716]
2024-11-20 20:19:08,682 INFO =====> Grad: [ 1.1222471e-02  5.0964676e+04  2.1038641e+01 -1.4716325e+02]
2024-11-20 20:19:08,682 INFO =====> Num. aborted data so far: 0
2024-11-20 20:19:09,262 INFO ===> New TaichiEnv created.
2024-11-20 20:19:09,262 INFO ===> Specifications: horizon = 311, dt = 0.01, n_substeps = 20, dt_sub = 0.0005
2024-11-20 20:19:09,286 DEBUG loaded <trimesh.Trimesh(vertices.shape=(916, 3), faces.shape=(856, 3))> using `load_obj` in 0.0029s
2024-11-20 20:19:09,431 DEBUG loaded <trimesh.Trimesh(vertices.shape=(48, 3), faces.shape=(28, 3))> using `load_obj` in 0.0007s
2024-11-20 20:19:37,818 INFO =====> Epoch: 78
2024-11-20 20:19:37,818 INFO =====> Loss info: {'particle_has_naninf': False, 'height_map_loss': 13.003728866577148, 'emd_loss': 22.384689331054688, 'total_loss': 22.384689331054688}
2024-11-20 20:19:37,819 INFO =====> Performing line search for epoch 78......
2024-11-20 20:19:38,424 INFO ===> New TaichiEnv created.
2024-11-20 20:19:38,424 INFO ===> Specifications: horizon = 311, dt = 0.01, n_substeps = 20, dt_sub = 0.0005
2024-11-20 20:19:38,448 DEBUG loaded <trimesh.Trimesh(vertices.shape=(916, 3), faces.shape=(856, 3))> using `load_obj` in 0.0031s
2024-11-20 20:19:38,594 DEBUG loaded <trimesh.Trimesh(vertices.shape=(48, 3), faces.shape=(28, 3))> using `load_obj` in 0.0007s
2024-11-20 20:19:47,542 INFO =====> alpha: 0.01
2024-11-20 20:19:47,542 INFO =====> Loss info: {'particle_has_naninf': False, 'height_map_loss': 13.00412654876709, 'emd_loss': 22.383146286010742, 'total_loss': 22.383146286010742}
2024-11-20 20:19:48,118 INFO ===> New TaichiEnv created.
2024-11-20 20:19:48,118 INFO ===> Specifications: horizon = 311, dt = 0.01, n_substeps = 20, dt_sub = 0.0005
2024-11-20 20:19:48,141 DEBUG loaded <trimesh.Trimesh(vertices.shape=(916, 3), faces.shape=(856, 3))> using `load_obj` in 0.0030s
2024-11-20 20:19:48,288 DEBUG loaded <trimesh.Trimesh(vertices.shape=(48, 3), faces.shape=(28, 3))> using `load_obj` in 0.0007s
2024-11-20 20:19:57,258 INFO =====> alpha: 0.1
2024-11-20 20:19:57,258 INFO =====> Loss info: {'particle_has_naninf': False, 'height_map_loss': 13.008780479431152, 'emd_loss': 22.35868263244629, 'total_loss': 22.35868263244629}
2024-11-20 20:19:57,837 INFO ===> New TaichiEnv created.
2024-11-20 20:19:57,837 INFO ===> Specifications: horizon = 311, dt = 0.01, n_substeps = 20, dt_sub = 0.0005
2024-11-20 20:19:57,860 DEBUG loaded <trimesh.Trimesh(vertices.shape=(916, 3), faces.shape=(856, 3))> using `load_obj` in 0.0029s
2024-11-20 20:19:58,008 DEBUG loaded <trimesh.Trimesh(vertices.shape=(48, 3), faces.shape=(28, 3))> using `load_obj` in 0.0007s
2024-11-20 20:20:08,359 INFO =====> alpha: 0.5
2024-11-20 20:20:08,359 INFO =====> Loss info: {'particle_has_naninf': False, 'height_map_loss': 13.013484001159668, 'emd_loss': 22.37564468383789, 'total_loss': 22.37564468383789}
2024-11-20 20:20:08,937 INFO ===> New TaichiEnv created.
2024-11-20 20:20:08,937 INFO ===> Specifications: horizon = 311, dt = 0.01, n_substeps = 20, dt_sub = 0.0005
2024-11-20 20:20:08,960 DEBUG loaded <trimesh.Trimesh(vertices.shape=(916, 3), faces.shape=(856, 3))> using `load_obj` in 0.0029s
2024-11-20 20:20:09,105 DEBUG loaded <trimesh.Trimesh(vertices.shape=(48, 3), faces.shape=(28, 3))> using `load_obj` in 0.0007s
2024-11-20 20:20:18,053 INFO =====> alpha: 1.0
2024-11-20 20:20:18,053 INFO =====> Loss info: {'particle_has_naninf': False, 'height_map_loss': 13.013108253479004, 'emd_loss': 22.36618995666504, 'total_loss': 22.36618995666504}
2024-11-20 20:20:18,631 INFO ===> New TaichiEnv created.
2024-11-20 20:20:18,631 INFO ===> Specifications: horizon = 311, dt = 0.01, n_substeps = 20, dt_sub = 0.0005
2024-11-20 20:20:18,654 DEBUG loaded <trimesh.Trimesh(vertices.shape=(916, 3), faces.shape=(856, 3))> using `load_obj` in 0.0030s
2024-11-20 20:20:18,803 DEBUG loaded <trimesh.Trimesh(vertices.shape=(48, 3), faces.shape=(28, 3))> using `load_obj` in 0.0007s
2024-11-20 20:20:27,847 INFO =====> alpha: 1.01
2024-11-20 20:20:27,847 INFO =====> Loss info: {'particle_has_naninf': False, 'height_map_loss': 13.014820098876953, 'emd_loss': 22.3759765625, 'total_loss': 22.3759765625}
2024-11-20 20:20:28,420 INFO ===> New TaichiEnv created.
2024-11-20 20:20:28,420 INFO ===> Specifications: horizon = 311, dt = 0.01, n_substeps = 20, dt_sub = 0.0005
2024-11-20 20:20:28,443 DEBUG loaded <trimesh.Trimesh(vertices.shape=(916, 3), faces.shape=(856, 3))> using `load_obj` in 0.0029s
2024-11-20 20:20:28,588 DEBUG loaded <trimesh.Trimesh(vertices.shape=(48, 3), faces.shape=(28, 3))> using `load_obj` in 0.0007s
2024-11-20 20:20:39,066 INFO =====> alpha: 1.1
2024-11-20 20:20:39,066 INFO =====> Loss info: {'particle_has_naninf': False, 'height_map_loss': 13.012105941772461, 'emd_loss': 22.36931610107422, 'total_loss': 22.36931610107422}
2024-11-20 20:20:39,637 INFO ===> New TaichiEnv created.
2024-11-20 20:20:39,637 INFO ===> Specifications: horizon = 311, dt = 0.01, n_substeps = 20, dt_sub = 0.0005
2024-11-20 20:20:39,660 DEBUG loaded <trimesh.Trimesh(vertices.shape=(916, 3), faces.shape=(856, 3))> using `load_obj` in 0.0030s
2024-11-20 20:20:39,808 DEBUG loaded <trimesh.Trimesh(vertices.shape=(48, 3), faces.shape=(28, 3))> using `load_obj` in 0.0007s
2024-11-20 20:20:48,785 INFO =====> alpha: 1.5
2024-11-20 20:20:48,786 INFO =====> Loss info: {'particle_has_naninf': False, 'height_map_loss': 13.00820541381836, 'emd_loss': 22.348129272460938, 'total_loss': 22.348129272460938}
2024-11-20 20:20:48,786 INFO =====> Best alpha: 0.01, Best loss info: {'particle_has_naninf': False, 'height_map_loss': 13.00412654876709, 'emd_loss': 22.383146286010742, 'total_loss': 22.383146286010742}
2024-11-20 20:20:48,786 INFO =====> Param: E: [535681.56], nu: [0.38720718], rho: [1200.], sand_angle: [15.378914]
2024-11-20 20:20:48,786 INFO =====> Grad: [ 2.9428843e-03 -3.2801113e+03  9.4513597e+00 -8.4259651e+01]
2024-11-20 20:20:48,786 INFO =====> Num. aborted data so far: 0
2024-11-20 20:20:49,362 INFO ===> New TaichiEnv created.
2024-11-20 20:20:49,362 INFO ===> Specifications: horizon = 311, dt = 0.01, n_substeps = 20, dt_sub = 0.0005
2024-11-20 20:20:49,386 DEBUG loaded <trimesh.Trimesh(vertices.shape=(916, 3), faces.shape=(856, 3))> using `load_obj` in 0.0030s
2024-11-20 20:20:49,531 DEBUG loaded <trimesh.Trimesh(vertices.shape=(48, 3), faces.shape=(28, 3))> using `load_obj` in 0.0007s
2024-11-20 20:21:16,446 INFO =====> Epoch: 79
2024-11-20 20:21:16,446 INFO =====> Loss info: {'particle_has_naninf': False, 'height_map_loss': 13.004220962524414, 'emd_loss': 22.363113403320312, 'total_loss': 22.363113403320312}
2024-11-20 20:21:16,446 INFO =====> Performing line search for epoch 79......
2024-11-20 20:21:17,044 INFO ===> New TaichiEnv created.
2024-11-20 20:21:17,045 INFO ===> Specifications: horizon = 311, dt = 0.01, n_substeps = 20, dt_sub = 0.0005
2024-11-20 20:21:17,068 DEBUG loaded <trimesh.Trimesh(vertices.shape=(916, 3), faces.shape=(856, 3))> using `load_obj` in 0.0030s
2024-11-20 20:21:17,214 DEBUG loaded <trimesh.Trimesh(vertices.shape=(48, 3), faces.shape=(28, 3))> using `load_obj` in 0.0007s
2024-11-20 20:21:27,578 INFO =====> alpha: 0.01
2024-11-20 20:21:27,578 INFO =====> Loss info: {'particle_has_naninf': False, 'height_map_loss': 13.004021644592285, 'emd_loss': 22.383798599243164, 'total_loss': 22.383798599243164}
2024-11-20 20:21:28,155 INFO ===> New TaichiEnv created.
2024-11-20 20:21:28,155 INFO ===> Specifications: horizon = 311, dt = 0.01, n_substeps = 20, dt_sub = 0.0005
2024-11-20 20:21:28,178 DEBUG loaded <trimesh.Trimesh(vertices.shape=(916, 3), faces.shape=(856, 3))> using `load_obj` in 0.0029s
2024-11-20 20:21:28,323 DEBUG loaded <trimesh.Trimesh(vertices.shape=(48, 3), faces.shape=(28, 3))> using `load_obj` in 0.0007s
2024-11-20 20:21:37,363 INFO =====> alpha: 0.1
2024-11-20 20:21:37,363 INFO =====> Loss info: {'particle_has_naninf': False, 'height_map_loss': 13.023573875427246, 'emd_loss': 22.375699996948242, 'total_loss': 22.375699996948242}
2024-11-20 20:21:37,946 INFO ===> New TaichiEnv created.
2024-11-20 20:21:37,946 INFO ===> Specifications: horizon = 311, dt = 0.01, n_substeps = 20, dt_sub = 0.0005
2024-11-20 20:21:37,969 DEBUG loaded <trimesh.Trimesh(vertices.shape=(916, 3), faces.shape=(856, 3))> using `load_obj` in 0.0030s
2024-11-20 20:21:38,116 DEBUG loaded <trimesh.Trimesh(vertices.shape=(48, 3), faces.shape=(28, 3))> using `load_obj` in 0.0007s
2024-11-20 20:21:47,095 INFO =====> alpha: 0.5
2024-11-20 20:21:47,095 INFO =====> Loss info: {'particle_has_naninf': False, 'height_map_loss': 13.105359077453613, 'emd_loss': 22.680156707763672, 'total_loss': 22.680156707763672}
2024-11-20 20:21:47,675 INFO ===> New TaichiEnv created.
2024-11-20 20:21:47,675 INFO ===> Specifications: horizon = 311, dt = 0.01, n_substeps = 20, dt_sub = 0.0005
2024-11-20 20:21:47,698 DEBUG loaded <trimesh.Trimesh(vertices.shape=(916, 3), faces.shape=(856, 3))> using `load_obj` in 0.0030s
2024-11-20 20:21:47,844 DEBUG loaded <trimesh.Trimesh(vertices.shape=(48, 3), faces.shape=(28, 3))> using `load_obj` in 0.0007s
2024-11-20 20:21:56,773 INFO =====> alpha: 1.0
2024-11-20 20:21:56,773 INFO =====> Loss info: {'particle_has_naninf': False, 'height_map_loss': 13.319591522216797, 'emd_loss': 22.880353927612305, 'total_loss': 22.880353927612305}
2024-11-20 20:21:57,353 INFO ===> New TaichiEnv created.
2024-11-20 20:21:57,353 INFO ===> Specifications: horizon = 311, dt = 0.01, n_substeps = 20, dt_sub = 0.0005
2024-11-20 20:21:57,376 DEBUG loaded <trimesh.Trimesh(vertices.shape=(916, 3), faces.shape=(856, 3))> using `load_obj` in 0.0030s
2024-11-20 20:21:57,524 DEBUG loaded <trimesh.Trimesh(vertices.shape=(48, 3), faces.shape=(28, 3))> using `load_obj` in 0.0007s
2024-11-20 20:22:07,948 INFO =====> alpha: 1.01
2024-11-20 20:22:07,948 INFO =====> Loss info: {'particle_has_naninf': False, 'height_map_loss': 13.3223876953125, 'emd_loss': 22.89185905456543, 'total_loss': 22.89185905456543}
2024-11-20 20:22:08,565 INFO ===> New TaichiEnv created.
2024-11-20 20:22:08,565 INFO ===> Specifications: horizon = 311, dt = 0.01, n_substeps = 20, dt_sub = 0.0005
2024-11-20 20:22:08,588 DEBUG loaded <trimesh.Trimesh(vertices.shape=(916, 3), faces.shape=(856, 3))> using `load_obj` in 0.0029s
2024-11-20 20:22:08,734 DEBUG loaded <trimesh.Trimesh(vertices.shape=(48, 3), faces.shape=(28, 3))> using `load_obj` in 0.0007s
2024-11-20 20:22:17,656 INFO =====> alpha: 1.1
2024-11-20 20:22:17,656 INFO =====> Loss info: {'particle_has_naninf': False, 'height_map_loss': 13.339959144592285, 'emd_loss': 22.741065979003906, 'total_loss': 22.741065979003906}
2024-11-20 20:22:18,230 INFO ===> New TaichiEnv created.
2024-11-20 20:22:18,230 INFO ===> Specifications: horizon = 311, dt = 0.01, n_substeps = 20, dt_sub = 0.0005
2024-11-20 20:22:18,254 DEBUG loaded <trimesh.Trimesh(vertices.shape=(916, 3), faces.shape=(856, 3))> using `load_obj` in 0.0030s
2024-11-20 20:22:18,402 DEBUG loaded <trimesh.Trimesh(vertices.shape=(48, 3), faces.shape=(28, 3))> using `load_obj` in 0.0007s
2024-11-20 20:22:27,356 INFO =====> alpha: 1.5
2024-11-20 20:22:27,356 INFO =====> Loss info: {'particle_has_naninf': False, 'height_map_loss': 13.514669418334961, 'emd_loss': 23.525543212890625, 'total_loss': 23.525543212890625}
2024-11-20 20:22:27,356 INFO =====> Best alpha: 0.01, Best loss info: {'particle_has_naninf': False, 'height_map_loss': 13.004021644592285, 'emd_loss': 22.383798599243164, 'total_loss': 22.383798599243164}
2024-11-20 20:22:27,356 INFO =====> Param: E: [535631.8], nu: [0.38717616], rho: [1200.], sand_angle: [15.3613405]
2024-11-20 20:22:27,357 INFO =====> Grad: [1.4032417e-03 9.7248584e+03 1.3162208e+01 9.6320410e+02]
2024-11-20 20:22:27,357 INFO =====> Num. aborted data so far: 0
2024-11-20 20:22:27,942 INFO ===> New TaichiEnv created.
2024-11-20 20:22:27,942 INFO ===> Specifications: horizon = 311, dt = 0.01, n_substeps = 20, dt_sub = 0.0005
2024-11-20 20:22:27,966 DEBUG loaded <trimesh.Trimesh(vertices.shape=(916, 3), faces.shape=(856, 3))> using `load_obj` in 0.0030s
2024-11-20 20:22:28,113 DEBUG loaded <trimesh.Trimesh(vertices.shape=(48, 3), faces.shape=(28, 3))> using `load_obj` in 0.0007s
2024-11-20 20:22:56,433 INFO =====> Epoch: 80
2024-11-20 20:22:56,433 INFO =====> Loss info: {'particle_has_naninf': False, 'height_map_loss': 13.009654998779297, 'emd_loss': 22.384672164916992, 'total_loss': 22.384672164916992}
2024-11-20 20:22:56,433 INFO =====> Performing line search for epoch 80......
2024-11-20 20:22:57,036 INFO ===> New TaichiEnv created.
2024-11-20 20:22:57,036 INFO ===> Specifications: horizon = 311, dt = 0.01, n_substeps = 20, dt_sub = 0.0005
2024-11-20 20:22:57,059 DEBUG loaded <trimesh.Trimesh(vertices.shape=(916, 3), faces.shape=(856, 3))> using `load_obj` in 0.0030s
2024-11-20 20:22:57,206 DEBUG loaded <trimesh.Trimesh(vertices.shape=(48, 3), faces.shape=(28, 3))> using `load_obj` in 0.0007s
2024-11-20 20:23:06,119 INFO =====> alpha: 0.01
2024-11-20 20:23:06,120 INFO =====> Loss info: {'particle_has_naninf': False, 'height_map_loss': 13.007108688354492, 'emd_loss': 22.381105422973633, 'total_loss': 22.381105422973633}
2024-11-20 20:23:06,704 INFO ===> New TaichiEnv created.
2024-11-20 20:23:06,704 INFO ===> Specifications: horizon = 311, dt = 0.01, n_substeps = 20, dt_sub = 0.0005
2024-11-20 20:23:06,727 DEBUG loaded <trimesh.Trimesh(vertices.shape=(916, 3), faces.shape=(856, 3))> using `load_obj` in 0.0031s
2024-11-20 20:23:06,874 DEBUG loaded <trimesh.Trimesh(vertices.shape=(48, 3), faces.shape=(28, 3))> using `load_obj` in 0.0007s
2024-11-20 20:23:15,850 INFO =====> alpha: 0.1
2024-11-20 20:23:15,851 INFO =====> Loss info: {'particle_has_naninf': False, 'height_map_loss': 13.01675796508789, 'emd_loss': 22.37373161315918, 'total_loss': 22.37373161315918}
2024-11-20 20:23:16,432 INFO ===> New TaichiEnv created.
2024-11-20 20:23:16,432 INFO ===> Specifications: horizon = 311, dt = 0.01, n_substeps = 20, dt_sub = 0.0005
2024-11-20 20:23:16,456 DEBUG loaded <trimesh.Trimesh(vertices.shape=(916, 3), faces.shape=(856, 3))> using `load_obj` in 0.0031s
2024-11-20 20:23:16,606 DEBUG loaded <trimesh.Trimesh(vertices.shape=(48, 3), faces.shape=(28, 3))> using `load_obj` in 0.0007s
2024-11-20 20:23:25,536 INFO =====> alpha: 0.5
2024-11-20 20:23:25,536 INFO =====> Loss info: {'particle_has_naninf': False, 'height_map_loss': 13.035650253295898, 'emd_loss': 22.225404739379883, 'total_loss': 22.225404739379883}
2024-11-20 20:23:26,115 INFO ===> New TaichiEnv created.
2024-11-20 20:23:26,115 INFO ===> Specifications: horizon = 311, dt = 0.01, n_substeps = 20, dt_sub = 0.0005
2024-11-20 20:23:26,138 DEBUG loaded <trimesh.Trimesh(vertices.shape=(916, 3), faces.shape=(856, 3))> using `load_obj` in 0.0029s
2024-11-20 20:23:26,284 DEBUG loaded <trimesh.Trimesh(vertices.shape=(48, 3), faces.shape=(28, 3))> using `load_obj` in 0.0007s
2024-11-20 20:23:36,555 INFO =====> alpha: 1.0
2024-11-20 20:23:36,555 INFO =====> Loss info: {'particle_has_naninf': False, 'height_map_loss': 13.080889701843262, 'emd_loss': 22.685636520385742, 'total_loss': 22.685636520385742}
2024-11-20 20:23:37,133 INFO ===> New TaichiEnv created.
2024-11-20 20:23:37,133 INFO ===> Specifications: horizon = 311, dt = 0.01, n_substeps = 20, dt_sub = 0.0005
2024-11-20 20:23:37,156 DEBUG loaded <trimesh.Trimesh(vertices.shape=(916, 3), faces.shape=(856, 3))> using `load_obj` in 0.0029s
2024-11-20 20:23:37,303 DEBUG loaded <trimesh.Trimesh(vertices.shape=(48, 3), faces.shape=(28, 3))> using `load_obj` in 0.0007s
2024-11-20 20:23:46,188 INFO =====> alpha: 1.01
2024-11-20 20:23:46,189 INFO =====> Loss info: {'particle_has_naninf': False, 'height_map_loss': 13.086906433105469, 'emd_loss': 22.659311294555664, 'total_loss': 22.659311294555664}
2024-11-20 20:23:46,770 INFO ===> New TaichiEnv created.
2024-11-20 20:23:46,770 INFO ===> Specifications: horizon = 311, dt = 0.01, n_substeps = 20, dt_sub = 0.0005
2024-11-20 20:23:46,793 DEBUG loaded <trimesh.Trimesh(vertices.shape=(916, 3), faces.shape=(856, 3))> using `load_obj` in 0.0030s
2024-11-20 20:23:46,939 DEBUG loaded <trimesh.Trimesh(vertices.shape=(48, 3), faces.shape=(28, 3))> using `load_obj` in 0.0007s
2024-11-20 20:23:55,894 INFO =====> alpha: 1.1
2024-11-20 20:23:55,894 INFO =====> Loss info: {'particle_has_naninf': False, 'height_map_loss': 13.074512481689453, 'emd_loss': 22.681655883789062, 'total_loss': 22.681655883789062}
2024-11-20 20:23:56,472 INFO ===> New TaichiEnv created.
2024-11-20 20:23:56,472 INFO ===> Specifications: horizon = 311, dt = 0.01, n_substeps = 20, dt_sub = 0.0005
2024-11-20 20:23:56,495 DEBUG loaded <trimesh.Trimesh(vertices.shape=(916, 3), faces.shape=(856, 3))> using `load_obj` in 0.0030s
2024-11-20 20:23:56,642 DEBUG loaded <trimesh.Trimesh(vertices.shape=(48, 3), faces.shape=(28, 3))> using `load_obj` in 0.0007s
2024-11-20 20:24:06,962 INFO =====> alpha: 1.5
2024-11-20 20:24:06,962 INFO =====> Loss info: {'particle_has_naninf': False, 'height_map_loss': 13.099465370178223, 'emd_loss': 22.88822364807129, 'total_loss': 22.88822364807129}
2024-11-20 20:24:06,963 INFO =====> Best alpha: 0.01, Best loss info: {'particle_has_naninf': False, 'height_map_loss': 13.007108688354492, 'emd_loss': 22.381105422973633, 'total_loss': 22.381105422973633}
2024-11-20 20:24:06,963 INFO =====> Param: E: [535625.9], nu: [0.38723552], rho: [1200.], sand_angle: [15.356372]
2024-11-20 20:24:06,963 INFO =====> Grad: [ 1.5936700e-04 -1.7970326e+04  1.0038002e+01  2.6163303e+02]
2024-11-20 20:24:06,963 INFO =====> Num. aborted data so far: 0
2024-11-20 20:24:07,603 INFO ===> New TaichiEnv created.
2024-11-20 20:24:07,604 INFO ===> Specifications: horizon = 311, dt = 0.01, n_substeps = 20, dt_sub = 0.0005
2024-11-20 20:24:07,628 DEBUG loaded <trimesh.Trimesh(vertices.shape=(916, 3), faces.shape=(856, 3))> using `load_obj` in 0.0029s
2024-11-20 20:24:07,774 DEBUG loaded <trimesh.Trimesh(vertices.shape=(48, 3), faces.shape=(28, 3))> using `load_obj` in 0.0007s
2024-11-20 20:24:34,692 INFO =====> Epoch: 81
2024-11-20 20:24:34,692 INFO =====> Loss info: {'particle_has_naninf': False, 'height_map_loss': 13.006694793701172, 'emd_loss': 22.37751579284668, 'total_loss': 22.37751579284668}
2024-11-20 20:24:34,692 INFO =====> Performing line search for epoch 81......
2024-11-20 20:24:35,297 INFO ===> New TaichiEnv created.
2024-11-20 20:24:35,297 INFO ===> Specifications: horizon = 311, dt = 0.01, n_substeps = 20, dt_sub = 0.0005
2024-11-20 20:24:35,321 DEBUG loaded <trimesh.Trimesh(vertices.shape=(916, 3), faces.shape=(856, 3))> using `load_obj` in 0.0030s
2024-11-20 20:24:35,469 DEBUG loaded <trimesh.Trimesh(vertices.shape=(48, 3), faces.shape=(28, 3))> using `load_obj` in 0.0007s
2024-11-20 20:24:44,416 INFO =====> alpha: 0.01
2024-11-20 20:24:44,416 INFO =====> Loss info: {'particle_has_naninf': False, 'height_map_loss': 13.003461837768555, 'emd_loss': 22.373672485351562, 'total_loss': 22.373672485351562}
2024-11-20 20:24:44,991 INFO ===> New TaichiEnv created.
2024-11-20 20:24:44,991 INFO ===> Specifications: horizon = 311, dt = 0.01, n_substeps = 20, dt_sub = 0.0005
2024-11-20 20:24:45,015 DEBUG loaded <trimesh.Trimesh(vertices.shape=(916, 3), faces.shape=(856, 3))> using `load_obj` in 0.0030s
2024-11-20 20:24:45,160 DEBUG loaded <trimesh.Trimesh(vertices.shape=(48, 3), faces.shape=(28, 3))> using `load_obj` in 0.0007s
2024-11-20 20:24:55,549 INFO =====> alpha: 0.1
2024-11-20 20:24:55,549 INFO =====> Loss info: {'particle_has_naninf': False, 'height_map_loss': 13.005946159362793, 'emd_loss': 22.34618377685547, 'total_loss': 22.34618377685547}
2024-11-20 20:24:56,121 INFO ===> New TaichiEnv created.
2024-11-20 20:24:56,121 INFO ===> Specifications: horizon = 311, dt = 0.01, n_substeps = 20, dt_sub = 0.0005
2024-11-20 20:24:56,144 DEBUG loaded <trimesh.Trimesh(vertices.shape=(916, 3), faces.shape=(856, 3))> using `load_obj` in 0.0029s
2024-11-20 20:24:56,290 DEBUG loaded <trimesh.Trimesh(vertices.shape=(48, 3), faces.shape=(28, 3))> using `load_obj` in 0.0007s
2024-11-20 20:25:05,302 INFO =====> alpha: 0.5
2024-11-20 20:25:05,302 INFO =====> Loss info: {'particle_has_naninf': False, 'height_map_loss': 13.023252487182617, 'emd_loss': 22.0977725982666, 'total_loss': 22.0977725982666}
2024-11-20 20:25:05,876 INFO ===> New TaichiEnv created.
2024-11-20 20:25:05,876 INFO ===> Specifications: horizon = 311, dt = 0.01, n_substeps = 20, dt_sub = 0.0005
2024-11-20 20:25:05,899 DEBUG loaded <trimesh.Trimesh(vertices.shape=(916, 3), faces.shape=(856, 3))> using `load_obj` in 0.0030s
2024-11-20 20:25:06,046 DEBUG loaded <trimesh.Trimesh(vertices.shape=(48, 3), faces.shape=(28, 3))> using `load_obj` in 0.0007s
2024-11-20 20:25:15,002 INFO =====> alpha: 1.0
2024-11-20 20:25:15,002 INFO =====> Loss info: {'particle_has_naninf': False, 'height_map_loss': 13.067469596862793, 'emd_loss': 22.07011604309082, 'total_loss': 22.07011604309082}
2024-11-20 20:25:15,579 INFO ===> New TaichiEnv created.
2024-11-20 20:25:15,579 INFO ===> Specifications: horizon = 311, dt = 0.01, n_substeps = 20, dt_sub = 0.0005
2024-11-20 20:25:15,603 DEBUG loaded <trimesh.Trimesh(vertices.shape=(916, 3), faces.shape=(856, 3))> using `load_obj` in 0.0030s
2024-11-20 20:25:15,751 DEBUG loaded <trimesh.Trimesh(vertices.shape=(48, 3), faces.shape=(28, 3))> using `load_obj` in 0.0007s
2024-11-20 20:25:24,670 INFO =====> alpha: 1.01
2024-11-20 20:25:24,670 INFO =====> Loss info: {'particle_has_naninf': False, 'height_map_loss': 13.07820987701416, 'emd_loss': 22.072542190551758, 'total_loss': 22.072542190551758}
2024-11-20 20:25:25,242 INFO ===> New TaichiEnv created.
2024-11-20 20:25:25,242 INFO ===> Specifications: horizon = 311, dt = 0.01, n_substeps = 20, dt_sub = 0.0005
2024-11-20 20:25:25,265 DEBUG loaded <trimesh.Trimesh(vertices.shape=(916, 3), faces.shape=(856, 3))> using `load_obj` in 0.0030s
2024-11-20 20:25:25,414 DEBUG loaded <trimesh.Trimesh(vertices.shape=(48, 3), faces.shape=(28, 3))> using `load_obj` in 0.0007s
2024-11-20 20:25:35,757 INFO =====> alpha: 1.1
2024-11-20 20:25:35,757 INFO =====> Loss info: {'particle_has_naninf': False, 'height_map_loss': 13.088796615600586, 'emd_loss': 22.151575088500977, 'total_loss': 22.151575088500977}
2024-11-20 20:25:36,396 INFO ===> New TaichiEnv created.
2024-11-20 20:25:36,396 INFO ===> Specifications: horizon = 311, dt = 0.01, n_substeps = 20, dt_sub = 0.0005
2024-11-20 20:25:36,419 DEBUG loaded <trimesh.Trimesh(vertices.shape=(916, 3), faces.shape=(856, 3))> using `load_obj` in 0.0029s
2024-11-20 20:25:36,564 DEBUG loaded <trimesh.Trimesh(vertices.shape=(48, 3), faces.shape=(28, 3))> using `load_obj` in 0.0007s
2024-11-20 20:25:45,579 INFO =====> alpha: 1.5
2024-11-20 20:25:45,579 INFO =====> Loss info: {'particle_has_naninf': False, 'height_map_loss': 13.152268409729004, 'emd_loss': 22.531925201416016, 'total_loss': 22.531925201416016}
2024-11-20 20:25:45,580 INFO =====> Best alpha: 0.01, Best loss info: {'particle_has_naninf': False, 'height_map_loss': 13.003461837768555, 'emd_loss': 22.373672485351562, 'total_loss': 22.373672485351562}
2024-11-20 20:25:45,580 INFO =====> Param: E: [535398.], nu: [0.3872805], rho: [1200.7335], sand_angle: [15.365324]
2024-11-20 20:25:45,580 INFO =====> Grad: [ 6.2032887e-03 -1.3045566e+04 -6.2149292e+01 -4.6621259e+02]
2024-11-20 20:25:45,580 INFO =====> Num. aborted data so far: 0
2024-11-20 20:25:46,163 INFO ===> New TaichiEnv created.
2024-11-20 20:25:46,163 INFO ===> Specifications: horizon = 311, dt = 0.01, n_substeps = 20, dt_sub = 0.0005
2024-11-20 20:25:46,187 DEBUG loaded <trimesh.Trimesh(vertices.shape=(916, 3), faces.shape=(856, 3))> using `load_obj` in 0.0031s
2024-11-20 20:25:46,333 DEBUG loaded <trimesh.Trimesh(vertices.shape=(48, 3), faces.shape=(28, 3))> using `load_obj` in 0.0007s
2024-11-20 20:26:13,430 INFO =====> Epoch: 82
2024-11-20 20:26:13,430 INFO =====> Loss info: {'particle_has_naninf': False, 'height_map_loss': 13.00236988067627, 'emd_loss': 22.385059356689453, 'total_loss': 22.385059356689453}
2024-11-20 20:26:13,431 INFO =====> Performing line search for epoch 82......
2024-11-20 20:26:14,034 INFO ===> New TaichiEnv created.
2024-11-20 20:26:14,035 INFO ===> Specifications: horizon = 311, dt = 0.01, n_substeps = 20, dt_sub = 0.0005
2024-11-20 20:26:14,058 DEBUG loaded <trimesh.Trimesh(vertices.shape=(916, 3), faces.shape=(856, 3))> using `load_obj` in 0.0031s
2024-11-20 20:26:14,207 DEBUG loaded <trimesh.Trimesh(vertices.shape=(48, 3), faces.shape=(28, 3))> using `load_obj` in 0.0007s
2024-11-20 20:26:24,508 INFO =====> alpha: 0.01
2024-11-20 20:26:24,508 INFO =====> Loss info: {'particle_has_naninf': False, 'height_map_loss': 13.007366180419922, 'emd_loss': 22.380186080932617, 'total_loss': 22.380186080932617}
2024-11-20 20:26:25,189 INFO ===> New TaichiEnv created.
2024-11-20 20:26:25,190 INFO ===> Specifications: horizon = 311, dt = 0.01, n_substeps = 20, dt_sub = 0.0005
2024-11-20 20:26:25,213 DEBUG loaded <trimesh.Trimesh(vertices.shape=(916, 3), faces.shape=(856, 3))> using `load_obj` in 0.0030s
2024-11-20 20:26:25,358 DEBUG loaded <trimesh.Trimesh(vertices.shape=(48, 3), faces.shape=(28, 3))> using `load_obj` in 0.0007s
2024-11-20 20:26:34,285 INFO =====> alpha: 0.1
2024-11-20 20:26:34,285 INFO =====> Loss info: {'particle_has_naninf': False, 'height_map_loss': 13.019427299499512, 'emd_loss': 22.407024383544922, 'total_loss': 22.407024383544922}
2024-11-20 20:26:34,859 INFO ===> New TaichiEnv created.
2024-11-20 20:26:34,859 INFO ===> Specifications: horizon = 311, dt = 0.01, n_substeps = 20, dt_sub = 0.0005
2024-11-20 20:26:34,882 DEBUG loaded <trimesh.Trimesh(vertices.shape=(916, 3), faces.shape=(856, 3))> using `load_obj` in 0.0030s
2024-11-20 20:26:35,031 DEBUG loaded <trimesh.Trimesh(vertices.shape=(48, 3), faces.shape=(28, 3))> using `load_obj` in 0.0007s
2024-11-20 20:26:43,963 INFO =====> alpha: 0.5
2024-11-20 20:26:43,963 INFO =====> Loss info: {'particle_has_naninf': False, 'height_map_loss': 13.040987968444824, 'emd_loss': 22.523765563964844, 'total_loss': 22.523765563964844}
2024-11-20 20:26:44,542 INFO ===> New TaichiEnv created.
2024-11-20 20:26:44,542 INFO ===> Specifications: horizon = 311, dt = 0.01, n_substeps = 20, dt_sub = 0.0005
2024-11-20 20:26:44,566 DEBUG loaded <trimesh.Trimesh(vertices.shape=(916, 3), faces.shape=(856, 3))> using `load_obj` in 0.0031s
2024-11-20 20:26:44,712 DEBUG loaded <trimesh.Trimesh(vertices.shape=(48, 3), faces.shape=(28, 3))> using `load_obj` in 0.0007s
2024-11-20 20:26:53,954 INFO =====> alpha: 1.0
2024-11-20 20:26:53,954 INFO =====> Loss info: {'particle_has_naninf': False, 'height_map_loss': 13.09306526184082, 'emd_loss': 22.743892669677734, 'total_loss': 22.743892669677734}
2024-11-20 20:26:54,525 INFO ===> New TaichiEnv created.
2024-11-20 20:26:54,525 INFO ===> Specifications: horizon = 311, dt = 0.01, n_substeps = 20, dt_sub = 0.0005
2024-11-20 20:26:54,548 DEBUG loaded <trimesh.Trimesh(vertices.shape=(916, 3), faces.shape=(856, 3))> using `load_obj` in 0.0028s
2024-11-20 20:26:54,693 DEBUG loaded <trimesh.Trimesh(vertices.shape=(48, 3), faces.shape=(28, 3))> using `load_obj` in 0.0007s
2024-11-20 20:27:05,118 INFO =====> alpha: 1.01
2024-11-20 20:27:05,118 INFO =====> Loss info: {'particle_has_naninf': False, 'height_map_loss': 13.09395980834961, 'emd_loss': 22.740875244140625, 'total_loss': 22.740875244140625}
2024-11-20 20:27:05,698 INFO ===> New TaichiEnv created.
2024-11-20 20:27:05,698 INFO ===> Specifications: horizon = 311, dt = 0.01, n_substeps = 20, dt_sub = 0.0005
2024-11-20 20:27:05,720 DEBUG loaded <trimesh.Trimesh(vertices.shape=(916, 3), faces.shape=(856, 3))> using `load_obj` in 0.0029s
2024-11-20 20:27:05,865 DEBUG loaded <trimesh.Trimesh(vertices.shape=(48, 3), faces.shape=(28, 3))> using `load_obj` in 0.0007s
2024-11-20 20:27:14,824 INFO =====> alpha: 1.1
2024-11-20 20:27:14,824 INFO =====> Loss info: {'particle_has_naninf': False, 'height_map_loss': 13.103141784667969, 'emd_loss': 23.028242111206055, 'total_loss': 23.028242111206055}
2024-11-20 20:27:15,407 INFO ===> New TaichiEnv created.
2024-11-20 20:27:15,407 INFO ===> Specifications: horizon = 311, dt = 0.01, n_substeps = 20, dt_sub = 0.0005
2024-11-20 20:27:15,430 DEBUG loaded <trimesh.Trimesh(vertices.shape=(916, 3), faces.shape=(856, 3))> using `load_obj` in 0.0030s
2024-11-20 20:27:15,575 DEBUG loaded <trimesh.Trimesh(vertices.shape=(48, 3), faces.shape=(28, 3))> using `load_obj` in 0.0007s
2024-11-20 20:27:24,565 INFO =====> alpha: 1.5
2024-11-20 20:27:24,565 INFO =====> Loss info: {'particle_has_naninf': False, 'height_map_loss': 13.137277603149414, 'emd_loss': 22.882617950439453, 'total_loss': 22.882617950439453}
2024-11-20 20:27:24,566 INFO =====> Best alpha: 0.01, Best loss info: {'particle_has_naninf': False, 'height_map_loss': 13.007366180419922, 'emd_loss': 22.380186080932617, 'total_loss': 22.380186080932617}
2024-11-20 20:27:24,566 INFO =====> Param: E: [535419.5], nu: [0.38730466], rho: [1201.6733], sand_angle: [15.359038]
2024-11-20 20:27:24,566 INFO =====> Grad: [-5.5476557e-04 -6.6744155e+03 -9.3928497e+01  3.1689822e+02]
2024-11-20 20:27:24,566 INFO =====> Num. aborted data so far: 0
2024-11-20 20:27:25,213 INFO ===> New TaichiEnv created.
2024-11-20 20:27:25,213 INFO ===> Specifications: horizon = 311, dt = 0.01, n_substeps = 20, dt_sub = 0.0005
2024-11-20 20:27:25,237 DEBUG loaded <trimesh.Trimesh(vertices.shape=(916, 3), faces.shape=(856, 3))> using `load_obj` in 0.0030s
2024-11-20 20:27:25,384 DEBUG loaded <trimesh.Trimesh(vertices.shape=(48, 3), faces.shape=(28, 3))> using `load_obj` in 0.0007s
2024-11-20 20:27:53,784 INFO =====> Epoch: 83
2024-11-20 20:27:53,784 INFO =====> Loss info: {'particle_has_naninf': False, 'height_map_loss': 13.005828857421875, 'emd_loss': 22.382152557373047, 'total_loss': 22.382152557373047}
2024-11-20 20:27:53,784 INFO =====> Performing line search for epoch 83......
2024-11-20 20:27:54,390 INFO ===> New TaichiEnv created.
2024-11-20 20:27:54,390 INFO ===> Specifications: horizon = 311, dt = 0.01, n_substeps = 20, dt_sub = 0.0005
2024-11-20 20:27:54,433 DEBUG loaded <trimesh.Trimesh(vertices.shape=(916, 3), faces.shape=(856, 3))> using `load_obj` in 0.0031s
2024-11-20 20:27:54,700 DEBUG loaded <trimesh.Trimesh(vertices.shape=(48, 3), faces.shape=(28, 3))> using `load_obj` in 0.0007s
2024-11-20 20:28:05,706 INFO =====> alpha: 0.01
2024-11-20 20:28:05,706 INFO =====> Loss info: {'particle_has_naninf': False, 'height_map_loss': 13.004178047180176, 'emd_loss': 22.380859375, 'total_loss': 22.380859375}
2024-11-20 20:28:06,287 INFO ===> New TaichiEnv created.
2024-11-20 20:28:06,287 INFO ===> Specifications: horizon = 311, dt = 0.01, n_substeps = 20, dt_sub = 0.0005
2024-11-20 20:28:06,311 DEBUG loaded <trimesh.Trimesh(vertices.shape=(916, 3), faces.shape=(856, 3))> using `load_obj` in 0.0031s
2024-11-20 20:28:06,457 DEBUG loaded <trimesh.Trimesh(vertices.shape=(48, 3), faces.shape=(28, 3))> using `load_obj` in 0.0007s
2024-11-20 20:28:15,476 INFO =====> alpha: 0.1
2024-11-20 20:28:15,476 INFO =====> Loss info: {'particle_has_naninf': False, 'height_map_loss': 13.015875816345215, 'emd_loss': 22.36945152282715, 'total_loss': 22.36945152282715}
2024-11-20 20:28:16,047 INFO ===> New TaichiEnv created.
2024-11-20 20:28:16,047 INFO ===> Specifications: horizon = 311, dt = 0.01, n_substeps = 20, dt_sub = 0.0005
2024-11-20 20:28:16,070 DEBUG loaded <trimesh.Trimesh(vertices.shape=(916, 3), faces.shape=(856, 3))> using `load_obj` in 0.0030s
2024-11-20 20:28:16,217 DEBUG loaded <trimesh.Trimesh(vertices.shape=(48, 3), faces.shape=(28, 3))> using `load_obj` in 0.0007s
2024-11-20 20:28:26,662 INFO =====> alpha: 0.5
2024-11-20 20:28:26,662 INFO =====> Loss info: {'particle_has_naninf': False, 'height_map_loss': 13.060039520263672, 'emd_loss': 22.004070281982422, 'total_loss': 22.004070281982422}
2024-11-20 20:28:27,249 INFO ===> New TaichiEnv created.
2024-11-20 20:28:27,249 INFO ===> Specifications: horizon = 311, dt = 0.01, n_substeps = 20, dt_sub = 0.0005
2024-11-20 20:28:27,272 DEBUG loaded <trimesh.Trimesh(vertices.shape=(916, 3), faces.shape=(856, 3))> using `load_obj` in 0.0029s
2024-11-20 20:28:27,419 DEBUG loaded <trimesh.Trimesh(vertices.shape=(48, 3), faces.shape=(28, 3))> using `load_obj` in 0.0007s
2024-11-20 20:28:36,446 INFO =====> alpha: 1.0
2024-11-20 20:28:36,446 INFO =====> Loss info: {'particle_has_naninf': False, 'height_map_loss': 13.193671226501465, 'emd_loss': 22.51956558227539, 'total_loss': 22.51956558227539}
2024-11-20 20:28:37,033 INFO ===> New TaichiEnv created.
2024-11-20 20:28:37,033 INFO ===> Specifications: horizon = 311, dt = 0.01, n_substeps = 20, dt_sub = 0.0005
2024-11-20 20:28:37,056 DEBUG loaded <trimesh.Trimesh(vertices.shape=(916, 3), faces.shape=(856, 3))> using `load_obj` in 0.0031s
2024-11-20 20:28:37,203 DEBUG loaded <trimesh.Trimesh(vertices.shape=(48, 3), faces.shape=(28, 3))> using `load_obj` in 0.0007s
2024-11-20 20:28:46,186 INFO =====> alpha: 1.01
2024-11-20 20:28:46,187 INFO =====> Loss info: {'particle_has_naninf': False, 'height_map_loss': 13.195889472961426, 'emd_loss': 22.521190643310547, 'total_loss': 22.521190643310547}
2024-11-20 20:28:46,765 INFO ===> New TaichiEnv created.
2024-11-20 20:28:46,766 INFO ===> Specifications: horizon = 311, dt = 0.01, n_substeps = 20, dt_sub = 0.0005
2024-11-20 20:28:46,789 DEBUG loaded <trimesh.Trimesh(vertices.shape=(916, 3), faces.shape=(856, 3))> using `load_obj` in 0.0030s
2024-11-20 20:28:46,935 DEBUG loaded <trimesh.Trimesh(vertices.shape=(48, 3), faces.shape=(28, 3))> using `load_obj` in 0.0007s
2024-11-20 20:28:55,949 INFO =====> alpha: 1.1
2024-11-20 20:28:55,949 INFO =====> Loss info: {'particle_has_naninf': False, 'height_map_loss': 13.192776679992676, 'emd_loss': 22.563232421875, 'total_loss': 22.563232421875}
2024-11-20 20:28:56,525 INFO ===> New TaichiEnv created.
2024-11-20 20:28:56,525 INFO ===> Specifications: horizon = 311, dt = 0.01, n_substeps = 20, dt_sub = 0.0005
2024-11-20 20:28:56,548 DEBUG loaded <trimesh.Trimesh(vertices.shape=(916, 3), faces.shape=(856, 3))> using `load_obj` in 0.0030s
2024-11-20 20:28:56,694 DEBUG loaded <trimesh.Trimesh(vertices.shape=(48, 3), faces.shape=(28, 3))> using `load_obj` in 0.0007s
2024-11-20 20:29:07,040 INFO =====> alpha: 1.5
2024-11-20 20:29:07,041 INFO =====> Loss info: {'particle_has_naninf': False, 'height_map_loss': 13.279108047485352, 'emd_loss': 21.899852752685547, 'total_loss': 21.899852752685547}
2024-11-20 20:29:07,041 INFO =====> Best alpha: 0.01, Best loss info: {'particle_has_naninf': False, 'height_map_loss': 13.004178047180176, 'emd_loss': 22.380859375, 'total_loss': 22.380859375}
2024-11-20 20:29:07,041 INFO =====> Param: E: [535351.6], nu: [0.38725576], rho: [1202.328], sand_angle: [15.377207]
2024-11-20 20:29:07,041 INFO =====> Grad: [ 1.6738963e-03  1.2963691e+04 -6.8192352e+01 -1.0616737e+03]
2024-11-20 20:29:07,041 INFO =====> Num. aborted data so far: 0
2024-11-20 20:29:07,616 INFO ===> New TaichiEnv created.
2024-11-20 20:29:07,616 INFO ===> Specifications: horizon = 311, dt = 0.01, n_substeps = 20, dt_sub = 0.0005
2024-11-20 20:29:07,640 DEBUG loaded <trimesh.Trimesh(vertices.shape=(916, 3), faces.shape=(856, 3))> using `load_obj` in 0.0029s
2024-11-20 20:29:07,784 DEBUG loaded <trimesh.Trimesh(vertices.shape=(48, 3), faces.shape=(28, 3))> using `load_obj` in 0.0007s
2024-11-20 20:29:34,732 INFO =====> Epoch: 84
2024-11-20 20:29:34,732 INFO =====> Loss info: {'particle_has_naninf': False, 'height_map_loss': 13.004003524780273, 'emd_loss': 22.374021530151367, 'total_loss': 22.374021530151367}
2024-11-20 20:29:34,732 INFO =====> Performing line search for epoch 84......
2024-11-20 20:29:35,335 INFO ===> New TaichiEnv created.
2024-11-20 20:29:35,335 INFO ===> Specifications: horizon = 311, dt = 0.01, n_substeps = 20, dt_sub = 0.0005
2024-11-20 20:29:35,359 DEBUG loaded <trimesh.Trimesh(vertices.shape=(916, 3), faces.shape=(856, 3))> using `load_obj` in 0.0032s
2024-11-20 20:29:35,505 DEBUG loaded <trimesh.Trimesh(vertices.shape=(48, 3), faces.shape=(28, 3))> using `load_obj` in 0.0007s
2024-11-20 20:29:44,436 INFO =====> alpha: 0.01
2024-11-20 20:29:44,436 INFO =====> Loss info: {'particle_has_naninf': False, 'height_map_loss': 13.00742244720459, 'emd_loss': 22.383352279663086, 'total_loss': 22.383352279663086}
2024-11-20 20:29:45,011 INFO ===> New TaichiEnv created.
2024-11-20 20:29:45,011 INFO ===> Specifications: horizon = 311, dt = 0.01, n_substeps = 20, dt_sub = 0.0005
2024-11-20 20:29:45,035 DEBUG loaded <trimesh.Trimesh(vertices.shape=(916, 3), faces.shape=(856, 3))> using `load_obj` in 0.0030s
2024-11-20 20:29:45,181 DEBUG loaded <trimesh.Trimesh(vertices.shape=(48, 3), faces.shape=(28, 3))> using `load_obj` in 0.0007s
2024-11-20 20:29:55,551 INFO =====> alpha: 0.1
2024-11-20 20:29:55,551 INFO =====> Loss info: {'particle_has_naninf': False, 'height_map_loss': 13.019254684448242, 'emd_loss': 22.37732696533203, 'total_loss': 22.37732696533203}
2024-11-20 20:29:56,122 INFO ===> New TaichiEnv created.
2024-11-20 20:29:56,122 INFO ===> Specifications: horizon = 311, dt = 0.01, n_substeps = 20, dt_sub = 0.0005
2024-11-20 20:29:56,146 DEBUG loaded <trimesh.Trimesh(vertices.shape=(916, 3), faces.shape=(856, 3))> using `load_obj` in 0.0031s
2024-11-20 20:29:56,293 DEBUG loaded <trimesh.Trimesh(vertices.shape=(48, 3), faces.shape=(28, 3))> using `load_obj` in 0.0007s
2024-11-20 20:30:05,259 INFO =====> alpha: 0.5
2024-11-20 20:30:05,259 INFO =====> Loss info: {'particle_has_naninf': False, 'height_map_loss': 13.037554740905762, 'emd_loss': 22.531404495239258, 'total_loss': 22.531404495239258}
2024-11-20 20:30:05,830 INFO ===> New TaichiEnv created.
2024-11-20 20:30:05,830 INFO ===> Specifications: horizon = 311, dt = 0.01, n_substeps = 20, dt_sub = 0.0005
2024-11-20 20:30:05,853 DEBUG loaded <trimesh.Trimesh(vertices.shape=(916, 3), faces.shape=(856, 3))> using `load_obj` in 0.0031s
2024-11-20 20:30:05,998 DEBUG loaded <trimesh.Trimesh(vertices.shape=(48, 3), faces.shape=(28, 3))> using `load_obj` in 0.0007s
2024-11-20 20:30:15,010 INFO =====> alpha: 1.0
2024-11-20 20:30:15,011 INFO =====> Loss info: {'particle_has_naninf': False, 'height_map_loss': 13.086636543273926, 'emd_loss': 23.053590774536133, 'total_loss': 23.053590774536133}
2024-11-20 20:30:15,589 INFO ===> New TaichiEnv created.
2024-11-20 20:30:15,589 INFO ===> Specifications: horizon = 311, dt = 0.01, n_substeps = 20, dt_sub = 0.0005
2024-11-20 20:30:15,613 DEBUG loaded <trimesh.Trimesh(vertices.shape=(916, 3), faces.shape=(856, 3))> using `load_obj` in 0.0030s
2024-11-20 20:30:15,763 DEBUG loaded <trimesh.Trimesh(vertices.shape=(48, 3), faces.shape=(28, 3))> using `load_obj` in 0.0007s
2024-11-20 20:30:24,697 INFO =====> alpha: 1.01
2024-11-20 20:30:24,697 INFO =====> Loss info: {'particle_has_naninf': False, 'height_map_loss': 13.087577819824219, 'emd_loss': 23.021406173706055, 'total_loss': 23.021406173706055}
2024-11-20 20:30:25,276 INFO ===> New TaichiEnv created.
2024-11-20 20:30:25,276 INFO ===> Specifications: horizon = 311, dt = 0.01, n_substeps = 20, dt_sub = 0.0005
2024-11-20 20:30:25,300 DEBUG loaded <trimesh.Trimesh(vertices.shape=(916, 3), faces.shape=(856, 3))> using `load_obj` in 0.0029s
2024-11-20 20:30:25,449 DEBUG loaded <trimesh.Trimesh(vertices.shape=(48, 3), faces.shape=(28, 3))> using `load_obj` in 0.0007s
2024-11-20 20:30:35,884 INFO =====> alpha: 1.1
2024-11-20 20:30:35,884 INFO =====> Loss info: {'particle_has_naninf': False, 'height_map_loss': 13.107330322265625, 'emd_loss': 22.687362670898438, 'total_loss': 22.687362670898438}
2024-11-20 20:30:36,459 INFO ===> New TaichiEnv created.
2024-11-20 20:30:36,459 INFO ===> Specifications: horizon = 311, dt = 0.01, n_substeps = 20, dt_sub = 0.0005
2024-11-20 20:30:36,482 DEBUG loaded <trimesh.Trimesh(vertices.shape=(916, 3), faces.shape=(856, 3))> using `load_obj` in 0.0029s
2024-11-20 20:30:36,626 DEBUG loaded <trimesh.Trimesh(vertices.shape=(48, 3), faces.shape=(28, 3))> using `load_obj` in 0.0007s
2024-11-20 20:30:45,609 INFO =====> alpha: 1.5
2024-11-20 20:30:45,610 INFO =====> Loss info: {'particle_has_naninf': False, 'height_map_loss': 13.162064552307129, 'emd_loss': 22.635395050048828, 'total_loss': 22.635395050048828}
2024-11-20 20:30:45,610 INFO =====> Best alpha: 0.01, Best loss info: {'particle_has_naninf': False, 'height_map_loss': 13.00742244720459, 'emd_loss': 22.383352279663086, 'total_loss': 22.383352279663086}
2024-11-20 20:30:45,610 INFO =====> Param: E: [535509.25], nu: [0.38728946], rho: [1201.8812], sand_angle: [15.369292]
2024-11-20 20:30:45,610 INFO =====> Grad: [-3.8063396e-03 -8.5256318e+03  4.6029922e+01  4.5317093e+02]
2024-11-20 20:30:45,610 INFO =====> Num. aborted data so far: 0
2024-11-20 20:30:46,183 INFO ===> New TaichiEnv created.
2024-11-20 20:30:46,183 INFO ===> Specifications: horizon = 311, dt = 0.01, n_substeps = 20, dt_sub = 0.0005
2024-11-20 20:30:46,207 DEBUG loaded <trimesh.Trimesh(vertices.shape=(916, 3), faces.shape=(856, 3))> using `load_obj` in 0.0030s
2024-11-20 20:30:46,354 DEBUG loaded <trimesh.Trimesh(vertices.shape=(48, 3), faces.shape=(28, 3))> using `load_obj` in 0.0007s
2024-11-20 20:31:14,566 INFO =====> Epoch: 85
2024-11-20 20:31:14,566 INFO =====> Loss info: {'particle_has_naninf': False, 'height_map_loss': 13.004195213317871, 'emd_loss': 22.382863998413086, 'total_loss': 22.382863998413086}
2024-11-20 20:31:14,566 INFO =====> Performing line search for epoch 85......
2024-11-20 20:31:15,166 INFO ===> New TaichiEnv created.
2024-11-20 20:31:15,166 INFO ===> Specifications: horizon = 311, dt = 0.01, n_substeps = 20, dt_sub = 0.0005
2024-11-20 20:31:15,189 DEBUG loaded <trimesh.Trimesh(vertices.shape=(916, 3), faces.shape=(856, 3))> using `load_obj` in 0.0030s
2024-11-20 20:31:15,343 DEBUG loaded <trimesh.Trimesh(vertices.shape=(48, 3), faces.shape=(28, 3))> using `load_obj` in 0.0007s
2024-11-20 20:31:25,845 INFO =====> alpha: 0.01
2024-11-20 20:31:25,845 INFO =====> Loss info: {'particle_has_naninf': False, 'height_map_loss': 13.00818920135498, 'emd_loss': 22.35958480834961, 'total_loss': 22.35958480834961}
2024-11-20 20:31:26,419 INFO ===> New TaichiEnv created.
2024-11-20 20:31:26,419 INFO ===> Specifications: horizon = 311, dt = 0.01, n_substeps = 20, dt_sub = 0.0005
2024-11-20 20:31:26,443 DEBUG loaded <trimesh.Trimesh(vertices.shape=(916, 3), faces.shape=(856, 3))> using `load_obj` in 0.0030s
2024-11-20 20:31:26,590 DEBUG loaded <trimesh.Trimesh(vertices.shape=(48, 3), faces.shape=(28, 3))> using `load_obj` in 0.0007s
2024-11-20 20:31:35,638 INFO =====> alpha: 0.1
2024-11-20 20:31:35,638 INFO =====> Loss info: {'particle_has_naninf': False, 'height_map_loss': 13.031436920166016, 'emd_loss': 22.3680477142334, 'total_loss': 22.3680477142334}
2024-11-20 20:31:36,219 INFO ===> New TaichiEnv created.
2024-11-20 20:31:36,219 INFO ===> Specifications: horizon = 311, dt = 0.01, n_substeps = 20, dt_sub = 0.0005
2024-11-20 20:31:36,245 DEBUG loaded <trimesh.Trimesh(vertices.shape=(916, 3), faces.shape=(856, 3))> using `load_obj` in 0.0031s
2024-11-20 20:31:36,393 DEBUG loaded <trimesh.Trimesh(vertices.shape=(48, 3), faces.shape=(28, 3))> using `load_obj` in 0.0007s
2024-11-20 20:31:45,386 INFO =====> alpha: 0.5
2024-11-20 20:31:45,386 INFO =====> Loss info: {'particle_has_naninf': False, 'height_map_loss': 13.112591743469238, 'emd_loss': 22.764163970947266, 'total_loss': 22.764163970947266}
2024-11-20 20:31:45,964 INFO ===> New TaichiEnv created.
2024-11-20 20:31:45,964 INFO ===> Specifications: horizon = 311, dt = 0.01, n_substeps = 20, dt_sub = 0.0005
2024-11-20 20:31:45,986 DEBUG loaded <trimesh.Trimesh(vertices.shape=(916, 3), faces.shape=(856, 3))> using `load_obj` in 0.0029s
2024-11-20 20:31:46,132 DEBUG loaded <trimesh.Trimesh(vertices.shape=(48, 3), faces.shape=(28, 3))> using `load_obj` in 0.0007s
2024-11-20 20:31:55,034 INFO =====> alpha: 1.0
2024-11-20 20:31:55,034 INFO =====> Loss info: {'particle_has_naninf': False, 'height_map_loss': 13.43605899810791, 'emd_loss': 23.13263511657715, 'total_loss': 23.13263511657715}
2024-11-20 20:31:55,608 INFO ===> New TaichiEnv created.
2024-11-20 20:31:55,608 INFO ===> Specifications: horizon = 311, dt = 0.01, n_substeps = 20, dt_sub = 0.0005
2024-11-20 20:31:55,631 DEBUG loaded <trimesh.Trimesh(vertices.shape=(916, 3), faces.shape=(856, 3))> using `load_obj` in 0.0028s
2024-11-20 20:31:55,777 DEBUG loaded <trimesh.Trimesh(vertices.shape=(48, 3), faces.shape=(28, 3))> using `load_obj` in 0.0007s
2024-11-20 20:32:06,069 INFO =====> alpha: 1.01
2024-11-20 20:32:06,069 INFO =====> Loss info: {'particle_has_naninf': False, 'height_map_loss': 13.434350967407227, 'emd_loss': 23.161235809326172, 'total_loss': 23.161235809326172}
2024-11-20 20:32:06,652 INFO ===> New TaichiEnv created.
2024-11-20 20:32:06,652 INFO ===> Specifications: horizon = 311, dt = 0.01, n_substeps = 20, dt_sub = 0.0005
2024-11-20 20:32:06,675 DEBUG loaded <trimesh.Trimesh(vertices.shape=(916, 3), faces.shape=(856, 3))> using `load_obj` in 0.0030s
2024-11-20 20:32:06,821 DEBUG loaded <trimesh.Trimesh(vertices.shape=(48, 3), faces.shape=(28, 3))> using `load_obj` in 0.0007s
2024-11-20 20:32:15,741 INFO =====> alpha: 1.1
2024-11-20 20:32:15,741 INFO =====> Loss info: {'particle_has_naninf': False, 'height_map_loss': 13.501365661621094, 'emd_loss': 23.56996726989746, 'total_loss': 23.56996726989746}
2024-11-20 20:32:16,315 INFO ===> New TaichiEnv created.
2024-11-20 20:32:16,315 INFO ===> Specifications: horizon = 311, dt = 0.01, n_substeps = 20, dt_sub = 0.0005
2024-11-20 20:32:16,339 DEBUG loaded <trimesh.Trimesh(vertices.shape=(916, 3), faces.shape=(856, 3))> using `load_obj` in 0.0030s
2024-11-20 20:32:16,484 DEBUG loaded <trimesh.Trimesh(vertices.shape=(48, 3), faces.shape=(28, 3))> using `load_obj` in 0.0007s
2024-11-20 20:32:25,458 INFO =====> alpha: 1.5
2024-11-20 20:32:25,459 INFO =====> Loss info: {'particle_has_naninf': False, 'height_map_loss': 13.67345142364502, 'emd_loss': 24.419221878051758, 'total_loss': 24.419221878051758}
2024-11-20 20:32:25,459 INFO =====> Best alpha: 0.01, Best loss info: {'particle_has_naninf': False, 'height_map_loss': 13.00818920135498, 'emd_loss': 22.35958480834961, 'total_loss': 22.35958480834961}
2024-11-20 20:32:25,459 INFO =====> Param: E: [535085.], nu: [0.3870444], rho: [1201.3562], sand_angle: [15.346766]
2024-11-20 20:32:25,459 INFO =====> Grad: [1.3107411e-02 9.3035594e+04 5.4404144e+01 1.7433398e+03]
2024-11-20 20:32:25,459 INFO =====> Num. aborted data so far: 0
2024-11-20 20:32:26,044 INFO ===> New TaichiEnv created.
2024-11-20 20:32:26,044 INFO ===> Specifications: horizon = 311, dt = 0.01, n_substeps = 20, dt_sub = 0.0005
2024-11-20 20:32:26,068 DEBUG loaded <trimesh.Trimesh(vertices.shape=(916, 3), faces.shape=(856, 3))> using `load_obj` in 0.0031s
2024-11-20 20:32:26,216 DEBUG loaded <trimesh.Trimesh(vertices.shape=(48, 3), faces.shape=(28, 3))> using `load_obj` in 0.0007s
2024-11-20 20:32:54,614 INFO =====> Epoch: 86
2024-11-20 20:32:54,614 INFO =====> Loss info: {'particle_has_naninf': False, 'height_map_loss': 13.008487701416016, 'emd_loss': 22.36529541015625, 'total_loss': 22.36529541015625}
2024-11-20 20:32:54,614 INFO =====> Performing line search for epoch 86......
2024-11-20 20:32:55,218 INFO ===> New TaichiEnv created.
2024-11-20 20:32:55,218 INFO ===> Specifications: horizon = 311, dt = 0.01, n_substeps = 20, dt_sub = 0.0005
2024-11-20 20:32:55,242 DEBUG loaded <trimesh.Trimesh(vertices.shape=(916, 3), faces.shape=(856, 3))> using `load_obj` in 0.0031s
2024-11-20 20:32:55,389 DEBUG loaded <trimesh.Trimesh(vertices.shape=(48, 3), faces.shape=(28, 3))> using `load_obj` in 0.0007s
2024-11-20 20:33:04,316 INFO =====> alpha: 0.01
2024-11-20 20:33:04,316 INFO =====> Loss info: {'particle_has_naninf': False, 'height_map_loss': 13.002960205078125, 'emd_loss': 22.37726593017578, 'total_loss': 22.37726593017578}
2024-11-20 20:33:04,895 INFO ===> New TaichiEnv created.
2024-11-20 20:33:04,895 INFO ===> Specifications: horizon = 311, dt = 0.01, n_substeps = 20, dt_sub = 0.0005
2024-11-20 20:33:04,918 DEBUG loaded <trimesh.Trimesh(vertices.shape=(916, 3), faces.shape=(856, 3))> using `load_obj` in 0.0030s
2024-11-20 20:33:05,064 DEBUG loaded <trimesh.Trimesh(vertices.shape=(48, 3), faces.shape=(28, 3))> using `load_obj` in 0.0007s
2024-11-20 20:33:13,956 INFO =====> alpha: 0.1
2024-11-20 20:33:13,956 INFO =====> Loss info: {'particle_has_naninf': False, 'height_map_loss': 13.021538734436035, 'emd_loss': 22.262969970703125, 'total_loss': 22.262969970703125}
2024-11-20 20:33:14,528 INFO ===> New TaichiEnv created.
2024-11-20 20:33:14,529 INFO ===> Specifications: horizon = 311, dt = 0.01, n_substeps = 20, dt_sub = 0.0005
2024-11-20 20:33:14,551 DEBUG loaded <trimesh.Trimesh(vertices.shape=(916, 3), faces.shape=(856, 3))> using `load_obj` in 0.0029s
2024-11-20 20:33:14,697 DEBUG loaded <trimesh.Trimesh(vertices.shape=(48, 3), faces.shape=(28, 3))> using `load_obj` in 0.0007s
2024-11-20 20:33:25,041 INFO =====> alpha: 0.5
2024-11-20 20:33:25,041 INFO =====> Loss info: {'particle_has_naninf': False, 'height_map_loss': 13.072532653808594, 'emd_loss': 22.711671829223633, 'total_loss': 22.711671829223633}
2024-11-20 20:33:25,620 INFO ===> New TaichiEnv created.
2024-11-20 20:33:25,620 INFO ===> Specifications: horizon = 311, dt = 0.01, n_substeps = 20, dt_sub = 0.0005
2024-11-20 20:33:25,643 DEBUG loaded <trimesh.Trimesh(vertices.shape=(916, 3), faces.shape=(856, 3))> using `load_obj` in 0.0029s
2024-11-20 20:33:25,789 DEBUG loaded <trimesh.Trimesh(vertices.shape=(48, 3), faces.shape=(28, 3))> using `load_obj` in 0.0007s
2024-11-20 20:33:34,803 INFO =====> alpha: 1.0
2024-11-20 20:33:34,804 INFO =====> Loss info: {'particle_has_naninf': False, 'height_map_loss': 13.125181198120117, 'emd_loss': 22.871734619140625, 'total_loss': 22.871734619140625}
2024-11-20 20:33:35,374 INFO ===> New TaichiEnv created.
2024-11-20 20:33:35,374 INFO ===> Specifications: horizon = 311, dt = 0.01, n_substeps = 20, dt_sub = 0.0005
2024-11-20 20:33:35,398 DEBUG loaded <trimesh.Trimesh(vertices.shape=(916, 3), faces.shape=(856, 3))> using `load_obj` in 0.0030s
2024-11-20 20:33:35,544 DEBUG loaded <trimesh.Trimesh(vertices.shape=(48, 3), faces.shape=(28, 3))> using `load_obj` in 0.0007s
2024-11-20 20:33:44,484 INFO =====> alpha: 1.01
2024-11-20 20:33:44,484 INFO =====> Loss info: {'particle_has_naninf': False, 'height_map_loss': 13.121638298034668, 'emd_loss': 22.874319076538086, 'total_loss': 22.874319076538086}
2024-11-20 20:33:45,059 INFO ===> New TaichiEnv created.
2024-11-20 20:33:45,059 INFO ===> Specifications: horizon = 311, dt = 0.01, n_substeps = 20, dt_sub = 0.0005
2024-11-20 20:33:45,083 DEBUG loaded <trimesh.Trimesh(vertices.shape=(916, 3), faces.shape=(856, 3))> using `load_obj` in 0.0031s
2024-11-20 20:33:45,229 DEBUG loaded <trimesh.Trimesh(vertices.shape=(48, 3), faces.shape=(28, 3))> using `load_obj` in 0.0007s
2024-11-20 20:33:54,262 INFO =====> alpha: 1.1
2024-11-20 20:33:54,262 INFO =====> Loss info: {'particle_has_naninf': False, 'height_map_loss': 13.124217987060547, 'emd_loss': 22.781692504882812, 'total_loss': 22.781692504882812}
2024-11-20 20:33:54,893 INFO ===> New TaichiEnv created.
2024-11-20 20:33:54,893 INFO ===> Specifications: horizon = 311, dt = 0.01, n_substeps = 20, dt_sub = 0.0005
2024-11-20 20:33:54,916 DEBUG loaded <trimesh.Trimesh(vertices.shape=(916, 3), faces.shape=(856, 3))> using `load_obj` in 0.0030s
2024-11-20 20:33:55,063 DEBUG loaded <trimesh.Trimesh(vertices.shape=(48, 3), faces.shape=(28, 3))> using `load_obj` in 0.0007s
2024-11-20 20:34:05,396 INFO =====> alpha: 1.5
2024-11-20 20:34:05,396 INFO =====> Loss info: {'particle_has_naninf': False, 'height_map_loss': 13.254168510437012, 'emd_loss': 22.951820373535156, 'total_loss': 22.951820373535156}
2024-11-20 20:34:05,397 INFO =====> Best alpha: 0.01, Best loss info: {'particle_has_naninf': False, 'height_map_loss': 13.002960205078125, 'emd_loss': 22.37726593017578, 'total_loss': 22.37726593017578}
2024-11-20 20:34:05,397 INFO =====> Param: E: [535136.2], nu: [0.38698938], rho: [1200.711], sand_angle: [15.336361]
2024-11-20 20:34:05,397 INFO =====> Grad: [-1.5044448e-03  2.0116752e+04  6.9465179e+01  8.0905157e+02]
2024-11-20 20:34:05,397 INFO =====> Num. aborted data so far: 0
2024-11-20 20:34:05,977 INFO ===> New TaichiEnv created.
2024-11-20 20:34:05,977 INFO ===> Specifications: horizon = 311, dt = 0.01, n_substeps = 20, dt_sub = 0.0005
2024-11-20 20:34:06,001 DEBUG loaded <trimesh.Trimesh(vertices.shape=(916, 3), faces.shape=(856, 3))> using `load_obj` in 0.0030s
2024-11-20 20:34:06,146 DEBUG loaded <trimesh.Trimesh(vertices.shape=(48, 3), faces.shape=(28, 3))> using `load_obj` in 0.0007s
2024-11-20 20:34:33,130 INFO =====> Epoch: 87
2024-11-20 20:34:33,130 INFO =====> Loss info: {'particle_has_naninf': False, 'height_map_loss': 13.010576248168945, 'emd_loss': 22.373775482177734, 'total_loss': 22.373775482177734}
2024-11-20 20:34:33,130 INFO =====> Performing line search for epoch 87......
2024-11-20 20:34:33,757 INFO ===> New TaichiEnv created.
2024-11-20 20:34:33,757 INFO ===> Specifications: horizon = 311, dt = 0.01, n_substeps = 20, dt_sub = 0.0005
2024-11-20 20:34:33,781 DEBUG loaded <trimesh.Trimesh(vertices.shape=(916, 3), faces.shape=(856, 3))> using `load_obj` in 0.0030s
2024-11-20 20:34:33,927 DEBUG loaded <trimesh.Trimesh(vertices.shape=(48, 3), faces.shape=(28, 3))> using `load_obj` in 0.0007s
2024-11-20 20:34:42,890 INFO =====> alpha: 0.01
2024-11-20 20:34:42,890 INFO =====> Loss info: {'particle_has_naninf': False, 'height_map_loss': 13.014674186706543, 'emd_loss': 22.36299705505371, 'total_loss': 22.36299705505371}
2024-11-20 20:34:43,470 INFO ===> New TaichiEnv created.
2024-11-20 20:34:43,470 INFO ===> Specifications: horizon = 311, dt = 0.01, n_substeps = 20, dt_sub = 0.0005
2024-11-20 20:34:43,493 DEBUG loaded <trimesh.Trimesh(vertices.shape=(916, 3), faces.shape=(856, 3))> using `load_obj` in 0.0030s
2024-11-20 20:34:43,638 DEBUG loaded <trimesh.Trimesh(vertices.shape=(48, 3), faces.shape=(28, 3))> using `load_obj` in 0.0007s
2024-11-20 20:34:54,051 INFO =====> alpha: 0.1
2024-11-20 20:34:54,051 INFO =====> Loss info: {'particle_has_naninf': False, 'height_map_loss': 13.026108741760254, 'emd_loss': 22.38735008239746, 'total_loss': 22.38735008239746}
2024-11-20 20:34:54,728 INFO ===> New TaichiEnv created.
2024-11-20 20:34:54,729 INFO ===> Specifications: horizon = 311, dt = 0.01, n_substeps = 20, dt_sub = 0.0005
2024-11-20 20:34:54,752 DEBUG loaded <trimesh.Trimesh(vertices.shape=(916, 3), faces.shape=(856, 3))> using `load_obj` in 0.0030s
2024-11-20 20:34:54,899 DEBUG loaded <trimesh.Trimesh(vertices.shape=(48, 3), faces.shape=(28, 3))> using `load_obj` in 0.0007s
2024-11-20 20:35:03,819 INFO =====> alpha: 0.5
2024-11-20 20:35:03,819 INFO =====> Loss info: {'particle_has_naninf': False, 'height_map_loss': 13.063712120056152, 'emd_loss': 22.575780868530273, 'total_loss': 22.575780868530273}
2024-11-20 20:35:04,408 INFO ===> New TaichiEnv created.
2024-11-20 20:35:04,408 INFO ===> Specifications: horizon = 311, dt = 0.01, n_substeps = 20, dt_sub = 0.0005
2024-11-20 20:35:04,431 DEBUG loaded <trimesh.Trimesh(vertices.shape=(916, 3), faces.shape=(856, 3))> using `load_obj` in 0.0030s
2024-11-20 20:35:04,577 DEBUG loaded <trimesh.Trimesh(vertices.shape=(48, 3), faces.shape=(28, 3))> using `load_obj` in 0.0007s
2024-11-20 20:35:13,554 INFO =====> alpha: 1.0
2024-11-20 20:35:13,554 INFO =====> Loss info: {'particle_has_naninf': False, 'height_map_loss': 13.096765518188477, 'emd_loss': 23.046239852905273, 'total_loss': 23.046239852905273}
2024-11-20 20:35:14,137 INFO ===> New TaichiEnv created.
2024-11-20 20:35:14,137 INFO ===> Specifications: horizon = 311, dt = 0.01, n_substeps = 20, dt_sub = 0.0005
2024-11-20 20:35:14,160 DEBUG loaded <trimesh.Trimesh(vertices.shape=(916, 3), faces.shape=(856, 3))> using `load_obj` in 0.0030s
2024-11-20 20:35:14,308 DEBUG loaded <trimesh.Trimesh(vertices.shape=(48, 3), faces.shape=(28, 3))> using `load_obj` in 0.0007s
2024-11-20 20:35:23,274 INFO =====> alpha: 1.01
2024-11-20 20:35:23,274 INFO =====> Loss info: {'particle_has_naninf': False, 'height_map_loss': 13.09702205657959, 'emd_loss': 23.05705451965332, 'total_loss': 23.05705451965332}
2024-11-20 20:35:23,857 INFO ===> New TaichiEnv created.
2024-11-20 20:35:23,857 INFO ===> Specifications: horizon = 311, dt = 0.01, n_substeps = 20, dt_sub = 0.0005
2024-11-20 20:35:23,880 DEBUG loaded <trimesh.Trimesh(vertices.shape=(916, 3), faces.shape=(856, 3))> using `load_obj` in 0.0029s
2024-11-20 20:35:24,026 DEBUG loaded <trimesh.Trimesh(vertices.shape=(48, 3), faces.shape=(28, 3))> using `load_obj` in 0.0007s
2024-11-20 20:35:34,328 INFO =====> alpha: 1.1
2024-11-20 20:35:34,328 INFO =====> Loss info: {'particle_has_naninf': False, 'height_map_loss': 13.10293960571289, 'emd_loss': 22.832529067993164, 'total_loss': 22.832529067993164}
2024-11-20 20:35:34,903 INFO ===> New TaichiEnv created.
2024-11-20 20:35:34,904 INFO ===> Specifications: horizon = 311, dt = 0.01, n_substeps = 20, dt_sub = 0.0005
2024-11-20 20:35:34,927 DEBUG loaded <trimesh.Trimesh(vertices.shape=(916, 3), faces.shape=(856, 3))> using `load_obj` in 0.0030s
2024-11-20 20:35:35,073 DEBUG loaded <trimesh.Trimesh(vertices.shape=(48, 3), faces.shape=(28, 3))> using `load_obj` in 0.0007s
2024-11-20 20:35:44,001 INFO =====> alpha: 1.5
2024-11-20 20:35:44,001 INFO =====> Loss info: {'particle_has_naninf': False, 'height_map_loss': 13.134861946105957, 'emd_loss': 22.891925811767578, 'total_loss': 22.891925811767578}
2024-11-20 20:35:44,002 INFO =====> Best alpha: 0.01, Best loss info: {'particle_has_naninf': False, 'height_map_loss': 13.014674186706543, 'emd_loss': 22.36299705505371, 'total_loss': 22.36299705505371}
2024-11-20 20:35:44,002 INFO =====> Param: E: [534946.06], nu: [0.38695115], rho: [1200.4296], sand_angle: [15.329087]
2024-11-20 20:35:44,002 INFO =====> Grad: [5.5605383e-03 1.3360207e+04 2.9215031e+01 5.5128754e+02]
2024-11-20 20:35:44,002 INFO =====> Num. aborted data so far: 0
2024-11-20 20:35:44,620 INFO ===> New TaichiEnv created.
2024-11-20 20:35:44,620 INFO ===> Specifications: horizon = 311, dt = 0.01, n_substeps = 20, dt_sub = 0.0005
2024-11-20 20:35:44,643 DEBUG loaded <trimesh.Trimesh(vertices.shape=(916, 3), faces.shape=(856, 3))> using `load_obj` in 0.0030s
2024-11-20 20:35:44,790 DEBUG loaded <trimesh.Trimesh(vertices.shape=(48, 3), faces.shape=(28, 3))> using `load_obj` in 0.0007s
2024-11-20 20:36:11,799 INFO =====> Epoch: 88
2024-11-20 20:36:11,799 INFO =====> Loss info: {'particle_has_naninf': False, 'height_map_loss': 13.015571594238281, 'emd_loss': 22.369985580444336, 'total_loss': 22.369985580444336}
2024-11-20 20:36:11,799 INFO =====> Performing line search for epoch 88......
2024-11-20 20:36:12,402 INFO ===> New TaichiEnv created.
2024-11-20 20:36:12,402 INFO ===> Specifications: horizon = 311, dt = 0.01, n_substeps = 20, dt_sub = 0.0005
2024-11-20 20:36:12,426 DEBUG loaded <trimesh.Trimesh(vertices.shape=(916, 3), faces.shape=(856, 3))> using `load_obj` in 0.0031s
2024-11-20 20:36:12,575 DEBUG loaded <trimesh.Trimesh(vertices.shape=(48, 3), faces.shape=(28, 3))> using `load_obj` in 0.0007s
2024-11-20 20:36:22,969 INFO =====> alpha: 0.01
2024-11-20 20:36:22,969 INFO =====> Loss info: {'particle_has_naninf': False, 'height_map_loss': 13.013910293579102, 'emd_loss': 22.364015579223633, 'total_loss': 22.364015579223633}
2024-11-20 20:36:23,557 INFO ===> New TaichiEnv created.
2024-11-20 20:36:23,557 INFO ===> Specifications: horizon = 311, dt = 0.01, n_substeps = 20, dt_sub = 0.0005
2024-11-20 20:36:23,580 DEBUG loaded <trimesh.Trimesh(vertices.shape=(916, 3), faces.shape=(856, 3))> using `load_obj` in 0.0031s
2024-11-20 20:36:23,727 DEBUG loaded <trimesh.Trimesh(vertices.shape=(48, 3), faces.shape=(28, 3))> using `load_obj` in 0.0007s
2024-11-20 20:36:32,676 INFO =====> alpha: 0.1
2024-11-20 20:36:32,676 INFO =====> Loss info: {'particle_has_naninf': False, 'height_map_loss': 13.02771282196045, 'emd_loss': 22.379152297973633, 'total_loss': 22.379152297973633}
2024-11-20 20:36:33,249 INFO ===> New TaichiEnv created.
2024-11-20 20:36:33,249 INFO ===> Specifications: horizon = 311, dt = 0.01, n_substeps = 20, dt_sub = 0.0005
2024-11-20 20:36:33,272 DEBUG loaded <trimesh.Trimesh(vertices.shape=(916, 3), faces.shape=(856, 3))> using `load_obj` in 0.0030s
2024-11-20 20:36:33,420 DEBUG loaded <trimesh.Trimesh(vertices.shape=(48, 3), faces.shape=(28, 3))> using `load_obj` in 0.0007s
2024-11-20 20:36:42,324 INFO =====> alpha: 0.5
2024-11-20 20:36:42,324 INFO =====> Loss info: {'particle_has_naninf': False, 'height_map_loss': 13.064221382141113, 'emd_loss': 22.692541122436523, 'total_loss': 22.692541122436523}
2024-11-20 20:36:42,908 INFO ===> New TaichiEnv created.
2024-11-20 20:36:42,908 INFO ===> Specifications: horizon = 311, dt = 0.01, n_substeps = 20, dt_sub = 0.0005
2024-11-20 20:36:42,932 DEBUG loaded <trimesh.Trimesh(vertices.shape=(916, 3), faces.shape=(856, 3))> using `load_obj` in 0.0030s
2024-11-20 20:36:43,079 DEBUG loaded <trimesh.Trimesh(vertices.shape=(48, 3), faces.shape=(28, 3))> using `load_obj` in 0.0007s
2024-11-20 20:36:52,044 INFO =====> alpha: 1.0
2024-11-20 20:36:52,044 INFO =====> Loss info: {'particle_has_naninf': False, 'height_map_loss': 13.098722457885742, 'emd_loss': 23.025583267211914, 'total_loss': 23.025583267211914}
2024-11-20 20:36:52,630 INFO ===> New TaichiEnv created.
2024-11-20 20:36:52,631 INFO ===> Specifications: horizon = 311, dt = 0.01, n_substeps = 20, dt_sub = 0.0005
2024-11-20 20:36:52,654 DEBUG loaded <trimesh.Trimesh(vertices.shape=(916, 3), faces.shape=(856, 3))> using `load_obj` in 0.0029s
2024-11-20 20:36:52,803 DEBUG loaded <trimesh.Trimesh(vertices.shape=(48, 3), faces.shape=(28, 3))> using `load_obj` in 0.0007s
2024-11-20 20:37:03,182 INFO =====> alpha: 1.01
2024-11-20 20:37:03,182 INFO =====> Loss info: {'particle_has_naninf': False, 'height_map_loss': 13.093851089477539, 'emd_loss': 23.032312393188477, 'total_loss': 23.032312393188477}
2024-11-20 20:37:03,761 INFO ===> New TaichiEnv created.
2024-11-20 20:37:03,761 INFO ===> Specifications: horizon = 311, dt = 0.01, n_substeps = 20, dt_sub = 0.0005
2024-11-20 20:37:03,784 DEBUG loaded <trimesh.Trimesh(vertices.shape=(916, 3), faces.shape=(856, 3))> using `load_obj` in 0.0029s
2024-11-20 20:37:03,930 DEBUG loaded <trimesh.Trimesh(vertices.shape=(48, 3), faces.shape=(28, 3))> using `load_obj` in 0.0007s
2024-11-20 20:37:12,877 INFO =====> alpha: 1.1
2024-11-20 20:37:12,877 INFO =====> Loss info: {'particle_has_naninf': False, 'height_map_loss': 13.10727596282959, 'emd_loss': 22.784780502319336, 'total_loss': 22.784780502319336}
2024-11-20 20:37:13,458 INFO ===> New TaichiEnv created.
2024-11-20 20:37:13,458 INFO ===> Specifications: horizon = 311, dt = 0.01, n_substeps = 20, dt_sub = 0.0005
2024-11-20 20:37:13,481 DEBUG loaded <trimesh.Trimesh(vertices.shape=(916, 3), faces.shape=(856, 3))> using `load_obj` in 0.0030s
2024-11-20 20:37:13,628 DEBUG loaded <trimesh.Trimesh(vertices.shape=(48, 3), faces.shape=(28, 3))> using `load_obj` in 0.0007s
2024-11-20 20:37:22,695 INFO =====> alpha: 1.5
2024-11-20 20:37:22,695 INFO =====> Loss info: {'particle_has_naninf': False, 'height_map_loss': 13.123363494873047, 'emd_loss': 22.74950408935547, 'total_loss': 22.74950408935547}
2024-11-20 20:37:22,696 INFO =====> Best alpha: 0.01, Best loss info: {'particle_has_naninf': False, 'height_map_loss': 13.013910293579102, 'emd_loss': 22.364015579223633, 'total_loss': 22.364015579223633}
2024-11-20 20:37:22,696 INFO =====> Param: E: [535033.2], nu: [0.38690987], rho: [1200.695], sand_angle: [15.321766]
2024-11-20 20:37:22,696 INFO =====> Grad: [-2.4414032e-03  1.3808584e+04 -2.6506851e+01  5.4118060e+02]
2024-11-20 20:37:22,696 INFO =====> Num. aborted data so far: 0
2024-11-20 20:37:23,274 INFO ===> New TaichiEnv created.
2024-11-20 20:37:23,274 INFO ===> Specifications: horizon = 311, dt = 0.01, n_substeps = 20, dt_sub = 0.0005
2024-11-20 20:37:23,298 DEBUG loaded <trimesh.Trimesh(vertices.shape=(916, 3), faces.shape=(856, 3))> using `load_obj` in 0.0030s
2024-11-20 20:37:23,445 DEBUG loaded <trimesh.Trimesh(vertices.shape=(48, 3), faces.shape=(28, 3))> using `load_obj` in 0.0007s
2024-11-20 20:37:33,742 INFO ===> [Info] Early stopping at epoch 89 due to no loss improvement in five epochs
2024-11-20 20:37:33,743 INFO ====> Finished training.
2024-11-20 20:37:33,743 INFO ====> Final loss: 
2024-11-20 20:37:33,743 INFO ====> Final params: E [535033.2], nu [0.38690987], rho [1200.695], sand_angle [15.321766]
2024-11-20 20:37:33,743 INFO ===> End grad computation at:, 2024-11-20 20:37:33
2024-11-20 20:37:33,743 INFO ===> Total time taken: 8847.194925069809 seconds
2024-11-20 20:37:33,743 INFO ===> Number of aborted data: 0
