2024-11-23 12:18:36,257 INFO ===> Start grad computation at:, 2024-11-23 12:18:36
2024-11-23 12:18:36,593 INFO ===> New TaichiEnv created.
2024-11-23 12:18:36,593 INFO ===> Specifications: horizon = 311, dt = 0.01, n_substeps = 20, dt_sub = 0.0005
2024-11-23 12:18:36,615 DEBUG loaded <trimesh.Trimesh(vertices.shape=(916, 3), faces.shape=(856, 3))> using `load_obj` in 0.0029s
2024-11-23 12:18:36,760 DEBUG loaded <trimesh.Trimesh(vertices.shape=(48, 3), faces.shape=(28, 3))> using `load_obj` in 0.0007s
2024-11-23 12:19:04,055 INFO =====> Epoch: 0
2024-11-23 12:19:04,055 INFO =====> Loss info: {'particle_has_naninf': False, 'height_map_loss': 23.793682098388672, 'emd_loss': 45.883949279785156, 'total_loss': 23.793682098388672}
2024-11-23 12:19:04,055 INFO =====> Performing line search for epoch 0......
2024-11-23 12:19:04,415 INFO ===> New TaichiEnv created.
2024-11-23 12:19:04,415 INFO ===> Specifications: horizon = 311, dt = 0.01, n_substeps = 20, dt_sub = 0.0005
2024-11-23 12:19:04,438 DEBUG loaded <trimesh.Trimesh(vertices.shape=(916, 3), faces.shape=(856, 3))> using `load_obj` in 0.0029s
2024-11-23 12:19:04,584 DEBUG loaded <trimesh.Trimesh(vertices.shape=(48, 3), faces.shape=(28, 3))> using `load_obj` in 0.0007s
2024-11-23 12:19:14,778 INFO =====> alpha: 0.01
2024-11-23 12:19:14,778 INFO =====> Loss info: {'particle_has_naninf': False, 'height_map_loss': 23.756486892700195, 'emd_loss': 45.52694320678711, 'total_loss': 23.756486892700195}
2024-11-23 12:19:15,117 INFO ===> New TaichiEnv created.
2024-11-23 12:19:15,117 INFO ===> Specifications: horizon = 311, dt = 0.01, n_substeps = 20, dt_sub = 0.0005
2024-11-23 12:19:15,140 DEBUG loaded <trimesh.Trimesh(vertices.shape=(916, 3), faces.shape=(856, 3))> using `load_obj` in 0.0031s
2024-11-23 12:19:15,287 DEBUG loaded <trimesh.Trimesh(vertices.shape=(48, 3), faces.shape=(28, 3))> using `load_obj` in 0.0007s
2024-11-23 12:19:25,400 INFO =====> alpha: 0.1
2024-11-23 12:19:25,400 INFO =====> Loss info: {'particle_has_naninf': False, 'height_map_loss': 23.498353958129883, 'emd_loss': 45.430999755859375, 'total_loss': 23.498353958129883}
2024-11-23 12:19:25,739 INFO ===> New TaichiEnv created.
2024-11-23 12:19:25,740 INFO ===> Specifications: horizon = 311, dt = 0.01, n_substeps = 20, dt_sub = 0.0005
2024-11-23 12:19:25,762 DEBUG loaded <trimesh.Trimesh(vertices.shape=(916, 3), faces.shape=(856, 3))> using `load_obj` in 0.0029s
2024-11-23 12:19:25,908 DEBUG loaded <trimesh.Trimesh(vertices.shape=(48, 3), faces.shape=(28, 3))> using `load_obj` in 0.0007s
2024-11-23 12:19:35,599 INFO =====> alpha: 0.5
2024-11-23 12:19:35,599 INFO =====> Loss info: {'particle_has_naninf': False, 'height_map_loss': 22.716962814331055, 'emd_loss': 44.567283630371094, 'total_loss': 22.716962814331055}
2024-11-23 12:19:35,933 INFO ===> New TaichiEnv created.
2024-11-23 12:19:35,933 INFO ===> Specifications: horizon = 311, dt = 0.01, n_substeps = 20, dt_sub = 0.0005
2024-11-23 12:19:35,956 DEBUG loaded <trimesh.Trimesh(vertices.shape=(916, 3), faces.shape=(856, 3))> using `load_obj` in 0.0028s
2024-11-23 12:19:36,101 DEBUG loaded <trimesh.Trimesh(vertices.shape=(48, 3), faces.shape=(28, 3))> using `load_obj` in 0.0007s
2024-11-23 12:19:46,331 INFO =====> alpha: 1.0
2024-11-23 12:19:46,331 INFO =====> Loss info: {'particle_has_naninf': False, 'height_map_loss': 22.329145431518555, 'emd_loss': 45.07148361206055, 'total_loss': 22.329145431518555}
2024-11-23 12:19:46,663 INFO ===> New TaichiEnv created.
2024-11-23 12:19:46,663 INFO ===> Specifications: horizon = 311, dt = 0.01, n_substeps = 20, dt_sub = 0.0005
2024-11-23 12:19:46,685 DEBUG loaded <trimesh.Trimesh(vertices.shape=(916, 3), faces.shape=(856, 3))> using `load_obj` in 0.0029s
2024-11-23 12:19:46,832 DEBUG loaded <trimesh.Trimesh(vertices.shape=(48, 3), faces.shape=(28, 3))> using `load_obj` in 0.0007s
2024-11-23 12:19:56,940 INFO =====> alpha: 1.01
2024-11-23 12:19:56,940 INFO =====> Loss info: {'particle_has_naninf': False, 'height_map_loss': 22.347503662109375, 'emd_loss': 45.02311325073242, 'total_loss': 22.347503662109375}
2024-11-23 12:19:57,273 INFO ===> New TaichiEnv created.
2024-11-23 12:19:57,273 INFO ===> Specifications: horizon = 311, dt = 0.01, n_substeps = 20, dt_sub = 0.0005
2024-11-23 12:19:57,296 DEBUG loaded <trimesh.Trimesh(vertices.shape=(916, 3), faces.shape=(856, 3))> using `load_obj` in 0.0029s
2024-11-23 12:19:57,442 DEBUG loaded <trimesh.Trimesh(vertices.shape=(48, 3), faces.shape=(28, 3))> using `load_obj` in 0.0007s
2024-11-23 12:20:07,575 INFO =====> alpha: 1.1
2024-11-23 12:20:07,576 INFO =====> Loss info: {'particle_has_naninf': False, 'height_map_loss': 22.195058822631836, 'emd_loss': 44.76262664794922, 'total_loss': 22.195058822631836}
2024-11-23 12:20:07,910 INFO ===> New TaichiEnv created.
2024-11-23 12:20:07,910 INFO ===> Specifications: horizon = 311, dt = 0.01, n_substeps = 20, dt_sub = 0.0005
2024-11-23 12:20:07,933 DEBUG loaded <trimesh.Trimesh(vertices.shape=(916, 3), faces.shape=(856, 3))> using `load_obj` in 0.0030s
2024-11-23 12:20:08,080 DEBUG loaded <trimesh.Trimesh(vertices.shape=(48, 3), faces.shape=(28, 3))> using `load_obj` in 0.0007s
2024-11-23 12:20:18,126 INFO =====> alpha: 1.5
2024-11-23 12:20:18,126 INFO =====> Loss info: {'particle_has_naninf': False, 'height_map_loss': 21.936784744262695, 'emd_loss': 44.5900993347168, 'total_loss': 21.936784744262695}
2024-11-23 12:20:18,126 INFO =====> Best alpha: 1.5, Best loss info: {'particle_has_naninf': False, 'height_map_loss': 21.936784744262695, 'emd_loss': 44.5900993347168, 'total_loss': 21.936784744262695}
2024-11-23 12:20:18,126 INFO =====> Param: E: [355021.12], nu: [0.1], rho: [1200.], sand_angle: [14.786142]
2024-11-23 12:20:18,127 INFO =====> Grad: [ 1.5656745e-02  1.4715334e+04  5.4771619e+00 -5.2750165e+02]
2024-11-23 12:20:18,127 INFO =====> Num. aborted data so far: 0
2024-11-23 12:20:18,535 INFO ===> New TaichiEnv created.
2024-11-23 12:20:18,535 INFO ===> Specifications: horizon = 311, dt = 0.01, n_substeps = 20, dt_sub = 0.0005
2024-11-23 12:20:18,559 DEBUG loaded <trimesh.Trimesh(vertices.shape=(916, 3), faces.shape=(856, 3))> using `load_obj` in 0.0030s
2024-11-23 12:20:18,707 DEBUG loaded <trimesh.Trimesh(vertices.shape=(48, 3), faces.shape=(28, 3))> using `load_obj` in 0.0007s
2024-11-23 12:20:45,679 INFO =====> Epoch: 1
2024-11-23 12:20:45,679 INFO =====> Loss info: {'particle_has_naninf': False, 'height_map_loss': 21.936935424804688, 'emd_loss': 44.512603759765625, 'total_loss': 21.936935424804688}
2024-11-23 12:20:45,679 INFO =====> Performing line search for epoch 1......
2024-11-23 12:20:46,037 INFO ===> New TaichiEnv created.
2024-11-23 12:20:46,037 INFO ===> Specifications: horizon = 311, dt = 0.01, n_substeps = 20, dt_sub = 0.0005
2024-11-23 12:20:46,060 DEBUG loaded <trimesh.Trimesh(vertices.shape=(916, 3), faces.shape=(856, 3))> using `load_obj` in 0.0029s
2024-11-23 12:20:46,208 DEBUG loaded <trimesh.Trimesh(vertices.shape=(48, 3), faces.shape=(28, 3))> using `load_obj` in 0.0007s
2024-11-23 12:20:56,294 INFO =====> alpha: 0.01
2024-11-23 12:20:56,294 INFO =====> Loss info: {'particle_has_naninf': False, 'height_map_loss': 21.924135208129883, 'emd_loss': 44.55194091796875, 'total_loss': 21.924135208129883}
2024-11-23 12:20:56,631 INFO ===> New TaichiEnv created.
2024-11-23 12:20:56,631 INFO ===> Specifications: horizon = 311, dt = 0.01, n_substeps = 20, dt_sub = 0.0005
2024-11-23 12:20:56,654 DEBUG loaded <trimesh.Trimesh(vertices.shape=(916, 3), faces.shape=(856, 3))> using `load_obj` in 0.0030s
2024-11-23 12:20:56,801 DEBUG loaded <trimesh.Trimesh(vertices.shape=(48, 3), faces.shape=(28, 3))> using `load_obj` in 0.0007s
2024-11-23 12:21:06,961 INFO =====> alpha: 0.1
2024-11-23 12:21:06,961 INFO =====> Loss info: {'particle_has_naninf': False, 'height_map_loss': 21.86398696899414, 'emd_loss': 44.692771911621094, 'total_loss': 21.86398696899414}
2024-11-23 12:21:07,294 INFO ===> New TaichiEnv created.
2024-11-23 12:21:07,294 INFO ===> Specifications: horizon = 311, dt = 0.01, n_substeps = 20, dt_sub = 0.0005
2024-11-23 12:21:07,316 DEBUG loaded <trimesh.Trimesh(vertices.shape=(916, 3), faces.shape=(856, 3))> using `load_obj` in 0.0029s
2024-11-23 12:21:07,464 DEBUG loaded <trimesh.Trimesh(vertices.shape=(48, 3), faces.shape=(28, 3))> using `load_obj` in 0.0007s
2024-11-23 12:21:17,698 INFO =====> alpha: 0.5
2024-11-23 12:21:17,698 INFO =====> Loss info: {'particle_has_naninf': False, 'height_map_loss': 21.724834442138672, 'emd_loss': 45.251407623291016, 'total_loss': 21.724834442138672}
2024-11-23 12:21:18,035 INFO ===> New TaichiEnv created.
2024-11-23 12:21:18,035 INFO ===> Specifications: horizon = 311, dt = 0.01, n_substeps = 20, dt_sub = 0.0005
2024-11-23 12:21:18,058 DEBUG loaded <trimesh.Trimesh(vertices.shape=(916, 3), faces.shape=(856, 3))> using `load_obj` in 0.0029s
2024-11-23 12:21:18,203 DEBUG loaded <trimesh.Trimesh(vertices.shape=(48, 3), faces.shape=(28, 3))> using `load_obj` in 0.0007s
2024-11-23 12:21:28,318 INFO =====> alpha: 1.0
2024-11-23 12:21:28,318 INFO =====> Loss info: {'particle_has_naninf': False, 'height_map_loss': 21.69401741027832, 'emd_loss': 43.84799575805664, 'total_loss': 21.69401741027832}
2024-11-23 12:21:28,736 INFO ===> New TaichiEnv created.
2024-11-23 12:21:28,736 INFO ===> Specifications: horizon = 311, dt = 0.01, n_substeps = 20, dt_sub = 0.0005
2024-11-23 12:21:28,758 DEBUG loaded <trimesh.Trimesh(vertices.shape=(916, 3), faces.shape=(856, 3))> using `load_obj` in 0.0029s
2024-11-23 12:21:28,904 DEBUG loaded <trimesh.Trimesh(vertices.shape=(48, 3), faces.shape=(28, 3))> using `load_obj` in 0.0007s
2024-11-23 12:21:38,959 INFO =====> alpha: 1.01
2024-11-23 12:21:38,959 INFO =====> Loss info: {'particle_has_naninf': False, 'height_map_loss': 21.690847396850586, 'emd_loss': 43.87029266357422, 'total_loss': 21.690847396850586}
2024-11-23 12:21:39,285 INFO ===> New TaichiEnv created.
2024-11-23 12:21:39,285 INFO ===> Specifications: horizon = 311, dt = 0.01, n_substeps = 20, dt_sub = 0.0005
2024-11-23 12:21:39,307 DEBUG loaded <trimesh.Trimesh(vertices.shape=(916, 3), faces.shape=(856, 3))> using `load_obj` in 0.0029s
2024-11-23 12:21:39,453 DEBUG loaded <trimesh.Trimesh(vertices.shape=(48, 3), faces.shape=(28, 3))> using `load_obj` in 0.0007s
2024-11-23 12:21:49,564 INFO =====> alpha: 1.1
2024-11-23 12:21:49,564 INFO =====> Loss info: {'particle_has_naninf': False, 'height_map_loss': 21.662019729614258, 'emd_loss': 43.53631591796875, 'total_loss': 21.662019729614258}
2024-11-23 12:21:49,897 INFO ===> New TaichiEnv created.
2024-11-23 12:21:49,897 INFO ===> Specifications: horizon = 311, dt = 0.01, n_substeps = 20, dt_sub = 0.0005
2024-11-23 12:21:49,920 DEBUG loaded <trimesh.Trimesh(vertices.shape=(916, 3), faces.shape=(856, 3))> using `load_obj` in 0.0029s
2024-11-23 12:21:50,065 DEBUG loaded <trimesh.Trimesh(vertices.shape=(48, 3), faces.shape=(28, 3))> using `load_obj` in 0.0007s
2024-11-23 12:21:59,916 INFO =====> alpha: 1.5
2024-11-23 12:21:59,917 INFO =====> Loss info: {'particle_has_naninf': False, 'height_map_loss': 21.778764724731445, 'emd_loss': 44.179161071777344, 'total_loss': 21.778764724731445}
2024-11-23 12:21:59,917 INFO =====> Best alpha: 1.1, Best loss info: {'particle_has_naninf': False, 'height_map_loss': 21.662019729614258, 'emd_loss': 43.53631591796875, 'total_loss': 21.662019729614258}
2024-11-23 12:21:59,917 INFO =====> Param: E: [414834.4], nu: [0.13037023], rho: [1200.], sand_angle: [17.22995]
2024-11-23 12:21:59,917 INFO =====> Grad: [-2.5009675e-02 -2.4998137e+04  1.8055256e+01 -4.9403735e+02]
2024-11-23 12:21:59,917 INFO =====> Num. aborted data so far: 0
2024-11-23 12:22:00,254 INFO ===> New TaichiEnv created.
2024-11-23 12:22:00,254 INFO ===> Specifications: horizon = 311, dt = 0.01, n_substeps = 20, dt_sub = 0.0005
2024-11-23 12:22:00,289 DEBUG loaded <trimesh.Trimesh(vertices.shape=(916, 3), faces.shape=(856, 3))> using `load_obj` in 0.0028s
2024-11-23 12:22:00,434 DEBUG loaded <trimesh.Trimesh(vertices.shape=(48, 3), faces.shape=(28, 3))> using `load_obj` in 0.0007s
2024-11-23 12:22:27,694 INFO =====> Epoch: 2
2024-11-23 12:22:27,694 INFO =====> Loss info: {'particle_has_naninf': False, 'height_map_loss': 21.662109375, 'emd_loss': 43.72126007080078, 'total_loss': 21.662109375}
2024-11-23 12:22:27,694 INFO =====> Performing line search for epoch 2......
2024-11-23 12:22:28,047 INFO ===> New TaichiEnv created.
2024-11-23 12:22:28,047 INFO ===> Specifications: horizon = 311, dt = 0.01, n_substeps = 20, dt_sub = 0.0005
2024-11-23 12:22:28,069 DEBUG loaded <trimesh.Trimesh(vertices.shape=(916, 3), faces.shape=(856, 3))> using `load_obj` in 0.0029s
2024-11-23 12:22:28,222 DEBUG loaded <trimesh.Trimesh(vertices.shape=(48, 3), faces.shape=(28, 3))> using `load_obj` in 0.0007s
2024-11-23 12:22:38,316 INFO =====> alpha: 0.01
2024-11-23 12:22:38,316 INFO =====> Loss info: {'particle_has_naninf': False, 'height_map_loss': 21.662015914916992, 'emd_loss': 43.56053161621094, 'total_loss': 21.662015914916992}
2024-11-23 12:22:38,647 INFO ===> New TaichiEnv created.
2024-11-23 12:22:38,647 INFO ===> Specifications: horizon = 311, dt = 0.01, n_substeps = 20, dt_sub = 0.0005
2024-11-23 12:22:38,670 DEBUG loaded <trimesh.Trimesh(vertices.shape=(916, 3), faces.shape=(856, 3))> using `load_obj` in 0.0029s
2024-11-23 12:22:38,814 DEBUG loaded <trimesh.Trimesh(vertices.shape=(48, 3), faces.shape=(28, 3))> using `load_obj` in 0.0007s
2024-11-23 12:22:48,897 INFO =====> alpha: 0.1
2024-11-23 12:22:48,897 INFO =====> Loss info: {'particle_has_naninf': False, 'height_map_loss': 21.677419662475586, 'emd_loss': 43.54790115356445, 'total_loss': 21.677419662475586}
2024-11-23 12:22:49,228 INFO ===> New TaichiEnv created.
2024-11-23 12:22:49,228 INFO ===> Specifications: horizon = 311, dt = 0.01, n_substeps = 20, dt_sub = 0.0005
2024-11-23 12:22:49,250 DEBUG loaded <trimesh.Trimesh(vertices.shape=(916, 3), faces.shape=(856, 3))> using `load_obj` in 0.0029s
2024-11-23 12:22:49,396 DEBUG loaded <trimesh.Trimesh(vertices.shape=(48, 3), faces.shape=(28, 3))> using `load_obj` in 0.0007s
2024-11-23 12:22:59,593 INFO =====> alpha: 0.5
2024-11-23 12:22:59,593 INFO =====> Loss info: {'particle_has_naninf': False, 'height_map_loss': 21.703079223632812, 'emd_loss': 43.506534576416016, 'total_loss': 21.703079223632812}
2024-11-23 12:22:59,925 INFO ===> New TaichiEnv created.
2024-11-23 12:22:59,925 INFO ===> Specifications: horizon = 311, dt = 0.01, n_substeps = 20, dt_sub = 0.0005
2024-11-23 12:22:59,947 DEBUG loaded <trimesh.Trimesh(vertices.shape=(916, 3), faces.shape=(856, 3))> using `load_obj` in 0.0029s
2024-11-23 12:23:00,097 DEBUG loaded <trimesh.Trimesh(vertices.shape=(48, 3), faces.shape=(28, 3))> using `load_obj` in 0.0007s
2024-11-23 12:23:09,898 INFO =====> alpha: 1.0
2024-11-23 12:23:09,898 INFO =====> Loss info: {'particle_has_naninf': False, 'height_map_loss': 21.755109786987305, 'emd_loss': 43.75349044799805, 'total_loss': 21.755109786987305}
2024-11-23 12:23:10,231 INFO ===> New TaichiEnv created.
2024-11-23 12:23:10,231 INFO ===> Specifications: horizon = 311, dt = 0.01, n_substeps = 20, dt_sub = 0.0005
2024-11-23 12:23:10,254 DEBUG loaded <trimesh.Trimesh(vertices.shape=(916, 3), faces.shape=(856, 3))> using `load_obj` in 0.0029s
2024-11-23 12:23:10,401 DEBUG loaded <trimesh.Trimesh(vertices.shape=(48, 3), faces.shape=(28, 3))> using `load_obj` in 0.0007s
2024-11-23 12:23:20,462 INFO =====> alpha: 1.01
2024-11-23 12:23:20,462 INFO =====> Loss info: {'particle_has_naninf': False, 'height_map_loss': 21.760040283203125, 'emd_loss': 43.77180862426758, 'total_loss': 21.760040283203125}
2024-11-23 12:23:20,794 INFO ===> New TaichiEnv created.
2024-11-23 12:23:20,794 INFO ===> Specifications: horizon = 311, dt = 0.01, n_substeps = 20, dt_sub = 0.0005
2024-11-23 12:23:20,816 DEBUG loaded <trimesh.Trimesh(vertices.shape=(916, 3), faces.shape=(856, 3))> using `load_obj` in 0.0029s
2024-11-23 12:23:20,961 DEBUG loaded <trimesh.Trimesh(vertices.shape=(48, 3), faces.shape=(28, 3))> using `load_obj` in 0.0007s
2024-11-23 12:23:31,014 INFO =====> alpha: 1.1
2024-11-23 12:23:31,014 INFO =====> Loss info: {'particle_has_naninf': False, 'height_map_loss': 21.785926818847656, 'emd_loss': 44.108070373535156, 'total_loss': 21.785926818847656}
2024-11-23 12:23:31,343 INFO ===> New TaichiEnv created.
2024-11-23 12:23:31,343 INFO ===> Specifications: horizon = 311, dt = 0.01, n_substeps = 20, dt_sub = 0.0005
2024-11-23 12:23:31,365 DEBUG loaded <trimesh.Trimesh(vertices.shape=(916, 3), faces.shape=(856, 3))> using `load_obj` in 0.0029s
2024-11-23 12:23:31,513 DEBUG loaded <trimesh.Trimesh(vertices.shape=(48, 3), faces.shape=(28, 3))> using `load_obj` in 0.0007s
2024-11-23 12:23:41,719 INFO =====> alpha: 1.5
2024-11-23 12:23:41,719 INFO =====> Loss info: {'particle_has_naninf': False, 'height_map_loss': 21.800661087036133, 'emd_loss': 44.13544464111328, 'total_loss': 21.800661087036133}
2024-11-23 12:23:41,720 INFO =====> Best alpha: 0.01, Best loss info: {'particle_has_naninf': False, 'height_map_loss': 21.662015914916992, 'emd_loss': 43.56053161621094, 'total_loss': 21.662015914916992}
2024-11-23 12:23:41,720 INFO =====> Param: E: [415037.44], nu: [0.13047972], rho: [1200.], sand_angle: [17.237377]
2024-11-23 12:23:41,720 INFO =====> Grad: [-9.3547022e-03 -1.0025275e+04  4.7875443e+01 -1.6121022e+02]
2024-11-23 12:23:41,720 INFO =====> Num. aborted data so far: 0
2024-11-23 12:23:42,119 INFO ===> New TaichiEnv created.
2024-11-23 12:23:42,120 INFO ===> Specifications: horizon = 311, dt = 0.01, n_substeps = 20, dt_sub = 0.0005
2024-11-23 12:23:42,147 DEBUG loaded <trimesh.Trimesh(vertices.shape=(916, 3), faces.shape=(856, 3))> using `load_obj` in 0.0030s
2024-11-23 12:23:42,295 DEBUG loaded <trimesh.Trimesh(vertices.shape=(48, 3), faces.shape=(28, 3))> using `load_obj` in 0.0007s
2024-11-23 12:24:09,653 INFO =====> Epoch: 3
2024-11-23 12:24:09,653 INFO =====> Loss info: {'particle_has_naninf': False, 'height_map_loss': 21.66172981262207, 'emd_loss': 43.5612907409668, 'total_loss': 21.66172981262207}
2024-11-23 12:24:09,654 INFO =====> Performing line search for epoch 3......
2024-11-23 12:24:10,032 INFO ===> New TaichiEnv created.
2024-11-23 12:24:10,032 INFO ===> Specifications: horizon = 311, dt = 0.01, n_substeps = 20, dt_sub = 0.0005
2024-11-23 12:24:10,055 DEBUG loaded <trimesh.Trimesh(vertices.shape=(916, 3), faces.shape=(856, 3))> using `load_obj` in 0.0030s
2024-11-23 12:24:10,204 DEBUG loaded <trimesh.Trimesh(vertices.shape=(48, 3), faces.shape=(28, 3))> using `load_obj` in 0.0007s
2024-11-23 12:24:20,264 INFO =====> alpha: 0.01
2024-11-23 12:24:20,264 INFO =====> Loss info: {'particle_has_naninf': False, 'height_map_loss': 21.6630916595459, 'emd_loss': 43.57783126831055, 'total_loss': 21.6630916595459}
2024-11-23 12:24:20,603 INFO ===> New TaichiEnv created.
2024-11-23 12:24:20,603 INFO ===> Specifications: horizon = 311, dt = 0.01, n_substeps = 20, dt_sub = 0.0005
2024-11-23 12:24:20,625 DEBUG loaded <trimesh.Trimesh(vertices.shape=(916, 3), faces.shape=(856, 3))> using `load_obj` in 0.0029s
2024-11-23 12:24:20,773 DEBUG loaded <trimesh.Trimesh(vertices.shape=(48, 3), faces.shape=(28, 3))> using `load_obj` in 0.0007s
2024-11-23 12:24:30,974 INFO =====> alpha: 0.1
2024-11-23 12:24:30,974 INFO =====> Loss info: {'particle_has_naninf': False, 'height_map_loss': 21.7109317779541, 'emd_loss': 43.62882614135742, 'total_loss': 21.7109317779541}
2024-11-23 12:24:31,383 INFO ===> New TaichiEnv created.
2024-11-23 12:24:31,383 INFO ===> Specifications: horizon = 311, dt = 0.01, n_substeps = 20, dt_sub = 0.0005
2024-11-23 12:24:31,406 DEBUG loaded <trimesh.Trimesh(vertices.shape=(916, 3), faces.shape=(856, 3))> using `load_obj` in 0.0029s
2024-11-23 12:24:31,551 DEBUG loaded <trimesh.Trimesh(vertices.shape=(48, 3), faces.shape=(28, 3))> using `load_obj` in 0.0007s
2024-11-23 12:24:41,657 INFO =====> alpha: 0.5
2024-11-23 12:24:41,657 INFO =====> Loss info: {'particle_has_naninf': False, 'height_map_loss': 21.832921981811523, 'emd_loss': 43.36308670043945, 'total_loss': 21.832921981811523}
2024-11-23 12:24:41,993 INFO ===> New TaichiEnv created.
2024-11-23 12:24:41,993 INFO ===> Specifications: horizon = 311, dt = 0.01, n_substeps = 20, dt_sub = 0.0005
2024-11-23 12:24:42,016 DEBUG loaded <trimesh.Trimesh(vertices.shape=(916, 3), faces.shape=(856, 3))> using `load_obj` in 0.0029s
2024-11-23 12:24:42,164 DEBUG loaded <trimesh.Trimesh(vertices.shape=(48, 3), faces.shape=(28, 3))> using `load_obj` in 0.0007s
2024-11-23 12:24:52,304 INFO =====> alpha: 1.0
2024-11-23 12:24:52,304 INFO =====> Loss info: {'particle_has_naninf': False, 'height_map_loss': 21.959810256958008, 'emd_loss': 44.48865509033203, 'total_loss': 21.959810256958008}
2024-11-23 12:24:52,639 INFO ===> New TaichiEnv created.
2024-11-23 12:24:52,639 INFO ===> Specifications: horizon = 311, dt = 0.01, n_substeps = 20, dt_sub = 0.0005
2024-11-23 12:24:52,662 DEBUG loaded <trimesh.Trimesh(vertices.shape=(916, 3), faces.shape=(856, 3))> using `load_obj` in 0.0030s
2024-11-23 12:24:52,811 DEBUG loaded <trimesh.Trimesh(vertices.shape=(48, 3), faces.shape=(28, 3))> using `load_obj` in 0.0007s
2024-11-23 12:25:02,905 INFO =====> alpha: 1.01
2024-11-23 12:25:02,905 INFO =====> Loss info: {'particle_has_naninf': False, 'height_map_loss': 21.970115661621094, 'emd_loss': 44.480960845947266, 'total_loss': 21.970115661621094}
2024-11-23 12:25:03,237 INFO ===> New TaichiEnv created.
2024-11-23 12:25:03,237 INFO ===> Specifications: horizon = 311, dt = 0.01, n_substeps = 20, dt_sub = 0.0005
2024-11-23 12:25:03,259 DEBUG loaded <trimesh.Trimesh(vertices.shape=(916, 3), faces.shape=(856, 3))> using `load_obj` in 0.0029s
2024-11-23 12:25:03,404 DEBUG loaded <trimesh.Trimesh(vertices.shape=(48, 3), faces.shape=(28, 3))> using `load_obj` in 0.0007s
2024-11-23 12:25:13,438 INFO =====> alpha: 1.1
2024-11-23 12:25:13,438 INFO =====> Loss info: {'particle_has_naninf': False, 'height_map_loss': 21.960586547851562, 'emd_loss': 44.75263214111328, 'total_loss': 21.960586547851562}
2024-11-23 12:25:13,770 INFO ===> New TaichiEnv created.
2024-11-23 12:25:13,770 INFO ===> Specifications: horizon = 311, dt = 0.01, n_substeps = 20, dt_sub = 0.0005
2024-11-23 12:25:13,793 DEBUG loaded <trimesh.Trimesh(vertices.shape=(916, 3), faces.shape=(856, 3))> using `load_obj` in 0.0029s
2024-11-23 12:25:13,939 DEBUG loaded <trimesh.Trimesh(vertices.shape=(48, 3), faces.shape=(28, 3))> using `load_obj` in 0.0007s
2024-11-23 12:25:23,789 INFO =====> alpha: 1.5
2024-11-23 12:25:23,789 INFO =====> Loss info: {'particle_has_naninf': False, 'height_map_loss': 22.037742614746094, 'emd_loss': 45.14128875732422, 'total_loss': 22.037742614746094}
2024-11-23 12:25:23,789 INFO =====> Best alpha: 0.01, Best loss info: {'particle_has_naninf': False, 'height_map_loss': 21.6630916595459, 'emd_loss': 43.57783126831055, 'total_loss': 21.6630916595459}
2024-11-23 12:25:23,789 INFO =====> Param: E: [414843.], nu: [0.13037229], rho: [1200.8605], sand_angle: [17.248758]
2024-11-23 12:25:23,790 INFO =====> Grad: [ 8.9312848e-03  9.9229395e+03 -3.1438532e+01 -2.5118315e+02]
2024-11-23 12:25:23,790 INFO =====> Num. aborted data so far: 0
2024-11-23 12:25:24,122 INFO ===> New TaichiEnv created.
2024-11-23 12:25:24,123 INFO ===> Specifications: horizon = 311, dt = 0.01, n_substeps = 20, dt_sub = 0.0005
2024-11-23 12:25:24,145 DEBUG loaded <trimesh.Trimesh(vertices.shape=(916, 3), faces.shape=(856, 3))> using `load_obj` in 0.0028s
2024-11-23 12:25:24,294 DEBUG loaded <trimesh.Trimesh(vertices.shape=(48, 3), faces.shape=(28, 3))> using `load_obj` in 0.0007s
2024-11-23 12:25:51,949 INFO =====> Epoch: 4
2024-11-23 12:25:51,949 INFO =====> Loss info: {'particle_has_naninf': False, 'height_map_loss': 21.661882400512695, 'emd_loss': 43.56271743774414, 'total_loss': 21.661882400512695}
2024-11-23 12:25:51,949 INFO =====> Performing line search for epoch 4......
2024-11-23 12:25:52,320 INFO ===> New TaichiEnv created.
2024-11-23 12:25:52,320 INFO ===> Specifications: horizon = 311, dt = 0.01, n_substeps = 20, dt_sub = 0.0005
2024-11-23 12:25:52,343 DEBUG loaded <trimesh.Trimesh(vertices.shape=(916, 3), faces.shape=(856, 3))> using `load_obj` in 0.0031s
2024-11-23 12:25:52,489 DEBUG loaded <trimesh.Trimesh(vertices.shape=(48, 3), faces.shape=(28, 3))> using `load_obj` in 0.0007s
2024-11-23 12:26:02,671 INFO =====> alpha: 0.01
2024-11-23 12:26:02,671 INFO =====> Loss info: {'particle_has_naninf': False, 'height_map_loss': 21.67107582092285, 'emd_loss': 43.575828552246094, 'total_loss': 21.67107582092285}
2024-11-23 12:26:03,006 INFO ===> New TaichiEnv created.
2024-11-23 12:26:03,006 INFO ===> Specifications: horizon = 311, dt = 0.01, n_substeps = 20, dt_sub = 0.0005
2024-11-23 12:26:03,029 DEBUG loaded <trimesh.Trimesh(vertices.shape=(916, 3), faces.shape=(856, 3))> using `load_obj` in 0.0029s
2024-11-23 12:26:03,171 DEBUG loaded <trimesh.Trimesh(vertices.shape=(48, 3), faces.shape=(28, 3))> using `load_obj` in 0.0007s
2024-11-23 12:26:13,325 INFO =====> alpha: 0.1
2024-11-23 12:26:13,325 INFO =====> Loss info: {'particle_has_naninf': False, 'height_map_loss': 21.676748275756836, 'emd_loss': 43.568965911865234, 'total_loss': 21.676748275756836}
2024-11-23 12:26:13,658 INFO ===> New TaichiEnv created.
2024-11-23 12:26:13,658 INFO ===> Specifications: horizon = 311, dt = 0.01, n_substeps = 20, dt_sub = 0.0005
2024-11-23 12:26:13,681 DEBUG loaded <trimesh.Trimesh(vertices.shape=(916, 3), faces.shape=(856, 3))> using `load_obj` in 0.0029s
2024-11-23 12:26:13,832 DEBUG loaded <trimesh.Trimesh(vertices.shape=(48, 3), faces.shape=(28, 3))> using `load_obj` in 0.0007s
2024-11-23 12:26:23,623 INFO =====> alpha: 0.5
2024-11-23 12:26:23,624 INFO =====> Loss info: {'particle_has_naninf': False, 'height_map_loss': 21.79941749572754, 'emd_loss': 44.12942123413086, 'total_loss': 21.79941749572754}
2024-11-23 12:26:24,021 INFO ===> New TaichiEnv created.
2024-11-23 12:26:24,021 INFO ===> Specifications: horizon = 311, dt = 0.01, n_substeps = 20, dt_sub = 0.0005
2024-11-23 12:26:24,044 DEBUG loaded <trimesh.Trimesh(vertices.shape=(916, 3), faces.shape=(856, 3))> using `load_obj` in 0.0028s
2024-11-23 12:26:24,190 DEBUG loaded <trimesh.Trimesh(vertices.shape=(48, 3), faces.shape=(28, 3))> using `load_obj` in 0.0007s
2024-11-23 12:26:34,316 INFO =====> alpha: 1.0
2024-11-23 12:26:34,316 INFO =====> Loss info: {'particle_has_naninf': False, 'height_map_loss': 21.85885238647461, 'emd_loss': 44.32189178466797, 'total_loss': 21.85885238647461}
2024-11-23 12:26:34,651 INFO ===> New TaichiEnv created.
2024-11-23 12:26:34,651 INFO ===> Specifications: horizon = 311, dt = 0.01, n_substeps = 20, dt_sub = 0.0005
2024-11-23 12:26:34,674 DEBUG loaded <trimesh.Trimesh(vertices.shape=(916, 3), faces.shape=(856, 3))> using `load_obj` in 0.0029s
2024-11-23 12:26:34,819 DEBUG loaded <trimesh.Trimesh(vertices.shape=(48, 3), faces.shape=(28, 3))> using `load_obj` in 0.0007s
2024-11-23 12:26:44,907 INFO =====> alpha: 1.01
2024-11-23 12:26:44,907 INFO =====> Loss info: {'particle_has_naninf': False, 'height_map_loss': 21.858722686767578, 'emd_loss': 44.36473846435547, 'total_loss': 21.858722686767578}
2024-11-23 12:26:45,244 INFO ===> New TaichiEnv created.
2024-11-23 12:26:45,244 INFO ===> Specifications: horizon = 311, dt = 0.01, n_substeps = 20, dt_sub = 0.0005
2024-11-23 12:26:45,266 DEBUG loaded <trimesh.Trimesh(vertices.shape=(916, 3), faces.shape=(856, 3))> using `load_obj` in 0.0030s
2024-11-23 12:26:45,412 DEBUG loaded <trimesh.Trimesh(vertices.shape=(48, 3), faces.shape=(28, 3))> using `load_obj` in 0.0007s
2024-11-23 12:26:55,467 INFO =====> alpha: 1.1
2024-11-23 12:26:55,467 INFO =====> Loss info: {'particle_has_naninf': False, 'height_map_loss': 21.84696388244629, 'emd_loss': 44.682533264160156, 'total_loss': 21.84696388244629}
2024-11-23 12:26:55,805 INFO ===> New TaichiEnv created.
2024-11-23 12:26:55,805 INFO ===> Specifications: horizon = 311, dt = 0.01, n_substeps = 20, dt_sub = 0.0005
2024-11-23 12:26:55,827 DEBUG loaded <trimesh.Trimesh(vertices.shape=(916, 3), faces.shape=(856, 3))> using `load_obj` in 0.0029s
2024-11-23 12:26:55,972 DEBUG loaded <trimesh.Trimesh(vertices.shape=(48, 3), faces.shape=(28, 3))> using `load_obj` in 0.0007s
2024-11-23 12:27:06,063 INFO =====> alpha: 1.5
2024-11-23 12:27:06,064 INFO =====> Loss info: {'particle_has_naninf': False, 'height_map_loss': 21.985797882080078, 'emd_loss': 44.19504928588867, 'total_loss': 21.985797882080078}
2024-11-23 12:27:06,064 INFO =====> Best alpha: 0.01, Best loss info: {'particle_has_naninf': False, 'height_map_loss': 21.67107582092285, 'emd_loss': 43.575828552246094, 'total_loss': 21.67107582092285}
2024-11-23 12:27:06,064 INFO =====> Param: E: [415233.78], nu: [0.1305768], rho: [1201.0583], sand_angle: [17.265547]
2024-11-23 12:27:06,064 INFO =====> Grad: [-2.1656292e-02 -2.3493061e+04 -6.9111180e+00 -4.1478638e+02]
2024-11-23 12:27:06,064 INFO =====> Num. aborted data so far: 0
2024-11-23 12:27:06,401 INFO ===> New TaichiEnv created.
2024-11-23 12:27:06,401 INFO ===> Specifications: horizon = 311, dt = 0.01, n_substeps = 20, dt_sub = 0.0005
2024-11-23 12:27:06,424 DEBUG loaded <trimesh.Trimesh(vertices.shape=(916, 3), faces.shape=(856, 3))> using `load_obj` in 0.0029s
2024-11-23 12:27:06,570 DEBUG loaded <trimesh.Trimesh(vertices.shape=(48, 3), faces.shape=(28, 3))> using `load_obj` in 0.0007s
2024-11-23 12:27:34,016 INFO =====> Epoch: 5
2024-11-23 12:27:34,016 INFO =====> Loss info: {'particle_has_naninf': False, 'height_map_loss': 21.666507720947266, 'emd_loss': 43.57554626464844, 'total_loss': 21.666507720947266}
2024-11-23 12:27:34,016 INFO =====> Performing line search for epoch 5......
2024-11-23 12:27:34,375 INFO ===> New TaichiEnv created.
2024-11-23 12:27:34,375 INFO ===> Specifications: horizon = 311, dt = 0.01, n_substeps = 20, dt_sub = 0.0005
2024-11-23 12:27:34,398 DEBUG loaded <trimesh.Trimesh(vertices.shape=(916, 3), faces.shape=(856, 3))> using `load_obj` in 0.0030s
2024-11-23 12:27:34,547 DEBUG loaded <trimesh.Trimesh(vertices.shape=(48, 3), faces.shape=(28, 3))> using `load_obj` in 0.0007s
2024-11-23 12:27:44,629 INFO =====> alpha: 0.01
2024-11-23 12:27:44,629 INFO =====> Loss info: {'particle_has_naninf': False, 'height_map_loss': 21.662960052490234, 'emd_loss': 43.57395553588867, 'total_loss': 21.662960052490234}
2024-11-23 12:27:45,044 INFO ===> New TaichiEnv created.
2024-11-23 12:27:45,044 INFO ===> Specifications: horizon = 311, dt = 0.01, n_substeps = 20, dt_sub = 0.0005
2024-11-23 12:27:45,068 DEBUG loaded <trimesh.Trimesh(vertices.shape=(916, 3), faces.shape=(856, 3))> using `load_obj` in 0.0031s
2024-11-23 12:27:45,214 DEBUG loaded <trimesh.Trimesh(vertices.shape=(48, 3), faces.shape=(28, 3))> using `load_obj` in 0.0007s
2024-11-23 12:27:55,217 INFO =====> alpha: 0.1
2024-11-23 12:27:55,218 INFO =====> Loss info: {'particle_has_naninf': False, 'height_map_loss': 21.676433563232422, 'emd_loss': 43.814598083496094, 'total_loss': 21.676433563232422}
2024-11-23 12:27:55,552 INFO ===> New TaichiEnv created.
2024-11-23 12:27:55,553 INFO ===> Specifications: horizon = 311, dt = 0.01, n_substeps = 20, dt_sub = 0.0005
2024-11-23 12:27:55,575 DEBUG loaded <trimesh.Trimesh(vertices.shape=(916, 3), faces.shape=(856, 3))> using `load_obj` in 0.0031s
2024-11-23 12:27:55,720 DEBUG loaded <trimesh.Trimesh(vertices.shape=(48, 3), faces.shape=(28, 3))> using `load_obj` in 0.0007s
2024-11-23 12:28:05,777 INFO =====> alpha: 0.5
2024-11-23 12:28:05,777 INFO =====> Loss info: {'particle_has_naninf': False, 'height_map_loss': 21.545303344726562, 'emd_loss': 44.945213317871094, 'total_loss': 21.545303344726562}
2024-11-23 12:28:06,110 INFO ===> New TaichiEnv created.
2024-11-23 12:28:06,111 INFO ===> Specifications: horizon = 311, dt = 0.01, n_substeps = 20, dt_sub = 0.0005
2024-11-23 12:28:06,133 DEBUG loaded <trimesh.Trimesh(vertices.shape=(916, 3), faces.shape=(856, 3))> using `load_obj` in 0.0029s
2024-11-23 12:28:06,276 DEBUG loaded <trimesh.Trimesh(vertices.shape=(48, 3), faces.shape=(28, 3))> using `load_obj` in 0.0007s
2024-11-23 12:28:16,402 INFO =====> alpha: 1.0
2024-11-23 12:28:16,402 INFO =====> Loss info: {'particle_has_naninf': False, 'height_map_loss': 21.65731430053711, 'emd_loss': 43.67182922363281, 'total_loss': 21.65731430053711}
2024-11-23 12:28:16,766 INFO ===> New TaichiEnv created.
2024-11-23 12:28:16,766 INFO ===> Specifications: horizon = 311, dt = 0.01, n_substeps = 20, dt_sub = 0.0005
2024-11-23 12:28:16,788 DEBUG loaded <trimesh.Trimesh(vertices.shape=(916, 3), faces.shape=(856, 3))> using `load_obj` in 0.0029s
2024-11-23 12:28:16,933 DEBUG loaded <trimesh.Trimesh(vertices.shape=(48, 3), faces.shape=(28, 3))> using `load_obj` in 0.0007s
2024-11-23 12:28:26,801 INFO =====> alpha: 1.01
2024-11-23 12:28:26,801 INFO =====> Loss info: {'particle_has_naninf': False, 'height_map_loss': 21.662704467773438, 'emd_loss': 43.8111572265625, 'total_loss': 21.662704467773438}
2024-11-23 12:28:27,132 INFO ===> New TaichiEnv created.
2024-11-23 12:28:27,133 INFO ===> Specifications: horizon = 311, dt = 0.01, n_substeps = 20, dt_sub = 0.0005
2024-11-23 12:28:27,155 DEBUG loaded <trimesh.Trimesh(vertices.shape=(916, 3), faces.shape=(856, 3))> using `load_obj` in 0.0028s
2024-11-23 12:28:27,300 DEBUG loaded <trimesh.Trimesh(vertices.shape=(48, 3), faces.shape=(28, 3))> using `load_obj` in 0.0007s
2024-11-23 12:28:37,310 INFO =====> alpha: 1.1
2024-11-23 12:28:37,310 INFO =====> Loss info: {'particle_has_naninf': False, 'height_map_loss': 21.731487274169922, 'emd_loss': 43.3328742980957, 'total_loss': 21.731487274169922}
2024-11-23 12:28:37,637 INFO ===> New TaichiEnv created.
2024-11-23 12:28:37,637 INFO ===> Specifications: horizon = 311, dt = 0.01, n_substeps = 20, dt_sub = 0.0005
2024-11-23 12:28:37,659 DEBUG loaded <trimesh.Trimesh(vertices.shape=(916, 3), faces.shape=(856, 3))> using `load_obj` in 0.0029s
2024-11-23 12:28:37,803 DEBUG loaded <trimesh.Trimesh(vertices.shape=(48, 3), faces.shape=(28, 3))> using `load_obj` in 0.0007s
2024-11-23 12:28:47,882 INFO =====> alpha: 1.5
2024-11-23 12:28:47,883 INFO =====> Loss info: {'particle_has_naninf': False, 'height_map_loss': 21.988000869750977, 'emd_loss': 44.02462387084961, 'total_loss': 21.988000869750977}
2024-11-23 12:28:47,883 INFO =====> Best alpha: 0.5, Best loss info: {'particle_has_naninf': False, 'height_map_loss': 21.545303344726562, 'emd_loss': 44.945213317871094, 'total_loss': 21.545303344726562}
2024-11-23 12:28:47,883 INFO =====> Param: E: [412091.], nu: [0.12767579], rho: [1200.], sand_angle: [16.082968]
2024-11-23 12:28:47,883 INFO =====> Grad: [3.3211263e-03 6.4321479e+03 5.0709923e+01 8.3513489e+02]
2024-11-23 12:28:47,883 INFO =====> Num. aborted data so far: 0
2024-11-23 12:28:48,217 INFO ===> New TaichiEnv created.
2024-11-23 12:28:48,217 INFO ===> Specifications: horizon = 311, dt = 0.01, n_substeps = 20, dt_sub = 0.0005
2024-11-23 12:28:48,240 DEBUG loaded <trimesh.Trimesh(vertices.shape=(916, 3), faces.shape=(856, 3))> using `load_obj` in 0.0029s
2024-11-23 12:28:48,386 DEBUG loaded <trimesh.Trimesh(vertices.shape=(48, 3), faces.shape=(28, 3))> using `load_obj` in 0.0007s
2024-11-23 12:29:15,739 INFO =====> Epoch: 6
2024-11-23 12:29:15,739 INFO =====> Loss info: {'particle_has_naninf': False, 'height_map_loss': 21.54377555847168, 'emd_loss': 44.7209358215332, 'total_loss': 21.54377555847168}
2024-11-23 12:29:15,739 INFO =====> Performing line search for epoch 6......
2024-11-23 12:29:16,094 INFO ===> New TaichiEnv created.
2024-11-23 12:29:16,094 INFO ===> Specifications: horizon = 311, dt = 0.01, n_substeps = 20, dt_sub = 0.0005
2024-11-23 12:29:16,117 DEBUG loaded <trimesh.Trimesh(vertices.shape=(916, 3), faces.shape=(856, 3))> using `load_obj` in 0.0030s
2024-11-23 12:29:16,263 DEBUG loaded <trimesh.Trimesh(vertices.shape=(48, 3), faces.shape=(28, 3))> using `load_obj` in 0.0007s
2024-11-23 12:29:26,091 INFO =====> alpha: 0.01
2024-11-23 12:29:26,091 INFO =====> Loss info: {'particle_has_naninf': False, 'height_map_loss': 21.546142578125, 'emd_loss': 44.78658676147461, 'total_loss': 21.546142578125}
2024-11-23 12:29:26,424 INFO ===> New TaichiEnv created.
2024-11-23 12:29:26,424 INFO ===> Specifications: horizon = 311, dt = 0.01, n_substeps = 20, dt_sub = 0.0005
2024-11-23 12:29:26,446 DEBUG loaded <trimesh.Trimesh(vertices.shape=(916, 3), faces.shape=(856, 3))> using `load_obj` in 0.0029s
2024-11-23 12:29:26,592 DEBUG loaded <trimesh.Trimesh(vertices.shape=(48, 3), faces.shape=(28, 3))> using `load_obj` in 0.0007s
2024-11-23 12:29:36,697 INFO =====> alpha: 0.1
2024-11-23 12:29:36,698 INFO =====> Loss info: {'particle_has_naninf': False, 'height_map_loss': 21.500324249267578, 'emd_loss': 44.751953125, 'total_loss': 21.500324249267578}
2024-11-23 12:29:37,029 INFO ===> New TaichiEnv created.
2024-11-23 12:29:37,029 INFO ===> Specifications: horizon = 311, dt = 0.01, n_substeps = 20, dt_sub = 0.0005
2024-11-23 12:29:37,052 DEBUG loaded <trimesh.Trimesh(vertices.shape=(916, 3), faces.shape=(856, 3))> using `load_obj` in 0.0029s
2024-11-23 12:29:37,197 DEBUG loaded <trimesh.Trimesh(vertices.shape=(48, 3), faces.shape=(28, 3))> using `load_obj` in 0.0007s
2024-11-23 12:29:47,434 INFO =====> alpha: 0.5
2024-11-23 12:29:47,434 INFO =====> Loss info: {'particle_has_naninf': False, 'height_map_loss': 21.620956420898438, 'emd_loss': 44.25082015991211, 'total_loss': 21.620956420898438}
2024-11-23 12:29:47,764 INFO ===> New TaichiEnv created.
2024-11-23 12:29:47,764 INFO ===> Specifications: horizon = 311, dt = 0.01, n_substeps = 20, dt_sub = 0.0005
2024-11-23 12:29:47,787 DEBUG loaded <trimesh.Trimesh(vertices.shape=(916, 3), faces.shape=(856, 3))> using `load_obj` in 0.0030s
2024-11-23 12:29:47,933 DEBUG loaded <trimesh.Trimesh(vertices.shape=(48, 3), faces.shape=(28, 3))> using `load_obj` in 0.0007s
2024-11-23 12:29:57,973 INFO =====> alpha: 1.0
2024-11-23 12:29:57,973 INFO =====> Loss info: {'particle_has_naninf': False, 'height_map_loss': 21.661100387573242, 'emd_loss': 43.57709503173828, 'total_loss': 21.661100387573242}
2024-11-23 12:29:58,305 INFO ===> New TaichiEnv created.
2024-11-23 12:29:58,305 INFO ===> Specifications: horizon = 311, dt = 0.01, n_substeps = 20, dt_sub = 0.0005
2024-11-23 12:29:58,328 DEBUG loaded <trimesh.Trimesh(vertices.shape=(916, 3), faces.shape=(856, 3))> using `load_obj` in 0.0030s
2024-11-23 12:29:58,476 DEBUG loaded <trimesh.Trimesh(vertices.shape=(48, 3), faces.shape=(28, 3))> using `load_obj` in 0.0007s
2024-11-23 12:30:08,572 INFO =====> alpha: 1.01
2024-11-23 12:30:08,572 INFO =====> Loss info: {'particle_has_naninf': False, 'height_map_loss': 21.669740676879883, 'emd_loss': 43.62224197387695, 'total_loss': 21.669740676879883}
2024-11-23 12:30:08,952 INFO ===> New TaichiEnv created.
2024-11-23 12:30:08,952 INFO ===> Specifications: horizon = 311, dt = 0.01, n_substeps = 20, dt_sub = 0.0005
2024-11-23 12:30:08,975 DEBUG loaded <trimesh.Trimesh(vertices.shape=(916, 3), faces.shape=(856, 3))> using `load_obj` in 0.0030s
2024-11-23 12:30:09,121 DEBUG loaded <trimesh.Trimesh(vertices.shape=(48, 3), faces.shape=(28, 3))> using `load_obj` in 0.0007s
2024-11-23 12:30:19,222 INFO =====> alpha: 1.1
2024-11-23 12:30:19,222 INFO =====> Loss info: {'particle_has_naninf': False, 'height_map_loss': 21.645904541015625, 'emd_loss': 43.48213195800781, 'total_loss': 21.645904541015625}
2024-11-23 12:30:19,559 INFO ===> New TaichiEnv created.
2024-11-23 12:30:19,560 INFO ===> Specifications: horizon = 311, dt = 0.01, n_substeps = 20, dt_sub = 0.0005
2024-11-23 12:30:19,582 DEBUG loaded <trimesh.Trimesh(vertices.shape=(916, 3), faces.shape=(856, 3))> using `load_obj` in 0.0028s
2024-11-23 12:30:19,729 DEBUG loaded <trimesh.Trimesh(vertices.shape=(48, 3), faces.shape=(28, 3))> using `load_obj` in 0.0007s
2024-11-23 12:30:29,515 INFO =====> alpha: 1.5
2024-11-23 12:30:29,515 INFO =====> Loss info: {'particle_has_naninf': False, 'height_map_loss': 21.72296714782715, 'emd_loss': 43.640743255615234, 'total_loss': 21.72296714782715}
2024-11-23 12:30:29,516 INFO =====> Best alpha: 0.1, Best loss info: {'particle_has_naninf': False, 'height_map_loss': 21.500324249267578, 'emd_loss': 44.751953125, 'total_loss': 21.500324249267578}
2024-11-23 12:30:29,516 INFO =====> Param: E: [415005.06], nu: [0.12927274], rho: [1209.9448], sand_angle: [16.186708]
2024-11-23 12:30:29,516 INFO =====> Grad: [-1.6458081e-02 -1.9459049e+04 -5.5968372e+01 -3.6786942e+02]
2024-11-23 12:30:29,516 INFO =====> Num. aborted data so far: 0
2024-11-23 12:30:29,863 INFO ===> New TaichiEnv created.
2024-11-23 12:30:29,863 INFO ===> Specifications: horizon = 311, dt = 0.01, n_substeps = 20, dt_sub = 0.0005
2024-11-23 12:30:29,886 DEBUG loaded <trimesh.Trimesh(vertices.shape=(916, 3), faces.shape=(856, 3))> using `load_obj` in 0.0029s
2024-11-23 12:30:30,033 DEBUG loaded <trimesh.Trimesh(vertices.shape=(48, 3), faces.shape=(28, 3))> using `load_obj` in 0.0007s
2024-11-23 12:30:57,802 INFO =====> Epoch: 7
2024-11-23 12:30:57,802 INFO =====> Loss info: {'particle_has_naninf': False, 'height_map_loss': 21.500694274902344, 'emd_loss': 44.75548553466797, 'total_loss': 21.500694274902344}
2024-11-23 12:30:57,802 INFO =====> Performing line search for epoch 7......
2024-11-23 12:30:58,157 INFO ===> New TaichiEnv created.
2024-11-23 12:30:58,158 INFO ===> Specifications: horizon = 311, dt = 0.01, n_substeps = 20, dt_sub = 0.0005
2024-11-23 12:30:58,180 DEBUG loaded <trimesh.Trimesh(vertices.shape=(916, 3), faces.shape=(856, 3))> using `load_obj` in 0.0029s
2024-11-23 12:30:58,327 DEBUG loaded <trimesh.Trimesh(vertices.shape=(48, 3), faces.shape=(28, 3))> using `load_obj` in 0.0007s
2024-11-23 12:31:08,408 INFO =====> alpha: 0.01
2024-11-23 12:31:08,408 INFO =====> Loss info: {'particle_has_naninf': False, 'height_map_loss': 21.498247146606445, 'emd_loss': 44.521697998046875, 'total_loss': 21.498247146606445}
2024-11-23 12:31:08,748 INFO ===> New TaichiEnv created.
2024-11-23 12:31:08,748 INFO ===> Specifications: horizon = 311, dt = 0.01, n_substeps = 20, dt_sub = 0.0005
2024-11-23 12:31:08,770 DEBUG loaded <trimesh.Trimesh(vertices.shape=(916, 3), faces.shape=(856, 3))> using `load_obj` in 0.0029s
2024-11-23 12:31:08,915 DEBUG loaded <trimesh.Trimesh(vertices.shape=(48, 3), faces.shape=(28, 3))> using `load_obj` in 0.0007s
2024-11-23 12:31:18,999 INFO =====> alpha: 0.1
2024-11-23 12:31:18,999 INFO =====> Loss info: {'particle_has_naninf': False, 'height_map_loss': 21.53546142578125, 'emd_loss': 44.02168273925781, 'total_loss': 21.53546142578125}
2024-11-23 12:31:19,332 INFO ===> New TaichiEnv created.
2024-11-23 12:31:19,332 INFO ===> Specifications: horizon = 311, dt = 0.01, n_substeps = 20, dt_sub = 0.0005
2024-11-23 12:31:19,355 DEBUG loaded <trimesh.Trimesh(vertices.shape=(916, 3), faces.shape=(856, 3))> using `load_obj` in 0.0029s
2024-11-23 12:31:19,500 DEBUG loaded <trimesh.Trimesh(vertices.shape=(48, 3), faces.shape=(28, 3))> using `load_obj` in 0.0007s
2024-11-23 12:31:29,385 INFO =====> alpha: 0.5
2024-11-23 12:31:29,385 INFO =====> Loss info: {'particle_has_naninf': False, 'height_map_loss': 21.619976043701172, 'emd_loss': 44.41952133178711, 'total_loss': 21.619976043701172}
2024-11-23 12:31:29,719 INFO ===> New TaichiEnv created.
2024-11-23 12:31:29,719 INFO ===> Specifications: horizon = 311, dt = 0.01, n_substeps = 20, dt_sub = 0.0005
2024-11-23 12:31:29,742 DEBUG loaded <trimesh.Trimesh(vertices.shape=(916, 3), faces.shape=(856, 3))> using `load_obj` in 0.0030s
2024-11-23 12:31:29,886 DEBUG loaded <trimesh.Trimesh(vertices.shape=(48, 3), faces.shape=(28, 3))> using `load_obj` in 0.0007s
2024-11-23 12:31:39,959 INFO =====> alpha: 1.0
2024-11-23 12:31:39,959 INFO =====> Loss info: {'particle_has_naninf': False, 'height_map_loss': 21.668800354003906, 'emd_loss': 43.7840576171875, 'total_loss': 21.668800354003906}
2024-11-23 12:31:40,291 INFO ===> New TaichiEnv created.
2024-11-23 12:31:40,292 INFO ===> Specifications: horizon = 311, dt = 0.01, n_substeps = 20, dt_sub = 0.0005
2024-11-23 12:31:40,315 DEBUG loaded <trimesh.Trimesh(vertices.shape=(916, 3), faces.shape=(856, 3))> using `load_obj` in 0.0029s
2024-11-23 12:31:40,459 DEBUG loaded <trimesh.Trimesh(vertices.shape=(48, 3), faces.shape=(28, 3))> using `load_obj` in 0.0007s
2024-11-23 12:31:50,587 INFO =====> alpha: 1.01
2024-11-23 12:31:50,587 INFO =====> Loss info: {'particle_has_naninf': False, 'height_map_loss': 21.670686721801758, 'emd_loss': 43.78740310668945, 'total_loss': 21.670686721801758}
2024-11-23 12:31:50,925 INFO ===> New TaichiEnv created.
2024-11-23 12:31:50,925 INFO ===> Specifications: horizon = 311, dt = 0.01, n_substeps = 20, dt_sub = 0.0005
2024-11-23 12:31:50,947 DEBUG loaded <trimesh.Trimesh(vertices.shape=(916, 3), faces.shape=(856, 3))> using `load_obj` in 0.0029s
2024-11-23 12:31:51,094 DEBUG loaded <trimesh.Trimesh(vertices.shape=(48, 3), faces.shape=(28, 3))> using `load_obj` in 0.0007s
2024-11-23 12:32:01,221 INFO =====> alpha: 1.1
2024-11-23 12:32:01,221 INFO =====> Loss info: {'particle_has_naninf': False, 'height_map_loss': 21.676250457763672, 'emd_loss': 43.632415771484375, 'total_loss': 21.676250457763672}
2024-11-23 12:32:01,553 INFO ===> New TaichiEnv created.
2024-11-23 12:32:01,553 INFO ===> Specifications: horizon = 311, dt = 0.01, n_substeps = 20, dt_sub = 0.0005
2024-11-23 12:32:01,575 DEBUG loaded <trimesh.Trimesh(vertices.shape=(916, 3), faces.shape=(856, 3))> using `load_obj` in 0.0030s
2024-11-23 12:32:01,721 DEBUG loaded <trimesh.Trimesh(vertices.shape=(48, 3), faces.shape=(28, 3))> using `load_obj` in 0.0008s
2024-11-23 12:32:11,818 INFO =====> alpha: 1.5
2024-11-23 12:32:11,818 INFO =====> Loss info: {'particle_has_naninf': False, 'height_map_loss': 21.682729721069336, 'emd_loss': 43.56560516357422, 'total_loss': 21.682729721069336}
2024-11-23 12:32:11,819 INFO =====> Best alpha: 0.01, Best loss info: {'particle_has_naninf': False, 'height_map_loss': 21.498247146606445, 'emd_loss': 44.521697998046875, 'total_loss': 21.498247146606445}
2024-11-23 12:32:11,819 INFO =====> Param: E: [415049.8], nu: [0.12925246], rho: [1209.5984], sand_angle: [16.194868]
2024-11-23 12:32:11,819 INFO =====> Grad: [-2.4041242e-03  2.3495491e+03  1.8959265e+01 -2.8412854e+02]
2024-11-23 12:32:11,819 INFO =====> Num. aborted data so far: 0
2024-11-23 12:32:12,222 INFO ===> New TaichiEnv created.
2024-11-23 12:32:12,222 INFO ===> Specifications: horizon = 311, dt = 0.01, n_substeps = 20, dt_sub = 0.0005
2024-11-23 12:32:12,245 DEBUG loaded <trimesh.Trimesh(vertices.shape=(916, 3), faces.shape=(856, 3))> using `load_obj` in 0.0029s
2024-11-23 12:32:12,391 DEBUG loaded <trimesh.Trimesh(vertices.shape=(48, 3), faces.shape=(28, 3))> using `load_obj` in 0.0007s
2024-11-23 12:32:39,390 INFO =====> Epoch: 8
2024-11-23 12:32:39,390 INFO =====> Loss info: {'particle_has_naninf': False, 'height_map_loss': 21.4959659576416, 'emd_loss': 44.75836181640625, 'total_loss': 21.4959659576416}
2024-11-23 12:32:39,390 INFO =====> Performing line search for epoch 8......
2024-11-23 12:32:39,747 INFO ===> New TaichiEnv created.
2024-11-23 12:32:39,748 INFO ===> Specifications: horizon = 311, dt = 0.01, n_substeps = 20, dt_sub = 0.0005
2024-11-23 12:32:39,770 DEBUG loaded <trimesh.Trimesh(vertices.shape=(916, 3), faces.shape=(856, 3))> using `load_obj` in 0.0029s
2024-11-23 12:32:39,920 DEBUG loaded <trimesh.Trimesh(vertices.shape=(48, 3), faces.shape=(28, 3))> using `load_obj` in 0.0007s
2024-11-23 12:32:49,979 INFO =====> alpha: 0.01
2024-11-23 12:32:49,979 INFO =====> Loss info: {'particle_has_naninf': False, 'height_map_loss': 21.49599266052246, 'emd_loss': 44.38655090332031, 'total_loss': 21.49599266052246}
2024-11-23 12:32:50,314 INFO ===> New TaichiEnv created.
2024-11-23 12:32:50,315 INFO ===> Specifications: horizon = 311, dt = 0.01, n_substeps = 20, dt_sub = 0.0005
2024-11-23 12:32:50,337 DEBUG loaded <trimesh.Trimesh(vertices.shape=(916, 3), faces.shape=(856, 3))> using `load_obj` in 0.0029s
2024-11-23 12:32:50,483 DEBUG loaded <trimesh.Trimesh(vertices.shape=(48, 3), faces.shape=(28, 3))> using `load_obj` in 0.0007s
2024-11-23 12:33:00,640 INFO =====> alpha: 0.1
2024-11-23 12:33:00,640 INFO =====> Loss info: {'particle_has_naninf': False, 'height_map_loss': 21.60397720336914, 'emd_loss': 44.16060256958008, 'total_loss': 21.60397720336914}
2024-11-23 12:33:00,978 INFO ===> New TaichiEnv created.
2024-11-23 12:33:00,978 INFO ===> Specifications: horizon = 311, dt = 0.01, n_substeps = 20, dt_sub = 0.0005
2024-11-23 12:33:01,000 DEBUG loaded <trimesh.Trimesh(vertices.shape=(916, 3), faces.shape=(856, 3))> using `load_obj` in 0.0030s
2024-11-23 12:33:01,146 DEBUG loaded <trimesh.Trimesh(vertices.shape=(48, 3), faces.shape=(28, 3))> using `load_obj` in 0.0007s
2024-11-23 12:33:11,225 INFO =====> alpha: 0.5
2024-11-23 12:33:11,225 INFO =====> Loss info: {'particle_has_naninf': False, 'height_map_loss': 21.697111129760742, 'emd_loss': 44.14638900756836, 'total_loss': 21.697111129760742}
2024-11-23 12:33:11,560 INFO ===> New TaichiEnv created.
2024-11-23 12:33:11,561 INFO ===> Specifications: horizon = 311, dt = 0.01, n_substeps = 20, dt_sub = 0.0005
2024-11-23 12:33:11,583 DEBUG loaded <trimesh.Trimesh(vertices.shape=(916, 3), faces.shape=(856, 3))> using `load_obj` in 0.0030s
2024-11-23 12:33:11,729 DEBUG loaded <trimesh.Trimesh(vertices.shape=(48, 3), faces.shape=(28, 3))> using `load_obj` in 0.0007s
2024-11-23 12:33:21,764 INFO =====> alpha: 1.0
2024-11-23 12:33:21,764 INFO =====> Loss info: {'particle_has_naninf': False, 'height_map_loss': 21.907686233520508, 'emd_loss': 44.13670349121094, 'total_loss': 21.907686233520508}
2024-11-23 12:33:22,099 INFO ===> New TaichiEnv created.
2024-11-23 12:33:22,099 INFO ===> Specifications: horizon = 311, dt = 0.01, n_substeps = 20, dt_sub = 0.0005
2024-11-23 12:33:22,122 DEBUG loaded <trimesh.Trimesh(vertices.shape=(916, 3), faces.shape=(856, 3))> using `load_obj` in 0.0029s
2024-11-23 12:33:22,268 DEBUG loaded <trimesh.Trimesh(vertices.shape=(48, 3), faces.shape=(28, 3))> using `load_obj` in 0.0007s
2024-11-23 12:33:32,101 INFO =====> alpha: 1.01
2024-11-23 12:33:32,101 INFO =====> Loss info: {'particle_has_naninf': False, 'height_map_loss': 21.908777236938477, 'emd_loss': 44.12290954589844, 'total_loss': 21.908777236938477}
2024-11-23 12:33:32,437 INFO ===> New TaichiEnv created.
2024-11-23 12:33:32,437 INFO ===> Specifications: horizon = 311, dt = 0.01, n_substeps = 20, dt_sub = 0.0005
2024-11-23 12:33:32,459 DEBUG loaded <trimesh.Trimesh(vertices.shape=(916, 3), faces.shape=(856, 3))> using `load_obj` in 0.0028s
2024-11-23 12:33:32,604 DEBUG loaded <trimesh.Trimesh(vertices.shape=(48, 3), faces.shape=(28, 3))> using `load_obj` in 0.0007s
2024-11-23 12:33:42,738 INFO =====> alpha: 1.1
2024-11-23 12:33:42,738 INFO =====> Loss info: {'particle_has_naninf': False, 'height_map_loss': 21.938426971435547, 'emd_loss': 44.17409133911133, 'total_loss': 21.938426971435547}
2024-11-23 12:33:43,071 INFO ===> New TaichiEnv created.
2024-11-23 12:33:43,071 INFO ===> Specifications: horizon = 311, dt = 0.01, n_substeps = 20, dt_sub = 0.0005
2024-11-23 12:33:43,094 DEBUG loaded <trimesh.Trimesh(vertices.shape=(916, 3), faces.shape=(856, 3))> using `load_obj` in 0.0029s
2024-11-23 12:33:43,239 DEBUG loaded <trimesh.Trimesh(vertices.shape=(48, 3), faces.shape=(28, 3))> using `load_obj` in 0.0007s
2024-11-23 12:33:53,414 INFO =====> alpha: 1.5
2024-11-23 12:33:53,414 INFO =====> Loss info: {'particle_has_naninf': False, 'height_map_loss': 22.03223419189453, 'emd_loss': 45.311492919921875, 'total_loss': 22.03223419189453}
2024-11-23 12:33:53,415 INFO =====> Best alpha: 0.01, Best loss info: {'particle_has_naninf': False, 'height_map_loss': 21.49599266052246, 'emd_loss': 44.38655090332031, 'total_loss': 21.49599266052246}
2024-11-23 12:33:53,415 INFO =====> Param: E: [414933.12], nu: [0.12922853], rho: [1210.5492], sand_angle: [16.2139]
2024-11-23 12:33:53,415 INFO =====> Grad: [ 6.0501280e-03  2.6375757e+03 -6.1775238e+01 -7.8722217e+02]
2024-11-23 12:33:53,415 INFO =====> Num. aborted data so far: 0
2024-11-23 12:33:53,765 INFO ===> New TaichiEnv created.
2024-11-23 12:33:53,766 INFO ===> Specifications: horizon = 311, dt = 0.01, n_substeps = 20, dt_sub = 0.0005
2024-11-23 12:33:53,788 DEBUG loaded <trimesh.Trimesh(vertices.shape=(916, 3), faces.shape=(856, 3))> using `load_obj` in 0.0029s
2024-11-23 12:33:53,933 DEBUG loaded <trimesh.Trimesh(vertices.shape=(48, 3), faces.shape=(28, 3))> using `load_obj` in 0.0007s
2024-11-23 12:34:21,244 INFO =====> Epoch: 9
2024-11-23 12:34:21,244 INFO =====> Loss info: {'particle_has_naninf': False, 'height_map_loss': 21.494182586669922, 'emd_loss': 44.39149856567383, 'total_loss': 21.494182586669922}
2024-11-23 12:34:21,245 INFO =====> Performing line search for epoch 9......
2024-11-23 12:34:21,600 INFO ===> New TaichiEnv created.
2024-11-23 12:34:21,600 INFO ===> Specifications: horizon = 311, dt = 0.01, n_substeps = 20, dt_sub = 0.0005
2024-11-23 12:34:21,622 DEBUG loaded <trimesh.Trimesh(vertices.shape=(916, 3), faces.shape=(856, 3))> using `load_obj` in 0.0029s
2024-11-23 12:34:21,776 DEBUG loaded <trimesh.Trimesh(vertices.shape=(48, 3), faces.shape=(28, 3))> using `load_obj` in 0.0007s
2024-11-23 12:34:31,526 INFO =====> alpha: 0.01
2024-11-23 12:34:31,527 INFO =====> Loss info: {'particle_has_naninf': False, 'height_map_loss': 21.490694046020508, 'emd_loss': 44.37657165527344, 'total_loss': 21.490694046020508}
2024-11-23 12:34:31,866 INFO ===> New TaichiEnv created.
2024-11-23 12:34:31,866 INFO ===> Specifications: horizon = 311, dt = 0.01, n_substeps = 20, dt_sub = 0.0005
2024-11-23 12:34:31,888 DEBUG loaded <trimesh.Trimesh(vertices.shape=(916, 3), faces.shape=(856, 3))> using `load_obj` in 0.0028s
2024-11-23 12:34:32,033 DEBUG loaded <trimesh.Trimesh(vertices.shape=(48, 3), faces.shape=(28, 3))> using `load_obj` in 0.0007s
2024-11-23 12:34:42,127 INFO =====> alpha: 0.1
2024-11-23 12:34:42,127 INFO =====> Loss info: {'particle_has_naninf': False, 'height_map_loss': 21.56294059753418, 'emd_loss': 43.91986846923828, 'total_loss': 21.56294059753418}
2024-11-23 12:34:42,458 INFO ===> New TaichiEnv created.
2024-11-23 12:34:42,458 INFO ===> Specifications: horizon = 311, dt = 0.01, n_substeps = 20, dt_sub = 0.0005
2024-11-23 12:34:42,481 DEBUG loaded <trimesh.Trimesh(vertices.shape=(916, 3), faces.shape=(856, 3))> using `load_obj` in 0.0029s
2024-11-23 12:34:42,625 DEBUG loaded <trimesh.Trimesh(vertices.shape=(48, 3), faces.shape=(28, 3))> using `load_obj` in 0.0007s
2024-11-23 12:34:52,745 INFO =====> alpha: 0.5
2024-11-23 12:34:52,745 INFO =====> Loss info: {'particle_has_naninf': False, 'height_map_loss': 21.61188316345215, 'emd_loss': 43.93053436279297, 'total_loss': 21.61188316345215}
2024-11-23 12:34:53,078 INFO ===> New TaichiEnv created.
2024-11-23 12:34:53,078 INFO ===> Specifications: horizon = 311, dt = 0.01, n_substeps = 20, dt_sub = 0.0005
2024-11-23 12:34:53,100 DEBUG loaded <trimesh.Trimesh(vertices.shape=(916, 3), faces.shape=(856, 3))> using `load_obj` in 0.0029s
2024-11-23 12:34:53,245 DEBUG loaded <trimesh.Trimesh(vertices.shape=(48, 3), faces.shape=(28, 3))> using `load_obj` in 0.0007s
2024-11-23 12:35:03,349 INFO =====> alpha: 1.0
2024-11-23 12:35:03,349 INFO =====> Loss info: {'particle_has_naninf': False, 'height_map_loss': 21.669960021972656, 'emd_loss': 43.66025161743164, 'total_loss': 21.669960021972656}
2024-11-23 12:35:03,682 INFO ===> New TaichiEnv created.
2024-11-23 12:35:03,682 INFO ===> Specifications: horizon = 311, dt = 0.01, n_substeps = 20, dt_sub = 0.0005
2024-11-23 12:35:03,704 DEBUG loaded <trimesh.Trimesh(vertices.shape=(916, 3), faces.shape=(856, 3))> using `load_obj` in 0.0029s
2024-11-23 12:35:03,848 DEBUG loaded <trimesh.Trimesh(vertices.shape=(48, 3), faces.shape=(28, 3))> using `load_obj` in 0.0007s
2024-11-23 12:35:13,983 INFO =====> alpha: 1.01
2024-11-23 12:35:13,983 INFO =====> Loss info: {'particle_has_naninf': False, 'height_map_loss': 21.67823028564453, 'emd_loss': 43.34654235839844, 'total_loss': 21.67823028564453}
2024-11-23 12:35:14,318 INFO ===> New TaichiEnv created.
2024-11-23 12:35:14,318 INFO ===> Specifications: horizon = 311, dt = 0.01, n_substeps = 20, dt_sub = 0.0005
2024-11-23 12:35:14,340 DEBUG loaded <trimesh.Trimesh(vertices.shape=(916, 3), faces.shape=(856, 3))> using `load_obj` in 0.0029s
2024-11-23 12:35:14,487 DEBUG loaded <trimesh.Trimesh(vertices.shape=(48, 3), faces.shape=(28, 3))> using `load_obj` in 0.0007s
2024-11-23 12:35:24,312 INFO =====> alpha: 1.1
2024-11-23 12:35:24,312 INFO =====> Loss info: {'particle_has_naninf': False, 'height_map_loss': 21.728063583374023, 'emd_loss': 43.530147552490234, 'total_loss': 21.728063583374023}
2024-11-23 12:35:24,642 INFO ===> New TaichiEnv created.
2024-11-23 12:35:24,642 INFO ===> Specifications: horizon = 311, dt = 0.01, n_substeps = 20, dt_sub = 0.0005
2024-11-23 12:35:24,665 DEBUG loaded <trimesh.Trimesh(vertices.shape=(916, 3), faces.shape=(856, 3))> using `load_obj` in 0.0028s
2024-11-23 12:35:24,811 DEBUG loaded <trimesh.Trimesh(vertices.shape=(48, 3), faces.shape=(28, 3))> using `load_obj` in 0.0007s
2024-11-23 12:35:34,950 INFO =====> alpha: 1.5
2024-11-23 12:35:34,950 INFO =====> Loss info: {'particle_has_naninf': False, 'height_map_loss': 21.805208206176758, 'emd_loss': 44.05587387084961, 'total_loss': 21.805208206176758}
2024-11-23 12:35:34,950 INFO =====> Best alpha: 0.01, Best loss info: {'particle_has_naninf': False, 'height_map_loss': 21.490694046020508, 'emd_loss': 44.37657165527344, 'total_loss': 21.490694046020508}
2024-11-23 12:35:34,951 INFO =====> Param: E: [414977.9], nu: [0.12929471], rho: [1210.3746], sand_angle: [16.227037]
2024-11-23 12:35:34,951 INFO =====> Grad: [-2.2076748e-03 -7.0757437e+03  1.0827320e+01 -5.6676520e+02]
2024-11-23 12:35:34,951 INFO =====> Num. aborted data so far: 0
2024-11-23 12:35:35,287 INFO ===> New TaichiEnv created.
2024-11-23 12:35:35,287 INFO ===> Specifications: horizon = 311, dt = 0.01, n_substeps = 20, dt_sub = 0.0005
2024-11-23 12:35:35,310 DEBUG loaded <trimesh.Trimesh(vertices.shape=(916, 3), faces.shape=(856, 3))> using `load_obj` in 0.0030s
2024-11-23 12:35:35,457 DEBUG loaded <trimesh.Trimesh(vertices.shape=(48, 3), faces.shape=(28, 3))> using `load_obj` in 0.0007s
2024-11-23 12:36:03,107 INFO =====> Epoch: 10
2024-11-23 12:36:03,107 INFO =====> Loss info: {'particle_has_naninf': False, 'height_map_loss': 21.491296768188477, 'emd_loss': 44.37660598754883, 'total_loss': 21.491296768188477}
2024-11-23 12:36:03,107 INFO =====> Performing line search for epoch 10......
2024-11-23 12:36:03,472 INFO ===> New TaichiEnv created.
2024-11-23 12:36:03,472 INFO ===> Specifications: horizon = 311, dt = 0.01, n_substeps = 20, dt_sub = 0.0005
2024-11-23 12:36:03,494 DEBUG loaded <trimesh.Trimesh(vertices.shape=(916, 3), faces.shape=(856, 3))> using `load_obj` in 0.0029s
2024-11-23 12:36:03,640 DEBUG loaded <trimesh.Trimesh(vertices.shape=(48, 3), faces.shape=(28, 3))> using `load_obj` in 0.0007s
2024-11-23 12:36:13,768 INFO =====> alpha: 0.01
2024-11-23 12:36:13,768 INFO =====> Loss info: {'particle_has_naninf': False, 'height_map_loss': 21.491315841674805, 'emd_loss': 44.37092971801758, 'total_loss': 21.491315841674805}
2024-11-23 12:36:14,103 INFO ===> New TaichiEnv created.
2024-11-23 12:36:14,104 INFO ===> Specifications: horizon = 311, dt = 0.01, n_substeps = 20, dt_sub = 0.0005
2024-11-23 12:36:14,126 DEBUG loaded <trimesh.Trimesh(vertices.shape=(916, 3), faces.shape=(856, 3))> using `load_obj` in 0.0029s
2024-11-23 12:36:14,272 DEBUG loaded <trimesh.Trimesh(vertices.shape=(48, 3), faces.shape=(28, 3))> using `load_obj` in 0.0007s
2024-11-23 12:36:24,062 INFO =====> alpha: 0.1
2024-11-23 12:36:24,062 INFO =====> Loss info: {'particle_has_naninf': False, 'height_map_loss': 21.49215316772461, 'emd_loss': 44.57907485961914, 'total_loss': 21.49215316772461}
2024-11-23 12:36:24,405 INFO ===> New TaichiEnv created.
2024-11-23 12:36:24,405 INFO ===> Specifications: horizon = 311, dt = 0.01, n_substeps = 20, dt_sub = 0.0005
2024-11-23 12:36:24,428 DEBUG loaded <trimesh.Trimesh(vertices.shape=(916, 3), faces.shape=(856, 3))> using `load_obj` in 0.0030s
2024-11-23 12:36:24,573 DEBUG loaded <trimesh.Trimesh(vertices.shape=(48, 3), faces.shape=(28, 3))> using `load_obj` in 0.0007s
2024-11-23 12:36:34,689 INFO =====> alpha: 0.5
2024-11-23 12:36:34,689 INFO =====> Loss info: {'particle_has_naninf': False, 'height_map_loss': 21.487953186035156, 'emd_loss': 44.327754974365234, 'total_loss': 21.487953186035156}
2024-11-23 12:36:35,025 INFO ===> New TaichiEnv created.
2024-11-23 12:36:35,025 INFO ===> Specifications: horizon = 311, dt = 0.01, n_substeps = 20, dt_sub = 0.0005
2024-11-23 12:36:35,048 DEBUG loaded <trimesh.Trimesh(vertices.shape=(916, 3), faces.shape=(856, 3))> using `load_obj` in 0.0029s
2024-11-23 12:36:35,194 DEBUG loaded <trimesh.Trimesh(vertices.shape=(48, 3), faces.shape=(28, 3))> using `load_obj` in 0.0007s
2024-11-23 12:36:45,445 INFO =====> alpha: 1.0
2024-11-23 12:36:45,446 INFO =====> Loss info: {'particle_has_naninf': False, 'height_map_loss': 21.505155563354492, 'emd_loss': 44.186927795410156, 'total_loss': 21.505155563354492}
2024-11-23 12:36:45,780 INFO ===> New TaichiEnv created.
2024-11-23 12:36:45,780 INFO ===> Specifications: horizon = 311, dt = 0.01, n_substeps = 20, dt_sub = 0.0005
2024-11-23 12:36:45,802 DEBUG loaded <trimesh.Trimesh(vertices.shape=(916, 3), faces.shape=(856, 3))> using `load_obj` in 0.0029s
2024-11-23 12:36:45,948 DEBUG loaded <trimesh.Trimesh(vertices.shape=(48, 3), faces.shape=(28, 3))> using `load_obj` in 0.0007s
2024-11-23 12:36:56,052 INFO =====> alpha: 1.01
2024-11-23 12:36:56,052 INFO =====> Loss info: {'particle_has_naninf': False, 'height_map_loss': 21.502721786499023, 'emd_loss': 44.190589904785156, 'total_loss': 21.502721786499023}
2024-11-23 12:36:56,384 INFO ===> New TaichiEnv created.
2024-11-23 12:36:56,384 INFO ===> Specifications: horizon = 311, dt = 0.01, n_substeps = 20, dt_sub = 0.0005
2024-11-23 12:36:56,406 DEBUG loaded <trimesh.Trimesh(vertices.shape=(916, 3), faces.shape=(856, 3))> using `load_obj` in 0.0029s
2024-11-23 12:36:56,553 DEBUG loaded <trimesh.Trimesh(vertices.shape=(48, 3), faces.shape=(28, 3))> using `load_obj` in 0.0007s
2024-11-23 12:37:06,785 INFO =====> alpha: 1.1
2024-11-23 12:37:06,785 INFO =====> Loss info: {'particle_has_naninf': False, 'height_map_loss': 21.499649047851562, 'emd_loss': 44.22824478149414, 'total_loss': 21.499649047851562}
2024-11-23 12:37:07,119 INFO ===> New TaichiEnv created.
2024-11-23 12:37:07,119 INFO ===> Specifications: horizon = 311, dt = 0.01, n_substeps = 20, dt_sub = 0.0005
2024-11-23 12:37:07,142 DEBUG loaded <trimesh.Trimesh(vertices.shape=(916, 3), faces.shape=(856, 3))> using `load_obj` in 0.0029s
2024-11-23 12:37:07,287 DEBUG loaded <trimesh.Trimesh(vertices.shape=(48, 3), faces.shape=(28, 3))> using `load_obj` in 0.0007s
2024-11-23 12:37:17,014 INFO =====> alpha: 1.5
2024-11-23 12:37:17,014 INFO =====> Loss info: {'particle_has_naninf': False, 'height_map_loss': 21.499692916870117, 'emd_loss': 43.9897346496582, 'total_loss': 21.499692916870117}
2024-11-23 12:37:17,015 INFO =====> Best alpha: 0.5, Best loss info: {'particle_has_naninf': False, 'height_map_loss': 21.487953186035156, 'emd_loss': 44.327754974365234, 'total_loss': 21.487953186035156}
2024-11-23 12:37:17,015 INFO =====> Param: E: [429012.1], nu: [0.13688278], rho: [1222.9327], sand_angle: [16.162172]
2024-11-23 12:37:17,015 INFO =====> Grad: [-1.4652635e-02 -1.7546266e+04 -1.4967107e+01  5.3138000e+01]
2024-11-23 12:37:17,015 INFO =====> Num. aborted data so far: 0
2024-11-23 12:37:17,350 INFO ===> New TaichiEnv created.
2024-11-23 12:37:17,351 INFO ===> Specifications: horizon = 311, dt = 0.01, n_substeps = 20, dt_sub = 0.0005
2024-11-23 12:37:17,373 DEBUG loaded <trimesh.Trimesh(vertices.shape=(916, 3), faces.shape=(856, 3))> using `load_obj` in 0.0028s
2024-11-23 12:37:17,528 DEBUG loaded <trimesh.Trimesh(vertices.shape=(48, 3), faces.shape=(28, 3))> using `load_obj` in 0.0007s
2024-11-23 12:37:45,235 INFO =====> Epoch: 11
2024-11-23 12:37:45,236 INFO =====> Loss info: {'particle_has_naninf': False, 'height_map_loss': 21.48227882385254, 'emd_loss': 44.481143951416016, 'total_loss': 21.48227882385254}
2024-11-23 12:37:45,236 INFO =====> Performing line search for epoch 11......
2024-11-23 12:37:45,670 INFO ===> New TaichiEnv created.
2024-11-23 12:37:45,670 INFO ===> Specifications: horizon = 311, dt = 0.01, n_substeps = 20, dt_sub = 0.0005
2024-11-23 12:37:45,693 DEBUG loaded <trimesh.Trimesh(vertices.shape=(916, 3), faces.shape=(856, 3))> using `load_obj` in 0.0030s
2024-11-23 12:37:45,838 DEBUG loaded <trimesh.Trimesh(vertices.shape=(48, 3), faces.shape=(28, 3))> using `load_obj` in 0.0007s
2024-11-23 12:37:56,022 INFO =====> alpha: 0.01
2024-11-23 12:37:56,023 INFO =====> Loss info: {'particle_has_naninf': False, 'height_map_loss': 21.4940128326416, 'emd_loss': 44.48413848876953, 'total_loss': 21.4940128326416}
2024-11-23 12:37:56,354 INFO ===> New TaichiEnv created.
2024-11-23 12:37:56,354 INFO ===> Specifications: horizon = 311, dt = 0.01, n_substeps = 20, dt_sub = 0.0005
2024-11-23 12:37:56,376 DEBUG loaded <trimesh.Trimesh(vertices.shape=(916, 3), faces.shape=(856, 3))> using `load_obj` in 0.0029s
2024-11-23 12:37:56,527 DEBUG loaded <trimesh.Trimesh(vertices.shape=(48, 3), faces.shape=(28, 3))> using `load_obj` in 0.0007s
2024-11-23 12:38:06,619 INFO =====> alpha: 0.1
2024-11-23 12:38:06,620 INFO =====> Loss info: {'particle_has_naninf': False, 'height_map_loss': 21.512699127197266, 'emd_loss': 44.61833190917969, 'total_loss': 21.512699127197266}
2024-11-23 12:38:06,960 INFO ===> New TaichiEnv created.
2024-11-23 12:38:06,961 INFO ===> Specifications: horizon = 311, dt = 0.01, n_substeps = 20, dt_sub = 0.0005
2024-11-23 12:38:06,983 DEBUG loaded <trimesh.Trimesh(vertices.shape=(916, 3), faces.shape=(856, 3))> using `load_obj` in 0.0030s
2024-11-23 12:38:07,129 DEBUG loaded <trimesh.Trimesh(vertices.shape=(48, 3), faces.shape=(28, 3))> using `load_obj` in 0.0007s
2024-11-23 12:38:17,056 INFO =====> alpha: 0.5
2024-11-23 12:38:17,056 INFO =====> Loss info: {'particle_has_naninf': False, 'height_map_loss': 21.55890655517578, 'emd_loss': 44.397300720214844, 'total_loss': 21.55890655517578}
2024-11-23 12:38:17,391 INFO ===> New TaichiEnv created.
2024-11-23 12:38:17,391 INFO ===> Specifications: horizon = 311, dt = 0.01, n_substeps = 20, dt_sub = 0.0005
2024-11-23 12:38:17,414 DEBUG loaded <trimesh.Trimesh(vertices.shape=(916, 3), faces.shape=(856, 3))> using `load_obj` in 0.0029s
2024-11-23 12:38:17,559 DEBUG loaded <trimesh.Trimesh(vertices.shape=(48, 3), faces.shape=(28, 3))> using `load_obj` in 0.0007s
2024-11-23 12:38:27,662 INFO =====> alpha: 1.0
2024-11-23 12:38:27,662 INFO =====> Loss info: {'particle_has_naninf': False, 'height_map_loss': 21.643840789794922, 'emd_loss': 43.646583557128906, 'total_loss': 21.643840789794922}
2024-11-23 12:38:27,996 INFO ===> New TaichiEnv created.
2024-11-23 12:38:27,996 INFO ===> Specifications: horizon = 311, dt = 0.01, n_substeps = 20, dt_sub = 0.0005
2024-11-23 12:38:28,019 DEBUG loaded <trimesh.Trimesh(vertices.shape=(916, 3), faces.shape=(856, 3))> using `load_obj` in 0.0030s
2024-11-23 12:38:28,167 DEBUG loaded <trimesh.Trimesh(vertices.shape=(48, 3), faces.shape=(28, 3))> using `load_obj` in 0.0007s
2024-11-23 12:38:38,312 INFO =====> alpha: 1.01
2024-11-23 12:38:38,312 INFO =====> Loss info: {'particle_has_naninf': False, 'height_map_loss': 21.64731788635254, 'emd_loss': 43.69615173339844, 'total_loss': 21.64731788635254}
2024-11-23 12:38:38,652 INFO ===> New TaichiEnv created.
2024-11-23 12:38:38,652 INFO ===> Specifications: horizon = 311, dt = 0.01, n_substeps = 20, dt_sub = 0.0005
2024-11-23 12:38:38,675 DEBUG loaded <trimesh.Trimesh(vertices.shape=(916, 3), faces.shape=(856, 3))> using `load_obj` in 0.0029s
2024-11-23 12:38:38,823 DEBUG loaded <trimesh.Trimesh(vertices.shape=(48, 3), faces.shape=(28, 3))> using `load_obj` in 0.0007s
2024-11-23 12:38:49,041 INFO =====> alpha: 1.1
2024-11-23 12:38:49,041 INFO =====> Loss info: {'particle_has_naninf': False, 'height_map_loss': 21.647777557373047, 'emd_loss': 43.75115966796875, 'total_loss': 21.647777557373047}
2024-11-23 12:38:49,397 INFO ===> New TaichiEnv created.
2024-11-23 12:38:49,397 INFO ===> Specifications: horizon = 311, dt = 0.01, n_substeps = 20, dt_sub = 0.0005
2024-11-23 12:38:49,419 DEBUG loaded <trimesh.Trimesh(vertices.shape=(916, 3), faces.shape=(856, 3))> using `load_obj` in 0.0029s
2024-11-23 12:38:49,564 DEBUG loaded <trimesh.Trimesh(vertices.shape=(48, 3), faces.shape=(28, 3))> using `load_obj` in 0.0007s
2024-11-23 12:38:59,657 INFO =====> alpha: 1.5
2024-11-23 12:38:59,657 INFO =====> Loss info: {'particle_has_naninf': False, 'height_map_loss': 21.6546630859375, 'emd_loss': 43.115482330322266, 'total_loss': 21.6546630859375}
2024-11-23 12:38:59,658 INFO =====> Best alpha: 0.01, Best loss info: {'particle_has_naninf': False, 'height_map_loss': 21.4940128326416, 'emd_loss': 44.48413848876953, 'total_loss': 21.4940128326416}
2024-11-23 12:38:59,658 INFO =====> Param: E: [429022.53], nu: [0.13683946], rho: [1222.6173], sand_angle: [16.152716]
2024-11-23 12:38:59,658 INFO =====> Grad: [-5.1653251e-04  4.7969731e+03  1.8198412e+01  3.8510849e+02]
2024-11-23 12:38:59,658 INFO =====> Num. aborted data so far: 0
2024-11-23 12:38:59,991 INFO ===> New TaichiEnv created.
2024-11-23 12:38:59,991 INFO ===> Specifications: horizon = 311, dt = 0.01, n_substeps = 20, dt_sub = 0.0005
2024-11-23 12:39:00,013 DEBUG loaded <trimesh.Trimesh(vertices.shape=(916, 3), faces.shape=(856, 3))> using `load_obj` in 0.0029s
2024-11-23 12:39:00,158 DEBUG loaded <trimesh.Trimesh(vertices.shape=(48, 3), faces.shape=(28, 3))> using `load_obj` in 0.0007s
2024-11-23 12:39:27,191 INFO =====> Epoch: 12
2024-11-23 12:39:27,192 INFO =====> Loss info: {'particle_has_naninf': False, 'height_map_loss': 21.49213409423828, 'emd_loss': 44.33103942871094, 'total_loss': 21.49213409423828}
2024-11-23 12:39:27,192 INFO =====> Performing line search for epoch 12......
2024-11-23 12:39:27,550 INFO ===> New TaichiEnv created.
2024-11-23 12:39:27,550 INFO ===> Specifications: horizon = 311, dt = 0.01, n_substeps = 20, dt_sub = 0.0005
2024-11-23 12:39:27,573 DEBUG loaded <trimesh.Trimesh(vertices.shape=(916, 3), faces.shape=(856, 3))> using `load_obj` in 0.0030s
2024-11-23 12:39:27,720 DEBUG loaded <trimesh.Trimesh(vertices.shape=(48, 3), faces.shape=(28, 3))> using `load_obj` in 0.0007s
2024-11-23 12:39:37,837 INFO =====> alpha: 0.01
2024-11-23 12:39:37,837 INFO =====> Loss info: {'particle_has_naninf': False, 'height_map_loss': 21.49909782409668, 'emd_loss': 44.42921829223633, 'total_loss': 21.49909782409668}
2024-11-23 12:39:38,169 INFO ===> New TaichiEnv created.
2024-11-23 12:39:38,169 INFO ===> Specifications: horizon = 311, dt = 0.01, n_substeps = 20, dt_sub = 0.0005
2024-11-23 12:39:38,191 DEBUG loaded <trimesh.Trimesh(vertices.shape=(916, 3), faces.shape=(856, 3))> using `load_obj` in 0.0029s
2024-11-23 12:39:38,336 DEBUG loaded <trimesh.Trimesh(vertices.shape=(48, 3), faces.shape=(28, 3))> using `load_obj` in 0.0007s
2024-11-23 12:39:48,532 INFO =====> alpha: 0.1
2024-11-23 12:39:48,532 INFO =====> Loss info: {'particle_has_naninf': False, 'height_map_loss': 21.5400390625, 'emd_loss': 44.49277114868164, 'total_loss': 21.5400390625}
2024-11-23 12:39:48,865 INFO ===> New TaichiEnv created.
2024-11-23 12:39:48,866 INFO ===> Specifications: horizon = 311, dt = 0.01, n_substeps = 20, dt_sub = 0.0005
2024-11-23 12:39:48,887 DEBUG loaded <trimesh.Trimesh(vertices.shape=(916, 3), faces.shape=(856, 3))> using `load_obj` in 0.0029s
2024-11-23 12:39:49,032 DEBUG loaded <trimesh.Trimesh(vertices.shape=(48, 3), faces.shape=(28, 3))> using `load_obj` in 0.0007s
2024-11-23 12:39:58,832 INFO =====> alpha: 0.5
2024-11-23 12:39:58,832 INFO =====> Loss info: {'particle_has_naninf': False, 'height_map_loss': 21.606077194213867, 'emd_loss': 44.23683166503906, 'total_loss': 21.606077194213867}
2024-11-23 12:39:59,165 INFO ===> New TaichiEnv created.
2024-11-23 12:39:59,165 INFO ===> Specifications: horizon = 311, dt = 0.01, n_substeps = 20, dt_sub = 0.0005
2024-11-23 12:39:59,187 DEBUG loaded <trimesh.Trimesh(vertices.shape=(916, 3), faces.shape=(856, 3))> using `load_obj` in 0.0028s
2024-11-23 12:39:59,334 DEBUG loaded <trimesh.Trimesh(vertices.shape=(48, 3), faces.shape=(28, 3))> using `load_obj` in 0.0007s
2024-11-23 12:40:09,350 INFO =====> alpha: 1.0
2024-11-23 12:40:09,350 INFO =====> Loss info: {'particle_has_naninf': False, 'height_map_loss': 21.71186065673828, 'emd_loss': 43.28994369506836, 'total_loss': 21.71186065673828}
2024-11-23 12:40:09,683 INFO ===> New TaichiEnv created.
2024-11-23 12:40:09,683 INFO ===> Specifications: horizon = 311, dt = 0.01, n_substeps = 20, dt_sub = 0.0005
2024-11-23 12:40:09,706 DEBUG loaded <trimesh.Trimesh(vertices.shape=(916, 3), faces.shape=(856, 3))> using `load_obj` in 0.0029s
2024-11-23 12:40:09,852 DEBUG loaded <trimesh.Trimesh(vertices.shape=(48, 3), faces.shape=(28, 3))> using `load_obj` in 0.0007s
2024-11-23 12:40:19,948 INFO =====> alpha: 1.01
2024-11-23 12:40:19,948 INFO =====> Loss info: {'particle_has_naninf': False, 'height_map_loss': 21.725982666015625, 'emd_loss': 43.34805679321289, 'total_loss': 21.725982666015625}
2024-11-23 12:40:20,279 INFO ===> New TaichiEnv created.
2024-11-23 12:40:20,279 INFO ===> Specifications: horizon = 311, dt = 0.01, n_substeps = 20, dt_sub = 0.0005
2024-11-23 12:40:20,301 DEBUG loaded <trimesh.Trimesh(vertices.shape=(916, 3), faces.shape=(856, 3))> using `load_obj` in 0.0029s
2024-11-23 12:40:20,445 DEBUG loaded <trimesh.Trimesh(vertices.shape=(48, 3), faces.shape=(28, 3))> using `load_obj` in 0.0007s
2024-11-23 12:40:30,611 INFO =====> alpha: 1.1
2024-11-23 12:40:30,611 INFO =====> Loss info: {'particle_has_naninf': False, 'height_map_loss': 21.75153350830078, 'emd_loss': 43.3023567199707, 'total_loss': 21.75153350830078}
2024-11-23 12:40:30,941 INFO ===> New TaichiEnv created.
2024-11-23 12:40:30,941 INFO ===> Specifications: horizon = 311, dt = 0.01, n_substeps = 20, dt_sub = 0.0005
2024-11-23 12:40:30,963 DEBUG loaded <trimesh.Trimesh(vertices.shape=(916, 3), faces.shape=(856, 3))> using `load_obj` in 0.0030s
2024-11-23 12:40:31,107 DEBUG loaded <trimesh.Trimesh(vertices.shape=(48, 3), faces.shape=(28, 3))> using `load_obj` in 0.0007s
2024-11-23 12:40:41,232 INFO =====> alpha: 1.5
2024-11-23 12:40:41,232 INFO =====> Loss info: {'particle_has_naninf': False, 'height_map_loss': 21.94953727722168, 'emd_loss': 43.80625534057617, 'total_loss': 21.94953727722168}
2024-11-23 12:40:41,232 INFO =====> Best alpha: 0.01, Best loss info: {'particle_has_naninf': False, 'height_map_loss': 21.49909782409668, 'emd_loss': 44.42921829223633, 'total_loss': 21.49909782409668}
2024-11-23 12:40:41,233 INFO =====> Param: E: [428878.8], nu: [0.13676994], rho: [1222.0642], sand_angle: [16.13745]
2024-11-23 12:40:41,233 INFO =====> Grad: [6.9341450e-03 7.4873628e+03 3.2318012e+01 6.7346716e+02]
2024-11-23 12:40:41,233 INFO =====> Num. aborted data so far: 0
2024-11-23 12:40:41,565 INFO ===> New TaichiEnv created.
2024-11-23 12:40:41,565 INFO ===> Specifications: horizon = 311, dt = 0.01, n_substeps = 20, dt_sub = 0.0005
2024-11-23 12:40:41,589 DEBUG loaded <trimesh.Trimesh(vertices.shape=(916, 3), faces.shape=(856, 3))> using `load_obj` in 0.0029s
2024-11-23 12:40:41,735 DEBUG loaded <trimesh.Trimesh(vertices.shape=(48, 3), faces.shape=(28, 3))> using `load_obj` in 0.0007s
2024-11-23 12:41:09,104 INFO =====> Epoch: 13
2024-11-23 12:41:09,104 INFO =====> Loss info: {'particle_has_naninf': False, 'height_map_loss': 21.49920082092285, 'emd_loss': 44.606605529785156, 'total_loss': 21.49920082092285}
2024-11-23 12:41:09,104 INFO =====> Performing line search for epoch 13......
2024-11-23 12:41:09,528 INFO ===> New TaichiEnv created.
2024-11-23 12:41:09,528 INFO ===> Specifications: horizon = 311, dt = 0.01, n_substeps = 20, dt_sub = 0.0005
2024-11-23 12:41:09,552 DEBUG loaded <trimesh.Trimesh(vertices.shape=(916, 3), faces.shape=(856, 3))> using `load_obj` in 0.0031s
2024-11-23 12:41:09,698 DEBUG loaded <trimesh.Trimesh(vertices.shape=(48, 3), faces.shape=(28, 3))> using `load_obj` in 0.0007s
2024-11-23 12:41:19,962 INFO =====> alpha: 0.01
2024-11-23 12:41:19,962 INFO =====> Loss info: {'particle_has_naninf': False, 'height_map_loss': 21.502540588378906, 'emd_loss': 44.606117248535156, 'total_loss': 21.502540588378906}
2024-11-23 12:41:20,292 INFO ===> New TaichiEnv created.
2024-11-23 12:41:20,292 INFO ===> Specifications: horizon = 311, dt = 0.01, n_substeps = 20, dt_sub = 0.0005
2024-11-23 12:41:20,314 DEBUG loaded <trimesh.Trimesh(vertices.shape=(916, 3), faces.shape=(856, 3))> using `load_obj` in 0.0029s
2024-11-23 12:41:20,458 DEBUG loaded <trimesh.Trimesh(vertices.shape=(48, 3), faces.shape=(28, 3))> using `load_obj` in 0.0007s
2024-11-23 12:41:30,641 INFO =====> alpha: 0.1
2024-11-23 12:41:30,641 INFO =====> Loss info: {'particle_has_naninf': False, 'height_map_loss': 21.527545928955078, 'emd_loss': 44.49311447143555, 'total_loss': 21.527545928955078}
2024-11-23 12:41:30,973 INFO ===> New TaichiEnv created.
2024-11-23 12:41:30,973 INFO ===> Specifications: horizon = 311, dt = 0.01, n_substeps = 20, dt_sub = 0.0005
2024-11-23 12:41:30,996 DEBUG loaded <trimesh.Trimesh(vertices.shape=(916, 3), faces.shape=(856, 3))> using `load_obj` in 0.0029s
2024-11-23 12:41:31,140 DEBUG loaded <trimesh.Trimesh(vertices.shape=(48, 3), faces.shape=(28, 3))> using `load_obj` in 0.0007s
2024-11-23 12:41:40,917 INFO =====> alpha: 0.5
2024-11-23 12:41:40,917 INFO =====> Loss info: {'particle_has_naninf': False, 'height_map_loss': 21.582984924316406, 'emd_loss': 44.097389221191406, 'total_loss': 21.582984924316406}
2024-11-23 12:41:41,323 INFO ===> New TaichiEnv created.
2024-11-23 12:41:41,323 INFO ===> Specifications: horizon = 311, dt = 0.01, n_substeps = 20, dt_sub = 0.0005
2024-11-23 12:41:41,346 DEBUG loaded <trimesh.Trimesh(vertices.shape=(916, 3), faces.shape=(856, 3))> using `load_obj` in 0.0028s
2024-11-23 12:41:41,490 DEBUG loaded <trimesh.Trimesh(vertices.shape=(48, 3), faces.shape=(28, 3))> using `load_obj` in 0.0007s
2024-11-23 12:41:51,641 INFO =====> alpha: 1.0
2024-11-23 12:41:51,641 INFO =====> Loss info: {'particle_has_naninf': False, 'height_map_loss': 21.687557220458984, 'emd_loss': 43.46936798095703, 'total_loss': 21.687557220458984}
2024-11-23 12:41:51,972 INFO ===> New TaichiEnv created.
2024-11-23 12:41:51,972 INFO ===> Specifications: horizon = 311, dt = 0.01, n_substeps = 20, dt_sub = 0.0005
2024-11-23 12:41:51,995 DEBUG loaded <trimesh.Trimesh(vertices.shape=(916, 3), faces.shape=(856, 3))> using `load_obj` in 0.0030s
2024-11-23 12:41:52,139 DEBUG loaded <trimesh.Trimesh(vertices.shape=(48, 3), faces.shape=(28, 3))> using `load_obj` in 0.0007s
2024-11-23 12:42:02,274 INFO =====> alpha: 1.01
2024-11-23 12:42:02,274 INFO =====> Loss info: {'particle_has_naninf': False, 'height_map_loss': 21.6864013671875, 'emd_loss': 43.379371643066406, 'total_loss': 21.6864013671875}
2024-11-23 12:42:02,605 INFO ===> New TaichiEnv created.
2024-11-23 12:42:02,605 INFO ===> Specifications: horizon = 311, dt = 0.01, n_substeps = 20, dt_sub = 0.0005
2024-11-23 12:42:02,627 DEBUG loaded <trimesh.Trimesh(vertices.shape=(916, 3), faces.shape=(856, 3))> using `load_obj` in 0.0029s
2024-11-23 12:42:02,772 DEBUG loaded <trimesh.Trimesh(vertices.shape=(48, 3), faces.shape=(28, 3))> using `load_obj` in 0.0007s
2024-11-23 12:42:12,815 INFO =====> alpha: 1.1
2024-11-23 12:42:12,815 INFO =====> Loss info: {'particle_has_naninf': False, 'height_map_loss': 21.669652938842773, 'emd_loss': 43.23871994018555, 'total_loss': 21.669652938842773}
2024-11-23 12:42:13,151 INFO ===> New TaichiEnv created.
2024-11-23 12:42:13,151 INFO ===> Specifications: horizon = 311, dt = 0.01, n_substeps = 20, dt_sub = 0.0005
2024-11-23 12:42:13,173 DEBUG loaded <trimesh.Trimesh(vertices.shape=(916, 3), faces.shape=(856, 3))> using `load_obj` in 0.0029s
2024-11-23 12:42:13,318 DEBUG loaded <trimesh.Trimesh(vertices.shape=(48, 3), faces.shape=(28, 3))> using `load_obj` in 0.0007s
2024-11-23 12:42:23,371 INFO =====> alpha: 1.5
2024-11-23 12:42:23,371 INFO =====> Loss info: {'particle_has_naninf': False, 'height_map_loss': 21.74999237060547, 'emd_loss': 43.36924743652344, 'total_loss': 21.74999237060547}
2024-11-23 12:42:23,371 INFO =====> Best alpha: 0.01, Best loss info: {'particle_has_naninf': False, 'height_map_loss': 21.502540588378906, 'emd_loss': 44.606117248535156, 'total_loss': 21.502540588378906}
2024-11-23 12:42:23,372 INFO =====> Param: E: [428846.25], nu: [0.13676193], rho: [1221.588], sand_angle: [16.125277]
2024-11-23 12:42:23,372 INFO =====> Grad: [1.4924480e-03 8.1813611e+02 2.7677034e+01 5.5191284e+02]
2024-11-23 12:42:23,372 INFO =====> Num. aborted data so far: 0
2024-11-23 12:42:23,698 INFO ===> New TaichiEnv created.
2024-11-23 12:42:23,699 INFO ===> Specifications: horizon = 311, dt = 0.01, n_substeps = 20, dt_sub = 0.0005
2024-11-23 12:42:23,721 DEBUG loaded <trimesh.Trimesh(vertices.shape=(916, 3), faces.shape=(856, 3))> using `load_obj` in 0.0029s
2024-11-23 12:42:23,867 DEBUG loaded <trimesh.Trimesh(vertices.shape=(48, 3), faces.shape=(28, 3))> using `load_obj` in 0.0007s
2024-11-23 12:42:50,901 INFO =====> Epoch: 14
2024-11-23 12:42:50,901 INFO =====> Loss info: {'particle_has_naninf': False, 'height_map_loss': 21.49520492553711, 'emd_loss': 44.6053581237793, 'total_loss': 21.49520492553711}
2024-11-23 12:42:50,901 INFO =====> Performing line search for epoch 14......
2024-11-23 12:42:51,254 INFO ===> New TaichiEnv created.
2024-11-23 12:42:51,254 INFO ===> Specifications: horizon = 311, dt = 0.01, n_substeps = 20, dt_sub = 0.0005
2024-11-23 12:42:51,276 DEBUG loaded <trimesh.Trimesh(vertices.shape=(916, 3), faces.shape=(856, 3))> using `load_obj` in 0.0029s
2024-11-23 12:42:51,424 DEBUG loaded <trimesh.Trimesh(vertices.shape=(48, 3), faces.shape=(28, 3))> using `load_obj` in 0.0007s
2024-11-23 12:43:01,554 INFO =====> alpha: 0.01
2024-11-23 12:43:01,554 INFO =====> Loss info: {'particle_has_naninf': False, 'height_map_loss': 21.494619369506836, 'emd_loss': 44.45066833496094, 'total_loss': 21.494619369506836}
2024-11-23 12:43:01,888 INFO ===> New TaichiEnv created.
2024-11-23 12:43:01,889 INFO ===> Specifications: horizon = 311, dt = 0.01, n_substeps = 20, dt_sub = 0.0005
2024-11-23 12:43:01,911 DEBUG loaded <trimesh.Trimesh(vertices.shape=(916, 3), faces.shape=(856, 3))> using `load_obj` in 0.0029s
2024-11-23 12:43:02,057 DEBUG loaded <trimesh.Trimesh(vertices.shape=(48, 3), faces.shape=(28, 3))> using `load_obj` in 0.0007s
2024-11-23 12:43:12,176 INFO =====> alpha: 0.1
2024-11-23 12:43:12,177 INFO =====> Loss info: {'particle_has_naninf': False, 'height_map_loss': 21.491363525390625, 'emd_loss': 44.20802688598633, 'total_loss': 21.491363525390625}
2024-11-23 12:43:12,588 INFO ===> New TaichiEnv created.
2024-11-23 12:43:12,588 INFO ===> Specifications: horizon = 311, dt = 0.01, n_substeps = 20, dt_sub = 0.0005
2024-11-23 12:43:12,611 DEBUG loaded <trimesh.Trimesh(vertices.shape=(916, 3), faces.shape=(856, 3))> using `load_obj` in 0.0029s
2024-11-23 12:43:12,758 DEBUG loaded <trimesh.Trimesh(vertices.shape=(48, 3), faces.shape=(28, 3))> using `load_obj` in 0.0007s
2024-11-23 12:43:22,492 INFO =====> alpha: 0.5
2024-11-23 12:43:22,492 INFO =====> Loss info: {'particle_has_naninf': False, 'height_map_loss': 21.536319732666016, 'emd_loss': 44.2276611328125, 'total_loss': 21.536319732666016}
2024-11-23 12:43:22,821 INFO ===> New TaichiEnv created.
2024-11-23 12:43:22,821 INFO ===> Specifications: horizon = 311, dt = 0.01, n_substeps = 20, dt_sub = 0.0005
2024-11-23 12:43:22,843 DEBUG loaded <trimesh.Trimesh(vertices.shape=(916, 3), faces.shape=(856, 3))> using `load_obj` in 0.0028s
2024-11-23 12:43:22,989 DEBUG loaded <trimesh.Trimesh(vertices.shape=(48, 3), faces.shape=(28, 3))> using `load_obj` in 0.0007s
2024-11-23 12:43:33,124 INFO =====> alpha: 1.0
2024-11-23 12:43:33,124 INFO =====> Loss info: {'particle_has_naninf': False, 'height_map_loss': 21.597370147705078, 'emd_loss': 43.62151336669922, 'total_loss': 21.597370147705078}
2024-11-23 12:43:33,455 INFO ===> New TaichiEnv created.
2024-11-23 12:43:33,455 INFO ===> Specifications: horizon = 311, dt = 0.01, n_substeps = 20, dt_sub = 0.0005
2024-11-23 12:43:33,477 DEBUG loaded <trimesh.Trimesh(vertices.shape=(916, 3), faces.shape=(856, 3))> using `load_obj` in 0.0029s
2024-11-23 12:43:33,624 DEBUG loaded <trimesh.Trimesh(vertices.shape=(48, 3), faces.shape=(28, 3))> using `load_obj` in 0.0007s
2024-11-23 12:43:43,686 INFO =====> alpha: 1.01
2024-11-23 12:43:43,686 INFO =====> Loss info: {'particle_has_naninf': False, 'height_map_loss': 21.597963333129883, 'emd_loss': 43.74993896484375, 'total_loss': 21.597963333129883}
2024-11-23 12:43:44,056 INFO ===> New TaichiEnv created.
2024-11-23 12:43:44,056 INFO ===> Specifications: horizon = 311, dt = 0.01, n_substeps = 20, dt_sub = 0.0005
2024-11-23 12:43:44,080 DEBUG loaded <trimesh.Trimesh(vertices.shape=(916, 3), faces.shape=(856, 3))> using `load_obj` in 0.0030s
2024-11-23 12:43:44,227 DEBUG loaded <trimesh.Trimesh(vertices.shape=(48, 3), faces.shape=(28, 3))> using `load_obj` in 0.0007s
2024-11-23 12:43:54,336 INFO =====> alpha: 1.1
2024-11-23 12:43:54,336 INFO =====> Loss info: {'particle_has_naninf': False, 'height_map_loss': 21.61566162109375, 'emd_loss': 43.85606384277344, 'total_loss': 21.61566162109375}
2024-11-23 12:43:54,670 INFO ===> New TaichiEnv created.
2024-11-23 12:43:54,670 INFO ===> Specifications: horizon = 311, dt = 0.01, n_substeps = 20, dt_sub = 0.0005
2024-11-23 12:43:54,693 DEBUG loaded <trimesh.Trimesh(vertices.shape=(916, 3), faces.shape=(856, 3))> using `load_obj` in 0.0028s
2024-11-23 12:43:54,837 DEBUG loaded <trimesh.Trimesh(vertices.shape=(48, 3), faces.shape=(28, 3))> using `load_obj` in 0.0007s
2024-11-23 12:44:04,911 INFO =====> alpha: 1.5
2024-11-23 12:44:04,911 INFO =====> Loss info: {'particle_has_naninf': False, 'height_map_loss': 21.601184844970703, 'emd_loss': 43.372894287109375, 'total_loss': 21.601184844970703}
2024-11-23 12:44:04,912 INFO =====> Best alpha: 0.1, Best loss info: {'particle_has_naninf': False, 'height_map_loss': 21.491363525390625, 'emd_loss': 44.20802688598633, 'total_loss': 21.491363525390625}
2024-11-23 12:44:04,912 INFO =====> Param: E: [432708.47], nu: [0.13898909], rho: [1231.2412], sand_angle: [16.200886]
2024-11-23 12:44:04,912 INFO =====> Grad: [-2.1208173e-02 -3.0413764e+04 -6.7209381e+01 -3.3495615e+02]
2024-11-23 12:44:04,912 INFO =====> Num. aborted data so far: 0
2024-11-23 12:44:05,244 INFO ===> New TaichiEnv created.
2024-11-23 12:44:05,244 INFO ===> Specifications: horizon = 311, dt = 0.01, n_substeps = 20, dt_sub = 0.0005
2024-11-23 12:44:05,266 DEBUG loaded <trimesh.Trimesh(vertices.shape=(916, 3), faces.shape=(856, 3))> using `load_obj` in 0.0029s
2024-11-23 12:44:05,410 DEBUG loaded <trimesh.Trimesh(vertices.shape=(48, 3), faces.shape=(28, 3))> using `load_obj` in 0.0007s
2024-11-23 12:44:32,531 INFO =====> Epoch: 15
2024-11-23 12:44:32,532 INFO =====> Loss info: {'particle_has_naninf': False, 'height_map_loss': 21.49660873413086, 'emd_loss': 44.40365219116211, 'total_loss': 21.49660873413086}
2024-11-23 12:44:32,532 INFO =====> Performing line search for epoch 15......
2024-11-23 12:44:32,889 INFO ===> New TaichiEnv created.
2024-11-23 12:44:32,889 INFO ===> Specifications: horizon = 311, dt = 0.01, n_substeps = 20, dt_sub = 0.0005
2024-11-23 12:44:32,911 DEBUG loaded <trimesh.Trimesh(vertices.shape=(916, 3), faces.shape=(856, 3))> using `load_obj` in 0.0029s
2024-11-23 12:44:33,058 DEBUG loaded <trimesh.Trimesh(vertices.shape=(48, 3), faces.shape=(28, 3))> using `load_obj` in 0.0007s
2024-11-23 12:44:43,250 INFO =====> alpha: 0.01
2024-11-23 12:44:43,250 INFO =====> Loss info: {'particle_has_naninf': False, 'height_map_loss': 21.497299194335938, 'emd_loss': 44.4031982421875, 'total_loss': 21.497299194335938}
2024-11-23 12:44:43,581 INFO ===> New TaichiEnv created.
2024-11-23 12:44:43,581 INFO ===> Specifications: horizon = 311, dt = 0.01, n_substeps = 20, dt_sub = 0.0005
2024-11-23 12:44:43,603 DEBUG loaded <trimesh.Trimesh(vertices.shape=(916, 3), faces.shape=(856, 3))> using `load_obj` in 0.0029s
2024-11-23 12:44:43,750 DEBUG loaded <trimesh.Trimesh(vertices.shape=(48, 3), faces.shape=(28, 3))> using `load_obj` in 0.0007s
2024-11-23 12:44:53,831 INFO =====> alpha: 0.1
2024-11-23 12:44:53,831 INFO =====> Loss info: {'particle_has_naninf': False, 'height_map_loss': 21.497838973999023, 'emd_loss': 44.47174835205078, 'total_loss': 21.497838973999023}
2024-11-23 12:44:54,165 INFO ===> New TaichiEnv created.
2024-11-23 12:44:54,165 INFO ===> Specifications: horizon = 311, dt = 0.01, n_substeps = 20, dt_sub = 0.0005
2024-11-23 12:44:54,187 DEBUG loaded <trimesh.Trimesh(vertices.shape=(916, 3), faces.shape=(856, 3))> using `load_obj` in 0.0029s
2024-11-23 12:44:54,333 DEBUG loaded <trimesh.Trimesh(vertices.shape=(48, 3), faces.shape=(28, 3))> using `load_obj` in 0.0007s
2024-11-23 12:45:04,151 INFO =====> alpha: 0.5
2024-11-23 12:45:04,151 INFO =====> Loss info: {'particle_has_naninf': False, 'height_map_loss': 21.5825138092041, 'emd_loss': 44.44778823852539, 'total_loss': 21.5825138092041}
2024-11-23 12:45:04,486 INFO ===> New TaichiEnv created.
2024-11-23 12:45:04,486 INFO ===> Specifications: horizon = 311, dt = 0.01, n_substeps = 20, dt_sub = 0.0005
2024-11-23 12:45:04,509 DEBUG loaded <trimesh.Trimesh(vertices.shape=(916, 3), faces.shape=(856, 3))> using `load_obj` in 0.0029s
2024-11-23 12:45:04,653 DEBUG loaded <trimesh.Trimesh(vertices.shape=(48, 3), faces.shape=(28, 3))> using `load_obj` in 0.0007s
2024-11-23 12:45:14,735 INFO =====> alpha: 1.0
2024-11-23 12:45:14,735 INFO =====> Loss info: {'particle_has_naninf': False, 'height_map_loss': 21.590166091918945, 'emd_loss': 44.39185333251953, 'total_loss': 21.590166091918945}
2024-11-23 12:45:15,071 INFO ===> New TaichiEnv created.
2024-11-23 12:45:15,071 INFO ===> Specifications: horizon = 311, dt = 0.01, n_substeps = 20, dt_sub = 0.0005
2024-11-23 12:45:15,094 DEBUG loaded <trimesh.Trimesh(vertices.shape=(916, 3), faces.shape=(856, 3))> using `load_obj` in 0.0030s
2024-11-23 12:45:15,239 DEBUG loaded <trimesh.Trimesh(vertices.shape=(48, 3), faces.shape=(28, 3))> using `load_obj` in 0.0007s
2024-11-23 12:45:25,415 INFO =====> alpha: 1.01
2024-11-23 12:45:25,415 INFO =====> Loss info: {'particle_has_naninf': False, 'height_map_loss': 21.591407775878906, 'emd_loss': 44.39338302612305, 'total_loss': 21.591407775878906}
2024-11-23 12:45:25,749 INFO ===> New TaichiEnv created.
2024-11-23 12:45:25,749 INFO ===> Specifications: horizon = 311, dt = 0.01, n_substeps = 20, dt_sub = 0.0005
2024-11-23 12:45:25,772 DEBUG loaded <trimesh.Trimesh(vertices.shape=(916, 3), faces.shape=(856, 3))> using `load_obj` in 0.0029s
2024-11-23 12:45:25,916 DEBUG loaded <trimesh.Trimesh(vertices.shape=(48, 3), faces.shape=(28, 3))> using `load_obj` in 0.0007s
2024-11-23 12:45:36,046 INFO =====> alpha: 1.1
2024-11-23 12:45:36,046 INFO =====> Loss info: {'particle_has_naninf': False, 'height_map_loss': 21.626081466674805, 'emd_loss': 44.33209228515625, 'total_loss': 21.626081466674805}
2024-11-23 12:45:36,381 INFO ===> New TaichiEnv created.
2024-11-23 12:45:36,381 INFO ===> Specifications: horizon = 311, dt = 0.01, n_substeps = 20, dt_sub = 0.0005
2024-11-23 12:45:36,403 DEBUG loaded <trimesh.Trimesh(vertices.shape=(916, 3), faces.shape=(856, 3))> using `load_obj` in 0.0029s
2024-11-23 12:45:36,548 DEBUG loaded <trimesh.Trimesh(vertices.shape=(48, 3), faces.shape=(28, 3))> using `load_obj` in 0.0007s
2024-11-23 12:45:46,652 INFO =====> alpha: 1.5
2024-11-23 12:45:46,652 INFO =====> Loss info: {'particle_has_naninf': False, 'height_map_loss': 21.693864822387695, 'emd_loss': 44.17414855957031, 'total_loss': 21.693864822387695}
2024-11-23 12:45:46,653 INFO =====> Best alpha: 0.01, Best loss info: {'particle_has_naninf': False, 'height_map_loss': 21.497299194335938, 'emd_loss': 44.4031982421875, 'total_loss': 21.497299194335938}
2024-11-23 12:45:46,653 INFO =====> Param: E: [432473.3], nu: [0.13885821], rho: [1230.7855], sand_angle: [16.195158]
2024-11-23 12:45:46,653 INFO =====> Grad: [1.3196285e-02 1.8626320e+04 3.1436150e+01 2.4476370e+02]
2024-11-23 12:45:46,653 INFO =====> Num. aborted data so far: 0
2024-11-23 12:45:46,990 INFO ===> New TaichiEnv created.
2024-11-23 12:45:46,990 INFO ===> Specifications: horizon = 311, dt = 0.01, n_substeps = 20, dt_sub = 0.0005
2024-11-23 12:45:47,013 DEBUG loaded <trimesh.Trimesh(vertices.shape=(916, 3), faces.shape=(856, 3))> using `load_obj` in 0.0029s
2024-11-23 12:45:47,157 DEBUG loaded <trimesh.Trimesh(vertices.shape=(48, 3), faces.shape=(28, 3))> using `load_obj` in 0.0007s
2024-11-23 12:46:14,213 INFO =====> Epoch: 16
2024-11-23 12:46:14,213 INFO =====> Loss info: {'particle_has_naninf': False, 'height_map_loss': 21.49142074584961, 'emd_loss': 44.4032096862793, 'total_loss': 21.49142074584961}
2024-11-23 12:46:14,213 INFO =====> Performing line search for epoch 16......
2024-11-23 12:46:14,569 INFO ===> New TaichiEnv created.
2024-11-23 12:46:14,569 INFO ===> Specifications: horizon = 311, dt = 0.01, n_substeps = 20, dt_sub = 0.0005
2024-11-23 12:46:14,591 DEBUG loaded <trimesh.Trimesh(vertices.shape=(916, 3), faces.shape=(856, 3))> using `load_obj` in 0.0031s
2024-11-23 12:46:14,739 DEBUG loaded <trimesh.Trimesh(vertices.shape=(48, 3), faces.shape=(28, 3))> using `load_obj` in 0.0007s
2024-11-23 12:46:24,835 INFO =====> alpha: 0.01
2024-11-23 12:46:24,835 INFO =====> Loss info: {'particle_has_naninf': False, 'height_map_loss': 21.4959716796875, 'emd_loss': 44.226802825927734, 'total_loss': 21.4959716796875}
2024-11-23 12:46:25,167 INFO ===> New TaichiEnv created.
2024-11-23 12:46:25,167 INFO ===> Specifications: horizon = 311, dt = 0.01, n_substeps = 20, dt_sub = 0.0005
2024-11-23 12:46:25,189 DEBUG loaded <trimesh.Trimesh(vertices.shape=(916, 3), faces.shape=(856, 3))> using `load_obj` in 0.0030s
2024-11-23 12:46:25,334 DEBUG loaded <trimesh.Trimesh(vertices.shape=(48, 3), faces.shape=(28, 3))> using `load_obj` in 0.0007s
2024-11-23 12:46:35,166 INFO =====> alpha: 0.1
2024-11-23 12:46:35,166 INFO =====> Loss info: {'particle_has_naninf': False, 'height_map_loss': 21.500703811645508, 'emd_loss': 43.93998336791992, 'total_loss': 21.500703811645508}
2024-11-23 12:46:35,496 INFO ===> New TaichiEnv created.
2024-11-23 12:46:35,496 INFO ===> Specifications: horizon = 311, dt = 0.01, n_substeps = 20, dt_sub = 0.0005
2024-11-23 12:46:35,519 DEBUG loaded <trimesh.Trimesh(vertices.shape=(916, 3), faces.shape=(856, 3))> using `load_obj` in 0.0029s
2024-11-23 12:46:35,664 DEBUG loaded <trimesh.Trimesh(vertices.shape=(48, 3), faces.shape=(28, 3))> using `load_obj` in 0.0007s
2024-11-23 12:46:45,813 INFO =====> alpha: 0.5
2024-11-23 12:46:45,813 INFO =====> Loss info: {'particle_has_naninf': False, 'height_map_loss': 21.553611755371094, 'emd_loss': 44.260154724121094, 'total_loss': 21.553611755371094}
2024-11-23 12:46:46,145 INFO ===> New TaichiEnv created.
2024-11-23 12:46:46,145 INFO ===> Specifications: horizon = 311, dt = 0.01, n_substeps = 20, dt_sub = 0.0005
2024-11-23 12:46:46,168 DEBUG loaded <trimesh.Trimesh(vertices.shape=(916, 3), faces.shape=(856, 3))> using `load_obj` in 0.0029s
2024-11-23 12:46:46,314 DEBUG loaded <trimesh.Trimesh(vertices.shape=(48, 3), faces.shape=(28, 3))> using `load_obj` in 0.0007s
2024-11-23 12:46:56,389 INFO =====> alpha: 1.0
2024-11-23 12:46:56,389 INFO =====> Loss info: {'particle_has_naninf': False, 'height_map_loss': 21.64556312561035, 'emd_loss': 43.91080093383789, 'total_loss': 21.64556312561035}
2024-11-23 12:46:56,724 INFO ===> New TaichiEnv created.
2024-11-23 12:46:56,724 INFO ===> Specifications: horizon = 311, dt = 0.01, n_substeps = 20, dt_sub = 0.0005
2024-11-23 12:46:56,747 DEBUG loaded <trimesh.Trimesh(vertices.shape=(916, 3), faces.shape=(856, 3))> using `load_obj` in 0.0030s
2024-11-23 12:46:56,892 DEBUG loaded <trimesh.Trimesh(vertices.shape=(48, 3), faces.shape=(28, 3))> using `load_obj` in 0.0007s
2024-11-23 12:47:06,946 INFO =====> alpha: 1.01
2024-11-23 12:47:06,946 INFO =====> Loss info: {'particle_has_naninf': False, 'height_map_loss': 21.63828468322754, 'emd_loss': 43.79460906982422, 'total_loss': 21.63828468322754}
2024-11-23 12:47:07,276 INFO ===> New TaichiEnv created.
2024-11-23 12:47:07,276 INFO ===> Specifications: horizon = 311, dt = 0.01, n_substeps = 20, dt_sub = 0.0005
2024-11-23 12:47:07,299 DEBUG loaded <trimesh.Trimesh(vertices.shape=(916, 3), faces.shape=(856, 3))> using `load_obj` in 0.0029s
2024-11-23 12:47:07,443 DEBUG loaded <trimesh.Trimesh(vertices.shape=(48, 3), faces.shape=(28, 3))> using `load_obj` in 0.0007s
2024-11-23 12:47:17,615 INFO =====> alpha: 1.1
2024-11-23 12:47:17,615 INFO =====> Loss info: {'particle_has_naninf': False, 'height_map_loss': 21.63225555419922, 'emd_loss': 43.394405364990234, 'total_loss': 21.63225555419922}
2024-11-23 12:47:17,953 INFO ===> New TaichiEnv created.
2024-11-23 12:47:17,953 INFO ===> Specifications: horizon = 311, dt = 0.01, n_substeps = 20, dt_sub = 0.0005
2024-11-23 12:47:17,976 DEBUG loaded <trimesh.Trimesh(vertices.shape=(916, 3), faces.shape=(856, 3))> using `load_obj` in 0.0030s
2024-11-23 12:47:18,124 DEBUG loaded <trimesh.Trimesh(vertices.shape=(48, 3), faces.shape=(28, 3))> using `load_obj` in 0.0007s
2024-11-23 12:47:27,876 INFO =====> alpha: 1.5
2024-11-23 12:47:27,876 INFO =====> Loss info: {'particle_has_naninf': False, 'height_map_loss': 21.630714416503906, 'emd_loss': 43.255306243896484, 'total_loss': 21.630714416503906}
2024-11-23 12:47:27,877 INFO =====> Best alpha: 0.01, Best loss info: {'particle_has_naninf': False, 'height_map_loss': 21.4959716796875, 'emd_loss': 44.226802825927734, 'total_loss': 21.4959716796875}
2024-11-23 12:47:27,877 INFO =====> Param: E: [432684.7], nu: [0.13896681], rho: [1231.1119], sand_angle: [16.203247]
2024-11-23 12:47:27,877 INFO =====> Grad: [-1.1938975e-02 -1.5611674e+04 -2.1831085e+01 -3.3922766e+02]
2024-11-23 12:47:27,877 INFO =====> Num. aborted data so far: 0
2024-11-23 12:47:28,211 INFO ===> New TaichiEnv created.
2024-11-23 12:47:28,211 INFO ===> Specifications: horizon = 311, dt = 0.01, n_substeps = 20, dt_sub = 0.0005
2024-11-23 12:47:28,234 DEBUG loaded <trimesh.Trimesh(vertices.shape=(916, 3), faces.shape=(856, 3))> using `load_obj` in 0.0030s
2024-11-23 12:47:28,378 DEBUG loaded <trimesh.Trimesh(vertices.shape=(48, 3), faces.shape=(28, 3))> using `load_obj` in 0.0007s
2024-11-23 12:47:56,090 INFO =====> Epoch: 17
2024-11-23 12:47:56,090 INFO =====> Loss info: {'particle_has_naninf': False, 'height_map_loss': 21.497726440429688, 'emd_loss': 44.25066375732422, 'total_loss': 21.497726440429688}
2024-11-23 12:47:56,090 INFO =====> Performing line search for epoch 17......
2024-11-23 12:47:56,446 INFO ===> New TaichiEnv created.
2024-11-23 12:47:56,446 INFO ===> Specifications: horizon = 311, dt = 0.01, n_substeps = 20, dt_sub = 0.0005
2024-11-23 12:47:56,469 DEBUG loaded <trimesh.Trimesh(vertices.shape=(916, 3), faces.shape=(856, 3))> using `load_obj` in 0.0029s
2024-11-23 12:47:56,615 DEBUG loaded <trimesh.Trimesh(vertices.shape=(48, 3), faces.shape=(28, 3))> using `load_obj` in 0.0007s
2024-11-23 12:48:06,787 INFO =====> alpha: 0.01
2024-11-23 12:48:06,787 INFO =====> Loss info: {'particle_has_naninf': False, 'height_map_loss': 21.484970092773438, 'emd_loss': 44.236244201660156, 'total_loss': 21.484970092773438}
2024-11-23 12:48:07,124 INFO ===> New TaichiEnv created.
2024-11-23 12:48:07,124 INFO ===> Specifications: horizon = 311, dt = 0.01, n_substeps = 20, dt_sub = 0.0005
2024-11-23 12:48:07,146 DEBUG loaded <trimesh.Trimesh(vertices.shape=(916, 3), faces.shape=(856, 3))> using `load_obj` in 0.0029s
2024-11-23 12:48:07,293 DEBUG loaded <trimesh.Trimesh(vertices.shape=(48, 3), faces.shape=(28, 3))> using `load_obj` in 0.0007s
2024-11-23 12:48:17,108 INFO =====> alpha: 0.1
2024-11-23 12:48:17,108 INFO =====> Loss info: {'particle_has_naninf': False, 'height_map_loss': 21.519277572631836, 'emd_loss': 44.1071891784668, 'total_loss': 21.519277572631836}
2024-11-23 12:48:17,440 INFO ===> New TaichiEnv created.
2024-11-23 12:48:17,440 INFO ===> Specifications: horizon = 311, dt = 0.01, n_substeps = 20, dt_sub = 0.0005
2024-11-23 12:48:17,462 DEBUG loaded <trimesh.Trimesh(vertices.shape=(916, 3), faces.shape=(856, 3))> using `load_obj` in 0.0030s
2024-11-23 12:48:17,607 DEBUG loaded <trimesh.Trimesh(vertices.shape=(48, 3), faces.shape=(28, 3))> using `load_obj` in 0.0007s
2024-11-23 12:48:27,680 INFO =====> alpha: 0.5
2024-11-23 12:48:27,680 INFO =====> Loss info: {'particle_has_naninf': False, 'height_map_loss': 21.604135513305664, 'emd_loss': 44.118408203125, 'total_loss': 21.604135513305664}
2024-11-23 12:48:28,018 INFO ===> New TaichiEnv created.
2024-11-23 12:48:28,018 INFO ===> Specifications: horizon = 311, dt = 0.01, n_substeps = 20, dt_sub = 0.0005
2024-11-23 12:48:28,040 DEBUG loaded <trimesh.Trimesh(vertices.shape=(916, 3), faces.shape=(856, 3))> using `load_obj` in 0.0030s
2024-11-23 12:48:28,186 DEBUG loaded <trimesh.Trimesh(vertices.shape=(48, 3), faces.shape=(28, 3))> using `load_obj` in 0.0007s
2024-11-23 12:48:38,279 INFO =====> alpha: 1.0
2024-11-23 12:48:38,279 INFO =====> Loss info: {'particle_has_naninf': False, 'height_map_loss': 21.738262176513672, 'emd_loss': 43.63848876953125, 'total_loss': 21.738262176513672}
2024-11-23 12:48:38,691 INFO ===> New TaichiEnv created.
2024-11-23 12:48:38,691 INFO ===> Specifications: horizon = 311, dt = 0.01, n_substeps = 20, dt_sub = 0.0005
2024-11-23 12:48:38,713 DEBUG loaded <trimesh.Trimesh(vertices.shape=(916, 3), faces.shape=(856, 3))> using `load_obj` in 0.0029s
2024-11-23 12:48:38,865 DEBUG loaded <trimesh.Trimesh(vertices.shape=(48, 3), faces.shape=(28, 3))> using `load_obj` in 0.0007s
2024-11-23 12:48:48,927 INFO =====> alpha: 1.01
2024-11-23 12:48:48,927 INFO =====> Loss info: {'particle_has_naninf': False, 'height_map_loss': 21.740081787109375, 'emd_loss': 43.6463737487793, 'total_loss': 21.740081787109375}
2024-11-23 12:48:49,262 INFO ===> New TaichiEnv created.
2024-11-23 12:48:49,263 INFO ===> Specifications: horizon = 311, dt = 0.01, n_substeps = 20, dt_sub = 0.0005
2024-11-23 12:48:49,285 DEBUG loaded <trimesh.Trimesh(vertices.shape=(916, 3), faces.shape=(856, 3))> using `load_obj` in 0.0030s
2024-11-23 12:48:49,432 DEBUG loaded <trimesh.Trimesh(vertices.shape=(48, 3), faces.shape=(28, 3))> using `load_obj` in 0.0007s
2024-11-23 12:48:59,260 INFO =====> alpha: 1.1
2024-11-23 12:48:59,260 INFO =====> Loss info: {'particle_has_naninf': False, 'height_map_loss': 21.78277587890625, 'emd_loss': 43.790321350097656, 'total_loss': 21.78277587890625}
2024-11-23 12:48:59,629 INFO ===> New TaichiEnv created.
2024-11-23 12:48:59,629 INFO ===> Specifications: horizon = 311, dt = 0.01, n_substeps = 20, dt_sub = 0.0005
2024-11-23 12:48:59,652 DEBUG loaded <trimesh.Trimesh(vertices.shape=(916, 3), faces.shape=(856, 3))> using `load_obj` in 0.0028s
2024-11-23 12:48:59,797 DEBUG loaded <trimesh.Trimesh(vertices.shape=(48, 3), faces.shape=(28, 3))> using `load_obj` in 0.0007s
2024-11-23 12:49:09,922 INFO =====> alpha: 1.5
2024-11-23 12:49:09,922 INFO =====> Loss info: {'particle_has_naninf': False, 'height_map_loss': 21.825565338134766, 'emd_loss': 44.50498580932617, 'total_loss': 21.825565338134766}
2024-11-23 12:49:09,922 INFO =====> Best alpha: 0.01, Best loss info: {'particle_has_naninf': False, 'height_map_loss': 21.484970092773438, 'emd_loss': 44.236244201660156, 'total_loss': 21.484970092773438}
2024-11-23 12:49:09,922 INFO =====> Param: E: [432696.12], nu: [0.13900156], rho: [1231.2966], sand_angle: [16.218803]
2024-11-23 12:49:09,923 INFO =====> Grad: [-6.1321451e-04 -4.7681216e+03 -1.1800575e+01 -7.1082855e+02]
2024-11-23 12:49:09,923 INFO =====> Num. aborted data so far: 0
2024-11-23 12:49:10,263 INFO ===> New TaichiEnv created.
2024-11-23 12:49:10,263 INFO ===> Specifications: horizon = 311, dt = 0.01, n_substeps = 20, dt_sub = 0.0005
2024-11-23 12:49:10,290 DEBUG loaded <trimesh.Trimesh(vertices.shape=(916, 3), faces.shape=(856, 3))> using `load_obj` in 0.0056s
2024-11-23 12:49:10,438 DEBUG loaded <trimesh.Trimesh(vertices.shape=(48, 3), faces.shape=(28, 3))> using `load_obj` in 0.0007s
2024-11-23 12:49:38,232 INFO =====> Epoch: 18
2024-11-23 12:49:38,232 INFO =====> Loss info: {'particle_has_naninf': False, 'height_map_loss': 21.484472274780273, 'emd_loss': 44.24946975708008, 'total_loss': 21.484472274780273}
2024-11-23 12:49:38,232 INFO =====> Performing line search for epoch 18......
2024-11-23 12:49:38,587 INFO ===> New TaichiEnv created.
2024-11-23 12:49:38,587 INFO ===> Specifications: horizon = 311, dt = 0.01, n_substeps = 20, dt_sub = 0.0005
2024-11-23 12:49:38,609 DEBUG loaded <trimesh.Trimesh(vertices.shape=(916, 3), faces.shape=(856, 3))> using `load_obj` in 0.0030s
2024-11-23 12:49:38,757 DEBUG loaded <trimesh.Trimesh(vertices.shape=(48, 3), faces.shape=(28, 3))> using `load_obj` in 0.0007s
2024-11-23 12:49:48,485 INFO =====> alpha: 0.01
2024-11-23 12:49:48,486 INFO =====> Loss info: {'particle_has_naninf': False, 'height_map_loss': 21.477039337158203, 'emd_loss': 44.26415252685547, 'total_loss': 21.477039337158203}
2024-11-23 12:49:48,819 INFO ===> New TaichiEnv created.
2024-11-23 12:49:48,819 INFO ===> Specifications: horizon = 311, dt = 0.01, n_substeps = 20, dt_sub = 0.0005
2024-11-23 12:49:48,842 DEBUG loaded <trimesh.Trimesh(vertices.shape=(916, 3), faces.shape=(856, 3))> using `load_obj` in 0.0029s
2024-11-23 12:49:48,987 DEBUG loaded <trimesh.Trimesh(vertices.shape=(48, 3), faces.shape=(28, 3))> using `load_obj` in 0.0007s
2024-11-23 12:49:59,119 INFO =====> alpha: 0.1
2024-11-23 12:49:59,119 INFO =====> Loss info: {'particle_has_naninf': False, 'height_map_loss': 21.499849319458008, 'emd_loss': 43.930912017822266, 'total_loss': 21.499849319458008}
2024-11-23 12:49:59,454 INFO ===> New TaichiEnv created.
2024-11-23 12:49:59,454 INFO ===> Specifications: horizon = 311, dt = 0.01, n_substeps = 20, dt_sub = 0.0005
2024-11-23 12:49:59,476 DEBUG loaded <trimesh.Trimesh(vertices.shape=(916, 3), faces.shape=(856, 3))> using `load_obj` in 0.0030s
2024-11-23 12:49:59,621 DEBUG loaded <trimesh.Trimesh(vertices.shape=(48, 3), faces.shape=(28, 3))> using `load_obj` in 0.0007s
2024-11-23 12:50:09,647 INFO =====> alpha: 0.5
2024-11-23 12:50:09,647 INFO =====> Loss info: {'particle_has_naninf': False, 'height_map_loss': 21.56606101989746, 'emd_loss': 44.116912841796875, 'total_loss': 21.56606101989746}
2024-11-23 12:50:09,979 INFO ===> New TaichiEnv created.
2024-11-23 12:50:09,979 INFO ===> Specifications: horizon = 311, dt = 0.01, n_substeps = 20, dt_sub = 0.0005
2024-11-23 12:50:10,002 DEBUG loaded <trimesh.Trimesh(vertices.shape=(916, 3), faces.shape=(856, 3))> using `load_obj` in 0.0029s
2024-11-23 12:50:10,149 DEBUG loaded <trimesh.Trimesh(vertices.shape=(48, 3), faces.shape=(28, 3))> using `load_obj` in 0.0008s
2024-11-23 12:50:20,348 INFO =====> alpha: 1.0
2024-11-23 12:50:20,348 INFO =====> Loss info: {'particle_has_naninf': False, 'height_map_loss': 21.63778305053711, 'emd_loss': 43.57981872558594, 'total_loss': 21.63778305053711}
2024-11-23 12:50:20,681 INFO ===> New TaichiEnv created.
2024-11-23 12:50:20,681 INFO ===> Specifications: horizon = 311, dt = 0.01, n_substeps = 20, dt_sub = 0.0005
2024-11-23 12:50:20,704 DEBUG loaded <trimesh.Trimesh(vertices.shape=(916, 3), faces.shape=(856, 3))> using `load_obj` in 0.0029s
2024-11-23 12:50:20,852 DEBUG loaded <trimesh.Trimesh(vertices.shape=(48, 3), faces.shape=(28, 3))> using `load_obj` in 0.0007s
2024-11-23 12:50:30,655 INFO =====> alpha: 1.01
2024-11-23 12:50:30,655 INFO =====> Loss info: {'particle_has_naninf': False, 'height_map_loss': 21.649904251098633, 'emd_loss': 43.57917404174805, 'total_loss': 21.649904251098633}
2024-11-23 12:50:30,989 INFO ===> New TaichiEnv created.
2024-11-23 12:50:30,989 INFO ===> Specifications: horizon = 311, dt = 0.01, n_substeps = 20, dt_sub = 0.0005
2024-11-23 12:50:31,011 DEBUG loaded <trimesh.Trimesh(vertices.shape=(916, 3), faces.shape=(856, 3))> using `load_obj` in 0.0029s
2024-11-23 12:50:31,158 DEBUG loaded <trimesh.Trimesh(vertices.shape=(48, 3), faces.shape=(28, 3))> using `load_obj` in 0.0007s
2024-11-23 12:50:41,283 INFO =====> alpha: 1.1
2024-11-23 12:50:41,283 INFO =====> Loss info: {'particle_has_naninf': False, 'height_map_loss': 21.64929962158203, 'emd_loss': 43.5836296081543, 'total_loss': 21.64929962158203}
2024-11-23 12:50:41,615 INFO ===> New TaichiEnv created.
2024-11-23 12:50:41,616 INFO ===> Specifications: horizon = 311, dt = 0.01, n_substeps = 20, dt_sub = 0.0005
2024-11-23 12:50:41,638 DEBUG loaded <trimesh.Trimesh(vertices.shape=(916, 3), faces.shape=(856, 3))> using `load_obj` in 0.0029s
2024-11-23 12:50:41,783 DEBUG loaded <trimesh.Trimesh(vertices.shape=(48, 3), faces.shape=(28, 3))> using `load_obj` in 0.0007s
2024-11-23 12:50:51,883 INFO =====> alpha: 1.5
2024-11-23 12:50:51,883 INFO =====> Loss info: {'particle_has_naninf': False, 'height_map_loss': 21.677677154541016, 'emd_loss': 43.38692092895508, 'total_loss': 21.677677154541016}
2024-11-23 12:50:51,883 INFO =====> Best alpha: 0.01, Best loss info: {'particle_has_naninf': False, 'height_map_loss': 21.477039337158203, 'emd_loss': 44.26415252685547, 'total_loss': 21.477039337158203}
2024-11-23 12:50:51,883 INFO =====> Param: E: [432748.28], nu: [0.13902043], rho: [1231.575], sand_angle: [16.226898]
2024-11-23 12:50:51,883 INFO =====> Grad: [-2.6614782e-03 -2.4607815e+03 -1.7137136e+01 -3.6299905e+02]
2024-11-23 12:50:51,883 INFO =====> Num. aborted data so far: 0
2024-11-23 12:50:52,225 INFO ===> New TaichiEnv created.
2024-11-23 12:50:52,225 INFO ===> Specifications: horizon = 311, dt = 0.01, n_substeps = 20, dt_sub = 0.0005
2024-11-23 12:50:52,249 DEBUG loaded <trimesh.Trimesh(vertices.shape=(916, 3), faces.shape=(856, 3))> using `load_obj` in 0.0029s
2024-11-23 12:50:52,395 DEBUG loaded <trimesh.Trimesh(vertices.shape=(48, 3), faces.shape=(28, 3))> using `load_obj` in 0.0007s
2024-11-23 12:51:19,399 INFO =====> Epoch: 19
2024-11-23 12:51:19,399 INFO =====> Loss info: {'particle_has_naninf': False, 'height_map_loss': 21.47787094116211, 'emd_loss': 44.24324035644531, 'total_loss': 21.47787094116211}
2024-11-23 12:51:19,399 INFO =====> Performing line search for epoch 19......
2024-11-23 12:51:19,757 INFO ===> New TaichiEnv created.
2024-11-23 12:51:19,757 INFO ===> Specifications: horizon = 311, dt = 0.01, n_substeps = 20, dt_sub = 0.0005
2024-11-23 12:51:19,779 DEBUG loaded <trimesh.Trimesh(vertices.shape=(916, 3), faces.shape=(856, 3))> using `load_obj` in 0.0030s
2024-11-23 12:51:19,925 DEBUG loaded <trimesh.Trimesh(vertices.shape=(48, 3), faces.shape=(28, 3))> using `load_obj` in 0.0007s
2024-11-23 12:51:30,082 INFO =====> alpha: 0.01
2024-11-23 12:51:30,082 INFO =====> Loss info: {'particle_has_naninf': False, 'height_map_loss': 21.475765228271484, 'emd_loss': 44.26176834106445, 'total_loss': 21.475765228271484}
2024-11-23 12:51:30,415 INFO ===> New TaichiEnv created.
2024-11-23 12:51:30,415 INFO ===> Specifications: horizon = 311, dt = 0.01, n_substeps = 20, dt_sub = 0.0005
2024-11-23 12:51:30,438 DEBUG loaded <trimesh.Trimesh(vertices.shape=(916, 3), faces.shape=(856, 3))> using `load_obj` in 0.0030s
2024-11-23 12:51:30,585 DEBUG loaded <trimesh.Trimesh(vertices.shape=(48, 3), faces.shape=(28, 3))> using `load_obj` in 0.0007s
2024-11-23 12:51:40,738 INFO =====> alpha: 0.1
2024-11-23 12:51:40,738 INFO =====> Loss info: {'particle_has_naninf': False, 'height_map_loss': 21.497785568237305, 'emd_loss': 44.12107849121094, 'total_loss': 21.497785568237305}
2024-11-23 12:51:41,074 INFO ===> New TaichiEnv created.
2024-11-23 12:51:41,075 INFO ===> Specifications: horizon = 311, dt = 0.01, n_substeps = 20, dt_sub = 0.0005
2024-11-23 12:51:41,097 DEBUG loaded <trimesh.Trimesh(vertices.shape=(916, 3), faces.shape=(856, 3))> using `load_obj` in 0.0029s
2024-11-23 12:51:41,242 DEBUG loaded <trimesh.Trimesh(vertices.shape=(48, 3), faces.shape=(28, 3))> using `load_obj` in 0.0007s
2024-11-23 12:51:51,461 INFO =====> alpha: 0.5
2024-11-23 12:51:51,461 INFO =====> Loss info: {'particle_has_naninf': False, 'height_map_loss': 21.559757232666016, 'emd_loss': 44.224308013916016, 'total_loss': 21.559757232666016}
2024-11-23 12:51:51,797 INFO ===> New TaichiEnv created.
2024-11-23 12:51:51,797 INFO ===> Specifications: horizon = 311, dt = 0.01, n_substeps = 20, dt_sub = 0.0005
2024-11-23 12:51:51,819 DEBUG loaded <trimesh.Trimesh(vertices.shape=(916, 3), faces.shape=(856, 3))> using `load_obj` in 0.0029s
2024-11-23 12:51:51,964 DEBUG loaded <trimesh.Trimesh(vertices.shape=(48, 3), faces.shape=(28, 3))> using `load_obj` in 0.0007s
2024-11-23 12:52:01,769 INFO =====> alpha: 1.0
2024-11-23 12:52:01,769 INFO =====> Loss info: {'particle_has_naninf': False, 'height_map_loss': 21.594114303588867, 'emd_loss': 44.095130920410156, 'total_loss': 21.594114303588867}
2024-11-23 12:52:02,109 INFO ===> New TaichiEnv created.
2024-11-23 12:52:02,109 INFO ===> Specifications: horizon = 311, dt = 0.01, n_substeps = 20, dt_sub = 0.0005
2024-11-23 12:52:02,131 DEBUG loaded <trimesh.Trimesh(vertices.shape=(916, 3), faces.shape=(856, 3))> using `load_obj` in 0.0029s
2024-11-23 12:52:02,276 DEBUG loaded <trimesh.Trimesh(vertices.shape=(48, 3), faces.shape=(28, 3))> using `load_obj` in 0.0007s
2024-11-23 12:52:12,367 INFO =====> alpha: 1.01
2024-11-23 12:52:12,367 INFO =====> Loss info: {'particle_has_naninf': False, 'height_map_loss': 21.583681106567383, 'emd_loss': 44.089962005615234, 'total_loss': 21.583681106567383}
2024-11-23 12:52:12,702 INFO ===> New TaichiEnv created.
2024-11-23 12:52:12,702 INFO ===> Specifications: horizon = 311, dt = 0.01, n_substeps = 20, dt_sub = 0.0005
2024-11-23 12:52:12,729 DEBUG loaded <trimesh.Trimesh(vertices.shape=(916, 3), faces.shape=(856, 3))> using `load_obj` in 0.0029s
2024-11-23 12:52:12,874 DEBUG loaded <trimesh.Trimesh(vertices.shape=(48, 3), faces.shape=(28, 3))> using `load_obj` in 0.0007s
2024-11-23 12:52:22,944 INFO =====> alpha: 1.1
2024-11-23 12:52:22,944 INFO =====> Loss info: {'particle_has_naninf': False, 'height_map_loss': 21.615877151489258, 'emd_loss': 43.7474479675293, 'total_loss': 21.615877151489258}
2024-11-23 12:52:23,283 INFO ===> New TaichiEnv created.
2024-11-23 12:52:23,283 INFO ===> Specifications: horizon = 311, dt = 0.01, n_substeps = 20, dt_sub = 0.0005
2024-11-23 12:52:23,305 DEBUG loaded <trimesh.Trimesh(vertices.shape=(916, 3), faces.shape=(856, 3))> using `load_obj` in 0.0030s
2024-11-23 12:52:23,451 DEBUG loaded <trimesh.Trimesh(vertices.shape=(48, 3), faces.shape=(28, 3))> using `load_obj` in 0.0007s
2024-11-23 12:52:33,640 INFO =====> alpha: 1.5
2024-11-23 12:52:33,640 INFO =====> Loss info: {'particle_has_naninf': False, 'height_map_loss': 21.638059616088867, 'emd_loss': 43.53778076171875, 'total_loss': 21.638059616088867}
2024-11-23 12:52:33,640 INFO =====> Best alpha: 0.01, Best loss info: {'particle_has_naninf': False, 'height_map_loss': 21.475765228271484, 'emd_loss': 44.26176834106445, 'total_loss': 21.475765228271484}
2024-11-23 12:52:33,641 INFO =====> Param: E: [432845.12], nu: [0.13908172], rho: [1231.6318], sand_angle: [16.232235]
2024-11-23 12:52:33,641 INFO =====> Grad: [-4.7427928e-03 -7.7280649e+03 -3.3268695e+00 -2.3034839e+02]
2024-11-23 12:52:33,641 INFO =====> Num. aborted data so far: 0
2024-11-23 12:52:33,974 INFO ===> New TaichiEnv created.
2024-11-23 12:52:33,974 INFO ===> Specifications: horizon = 311, dt = 0.01, n_substeps = 20, dt_sub = 0.0005
2024-11-23 12:52:33,997 DEBUG loaded <trimesh.Trimesh(vertices.shape=(916, 3), faces.shape=(856, 3))> using `load_obj` in 0.0029s
2024-11-23 12:52:34,143 DEBUG loaded <trimesh.Trimesh(vertices.shape=(48, 3), faces.shape=(28, 3))> using `load_obj` in 0.0007s
2024-11-23 12:53:01,142 INFO =====> Epoch: 20
2024-11-23 12:53:01,142 INFO =====> Loss info: {'particle_has_naninf': False, 'height_map_loss': 21.484216690063477, 'emd_loss': 44.254608154296875, 'total_loss': 21.484216690063477}
2024-11-23 12:53:01,142 INFO =====> Performing line search for epoch 20......
2024-11-23 12:53:01,499 INFO ===> New TaichiEnv created.
2024-11-23 12:53:01,499 INFO ===> Specifications: horizon = 311, dt = 0.01, n_substeps = 20, dt_sub = 0.0005
2024-11-23 12:53:01,527 DEBUG loaded <trimesh.Trimesh(vertices.shape=(916, 3), faces.shape=(856, 3))> using `load_obj` in 0.0059s
2024-11-23 12:53:01,673 DEBUG loaded <trimesh.Trimesh(vertices.shape=(48, 3), faces.shape=(28, 3))> using `load_obj` in 0.0007s
2024-11-23 12:53:11,839 INFO =====> alpha: 0.01
2024-11-23 12:53:11,840 INFO =====> Loss info: {'particle_has_naninf': False, 'height_map_loss': 21.478242874145508, 'emd_loss': 44.25848388671875, 'total_loss': 21.478242874145508}
2024-11-23 12:53:12,173 INFO ===> New TaichiEnv created.
2024-11-23 12:53:12,173 INFO ===> Specifications: horizon = 311, dt = 0.01, n_substeps = 20, dt_sub = 0.0005
2024-11-23 12:53:12,195 DEBUG loaded <trimesh.Trimesh(vertices.shape=(916, 3), faces.shape=(856, 3))> using `load_obj` in 0.0029s
2024-11-23 12:53:12,341 DEBUG loaded <trimesh.Trimesh(vertices.shape=(48, 3), faces.shape=(28, 3))> using `load_obj` in 0.0007s
2024-11-23 12:53:22,469 INFO =====> alpha: 0.1
2024-11-23 12:53:22,469 INFO =====> Loss info: {'particle_has_naninf': False, 'height_map_loss': 21.484970092773438, 'emd_loss': 44.24268341064453, 'total_loss': 21.484970092773438}
2024-11-23 12:53:22,801 INFO ===> New TaichiEnv created.
2024-11-23 12:53:22,801 INFO ===> Specifications: horizon = 311, dt = 0.01, n_substeps = 20, dt_sub = 0.0005
2024-11-23 12:53:22,823 DEBUG loaded <trimesh.Trimesh(vertices.shape=(916, 3), faces.shape=(856, 3))> using `load_obj` in 0.0029s
2024-11-23 12:53:22,968 DEBUG loaded <trimesh.Trimesh(vertices.shape=(48, 3), faces.shape=(28, 3))> using `load_obj` in 0.0007s
2024-11-23 12:53:32,756 INFO =====> alpha: 0.5
2024-11-23 12:53:32,756 INFO =====> Loss info: {'particle_has_naninf': False, 'height_map_loss': 21.500926971435547, 'emd_loss': 44.64155197143555, 'total_loss': 21.500926971435547}
2024-11-23 12:53:33,092 INFO ===> New TaichiEnv created.
2024-11-23 12:53:33,092 INFO ===> Specifications: horizon = 311, dt = 0.01, n_substeps = 20, dt_sub = 0.0005
2024-11-23 12:53:33,114 DEBUG loaded <trimesh.Trimesh(vertices.shape=(916, 3), faces.shape=(856, 3))> using `load_obj` in 0.0028s
2024-11-23 12:53:33,260 DEBUG loaded <trimesh.Trimesh(vertices.shape=(48, 3), faces.shape=(28, 3))> using `load_obj` in 0.0007s
2024-11-23 12:53:43,380 INFO =====> alpha: 1.0
2024-11-23 12:53:43,381 INFO =====> Loss info: {'particle_has_naninf': False, 'height_map_loss': 21.50486183166504, 'emd_loss': 44.459564208984375, 'total_loss': 21.50486183166504}
2024-11-23 12:53:43,712 INFO ===> New TaichiEnv created.
2024-11-23 12:53:43,712 INFO ===> Specifications: horizon = 311, dt = 0.01, n_substeps = 20, dt_sub = 0.0005
2024-11-23 12:53:43,735 DEBUG loaded <trimesh.Trimesh(vertices.shape=(916, 3), faces.shape=(856, 3))> using `load_obj` in 0.0029s
2024-11-23 12:53:43,880 DEBUG loaded <trimesh.Trimesh(vertices.shape=(48, 3), faces.shape=(28, 3))> using `load_obj` in 0.0007s
2024-11-23 12:53:54,065 INFO =====> alpha: 1.01
2024-11-23 12:53:54,065 INFO =====> Loss info: {'particle_has_naninf': False, 'height_map_loss': 21.505624771118164, 'emd_loss': 44.47734069824219, 'total_loss': 21.505624771118164}
2024-11-23 12:53:54,396 INFO ===> New TaichiEnv created.
2024-11-23 12:53:54,397 INFO ===> Specifications: horizon = 311, dt = 0.01, n_substeps = 20, dt_sub = 0.0005
2024-11-23 12:53:54,419 DEBUG loaded <trimesh.Trimesh(vertices.shape=(916, 3), faces.shape=(856, 3))> using `load_obj` in 0.0029s
2024-11-23 12:53:54,604 DEBUG loaded <trimesh.Trimesh(vertices.shape=(48, 3), faces.shape=(28, 3))> using `load_obj` in 0.0007s
2024-11-23 12:54:04,744 INFO =====> alpha: 1.1
2024-11-23 12:54:04,744 INFO =====> Loss info: {'particle_has_naninf': False, 'height_map_loss': 21.53377914428711, 'emd_loss': 44.45960998535156, 'total_loss': 21.53377914428711}
2024-11-23 12:54:05,097 INFO ===> New TaichiEnv created.
2024-11-23 12:54:05,097 INFO ===> Specifications: horizon = 311, dt = 0.01, n_substeps = 20, dt_sub = 0.0005
2024-11-23 12:54:05,119 DEBUG loaded <trimesh.Trimesh(vertices.shape=(916, 3), faces.shape=(856, 3))> using `load_obj` in 0.0030s
2024-11-23 12:54:05,264 DEBUG loaded <trimesh.Trimesh(vertices.shape=(48, 3), faces.shape=(28, 3))> using `load_obj` in 0.0007s
2024-11-23 12:54:15,045 INFO =====> alpha: 1.5
2024-11-23 12:54:15,045 INFO =====> Loss info: {'particle_has_naninf': False, 'height_map_loss': 21.548904418945312, 'emd_loss': 44.42573928833008, 'total_loss': 21.548904418945312}
2024-11-23 12:54:15,046 INFO =====> Best alpha: 0.01, Best loss info: {'particle_has_naninf': False, 'height_map_loss': 21.478242874145508, 'emd_loss': 44.25848388671875, 'total_loss': 21.478242874145508}
2024-11-23 12:54:15,046 INFO =====> Param: E: [432967.9], nu: [0.13917811], rho: [1232.3884], sand_angle: [16.230244]
2024-11-23 12:54:15,046 INFO =====> Grad: [-5.8161924e-03 -1.2108624e+04 -4.7780006e+01  8.1710464e+01]
2024-11-23 12:54:15,046 INFO =====> Num. aborted data so far: 0
2024-11-23 12:54:15,377 INFO ===> New TaichiEnv created.
2024-11-23 12:54:15,377 INFO ===> Specifications: horizon = 311, dt = 0.01, n_substeps = 20, dt_sub = 0.0005
2024-11-23 12:54:15,400 DEBUG loaded <trimesh.Trimesh(vertices.shape=(916, 3), faces.shape=(856, 3))> using `load_obj` in 0.0028s
2024-11-23 12:54:15,548 DEBUG loaded <trimesh.Trimesh(vertices.shape=(48, 3), faces.shape=(28, 3))> using `load_obj` in 0.0007s
2024-11-23 12:54:42,935 INFO =====> Epoch: 21
2024-11-23 12:54:42,935 INFO =====> Loss info: {'particle_has_naninf': False, 'height_map_loss': 21.475786209106445, 'emd_loss': 44.23884582519531, 'total_loss': 21.475786209106445}
2024-11-23 12:54:42,935 INFO =====> Performing line search for epoch 21......
2024-11-23 12:54:43,290 INFO ===> New TaichiEnv created.
2024-11-23 12:54:43,290 INFO ===> Specifications: horizon = 311, dt = 0.01, n_substeps = 20, dt_sub = 0.0005
2024-11-23 12:54:43,314 DEBUG loaded <trimesh.Trimesh(vertices.shape=(916, 3), faces.shape=(856, 3))> using `load_obj` in 0.0031s
2024-11-23 12:54:43,464 DEBUG loaded <trimesh.Trimesh(vertices.shape=(48, 3), faces.shape=(28, 3))> using `load_obj` in 0.0007s
2024-11-23 12:54:53,607 INFO =====> alpha: 0.01
2024-11-23 12:54:53,607 INFO =====> Loss info: {'particle_has_naninf': False, 'height_map_loss': 21.48883056640625, 'emd_loss': 44.24711990356445, 'total_loss': 21.48883056640625}
2024-11-23 12:54:53,942 INFO ===> New TaichiEnv created.
2024-11-23 12:54:53,942 INFO ===> Specifications: horizon = 311, dt = 0.01, n_substeps = 20, dt_sub = 0.0005
2024-11-23 12:54:53,964 DEBUG loaded <trimesh.Trimesh(vertices.shape=(916, 3), faces.shape=(856, 3))> using `load_obj` in 0.0028s
2024-11-23 12:54:54,110 DEBUG loaded <trimesh.Trimesh(vertices.shape=(48, 3), faces.shape=(28, 3))> using `load_obj` in 0.0007s
2024-11-23 12:55:03,986 INFO =====> alpha: 0.1
2024-11-23 12:55:03,986 INFO =====> Loss info: {'particle_has_naninf': False, 'height_map_loss': 21.504667282104492, 'emd_loss': 44.46044921875, 'total_loss': 21.504667282104492}
2024-11-23 12:55:04,326 INFO ===> New TaichiEnv created.
2024-11-23 12:55:04,326 INFO ===> Specifications: horizon = 311, dt = 0.01, n_substeps = 20, dt_sub = 0.0005
2024-11-23 12:55:04,349 DEBUG loaded <trimesh.Trimesh(vertices.shape=(916, 3), faces.shape=(856, 3))> using `load_obj` in 0.0029s
2024-11-23 12:55:04,494 DEBUG loaded <trimesh.Trimesh(vertices.shape=(48, 3), faces.shape=(28, 3))> using `load_obj` in 0.0007s
2024-11-23 12:55:14,617 INFO =====> alpha: 0.5
2024-11-23 12:55:14,617 INFO =====> Loss info: {'particle_has_naninf': False, 'height_map_loss': 21.6622371673584, 'emd_loss': 43.621849060058594, 'total_loss': 21.6622371673584}
2024-11-23 12:55:14,954 INFO ===> New TaichiEnv created.
2024-11-23 12:55:14,954 INFO ===> Specifications: horizon = 311, dt = 0.01, n_substeps = 20, dt_sub = 0.0005
2024-11-23 12:55:14,977 DEBUG loaded <trimesh.Trimesh(vertices.shape=(916, 3), faces.shape=(856, 3))> using `load_obj` in 0.0030s
2024-11-23 12:55:15,122 DEBUG loaded <trimesh.Trimesh(vertices.shape=(48, 3), faces.shape=(28, 3))> using `load_obj` in 0.0007s
2024-11-23 12:55:25,198 INFO =====> alpha: 1.0
2024-11-23 12:55:25,198 INFO =====> Loss info: {'particle_has_naninf': False, 'height_map_loss': 21.720905303955078, 'emd_loss': 43.46240997314453, 'total_loss': 21.720905303955078}
2024-11-23 12:55:25,590 INFO ===> New TaichiEnv created.
2024-11-23 12:55:25,590 INFO ===> Specifications: horizon = 311, dt = 0.01, n_substeps = 20, dt_sub = 0.0005
2024-11-23 12:55:25,612 DEBUG loaded <trimesh.Trimesh(vertices.shape=(916, 3), faces.shape=(856, 3))> using `load_obj` in 0.0029s
2024-11-23 12:55:25,759 DEBUG loaded <trimesh.Trimesh(vertices.shape=(48, 3), faces.shape=(28, 3))> using `load_obj` in 0.0007s
2024-11-23 12:55:35,895 INFO =====> alpha: 1.01
2024-11-23 12:55:35,895 INFO =====> Loss info: {'particle_has_naninf': False, 'height_map_loss': 21.743432998657227, 'emd_loss': 43.487056732177734, 'total_loss': 21.743432998657227}
2024-11-23 12:55:36,226 INFO ===> New TaichiEnv created.
2024-11-23 12:55:36,226 INFO ===> Specifications: horizon = 311, dt = 0.01, n_substeps = 20, dt_sub = 0.0005
2024-11-23 12:55:36,248 DEBUG loaded <trimesh.Trimesh(vertices.shape=(916, 3), faces.shape=(856, 3))> using `load_obj` in 0.0029s
2024-11-23 12:55:36,392 DEBUG loaded <trimesh.Trimesh(vertices.shape=(48, 3), faces.shape=(28, 3))> using `load_obj` in 0.0007s
2024-11-23 12:55:46,195 INFO =====> alpha: 1.1
2024-11-23 12:55:46,195 INFO =====> Loss info: {'particle_has_naninf': False, 'height_map_loss': 21.802448272705078, 'emd_loss': 43.76006317138672, 'total_loss': 21.802448272705078}
2024-11-23 12:55:46,526 INFO ===> New TaichiEnv created.
2024-11-23 12:55:46,526 INFO ===> Specifications: horizon = 311, dt = 0.01, n_substeps = 20, dt_sub = 0.0005
2024-11-23 12:55:46,548 DEBUG loaded <trimesh.Trimesh(vertices.shape=(916, 3), faces.shape=(856, 3))> using `load_obj` in 0.0029s
2024-11-23 12:55:46,693 DEBUG loaded <trimesh.Trimesh(vertices.shape=(48, 3), faces.shape=(28, 3))> using `load_obj` in 0.0007s
2024-11-23 12:55:56,906 INFO =====> alpha: 1.5
2024-11-23 12:55:56,906 INFO =====> Loss info: {'particle_has_naninf': False, 'height_map_loss': 21.990489959716797, 'emd_loss': 45.277652740478516, 'total_loss': 21.990489959716797}
2024-11-23 12:55:56,907 INFO =====> Best alpha: 0.01, Best loss info: {'particle_has_naninf': False, 'height_map_loss': 21.48883056640625, 'emd_loss': 44.24711990356445, 'total_loss': 21.48883056640625}
2024-11-23 12:55:56,907 INFO =====> Param: E: [432949.03], nu: [0.1391328], rho: [1231.5497], sand_angle: [16.211441]
2024-11-23 12:55:56,907 INFO =====> Grad: [8.4828888e-04 5.4561685e+03 5.9278484e+01 9.1028125e+02]
2024-11-23 12:55:56,907 INFO =====> Num. aborted data so far: 0
2024-11-23 12:55:57,236 INFO ===> New TaichiEnv created.
2024-11-23 12:55:57,236 INFO ===> Specifications: horizon = 311, dt = 0.01, n_substeps = 20, dt_sub = 0.0005
2024-11-23 12:55:57,259 DEBUG loaded <trimesh.Trimesh(vertices.shape=(916, 3), faces.shape=(856, 3))> using `load_obj` in 0.0029s
2024-11-23 12:55:57,403 DEBUG loaded <trimesh.Trimesh(vertices.shape=(48, 3), faces.shape=(28, 3))> using `load_obj` in 0.0007s
2024-11-23 12:56:25,252 INFO =====> Epoch: 22
2024-11-23 12:56:25,252 INFO =====> Loss info: {'particle_has_naninf': False, 'height_map_loss': 21.490535736083984, 'emd_loss': 44.22184753417969, 'total_loss': 21.490535736083984}
2024-11-23 12:56:25,252 INFO =====> Performing line search for epoch 22......
2024-11-23 12:56:25,613 INFO ===> New TaichiEnv created.
2024-11-23 12:56:25,613 INFO ===> Specifications: horizon = 311, dt = 0.01, n_substeps = 20, dt_sub = 0.0005
2024-11-23 12:56:25,636 DEBUG loaded <trimesh.Trimesh(vertices.shape=(916, 3), faces.shape=(856, 3))> using `load_obj` in 0.0029s
2024-11-23 12:56:25,782 DEBUG loaded <trimesh.Trimesh(vertices.shape=(48, 3), faces.shape=(28, 3))> using `load_obj` in 0.0007s
2024-11-23 12:56:35,591 INFO =====> alpha: 0.01
2024-11-23 12:56:35,591 INFO =====> Loss info: {'particle_has_naninf': False, 'height_map_loss': 21.493972778320312, 'emd_loss': 44.210289001464844, 'total_loss': 21.493972778320312}
2024-11-23 12:56:35,990 INFO ===> New TaichiEnv created.
2024-11-23 12:56:35,990 INFO ===> Specifications: horizon = 311, dt = 0.01, n_substeps = 20, dt_sub = 0.0005
2024-11-23 12:56:36,013 DEBUG loaded <trimesh.Trimesh(vertices.shape=(916, 3), faces.shape=(856, 3))> using `load_obj` in 0.0029s
2024-11-23 12:56:36,159 DEBUG loaded <trimesh.Trimesh(vertices.shape=(48, 3), faces.shape=(28, 3))> using `load_obj` in 0.0007s
2024-11-23 12:56:46,341 INFO =====> alpha: 0.1
2024-11-23 12:56:46,341 INFO =====> Loss info: {'particle_has_naninf': False, 'height_map_loss': 21.50819206237793, 'emd_loss': 44.62581253051758, 'total_loss': 21.50819206237793}
2024-11-23 12:56:46,680 INFO ===> New TaichiEnv created.
2024-11-23 12:56:46,681 INFO ===> Specifications: horizon = 311, dt = 0.01, n_substeps = 20, dt_sub = 0.0005
2024-11-23 12:56:46,703 DEBUG loaded <trimesh.Trimesh(vertices.shape=(916, 3), faces.shape=(856, 3))> using `load_obj` in 0.0030s
2024-11-23 12:56:46,849 DEBUG loaded <trimesh.Trimesh(vertices.shape=(48, 3), faces.shape=(28, 3))> using `load_obj` in 0.0007s
2024-11-23 12:56:57,076 INFO =====> alpha: 0.5
2024-11-23 12:56:57,076 INFO =====> Loss info: {'particle_has_naninf': False, 'height_map_loss': 21.63258934020996, 'emd_loss': 44.5604133605957, 'total_loss': 21.63258934020996}
2024-11-23 12:56:57,408 INFO ===> New TaichiEnv created.
2024-11-23 12:56:57,408 INFO ===> Specifications: horizon = 311, dt = 0.01, n_substeps = 20, dt_sub = 0.0005
2024-11-23 12:56:57,431 DEBUG loaded <trimesh.Trimesh(vertices.shape=(916, 3), faces.shape=(856, 3))> using `load_obj` in 0.0028s
2024-11-23 12:56:57,575 DEBUG loaded <trimesh.Trimesh(vertices.shape=(48, 3), faces.shape=(28, 3))> using `load_obj` in 0.0007s
2024-11-23 12:57:07,790 INFO =====> alpha: 1.0
2024-11-23 12:57:07,791 INFO =====> Loss info: {'particle_has_naninf': False, 'height_map_loss': 21.776668548583984, 'emd_loss': 44.42264175415039, 'total_loss': 21.776668548583984}
2024-11-23 12:57:08,124 INFO ===> New TaichiEnv created.
2024-11-23 12:57:08,124 INFO ===> Specifications: horizon = 311, dt = 0.01, n_substeps = 20, dt_sub = 0.0005
2024-11-23 12:57:08,147 DEBUG loaded <trimesh.Trimesh(vertices.shape=(916, 3), faces.shape=(856, 3))> using `load_obj` in 0.0029s
2024-11-23 12:57:08,294 DEBUG loaded <trimesh.Trimesh(vertices.shape=(48, 3), faces.shape=(28, 3))> using `load_obj` in 0.0007s
2024-11-23 12:57:18,093 INFO =====> alpha: 1.01
2024-11-23 12:57:18,093 INFO =====> Loss info: {'particle_has_naninf': False, 'height_map_loss': 21.786479949951172, 'emd_loss': 44.41551208496094, 'total_loss': 21.786479949951172}
2024-11-23 12:57:18,427 INFO ===> New TaichiEnv created.
2024-11-23 12:57:18,427 INFO ===> Specifications: horizon = 311, dt = 0.01, n_substeps = 20, dt_sub = 0.0005
2024-11-23 12:57:18,449 DEBUG loaded <trimesh.Trimesh(vertices.shape=(916, 3), faces.shape=(856, 3))> using `load_obj` in 0.0029s
2024-11-23 12:57:18,594 DEBUG loaded <trimesh.Trimesh(vertices.shape=(48, 3), faces.shape=(28, 3))> using `load_obj` in 0.0007s
2024-11-23 12:57:28,842 INFO =====> alpha: 1.1
2024-11-23 12:57:28,842 INFO =====> Loss info: {'particle_has_naninf': False, 'height_map_loss': 21.846113204956055, 'emd_loss': 44.470001220703125, 'total_loss': 21.846113204956055}
2024-11-23 12:57:29,178 INFO ===> New TaichiEnv created.
2024-11-23 12:57:29,178 INFO ===> Specifications: horizon = 311, dt = 0.01, n_substeps = 20, dt_sub = 0.0005
2024-11-23 12:57:29,200 DEBUG loaded <trimesh.Trimesh(vertices.shape=(916, 3), faces.shape=(856, 3))> using `load_obj` in 0.0030s
2024-11-23 12:57:29,345 DEBUG loaded <trimesh.Trimesh(vertices.shape=(48, 3), faces.shape=(28, 3))> using `load_obj` in 0.0007s
2024-11-23 12:57:39,468 INFO =====> alpha: 1.5
2024-11-23 12:57:39,468 INFO =====> Loss info: {'particle_has_naninf': False, 'height_map_loss': 21.931825637817383, 'emd_loss': 44.58540725708008, 'total_loss': 21.931825637817383}
2024-11-23 12:57:39,468 INFO =====> Best alpha: 0.01, Best loss info: {'particle_has_naninf': False, 'height_map_loss': 21.493972778320312, 'emd_loss': 44.210289001464844, 'total_loss': 21.493972778320312}
2024-11-23 12:57:39,468 INFO =====> Param: E: [432540.56], nu: [0.1389702], rho: [1232.1498], sand_angle: [16.201582]
2024-11-23 12:57:39,468 INFO =====> Grad: [ 2.2818243e-02  2.1655826e+04 -4.3484158e+01  4.7655637e+02]
2024-11-23 12:57:39,468 INFO =====> Num. aborted data so far: 0
2024-11-23 12:57:39,803 INFO ===> New TaichiEnv created.
2024-11-23 12:57:39,803 INFO ===> Specifications: horizon = 311, dt = 0.01, n_substeps = 20, dt_sub = 0.0005
2024-11-23 12:57:39,828 DEBUG loaded <trimesh.Trimesh(vertices.shape=(916, 3), faces.shape=(856, 3))> using `load_obj` in 0.0030s
2024-11-23 12:57:39,975 DEBUG loaded <trimesh.Trimesh(vertices.shape=(48, 3), faces.shape=(28, 3))> using `load_obj` in 0.0007s
2024-11-23 12:58:07,327 INFO =====> Epoch: 23
2024-11-23 12:58:07,327 INFO =====> Loss info: {'particle_has_naninf': False, 'height_map_loss': 21.493175506591797, 'emd_loss': 44.225502014160156, 'total_loss': 21.493175506591797}
2024-11-23 12:58:07,327 INFO =====> Performing line search for epoch 23......
2024-11-23 12:58:07,687 INFO ===> New TaichiEnv created.
2024-11-23 12:58:07,687 INFO ===> Specifications: horizon = 311, dt = 0.01, n_substeps = 20, dt_sub = 0.0005
2024-11-23 12:58:07,713 DEBUG loaded <trimesh.Trimesh(vertices.shape=(916, 3), faces.shape=(856, 3))> using `load_obj` in 0.0055s
2024-11-23 12:58:07,859 DEBUG loaded <trimesh.Trimesh(vertices.shape=(48, 3), faces.shape=(28, 3))> using `load_obj` in 0.0007s
2024-11-23 12:58:18,064 INFO =====> alpha: 0.01
2024-11-23 12:58:18,064 INFO =====> Loss info: {'particle_has_naninf': False, 'height_map_loss': 21.494524002075195, 'emd_loss': 44.33987808227539, 'total_loss': 21.494524002075195}
2024-11-23 12:58:18,401 INFO ===> New TaichiEnv created.
2024-11-23 12:58:18,401 INFO ===> Specifications: horizon = 311, dt = 0.01, n_substeps = 20, dt_sub = 0.0005
2024-11-23 12:58:18,423 DEBUG loaded <trimesh.Trimesh(vertices.shape=(916, 3), faces.shape=(856, 3))> using `load_obj` in 0.0030s
2024-11-23 12:58:18,568 DEBUG loaded <trimesh.Trimesh(vertices.shape=(48, 3), faces.shape=(28, 3))> using `load_obj` in 0.0007s
2024-11-23 12:58:28,855 INFO =====> alpha: 0.1
2024-11-23 12:58:28,856 INFO =====> Loss info: {'particle_has_naninf': False, 'height_map_loss': 21.513723373413086, 'emd_loss': 44.46443557739258, 'total_loss': 21.513723373413086}
2024-11-23 12:58:29,188 INFO ===> New TaichiEnv created.
2024-11-23 12:58:29,188 INFO ===> Specifications: horizon = 311, dt = 0.01, n_substeps = 20, dt_sub = 0.0005
2024-11-23 12:58:29,211 DEBUG loaded <trimesh.Trimesh(vertices.shape=(916, 3), faces.shape=(856, 3))> using `load_obj` in 0.0029s
2024-11-23 12:58:29,356 DEBUG loaded <trimesh.Trimesh(vertices.shape=(48, 3), faces.shape=(28, 3))> using `load_obj` in 0.0007s
2024-11-23 12:58:39,446 INFO =====> alpha: 0.5
2024-11-23 12:58:39,446 INFO =====> Loss info: {'particle_has_naninf': False, 'height_map_loss': 21.635746002197266, 'emd_loss': 44.1699333190918, 'total_loss': 21.635746002197266}
2024-11-23 12:58:39,780 INFO ===> New TaichiEnv created.
2024-11-23 12:58:39,780 INFO ===> Specifications: horizon = 311, dt = 0.01, n_substeps = 20, dt_sub = 0.0005
2024-11-23 12:58:39,802 DEBUG loaded <trimesh.Trimesh(vertices.shape=(916, 3), faces.shape=(856, 3))> using `load_obj` in 0.0029s
2024-11-23 12:58:39,947 DEBUG loaded <trimesh.Trimesh(vertices.shape=(48, 3), faces.shape=(28, 3))> using `load_obj` in 0.0007s
2024-11-23 12:58:49,846 INFO =====> alpha: 1.0
2024-11-23 12:58:49,846 INFO =====> Loss info: {'particle_has_naninf': False, 'height_map_loss': 21.687238693237305, 'emd_loss': 43.26609802246094, 'total_loss': 21.687238693237305}
2024-11-23 12:58:50,178 INFO ===> New TaichiEnv created.
2024-11-23 12:58:50,178 INFO ===> Specifications: horizon = 311, dt = 0.01, n_substeps = 20, dt_sub = 0.0005
2024-11-23 12:58:50,200 DEBUG loaded <trimesh.Trimesh(vertices.shape=(916, 3), faces.shape=(856, 3))> using `load_obj` in 0.0029s
2024-11-23 12:58:50,344 DEBUG loaded <trimesh.Trimesh(vertices.shape=(48, 3), faces.shape=(28, 3))> using `load_obj` in 0.0007s
2024-11-23 12:59:00,445 INFO =====> alpha: 1.01
2024-11-23 12:59:00,445 INFO =====> Loss info: {'particle_has_naninf': False, 'height_map_loss': 21.68301773071289, 'emd_loss': 43.30549240112305, 'total_loss': 21.68301773071289}
2024-11-23 12:59:00,777 INFO ===> New TaichiEnv created.
2024-11-23 12:59:00,777 INFO ===> Specifications: horizon = 311, dt = 0.01, n_substeps = 20, dt_sub = 0.0005
2024-11-23 12:59:00,800 DEBUG loaded <trimesh.Trimesh(vertices.shape=(916, 3), faces.shape=(856, 3))> using `load_obj` in 0.0029s
2024-11-23 12:59:00,943 DEBUG loaded <trimesh.Trimesh(vertices.shape=(48, 3), faces.shape=(28, 3))> using `load_obj` in 0.0007s
2024-11-23 12:59:11,129 INFO =====> alpha: 1.1
2024-11-23 12:59:11,129 INFO =====> Loss info: {'particle_has_naninf': False, 'height_map_loss': 21.678878784179688, 'emd_loss': 43.40620040893555, 'total_loss': 21.678878784179688}
2024-11-23 12:59:11,461 INFO ===> New TaichiEnv created.
2024-11-23 12:59:11,461 INFO ===> Specifications: horizon = 311, dt = 0.01, n_substeps = 20, dt_sub = 0.0005
2024-11-23 12:59:11,483 DEBUG loaded <trimesh.Trimesh(vertices.shape=(916, 3), faces.shape=(856, 3))> using `load_obj` in 0.0029s
2024-11-23 12:59:11,628 DEBUG loaded <trimesh.Trimesh(vertices.shape=(48, 3), faces.shape=(28, 3))> using `load_obj` in 0.0007s
2024-11-23 12:59:21,845 INFO =====> alpha: 1.5
2024-11-23 12:59:21,845 INFO =====> Loss info: {'particle_has_naninf': False, 'height_map_loss': 21.87050437927246, 'emd_loss': 44.07301330566406, 'total_loss': 21.87050437927246}
2024-11-23 12:59:21,846 INFO =====> Best alpha: 0.01, Best loss info: {'particle_has_naninf': False, 'height_map_loss': 21.494524002075195, 'emd_loss': 44.33987808227539, 'total_loss': 21.494524002075195}
2024-11-23 12:59:21,846 INFO =====> Param: E: [432652.28], nu: [0.13900137], rho: [1231.7899], sand_angle: [16.184977]
2024-11-23 12:59:21,846 INFO =====> Grad: [-6.0148430e-03 -3.9586147e+03  2.5406218e+01  8.9467566e+02]
2024-11-23 12:59:21,846 INFO =====> Num. aborted data so far: 0
2024-11-23 12:59:22,200 INFO ===> New TaichiEnv created.
2024-11-23 12:59:22,200 INFO ===> Specifications: horizon = 311, dt = 0.01, n_substeps = 20, dt_sub = 0.0005
2024-11-23 12:59:22,223 DEBUG loaded <trimesh.Trimesh(vertices.shape=(916, 3), faces.shape=(856, 3))> using `load_obj` in 0.0030s
2024-11-23 12:59:22,368 DEBUG loaded <trimesh.Trimesh(vertices.shape=(48, 3), faces.shape=(28, 3))> using `load_obj` in 0.0007s
2024-11-23 12:59:49,429 INFO =====> Epoch: 24
2024-11-23 12:59:49,429 INFO =====> Loss info: {'particle_has_naninf': False, 'height_map_loss': 21.49259376525879, 'emd_loss': 44.32209396362305, 'total_loss': 21.49259376525879}
2024-11-23 12:59:49,430 INFO =====> Performing line search for epoch 24......
2024-11-23 12:59:49,784 INFO ===> New TaichiEnv created.
2024-11-23 12:59:49,784 INFO ===> Specifications: horizon = 311, dt = 0.01, n_substeps = 20, dt_sub = 0.0005
2024-11-23 12:59:49,806 DEBUG loaded <trimesh.Trimesh(vertices.shape=(916, 3), faces.shape=(856, 3))> using `load_obj` in 0.0030s
2024-11-23 12:59:49,957 DEBUG loaded <trimesh.Trimesh(vertices.shape=(48, 3), faces.shape=(28, 3))> using `load_obj` in 0.0007s
2024-11-23 13:00:00,155 INFO =====> alpha: 0.01
2024-11-23 13:00:00,155 INFO =====> Loss info: {'particle_has_naninf': False, 'height_map_loss': 21.472665786743164, 'emd_loss': 44.338165283203125, 'total_loss': 21.472665786743164}
2024-11-23 13:00:00,494 INFO ===> New TaichiEnv created.
2024-11-23 13:00:00,494 INFO ===> Specifications: horizon = 311, dt = 0.01, n_substeps = 20, dt_sub = 0.0005
2024-11-23 13:00:00,516 DEBUG loaded <trimesh.Trimesh(vertices.shape=(916, 3), faces.shape=(856, 3))> using `load_obj` in 0.0029s
2024-11-23 13:00:00,663 DEBUG loaded <trimesh.Trimesh(vertices.shape=(48, 3), faces.shape=(28, 3))> using `load_obj` in 0.0007s
2024-11-23 13:00:10,462 INFO =====> alpha: 0.1
2024-11-23 13:00:10,463 INFO =====> Loss info: {'particle_has_naninf': False, 'height_map_loss': 21.484758377075195, 'emd_loss': 44.33998489379883, 'total_loss': 21.484758377075195}
2024-11-23 13:00:10,801 INFO ===> New TaichiEnv created.
2024-11-23 13:00:10,801 INFO ===> Specifications: horizon = 311, dt = 0.01, n_substeps = 20, dt_sub = 0.0005
2024-11-23 13:00:10,825 DEBUG loaded <trimesh.Trimesh(vertices.shape=(916, 3), faces.shape=(856, 3))> using `load_obj` in 0.0031s
2024-11-23 13:00:10,974 DEBUG loaded <trimesh.Trimesh(vertices.shape=(48, 3), faces.shape=(28, 3))> using `load_obj` in 0.0007s
2024-11-23 13:00:21,159 INFO =====> alpha: 0.5
2024-11-23 13:00:21,159 INFO =====> Loss info: {'particle_has_naninf': False, 'height_map_loss': 21.52695083618164, 'emd_loss': 44.52248001098633, 'total_loss': 21.52695083618164}
2024-11-23 13:00:21,495 INFO ===> New TaichiEnv created.
2024-11-23 13:00:21,495 INFO ===> Specifications: horizon = 311, dt = 0.01, n_substeps = 20, dt_sub = 0.0005
2024-11-23 13:00:21,518 DEBUG loaded <trimesh.Trimesh(vertices.shape=(916, 3), faces.shape=(856, 3))> using `load_obj` in 0.0029s
2024-11-23 13:00:21,662 DEBUG loaded <trimesh.Trimesh(vertices.shape=(48, 3), faces.shape=(28, 3))> using `load_obj` in 0.0007s
2024-11-23 13:00:31,837 INFO =====> alpha: 1.0
2024-11-23 13:00:31,837 INFO =====> Loss info: {'particle_has_naninf': False, 'height_map_loss': 21.57999610900879, 'emd_loss': 44.47590255737305, 'total_loss': 21.57999610900879}
2024-11-23 13:00:32,174 INFO ===> New TaichiEnv created.
2024-11-23 13:00:32,174 INFO ===> Specifications: horizon = 311, dt = 0.01, n_substeps = 20, dt_sub = 0.0005
2024-11-23 13:00:32,196 DEBUG loaded <trimesh.Trimesh(vertices.shape=(916, 3), faces.shape=(856, 3))> using `load_obj` in 0.0029s
2024-11-23 13:00:32,341 DEBUG loaded <trimesh.Trimesh(vertices.shape=(48, 3), faces.shape=(28, 3))> using `load_obj` in 0.0007s
2024-11-23 13:00:42,466 INFO =====> alpha: 1.01
2024-11-23 13:00:42,466 INFO =====> Loss info: {'particle_has_naninf': False, 'height_map_loss': 21.582448959350586, 'emd_loss': 44.47127151489258, 'total_loss': 21.582448959350586}
2024-11-23 13:00:42,802 INFO ===> New TaichiEnv created.
2024-11-23 13:00:42,803 INFO ===> Specifications: horizon = 311, dt = 0.01, n_substeps = 20, dt_sub = 0.0005
2024-11-23 13:00:42,825 DEBUG loaded <trimesh.Trimesh(vertices.shape=(916, 3), faces.shape=(856, 3))> using `load_obj` in 0.0029s
2024-11-23 13:00:42,972 DEBUG loaded <trimesh.Trimesh(vertices.shape=(48, 3), faces.shape=(28, 3))> using `load_obj` in 0.0007s
2024-11-23 13:00:52,774 INFO =====> alpha: 1.1
2024-11-23 13:00:52,774 INFO =====> Loss info: {'particle_has_naninf': False, 'height_map_loss': 21.591432571411133, 'emd_loss': 44.48695373535156, 'total_loss': 21.591432571411133}
2024-11-23 13:00:53,104 INFO ===> New TaichiEnv created.
2024-11-23 13:00:53,104 INFO ===> Specifications: horizon = 311, dt = 0.01, n_substeps = 20, dt_sub = 0.0005
2024-11-23 13:00:53,127 DEBUG loaded <trimesh.Trimesh(vertices.shape=(916, 3), faces.shape=(856, 3))> using `load_obj` in 0.0030s
2024-11-23 13:00:53,272 DEBUG loaded <trimesh.Trimesh(vertices.shape=(48, 3), faces.shape=(28, 3))> using `load_obj` in 0.0007s
2024-11-23 13:01:03,433 INFO =====> alpha: 1.5
2024-11-23 13:01:03,433 INFO =====> Loss info: {'particle_has_naninf': False, 'height_map_loss': 21.64921760559082, 'emd_loss': 44.638519287109375, 'total_loss': 21.64921760559082}
2024-11-23 13:01:03,433 INFO =====> Best alpha: 0.01, Best loss info: {'particle_has_naninf': False, 'height_map_loss': 21.472665786743164, 'emd_loss': 44.338165283203125, 'total_loss': 21.472665786743164}
2024-11-23 13:01:03,434 INFO =====> Param: E: [432553.72], nu: [0.13892142], rho: [1232.0193], sand_angle: [16.182306]
2024-11-23 13:01:03,434 INFO =====> Grad: [ 5.0968016e-03  9.9534561e+03 -1.5526417e+01  1.3695280e+02]
2024-11-23 13:01:03,434 INFO =====> Num. aborted data so far: 0
2024-11-23 13:01:03,764 INFO ===> New TaichiEnv created.
2024-11-23 13:01:03,764 INFO ===> Specifications: horizon = 311, dt = 0.01, n_substeps = 20, dt_sub = 0.0005
2024-11-23 13:01:03,787 DEBUG loaded <trimesh.Trimesh(vertices.shape=(916, 3), faces.shape=(856, 3))> using `load_obj` in 0.0029s
2024-11-23 13:01:03,931 DEBUG loaded <trimesh.Trimesh(vertices.shape=(48, 3), faces.shape=(28, 3))> using `load_obj` in 0.0007s
2024-11-23 13:01:31,043 INFO =====> Epoch: 25
2024-11-23 13:01:31,043 INFO =====> Loss info: {'particle_has_naninf': False, 'height_map_loss': 21.50010871887207, 'emd_loss': 44.33844757080078, 'total_loss': 21.50010871887207}
2024-11-23 13:01:31,043 INFO =====> Performing line search for epoch 25......
2024-11-23 13:01:31,459 INFO ===> New TaichiEnv created.
2024-11-23 13:01:31,459 INFO ===> Specifications: horizon = 311, dt = 0.01, n_substeps = 20, dt_sub = 0.0005
2024-11-23 13:01:31,481 DEBUG loaded <trimesh.Trimesh(vertices.shape=(916, 3), faces.shape=(856, 3))> using `load_obj` in 0.0029s
2024-11-23 13:01:31,629 DEBUG loaded <trimesh.Trimesh(vertices.shape=(48, 3), faces.shape=(28, 3))> using `load_obj` in 0.0007s
2024-11-23 13:01:41,747 INFO =====> alpha: 0.01
2024-11-23 13:01:41,747 INFO =====> Loss info: {'particle_has_naninf': False, 'height_map_loss': 21.47361183166504, 'emd_loss': 44.333778381347656, 'total_loss': 21.47361183166504}
2024-11-23 13:01:42,079 INFO ===> New TaichiEnv created.
2024-11-23 13:01:42,079 INFO ===> Specifications: horizon = 311, dt = 0.01, n_substeps = 20, dt_sub = 0.0005
2024-11-23 13:01:42,101 DEBUG loaded <trimesh.Trimesh(vertices.shape=(916, 3), faces.shape=(856, 3))> using `load_obj` in 0.0030s
2024-11-23 13:01:42,245 DEBUG loaded <trimesh.Trimesh(vertices.shape=(48, 3), faces.shape=(28, 3))> using `load_obj` in 0.0007s
2024-11-23 13:01:52,444 INFO =====> alpha: 0.1
2024-11-23 13:01:52,444 INFO =====> Loss info: {'particle_has_naninf': False, 'height_map_loss': 21.481273651123047, 'emd_loss': 44.49575424194336, 'total_loss': 21.481273651123047}
2024-11-23 13:01:52,779 INFO ===> New TaichiEnv created.
2024-11-23 13:01:52,779 INFO ===> Specifications: horizon = 311, dt = 0.01, n_substeps = 20, dt_sub = 0.0005
2024-11-23 13:01:52,801 DEBUG loaded <trimesh.Trimesh(vertices.shape=(916, 3), faces.shape=(856, 3))> using `load_obj` in 0.0030s
2024-11-23 13:01:52,946 DEBUG loaded <trimesh.Trimesh(vertices.shape=(48, 3), faces.shape=(28, 3))> using `load_obj` in 0.0007s
2024-11-23 13:02:03,196 INFO =====> alpha: 0.5
2024-11-23 13:02:03,196 INFO =====> Loss info: {'particle_has_naninf': False, 'height_map_loss': 21.50670623779297, 'emd_loss': 44.63847351074219, 'total_loss': 21.50670623779297}
2024-11-23 13:02:03,530 INFO ===> New TaichiEnv created.
2024-11-23 13:02:03,530 INFO ===> Specifications: horizon = 311, dt = 0.01, n_substeps = 20, dt_sub = 0.0005
2024-11-23 13:02:03,553 DEBUG loaded <trimesh.Trimesh(vertices.shape=(916, 3), faces.shape=(856, 3))> using `load_obj` in 0.0029s
2024-11-23 13:02:03,700 DEBUG loaded <trimesh.Trimesh(vertices.shape=(48, 3), faces.shape=(28, 3))> using `load_obj` in 0.0007s
2024-11-23 13:02:13,455 INFO =====> alpha: 1.0
2024-11-23 13:02:13,455 INFO =====> Loss info: {'particle_has_naninf': False, 'height_map_loss': 21.545499801635742, 'emd_loss': 44.689476013183594, 'total_loss': 21.545499801635742}
2024-11-23 13:02:13,786 INFO ===> New TaichiEnv created.
2024-11-23 13:02:13,786 INFO ===> Specifications: horizon = 311, dt = 0.01, n_substeps = 20, dt_sub = 0.0005
2024-11-23 13:02:13,808 DEBUG loaded <trimesh.Trimesh(vertices.shape=(916, 3), faces.shape=(856, 3))> using `load_obj` in 0.0029s
2024-11-23 13:02:13,953 DEBUG loaded <trimesh.Trimesh(vertices.shape=(48, 3), faces.shape=(28, 3))> using `load_obj` in 0.0007s
2024-11-23 13:02:24,204 INFO =====> alpha: 1.01
2024-11-23 13:02:24,204 INFO =====> Loss info: {'particle_has_naninf': False, 'height_map_loss': 21.547868728637695, 'emd_loss': 44.698341369628906, 'total_loss': 21.547868728637695}
2024-11-23 13:02:24,535 INFO ===> New TaichiEnv created.
2024-11-23 13:02:24,536 INFO ===> Specifications: horizon = 311, dt = 0.01, n_substeps = 20, dt_sub = 0.0005
2024-11-23 13:02:24,558 DEBUG loaded <trimesh.Trimesh(vertices.shape=(916, 3), faces.shape=(856, 3))> using `load_obj` in 0.0029s
2024-11-23 13:02:24,704 DEBUG loaded <trimesh.Trimesh(vertices.shape=(48, 3), faces.shape=(28, 3))> using `load_obj` in 0.0007s
2024-11-23 13:02:34,823 INFO =====> alpha: 1.1
2024-11-23 13:02:34,823 INFO =====> Loss info: {'particle_has_naninf': False, 'height_map_loss': 21.548233032226562, 'emd_loss': 44.54425811767578, 'total_loss': 21.548233032226562}
2024-11-23 13:02:35,157 INFO ===> New TaichiEnv created.
2024-11-23 13:02:35,157 INFO ===> Specifications: horizon = 311, dt = 0.01, n_substeps = 20, dt_sub = 0.0005
2024-11-23 13:02:35,179 DEBUG loaded <trimesh.Trimesh(vertices.shape=(916, 3), faces.shape=(856, 3))> using `load_obj` in 0.0029s
2024-11-23 13:02:35,323 DEBUG loaded <trimesh.Trimesh(vertices.shape=(48, 3), faces.shape=(28, 3))> using `load_obj` in 0.0007s
2024-11-23 13:02:45,465 INFO =====> alpha: 1.5
2024-11-23 13:02:45,465 INFO =====> Loss info: {'particle_has_naninf': False, 'height_map_loss': 21.575607299804688, 'emd_loss': 44.45365905761719, 'total_loss': 21.575607299804688}
2024-11-23 13:02:45,466 INFO =====> Best alpha: 0.01, Best loss info: {'particle_has_naninf': False, 'height_map_loss': 21.47361183166504, 'emd_loss': 44.333778381347656, 'total_loss': 21.47361183166504}
2024-11-23 13:02:45,466 INFO =====> Param: E: [432569.03], nu: [0.1389435], rho: [1232.3185], sand_angle: [16.1805]
2024-11-23 13:02:45,466 INFO =====> Grad: [-7.5183413e-04 -2.6127988e+03 -1.9563711e+01  8.8027840e+01]
2024-11-23 13:02:45,466 INFO =====> Num. aborted data so far: 0
2024-11-23 13:02:45,802 INFO ===> New TaichiEnv created.
2024-11-23 13:02:45,802 INFO ===> Specifications: horizon = 311, dt = 0.01, n_substeps = 20, dt_sub = 0.0005
2024-11-23 13:02:45,825 DEBUG loaded <trimesh.Trimesh(vertices.shape=(916, 3), faces.shape=(856, 3))> using `load_obj` in 0.0028s
2024-11-23 13:02:45,968 DEBUG loaded <trimesh.Trimesh(vertices.shape=(48, 3), faces.shape=(28, 3))> using `load_obj` in 0.0007s
2024-11-23 13:03:13,386 INFO =====> Epoch: 26
2024-11-23 13:03:13,386 INFO =====> Loss info: {'particle_has_naninf': False, 'height_map_loss': 21.498882293701172, 'emd_loss': 44.33658218383789, 'total_loss': 21.498882293701172}
2024-11-23 13:03:13,386 INFO =====> Performing line search for epoch 26......
2024-11-23 13:03:13,741 INFO ===> New TaichiEnv created.
2024-11-23 13:03:13,741 INFO ===> Specifications: horizon = 311, dt = 0.01, n_substeps = 20, dt_sub = 0.0005
2024-11-23 13:03:13,764 DEBUG loaded <trimesh.Trimesh(vertices.shape=(916, 3), faces.shape=(856, 3))> using `load_obj` in 0.0029s
2024-11-23 13:03:13,909 DEBUG loaded <trimesh.Trimesh(vertices.shape=(48, 3), faces.shape=(28, 3))> using `load_obj` in 0.0007s
2024-11-23 13:03:24,133 INFO =====> alpha: 0.01
2024-11-23 13:03:24,133 INFO =====> Loss info: {'particle_has_naninf': False, 'height_map_loss': 21.478483200073242, 'emd_loss': 44.332916259765625, 'total_loss': 21.478483200073242}
2024-11-23 13:03:24,465 INFO ===> New TaichiEnv created.
2024-11-23 13:03:24,465 INFO ===> Specifications: horizon = 311, dt = 0.01, n_substeps = 20, dt_sub = 0.0005
2024-11-23 13:03:24,487 DEBUG loaded <trimesh.Trimesh(vertices.shape=(916, 3), faces.shape=(856, 3))> using `load_obj` in 0.0029s
2024-11-23 13:03:24,630 DEBUG loaded <trimesh.Trimesh(vertices.shape=(48, 3), faces.shape=(28, 3))> using `load_obj` in 0.0007s
2024-11-23 13:03:34,388 INFO =====> alpha: 0.1
2024-11-23 13:03:34,388 INFO =====> Loss info: {'particle_has_naninf': False, 'height_map_loss': 21.49740219116211, 'emd_loss': 44.467227935791016, 'total_loss': 21.49740219116211}
2024-11-23 13:03:34,722 INFO ===> New TaichiEnv created.
2024-11-23 13:03:34,722 INFO ===> Specifications: horizon = 311, dt = 0.01, n_substeps = 20, dt_sub = 0.0005
2024-11-23 13:03:34,744 DEBUG loaded <trimesh.Trimesh(vertices.shape=(916, 3), faces.shape=(856, 3))> using `load_obj` in 0.0029s
2024-11-23 13:03:34,888 DEBUG loaded <trimesh.Trimesh(vertices.shape=(48, 3), faces.shape=(28, 3))> using `load_obj` in 0.0007s
2024-11-23 13:03:45,022 INFO =====> alpha: 0.5
2024-11-23 13:03:45,022 INFO =====> Loss info: {'particle_has_naninf': False, 'height_map_loss': 21.531726837158203, 'emd_loss': 44.49091720581055, 'total_loss': 21.531726837158203}
2024-11-23 13:03:45,363 INFO ===> New TaichiEnv created.
2024-11-23 13:03:45,363 INFO ===> Specifications: horizon = 311, dt = 0.01, n_substeps = 20, dt_sub = 0.0005
2024-11-23 13:03:45,386 DEBUG loaded <trimesh.Trimesh(vertices.shape=(916, 3), faces.shape=(856, 3))> using `load_obj` in 0.0029s
2024-11-23 13:03:45,532 DEBUG loaded <trimesh.Trimesh(vertices.shape=(48, 3), faces.shape=(28, 3))> using `load_obj` in 0.0007s
2024-11-23 13:03:55,692 INFO =====> alpha: 1.0
2024-11-23 13:03:55,692 INFO =====> Loss info: {'particle_has_naninf': False, 'height_map_loss': 21.54313850402832, 'emd_loss': 44.17254638671875, 'total_loss': 21.54313850402832}
2024-11-23 13:03:56,024 INFO ===> New TaichiEnv created.
2024-11-23 13:03:56,024 INFO ===> Specifications: horizon = 311, dt = 0.01, n_substeps = 20, dt_sub = 0.0005
2024-11-23 13:03:56,046 DEBUG loaded <trimesh.Trimesh(vertices.shape=(916, 3), faces.shape=(856, 3))> using `load_obj` in 0.0029s
2024-11-23 13:03:56,191 DEBUG loaded <trimesh.Trimesh(vertices.shape=(48, 3), faces.shape=(28, 3))> using `load_obj` in 0.0007s
2024-11-23 13:04:06,388 INFO =====> alpha: 1.01
2024-11-23 13:04:06,388 INFO =====> Loss info: {'particle_has_naninf': False, 'height_map_loss': 21.546457290649414, 'emd_loss': 44.19532012939453, 'total_loss': 21.546457290649414}
2024-11-23 13:04:06,719 INFO ===> New TaichiEnv created.
2024-11-23 13:04:06,719 INFO ===> Specifications: horizon = 311, dt = 0.01, n_substeps = 20, dt_sub = 0.0005
2024-11-23 13:04:06,742 DEBUG loaded <trimesh.Trimesh(vertices.shape=(916, 3), faces.shape=(856, 3))> using `load_obj` in 0.0029s
2024-11-23 13:04:06,886 DEBUG loaded <trimesh.Trimesh(vertices.shape=(48, 3), faces.shape=(28, 3))> using `load_obj` in 0.0007s
2024-11-23 13:04:16,665 INFO =====> alpha: 1.1
2024-11-23 13:04:16,665 INFO =====> Loss info: {'particle_has_naninf': False, 'height_map_loss': 21.564300537109375, 'emd_loss': 44.22771072387695, 'total_loss': 21.564300537109375}
2024-11-23 13:04:16,997 INFO ===> New TaichiEnv created.
2024-11-23 13:04:16,997 INFO ===> Specifications: horizon = 311, dt = 0.01, n_substeps = 20, dt_sub = 0.0005
2024-11-23 13:04:17,019 DEBUG loaded <trimesh.Trimesh(vertices.shape=(916, 3), faces.shape=(856, 3))> using `load_obj` in 0.0029s
2024-11-23 13:04:17,163 DEBUG loaded <trimesh.Trimesh(vertices.shape=(48, 3), faces.shape=(28, 3))> using `load_obj` in 0.0007s
2024-11-23 13:04:27,318 INFO =====> alpha: 1.5
2024-11-23 13:04:27,318 INFO =====> Loss info: {'particle_has_naninf': False, 'height_map_loss': 21.562589645385742, 'emd_loss': 44.25631332397461, 'total_loss': 21.562589645385742}
2024-11-23 13:04:27,319 INFO =====> Best alpha: 0.01, Best loss info: {'particle_has_naninf': False, 'height_map_loss': 21.478483200073242, 'emd_loss': 44.332916259765625, 'total_loss': 21.478483200073242}
2024-11-23 13:04:27,319 INFO =====> Param: E: [432549.7], nu: [0.13896345], rho: [1232.2461], sand_angle: [16.176609]
2024-11-23 13:04:27,319 INFO =====> Grad: [ 9.0127869e-04 -2.2453245e+03  4.4936714e+00  1.8130254e+02]
2024-11-23 13:04:27,319 INFO =====> Num. aborted data so far: 0
2024-11-23 13:04:27,651 INFO ===> New TaichiEnv created.
2024-11-23 13:04:27,651 INFO ===> Specifications: horizon = 311, dt = 0.01, n_substeps = 20, dt_sub = 0.0005
2024-11-23 13:04:27,674 DEBUG loaded <trimesh.Trimesh(vertices.shape=(916, 3), faces.shape=(856, 3))> using `load_obj` in 0.0030s
2024-11-23 13:04:27,819 DEBUG loaded <trimesh.Trimesh(vertices.shape=(48, 3), faces.shape=(28, 3))> using `load_obj` in 0.0007s
2024-11-23 13:04:55,014 INFO =====> Epoch: 27
2024-11-23 13:04:55,014 INFO =====> Loss info: {'particle_has_naninf': False, 'height_map_loss': 21.471471786499023, 'emd_loss': 44.33296203613281, 'total_loss': 21.471471786499023}
2024-11-23 13:04:55,014 INFO =====> Performing line search for epoch 27......
2024-11-23 13:04:55,366 INFO ===> New TaichiEnv created.
2024-11-23 13:04:55,367 INFO ===> Specifications: horizon = 311, dt = 0.01, n_substeps = 20, dt_sub = 0.0005
2024-11-23 13:04:55,389 DEBUG loaded <trimesh.Trimesh(vertices.shape=(916, 3), faces.shape=(856, 3))> using `load_obj` in 0.0029s
2024-11-23 13:04:55,536 DEBUG loaded <trimesh.Trimesh(vertices.shape=(48, 3), faces.shape=(28, 3))> using `load_obj` in 0.0007s
2024-11-23 13:05:05,807 INFO =====> alpha: 0.01
2024-11-23 13:05:05,807 INFO =====> Loss info: {'particle_has_naninf': False, 'height_map_loss': 21.473848342895508, 'emd_loss': 44.33612823486328, 'total_loss': 21.473848342895508}
2024-11-23 13:05:06,142 INFO ===> New TaichiEnv created.
2024-11-23 13:05:06,142 INFO ===> Specifications: horizon = 311, dt = 0.01, n_substeps = 20, dt_sub = 0.0005
2024-11-23 13:05:06,165 DEBUG loaded <trimesh.Trimesh(vertices.shape=(916, 3), faces.shape=(856, 3))> using `load_obj` in 0.0030s
2024-11-23 13:05:06,313 DEBUG loaded <trimesh.Trimesh(vertices.shape=(48, 3), faces.shape=(28, 3))> using `load_obj` in 0.0007s
2024-11-23 13:05:16,511 INFO =====> alpha: 0.1
2024-11-23 13:05:16,511 INFO =====> Loss info: {'particle_has_naninf': False, 'height_map_loss': 21.496187210083008, 'emd_loss': 44.14350509643555, 'total_loss': 21.496187210083008}
2024-11-23 13:05:16,851 INFO ===> New TaichiEnv created.
2024-11-23 13:05:16,851 INFO ===> Specifications: horizon = 311, dt = 0.01, n_substeps = 20, dt_sub = 0.0005
2024-11-23 13:05:16,873 DEBUG loaded <trimesh.Trimesh(vertices.shape=(916, 3), faces.shape=(856, 3))> using `load_obj` in 0.0029s
2024-11-23 13:05:17,021 DEBUG loaded <trimesh.Trimesh(vertices.shape=(48, 3), faces.shape=(28, 3))> using `load_obj` in 0.0007s
2024-11-23 13:05:27,210 INFO =====> alpha: 0.5
2024-11-23 13:05:27,210 INFO =====> Loss info: {'particle_has_naninf': False, 'height_map_loss': 21.571826934814453, 'emd_loss': 44.42435073852539, 'total_loss': 21.571826934814453}
2024-11-23 13:05:27,595 INFO ===> New TaichiEnv created.
2024-11-23 13:05:27,595 INFO ===> Specifications: horizon = 311, dt = 0.01, n_substeps = 20, dt_sub = 0.0005
2024-11-23 13:05:27,617 DEBUG loaded <trimesh.Trimesh(vertices.shape=(916, 3), faces.shape=(856, 3))> using `load_obj` in 0.0029s
2024-11-23 13:05:27,762 DEBUG loaded <trimesh.Trimesh(vertices.shape=(48, 3), faces.shape=(28, 3))> using `load_obj` in 0.0007s
2024-11-23 13:05:37,495 INFO =====> alpha: 1.0
2024-11-23 13:05:37,495 INFO =====> Loss info: {'particle_has_naninf': False, 'height_map_loss': 21.624174118041992, 'emd_loss': 43.75424575805664, 'total_loss': 21.624174118041992}
2024-11-23 13:05:37,829 INFO ===> New TaichiEnv created.
2024-11-23 13:05:37,829 INFO ===> Specifications: horizon = 311, dt = 0.01, n_substeps = 20, dt_sub = 0.0005
2024-11-23 13:05:37,851 DEBUG loaded <trimesh.Trimesh(vertices.shape=(916, 3), faces.shape=(856, 3))> using `load_obj` in 0.0029s
2024-11-23 13:05:37,996 DEBUG loaded <trimesh.Trimesh(vertices.shape=(48, 3), faces.shape=(28, 3))> using `load_obj` in 0.0007s
2024-11-23 13:05:48,069 INFO =====> alpha: 1.01
2024-11-23 13:05:48,070 INFO =====> Loss info: {'particle_has_naninf': False, 'height_map_loss': 21.62029266357422, 'emd_loss': 43.763877868652344, 'total_loss': 21.62029266357422}
2024-11-23 13:05:48,409 INFO ===> New TaichiEnv created.
2024-11-23 13:05:48,409 INFO ===> Specifications: horizon = 311, dt = 0.01, n_substeps = 20, dt_sub = 0.0005
2024-11-23 13:05:48,431 DEBUG loaded <trimesh.Trimesh(vertices.shape=(916, 3), faces.shape=(856, 3))> using `load_obj` in 0.0030s
2024-11-23 13:05:48,578 DEBUG loaded <trimesh.Trimesh(vertices.shape=(48, 3), faces.shape=(28, 3))> using `load_obj` in 0.0007s
2024-11-23 13:05:58,735 INFO =====> alpha: 1.1
2024-11-23 13:05:58,735 INFO =====> Loss info: {'particle_has_naninf': False, 'height_map_loss': 21.60822868347168, 'emd_loss': 43.519752502441406, 'total_loss': 21.60822868347168}
2024-11-23 13:05:59,069 INFO ===> New TaichiEnv created.
2024-11-23 13:05:59,069 INFO ===> Specifications: horizon = 311, dt = 0.01, n_substeps = 20, dt_sub = 0.0005
2024-11-23 13:05:59,092 DEBUG loaded <trimesh.Trimesh(vertices.shape=(916, 3), faces.shape=(856, 3))> using `load_obj` in 0.0030s
2024-11-23 13:05:59,237 DEBUG loaded <trimesh.Trimesh(vertices.shape=(48, 3), faces.shape=(28, 3))> using `load_obj` in 0.0007s
2024-11-23 13:06:08,982 INFO =====> alpha: 1.5
2024-11-23 13:06:08,983 INFO =====> Loss info: {'particle_has_naninf': False, 'height_map_loss': 21.648557662963867, 'emd_loss': 43.505210876464844, 'total_loss': 21.648557662963867}
2024-11-23 13:06:08,983 INFO =====> Best alpha: 0.01, Best loss info: {'particle_has_naninf': False, 'height_map_loss': 21.473848342895508, 'emd_loss': 44.33612823486328, 'total_loss': 21.473848342895508}
2024-11-23 13:06:08,983 INFO =====> Param: E: [432775.16], nu: [0.13909793], rho: [1233.0564], sand_angle: [16.185087]
2024-11-23 13:06:08,983 INFO =====> Grad: [-1.06632896e-02 -1.58651875e+04 -5.55967445e+01 -3.89024628e+02]
2024-11-23 13:06:08,983 INFO =====> Num. aborted data so far: 0
2024-11-23 13:06:09,318 INFO ===> New TaichiEnv created.
2024-11-23 13:06:09,319 INFO ===> Specifications: horizon = 311, dt = 0.01, n_substeps = 20, dt_sub = 0.0005
2024-11-23 13:06:09,341 DEBUG loaded <trimesh.Trimesh(vertices.shape=(916, 3), faces.shape=(856, 3))> using `load_obj` in 0.0028s
2024-11-23 13:06:09,493 DEBUG loaded <trimesh.Trimesh(vertices.shape=(48, 3), faces.shape=(28, 3))> using `load_obj` in 0.0007s
2024-11-23 13:06:36,912 INFO =====> Epoch: 28
2024-11-23 13:06:36,913 INFO =====> Loss info: {'particle_has_naninf': False, 'height_map_loss': 21.4715633392334, 'emd_loss': 44.33537673950195, 'total_loss': 21.4715633392334}
2024-11-23 13:06:36,913 INFO =====> Performing line search for epoch 28......
2024-11-23 13:06:37,268 INFO ===> New TaichiEnv created.
2024-11-23 13:06:37,268 INFO ===> Specifications: horizon = 311, dt = 0.01, n_substeps = 20, dt_sub = 0.0005
2024-11-23 13:06:37,290 DEBUG loaded <trimesh.Trimesh(vertices.shape=(916, 3), faces.shape=(856, 3))> using `load_obj` in 0.0030s
2024-11-23 13:06:37,435 DEBUG loaded <trimesh.Trimesh(vertices.shape=(48, 3), faces.shape=(28, 3))> using `load_obj` in 0.0007s
2024-11-23 13:06:47,615 INFO =====> alpha: 0.01
2024-11-23 13:06:47,615 INFO =====> Loss info: {'particle_has_naninf': False, 'height_map_loss': 21.498750686645508, 'emd_loss': 44.251708984375, 'total_loss': 21.498750686645508}
2024-11-23 13:06:47,951 INFO ===> New TaichiEnv created.
2024-11-23 13:06:47,951 INFO ===> Specifications: horizon = 311, dt = 0.01, n_substeps = 20, dt_sub = 0.0005
2024-11-23 13:06:47,973 DEBUG loaded <trimesh.Trimesh(vertices.shape=(916, 3), faces.shape=(856, 3))> using `load_obj` in 0.0029s
2024-11-23 13:06:48,118 DEBUG loaded <trimesh.Trimesh(vertices.shape=(48, 3), faces.shape=(28, 3))> using `load_obj` in 0.0007s
2024-11-23 13:06:57,921 INFO =====> alpha: 0.1
2024-11-23 13:06:57,921 INFO =====> Loss info: {'particle_has_naninf': False, 'height_map_loss': 21.529558181762695, 'emd_loss': 44.12156677246094, 'total_loss': 21.529558181762695}
2024-11-23 13:06:58,252 INFO ===> New TaichiEnv created.
2024-11-23 13:06:58,252 INFO ===> Specifications: horizon = 311, dt = 0.01, n_substeps = 20, dt_sub = 0.0005
2024-11-23 13:06:58,275 DEBUG loaded <trimesh.Trimesh(vertices.shape=(916, 3), faces.shape=(856, 3))> using `load_obj` in 0.0029s
2024-11-23 13:06:58,419 DEBUG loaded <trimesh.Trimesh(vertices.shape=(48, 3), faces.shape=(28, 3))> using `load_obj` in 0.0007s
2024-11-23 13:07:08,611 INFO =====> alpha: 0.5
2024-11-23 13:07:08,611 INFO =====> Loss info: {'particle_has_naninf': False, 'height_map_loss': 21.651756286621094, 'emd_loss': 43.593502044677734, 'total_loss': 21.651756286621094}
2024-11-23 13:07:08,949 INFO ===> New TaichiEnv created.
2024-11-23 13:07:08,949 INFO ===> Specifications: horizon = 311, dt = 0.01, n_substeps = 20, dt_sub = 0.0005
2024-11-23 13:07:08,972 DEBUG loaded <trimesh.Trimesh(vertices.shape=(916, 3), faces.shape=(856, 3))> using `load_obj` in 0.0030s
2024-11-23 13:07:09,116 DEBUG loaded <trimesh.Trimesh(vertices.shape=(48, 3), faces.shape=(28, 3))> using `load_obj` in 0.0007s
2024-11-23 13:07:19,267 INFO =====> alpha: 1.0
2024-11-23 13:07:19,267 INFO =====> Loss info: {'particle_has_naninf': False, 'height_map_loss': 21.804546356201172, 'emd_loss': 43.69181442260742, 'total_loss': 21.804546356201172}
2024-11-23 13:07:19,602 INFO ===> New TaichiEnv created.
2024-11-23 13:07:19,602 INFO ===> Specifications: horizon = 311, dt = 0.01, n_substeps = 20, dt_sub = 0.0005
2024-11-23 13:07:19,624 DEBUG loaded <trimesh.Trimesh(vertices.shape=(916, 3), faces.shape=(856, 3))> using `load_obj` in 0.0029s
2024-11-23 13:07:19,770 DEBUG loaded <trimesh.Trimesh(vertices.shape=(48, 3), faces.shape=(28, 3))> using `load_obj` in 0.0007s
2024-11-23 13:07:29,495 INFO =====> alpha: 1.01
2024-11-23 13:07:29,495 INFO =====> Loss info: {'particle_has_naninf': False, 'height_map_loss': 21.816699981689453, 'emd_loss': 43.701255798339844, 'total_loss': 21.816699981689453}
2024-11-23 13:07:29,829 INFO ===> New TaichiEnv created.
2024-11-23 13:07:29,829 INFO ===> Specifications: horizon = 311, dt = 0.01, n_substeps = 20, dt_sub = 0.0005
2024-11-23 13:07:29,851 DEBUG loaded <trimesh.Trimesh(vertices.shape=(916, 3), faces.shape=(856, 3))> using `load_obj` in 0.0028s
2024-11-23 13:07:29,997 DEBUG loaded <trimesh.Trimesh(vertices.shape=(48, 3), faces.shape=(28, 3))> using `load_obj` in 0.0007s
2024-11-23 13:07:40,174 INFO =====> alpha: 1.1
2024-11-23 13:07:40,174 INFO =====> Loss info: {'particle_has_naninf': False, 'height_map_loss': 21.84379005432129, 'emd_loss': 44.05696487426758, 'total_loss': 21.84379005432129}
2024-11-23 13:07:40,510 INFO ===> New TaichiEnv created.
2024-11-23 13:07:40,510 INFO ===> Specifications: horizon = 311, dt = 0.01, n_substeps = 20, dt_sub = 0.0005
2024-11-23 13:07:40,532 DEBUG loaded <trimesh.Trimesh(vertices.shape=(916, 3), faces.shape=(856, 3))> using `load_obj` in 0.0029s
2024-11-23 13:07:40,678 DEBUG loaded <trimesh.Trimesh(vertices.shape=(48, 3), faces.shape=(28, 3))> using `load_obj` in 0.0007s
2024-11-23 13:07:50,826 INFO =====> alpha: 1.5
2024-11-23 13:07:50,826 INFO =====> Loss info: {'particle_has_naninf': False, 'height_map_loss': 21.884401321411133, 'emd_loss': 44.80012512207031, 'total_loss': 21.884401321411133}
2024-11-23 13:07:50,826 INFO =====> Best alpha: 0.01, Best loss info: {'particle_has_naninf': False, 'height_map_loss': 21.498750686645508, 'emd_loss': 44.251708984375, 'total_loss': 21.498750686645508}
2024-11-23 13:07:50,827 INFO =====> Param: E: [432915.6], nu: [0.13916671], rho: [1233.8739], sand_angle: [16.203457]
2024-11-23 13:07:50,827 INFO =====> Grad: [-6.4623374e-03 -7.8868911e+03 -6.2168930e+01 -9.8246387e+02]
2024-11-23 13:07:50,827 INFO =====> Num. aborted data so far: 0
2024-11-23 13:07:51,161 INFO ===> New TaichiEnv created.
2024-11-23 13:07:51,161 INFO ===> Specifications: horizon = 311, dt = 0.01, n_substeps = 20, dt_sub = 0.0005
2024-11-23 13:07:51,184 DEBUG loaded <trimesh.Trimesh(vertices.shape=(916, 3), faces.shape=(856, 3))> using `load_obj` in 0.0030s
2024-11-23 13:07:51,331 DEBUG loaded <trimesh.Trimesh(vertices.shape=(48, 3), faces.shape=(28, 3))> using `load_obj` in 0.0007s
2024-11-23 13:08:18,400 INFO =====> Epoch: 29
2024-11-23 13:08:18,401 INFO =====> Loss info: {'particle_has_naninf': False, 'height_map_loss': 21.49261474609375, 'emd_loss': 44.23799133300781, 'total_loss': 21.49261474609375}
2024-11-23 13:08:18,401 INFO =====> Performing line search for epoch 29......
2024-11-23 13:08:18,755 INFO ===> New TaichiEnv created.
2024-11-23 13:08:18,755 INFO ===> Specifications: horizon = 311, dt = 0.01, n_substeps = 20, dt_sub = 0.0005
2024-11-23 13:08:18,777 DEBUG loaded <trimesh.Trimesh(vertices.shape=(916, 3), faces.shape=(856, 3))> using `load_obj` in 0.0029s
2024-11-23 13:08:18,926 DEBUG loaded <trimesh.Trimesh(vertices.shape=(48, 3), faces.shape=(28, 3))> using `load_obj` in 0.0007s
2024-11-23 13:08:29,144 INFO =====> alpha: 0.01
2024-11-23 13:08:29,144 INFO =====> Loss info: {'particle_has_naninf': False, 'height_map_loss': 21.488309860229492, 'emd_loss': 44.23514938354492, 'total_loss': 21.488309860229492}
2024-11-23 13:08:29,480 INFO ===> New TaichiEnv created.
2024-11-23 13:08:29,480 INFO ===> Specifications: horizon = 311, dt = 0.01, n_substeps = 20, dt_sub = 0.0005
2024-11-23 13:08:29,503 DEBUG loaded <trimesh.Trimesh(vertices.shape=(916, 3), faces.shape=(856, 3))> using `load_obj` in 0.0031s
2024-11-23 13:08:29,650 DEBUG loaded <trimesh.Trimesh(vertices.shape=(48, 3), faces.shape=(28, 3))> using `load_obj` in 0.0007s
2024-11-23 13:08:39,779 INFO =====> alpha: 0.1
2024-11-23 13:08:39,779 INFO =====> Loss info: {'particle_has_naninf': False, 'height_map_loss': 21.50881576538086, 'emd_loss': 43.923614501953125, 'total_loss': 21.50881576538086}
2024-11-23 13:08:40,122 INFO ===> New TaichiEnv created.
2024-11-23 13:08:40,122 INFO ===> Specifications: horizon = 311, dt = 0.01, n_substeps = 20, dt_sub = 0.0005
2024-11-23 13:08:40,144 DEBUG loaded <trimesh.Trimesh(vertices.shape=(916, 3), faces.shape=(856, 3))> using `load_obj` in 0.0029s
2024-11-23 13:08:40,288 DEBUG loaded <trimesh.Trimesh(vertices.shape=(48, 3), faces.shape=(28, 3))> using `load_obj` in 0.0007s
2024-11-23 13:08:49,971 INFO =====> alpha: 0.5
2024-11-23 13:08:49,971 INFO =====> Loss info: {'particle_has_naninf': False, 'height_map_loss': 21.57921028137207, 'emd_loss': 43.931156158447266, 'total_loss': 21.57921028137207}
2024-11-23 13:08:50,305 INFO ===> New TaichiEnv created.
2024-11-23 13:08:50,305 INFO ===> Specifications: horizon = 311, dt = 0.01, n_substeps = 20, dt_sub = 0.0005
2024-11-23 13:08:50,327 DEBUG loaded <trimesh.Trimesh(vertices.shape=(916, 3), faces.shape=(856, 3))> using `load_obj` in 0.0028s
2024-11-23 13:08:50,475 DEBUG loaded <trimesh.Trimesh(vertices.shape=(48, 3), faces.shape=(28, 3))> using `load_obj` in 0.0007s
2024-11-23 13:09:00,634 INFO =====> alpha: 1.0
2024-11-23 13:09:00,634 INFO =====> Loss info: {'particle_has_naninf': False, 'height_map_loss': 21.596622467041016, 'emd_loss': 43.39422607421875, 'total_loss': 21.596622467041016}
2024-11-23 13:09:00,971 INFO ===> New TaichiEnv created.
2024-11-23 13:09:00,971 INFO ===> Specifications: horizon = 311, dt = 0.01, n_substeps = 20, dt_sub = 0.0005
2024-11-23 13:09:00,996 DEBUG loaded <trimesh.Trimesh(vertices.shape=(916, 3), faces.shape=(856, 3))> using `load_obj` in 0.0029s
2024-11-23 13:09:01,139 DEBUG loaded <trimesh.Trimesh(vertices.shape=(48, 3), faces.shape=(28, 3))> using `load_obj` in 0.0007s
2024-11-23 13:09:11,223 INFO =====> alpha: 1.01
2024-11-23 13:09:11,224 INFO =====> Loss info: {'particle_has_naninf': False, 'height_map_loss': 21.595134735107422, 'emd_loss': 43.39361572265625, 'total_loss': 21.595134735107422}
2024-11-23 13:09:11,561 INFO ===> New TaichiEnv created.
2024-11-23 13:09:11,561 INFO ===> Specifications: horizon = 311, dt = 0.01, n_substeps = 20, dt_sub = 0.0005
2024-11-23 13:09:11,583 DEBUG loaded <trimesh.Trimesh(vertices.shape=(916, 3), faces.shape=(856, 3))> using `load_obj` in 0.0030s
2024-11-23 13:09:11,728 DEBUG loaded <trimesh.Trimesh(vertices.shape=(48, 3), faces.shape=(28, 3))> using `load_obj` in 0.0007s
2024-11-23 13:09:21,917 INFO =====> alpha: 1.1
2024-11-23 13:09:21,918 INFO =====> Loss info: {'particle_has_naninf': False, 'height_map_loss': 21.644609451293945, 'emd_loss': 43.6384391784668, 'total_loss': 21.644609451293945}
2024-11-23 13:09:22,249 INFO ===> New TaichiEnv created.
2024-11-23 13:09:22,249 INFO ===> Specifications: horizon = 311, dt = 0.01, n_substeps = 20, dt_sub = 0.0005
2024-11-23 13:09:22,272 DEBUG loaded <trimesh.Trimesh(vertices.shape=(916, 3), faces.shape=(856, 3))> using `load_obj` in 0.0030s
2024-11-23 13:09:22,416 DEBUG loaded <trimesh.Trimesh(vertices.shape=(48, 3), faces.shape=(28, 3))> using `load_obj` in 0.0007s
2024-11-23 13:09:32,191 INFO =====> alpha: 1.5
2024-11-23 13:09:32,192 INFO =====> Loss info: {'particle_has_naninf': False, 'height_map_loss': 21.75358009338379, 'emd_loss': 43.49822998046875, 'total_loss': 21.75358009338379}
2024-11-23 13:09:32,192 INFO =====> Best alpha: 0.01, Best loss info: {'particle_has_naninf': False, 'height_map_loss': 21.488309860229492, 'emd_loss': 44.23514938354492, 'total_loss': 21.488309860229492}
2024-11-23 13:09:32,192 INFO =====> Param: E: [432981.22], nu: [0.13918781], rho: [1233.645], sand_angle: [16.214437]
2024-11-23 13:09:32,192 INFO =====> Grad: [-2.8801197e-03 -2.3004148e+03  1.6686207e+01 -5.9409454e+02]
2024-11-23 13:09:32,192 INFO =====> Num. aborted data so far: 0
2024-11-23 13:09:32,524 INFO ===> New TaichiEnv created.
2024-11-23 13:09:32,524 INFO ===> Specifications: horizon = 311, dt = 0.01, n_substeps = 20, dt_sub = 0.0005
2024-11-23 13:09:32,548 DEBUG loaded <trimesh.Trimesh(vertices.shape=(916, 3), faces.shape=(856, 3))> using `load_obj` in 0.0028s
2024-11-23 13:09:32,693 DEBUG loaded <trimesh.Trimesh(vertices.shape=(48, 3), faces.shape=(28, 3))> using `load_obj` in 0.0007s
2024-11-23 13:10:00,483 INFO =====> Epoch: 30
2024-11-23 13:10:00,483 INFO =====> Loss info: {'particle_has_naninf': False, 'height_map_loss': 21.487960815429688, 'emd_loss': 44.24272155761719, 'total_loss': 21.487960815429688}
2024-11-23 13:10:00,483 INFO =====> Performing line search for epoch 30......
2024-11-23 13:10:00,839 INFO ===> New TaichiEnv created.
2024-11-23 13:10:00,839 INFO ===> Specifications: horizon = 311, dt = 0.01, n_substeps = 20, dt_sub = 0.0005
2024-11-23 13:10:00,863 DEBUG loaded <trimesh.Trimesh(vertices.shape=(916, 3), faces.shape=(856, 3))> using `load_obj` in 0.0031s
2024-11-23 13:10:01,010 DEBUG loaded <trimesh.Trimesh(vertices.shape=(48, 3), faces.shape=(28, 3))> using `load_obj` in 0.0007s
2024-11-23 13:10:10,758 INFO =====> alpha: 0.01
2024-11-23 13:10:10,758 INFO =====> Loss info: {'particle_has_naninf': False, 'height_map_loss': 21.4827823638916, 'emd_loss': 44.247772216796875, 'total_loss': 21.4827823638916}
2024-11-23 13:10:11,093 INFO ===> New TaichiEnv created.
2024-11-23 13:10:11,093 INFO ===> Specifications: horizon = 311, dt = 0.01, n_substeps = 20, dt_sub = 0.0005
2024-11-23 13:10:11,115 DEBUG loaded <trimesh.Trimesh(vertices.shape=(916, 3), faces.shape=(856, 3))> using `load_obj` in 0.0029s
2024-11-23 13:10:11,260 DEBUG loaded <trimesh.Trimesh(vertices.shape=(48, 3), faces.shape=(28, 3))> using `load_obj` in 0.0007s
2024-11-23 13:10:21,420 INFO =====> alpha: 0.1
2024-11-23 13:10:21,420 INFO =====> Loss info: {'particle_has_naninf': False, 'height_map_loss': 21.492929458618164, 'emd_loss': 44.12794876098633, 'total_loss': 21.492929458618164}
2024-11-23 13:10:21,758 INFO ===> New TaichiEnv created.
2024-11-23 13:10:21,758 INFO ===> Specifications: horizon = 311, dt = 0.01, n_substeps = 20, dt_sub = 0.0005
2024-11-23 13:10:21,781 DEBUG loaded <trimesh.Trimesh(vertices.shape=(916, 3), faces.shape=(856, 3))> using `load_obj` in 0.0029s
2024-11-23 13:10:21,927 DEBUG loaded <trimesh.Trimesh(vertices.shape=(48, 3), faces.shape=(28, 3))> using `load_obj` in 0.0007s
2024-11-23 13:10:32,034 INFO =====> alpha: 0.5
2024-11-23 13:10:32,035 INFO =====> Loss info: {'particle_has_naninf': False, 'height_map_loss': 21.54282569885254, 'emd_loss': 44.25041580200195, 'total_loss': 21.54282569885254}
2024-11-23 13:10:32,364 INFO ===> New TaichiEnv created.
2024-11-23 13:10:32,364 INFO ===> Specifications: horizon = 311, dt = 0.01, n_substeps = 20, dt_sub = 0.0005
2024-11-23 13:10:32,387 DEBUG loaded <trimesh.Trimesh(vertices.shape=(916, 3), faces.shape=(856, 3))> using `load_obj` in 0.0029s
2024-11-23 13:10:32,533 DEBUG loaded <trimesh.Trimesh(vertices.shape=(48, 3), faces.shape=(28, 3))> using `load_obj` in 0.0007s
2024-11-23 13:10:42,736 INFO =====> alpha: 1.0
2024-11-23 13:10:42,736 INFO =====> Loss info: {'particle_has_naninf': False, 'height_map_loss': 21.594013214111328, 'emd_loss': 43.60771942138672, 'total_loss': 21.594013214111328}
2024-11-23 13:10:43,076 INFO ===> New TaichiEnv created.
2024-11-23 13:10:43,076 INFO ===> Specifications: horizon = 311, dt = 0.01, n_substeps = 20, dt_sub = 0.0005
2024-11-23 13:10:43,098 DEBUG loaded <trimesh.Trimesh(vertices.shape=(916, 3), faces.shape=(856, 3))> using `load_obj` in 0.0029s
2024-11-23 13:10:43,244 DEBUG loaded <trimesh.Trimesh(vertices.shape=(48, 3), faces.shape=(28, 3))> using `load_obj` in 0.0007s
2024-11-23 13:10:53,016 INFO =====> alpha: 1.01
2024-11-23 13:10:53,016 INFO =====> Loss info: {'particle_has_naninf': False, 'height_map_loss': 21.59085464477539, 'emd_loss': 43.65407943725586, 'total_loss': 21.59085464477539}
2024-11-23 13:10:53,351 INFO ===> New TaichiEnv created.
2024-11-23 13:10:53,351 INFO ===> Specifications: horizon = 311, dt = 0.01, n_substeps = 20, dt_sub = 0.0005
2024-11-23 13:10:53,374 DEBUG loaded <trimesh.Trimesh(vertices.shape=(916, 3), faces.shape=(856, 3))> using `load_obj` in 0.0029s
2024-11-23 13:10:53,524 DEBUG loaded <trimesh.Trimesh(vertices.shape=(48, 3), faces.shape=(28, 3))> using `load_obj` in 0.0007s
2024-11-23 13:11:03,692 INFO =====> alpha: 1.1
2024-11-23 13:11:03,692 INFO =====> Loss info: {'particle_has_naninf': False, 'height_map_loss': 21.620487213134766, 'emd_loss': 43.68035125732422, 'total_loss': 21.620487213134766}
2024-11-23 13:11:04,028 INFO ===> New TaichiEnv created.
2024-11-23 13:11:04,028 INFO ===> Specifications: horizon = 311, dt = 0.01, n_substeps = 20, dt_sub = 0.0005
2024-11-23 13:11:04,051 DEBUG loaded <trimesh.Trimesh(vertices.shape=(916, 3), faces.shape=(856, 3))> using `load_obj` in 0.0030s
2024-11-23 13:11:04,195 DEBUG loaded <trimesh.Trimesh(vertices.shape=(48, 3), faces.shape=(28, 3))> using `load_obj` in 0.0007s
2024-11-23 13:11:14,268 INFO =====> alpha: 1.5
2024-11-23 13:11:14,269 INFO =====> Loss info: {'particle_has_naninf': False, 'height_map_loss': 21.586416244506836, 'emd_loss': 43.298011779785156, 'total_loss': 21.586416244506836}
2024-11-23 13:11:14,269 INFO =====> Best alpha: 0.01, Best loss info: {'particle_has_naninf': False, 'height_map_loss': 21.4827823638916, 'emd_loss': 44.247772216796875, 'total_loss': 21.4827823638916}
2024-11-23 13:11:14,269 INFO =====> Param: E: [433305.9], nu: [0.13932516], rho: [1233.9852], sand_angle: [16.22179]
2024-11-23 13:11:14,269 INFO =====> Grad: [-1.5753664e-02 -1.5768843e+04 -2.4097153e+01 -3.8808676e+02]
2024-11-23 13:11:14,269 INFO =====> Num. aborted data so far: 0
2024-11-23 13:11:14,605 INFO ===> New TaichiEnv created.
2024-11-23 13:11:14,605 INFO ===> Specifications: horizon = 311, dt = 0.01, n_substeps = 20, dt_sub = 0.0005
2024-11-23 13:11:14,629 DEBUG loaded <trimesh.Trimesh(vertices.shape=(916, 3), faces.shape=(856, 3))> using `load_obj` in 0.0029s
2024-11-23 13:11:14,773 DEBUG loaded <trimesh.Trimesh(vertices.shape=(48, 3), faces.shape=(28, 3))> using `load_obj` in 0.0007s
2024-11-23 13:11:41,885 INFO =====> Epoch: 31
2024-11-23 13:11:41,885 INFO =====> Loss info: {'particle_has_naninf': False, 'height_map_loss': 21.48170280456543, 'emd_loss': 44.247344970703125, 'total_loss': 21.48170280456543}
2024-11-23 13:11:41,885 INFO =====> Performing line search for epoch 31......
2024-11-23 13:11:42,240 INFO ===> New TaichiEnv created.
2024-11-23 13:11:42,240 INFO ===> Specifications: horizon = 311, dt = 0.01, n_substeps = 20, dt_sub = 0.0005
2024-11-23 13:11:42,263 DEBUG loaded <trimesh.Trimesh(vertices.shape=(916, 3), faces.shape=(856, 3))> using `load_obj` in 0.0030s
2024-11-23 13:11:42,416 DEBUG loaded <trimesh.Trimesh(vertices.shape=(48, 3), faces.shape=(28, 3))> using `load_obj` in 0.0007s
2024-11-23 13:11:52,594 INFO =====> alpha: 0.01
2024-11-23 13:11:52,594 INFO =====> Loss info: {'particle_has_naninf': False, 'height_map_loss': 21.481775283813477, 'emd_loss': 44.25507354736328, 'total_loss': 21.481775283813477}
2024-11-23 13:11:52,933 INFO ===> New TaichiEnv created.
2024-11-23 13:11:52,933 INFO ===> Specifications: horizon = 311, dt = 0.01, n_substeps = 20, dt_sub = 0.0005
2024-11-23 13:11:52,955 DEBUG loaded <trimesh.Trimesh(vertices.shape=(916, 3), faces.shape=(856, 3))> using `load_obj` in 0.0029s
2024-11-23 13:11:53,103 DEBUG loaded <trimesh.Trimesh(vertices.shape=(48, 3), faces.shape=(28, 3))> using `load_obj` in 0.0007s
2024-11-23 13:12:02,834 INFO =====> alpha: 0.1
2024-11-23 13:12:02,834 INFO =====> Loss info: {'particle_has_naninf': False, 'height_map_loss': 21.494400024414062, 'emd_loss': 44.232547760009766, 'total_loss': 21.494400024414062}
2024-11-23 13:12:03,197 INFO ===> New TaichiEnv created.
2024-11-23 13:12:03,197 INFO ===> Specifications: horizon = 311, dt = 0.01, n_substeps = 20, dt_sub = 0.0005
2024-11-23 13:12:03,220 DEBUG loaded <trimesh.Trimesh(vertices.shape=(916, 3), faces.shape=(856, 3))> using `load_obj` in 0.0030s
2024-11-23 13:12:03,368 DEBUG loaded <trimesh.Trimesh(vertices.shape=(48, 3), faces.shape=(28, 3))> using `load_obj` in 0.0007s
2024-11-23 13:12:13,649 INFO =====> alpha: 0.5
2024-11-23 13:12:13,649 INFO =====> Loss info: {'particle_has_naninf': False, 'height_map_loss': 21.474246978759766, 'emd_loss': 44.34651184082031, 'total_loss': 21.474246978759766}
2024-11-23 13:12:13,996 INFO ===> New TaichiEnv created.
2024-11-23 13:12:13,996 INFO ===> Specifications: horizon = 311, dt = 0.01, n_substeps = 20, dt_sub = 0.0005
2024-11-23 13:12:14,018 DEBUG loaded <trimesh.Trimesh(vertices.shape=(916, 3), faces.shape=(856, 3))> using `load_obj` in 0.0029s
2024-11-23 13:12:14,165 DEBUG loaded <trimesh.Trimesh(vertices.shape=(48, 3), faces.shape=(28, 3))> using `load_obj` in 0.0007s
2024-11-23 13:12:24,371 INFO =====> alpha: 1.0
2024-11-23 13:12:24,371 INFO =====> Loss info: {'particle_has_naninf': False, 'height_map_loss': 21.508609771728516, 'emd_loss': 44.01300811767578, 'total_loss': 21.508609771728516}
2024-11-23 13:12:24,705 INFO ===> New TaichiEnv created.
2024-11-23 13:12:24,706 INFO ===> Specifications: horizon = 311, dt = 0.01, n_substeps = 20, dt_sub = 0.0005
2024-11-23 13:12:24,728 DEBUG loaded <trimesh.Trimesh(vertices.shape=(916, 3), faces.shape=(856, 3))> using `load_obj` in 0.0028s
2024-11-23 13:12:24,873 DEBUG loaded <trimesh.Trimesh(vertices.shape=(48, 3), faces.shape=(28, 3))> using `load_obj` in 0.0007s
2024-11-23 13:12:34,656 INFO =====> alpha: 1.01
2024-11-23 13:12:34,656 INFO =====> Loss info: {'particle_has_naninf': False, 'height_map_loss': 21.493846893310547, 'emd_loss': 44.05215072631836, 'total_loss': 21.493846893310547}
2024-11-23 13:12:34,993 INFO ===> New TaichiEnv created.
2024-11-23 13:12:34,994 INFO ===> Specifications: horizon = 311, dt = 0.01, n_substeps = 20, dt_sub = 0.0005
2024-11-23 13:12:35,016 DEBUG loaded <trimesh.Trimesh(vertices.shape=(916, 3), faces.shape=(856, 3))> using `load_obj` in 0.0028s
2024-11-23 13:12:35,162 DEBUG loaded <trimesh.Trimesh(vertices.shape=(48, 3), faces.shape=(28, 3))> using `load_obj` in 0.0007s
2024-11-23 13:12:45,417 INFO =====> alpha: 1.1
2024-11-23 13:12:45,417 INFO =====> Loss info: {'particle_has_naninf': False, 'height_map_loss': 21.500473022460938, 'emd_loss': 43.88506317138672, 'total_loss': 21.500473022460938}
2024-11-23 13:12:45,748 INFO ===> New TaichiEnv created.
2024-11-23 13:12:45,748 INFO ===> Specifications: horizon = 311, dt = 0.01, n_substeps = 20, dt_sub = 0.0005
2024-11-23 13:12:45,771 DEBUG loaded <trimesh.Trimesh(vertices.shape=(916, 3), faces.shape=(856, 3))> using `load_obj` in 0.0031s
2024-11-23 13:12:45,917 DEBUG loaded <trimesh.Trimesh(vertices.shape=(48, 3), faces.shape=(28, 3))> using `load_obj` in 0.0007s
2024-11-23 13:12:56,196 INFO =====> alpha: 1.5
2024-11-23 13:12:56,196 INFO =====> Loss info: {'particle_has_naninf': False, 'height_map_loss': 21.4560604095459, 'emd_loss': 43.84728240966797, 'total_loss': 21.4560604095459}
2024-11-23 13:12:56,197 INFO =====> Best alpha: 1.5, Best loss info: {'particle_has_naninf': False, 'height_map_loss': 21.4560604095459, 'emd_loss': 43.84728240966797, 'total_loss': 21.4560604095459}
2024-11-23 13:12:56,197 INFO =====> Param: E: [467521.34], nu: [0.16330504], rho: [1228.7743], sand_angle: [16.014694]
2024-11-23 13:12:56,197 INFO =====> Grad: [-1.1257171e-02 -2.0182309e+04  2.3349392e+00  6.9189537e+01]
2024-11-23 13:12:56,197 INFO =====> Num. aborted data so far: 0
2024-11-23 13:12:56,529 INFO ===> New TaichiEnv created.
2024-11-23 13:12:56,529 INFO ===> Specifications: horizon = 311, dt = 0.01, n_substeps = 20, dt_sub = 0.0005
2024-11-23 13:12:56,553 DEBUG loaded <trimesh.Trimesh(vertices.shape=(916, 3), faces.shape=(856, 3))> using `load_obj` in 0.0030s
2024-11-23 13:12:56,699 DEBUG loaded <trimesh.Trimesh(vertices.shape=(48, 3), faces.shape=(28, 3))> using `load_obj` in 0.0007s
2024-11-23 13:13:24,159 INFO =====> Epoch: 32
2024-11-23 13:13:24,159 INFO =====> Loss info: {'particle_has_naninf': False, 'height_map_loss': 21.456825256347656, 'emd_loss': 43.861846923828125, 'total_loss': 21.456825256347656}
2024-11-23 13:13:24,159 INFO =====> Performing line search for epoch 32......
2024-11-23 13:13:24,518 INFO ===> New TaichiEnv created.
2024-11-23 13:13:24,518 INFO ===> Specifications: horizon = 311, dt = 0.01, n_substeps = 20, dt_sub = 0.0005
2024-11-23 13:13:24,541 DEBUG loaded <trimesh.Trimesh(vertices.shape=(916, 3), faces.shape=(856, 3))> using `load_obj` in 0.0029s
2024-11-23 13:13:24,687 DEBUG loaded <trimesh.Trimesh(vertices.shape=(48, 3), faces.shape=(28, 3))> using `load_obj` in 0.0007s
2024-11-23 13:13:34,857 INFO =====> alpha: 0.01
2024-11-23 13:13:34,857 INFO =====> Loss info: {'particle_has_naninf': False, 'height_map_loss': 21.483051300048828, 'emd_loss': 43.87144470214844, 'total_loss': 21.483051300048828}
2024-11-23 13:13:35,222 INFO ===> New TaichiEnv created.
2024-11-23 13:13:35,222 INFO ===> Specifications: horizon = 311, dt = 0.01, n_substeps = 20, dt_sub = 0.0005
2024-11-23 13:13:35,244 DEBUG loaded <trimesh.Trimesh(vertices.shape=(916, 3), faces.shape=(856, 3))> using `load_obj` in 0.0029s
2024-11-23 13:13:35,390 DEBUG loaded <trimesh.Trimesh(vertices.shape=(48, 3), faces.shape=(28, 3))> using `load_obj` in 0.0007s
2024-11-23 13:13:45,783 INFO =====> alpha: 0.1
2024-11-23 13:13:45,783 INFO =====> Loss info: {'particle_has_naninf': False, 'height_map_loss': 21.484710693359375, 'emd_loss': 43.84967803955078, 'total_loss': 21.484710693359375}
2024-11-23 13:13:46,117 INFO ===> New TaichiEnv created.
2024-11-23 13:13:46,117 INFO ===> Specifications: horizon = 311, dt = 0.01, n_substeps = 20, dt_sub = 0.0005
2024-11-23 13:13:46,139 DEBUG loaded <trimesh.Trimesh(vertices.shape=(916, 3), faces.shape=(856, 3))> using `load_obj` in 0.0029s
2024-11-23 13:13:46,284 DEBUG loaded <trimesh.Trimesh(vertices.shape=(48, 3), faces.shape=(28, 3))> using `load_obj` in 0.0007s
2024-11-23 13:13:56,069 INFO =====> alpha: 0.5
2024-11-23 13:13:56,069 INFO =====> Loss info: {'particle_has_naninf': False, 'height_map_loss': 21.506534576416016, 'emd_loss': 43.8433723449707, 'total_loss': 21.506534576416016}
2024-11-23 13:13:56,406 INFO ===> New TaichiEnv created.
2024-11-23 13:13:56,406 INFO ===> Specifications: horizon = 311, dt = 0.01, n_substeps = 20, dt_sub = 0.0005
2024-11-23 13:13:56,430 DEBUG loaded <trimesh.Trimesh(vertices.shape=(916, 3), faces.shape=(856, 3))> using `load_obj` in 0.0028s
2024-11-23 13:13:56,576 DEBUG loaded <trimesh.Trimesh(vertices.shape=(48, 3), faces.shape=(28, 3))> using `load_obj` in 0.0007s
2024-11-23 13:14:06,825 INFO =====> alpha: 1.0
2024-11-23 13:14:06,825 INFO =====> Loss info: {'particle_has_naninf': False, 'height_map_loss': 21.478618621826172, 'emd_loss': 43.95473861694336, 'total_loss': 21.478618621826172}
2024-11-23 13:14:07,157 INFO ===> New TaichiEnv created.
2024-11-23 13:14:07,157 INFO ===> Specifications: horizon = 311, dt = 0.01, n_substeps = 20, dt_sub = 0.0005
2024-11-23 13:14:07,179 DEBUG loaded <trimesh.Trimesh(vertices.shape=(916, 3), faces.shape=(856, 3))> using `load_obj` in 0.0029s
2024-11-23 13:14:07,324 DEBUG loaded <trimesh.Trimesh(vertices.shape=(48, 3), faces.shape=(28, 3))> using `load_obj` in 0.0007s
2024-11-23 13:14:17,624 INFO =====> alpha: 1.01
2024-11-23 13:14:17,624 INFO =====> Loss info: {'particle_has_naninf': False, 'height_map_loss': 21.48800277709961, 'emd_loss': 43.97758102416992, 'total_loss': 21.48800277709961}
2024-11-23 13:14:17,992 INFO ===> New TaichiEnv created.
2024-11-23 13:14:17,993 INFO ===> Specifications: horizon = 311, dt = 0.01, n_substeps = 20, dt_sub = 0.0005
2024-11-23 13:14:18,016 DEBUG loaded <trimesh.Trimesh(vertices.shape=(916, 3), faces.shape=(856, 3))> using `load_obj` in 0.0031s
2024-11-23 13:14:18,162 DEBUG loaded <trimesh.Trimesh(vertices.shape=(48, 3), faces.shape=(28, 3))> using `load_obj` in 0.0007s
2024-11-23 13:14:28,329 INFO =====> alpha: 1.1
2024-11-23 13:14:28,329 INFO =====> Loss info: {'particle_has_naninf': False, 'height_map_loss': 21.488555908203125, 'emd_loss': 43.99140167236328, 'total_loss': 21.488555908203125}
2024-11-23 13:14:28,663 INFO ===> New TaichiEnv created.
2024-11-23 13:14:28,663 INFO ===> Specifications: horizon = 311, dt = 0.01, n_substeps = 20, dt_sub = 0.0005
2024-11-23 13:14:28,686 DEBUG loaded <trimesh.Trimesh(vertices.shape=(916, 3), faces.shape=(856, 3))> using `load_obj` in 0.0029s
2024-11-23 13:14:28,832 DEBUG loaded <trimesh.Trimesh(vertices.shape=(48, 3), faces.shape=(28, 3))> using `load_obj` in 0.0007s
2024-11-23 13:14:38,542 INFO =====> alpha: 1.5
2024-11-23 13:14:38,542 INFO =====> Loss info: {'particle_has_naninf': False, 'height_map_loss': 21.52064323425293, 'emd_loss': 44.00986862182617, 'total_loss': 21.52064323425293}
2024-11-23 13:14:38,543 INFO =====> Best alpha: 1.0, Best loss info: {'particle_has_naninf': False, 'height_map_loss': 21.478618621826172, 'emd_loss': 43.95473861694336, 'total_loss': 21.478618621826172}
2024-11-23 13:14:38,543 INFO =====> Param: E: [448640.34], nu: [0.15535851], rho: [1200.], sand_angle: [16.00891]
2024-11-23 13:14:38,543 INFO =====> Grad: [9.2622098e-03 9.8328174e+03 2.5462505e+01 2.7504916e+00]
2024-11-23 13:14:38,543 INFO =====> Num. aborted data so far: 0
2024-11-23 13:14:38,947 INFO ===> New TaichiEnv created.
2024-11-23 13:14:38,947 INFO ===> Specifications: horizon = 311, dt = 0.01, n_substeps = 20, dt_sub = 0.0005
2024-11-23 13:14:38,971 DEBUG loaded <trimesh.Trimesh(vertices.shape=(916, 3), faces.shape=(856, 3))> using `load_obj` in 0.0029s
2024-11-23 13:14:39,116 DEBUG loaded <trimesh.Trimesh(vertices.shape=(48, 3), faces.shape=(28, 3))> using `load_obj` in 0.0007s
2024-11-23 13:15:06,958 INFO =====> Epoch: 33
2024-11-23 13:15:06,958 INFO =====> Loss info: {'particle_has_naninf': False, 'height_map_loss': 21.488170623779297, 'emd_loss': 43.95304870605469, 'total_loss': 21.488170623779297}
2024-11-23 13:15:06,958 INFO =====> Performing line search for epoch 33......
2024-11-23 13:15:07,314 INFO ===> New TaichiEnv created.
2024-11-23 13:15:07,314 INFO ===> Specifications: horizon = 311, dt = 0.01, n_substeps = 20, dt_sub = 0.0005
2024-11-23 13:15:07,336 DEBUG loaded <trimesh.Trimesh(vertices.shape=(916, 3), faces.shape=(856, 3))> using `load_obj` in 0.0029s
2024-11-23 13:15:07,482 DEBUG loaded <trimesh.Trimesh(vertices.shape=(48, 3), faces.shape=(28, 3))> using `load_obj` in 0.0007s
2024-11-23 13:15:17,326 INFO =====> alpha: 0.01
2024-11-23 13:15:17,326 INFO =====> Loss info: {'particle_has_naninf': False, 'height_map_loss': 21.48604393005371, 'emd_loss': 43.992549896240234, 'total_loss': 21.48604393005371}
2024-11-23 13:15:17,662 INFO ===> New TaichiEnv created.
2024-11-23 13:15:17,662 INFO ===> Specifications: horizon = 311, dt = 0.01, n_substeps = 20, dt_sub = 0.0005
2024-11-23 13:15:17,684 DEBUG loaded <trimesh.Trimesh(vertices.shape=(916, 3), faces.shape=(856, 3))> using `load_obj` in 0.0029s
2024-11-23 13:15:17,831 DEBUG loaded <trimesh.Trimesh(vertices.shape=(48, 3), faces.shape=(28, 3))> using `load_obj` in 0.0007s
2024-11-23 13:15:28,035 INFO =====> alpha: 0.1
2024-11-23 13:15:28,035 INFO =====> Loss info: {'particle_has_naninf': False, 'height_map_loss': 21.474382400512695, 'emd_loss': 44.015098571777344, 'total_loss': 21.474382400512695}
2024-11-23 13:15:28,374 INFO ===> New TaichiEnv created.
2024-11-23 13:15:28,374 INFO ===> Specifications: horizon = 311, dt = 0.01, n_substeps = 20, dt_sub = 0.0005
2024-11-23 13:15:28,397 DEBUG loaded <trimesh.Trimesh(vertices.shape=(916, 3), faces.shape=(856, 3))> using `load_obj` in 0.0030s
2024-11-23 13:15:28,545 DEBUG loaded <trimesh.Trimesh(vertices.shape=(48, 3), faces.shape=(28, 3))> using `load_obj` in 0.0007s
2024-11-23 13:15:38,813 INFO =====> alpha: 0.5
2024-11-23 13:15:38,813 INFO =====> Loss info: {'particle_has_naninf': False, 'height_map_loss': 21.53985023498535, 'emd_loss': 44.179603576660156, 'total_loss': 21.53985023498535}
2024-11-23 13:15:39,149 INFO ===> New TaichiEnv created.
2024-11-23 13:15:39,149 INFO ===> Specifications: horizon = 311, dt = 0.01, n_substeps = 20, dt_sub = 0.0005
2024-11-23 13:15:39,172 DEBUG loaded <trimesh.Trimesh(vertices.shape=(916, 3), faces.shape=(856, 3))> using `load_obj` in 0.0029s
2024-11-23 13:15:39,318 DEBUG loaded <trimesh.Trimesh(vertices.shape=(48, 3), faces.shape=(28, 3))> using `load_obj` in 0.0007s
2024-11-23 13:15:49,083 INFO =====> alpha: 1.0
2024-11-23 13:15:49,083 INFO =====> Loss info: {'particle_has_naninf': False, 'height_map_loss': 21.610416412353516, 'emd_loss': 43.546180725097656, 'total_loss': 21.610416412353516}
2024-11-23 13:15:49,417 INFO ===> New TaichiEnv created.
2024-11-23 13:15:49,417 INFO ===> Specifications: horizon = 311, dt = 0.01, n_substeps = 20, dt_sub = 0.0005
2024-11-23 13:15:49,439 DEBUG loaded <trimesh.Trimesh(vertices.shape=(916, 3), faces.shape=(856, 3))> using `load_obj` in 0.0029s
2024-11-23 13:15:49,584 DEBUG loaded <trimesh.Trimesh(vertices.shape=(48, 3), faces.shape=(28, 3))> using `load_obj` in 0.0007s
2024-11-23 13:15:59,747 INFO =====> alpha: 1.01
2024-11-23 13:15:59,747 INFO =====> Loss info: {'particle_has_naninf': False, 'height_map_loss': 21.61128044128418, 'emd_loss': 43.51972961425781, 'total_loss': 21.61128044128418}
2024-11-23 13:16:00,086 INFO ===> New TaichiEnv created.
2024-11-23 13:16:00,086 INFO ===> Specifications: horizon = 311, dt = 0.01, n_substeps = 20, dt_sub = 0.0005
2024-11-23 13:16:00,109 DEBUG loaded <trimesh.Trimesh(vertices.shape=(916, 3), faces.shape=(856, 3))> using `load_obj` in 0.0029s
2024-11-23 13:16:00,255 DEBUG loaded <trimesh.Trimesh(vertices.shape=(48, 3), faces.shape=(28, 3))> using `load_obj` in 0.0007s
2024-11-23 13:16:10,488 INFO =====> alpha: 1.1
2024-11-23 13:16:10,488 INFO =====> Loss info: {'particle_has_naninf': False, 'height_map_loss': 21.618677139282227, 'emd_loss': 43.633323669433594, 'total_loss': 21.618677139282227}
2024-11-23 13:16:10,845 INFO ===> New TaichiEnv created.
2024-11-23 13:16:10,845 INFO ===> Specifications: horizon = 311, dt = 0.01, n_substeps = 20, dt_sub = 0.0005
2024-11-23 13:16:10,867 DEBUG loaded <trimesh.Trimesh(vertices.shape=(916, 3), faces.shape=(856, 3))> using `load_obj` in 0.0029s
2024-11-23 13:16:11,012 DEBUG loaded <trimesh.Trimesh(vertices.shape=(48, 3), faces.shape=(28, 3))> using `load_obj` in 0.0007s
2024-11-23 13:16:21,188 INFO =====> alpha: 1.5
2024-11-23 13:16:21,188 INFO =====> Loss info: {'particle_has_naninf': False, 'height_map_loss': 21.647327423095703, 'emd_loss': 43.035343170166016, 'total_loss': 21.647327423095703}
2024-11-23 13:16:21,188 INFO =====> Best alpha: 0.1, Best loss info: {'particle_has_naninf': False, 'height_map_loss': 21.474382400512695, 'emd_loss': 44.015098571777344, 'total_loss': 21.474382400512695}
2024-11-23 13:16:21,189 INFO =====> Param: E: [447280.6], nu: [0.15507242], rho: [1200.], sand_angle: [15.922438]
2024-11-23 13:16:21,189 INFO =====> Grad: [6.4796507e-03 3.3721863e+03 2.7022375e+01 4.0546265e+02]
2024-11-23 13:16:21,189 INFO =====> Num. aborted data so far: 0
2024-11-23 13:16:21,525 INFO ===> New TaichiEnv created.
2024-11-23 13:16:21,525 INFO ===> Specifications: horizon = 311, dt = 0.01, n_substeps = 20, dt_sub = 0.0005
2024-11-23 13:16:21,548 DEBUG loaded <trimesh.Trimesh(vertices.shape=(916, 3), faces.shape=(856, 3))> using `load_obj` in 0.0029s
2024-11-23 13:16:21,693 DEBUG loaded <trimesh.Trimesh(vertices.shape=(48, 3), faces.shape=(28, 3))> using `load_obj` in 0.0007s
2024-11-23 13:16:49,140 INFO =====> Epoch: 34
2024-11-23 13:16:49,140 INFO =====> Loss info: {'particle_has_naninf': False, 'height_map_loss': 21.473583221435547, 'emd_loss': 44.145565032958984, 'total_loss': 21.473583221435547}
2024-11-23 13:16:49,140 INFO =====> Performing line search for epoch 34......
2024-11-23 13:16:49,499 INFO ===> New TaichiEnv created.
2024-11-23 13:16:49,499 INFO ===> Specifications: horizon = 311, dt = 0.01, n_substeps = 20, dt_sub = 0.0005
2024-11-23 13:16:49,522 DEBUG loaded <trimesh.Trimesh(vertices.shape=(916, 3), faces.shape=(856, 3))> using `load_obj` in 0.0029s
2024-11-23 13:16:49,667 DEBUG loaded <trimesh.Trimesh(vertices.shape=(48, 3), faces.shape=(28, 3))> using `load_obj` in 0.0007s
2024-11-23 13:16:59,900 INFO =====> alpha: 0.01
2024-11-23 13:16:59,900 INFO =====> Loss info: {'particle_has_naninf': False, 'height_map_loss': 21.477886199951172, 'emd_loss': 44.01239776611328, 'total_loss': 21.477886199951172}
2024-11-23 13:17:00,236 INFO ===> New TaichiEnv created.
2024-11-23 13:17:00,236 INFO ===> Specifications: horizon = 311, dt = 0.01, n_substeps = 20, dt_sub = 0.0005
2024-11-23 13:17:00,258 DEBUG loaded <trimesh.Trimesh(vertices.shape=(916, 3), faces.shape=(856, 3))> using `load_obj` in 0.0029s
2024-11-23 13:17:00,403 DEBUG loaded <trimesh.Trimesh(vertices.shape=(48, 3), faces.shape=(28, 3))> using `load_obj` in 0.0007s
2024-11-23 13:17:10,191 INFO =====> alpha: 0.1
2024-11-23 13:17:10,191 INFO =====> Loss info: {'particle_has_naninf': False, 'height_map_loss': 21.47088623046875, 'emd_loss': 43.83169937133789, 'total_loss': 21.47088623046875}
2024-11-23 13:17:10,531 INFO ===> New TaichiEnv created.
2024-11-23 13:17:10,531 INFO ===> Specifications: horizon = 311, dt = 0.01, n_substeps = 20, dt_sub = 0.0005
2024-11-23 13:17:10,554 DEBUG loaded <trimesh.Trimesh(vertices.shape=(916, 3), faces.shape=(856, 3))> using `load_obj` in 0.0030s
2024-11-23 13:17:10,703 DEBUG loaded <trimesh.Trimesh(vertices.shape=(48, 3), faces.shape=(28, 3))> using `load_obj` in 0.0007s
2024-11-23 13:17:20,871 INFO =====> alpha: 0.5
2024-11-23 13:17:20,871 INFO =====> Loss info: {'particle_has_naninf': False, 'height_map_loss': 21.466089248657227, 'emd_loss': 43.84306716918945, 'total_loss': 21.466089248657227}
2024-11-23 13:17:21,204 INFO ===> New TaichiEnv created.
2024-11-23 13:17:21,204 INFO ===> Specifications: horizon = 311, dt = 0.01, n_substeps = 20, dt_sub = 0.0005
2024-11-23 13:17:21,226 DEBUG loaded <trimesh.Trimesh(vertices.shape=(916, 3), faces.shape=(856, 3))> using `load_obj` in 0.0031s
2024-11-23 13:17:21,371 DEBUG loaded <trimesh.Trimesh(vertices.shape=(48, 3), faces.shape=(28, 3))> using `load_obj` in 0.0007s
2024-11-23 13:17:31,527 INFO =====> alpha: 1.0
2024-11-23 13:17:31,527 INFO =====> Loss info: {'particle_has_naninf': False, 'height_map_loss': 21.44428253173828, 'emd_loss': 44.041847229003906, 'total_loss': 21.44428253173828}
2024-11-23 13:17:31,862 INFO ===> New TaichiEnv created.
2024-11-23 13:17:31,862 INFO ===> Specifications: horizon = 311, dt = 0.01, n_substeps = 20, dt_sub = 0.0005
2024-11-23 13:17:31,884 DEBUG loaded <trimesh.Trimesh(vertices.shape=(916, 3), faces.shape=(856, 3))> using `load_obj` in 0.0029s
2024-11-23 13:17:32,030 DEBUG loaded <trimesh.Trimesh(vertices.shape=(48, 3), faces.shape=(28, 3))> using `load_obj` in 0.0007s
2024-11-23 13:17:41,872 INFO =====> alpha: 1.01
2024-11-23 13:17:41,872 INFO =====> Loss info: {'particle_has_naninf': False, 'height_map_loss': 21.45331382751465, 'emd_loss': 44.03440856933594, 'total_loss': 21.45331382751465}
2024-11-23 13:17:42,208 INFO ===> New TaichiEnv created.
2024-11-23 13:17:42,208 INFO ===> Specifications: horizon = 311, dt = 0.01, n_substeps = 20, dt_sub = 0.0005
2024-11-23 13:17:42,230 DEBUG loaded <trimesh.Trimesh(vertices.shape=(916, 3), faces.shape=(856, 3))> using `load_obj` in 0.0030s
2024-11-23 13:17:42,377 DEBUG loaded <trimesh.Trimesh(vertices.shape=(48, 3), faces.shape=(28, 3))> using `load_obj` in 0.0007s
2024-11-23 13:17:52,671 INFO =====> alpha: 1.1
2024-11-23 13:17:52,671 INFO =====> Loss info: {'particle_has_naninf': False, 'height_map_loss': 21.47121238708496, 'emd_loss': 44.036582946777344, 'total_loss': 21.47121238708496}
2024-11-23 13:17:53,044 INFO ===> New TaichiEnv created.
2024-11-23 13:17:53,044 INFO ===> Specifications: horizon = 311, dt = 0.01, n_substeps = 20, dt_sub = 0.0005
2024-11-23 13:17:53,067 DEBUG loaded <trimesh.Trimesh(vertices.shape=(916, 3), faces.shape=(856, 3))> using `load_obj` in 0.0029s
2024-11-23 13:17:53,211 DEBUG loaded <trimesh.Trimesh(vertices.shape=(48, 3), faces.shape=(28, 3))> using `load_obj` in 0.0007s
2024-11-23 13:18:03,457 INFO =====> alpha: 1.5
2024-11-23 13:18:03,457 INFO =====> Loss info: {'particle_has_naninf': False, 'height_map_loss': 21.473562240600586, 'emd_loss': 44.0660514831543, 'total_loss': 21.473562240600586}
2024-11-23 13:18:03,458 INFO =====> Best alpha: 1.0, Best loss info: {'particle_has_naninf': False, 'height_map_loss': 21.44428253173828, 'emd_loss': 44.041847229003906, 'total_loss': 21.44428253173828}
2024-11-23 13:18:03,458 INFO =====> Param: E: [463340.16], nu: [0.16692896], rho: [1291.0825], sand_angle: [15.82659]
2024-11-23 13:18:03,458 INFO =====> Grad: [-7.5061200e-03 -1.4301523e+04 -6.8382828e+01  4.2656410e+01]
2024-11-23 13:18:03,458 INFO =====> Num. aborted data so far: 0
2024-11-23 13:18:03,845 INFO ===> New TaichiEnv created.
2024-11-23 13:18:03,845 INFO ===> Specifications: horizon = 311, dt = 0.01, n_substeps = 20, dt_sub = 0.0005
2024-11-23 13:18:03,869 DEBUG loaded <trimesh.Trimesh(vertices.shape=(916, 3), faces.shape=(856, 3))> using `load_obj` in 0.0029s
2024-11-23 13:18:04,014 DEBUG loaded <trimesh.Trimesh(vertices.shape=(48, 3), faces.shape=(28, 3))> using `load_obj` in 0.0007s
2024-11-23 13:18:31,054 INFO =====> Epoch: 35
2024-11-23 13:18:31,054 INFO =====> Loss info: {'particle_has_naninf': False, 'height_map_loss': 21.451414108276367, 'emd_loss': 44.0511360168457, 'total_loss': 21.451414108276367}
2024-11-23 13:18:31,055 INFO =====> Performing line search for epoch 35......
2024-11-23 13:18:31,415 INFO ===> New TaichiEnv created.
2024-11-23 13:18:31,415 INFO ===> Specifications: horizon = 311, dt = 0.01, n_substeps = 20, dt_sub = 0.0005
2024-11-23 13:18:31,438 DEBUG loaded <trimesh.Trimesh(vertices.shape=(916, 3), faces.shape=(856, 3))> using `load_obj` in 0.0030s
2024-11-23 13:18:31,590 DEBUG loaded <trimesh.Trimesh(vertices.shape=(48, 3), faces.shape=(28, 3))> using `load_obj` in 0.0007s
2024-11-23 13:18:41,725 INFO =====> alpha: 0.01
2024-11-23 13:18:41,725 INFO =====> Loss info: {'particle_has_naninf': False, 'height_map_loss': 21.453857421875, 'emd_loss': 44.040618896484375, 'total_loss': 21.453857421875}
2024-11-23 13:18:42,062 INFO ===> New TaichiEnv created.
2024-11-23 13:18:42,062 INFO ===> Specifications: horizon = 311, dt = 0.01, n_substeps = 20, dt_sub = 0.0005
2024-11-23 13:18:42,088 DEBUG loaded <trimesh.Trimesh(vertices.shape=(916, 3), faces.shape=(856, 3))> using `load_obj` in 0.0031s
2024-11-23 13:18:42,234 DEBUG loaded <trimesh.Trimesh(vertices.shape=(48, 3), faces.shape=(28, 3))> using `load_obj` in 0.0007s
2024-11-23 13:18:51,918 INFO =====> alpha: 0.1
2024-11-23 13:18:51,919 INFO =====> Loss info: {'particle_has_naninf': False, 'height_map_loss': 21.513957977294922, 'emd_loss': 43.95193862915039, 'total_loss': 21.513957977294922}
2024-11-23 13:18:52,330 INFO ===> New TaichiEnv created.
2024-11-23 13:18:52,330 INFO ===> Specifications: horizon = 311, dt = 0.01, n_substeps = 20, dt_sub = 0.0005
2024-11-23 13:18:52,353 DEBUG loaded <trimesh.Trimesh(vertices.shape=(916, 3), faces.shape=(856, 3))> using `load_obj` in 0.0028s
2024-11-23 13:18:52,501 DEBUG loaded <trimesh.Trimesh(vertices.shape=(48, 3), faces.shape=(28, 3))> using `load_obj` in 0.0007s
2024-11-23 13:19:02,695 INFO =====> alpha: 0.5
2024-11-23 13:19:02,695 INFO =====> Loss info: {'particle_has_naninf': False, 'height_map_loss': 21.487638473510742, 'emd_loss': 44.054412841796875, 'total_loss': 21.487638473510742}
2024-11-23 13:19:03,066 INFO ===> New TaichiEnv created.
2024-11-23 13:19:03,066 INFO ===> Specifications: horizon = 311, dt = 0.01, n_substeps = 20, dt_sub = 0.0005
2024-11-23 13:19:03,088 DEBUG loaded <trimesh.Trimesh(vertices.shape=(916, 3), faces.shape=(856, 3))> using `load_obj` in 0.0031s
2024-11-23 13:19:03,235 DEBUG loaded <trimesh.Trimesh(vertices.shape=(48, 3), faces.shape=(28, 3))> using `load_obj` in 0.0007s
2024-11-23 13:19:13,454 INFO =====> alpha: 1.0
2024-11-23 13:19:13,454 INFO =====> Loss info: {'particle_has_naninf': False, 'height_map_loss': 21.562543869018555, 'emd_loss': 43.37468338012695, 'total_loss': 21.562543869018555}
2024-11-23 13:19:13,787 INFO ===> New TaichiEnv created.
2024-11-23 13:19:13,787 INFO ===> Specifications: horizon = 311, dt = 0.01, n_substeps = 20, dt_sub = 0.0005
2024-11-23 13:19:13,810 DEBUG loaded <trimesh.Trimesh(vertices.shape=(916, 3), faces.shape=(856, 3))> using `load_obj` in 0.0029s
2024-11-23 13:19:13,956 DEBUG loaded <trimesh.Trimesh(vertices.shape=(48, 3), faces.shape=(28, 3))> using `load_obj` in 0.0007s
2024-11-23 13:19:24,144 INFO =====> alpha: 1.01
2024-11-23 13:19:24,144 INFO =====> Loss info: {'particle_has_naninf': False, 'height_map_loss': 21.563926696777344, 'emd_loss': 43.388267517089844, 'total_loss': 21.563926696777344}
2024-11-23 13:19:24,478 INFO ===> New TaichiEnv created.
2024-11-23 13:19:24,478 INFO ===> Specifications: horizon = 311, dt = 0.01, n_substeps = 20, dt_sub = 0.0005
2024-11-23 13:19:24,500 DEBUG loaded <trimesh.Trimesh(vertices.shape=(916, 3), faces.shape=(856, 3))> using `load_obj` in 0.0030s
2024-11-23 13:19:24,645 DEBUG loaded <trimesh.Trimesh(vertices.shape=(48, 3), faces.shape=(28, 3))> using `load_obj` in 0.0007s
2024-11-23 13:19:34,509 INFO =====> alpha: 1.1
2024-11-23 13:19:34,509 INFO =====> Loss info: {'particle_has_naninf': False, 'height_map_loss': 21.56026840209961, 'emd_loss': 43.17281723022461, 'total_loss': 21.56026840209961}
2024-11-23 13:19:34,841 INFO ===> New TaichiEnv created.
2024-11-23 13:19:34,841 INFO ===> Specifications: horizon = 311, dt = 0.01, n_substeps = 20, dt_sub = 0.0005
2024-11-23 13:19:34,863 DEBUG loaded <trimesh.Trimesh(vertices.shape=(916, 3), faces.shape=(856, 3))> using `load_obj` in 0.0029s
2024-11-23 13:19:35,008 DEBUG loaded <trimesh.Trimesh(vertices.shape=(48, 3), faces.shape=(28, 3))> using `load_obj` in 0.0007s
2024-11-23 13:19:45,208 INFO =====> alpha: 1.5
2024-11-23 13:19:45,208 INFO =====> Loss info: {'particle_has_naninf': False, 'height_map_loss': 21.6833438873291, 'emd_loss': 43.305419921875, 'total_loss': 21.6833438873291}
2024-11-23 13:19:45,208 INFO =====> Best alpha: 0.01, Best loss info: {'particle_has_naninf': False, 'height_map_loss': 21.453857421875, 'emd_loss': 44.040618896484375, 'total_loss': 21.453857421875}
2024-11-23 13:19:45,209 INFO =====> Param: E: [463546.28], nu: [0.16708773], rho: [1290.9612], sand_angle: [15.840048]
2024-11-23 13:19:45,209 INFO =====> Grad: [-9.6683791e-03 -2.1007729e+04  8.6699419e+00 -6.2792639e+02]
2024-11-23 13:19:45,209 INFO =====> Num. aborted data so far: 0
2024-11-23 13:19:45,542 INFO ===> New TaichiEnv created.
2024-11-23 13:19:45,543 INFO ===> Specifications: horizon = 311, dt = 0.01, n_substeps = 20, dt_sub = 0.0005
2024-11-23 13:19:45,567 DEBUG loaded <trimesh.Trimesh(vertices.shape=(916, 3), faces.shape=(856, 3))> using `load_obj` in 0.0030s
2024-11-23 13:19:45,718 DEBUG loaded <trimesh.Trimesh(vertices.shape=(48, 3), faces.shape=(28, 3))> using `load_obj` in 0.0007s
2024-11-23 13:20:13,778 INFO =====> Epoch: 36
2024-11-23 13:20:13,778 INFO =====> Loss info: {'particle_has_naninf': False, 'height_map_loss': 21.483312606811523, 'emd_loss': 43.86653518676758, 'total_loss': 21.483312606811523}
2024-11-23 13:20:13,778 INFO =====> Performing line search for epoch 36......
2024-11-23 13:20:14,383 INFO ===> New TaichiEnv created.
2024-11-23 13:20:14,383 INFO ===> Specifications: horizon = 311, dt = 0.01, n_substeps = 20, dt_sub = 0.0005
2024-11-23 13:20:14,406 DEBUG loaded <trimesh.Trimesh(vertices.shape=(916, 3), faces.shape=(856, 3))> using `load_obj` in 0.0030s
2024-11-23 13:20:14,553 DEBUG loaded <trimesh.Trimesh(vertices.shape=(48, 3), faces.shape=(28, 3))> using `load_obj` in 0.0007s
2024-11-23 13:20:24,799 INFO =====> alpha: 0.01
2024-11-23 13:20:24,800 INFO =====> Loss info: {'particle_has_naninf': False, 'height_map_loss': 21.451854705810547, 'emd_loss': 44.04420471191406, 'total_loss': 21.451854705810547}
2024-11-23 13:20:25,191 INFO ===> New TaichiEnv created.
2024-11-23 13:20:25,191 INFO ===> Specifications: horizon = 311, dt = 0.01, n_substeps = 20, dt_sub = 0.0005
2024-11-23 13:20:25,218 DEBUG loaded <trimesh.Trimesh(vertices.shape=(916, 3), faces.shape=(856, 3))> using `load_obj` in 0.0031s
2024-11-23 13:20:25,366 DEBUG loaded <trimesh.Trimesh(vertices.shape=(48, 3), faces.shape=(28, 3))> using `load_obj` in 0.0007s
2024-11-23 13:20:35,536 INFO =====> alpha: 0.1
2024-11-23 13:20:35,536 INFO =====> Loss info: {'particle_has_naninf': False, 'height_map_loss': 21.48836898803711, 'emd_loss': 43.884437561035156, 'total_loss': 21.48836898803711}
2024-11-23 13:20:35,874 INFO ===> New TaichiEnv created.
2024-11-23 13:20:35,874 INFO ===> Specifications: horizon = 311, dt = 0.01, n_substeps = 20, dt_sub = 0.0005
2024-11-23 13:20:35,896 DEBUG loaded <trimesh.Trimesh(vertices.shape=(916, 3), faces.shape=(856, 3))> using `load_obj` in 0.0029s
2024-11-23 13:20:36,042 DEBUG loaded <trimesh.Trimesh(vertices.shape=(48, 3), faces.shape=(28, 3))> using `load_obj` in 0.0007s
2024-11-23 13:20:45,799 INFO =====> alpha: 0.5
2024-11-23 13:20:45,799 INFO =====> Loss info: {'particle_has_naninf': False, 'height_map_loss': 21.502288818359375, 'emd_loss': 43.87173080444336, 'total_loss': 21.502288818359375}
2024-11-23 13:20:46,138 INFO ===> New TaichiEnv created.
2024-11-23 13:20:46,138 INFO ===> Specifications: horizon = 311, dt = 0.01, n_substeps = 20, dt_sub = 0.0005
2024-11-23 13:20:46,161 DEBUG loaded <trimesh.Trimesh(vertices.shape=(916, 3), faces.shape=(856, 3))> using `load_obj` in 0.0029s
2024-11-23 13:20:46,307 DEBUG loaded <trimesh.Trimesh(vertices.shape=(48, 3), faces.shape=(28, 3))> using `load_obj` in 0.0007s
2024-11-23 13:20:56,688 INFO =====> alpha: 1.0
2024-11-23 13:20:56,688 INFO =====> Loss info: {'particle_has_naninf': False, 'height_map_loss': 21.491865158081055, 'emd_loss': 43.87192916870117, 'total_loss': 21.491865158081055}
2024-11-23 13:20:57,030 INFO ===> New TaichiEnv created.
2024-11-23 13:20:57,030 INFO ===> Specifications: horizon = 311, dt = 0.01, n_substeps = 20, dt_sub = 0.0005
2024-11-23 13:20:57,053 DEBUG loaded <trimesh.Trimesh(vertices.shape=(916, 3), faces.shape=(856, 3))> using `load_obj` in 0.0029s
2024-11-23 13:20:57,198 DEBUG loaded <trimesh.Trimesh(vertices.shape=(48, 3), faces.shape=(28, 3))> using `load_obj` in 0.0007s
2024-11-23 13:21:07,381 INFO =====> alpha: 1.01
2024-11-23 13:21:07,381 INFO =====> Loss info: {'particle_has_naninf': False, 'height_map_loss': 21.491609573364258, 'emd_loss': 44.0499267578125, 'total_loss': 21.491609573364258}
2024-11-23 13:21:07,715 INFO ===> New TaichiEnv created.
2024-11-23 13:21:07,715 INFO ===> Specifications: horizon = 311, dt = 0.01, n_substeps = 20, dt_sub = 0.0005
2024-11-23 13:21:07,738 DEBUG loaded <trimesh.Trimesh(vertices.shape=(916, 3), faces.shape=(856, 3))> using `load_obj` in 0.0029s
2024-11-23 13:21:07,882 DEBUG loaded <trimesh.Trimesh(vertices.shape=(48, 3), faces.shape=(28, 3))> using `load_obj` in 0.0007s
2024-11-23 13:21:17,762 INFO =====> alpha: 1.1
2024-11-23 13:21:17,762 INFO =====> Loss info: {'particle_has_naninf': False, 'height_map_loss': 21.49079704284668, 'emd_loss': 44.07011032104492, 'total_loss': 21.49079704284668}
2024-11-23 13:21:18,102 INFO ===> New TaichiEnv created.
2024-11-23 13:21:18,102 INFO ===> Specifications: horizon = 311, dt = 0.01, n_substeps = 20, dt_sub = 0.0005
2024-11-23 13:21:18,124 DEBUG loaded <trimesh.Trimesh(vertices.shape=(916, 3), faces.shape=(856, 3))> using `load_obj` in 0.0029s
2024-11-23 13:21:18,270 DEBUG loaded <trimesh.Trimesh(vertices.shape=(48, 3), faces.shape=(28, 3))> using `load_obj` in 0.0007s
2024-11-23 13:21:28,470 INFO =====> alpha: 1.5
2024-11-23 13:21:28,470 INFO =====> Loss info: {'particle_has_naninf': False, 'height_map_loss': 21.532733917236328, 'emd_loss': 44.047393798828125, 'total_loss': 21.532733917236328}
2024-11-23 13:21:28,471 INFO =====> Best alpha: 0.01, Best loss info: {'particle_has_naninf': False, 'height_map_loss': 21.451854705810547, 'emd_loss': 44.04420471191406, 'total_loss': 21.451854705810547}
2024-11-23 13:21:28,471 INFO =====> Param: E: [463593.94], nu: [0.16709436], rho: [1291.325], sand_angle: [15.840615]
2024-11-23 13:21:28,471 INFO =====> Grad: [-2.1268604e-03 -8.3191840e+02 -2.5332596e+01 -2.5137764e+01]
2024-11-23 13:21:28,471 INFO =====> Num. aborted data so far: 0
2024-11-23 13:21:28,809 INFO ===> New TaichiEnv created.
2024-11-23 13:21:28,809 INFO ===> Specifications: horizon = 311, dt = 0.01, n_substeps = 20, dt_sub = 0.0005
2024-11-23 13:21:28,833 DEBUG loaded <trimesh.Trimesh(vertices.shape=(916, 3), faces.shape=(856, 3))> using `load_obj` in 0.0030s
2024-11-23 13:21:28,979 DEBUG loaded <trimesh.Trimesh(vertices.shape=(48, 3), faces.shape=(28, 3))> using `load_obj` in 0.0007s
2024-11-23 13:21:57,062 INFO =====> Epoch: 37
2024-11-23 13:21:57,062 INFO =====> Loss info: {'particle_has_naninf': False, 'height_map_loss': 21.48015785217285, 'emd_loss': 44.04472732543945, 'total_loss': 21.48015785217285}
2024-11-23 13:21:57,063 INFO =====> Performing line search for epoch 37......
2024-11-23 13:21:57,744 INFO ===> New TaichiEnv created.
2024-11-23 13:21:57,744 INFO ===> Specifications: horizon = 311, dt = 0.01, n_substeps = 20, dt_sub = 0.0005
2024-11-23 13:21:57,767 DEBUG loaded <trimesh.Trimesh(vertices.shape=(916, 3), faces.shape=(856, 3))> using `load_obj` in 0.0030s
2024-11-23 13:21:57,915 DEBUG loaded <trimesh.Trimesh(vertices.shape=(48, 3), faces.shape=(28, 3))> using `load_obj` in 0.0007s
2024-11-23 13:22:08,069 INFO =====> alpha: 0.01
2024-11-23 13:22:08,069 INFO =====> Loss info: {'particle_has_naninf': False, 'height_map_loss': 21.476951599121094, 'emd_loss': 43.88322067260742, 'total_loss': 21.476951599121094}
2024-11-23 13:22:08,404 INFO ===> New TaichiEnv created.
2024-11-23 13:22:08,404 INFO ===> Specifications: horizon = 311, dt = 0.01, n_substeps = 20, dt_sub = 0.0005
2024-11-23 13:22:08,427 DEBUG loaded <trimesh.Trimesh(vertices.shape=(916, 3), faces.shape=(856, 3))> using `load_obj` in 0.0030s
2024-11-23 13:22:08,573 DEBUG loaded <trimesh.Trimesh(vertices.shape=(48, 3), faces.shape=(28, 3))> using `load_obj` in 0.0007s
2024-11-23 13:22:18,835 INFO =====> alpha: 0.1
2024-11-23 13:22:18,836 INFO =====> Loss info: {'particle_has_naninf': False, 'height_map_loss': 21.533517837524414, 'emd_loss': 43.995540618896484, 'total_loss': 21.533517837524414}
2024-11-23 13:22:19,209 INFO ===> New TaichiEnv created.
2024-11-23 13:22:19,209 INFO ===> Specifications: horizon = 311, dt = 0.01, n_substeps = 20, dt_sub = 0.0005
2024-11-23 13:22:19,232 DEBUG loaded <trimesh.Trimesh(vertices.shape=(916, 3), faces.shape=(856, 3))> using `load_obj` in 0.0029s
2024-11-23 13:22:19,378 DEBUG loaded <trimesh.Trimesh(vertices.shape=(48, 3), faces.shape=(28, 3))> using `load_obj` in 0.0007s
2024-11-23 13:22:29,533 INFO =====> alpha: 0.5
2024-11-23 13:22:29,533 INFO =====> Loss info: {'particle_has_naninf': False, 'height_map_loss': 21.467411041259766, 'emd_loss': 44.092247009277344, 'total_loss': 21.467411041259766}
2024-11-23 13:22:29,872 INFO ===> New TaichiEnv created.
2024-11-23 13:22:29,872 INFO ===> Specifications: horizon = 311, dt = 0.01, n_substeps = 20, dt_sub = 0.0005
2024-11-23 13:22:29,894 DEBUG loaded <trimesh.Trimesh(vertices.shape=(916, 3), faces.shape=(856, 3))> using `load_obj` in 0.0028s
2024-11-23 13:22:30,040 DEBUG loaded <trimesh.Trimesh(vertices.shape=(48, 3), faces.shape=(28, 3))> using `load_obj` in 0.0007s
2024-11-23 13:22:39,881 INFO =====> alpha: 1.0
2024-11-23 13:22:39,881 INFO =====> Loss info: {'particle_has_naninf': False, 'height_map_loss': 21.505491256713867, 'emd_loss': 43.68531036376953, 'total_loss': 21.505491256713867}
2024-11-23 13:22:40,223 INFO ===> New TaichiEnv created.
2024-11-23 13:22:40,223 INFO ===> Specifications: horizon = 311, dt = 0.01, n_substeps = 20, dt_sub = 0.0005
2024-11-23 13:22:40,245 DEBUG loaded <trimesh.Trimesh(vertices.shape=(916, 3), faces.shape=(856, 3))> using `load_obj` in 0.0029s
2024-11-23 13:22:40,391 DEBUG loaded <trimesh.Trimesh(vertices.shape=(48, 3), faces.shape=(28, 3))> using `load_obj` in 0.0007s
2024-11-23 13:22:50,545 INFO =====> alpha: 1.01
2024-11-23 13:22:50,545 INFO =====> Loss info: {'particle_has_naninf': False, 'height_map_loss': 21.501832962036133, 'emd_loss': 43.66438293457031, 'total_loss': 21.501832962036133}
2024-11-23 13:22:50,914 INFO ===> New TaichiEnv created.
2024-11-23 13:22:50,914 INFO ===> Specifications: horizon = 311, dt = 0.01, n_substeps = 20, dt_sub = 0.0005
2024-11-23 13:22:50,937 DEBUG loaded <trimesh.Trimesh(vertices.shape=(916, 3), faces.shape=(856, 3))> using `load_obj` in 0.0029s
2024-11-23 13:22:51,083 DEBUG loaded <trimesh.Trimesh(vertices.shape=(48, 3), faces.shape=(28, 3))> using `load_obj` in 0.0007s
2024-11-23 13:23:01,226 INFO =====> alpha: 1.1
2024-11-23 13:23:01,226 INFO =====> Loss info: {'particle_has_naninf': False, 'height_map_loss': 21.508230209350586, 'emd_loss': 43.70371627807617, 'total_loss': 21.508230209350586}
2024-11-23 13:23:01,559 INFO ===> New TaichiEnv created.
2024-11-23 13:23:01,559 INFO ===> Specifications: horizon = 311, dt = 0.01, n_substeps = 20, dt_sub = 0.0005
2024-11-23 13:23:01,581 DEBUG loaded <trimesh.Trimesh(vertices.shape=(916, 3), faces.shape=(856, 3))> using `load_obj` in 0.0028s
2024-11-23 13:23:01,727 DEBUG loaded <trimesh.Trimesh(vertices.shape=(48, 3), faces.shape=(28, 3))> using `load_obj` in 0.0007s
2024-11-23 13:23:11,482 INFO =====> alpha: 1.5
2024-11-23 13:23:11,482 INFO =====> Loss info: {'particle_has_naninf': False, 'height_map_loss': 21.54743766784668, 'emd_loss': 43.33051681518555, 'total_loss': 21.54743766784668}
2024-11-23 13:23:11,482 INFO =====> Best alpha: 0.5, Best loss info: {'particle_has_naninf': False, 'height_map_loss': 21.467411041259766, 'emd_loss': 44.092247009277344, 'total_loss': 21.467411041259766}
2024-11-23 13:23:11,482 INFO =====> Param: E: [472832.78], nu: [0.17188239], rho: [1286.4937], sand_angle: [16.271643]
2024-11-23 13:23:11,482 INFO =====> Grad: [-8.178850e-03 -1.196812e+04  6.395437e+00 -3.762944e+02]
2024-11-23 13:23:11,482 INFO =====> Num. aborted data so far: 0
2024-11-23 13:23:11,871 INFO ===> New TaichiEnv created.
2024-11-23 13:23:11,871 INFO ===> Specifications: horizon = 311, dt = 0.01, n_substeps = 20, dt_sub = 0.0005
2024-11-23 13:23:11,894 DEBUG loaded <trimesh.Trimesh(vertices.shape=(916, 3), faces.shape=(856, 3))> using `load_obj` in 0.0029s
2024-11-23 13:23:12,040 DEBUG loaded <trimesh.Trimesh(vertices.shape=(48, 3), faces.shape=(28, 3))> using `load_obj` in 0.0007s
2024-11-23 13:23:40,550 INFO =====> Epoch: 38
2024-11-23 13:23:40,551 INFO =====> Loss info: {'particle_has_naninf': False, 'height_map_loss': 21.46731948852539, 'emd_loss': 44.09211730957031, 'total_loss': 21.46731948852539}
2024-11-23 13:23:40,551 INFO =====> Performing line search for epoch 38......
2024-11-23 13:23:41,171 INFO ===> New TaichiEnv created.
2024-11-23 13:23:41,171 INFO ===> Specifications: horizon = 311, dt = 0.01, n_substeps = 20, dt_sub = 0.0005
2024-11-23 13:23:41,194 DEBUG loaded <trimesh.Trimesh(vertices.shape=(916, 3), faces.shape=(856, 3))> using `load_obj` in 0.0029s
2024-11-23 13:23:41,341 DEBUG loaded <trimesh.Trimesh(vertices.shape=(48, 3), faces.shape=(28, 3))> using `load_obj` in 0.0007s
2024-11-23 13:23:51,181 INFO =====> alpha: 0.01
2024-11-23 13:23:51,181 INFO =====> Loss info: {'particle_has_naninf': False, 'height_map_loss': 21.457199096679688, 'emd_loss': 44.06938934326172, 'total_loss': 21.457199096679688}
2024-11-23 13:23:51,519 INFO ===> New TaichiEnv created.
2024-11-23 13:23:51,519 INFO ===> Specifications: horizon = 311, dt = 0.01, n_substeps = 20, dt_sub = 0.0005
2024-11-23 13:23:51,542 DEBUG loaded <trimesh.Trimesh(vertices.shape=(916, 3), faces.shape=(856, 3))> using `load_obj` in 0.0030s
2024-11-23 13:23:51,690 DEBUG loaded <trimesh.Trimesh(vertices.shape=(48, 3), faces.shape=(28, 3))> using `load_obj` in 0.0007s
2024-11-23 13:24:01,987 INFO =====> alpha: 0.1
2024-11-23 13:24:01,987 INFO =====> Loss info: {'particle_has_naninf': False, 'height_map_loss': 21.45873260498047, 'emd_loss': 43.851234436035156, 'total_loss': 21.45873260498047}
2024-11-23 13:24:02,321 INFO ===> New TaichiEnv created.
2024-11-23 13:24:02,321 INFO ===> Specifications: horizon = 311, dt = 0.01, n_substeps = 20, dt_sub = 0.0005
2024-11-23 13:24:02,344 DEBUG loaded <trimesh.Trimesh(vertices.shape=(916, 3), faces.shape=(856, 3))> using `load_obj` in 0.0029s
2024-11-23 13:24:02,489 DEBUG loaded <trimesh.Trimesh(vertices.shape=(48, 3), faces.shape=(28, 3))> using `load_obj` in 0.0007s
2024-11-23 13:24:12,727 INFO =====> alpha: 0.5
2024-11-23 13:24:12,727 INFO =====> Loss info: {'particle_has_naninf': False, 'height_map_loss': 21.480640411376953, 'emd_loss': 43.92305374145508, 'total_loss': 21.480640411376953}
2024-11-23 13:24:13,089 INFO ===> New TaichiEnv created.
2024-11-23 13:24:13,090 INFO ===> Specifications: horizon = 311, dt = 0.01, n_substeps = 20, dt_sub = 0.0005
2024-11-23 13:24:13,112 DEBUG loaded <trimesh.Trimesh(vertices.shape=(916, 3), faces.shape=(856, 3))> using `load_obj` in 0.0029s
2024-11-23 13:24:13,258 DEBUG loaded <trimesh.Trimesh(vertices.shape=(48, 3), faces.shape=(28, 3))> using `load_obj` in 0.0007s
2024-11-23 13:24:23,069 INFO =====> alpha: 1.0
2024-11-23 13:24:23,069 INFO =====> Loss info: {'particle_has_naninf': False, 'height_map_loss': 21.609426498413086, 'emd_loss': 43.62156677246094, 'total_loss': 21.609426498413086}
2024-11-23 13:24:23,401 INFO ===> New TaichiEnv created.
2024-11-23 13:24:23,401 INFO ===> Specifications: horizon = 311, dt = 0.01, n_substeps = 20, dt_sub = 0.0005
2024-11-23 13:24:23,423 DEBUG loaded <trimesh.Trimesh(vertices.shape=(916, 3), faces.shape=(856, 3))> using `load_obj` in 0.0029s
2024-11-23 13:24:23,569 DEBUG loaded <trimesh.Trimesh(vertices.shape=(48, 3), faces.shape=(28, 3))> using `load_obj` in 0.0007s
2024-11-23 13:24:33,734 INFO =====> alpha: 1.01
2024-11-23 13:24:33,734 INFO =====> Loss info: {'particle_has_naninf': False, 'height_map_loss': 21.60297393798828, 'emd_loss': 43.6292610168457, 'total_loss': 21.60297393798828}
2024-11-23 13:24:34,069 INFO ===> New TaichiEnv created.
2024-11-23 13:24:34,069 INFO ===> Specifications: horizon = 311, dt = 0.01, n_substeps = 20, dt_sub = 0.0005
2024-11-23 13:24:34,091 DEBUG loaded <trimesh.Trimesh(vertices.shape=(916, 3), faces.shape=(856, 3))> using `load_obj` in 0.0030s
2024-11-23 13:24:34,236 DEBUG loaded <trimesh.Trimesh(vertices.shape=(48, 3), faces.shape=(28, 3))> using `load_obj` in 0.0007s
2024-11-23 13:24:44,402 INFO =====> alpha: 1.1
2024-11-23 13:24:44,402 INFO =====> Loss info: {'particle_has_naninf': False, 'height_map_loss': 21.566925048828125, 'emd_loss': 43.55604934692383, 'total_loss': 21.566925048828125}
2024-11-23 13:24:44,732 INFO ===> New TaichiEnv created.
2024-11-23 13:24:44,732 INFO ===> Specifications: horizon = 311, dt = 0.01, n_substeps = 20, dt_sub = 0.0005
2024-11-23 13:24:44,754 DEBUG loaded <trimesh.Trimesh(vertices.shape=(916, 3), faces.shape=(856, 3))> using `load_obj` in 0.0029s
2024-11-23 13:24:44,899 DEBUG loaded <trimesh.Trimesh(vertices.shape=(48, 3), faces.shape=(28, 3))> using `load_obj` in 0.0007s
2024-11-23 13:24:54,601 INFO =====> alpha: 1.5
2024-11-23 13:24:54,602 INFO =====> Loss info: {'particle_has_naninf': False, 'height_map_loss': 21.600051879882812, 'emd_loss': 42.532588958740234, 'total_loss': 21.600051879882812}
2024-11-23 13:24:54,602 INFO =====> Best alpha: 0.01, Best loss info: {'particle_has_naninf': False, 'height_map_loss': 21.457199096679688, 'emd_loss': 44.06938934326172, 'total_loss': 21.457199096679688}
2024-11-23 13:24:54,602 INFO =====> Param: E: [472760.], nu: [0.17188309], rho: [1286.1508], sand_angle: [16.261908]
2024-11-23 13:24:54,602 INFO =====> Grad: [ 3.0763966e-03 -8.3184776e+01  2.2052385e+01  4.2368039e+02]
2024-11-23 13:24:54,602 INFO =====> Num. aborted data so far: 0
2024-11-23 13:24:54,939 INFO ===> New TaichiEnv created.
2024-11-23 13:24:54,939 INFO ===> Specifications: horizon = 311, dt = 0.01, n_substeps = 20, dt_sub = 0.0005
2024-11-23 13:24:54,962 DEBUG loaded <trimesh.Trimesh(vertices.shape=(916, 3), faces.shape=(856, 3))> using `load_obj` in 0.0028s
2024-11-23 13:24:55,107 DEBUG loaded <trimesh.Trimesh(vertices.shape=(48, 3), faces.shape=(28, 3))> using `load_obj` in 0.0007s
2024-11-23 13:25:23,560 INFO =====> Epoch: 39
2024-11-23 13:25:23,561 INFO =====> Loss info: {'particle_has_naninf': False, 'height_map_loss': 21.461360931396484, 'emd_loss': 44.089359283447266, 'total_loss': 21.461360931396484}
2024-11-23 13:25:23,561 INFO =====> Performing line search for epoch 39......
2024-11-23 13:25:24,170 INFO ===> New TaichiEnv created.
2024-11-23 13:25:24,171 INFO ===> Specifications: horizon = 311, dt = 0.01, n_substeps = 20, dt_sub = 0.0005
2024-11-23 13:25:24,196 DEBUG loaded <trimesh.Trimesh(vertices.shape=(916, 3), faces.shape=(856, 3))> using `load_obj` in 0.0030s
2024-11-23 13:25:24,342 DEBUG loaded <trimesh.Trimesh(vertices.shape=(48, 3), faces.shape=(28, 3))> using `load_obj` in 0.0007s
2024-11-23 13:25:34,159 INFO =====> alpha: 0.01
2024-11-23 13:25:34,159 INFO =====> Loss info: {'particle_has_naninf': False, 'height_map_loss': 21.466110229492188, 'emd_loss': 43.870704650878906, 'total_loss': 21.466110229492188}
2024-11-23 13:25:34,494 INFO ===> New TaichiEnv created.
2024-11-23 13:25:34,494 INFO ===> Specifications: horizon = 311, dt = 0.01, n_substeps = 20, dt_sub = 0.0005
2024-11-23 13:25:34,516 DEBUG loaded <trimesh.Trimesh(vertices.shape=(916, 3), faces.shape=(856, 3))> using `load_obj` in 0.0029s
2024-11-23 13:25:34,662 DEBUG loaded <trimesh.Trimesh(vertices.shape=(48, 3), faces.shape=(28, 3))> using `load_obj` in 0.0007s
2024-11-23 13:25:44,891 INFO =====> alpha: 0.1
2024-11-23 13:25:44,891 INFO =====> Loss info: {'particle_has_naninf': False, 'height_map_loss': 21.473844528198242, 'emd_loss': 43.71939468383789, 'total_loss': 21.473844528198242}
2024-11-23 13:25:45,222 INFO ===> New TaichiEnv created.
2024-11-23 13:25:45,223 INFO ===> Specifications: horizon = 311, dt = 0.01, n_substeps = 20, dt_sub = 0.0005
2024-11-23 13:25:45,246 DEBUG loaded <trimesh.Trimesh(vertices.shape=(916, 3), faces.shape=(856, 3))> using `load_obj` in 0.0029s
2024-11-23 13:25:45,390 DEBUG loaded <trimesh.Trimesh(vertices.shape=(48, 3), faces.shape=(28, 3))> using `load_obj` in 0.0007s
2024-11-23 13:25:55,595 INFO =====> alpha: 0.5
2024-11-23 13:25:55,595 INFO =====> Loss info: {'particle_has_naninf': False, 'height_map_loss': 21.544137954711914, 'emd_loss': 43.85080337524414, 'total_loss': 21.544137954711914}
2024-11-23 13:25:55,929 INFO ===> New TaichiEnv created.
2024-11-23 13:25:55,929 INFO ===> Specifications: horizon = 311, dt = 0.01, n_substeps = 20, dt_sub = 0.0005
2024-11-23 13:25:55,952 DEBUG loaded <trimesh.Trimesh(vertices.shape=(916, 3), faces.shape=(856, 3))> using `load_obj` in 0.0029s
2024-11-23 13:25:56,096 DEBUG loaded <trimesh.Trimesh(vertices.shape=(48, 3), faces.shape=(28, 3))> using `load_obj` in 0.0007s
2024-11-23 13:26:05,999 INFO =====> alpha: 1.0
2024-11-23 13:26:05,999 INFO =====> Loss info: {'particle_has_naninf': False, 'height_map_loss': 21.60024642944336, 'emd_loss': 43.00470733642578, 'total_loss': 21.60024642944336}
2024-11-23 13:26:06,330 INFO ===> New TaichiEnv created.
2024-11-23 13:26:06,330 INFO ===> Specifications: horizon = 311, dt = 0.01, n_substeps = 20, dt_sub = 0.0005
2024-11-23 13:26:06,352 DEBUG loaded <trimesh.Trimesh(vertices.shape=(916, 3), faces.shape=(856, 3))> using `load_obj` in 0.0030s
2024-11-23 13:26:06,498 DEBUG loaded <trimesh.Trimesh(vertices.shape=(48, 3), faces.shape=(28, 3))> using `load_obj` in 0.0007s
2024-11-23 13:26:16,751 INFO =====> alpha: 1.01
2024-11-23 13:26:16,751 INFO =====> Loss info: {'particle_has_naninf': False, 'height_map_loss': 21.599058151245117, 'emd_loss': 43.00016784667969, 'total_loss': 21.599058151245117}
2024-11-23 13:26:17,085 INFO ===> New TaichiEnv created.
2024-11-23 13:26:17,085 INFO ===> Specifications: horizon = 311, dt = 0.01, n_substeps = 20, dt_sub = 0.0005
2024-11-23 13:26:17,107 DEBUG loaded <trimesh.Trimesh(vertices.shape=(916, 3), faces.shape=(856, 3))> using `load_obj` in 0.0029s
2024-11-23 13:26:17,254 DEBUG loaded <trimesh.Trimesh(vertices.shape=(48, 3), faces.shape=(28, 3))> using `load_obj` in 0.0008s
2024-11-23 13:26:27,394 INFO =====> alpha: 1.1
2024-11-23 13:26:27,394 INFO =====> Loss info: {'particle_has_naninf': False, 'height_map_loss': 21.609783172607422, 'emd_loss': 42.72153091430664, 'total_loss': 21.609783172607422}
2024-11-23 13:26:27,729 INFO ===> New TaichiEnv created.
2024-11-23 13:26:27,729 INFO ===> Specifications: horizon = 311, dt = 0.01, n_substeps = 20, dt_sub = 0.0005
2024-11-23 13:26:27,751 DEBUG loaded <trimesh.Trimesh(vertices.shape=(916, 3), faces.shape=(856, 3))> using `load_obj` in 0.0029s
2024-11-23 13:26:27,896 DEBUG loaded <trimesh.Trimesh(vertices.shape=(48, 3), faces.shape=(28, 3))> using `load_obj` in 0.0007s
2024-11-23 13:26:38,007 INFO =====> alpha: 1.5
2024-11-23 13:26:38,007 INFO =====> Loss info: {'particle_has_naninf': False, 'height_map_loss': 21.576276779174805, 'emd_loss': 43.21786880493164, 'total_loss': 21.576276779174805}
2024-11-23 13:26:38,008 INFO =====> Best alpha: 0.01, Best loss info: {'particle_has_naninf': False, 'height_map_loss': 21.466110229492188, 'emd_loss': 43.870704650878906, 'total_loss': 21.466110229492188}
2024-11-23 13:26:38,008 INFO =====> Param: E: [472854.53], nu: [0.17197244], rho: [1285.5691], sand_angle: [16.248741]
2024-11-23 13:26:38,008 INFO =====> Grad: [-3.8334948e-03 -1.0476115e+04  3.8171875e+01  5.9792480e+02]
2024-11-23 13:26:38,008 INFO =====> Num. aborted data so far: 0
2024-11-23 13:26:38,414 INFO ===> New TaichiEnv created.
2024-11-23 13:26:38,414 INFO ===> Specifications: horizon = 311, dt = 0.01, n_substeps = 20, dt_sub = 0.0005
2024-11-23 13:26:38,442 DEBUG loaded <trimesh.Trimesh(vertices.shape=(916, 3), faces.shape=(856, 3))> using `load_obj` in 0.0058s
2024-11-23 13:26:38,588 DEBUG loaded <trimesh.Trimesh(vertices.shape=(48, 3), faces.shape=(28, 3))> using `load_obj` in 0.0007s
2024-11-23 13:27:06,643 INFO =====> Epoch: 40
2024-11-23 13:27:06,643 INFO =====> Loss info: {'particle_has_naninf': False, 'height_map_loss': 21.46710968017578, 'emd_loss': 43.876895904541016, 'total_loss': 21.46710968017578}
2024-11-23 13:27:06,643 INFO =====> Performing line search for epoch 40......
2024-11-23 13:27:07,251 INFO ===> New TaichiEnv created.
2024-11-23 13:27:07,251 INFO ===> Specifications: horizon = 311, dt = 0.01, n_substeps = 20, dt_sub = 0.0005
2024-11-23 13:27:07,274 DEBUG loaded <trimesh.Trimesh(vertices.shape=(916, 3), faces.shape=(856, 3))> using `load_obj` in 0.0030s
2024-11-23 13:27:07,419 DEBUG loaded <trimesh.Trimesh(vertices.shape=(48, 3), faces.shape=(28, 3))> using `load_obj` in 0.0007s
2024-11-23 13:27:17,189 INFO =====> alpha: 0.01
2024-11-23 13:27:17,189 INFO =====> Loss info: {'particle_has_naninf': False, 'height_map_loss': 21.463056564331055, 'emd_loss': 44.100830078125, 'total_loss': 21.463056564331055}
2024-11-23 13:27:17,523 INFO ===> New TaichiEnv created.
2024-11-23 13:27:17,523 INFO ===> Specifications: horizon = 311, dt = 0.01, n_substeps = 20, dt_sub = 0.0005
2024-11-23 13:27:17,545 DEBUG loaded <trimesh.Trimesh(vertices.shape=(916, 3), faces.shape=(856, 3))> using `load_obj` in 0.0029s
2024-11-23 13:27:17,690 DEBUG loaded <trimesh.Trimesh(vertices.shape=(48, 3), faces.shape=(28, 3))> using `load_obj` in 0.0007s
2024-11-23 13:27:27,817 INFO =====> alpha: 0.1
2024-11-23 13:27:27,817 INFO =====> Loss info: {'particle_has_naninf': False, 'height_map_loss': 21.475404739379883, 'emd_loss': 44.139930725097656, 'total_loss': 21.475404739379883}
2024-11-23 13:27:28,186 INFO ===> New TaichiEnv created.
2024-11-23 13:27:28,186 INFO ===> Specifications: horizon = 311, dt = 0.01, n_substeps = 20, dt_sub = 0.0005
2024-11-23 13:27:28,209 DEBUG loaded <trimesh.Trimesh(vertices.shape=(916, 3), faces.shape=(856, 3))> using `load_obj` in 0.0029s
2024-11-23 13:27:28,355 DEBUG loaded <trimesh.Trimesh(vertices.shape=(48, 3), faces.shape=(28, 3))> using `load_obj` in 0.0007s
2024-11-23 13:27:38,575 INFO =====> alpha: 0.5
2024-11-23 13:27:38,575 INFO =====> Loss info: {'particle_has_naninf': False, 'height_map_loss': 21.534395217895508, 'emd_loss': 43.441619873046875, 'total_loss': 21.534395217895508}
2024-11-23 13:27:38,910 INFO ===> New TaichiEnv created.
2024-11-23 13:27:38,910 INFO ===> Specifications: horizon = 311, dt = 0.01, n_substeps = 20, dt_sub = 0.0005
2024-11-23 13:27:38,933 DEBUG loaded <trimesh.Trimesh(vertices.shape=(916, 3), faces.shape=(856, 3))> using `load_obj` in 0.0029s
2024-11-23 13:27:39,078 DEBUG loaded <trimesh.Trimesh(vertices.shape=(48, 3), faces.shape=(28, 3))> using `load_obj` in 0.0007s
2024-11-23 13:27:48,869 INFO =====> alpha: 1.0
2024-11-23 13:27:48,870 INFO =====> Loss info: {'particle_has_naninf': False, 'height_map_loss': 21.701631546020508, 'emd_loss': 43.321449279785156, 'total_loss': 21.701631546020508}
2024-11-23 13:27:49,201 INFO ===> New TaichiEnv created.
2024-11-23 13:27:49,201 INFO ===> Specifications: horizon = 311, dt = 0.01, n_substeps = 20, dt_sub = 0.0005
2024-11-23 13:27:49,224 DEBUG loaded <trimesh.Trimesh(vertices.shape=(916, 3), faces.shape=(856, 3))> using `load_obj` in 0.0030s
2024-11-23 13:27:49,369 DEBUG loaded <trimesh.Trimesh(vertices.shape=(48, 3), faces.shape=(28, 3))> using `load_obj` in 0.0007s
2024-11-23 13:27:59,585 INFO =====> alpha: 1.01
2024-11-23 13:27:59,585 INFO =====> Loss info: {'particle_has_naninf': False, 'height_map_loss': 21.694881439208984, 'emd_loss': 43.311126708984375, 'total_loss': 21.694881439208984}
2024-11-23 13:27:59,915 INFO ===> New TaichiEnv created.
2024-11-23 13:27:59,916 INFO ===> Specifications: horizon = 311, dt = 0.01, n_substeps = 20, dt_sub = 0.0005
2024-11-23 13:27:59,938 DEBUG loaded <trimesh.Trimesh(vertices.shape=(916, 3), faces.shape=(856, 3))> using `load_obj` in 0.0029s
2024-11-23 13:28:00,084 DEBUG loaded <trimesh.Trimesh(vertices.shape=(48, 3), faces.shape=(28, 3))> using `load_obj` in 0.0007s
2024-11-23 13:28:10,365 INFO =====> alpha: 1.1
2024-11-23 13:28:10,365 INFO =====> Loss info: {'particle_has_naninf': False, 'height_map_loss': 21.7362060546875, 'emd_loss': 43.11124038696289, 'total_loss': 21.7362060546875}
2024-11-23 13:28:10,701 INFO ===> New TaichiEnv created.
2024-11-23 13:28:10,701 INFO ===> Specifications: horizon = 311, dt = 0.01, n_substeps = 20, dt_sub = 0.0005
2024-11-23 13:28:10,724 DEBUG loaded <trimesh.Trimesh(vertices.shape=(916, 3), faces.shape=(856, 3))> using `load_obj` in 0.0031s
2024-11-23 13:28:10,872 DEBUG loaded <trimesh.Trimesh(vertices.shape=(48, 3), faces.shape=(28, 3))> using `load_obj` in 0.0007s
2024-11-23 13:28:20,626 INFO =====> alpha: 1.5
2024-11-23 13:28:20,626 INFO =====> Loss info: {'particle_has_naninf': False, 'height_map_loss': 21.791677474975586, 'emd_loss': 43.82035446166992, 'total_loss': 21.791677474975586}
2024-11-23 13:28:20,627 INFO =====> Best alpha: 0.01, Best loss info: {'particle_has_naninf': False, 'height_map_loss': 21.463056564331055, 'emd_loss': 44.100830078125, 'total_loss': 21.463056564331055}
2024-11-23 13:28:20,627 INFO =====> Param: E: [473043.38], nu: [0.17207466], rho: [1286.1868], sand_angle: [16.263773]
2024-11-23 13:28:20,627 INFO =====> Grad: [-7.6141437e-03 -1.2015506e+04 -4.1768864e+01 -7.3606812e+02]
2024-11-23 13:28:20,627 INFO =====> Num. aborted data so far: 0
2024-11-23 13:28:20,967 INFO ===> New TaichiEnv created.
2024-11-23 13:28:20,967 INFO ===> Specifications: horizon = 311, dt = 0.01, n_substeps = 20, dt_sub = 0.0005
2024-11-23 13:28:20,992 DEBUG loaded <trimesh.Trimesh(vertices.shape=(916, 3), faces.shape=(856, 3))> using `load_obj` in 0.0029s
2024-11-23 13:28:21,137 DEBUG loaded <trimesh.Trimesh(vertices.shape=(48, 3), faces.shape=(28, 3))> using `load_obj` in 0.0007s
2024-11-23 13:28:49,566 INFO =====> Epoch: 41
2024-11-23 13:28:49,566 INFO =====> Loss info: {'particle_has_naninf': False, 'height_map_loss': 21.46698570251465, 'emd_loss': 44.092559814453125, 'total_loss': 21.46698570251465}
2024-11-23 13:28:49,566 INFO =====> Performing line search for epoch 41......
2024-11-23 13:28:50,171 INFO ===> New TaichiEnv created.
2024-11-23 13:28:50,171 INFO ===> Specifications: horizon = 311, dt = 0.01, n_substeps = 20, dt_sub = 0.0005
2024-11-23 13:28:50,195 DEBUG loaded <trimesh.Trimesh(vertices.shape=(916, 3), faces.shape=(856, 3))> using `load_obj` in 0.0030s
2024-11-23 13:28:50,342 DEBUG loaded <trimesh.Trimesh(vertices.shape=(48, 3), faces.shape=(28, 3))> using `load_obj` in 0.0007s
2024-11-23 13:29:00,165 INFO =====> alpha: 0.01
2024-11-23 13:29:00,165 INFO =====> Loss info: {'particle_has_naninf': False, 'height_map_loss': 21.464801788330078, 'emd_loss': 43.8779411315918, 'total_loss': 21.464801788330078}
2024-11-23 13:29:00,494 INFO ===> New TaichiEnv created.
2024-11-23 13:29:00,494 INFO ===> Specifications: horizon = 311, dt = 0.01, n_substeps = 20, dt_sub = 0.0005
2024-11-23 13:29:00,516 DEBUG loaded <trimesh.Trimesh(vertices.shape=(916, 3), faces.shape=(856, 3))> using `load_obj` in 0.0029s
2024-11-23 13:29:00,662 DEBUG loaded <trimesh.Trimesh(vertices.shape=(48, 3), faces.shape=(28, 3))> using `load_obj` in 0.0007s
2024-11-23 13:29:10,960 INFO =====> alpha: 0.1
2024-11-23 13:29:10,960 INFO =====> Loss info: {'particle_has_naninf': False, 'height_map_loss': 21.47698974609375, 'emd_loss': 43.7639045715332, 'total_loss': 21.47698974609375}
2024-11-23 13:29:11,319 INFO ===> New TaichiEnv created.
2024-11-23 13:29:11,320 INFO ===> Specifications: horizon = 311, dt = 0.01, n_substeps = 20, dt_sub = 0.0005
2024-11-23 13:29:11,342 DEBUG loaded <trimesh.Trimesh(vertices.shape=(916, 3), faces.shape=(856, 3))> using `load_obj` in 0.0029s
2024-11-23 13:29:11,488 DEBUG loaded <trimesh.Trimesh(vertices.shape=(48, 3), faces.shape=(28, 3))> using `load_obj` in 0.0007s
2024-11-23 13:29:21,616 INFO =====> alpha: 0.5
2024-11-23 13:29:21,616 INFO =====> Loss info: {'particle_has_naninf': False, 'height_map_loss': 21.54370880126953, 'emd_loss': 43.81967544555664, 'total_loss': 21.54370880126953}
2024-11-23 13:29:21,954 INFO ===> New TaichiEnv created.
2024-11-23 13:29:21,954 INFO ===> Specifications: horizon = 311, dt = 0.01, n_substeps = 20, dt_sub = 0.0005
2024-11-23 13:29:21,977 DEBUG loaded <trimesh.Trimesh(vertices.shape=(916, 3), faces.shape=(856, 3))> using `load_obj` in 0.0029s
2024-11-23 13:29:22,122 DEBUG loaded <trimesh.Trimesh(vertices.shape=(48, 3), faces.shape=(28, 3))> using `load_obj` in 0.0007s
2024-11-23 13:29:31,882 INFO =====> alpha: 1.0
2024-11-23 13:29:31,882 INFO =====> Loss info: {'particle_has_naninf': False, 'height_map_loss': 21.63458251953125, 'emd_loss': 43.59832000732422, 'total_loss': 21.63458251953125}
2024-11-23 13:29:32,226 INFO ===> New TaichiEnv created.
2024-11-23 13:29:32,226 INFO ===> Specifications: horizon = 311, dt = 0.01, n_substeps = 20, dt_sub = 0.0005
2024-11-23 13:29:32,249 DEBUG loaded <trimesh.Trimesh(vertices.shape=(916, 3), faces.shape=(856, 3))> using `load_obj` in 0.0029s
2024-11-23 13:29:32,394 DEBUG loaded <trimesh.Trimesh(vertices.shape=(48, 3), faces.shape=(28, 3))> using `load_obj` in 0.0007s
2024-11-23 13:29:42,632 INFO =====> alpha: 1.01
2024-11-23 13:29:42,632 INFO =====> Loss info: {'particle_has_naninf': False, 'height_map_loss': 21.631572723388672, 'emd_loss': 43.74029541015625, 'total_loss': 21.631572723388672}
2024-11-23 13:29:42,965 INFO ===> New TaichiEnv created.
2024-11-23 13:29:42,965 INFO ===> Specifications: horizon = 311, dt = 0.01, n_substeps = 20, dt_sub = 0.0005
2024-11-23 13:29:42,987 DEBUG loaded <trimesh.Trimesh(vertices.shape=(916, 3), faces.shape=(856, 3))> using `load_obj` in 0.0030s
2024-11-23 13:29:43,131 DEBUG loaded <trimesh.Trimesh(vertices.shape=(48, 3), faces.shape=(28, 3))> using `load_obj` in 0.0007s
2024-11-23 13:29:53,249 INFO =====> alpha: 1.1
2024-11-23 13:29:53,249 INFO =====> Loss info: {'particle_has_naninf': False, 'height_map_loss': 21.614961624145508, 'emd_loss': 43.031253814697266, 'total_loss': 21.614961624145508}
2024-11-23 13:29:53,580 INFO ===> New TaichiEnv created.
2024-11-23 13:29:53,580 INFO ===> Specifications: horizon = 311, dt = 0.01, n_substeps = 20, dt_sub = 0.0005
2024-11-23 13:29:53,603 DEBUG loaded <trimesh.Trimesh(vertices.shape=(916, 3), faces.shape=(856, 3))> using `load_obj` in 0.0029s
2024-11-23 13:29:53,749 DEBUG loaded <trimesh.Trimesh(vertices.shape=(48, 3), faces.shape=(28, 3))> using `load_obj` in 0.0007s
2024-11-23 13:30:03,583 INFO =====> alpha: 1.5
2024-11-23 13:30:03,583 INFO =====> Loss info: {'particle_has_naninf': False, 'height_map_loss': 21.66350555419922, 'emd_loss': 43.38443374633789, 'total_loss': 21.66350555419922}
2024-11-23 13:30:03,584 INFO =====> Best alpha: 0.01, Best loss info: {'particle_has_naninf': False, 'height_map_loss': 21.464801788330078, 'emd_loss': 43.8779411315918, 'total_loss': 21.464801788330078}
2024-11-23 13:30:03,584 INFO =====> Param: E: [472765.16], nu: [0.1719269], rho: [1285.5254], sand_angle: [16.25133]
2024-11-23 13:30:03,584 INFO =====> Grad: [1.1848752e-02 1.8637838e+04 4.6719147e+01 6.2876135e+02]
2024-11-23 13:30:03,584 INFO =====> Num. aborted data so far: 0
2024-11-23 13:30:03,922 INFO ===> New TaichiEnv created.
2024-11-23 13:30:03,922 INFO ===> Specifications: horizon = 311, dt = 0.01, n_substeps = 20, dt_sub = 0.0005
2024-11-23 13:30:03,944 DEBUG loaded <trimesh.Trimesh(vertices.shape=(916, 3), faces.shape=(856, 3))> using `load_obj` in 0.0029s
2024-11-23 13:30:04,090 DEBUG loaded <trimesh.Trimesh(vertices.shape=(48, 3), faces.shape=(28, 3))> using `load_obj` in 0.0007s
2024-11-23 13:30:32,648 INFO =====> Epoch: 42
2024-11-23 13:30:32,648 INFO =====> Loss info: {'particle_has_naninf': False, 'height_map_loss': 21.467147827148438, 'emd_loss': 43.87639617919922, 'total_loss': 21.467147827148438}
2024-11-23 13:30:32,648 INFO =====> Performing line search for epoch 42......
2024-11-23 13:30:33,251 INFO ===> New TaichiEnv created.
2024-11-23 13:30:33,251 INFO ===> Specifications: horizon = 311, dt = 0.01, n_substeps = 20, dt_sub = 0.0005
2024-11-23 13:30:33,274 DEBUG loaded <trimesh.Trimesh(vertices.shape=(916, 3), faces.shape=(856, 3))> using `load_obj` in 0.0029s
2024-11-23 13:30:33,420 DEBUG loaded <trimesh.Trimesh(vertices.shape=(48, 3), faces.shape=(28, 3))> using `load_obj` in 0.0007s
2024-11-23 13:30:43,207 INFO =====> alpha: 0.01
2024-11-23 13:30:43,207 INFO =====> Loss info: {'particle_has_naninf': False, 'height_map_loss': 21.472537994384766, 'emd_loss': 43.866981506347656, 'total_loss': 21.472537994384766}
2024-11-23 13:30:43,545 INFO ===> New TaichiEnv created.
2024-11-23 13:30:43,545 INFO ===> Specifications: horizon = 311, dt = 0.01, n_substeps = 20, dt_sub = 0.0005
2024-11-23 13:30:43,568 DEBUG loaded <trimesh.Trimesh(vertices.shape=(916, 3), faces.shape=(856, 3))> using `load_obj` in 0.0030s
2024-11-23 13:30:43,712 DEBUG loaded <trimesh.Trimesh(vertices.shape=(48, 3), faces.shape=(28, 3))> using `load_obj` in 0.0007s
2024-11-23 13:30:53,884 INFO =====> alpha: 0.1
2024-11-23 13:30:53,884 INFO =====> Loss info: {'particle_has_naninf': False, 'height_map_loss': 21.477916717529297, 'emd_loss': 43.772769927978516, 'total_loss': 21.477916717529297}
2024-11-23 13:30:54,217 INFO ===> New TaichiEnv created.
2024-11-23 13:30:54,217 INFO ===> Specifications: horizon = 311, dt = 0.01, n_substeps = 20, dt_sub = 0.0005
2024-11-23 13:30:54,239 DEBUG loaded <trimesh.Trimesh(vertices.shape=(916, 3), faces.shape=(856, 3))> using `load_obj` in 0.0029s
2024-11-23 13:30:54,385 DEBUG loaded <trimesh.Trimesh(vertices.shape=(48, 3), faces.shape=(28, 3))> using `load_obj` in 0.0007s
2024-11-23 13:31:04,646 INFO =====> alpha: 0.5
2024-11-23 13:31:04,646 INFO =====> Loss info: {'particle_has_naninf': False, 'height_map_loss': 21.50126075744629, 'emd_loss': 43.870872497558594, 'total_loss': 21.50126075744629}
2024-11-23 13:31:04,983 INFO ===> New TaichiEnv created.
2024-11-23 13:31:04,983 INFO ===> Specifications: horizon = 311, dt = 0.01, n_substeps = 20, dt_sub = 0.0005
2024-11-23 13:31:05,006 DEBUG loaded <trimesh.Trimesh(vertices.shape=(916, 3), faces.shape=(856, 3))> using `load_obj` in 0.0029s
2024-11-23 13:31:05,151 DEBUG loaded <trimesh.Trimesh(vertices.shape=(48, 3), faces.shape=(28, 3))> using `load_obj` in 0.0007s
2024-11-23 13:31:14,894 INFO =====> alpha: 1.0
2024-11-23 13:31:14,895 INFO =====> Loss info: {'particle_has_naninf': False, 'height_map_loss': 21.585695266723633, 'emd_loss': 43.50408172607422, 'total_loss': 21.585695266723633}
2024-11-23 13:31:15,228 INFO ===> New TaichiEnv created.
2024-11-23 13:31:15,228 INFO ===> Specifications: horizon = 311, dt = 0.01, n_substeps = 20, dt_sub = 0.0005
2024-11-23 13:31:15,251 DEBUG loaded <trimesh.Trimesh(vertices.shape=(916, 3), faces.shape=(856, 3))> using `load_obj` in 0.0030s
2024-11-23 13:31:15,397 DEBUG loaded <trimesh.Trimesh(vertices.shape=(48, 3), faces.shape=(28, 3))> using `load_obj` in 0.0007s
2024-11-23 13:31:25,513 INFO =====> alpha: 1.01
2024-11-23 13:31:25,513 INFO =====> Loss info: {'particle_has_naninf': False, 'height_map_loss': 21.59171485900879, 'emd_loss': 43.51435470581055, 'total_loss': 21.59171485900879}
2024-11-23 13:31:25,849 INFO ===> New TaichiEnv created.
2024-11-23 13:31:25,849 INFO ===> Specifications: horizon = 311, dt = 0.01, n_substeps = 20, dt_sub = 0.0005
2024-11-23 13:31:25,871 DEBUG loaded <trimesh.Trimesh(vertices.shape=(916, 3), faces.shape=(856, 3))> using `load_obj` in 0.0030s
2024-11-23 13:31:26,016 DEBUG loaded <trimesh.Trimesh(vertices.shape=(48, 3), faces.shape=(28, 3))> using `load_obj` in 0.0007s
2024-11-23 13:31:36,166 INFO =====> alpha: 1.1
2024-11-23 13:31:36,166 INFO =====> Loss info: {'particle_has_naninf': False, 'height_map_loss': 21.605072021484375, 'emd_loss': 43.70002365112305, 'total_loss': 21.605072021484375}
2024-11-23 13:31:36,569 INFO ===> New TaichiEnv created.
2024-11-23 13:31:36,569 INFO ===> Specifications: horizon = 311, dt = 0.01, n_substeps = 20, dt_sub = 0.0005
2024-11-23 13:31:36,591 DEBUG loaded <trimesh.Trimesh(vertices.shape=(916, 3), faces.shape=(856, 3))> using `load_obj` in 0.0029s
2024-11-23 13:31:36,736 DEBUG loaded <trimesh.Trimesh(vertices.shape=(48, 3), faces.shape=(28, 3))> using `load_obj` in 0.0007s
2024-11-23 13:31:46,472 INFO =====> alpha: 1.5
2024-11-23 13:31:46,472 INFO =====> Loss info: {'particle_has_naninf': False, 'height_map_loss': 21.609712600708008, 'emd_loss': 42.865875244140625, 'total_loss': 21.609712600708008}
2024-11-23 13:31:46,472 INFO =====> Best alpha: 0.01, Best loss info: {'particle_has_naninf': False, 'height_map_loss': 21.472537994384766, 'emd_loss': 43.866981506347656, 'total_loss': 21.472537994384766}
2024-11-23 13:31:46,472 INFO =====> Param: E: [472638.16], nu: [0.17192313], rho: [1285.135], sand_angle: [16.240908]
2024-11-23 13:31:46,472 INFO =====> Grad: [5.2383738e-03 4.5059912e+02 2.6994207e+01 5.2914807e+02]
2024-11-23 13:31:46,472 INFO =====> Num. aborted data so far: 0
2024-11-23 13:31:46,811 INFO ===> New TaichiEnv created.
2024-11-23 13:31:46,811 INFO ===> Specifications: horizon = 311, dt = 0.01, n_substeps = 20, dt_sub = 0.0005
2024-11-23 13:31:46,834 DEBUG loaded <trimesh.Trimesh(vertices.shape=(916, 3), faces.shape=(856, 3))> using `load_obj` in 0.0029s
2024-11-23 13:31:46,981 DEBUG loaded <trimesh.Trimesh(vertices.shape=(48, 3), faces.shape=(28, 3))> using `load_obj` in 0.0007s
2024-11-23 13:32:15,561 INFO =====> Epoch: 43
2024-11-23 13:32:15,561 INFO =====> Loss info: {'particle_has_naninf': False, 'height_map_loss': 21.471458435058594, 'emd_loss': 43.86951446533203, 'total_loss': 21.471458435058594}
2024-11-23 13:32:15,562 INFO =====> Performing line search for epoch 43......
2024-11-23 13:32:16,231 INFO ===> New TaichiEnv created.
2024-11-23 13:32:16,231 INFO ===> Specifications: horizon = 311, dt = 0.01, n_substeps = 20, dt_sub = 0.0005
2024-11-23 13:32:16,255 DEBUG loaded <trimesh.Trimesh(vertices.shape=(916, 3), faces.shape=(856, 3))> using `load_obj` in 0.0030s
2024-11-23 13:32:16,400 DEBUG loaded <trimesh.Trimesh(vertices.shape=(48, 3), faces.shape=(28, 3))> using `load_obj` in 0.0007s
2024-11-23 13:32:26,216 INFO =====> alpha: 0.01
2024-11-23 13:32:26,216 INFO =====> Loss info: {'particle_has_naninf': False, 'height_map_loss': 21.472007751464844, 'emd_loss': 43.87055969238281, 'total_loss': 21.472007751464844}
2024-11-23 13:32:26,549 INFO ===> New TaichiEnv created.
2024-11-23 13:32:26,549 INFO ===> Specifications: horizon = 311, dt = 0.01, n_substeps = 20, dt_sub = 0.0005
2024-11-23 13:32:26,572 DEBUG loaded <trimesh.Trimesh(vertices.shape=(916, 3), faces.shape=(856, 3))> using `load_obj` in 0.0029s
2024-11-23 13:32:26,718 DEBUG loaded <trimesh.Trimesh(vertices.shape=(48, 3), faces.shape=(28, 3))> using `load_obj` in 0.0007s
2024-11-23 13:32:36,985 INFO =====> alpha: 0.1
2024-11-23 13:32:36,985 INFO =====> Loss info: {'particle_has_naninf': False, 'height_map_loss': 21.477760314941406, 'emd_loss': 43.84333038330078, 'total_loss': 21.477760314941406}
2024-11-23 13:32:37,319 INFO ===> New TaichiEnv created.
2024-11-23 13:32:37,320 INFO ===> Specifications: horizon = 311, dt = 0.01, n_substeps = 20, dt_sub = 0.0005
2024-11-23 13:32:37,342 DEBUG loaded <trimesh.Trimesh(vertices.shape=(916, 3), faces.shape=(856, 3))> using `load_obj` in 0.0029s
2024-11-23 13:32:37,486 DEBUG loaded <trimesh.Trimesh(vertices.shape=(48, 3), faces.shape=(28, 3))> using `load_obj` in 0.0007s
2024-11-23 13:32:47,680 INFO =====> alpha: 0.5
2024-11-23 13:32:47,680 INFO =====> Loss info: {'particle_has_naninf': False, 'height_map_loss': 21.495479583740234, 'emd_loss': 43.91462707519531, 'total_loss': 21.495479583740234}
2024-11-23 13:32:48,082 INFO ===> New TaichiEnv created.
2024-11-23 13:32:48,082 INFO ===> Specifications: horizon = 311, dt = 0.01, n_substeps = 20, dt_sub = 0.0005
2024-11-23 13:32:48,105 DEBUG loaded <trimesh.Trimesh(vertices.shape=(916, 3), faces.shape=(856, 3))> using `load_obj` in 0.0029s
2024-11-23 13:32:48,251 DEBUG loaded <trimesh.Trimesh(vertices.shape=(48, 3), faces.shape=(28, 3))> using `load_obj` in 0.0007s
2024-11-23 13:32:58,053 INFO =====> alpha: 1.0
2024-11-23 13:32:58,053 INFO =====> Loss info: {'particle_has_naninf': False, 'height_map_loss': 21.487485885620117, 'emd_loss': 44.055824279785156, 'total_loss': 21.487485885620117}
2024-11-23 13:32:58,385 INFO ===> New TaichiEnv created.
2024-11-23 13:32:58,385 INFO ===> Specifications: horizon = 311, dt = 0.01, n_substeps = 20, dt_sub = 0.0005
2024-11-23 13:32:58,408 DEBUG loaded <trimesh.Trimesh(vertices.shape=(916, 3), faces.shape=(856, 3))> using `load_obj` in 0.0029s
2024-11-23 13:32:58,555 DEBUG loaded <trimesh.Trimesh(vertices.shape=(48, 3), faces.shape=(28, 3))> using `load_obj` in 0.0007s
2024-11-23 13:33:08,759 INFO =====> alpha: 1.01
2024-11-23 13:33:08,759 INFO =====> Loss info: {'particle_has_naninf': False, 'height_map_loss': 21.490697860717773, 'emd_loss': 44.058868408203125, 'total_loss': 21.490697860717773}
2024-11-23 13:33:09,094 INFO ===> New TaichiEnv created.
2024-11-23 13:33:09,094 INFO ===> Specifications: horizon = 311, dt = 0.01, n_substeps = 20, dt_sub = 0.0005
2024-11-23 13:33:09,117 DEBUG loaded <trimesh.Trimesh(vertices.shape=(916, 3), faces.shape=(856, 3))> using `load_obj` in 0.0029s
2024-11-23 13:33:09,261 DEBUG loaded <trimesh.Trimesh(vertices.shape=(48, 3), faces.shape=(28, 3))> using `load_obj` in 0.0007s
2024-11-23 13:33:19,558 INFO =====> alpha: 1.1
2024-11-23 13:33:19,558 INFO =====> Loss info: {'particle_has_naninf': False, 'height_map_loss': 21.51094627380371, 'emd_loss': 44.093658447265625, 'total_loss': 21.51094627380371}
2024-11-23 13:33:19,890 INFO ===> New TaichiEnv created.
2024-11-23 13:33:19,890 INFO ===> Specifications: horizon = 311, dt = 0.01, n_substeps = 20, dt_sub = 0.0005
2024-11-23 13:33:19,913 DEBUG loaded <trimesh.Trimesh(vertices.shape=(916, 3), faces.shape=(856, 3))> using `load_obj` in 0.0030s
2024-11-23 13:33:20,058 DEBUG loaded <trimesh.Trimesh(vertices.shape=(48, 3), faces.shape=(28, 3))> using `load_obj` in 0.0007s
2024-11-23 13:33:29,813 INFO =====> alpha: 1.5
2024-11-23 13:33:29,813 INFO =====> Loss info: {'particle_has_naninf': False, 'height_map_loss': 21.58609962463379, 'emd_loss': 44.18621063232422, 'total_loss': 21.58609962463379}
2024-11-23 13:33:29,814 INFO =====> Best alpha: 0.01, Best loss info: {'particle_has_naninf': False, 'height_map_loss': 21.472007751464844, 'emd_loss': 43.87055969238281, 'total_loss': 21.472007751464844}
2024-11-23 13:33:29,814 INFO =====> Param: E: [472502.25], nu: [0.17190114], rho: [1285.148], sand_angle: [16.23587]
2024-11-23 13:33:29,814 INFO =====> Grad: [ 5.4449253e-03  2.5024519e+03 -8.4542382e-01  2.4576369e+02]
2024-11-23 13:33:29,814 INFO =====> Num. aborted data so far: 0
2024-11-23 13:33:30,151 INFO ===> New TaichiEnv created.
2024-11-23 13:33:30,151 INFO ===> Specifications: horizon = 311, dt = 0.01, n_substeps = 20, dt_sub = 0.0005
2024-11-23 13:33:30,173 DEBUG loaded <trimesh.Trimesh(vertices.shape=(916, 3), faces.shape=(856, 3))> using `load_obj` in 0.0029s
2024-11-23 13:33:30,319 DEBUG loaded <trimesh.Trimesh(vertices.shape=(48, 3), faces.shape=(28, 3))> using `load_obj` in 0.0007s
2024-11-23 13:33:58,862 INFO =====> Epoch: 44
2024-11-23 13:33:58,862 INFO =====> Loss info: {'particle_has_naninf': False, 'height_map_loss': 21.47235870361328, 'emd_loss': 43.87033462524414, 'total_loss': 21.47235870361328}
2024-11-23 13:33:58,862 INFO =====> Performing line search for epoch 44......
2024-11-23 13:33:59,480 INFO ===> New TaichiEnv created.
2024-11-23 13:33:59,480 INFO ===> Specifications: horizon = 311, dt = 0.01, n_substeps = 20, dt_sub = 0.0005
2024-11-23 13:33:59,503 DEBUG loaded <trimesh.Trimesh(vertices.shape=(916, 3), faces.shape=(856, 3))> using `load_obj` in 0.0029s
2024-11-23 13:33:59,649 DEBUG loaded <trimesh.Trimesh(vertices.shape=(48, 3), faces.shape=(28, 3))> using `load_obj` in 0.0007s
2024-11-23 13:34:09,441 INFO =====> alpha: 0.01
2024-11-23 13:34:09,442 INFO =====> Loss info: {'particle_has_naninf': False, 'height_map_loss': 21.473228454589844, 'emd_loss': 43.87116241455078, 'total_loss': 21.473228454589844}
2024-11-23 13:34:09,779 INFO ===> New TaichiEnv created.
2024-11-23 13:34:09,779 INFO ===> Specifications: horizon = 311, dt = 0.01, n_substeps = 20, dt_sub = 0.0005
2024-11-23 13:34:09,801 DEBUG loaded <trimesh.Trimesh(vertices.shape=(916, 3), faces.shape=(856, 3))> using `load_obj` in 0.0029s
2024-11-23 13:34:09,945 DEBUG loaded <trimesh.Trimesh(vertices.shape=(48, 3), faces.shape=(28, 3))> using `load_obj` in 0.0007s
2024-11-23 13:34:20,190 INFO =====> alpha: 0.1
2024-11-23 13:34:20,191 INFO =====> Loss info: {'particle_has_naninf': False, 'height_map_loss': 21.46874237060547, 'emd_loss': 43.880577087402344, 'total_loss': 21.46874237060547}
2024-11-23 13:34:20,523 INFO ===> New TaichiEnv created.
2024-11-23 13:34:20,523 INFO ===> Specifications: horizon = 311, dt = 0.01, n_substeps = 20, dt_sub = 0.0005
2024-11-23 13:34:20,545 DEBUG loaded <trimesh.Trimesh(vertices.shape=(916, 3), faces.shape=(856, 3))> using `load_obj` in 0.0029s
2024-11-23 13:34:20,691 DEBUG loaded <trimesh.Trimesh(vertices.shape=(48, 3), faces.shape=(28, 3))> using `load_obj` in 0.0007s
2024-11-23 13:34:31,050 INFO =====> alpha: 0.5
2024-11-23 13:34:31,050 INFO =====> Loss info: {'particle_has_naninf': False, 'height_map_loss': 21.485942840576172, 'emd_loss': 43.9159049987793, 'total_loss': 21.485942840576172}
2024-11-23 13:34:31,392 INFO ===> New TaichiEnv created.
2024-11-23 13:34:31,392 INFO ===> Specifications: horizon = 311, dt = 0.01, n_substeps = 20, dt_sub = 0.0005
2024-11-23 13:34:31,415 DEBUG loaded <trimesh.Trimesh(vertices.shape=(916, 3), faces.shape=(856, 3))> using `load_obj` in 0.0029s
2024-11-23 13:34:31,559 DEBUG loaded <trimesh.Trimesh(vertices.shape=(48, 3), faces.shape=(28, 3))> using `load_obj` in 0.0007s
2024-11-23 13:34:41,313 INFO =====> alpha: 1.0
2024-11-23 13:34:41,313 INFO =====> Loss info: {'particle_has_naninf': False, 'height_map_loss': 21.47994041442871, 'emd_loss': 44.1066780090332, 'total_loss': 21.47994041442871}
2024-11-23 13:34:41,645 INFO ===> New TaichiEnv created.
2024-11-23 13:34:41,645 INFO ===> Specifications: horizon = 311, dt = 0.01, n_substeps = 20, dt_sub = 0.0005
2024-11-23 13:34:41,668 DEBUG loaded <trimesh.Trimesh(vertices.shape=(916, 3), faces.shape=(856, 3))> using `load_obj` in 0.0030s
2024-11-23 13:34:41,815 DEBUG loaded <trimesh.Trimesh(vertices.shape=(48, 3), faces.shape=(28, 3))> using `load_obj` in 0.0007s
2024-11-23 13:34:52,051 INFO =====> alpha: 1.01
2024-11-23 13:34:52,051 INFO =====> Loss info: {'particle_has_naninf': False, 'height_map_loss': 21.480239868164062, 'emd_loss': 44.116485595703125, 'total_loss': 21.480239868164062}
2024-11-23 13:34:52,389 INFO ===> New TaichiEnv created.
2024-11-23 13:34:52,389 INFO ===> Specifications: horizon = 311, dt = 0.01, n_substeps = 20, dt_sub = 0.0005
2024-11-23 13:34:52,411 DEBUG loaded <trimesh.Trimesh(vertices.shape=(916, 3), faces.shape=(856, 3))> using `load_obj` in 0.0029s
2024-11-23 13:34:52,555 DEBUG loaded <trimesh.Trimesh(vertices.shape=(48, 3), faces.shape=(28, 3))> using `load_obj` in 0.0007s
2024-11-23 13:35:02,760 INFO =====> alpha: 1.1
2024-11-23 13:35:02,760 INFO =====> Loss info: {'particle_has_naninf': False, 'height_map_loss': 21.486202239990234, 'emd_loss': 44.13091278076172, 'total_loss': 21.486202239990234}
2024-11-23 13:35:03,105 INFO ===> New TaichiEnv created.
2024-11-23 13:35:03,105 INFO ===> Specifications: horizon = 311, dt = 0.01, n_substeps = 20, dt_sub = 0.0005
2024-11-23 13:35:03,127 DEBUG loaded <trimesh.Trimesh(vertices.shape=(916, 3), faces.shape=(856, 3))> using `load_obj` in 0.0028s
2024-11-23 13:35:03,272 DEBUG loaded <trimesh.Trimesh(vertices.shape=(48, 3), faces.shape=(28, 3))> using `load_obj` in 0.0007s
2024-11-23 13:35:13,139 INFO =====> alpha: 1.5
2024-11-23 13:35:13,139 INFO =====> Loss info: {'particle_has_naninf': False, 'height_map_loss': 21.492076873779297, 'emd_loss': 44.482887268066406, 'total_loss': 21.492076873779297}
2024-11-23 13:35:13,140 INFO =====> Best alpha: 0.1, Best loss info: {'particle_has_naninf': False, 'height_map_loss': 21.46874237060547, 'emd_loss': 43.880577087402344, 'total_loss': 21.46874237060547}
2024-11-23 13:35:13,140 INFO =====> Param: E: [471027.34], nu: [0.17124851], rho: [1290.4756], sand_angle: [16.231]
2024-11-23 13:35:13,140 INFO =====> Grad: [ 5.7647829e-03  7.2011553e+03 -3.5217907e+01  2.2546024e+01]
2024-11-23 13:35:13,140 INFO =====> Num. aborted data so far: 0
2024-11-23 13:35:13,477 INFO ===> New TaichiEnv created.
2024-11-23 13:35:13,477 INFO ===> Specifications: horizon = 311, dt = 0.01, n_substeps = 20, dt_sub = 0.0005
2024-11-23 13:35:13,500 DEBUG loaded <trimesh.Trimesh(vertices.shape=(916, 3), faces.shape=(856, 3))> using `load_obj` in 0.0030s
2024-11-23 13:35:13,646 DEBUG loaded <trimesh.Trimesh(vertices.shape=(48, 3), faces.shape=(28, 3))> using `load_obj` in 0.0007s
2024-11-23 13:35:41,768 INFO =====> Epoch: 45
2024-11-23 13:35:41,768 INFO =====> Loss info: {'particle_has_naninf': False, 'height_map_loss': 21.471820831298828, 'emd_loss': 43.880462646484375, 'total_loss': 21.471820831298828}
2024-11-23 13:35:41,769 INFO =====> Performing line search for epoch 45......
2024-11-23 13:35:42,383 INFO ===> New TaichiEnv created.
2024-11-23 13:35:42,383 INFO ===> Specifications: horizon = 311, dt = 0.01, n_substeps = 20, dt_sub = 0.0005
2024-11-23 13:35:42,407 DEBUG loaded <trimesh.Trimesh(vertices.shape=(916, 3), faces.shape=(856, 3))> using `load_obj` in 0.0031s
2024-11-23 13:35:42,552 DEBUG loaded <trimesh.Trimesh(vertices.shape=(48, 3), faces.shape=(28, 3))> using `load_obj` in 0.0007s
2024-11-23 13:35:52,836 INFO =====> alpha: 0.01
2024-11-23 13:35:52,836 INFO =====> Loss info: {'particle_has_naninf': False, 'height_map_loss': 21.476703643798828, 'emd_loss': 43.89243698120117, 'total_loss': 21.476703643798828}
2024-11-23 13:35:53,170 INFO ===> New TaichiEnv created.
2024-11-23 13:35:53,170 INFO ===> Specifications: horizon = 311, dt = 0.01, n_substeps = 20, dt_sub = 0.0005
2024-11-23 13:35:53,192 DEBUG loaded <trimesh.Trimesh(vertices.shape=(916, 3), faces.shape=(856, 3))> using `load_obj` in 0.0030s
2024-11-23 13:35:53,340 DEBUG loaded <trimesh.Trimesh(vertices.shape=(48, 3), faces.shape=(28, 3))> using `load_obj` in 0.0007s
2024-11-23 13:36:03,626 INFO =====> alpha: 0.1
2024-11-23 13:36:03,627 INFO =====> Loss info: {'particle_has_naninf': False, 'height_map_loss': 21.469240188598633, 'emd_loss': 44.1113166809082, 'total_loss': 21.469240188598633}
2024-11-23 13:36:03,965 INFO ===> New TaichiEnv created.
2024-11-23 13:36:03,966 INFO ===> Specifications: horizon = 311, dt = 0.01, n_substeps = 20, dt_sub = 0.0005
2024-11-23 13:36:03,988 DEBUG loaded <trimesh.Trimesh(vertices.shape=(916, 3), faces.shape=(856, 3))> using `load_obj` in 0.0030s
2024-11-23 13:36:04,136 DEBUG loaded <trimesh.Trimesh(vertices.shape=(48, 3), faces.shape=(28, 3))> using `load_obj` in 0.0007s
2024-11-23 13:36:13,856 INFO =====> alpha: 0.5
2024-11-23 13:36:13,856 INFO =====> Loss info: {'particle_has_naninf': False, 'height_map_loss': 21.5068302154541, 'emd_loss': 43.72697830200195, 'total_loss': 21.5068302154541}
2024-11-23 13:36:14,189 INFO ===> New TaichiEnv created.
2024-11-23 13:36:14,189 INFO ===> Specifications: horizon = 311, dt = 0.01, n_substeps = 20, dt_sub = 0.0005
2024-11-23 13:36:14,211 DEBUG loaded <trimesh.Trimesh(vertices.shape=(916, 3), faces.shape=(856, 3))> using `load_obj` in 0.0029s
2024-11-23 13:36:14,358 DEBUG loaded <trimesh.Trimesh(vertices.shape=(48, 3), faces.shape=(28, 3))> using `load_obj` in 0.0007s
2024-11-23 13:36:24,715 INFO =====> alpha: 1.0
2024-11-23 13:36:24,715 INFO =====> Loss info: {'particle_has_naninf': False, 'height_map_loss': 21.60052490234375, 'emd_loss': 43.221683502197266, 'total_loss': 21.60052490234375}
2024-11-23 13:36:25,047 INFO ===> New TaichiEnv created.
2024-11-23 13:36:25,047 INFO ===> Specifications: horizon = 311, dt = 0.01, n_substeps = 20, dt_sub = 0.0005
2024-11-23 13:36:25,069 DEBUG loaded <trimesh.Trimesh(vertices.shape=(916, 3), faces.shape=(856, 3))> using `load_obj` in 0.0029s
2024-11-23 13:36:25,216 DEBUG loaded <trimesh.Trimesh(vertices.shape=(48, 3), faces.shape=(28, 3))> using `load_obj` in 0.0007s
2024-11-23 13:36:35,370 INFO =====> alpha: 1.01
2024-11-23 13:36:35,370 INFO =====> Loss info: {'particle_has_naninf': False, 'height_map_loss': 21.601343154907227, 'emd_loss': 43.22456741333008, 'total_loss': 21.601343154907227}
2024-11-23 13:36:35,715 INFO ===> New TaichiEnv created.
2024-11-23 13:36:35,715 INFO ===> Specifications: horizon = 311, dt = 0.01, n_substeps = 20, dt_sub = 0.0005
2024-11-23 13:36:35,738 DEBUG loaded <trimesh.Trimesh(vertices.shape=(916, 3), faces.shape=(856, 3))> using `load_obj` in 0.0031s
2024-11-23 13:36:35,883 DEBUG loaded <trimesh.Trimesh(vertices.shape=(48, 3), faces.shape=(28, 3))> using `load_obj` in 0.0007s
2024-11-23 13:36:45,724 INFO =====> alpha: 1.1
2024-11-23 13:36:45,724 INFO =====> Loss info: {'particle_has_naninf': False, 'height_map_loss': 21.615806579589844, 'emd_loss': 43.29628372192383, 'total_loss': 21.615806579589844}
2024-11-23 13:36:46,066 INFO ===> New TaichiEnv created.
2024-11-23 13:36:46,066 INFO ===> Specifications: horizon = 311, dt = 0.01, n_substeps = 20, dt_sub = 0.0005
2024-11-23 13:36:46,088 DEBUG loaded <trimesh.Trimesh(vertices.shape=(916, 3), faces.shape=(856, 3))> using `load_obj` in 0.0030s
2024-11-23 13:36:46,233 DEBUG loaded <trimesh.Trimesh(vertices.shape=(48, 3), faces.shape=(28, 3))> using `load_obj` in 0.0007s
2024-11-23 13:36:56,506 INFO =====> alpha: 1.5
2024-11-23 13:36:56,506 INFO =====> Loss info: {'particle_has_naninf': False, 'height_map_loss': 21.74785041809082, 'emd_loss': 43.11750411987305, 'total_loss': 21.74785041809082}
2024-11-23 13:36:56,507 INFO =====> Best alpha: 0.1, Best loss info: {'particle_has_naninf': False, 'height_map_loss': 21.469240188598633, 'emd_loss': 44.1113166809082, 'total_loss': 21.469240188598633}
2024-11-23 13:36:56,507 INFO =====> Param: E: [471831.38], nu: [0.17184979], rho: [1292.9913], sand_angle: [16.343521]
2024-11-23 13:36:56,507 INFO =====> Grad: [-3.0057833e-03 -6.4109927e+03 -1.5980243e+01 -5.2878558e+02]
2024-11-23 13:36:56,507 INFO =====> Num. aborted data so far: 0
2024-11-23 13:36:56,846 INFO ===> New TaichiEnv created.
2024-11-23 13:36:56,846 INFO ===> Specifications: horizon = 311, dt = 0.01, n_substeps = 20, dt_sub = 0.0005
2024-11-23 13:36:56,869 DEBUG loaded <trimesh.Trimesh(vertices.shape=(916, 3), faces.shape=(856, 3))> using `load_obj` in 0.0029s
2024-11-23 13:36:57,014 DEBUG loaded <trimesh.Trimesh(vertices.shape=(48, 3), faces.shape=(28, 3))> using `load_obj` in 0.0007s
2024-11-23 13:37:25,192 INFO =====> Epoch: 46
2024-11-23 13:37:25,192 INFO =====> Loss info: {'particle_has_naninf': False, 'height_map_loss': 21.468997955322266, 'emd_loss': 44.11603546142578, 'total_loss': 21.468997955322266}
2024-11-23 13:37:25,192 INFO =====> Performing line search for epoch 46......
2024-11-23 13:37:25,805 INFO ===> New TaichiEnv created.
2024-11-23 13:37:25,805 INFO ===> Specifications: horizon = 311, dt = 0.01, n_substeps = 20, dt_sub = 0.0005
2024-11-23 13:37:25,829 DEBUG loaded <trimesh.Trimesh(vertices.shape=(916, 3), faces.shape=(856, 3))> using `load_obj` in 0.0031s
2024-11-23 13:37:25,975 DEBUG loaded <trimesh.Trimesh(vertices.shape=(48, 3), faces.shape=(28, 3))> using `load_obj` in 0.0007s
2024-11-23 13:37:36,207 INFO =====> alpha: 0.01
2024-11-23 13:37:36,207 INFO =====> Loss info: {'particle_has_naninf': False, 'height_map_loss': 21.476411819458008, 'emd_loss': 44.31480407714844, 'total_loss': 21.476411819458008}
2024-11-23 13:37:36,541 INFO ===> New TaichiEnv created.
2024-11-23 13:37:36,541 INFO ===> Specifications: horizon = 311, dt = 0.01, n_substeps = 20, dt_sub = 0.0005
2024-11-23 13:37:36,563 DEBUG loaded <trimesh.Trimesh(vertices.shape=(916, 3), faces.shape=(856, 3))> using `load_obj` in 0.0030s
2024-11-23 13:37:36,709 DEBUG loaded <trimesh.Trimesh(vertices.shape=(48, 3), faces.shape=(28, 3))> using `load_obj` in 0.0007s
2024-11-23 13:37:46,976 INFO =====> alpha: 0.1
2024-11-23 13:37:46,976 INFO =====> Loss info: {'particle_has_naninf': False, 'height_map_loss': 21.491466522216797, 'emd_loss': 44.28936767578125, 'total_loss': 21.491466522216797}
2024-11-23 13:37:47,315 INFO ===> New TaichiEnv created.
2024-11-23 13:37:47,315 INFO ===> Specifications: horizon = 311, dt = 0.01, n_substeps = 20, dt_sub = 0.0005
2024-11-23 13:37:47,339 DEBUG loaded <trimesh.Trimesh(vertices.shape=(916, 3), faces.shape=(856, 3))> using `load_obj` in 0.0030s
2024-11-23 13:37:47,486 DEBUG loaded <trimesh.Trimesh(vertices.shape=(48, 3), faces.shape=(28, 3))> using `load_obj` in 0.0007s
2024-11-23 13:37:57,221 INFO =====> alpha: 0.5
2024-11-23 13:37:57,221 INFO =====> Loss info: {'particle_has_naninf': False, 'height_map_loss': 21.56643295288086, 'emd_loss': 43.334320068359375, 'total_loss': 21.56643295288086}
2024-11-23 13:37:57,554 INFO ===> New TaichiEnv created.
2024-11-23 13:37:57,554 INFO ===> Specifications: horizon = 311, dt = 0.01, n_substeps = 20, dt_sub = 0.0005
2024-11-23 13:37:57,577 DEBUG loaded <trimesh.Trimesh(vertices.shape=(916, 3), faces.shape=(856, 3))> using `load_obj` in 0.0030s
2024-11-23 13:37:57,723 DEBUG loaded <trimesh.Trimesh(vertices.shape=(48, 3), faces.shape=(28, 3))> using `load_obj` in 0.0007s
2024-11-23 13:38:07,996 INFO =====> alpha: 1.0
2024-11-23 13:38:07,996 INFO =====> Loss info: {'particle_has_naninf': False, 'height_map_loss': 21.770143508911133, 'emd_loss': 43.26372528076172, 'total_loss': 21.770143508911133}
2024-11-23 13:38:08,333 INFO ===> New TaichiEnv created.
2024-11-23 13:38:08,333 INFO ===> Specifications: horizon = 311, dt = 0.01, n_substeps = 20, dt_sub = 0.0005
2024-11-23 13:38:08,356 DEBUG loaded <trimesh.Trimesh(vertices.shape=(916, 3), faces.shape=(856, 3))> using `load_obj` in 0.0029s
2024-11-23 13:38:08,501 DEBUG loaded <trimesh.Trimesh(vertices.shape=(48, 3), faces.shape=(28, 3))> using `load_obj` in 0.0007s
2024-11-23 13:38:18,862 INFO =====> alpha: 1.01
2024-11-23 13:38:18,862 INFO =====> Loss info: {'particle_has_naninf': False, 'height_map_loss': 21.740097045898438, 'emd_loss': 43.44072723388672, 'total_loss': 21.740097045898438}
2024-11-23 13:38:19,194 INFO ===> New TaichiEnv created.
2024-11-23 13:38:19,194 INFO ===> Specifications: horizon = 311, dt = 0.01, n_substeps = 20, dt_sub = 0.0005
2024-11-23 13:38:19,216 DEBUG loaded <trimesh.Trimesh(vertices.shape=(916, 3), faces.shape=(856, 3))> using `load_obj` in 0.0029s
2024-11-23 13:38:19,361 DEBUG loaded <trimesh.Trimesh(vertices.shape=(48, 3), faces.shape=(28, 3))> using `load_obj` in 0.0007s
2024-11-23 13:38:29,182 INFO =====> alpha: 1.1
2024-11-23 13:38:29,183 INFO =====> Loss info: {'particle_has_naninf': False, 'height_map_loss': 21.747434616088867, 'emd_loss': 43.64106369018555, 'total_loss': 21.747434616088867}
2024-11-23 13:38:29,542 INFO ===> New TaichiEnv created.
2024-11-23 13:38:29,542 INFO ===> Specifications: horizon = 311, dt = 0.01, n_substeps = 20, dt_sub = 0.0005
2024-11-23 13:38:29,564 DEBUG loaded <trimesh.Trimesh(vertices.shape=(916, 3), faces.shape=(856, 3))> using `load_obj` in 0.0029s
2024-11-23 13:38:29,709 DEBUG loaded <trimesh.Trimesh(vertices.shape=(48, 3), faces.shape=(28, 3))> using `load_obj` in 0.0007s
2024-11-23 13:38:40,047 INFO =====> alpha: 1.5
2024-11-23 13:38:40,047 INFO =====> Loss info: {'particle_has_naninf': False, 'height_map_loss': 21.814373016357422, 'emd_loss': 44.22120666503906, 'total_loss': 21.814373016357422}
2024-11-23 13:38:40,048 INFO =====> Best alpha: 0.01, Best loss info: {'particle_has_naninf': False, 'height_map_loss': 21.476411819458008, 'emd_loss': 44.31480407714844, 'total_loss': 21.476411819458008}
2024-11-23 13:38:40,048 INFO =====> Param: E: [471962.62], nu: [0.17191869], rho: [1293.0426], sand_angle: [16.360716]
2024-11-23 13:38:40,048 INFO =====> Grad: [-4.7577820e-03 -7.1417065e+03 -3.0907221e+00 -9.1345746e+02]
2024-11-23 13:38:40,048 INFO =====> Num. aborted data so far: 0
2024-11-23 13:38:40,382 INFO ===> New TaichiEnv created.
2024-11-23 13:38:40,383 INFO ===> Specifications: horizon = 311, dt = 0.01, n_substeps = 20, dt_sub = 0.0005
2024-11-23 13:38:40,405 DEBUG loaded <trimesh.Trimesh(vertices.shape=(916, 3), faces.shape=(856, 3))> using `load_obj` in 0.0030s
2024-11-23 13:38:40,549 DEBUG loaded <trimesh.Trimesh(vertices.shape=(48, 3), faces.shape=(28, 3))> using `load_obj` in 0.0007s
2024-11-23 13:39:08,585 INFO =====> Epoch: 47
2024-11-23 13:39:08,586 INFO =====> Loss info: {'particle_has_naninf': False, 'height_map_loss': 21.473526000976562, 'emd_loss': 44.31498336791992, 'total_loss': 21.473526000976562}
2024-11-23 13:39:08,586 INFO =====> Performing line search for epoch 47......
2024-11-23 13:39:09,268 INFO ===> New TaichiEnv created.
2024-11-23 13:39:09,268 INFO ===> Specifications: horizon = 311, dt = 0.01, n_substeps = 20, dt_sub = 0.0005
2024-11-23 13:39:09,291 DEBUG loaded <trimesh.Trimesh(vertices.shape=(916, 3), faces.shape=(856, 3))> using `load_obj` in 0.0029s
2024-11-23 13:39:09,438 DEBUG loaded <trimesh.Trimesh(vertices.shape=(48, 3), faces.shape=(28, 3))> using `load_obj` in 0.0007s
2024-11-23 13:39:19,655 INFO =====> alpha: 0.01
2024-11-23 13:39:19,655 INFO =====> Loss info: {'particle_has_naninf': False, 'height_map_loss': 21.47077178955078, 'emd_loss': 44.32157897949219, 'total_loss': 21.47077178955078}
2024-11-23 13:39:19,993 INFO ===> New TaichiEnv created.
2024-11-23 13:39:19,993 INFO ===> Specifications: horizon = 311, dt = 0.01, n_substeps = 20, dt_sub = 0.0005
2024-11-23 13:39:20,015 DEBUG loaded <trimesh.Trimesh(vertices.shape=(916, 3), faces.shape=(856, 3))> using `load_obj` in 0.0029s
2024-11-23 13:39:20,162 DEBUG loaded <trimesh.Trimesh(vertices.shape=(48, 3), faces.shape=(28, 3))> using `load_obj` in 0.0007s
2024-11-23 13:39:29,889 INFO =====> alpha: 0.1
2024-11-23 13:39:29,889 INFO =====> Loss info: {'particle_has_naninf': False, 'height_map_loss': 21.481287002563477, 'emd_loss': 44.057552337646484, 'total_loss': 21.481287002563477}
2024-11-23 13:39:30,221 INFO ===> New TaichiEnv created.
2024-11-23 13:39:30,221 INFO ===> Specifications: horizon = 311, dt = 0.01, n_substeps = 20, dt_sub = 0.0005
2024-11-23 13:39:30,244 DEBUG loaded <trimesh.Trimesh(vertices.shape=(916, 3), faces.shape=(856, 3))> using `load_obj` in 0.0030s
2024-11-23 13:39:30,389 DEBUG loaded <trimesh.Trimesh(vertices.shape=(48, 3), faces.shape=(28, 3))> using `load_obj` in 0.0007s
2024-11-23 13:39:40,674 INFO =====> alpha: 0.5
2024-11-23 13:39:40,674 INFO =====> Loss info: {'particle_has_naninf': False, 'height_map_loss': 21.520307540893555, 'emd_loss': 43.93843460083008, 'total_loss': 21.520307540893555}
2024-11-23 13:39:41,007 INFO ===> New TaichiEnv created.
2024-11-23 13:39:41,007 INFO ===> Specifications: horizon = 311, dt = 0.01, n_substeps = 20, dt_sub = 0.0005
2024-11-23 13:39:41,029 DEBUG loaded <trimesh.Trimesh(vertices.shape=(916, 3), faces.shape=(856, 3))> using `load_obj` in 0.0029s
2024-11-23 13:39:41,176 DEBUG loaded <trimesh.Trimesh(vertices.shape=(48, 3), faces.shape=(28, 3))> using `load_obj` in 0.0007s
2024-11-23 13:39:51,419 INFO =====> alpha: 1.0
2024-11-23 13:39:51,419 INFO =====> Loss info: {'particle_has_naninf': False, 'height_map_loss': 21.544471740722656, 'emd_loss': 44.16090393066406, 'total_loss': 21.544471740722656}
2024-11-23 13:39:51,757 INFO ===> New TaichiEnv created.
2024-11-23 13:39:51,757 INFO ===> Specifications: horizon = 311, dt = 0.01, n_substeps = 20, dt_sub = 0.0005
2024-11-23 13:39:51,779 DEBUG loaded <trimesh.Trimesh(vertices.shape=(916, 3), faces.shape=(856, 3))> using `load_obj` in 0.0029s
2024-11-23 13:39:51,926 DEBUG loaded <trimesh.Trimesh(vertices.shape=(48, 3), faces.shape=(28, 3))> using `load_obj` in 0.0007s
2024-11-23 13:40:01,744 INFO =====> alpha: 1.01
2024-11-23 13:40:01,744 INFO =====> Loss info: {'particle_has_naninf': False, 'height_map_loss': 21.535411834716797, 'emd_loss': 44.067169189453125, 'total_loss': 21.535411834716797}
2024-11-23 13:40:02,128 INFO ===> New TaichiEnv created.
2024-11-23 13:40:02,128 INFO ===> Specifications: horizon = 311, dt = 0.01, n_substeps = 20, dt_sub = 0.0005
2024-11-23 13:40:02,151 DEBUG loaded <trimesh.Trimesh(vertices.shape=(916, 3), faces.shape=(856, 3))> using `load_obj` in 0.0029s
2024-11-23 13:40:02,296 DEBUG loaded <trimesh.Trimesh(vertices.shape=(48, 3), faces.shape=(28, 3))> using `load_obj` in 0.0007s
2024-11-23 13:40:12,468 INFO =====> alpha: 1.1
2024-11-23 13:40:12,468 INFO =====> Loss info: {'particle_has_naninf': False, 'height_map_loss': 21.57261848449707, 'emd_loss': 44.17422866821289, 'total_loss': 21.57261848449707}
2024-11-23 13:40:12,809 INFO ===> New TaichiEnv created.
2024-11-23 13:40:12,809 INFO ===> Specifications: horizon = 311, dt = 0.01, n_substeps = 20, dt_sub = 0.0005
2024-11-23 13:40:12,831 DEBUG loaded <trimesh.Trimesh(vertices.shape=(916, 3), faces.shape=(856, 3))> using `load_obj` in 0.0029s
2024-11-23 13:40:12,976 DEBUG loaded <trimesh.Trimesh(vertices.shape=(48, 3), faces.shape=(28, 3))> using `load_obj` in 0.0007s
2024-11-23 13:40:23,238 INFO =====> alpha: 1.5
2024-11-23 13:40:23,238 INFO =====> Loss info: {'particle_has_naninf': False, 'height_map_loss': 21.621946334838867, 'emd_loss': 43.62689208984375, 'total_loss': 21.621946334838867}
2024-11-23 13:40:23,238 INFO =====> Best alpha: 0.01, Best loss info: {'particle_has_naninf': False, 'height_map_loss': 21.47077178955078, 'emd_loss': 44.32157897949219, 'total_loss': 21.47077178955078}
2024-11-23 13:40:23,239 INFO =====> Param: E: [471805.66], nu: [0.17182425], rho: [1292.8982], sand_angle: [16.352789]
2024-11-23 13:40:23,239 INFO =====> Grad: [5.5729928e-03 9.7308672e+03 8.2975454e+00 4.1263925e+02]
2024-11-23 13:40:23,239 INFO =====> Num. aborted data so far: 0
2024-11-23 13:40:23,578 INFO ===> New TaichiEnv created.
2024-11-23 13:40:23,579 INFO ===> Specifications: horizon = 311, dt = 0.01, n_substeps = 20, dt_sub = 0.0005
2024-11-23 13:40:23,601 DEBUG loaded <trimesh.Trimesh(vertices.shape=(916, 3), faces.shape=(856, 3))> using `load_obj` in 0.0030s
2024-11-23 13:40:23,746 DEBUG loaded <trimesh.Trimesh(vertices.shape=(48, 3), faces.shape=(28, 3))> using `load_obj` in 0.0007s
2024-11-23 13:40:51,938 INFO =====> Epoch: 48
2024-11-23 13:40:51,939 INFO =====> Loss info: {'particle_has_naninf': False, 'height_map_loss': 21.466320037841797, 'emd_loss': 44.109283447265625, 'total_loss': 21.466320037841797}
2024-11-23 13:40:51,939 INFO =====> Performing line search for epoch 48......
2024-11-23 13:40:52,546 INFO ===> New TaichiEnv created.
2024-11-23 13:40:52,546 INFO ===> Specifications: horizon = 311, dt = 0.01, n_substeps = 20, dt_sub = 0.0005
2024-11-23 13:40:52,569 DEBUG loaded <trimesh.Trimesh(vertices.shape=(916, 3), faces.shape=(856, 3))> using `load_obj` in 0.0029s
2024-11-23 13:40:52,716 DEBUG loaded <trimesh.Trimesh(vertices.shape=(48, 3), faces.shape=(28, 3))> using `load_obj` in 0.0007s
2024-11-23 13:41:02,930 INFO =====> alpha: 0.01
2024-11-23 13:41:02,930 INFO =====> Loss info: {'particle_has_naninf': False, 'height_map_loss': 21.476404190063477, 'emd_loss': 44.12762451171875, 'total_loss': 21.476404190063477}
2024-11-23 13:41:03,261 INFO ===> New TaichiEnv created.
2024-11-23 13:41:03,261 INFO ===> Specifications: horizon = 311, dt = 0.01, n_substeps = 20, dt_sub = 0.0005
2024-11-23 13:41:03,283 DEBUG loaded <trimesh.Trimesh(vertices.shape=(916, 3), faces.shape=(856, 3))> using `load_obj` in 0.0029s
2024-11-23 13:41:03,429 DEBUG loaded <trimesh.Trimesh(vertices.shape=(48, 3), faces.shape=(28, 3))> using `load_obj` in 0.0007s
2024-11-23 13:41:13,304 INFO =====> alpha: 0.1
2024-11-23 13:41:13,304 INFO =====> Loss info: {'particle_has_naninf': False, 'height_map_loss': 21.480899810791016, 'emd_loss': 43.85898971557617, 'total_loss': 21.480899810791016}
2024-11-23 13:41:13,639 INFO ===> New TaichiEnv created.
2024-11-23 13:41:13,639 INFO ===> Specifications: horizon = 311, dt = 0.01, n_substeps = 20, dt_sub = 0.0005
2024-11-23 13:41:13,661 DEBUG loaded <trimesh.Trimesh(vertices.shape=(916, 3), faces.shape=(856, 3))> using `load_obj` in 0.0029s
2024-11-23 13:41:13,807 DEBUG loaded <trimesh.Trimesh(vertices.shape=(48, 3), faces.shape=(28, 3))> using `load_obj` in 0.0007s
2024-11-23 13:41:24,015 INFO =====> alpha: 0.5
2024-11-23 13:41:24,015 INFO =====> Loss info: {'particle_has_naninf': False, 'height_map_loss': 21.545379638671875, 'emd_loss': 43.8538703918457, 'total_loss': 21.545379638671875}
2024-11-23 13:41:24,357 INFO ===> New TaichiEnv created.
2024-11-23 13:41:24,357 INFO ===> Specifications: horizon = 311, dt = 0.01, n_substeps = 20, dt_sub = 0.0005
2024-11-23 13:41:24,379 DEBUG loaded <trimesh.Trimesh(vertices.shape=(916, 3), faces.shape=(856, 3))> using `load_obj` in 0.0029s
2024-11-23 13:41:24,526 DEBUG loaded <trimesh.Trimesh(vertices.shape=(48, 3), faces.shape=(28, 3))> using `load_obj` in 0.0007s
2024-11-23 13:41:34,215 INFO =====> alpha: 1.0
2024-11-23 13:41:34,215 INFO =====> Loss info: {'particle_has_naninf': False, 'height_map_loss': 21.570573806762695, 'emd_loss': 42.82258987426758, 'total_loss': 21.570573806762695}
2024-11-23 13:41:34,550 INFO ===> New TaichiEnv created.
2024-11-23 13:41:34,550 INFO ===> Specifications: horizon = 311, dt = 0.01, n_substeps = 20, dt_sub = 0.0005
2024-11-23 13:41:34,572 DEBUG loaded <trimesh.Trimesh(vertices.shape=(916, 3), faces.shape=(856, 3))> using `load_obj` in 0.0028s
2024-11-23 13:41:34,717 DEBUG loaded <trimesh.Trimesh(vertices.shape=(48, 3), faces.shape=(28, 3))> using `load_obj` in 0.0007s
2024-11-23 13:41:44,924 INFO =====> alpha: 1.01
2024-11-23 13:41:44,924 INFO =====> Loss info: {'particle_has_naninf': False, 'height_map_loss': 21.56206703186035, 'emd_loss': 42.71407699584961, 'total_loss': 21.56206703186035}
2024-11-23 13:41:45,257 INFO ===> New TaichiEnv created.
2024-11-23 13:41:45,257 INFO ===> Specifications: horizon = 311, dt = 0.01, n_substeps = 20, dt_sub = 0.0005
2024-11-23 13:41:45,279 DEBUG loaded <trimesh.Trimesh(vertices.shape=(916, 3), faces.shape=(856, 3))> using `load_obj` in 0.0029s
2024-11-23 13:41:45,424 DEBUG loaded <trimesh.Trimesh(vertices.shape=(48, 3), faces.shape=(28, 3))> using `load_obj` in 0.0007s
2024-11-23 13:41:55,581 INFO =====> alpha: 1.1
2024-11-23 13:41:55,582 INFO =====> Loss info: {'particle_has_naninf': False, 'height_map_loss': 21.597694396972656, 'emd_loss': 42.53976058959961, 'total_loss': 21.597694396972656}
2024-11-23 13:41:55,913 INFO ===> New TaichiEnv created.
2024-11-23 13:41:55,913 INFO ===> Specifications: horizon = 311, dt = 0.01, n_substeps = 20, dt_sub = 0.0005
2024-11-23 13:41:55,936 DEBUG loaded <trimesh.Trimesh(vertices.shape=(916, 3), faces.shape=(856, 3))> using `load_obj` in 0.0030s
2024-11-23 13:41:56,082 DEBUG loaded <trimesh.Trimesh(vertices.shape=(48, 3), faces.shape=(28, 3))> using `load_obj` in 0.0007s
2024-11-23 13:42:06,221 INFO =====> alpha: 1.5
2024-11-23 13:42:06,221 INFO =====> Loss info: {'particle_has_naninf': False, 'height_map_loss': 21.657806396484375, 'emd_loss': 43.43192672729492, 'total_loss': 21.657806396484375}
2024-11-23 13:42:06,222 INFO =====> Best alpha: 0.01, Best loss info: {'particle_has_naninf': False, 'height_map_loss': 21.476404190063477, 'emd_loss': 44.12762451171875, 'total_loss': 21.476404190063477}
2024-11-23 13:42:06,222 INFO =====> Param: E: [471890.9], nu: [0.1719251], rho: [1292.7579], sand_angle: [16.338219]
2024-11-23 13:42:06,222 INFO =====> Grad: [-2.8980221e-03 -1.0400161e+04  7.6702733e+00  8.1071552e+02]
2024-11-23 13:42:06,222 INFO =====> Num. aborted data so far: 0
2024-11-23 13:42:06,559 INFO ===> New TaichiEnv created.
2024-11-23 13:42:06,559 INFO ===> Specifications: horizon = 311, dt = 0.01, n_substeps = 20, dt_sub = 0.0005
2024-11-23 13:42:06,581 DEBUG loaded <trimesh.Trimesh(vertices.shape=(916, 3), faces.shape=(856, 3))> using `load_obj` in 0.0028s
2024-11-23 13:42:06,726 DEBUG loaded <trimesh.Trimesh(vertices.shape=(48, 3), faces.shape=(28, 3))> using `load_obj` in 0.0009s
2024-11-23 13:42:34,833 INFO =====> Epoch: 49
2024-11-23 13:42:34,833 INFO =====> Loss info: {'particle_has_naninf': False, 'height_map_loss': 21.47369384765625, 'emd_loss': 44.130977630615234, 'total_loss': 21.47369384765625}
2024-11-23 13:42:34,833 INFO =====> Performing line search for epoch 49......
2024-11-23 13:42:35,511 INFO ===> New TaichiEnv created.
2024-11-23 13:42:35,511 INFO ===> Specifications: horizon = 311, dt = 0.01, n_substeps = 20, dt_sub = 0.0005
2024-11-23 13:42:35,534 DEBUG loaded <trimesh.Trimesh(vertices.shape=(916, 3), faces.shape=(856, 3))> using `load_obj` in 0.0029s
2024-11-23 13:42:35,680 DEBUG loaded <trimesh.Trimesh(vertices.shape=(48, 3), faces.shape=(28, 3))> using `load_obj` in 0.0007s
2024-11-23 13:42:45,461 INFO =====> alpha: 0.01
2024-11-23 13:42:45,461 INFO =====> Loss info: {'particle_has_naninf': False, 'height_map_loss': 21.478763580322266, 'emd_loss': 44.10197448730469, 'total_loss': 21.478763580322266}
2024-11-23 13:42:45,795 INFO ===> New TaichiEnv created.
2024-11-23 13:42:45,795 INFO ===> Specifications: horizon = 311, dt = 0.01, n_substeps = 20, dt_sub = 0.0005
2024-11-23 13:42:45,818 DEBUG loaded <trimesh.Trimesh(vertices.shape=(916, 3), faces.shape=(856, 3))> using `load_obj` in 0.0030s
2024-11-23 13:42:45,966 DEBUG loaded <trimesh.Trimesh(vertices.shape=(48, 3), faces.shape=(28, 3))> using `load_obj` in 0.0007s
2024-11-23 13:42:56,190 INFO =====> alpha: 0.1
2024-11-23 13:42:56,190 INFO =====> Loss info: {'particle_has_naninf': False, 'height_map_loss': 21.470972061157227, 'emd_loss': 43.85135269165039, 'total_loss': 21.470972061157227}
2024-11-23 13:42:56,526 INFO ===> New TaichiEnv created.
2024-11-23 13:42:56,526 INFO ===> Specifications: horizon = 311, dt = 0.01, n_substeps = 20, dt_sub = 0.0005
2024-11-23 13:42:56,548 DEBUG loaded <trimesh.Trimesh(vertices.shape=(916, 3), faces.shape=(856, 3))> using `load_obj` in 0.0030s
2024-11-23 13:42:56,693 DEBUG loaded <trimesh.Trimesh(vertices.shape=(48, 3), faces.shape=(28, 3))> using `load_obj` in 0.0007s
2024-11-23 13:43:06,920 INFO =====> alpha: 0.5
2024-11-23 13:43:06,920 INFO =====> Loss info: {'particle_has_naninf': False, 'height_map_loss': 21.496240615844727, 'emd_loss': 43.934364318847656, 'total_loss': 21.496240615844727}
2024-11-23 13:43:07,255 INFO ===> New TaichiEnv created.
2024-11-23 13:43:07,255 INFO ===> Specifications: horizon = 311, dt = 0.01, n_substeps = 20, dt_sub = 0.0005
2024-11-23 13:43:07,278 DEBUG loaded <trimesh.Trimesh(vertices.shape=(916, 3), faces.shape=(856, 3))> using `load_obj` in 0.0030s
2024-11-23 13:43:07,423 DEBUG loaded <trimesh.Trimesh(vertices.shape=(48, 3), faces.shape=(28, 3))> using `load_obj` in 0.0007s
2024-11-23 13:43:17,381 INFO =====> alpha: 1.0
2024-11-23 13:43:17,381 INFO =====> Loss info: {'particle_has_naninf': False, 'height_map_loss': 21.632015228271484, 'emd_loss': 43.08576202392578, 'total_loss': 21.632015228271484}
2024-11-23 13:43:17,712 INFO ===> New TaichiEnv created.
2024-11-23 13:43:17,712 INFO ===> Specifications: horizon = 311, dt = 0.01, n_substeps = 20, dt_sub = 0.0005
2024-11-23 13:43:17,734 DEBUG loaded <trimesh.Trimesh(vertices.shape=(916, 3), faces.shape=(856, 3))> using `load_obj` in 0.0029s
2024-11-23 13:43:17,879 DEBUG loaded <trimesh.Trimesh(vertices.shape=(48, 3), faces.shape=(28, 3))> using `load_obj` in 0.0007s
2024-11-23 13:43:28,071 INFO =====> alpha: 1.01
2024-11-23 13:43:28,071 INFO =====> Loss info: {'particle_has_naninf': False, 'height_map_loss': 21.643457412719727, 'emd_loss': 43.30629348754883, 'total_loss': 21.643457412719727}
2024-11-23 13:43:28,412 INFO ===> New TaichiEnv created.
2024-11-23 13:43:28,412 INFO ===> Specifications: horizon = 311, dt = 0.01, n_substeps = 20, dt_sub = 0.0005
2024-11-23 13:43:28,435 DEBUG loaded <trimesh.Trimesh(vertices.shape=(916, 3), faces.shape=(856, 3))> using `load_obj` in 0.0030s
2024-11-23 13:43:28,580 DEBUG loaded <trimesh.Trimesh(vertices.shape=(48, 3), faces.shape=(28, 3))> using `load_obj` in 0.0007s
2024-11-23 13:43:38,891 INFO =====> alpha: 1.1
2024-11-23 13:43:38,891 INFO =====> Loss info: {'particle_has_naninf': False, 'height_map_loss': 21.648242950439453, 'emd_loss': 42.88975143432617, 'total_loss': 21.648242950439453}
2024-11-23 13:43:39,226 INFO ===> New TaichiEnv created.
2024-11-23 13:43:39,226 INFO ===> Specifications: horizon = 311, dt = 0.01, n_substeps = 20, dt_sub = 0.0005
2024-11-23 13:43:39,248 DEBUG loaded <trimesh.Trimesh(vertices.shape=(916, 3), faces.shape=(856, 3))> using `load_obj` in 0.0029s
2024-11-23 13:43:39,396 DEBUG loaded <trimesh.Trimesh(vertices.shape=(48, 3), faces.shape=(28, 3))> using `load_obj` in 0.0007s
2024-11-23 13:43:49,164 INFO =====> alpha: 1.5
2024-11-23 13:43:49,164 INFO =====> Loss info: {'particle_has_naninf': False, 'height_map_loss': 21.722917556762695, 'emd_loss': 43.46005630493164, 'total_loss': 21.722917556762695}
2024-11-23 13:43:49,165 INFO =====> Best alpha: 0.1, Best loss info: {'particle_has_naninf': False, 'height_map_loss': 21.470972061157227, 'emd_loss': 43.85135269165039, 'total_loss': 21.470972061157227}
2024-11-23 13:43:49,165 INFO =====> Param: E: [471855.34], nu: [0.17205329], rho: [1298.087], sand_angle: [16.200043]
2024-11-23 13:43:49,165 INFO =====> Grad: [ 1.1471784e-04 -1.2551340e+03 -2.9376286e+01  8.1093799e+02]
2024-11-23 13:43:49,165 INFO =====> Num. aborted data so far: 0
2024-11-23 13:43:49,499 INFO ===> New TaichiEnv created.
2024-11-23 13:43:49,499 INFO ===> Specifications: horizon = 311, dt = 0.01, n_substeps = 20, dt_sub = 0.0005
2024-11-23 13:43:49,523 DEBUG loaded <trimesh.Trimesh(vertices.shape=(916, 3), faces.shape=(856, 3))> using `load_obj` in 0.0029s
2024-11-23 13:43:49,667 DEBUG loaded <trimesh.Trimesh(vertices.shape=(48, 3), faces.shape=(28, 3))> using `load_obj` in 0.0007s
2024-11-23 13:44:17,818 INFO =====> Epoch: 50
2024-11-23 13:44:17,818 INFO =====> Loss info: {'particle_has_naninf': False, 'height_map_loss': 21.47193145751953, 'emd_loss': 43.85091781616211, 'total_loss': 21.47193145751953}
2024-11-23 13:44:17,818 INFO =====> Performing line search for epoch 50......
2024-11-23 13:44:18,433 INFO ===> New TaichiEnv created.
2024-11-23 13:44:18,434 INFO ===> Specifications: horizon = 311, dt = 0.01, n_substeps = 20, dt_sub = 0.0005
2024-11-23 13:44:18,458 DEBUG loaded <trimesh.Trimesh(vertices.shape=(916, 3), faces.shape=(856, 3))> using `load_obj` in 0.0031s
2024-11-23 13:44:18,605 DEBUG loaded <trimesh.Trimesh(vertices.shape=(48, 3), faces.shape=(28, 3))> using `load_obj` in 0.0007s
2024-11-23 13:44:28,984 INFO =====> alpha: 0.01
2024-11-23 13:44:28,984 INFO =====> Loss info: {'particle_has_naninf': False, 'height_map_loss': 21.471738815307617, 'emd_loss': 43.85023498535156, 'total_loss': 21.471738815307617}
2024-11-23 13:44:29,321 INFO ===> New TaichiEnv created.
2024-11-23 13:44:29,321 INFO ===> Specifications: horizon = 311, dt = 0.01, n_substeps = 20, dt_sub = 0.0005
2024-11-23 13:44:29,344 DEBUG loaded <trimesh.Trimesh(vertices.shape=(916, 3), faces.shape=(856, 3))> using `load_obj` in 0.0030s
2024-11-23 13:44:29,492 DEBUG loaded <trimesh.Trimesh(vertices.shape=(48, 3), faces.shape=(28, 3))> using `load_obj` in 0.0007s
2024-11-23 13:44:39,776 INFO =====> alpha: 0.1
2024-11-23 13:44:39,776 INFO =====> Loss info: {'particle_has_naninf': False, 'height_map_loss': 21.470535278320312, 'emd_loss': 43.75145721435547, 'total_loss': 21.470535278320312}
2024-11-23 13:44:40,113 INFO ===> New TaichiEnv created.
2024-11-23 13:44:40,113 INFO ===> Specifications: horizon = 311, dt = 0.01, n_substeps = 20, dt_sub = 0.0005
2024-11-23 13:44:40,135 DEBUG loaded <trimesh.Trimesh(vertices.shape=(916, 3), faces.shape=(856, 3))> using `load_obj` in 0.0030s
2024-11-23 13:44:40,282 DEBUG loaded <trimesh.Trimesh(vertices.shape=(48, 3), faces.shape=(28, 3))> using `load_obj` in 0.0007s
2024-11-23 13:44:50,061 INFO =====> alpha: 0.5
2024-11-23 13:44:50,061 INFO =====> Loss info: {'particle_has_naninf': False, 'height_map_loss': 21.49156951904297, 'emd_loss': 43.7825813293457, 'total_loss': 21.49156951904297}
2024-11-23 13:44:50,472 INFO ===> New TaichiEnv created.
2024-11-23 13:44:50,472 INFO ===> Specifications: horizon = 311, dt = 0.01, n_substeps = 20, dt_sub = 0.0005
2024-11-23 13:44:50,495 DEBUG loaded <trimesh.Trimesh(vertices.shape=(916, 3), faces.shape=(856, 3))> using `load_obj` in 0.0030s
2024-11-23 13:44:50,643 DEBUG loaded <trimesh.Trimesh(vertices.shape=(48, 3), faces.shape=(28, 3))> using `load_obj` in 0.0007s
2024-11-23 13:45:00,896 INFO =====> alpha: 1.0
2024-11-23 13:45:00,896 INFO =====> Loss info: {'particle_has_naninf': False, 'height_map_loss': 21.48348617553711, 'emd_loss': 43.67200469970703, 'total_loss': 21.48348617553711}
2024-11-23 13:45:01,230 INFO ===> New TaichiEnv created.
2024-11-23 13:45:01,230 INFO ===> Specifications: horizon = 311, dt = 0.01, n_substeps = 20, dt_sub = 0.0005
2024-11-23 13:45:01,253 DEBUG loaded <trimesh.Trimesh(vertices.shape=(916, 3), faces.shape=(856, 3))> using `load_obj` in 0.0029s
2024-11-23 13:45:01,398 DEBUG loaded <trimesh.Trimesh(vertices.shape=(48, 3), faces.shape=(28, 3))> using `load_obj` in 0.0007s
2024-11-23 13:45:11,632 INFO =====> alpha: 1.01
2024-11-23 13:45:11,632 INFO =====> Loss info: {'particle_has_naninf': False, 'height_map_loss': 21.48485565185547, 'emd_loss': 43.671958923339844, 'total_loss': 21.48485565185547}
2024-11-23 13:45:11,968 INFO ===> New TaichiEnv created.
2024-11-23 13:45:11,968 INFO ===> Specifications: horizon = 311, dt = 0.01, n_substeps = 20, dt_sub = 0.0005
2024-11-23 13:45:11,991 DEBUG loaded <trimesh.Trimesh(vertices.shape=(916, 3), faces.shape=(856, 3))> using `load_obj` in 0.0029s
2024-11-23 13:45:12,137 DEBUG loaded <trimesh.Trimesh(vertices.shape=(48, 3), faces.shape=(28, 3))> using `load_obj` in 0.0007s
2024-11-23 13:45:21,907 INFO =====> alpha: 1.1
2024-11-23 13:45:21,907 INFO =====> Loss info: {'particle_has_naninf': False, 'height_map_loss': 21.515047073364258, 'emd_loss': 43.85630416870117, 'total_loss': 21.515047073364258}
2024-11-23 13:45:22,241 INFO ===> New TaichiEnv created.
2024-11-23 13:45:22,241 INFO ===> Specifications: horizon = 311, dt = 0.01, n_substeps = 20, dt_sub = 0.0005
2024-11-23 13:45:22,264 DEBUG loaded <trimesh.Trimesh(vertices.shape=(916, 3), faces.shape=(856, 3))> using `load_obj` in 0.0029s
2024-11-23 13:45:22,409 DEBUG loaded <trimesh.Trimesh(vertices.shape=(48, 3), faces.shape=(28, 3))> using `load_obj` in 0.0007s
2024-11-23 13:45:32,666 INFO =====> alpha: 1.5
2024-11-23 13:45:32,667 INFO =====> Loss info: {'particle_has_naninf': False, 'height_map_loss': 21.521244049072266, 'emd_loss': 43.65666580200195, 'total_loss': 21.521244049072266}
2024-11-23 13:45:32,667 INFO =====> Best alpha: 0.1, Best loss info: {'particle_has_naninf': False, 'height_map_loss': 21.470535278320312, 'emd_loss': 43.75145721435547, 'total_loss': 21.470535278320312}
2024-11-23 13:45:32,667 INFO =====> Param: E: [475597.22], nu: [0.17393054], rho: [1306.4705], sand_angle: [16.154303]
2024-11-23 13:45:32,667 INFO =====> Grad: [-1.4199814e-02 -2.1668656e+04 -5.1709023e+01  2.5737573e+02]
2024-11-23 13:45:32,667 INFO =====> Num. aborted data so far: 0
2024-11-23 13:45:33,005 INFO ===> New TaichiEnv created.
2024-11-23 13:45:33,005 INFO ===> Specifications: horizon = 311, dt = 0.01, n_substeps = 20, dt_sub = 0.0005
2024-11-23 13:45:33,028 DEBUG loaded <trimesh.Trimesh(vertices.shape=(916, 3), faces.shape=(856, 3))> using `load_obj` in 0.0029s
2024-11-23 13:45:33,175 DEBUG loaded <trimesh.Trimesh(vertices.shape=(48, 3), faces.shape=(28, 3))> using `load_obj` in 0.0007s
2024-11-23 13:46:01,218 INFO =====> Epoch: 51
2024-11-23 13:46:01,218 INFO =====> Loss info: {'particle_has_naninf': False, 'height_map_loss': 21.476036071777344, 'emd_loss': 43.757659912109375, 'total_loss': 21.476036071777344}
2024-11-23 13:46:01,219 INFO =====> Performing line search for epoch 51......
2024-11-23 13:46:01,824 INFO ===> New TaichiEnv created.
2024-11-23 13:46:01,825 INFO ===> Specifications: horizon = 311, dt = 0.01, n_substeps = 20, dt_sub = 0.0005
2024-11-23 13:46:01,848 DEBUG loaded <trimesh.Trimesh(vertices.shape=(916, 3), faces.shape=(856, 3))> using `load_obj` in 0.0030s
2024-11-23 13:46:01,996 DEBUG loaded <trimesh.Trimesh(vertices.shape=(48, 3), faces.shape=(28, 3))> using `load_obj` in 0.0007s
2024-11-23 13:46:12,207 INFO =====> alpha: 0.01
2024-11-23 13:46:12,207 INFO =====> Loss info: {'particle_has_naninf': False, 'height_map_loss': 21.479854583740234, 'emd_loss': 43.779151916503906, 'total_loss': 21.479854583740234}
2024-11-23 13:46:12,594 INFO ===> New TaichiEnv created.
2024-11-23 13:46:12,594 INFO ===> Specifications: horizon = 311, dt = 0.01, n_substeps = 20, dt_sub = 0.0005
2024-11-23 13:46:12,617 DEBUG loaded <trimesh.Trimesh(vertices.shape=(916, 3), faces.shape=(856, 3))> using `load_obj` in 0.0029s
2024-11-23 13:46:12,764 DEBUG loaded <trimesh.Trimesh(vertices.shape=(48, 3), faces.shape=(28, 3))> using `load_obj` in 0.0007s
2024-11-23 13:46:22,618 INFO =====> alpha: 0.1
2024-11-23 13:46:22,618 INFO =====> Loss info: {'particle_has_naninf': False, 'height_map_loss': 21.466514587402344, 'emd_loss': 43.85853958129883, 'total_loss': 21.466514587402344}
2024-11-23 13:46:22,956 INFO ===> New TaichiEnv created.
2024-11-23 13:46:22,957 INFO ===> Specifications: horizon = 311, dt = 0.01, n_substeps = 20, dt_sub = 0.0005
2024-11-23 13:46:22,980 DEBUG loaded <trimesh.Trimesh(vertices.shape=(916, 3), faces.shape=(856, 3))> using `load_obj` in 0.0030s
2024-11-23 13:46:23,127 DEBUG loaded <trimesh.Trimesh(vertices.shape=(48, 3), faces.shape=(28, 3))> using `load_obj` in 0.0007s
2024-11-23 13:46:33,358 INFO =====> alpha: 0.5
2024-11-23 13:46:33,358 INFO =====> Loss info: {'particle_has_naninf': False, 'height_map_loss': 21.50060272216797, 'emd_loss': 43.95790481567383, 'total_loss': 21.50060272216797}
2024-11-23 13:46:33,773 INFO ===> New TaichiEnv created.
2024-11-23 13:46:33,773 INFO ===> Specifications: horizon = 311, dt = 0.01, n_substeps = 20, dt_sub = 0.0005
2024-11-23 13:46:33,795 DEBUG loaded <trimesh.Trimesh(vertices.shape=(916, 3), faces.shape=(856, 3))> using `load_obj` in 0.0030s
2024-11-23 13:46:33,940 DEBUG loaded <trimesh.Trimesh(vertices.shape=(48, 3), faces.shape=(28, 3))> using `load_obj` in 0.0007s
2024-11-23 13:46:44,157 INFO =====> alpha: 1.0
2024-11-23 13:46:44,157 INFO =====> Loss info: {'particle_has_naninf': False, 'height_map_loss': 21.463747024536133, 'emd_loss': 44.0474967956543, 'total_loss': 21.463747024536133}
2024-11-23 13:46:44,495 INFO ===> New TaichiEnv created.
2024-11-23 13:46:44,495 INFO ===> Specifications: horizon = 311, dt = 0.01, n_substeps = 20, dt_sub = 0.0005
2024-11-23 13:46:44,518 DEBUG loaded <trimesh.Trimesh(vertices.shape=(916, 3), faces.shape=(856, 3))> using `load_obj` in 0.0029s
2024-11-23 13:46:44,662 DEBUG loaded <trimesh.Trimesh(vertices.shape=(48, 3), faces.shape=(28, 3))> using `load_obj` in 0.0007s
2024-11-23 13:46:54,495 INFO =====> alpha: 1.01
2024-11-23 13:46:54,495 INFO =====> Loss info: {'particle_has_naninf': False, 'height_map_loss': 21.50070571899414, 'emd_loss': 44.05012893676758, 'total_loss': 21.50070571899414}
2024-11-23 13:46:54,830 INFO ===> New TaichiEnv created.
2024-11-23 13:46:54,831 INFO ===> Specifications: horizon = 311, dt = 0.01, n_substeps = 20, dt_sub = 0.0005
2024-11-23 13:46:54,853 DEBUG loaded <trimesh.Trimesh(vertices.shape=(916, 3), faces.shape=(856, 3))> using `load_obj` in 0.0029s
2024-11-23 13:46:54,998 DEBUG loaded <trimesh.Trimesh(vertices.shape=(48, 3), faces.shape=(28, 3))> using `load_obj` in 0.0007s
2024-11-23 13:47:05,182 INFO =====> alpha: 1.1
2024-11-23 13:47:05,182 INFO =====> Loss info: {'particle_has_naninf': False, 'height_map_loss': 21.494272232055664, 'emd_loss': 44.09354782104492, 'total_loss': 21.494272232055664}
2024-11-23 13:47:05,516 INFO ===> New TaichiEnv created.
2024-11-23 13:47:05,516 INFO ===> Specifications: horizon = 311, dt = 0.01, n_substeps = 20, dt_sub = 0.0005
2024-11-23 13:47:05,539 DEBUG loaded <trimesh.Trimesh(vertices.shape=(916, 3), faces.shape=(856, 3))> using `load_obj` in 0.0030s
2024-11-23 13:47:05,684 DEBUG loaded <trimesh.Trimesh(vertices.shape=(48, 3), faces.shape=(28, 3))> using `load_obj` in 0.0007s
2024-11-23 13:47:15,956 INFO =====> alpha: 1.5
2024-11-23 13:47:15,957 INFO =====> Loss info: {'particle_has_naninf': False, 'height_map_loss': 21.529836654663086, 'emd_loss': 43.99359893798828, 'total_loss': 21.529836654663086}
2024-11-23 13:47:15,957 INFO =====> Best alpha: 1.0, Best loss info: {'particle_has_naninf': False, 'height_map_loss': 21.463747024536133, 'emd_loss': 44.0474967956543, 'total_loss': 21.463747024536133}
2024-11-23 13:47:15,957 INFO =====> Param: E: [472670.84], nu: [0.17076744], rho: [1332.0336], sand_angle: [15.828977]
2024-11-23 13:47:15,957 INFO =====> Grad: [ 1.0546496e-03  3.4812043e+03 -1.5157573e+01  1.7458856e+02]
2024-11-23 13:47:15,957 INFO =====> Num. aborted data so far: 0
2024-11-23 13:47:16,290 INFO ===> New TaichiEnv created.
2024-11-23 13:47:16,290 INFO ===> Specifications: horizon = 311, dt = 0.01, n_substeps = 20, dt_sub = 0.0005
2024-11-23 13:47:16,312 DEBUG loaded <trimesh.Trimesh(vertices.shape=(916, 3), faces.shape=(856, 3))> using `load_obj` in 0.0029s
2024-11-23 13:47:16,458 DEBUG loaded <trimesh.Trimesh(vertices.shape=(48, 3), faces.shape=(28, 3))> using `load_obj` in 0.0007s
2024-11-23 13:47:44,511 INFO =====> Epoch: 52
2024-11-23 13:47:44,511 INFO =====> Loss info: {'particle_has_naninf': False, 'height_map_loss': 21.49385643005371, 'emd_loss': 44.03395462036133, 'total_loss': 21.49385643005371}
2024-11-23 13:47:44,511 INFO =====> Performing line search for epoch 52......
2024-11-23 13:47:45,118 INFO ===> New TaichiEnv created.
2024-11-23 13:47:45,118 INFO ===> Specifications: horizon = 311, dt = 0.01, n_substeps = 20, dt_sub = 0.0005
2024-11-23 13:47:45,147 DEBUG loaded <trimesh.Trimesh(vertices.shape=(916, 3), faces.shape=(856, 3))> using `load_obj` in 0.0031s
2024-11-23 13:47:45,296 DEBUG loaded <trimesh.Trimesh(vertices.shape=(48, 3), faces.shape=(28, 3))> using `load_obj` in 0.0007s
2024-11-23 13:47:55,087 INFO =====> alpha: 0.01
2024-11-23 13:47:55,087 INFO =====> Loss info: {'particle_has_naninf': False, 'height_map_loss': 21.470321655273438, 'emd_loss': 44.08367919921875, 'total_loss': 21.470321655273438}
2024-11-23 13:47:55,425 INFO ===> New TaichiEnv created.
2024-11-23 13:47:55,425 INFO ===> Specifications: horizon = 311, dt = 0.01, n_substeps = 20, dt_sub = 0.0005
2024-11-23 13:47:55,447 DEBUG loaded <trimesh.Trimesh(vertices.shape=(916, 3), faces.shape=(856, 3))> using `load_obj` in 0.0030s
2024-11-23 13:47:55,595 DEBUG loaded <trimesh.Trimesh(vertices.shape=(48, 3), faces.shape=(28, 3))> using `load_obj` in 0.0008s
2024-11-23 13:48:05,800 INFO =====> alpha: 0.1
2024-11-23 13:48:05,800 INFO =====> Loss info: {'particle_has_naninf': False, 'height_map_loss': 21.537351608276367, 'emd_loss': 43.955810546875, 'total_loss': 21.537351608276367}
2024-11-23 13:48:06,134 INFO ===> New TaichiEnv created.
2024-11-23 13:48:06,134 INFO ===> Specifications: horizon = 311, dt = 0.01, n_substeps = 20, dt_sub = 0.0005
2024-11-23 13:48:06,157 DEBUG loaded <trimesh.Trimesh(vertices.shape=(916, 3), faces.shape=(856, 3))> using `load_obj` in 0.0030s
2024-11-23 13:48:06,302 DEBUG loaded <trimesh.Trimesh(vertices.shape=(48, 3), faces.shape=(28, 3))> using `load_obj` in 0.0007s
2024-11-23 13:48:16,450 INFO =====> alpha: 0.5
2024-11-23 13:48:16,450 INFO =====> Loss info: {'particle_has_naninf': False, 'height_map_loss': 21.666685104370117, 'emd_loss': 43.230228424072266, 'total_loss': 21.666685104370117}
2024-11-23 13:48:16,787 INFO ===> New TaichiEnv created.
2024-11-23 13:48:16,787 INFO ===> Specifications: horizon = 311, dt = 0.01, n_substeps = 20, dt_sub = 0.0005
2024-11-23 13:48:16,809 DEBUG loaded <trimesh.Trimesh(vertices.shape=(916, 3), faces.shape=(856, 3))> using `load_obj` in 0.0030s
2024-11-23 13:48:16,958 DEBUG loaded <trimesh.Trimesh(vertices.shape=(48, 3), faces.shape=(28, 3))> using `load_obj` in 0.0007s
2024-11-23 13:48:26,752 INFO =====> alpha: 1.0
2024-11-23 13:48:26,752 INFO =====> Loss info: {'particle_has_naninf': False, 'height_map_loss': 21.906896591186523, 'emd_loss': 44.01357650756836, 'total_loss': 21.906896591186523}
2024-11-23 13:48:27,090 INFO ===> New TaichiEnv created.
2024-11-23 13:48:27,090 INFO ===> Specifications: horizon = 311, dt = 0.01, n_substeps = 20, dt_sub = 0.0005
2024-11-23 13:48:27,112 DEBUG loaded <trimesh.Trimesh(vertices.shape=(916, 3), faces.shape=(856, 3))> using `load_obj` in 0.0029s
2024-11-23 13:48:27,259 DEBUG loaded <trimesh.Trimesh(vertices.shape=(48, 3), faces.shape=(28, 3))> using `load_obj` in 0.0007s
2024-11-23 13:48:37,521 INFO =====> alpha: 1.01
2024-11-23 13:48:37,521 INFO =====> Loss info: {'particle_has_naninf': False, 'height_map_loss': 21.90262794494629, 'emd_loss': 43.980709075927734, 'total_loss': 21.90262794494629}
2024-11-23 13:48:37,857 INFO ===> New TaichiEnv created.
2024-11-23 13:48:37,857 INFO ===> Specifications: horizon = 311, dt = 0.01, n_substeps = 20, dt_sub = 0.0005
2024-11-23 13:48:37,879 DEBUG loaded <trimesh.Trimesh(vertices.shape=(916, 3), faces.shape=(856, 3))> using `load_obj` in 0.0030s
2024-11-23 13:48:38,026 DEBUG loaded <trimesh.Trimesh(vertices.shape=(48, 3), faces.shape=(28, 3))> using `load_obj` in 0.0007s
2024-11-23 13:48:48,328 INFO =====> alpha: 1.1
2024-11-23 13:48:48,328 INFO =====> Loss info: {'particle_has_naninf': False, 'height_map_loss': 21.96415901184082, 'emd_loss': 43.89572525024414, 'total_loss': 21.96415901184082}
2024-11-23 13:48:48,717 INFO ===> New TaichiEnv created.
2024-11-23 13:48:48,717 INFO ===> Specifications: horizon = 311, dt = 0.01, n_substeps = 20, dt_sub = 0.0005
2024-11-23 13:48:48,739 DEBUG loaded <trimesh.Trimesh(vertices.shape=(916, 3), faces.shape=(856, 3))> using `load_obj` in 0.0029s
2024-11-23 13:48:48,884 DEBUG loaded <trimesh.Trimesh(vertices.shape=(48, 3), faces.shape=(28, 3))> using `load_obj` in 0.0007s
2024-11-23 13:48:58,812 INFO =====> alpha: 1.5
2024-11-23 13:48:58,812 INFO =====> Loss info: {'particle_has_naninf': False, 'height_map_loss': 22.168720245361328, 'emd_loss': 45.16611862182617, 'total_loss': 22.168720245361328}
2024-11-23 13:48:58,812 INFO =====> Best alpha: 0.01, Best loss info: {'particle_has_naninf': False, 'height_map_loss': 21.470321655273438, 'emd_loss': 44.08367919921875, 'total_loss': 21.470321655273438}
2024-11-23 13:48:58,813 INFO =====> Param: E: [472337.5], nu: [0.1705666], rho: [1331.9884], sand_angle: [15.810555]
2024-11-23 13:48:58,813 INFO =====> Grad: [1.3411699e-02 2.7148781e+04 2.5406690e+00 1.1538583e+03]
2024-11-23 13:48:58,813 INFO =====> Num. aborted data so far: 0
2024-11-23 13:48:59,163 INFO ===> New TaichiEnv created.
2024-11-23 13:48:59,163 INFO ===> Specifications: horizon = 311, dt = 0.01, n_substeps = 20, dt_sub = 0.0005
2024-11-23 13:48:59,186 DEBUG loaded <trimesh.Trimesh(vertices.shape=(916, 3), faces.shape=(856, 3))> using `load_obj` in 0.0030s
2024-11-23 13:48:59,330 DEBUG loaded <trimesh.Trimesh(vertices.shape=(48, 3), faces.shape=(28, 3))> using `load_obj` in 0.0007s
2024-11-23 13:49:27,557 INFO =====> Epoch: 53
2024-11-23 13:49:27,557 INFO =====> Loss info: {'particle_has_naninf': False, 'height_map_loss': 21.474573135375977, 'emd_loss': 44.063602447509766, 'total_loss': 21.474573135375977}
2024-11-23 13:49:27,557 INFO =====> Performing line search for epoch 53......
2024-11-23 13:49:28,174 INFO ===> New TaichiEnv created.
2024-11-23 13:49:28,175 INFO ===> Specifications: horizon = 311, dt = 0.01, n_substeps = 20, dt_sub = 0.0005
2024-11-23 13:49:28,198 DEBUG loaded <trimesh.Trimesh(vertices.shape=(916, 3), faces.shape=(856, 3))> using `load_obj` in 0.0030s
2024-11-23 13:49:28,345 DEBUG loaded <trimesh.Trimesh(vertices.shape=(48, 3), faces.shape=(28, 3))> using `load_obj` in 0.0007s
2024-11-23 13:49:38,723 INFO =====> alpha: 0.01
2024-11-23 13:49:38,723 INFO =====> Loss info: {'particle_has_naninf': False, 'height_map_loss': 21.4669246673584, 'emd_loss': 44.07016372680664, 'total_loss': 21.4669246673584}
2024-11-23 13:49:39,058 INFO ===> New TaichiEnv created.
2024-11-23 13:49:39,058 INFO ===> Specifications: horizon = 311, dt = 0.01, n_substeps = 20, dt_sub = 0.0005
2024-11-23 13:49:39,080 DEBUG loaded <trimesh.Trimesh(vertices.shape=(916, 3), faces.shape=(856, 3))> using `load_obj` in 0.0030s
2024-11-23 13:49:39,227 DEBUG loaded <trimesh.Trimesh(vertices.shape=(48, 3), faces.shape=(28, 3))> using `load_obj` in 0.0007s
2024-11-23 13:49:49,471 INFO =====> alpha: 0.1
2024-11-23 13:49:49,471 INFO =====> Loss info: {'particle_has_naninf': False, 'height_map_loss': 21.537336349487305, 'emd_loss': 43.97391891479492, 'total_loss': 21.537336349487305}
2024-11-23 13:49:49,823 INFO ===> New TaichiEnv created.
2024-11-23 13:49:49,823 INFO ===> Specifications: horizon = 311, dt = 0.01, n_substeps = 20, dt_sub = 0.0005
2024-11-23 13:49:49,847 DEBUG loaded <trimesh.Trimesh(vertices.shape=(916, 3), faces.shape=(856, 3))> using `load_obj` in 0.0029s
2024-11-23 13:49:49,993 DEBUG loaded <trimesh.Trimesh(vertices.shape=(48, 3), faces.shape=(28, 3))> using `load_obj` in 0.0007s
2024-11-23 13:49:59,746 INFO =====> alpha: 0.5
2024-11-23 13:49:59,746 INFO =====> Loss info: {'particle_has_naninf': False, 'height_map_loss': 21.64236831665039, 'emd_loss': 43.15770721435547, 'total_loss': 21.64236831665039}
2024-11-23 13:50:00,081 INFO ===> New TaichiEnv created.
2024-11-23 13:50:00,081 INFO ===> Specifications: horizon = 311, dt = 0.01, n_substeps = 20, dt_sub = 0.0005
2024-11-23 13:50:00,103 DEBUG loaded <trimesh.Trimesh(vertices.shape=(916, 3), faces.shape=(856, 3))> using `load_obj` in 0.0030s
2024-11-23 13:50:00,251 DEBUG loaded <trimesh.Trimesh(vertices.shape=(48, 3), faces.shape=(28, 3))> using `load_obj` in 0.0007s
2024-11-23 13:50:10,538 INFO =====> alpha: 1.0
2024-11-23 13:50:10,538 INFO =====> Loss info: {'particle_has_naninf': False, 'height_map_loss': 21.81875228881836, 'emd_loss': 43.71248245239258, 'total_loss': 21.81875228881836}
2024-11-23 13:50:10,878 INFO ===> New TaichiEnv created.
2024-11-23 13:50:10,878 INFO ===> Specifications: horizon = 311, dt = 0.01, n_substeps = 20, dt_sub = 0.0005
2024-11-23 13:50:10,900 DEBUG loaded <trimesh.Trimesh(vertices.shape=(916, 3), faces.shape=(856, 3))> using `load_obj` in 0.0029s
2024-11-23 13:50:11,046 DEBUG loaded <trimesh.Trimesh(vertices.shape=(48, 3), faces.shape=(28, 3))> using `load_obj` in 0.0007s
2024-11-23 13:50:21,360 INFO =====> alpha: 1.01
2024-11-23 13:50:21,361 INFO =====> Loss info: {'particle_has_naninf': False, 'height_map_loss': 21.821983337402344, 'emd_loss': 43.72245788574219, 'total_loss': 21.821983337402344}
2024-11-23 13:50:21,697 INFO ===> New TaichiEnv created.
2024-11-23 13:50:21,697 INFO ===> Specifications: horizon = 311, dt = 0.01, n_substeps = 20, dt_sub = 0.0005
2024-11-23 13:50:21,719 DEBUG loaded <trimesh.Trimesh(vertices.shape=(916, 3), faces.shape=(856, 3))> using `load_obj` in 0.0029s
2024-11-23 13:50:21,866 DEBUG loaded <trimesh.Trimesh(vertices.shape=(48, 3), faces.shape=(28, 3))> using `load_obj` in 0.0007s
2024-11-23 13:50:31,574 INFO =====> alpha: 1.1
2024-11-23 13:50:31,574 INFO =====> Loss info: {'particle_has_naninf': False, 'height_map_loss': 21.83940887451172, 'emd_loss': 43.7326774597168, 'total_loss': 21.83940887451172}
2024-11-23 13:50:31,911 INFO ===> New TaichiEnv created.
2024-11-23 13:50:31,911 INFO ===> Specifications: horizon = 311, dt = 0.01, n_substeps = 20, dt_sub = 0.0005
2024-11-23 13:50:31,937 DEBUG loaded <trimesh.Trimesh(vertices.shape=(916, 3), faces.shape=(856, 3))> using `load_obj` in 0.0054s
2024-11-23 13:50:32,083 DEBUG loaded <trimesh.Trimesh(vertices.shape=(48, 3), faces.shape=(28, 3))> using `load_obj` in 0.0007s
2024-11-23 13:50:42,367 INFO =====> alpha: 1.5
2024-11-23 13:50:42,367 INFO =====> Loss info: {'particle_has_naninf': False, 'height_map_loss': 22.05891227722168, 'emd_loss': 45.405967712402344, 'total_loss': 22.05891227722168}
2024-11-23 13:50:42,367 INFO =====> Best alpha: 0.01, Best loss info: {'particle_has_naninf': False, 'height_map_loss': 21.4669246673584, 'emd_loss': 44.07016372680664, 'total_loss': 21.4669246673584}
2024-11-23 13:50:42,368 INFO =====> Param: E: [472022.1], nu: [0.17037988], rho: [1330.8833], sand_angle: [15.793601]
2024-11-23 13:50:42,368 INFO =====> Grad: [1.38887605e-02 2.96710586e+04 8.24852600e+01 1.19347180e+03]
2024-11-23 13:50:42,368 INFO =====> Num. aborted data so far: 0
2024-11-23 13:50:42,707 INFO ===> New TaichiEnv created.
2024-11-23 13:50:42,707 INFO ===> Specifications: horizon = 311, dt = 0.01, n_substeps = 20, dt_sub = 0.0005
2024-11-23 13:50:42,733 DEBUG loaded <trimesh.Trimesh(vertices.shape=(916, 3), faces.shape=(856, 3))> using `load_obj` in 0.0033s
2024-11-23 13:50:42,878 DEBUG loaded <trimesh.Trimesh(vertices.shape=(48, 3), faces.shape=(28, 3))> using `load_obj` in 0.0007s
2024-11-23 13:51:10,934 INFO =====> Epoch: 54
2024-11-23 13:51:10,934 INFO =====> Loss info: {'particle_has_naninf': False, 'height_map_loss': 21.459321975708008, 'emd_loss': 44.06991195678711, 'total_loss': 21.459321975708008}
2024-11-23 13:51:10,934 INFO =====> Performing line search for epoch 54......
2024-11-23 13:51:11,539 INFO ===> New TaichiEnv created.
2024-11-23 13:51:11,539 INFO ===> Specifications: horizon = 311, dt = 0.01, n_substeps = 20, dt_sub = 0.0005
2024-11-23 13:51:11,562 DEBUG loaded <trimesh.Trimesh(vertices.shape=(916, 3), faces.shape=(856, 3))> using `load_obj` in 0.0029s
2024-11-23 13:51:11,708 DEBUG loaded <trimesh.Trimesh(vertices.shape=(48, 3), faces.shape=(28, 3))> using `load_obj` in 0.0007s
2024-11-23 13:51:21,918 INFO =====> alpha: 0.01
2024-11-23 13:51:21,918 INFO =====> Loss info: {'particle_has_naninf': False, 'height_map_loss': 21.471874237060547, 'emd_loss': 44.069976806640625, 'total_loss': 21.471874237060547}
2024-11-23 13:51:22,253 INFO ===> New TaichiEnv created.
2024-11-23 13:51:22,253 INFO ===> Specifications: horizon = 311, dt = 0.01, n_substeps = 20, dt_sub = 0.0005
2024-11-23 13:51:22,275 DEBUG loaded <trimesh.Trimesh(vertices.shape=(916, 3), faces.shape=(856, 3))> using `load_obj` in 0.0029s
2024-11-23 13:51:22,420 DEBUG loaded <trimesh.Trimesh(vertices.shape=(48, 3), faces.shape=(28, 3))> using `load_obj` in 0.0007s
2024-11-23 13:51:32,332 INFO =====> alpha: 0.1
2024-11-23 13:51:32,332 INFO =====> Loss info: {'particle_has_naninf': False, 'height_map_loss': 21.508272171020508, 'emd_loss': 43.930702209472656, 'total_loss': 21.508272171020508}
2024-11-23 13:51:32,665 INFO ===> New TaichiEnv created.
2024-11-23 13:51:32,665 INFO ===> Specifications: horizon = 311, dt = 0.01, n_substeps = 20, dt_sub = 0.0005
2024-11-23 13:51:32,688 DEBUG loaded <trimesh.Trimesh(vertices.shape=(916, 3), faces.shape=(856, 3))> using `load_obj` in 0.0031s
2024-11-23 13:51:32,834 DEBUG loaded <trimesh.Trimesh(vertices.shape=(48, 3), faces.shape=(28, 3))> using `load_obj` in 0.0007s
2024-11-23 13:51:43,036 INFO =====> alpha: 0.5
2024-11-23 13:51:43,036 INFO =====> Loss info: {'particle_has_naninf': False, 'height_map_loss': 21.523740768432617, 'emd_loss': 43.92833709716797, 'total_loss': 21.523740768432617}
2024-11-23 13:51:43,370 INFO ===> New TaichiEnv created.
2024-11-23 13:51:43,370 INFO ===> Specifications: horizon = 311, dt = 0.01, n_substeps = 20, dt_sub = 0.0005
2024-11-23 13:51:43,393 DEBUG loaded <trimesh.Trimesh(vertices.shape=(916, 3), faces.shape=(856, 3))> using `load_obj` in 0.0030s
2024-11-23 13:51:43,540 DEBUG loaded <trimesh.Trimesh(vertices.shape=(48, 3), faces.shape=(28, 3))> using `load_obj` in 0.0007s
2024-11-23 13:51:53,803 INFO =====> alpha: 1.0
2024-11-23 13:51:53,803 INFO =====> Loss info: {'particle_has_naninf': False, 'height_map_loss': 21.74644660949707, 'emd_loss': 43.16035461425781, 'total_loss': 21.74644660949707}
2024-11-23 13:51:54,140 INFO ===> New TaichiEnv created.
2024-11-23 13:51:54,140 INFO ===> Specifications: horizon = 311, dt = 0.01, n_substeps = 20, dt_sub = 0.0005
2024-11-23 13:51:54,162 DEBUG loaded <trimesh.Trimesh(vertices.shape=(916, 3), faces.shape=(856, 3))> using `load_obj` in 0.0028s
2024-11-23 13:51:54,307 DEBUG loaded <trimesh.Trimesh(vertices.shape=(48, 3), faces.shape=(28, 3))> using `load_obj` in 0.0007s
2024-11-23 13:52:04,040 INFO =====> alpha: 1.01
2024-11-23 13:52:04,040 INFO =====> Loss info: {'particle_has_naninf': False, 'height_map_loss': 21.73639678955078, 'emd_loss': 43.29996109008789, 'total_loss': 21.73639678955078}
2024-11-23 13:52:04,376 INFO ===> New TaichiEnv created.
2024-11-23 13:52:04,376 INFO ===> Specifications: horizon = 311, dt = 0.01, n_substeps = 20, dt_sub = 0.0005
2024-11-23 13:52:04,399 DEBUG loaded <trimesh.Trimesh(vertices.shape=(916, 3), faces.shape=(856, 3))> using `load_obj` in 0.0031s
2024-11-23 13:52:04,547 DEBUG loaded <trimesh.Trimesh(vertices.shape=(48, 3), faces.shape=(28, 3))> using `load_obj` in 0.0007s
2024-11-23 13:52:14,853 INFO =====> alpha: 1.1
2024-11-23 13:52:14,853 INFO =====> Loss info: {'particle_has_naninf': False, 'height_map_loss': 21.741806030273438, 'emd_loss': 43.18655014038086, 'total_loss': 21.741806030273438}
2024-11-23 13:52:15,192 INFO ===> New TaichiEnv created.
2024-11-23 13:52:15,192 INFO ===> Specifications: horizon = 311, dt = 0.01, n_substeps = 20, dt_sub = 0.0005
2024-11-23 13:52:15,214 DEBUG loaded <trimesh.Trimesh(vertices.shape=(916, 3), faces.shape=(856, 3))> using `load_obj` in 0.0030s
2024-11-23 13:52:15,359 DEBUG loaded <trimesh.Trimesh(vertices.shape=(48, 3), faces.shape=(28, 3))> using `load_obj` in 0.0007s
2024-11-23 13:52:25,228 INFO =====> alpha: 1.5
2024-11-23 13:52:25,228 INFO =====> Loss info: {'particle_has_naninf': False, 'height_map_loss': 21.835878372192383, 'emd_loss': 44.22383117675781, 'total_loss': 21.835878372192383}
2024-11-23 13:52:25,229 INFO =====> Best alpha: 0.01, Best loss info: {'particle_has_naninf': False, 'height_map_loss': 21.471874237060547, 'emd_loss': 44.069976806640625, 'total_loss': 21.471874237060547}
2024-11-23 13:52:25,229 INFO =====> Param: E: [472359.8], nu: [0.170537], rho: [1331.9631], sand_angle: [15.813342]
2024-11-23 13:52:25,229 INFO =====> Grad: [-1.66863110e-02 -2.72912461e+04 -1.04688705e+02 -1.68761328e+03]
2024-11-23 13:52:25,229 INFO =====> Num. aborted data so far: 0
2024-11-23 13:52:25,569 INFO ===> New TaichiEnv created.
2024-11-23 13:52:25,569 INFO ===> Specifications: horizon = 311, dt = 0.01, n_substeps = 20, dt_sub = 0.0005
2024-11-23 13:52:25,593 DEBUG loaded <trimesh.Trimesh(vertices.shape=(916, 3), faces.shape=(856, 3))> using `load_obj` in 0.0028s
2024-11-23 13:52:25,738 DEBUG loaded <trimesh.Trimesh(vertices.shape=(48, 3), faces.shape=(28, 3))> using `load_obj` in 0.0008s
2024-11-23 13:52:54,262 INFO =====> Epoch: 55
2024-11-23 13:52:54,262 INFO =====> Loss info: {'particle_has_naninf': False, 'height_map_loss': 21.499982833862305, 'emd_loss': 44.07488250732422, 'total_loss': 21.499982833862305}
2024-11-23 13:52:54,262 INFO =====> Performing line search for epoch 55......
2024-11-23 13:52:54,873 INFO ===> New TaichiEnv created.
2024-11-23 13:52:54,874 INFO ===> Specifications: horizon = 311, dt = 0.01, n_substeps = 20, dt_sub = 0.0005
2024-11-23 13:52:54,897 DEBUG loaded <trimesh.Trimesh(vertices.shape=(916, 3), faces.shape=(856, 3))> using `load_obj` in 0.0030s
2024-11-23 13:52:55,044 DEBUG loaded <trimesh.Trimesh(vertices.shape=(48, 3), faces.shape=(28, 3))> using `load_obj` in 0.0007s
2024-11-23 13:53:04,831 INFO =====> alpha: 0.01
2024-11-23 13:53:04,831 INFO =====> Loss info: {'particle_has_naninf': False, 'height_map_loss': 21.500015258789062, 'emd_loss': 44.05328369140625, 'total_loss': 21.500015258789062}
2024-11-23 13:53:05,168 INFO ===> New TaichiEnv created.
2024-11-23 13:53:05,168 INFO ===> Specifications: horizon = 311, dt = 0.01, n_substeps = 20, dt_sub = 0.0005
2024-11-23 13:53:05,190 DEBUG loaded <trimesh.Trimesh(vertices.shape=(916, 3), faces.shape=(856, 3))> using `load_obj` in 0.0029s
2024-11-23 13:53:05,335 DEBUG loaded <trimesh.Trimesh(vertices.shape=(48, 3), faces.shape=(28, 3))> using `load_obj` in 0.0007s
2024-11-23 13:53:15,630 INFO =====> alpha: 0.1
2024-11-23 13:53:15,631 INFO =====> Loss info: {'particle_has_naninf': False, 'height_map_loss': 21.491430282592773, 'emd_loss': 44.07591247558594, 'total_loss': 21.491430282592773}
2024-11-23 13:53:15,967 INFO ===> New TaichiEnv created.
2024-11-23 13:53:15,967 INFO ===> Specifications: horizon = 311, dt = 0.01, n_substeps = 20, dt_sub = 0.0005
2024-11-23 13:53:15,990 DEBUG loaded <trimesh.Trimesh(vertices.shape=(916, 3), faces.shape=(856, 3))> using `load_obj` in 0.0030s
2024-11-23 13:53:16,137 DEBUG loaded <trimesh.Trimesh(vertices.shape=(48, 3), faces.shape=(28, 3))> using `load_obj` in 0.0007s
2024-11-23 13:53:26,469 INFO =====> alpha: 0.5
2024-11-23 13:53:26,469 INFO =====> Loss info: {'particle_has_naninf': False, 'height_map_loss': 21.525611877441406, 'emd_loss': 44.03569793701172, 'total_loss': 21.525611877441406}
2024-11-23 13:53:26,802 INFO ===> New TaichiEnv created.
2024-11-23 13:53:26,802 INFO ===> Specifications: horizon = 311, dt = 0.01, n_substeps = 20, dt_sub = 0.0005
2024-11-23 13:53:26,824 DEBUG loaded <trimesh.Trimesh(vertices.shape=(916, 3), faces.shape=(856, 3))> using `load_obj` in 0.0029s
2024-11-23 13:53:26,969 DEBUG loaded <trimesh.Trimesh(vertices.shape=(48, 3), faces.shape=(28, 3))> using `load_obj` in 0.0007s
2024-11-23 13:53:36,743 INFO =====> alpha: 1.0
2024-11-23 13:53:36,743 INFO =====> Loss info: {'particle_has_naninf': False, 'height_map_loss': 21.507415771484375, 'emd_loss': 43.91517639160156, 'total_loss': 21.507415771484375}
2024-11-23 13:53:37,077 INFO ===> New TaichiEnv created.
2024-11-23 13:53:37,077 INFO ===> Specifications: horizon = 311, dt = 0.01, n_substeps = 20, dt_sub = 0.0005
2024-11-23 13:53:37,099 DEBUG loaded <trimesh.Trimesh(vertices.shape=(916, 3), faces.shape=(856, 3))> using `load_obj` in 0.0029s
2024-11-23 13:53:37,244 DEBUG loaded <trimesh.Trimesh(vertices.shape=(48, 3), faces.shape=(28, 3))> using `load_obj` in 0.0007s
2024-11-23 13:53:47,440 INFO =====> alpha: 1.01
2024-11-23 13:53:47,440 INFO =====> Loss info: {'particle_has_naninf': False, 'height_map_loss': 21.515308380126953, 'emd_loss': 43.923797607421875, 'total_loss': 21.515308380126953}
2024-11-23 13:53:47,776 INFO ===> New TaichiEnv created.
2024-11-23 13:53:47,776 INFO ===> Specifications: horizon = 311, dt = 0.01, n_substeps = 20, dt_sub = 0.0005
2024-11-23 13:53:47,799 DEBUG loaded <trimesh.Trimesh(vertices.shape=(916, 3), faces.shape=(856, 3))> using `load_obj` in 0.0029s
2024-11-23 13:53:47,992 DEBUG loaded <trimesh.Trimesh(vertices.shape=(48, 3), faces.shape=(28, 3))> using `load_obj` in 0.0007s
2024-11-23 13:53:57,744 INFO =====> alpha: 1.1
2024-11-23 13:53:57,744 INFO =====> Loss info: {'particle_has_naninf': False, 'height_map_loss': 21.509851455688477, 'emd_loss': 43.81845474243164, 'total_loss': 21.509851455688477}
2024-11-23 13:53:58,079 INFO ===> New TaichiEnv created.
2024-11-23 13:53:58,079 INFO ===> Specifications: horizon = 311, dt = 0.01, n_substeps = 20, dt_sub = 0.0005
2024-11-23 13:53:58,101 DEBUG loaded <trimesh.Trimesh(vertices.shape=(916, 3), faces.shape=(856, 3))> using `load_obj` in 0.0029s
2024-11-23 13:53:58,246 DEBUG loaded <trimesh.Trimesh(vertices.shape=(48, 3), faces.shape=(28, 3))> using `load_obj` in 0.0007s
2024-11-23 13:54:08,463 INFO =====> alpha: 1.5
2024-11-23 13:54:08,463 INFO =====> Loss info: {'particle_has_naninf': False, 'height_map_loss': 21.496797561645508, 'emd_loss': 43.86812210083008, 'total_loss': 21.496797561645508}
2024-11-23 13:54:08,464 INFO =====> Best alpha: 0.1, Best loss info: {'particle_has_naninf': False, 'height_map_loss': 21.491430282592773, 'emd_loss': 44.07591247558594, 'total_loss': 21.491430282592773}
2024-11-23 13:54:08,464 INFO =====> Param: E: [472587.8], nu: [0.17066075], rho: [1331.6539], sand_angle: [15.832207]
2024-11-23 13:54:08,464 INFO =====> Grad: [-1.0693639e-03 -2.0408378e+03  2.8443167e+00 -1.5326349e+02]
2024-11-23 13:54:08,464 INFO =====> Num. aborted data so far: 0
2024-11-23 13:54:08,799 INFO ===> New TaichiEnv created.
2024-11-23 13:54:08,800 INFO ===> Specifications: horizon = 311, dt = 0.01, n_substeps = 20, dt_sub = 0.0005
2024-11-23 13:54:08,822 DEBUG loaded <trimesh.Trimesh(vertices.shape=(916, 3), faces.shape=(856, 3))> using `load_obj` in 0.0029s
2024-11-23 13:54:08,968 DEBUG loaded <trimesh.Trimesh(vertices.shape=(48, 3), faces.shape=(28, 3))> using `load_obj` in 0.0007s
2024-11-23 13:54:37,050 INFO =====> Epoch: 56
2024-11-23 13:54:37,050 INFO =====> Loss info: {'particle_has_naninf': False, 'height_map_loss': 21.488378524780273, 'emd_loss': 44.07665252685547, 'total_loss': 21.488378524780273}
2024-11-23 13:54:37,050 INFO =====> Performing line search for epoch 56......
2024-11-23 13:54:37,652 INFO ===> New TaichiEnv created.
2024-11-23 13:54:37,652 INFO ===> Specifications: horizon = 311, dt = 0.01, n_substeps = 20, dt_sub = 0.0005
2024-11-23 13:54:37,675 DEBUG loaded <trimesh.Trimesh(vertices.shape=(916, 3), faces.shape=(856, 3))> using `load_obj` in 0.0029s
2024-11-23 13:54:37,821 DEBUG loaded <trimesh.Trimesh(vertices.shape=(48, 3), faces.shape=(28, 3))> using `load_obj` in 0.0007s
2024-11-23 13:54:48,134 INFO =====> alpha: 0.01
2024-11-23 13:54:48,134 INFO =====> Loss info: {'particle_has_naninf': False, 'height_map_loss': 21.492645263671875, 'emd_loss': 44.050209045410156, 'total_loss': 21.492645263671875}
2024-11-23 13:54:48,472 INFO ===> New TaichiEnv created.
2024-11-23 13:54:48,472 INFO ===> Specifications: horizon = 311, dt = 0.01, n_substeps = 20, dt_sub = 0.0005
2024-11-23 13:54:48,494 DEBUG loaded <trimesh.Trimesh(vertices.shape=(916, 3), faces.shape=(856, 3))> using `load_obj` in 0.0029s
2024-11-23 13:54:48,639 DEBUG loaded <trimesh.Trimesh(vertices.shape=(48, 3), faces.shape=(28, 3))> using `load_obj` in 0.0007s
2024-11-23 13:54:58,388 INFO =====> alpha: 0.1
2024-11-23 13:54:58,388 INFO =====> Loss info: {'particle_has_naninf': False, 'height_map_loss': 21.490631103515625, 'emd_loss': 44.06446838378906, 'total_loss': 21.490631103515625}
2024-11-23 13:54:58,722 INFO ===> New TaichiEnv created.
2024-11-23 13:54:58,722 INFO ===> Specifications: horizon = 311, dt = 0.01, n_substeps = 20, dt_sub = 0.0005
2024-11-23 13:54:58,745 DEBUG loaded <trimesh.Trimesh(vertices.shape=(916, 3), faces.shape=(856, 3))> using `load_obj` in 0.0029s
2024-11-23 13:54:58,892 DEBUG loaded <trimesh.Trimesh(vertices.shape=(48, 3), faces.shape=(28, 3))> using `load_obj` in 0.0007s
2024-11-23 13:55:09,170 INFO =====> alpha: 0.5
2024-11-23 13:55:09,170 INFO =====> Loss info: {'particle_has_naninf': False, 'height_map_loss': 21.618938446044922, 'emd_loss': 44.13539505004883, 'total_loss': 21.618938446044922}
2024-11-23 13:55:09,511 INFO ===> New TaichiEnv created.
2024-11-23 13:55:09,512 INFO ===> Specifications: horizon = 311, dt = 0.01, n_substeps = 20, dt_sub = 0.0005
2024-11-23 13:55:09,534 DEBUG loaded <trimesh.Trimesh(vertices.shape=(916, 3), faces.shape=(856, 3))> using `load_obj` in 0.0030s
2024-11-23 13:55:09,682 DEBUG loaded <trimesh.Trimesh(vertices.shape=(48, 3), faces.shape=(28, 3))> using `load_obj` in 0.0007s
2024-11-23 13:55:19,951 INFO =====> alpha: 1.0
2024-11-23 13:55:19,952 INFO =====> Loss info: {'particle_has_naninf': False, 'height_map_loss': 21.615732192993164, 'emd_loss': 43.71329879760742, 'total_loss': 21.615732192993164}
2024-11-23 13:55:20,285 INFO ===> New TaichiEnv created.
2024-11-23 13:55:20,285 INFO ===> Specifications: horizon = 311, dt = 0.01, n_substeps = 20, dt_sub = 0.0005
2024-11-23 13:55:20,308 DEBUG loaded <trimesh.Trimesh(vertices.shape=(916, 3), faces.shape=(856, 3))> using `load_obj` in 0.0029s
2024-11-23 13:55:20,453 DEBUG loaded <trimesh.Trimesh(vertices.shape=(48, 3), faces.shape=(28, 3))> using `load_obj` in 0.0007s
2024-11-23 13:55:30,285 INFO =====> alpha: 1.01
2024-11-23 13:55:30,285 INFO =====> Loss info: {'particle_has_naninf': False, 'height_map_loss': 21.614639282226562, 'emd_loss': 43.71519470214844, 'total_loss': 21.614639282226562}
2024-11-23 13:55:30,615 INFO ===> New TaichiEnv created.
2024-11-23 13:55:30,615 INFO ===> Specifications: horizon = 311, dt = 0.01, n_substeps = 20, dt_sub = 0.0005
2024-11-23 13:55:30,638 DEBUG loaded <trimesh.Trimesh(vertices.shape=(916, 3), faces.shape=(856, 3))> using `load_obj` in 0.0030s
2024-11-23 13:55:30,783 DEBUG loaded <trimesh.Trimesh(vertices.shape=(48, 3), faces.shape=(28, 3))> using `load_obj` in 0.0007s
2024-11-23 13:55:41,081 INFO =====> alpha: 1.1
2024-11-23 13:55:41,081 INFO =====> Loss info: {'particle_has_naninf': False, 'height_map_loss': 21.606935501098633, 'emd_loss': 43.34083557128906, 'total_loss': 21.606935501098633}
2024-11-23 13:55:41,411 INFO ===> New TaichiEnv created.
2024-11-23 13:55:41,411 INFO ===> Specifications: horizon = 311, dt = 0.01, n_substeps = 20, dt_sub = 0.0005
2024-11-23 13:55:41,433 DEBUG loaded <trimesh.Trimesh(vertices.shape=(916, 3), faces.shape=(856, 3))> using `load_obj` in 0.0030s
2024-11-23 13:55:41,578 DEBUG loaded <trimesh.Trimesh(vertices.shape=(48, 3), faces.shape=(28, 3))> using `load_obj` in 0.0007s
2024-11-23 13:55:51,790 INFO =====> alpha: 1.5
2024-11-23 13:55:51,790 INFO =====> Loss info: {'particle_has_naninf': False, 'height_map_loss': 21.60432243347168, 'emd_loss': 42.77302932739258, 'total_loss': 21.60432243347168}
2024-11-23 13:55:51,790 INFO =====> Best alpha: 0.1, Best loss info: {'particle_has_naninf': False, 'height_map_loss': 21.490631103515625, 'emd_loss': 44.06446838378906, 'total_loss': 21.490631103515625}
2024-11-23 13:55:51,791 INFO =====> Param: E: [473809.38], nu: [0.17088461], rho: [1331.6543], sand_angle: [15.759818]
2024-11-23 13:55:51,791 INFO =====> Grad: [-5.5399067e-03 -3.5109912e+03 -2.7746265e-03  5.7315424e+02]
2024-11-23 13:55:51,791 INFO =====> Num. aborted data so far: 0
2024-11-23 13:55:52,121 INFO ===> New TaichiEnv created.
2024-11-23 13:55:52,121 INFO ===> Specifications: horizon = 311, dt = 0.01, n_substeps = 20, dt_sub = 0.0005
2024-11-23 13:55:52,144 DEBUG loaded <trimesh.Trimesh(vertices.shape=(916, 3), faces.shape=(856, 3))> using `load_obj` in 0.0030s
2024-11-23 13:55:52,288 DEBUG loaded <trimesh.Trimesh(vertices.shape=(48, 3), faces.shape=(28, 3))> using `load_obj` in 0.0007s
2024-11-23 13:56:20,383 INFO =====> Epoch: 57
2024-11-23 13:56:20,383 INFO =====> Loss info: {'particle_has_naninf': False, 'height_map_loss': 21.493406295776367, 'emd_loss': 44.072715759277344, 'total_loss': 21.493406295776367}
2024-11-23 13:56:20,383 INFO =====> Performing line search for epoch 57......
2024-11-23 13:56:20,990 INFO ===> New TaichiEnv created.
2024-11-23 13:56:20,990 INFO ===> Specifications: horizon = 311, dt = 0.01, n_substeps = 20, dt_sub = 0.0005
2024-11-23 13:56:21,013 DEBUG loaded <trimesh.Trimesh(vertices.shape=(916, 3), faces.shape=(856, 3))> using `load_obj` in 0.0029s
2024-11-23 13:56:21,160 DEBUG loaded <trimesh.Trimesh(vertices.shape=(48, 3), faces.shape=(28, 3))> using `load_obj` in 0.0007s
2024-11-23 13:56:31,088 INFO =====> alpha: 0.01
2024-11-23 13:56:31,088 INFO =====> Loss info: {'particle_has_naninf': False, 'height_map_loss': 21.482501983642578, 'emd_loss': 44.07487869262695, 'total_loss': 21.482501983642578}
2024-11-23 13:56:31,420 INFO ===> New TaichiEnv created.
2024-11-23 13:56:31,420 INFO ===> Specifications: horizon = 311, dt = 0.01, n_substeps = 20, dt_sub = 0.0005
2024-11-23 13:56:31,443 DEBUG loaded <trimesh.Trimesh(vertices.shape=(916, 3), faces.shape=(856, 3))> using `load_obj` in 0.0030s
2024-11-23 13:56:31,588 DEBUG loaded <trimesh.Trimesh(vertices.shape=(48, 3), faces.shape=(28, 3))> using `load_obj` in 0.0007s
2024-11-23 13:56:41,810 INFO =====> alpha: 0.1
2024-11-23 13:56:41,810 INFO =====> Loss info: {'particle_has_naninf': False, 'height_map_loss': 21.51763916015625, 'emd_loss': 44.06789779663086, 'total_loss': 21.51763916015625}
2024-11-23 13:56:42,141 INFO ===> New TaichiEnv created.
2024-11-23 13:56:42,141 INFO ===> Specifications: horizon = 311, dt = 0.01, n_substeps = 20, dt_sub = 0.0005
2024-11-23 13:56:42,163 DEBUG loaded <trimesh.Trimesh(vertices.shape=(916, 3), faces.shape=(856, 3))> using `load_obj` in 0.0029s
2024-11-23 13:56:42,308 DEBUG loaded <trimesh.Trimesh(vertices.shape=(48, 3), faces.shape=(28, 3))> using `load_obj` in 0.0007s
2024-11-23 13:56:52,602 INFO =====> alpha: 0.5
2024-11-23 13:56:52,602 INFO =====> Loss info: {'particle_has_naninf': False, 'height_map_loss': 21.518943786621094, 'emd_loss': 44.12135696411133, 'total_loss': 21.518943786621094}
2024-11-23 13:56:52,962 INFO ===> New TaichiEnv created.
2024-11-23 13:56:52,962 INFO ===> Specifications: horizon = 311, dt = 0.01, n_substeps = 20, dt_sub = 0.0005
2024-11-23 13:56:52,985 DEBUG loaded <trimesh.Trimesh(vertices.shape=(916, 3), faces.shape=(856, 3))> using `load_obj` in 0.0029s
2024-11-23 13:56:53,130 DEBUG loaded <trimesh.Trimesh(vertices.shape=(48, 3), faces.shape=(28, 3))> using `load_obj` in 0.0007s
2024-11-23 13:57:03,011 INFO =====> alpha: 1.0
2024-11-23 13:57:03,011 INFO =====> Loss info: {'particle_has_naninf': False, 'height_map_loss': 21.540834426879883, 'emd_loss': 44.3946418762207, 'total_loss': 21.540834426879883}
2024-11-23 13:57:03,345 INFO ===> New TaichiEnv created.
2024-11-23 13:57:03,345 INFO ===> Specifications: horizon = 311, dt = 0.01, n_substeps = 20, dt_sub = 0.0005
2024-11-23 13:57:03,368 DEBUG loaded <trimesh.Trimesh(vertices.shape=(916, 3), faces.shape=(856, 3))> using `load_obj` in 0.0029s
2024-11-23 13:57:03,514 DEBUG loaded <trimesh.Trimesh(vertices.shape=(48, 3), faces.shape=(28, 3))> using `load_obj` in 0.0007s
2024-11-23 13:57:13,775 INFO =====> alpha: 1.01
2024-11-23 13:57:13,775 INFO =====> Loss info: {'particle_has_naninf': False, 'height_map_loss': 21.54113006591797, 'emd_loss': 44.39546203613281, 'total_loss': 21.54113006591797}
2024-11-23 13:57:14,134 INFO ===> New TaichiEnv created.
2024-11-23 13:57:14,135 INFO ===> Specifications: horizon = 311, dt = 0.01, n_substeps = 20, dt_sub = 0.0005
2024-11-23 13:57:14,157 DEBUG loaded <trimesh.Trimesh(vertices.shape=(916, 3), faces.shape=(856, 3))> using `load_obj` in 0.0029s
2024-11-23 13:57:14,301 DEBUG loaded <trimesh.Trimesh(vertices.shape=(48, 3), faces.shape=(28, 3))> using `load_obj` in 0.0007s
2024-11-23 13:57:24,077 INFO =====> alpha: 1.1
2024-11-23 13:57:24,077 INFO =====> Loss info: {'particle_has_naninf': False, 'height_map_loss': 21.548362731933594, 'emd_loss': 44.40638732910156, 'total_loss': 21.548362731933594}
2024-11-23 13:57:24,414 INFO ===> New TaichiEnv created.
2024-11-23 13:57:24,414 INFO ===> Specifications: horizon = 311, dt = 0.01, n_substeps = 20, dt_sub = 0.0005
2024-11-23 13:57:24,436 DEBUG loaded <trimesh.Trimesh(vertices.shape=(916, 3), faces.shape=(856, 3))> using `load_obj` in 0.0028s
2024-11-23 13:57:24,581 DEBUG loaded <trimesh.Trimesh(vertices.shape=(48, 3), faces.shape=(28, 3))> using `load_obj` in 0.0007s
2024-11-23 13:57:34,826 INFO =====> alpha: 1.5
2024-11-23 13:57:34,826 INFO =====> Loss info: {'particle_has_naninf': False, 'height_map_loss': 21.573945999145508, 'emd_loss': 44.45319747924805, 'total_loss': 21.573945999145508}
2024-11-23 13:57:34,827 INFO =====> Best alpha: 0.01, Best loss info: {'particle_has_naninf': False, 'height_map_loss': 21.482501983642578, 'emd_loss': 44.07487869262695, 'total_loss': 21.482501983642578}
2024-11-23 13:57:34,827 INFO =====> Param: E: [473662.22], nu: [0.1707704], rho: [1331.7708], sand_angle: [15.758751]
2024-11-23 13:57:34,827 INFO =====> Grad: [ 6.5099332e-03  1.8223746e+04 -9.6660910e+00  8.0184280e+01]
2024-11-23 13:57:34,827 INFO =====> Num. aborted data so far: 0
2024-11-23 13:57:35,161 INFO ===> New TaichiEnv created.
2024-11-23 13:57:35,161 INFO ===> Specifications: horizon = 311, dt = 0.01, n_substeps = 20, dt_sub = 0.0005
2024-11-23 13:57:35,183 DEBUG loaded <trimesh.Trimesh(vertices.shape=(916, 3), faces.shape=(856, 3))> using `load_obj` in 0.0029s
2024-11-23 13:57:35,327 DEBUG loaded <trimesh.Trimesh(vertices.shape=(48, 3), faces.shape=(28, 3))> using `load_obj` in 0.0007s
2024-11-23 13:58:03,398 INFO =====> Epoch: 58
2024-11-23 13:58:03,398 INFO =====> Loss info: {'particle_has_naninf': False, 'height_map_loss': 21.485681533813477, 'emd_loss': 44.06423568725586, 'total_loss': 21.485681533813477}
2024-11-23 13:58:03,398 INFO =====> Performing line search for epoch 58......
2024-11-23 13:58:03,999 INFO ===> New TaichiEnv created.
2024-11-23 13:58:03,999 INFO ===> Specifications: horizon = 311, dt = 0.01, n_substeps = 20, dt_sub = 0.0005
2024-11-23 13:58:04,023 DEBUG loaded <trimesh.Trimesh(vertices.shape=(916, 3), faces.shape=(856, 3))> using `load_obj` in 0.0031s
2024-11-23 13:58:04,167 DEBUG loaded <trimesh.Trimesh(vertices.shape=(48, 3), faces.shape=(28, 3))> using `load_obj` in 0.0007s
2024-11-23 13:58:14,361 INFO =====> alpha: 0.01
2024-11-23 13:58:14,361 INFO =====> Loss info: {'particle_has_naninf': False, 'height_map_loss': 21.486459732055664, 'emd_loss': 44.05234909057617, 'total_loss': 21.486459732055664}
2024-11-23 13:58:14,693 INFO ===> New TaichiEnv created.
2024-11-23 13:58:14,693 INFO ===> Specifications: horizon = 311, dt = 0.01, n_substeps = 20, dt_sub = 0.0005
2024-11-23 13:58:14,715 DEBUG loaded <trimesh.Trimesh(vertices.shape=(916, 3), faces.shape=(856, 3))> using `load_obj` in 0.0030s
2024-11-23 13:58:14,861 DEBUG loaded <trimesh.Trimesh(vertices.shape=(48, 3), faces.shape=(28, 3))> using `load_obj` in 0.0007s
2024-11-23 13:58:24,642 INFO =====> alpha: 0.1
2024-11-23 13:58:24,642 INFO =====> Loss info: {'particle_has_naninf': False, 'height_map_loss': 21.522804260253906, 'emd_loss': 43.98173141479492, 'total_loss': 21.522804260253906}
2024-11-23 13:58:24,977 INFO ===> New TaichiEnv created.
2024-11-23 13:58:24,977 INFO ===> Specifications: horizon = 311, dt = 0.01, n_substeps = 20, dt_sub = 0.0005
2024-11-23 13:58:24,999 DEBUG loaded <trimesh.Trimesh(vertices.shape=(916, 3), faces.shape=(856, 3))> using `load_obj` in 0.0028s
2024-11-23 13:58:25,145 DEBUG loaded <trimesh.Trimesh(vertices.shape=(48, 3), faces.shape=(28, 3))> using `load_obj` in 0.0007s
2024-11-23 13:58:35,428 INFO =====> alpha: 0.5
2024-11-23 13:58:35,429 INFO =====> Loss info: {'particle_has_naninf': False, 'height_map_loss': 21.480504989624023, 'emd_loss': 44.29524612426758, 'total_loss': 21.480504989624023}
2024-11-23 13:58:35,762 INFO ===> New TaichiEnv created.
2024-11-23 13:58:35,762 INFO ===> Specifications: horizon = 311, dt = 0.01, n_substeps = 20, dt_sub = 0.0005
2024-11-23 13:58:35,784 DEBUG loaded <trimesh.Trimesh(vertices.shape=(916, 3), faces.shape=(856, 3))> using `load_obj` in 0.0029s
2024-11-23 13:58:35,929 DEBUG loaded <trimesh.Trimesh(vertices.shape=(48, 3), faces.shape=(28, 3))> using `load_obj` in 0.0007s
2024-11-23 13:58:46,125 INFO =====> alpha: 1.0
2024-11-23 13:58:46,125 INFO =====> Loss info: {'particle_has_naninf': False, 'height_map_loss': 21.52071762084961, 'emd_loss': 43.30337905883789, 'total_loss': 21.52071762084961}
2024-11-23 13:58:46,506 INFO ===> New TaichiEnv created.
2024-11-23 13:58:46,506 INFO ===> Specifications: horizon = 311, dt = 0.01, n_substeps = 20, dt_sub = 0.0005
2024-11-23 13:58:46,529 DEBUG loaded <trimesh.Trimesh(vertices.shape=(916, 3), faces.shape=(856, 3))> using `load_obj` in 0.0030s
2024-11-23 13:58:46,675 DEBUG loaded <trimesh.Trimesh(vertices.shape=(48, 3), faces.shape=(28, 3))> using `load_obj` in 0.0007s
2024-11-23 13:58:56,389 INFO =====> alpha: 1.01
2024-11-23 13:58:56,389 INFO =====> Loss info: {'particle_has_naninf': False, 'height_map_loss': 21.510202407836914, 'emd_loss': 43.26771926879883, 'total_loss': 21.510202407836914}
2024-11-23 13:58:56,719 INFO ===> New TaichiEnv created.
2024-11-23 13:58:56,719 INFO ===> Specifications: horizon = 311, dt = 0.01, n_substeps = 20, dt_sub = 0.0005
2024-11-23 13:58:56,741 DEBUG loaded <trimesh.Trimesh(vertices.shape=(916, 3), faces.shape=(856, 3))> using `load_obj` in 0.0029s
2024-11-23 13:58:56,887 DEBUG loaded <trimesh.Trimesh(vertices.shape=(48, 3), faces.shape=(28, 3))> using `load_obj` in 0.0007s
2024-11-23 13:59:07,215 INFO =====> alpha: 1.1
2024-11-23 13:59:07,215 INFO =====> Loss info: {'particle_has_naninf': False, 'height_map_loss': 21.520423889160156, 'emd_loss': 43.0865592956543, 'total_loss': 21.520423889160156}
2024-11-23 13:59:07,549 INFO ===> New TaichiEnv created.
2024-11-23 13:59:07,549 INFO ===> Specifications: horizon = 311, dt = 0.01, n_substeps = 20, dt_sub = 0.0005
2024-11-23 13:59:07,572 DEBUG loaded <trimesh.Trimesh(vertices.shape=(916, 3), faces.shape=(856, 3))> using `load_obj` in 0.0030s
2024-11-23 13:59:07,716 DEBUG loaded <trimesh.Trimesh(vertices.shape=(48, 3), faces.shape=(28, 3))> using `load_obj` in 0.0007s
2024-11-23 13:59:17,942 INFO =====> alpha: 1.5
2024-11-23 13:59:17,942 INFO =====> Loss info: {'particle_has_naninf': False, 'height_map_loss': 21.652864456176758, 'emd_loss': 43.35776138305664, 'total_loss': 21.652864456176758}
2024-11-23 13:59:17,942 INFO =====> Best alpha: 0.5, Best loss info: {'particle_has_naninf': False, 'height_map_loss': 21.480504989624023, 'emd_loss': 44.29524612426758, 'total_loss': 21.480504989624023}
2024-11-23 13:59:17,943 INFO =====> Param: E: [491055.12], nu: [0.17812845], rho: [1317.8318], sand_angle: [16.578907]
2024-11-23 13:59:17,943 INFO =====> Grad: [-1.7480206e-02 -2.5167977e+04  2.2304520e+01 -1.3679751e+03]
2024-11-23 13:59:17,943 INFO =====> Num. aborted data so far: 0
2024-11-23 13:59:18,273 INFO ===> New TaichiEnv created.
2024-11-23 13:59:18,274 INFO ===> Specifications: horizon = 311, dt = 0.01, n_substeps = 20, dt_sub = 0.0005
2024-11-23 13:59:18,296 DEBUG loaded <trimesh.Trimesh(vertices.shape=(916, 3), faces.shape=(856, 3))> using `load_obj` in 0.0029s
2024-11-23 13:59:18,440 DEBUG loaded <trimesh.Trimesh(vertices.shape=(48, 3), faces.shape=(28, 3))> using `load_obj` in 0.0007s
2024-11-23 13:59:46,535 INFO =====> Epoch: 59
2024-11-23 13:59:46,535 INFO =====> Loss info: {'particle_has_naninf': False, 'height_map_loss': 21.481529235839844, 'emd_loss': 44.27158737182617, 'total_loss': 21.481529235839844}
2024-11-23 13:59:46,536 INFO =====> Performing line search for epoch 59......
2024-11-23 13:59:47,141 INFO ===> New TaichiEnv created.
2024-11-23 13:59:47,141 INFO ===> Specifications: horizon = 311, dt = 0.01, n_substeps = 20, dt_sub = 0.0005
2024-11-23 13:59:47,164 DEBUG loaded <trimesh.Trimesh(vertices.shape=(916, 3), faces.shape=(856, 3))> using `load_obj` in 0.0030s
2024-11-23 13:59:47,312 DEBUG loaded <trimesh.Trimesh(vertices.shape=(48, 3), faces.shape=(28, 3))> using `load_obj` in 0.0007s
2024-11-23 13:59:57,151 INFO =====> alpha: 0.01
2024-11-23 13:59:57,152 INFO =====> Loss info: {'particle_has_naninf': False, 'height_map_loss': 21.481691360473633, 'emd_loss': 44.27098846435547, 'total_loss': 21.481691360473633}
2024-11-23 13:59:57,489 INFO ===> New TaichiEnv created.
2024-11-23 13:59:57,489 INFO ===> Specifications: horizon = 311, dt = 0.01, n_substeps = 20, dt_sub = 0.0005
2024-11-23 13:59:57,512 DEBUG loaded <trimesh.Trimesh(vertices.shape=(916, 3), faces.shape=(856, 3))> using `load_obj` in 0.0029s
2024-11-23 13:59:57,659 DEBUG loaded <trimesh.Trimesh(vertices.shape=(48, 3), faces.shape=(28, 3))> using `load_obj` in 0.0007s
2024-11-23 14:00:07,868 INFO =====> alpha: 0.1
2024-11-23 14:00:07,868 INFO =====> Loss info: {'particle_has_naninf': False, 'height_map_loss': 21.491405487060547, 'emd_loss': 44.240543365478516, 'total_loss': 21.491405487060547}
2024-11-23 14:00:08,202 INFO ===> New TaichiEnv created.
2024-11-23 14:00:08,202 INFO ===> Specifications: horizon = 311, dt = 0.01, n_substeps = 20, dt_sub = 0.0005
2024-11-23 14:00:08,224 DEBUG loaded <trimesh.Trimesh(vertices.shape=(916, 3), faces.shape=(856, 3))> using `load_obj` in 0.0029s
2024-11-23 14:00:08,370 DEBUG loaded <trimesh.Trimesh(vertices.shape=(48, 3), faces.shape=(28, 3))> using `load_obj` in 0.0007s
2024-11-23 14:00:18,549 INFO =====> alpha: 0.5
2024-11-23 14:00:18,549 INFO =====> Loss info: {'particle_has_naninf': False, 'height_map_loss': 21.49540138244629, 'emd_loss': 43.79501724243164, 'total_loss': 21.49540138244629}
2024-11-23 14:00:18,883 INFO ===> New TaichiEnv created.
2024-11-23 14:00:18,883 INFO ===> Specifications: horizon = 311, dt = 0.01, n_substeps = 20, dt_sub = 0.0005
2024-11-23 14:00:18,906 DEBUG loaded <trimesh.Trimesh(vertices.shape=(916, 3), faces.shape=(856, 3))> using `load_obj` in 0.0030s
2024-11-23 14:00:19,050 DEBUG loaded <trimesh.Trimesh(vertices.shape=(48, 3), faces.shape=(28, 3))> using `load_obj` in 0.0007s
2024-11-23 14:00:28,780 INFO =====> alpha: 1.0
2024-11-23 14:00:28,780 INFO =====> Loss info: {'particle_has_naninf': False, 'height_map_loss': 21.489429473876953, 'emd_loss': 43.216854095458984, 'total_loss': 21.489429473876953}
2024-11-23 14:00:29,114 INFO ===> New TaichiEnv created.
2024-11-23 14:00:29,114 INFO ===> Specifications: horizon = 311, dt = 0.01, n_substeps = 20, dt_sub = 0.0005
2024-11-23 14:00:29,137 DEBUG loaded <trimesh.Trimesh(vertices.shape=(916, 3), faces.shape=(856, 3))> using `load_obj` in 0.0030s
2024-11-23 14:00:29,282 DEBUG loaded <trimesh.Trimesh(vertices.shape=(48, 3), faces.shape=(28, 3))> using `load_obj` in 0.0007s
2024-11-23 14:00:39,492 INFO =====> alpha: 1.01
2024-11-23 14:00:39,492 INFO =====> Loss info: {'particle_has_naninf': False, 'height_map_loss': 21.49209213256836, 'emd_loss': 43.243377685546875, 'total_loss': 21.49209213256836}
2024-11-23 14:00:39,826 INFO ===> New TaichiEnv created.
2024-11-23 14:00:39,826 INFO ===> Specifications: horizon = 311, dt = 0.01, n_substeps = 20, dt_sub = 0.0005
2024-11-23 14:00:39,848 DEBUG loaded <trimesh.Trimesh(vertices.shape=(916, 3), faces.shape=(856, 3))> using `load_obj` in 0.0029s
2024-11-23 14:00:39,993 DEBUG loaded <trimesh.Trimesh(vertices.shape=(48, 3), faces.shape=(28, 3))> using `load_obj` in 0.0007s
2024-11-23 14:00:50,361 INFO =====> alpha: 1.1
2024-11-23 14:00:50,361 INFO =====> Loss info: {'particle_has_naninf': False, 'height_map_loss': 21.451465606689453, 'emd_loss': 43.19752883911133, 'total_loss': 21.451465606689453}
2024-11-23 14:00:50,697 INFO ===> New TaichiEnv created.
2024-11-23 14:00:50,697 INFO ===> Specifications: horizon = 311, dt = 0.01, n_substeps = 20, dt_sub = 0.0005
2024-11-23 14:00:50,719 DEBUG loaded <trimesh.Trimesh(vertices.shape=(916, 3), faces.shape=(856, 3))> using `load_obj` in 0.0029s
2024-11-23 14:00:50,866 DEBUG loaded <trimesh.Trimesh(vertices.shape=(48, 3), faces.shape=(28, 3))> using `load_obj` in 0.0007s
2024-11-23 14:01:00,673 INFO =====> alpha: 1.5
2024-11-23 14:01:00,674 INFO =====> Loss info: {'particle_has_naninf': False, 'height_map_loss': 21.500423431396484, 'emd_loss': 43.148773193359375, 'total_loss': 21.500423431396484}
2024-11-23 14:01:00,674 INFO =====> Best alpha: 1.1, Best loss info: {'particle_has_naninf': False, 'height_map_loss': 21.451465606689453, 'emd_loss': 43.19752883911133, 'total_loss': 21.451465606689453}
2024-11-23 14:01:00,674 INFO =====> Param: E: [515248.75], nu: [0.18738388], rho: [1308.8461], sand_angle: [17.066542]
2024-11-23 14:01:00,674 INFO =====> Grad: [-1.1183131e-02 -1.4162000e+04  6.2086630e+00 -3.5422977e+02]
2024-11-23 14:01:00,674 INFO =====> Num. aborted data so far: 0
2024-11-23 14:01:01,009 INFO ===> New TaichiEnv created.
2024-11-23 14:01:01,009 INFO ===> Specifications: horizon = 311, dt = 0.01, n_substeps = 20, dt_sub = 0.0005
2024-11-23 14:01:01,032 DEBUG loaded <trimesh.Trimesh(vertices.shape=(916, 3), faces.shape=(856, 3))> using `load_obj` in 0.0031s
2024-11-23 14:01:01,178 DEBUG loaded <trimesh.Trimesh(vertices.shape=(48, 3), faces.shape=(28, 3))> using `load_obj` in 0.0007s
2024-11-23 14:01:29,363 INFO =====> Epoch: 60
2024-11-23 14:01:29,363 INFO =====> Loss info: {'particle_has_naninf': False, 'height_map_loss': 21.49163818359375, 'emd_loss': 43.19831466674805, 'total_loss': 21.49163818359375}
2024-11-23 14:01:29,363 INFO =====> Performing line search for epoch 60......
2024-11-23 14:01:29,971 INFO ===> New TaichiEnv created.
2024-11-23 14:01:29,971 INFO ===> Specifications: horizon = 311, dt = 0.01, n_substeps = 20, dt_sub = 0.0005
2024-11-23 14:01:29,994 DEBUG loaded <trimesh.Trimesh(vertices.shape=(916, 3), faces.shape=(856, 3))> using `load_obj` in 0.0030s
2024-11-23 14:01:30,143 DEBUG loaded <trimesh.Trimesh(vertices.shape=(48, 3), faces.shape=(28, 3))> using `load_obj` in 0.0007s
2024-11-23 14:01:40,417 INFO =====> alpha: 0.01
2024-11-23 14:01:40,417 INFO =====> Loss info: {'particle_has_naninf': False, 'height_map_loss': 21.46779441833496, 'emd_loss': 43.20588302612305, 'total_loss': 21.46779441833496}
2024-11-23 14:01:40,752 INFO ===> New TaichiEnv created.
2024-11-23 14:01:40,752 INFO ===> Specifications: horizon = 311, dt = 0.01, n_substeps = 20, dt_sub = 0.0005
2024-11-23 14:01:40,774 DEBUG loaded <trimesh.Trimesh(vertices.shape=(916, 3), faces.shape=(856, 3))> using `load_obj` in 0.0029s
2024-11-23 14:01:40,919 DEBUG loaded <trimesh.Trimesh(vertices.shape=(48, 3), faces.shape=(28, 3))> using `load_obj` in 0.0007s
2024-11-23 14:01:50,761 INFO =====> alpha: 0.1
2024-11-23 14:01:50,761 INFO =====> Loss info: {'particle_has_naninf': False, 'height_map_loss': 21.521604537963867, 'emd_loss': 43.12125778198242, 'total_loss': 21.521604537963867}
2024-11-23 14:01:51,105 INFO ===> New TaichiEnv created.
2024-11-23 14:01:51,105 INFO ===> Specifications: horizon = 311, dt = 0.01, n_substeps = 20, dt_sub = 0.0005
2024-11-23 14:01:51,127 DEBUG loaded <trimesh.Trimesh(vertices.shape=(916, 3), faces.shape=(856, 3))> using `load_obj` in 0.0029s
2024-11-23 14:01:51,274 DEBUG loaded <trimesh.Trimesh(vertices.shape=(48, 3), faces.shape=(28, 3))> using `load_obj` in 0.0007s
2024-11-23 14:02:01,566 INFO =====> alpha: 0.5
2024-11-23 14:02:01,566 INFO =====> Loss info: {'particle_has_naninf': False, 'height_map_loss': 21.524059295654297, 'emd_loss': 43.08971405029297, 'total_loss': 21.524059295654297}
2024-11-23 14:02:01,903 INFO ===> New TaichiEnv created.
2024-11-23 14:02:01,903 INFO ===> Specifications: horizon = 311, dt = 0.01, n_substeps = 20, dt_sub = 0.0005
2024-11-23 14:02:01,925 DEBUG loaded <trimesh.Trimesh(vertices.shape=(916, 3), faces.shape=(856, 3))> using `load_obj` in 0.0029s
2024-11-23 14:02:02,072 DEBUG loaded <trimesh.Trimesh(vertices.shape=(48, 3), faces.shape=(28, 3))> using `load_obj` in 0.0007s
2024-11-23 14:02:12,333 INFO =====> alpha: 1.0
2024-11-23 14:02:12,333 INFO =====> Loss info: {'particle_has_naninf': False, 'height_map_loss': 21.64789390563965, 'emd_loss': 43.10376739501953, 'total_loss': 21.64789390563965}
2024-11-23 14:02:12,670 INFO ===> New TaichiEnv created.
2024-11-23 14:02:12,670 INFO ===> Specifications: horizon = 311, dt = 0.01, n_substeps = 20, dt_sub = 0.0005
2024-11-23 14:02:12,692 DEBUG loaded <trimesh.Trimesh(vertices.shape=(916, 3), faces.shape=(856, 3))> using `load_obj` in 0.0028s
2024-11-23 14:02:12,837 DEBUG loaded <trimesh.Trimesh(vertices.shape=(48, 3), faces.shape=(28, 3))> using `load_obj` in 0.0007s
2024-11-23 14:02:22,723 INFO =====> alpha: 1.01
2024-11-23 14:02:22,723 INFO =====> Loss info: {'particle_has_naninf': False, 'height_map_loss': 21.65606689453125, 'emd_loss': 42.7464714050293, 'total_loss': 21.65606689453125}
2024-11-23 14:02:23,057 INFO ===> New TaichiEnv created.
2024-11-23 14:02:23,057 INFO ===> Specifications: horizon = 311, dt = 0.01, n_substeps = 20, dt_sub = 0.0005
2024-11-23 14:02:23,080 DEBUG loaded <trimesh.Trimesh(vertices.shape=(916, 3), faces.shape=(856, 3))> using `load_obj` in 0.0031s
2024-11-23 14:02:23,224 DEBUG loaded <trimesh.Trimesh(vertices.shape=(48, 3), faces.shape=(28, 3))> using `load_obj` in 0.0007s
2024-11-23 14:02:33,521 INFO =====> alpha: 1.1
2024-11-23 14:02:33,521 INFO =====> Loss info: {'particle_has_naninf': False, 'height_map_loss': 21.68991470336914, 'emd_loss': 43.019203186035156, 'total_loss': 21.68991470336914}
2024-11-23 14:02:33,853 INFO ===> New TaichiEnv created.
2024-11-23 14:02:33,853 INFO ===> Specifications: horizon = 311, dt = 0.01, n_substeps = 20, dt_sub = 0.0005
2024-11-23 14:02:33,876 DEBUG loaded <trimesh.Trimesh(vertices.shape=(916, 3), faces.shape=(856, 3))> using `load_obj` in 0.0029s
2024-11-23 14:02:34,022 DEBUG loaded <trimesh.Trimesh(vertices.shape=(48, 3), faces.shape=(28, 3))> using `load_obj` in 0.0007s
2024-11-23 14:02:44,249 INFO =====> alpha: 1.5
2024-11-23 14:02:44,249 INFO =====> Loss info: {'particle_has_naninf': False, 'height_map_loss': 21.68375587463379, 'emd_loss': 43.097225189208984, 'total_loss': 21.68375587463379}
2024-11-23 14:02:44,250 INFO =====> Best alpha: 0.01, Best loss info: {'particle_has_naninf': False, 'height_map_loss': 21.46779441833496, 'emd_loss': 43.20588302612305, 'total_loss': 21.46779441833496}
2024-11-23 14:02:44,250 INFO =====> Param: E: [515413.], nu: [0.18751687], rho: [1309.4415], sand_angle: [17.07445]
2024-11-23 14:02:44,250 INFO =====> Grad: [-8.204013e-03 -2.340714e+04 -4.634275e+01 -6.192133e+02]
2024-11-23 14:02:44,250 INFO =====> Num. aborted data so far: 0
2024-11-23 14:02:44,587 INFO ===> New TaichiEnv created.
2024-11-23 14:02:44,587 INFO ===> Specifications: horizon = 311, dt = 0.01, n_substeps = 20, dt_sub = 0.0005
2024-11-23 14:02:44,615 DEBUG loaded <trimesh.Trimesh(vertices.shape=(916, 3), faces.shape=(856, 3))> using `load_obj` in 0.0063s
2024-11-23 14:02:44,759 DEBUG loaded <trimesh.Trimesh(vertices.shape=(48, 3), faces.shape=(28, 3))> using `load_obj` in 0.0007s
2024-11-23 14:03:12,773 INFO =====> Epoch: 61
2024-11-23 14:03:12,773 INFO =====> Loss info: {'particle_has_naninf': False, 'height_map_loss': 21.468564987182617, 'emd_loss': 43.206790924072266, 'total_loss': 21.468564987182617}
2024-11-23 14:03:12,773 INFO =====> Performing line search for epoch 61......
2024-11-23 14:03:13,378 INFO ===> New TaichiEnv created.
2024-11-23 14:03:13,378 INFO ===> Specifications: horizon = 311, dt = 0.01, n_substeps = 20, dt_sub = 0.0005
2024-11-23 14:03:13,401 DEBUG loaded <trimesh.Trimesh(vertices.shape=(916, 3), faces.shape=(856, 3))> using `load_obj` in 0.0029s
2024-11-23 14:03:13,549 DEBUG loaded <trimesh.Trimesh(vertices.shape=(48, 3), faces.shape=(28, 3))> using `load_obj` in 0.0007s
2024-11-23 14:03:23,341 INFO =====> alpha: 0.01
2024-11-23 14:03:23,341 INFO =====> Loss info: {'particle_has_naninf': False, 'height_map_loss': 21.498193740844727, 'emd_loss': 43.19308090209961, 'total_loss': 21.498193740844727}
2024-11-23 14:03:23,675 INFO ===> New TaichiEnv created.
2024-11-23 14:03:23,675 INFO ===> Specifications: horizon = 311, dt = 0.01, n_substeps = 20, dt_sub = 0.0005
2024-11-23 14:03:23,697 DEBUG loaded <trimesh.Trimesh(vertices.shape=(916, 3), faces.shape=(856, 3))> using `load_obj` in 0.0029s
2024-11-23 14:03:23,843 DEBUG loaded <trimesh.Trimesh(vertices.shape=(48, 3), faces.shape=(28, 3))> using `load_obj` in 0.0007s
2024-11-23 14:03:34,094 INFO =====> alpha: 0.1
2024-11-23 14:03:34,094 INFO =====> Loss info: {'particle_has_naninf': False, 'height_map_loss': 21.48922348022461, 'emd_loss': 43.17500305175781, 'total_loss': 21.48922348022461}
2024-11-23 14:03:34,430 INFO ===> New TaichiEnv created.
2024-11-23 14:03:34,430 INFO ===> Specifications: horizon = 311, dt = 0.01, n_substeps = 20, dt_sub = 0.0005
2024-11-23 14:03:34,452 DEBUG loaded <trimesh.Trimesh(vertices.shape=(916, 3), faces.shape=(856, 3))> using `load_obj` in 0.0029s
2024-11-23 14:03:34,597 DEBUG loaded <trimesh.Trimesh(vertices.shape=(48, 3), faces.shape=(28, 3))> using `load_obj` in 0.0007s
2024-11-23 14:03:44,412 INFO =====> alpha: 0.5
2024-11-23 14:03:44,412 INFO =====> Loss info: {'particle_has_naninf': False, 'height_map_loss': 21.457902908325195, 'emd_loss': 43.48952102661133, 'total_loss': 21.457902908325195}
2024-11-23 14:03:44,748 INFO ===> New TaichiEnv created.
2024-11-23 14:03:44,748 INFO ===> Specifications: horizon = 311, dt = 0.01, n_substeps = 20, dt_sub = 0.0005
2024-11-23 14:03:44,771 DEBUG loaded <trimesh.Trimesh(vertices.shape=(916, 3), faces.shape=(856, 3))> using `load_obj` in 0.0029s
2024-11-23 14:03:44,918 DEBUG loaded <trimesh.Trimesh(vertices.shape=(48, 3), faces.shape=(28, 3))> using `load_obj` in 0.0007s
2024-11-23 14:03:55,165 INFO =====> alpha: 1.0
2024-11-23 14:03:55,165 INFO =====> Loss info: {'particle_has_naninf': False, 'height_map_loss': 21.43455696105957, 'emd_loss': 43.23108673095703, 'total_loss': 21.43455696105957}
2024-11-23 14:03:55,500 INFO ===> New TaichiEnv created.
2024-11-23 14:03:55,501 INFO ===> Specifications: horizon = 311, dt = 0.01, n_substeps = 20, dt_sub = 0.0005
2024-11-23 14:03:55,523 DEBUG loaded <trimesh.Trimesh(vertices.shape=(916, 3), faces.shape=(856, 3))> using `load_obj` in 0.0029s
2024-11-23 14:03:55,669 DEBUG loaded <trimesh.Trimesh(vertices.shape=(48, 3), faces.shape=(28, 3))> using `load_obj` in 0.0007s
2024-11-23 14:04:05,932 INFO =====> alpha: 1.01
2024-11-23 14:04:05,933 INFO =====> Loss info: {'particle_has_naninf': False, 'height_map_loss': 21.434324264526367, 'emd_loss': 43.2430419921875, 'total_loss': 21.434324264526367}
2024-11-23 14:04:06,264 INFO ===> New TaichiEnv created.
2024-11-23 14:04:06,264 INFO ===> Specifications: horizon = 311, dt = 0.01, n_substeps = 20, dt_sub = 0.0005
2024-11-23 14:04:06,286 DEBUG loaded <trimesh.Trimesh(vertices.shape=(916, 3), faces.shape=(856, 3))> using `load_obj` in 0.0029s
2024-11-23 14:04:06,430 DEBUG loaded <trimesh.Trimesh(vertices.shape=(48, 3), faces.shape=(28, 3))> using `load_obj` in 0.0007s
2024-11-23 14:04:16,103 INFO =====> alpha: 1.1
2024-11-23 14:04:16,103 INFO =====> Loss info: {'particle_has_naninf': False, 'height_map_loss': 21.41945457458496, 'emd_loss': 43.37153625488281, 'total_loss': 21.41945457458496}
2024-11-23 14:04:16,441 INFO ===> New TaichiEnv created.
2024-11-23 14:04:16,441 INFO ===> Specifications: horizon = 311, dt = 0.01, n_substeps = 20, dt_sub = 0.0005
2024-11-23 14:04:16,464 DEBUG loaded <trimesh.Trimesh(vertices.shape=(916, 3), faces.shape=(856, 3))> using `load_obj` in 0.0029s
2024-11-23 14:04:16,610 DEBUG loaded <trimesh.Trimesh(vertices.shape=(48, 3), faces.shape=(28, 3))> using `load_obj` in 0.0007s
2024-11-23 14:04:26,862 INFO =====> alpha: 1.5
2024-11-23 14:04:26,862 INFO =====> Loss info: {'particle_has_naninf': False, 'height_map_loss': 21.428661346435547, 'emd_loss': 43.3494873046875, 'total_loss': 21.428661346435547}
2024-11-23 14:04:26,863 INFO =====> Best alpha: 1.1, Best loss info: {'particle_has_naninf': False, 'height_map_loss': 21.41945457458496, 'emd_loss': 43.37153625488281, 'total_loss': 21.41945457458496}
2024-11-23 14:04:26,863 INFO =====> Param: E: [539091.2], nu: [0.19684088], rho: [1308.9751], sand_angle: [16.860252]
2024-11-23 14:04:26,863 INFO =====> Grad: [-1.0847985e-02 -1.4690365e+04  3.1305945e-01  1.4490976e+02]
2024-11-23 14:04:26,863 INFO =====> Num. aborted data so far: 0
2024-11-23 14:04:27,197 INFO ===> New TaichiEnv created.
2024-11-23 14:04:27,197 INFO ===> Specifications: horizon = 311, dt = 0.01, n_substeps = 20, dt_sub = 0.0005
2024-11-23 14:04:27,220 DEBUG loaded <trimesh.Trimesh(vertices.shape=(916, 3), faces.shape=(856, 3))> using `load_obj` in 0.0029s
2024-11-23 14:04:27,365 DEBUG loaded <trimesh.Trimesh(vertices.shape=(48, 3), faces.shape=(28, 3))> using `load_obj` in 0.0007s
2024-11-23 14:04:55,494 INFO =====> Epoch: 62
2024-11-23 14:04:55,494 INFO =====> Loss info: {'particle_has_naninf': False, 'height_map_loss': 21.41892433166504, 'emd_loss': 43.369876861572266, 'total_loss': 21.41892433166504}
2024-11-23 14:04:55,494 INFO =====> Performing line search for epoch 62......
2024-11-23 14:04:56,130 INFO ===> New TaichiEnv created.
2024-11-23 14:04:56,130 INFO ===> Specifications: horizon = 311, dt = 0.01, n_substeps = 20, dt_sub = 0.0005
2024-11-23 14:04:56,153 DEBUG loaded <trimesh.Trimesh(vertices.shape=(916, 3), faces.shape=(856, 3))> using `load_obj` in 0.0029s
2024-11-23 14:04:56,299 DEBUG loaded <trimesh.Trimesh(vertices.shape=(48, 3), faces.shape=(28, 3))> using `load_obj` in 0.0007s
2024-11-23 14:05:06,578 INFO =====> alpha: 0.01
2024-11-23 14:05:06,578 INFO =====> Loss info: {'particle_has_naninf': False, 'height_map_loss': 21.425537109375, 'emd_loss': 43.359195709228516, 'total_loss': 21.425537109375}
2024-11-23 14:05:06,913 INFO ===> New TaichiEnv created.
2024-11-23 14:05:06,913 INFO ===> Specifications: horizon = 311, dt = 0.01, n_substeps = 20, dt_sub = 0.0005
2024-11-23 14:05:06,935 DEBUG loaded <trimesh.Trimesh(vertices.shape=(916, 3), faces.shape=(856, 3))> using `load_obj` in 0.0029s
2024-11-23 14:05:07,082 DEBUG loaded <trimesh.Trimesh(vertices.shape=(48, 3), faces.shape=(28, 3))> using `load_obj` in 0.0007s
2024-11-23 14:05:16,855 INFO =====> alpha: 0.1
2024-11-23 14:05:16,855 INFO =====> Loss info: {'particle_has_naninf': False, 'height_map_loss': 21.43358039855957, 'emd_loss': 43.36536407470703, 'total_loss': 21.43358039855957}
2024-11-23 14:05:17,195 INFO ===> New TaichiEnv created.
2024-11-23 14:05:17,195 INFO ===> Specifications: horizon = 311, dt = 0.01, n_substeps = 20, dt_sub = 0.0005
2024-11-23 14:05:17,217 DEBUG loaded <trimesh.Trimesh(vertices.shape=(916, 3), faces.shape=(856, 3))> using `load_obj` in 0.0029s
2024-11-23 14:05:17,364 DEBUG loaded <trimesh.Trimesh(vertices.shape=(48, 3), faces.shape=(28, 3))> using `load_obj` in 0.0007s
2024-11-23 14:05:27,669 INFO =====> alpha: 0.5
2024-11-23 14:05:27,670 INFO =====> Loss info: {'particle_has_naninf': False, 'height_map_loss': 21.40139389038086, 'emd_loss': 43.637001037597656, 'total_loss': 21.40139389038086}
2024-11-23 14:05:28,006 INFO ===> New TaichiEnv created.
2024-11-23 14:05:28,006 INFO ===> Specifications: horizon = 311, dt = 0.01, n_substeps = 20, dt_sub = 0.0005
2024-11-23 14:05:28,029 DEBUG loaded <trimesh.Trimesh(vertices.shape=(916, 3), faces.shape=(856, 3))> using `load_obj` in 0.0031s
2024-11-23 14:05:28,178 DEBUG loaded <trimesh.Trimesh(vertices.shape=(48, 3), faces.shape=(28, 3))> using `load_obj` in 0.0007s
2024-11-23 14:05:37,970 INFO =====> alpha: 1.0
2024-11-23 14:05:37,970 INFO =====> Loss info: {'particle_has_naninf': False, 'height_map_loss': 21.369752883911133, 'emd_loss': 43.293888092041016, 'total_loss': 21.369752883911133}
2024-11-23 14:05:38,304 INFO ===> New TaichiEnv created.
2024-11-23 14:05:38,304 INFO ===> Specifications: horizon = 311, dt = 0.01, n_substeps = 20, dt_sub = 0.0005
2024-11-23 14:05:38,327 DEBUG loaded <trimesh.Trimesh(vertices.shape=(916, 3), faces.shape=(856, 3))> using `load_obj` in 0.0028s
2024-11-23 14:05:38,473 DEBUG loaded <trimesh.Trimesh(vertices.shape=(48, 3), faces.shape=(28, 3))> using `load_obj` in 0.0007s
2024-11-23 14:05:48,683 INFO =====> alpha: 1.01
2024-11-23 14:05:48,683 INFO =====> Loss info: {'particle_has_naninf': False, 'height_map_loss': 21.37204933166504, 'emd_loss': 43.295928955078125, 'total_loss': 21.37204933166504}
2024-11-23 14:05:49,020 INFO ===> New TaichiEnv created.
2024-11-23 14:05:49,021 INFO ===> Specifications: horizon = 311, dt = 0.01, n_substeps = 20, dt_sub = 0.0005
2024-11-23 14:05:49,043 DEBUG loaded <trimesh.Trimesh(vertices.shape=(916, 3), faces.shape=(856, 3))> using `load_obj` in 0.0030s
2024-11-23 14:05:49,188 DEBUG loaded <trimesh.Trimesh(vertices.shape=(48, 3), faces.shape=(28, 3))> using `load_obj` in 0.0007s
2024-11-23 14:05:59,352 INFO =====> alpha: 1.1
2024-11-23 14:05:59,352 INFO =====> Loss info: {'particle_has_naninf': False, 'height_map_loss': 21.367368698120117, 'emd_loss': 43.3023567199707, 'total_loss': 21.367368698120117}
2024-11-23 14:05:59,725 INFO ===> New TaichiEnv created.
2024-11-23 14:05:59,725 INFO ===> Specifications: horizon = 311, dt = 0.01, n_substeps = 20, dt_sub = 0.0005
2024-11-23 14:05:59,747 DEBUG loaded <trimesh.Trimesh(vertices.shape=(916, 3), faces.shape=(856, 3))> using `load_obj` in 0.0029s
2024-11-23 14:05:59,893 DEBUG loaded <trimesh.Trimesh(vertices.shape=(48, 3), faces.shape=(28, 3))> using `load_obj` in 0.0007s
2024-11-23 14:06:09,671 INFO =====> alpha: 1.5
2024-11-23 14:06:09,671 INFO =====> Loss info: {'particle_has_naninf': False, 'height_map_loss': 21.335060119628906, 'emd_loss': 43.061195373535156, 'total_loss': 21.335060119628906}
2024-11-23 14:06:09,671 INFO =====> Best alpha: 1.5, Best loss info: {'particle_has_naninf': False, 'height_map_loss': 21.335060119628906, 'emd_loss': 43.061195373535156, 'total_loss': 21.335060119628906}
2024-11-23 14:06:09,671 INFO =====> Param: E: [546899.8], nu: [0.2060578], rho: [1311.7584], sand_angle: [16.048851]
2024-11-23 14:06:09,672 INFO =====> Grad: [-2.4973231e-03 -1.0299019e+04 -1.2999279e+00  3.8760571e+02]
2024-11-23 14:06:09,672 INFO =====> Num. aborted data so far: 0
2024-11-23 14:06:10,011 INFO ===> New TaichiEnv created.
2024-11-23 14:06:10,011 INFO ===> Specifications: horizon = 311, dt = 0.01, n_substeps = 20, dt_sub = 0.0005
2024-11-23 14:06:10,034 DEBUG loaded <trimesh.Trimesh(vertices.shape=(916, 3), faces.shape=(856, 3))> using `load_obj` in 0.0029s
2024-11-23 14:06:10,182 DEBUG loaded <trimesh.Trimesh(vertices.shape=(48, 3), faces.shape=(28, 3))> using `load_obj` in 0.0007s
2024-11-23 14:06:38,258 INFO =====> Epoch: 63
2024-11-23 14:06:38,258 INFO =====> Loss info: {'particle_has_naninf': False, 'height_map_loss': 21.347108840942383, 'emd_loss': 42.91375732421875, 'total_loss': 21.347108840942383}
2024-11-23 14:06:38,258 INFO =====> Performing line search for epoch 63......
2024-11-23 14:06:38,864 INFO ===> New TaichiEnv created.
2024-11-23 14:06:38,864 INFO ===> Specifications: horizon = 311, dt = 0.01, n_substeps = 20, dt_sub = 0.0005
2024-11-23 14:06:38,888 DEBUG loaded <trimesh.Trimesh(vertices.shape=(916, 3), faces.shape=(856, 3))> using `load_obj` in 0.0029s
2024-11-23 14:06:39,033 DEBUG loaded <trimesh.Trimesh(vertices.shape=(48, 3), faces.shape=(28, 3))> using `load_obj` in 0.0007s
2024-11-23 14:06:49,287 INFO =====> alpha: 0.01
2024-11-23 14:06:49,287 INFO =====> Loss info: {'particle_has_naninf': False, 'height_map_loss': 21.334762573242188, 'emd_loss': 42.901092529296875, 'total_loss': 21.334762573242188}
2024-11-23 14:06:49,622 INFO ===> New TaichiEnv created.
2024-11-23 14:06:49,622 INFO ===> Specifications: horizon = 311, dt = 0.01, n_substeps = 20, dt_sub = 0.0005
2024-11-23 14:06:49,644 DEBUG loaded <trimesh.Trimesh(vertices.shape=(916, 3), faces.shape=(856, 3))> using `load_obj` in 0.0030s
2024-11-23 14:06:49,789 DEBUG loaded <trimesh.Trimesh(vertices.shape=(48, 3), faces.shape=(28, 3))> using `load_obj` in 0.0007s
2024-11-23 14:06:59,997 INFO =====> alpha: 0.1
2024-11-23 14:06:59,997 INFO =====> Loss info: {'particle_has_naninf': False, 'height_map_loss': 21.35204315185547, 'emd_loss': 42.9486083984375, 'total_loss': 21.35204315185547}
2024-11-23 14:07:00,331 INFO ===> New TaichiEnv created.
2024-11-23 14:07:00,331 INFO ===> Specifications: horizon = 311, dt = 0.01, n_substeps = 20, dt_sub = 0.0005
2024-11-23 14:07:00,353 DEBUG loaded <trimesh.Trimesh(vertices.shape=(916, 3), faces.shape=(856, 3))> using `load_obj` in 0.0030s
2024-11-23 14:07:00,497 DEBUG loaded <trimesh.Trimesh(vertices.shape=(48, 3), faces.shape=(28, 3))> using `load_obj` in 0.0007s
2024-11-23 14:07:10,361 INFO =====> alpha: 0.5
2024-11-23 14:07:10,361 INFO =====> Loss info: {'particle_has_naninf': False, 'height_map_loss': 21.411823272705078, 'emd_loss': 43.648773193359375, 'total_loss': 21.411823272705078}
2024-11-23 14:07:10,697 INFO ===> New TaichiEnv created.
2024-11-23 14:07:10,697 INFO ===> Specifications: horizon = 311, dt = 0.01, n_substeps = 20, dt_sub = 0.0005
2024-11-23 14:07:10,719 DEBUG loaded <trimesh.Trimesh(vertices.shape=(916, 3), faces.shape=(856, 3))> using `load_obj` in 0.0029s
2024-11-23 14:07:10,865 DEBUG loaded <trimesh.Trimesh(vertices.shape=(48, 3), faces.shape=(28, 3))> using `load_obj` in 0.0007s
2024-11-23 14:07:21,172 INFO =====> alpha: 1.0
2024-11-23 14:07:21,172 INFO =====> Loss info: {'particle_has_naninf': False, 'height_map_loss': 21.455141067504883, 'emd_loss': 43.243186950683594, 'total_loss': 21.455141067504883}
2024-11-23 14:07:21,507 INFO ===> New TaichiEnv created.
2024-11-23 14:07:21,507 INFO ===> Specifications: horizon = 311, dt = 0.01, n_substeps = 20, dt_sub = 0.0005
2024-11-23 14:07:21,529 DEBUG loaded <trimesh.Trimesh(vertices.shape=(916, 3), faces.shape=(856, 3))> using `load_obj` in 0.0029s
2024-11-23 14:07:21,675 DEBUG loaded <trimesh.Trimesh(vertices.shape=(48, 3), faces.shape=(28, 3))> using `load_obj` in 0.0007s
2024-11-23 14:07:31,578 INFO =====> alpha: 1.01
2024-11-23 14:07:31,578 INFO =====> Loss info: {'particle_has_naninf': False, 'height_map_loss': 21.455196380615234, 'emd_loss': 43.239662170410156, 'total_loss': 21.455196380615234}
2024-11-23 14:07:31,914 INFO ===> New TaichiEnv created.
2024-11-23 14:07:31,914 INFO ===> Specifications: horizon = 311, dt = 0.01, n_substeps = 20, dt_sub = 0.0005
2024-11-23 14:07:31,936 DEBUG loaded <trimesh.Trimesh(vertices.shape=(916, 3), faces.shape=(856, 3))> using `load_obj` in 0.0028s
2024-11-23 14:07:32,081 DEBUG loaded <trimesh.Trimesh(vertices.shape=(48, 3), faces.shape=(28, 3))> using `load_obj` in 0.0007s
2024-11-23 14:07:42,303 INFO =====> alpha: 1.1
2024-11-23 14:07:42,304 INFO =====> Loss info: {'particle_has_naninf': False, 'height_map_loss': 21.441375732421875, 'emd_loss': 43.11660385131836, 'total_loss': 21.441375732421875}
2024-11-23 14:07:42,652 INFO ===> New TaichiEnv created.
2024-11-23 14:07:42,652 INFO ===> Specifications: horizon = 311, dt = 0.01, n_substeps = 20, dt_sub = 0.0005
2024-11-23 14:07:42,675 DEBUG loaded <trimesh.Trimesh(vertices.shape=(916, 3), faces.shape=(856, 3))> using `load_obj` in 0.0030s
2024-11-23 14:07:42,821 DEBUG loaded <trimesh.Trimesh(vertices.shape=(48, 3), faces.shape=(28, 3))> using `load_obj` in 0.0007s
2024-11-23 14:07:53,114 INFO =====> alpha: 1.5
2024-11-23 14:07:53,114 INFO =====> Loss info: {'particle_has_naninf': False, 'height_map_loss': 21.598669052124023, 'emd_loss': 42.75733184814453, 'total_loss': 21.598669052124023}
2024-11-23 14:07:53,115 INFO =====> Best alpha: 0.01, Best loss info: {'particle_has_naninf': False, 'height_map_loss': 21.334762573242188, 'emd_loss': 42.901092529296875, 'total_loss': 21.334762573242188}
2024-11-23 14:07:53,115 INFO =====> Param: E: [547085.2], nu: [0.20616494], rho: [1311.7216], sand_angle: [16.061691]
2024-11-23 14:07:53,115 INFO =====> Grad: [-8.8229971e-03 -1.8106525e+04  2.4497149e+00 -9.5517908e+02]
2024-11-23 14:07:53,115 INFO =====> Num. aborted data so far: 0
2024-11-23 14:07:53,447 INFO ===> New TaichiEnv created.
2024-11-23 14:07:53,447 INFO ===> Specifications: horizon = 311, dt = 0.01, n_substeps = 20, dt_sub = 0.0005
2024-11-23 14:07:53,470 DEBUG loaded <trimesh.Trimesh(vertices.shape=(916, 3), faces.shape=(856, 3))> using `load_obj` in 0.0028s
2024-11-23 14:07:53,614 DEBUG loaded <trimesh.Trimesh(vertices.shape=(48, 3), faces.shape=(28, 3))> using `load_obj` in 0.0007s
2024-11-23 14:08:21,753 INFO =====> Epoch: 64
2024-11-23 14:08:21,753 INFO =====> Loss info: {'particle_has_naninf': False, 'height_map_loss': 21.350183486938477, 'emd_loss': 42.900543212890625, 'total_loss': 21.350183486938477}
2024-11-23 14:08:21,753 INFO =====> Performing line search for epoch 64......
2024-11-23 14:08:22,359 INFO ===> New TaichiEnv created.
2024-11-23 14:08:22,359 INFO ===> Specifications: horizon = 311, dt = 0.01, n_substeps = 20, dt_sub = 0.0005
2024-11-23 14:08:22,382 DEBUG loaded <trimesh.Trimesh(vertices.shape=(916, 3), faces.shape=(856, 3))> using `load_obj` in 0.0030s
2024-11-23 14:08:22,529 DEBUG loaded <trimesh.Trimesh(vertices.shape=(48, 3), faces.shape=(28, 3))> using `load_obj` in 0.0007s
2024-11-23 14:08:32,360 INFO =====> alpha: 0.01
2024-11-23 14:08:32,360 INFO =====> Loss info: {'particle_has_naninf': False, 'height_map_loss': 21.348968505859375, 'emd_loss': 43.026695251464844, 'total_loss': 21.348968505859375}
2024-11-23 14:08:32,699 INFO ===> New TaichiEnv created.
2024-11-23 14:08:32,699 INFO ===> Specifications: horizon = 311, dt = 0.01, n_substeps = 20, dt_sub = 0.0005
2024-11-23 14:08:32,722 DEBUG loaded <trimesh.Trimesh(vertices.shape=(916, 3), faces.shape=(856, 3))> using `load_obj` in 0.0030s
2024-11-23 14:08:32,869 DEBUG loaded <trimesh.Trimesh(vertices.shape=(48, 3), faces.shape=(28, 3))> using `load_obj` in 0.0007s
2024-11-23 14:08:43,163 INFO =====> alpha: 0.1
2024-11-23 14:08:43,163 INFO =====> Loss info: {'particle_has_naninf': False, 'height_map_loss': 21.363821029663086, 'emd_loss': 42.94473648071289, 'total_loss': 21.363821029663086}
2024-11-23 14:08:43,495 INFO ===> New TaichiEnv created.
2024-11-23 14:08:43,495 INFO ===> Specifications: horizon = 311, dt = 0.01, n_substeps = 20, dt_sub = 0.0005
2024-11-23 14:08:43,518 DEBUG loaded <trimesh.Trimesh(vertices.shape=(916, 3), faces.shape=(856, 3))> using `load_obj` in 0.0030s
2024-11-23 14:08:43,663 DEBUG loaded <trimesh.Trimesh(vertices.shape=(48, 3), faces.shape=(28, 3))> using `load_obj` in 0.0007s
2024-11-23 14:08:53,615 INFO =====> alpha: 0.5
2024-11-23 14:08:53,615 INFO =====> Loss info: {'particle_has_naninf': False, 'height_map_loss': 21.432357788085938, 'emd_loss': 43.330711364746094, 'total_loss': 21.432357788085938}
2024-11-23 14:08:53,958 INFO ===> New TaichiEnv created.
2024-11-23 14:08:53,958 INFO ===> Specifications: horizon = 311, dt = 0.01, n_substeps = 20, dt_sub = 0.0005
2024-11-23 14:08:53,980 DEBUG loaded <trimesh.Trimesh(vertices.shape=(916, 3), faces.shape=(856, 3))> using `load_obj` in 0.0029s
2024-11-23 14:08:54,126 DEBUG loaded <trimesh.Trimesh(vertices.shape=(48, 3), faces.shape=(28, 3))> using `load_obj` in 0.0007s
2024-11-23 14:09:04,410 INFO =====> alpha: 1.0
2024-11-23 14:09:04,410 INFO =====> Loss info: {'particle_has_naninf': False, 'height_map_loss': 21.442350387573242, 'emd_loss': 43.25734329223633, 'total_loss': 21.442350387573242}
2024-11-23 14:09:04,743 INFO ===> New TaichiEnv created.
2024-11-23 14:09:04,743 INFO ===> Specifications: horizon = 311, dt = 0.01, n_substeps = 20, dt_sub = 0.0005
2024-11-23 14:09:04,766 DEBUG loaded <trimesh.Trimesh(vertices.shape=(916, 3), faces.shape=(856, 3))> using `load_obj` in 0.0029s
2024-11-23 14:09:04,912 DEBUG loaded <trimesh.Trimesh(vertices.shape=(48, 3), faces.shape=(28, 3))> using `load_obj` in 0.0007s
2024-11-23 14:09:15,139 INFO =====> alpha: 1.01
2024-11-23 14:09:15,139 INFO =====> Loss info: {'particle_has_naninf': False, 'height_map_loss': 21.447566986083984, 'emd_loss': 43.29757308959961, 'total_loss': 21.447566986083984}
2024-11-23 14:09:15,471 INFO ===> New TaichiEnv created.
2024-11-23 14:09:15,471 INFO ===> Specifications: horizon = 311, dt = 0.01, n_substeps = 20, dt_sub = 0.0005
2024-11-23 14:09:15,493 DEBUG loaded <trimesh.Trimesh(vertices.shape=(916, 3), faces.shape=(856, 3))> using `load_obj` in 0.0029s
2024-11-23 14:09:15,639 DEBUG loaded <trimesh.Trimesh(vertices.shape=(48, 3), faces.shape=(28, 3))> using `load_obj` in 0.0007s
2024-11-23 14:09:25,364 INFO =====> alpha: 1.1
2024-11-23 14:09:25,364 INFO =====> Loss info: {'particle_has_naninf': False, 'height_map_loss': 21.482553482055664, 'emd_loss': 43.3802375793457, 'total_loss': 21.482553482055664}
2024-11-23 14:09:25,696 INFO ===> New TaichiEnv created.
2024-11-23 14:09:25,696 INFO ===> Specifications: horizon = 311, dt = 0.01, n_substeps = 20, dt_sub = 0.0005
2024-11-23 14:09:25,718 DEBUG loaded <trimesh.Trimesh(vertices.shape=(916, 3), faces.shape=(856, 3))> using `load_obj` in 0.0029s
2024-11-23 14:09:25,864 DEBUG loaded <trimesh.Trimesh(vertices.shape=(48, 3), faces.shape=(28, 3))> using `load_obj` in 0.0007s
2024-11-23 14:09:36,119 INFO =====> alpha: 1.5
2024-11-23 14:09:36,119 INFO =====> Loss info: {'particle_has_naninf': False, 'height_map_loss': 21.50450325012207, 'emd_loss': 43.17123031616211, 'total_loss': 21.50450325012207}
2024-11-23 14:09:36,119 INFO =====> Best alpha: 0.01, Best loss info: {'particle_has_naninf': False, 'height_map_loss': 21.348968505859375, 'emd_loss': 43.026695251464844, 'total_loss': 21.348968505859375}
2024-11-23 14:09:36,119 INFO =====> Param: E: [547195.06], nu: [0.20620163], rho: [1312.7185], sand_angle: [16.070538]
2024-11-23 14:09:36,120 INFO =====> Grad: [-5.0376789e-03 -5.9230869e+03 -8.1011147e+01 -6.5019293e+02]
2024-11-23 14:09:36,120 INFO =====> Num. aborted data so far: 0
2024-11-23 14:09:36,454 INFO ===> New TaichiEnv created.
2024-11-23 14:09:36,454 INFO ===> Specifications: horizon = 311, dt = 0.01, n_substeps = 20, dt_sub = 0.0005
2024-11-23 14:09:36,477 DEBUG loaded <trimesh.Trimesh(vertices.shape=(916, 3), faces.shape=(856, 3))> using `load_obj` in 0.0029s
2024-11-23 14:09:36,623 DEBUG loaded <trimesh.Trimesh(vertices.shape=(48, 3), faces.shape=(28, 3))> using `load_obj` in 0.0007s
2024-11-23 14:10:04,753 INFO =====> Epoch: 65
2024-11-23 14:10:04,753 INFO =====> Loss info: {'particle_has_naninf': False, 'height_map_loss': 21.349355697631836, 'emd_loss': 43.05970001220703, 'total_loss': 21.349355697631836}
2024-11-23 14:10:04,753 INFO =====> Performing line search for epoch 65......
2024-11-23 14:10:05,353 INFO ===> New TaichiEnv created.
2024-11-23 14:10:05,353 INFO ===> Specifications: horizon = 311, dt = 0.01, n_substeps = 20, dt_sub = 0.0005
2024-11-23 14:10:05,377 DEBUG loaded <trimesh.Trimesh(vertices.shape=(916, 3), faces.shape=(856, 3))> using `load_obj` in 0.0031s
2024-11-23 14:10:05,524 DEBUG loaded <trimesh.Trimesh(vertices.shape=(48, 3), faces.shape=(28, 3))> using `load_obj` in 0.0007s
2024-11-23 14:10:15,789 INFO =====> alpha: 0.01
2024-11-23 14:10:15,789 INFO =====> Loss info: {'particle_has_naninf': False, 'height_map_loss': 21.349977493286133, 'emd_loss': 43.002105712890625, 'total_loss': 21.349977493286133}
2024-11-23 14:10:16,125 INFO ===> New TaichiEnv created.
2024-11-23 14:10:16,125 INFO ===> Specifications: horizon = 311, dt = 0.01, n_substeps = 20, dt_sub = 0.0005
2024-11-23 14:10:16,148 DEBUG loaded <trimesh.Trimesh(vertices.shape=(916, 3), faces.shape=(856, 3))> using `load_obj` in 0.0029s
2024-11-23 14:10:16,292 DEBUG loaded <trimesh.Trimesh(vertices.shape=(48, 3), faces.shape=(28, 3))> using `load_obj` in 0.0007s
2024-11-23 14:10:26,037 INFO =====> alpha: 0.1
2024-11-23 14:10:26,037 INFO =====> Loss info: {'particle_has_naninf': False, 'height_map_loss': 21.341962814331055, 'emd_loss': 43.05044174194336, 'total_loss': 21.341962814331055}
2024-11-23 14:10:26,373 INFO ===> New TaichiEnv created.
2024-11-23 14:10:26,374 INFO ===> Specifications: horizon = 311, dt = 0.01, n_substeps = 20, dt_sub = 0.0005
2024-11-23 14:10:26,397 DEBUG loaded <trimesh.Trimesh(vertices.shape=(916, 3), faces.shape=(856, 3))> using `load_obj` in 0.0030s
2024-11-23 14:10:26,548 DEBUG loaded <trimesh.Trimesh(vertices.shape=(48, 3), faces.shape=(28, 3))> using `load_obj` in 0.0007s
2024-11-23 14:10:36,895 INFO =====> alpha: 0.5
2024-11-23 14:10:36,895 INFO =====> Loss info: {'particle_has_naninf': False, 'height_map_loss': 21.35032844543457, 'emd_loss': 43.053184509277344, 'total_loss': 21.35032844543457}
2024-11-23 14:10:37,312 INFO ===> New TaichiEnv created.
2024-11-23 14:10:37,312 INFO ===> Specifications: horizon = 311, dt = 0.01, n_substeps = 20, dt_sub = 0.0005
2024-11-23 14:10:37,335 DEBUG loaded <trimesh.Trimesh(vertices.shape=(916, 3), faces.shape=(856, 3))> using `load_obj` in 0.0030s
2024-11-23 14:10:37,481 DEBUG loaded <trimesh.Trimesh(vertices.shape=(48, 3), faces.shape=(28, 3))> using `load_obj` in 0.0008s
2024-11-23 14:10:47,202 INFO =====> alpha: 1.0
2024-11-23 14:10:47,202 INFO =====> Loss info: {'particle_has_naninf': False, 'height_map_loss': 21.364246368408203, 'emd_loss': 43.05082702636719, 'total_loss': 21.364246368408203}
2024-11-23 14:10:47,541 INFO ===> New TaichiEnv created.
2024-11-23 14:10:47,541 INFO ===> Specifications: horizon = 311, dt = 0.01, n_substeps = 20, dt_sub = 0.0005
2024-11-23 14:10:47,563 DEBUG loaded <trimesh.Trimesh(vertices.shape=(916, 3), faces.shape=(856, 3))> using `load_obj` in 0.0028s
2024-11-23 14:10:47,708 DEBUG loaded <trimesh.Trimesh(vertices.shape=(48, 3), faces.shape=(28, 3))> using `load_obj` in 0.0007s
2024-11-23 14:10:57,917 INFO =====> alpha: 1.01
2024-11-23 14:10:57,917 INFO =====> Loss info: {'particle_has_naninf': False, 'height_map_loss': 21.365140914916992, 'emd_loss': 43.050785064697266, 'total_loss': 21.365140914916992}
2024-11-23 14:10:58,250 INFO ===> New TaichiEnv created.
2024-11-23 14:10:58,250 INFO ===> Specifications: horizon = 311, dt = 0.01, n_substeps = 20, dt_sub = 0.0005
2024-11-23 14:10:58,272 DEBUG loaded <trimesh.Trimesh(vertices.shape=(916, 3), faces.shape=(856, 3))> using `load_obj` in 0.0029s
2024-11-23 14:10:58,417 DEBUG loaded <trimesh.Trimesh(vertices.shape=(48, 3), faces.shape=(28, 3))> using `load_obj` in 0.0007s
2024-11-23 14:11:08,762 INFO =====> alpha: 1.1
2024-11-23 14:11:08,762 INFO =====> Loss info: {'particle_has_naninf': False, 'height_map_loss': 21.36390495300293, 'emd_loss': 43.050437927246094, 'total_loss': 21.36390495300293}
2024-11-23 14:11:09,093 INFO ===> New TaichiEnv created.
2024-11-23 14:11:09,093 INFO ===> Specifications: horizon = 311, dt = 0.01, n_substeps = 20, dt_sub = 0.0005
2024-11-23 14:11:09,115 DEBUG loaded <trimesh.Trimesh(vertices.shape=(916, 3), faces.shape=(856, 3))> using `load_obj` in 0.0029s
2024-11-23 14:11:09,259 DEBUG loaded <trimesh.Trimesh(vertices.shape=(48, 3), faces.shape=(28, 3))> using `load_obj` in 0.0007s
2024-11-23 14:11:19,087 INFO =====> alpha: 1.5
2024-11-23 14:11:19,087 INFO =====> Loss info: {'particle_has_naninf': False, 'height_map_loss': 21.362773895263672, 'emd_loss': 43.05619812011719, 'total_loss': 21.362773895263672}
2024-11-23 14:11:19,087 INFO =====> Best alpha: 0.1, Best loss info: {'particle_has_naninf': False, 'height_map_loss': 21.341962814331055, 'emd_loss': 43.05044174194336, 'total_loss': 21.341962814331055}
2024-11-23 14:11:19,087 INFO =====> Param: E: [546004.6], nu: [0.20579547], rho: [1307.3915], sand_angle: [16.070936]
2024-11-23 14:11:19,087 INFO =====> Grad: [ 5.2729468e-03  6.2717690e+03  4.3613762e+01 -2.7798803e+00]
2024-11-23 14:11:19,087 INFO =====> Num. aborted data so far: 0
2024-11-23 14:11:19,427 INFO ===> New TaichiEnv created.
2024-11-23 14:11:19,427 INFO ===> Specifications: horizon = 311, dt = 0.01, n_substeps = 20, dt_sub = 0.0005
2024-11-23 14:11:19,455 DEBUG loaded <trimesh.Trimesh(vertices.shape=(916, 3), faces.shape=(856, 3))> using `load_obj` in 0.0059s
2024-11-23 14:11:19,600 DEBUG loaded <trimesh.Trimesh(vertices.shape=(48, 3), faces.shape=(28, 3))> using `load_obj` in 0.0007s
2024-11-23 14:11:47,744 INFO =====> Epoch: 66
2024-11-23 14:11:47,744 INFO =====> Loss info: {'particle_has_naninf': False, 'height_map_loss': 21.338977813720703, 'emd_loss': 43.026649475097656, 'total_loss': 21.338977813720703}
2024-11-23 14:11:47,744 INFO =====> Performing line search for epoch 66......
2024-11-23 14:11:48,359 INFO ===> New TaichiEnv created.
2024-11-23 14:11:48,359 INFO ===> Specifications: horizon = 311, dt = 0.01, n_substeps = 20, dt_sub = 0.0005
2024-11-23 14:11:48,383 DEBUG loaded <trimesh.Trimesh(vertices.shape=(916, 3), faces.shape=(856, 3))> using `load_obj` in 0.0031s
2024-11-23 14:11:48,531 DEBUG loaded <trimesh.Trimesh(vertices.shape=(48, 3), faces.shape=(28, 3))> using `load_obj` in 0.0007s
2024-11-23 14:11:58,853 INFO =====> alpha: 0.01
2024-11-23 14:11:58,853 INFO =====> Loss info: {'particle_has_naninf': False, 'height_map_loss': 21.338550567626953, 'emd_loss': 43.01963806152344, 'total_loss': 21.338550567626953}
2024-11-23 14:11:59,190 INFO ===> New TaichiEnv created.
2024-11-23 14:11:59,190 INFO ===> Specifications: horizon = 311, dt = 0.01, n_substeps = 20, dt_sub = 0.0005
2024-11-23 14:11:59,212 DEBUG loaded <trimesh.Trimesh(vertices.shape=(916, 3), faces.shape=(856, 3))> using `load_obj` in 0.0030s
2024-11-23 14:11:59,358 DEBUG loaded <trimesh.Trimesh(vertices.shape=(48, 3), faces.shape=(28, 3))> using `load_obj` in 0.0007s
2024-11-23 14:12:09,666 INFO =====> alpha: 0.1
2024-11-23 14:12:09,666 INFO =====> Loss info: {'particle_has_naninf': False, 'height_map_loss': 21.348642349243164, 'emd_loss': 43.01420593261719, 'total_loss': 21.348642349243164}
2024-11-23 14:12:10,007 INFO ===> New TaichiEnv created.
2024-11-23 14:12:10,007 INFO ===> Specifications: horizon = 311, dt = 0.01, n_substeps = 20, dt_sub = 0.0005
2024-11-23 14:12:10,029 DEBUG loaded <trimesh.Trimesh(vertices.shape=(916, 3), faces.shape=(856, 3))> using `load_obj` in 0.0029s
2024-11-23 14:12:10,176 DEBUG loaded <trimesh.Trimesh(vertices.shape=(48, 3), faces.shape=(28, 3))> using `load_obj` in 0.0007s
2024-11-23 14:12:19,929 INFO =====> alpha: 0.5
2024-11-23 14:12:19,929 INFO =====> Loss info: {'particle_has_naninf': False, 'height_map_loss': 21.348344802856445, 'emd_loss': 42.857635498046875, 'total_loss': 21.348344802856445}
2024-11-23 14:12:20,264 INFO ===> New TaichiEnv created.
2024-11-23 14:12:20,264 INFO ===> Specifications: horizon = 311, dt = 0.01, n_substeps = 20, dt_sub = 0.0005
2024-11-23 14:12:20,286 DEBUG loaded <trimesh.Trimesh(vertices.shape=(916, 3), faces.shape=(856, 3))> using `load_obj` in 0.0029s
2024-11-23 14:12:20,438 DEBUG loaded <trimesh.Trimesh(vertices.shape=(48, 3), faces.shape=(28, 3))> using `load_obj` in 0.0007s
2024-11-23 14:12:30,706 INFO =====> alpha: 1.0
2024-11-23 14:12:30,706 INFO =====> Loss info: {'particle_has_naninf': False, 'height_map_loss': 21.341445922851562, 'emd_loss': 42.878700256347656, 'total_loss': 21.341445922851562}
2024-11-23 14:12:31,044 INFO ===> New TaichiEnv created.
2024-11-23 14:12:31,045 INFO ===> Specifications: horizon = 311, dt = 0.01, n_substeps = 20, dt_sub = 0.0005
2024-11-23 14:12:31,067 DEBUG loaded <trimesh.Trimesh(vertices.shape=(916, 3), faces.shape=(856, 3))> using `load_obj` in 0.0029s
2024-11-23 14:12:31,211 DEBUG loaded <trimesh.Trimesh(vertices.shape=(48, 3), faces.shape=(28, 3))> using `load_obj` in 0.0007s
2024-11-23 14:12:40,964 INFO =====> alpha: 1.01
2024-11-23 14:12:40,964 INFO =====> Loss info: {'particle_has_naninf': False, 'height_map_loss': 21.3446102142334, 'emd_loss': 42.87527084350586, 'total_loss': 21.3446102142334}
2024-11-23 14:12:41,298 INFO ===> New TaichiEnv created.
2024-11-23 14:12:41,298 INFO ===> Specifications: horizon = 311, dt = 0.01, n_substeps = 20, dt_sub = 0.0005
2024-11-23 14:12:41,321 DEBUG loaded <trimesh.Trimesh(vertices.shape=(916, 3), faces.shape=(856, 3))> using `load_obj` in 0.0030s
2024-11-23 14:12:41,468 DEBUG loaded <trimesh.Trimesh(vertices.shape=(48, 3), faces.shape=(28, 3))> using `load_obj` in 0.0007s
2024-11-23 14:12:51,721 INFO =====> alpha: 1.1
2024-11-23 14:12:51,722 INFO =====> Loss info: {'particle_has_naninf': False, 'height_map_loss': 21.350605010986328, 'emd_loss': 42.800811767578125, 'total_loss': 21.350605010986328}
2024-11-23 14:12:52,055 INFO ===> New TaichiEnv created.
2024-11-23 14:12:52,055 INFO ===> Specifications: horizon = 311, dt = 0.01, n_substeps = 20, dt_sub = 0.0005
2024-11-23 14:12:52,078 DEBUG loaded <trimesh.Trimesh(vertices.shape=(916, 3), faces.shape=(856, 3))> using `load_obj` in 0.0029s
2024-11-23 14:12:52,222 DEBUG loaded <trimesh.Trimesh(vertices.shape=(48, 3), faces.shape=(28, 3))> using `load_obj` in 0.0007s
2024-11-23 14:13:02,553 INFO =====> alpha: 1.5
2024-11-23 14:13:02,554 INFO =====> Loss info: {'particle_has_naninf': False, 'height_map_loss': 21.356576919555664, 'emd_loss': 42.93437576293945, 'total_loss': 21.356576919555664}
2024-11-23 14:13:02,554 INFO =====> Best alpha: 0.01, Best loss info: {'particle_has_naninf': False, 'height_map_loss': 21.338550567626953, 'emd_loss': 43.01963806152344, 'total_loss': 21.338550567626953}
2024-11-23 14:13:02,554 INFO =====> Param: E: [546127.75], nu: [0.20585509], rho: [1307.4154], sand_angle: [16.070593]
2024-11-23 14:13:02,554 INFO =====> Grad: [-5.2753258e-03 -8.8934297e+03 -1.8547451e+00  2.2758947e+01]
2024-11-23 14:13:02,554 INFO =====> Num. aborted data so far: 0
2024-11-23 14:13:02,890 INFO ===> New TaichiEnv created.
2024-11-23 14:13:02,890 INFO ===> Specifications: horizon = 311, dt = 0.01, n_substeps = 20, dt_sub = 0.0005
2024-11-23 14:13:02,913 DEBUG loaded <trimesh.Trimesh(vertices.shape=(916, 3), faces.shape=(856, 3))> using `load_obj` in 0.0028s
2024-11-23 14:13:03,058 DEBUG loaded <trimesh.Trimesh(vertices.shape=(48, 3), faces.shape=(28, 3))> using `load_obj` in 0.0007s
2024-11-23 14:13:31,194 INFO =====> Epoch: 67
2024-11-23 14:13:31,194 INFO =====> Loss info: {'particle_has_naninf': False, 'height_map_loss': 21.34735107421875, 'emd_loss': 43.00528335571289, 'total_loss': 21.34735107421875}
2024-11-23 14:13:31,194 INFO =====> Performing line search for epoch 67......
2024-11-23 14:13:31,805 INFO ===> New TaichiEnv created.
2024-11-23 14:13:31,806 INFO ===> Specifications: horizon = 311, dt = 0.01, n_substeps = 20, dt_sub = 0.0005
2024-11-23 14:13:31,829 DEBUG loaded <trimesh.Trimesh(vertices.shape=(916, 3), faces.shape=(856, 3))> using `load_obj` in 0.0029s
2024-11-23 14:13:31,982 DEBUG loaded <trimesh.Trimesh(vertices.shape=(48, 3), faces.shape=(28, 3))> using `load_obj` in 0.0007s
2024-11-23 14:13:41,723 INFO =====> alpha: 0.01
2024-11-23 14:13:41,723 INFO =====> Loss info: {'particle_has_naninf': False, 'height_map_loss': 21.33487319946289, 'emd_loss': 42.88822937011719, 'total_loss': 21.33487319946289}
2024-11-23 14:13:42,064 INFO ===> New TaichiEnv created.
2024-11-23 14:13:42,064 INFO ===> Specifications: horizon = 311, dt = 0.01, n_substeps = 20, dt_sub = 0.0005
2024-11-23 14:13:42,087 DEBUG loaded <trimesh.Trimesh(vertices.shape=(916, 3), faces.shape=(856, 3))> using `load_obj` in 0.0030s
2024-11-23 14:13:42,234 DEBUG loaded <trimesh.Trimesh(vertices.shape=(48, 3), faces.shape=(28, 3))> using `load_obj` in 0.0007s
2024-11-23 14:13:52,502 INFO =====> alpha: 0.1
2024-11-23 14:13:52,502 INFO =====> Loss info: {'particle_has_naninf': False, 'height_map_loss': 21.400720596313477, 'emd_loss': 42.89153289794922, 'total_loss': 21.400720596313477}
2024-11-23 14:13:52,836 INFO ===> New TaichiEnv created.
2024-11-23 14:13:52,837 INFO ===> Specifications: horizon = 311, dt = 0.01, n_substeps = 20, dt_sub = 0.0005
2024-11-23 14:13:52,859 DEBUG loaded <trimesh.Trimesh(vertices.shape=(916, 3), faces.shape=(856, 3))> using `load_obj` in 0.0029s
2024-11-23 14:13:53,006 DEBUG loaded <trimesh.Trimesh(vertices.shape=(48, 3), faces.shape=(28, 3))> using `load_obj` in 0.0007s
2024-11-23 14:14:02,732 INFO =====> alpha: 0.5
2024-11-23 14:14:02,732 INFO =====> Loss info: {'particle_has_naninf': False, 'height_map_loss': 21.462696075439453, 'emd_loss': 42.877967834472656, 'total_loss': 21.462696075439453}
2024-11-23 14:14:03,074 INFO ===> New TaichiEnv created.
2024-11-23 14:14:03,074 INFO ===> Specifications: horizon = 311, dt = 0.01, n_substeps = 20, dt_sub = 0.0005
2024-11-23 14:14:03,096 DEBUG loaded <trimesh.Trimesh(vertices.shape=(916, 3), faces.shape=(856, 3))> using `load_obj` in 0.0029s
2024-11-23 14:14:03,245 DEBUG loaded <trimesh.Trimesh(vertices.shape=(48, 3), faces.shape=(28, 3))> using `load_obj` in 0.0007s
2024-11-23 14:14:13,635 INFO =====> alpha: 1.0
2024-11-23 14:14:13,635 INFO =====> Loss info: {'particle_has_naninf': False, 'height_map_loss': 21.56039810180664, 'emd_loss': 42.95935821533203, 'total_loss': 21.56039810180664}
2024-11-23 14:14:13,973 INFO ===> New TaichiEnv created.
2024-11-23 14:14:13,974 INFO ===> Specifications: horizon = 311, dt = 0.01, n_substeps = 20, dt_sub = 0.0005
2024-11-23 14:14:13,996 DEBUG loaded <trimesh.Trimesh(vertices.shape=(916, 3), faces.shape=(856, 3))> using `load_obj` in 0.0030s
2024-11-23 14:14:14,146 DEBUG loaded <trimesh.Trimesh(vertices.shape=(48, 3), faces.shape=(28, 3))> using `load_obj` in 0.0007s
2024-11-23 14:14:24,413 INFO =====> alpha: 1.01
2024-11-23 14:14:24,413 INFO =====> Loss info: {'particle_has_naninf': False, 'height_map_loss': 21.593395233154297, 'emd_loss': 43.106903076171875, 'total_loss': 21.593395233154297}
2024-11-23 14:14:24,748 INFO ===> New TaichiEnv created.
2024-11-23 14:14:24,748 INFO ===> Specifications: horizon = 311, dt = 0.01, n_substeps = 20, dt_sub = 0.0005
2024-11-23 14:14:24,770 DEBUG loaded <trimesh.Trimesh(vertices.shape=(916, 3), faces.shape=(856, 3))> using `load_obj` in 0.0028s
2024-11-23 14:14:24,916 DEBUG loaded <trimesh.Trimesh(vertices.shape=(48, 3), faces.shape=(28, 3))> using `load_obj` in 0.0007s
2024-11-23 14:14:34,647 INFO =====> alpha: 1.1
2024-11-23 14:14:34,647 INFO =====> Loss info: {'particle_has_naninf': False, 'height_map_loss': 21.645343780517578, 'emd_loss': 43.09139633178711, 'total_loss': 21.645343780517578}
2024-11-23 14:14:34,980 INFO ===> New TaichiEnv created.
2024-11-23 14:14:34,980 INFO ===> Specifications: horizon = 311, dt = 0.01, n_substeps = 20, dt_sub = 0.0005
2024-11-23 14:14:35,002 DEBUG loaded <trimesh.Trimesh(vertices.shape=(916, 3), faces.shape=(856, 3))> using `load_obj` in 0.0029s
2024-11-23 14:14:35,148 DEBUG loaded <trimesh.Trimesh(vertices.shape=(48, 3), faces.shape=(28, 3))> using `load_obj` in 0.0007s
2024-11-23 14:14:45,595 INFO =====> alpha: 1.5
2024-11-23 14:14:45,595 INFO =====> Loss info: {'particle_has_naninf': False, 'height_map_loss': 21.940523147583008, 'emd_loss': 45.134239196777344, 'total_loss': 21.940523147583008}
2024-11-23 14:14:45,596 INFO =====> Best alpha: 0.01, Best loss info: {'particle_has_naninf': False, 'height_map_loss': 21.33487319946289, 'emd_loss': 42.88822937011719, 'total_loss': 21.33487319946289}
2024-11-23 14:14:45,596 INFO =====> Param: E: [545870.06], nu: [0.20569494], rho: [1306.4874], sand_angle: [16.051516]
2024-11-23 14:14:45,596 INFO =====> Grad: [1.1469640e-02 2.6283078e+04 8.4456078e+01 1.5013209e+03]
2024-11-23 14:14:45,596 INFO =====> Num. aborted data so far: 0
2024-11-23 14:14:45,932 INFO ===> New TaichiEnv created.
2024-11-23 14:14:45,932 INFO ===> Specifications: horizon = 311, dt = 0.01, n_substeps = 20, dt_sub = 0.0005
2024-11-23 14:14:45,954 DEBUG loaded <trimesh.Trimesh(vertices.shape=(916, 3), faces.shape=(856, 3))> using `load_obj` in 0.0029s
2024-11-23 14:14:46,099 DEBUG loaded <trimesh.Trimesh(vertices.shape=(48, 3), faces.shape=(28, 3))> using `load_obj` in 0.0007s
2024-11-23 14:15:14,143 INFO =====> Epoch: 68
2024-11-23 14:15:14,143 INFO =====> Loss info: {'particle_has_naninf': False, 'height_map_loss': 21.334735870361328, 'emd_loss': 42.894657135009766, 'total_loss': 21.334735870361328}
2024-11-23 14:15:14,143 INFO =====> Performing line search for epoch 68......
2024-11-23 14:15:14,749 INFO ===> New TaichiEnv created.
2024-11-23 14:15:14,749 INFO ===> Specifications: horizon = 311, dt = 0.01, n_substeps = 20, dt_sub = 0.0005
2024-11-23 14:15:14,773 DEBUG loaded <trimesh.Trimesh(vertices.shape=(916, 3), faces.shape=(856, 3))> using `load_obj` in 0.0030s
2024-11-23 14:15:14,923 DEBUG loaded <trimesh.Trimesh(vertices.shape=(48, 3), faces.shape=(28, 3))> using `load_obj` in 0.0007s
2024-11-23 14:15:24,669 INFO =====> alpha: 0.01
2024-11-23 14:15:24,669 INFO =====> Loss info: {'particle_has_naninf': False, 'height_map_loss': 21.333707809448242, 'emd_loss': 42.89333724975586, 'total_loss': 21.333707809448242}
2024-11-23 14:15:25,005 INFO ===> New TaichiEnv created.
2024-11-23 14:15:25,005 INFO ===> Specifications: horizon = 311, dt = 0.01, n_substeps = 20, dt_sub = 0.0005
2024-11-23 14:15:25,027 DEBUG loaded <trimesh.Trimesh(vertices.shape=(916, 3), faces.shape=(856, 3))> using `load_obj` in 0.0029s
2024-11-23 14:15:25,175 DEBUG loaded <trimesh.Trimesh(vertices.shape=(48, 3), faces.shape=(28, 3))> using `load_obj` in 0.0007s
2024-11-23 14:15:35,396 INFO =====> alpha: 0.1
2024-11-23 14:15:35,397 INFO =====> Loss info: {'particle_has_naninf': False, 'height_map_loss': 21.334383010864258, 'emd_loss': 42.89414978027344, 'total_loss': 21.334383010864258}
2024-11-23 14:15:35,730 INFO ===> New TaichiEnv created.
2024-11-23 14:15:35,730 INFO ===> Specifications: horizon = 311, dt = 0.01, n_substeps = 20, dt_sub = 0.0005
2024-11-23 14:15:35,753 DEBUG loaded <trimesh.Trimesh(vertices.shape=(916, 3), faces.shape=(856, 3))> using `load_obj` in 0.0029s
2024-11-23 14:15:35,900 DEBUG loaded <trimesh.Trimesh(vertices.shape=(48, 3), faces.shape=(28, 3))> using `load_obj` in 0.0007s
2024-11-23 14:15:46,196 INFO =====> alpha: 0.5
2024-11-23 14:15:46,196 INFO =====> Loss info: {'particle_has_naninf': False, 'height_map_loss': 21.351781845092773, 'emd_loss': 43.0330924987793, 'total_loss': 21.351781845092773}
2024-11-23 14:15:46,536 INFO ===> New TaichiEnv created.
2024-11-23 14:15:46,536 INFO ===> Specifications: horizon = 311, dt = 0.01, n_substeps = 20, dt_sub = 0.0005
2024-11-23 14:15:46,558 DEBUG loaded <trimesh.Trimesh(vertices.shape=(916, 3), faces.shape=(856, 3))> using `load_obj` in 0.0028s
2024-11-23 14:15:46,704 DEBUG loaded <trimesh.Trimesh(vertices.shape=(48, 3), faces.shape=(28, 3))> using `load_obj` in 0.0007s
2024-11-23 14:15:56,446 INFO =====> alpha: 1.0
2024-11-23 14:15:56,446 INFO =====> Loss info: {'particle_has_naninf': False, 'height_map_loss': 21.370046615600586, 'emd_loss': 43.04692459106445, 'total_loss': 21.370046615600586}
2024-11-23 14:15:56,780 INFO ===> New TaichiEnv created.
2024-11-23 14:15:56,781 INFO ===> Specifications: horizon = 311, dt = 0.01, n_substeps = 20, dt_sub = 0.0005
2024-11-23 14:15:56,803 DEBUG loaded <trimesh.Trimesh(vertices.shape=(916, 3), faces.shape=(856, 3))> using `load_obj` in 0.0030s
2024-11-23 14:15:56,951 DEBUG loaded <trimesh.Trimesh(vertices.shape=(48, 3), faces.shape=(28, 3))> using `load_obj` in 0.0007s
2024-11-23 14:16:07,318 INFO =====> alpha: 1.01
2024-11-23 14:16:07,318 INFO =====> Loss info: {'particle_has_naninf': False, 'height_map_loss': 21.374177932739258, 'emd_loss': 43.0446662902832, 'total_loss': 21.374177932739258}
2024-11-23 14:16:07,687 INFO ===> New TaichiEnv created.
2024-11-23 14:16:07,687 INFO ===> Specifications: horizon = 311, dt = 0.01, n_substeps = 20, dt_sub = 0.0005
2024-11-23 14:16:07,709 DEBUG loaded <trimesh.Trimesh(vertices.shape=(916, 3), faces.shape=(856, 3))> using `load_obj` in 0.0029s
2024-11-23 14:16:07,858 DEBUG loaded <trimesh.Trimesh(vertices.shape=(48, 3), faces.shape=(28, 3))> using `load_obj` in 0.0007s
2024-11-23 14:16:17,565 INFO =====> alpha: 1.1
2024-11-23 14:16:17,565 INFO =====> Loss info: {'particle_has_naninf': False, 'height_map_loss': 21.371864318847656, 'emd_loss': 43.05625534057617, 'total_loss': 21.371864318847656}
2024-11-23 14:16:17,901 INFO ===> New TaichiEnv created.
2024-11-23 14:16:17,901 INFO ===> Specifications: horizon = 311, dt = 0.01, n_substeps = 20, dt_sub = 0.0005
2024-11-23 14:16:17,923 DEBUG loaded <trimesh.Trimesh(vertices.shape=(916, 3), faces.shape=(856, 3))> using `load_obj` in 0.0029s
2024-11-23 14:16:18,068 DEBUG loaded <trimesh.Trimesh(vertices.shape=(48, 3), faces.shape=(28, 3))> using `load_obj` in 0.0007s
2024-11-23 14:16:28,275 INFO =====> alpha: 1.5
2024-11-23 14:16:28,275 INFO =====> Loss info: {'particle_has_naninf': False, 'height_map_loss': 21.37051010131836, 'emd_loss': 42.97641372680664, 'total_loss': 21.37051010131836}
2024-11-23 14:16:28,275 INFO =====> Best alpha: 0.01, Best loss info: {'particle_has_naninf': False, 'height_map_loss': 21.333707809448242, 'emd_loss': 42.89333724975586, 'total_loss': 21.333707809448242}
2024-11-23 14:16:28,276 INFO =====> Param: E: [545915.], nu: [0.20575069], rho: [1306.6638], sand_angle: [16.050978]
2024-11-23 14:16:28,276 INFO =====> Grad: [-1.9012064e-03 -8.8165771e+03 -1.5323990e+01  4.0114288e+01]
2024-11-23 14:16:28,276 INFO =====> Num. aborted data so far: 0
2024-11-23 14:16:28,615 INFO ===> New TaichiEnv created.
2024-11-23 14:16:28,615 INFO ===> Specifications: horizon = 311, dt = 0.01, n_substeps = 20, dt_sub = 0.0005
2024-11-23 14:16:28,639 DEBUG loaded <trimesh.Trimesh(vertices.shape=(916, 3), faces.shape=(856, 3))> using `load_obj` in 0.0030s
2024-11-23 14:16:28,785 DEBUG loaded <trimesh.Trimesh(vertices.shape=(48, 3), faces.shape=(28, 3))> using `load_obj` in 0.0007s
2024-11-23 14:16:56,865 INFO =====> Epoch: 69
2024-11-23 14:16:56,865 INFO =====> Loss info: {'particle_has_naninf': False, 'height_map_loss': 21.335559844970703, 'emd_loss': 43.06180953979492, 'total_loss': 21.335559844970703}
2024-11-23 14:16:56,865 INFO =====> Performing line search for epoch 69......
2024-11-23 14:16:57,472 INFO ===> New TaichiEnv created.
2024-11-23 14:16:57,472 INFO ===> Specifications: horizon = 311, dt = 0.01, n_substeps = 20, dt_sub = 0.0005
2024-11-23 14:16:57,496 DEBUG loaded <trimesh.Trimesh(vertices.shape=(916, 3), faces.shape=(856, 3))> using `load_obj` in 0.0030s
2024-11-23 14:16:57,642 DEBUG loaded <trimesh.Trimesh(vertices.shape=(48, 3), faces.shape=(28, 3))> using `load_obj` in 0.0007s
2024-11-23 14:17:07,917 INFO =====> alpha: 0.01
2024-11-23 14:17:07,917 INFO =====> Loss info: {'particle_has_naninf': False, 'height_map_loss': 21.334331512451172, 'emd_loss': 42.890628814697266, 'total_loss': 21.334331512451172}
2024-11-23 14:17:08,254 INFO ===> New TaichiEnv created.
2024-11-23 14:17:08,254 INFO ===> Specifications: horizon = 311, dt = 0.01, n_substeps = 20, dt_sub = 0.0005
2024-11-23 14:17:08,276 DEBUG loaded <trimesh.Trimesh(vertices.shape=(916, 3), faces.shape=(856, 3))> using `load_obj` in 0.0029s
2024-11-23 14:17:08,422 DEBUG loaded <trimesh.Trimesh(vertices.shape=(48, 3), faces.shape=(28, 3))> using `load_obj` in 0.0007s
2024-11-23 14:17:18,241 INFO =====> alpha: 0.1
2024-11-23 14:17:18,241 INFO =====> Loss info: {'particle_has_naninf': False, 'height_map_loss': 21.36717414855957, 'emd_loss': 43.04580307006836, 'total_loss': 21.36717414855957}
2024-11-23 14:17:18,574 INFO ===> New TaichiEnv created.
2024-11-23 14:17:18,574 INFO ===> Specifications: horizon = 311, dt = 0.01, n_substeps = 20, dt_sub = 0.0005
2024-11-23 14:17:18,596 DEBUG loaded <trimesh.Trimesh(vertices.shape=(916, 3), faces.shape=(856, 3))> using `load_obj` in 0.0029s
2024-11-23 14:17:18,742 DEBUG loaded <trimesh.Trimesh(vertices.shape=(48, 3), faces.shape=(28, 3))> using `load_obj` in 0.0007s
2024-11-23 14:17:29,076 INFO =====> alpha: 0.5
2024-11-23 14:17:29,076 INFO =====> Loss info: {'particle_has_naninf': False, 'height_map_loss': 21.363208770751953, 'emd_loss': 43.12310028076172, 'total_loss': 21.363208770751953}
2024-11-23 14:17:29,414 INFO ===> New TaichiEnv created.
2024-11-23 14:17:29,414 INFO ===> Specifications: horizon = 311, dt = 0.01, n_substeps = 20, dt_sub = 0.0005
2024-11-23 14:17:29,437 DEBUG loaded <trimesh.Trimesh(vertices.shape=(916, 3), faces.shape=(856, 3))> using `load_obj` in 0.0030s
2024-11-23 14:17:29,589 DEBUG loaded <trimesh.Trimesh(vertices.shape=(48, 3), faces.shape=(28, 3))> using `load_obj` in 0.0007s
2024-11-23 14:17:39,419 INFO =====> alpha: 1.0
2024-11-23 14:17:39,419 INFO =====> Loss info: {'particle_has_naninf': False, 'height_map_loss': 21.379905700683594, 'emd_loss': 43.28296661376953, 'total_loss': 21.379905700683594}
2024-11-23 14:17:39,758 INFO ===> New TaichiEnv created.
2024-11-23 14:17:39,758 INFO ===> Specifications: horizon = 311, dt = 0.01, n_substeps = 20, dt_sub = 0.0005
2024-11-23 14:17:39,780 DEBUG loaded <trimesh.Trimesh(vertices.shape=(916, 3), faces.shape=(856, 3))> using `load_obj` in 0.0029s
2024-11-23 14:17:39,928 DEBUG loaded <trimesh.Trimesh(vertices.shape=(48, 3), faces.shape=(28, 3))> using `load_obj` in 0.0007s
2024-11-23 14:17:50,208 INFO =====> alpha: 1.01
2024-11-23 14:17:50,209 INFO =====> Loss info: {'particle_has_naninf': False, 'height_map_loss': 21.377208709716797, 'emd_loss': 43.27879333496094, 'total_loss': 21.377208709716797}
2024-11-23 14:17:50,604 INFO ===> New TaichiEnv created.
2024-11-23 14:17:50,604 INFO ===> Specifications: horizon = 311, dt = 0.01, n_substeps = 20, dt_sub = 0.0005
2024-11-23 14:17:50,627 DEBUG loaded <trimesh.Trimesh(vertices.shape=(916, 3), faces.shape=(856, 3))> using `load_obj` in 0.0029s
2024-11-23 14:17:50,774 DEBUG loaded <trimesh.Trimesh(vertices.shape=(48, 3), faces.shape=(28, 3))> using `load_obj` in 0.0007s
2024-11-23 14:18:01,222 INFO =====> alpha: 1.1
2024-11-23 14:18:01,222 INFO =====> Loss info: {'particle_has_naninf': False, 'height_map_loss': 21.40692138671875, 'emd_loss': 43.28868103027344, 'total_loss': 21.40692138671875}
2024-11-23 14:18:01,563 INFO ===> New TaichiEnv created.
2024-11-23 14:18:01,563 INFO ===> Specifications: horizon = 311, dt = 0.01, n_substeps = 20, dt_sub = 0.0005
2024-11-23 14:18:01,585 DEBUG loaded <trimesh.Trimesh(vertices.shape=(916, 3), faces.shape=(856, 3))> using `load_obj` in 0.0028s
2024-11-23 14:18:01,731 DEBUG loaded <trimesh.Trimesh(vertices.shape=(48, 3), faces.shape=(28, 3))> using `load_obj` in 0.0007s
2024-11-23 14:18:11,558 INFO =====> alpha: 1.5
2024-11-23 14:18:11,558 INFO =====> Loss info: {'particle_has_naninf': False, 'height_map_loss': 21.427518844604492, 'emd_loss': 43.459964752197266, 'total_loss': 21.427518844604492}
2024-11-23 14:18:11,559 INFO =====> Best alpha: 0.01, Best loss info: {'particle_has_naninf': False, 'height_map_loss': 21.334331512451172, 'emd_loss': 42.890628814697266, 'total_loss': 21.334331512451172}
2024-11-23 14:18:11,559 INFO =====> Param: E: [546048.25], nu: [0.20581916], rho: [1307.1155], sand_angle: [16.054857]
2024-11-23 14:18:11,559 INFO =====> Grad: [-5.4728962e-03 -1.0523662e+04 -3.8846027e+01 -2.7683719e+02]
2024-11-23 14:18:11,559 INFO =====> Num. aborted data so far: 0
2024-11-23 14:18:11,561 INFO ====> Finished training.
2024-11-23 14:18:11,561 INFO ====> Final loss: 
2024-11-23 14:18:11,561 INFO ====> Final params: E [546048.25], nu [0.20581916], rho [1307.1155], sand_angle [16.054857]
2024-11-23 14:18:11,561 INFO ===> End grad computation at:, 2024-11-23 14:18:11
2024-11-23 14:18:11,561 INFO ===> Total time taken: 7175.304311037064 seconds
2024-11-23 14:18:11,562 INFO ===> Number of aborted data: 0
