2024-10-22 07:13:18,137 INFO ===> Start grad computation at:, 2024-10-22 7:13:18
2024-10-22 07:13:18,376 INFO ===> New TaichiEnv created.
2024-10-22 07:13:18,376 INFO ===> Specifications: horizon = 311, dt = 0.01, n_substeps = 20, dt_sub = 0.0005
2024-10-22 07:13:18,552 DEBUG loaded <trimesh.Trimesh(vertices.shape=(916, 3), faces.shape=(856, 3))> using `load_obj` in 0.0027s
2024-10-22 07:13:18,928 DEBUG loaded <trimesh.Trimesh(vertices.shape=(48, 3), faces.shape=(28, 3))> using `load_obj` in 0.0007s
2024-10-22 07:14:26,423 ERROR ===> [Warning] Aborting epoch: 0
2024-10-22 07:14:26,423 ERROR ===> [Warning] Particle has nan or inf: False
2024-10-22 07:14:26,423 ERROR ===> [Warning] Strange loss or gradient.
2024-10-22 07:14:26,423 ERROR ===> [Warning] E: [546909.4], nu: [0.3214676], rho: [2145.831], sand_angle: [34.30165]
2024-10-22 07:14:26,423 ERROR ===> [Warning] Grad: [nan nan nan nan]
2024-10-22 07:14:26,423 ERROR ===> [Warning] Loss info: {'particle_has_naninf': False, 'height_map_loss': 37.234336853027344, 'emd_loss': 39.00328063964844, 'total_loss': 39.00328063964844}
2024-10-22 07:14:26,841 INFO ===> New TaichiEnv created.
2024-10-22 07:14:26,841 INFO ===> Specifications: horizon = 311, dt = 0.01, n_substeps = 20, dt_sub = 0.0005
2024-10-22 07:14:26,862 DEBUG loaded <trimesh.Trimesh(vertices.shape=(916, 3), faces.shape=(856, 3))> using `load_obj` in 0.0028s
2024-10-22 07:14:26,998 DEBUG loaded <trimesh.Trimesh(vertices.shape=(48, 3), faces.shape=(28, 3))> using `load_obj` in 0.0007s
2024-10-22 07:15:03,122 ERROR ===> [Warning] Aborting epoch: 1
2024-10-22 07:15:03,122 ERROR ===> [Warning] Particle has nan or inf: False
2024-10-22 07:15:03,122 ERROR ===> [Warning] Strange loss or gradient.
2024-10-22 07:15:03,122 ERROR ===> [Warning] E: [546909.4], nu: [0.3214676], rho: [2145.831], sand_angle: [34.30165]
2024-10-22 07:15:03,122 ERROR ===> [Warning] Grad: [nan nan nan nan]
2024-10-22 07:15:03,122 ERROR ===> [Warning] Loss info: {'particle_has_naninf': False, 'height_map_loss': 37.18260192871094, 'emd_loss': 39.066402435302734, 'total_loss': 39.066402435302734}
2024-10-22 07:15:03,395 INFO ===> New TaichiEnv created.
2024-10-22 07:15:03,395 INFO ===> Specifications: horizon = 311, dt = 0.01, n_substeps = 20, dt_sub = 0.0005
2024-10-22 07:15:03,417 DEBUG loaded <trimesh.Trimesh(vertices.shape=(916, 3), faces.shape=(856, 3))> using `load_obj` in 0.0029s
2024-10-22 07:15:03,559 DEBUG loaded <trimesh.Trimesh(vertices.shape=(48, 3), faces.shape=(28, 3))> using `load_obj` in 0.0007s
2024-10-22 07:15:39,710 ERROR ===> [Warning] Aborting epoch: 2
2024-10-22 07:15:39,710 ERROR ===> [Warning] Particle has nan or inf: False
2024-10-22 07:15:39,710 ERROR ===> [Warning] Strange loss or gradient.
2024-10-22 07:15:39,710 ERROR ===> [Warning] E: [546909.4], nu: [0.3214676], rho: [2145.831], sand_angle: [34.30165]
2024-10-22 07:15:39,710 ERROR ===> [Warning] Grad: [nan nan nan nan]
2024-10-22 07:15:39,710 ERROR ===> [Warning] Loss info: {'particle_has_naninf': False, 'height_map_loss': 37.19741439819336, 'emd_loss': 39.08961868286133, 'total_loss': 39.08961868286133}
2024-10-22 07:15:39,988 INFO ===> New TaichiEnv created.
2024-10-22 07:15:39,988 INFO ===> Specifications: horizon = 311, dt = 0.01, n_substeps = 20, dt_sub = 0.0005
2024-10-22 07:15:40,009 DEBUG loaded <trimesh.Trimesh(vertices.shape=(916, 3), faces.shape=(856, 3))> using `load_obj` in 0.0029s
2024-10-22 07:15:40,150 DEBUG loaded <trimesh.Trimesh(vertices.shape=(48, 3), faces.shape=(28, 3))> using `load_obj` in 0.0007s
2024-10-22 07:16:15,988 ERROR ===> [Warning] Aborting epoch: 3
2024-10-22 07:16:15,988 ERROR ===> [Warning] Particle has nan or inf: False
2024-10-22 07:16:15,988 ERROR ===> [Warning] Strange loss or gradient.
2024-10-22 07:16:15,988 ERROR ===> [Warning] E: [546909.4], nu: [0.3214676], rho: [2145.831], sand_angle: [34.30165]
2024-10-22 07:16:15,988 ERROR ===> [Warning] Grad: [nan nan nan nan]
2024-10-22 07:16:15,988 ERROR ===> [Warning] Loss info: {'particle_has_naninf': False, 'height_map_loss': 37.204795837402344, 'emd_loss': 38.94919204711914, 'total_loss': 38.94919204711914}
2024-10-22 07:16:16,257 INFO ===> New TaichiEnv created.
2024-10-22 07:16:16,257 INFO ===> Specifications: horizon = 311, dt = 0.01, n_substeps = 20, dt_sub = 0.0005
2024-10-22 07:16:16,278 DEBUG loaded <trimesh.Trimesh(vertices.shape=(916, 3), faces.shape=(856, 3))> using `load_obj` in 0.0028s
2024-10-22 07:16:16,417 DEBUG loaded <trimesh.Trimesh(vertices.shape=(48, 3), faces.shape=(28, 3))> using `load_obj` in 0.0007s
2024-10-22 07:16:52,591 ERROR ===> [Warning] Aborting epoch: 4
2024-10-22 07:16:52,591 ERROR ===> [Warning] Particle has nan or inf: False
2024-10-22 07:16:52,591 ERROR ===> [Warning] Strange loss or gradient.
2024-10-22 07:16:52,591 ERROR ===> [Warning] E: [546909.4], nu: [0.3214676], rho: [2145.831], sand_angle: [34.30165]
2024-10-22 07:16:52,591 ERROR ===> [Warning] Grad: [nan nan nan nan]
2024-10-22 07:16:52,591 ERROR ===> [Warning] Loss info: {'particle_has_naninf': False, 'height_map_loss': 37.26933288574219, 'emd_loss': 39.060401916503906, 'total_loss': 39.060401916503906}
2024-10-22 07:16:52,864 INFO ===> New TaichiEnv created.
2024-10-22 07:16:52,864 INFO ===> Specifications: horizon = 311, dt = 0.01, n_substeps = 20, dt_sub = 0.0005
2024-10-22 07:16:52,885 DEBUG loaded <trimesh.Trimesh(vertices.shape=(916, 3), faces.shape=(856, 3))> using `load_obj` in 0.0028s
2024-10-22 07:16:53,020 DEBUG loaded <trimesh.Trimesh(vertices.shape=(48, 3), faces.shape=(28, 3))> using `load_obj` in 0.0007s
2024-10-22 07:17:29,091 ERROR ===> [Warning] Aborting epoch: 5
2024-10-22 07:17:29,091 ERROR ===> [Warning] Particle has nan or inf: False
2024-10-22 07:17:29,091 ERROR ===> [Warning] Strange loss or gradient.
2024-10-22 07:17:29,091 ERROR ===> [Warning] E: [546909.4], nu: [0.3214676], rho: [2145.831], sand_angle: [34.30165]
2024-10-22 07:17:29,091 ERROR ===> [Warning] Grad: [nan nan nan nan]
2024-10-22 07:17:29,091 ERROR ===> [Warning] Loss info: {'particle_has_naninf': False, 'height_map_loss': 37.2184944152832, 'emd_loss': 39.013648986816406, 'total_loss': 39.013648986816406}
2024-10-22 07:17:29,366 INFO ===> New TaichiEnv created.
2024-10-22 07:17:29,366 INFO ===> Specifications: horizon = 311, dt = 0.01, n_substeps = 20, dt_sub = 0.0005
2024-10-22 07:17:29,387 DEBUG loaded <trimesh.Trimesh(vertices.shape=(916, 3), faces.shape=(856, 3))> using `load_obj` in 0.0028s
2024-10-22 07:17:29,520 DEBUG loaded <trimesh.Trimesh(vertices.shape=(48, 3), faces.shape=(28, 3))> using `load_obj` in 0.0007s
2024-10-22 07:18:05,940 ERROR ===> [Warning] Aborting epoch: 6
2024-10-22 07:18:05,940 ERROR ===> [Warning] Particle has nan or inf: False
2024-10-22 07:18:05,940 ERROR ===> [Warning] Strange loss or gradient.
2024-10-22 07:18:05,940 ERROR ===> [Warning] E: [546909.4], nu: [0.3214676], rho: [2145.831], sand_angle: [34.30165]
2024-10-22 07:18:05,940 ERROR ===> [Warning] Grad: [nan nan nan nan]
2024-10-22 07:18:05,940 ERROR ===> [Warning] Loss info: {'particle_has_naninf': False, 'height_map_loss': 36.968326568603516, 'emd_loss': 38.9257926940918, 'total_loss': 38.9257926940918}
2024-10-22 07:18:06,219 INFO ===> New TaichiEnv created.
2024-10-22 07:18:06,219 INFO ===> Specifications: horizon = 311, dt = 0.01, n_substeps = 20, dt_sub = 0.0005
2024-10-22 07:18:06,239 DEBUG loaded <trimesh.Trimesh(vertices.shape=(916, 3), faces.shape=(856, 3))> using `load_obj` in 0.0028s
2024-10-22 07:18:06,373 DEBUG loaded <trimesh.Trimesh(vertices.shape=(48, 3), faces.shape=(28, 3))> using `load_obj` in 0.0006s
2024-10-22 07:18:42,522 ERROR ===> [Warning] Aborting epoch: 7
2024-10-22 07:18:42,522 ERROR ===> [Warning] Particle has nan or inf: False
2024-10-22 07:18:42,522 ERROR ===> [Warning] Strange loss or gradient.
2024-10-22 07:18:42,522 ERROR ===> [Warning] E: [546909.4], nu: [0.3214676], rho: [2145.831], sand_angle: [34.30165]
2024-10-22 07:18:42,522 ERROR ===> [Warning] Grad: [nan nan nan nan]
2024-10-22 07:18:42,522 ERROR ===> [Warning] Loss info: {'particle_has_naninf': False, 'height_map_loss': 37.173248291015625, 'emd_loss': 39.06285858154297, 'total_loss': 39.06285858154297}
2024-10-22 07:18:42,815 INFO ===> New TaichiEnv created.
2024-10-22 07:18:42,815 INFO ===> Specifications: horizon = 311, dt = 0.01, n_substeps = 20, dt_sub = 0.0005
2024-10-22 07:18:42,836 DEBUG loaded <trimesh.Trimesh(vertices.shape=(916, 3), faces.shape=(856, 3))> using `load_obj` in 0.0028s
2024-10-22 07:18:42,977 DEBUG loaded <trimesh.Trimesh(vertices.shape=(48, 3), faces.shape=(28, 3))> using `load_obj` in 0.0007s
2024-10-22 07:19:19,006 ERROR ===> [Warning] Aborting epoch: 8
2024-10-22 07:19:19,006 ERROR ===> [Warning] Particle has nan or inf: False
2024-10-22 07:19:19,006 ERROR ===> [Warning] Strange loss or gradient.
2024-10-22 07:19:19,006 ERROR ===> [Warning] E: [546909.4], nu: [0.3214676], rho: [2145.831], sand_angle: [34.30165]
2024-10-22 07:19:19,006 ERROR ===> [Warning] Grad: [nan nan nan nan]
2024-10-22 07:19:19,006 ERROR ===> [Warning] Loss info: {'particle_has_naninf': False, 'height_map_loss': 37.08293914794922, 'emd_loss': 38.99013137817383, 'total_loss': 38.99013137817383}
2024-10-22 07:19:19,299 INFO ===> New TaichiEnv created.
2024-10-22 07:19:19,299 INFO ===> Specifications: horizon = 311, dt = 0.01, n_substeps = 20, dt_sub = 0.0005
2024-10-22 07:19:19,321 DEBUG loaded <trimesh.Trimesh(vertices.shape=(916, 3), faces.shape=(856, 3))> using `load_obj` in 0.0029s
2024-10-22 07:19:19,463 DEBUG loaded <trimesh.Trimesh(vertices.shape=(48, 3), faces.shape=(28, 3))> using `load_obj` in 0.0007s
2024-10-22 07:19:55,564 ERROR ===> [Warning] Aborting epoch: 9
2024-10-22 07:19:55,564 ERROR ===> [Warning] Particle has nan or inf: False
2024-10-22 07:19:55,564 ERROR ===> [Warning] Strange loss or gradient.
2024-10-22 07:19:55,564 ERROR ===> [Warning] E: [546909.4], nu: [0.3214676], rho: [2145.831], sand_angle: [34.30165]
2024-10-22 07:19:55,564 ERROR ===> [Warning] Grad: [nan nan nan nan]
2024-10-22 07:19:55,564 ERROR ===> [Warning] Loss info: {'particle_has_naninf': False, 'height_map_loss': 37.1364631652832, 'emd_loss': 38.99409866333008, 'total_loss': 38.99409866333008}
2024-10-22 07:19:56,006 INFO ===> New TaichiEnv created.
2024-10-22 07:19:56,006 INFO ===> Specifications: horizon = 311, dt = 0.01, n_substeps = 20, dt_sub = 0.0005
2024-10-22 07:19:56,041 DEBUG loaded <trimesh.Trimesh(vertices.shape=(916, 3), faces.shape=(856, 3))> using `load_obj` in 0.0048s
2024-10-22 07:19:56,266 DEBUG loaded <trimesh.Trimesh(vertices.shape=(48, 3), faces.shape=(28, 3))> using `load_obj` in 0.0007s
2024-10-22 07:20:32,533 ERROR ===> [Warning] Aborting epoch: 10
2024-10-22 07:20:32,533 ERROR ===> [Warning] Particle has nan or inf: False
2024-10-22 07:20:32,533 ERROR ===> [Warning] Strange loss or gradient.
2024-10-22 07:20:32,533 ERROR ===> [Warning] E: [546909.4], nu: [0.3214676], rho: [2145.831], sand_angle: [34.30165]
2024-10-22 07:20:32,533 ERROR ===> [Warning] Grad: [nan nan nan nan]
2024-10-22 07:20:32,533 ERROR ===> [Warning] Loss info: {'particle_has_naninf': False, 'height_map_loss': 37.20570755004883, 'emd_loss': 39.03638458251953, 'total_loss': 39.03638458251953}
2024-10-22 07:20:32,862 INFO ===> New TaichiEnv created.
2024-10-22 07:20:32,862 INFO ===> Specifications: horizon = 311, dt = 0.01, n_substeps = 20, dt_sub = 0.0005
2024-10-22 07:20:32,883 DEBUG loaded <trimesh.Trimesh(vertices.shape=(916, 3), faces.shape=(856, 3))> using `load_obj` in 0.0028s
2024-10-22 07:20:33,028 DEBUG loaded <trimesh.Trimesh(vertices.shape=(48, 3), faces.shape=(28, 3))> using `load_obj` in 0.0007s
2024-10-22 07:21:33,826 ERROR ===> [Warning] Aborting epoch: 11
2024-10-22 07:21:33,826 ERROR ===> [Warning] Particle has nan or inf: False
2024-10-22 07:21:33,826 ERROR ===> [Warning] Strange loss or gradient.
2024-10-22 07:21:33,826 ERROR ===> [Warning] E: [546909.4], nu: [0.3214676], rho: [2145.831], sand_angle: [34.30165]
2024-10-22 07:21:33,826 ERROR ===> [Warning] Grad: [nan nan nan nan]
2024-10-22 07:21:33,826 ERROR ===> [Warning] Loss info: {'particle_has_naninf': False, 'height_map_loss': 37.252933502197266, 'emd_loss': 39.06367492675781, 'total_loss': 39.06367492675781}
2024-10-22 07:21:34,245 INFO ===> New TaichiEnv created.
2024-10-22 07:21:34,245 INFO ===> Specifications: horizon = 311, dt = 0.01, n_substeps = 20, dt_sub = 0.0005
2024-10-22 07:21:34,268 DEBUG loaded <trimesh.Trimesh(vertices.shape=(916, 3), faces.shape=(856, 3))> using `load_obj` in 0.0029s
2024-10-22 07:21:34,412 DEBUG loaded <trimesh.Trimesh(vertices.shape=(48, 3), faces.shape=(28, 3))> using `load_obj` in 0.0007s
2024-10-22 07:22:34,529 ERROR ===> [Warning] Aborting epoch: 12
2024-10-22 07:22:34,529 ERROR ===> [Warning] Particle has nan or inf: False
2024-10-22 07:22:34,529 ERROR ===> [Warning] Strange loss or gradient.
2024-10-22 07:22:34,529 ERROR ===> [Warning] E: [546909.4], nu: [0.3214676], rho: [2145.831], sand_angle: [34.30165]
2024-10-22 07:22:34,529 ERROR ===> [Warning] Grad: [nan nan nan nan]
2024-10-22 07:22:34,529 ERROR ===> [Warning] Loss info: {'particle_has_naninf': False, 'height_map_loss': 37.2325439453125, 'emd_loss': 38.994110107421875, 'total_loss': 38.994110107421875}
2024-10-22 07:22:34,978 INFO ===> New TaichiEnv created.
2024-10-22 07:22:34,978 INFO ===> Specifications: horizon = 311, dt = 0.01, n_substeps = 20, dt_sub = 0.0005
2024-10-22 07:22:35,007 DEBUG loaded <trimesh.Trimesh(vertices.shape=(916, 3), faces.shape=(856, 3))> using `load_obj` in 0.0039s
2024-10-22 07:22:35,193 DEBUG loaded <trimesh.Trimesh(vertices.shape=(48, 3), faces.shape=(28, 3))> using `load_obj` in 0.0009s
2024-10-22 07:23:11,616 ERROR ===> [Warning] Aborting epoch: 13
2024-10-22 07:23:11,616 ERROR ===> [Warning] Particle has nan or inf: False
2024-10-22 07:23:11,616 ERROR ===> [Warning] Strange loss or gradient.
2024-10-22 07:23:11,616 ERROR ===> [Warning] E: [546909.4], nu: [0.3214676], rho: [2145.831], sand_angle: [34.30165]
2024-10-22 07:23:11,616 ERROR ===> [Warning] Grad: [nan nan nan nan]
2024-10-22 07:23:11,616 ERROR ===> [Warning] Loss info: {'particle_has_naninf': False, 'height_map_loss': 37.19863510131836, 'emd_loss': 39.07700729370117, 'total_loss': 39.07700729370117}
2024-10-22 07:23:11,922 INFO ===> New TaichiEnv created.
2024-10-22 07:23:11,922 INFO ===> Specifications: horizon = 311, dt = 0.01, n_substeps = 20, dt_sub = 0.0005
2024-10-22 07:23:11,944 DEBUG loaded <trimesh.Trimesh(vertices.shape=(916, 3), faces.shape=(856, 3))> using `load_obj` in 0.0029s
2024-10-22 07:23:12,086 DEBUG loaded <trimesh.Trimesh(vertices.shape=(48, 3), faces.shape=(28, 3))> using `load_obj` in 0.0007s
2024-10-22 07:23:48,165 ERROR ===> [Warning] Aborting epoch: 14
2024-10-22 07:23:48,165 ERROR ===> [Warning] Particle has nan or inf: False
2024-10-22 07:23:48,165 ERROR ===> [Warning] Strange loss or gradient.
2024-10-22 07:23:48,165 ERROR ===> [Warning] E: [546909.4], nu: [0.3214676], rho: [2145.831], sand_angle: [34.30165]
2024-10-22 07:23:48,166 ERROR ===> [Warning] Grad: [nan nan nan nan]
2024-10-22 07:23:48,166 ERROR ===> [Warning] Loss info: {'particle_has_naninf': False, 'height_map_loss': 37.28416061401367, 'emd_loss': 39.115962982177734, 'total_loss': 39.115962982177734}
2024-10-22 07:23:48,471 INFO ===> New TaichiEnv created.
2024-10-22 07:23:48,471 INFO ===> Specifications: horizon = 311, dt = 0.01, n_substeps = 20, dt_sub = 0.0005
2024-10-22 07:23:48,493 DEBUG loaded <trimesh.Trimesh(vertices.shape=(916, 3), faces.shape=(856, 3))> using `load_obj` in 0.0029s
2024-10-22 07:23:48,636 DEBUG loaded <trimesh.Trimesh(vertices.shape=(48, 3), faces.shape=(28, 3))> using `load_obj` in 0.0007s
2024-10-22 07:24:24,781 ERROR ===> [Warning] Aborting epoch: 15
2024-10-22 07:24:24,781 ERROR ===> [Warning] Particle has nan or inf: False
2024-10-22 07:24:24,781 ERROR ===> [Warning] Strange loss or gradient.
2024-10-22 07:24:24,781 ERROR ===> [Warning] E: [546909.4], nu: [0.3214676], rho: [2145.831], sand_angle: [34.30165]
2024-10-22 07:24:24,781 ERROR ===> [Warning] Grad: [nan nan nan nan]
2024-10-22 07:24:24,781 ERROR ===> [Warning] Loss info: {'particle_has_naninf': False, 'height_map_loss': 37.27104568481445, 'emd_loss': 39.0936164855957, 'total_loss': 39.0936164855957}
2024-10-22 07:24:25,074 INFO ===> New TaichiEnv created.
2024-10-22 07:24:25,074 INFO ===> Specifications: horizon = 311, dt = 0.01, n_substeps = 20, dt_sub = 0.0005
2024-10-22 07:24:25,095 DEBUG loaded <trimesh.Trimesh(vertices.shape=(916, 3), faces.shape=(856, 3))> using `load_obj` in 0.0028s
2024-10-22 07:24:25,232 DEBUG loaded <trimesh.Trimesh(vertices.shape=(48, 3), faces.shape=(28, 3))> using `load_obj` in 0.0007s
2024-10-22 07:25:01,486 ERROR ===> [Warning] Aborting epoch: 16
2024-10-22 07:25:01,486 ERROR ===> [Warning] Particle has nan or inf: False
2024-10-22 07:25:01,486 ERROR ===> [Warning] Strange loss or gradient.
2024-10-22 07:25:01,486 ERROR ===> [Warning] E: [546909.4], nu: [0.3214676], rho: [2145.831], sand_angle: [34.30165]
2024-10-22 07:25:01,486 ERROR ===> [Warning] Grad: [nan nan nan nan]
2024-10-22 07:25:01,486 ERROR ===> [Warning] Loss info: {'particle_has_naninf': False, 'height_map_loss': 37.27815246582031, 'emd_loss': 39.00459289550781, 'total_loss': 39.00459289550781}
2024-10-22 07:25:01,790 INFO ===> New TaichiEnv created.
2024-10-22 07:25:01,791 INFO ===> Specifications: horizon = 311, dt = 0.01, n_substeps = 20, dt_sub = 0.0005
2024-10-22 07:25:01,812 DEBUG loaded <trimesh.Trimesh(vertices.shape=(916, 3), faces.shape=(856, 3))> using `load_obj` in 0.0028s
2024-10-22 07:25:01,950 DEBUG loaded <trimesh.Trimesh(vertices.shape=(48, 3), faces.shape=(28, 3))> using `load_obj` in 0.0007s
2024-10-22 07:25:38,589 ERROR ===> [Warning] Aborting epoch: 17
2024-10-22 07:25:38,589 ERROR ===> [Warning] Particle has nan or inf: False
2024-10-22 07:25:38,589 ERROR ===> [Warning] Strange loss or gradient.
2024-10-22 07:25:38,589 ERROR ===> [Warning] E: [546909.4], nu: [0.3214676], rho: [2145.831], sand_angle: [34.30165]
2024-10-22 07:25:38,590 ERROR ===> [Warning] Grad: [nan nan nan nan]
2024-10-22 07:25:38,590 ERROR ===> [Warning] Loss info: {'particle_has_naninf': False, 'height_map_loss': 37.2161750793457, 'emd_loss': 39.105655670166016, 'total_loss': 39.105655670166016}
2024-10-22 07:25:38,884 INFO ===> New TaichiEnv created.
2024-10-22 07:25:38,884 INFO ===> Specifications: horizon = 311, dt = 0.01, n_substeps = 20, dt_sub = 0.0005
2024-10-22 07:25:38,905 DEBUG loaded <trimesh.Trimesh(vertices.shape=(916, 3), faces.shape=(856, 3))> using `load_obj` in 0.0027s
2024-10-22 07:25:39,041 DEBUG loaded <trimesh.Trimesh(vertices.shape=(48, 3), faces.shape=(28, 3))> using `load_obj` in 0.0007s
2024-10-22 07:26:15,639 ERROR ===> [Warning] Aborting epoch: 18
2024-10-22 07:26:15,639 ERROR ===> [Warning] Particle has nan or inf: False
2024-10-22 07:26:15,639 ERROR ===> [Warning] Strange loss or gradient.
2024-10-22 07:26:15,639 ERROR ===> [Warning] E: [546909.4], nu: [0.3214676], rho: [2145.831], sand_angle: [34.30165]
2024-10-22 07:26:15,639 ERROR ===> [Warning] Grad: [nan nan nan nan]
2024-10-22 07:26:15,639 ERROR ===> [Warning] Loss info: {'particle_has_naninf': False, 'height_map_loss': 37.19593811035156, 'emd_loss': 39.01955795288086, 'total_loss': 39.01955795288086}
2024-10-22 07:26:15,957 INFO ===> New TaichiEnv created.
2024-10-22 07:26:15,957 INFO ===> Specifications: horizon = 311, dt = 0.01, n_substeps = 20, dt_sub = 0.0005
2024-10-22 07:26:15,987 DEBUG loaded <trimesh.Trimesh(vertices.shape=(916, 3), faces.shape=(856, 3))> using `load_obj` in 0.0039s
2024-10-22 07:26:16,154 DEBUG loaded <trimesh.Trimesh(vertices.shape=(48, 3), faces.shape=(28, 3))> using `load_obj` in 0.0007s
2024-10-22 07:26:52,156 ERROR ===> [Warning] Aborting epoch: 19
2024-10-22 07:26:52,156 ERROR ===> [Warning] Particle has nan or inf: False
2024-10-22 07:26:52,156 ERROR ===> [Warning] Strange loss or gradient.
2024-10-22 07:26:52,156 ERROR ===> [Warning] E: [546909.4], nu: [0.3214676], rho: [2145.831], sand_angle: [34.30165]
2024-10-22 07:26:52,156 ERROR ===> [Warning] Grad: [nan nan nan nan]
2024-10-22 07:26:52,156 ERROR ===> [Warning] Loss info: {'particle_has_naninf': False, 'height_map_loss': 37.26354217529297, 'emd_loss': 39.04257583618164, 'total_loss': 39.04257583618164}
2024-10-22 07:26:52,475 INFO ===> New TaichiEnv created.
2024-10-22 07:26:52,475 INFO ===> Specifications: horizon = 311, dt = 0.01, n_substeps = 20, dt_sub = 0.0005
2024-10-22 07:26:52,497 DEBUG loaded <trimesh.Trimesh(vertices.shape=(916, 3), faces.shape=(856, 3))> using `load_obj` in 0.0028s
2024-10-22 07:26:52,642 DEBUG loaded <trimesh.Trimesh(vertices.shape=(48, 3), faces.shape=(28, 3))> using `load_obj` in 0.0007s
2024-10-22 07:27:29,739 ERROR ===> [Warning] Aborting epoch: 20
2024-10-22 07:27:29,739 ERROR ===> [Warning] Particle has nan or inf: False
2024-10-22 07:27:29,739 ERROR ===> [Warning] Strange loss or gradient.
2024-10-22 07:27:29,739 ERROR ===> [Warning] E: [546909.4], nu: [0.3214676], rho: [2145.831], sand_angle: [34.30165]
2024-10-22 07:27:29,740 ERROR ===> [Warning] Grad: [nan nan nan nan]
2024-10-22 07:27:29,740 ERROR ===> [Warning] Loss info: {'particle_has_naninf': False, 'height_map_loss': 37.221038818359375, 'emd_loss': 38.9868049621582, 'total_loss': 38.9868049621582}
2024-10-22 07:27:30,106 INFO ===> New TaichiEnv created.
2024-10-22 07:27:30,106 INFO ===> Specifications: horizon = 311, dt = 0.01, n_substeps = 20, dt_sub = 0.0005
2024-10-22 07:27:30,128 DEBUG loaded <trimesh.Trimesh(vertices.shape=(916, 3), faces.shape=(856, 3))> using `load_obj` in 0.0028s
2024-10-22 07:27:30,274 DEBUG loaded <trimesh.Trimesh(vertices.shape=(48, 3), faces.shape=(28, 3))> using `load_obj` in 0.0007s
2024-10-22 07:28:06,559 ERROR ===> [Warning] Aborting epoch: 21
2024-10-22 07:28:06,559 ERROR ===> [Warning] Particle has nan or inf: False
2024-10-22 07:28:06,559 ERROR ===> [Warning] Strange loss or gradient.
2024-10-22 07:28:06,560 ERROR ===> [Warning] E: [546909.4], nu: [0.3214676], rho: [2145.831], sand_angle: [34.30165]
2024-10-22 07:28:06,560 ERROR ===> [Warning] Grad: [nan nan nan nan]
2024-10-22 07:28:06,560 ERROR ===> [Warning] Loss info: {'particle_has_naninf': False, 'height_map_loss': 37.154052734375, 'emd_loss': 38.995243072509766, 'total_loss': 38.995243072509766}
2024-10-22 07:28:06,886 INFO ===> New TaichiEnv created.
2024-10-22 07:28:06,886 INFO ===> Specifications: horizon = 311, dt = 0.01, n_substeps = 20, dt_sub = 0.0005
2024-10-22 07:28:06,909 DEBUG loaded <trimesh.Trimesh(vertices.shape=(916, 3), faces.shape=(856, 3))> using `load_obj` in 0.0029s
2024-10-22 07:28:07,056 DEBUG loaded <trimesh.Trimesh(vertices.shape=(48, 3), faces.shape=(28, 3))> using `load_obj` in 0.0007s
2024-10-22 07:28:43,162 ERROR ===> [Warning] Aborting epoch: 22
2024-10-22 07:28:43,162 ERROR ===> [Warning] Particle has nan or inf: False
2024-10-22 07:28:43,162 ERROR ===> [Warning] Strange loss or gradient.
2024-10-22 07:28:43,163 ERROR ===> [Warning] E: [546909.4], nu: [0.3214676], rho: [2145.831], sand_angle: [34.30165]
2024-10-22 07:28:43,163 ERROR ===> [Warning] Grad: [nan nan nan nan]
2024-10-22 07:28:43,163 ERROR ===> [Warning] Loss info: {'particle_has_naninf': False, 'height_map_loss': 37.177978515625, 'emd_loss': 39.06912612915039, 'total_loss': 39.06912612915039}
2024-10-22 07:28:43,469 INFO ===> New TaichiEnv created.
2024-10-22 07:28:43,469 INFO ===> Specifications: horizon = 311, dt = 0.01, n_substeps = 20, dt_sub = 0.0005
2024-10-22 07:28:43,490 DEBUG loaded <trimesh.Trimesh(vertices.shape=(916, 3), faces.shape=(856, 3))> using `load_obj` in 0.0028s
2024-10-22 07:28:43,631 DEBUG loaded <trimesh.Trimesh(vertices.shape=(48, 3), faces.shape=(28, 3))> using `load_obj` in 0.0007s
2024-10-22 07:29:20,911 ERROR ===> [Warning] Aborting epoch: 23
2024-10-22 07:29:20,911 ERROR ===> [Warning] Particle has nan or inf: False
2024-10-22 07:29:20,911 ERROR ===> [Warning] Strange loss or gradient.
2024-10-22 07:29:20,911 ERROR ===> [Warning] E: [546909.4], nu: [0.3214676], rho: [2145.831], sand_angle: [34.30165]
2024-10-22 07:29:20,911 ERROR ===> [Warning] Grad: [nan nan nan nan]
2024-10-22 07:29:20,911 ERROR ===> [Warning] Loss info: {'particle_has_naninf': False, 'height_map_loss': 37.157962799072266, 'emd_loss': 39.04030990600586, 'total_loss': 39.04030990600586}
2024-10-22 07:29:21,219 INFO ===> New TaichiEnv created.
2024-10-22 07:29:21,219 INFO ===> Specifications: horizon = 311, dt = 0.01, n_substeps = 20, dt_sub = 0.0005
2024-10-22 07:29:21,241 DEBUG loaded <trimesh.Trimesh(vertices.shape=(916, 3), faces.shape=(856, 3))> using `load_obj` in 0.0029s
2024-10-22 07:29:21,387 DEBUG loaded <trimesh.Trimesh(vertices.shape=(48, 3), faces.shape=(28, 3))> using `load_obj` in 0.0007s
2024-10-22 07:29:57,640 ERROR ===> [Warning] Aborting epoch: 24
2024-10-22 07:29:57,641 ERROR ===> [Warning] Particle has nan or inf: False
2024-10-22 07:29:57,641 ERROR ===> [Warning] Strange loss or gradient.
2024-10-22 07:29:57,641 ERROR ===> [Warning] E: [546909.4], nu: [0.3214676], rho: [2145.831], sand_angle: [34.30165]
2024-10-22 07:29:57,641 ERROR ===> [Warning] Grad: [nan nan nan nan]
2024-10-22 07:29:57,641 ERROR ===> [Warning] Loss info: {'particle_has_naninf': False, 'height_map_loss': 37.24690628051758, 'emd_loss': 39.01662063598633, 'total_loss': 39.01662063598633}
2024-10-22 07:29:57,949 INFO ===> New TaichiEnv created.
2024-10-22 07:29:57,949 INFO ===> Specifications: horizon = 311, dt = 0.01, n_substeps = 20, dt_sub = 0.0005
2024-10-22 07:29:57,970 DEBUG loaded <trimesh.Trimesh(vertices.shape=(916, 3), faces.shape=(856, 3))> using `load_obj` in 0.0028s
2024-10-22 07:29:58,110 DEBUG loaded <trimesh.Trimesh(vertices.shape=(48, 3), faces.shape=(28, 3))> using `load_obj` in 0.0007s
2024-10-22 07:30:57,482 ERROR ===> [Warning] Aborting epoch: 25
2024-10-22 07:30:57,482 ERROR ===> [Warning] Particle has nan or inf: False
2024-10-22 07:30:57,482 ERROR ===> [Warning] Strange loss or gradient.
2024-10-22 07:30:57,483 ERROR ===> [Warning] E: [546909.4], nu: [0.3214676], rho: [2145.831], sand_angle: [34.30165]
2024-10-22 07:30:57,483 ERROR ===> [Warning] Grad: [nan nan nan nan]
2024-10-22 07:30:57,483 ERROR ===> [Warning] Loss info: {'particle_has_naninf': False, 'height_map_loss': 37.214637756347656, 'emd_loss': 39.04900360107422, 'total_loss': 39.04900360107422}
2024-10-22 07:30:57,869 INFO ===> New TaichiEnv created.
2024-10-22 07:30:57,869 INFO ===> Specifications: horizon = 311, dt = 0.01, n_substeps = 20, dt_sub = 0.0005
2024-10-22 07:30:57,890 DEBUG loaded <trimesh.Trimesh(vertices.shape=(916, 3), faces.shape=(856, 3))> using `load_obj` in 0.0028s
2024-10-22 07:30:58,029 DEBUG loaded <trimesh.Trimesh(vertices.shape=(48, 3), faces.shape=(28, 3))> using `load_obj` in 0.0007s
2024-10-22 07:31:34,744 ERROR ===> [Warning] Aborting epoch: 26
2024-10-22 07:31:34,744 ERROR ===> [Warning] Particle has nan or inf: False
2024-10-22 07:31:34,744 ERROR ===> [Warning] Strange loss or gradient.
2024-10-22 07:31:34,745 ERROR ===> [Warning] E: [546909.4], nu: [0.3214676], rho: [2145.831], sand_angle: [34.30165]
2024-10-22 07:31:34,745 ERROR ===> [Warning] Grad: [nan nan nan nan]
2024-10-22 07:31:34,745 ERROR ===> [Warning] Loss info: {'particle_has_naninf': False, 'height_map_loss': 37.34305953979492, 'emd_loss': 39.054710388183594, 'total_loss': 39.054710388183594}
2024-10-22 07:31:35,052 INFO ===> New TaichiEnv created.
2024-10-22 07:31:35,052 INFO ===> Specifications: horizon = 311, dt = 0.01, n_substeps = 20, dt_sub = 0.0005
2024-10-22 07:31:35,074 DEBUG loaded <trimesh.Trimesh(vertices.shape=(916, 3), faces.shape=(856, 3))> using `load_obj` in 0.0028s
2024-10-22 07:31:35,213 DEBUG loaded <trimesh.Trimesh(vertices.shape=(48, 3), faces.shape=(28, 3))> using `load_obj` in 0.0007s
2024-10-22 07:32:11,410 ERROR ===> [Warning] Aborting epoch: 27
2024-10-22 07:32:11,410 ERROR ===> [Warning] Particle has nan or inf: False
2024-10-22 07:32:11,410 ERROR ===> [Warning] Strange loss or gradient.
2024-10-22 07:32:11,410 ERROR ===> [Warning] E: [546909.4], nu: [0.3214676], rho: [2145.831], sand_angle: [34.30165]
2024-10-22 07:32:11,410 ERROR ===> [Warning] Grad: [nan nan nan nan]
2024-10-22 07:32:11,410 ERROR ===> [Warning] Loss info: {'particle_has_naninf': False, 'height_map_loss': 37.12797927856445, 'emd_loss': 39.05290222167969, 'total_loss': 39.05290222167969}
2024-10-22 07:32:11,715 INFO ===> New TaichiEnv created.
2024-10-22 07:32:11,715 INFO ===> Specifications: horizon = 311, dt = 0.01, n_substeps = 20, dt_sub = 0.0005
2024-10-22 07:32:11,736 DEBUG loaded <trimesh.Trimesh(vertices.shape=(916, 3), faces.shape=(856, 3))> using `load_obj` in 0.0028s
2024-10-22 07:32:11,875 DEBUG loaded <trimesh.Trimesh(vertices.shape=(48, 3), faces.shape=(28, 3))> using `load_obj` in 0.0007s
2024-10-22 07:32:47,828 ERROR ===> [Warning] Aborting epoch: 28
2024-10-22 07:32:47,828 ERROR ===> [Warning] Particle has nan or inf: False
2024-10-22 07:32:47,828 ERROR ===> [Warning] Strange loss or gradient.
2024-10-22 07:32:47,828 ERROR ===> [Warning] E: [546909.4], nu: [0.3214676], rho: [2145.831], sand_angle: [34.30165]
2024-10-22 07:32:47,829 ERROR ===> [Warning] Grad: [nan nan nan nan]
2024-10-22 07:32:47,829 ERROR ===> [Warning] Loss info: {'particle_has_naninf': False, 'height_map_loss': 37.24164581298828, 'emd_loss': 39.042667388916016, 'total_loss': 39.042667388916016}
2024-10-22 07:32:48,225 INFO ===> New TaichiEnv created.
2024-10-22 07:32:48,225 INFO ===> Specifications: horizon = 311, dt = 0.01, n_substeps = 20, dt_sub = 0.0005
2024-10-22 07:32:48,248 DEBUG loaded <trimesh.Trimesh(vertices.shape=(916, 3), faces.shape=(856, 3))> using `load_obj` in 0.0029s
2024-10-22 07:32:48,392 DEBUG loaded <trimesh.Trimesh(vertices.shape=(48, 3), faces.shape=(28, 3))> using `load_obj` in 0.0007s
2024-10-22 07:33:24,605 ERROR ===> [Warning] Aborting epoch: 29
2024-10-22 07:33:24,606 ERROR ===> [Warning] Particle has nan or inf: False
2024-10-22 07:33:24,606 ERROR ===> [Warning] Strange loss or gradient.
2024-10-22 07:33:24,606 ERROR ===> [Warning] E: [546909.4], nu: [0.3214676], rho: [2145.831], sand_angle: [34.30165]
2024-10-22 07:33:24,606 ERROR ===> [Warning] Grad: [nan nan nan nan]
2024-10-22 07:33:24,606 ERROR ===> [Warning] Loss info: {'particle_has_naninf': False, 'height_map_loss': 37.17219161987305, 'emd_loss': 38.95896911621094, 'total_loss': 38.95896911621094}
2024-10-22 07:33:24,923 INFO ===> New TaichiEnv created.
2024-10-22 07:33:24,924 INFO ===> Specifications: horizon = 311, dt = 0.01, n_substeps = 20, dt_sub = 0.0005
2024-10-22 07:33:24,946 DEBUG loaded <trimesh.Trimesh(vertices.shape=(916, 3), faces.shape=(856, 3))> using `load_obj` in 0.0029s
2024-10-22 07:33:25,090 DEBUG loaded <trimesh.Trimesh(vertices.shape=(48, 3), faces.shape=(28, 3))> using `load_obj` in 0.0007s
2024-10-22 07:34:01,003 ERROR ===> [Warning] Aborting epoch: 30
2024-10-22 07:34:01,003 ERROR ===> [Warning] Particle has nan or inf: False
2024-10-22 07:34:01,003 ERROR ===> [Warning] Strange loss or gradient.
2024-10-22 07:34:01,004 ERROR ===> [Warning] E: [546909.4], nu: [0.3214676], rho: [2145.831], sand_angle: [34.30165]
2024-10-22 07:34:01,004 ERROR ===> [Warning] Grad: [nan nan nan nan]
2024-10-22 07:34:01,004 ERROR ===> [Warning] Loss info: {'particle_has_naninf': False, 'height_map_loss': 37.05900955200195, 'emd_loss': 38.9648323059082, 'total_loss': 38.9648323059082}
2024-10-22 07:34:01,335 INFO ===> New TaichiEnv created.
2024-10-22 07:34:01,335 INFO ===> Specifications: horizon = 311, dt = 0.01, n_substeps = 20, dt_sub = 0.0005
2024-10-22 07:34:01,358 DEBUG loaded <trimesh.Trimesh(vertices.shape=(916, 3), faces.shape=(856, 3))> using `load_obj` in 0.0028s
2024-10-22 07:34:01,506 DEBUG loaded <trimesh.Trimesh(vertices.shape=(48, 3), faces.shape=(28, 3))> using `load_obj` in 0.0007s
2024-10-22 07:34:37,549 ERROR ===> [Warning] Aborting epoch: 31
2024-10-22 07:34:37,549 ERROR ===> [Warning] Particle has nan or inf: False
2024-10-22 07:34:37,549 ERROR ===> [Warning] Strange loss or gradient.
2024-10-22 07:34:37,549 ERROR ===> [Warning] E: [546909.4], nu: [0.3214676], rho: [2145.831], sand_angle: [34.30165]
2024-10-22 07:34:37,549 ERROR ===> [Warning] Grad: [nan nan nan nan]
2024-10-22 07:34:37,549 ERROR ===> [Warning] Loss info: {'particle_has_naninf': False, 'height_map_loss': 37.12876892089844, 'emd_loss': 39.03388977050781, 'total_loss': 39.03388977050781}
2024-10-22 07:34:37,866 INFO ===> New TaichiEnv created.
2024-10-22 07:34:37,866 INFO ===> Specifications: horizon = 311, dt = 0.01, n_substeps = 20, dt_sub = 0.0005
2024-10-22 07:34:37,887 DEBUG loaded <trimesh.Trimesh(vertices.shape=(916, 3), faces.shape=(856, 3))> using `load_obj` in 0.0027s
2024-10-22 07:34:38,031 DEBUG loaded <trimesh.Trimesh(vertices.shape=(48, 3), faces.shape=(28, 3))> using `load_obj` in 0.0007s
2024-10-22 07:35:15,296 ERROR ===> [Warning] Aborting epoch: 32
2024-10-22 07:35:15,296 ERROR ===> [Warning] Particle has nan or inf: False
2024-10-22 07:35:15,296 ERROR ===> [Warning] Strange loss or gradient.
2024-10-22 07:35:15,296 ERROR ===> [Warning] E: [546909.4], nu: [0.3214676], rho: [2145.831], sand_angle: [34.30165]
2024-10-22 07:35:15,296 ERROR ===> [Warning] Grad: [nan nan nan nan]
2024-10-22 07:35:15,296 ERROR ===> [Warning] Loss info: {'particle_has_naninf': False, 'height_map_loss': 37.205810546875, 'emd_loss': 39.01381301879883, 'total_loss': 39.01381301879883}
2024-10-22 07:35:15,644 INFO ===> New TaichiEnv created.
2024-10-22 07:35:15,645 INFO ===> Specifications: horizon = 311, dt = 0.01, n_substeps = 20, dt_sub = 0.0005
2024-10-22 07:35:15,666 DEBUG loaded <trimesh.Trimesh(vertices.shape=(916, 3), faces.shape=(856, 3))> using `load_obj` in 0.0028s
2024-10-22 07:35:15,805 DEBUG loaded <trimesh.Trimesh(vertices.shape=(48, 3), faces.shape=(28, 3))> using `load_obj` in 0.0007s
2024-10-22 07:35:52,208 ERROR ===> [Warning] Aborting epoch: 33
2024-10-22 07:35:52,208 ERROR ===> [Warning] Particle has nan or inf: False
2024-10-22 07:35:52,208 ERROR ===> [Warning] Strange loss or gradient.
2024-10-22 07:35:52,208 ERROR ===> [Warning] E: [546909.4], nu: [0.3214676], rho: [2145.831], sand_angle: [34.30165]
2024-10-22 07:35:52,208 ERROR ===> [Warning] Grad: [nan nan nan nan]
2024-10-22 07:35:52,208 ERROR ===> [Warning] Loss info: {'particle_has_naninf': False, 'height_map_loss': 37.28904724121094, 'emd_loss': 39.101104736328125, 'total_loss': 39.101104736328125}
2024-10-22 07:35:52,555 INFO ===> New TaichiEnv created.
2024-10-22 07:35:52,555 INFO ===> Specifications: horizon = 311, dt = 0.01, n_substeps = 20, dt_sub = 0.0005
2024-10-22 07:35:52,576 DEBUG loaded <trimesh.Trimesh(vertices.shape=(916, 3), faces.shape=(856, 3))> using `load_obj` in 0.0028s
2024-10-22 07:35:52,722 DEBUG loaded <trimesh.Trimesh(vertices.shape=(48, 3), faces.shape=(28, 3))> using `load_obj` in 0.0007s
2024-10-22 07:36:29,197 ERROR ===> [Warning] Aborting epoch: 34
2024-10-22 07:36:29,197 ERROR ===> [Warning] Particle has nan or inf: False
2024-10-22 07:36:29,197 ERROR ===> [Warning] Strange loss or gradient.
2024-10-22 07:36:29,197 ERROR ===> [Warning] E: [546909.4], nu: [0.3214676], rho: [2145.831], sand_angle: [34.30165]
2024-10-22 07:36:29,197 ERROR ===> [Warning] Grad: [nan nan nan nan]
2024-10-22 07:36:29,197 ERROR ===> [Warning] Loss info: {'particle_has_naninf': False, 'height_map_loss': 37.18345642089844, 'emd_loss': 39.030887603759766, 'total_loss': 39.030887603759766}
2024-10-22 07:36:29,511 INFO ===> New TaichiEnv created.
2024-10-22 07:36:29,511 INFO ===> Specifications: horizon = 311, dt = 0.01, n_substeps = 20, dt_sub = 0.0005
2024-10-22 07:36:29,532 DEBUG loaded <trimesh.Trimesh(vertices.shape=(916, 3), faces.shape=(856, 3))> using `load_obj` in 0.0028s
2024-10-22 07:36:29,673 DEBUG loaded <trimesh.Trimesh(vertices.shape=(48, 3), faces.shape=(28, 3))> using `load_obj` in 0.0007s
2024-10-22 07:37:05,720 ERROR ===> [Warning] Aborting epoch: 35
2024-10-22 07:37:05,720 ERROR ===> [Warning] Particle has nan or inf: False
2024-10-22 07:37:05,720 ERROR ===> [Warning] Strange loss or gradient.
2024-10-22 07:37:05,720 ERROR ===> [Warning] E: [546909.4], nu: [0.3214676], rho: [2145.831], sand_angle: [34.30165]
2024-10-22 07:37:05,720 ERROR ===> [Warning] Grad: [nan nan nan nan]
2024-10-22 07:37:05,720 ERROR ===> [Warning] Loss info: {'particle_has_naninf': False, 'height_map_loss': 37.18185806274414, 'emd_loss': 39.048179626464844, 'total_loss': 39.048179626464844}
2024-10-22 07:37:06,047 INFO ===> New TaichiEnv created.
2024-10-22 07:37:06,047 INFO ===> Specifications: horizon = 311, dt = 0.01, n_substeps = 20, dt_sub = 0.0005
2024-10-22 07:37:06,072 DEBUG loaded <trimesh.Trimesh(vertices.shape=(916, 3), faces.shape=(856, 3))> using `load_obj` in 0.0028s
2024-10-22 07:37:06,217 DEBUG loaded <trimesh.Trimesh(vertices.shape=(48, 3), faces.shape=(28, 3))> using `load_obj` in 0.0007s
2024-10-22 07:37:42,499 ERROR ===> [Warning] Aborting epoch: 36
2024-10-22 07:37:42,499 ERROR ===> [Warning] Particle has nan or inf: False
2024-10-22 07:37:42,499 ERROR ===> [Warning] Strange loss or gradient.
2024-10-22 07:37:42,499 ERROR ===> [Warning] E: [546909.4], nu: [0.3214676], rho: [2145.831], sand_angle: [34.30165]
2024-10-22 07:37:42,499 ERROR ===> [Warning] Grad: [nan nan nan nan]
2024-10-22 07:37:42,499 ERROR ===> [Warning] Loss info: {'particle_has_naninf': False, 'height_map_loss': 37.236934661865234, 'emd_loss': 38.987674713134766, 'total_loss': 38.987674713134766}
2024-10-22 07:37:42,908 INFO ===> New TaichiEnv created.
2024-10-22 07:37:42,908 INFO ===> Specifications: horizon = 311, dt = 0.01, n_substeps = 20, dt_sub = 0.0005
2024-10-22 07:37:42,930 DEBUG loaded <trimesh.Trimesh(vertices.shape=(916, 3), faces.shape=(856, 3))> using `load_obj` in 0.0029s
2024-10-22 07:37:43,076 DEBUG loaded <trimesh.Trimesh(vertices.shape=(48, 3), faces.shape=(28, 3))> using `load_obj` in 0.0007s
2024-10-22 07:38:18,668 ERROR ===> [Warning] Aborting epoch: 37
2024-10-22 07:38:18,668 ERROR ===> [Warning] Particle has nan or inf: False
2024-10-22 07:38:18,668 ERROR ===> [Warning] Strange loss or gradient.
2024-10-22 07:38:18,668 ERROR ===> [Warning] E: [546909.4], nu: [0.3214676], rho: [2145.831], sand_angle: [34.30165]
2024-10-22 07:38:18,668 ERROR ===> [Warning] Grad: [nan nan nan nan]
2024-10-22 07:38:18,668 ERROR ===> [Warning] Loss info: {'particle_has_naninf': False, 'height_map_loss': 37.0647087097168, 'emd_loss': 38.903900146484375, 'total_loss': 38.903900146484375}
2024-10-22 07:38:18,994 INFO ===> New TaichiEnv created.
2024-10-22 07:38:18,994 INFO ===> Specifications: horizon = 311, dt = 0.01, n_substeps = 20, dt_sub = 0.0005
2024-10-22 07:38:19,016 DEBUG loaded <trimesh.Trimesh(vertices.shape=(916, 3), faces.shape=(856, 3))> using `load_obj` in 0.0028s
2024-10-22 07:38:19,164 DEBUG loaded <trimesh.Trimesh(vertices.shape=(48, 3), faces.shape=(28, 3))> using `load_obj` in 0.0007s
2024-10-22 07:38:55,088 ERROR ===> [Warning] Aborting epoch: 38
2024-10-22 07:38:55,088 ERROR ===> [Warning] Particle has nan or inf: False
2024-10-22 07:38:55,088 ERROR ===> [Warning] Strange loss or gradient.
2024-10-22 07:38:55,088 ERROR ===> [Warning] E: [546909.4], nu: [0.3214676], rho: [2145.831], sand_angle: [34.30165]
2024-10-22 07:38:55,088 ERROR ===> [Warning] Grad: [nan nan nan nan]
2024-10-22 07:38:55,089 ERROR ===> [Warning] Loss info: {'particle_has_naninf': False, 'height_map_loss': 37.32201385498047, 'emd_loss': 39.070167541503906, 'total_loss': 39.070167541503906}
2024-10-22 07:38:55,421 INFO ===> New TaichiEnv created.
2024-10-22 07:38:55,421 INFO ===> Specifications: horizon = 311, dt = 0.01, n_substeps = 20, dt_sub = 0.0005
2024-10-22 07:38:55,443 DEBUG loaded <trimesh.Trimesh(vertices.shape=(916, 3), faces.shape=(856, 3))> using `load_obj` in 0.0029s
2024-10-22 07:38:55,589 DEBUG loaded <trimesh.Trimesh(vertices.shape=(48, 3), faces.shape=(28, 3))> using `load_obj` in 0.0007s
2024-10-22 07:39:32,906 ERROR ===> [Warning] Aborting epoch: 39
2024-10-22 07:39:32,906 ERROR ===> [Warning] Particle has nan or inf: False
2024-10-22 07:39:32,906 ERROR ===> [Warning] Strange loss or gradient.
2024-10-22 07:39:32,907 ERROR ===> [Warning] E: [546909.4], nu: [0.3214676], rho: [2145.831], sand_angle: [34.30165]
2024-10-22 07:39:32,907 ERROR ===> [Warning] Grad: [nan nan nan nan]
2024-10-22 07:39:32,907 ERROR ===> [Warning] Loss info: {'particle_has_naninf': False, 'height_map_loss': 37.18780517578125, 'emd_loss': 38.9652099609375, 'total_loss': 38.9652099609375}
2024-10-22 07:39:33,215 INFO ===> New TaichiEnv created.
2024-10-22 07:39:33,215 INFO ===> Specifications: horizon = 311, dt = 0.01, n_substeps = 20, dt_sub = 0.0005
2024-10-22 07:39:33,236 DEBUG loaded <trimesh.Trimesh(vertices.shape=(916, 3), faces.shape=(856, 3))> using `load_obj` in 0.0027s
2024-10-22 07:39:33,381 DEBUG loaded <trimesh.Trimesh(vertices.shape=(48, 3), faces.shape=(28, 3))> using `load_obj` in 0.0007s
2024-10-22 07:40:09,242 ERROR ===> [Warning] Aborting epoch: 40
2024-10-22 07:40:09,242 ERROR ===> [Warning] Particle has nan or inf: False
2024-10-22 07:40:09,242 ERROR ===> [Warning] Strange loss or gradient.
2024-10-22 07:40:09,242 ERROR ===> [Warning] E: [546909.4], nu: [0.3214676], rho: [2145.831], sand_angle: [34.30165]
2024-10-22 07:40:09,242 ERROR ===> [Warning] Grad: [nan nan nan nan]
2024-10-22 07:40:09,242 ERROR ===> [Warning] Loss info: {'particle_has_naninf': False, 'height_map_loss': 37.20649337768555, 'emd_loss': 39.04927062988281, 'total_loss': 39.04927062988281}
2024-10-22 07:40:09,550 INFO ===> New TaichiEnv created.
2024-10-22 07:40:09,550 INFO ===> Specifications: horizon = 311, dt = 0.01, n_substeps = 20, dt_sub = 0.0005
2024-10-22 07:40:09,571 DEBUG loaded <trimesh.Trimesh(vertices.shape=(916, 3), faces.shape=(856, 3))> using `load_obj` in 0.0027s
2024-10-22 07:40:09,702 DEBUG loaded <trimesh.Trimesh(vertices.shape=(48, 3), faces.shape=(28, 3))> using `load_obj` in 0.0007s
2024-10-22 07:40:46,995 ERROR ===> [Warning] Aborting epoch: 41
2024-10-22 07:40:46,995 ERROR ===> [Warning] Particle has nan or inf: False
2024-10-22 07:40:46,995 ERROR ===> [Warning] Strange loss or gradient.
2024-10-22 07:40:46,995 ERROR ===> [Warning] E: [546909.4], nu: [0.3214676], rho: [2145.831], sand_angle: [34.30165]
2024-10-22 07:40:46,995 ERROR ===> [Warning] Grad: [nan nan nan nan]
2024-10-22 07:40:46,995 ERROR ===> [Warning] Loss info: {'particle_has_naninf': False, 'height_map_loss': 37.30705642700195, 'emd_loss': 39.08741760253906, 'total_loss': 39.08741760253906}
2024-10-22 07:40:47,315 INFO ===> New TaichiEnv created.
2024-10-22 07:40:47,315 INFO ===> Specifications: horizon = 311, dt = 0.01, n_substeps = 20, dt_sub = 0.0005
2024-10-22 07:40:47,337 DEBUG loaded <trimesh.Trimesh(vertices.shape=(916, 3), faces.shape=(856, 3))> using `load_obj` in 0.0028s
2024-10-22 07:40:47,474 DEBUG loaded <trimesh.Trimesh(vertices.shape=(48, 3), faces.shape=(28, 3))> using `load_obj` in 0.0007s
2024-10-22 07:41:23,770 ERROR ===> [Warning] Aborting epoch: 42
2024-10-22 07:41:23,770 ERROR ===> [Warning] Particle has nan or inf: False
2024-10-22 07:41:23,770 ERROR ===> [Warning] Strange loss or gradient.
2024-10-22 07:41:23,770 ERROR ===> [Warning] E: [546909.4], nu: [0.3214676], rho: [2145.831], sand_angle: [34.30165]
2024-10-22 07:41:23,770 ERROR ===> [Warning] Grad: [nan nan nan nan]
2024-10-22 07:41:23,770 ERROR ===> [Warning] Loss info: {'particle_has_naninf': False, 'height_map_loss': 37.2462272644043, 'emd_loss': 39.079673767089844, 'total_loss': 39.079673767089844}
2024-10-22 07:41:24,093 INFO ===> New TaichiEnv created.
2024-10-22 07:41:24,093 INFO ===> Specifications: horizon = 311, dt = 0.01, n_substeps = 20, dt_sub = 0.0005
2024-10-22 07:41:24,114 DEBUG loaded <trimesh.Trimesh(vertices.shape=(916, 3), faces.shape=(856, 3))> using `load_obj` in 0.0028s
2024-10-22 07:41:24,254 DEBUG loaded <trimesh.Trimesh(vertices.shape=(48, 3), faces.shape=(28, 3))> using `load_obj` in 0.0007s
2024-10-22 07:42:00,667 ERROR ===> [Warning] Aborting epoch: 43
2024-10-22 07:42:00,667 ERROR ===> [Warning] Particle has nan or inf: False
2024-10-22 07:42:00,667 ERROR ===> [Warning] Strange loss or gradient.
2024-10-22 07:42:00,667 ERROR ===> [Warning] E: [546909.4], nu: [0.3214676], rho: [2145.831], sand_angle: [34.30165]
2024-10-22 07:42:00,667 ERROR ===> [Warning] Grad: [nan nan nan nan]
2024-10-22 07:42:00,667 ERROR ===> [Warning] Loss info: {'particle_has_naninf': False, 'height_map_loss': 37.2056884765625, 'emd_loss': 39.02882766723633, 'total_loss': 39.02882766723633}
2024-10-22 07:42:01,006 INFO ===> New TaichiEnv created.
2024-10-22 07:42:01,006 INFO ===> Specifications: horizon = 311, dt = 0.01, n_substeps = 20, dt_sub = 0.0005
2024-10-22 07:42:01,028 DEBUG loaded <trimesh.Trimesh(vertices.shape=(916, 3), faces.shape=(856, 3))> using `load_obj` in 0.0029s
2024-10-22 07:42:01,170 DEBUG loaded <trimesh.Trimesh(vertices.shape=(48, 3), faces.shape=(28, 3))> using `load_obj` in 0.0007s
2024-10-22 07:42:37,354 ERROR ===> [Warning] Aborting epoch: 44
2024-10-22 07:42:37,354 ERROR ===> [Warning] Particle has nan or inf: False
2024-10-22 07:42:37,354 ERROR ===> [Warning] Strange loss or gradient.
2024-10-22 07:42:37,354 ERROR ===> [Warning] E: [546909.4], nu: [0.3214676], rho: [2145.831], sand_angle: [34.30165]
2024-10-22 07:42:37,354 ERROR ===> [Warning] Grad: [nan nan nan nan]
2024-10-22 07:42:37,354 ERROR ===> [Warning] Loss info: {'particle_has_naninf': False, 'height_map_loss': 37.29574203491211, 'emd_loss': 39.01179504394531, 'total_loss': 39.01179504394531}
2024-10-22 07:42:37,678 INFO ===> New TaichiEnv created.
2024-10-22 07:42:37,678 INFO ===> Specifications: horizon = 311, dt = 0.01, n_substeps = 20, dt_sub = 0.0005
2024-10-22 07:42:37,699 DEBUG loaded <trimesh.Trimesh(vertices.shape=(916, 3), faces.shape=(856, 3))> using `load_obj` in 0.0028s
2024-10-22 07:42:37,843 DEBUG loaded <trimesh.Trimesh(vertices.shape=(48, 3), faces.shape=(28, 3))> using `load_obj` in 0.0007s
2024-10-22 07:43:15,121 ERROR ===> [Warning] Aborting epoch: 45
2024-10-22 07:43:15,121 ERROR ===> [Warning] Particle has nan or inf: False
2024-10-22 07:43:15,121 ERROR ===> [Warning] Strange loss or gradient.
2024-10-22 07:43:15,121 ERROR ===> [Warning] E: [546909.4], nu: [0.3214676], rho: [2145.831], sand_angle: [34.30165]
2024-10-22 07:43:15,121 ERROR ===> [Warning] Grad: [nan nan nan nan]
2024-10-22 07:43:15,121 ERROR ===> [Warning] Loss info: {'particle_has_naninf': False, 'height_map_loss': 37.2718620300293, 'emd_loss': 39.01180648803711, 'total_loss': 39.01180648803711}
2024-10-22 07:43:15,452 INFO ===> New TaichiEnv created.
2024-10-22 07:43:15,452 INFO ===> Specifications: horizon = 311, dt = 0.01, n_substeps = 20, dt_sub = 0.0005
2024-10-22 07:43:15,474 DEBUG loaded <trimesh.Trimesh(vertices.shape=(916, 3), faces.shape=(856, 3))> using `load_obj` in 0.0029s
2024-10-22 07:43:15,627 DEBUG loaded <trimesh.Trimesh(vertices.shape=(48, 3), faces.shape=(28, 3))> using `load_obj` in 0.0007s
2024-10-22 07:43:51,764 ERROR ===> [Warning] Aborting epoch: 46
2024-10-22 07:43:51,764 ERROR ===> [Warning] Particle has nan or inf: False
2024-10-22 07:43:51,764 ERROR ===> [Warning] Strange loss or gradient.
2024-10-22 07:43:51,764 ERROR ===> [Warning] E: [546909.4], nu: [0.3214676], rho: [2145.831], sand_angle: [34.30165]
2024-10-22 07:43:51,765 ERROR ===> [Warning] Grad: [nan nan nan nan]
2024-10-22 07:43:51,765 ERROR ===> [Warning] Loss info: {'particle_has_naninf': False, 'height_map_loss': 37.262813568115234, 'emd_loss': 39.01932907104492, 'total_loss': 39.01932907104492}
2024-10-22 07:43:52,132 INFO ===> New TaichiEnv created.
2024-10-22 07:43:52,132 INFO ===> Specifications: horizon = 311, dt = 0.01, n_substeps = 20, dt_sub = 0.0005
2024-10-22 07:43:52,155 DEBUG loaded <trimesh.Trimesh(vertices.shape=(916, 3), faces.shape=(856, 3))> using `load_obj` in 0.0028s
2024-10-22 07:43:52,302 DEBUG loaded <trimesh.Trimesh(vertices.shape=(48, 3), faces.shape=(28, 3))> using `load_obj` in 0.0007s
2024-10-22 07:44:28,535 ERROR ===> [Warning] Aborting epoch: 47
2024-10-22 07:44:28,535 ERROR ===> [Warning] Particle has nan or inf: False
2024-10-22 07:44:28,535 ERROR ===> [Warning] Strange loss or gradient.
2024-10-22 07:44:28,536 ERROR ===> [Warning] E: [546909.4], nu: [0.3214676], rho: [2145.831], sand_angle: [34.30165]
2024-10-22 07:44:28,536 ERROR ===> [Warning] Grad: [nan nan nan nan]
2024-10-22 07:44:28,536 ERROR ===> [Warning] Loss info: {'particle_has_naninf': False, 'height_map_loss': 37.20501708984375, 'emd_loss': 39.00051498413086, 'total_loss': 39.00051498413086}
2024-10-22 07:44:28,916 INFO ===> New TaichiEnv created.
2024-10-22 07:44:28,916 INFO ===> Specifications: horizon = 311, dt = 0.01, n_substeps = 20, dt_sub = 0.0005
2024-10-22 07:44:28,938 DEBUG loaded <trimesh.Trimesh(vertices.shape=(916, 3), faces.shape=(856, 3))> using `load_obj` in 0.0029s
2024-10-22 07:44:29,089 DEBUG loaded <trimesh.Trimesh(vertices.shape=(48, 3), faces.shape=(28, 3))> using `load_obj` in 0.0007s
2024-10-22 07:45:06,359 ERROR ===> [Warning] Aborting epoch: 48
2024-10-22 07:45:06,359 ERROR ===> [Warning] Particle has nan or inf: False
2024-10-22 07:45:06,359 ERROR ===> [Warning] Strange loss or gradient.
2024-10-22 07:45:06,360 ERROR ===> [Warning] E: [546909.4], nu: [0.3214676], rho: [2145.831], sand_angle: [34.30165]
2024-10-22 07:45:06,360 ERROR ===> [Warning] Grad: [nan nan nan nan]
2024-10-22 07:45:06,360 ERROR ===> [Warning] Loss info: {'particle_has_naninf': False, 'height_map_loss': 37.12297821044922, 'emd_loss': 39.03203201293945, 'total_loss': 39.03203201293945}
2024-10-22 07:45:06,711 INFO ===> New TaichiEnv created.
2024-10-22 07:45:06,711 INFO ===> Specifications: horizon = 311, dt = 0.01, n_substeps = 20, dt_sub = 0.0005
2024-10-22 07:45:06,734 DEBUG loaded <trimesh.Trimesh(vertices.shape=(916, 3), faces.shape=(856, 3))> using `load_obj` in 0.0030s
2024-10-22 07:45:06,881 DEBUG loaded <trimesh.Trimesh(vertices.shape=(48, 3), faces.shape=(28, 3))> using `load_obj` in 0.0007s
2024-10-22 07:45:42,966 ERROR ===> [Warning] Aborting epoch: 49
2024-10-22 07:45:42,966 ERROR ===> [Warning] Particle has nan or inf: False
2024-10-22 07:45:42,966 ERROR ===> [Warning] Strange loss or gradient.
2024-10-22 07:45:42,966 ERROR ===> [Warning] E: [546909.4], nu: [0.3214676], rho: [2145.831], sand_angle: [34.30165]
2024-10-22 07:45:42,966 ERROR ===> [Warning] Grad: [nan nan nan nan]
2024-10-22 07:45:42,966 ERROR ===> [Warning] Loss info: {'particle_has_naninf': False, 'height_map_loss': 37.190181732177734, 'emd_loss': 39.015193939208984, 'total_loss': 39.015193939208984}
2024-10-22 07:45:43,297 INFO ===> New TaichiEnv created.
2024-10-22 07:45:43,297 INFO ===> Specifications: horizon = 311, dt = 0.01, n_substeps = 20, dt_sub = 0.0005
2024-10-22 07:45:43,320 DEBUG loaded <trimesh.Trimesh(vertices.shape=(916, 3), faces.shape=(856, 3))> using `load_obj` in 0.0029s
2024-10-22 07:45:43,467 DEBUG loaded <trimesh.Trimesh(vertices.shape=(48, 3), faces.shape=(28, 3))> using `load_obj` in 0.0007s
2024-10-22 07:46:20,559 ERROR ===> [Warning] Aborting epoch: 50
2024-10-22 07:46:20,559 ERROR ===> [Warning] Particle has nan or inf: False
2024-10-22 07:46:20,559 ERROR ===> [Warning] Strange loss or gradient.
2024-10-22 07:46:20,559 ERROR ===> [Warning] E: [546909.4], nu: [0.3214676], rho: [2145.831], sand_angle: [34.30165]
2024-10-22 07:46:20,559 ERROR ===> [Warning] Grad: [nan nan nan nan]
2024-10-22 07:46:20,559 ERROR ===> [Warning] Loss info: {'particle_has_naninf': False, 'height_map_loss': 37.20116424560547, 'emd_loss': 39.02268981933594, 'total_loss': 39.02268981933594}
2024-10-22 07:46:20,894 INFO ===> New TaichiEnv created.
2024-10-22 07:46:20,894 INFO ===> Specifications: horizon = 311, dt = 0.01, n_substeps = 20, dt_sub = 0.0005
2024-10-22 07:46:20,916 DEBUG loaded <trimesh.Trimesh(vertices.shape=(916, 3), faces.shape=(856, 3))> using `load_obj` in 0.0028s
2024-10-22 07:46:21,063 DEBUG loaded <trimesh.Trimesh(vertices.shape=(48, 3), faces.shape=(28, 3))> using `load_obj` in 0.0007s
2024-10-22 07:46:56,832 ERROR ===> [Warning] Aborting epoch: 51
2024-10-22 07:46:56,832 ERROR ===> [Warning] Particle has nan or inf: False
2024-10-22 07:46:56,832 ERROR ===> [Warning] Strange loss or gradient.
2024-10-22 07:46:56,832 ERROR ===> [Warning] E: [546909.4], nu: [0.3214676], rho: [2145.831], sand_angle: [34.30165]
2024-10-22 07:46:56,832 ERROR ===> [Warning] Grad: [nan nan nan nan]
2024-10-22 07:46:56,832 ERROR ===> [Warning] Loss info: {'particle_has_naninf': False, 'height_map_loss': 37.25368881225586, 'emd_loss': 38.97836685180664, 'total_loss': 38.97836685180664}
2024-10-22 07:46:57,160 INFO ===> New TaichiEnv created.
2024-10-22 07:46:57,160 INFO ===> Specifications: horizon = 311, dt = 0.01, n_substeps = 20, dt_sub = 0.0005
2024-10-22 07:46:57,181 DEBUG loaded <trimesh.Trimesh(vertices.shape=(916, 3), faces.shape=(856, 3))> using `load_obj` in 0.0028s
2024-10-22 07:46:57,322 DEBUG loaded <trimesh.Trimesh(vertices.shape=(48, 3), faces.shape=(28, 3))> using `load_obj` in 0.0007s
2024-10-22 07:47:33,233 ERROR ===> [Warning] Aborting epoch: 52
2024-10-22 07:47:33,233 ERROR ===> [Warning] Particle has nan or inf: False
2024-10-22 07:47:33,233 ERROR ===> [Warning] Strange loss or gradient.
2024-10-22 07:47:33,233 ERROR ===> [Warning] E: [546909.4], nu: [0.3214676], rho: [2145.831], sand_angle: [34.30165]
2024-10-22 07:47:33,233 ERROR ===> [Warning] Grad: [nan nan nan nan]
2024-10-22 07:47:33,233 ERROR ===> [Warning] Loss info: {'particle_has_naninf': False, 'height_map_loss': 37.14838409423828, 'emd_loss': 38.97740173339844, 'total_loss': 38.97740173339844}
2024-10-22 07:47:33,552 INFO ===> New TaichiEnv created.
2024-10-22 07:47:33,552 INFO ===> Specifications: horizon = 311, dt = 0.01, n_substeps = 20, dt_sub = 0.0005
2024-10-22 07:47:33,573 DEBUG loaded <trimesh.Trimesh(vertices.shape=(916, 3), faces.shape=(856, 3))> using `load_obj` in 0.0027s
2024-10-22 07:47:33,710 DEBUG loaded <trimesh.Trimesh(vertices.shape=(48, 3), faces.shape=(28, 3))> using `load_obj` in 0.0007s
2024-10-22 07:48:11,183 ERROR ===> [Warning] Aborting epoch: 53
2024-10-22 07:48:11,183 ERROR ===> [Warning] Particle has nan or inf: False
2024-10-22 07:48:11,183 ERROR ===> [Warning] Strange loss or gradient.
2024-10-22 07:48:11,183 ERROR ===> [Warning] E: [546909.4], nu: [0.3214676], rho: [2145.831], sand_angle: [34.30165]
2024-10-22 07:48:11,183 ERROR ===> [Warning] Grad: [nan nan nan nan]
2024-10-22 07:48:11,183 ERROR ===> [Warning] Loss info: {'particle_has_naninf': False, 'height_map_loss': 37.35380935668945, 'emd_loss': 39.10182571411133, 'total_loss': 39.10182571411133}
2024-10-22 07:48:11,513 INFO ===> New TaichiEnv created.
2024-10-22 07:48:11,513 INFO ===> Specifications: horizon = 311, dt = 0.01, n_substeps = 20, dt_sub = 0.0005
2024-10-22 07:48:11,534 DEBUG loaded <trimesh.Trimesh(vertices.shape=(916, 3), faces.shape=(856, 3))> using `load_obj` in 0.0028s
2024-10-22 07:48:11,673 DEBUG loaded <trimesh.Trimesh(vertices.shape=(48, 3), faces.shape=(28, 3))> using `load_obj` in 0.0007s
2024-10-22 07:48:47,875 ERROR ===> [Warning] Aborting epoch: 54
2024-10-22 07:48:47,875 ERROR ===> [Warning] Particle has nan or inf: False
2024-10-22 07:48:47,875 ERROR ===> [Warning] Strange loss or gradient.
2024-10-22 07:48:47,875 ERROR ===> [Warning] E: [546909.4], nu: [0.3214676], rho: [2145.831], sand_angle: [34.30165]
2024-10-22 07:48:47,875 ERROR ===> [Warning] Grad: [nan nan nan nan]
2024-10-22 07:48:47,875 ERROR ===> [Warning] Loss info: {'particle_has_naninf': False, 'height_map_loss': 37.17218780517578, 'emd_loss': 38.96704864501953, 'total_loss': 38.96704864501953}
2024-10-22 07:48:48,230 INFO ===> New TaichiEnv created.
2024-10-22 07:48:48,230 INFO ===> Specifications: horizon = 311, dt = 0.01, n_substeps = 20, dt_sub = 0.0005
2024-10-22 07:48:48,252 DEBUG loaded <trimesh.Trimesh(vertices.shape=(916, 3), faces.shape=(856, 3))> using `load_obj` in 0.0029s
2024-10-22 07:48:48,394 DEBUG loaded <trimesh.Trimesh(vertices.shape=(48, 3), faces.shape=(28, 3))> using `load_obj` in 0.0007s
2024-10-22 07:49:25,283 ERROR ===> [Warning] Aborting epoch: 55
2024-10-22 07:49:25,283 ERROR ===> [Warning] Particle has nan or inf: False
2024-10-22 07:49:25,283 ERROR ===> [Warning] Strange loss or gradient.
2024-10-22 07:49:25,283 ERROR ===> [Warning] E: [546909.4], nu: [0.3214676], rho: [2145.831], sand_angle: [34.30165]
2024-10-22 07:49:25,283 ERROR ===> [Warning] Grad: [nan nan nan nan]
2024-10-22 07:49:25,283 ERROR ===> [Warning] Loss info: {'particle_has_naninf': False, 'height_map_loss': 37.324153900146484, 'emd_loss': 38.98609924316406, 'total_loss': 38.98609924316406}
2024-10-22 07:49:25,698 INFO ===> New TaichiEnv created.
2024-10-22 07:49:25,698 INFO ===> Specifications: horizon = 311, dt = 0.01, n_substeps = 20, dt_sub = 0.0005
2024-10-22 07:49:25,728 DEBUG loaded <trimesh.Trimesh(vertices.shape=(916, 3), faces.shape=(856, 3))> using `load_obj` in 0.0039s
2024-10-22 07:49:25,917 DEBUG loaded <trimesh.Trimesh(vertices.shape=(48, 3), faces.shape=(28, 3))> using `load_obj` in 0.0008s
2024-10-22 07:50:02,927 ERROR ===> [Warning] Aborting epoch: 56
2024-10-22 07:50:02,927 ERROR ===> [Warning] Particle has nan or inf: False
2024-10-22 07:50:02,927 ERROR ===> [Warning] Strange loss or gradient.
2024-10-22 07:50:02,928 ERROR ===> [Warning] E: [546909.4], nu: [0.3214676], rho: [2145.831], sand_angle: [34.30165]
2024-10-22 07:50:02,928 ERROR ===> [Warning] Grad: [nan nan nan nan]
2024-10-22 07:50:02,928 ERROR ===> [Warning] Loss info: {'particle_has_naninf': False, 'height_map_loss': 37.23573303222656, 'emd_loss': 39.004615783691406, 'total_loss': 39.004615783691406}
2024-10-22 07:50:03,315 INFO ===> New TaichiEnv created.
2024-10-22 07:50:03,315 INFO ===> Specifications: horizon = 311, dt = 0.01, n_substeps = 20, dt_sub = 0.0005
2024-10-22 07:50:03,342 DEBUG loaded <trimesh.Trimesh(vertices.shape=(916, 3), faces.shape=(856, 3))> using `load_obj` in 0.0053s
2024-10-22 07:50:03,488 DEBUG loaded <trimesh.Trimesh(vertices.shape=(48, 3), faces.shape=(28, 3))> using `load_obj` in 0.0007s
2024-10-22 07:50:39,613 ERROR ===> [Warning] Aborting epoch: 57
2024-10-22 07:50:39,613 ERROR ===> [Warning] Particle has nan or inf: False
2024-10-22 07:50:39,613 ERROR ===> [Warning] Strange loss or gradient.
2024-10-22 07:50:39,613 ERROR ===> [Warning] E: [546909.4], nu: [0.3214676], rho: [2145.831], sand_angle: [34.30165]
2024-10-22 07:50:39,613 ERROR ===> [Warning] Grad: [nan nan nan nan]
2024-10-22 07:50:39,613 ERROR ===> [Warning] Loss info: {'particle_has_naninf': False, 'height_map_loss': 37.15672302246094, 'emd_loss': 38.94578552246094, 'total_loss': 38.94578552246094}
2024-10-22 07:50:39,965 INFO ===> New TaichiEnv created.
2024-10-22 07:50:39,965 INFO ===> Specifications: horizon = 311, dt = 0.01, n_substeps = 20, dt_sub = 0.0005
2024-10-22 07:50:39,988 DEBUG loaded <trimesh.Trimesh(vertices.shape=(916, 3), faces.shape=(856, 3))> using `load_obj` in 0.0028s
2024-10-22 07:50:40,134 DEBUG loaded <trimesh.Trimesh(vertices.shape=(48, 3), faces.shape=(28, 3))> using `load_obj` in 0.0007s
2024-10-22 07:51:16,319 ERROR ===> [Warning] Aborting epoch: 58
2024-10-22 07:51:16,319 ERROR ===> [Warning] Particle has nan or inf: False
2024-10-22 07:51:16,319 ERROR ===> [Warning] Strange loss or gradient.
2024-10-22 07:51:16,319 ERROR ===> [Warning] E: [546909.4], nu: [0.3214676], rho: [2145.831], sand_angle: [34.30165]
2024-10-22 07:51:16,319 ERROR ===> [Warning] Grad: [nan nan nan nan]
2024-10-22 07:51:16,319 ERROR ===> [Warning] Loss info: {'particle_has_naninf': False, 'height_map_loss': 37.1622314453125, 'emd_loss': 39.04471969604492, 'total_loss': 39.04471969604492}
2024-10-22 07:51:16,665 INFO ===> New TaichiEnv created.
2024-10-22 07:51:16,665 INFO ===> Specifications: horizon = 311, dt = 0.01, n_substeps = 20, dt_sub = 0.0005
2024-10-22 07:51:16,689 DEBUG loaded <trimesh.Trimesh(vertices.shape=(916, 3), faces.shape=(856, 3))> using `load_obj` in 0.0029s
2024-10-22 07:51:16,839 DEBUG loaded <trimesh.Trimesh(vertices.shape=(48, 3), faces.shape=(28, 3))> using `load_obj` in 0.0007s
2024-10-22 07:51:52,728 ERROR ===> [Warning] Aborting epoch: 59
2024-10-22 07:51:52,728 ERROR ===> [Warning] Particle has nan or inf: False
2024-10-22 07:51:52,728 ERROR ===> [Warning] Strange loss or gradient.
2024-10-22 07:51:52,728 ERROR ===> [Warning] E: [546909.4], nu: [0.3214676], rho: [2145.831], sand_angle: [34.30165]
2024-10-22 07:51:52,728 ERROR ===> [Warning] Grad: [nan nan nan nan]
2024-10-22 07:51:52,728 ERROR ===> [Warning] Loss info: {'particle_has_naninf': False, 'height_map_loss': 37.267372131347656, 'emd_loss': 39.044315338134766, 'total_loss': 39.044315338134766}
2024-10-22 07:51:53,060 INFO ===> New TaichiEnv created.
2024-10-22 07:51:53,060 INFO ===> Specifications: horizon = 311, dt = 0.01, n_substeps = 20, dt_sub = 0.0005
2024-10-22 07:51:53,082 DEBUG loaded <trimesh.Trimesh(vertices.shape=(916, 3), faces.shape=(856, 3))> using `load_obj` in 0.0028s
2024-10-22 07:51:53,226 DEBUG loaded <trimesh.Trimesh(vertices.shape=(48, 3), faces.shape=(28, 3))> using `load_obj` in 0.0008s
2024-10-22 07:52:29,702 ERROR ===> [Warning] Aborting epoch: 60
2024-10-22 07:52:29,702 ERROR ===> [Warning] Particle has nan or inf: False
2024-10-22 07:52:29,702 ERROR ===> [Warning] Strange loss or gradient.
2024-10-22 07:52:29,702 ERROR ===> [Warning] E: [546909.4], nu: [0.3214676], rho: [2145.831], sand_angle: [34.30165]
2024-10-22 07:52:29,702 ERROR ===> [Warning] Grad: [nan nan nan nan]
2024-10-22 07:52:29,702 ERROR ===> [Warning] Loss info: {'particle_has_naninf': False, 'height_map_loss': 37.185604095458984, 'emd_loss': 38.9934196472168, 'total_loss': 38.9934196472168}
2024-10-22 07:52:30,029 INFO ===> New TaichiEnv created.
2024-10-22 07:52:30,029 INFO ===> Specifications: horizon = 311, dt = 0.01, n_substeps = 20, dt_sub = 0.0005
2024-10-22 07:52:30,050 DEBUG loaded <trimesh.Trimesh(vertices.shape=(916, 3), faces.shape=(856, 3))> using `load_obj` in 0.0028s
2024-10-22 07:52:30,195 DEBUG loaded <trimesh.Trimesh(vertices.shape=(48, 3), faces.shape=(28, 3))> using `load_obj` in 0.0007s
2024-10-22 07:53:06,857 ERROR ===> [Warning] Aborting epoch: 61
2024-10-22 07:53:06,857 ERROR ===> [Warning] Particle has nan or inf: False
2024-10-22 07:53:06,857 ERROR ===> [Warning] Strange loss or gradient.
2024-10-22 07:53:06,857 ERROR ===> [Warning] E: [546909.4], nu: [0.3214676], rho: [2145.831], sand_angle: [34.30165]
2024-10-22 07:53:06,857 ERROR ===> [Warning] Grad: [nan nan nan nan]
2024-10-22 07:53:06,857 ERROR ===> [Warning] Loss info: {'particle_has_naninf': False, 'height_map_loss': 37.14249038696289, 'emd_loss': 38.97798156738281, 'total_loss': 38.97798156738281}
2024-10-22 07:53:07,184 INFO ===> New TaichiEnv created.
2024-10-22 07:53:07,185 INFO ===> Specifications: horizon = 311, dt = 0.01, n_substeps = 20, dt_sub = 0.0005
2024-10-22 07:53:07,206 DEBUG loaded <trimesh.Trimesh(vertices.shape=(916, 3), faces.shape=(856, 3))> using `load_obj` in 0.0029s
2024-10-22 07:53:07,346 DEBUG loaded <trimesh.Trimesh(vertices.shape=(48, 3), faces.shape=(28, 3))> using `load_obj` in 0.0007s
2024-10-22 07:53:43,817 ERROR ===> [Warning] Aborting epoch: 62
2024-10-22 07:53:43,817 ERROR ===> [Warning] Particle has nan or inf: False
2024-10-22 07:53:43,817 ERROR ===> [Warning] Strange loss or gradient.
2024-10-22 07:53:43,817 ERROR ===> [Warning] E: [546909.4], nu: [0.3214676], rho: [2145.831], sand_angle: [34.30165]
2024-10-22 07:53:43,817 ERROR ===> [Warning] Grad: [nan nan nan nan]
2024-10-22 07:53:43,817 ERROR ===> [Warning] Loss info: {'particle_has_naninf': False, 'height_map_loss': 37.276981353759766, 'emd_loss': 39.00440216064453, 'total_loss': 39.00440216064453}
2024-10-22 07:53:44,145 INFO ===> New TaichiEnv created.
2024-10-22 07:53:44,145 INFO ===> Specifications: horizon = 311, dt = 0.01, n_substeps = 20, dt_sub = 0.0005
2024-10-22 07:53:44,167 DEBUG loaded <trimesh.Trimesh(vertices.shape=(916, 3), faces.shape=(856, 3))> using `load_obj` in 0.0028s
2024-10-22 07:53:44,308 DEBUG loaded <trimesh.Trimesh(vertices.shape=(48, 3), faces.shape=(28, 3))> using `load_obj` in 0.0007s
2024-10-22 07:54:20,261 ERROR ===> [Warning] Aborting epoch: 63
2024-10-22 07:54:20,261 ERROR ===> [Warning] Particle has nan or inf: False
2024-10-22 07:54:20,261 ERROR ===> [Warning] Strange loss or gradient.
2024-10-22 07:54:20,261 ERROR ===> [Warning] E: [546909.4], nu: [0.3214676], rho: [2145.831], sand_angle: [34.30165]
2024-10-22 07:54:20,262 ERROR ===> [Warning] Grad: [nan nan nan nan]
2024-10-22 07:54:20,262 ERROR ===> [Warning] Loss info: {'particle_has_naninf': False, 'height_map_loss': 37.088497161865234, 'emd_loss': 38.98031997680664, 'total_loss': 38.98031997680664}
2024-10-22 07:54:20,598 INFO ===> New TaichiEnv created.
2024-10-22 07:54:20,598 INFO ===> Specifications: horizon = 311, dt = 0.01, n_substeps = 20, dt_sub = 0.0005
2024-10-22 07:54:20,619 DEBUG loaded <trimesh.Trimesh(vertices.shape=(916, 3), faces.shape=(856, 3))> using `load_obj` in 0.0028s
2024-10-22 07:54:20,762 DEBUG loaded <trimesh.Trimesh(vertices.shape=(48, 3), faces.shape=(28, 3))> using `load_obj` in 0.0007s
2024-10-22 07:54:57,358 ERROR ===> [Warning] Aborting epoch: 64
2024-10-22 07:54:57,358 ERROR ===> [Warning] Particle has nan or inf: False
2024-10-22 07:54:57,358 ERROR ===> [Warning] Strange loss or gradient.
2024-10-22 07:54:57,358 ERROR ===> [Warning] E: [546909.4], nu: [0.3214676], rho: [2145.831], sand_angle: [34.30165]
2024-10-22 07:54:57,358 ERROR ===> [Warning] Grad: [nan nan nan nan]
2024-10-22 07:54:57,358 ERROR ===> [Warning] Loss info: {'particle_has_naninf': False, 'height_map_loss': 37.3280029296875, 'emd_loss': 39.020416259765625, 'total_loss': 39.020416259765625}
2024-10-22 07:54:57,699 INFO ===> New TaichiEnv created.
2024-10-22 07:54:57,699 INFO ===> Specifications: horizon = 311, dt = 0.01, n_substeps = 20, dt_sub = 0.0005
2024-10-22 07:54:57,721 DEBUG loaded <trimesh.Trimesh(vertices.shape=(916, 3), faces.shape=(856, 3))> using `load_obj` in 0.0029s
2024-10-22 07:54:57,870 DEBUG loaded <trimesh.Trimesh(vertices.shape=(48, 3), faces.shape=(28, 3))> using `load_obj` in 0.0007s
2024-10-22 07:55:33,905 ERROR ===> [Warning] Aborting epoch: 65
2024-10-22 07:55:33,905 ERROR ===> [Warning] Particle has nan or inf: False
2024-10-22 07:55:33,905 ERROR ===> [Warning] Strange loss or gradient.
2024-10-22 07:55:33,905 ERROR ===> [Warning] E: [546909.4], nu: [0.3214676], rho: [2145.831], sand_angle: [34.30165]
2024-10-22 07:55:33,905 ERROR ===> [Warning] Grad: [nan nan nan nan]
2024-10-22 07:55:33,905 ERROR ===> [Warning] Loss info: {'particle_has_naninf': False, 'height_map_loss': 37.326053619384766, 'emd_loss': 39.06317138671875, 'total_loss': 39.06317138671875}
2024-10-22 07:55:34,261 INFO ===> New TaichiEnv created.
2024-10-22 07:55:34,261 INFO ===> Specifications: horizon = 311, dt = 0.01, n_substeps = 20, dt_sub = 0.0005
2024-10-22 07:55:34,284 DEBUG loaded <trimesh.Trimesh(vertices.shape=(916, 3), faces.shape=(856, 3))> using `load_obj` in 0.0029s
2024-10-22 07:55:34,430 DEBUG loaded <trimesh.Trimesh(vertices.shape=(48, 3), faces.shape=(28, 3))> using `load_obj` in 0.0008s
2024-10-22 07:56:10,685 ERROR ===> [Warning] Aborting epoch: 66
2024-10-22 07:56:10,685 ERROR ===> [Warning] Particle has nan or inf: False
2024-10-22 07:56:10,685 ERROR ===> [Warning] Strange loss or gradient.
2024-10-22 07:56:10,685 ERROR ===> [Warning] E: [546909.4], nu: [0.3214676], rho: [2145.831], sand_angle: [34.30165]
2024-10-22 07:56:10,685 ERROR ===> [Warning] Grad: [nan nan nan nan]
2024-10-22 07:56:10,685 ERROR ===> [Warning] Loss info: {'particle_has_naninf': False, 'height_map_loss': 37.20329666137695, 'emd_loss': 39.11250305175781, 'total_loss': 39.11250305175781}
2024-10-22 07:56:11,018 INFO ===> New TaichiEnv created.
2024-10-22 07:56:11,019 INFO ===> Specifications: horizon = 311, dt = 0.01, n_substeps = 20, dt_sub = 0.0005
2024-10-22 07:56:11,040 DEBUG loaded <trimesh.Trimesh(vertices.shape=(916, 3), faces.shape=(856, 3))> using `load_obj` in 0.0028s
2024-10-22 07:56:11,186 DEBUG loaded <trimesh.Trimesh(vertices.shape=(48, 3), faces.shape=(28, 3))> using `load_obj` in 0.0007s
2024-10-22 07:56:47,314 ERROR ===> [Warning] Aborting epoch: 67
2024-10-22 07:56:47,314 ERROR ===> [Warning] Particle has nan or inf: False
2024-10-22 07:56:47,314 ERROR ===> [Warning] Strange loss or gradient.
2024-10-22 07:56:47,315 ERROR ===> [Warning] E: [546909.4], nu: [0.3214676], rho: [2145.831], sand_angle: [34.30165]
2024-10-22 07:56:47,315 ERROR ===> [Warning] Grad: [nan nan nan nan]
2024-10-22 07:56:47,315 ERROR ===> [Warning] Loss info: {'particle_has_naninf': False, 'height_map_loss': 37.272491455078125, 'emd_loss': 39.00239944458008, 'total_loss': 39.00239944458008}
2024-10-22 07:56:47,641 INFO ===> New TaichiEnv created.
2024-10-22 07:56:47,641 INFO ===> Specifications: horizon = 311, dt = 0.01, n_substeps = 20, dt_sub = 0.0005
2024-10-22 07:56:47,662 DEBUG loaded <trimesh.Trimesh(vertices.shape=(916, 3), faces.shape=(856, 3))> using `load_obj` in 0.0028s
2024-10-22 07:56:47,802 DEBUG loaded <trimesh.Trimesh(vertices.shape=(48, 3), faces.shape=(28, 3))> using `load_obj` in 0.0007s
2024-10-22 07:57:24,317 ERROR ===> [Warning] Aborting epoch: 68
2024-10-22 07:57:24,317 ERROR ===> [Warning] Particle has nan or inf: False
2024-10-22 07:57:24,317 ERROR ===> [Warning] Strange loss or gradient.
2024-10-22 07:57:24,317 ERROR ===> [Warning] E: [546909.4], nu: [0.3214676], rho: [2145.831], sand_angle: [34.30165]
2024-10-22 07:57:24,318 ERROR ===> [Warning] Grad: [nan nan nan nan]
2024-10-22 07:57:24,318 ERROR ===> [Warning] Loss info: {'particle_has_naninf': False, 'height_map_loss': 37.083919525146484, 'emd_loss': 38.94347381591797, 'total_loss': 38.94347381591797}
2024-10-22 07:57:24,645 INFO ===> New TaichiEnv created.
2024-10-22 07:57:24,645 INFO ===> Specifications: horizon = 311, dt = 0.01, n_substeps = 20, dt_sub = 0.0005
2024-10-22 07:57:24,667 DEBUG loaded <trimesh.Trimesh(vertices.shape=(916, 3), faces.shape=(856, 3))> using `load_obj` in 0.0028s
2024-10-22 07:57:24,808 DEBUG loaded <trimesh.Trimesh(vertices.shape=(48, 3), faces.shape=(28, 3))> using `load_obj` in 0.0007s
2024-10-22 07:58:01,564 ERROR ===> [Warning] Aborting epoch: 69
2024-10-22 07:58:01,564 ERROR ===> [Warning] Particle has nan or inf: False
2024-10-22 07:58:01,564 ERROR ===> [Warning] Strange loss or gradient.
2024-10-22 07:58:01,564 ERROR ===> [Warning] E: [546909.4], nu: [0.3214676], rho: [2145.831], sand_angle: [34.30165]
2024-10-22 07:58:01,564 ERROR ===> [Warning] Grad: [nan nan nan nan]
2024-10-22 07:58:01,564 ERROR ===> [Warning] Loss info: {'particle_has_naninf': False, 'height_map_loss': 37.32884979248047, 'emd_loss': 38.98087692260742, 'total_loss': 38.98087692260742}
2024-10-22 07:58:01,899 INFO ===> New TaichiEnv created.
2024-10-22 07:58:01,899 INFO ===> Specifications: horizon = 311, dt = 0.01, n_substeps = 20, dt_sub = 0.0005
2024-10-22 07:58:01,920 DEBUG loaded <trimesh.Trimesh(vertices.shape=(916, 3), faces.shape=(856, 3))> using `load_obj` in 0.0028s
2024-10-22 07:58:02,060 DEBUG loaded <trimesh.Trimesh(vertices.shape=(48, 3), faces.shape=(28, 3))> using `load_obj` in 0.0007s
2024-10-22 07:58:38,308 ERROR ===> [Warning] Aborting epoch: 70
2024-10-22 07:58:38,308 ERROR ===> [Warning] Particle has nan or inf: False
2024-10-22 07:58:38,308 ERROR ===> [Warning] Strange loss or gradient.
2024-10-22 07:58:38,308 ERROR ===> [Warning] E: [546909.4], nu: [0.3214676], rho: [2145.831], sand_angle: [34.30165]
2024-10-22 07:58:38,308 ERROR ===> [Warning] Grad: [nan nan nan nan]
2024-10-22 07:58:38,308 ERROR ===> [Warning] Loss info: {'particle_has_naninf': False, 'height_map_loss': 37.15636444091797, 'emd_loss': 38.98489761352539, 'total_loss': 38.98489761352539}
2024-10-22 07:58:38,670 INFO ===> New TaichiEnv created.
2024-10-22 07:58:38,670 INFO ===> Specifications: horizon = 311, dt = 0.01, n_substeps = 20, dt_sub = 0.0005
2024-10-22 07:58:38,692 DEBUG loaded <trimesh.Trimesh(vertices.shape=(916, 3), faces.shape=(856, 3))> using `load_obj` in 0.0028s
2024-10-22 07:58:38,862 DEBUG loaded <trimesh.Trimesh(vertices.shape=(48, 3), faces.shape=(28, 3))> using `load_obj` in 0.0009s
2024-10-22 07:59:15,674 ERROR ===> [Warning] Aborting epoch: 71
2024-10-22 07:59:15,674 ERROR ===> [Warning] Particle has nan or inf: False
2024-10-22 07:59:15,674 ERROR ===> [Warning] Strange loss or gradient.
2024-10-22 07:59:15,675 ERROR ===> [Warning] E: [546909.4], nu: [0.3214676], rho: [2145.831], sand_angle: [34.30165]
2024-10-22 07:59:15,675 ERROR ===> [Warning] Grad: [nan nan nan nan]
2024-10-22 07:59:15,675 ERROR ===> [Warning] Loss info: {'particle_has_naninf': False, 'height_map_loss': 37.2427978515625, 'emd_loss': 39.016868591308594, 'total_loss': 39.016868591308594}
2024-10-22 07:59:16,089 INFO ===> New TaichiEnv created.
2024-10-22 07:59:16,089 INFO ===> Specifications: horizon = 311, dt = 0.01, n_substeps = 20, dt_sub = 0.0005
2024-10-22 07:59:16,119 DEBUG loaded <trimesh.Trimesh(vertices.shape=(916, 3), faces.shape=(856, 3))> using `load_obj` in 0.0039s
2024-10-22 07:59:16,313 DEBUG loaded <trimesh.Trimesh(vertices.shape=(48, 3), faces.shape=(28, 3))> using `load_obj` in 0.0009s
2024-10-22 07:59:52,438 ERROR ===> [Warning] Aborting epoch: 72
2024-10-22 07:59:52,438 ERROR ===> [Warning] Particle has nan or inf: False
2024-10-22 07:59:52,438 ERROR ===> [Warning] Strange loss or gradient.
2024-10-22 07:59:52,438 ERROR ===> [Warning] E: [546909.4], nu: [0.3214676], rho: [2145.831], sand_angle: [34.30165]
2024-10-22 07:59:52,438 ERROR ===> [Warning] Grad: [nan nan nan nan]
2024-10-22 07:59:52,438 ERROR ===> [Warning] Loss info: {'particle_has_naninf': False, 'height_map_loss': 37.29869842529297, 'emd_loss': 39.087467193603516, 'total_loss': 39.087467193603516}
2024-10-22 07:59:52,786 INFO ===> New TaichiEnv created.
2024-10-22 07:59:52,786 INFO ===> Specifications: horizon = 311, dt = 0.01, n_substeps = 20, dt_sub = 0.0005
2024-10-22 07:59:52,809 DEBUG loaded <trimesh.Trimesh(vertices.shape=(916, 3), faces.shape=(856, 3))> using `load_obj` in 0.0028s
2024-10-22 07:59:52,956 DEBUG loaded <trimesh.Trimesh(vertices.shape=(48, 3), faces.shape=(28, 3))> using `load_obj` in 0.0007s
2024-10-22 08:00:28,969 ERROR ===> [Warning] Aborting epoch: 73
2024-10-22 08:00:28,969 ERROR ===> [Warning] Particle has nan or inf: False
2024-10-22 08:00:28,969 ERROR ===> [Warning] Strange loss or gradient.
2024-10-22 08:00:28,969 ERROR ===> [Warning] E: [546909.4], nu: [0.3214676], rho: [2145.831], sand_angle: [34.30165]
2024-10-22 08:00:28,969 ERROR ===> [Warning] Grad: [nan nan nan nan]
2024-10-22 08:00:28,969 ERROR ===> [Warning] Loss info: {'particle_has_naninf': False, 'height_map_loss': 37.21497344970703, 'emd_loss': 38.99612808227539, 'total_loss': 38.99612808227539}
2024-10-22 08:00:29,315 INFO ===> New TaichiEnv created.
2024-10-22 08:00:29,315 INFO ===> Specifications: horizon = 311, dt = 0.01, n_substeps = 20, dt_sub = 0.0005
2024-10-22 08:00:29,337 DEBUG loaded <trimesh.Trimesh(vertices.shape=(916, 3), faces.shape=(856, 3))> using `load_obj` in 0.0028s
2024-10-22 08:00:29,478 DEBUG loaded <trimesh.Trimesh(vertices.shape=(48, 3), faces.shape=(28, 3))> using `load_obj` in 0.0007s
2024-10-22 08:01:05,755 ERROR ===> [Warning] Aborting epoch: 74
2024-10-22 08:01:05,755 ERROR ===> [Warning] Particle has nan or inf: False
2024-10-22 08:01:05,755 ERROR ===> [Warning] Strange loss or gradient.
2024-10-22 08:01:05,755 ERROR ===> [Warning] E: [546909.4], nu: [0.3214676], rho: [2145.831], sand_angle: [34.30165]
2024-10-22 08:01:05,755 ERROR ===> [Warning] Grad: [nan nan nan nan]
2024-10-22 08:01:05,755 ERROR ===> [Warning] Loss info: {'particle_has_naninf': False, 'height_map_loss': 37.24385070800781, 'emd_loss': 38.98628234863281, 'total_loss': 38.98628234863281}
2024-10-22 08:01:06,091 INFO ===> New TaichiEnv created.
2024-10-22 08:01:06,091 INFO ===> Specifications: horizon = 311, dt = 0.01, n_substeps = 20, dt_sub = 0.0005
2024-10-22 08:01:06,113 DEBUG loaded <trimesh.Trimesh(vertices.shape=(916, 3), faces.shape=(856, 3))> using `load_obj` in 0.0028s
2024-10-22 08:01:06,253 DEBUG loaded <trimesh.Trimesh(vertices.shape=(48, 3), faces.shape=(28, 3))> using `load_obj` in 0.0007s
2024-10-22 08:01:42,780 ERROR ===> [Warning] Aborting epoch: 75
2024-10-22 08:01:42,780 ERROR ===> [Warning] Particle has nan or inf: False
2024-10-22 08:01:42,780 ERROR ===> [Warning] Strange loss or gradient.
2024-10-22 08:01:42,780 ERROR ===> [Warning] E: [546909.4], nu: [0.3214676], rho: [2145.831], sand_angle: [34.30165]
2024-10-22 08:01:42,780 ERROR ===> [Warning] Grad: [nan nan nan nan]
2024-10-22 08:01:42,780 ERROR ===> [Warning] Loss info: {'particle_has_naninf': False, 'height_map_loss': 37.29396438598633, 'emd_loss': 39.102073669433594, 'total_loss': 39.102073669433594}
2024-10-22 08:01:43,115 INFO ===> New TaichiEnv created.
2024-10-22 08:01:43,115 INFO ===> Specifications: horizon = 311, dt = 0.01, n_substeps = 20, dt_sub = 0.0005
2024-10-22 08:01:43,136 DEBUG loaded <trimesh.Trimesh(vertices.shape=(916, 3), faces.shape=(856, 3))> using `load_obj` in 0.0028s
2024-10-22 08:01:43,282 DEBUG loaded <trimesh.Trimesh(vertices.shape=(48, 3), faces.shape=(28, 3))> using `load_obj` in 0.0007s
2024-10-22 08:02:20,886 ERROR ===> [Warning] Aborting epoch: 76
2024-10-22 08:02:20,886 ERROR ===> [Warning] Particle has nan or inf: False
2024-10-22 08:02:20,886 ERROR ===> [Warning] Strange loss or gradient.
2024-10-22 08:02:20,886 ERROR ===> [Warning] E: [546909.4], nu: [0.3214676], rho: [2145.831], sand_angle: [34.30165]
2024-10-22 08:02:20,886 ERROR ===> [Warning] Grad: [nan nan nan nan]
2024-10-22 08:02:20,886 ERROR ===> [Warning] Loss info: {'particle_has_naninf': False, 'height_map_loss': 37.275508880615234, 'emd_loss': 39.05701446533203, 'total_loss': 39.05701446533203}
2024-10-22 08:02:21,276 INFO ===> New TaichiEnv created.
2024-10-22 08:02:21,276 INFO ===> Specifications: horizon = 311, dt = 0.01, n_substeps = 20, dt_sub = 0.0005
2024-10-22 08:02:21,298 DEBUG loaded <trimesh.Trimesh(vertices.shape=(916, 3), faces.shape=(856, 3))> using `load_obj` in 0.0028s
2024-10-22 08:02:21,439 DEBUG loaded <trimesh.Trimesh(vertices.shape=(48, 3), faces.shape=(28, 3))> using `load_obj` in 0.0007s
2024-10-22 08:02:58,582 ERROR ===> [Warning] Aborting epoch: 77
2024-10-22 08:02:58,582 ERROR ===> [Warning] Particle has nan or inf: False
2024-10-22 08:02:58,582 ERROR ===> [Warning] Strange loss or gradient.
2024-10-22 08:02:58,582 ERROR ===> [Warning] E: [546909.4], nu: [0.3214676], rho: [2145.831], sand_angle: [34.30165]
2024-10-22 08:02:58,582 ERROR ===> [Warning] Grad: [nan nan nan nan]
2024-10-22 08:02:58,582 ERROR ===> [Warning] Loss info: {'particle_has_naninf': False, 'height_map_loss': 37.11332321166992, 'emd_loss': 38.96796417236328, 'total_loss': 38.96796417236328}
2024-10-22 08:02:58,926 INFO ===> New TaichiEnv created.
2024-10-22 08:02:58,926 INFO ===> Specifications: horizon = 311, dt = 0.01, n_substeps = 20, dt_sub = 0.0005
2024-10-22 08:02:58,949 DEBUG loaded <trimesh.Trimesh(vertices.shape=(916, 3), faces.shape=(856, 3))> using `load_obj` in 0.0029s
2024-10-22 08:02:59,103 DEBUG loaded <trimesh.Trimesh(vertices.shape=(48, 3), faces.shape=(28, 3))> using `load_obj` in 0.0007s
2024-10-22 08:03:36,438 ERROR ===> [Warning] Aborting epoch: 78
2024-10-22 08:03:36,438 ERROR ===> [Warning] Particle has nan or inf: False
2024-10-22 08:03:36,438 ERROR ===> [Warning] Strange loss or gradient.
2024-10-22 08:03:36,438 ERROR ===> [Warning] E: [546909.4], nu: [0.3214676], rho: [2145.831], sand_angle: [34.30165]
2024-10-22 08:03:36,438 ERROR ===> [Warning] Grad: [nan nan nan nan]
2024-10-22 08:03:36,438 ERROR ===> [Warning] Loss info: {'particle_has_naninf': False, 'height_map_loss': 37.16227340698242, 'emd_loss': 39.047733306884766, 'total_loss': 39.047733306884766}
2024-10-22 08:03:36,792 INFO ===> New TaichiEnv created.
2024-10-22 08:03:36,793 INFO ===> Specifications: horizon = 311, dt = 0.01, n_substeps = 20, dt_sub = 0.0005
2024-10-22 08:03:36,816 DEBUG loaded <trimesh.Trimesh(vertices.shape=(916, 3), faces.shape=(856, 3))> using `load_obj` in 0.0029s
2024-10-22 08:03:36,968 DEBUG loaded <trimesh.Trimesh(vertices.shape=(48, 3), faces.shape=(28, 3))> using `load_obj` in 0.0007s
2024-10-22 08:04:13,108 ERROR ===> [Warning] Aborting epoch: 79
2024-10-22 08:04:13,108 ERROR ===> [Warning] Particle has nan or inf: False
2024-10-22 08:04:13,108 ERROR ===> [Warning] Strange loss or gradient.
2024-10-22 08:04:13,109 ERROR ===> [Warning] E: [546909.4], nu: [0.3214676], rho: [2145.831], sand_angle: [34.30165]
2024-10-22 08:04:13,109 ERROR ===> [Warning] Grad: [nan nan nan nan]
2024-10-22 08:04:13,109 ERROR ===> [Warning] Loss info: {'particle_has_naninf': False, 'height_map_loss': 37.24635314941406, 'emd_loss': 39.0200080871582, 'total_loss': 39.0200080871582}
2024-10-22 08:04:13,457 INFO ===> New TaichiEnv created.
2024-10-22 08:04:13,458 INFO ===> Specifications: horizon = 311, dt = 0.01, n_substeps = 20, dt_sub = 0.0005
2024-10-22 08:04:13,480 DEBUG loaded <trimesh.Trimesh(vertices.shape=(916, 3), faces.shape=(856, 3))> using `load_obj` in 0.0029s
2024-10-22 08:04:13,623 DEBUG loaded <trimesh.Trimesh(vertices.shape=(48, 3), faces.shape=(28, 3))> using `load_obj` in 0.0007s
2024-10-22 08:04:49,733 ERROR ===> [Warning] Aborting epoch: 80
2024-10-22 08:04:49,733 ERROR ===> [Warning] Particle has nan or inf: False
2024-10-22 08:04:49,733 ERROR ===> [Warning] Strange loss or gradient.
2024-10-22 08:04:49,733 ERROR ===> [Warning] E: [546909.4], nu: [0.3214676], rho: [2145.831], sand_angle: [34.30165]
2024-10-22 08:04:49,733 ERROR ===> [Warning] Grad: [nan nan nan nan]
2024-10-22 08:04:49,733 ERROR ===> [Warning] Loss info: {'particle_has_naninf': False, 'height_map_loss': 37.22292709350586, 'emd_loss': 39.00007629394531, 'total_loss': 39.00007629394531}
2024-10-22 08:04:50,068 INFO ===> New TaichiEnv created.
2024-10-22 08:04:50,068 INFO ===> Specifications: horizon = 311, dt = 0.01, n_substeps = 20, dt_sub = 0.0005
2024-10-22 08:04:50,090 DEBUG loaded <trimesh.Trimesh(vertices.shape=(916, 3), faces.shape=(856, 3))> using `load_obj` in 0.0028s
2024-10-22 08:04:50,231 DEBUG loaded <trimesh.Trimesh(vertices.shape=(48, 3), faces.shape=(28, 3))> using `load_obj` in 0.0007s
2024-10-22 08:05:26,640 ERROR ===> [Warning] Aborting epoch: 81
2024-10-22 08:05:26,640 ERROR ===> [Warning] Particle has nan or inf: False
2024-10-22 08:05:26,640 ERROR ===> [Warning] Strange loss or gradient.
2024-10-22 08:05:26,640 ERROR ===> [Warning] E: [546909.4], nu: [0.3214676], rho: [2145.831], sand_angle: [34.30165]
2024-10-22 08:05:26,640 ERROR ===> [Warning] Grad: [nan nan nan nan]
2024-10-22 08:05:26,640 ERROR ===> [Warning] Loss info: {'particle_has_naninf': False, 'height_map_loss': 37.39405059814453, 'emd_loss': 38.98756408691406, 'total_loss': 38.98756408691406}
2024-10-22 08:05:26,974 INFO ===> New TaichiEnv created.
2024-10-22 08:05:26,974 INFO ===> Specifications: horizon = 311, dt = 0.01, n_substeps = 20, dt_sub = 0.0005
2024-10-22 08:05:26,996 DEBUG loaded <trimesh.Trimesh(vertices.shape=(916, 3), faces.shape=(856, 3))> using `load_obj` in 0.0028s
2024-10-22 08:05:27,139 DEBUG loaded <trimesh.Trimesh(vertices.shape=(48, 3), faces.shape=(28, 3))> using `load_obj` in 0.0007s
2024-10-22 08:06:04,151 ERROR ===> [Warning] Aborting epoch: 82
2024-10-22 08:06:04,151 ERROR ===> [Warning] Particle has nan or inf: False
2024-10-22 08:06:04,151 ERROR ===> [Warning] Strange loss or gradient.
2024-10-22 08:06:04,151 ERROR ===> [Warning] E: [546909.4], nu: [0.3214676], rho: [2145.831], sand_angle: [34.30165]
2024-10-22 08:06:04,151 ERROR ===> [Warning] Grad: [nan nan nan nan]
2024-10-22 08:06:04,151 ERROR ===> [Warning] Loss info: {'particle_has_naninf': False, 'height_map_loss': 37.26121139526367, 'emd_loss': 39.04777145385742, 'total_loss': 39.04777145385742}
2024-10-22 08:06:04,488 INFO ===> New TaichiEnv created.
2024-10-22 08:06:04,488 INFO ===> Specifications: horizon = 311, dt = 0.01, n_substeps = 20, dt_sub = 0.0005
2024-10-22 08:06:04,510 DEBUG loaded <trimesh.Trimesh(vertices.shape=(916, 3), faces.shape=(856, 3))> using `load_obj` in 0.0028s
2024-10-22 08:06:04,655 DEBUG loaded <trimesh.Trimesh(vertices.shape=(48, 3), faces.shape=(28, 3))> using `load_obj` in 0.0007s
2024-10-22 08:06:40,741 ERROR ===> [Warning] Aborting epoch: 83
2024-10-22 08:06:40,741 ERROR ===> [Warning] Particle has nan or inf: False
2024-10-22 08:06:40,741 ERROR ===> [Warning] Strange loss or gradient.
2024-10-22 08:06:40,741 ERROR ===> [Warning] E: [546909.4], nu: [0.3214676], rho: [2145.831], sand_angle: [34.30165]
2024-10-22 08:06:40,741 ERROR ===> [Warning] Grad: [nan nan nan nan]
2024-10-22 08:06:40,741 ERROR ===> [Warning] Loss info: {'particle_has_naninf': False, 'height_map_loss': 37.22978973388672, 'emd_loss': 39.04545974731445, 'total_loss': 39.04545974731445}
2024-10-22 08:06:41,091 INFO ===> New TaichiEnv created.
2024-10-22 08:06:41,091 INFO ===> Specifications: horizon = 311, dt = 0.01, n_substeps = 20, dt_sub = 0.0005
2024-10-22 08:06:41,116 DEBUG loaded <trimesh.Trimesh(vertices.shape=(916, 3), faces.shape=(856, 3))> using `load_obj` in 0.0028s
2024-10-22 08:06:41,263 DEBUG loaded <trimesh.Trimesh(vertices.shape=(48, 3), faces.shape=(28, 3))> using `load_obj` in 0.0007s
2024-10-22 08:07:17,355 ERROR ===> [Warning] Aborting epoch: 84
2024-10-22 08:07:17,355 ERROR ===> [Warning] Particle has nan or inf: False
2024-10-22 08:07:17,355 ERROR ===> [Warning] Strange loss or gradient.
2024-10-22 08:07:17,355 ERROR ===> [Warning] E: [546909.4], nu: [0.3214676], rho: [2145.831], sand_angle: [34.30165]
2024-10-22 08:07:17,355 ERROR ===> [Warning] Grad: [nan nan nan nan]
2024-10-22 08:07:17,355 ERROR ===> [Warning] Loss info: {'particle_has_naninf': False, 'height_map_loss': 37.07029342651367, 'emd_loss': 38.90278625488281, 'total_loss': 38.90278625488281}
2024-10-22 08:07:17,772 INFO ===> New TaichiEnv created.
2024-10-22 08:07:17,772 INFO ===> Specifications: horizon = 311, dt = 0.01, n_substeps = 20, dt_sub = 0.0005
2024-10-22 08:07:17,802 DEBUG loaded <trimesh.Trimesh(vertices.shape=(916, 3), faces.shape=(856, 3))> using `load_obj` in 0.0039s
2024-10-22 08:07:17,996 DEBUG loaded <trimesh.Trimesh(vertices.shape=(48, 3), faces.shape=(28, 3))> using `load_obj` in 0.0009s
2024-10-22 08:07:54,633 ERROR ===> [Warning] Aborting epoch: 85
2024-10-22 08:07:54,633 ERROR ===> [Warning] Particle has nan or inf: False
2024-10-22 08:07:54,633 ERROR ===> [Warning] Strange loss or gradient.
2024-10-22 08:07:54,633 ERROR ===> [Warning] E: [546909.4], nu: [0.3214676], rho: [2145.831], sand_angle: [34.30165]
2024-10-22 08:07:54,633 ERROR ===> [Warning] Grad: [nan nan nan nan]
2024-10-22 08:07:54,633 ERROR ===> [Warning] Loss info: {'particle_has_naninf': False, 'height_map_loss': 37.316829681396484, 'emd_loss': 38.9763069152832, 'total_loss': 38.9763069152832}
2024-10-22 08:07:54,998 INFO ===> New TaichiEnv created.
2024-10-22 08:07:54,998 INFO ===> Specifications: horizon = 311, dt = 0.01, n_substeps = 20, dt_sub = 0.0005
2024-10-22 08:07:55,021 DEBUG loaded <trimesh.Trimesh(vertices.shape=(916, 3), faces.shape=(856, 3))> using `load_obj` in 0.0028s
2024-10-22 08:07:55,178 DEBUG loaded <trimesh.Trimesh(vertices.shape=(48, 3), faces.shape=(28, 3))> using `load_obj` in 0.0007s
2024-10-22 08:08:31,465 ERROR ===> [Warning] Aborting epoch: 86
2024-10-22 08:08:31,465 ERROR ===> [Warning] Particle has nan or inf: False
2024-10-22 08:08:31,465 ERROR ===> [Warning] Strange loss or gradient.
2024-10-22 08:08:31,465 ERROR ===> [Warning] E: [546909.4], nu: [0.3214676], rho: [2145.831], sand_angle: [34.30165]
2024-10-22 08:08:31,465 ERROR ===> [Warning] Grad: [nan nan nan nan]
2024-10-22 08:08:31,465 ERROR ===> [Warning] Loss info: {'particle_has_naninf': False, 'height_map_loss': 37.292381286621094, 'emd_loss': 38.984169006347656, 'total_loss': 38.984169006347656}
2024-10-22 08:08:31,811 INFO ===> New TaichiEnv created.
2024-10-22 08:08:31,812 INFO ===> Specifications: horizon = 311, dt = 0.01, n_substeps = 20, dt_sub = 0.0005
2024-10-22 08:08:31,834 DEBUG loaded <trimesh.Trimesh(vertices.shape=(916, 3), faces.shape=(856, 3))> using `load_obj` in 0.0027s
2024-10-22 08:08:31,977 DEBUG loaded <trimesh.Trimesh(vertices.shape=(48, 3), faces.shape=(28, 3))> using `load_obj` in 0.0007s
2024-10-22 08:09:09,442 ERROR ===> [Warning] Aborting epoch: 87
2024-10-22 08:09:09,442 ERROR ===> [Warning] Particle has nan or inf: False
2024-10-22 08:09:09,442 ERROR ===> [Warning] Strange loss or gradient.
2024-10-22 08:09:09,442 ERROR ===> [Warning] E: [546909.4], nu: [0.3214676], rho: [2145.831], sand_angle: [34.30165]
2024-10-22 08:09:09,442 ERROR ===> [Warning] Grad: [nan nan nan nan]
2024-10-22 08:09:09,442 ERROR ===> [Warning] Loss info: {'particle_has_naninf': False, 'height_map_loss': 37.231197357177734, 'emd_loss': 39.086395263671875, 'total_loss': 39.086395263671875}
2024-10-22 08:09:09,782 INFO ===> New TaichiEnv created.
2024-10-22 08:09:09,783 INFO ===> Specifications: horizon = 311, dt = 0.01, n_substeps = 20, dt_sub = 0.0005
2024-10-22 08:09:09,805 DEBUG loaded <trimesh.Trimesh(vertices.shape=(916, 3), faces.shape=(856, 3))> using `load_obj` in 0.0028s
2024-10-22 08:09:09,953 DEBUG loaded <trimesh.Trimesh(vertices.shape=(48, 3), faces.shape=(28, 3))> using `load_obj` in 0.0007s
2024-10-22 08:09:46,353 ERROR ===> [Warning] Aborting epoch: 88
2024-10-22 08:09:46,353 ERROR ===> [Warning] Particle has nan or inf: False
2024-10-22 08:09:46,353 ERROR ===> [Warning] Strange loss or gradient.
2024-10-22 08:09:46,353 ERROR ===> [Warning] E: [546909.4], nu: [0.3214676], rho: [2145.831], sand_angle: [34.30165]
2024-10-22 08:09:46,353 ERROR ===> [Warning] Grad: [nan nan nan nan]
2024-10-22 08:09:46,353 ERROR ===> [Warning] Loss info: {'particle_has_naninf': False, 'height_map_loss': 37.216915130615234, 'emd_loss': 38.992095947265625, 'total_loss': 38.992095947265625}
2024-10-22 08:09:46,695 INFO ===> New TaichiEnv created.
2024-10-22 08:09:46,695 INFO ===> Specifications: horizon = 311, dt = 0.01, n_substeps = 20, dt_sub = 0.0005
2024-10-22 08:09:46,719 DEBUG loaded <trimesh.Trimesh(vertices.shape=(916, 3), faces.shape=(856, 3))> using `load_obj` in 0.0037s
2024-10-22 08:09:46,867 DEBUG loaded <trimesh.Trimesh(vertices.shape=(48, 3), faces.shape=(28, 3))> using `load_obj` in 0.0007s
2024-10-22 08:10:23,834 ERROR ===> [Warning] Aborting epoch: 89
2024-10-22 08:10:23,834 ERROR ===> [Warning] Particle has nan or inf: False
2024-10-22 08:10:23,834 ERROR ===> [Warning] Strange loss or gradient.
2024-10-22 08:10:23,835 ERROR ===> [Warning] E: [546909.4], nu: [0.3214676], rho: [2145.831], sand_angle: [34.30165]
2024-10-22 08:10:23,835 ERROR ===> [Warning] Grad: [nan nan nan nan]
2024-10-22 08:10:23,835 ERROR ===> [Warning] Loss info: {'particle_has_naninf': False, 'height_map_loss': 37.2382698059082, 'emd_loss': 39.01396179199219, 'total_loss': 39.01396179199219}
2024-10-22 08:10:24,184 INFO ===> New TaichiEnv created.
2024-10-22 08:10:24,184 INFO ===> Specifications: horizon = 311, dt = 0.01, n_substeps = 20, dt_sub = 0.0005
2024-10-22 08:10:24,207 DEBUG loaded <trimesh.Trimesh(vertices.shape=(916, 3), faces.shape=(856, 3))> using `load_obj` in 0.0028s
2024-10-22 08:10:24,352 DEBUG loaded <trimesh.Trimesh(vertices.shape=(48, 3), faces.shape=(28, 3))> using `load_obj` in 0.0007s
2024-10-22 08:11:00,569 ERROR ===> [Warning] Aborting epoch: 90
2024-10-22 08:11:00,569 ERROR ===> [Warning] Particle has nan or inf: False
2024-10-22 08:11:00,569 ERROR ===> [Warning] Strange loss or gradient.
2024-10-22 08:11:00,569 ERROR ===> [Warning] E: [546909.4], nu: [0.3214676], rho: [2145.831], sand_angle: [34.30165]
2024-10-22 08:11:00,569 ERROR ===> [Warning] Grad: [nan nan nan nan]
2024-10-22 08:11:00,569 ERROR ===> [Warning] Loss info: {'particle_has_naninf': False, 'height_map_loss': 37.22531509399414, 'emd_loss': 39.09975814819336, 'total_loss': 39.09975814819336}
2024-10-22 08:11:00,915 INFO ===> New TaichiEnv created.
2024-10-22 08:11:00,915 INFO ===> Specifications: horizon = 311, dt = 0.01, n_substeps = 20, dt_sub = 0.0005
2024-10-22 08:11:00,938 DEBUG loaded <trimesh.Trimesh(vertices.shape=(916, 3), faces.shape=(856, 3))> using `load_obj` in 0.0029s
2024-10-22 08:11:01,089 DEBUG loaded <trimesh.Trimesh(vertices.shape=(48, 3), faces.shape=(28, 3))> using `load_obj` in 0.0007s
2024-10-22 08:11:37,632 ERROR ===> [Warning] Aborting epoch: 91
2024-10-22 08:11:37,633 ERROR ===> [Warning] Particle has nan or inf: False
2024-10-22 08:11:37,633 ERROR ===> [Warning] Strange loss or gradient.
2024-10-22 08:11:37,633 ERROR ===> [Warning] E: [546909.4], nu: [0.3214676], rho: [2145.831], sand_angle: [34.30165]
2024-10-22 08:11:37,633 ERROR ===> [Warning] Grad: [nan nan nan nan]
2024-10-22 08:11:37,633 ERROR ===> [Warning] Loss info: {'particle_has_naninf': False, 'height_map_loss': 37.15339660644531, 'emd_loss': 38.98234176635742, 'total_loss': 38.98234176635742}
2024-10-22 08:11:37,990 INFO ===> New TaichiEnv created.
2024-10-22 08:11:37,990 INFO ===> Specifications: horizon = 311, dt = 0.01, n_substeps = 20, dt_sub = 0.0005
2024-10-22 08:11:38,013 DEBUG loaded <trimesh.Trimesh(vertices.shape=(916, 3), faces.shape=(856, 3))> using `load_obj` in 0.0028s
2024-10-22 08:11:38,163 DEBUG loaded <trimesh.Trimesh(vertices.shape=(48, 3), faces.shape=(28, 3))> using `load_obj` in 0.0007s
2024-10-22 08:12:14,320 ERROR ===> [Warning] Aborting epoch: 92
2024-10-22 08:12:14,320 ERROR ===> [Warning] Particle has nan or inf: False
2024-10-22 08:12:14,320 ERROR ===> [Warning] Strange loss or gradient.
2024-10-22 08:12:14,320 ERROR ===> [Warning] E: [546909.4], nu: [0.3214676], rho: [2145.831], sand_angle: [34.30165]
2024-10-22 08:12:14,320 ERROR ===> [Warning] Grad: [nan nan nan nan]
2024-10-22 08:12:14,320 ERROR ===> [Warning] Loss info: {'particle_has_naninf': False, 'height_map_loss': 37.20663070678711, 'emd_loss': 39.022300720214844, 'total_loss': 39.022300720214844}
2024-10-22 08:12:14,672 INFO ===> New TaichiEnv created.
2024-10-22 08:12:14,672 INFO ===> Specifications: horizon = 311, dt = 0.01, n_substeps = 20, dt_sub = 0.0005
2024-10-22 08:12:14,696 DEBUG loaded <trimesh.Trimesh(vertices.shape=(916, 3), faces.shape=(856, 3))> using `load_obj` in 0.0028s
2024-10-22 08:12:14,847 DEBUG loaded <trimesh.Trimesh(vertices.shape=(48, 3), faces.shape=(28, 3))> using `load_obj` in 0.0007s
2024-10-22 08:12:50,799 ERROR ===> [Warning] Aborting epoch: 93
2024-10-22 08:12:50,799 ERROR ===> [Warning] Particle has nan or inf: False
2024-10-22 08:12:50,799 ERROR ===> [Warning] Strange loss or gradient.
2024-10-22 08:12:50,800 ERROR ===> [Warning] E: [546909.4], nu: [0.3214676], rho: [2145.831], sand_angle: [34.30165]
2024-10-22 08:12:50,800 ERROR ===> [Warning] Grad: [nan nan nan nan]
2024-10-22 08:12:50,800 ERROR ===> [Warning] Loss info: {'particle_has_naninf': False, 'height_map_loss': 37.30594253540039, 'emd_loss': 39.07579803466797, 'total_loss': 39.07579803466797}
2024-10-22 08:12:51,152 INFO ===> New TaichiEnv created.
2024-10-22 08:12:51,152 INFO ===> Specifications: horizon = 311, dt = 0.01, n_substeps = 20, dt_sub = 0.0005
2024-10-22 08:12:51,175 DEBUG loaded <trimesh.Trimesh(vertices.shape=(916, 3), faces.shape=(856, 3))> using `load_obj` in 0.0028s
2024-10-22 08:12:51,319 DEBUG loaded <trimesh.Trimesh(vertices.shape=(48, 3), faces.shape=(28, 3))> using `load_obj` in 0.0007s
2024-10-22 08:13:27,492 ERROR ===> [Warning] Aborting epoch: 94
2024-10-22 08:13:27,492 ERROR ===> [Warning] Particle has nan or inf: False
2024-10-22 08:13:27,492 ERROR ===> [Warning] Strange loss or gradient.
2024-10-22 08:13:27,492 ERROR ===> [Warning] E: [546909.4], nu: [0.3214676], rho: [2145.831], sand_angle: [34.30165]
2024-10-22 08:13:27,492 ERROR ===> [Warning] Grad: [nan nan nan nan]
2024-10-22 08:13:27,492 ERROR ===> [Warning] Loss info: {'particle_has_naninf': False, 'height_map_loss': 37.12837219238281, 'emd_loss': 39.057945251464844, 'total_loss': 39.057945251464844}
2024-10-22 08:13:27,847 INFO ===> New TaichiEnv created.
2024-10-22 08:13:27,847 INFO ===> Specifications: horizon = 311, dt = 0.01, n_substeps = 20, dt_sub = 0.0005
2024-10-22 08:13:27,870 DEBUG loaded <trimesh.Trimesh(vertices.shape=(916, 3), faces.shape=(856, 3))> using `load_obj` in 0.0028s
2024-10-22 08:13:28,015 DEBUG loaded <trimesh.Trimesh(vertices.shape=(48, 3), faces.shape=(28, 3))> using `load_obj` in 0.0007s
2024-10-22 08:14:04,401 ERROR ===> [Warning] Aborting epoch: 95
2024-10-22 08:14:04,401 ERROR ===> [Warning] Particle has nan or inf: False
2024-10-22 08:14:04,401 ERROR ===> [Warning] Strange loss or gradient.
2024-10-22 08:14:04,401 ERROR ===> [Warning] E: [546909.4], nu: [0.3214676], rho: [2145.831], sand_angle: [34.30165]
2024-10-22 08:14:04,401 ERROR ===> [Warning] Grad: [nan nan nan nan]
2024-10-22 08:14:04,401 ERROR ===> [Warning] Loss info: {'particle_has_naninf': False, 'height_map_loss': 37.26134490966797, 'emd_loss': 39.035091400146484, 'total_loss': 39.035091400146484}
2024-10-22 08:14:04,741 INFO ===> New TaichiEnv created.
2024-10-22 08:14:04,741 INFO ===> Specifications: horizon = 311, dt = 0.01, n_substeps = 20, dt_sub = 0.0005
2024-10-22 08:14:04,763 DEBUG loaded <trimesh.Trimesh(vertices.shape=(916, 3), faces.shape=(856, 3))> using `load_obj` in 0.0028s
2024-10-22 08:14:04,903 DEBUG loaded <trimesh.Trimesh(vertices.shape=(48, 3), faces.shape=(28, 3))> using `load_obj` in 0.0007s
2024-10-22 08:14:41,082 ERROR ===> [Warning] Aborting epoch: 96
2024-10-22 08:14:41,082 ERROR ===> [Warning] Particle has nan or inf: False
2024-10-22 08:14:41,082 ERROR ===> [Warning] Strange loss or gradient.
2024-10-22 08:14:41,082 ERROR ===> [Warning] E: [546909.4], nu: [0.3214676], rho: [2145.831], sand_angle: [34.30165]
2024-10-22 08:14:41,082 ERROR ===> [Warning] Grad: [nan nan nan nan]
2024-10-22 08:14:41,082 ERROR ===> [Warning] Loss info: {'particle_has_naninf': False, 'height_map_loss': 37.20412826538086, 'emd_loss': 38.971187591552734, 'total_loss': 38.971187591552734}
2024-10-22 08:14:41,419 INFO ===> New TaichiEnv created.
2024-10-22 08:14:41,419 INFO ===> Specifications: horizon = 311, dt = 0.01, n_substeps = 20, dt_sub = 0.0005
2024-10-22 08:14:41,441 DEBUG loaded <trimesh.Trimesh(vertices.shape=(916, 3), faces.shape=(856, 3))> using `load_obj` in 0.0029s
2024-10-22 08:14:41,586 DEBUG loaded <trimesh.Trimesh(vertices.shape=(48, 3), faces.shape=(28, 3))> using `load_obj` in 0.0007s
2024-10-22 08:15:18,695 ERROR ===> [Warning] Aborting epoch: 97
2024-10-22 08:15:18,695 ERROR ===> [Warning] Particle has nan or inf: False
2024-10-22 08:15:18,695 ERROR ===> [Warning] Strange loss or gradient.
2024-10-22 08:15:18,695 ERROR ===> [Warning] E: [546909.4], nu: [0.3214676], rho: [2145.831], sand_angle: [34.30165]
2024-10-22 08:15:18,695 ERROR ===> [Warning] Grad: [nan nan nan nan]
2024-10-22 08:15:18,695 ERROR ===> [Warning] Loss info: {'particle_has_naninf': False, 'height_map_loss': 37.27429962158203, 'emd_loss': 39.01731872558594, 'total_loss': 39.01731872558594}
2024-10-22 08:15:19,048 INFO ===> New TaichiEnv created.
2024-10-22 08:15:19,048 INFO ===> Specifications: horizon = 311, dt = 0.01, n_substeps = 20, dt_sub = 0.0005
2024-10-22 08:15:19,071 DEBUG loaded <trimesh.Trimesh(vertices.shape=(916, 3), faces.shape=(856, 3))> using `load_obj` in 0.0029s
2024-10-22 08:15:19,222 DEBUG loaded <trimesh.Trimesh(vertices.shape=(48, 3), faces.shape=(28, 3))> using `load_obj` in 0.0007s
2024-10-22 08:15:55,529 ERROR ===> [Warning] Aborting epoch: 98
2024-10-22 08:15:55,529 ERROR ===> [Warning] Particle has nan or inf: False
2024-10-22 08:15:55,529 ERROR ===> [Warning] Strange loss or gradient.
2024-10-22 08:15:55,529 ERROR ===> [Warning] E: [546909.4], nu: [0.3214676], rho: [2145.831], sand_angle: [34.30165]
2024-10-22 08:15:55,530 ERROR ===> [Warning] Grad: [nan nan nan nan]
2024-10-22 08:15:55,530 ERROR ===> [Warning] Loss info: {'particle_has_naninf': False, 'height_map_loss': 37.44466018676758, 'emd_loss': 39.071903228759766, 'total_loss': 39.071903228759766}
2024-10-22 08:15:55,881 INFO ===> New TaichiEnv created.
2024-10-22 08:15:55,882 INFO ===> Specifications: horizon = 311, dt = 0.01, n_substeps = 20, dt_sub = 0.0005
2024-10-22 08:15:55,904 DEBUG loaded <trimesh.Trimesh(vertices.shape=(916, 3), faces.shape=(856, 3))> using `load_obj` in 0.0029s
2024-10-22 08:15:56,069 DEBUG loaded <trimesh.Trimesh(vertices.shape=(48, 3), faces.shape=(28, 3))> using `load_obj` in 0.0008s
2024-10-22 08:16:31,780 ERROR ===> [Warning] Aborting epoch: 99
2024-10-22 08:16:31,780 ERROR ===> [Warning] Particle has nan or inf: False
2024-10-22 08:16:31,781 ERROR ===> [Warning] Strange loss or gradient.
2024-10-22 08:16:31,781 ERROR ===> [Warning] E: [546909.4], nu: [0.3214676], rho: [2145.831], sand_angle: [34.30165]
2024-10-22 08:16:31,781 ERROR ===> [Warning] Grad: [nan nan nan nan]
2024-10-22 08:16:31,781 ERROR ===> [Warning] Loss info: {'particle_has_naninf': False, 'height_map_loss': 37.21378707885742, 'emd_loss': 39.0010986328125, 'total_loss': 39.0010986328125}
2024-10-22 08:16:32,145 INFO ===> New TaichiEnv created.
2024-10-22 08:16:32,145 INFO ===> Specifications: horizon = 311, dt = 0.01, n_substeps = 20, dt_sub = 0.0005
2024-10-22 08:16:32,169 DEBUG loaded <trimesh.Trimesh(vertices.shape=(916, 3), faces.shape=(856, 3))> using `load_obj` in 0.0029s
2024-10-22 08:16:32,323 DEBUG loaded <trimesh.Trimesh(vertices.shape=(48, 3), faces.shape=(28, 3))> using `load_obj` in 0.0007s
2024-10-22 08:17:08,300 ERROR ===> [Warning] Aborting epoch: 100
2024-10-22 08:17:08,301 ERROR ===> [Warning] Particle has nan or inf: False
2024-10-22 08:17:08,301 ERROR ===> [Warning] Strange loss or gradient.
2024-10-22 08:17:08,301 ERROR ===> [Warning] E: [546909.4], nu: [0.3214676], rho: [2145.831], sand_angle: [34.30165]
2024-10-22 08:17:08,301 ERROR ===> [Warning] Grad: [nan nan nan nan]
2024-10-22 08:17:08,301 ERROR ===> [Warning] Loss info: {'particle_has_naninf': False, 'height_map_loss': 37.1873664855957, 'emd_loss': 38.923789978027344, 'total_loss': 38.923789978027344}
2024-10-22 08:17:08,642 INFO ===> New TaichiEnv created.
2024-10-22 08:17:08,642 INFO ===> Specifications: horizon = 311, dt = 0.01, n_substeps = 20, dt_sub = 0.0005
2024-10-22 08:17:08,664 DEBUG loaded <trimesh.Trimesh(vertices.shape=(916, 3), faces.shape=(856, 3))> using `load_obj` in 0.0028s
2024-10-22 08:17:08,810 DEBUG loaded <trimesh.Trimesh(vertices.shape=(48, 3), faces.shape=(28, 3))> using `load_obj` in 0.0007s
2024-10-22 08:17:45,022 ERROR ===> [Warning] Aborting epoch: 101
2024-10-22 08:17:45,022 ERROR ===> [Warning] Particle has nan or inf: False
2024-10-22 08:17:45,022 ERROR ===> [Warning] Strange loss or gradient.
2024-10-22 08:17:45,022 ERROR ===> [Warning] E: [546909.4], nu: [0.3214676], rho: [2145.831], sand_angle: [34.30165]
2024-10-22 08:17:45,022 ERROR ===> [Warning] Grad: [nan nan nan nan]
2024-10-22 08:17:45,022 ERROR ===> [Warning] Loss info: {'particle_has_naninf': False, 'height_map_loss': 37.21879196166992, 'emd_loss': 39.026092529296875, 'total_loss': 39.026092529296875}
2024-10-22 08:17:45,357 INFO ===> New TaichiEnv created.
2024-10-22 08:17:45,357 INFO ===> Specifications: horizon = 311, dt = 0.01, n_substeps = 20, dt_sub = 0.0005
2024-10-22 08:17:45,379 DEBUG loaded <trimesh.Trimesh(vertices.shape=(916, 3), faces.shape=(856, 3))> using `load_obj` in 0.0028s
2024-10-22 08:17:45,523 DEBUG loaded <trimesh.Trimesh(vertices.shape=(48, 3), faces.shape=(28, 3))> using `load_obj` in 0.0007s
2024-10-22 08:18:21,671 ERROR ===> [Warning] Aborting epoch: 102
2024-10-22 08:18:21,671 ERROR ===> [Warning] Particle has nan or inf: False
2024-10-22 08:18:21,671 ERROR ===> [Warning] Strange loss or gradient.
2024-10-22 08:18:21,671 ERROR ===> [Warning] E: [546909.4], nu: [0.3214676], rho: [2145.831], sand_angle: [34.30165]
2024-10-22 08:18:21,672 ERROR ===> [Warning] Grad: [nan nan nan nan]
2024-10-22 08:18:21,672 ERROR ===> [Warning] Loss info: {'particle_has_naninf': False, 'height_map_loss': 37.11601638793945, 'emd_loss': 38.96689224243164, 'total_loss': 38.96689224243164}
2024-10-22 08:18:22,008 INFO ===> New TaichiEnv created.
2024-10-22 08:18:22,008 INFO ===> Specifications: horizon = 311, dt = 0.01, n_substeps = 20, dt_sub = 0.0005
2024-10-22 08:18:22,030 DEBUG loaded <trimesh.Trimesh(vertices.shape=(916, 3), faces.shape=(856, 3))> using `load_obj` in 0.0028s
2024-10-22 08:18:22,173 DEBUG loaded <trimesh.Trimesh(vertices.shape=(48, 3), faces.shape=(28, 3))> using `load_obj` in 0.0007s
2024-10-22 08:18:58,368 ERROR ===> [Warning] Aborting epoch: 103
2024-10-22 08:18:58,368 ERROR ===> [Warning] Particle has nan or inf: False
2024-10-22 08:18:58,368 ERROR ===> [Warning] Strange loss or gradient.
2024-10-22 08:18:58,368 ERROR ===> [Warning] E: [546909.4], nu: [0.3214676], rho: [2145.831], sand_angle: [34.30165]
2024-10-22 08:18:58,368 ERROR ===> [Warning] Grad: [nan nan nan nan]
2024-10-22 08:18:58,368 ERROR ===> [Warning] Loss info: {'particle_has_naninf': False, 'height_map_loss': 37.21921920776367, 'emd_loss': 38.95780944824219, 'total_loss': 38.95780944824219}
2024-10-22 08:18:58,713 INFO ===> New TaichiEnv created.
2024-10-22 08:18:58,713 INFO ===> Specifications: horizon = 311, dt = 0.01, n_substeps = 20, dt_sub = 0.0005
2024-10-22 08:18:58,735 DEBUG loaded <trimesh.Trimesh(vertices.shape=(916, 3), faces.shape=(856, 3))> using `load_obj` in 0.0030s
2024-10-22 08:18:58,883 DEBUG loaded <trimesh.Trimesh(vertices.shape=(48, 3), faces.shape=(28, 3))> using `load_obj` in 0.0007s
2024-10-22 08:19:35,206 ERROR ===> [Warning] Aborting epoch: 104
2024-10-22 08:19:35,206 ERROR ===> [Warning] Particle has nan or inf: False
2024-10-22 08:19:35,206 ERROR ===> [Warning] Strange loss or gradient.
2024-10-22 08:19:35,206 ERROR ===> [Warning] E: [546909.4], nu: [0.3214676], rho: [2145.831], sand_angle: [34.30165]
2024-10-22 08:19:35,206 ERROR ===> [Warning] Grad: [nan nan nan nan]
2024-10-22 08:19:35,206 ERROR ===> [Warning] Loss info: {'particle_has_naninf': False, 'height_map_loss': 37.155311584472656, 'emd_loss': 39.01888656616211, 'total_loss': 39.01888656616211}
2024-10-22 08:19:35,553 INFO ===> New TaichiEnv created.
2024-10-22 08:19:35,553 INFO ===> Specifications: horizon = 311, dt = 0.01, n_substeps = 20, dt_sub = 0.0005
2024-10-22 08:19:35,575 DEBUG loaded <trimesh.Trimesh(vertices.shape=(916, 3), faces.shape=(856, 3))> using `load_obj` in 0.0028s
2024-10-22 08:19:35,721 DEBUG loaded <trimesh.Trimesh(vertices.shape=(48, 3), faces.shape=(28, 3))> using `load_obj` in 0.0007s
2024-10-22 08:20:12,933 ERROR ===> [Warning] Aborting epoch: 105
2024-10-22 08:20:12,933 ERROR ===> [Warning] Particle has nan or inf: False
2024-10-22 08:20:12,933 ERROR ===> [Warning] Strange loss or gradient.
2024-10-22 08:20:12,934 ERROR ===> [Warning] E: [546909.4], nu: [0.3214676], rho: [2145.831], sand_angle: [34.30165]
2024-10-22 08:20:12,934 ERROR ===> [Warning] Grad: [nan nan nan nan]
2024-10-22 08:20:12,934 ERROR ===> [Warning] Loss info: {'particle_has_naninf': False, 'height_map_loss': 37.3070182800293, 'emd_loss': 39.080833435058594, 'total_loss': 39.080833435058594}
2024-10-22 08:20:13,332 INFO ===> New TaichiEnv created.
2024-10-22 08:20:13,332 INFO ===> Specifications: horizon = 311, dt = 0.01, n_substeps = 20, dt_sub = 0.0005
2024-10-22 08:20:13,355 DEBUG loaded <trimesh.Trimesh(vertices.shape=(916, 3), faces.shape=(856, 3))> using `load_obj` in 0.0029s
2024-10-22 08:20:13,555 DEBUG loaded <trimesh.Trimesh(vertices.shape=(48, 3), faces.shape=(28, 3))> using `load_obj` in 0.0007s
2024-10-22 08:20:50,967 ERROR ===> [Warning] Aborting epoch: 106
2024-10-22 08:20:50,967 ERROR ===> [Warning] Particle has nan or inf: False
2024-10-22 08:20:50,967 ERROR ===> [Warning] Strange loss or gradient.
2024-10-22 08:20:50,967 ERROR ===> [Warning] E: [546909.4], nu: [0.3214676], rho: [2145.831], sand_angle: [34.30165]
2024-10-22 08:20:50,967 ERROR ===> [Warning] Grad: [nan nan nan nan]
2024-10-22 08:20:50,967 ERROR ===> [Warning] Loss info: {'particle_has_naninf': False, 'height_map_loss': 37.142738342285156, 'emd_loss': 39.00901412963867, 'total_loss': 39.00901412963867}
2024-10-22 08:20:51,327 INFO ===> New TaichiEnv created.
2024-10-22 08:20:51,327 INFO ===> Specifications: horizon = 311, dt = 0.01, n_substeps = 20, dt_sub = 0.0005
2024-10-22 08:20:51,350 DEBUG loaded <trimesh.Trimesh(vertices.shape=(916, 3), faces.shape=(856, 3))> using `load_obj` in 0.0028s
2024-10-22 08:20:51,501 DEBUG loaded <trimesh.Trimesh(vertices.shape=(48, 3), faces.shape=(28, 3))> using `load_obj` in 0.0007s
2024-10-22 08:21:27,733 ERROR ===> [Warning] Aborting epoch: 107
2024-10-22 08:21:27,733 ERROR ===> [Warning] Particle has nan or inf: False
2024-10-22 08:21:27,733 ERROR ===> [Warning] Strange loss or gradient.
2024-10-22 08:21:27,733 ERROR ===> [Warning] E: [546909.4], nu: [0.3214676], rho: [2145.831], sand_angle: [34.30165]
2024-10-22 08:21:27,733 ERROR ===> [Warning] Grad: [nan nan nan nan]
2024-10-22 08:21:27,733 ERROR ===> [Warning] Loss info: {'particle_has_naninf': False, 'height_map_loss': 37.26552200317383, 'emd_loss': 39.017696380615234, 'total_loss': 39.017696380615234}
2024-10-22 08:21:28,079 INFO ===> New TaichiEnv created.
2024-10-22 08:21:28,079 INFO ===> Specifications: horizon = 311, dt = 0.01, n_substeps = 20, dt_sub = 0.0005
2024-10-22 08:21:28,101 DEBUG loaded <trimesh.Trimesh(vertices.shape=(916, 3), faces.shape=(856, 3))> using `load_obj` in 0.0027s
2024-10-22 08:21:28,243 DEBUG loaded <trimesh.Trimesh(vertices.shape=(48, 3), faces.shape=(28, 3))> using `load_obj` in 0.0007s
2024-10-22 08:22:05,429 ERROR ===> [Warning] Aborting epoch: 108
2024-10-22 08:22:05,430 ERROR ===> [Warning] Particle has nan or inf: False
2024-10-22 08:22:05,430 ERROR ===> [Warning] Strange loss or gradient.
2024-10-22 08:22:05,430 ERROR ===> [Warning] E: [546909.4], nu: [0.3214676], rho: [2145.831], sand_angle: [34.30165]
2024-10-22 08:22:05,430 ERROR ===> [Warning] Grad: [nan nan nan nan]
2024-10-22 08:22:05,430 ERROR ===> [Warning] Loss info: {'particle_has_naninf': False, 'height_map_loss': 37.27279281616211, 'emd_loss': 39.052459716796875, 'total_loss': 39.052459716796875}
2024-10-22 08:22:05,789 INFO ===> New TaichiEnv created.
2024-10-22 08:22:05,789 INFO ===> Specifications: horizon = 311, dt = 0.01, n_substeps = 20, dt_sub = 0.0005
2024-10-22 08:22:05,810 DEBUG loaded <trimesh.Trimesh(vertices.shape=(916, 3), faces.shape=(856, 3))> using `load_obj` in 0.0028s
2024-10-22 08:22:05,951 DEBUG loaded <trimesh.Trimesh(vertices.shape=(48, 3), faces.shape=(28, 3))> using `load_obj` in 0.0007s
2024-10-22 08:22:43,726 ERROR ===> [Warning] Aborting epoch: 109
2024-10-22 08:22:43,727 ERROR ===> [Warning] Particle has nan or inf: False
2024-10-22 08:22:43,727 ERROR ===> [Warning] Strange loss or gradient.
2024-10-22 08:22:43,727 ERROR ===> [Warning] E: [546909.4], nu: [0.3214676], rho: [2145.831], sand_angle: [34.30165]
2024-10-22 08:22:43,727 ERROR ===> [Warning] Grad: [nan nan nan nan]
2024-10-22 08:22:43,727 ERROR ===> [Warning] Loss info: {'particle_has_naninf': False, 'height_map_loss': 37.30438995361328, 'emd_loss': 39.03989028930664, 'total_loss': 39.03989028930664}
2024-10-22 08:22:44,069 INFO ===> New TaichiEnv created.
2024-10-22 08:22:44,069 INFO ===> Specifications: horizon = 311, dt = 0.01, n_substeps = 20, dt_sub = 0.0005
2024-10-22 08:22:44,091 DEBUG loaded <trimesh.Trimesh(vertices.shape=(916, 3), faces.shape=(856, 3))> using `load_obj` in 0.0028s
2024-10-22 08:22:44,240 DEBUG loaded <trimesh.Trimesh(vertices.shape=(48, 3), faces.shape=(28, 3))> using `load_obj` in 0.0007s
2024-10-22 08:23:21,459 ERROR ===> [Warning] Aborting epoch: 110
2024-10-22 08:23:21,459 ERROR ===> [Warning] Particle has nan or inf: False
2024-10-22 08:23:21,459 ERROR ===> [Warning] Strange loss or gradient.
2024-10-22 08:23:21,459 ERROR ===> [Warning] E: [546909.4], nu: [0.3214676], rho: [2145.831], sand_angle: [34.30165]
2024-10-22 08:23:21,459 ERROR ===> [Warning] Grad: [nan nan nan nan]
2024-10-22 08:23:21,459 ERROR ===> [Warning] Loss info: {'particle_has_naninf': False, 'height_map_loss': 37.15024948120117, 'emd_loss': 38.96196365356445, 'total_loss': 38.96196365356445}
2024-10-22 08:23:21,878 INFO ===> New TaichiEnv created.
2024-10-22 08:23:21,878 INFO ===> Specifications: horizon = 311, dt = 0.01, n_substeps = 20, dt_sub = 0.0005
2024-10-22 08:23:21,900 DEBUG loaded <trimesh.Trimesh(vertices.shape=(916, 3), faces.shape=(856, 3))> using `load_obj` in 0.0028s
2024-10-22 08:23:22,044 DEBUG loaded <trimesh.Trimesh(vertices.shape=(48, 3), faces.shape=(28, 3))> using `load_obj` in 0.0007s
2024-10-22 08:23:58,149 ERROR ===> [Warning] Aborting epoch: 111
2024-10-22 08:23:58,150 ERROR ===> [Warning] Particle has nan or inf: False
2024-10-22 08:23:58,150 ERROR ===> [Warning] Strange loss or gradient.
2024-10-22 08:23:58,150 ERROR ===> [Warning] E: [546909.4], nu: [0.3214676], rho: [2145.831], sand_angle: [34.30165]
2024-10-22 08:23:58,150 ERROR ===> [Warning] Grad: [nan nan nan nan]
2024-10-22 08:23:58,150 ERROR ===> [Warning] Loss info: {'particle_has_naninf': False, 'height_map_loss': 37.08214569091797, 'emd_loss': 39.046226501464844, 'total_loss': 39.046226501464844}
2024-10-22 08:23:58,577 INFO ===> New TaichiEnv created.
2024-10-22 08:23:58,577 INFO ===> Specifications: horizon = 311, dt = 0.01, n_substeps = 20, dt_sub = 0.0005
2024-10-22 08:23:58,608 DEBUG loaded <trimesh.Trimesh(vertices.shape=(916, 3), faces.shape=(856, 3))> using `load_obj` in 0.0038s
2024-10-22 08:23:58,821 DEBUG loaded <trimesh.Trimesh(vertices.shape=(48, 3), faces.shape=(28, 3))> using `load_obj` in 0.0010s
2024-10-22 08:24:36,679 ERROR ===> [Warning] Aborting epoch: 112
2024-10-22 08:24:36,679 ERROR ===> [Warning] Particle has nan or inf: False
2024-10-22 08:24:36,679 ERROR ===> [Warning] Strange loss or gradient.
2024-10-22 08:24:36,679 ERROR ===> [Warning] E: [546909.4], nu: [0.3214676], rho: [2145.831], sand_angle: [34.30165]
2024-10-22 08:24:36,679 ERROR ===> [Warning] Grad: [nan nan nan nan]
2024-10-22 08:24:36,679 ERROR ===> [Warning] Loss info: {'particle_has_naninf': False, 'height_map_loss': 37.060325622558594, 'emd_loss': 39.027687072753906, 'total_loss': 39.027687072753906}
2024-10-22 08:24:37,043 INFO ===> New TaichiEnv created.
2024-10-22 08:24:37,043 INFO ===> Specifications: horizon = 311, dt = 0.01, n_substeps = 20, dt_sub = 0.0005
2024-10-22 08:24:37,066 DEBUG loaded <trimesh.Trimesh(vertices.shape=(916, 3), faces.shape=(856, 3))> using `load_obj` in 0.0030s
2024-10-22 08:24:37,219 DEBUG loaded <trimesh.Trimesh(vertices.shape=(48, 3), faces.shape=(28, 3))> using `load_obj` in 0.0007s
2024-10-22 08:25:14,325 ERROR ===> [Warning] Aborting epoch: 113
2024-10-22 08:25:14,325 ERROR ===> [Warning] Particle has nan or inf: False
2024-10-22 08:25:14,325 ERROR ===> [Warning] Strange loss or gradient.
2024-10-22 08:25:14,325 ERROR ===> [Warning] E: [546909.4], nu: [0.3214676], rho: [2145.831], sand_angle: [34.30165]
2024-10-22 08:25:14,325 ERROR ===> [Warning] Grad: [nan nan nan nan]
2024-10-22 08:25:14,325 ERROR ===> [Warning] Loss info: {'particle_has_naninf': False, 'height_map_loss': 37.2999382019043, 'emd_loss': 38.97015380859375, 'total_loss': 38.97015380859375}
2024-10-22 08:25:14,681 INFO ===> New TaichiEnv created.
2024-10-22 08:25:14,681 INFO ===> Specifications: horizon = 311, dt = 0.01, n_substeps = 20, dt_sub = 0.0005
2024-10-22 08:25:14,703 DEBUG loaded <trimesh.Trimesh(vertices.shape=(916, 3), faces.shape=(856, 3))> using `load_obj` in 0.0028s
2024-10-22 08:25:14,857 DEBUG loaded <trimesh.Trimesh(vertices.shape=(48, 3), faces.shape=(28, 3))> using `load_obj` in 0.0007s
2024-10-22 08:25:50,718 ERROR ===> [Warning] Aborting epoch: 114
2024-10-22 08:25:50,718 ERROR ===> [Warning] Particle has nan or inf: False
2024-10-22 08:25:50,718 ERROR ===> [Warning] Strange loss or gradient.
2024-10-22 08:25:50,718 ERROR ===> [Warning] E: [546909.4], nu: [0.3214676], rho: [2145.831], sand_angle: [34.30165]
2024-10-22 08:25:50,718 ERROR ===> [Warning] Grad: [nan nan nan nan]
2024-10-22 08:25:50,718 ERROR ===> [Warning] Loss info: {'particle_has_naninf': False, 'height_map_loss': 37.344486236572266, 'emd_loss': 39.11294174194336, 'total_loss': 39.11294174194336}
2024-10-22 08:25:51,057 INFO ===> New TaichiEnv created.
2024-10-22 08:25:51,057 INFO ===> Specifications: horizon = 311, dt = 0.01, n_substeps = 20, dt_sub = 0.0005
2024-10-22 08:25:51,079 DEBUG loaded <trimesh.Trimesh(vertices.shape=(916, 3), faces.shape=(856, 3))> using `load_obj` in 0.0029s
2024-10-22 08:25:51,223 DEBUG loaded <trimesh.Trimesh(vertices.shape=(48, 3), faces.shape=(28, 3))> using `load_obj` in 0.0007s
2024-10-22 08:26:27,651 ERROR ===> [Warning] Aborting epoch: 115
2024-10-22 08:26:27,652 ERROR ===> [Warning] Particle has nan or inf: False
2024-10-22 08:26:27,652 ERROR ===> [Warning] Strange loss or gradient.
2024-10-22 08:26:27,652 ERROR ===> [Warning] E: [546909.4], nu: [0.3214676], rho: [2145.831], sand_angle: [34.30165]
2024-10-22 08:26:27,652 ERROR ===> [Warning] Grad: [nan nan nan nan]
2024-10-22 08:26:27,652 ERROR ===> [Warning] Loss info: {'particle_has_naninf': False, 'height_map_loss': 37.216949462890625, 'emd_loss': 39.007877349853516, 'total_loss': 39.007877349853516}
2024-10-22 08:26:28,030 INFO ===> New TaichiEnv created.
2024-10-22 08:26:28,030 INFO ===> Specifications: horizon = 311, dt = 0.01, n_substeps = 20, dt_sub = 0.0005
2024-10-22 08:26:28,052 DEBUG loaded <trimesh.Trimesh(vertices.shape=(916, 3), faces.shape=(856, 3))> using `load_obj` in 0.0028s
2024-10-22 08:26:28,195 DEBUG loaded <trimesh.Trimesh(vertices.shape=(48, 3), faces.shape=(28, 3))> using `load_obj` in 0.0007s
2024-10-22 08:27:04,398 ERROR ===> [Warning] Aborting epoch: 116
2024-10-22 08:27:04,398 ERROR ===> [Warning] Particle has nan or inf: False
2024-10-22 08:27:04,398 ERROR ===> [Warning] Strange loss or gradient.
2024-10-22 08:27:04,398 ERROR ===> [Warning] E: [546909.4], nu: [0.3214676], rho: [2145.831], sand_angle: [34.30165]
2024-10-22 08:27:04,398 ERROR ===> [Warning] Grad: [nan nan nan nan]
2024-10-22 08:27:04,398 ERROR ===> [Warning] Loss info: {'particle_has_naninf': False, 'height_map_loss': 37.18429946899414, 'emd_loss': 38.927268981933594, 'total_loss': 38.927268981933594}
2024-10-22 08:27:04,812 INFO ===> New TaichiEnv created.
2024-10-22 08:27:04,813 INFO ===> Specifications: horizon = 311, dt = 0.01, n_substeps = 20, dt_sub = 0.0005
2024-10-22 08:27:04,835 DEBUG loaded <trimesh.Trimesh(vertices.shape=(916, 3), faces.shape=(856, 3))> using `load_obj` in 0.0028s
2024-10-22 08:27:04,978 DEBUG loaded <trimesh.Trimesh(vertices.shape=(48, 3), faces.shape=(28, 3))> using `load_obj` in 0.0007s
2024-10-22 08:27:41,251 ERROR ===> [Warning] Aborting epoch: 117
2024-10-22 08:27:41,251 ERROR ===> [Warning] Particle has nan or inf: False
2024-10-22 08:27:41,251 ERROR ===> [Warning] Strange loss or gradient.
2024-10-22 08:27:41,251 ERROR ===> [Warning] E: [546909.4], nu: [0.3214676], rho: [2145.831], sand_angle: [34.30165]
2024-10-22 08:27:41,251 ERROR ===> [Warning] Grad: [nan nan nan nan]
2024-10-22 08:27:41,251 ERROR ===> [Warning] Loss info: {'particle_has_naninf': False, 'height_map_loss': 37.06278610229492, 'emd_loss': 38.880638122558594, 'total_loss': 38.880638122558594}
2024-10-22 08:27:41,596 INFO ===> New TaichiEnv created.
2024-10-22 08:27:41,596 INFO ===> Specifications: horizon = 311, dt = 0.01, n_substeps = 20, dt_sub = 0.0005
2024-10-22 08:27:41,618 DEBUG loaded <trimesh.Trimesh(vertices.shape=(916, 3), faces.shape=(856, 3))> using `load_obj` in 0.0028s
2024-10-22 08:27:41,765 DEBUG loaded <trimesh.Trimesh(vertices.shape=(48, 3), faces.shape=(28, 3))> using `load_obj` in 0.0007s
2024-10-22 08:28:18,046 ERROR ===> [Warning] Aborting epoch: 118
2024-10-22 08:28:18,046 ERROR ===> [Warning] Particle has nan or inf: False
2024-10-22 08:28:18,046 ERROR ===> [Warning] Strange loss or gradient.
2024-10-22 08:28:18,046 ERROR ===> [Warning] E: [546909.4], nu: [0.3214676], rho: [2145.831], sand_angle: [34.30165]
2024-10-22 08:28:18,046 ERROR ===> [Warning] Grad: [nan nan nan nan]
2024-10-22 08:28:18,046 ERROR ===> [Warning] Loss info: {'particle_has_naninf': False, 'height_map_loss': 37.2358283996582, 'emd_loss': 39.03915023803711, 'total_loss': 39.03915023803711}
2024-10-22 08:28:18,510 INFO ===> New TaichiEnv created.
2024-10-22 08:28:18,511 INFO ===> Specifications: horizon = 311, dt = 0.01, n_substeps = 20, dt_sub = 0.0005
2024-10-22 08:28:18,540 DEBUG loaded <trimesh.Trimesh(vertices.shape=(916, 3), faces.shape=(856, 3))> using `load_obj` in 0.0039s
2024-10-22 08:28:18,732 DEBUG loaded <trimesh.Trimesh(vertices.shape=(48, 3), faces.shape=(28, 3))> using `load_obj` in 0.0008s
2024-10-22 08:28:56,911 ERROR ===> [Warning] Aborting epoch: 119
2024-10-22 08:28:56,911 ERROR ===> [Warning] Particle has nan or inf: False
2024-10-22 08:28:56,911 ERROR ===> [Warning] Strange loss or gradient.
2024-10-22 08:28:56,912 ERROR ===> [Warning] E: [546909.4], nu: [0.3214676], rho: [2145.831], sand_angle: [34.30165]
2024-10-22 08:28:56,912 ERROR ===> [Warning] Grad: [nan nan nan nan]
2024-10-22 08:28:56,912 ERROR ===> [Warning] Loss info: {'particle_has_naninf': False, 'height_map_loss': 37.20765686035156, 'emd_loss': 39.093509674072266, 'total_loss': 39.093509674072266}
2024-10-22 08:28:57,273 INFO ===> New TaichiEnv created.
2024-10-22 08:28:57,274 INFO ===> Specifications: horizon = 311, dt = 0.01, n_substeps = 20, dt_sub = 0.0005
2024-10-22 08:28:57,297 DEBUG loaded <trimesh.Trimesh(vertices.shape=(916, 3), faces.shape=(856, 3))> using `load_obj` in 0.0028s
2024-10-22 08:28:57,453 DEBUG loaded <trimesh.Trimesh(vertices.shape=(48, 3), faces.shape=(28, 3))> using `load_obj` in 0.0007s
2024-10-22 08:29:33,640 ERROR ===> [Warning] Aborting epoch: 120
2024-10-22 08:29:33,640 ERROR ===> [Warning] Particle has nan or inf: False
2024-10-22 08:29:33,640 ERROR ===> [Warning] Strange loss or gradient.
2024-10-22 08:29:33,640 ERROR ===> [Warning] E: [546909.4], nu: [0.3214676], rho: [2145.831], sand_angle: [34.30165]
2024-10-22 08:29:33,640 ERROR ===> [Warning] Grad: [nan nan nan nan]
2024-10-22 08:29:33,640 ERROR ===> [Warning] Loss info: {'particle_has_naninf': False, 'height_map_loss': 37.14883804321289, 'emd_loss': 38.92853927612305, 'total_loss': 38.92853927612305}
2024-10-22 08:29:33,981 INFO ===> New TaichiEnv created.
2024-10-22 08:29:33,981 INFO ===> Specifications: horizon = 311, dt = 0.01, n_substeps = 20, dt_sub = 0.0005
2024-10-22 08:29:34,003 DEBUG loaded <trimesh.Trimesh(vertices.shape=(916, 3), faces.shape=(856, 3))> using `load_obj` in 0.0028s
2024-10-22 08:29:34,146 DEBUG loaded <trimesh.Trimesh(vertices.shape=(48, 3), faces.shape=(28, 3))> using `load_obj` in 0.0007s
2024-10-22 08:30:10,313 ERROR ===> [Warning] Aborting epoch: 121
2024-10-22 08:30:10,313 ERROR ===> [Warning] Particle has nan or inf: False
2024-10-22 08:30:10,313 ERROR ===> [Warning] Strange loss or gradient.
2024-10-22 08:30:10,313 ERROR ===> [Warning] E: [546909.4], nu: [0.3214676], rho: [2145.831], sand_angle: [34.30165]
2024-10-22 08:30:10,314 ERROR ===> [Warning] Grad: [nan nan nan nan]
2024-10-22 08:30:10,314 ERROR ===> [Warning] Loss info: {'particle_has_naninf': False, 'height_map_loss': 37.296104431152344, 'emd_loss': 39.07661437988281, 'total_loss': 39.07661437988281}
2024-10-22 08:30:10,658 INFO ===> New TaichiEnv created.
2024-10-22 08:30:10,658 INFO ===> Specifications: horizon = 311, dt = 0.01, n_substeps = 20, dt_sub = 0.0005
2024-10-22 08:30:10,680 DEBUG loaded <trimesh.Trimesh(vertices.shape=(916, 3), faces.shape=(856, 3))> using `load_obj` in 0.0028s
2024-10-22 08:30:10,824 DEBUG loaded <trimesh.Trimesh(vertices.shape=(48, 3), faces.shape=(28, 3))> using `load_obj` in 0.0007s
2024-10-22 08:30:46,797 ERROR ===> [Warning] Aborting epoch: 122
2024-10-22 08:30:46,797 ERROR ===> [Warning] Particle has nan or inf: False
2024-10-22 08:30:46,797 ERROR ===> [Warning] Strange loss or gradient.
2024-10-22 08:30:46,797 ERROR ===> [Warning] E: [546909.4], nu: [0.3214676], rho: [2145.831], sand_angle: [34.30165]
2024-10-22 08:30:46,797 ERROR ===> [Warning] Grad: [nan nan nan nan]
2024-10-22 08:30:46,797 ERROR ===> [Warning] Loss info: {'particle_has_naninf': False, 'height_map_loss': 37.148658752441406, 'emd_loss': 39.01234436035156, 'total_loss': 39.01234436035156}
2024-10-22 08:30:47,141 INFO ===> New TaichiEnv created.
2024-10-22 08:30:47,141 INFO ===> Specifications: horizon = 311, dt = 0.01, n_substeps = 20, dt_sub = 0.0005
2024-10-22 08:30:47,162 DEBUG loaded <trimesh.Trimesh(vertices.shape=(916, 3), faces.shape=(856, 3))> using `load_obj` in 0.0028s
2024-10-22 08:30:47,305 DEBUG loaded <trimesh.Trimesh(vertices.shape=(48, 3), faces.shape=(28, 3))> using `load_obj` in 0.0007s
2024-10-22 08:31:23,978 ERROR ===> [Warning] Aborting epoch: 123
2024-10-22 08:31:23,978 ERROR ===> [Warning] Particle has nan or inf: False
2024-10-22 08:31:23,978 ERROR ===> [Warning] Strange loss or gradient.
2024-10-22 08:31:23,979 ERROR ===> [Warning] E: [546909.4], nu: [0.3214676], rho: [2145.831], sand_angle: [34.30165]
2024-10-22 08:31:23,979 ERROR ===> [Warning] Grad: [nan nan nan nan]
2024-10-22 08:31:23,979 ERROR ===> [Warning] Loss info: {'particle_has_naninf': False, 'height_map_loss': 37.18586349487305, 'emd_loss': 38.9912109375, 'total_loss': 38.9912109375}
2024-10-22 08:31:24,314 INFO ===> New TaichiEnv created.
2024-10-22 08:31:24,315 INFO ===> Specifications: horizon = 311, dt = 0.01, n_substeps = 20, dt_sub = 0.0005
2024-10-22 08:31:24,337 DEBUG loaded <trimesh.Trimesh(vertices.shape=(916, 3), faces.shape=(856, 3))> using `load_obj` in 0.0028s
2024-10-22 08:31:24,477 DEBUG loaded <trimesh.Trimesh(vertices.shape=(48, 3), faces.shape=(28, 3))> using `load_obj` in 0.0007s
2024-10-22 08:32:00,844 ERROR ===> [Warning] Aborting epoch: 124
2024-10-22 08:32:00,844 ERROR ===> [Warning] Particle has nan or inf: False
2024-10-22 08:32:00,844 ERROR ===> [Warning] Strange loss or gradient.
2024-10-22 08:32:00,844 ERROR ===> [Warning] E: [546909.4], nu: [0.3214676], rho: [2145.831], sand_angle: [34.30165]
2024-10-22 08:32:00,844 ERROR ===> [Warning] Grad: [nan nan nan nan]
2024-10-22 08:32:00,844 ERROR ===> [Warning] Loss info: {'particle_has_naninf': False, 'height_map_loss': 37.24078369140625, 'emd_loss': 39.0062141418457, 'total_loss': 39.0062141418457}
2024-10-22 08:32:01,194 INFO ===> New TaichiEnv created.
2024-10-22 08:32:01,194 INFO ===> Specifications: horizon = 311, dt = 0.01, n_substeps = 20, dt_sub = 0.0005
2024-10-22 08:32:01,216 DEBUG loaded <trimesh.Trimesh(vertices.shape=(916, 3), faces.shape=(856, 3))> using `load_obj` in 0.0029s
2024-10-22 08:32:01,360 DEBUG loaded <trimesh.Trimesh(vertices.shape=(48, 3), faces.shape=(28, 3))> using `load_obj` in 0.0007s
2024-10-22 08:32:37,506 ERROR ===> [Warning] Aborting epoch: 125
2024-10-22 08:32:37,506 ERROR ===> [Warning] Particle has nan or inf: False
2024-10-22 08:32:37,506 ERROR ===> [Warning] Strange loss or gradient.
2024-10-22 08:32:37,506 ERROR ===> [Warning] E: [546909.4], nu: [0.3214676], rho: [2145.831], sand_angle: [34.30165]
2024-10-22 08:32:37,506 ERROR ===> [Warning] Grad: [nan nan nan nan]
2024-10-22 08:32:37,506 ERROR ===> [Warning] Loss info: {'particle_has_naninf': False, 'height_map_loss': 37.202518463134766, 'emd_loss': 38.95484161376953, 'total_loss': 38.95484161376953}
2024-10-22 08:32:37,916 INFO ===> New TaichiEnv created.
2024-10-22 08:32:37,916 INFO ===> Specifications: horizon = 311, dt = 0.01, n_substeps = 20, dt_sub = 0.0005
2024-10-22 08:32:37,939 DEBUG loaded <trimesh.Trimesh(vertices.shape=(916, 3), faces.shape=(856, 3))> using `load_obj` in 0.0029s
2024-10-22 08:32:38,091 DEBUG loaded <trimesh.Trimesh(vertices.shape=(48, 3), faces.shape=(28, 3))> using `load_obj` in 0.0007s
2024-10-22 08:33:14,537 ERROR ===> [Warning] Aborting epoch: 126
2024-10-22 08:33:14,537 ERROR ===> [Warning] Particle has nan or inf: False
2024-10-22 08:33:14,537 ERROR ===> [Warning] Strange loss or gradient.
2024-10-22 08:33:14,537 ERROR ===> [Warning] E: [546909.4], nu: [0.3214676], rho: [2145.831], sand_angle: [34.30165]
2024-10-22 08:33:14,537 ERROR ===> [Warning] Grad: [nan nan nan nan]
2024-10-22 08:33:14,537 ERROR ===> [Warning] Loss info: {'particle_has_naninf': False, 'height_map_loss': 37.24863052368164, 'emd_loss': 39.023101806640625, 'total_loss': 39.023101806640625}
2024-10-22 08:33:14,897 INFO ===> New TaichiEnv created.
2024-10-22 08:33:14,897 INFO ===> Specifications: horizon = 311, dt = 0.01, n_substeps = 20, dt_sub = 0.0005
2024-10-22 08:33:14,920 DEBUG loaded <trimesh.Trimesh(vertices.shape=(916, 3), faces.shape=(856, 3))> using `load_obj` in 0.0029s
2024-10-22 08:33:15,070 DEBUG loaded <trimesh.Trimesh(vertices.shape=(48, 3), faces.shape=(28, 3))> using `load_obj` in 0.0007s
2024-10-22 08:33:51,509 ERROR ===> [Warning] Aborting epoch: 127
2024-10-22 08:33:51,509 ERROR ===> [Warning] Particle has nan or inf: False
2024-10-22 08:33:51,509 ERROR ===> [Warning] Strange loss or gradient.
2024-10-22 08:33:51,510 ERROR ===> [Warning] E: [546909.4], nu: [0.3214676], rho: [2145.831], sand_angle: [34.30165]
2024-10-22 08:33:51,510 ERROR ===> [Warning] Grad: [nan nan nan nan]
2024-10-22 08:33:51,510 ERROR ===> [Warning] Loss info: {'particle_has_naninf': False, 'height_map_loss': 37.32255172729492, 'emd_loss': 38.97865295410156, 'total_loss': 38.97865295410156}
2024-10-22 08:33:51,866 INFO ===> New TaichiEnv created.
2024-10-22 08:33:51,866 INFO ===> Specifications: horizon = 311, dt = 0.01, n_substeps = 20, dt_sub = 0.0005
2024-10-22 08:33:51,888 DEBUG loaded <trimesh.Trimesh(vertices.shape=(916, 3), faces.shape=(856, 3))> using `load_obj` in 0.0027s
2024-10-22 08:33:52,032 DEBUG loaded <trimesh.Trimesh(vertices.shape=(48, 3), faces.shape=(28, 3))> using `load_obj` in 0.0007s
2024-10-22 08:34:28,205 ERROR ===> [Warning] Aborting epoch: 128
2024-10-22 08:34:28,205 ERROR ===> [Warning] Particle has nan or inf: False
2024-10-22 08:34:28,205 ERROR ===> [Warning] Strange loss or gradient.
2024-10-22 08:34:28,205 ERROR ===> [Warning] E: [546909.4], nu: [0.3214676], rho: [2145.831], sand_angle: [34.30165]
2024-10-22 08:34:28,205 ERROR ===> [Warning] Grad: [nan nan nan nan]
2024-10-22 08:34:28,205 ERROR ===> [Warning] Loss info: {'particle_has_naninf': False, 'height_map_loss': 37.2269172668457, 'emd_loss': 39.04686737060547, 'total_loss': 39.04686737060547}
2024-10-22 08:34:28,612 INFO ===> New TaichiEnv created.
2024-10-22 08:34:28,612 INFO ===> Specifications: horizon = 311, dt = 0.01, n_substeps = 20, dt_sub = 0.0005
2024-10-22 08:34:28,634 DEBUG loaded <trimesh.Trimesh(vertices.shape=(916, 3), faces.shape=(856, 3))> using `load_obj` in 0.0028s
2024-10-22 08:34:28,774 DEBUG loaded <trimesh.Trimesh(vertices.shape=(48, 3), faces.shape=(28, 3))> using `load_obj` in 0.0007s
2024-10-22 08:35:04,749 ERROR ===> [Warning] Aborting epoch: 129
2024-10-22 08:35:04,749 ERROR ===> [Warning] Particle has nan or inf: False
2024-10-22 08:35:04,749 ERROR ===> [Warning] Strange loss or gradient.
2024-10-22 08:35:04,749 ERROR ===> [Warning] E: [546909.4], nu: [0.3214676], rho: [2145.831], sand_angle: [34.30165]
2024-10-22 08:35:04,749 ERROR ===> [Warning] Grad: [nan nan nan nan]
2024-10-22 08:35:04,749 ERROR ===> [Warning] Loss info: {'particle_has_naninf': False, 'height_map_loss': 37.13494110107422, 'emd_loss': 39.00003433227539, 'total_loss': 39.00003433227539}
2024-10-22 08:35:05,131 INFO ===> New TaichiEnv created.
2024-10-22 08:35:05,131 INFO ===> Specifications: horizon = 311, dt = 0.01, n_substeps = 20, dt_sub = 0.0005
2024-10-22 08:35:05,153 DEBUG loaded <trimesh.Trimesh(vertices.shape=(916, 3), faces.shape=(856, 3))> using `load_obj` in 0.0028s
2024-10-22 08:35:05,298 DEBUG loaded <trimesh.Trimesh(vertices.shape=(48, 3), faces.shape=(28, 3))> using `load_obj` in 0.0007s
2024-10-22 08:35:41,784 ERROR ===> [Warning] Aborting epoch: 130
2024-10-22 08:35:41,784 ERROR ===> [Warning] Particle has nan or inf: False
2024-10-22 08:35:41,784 ERROR ===> [Warning] Strange loss or gradient.
2024-10-22 08:35:41,784 ERROR ===> [Warning] E: [546909.4], nu: [0.3214676], rho: [2145.831], sand_angle: [34.30165]
2024-10-22 08:35:41,784 ERROR ===> [Warning] Grad: [nan nan nan nan]
2024-10-22 08:35:41,784 ERROR ===> [Warning] Loss info: {'particle_has_naninf': False, 'height_map_loss': 37.19827651977539, 'emd_loss': 39.04650115966797, 'total_loss': 39.04650115966797}
2024-10-22 08:35:42,132 INFO ===> New TaichiEnv created.
2024-10-22 08:35:42,132 INFO ===> Specifications: horizon = 311, dt = 0.01, n_substeps = 20, dt_sub = 0.0005
2024-10-22 08:35:42,154 DEBUG loaded <trimesh.Trimesh(vertices.shape=(916, 3), faces.shape=(856, 3))> using `load_obj` in 0.0028s
2024-10-22 08:35:42,297 DEBUG loaded <trimesh.Trimesh(vertices.shape=(48, 3), faces.shape=(28, 3))> using `load_obj` in 0.0007s
2024-10-22 08:36:18,964 ERROR ===> [Warning] Aborting epoch: 131
2024-10-22 08:36:18,964 ERROR ===> [Warning] Particle has nan or inf: False
2024-10-22 08:36:18,964 ERROR ===> [Warning] Strange loss or gradient.
2024-10-22 08:36:18,964 ERROR ===> [Warning] E: [546909.4], nu: [0.3214676], rho: [2145.831], sand_angle: [34.30165]
2024-10-22 08:36:18,964 ERROR ===> [Warning] Grad: [nan nan nan nan]
2024-10-22 08:36:18,964 ERROR ===> [Warning] Loss info: {'particle_has_naninf': False, 'height_map_loss': 37.18284225463867, 'emd_loss': 38.94482421875, 'total_loss': 38.94482421875}
2024-10-22 08:36:19,315 INFO ===> New TaichiEnv created.
2024-10-22 08:36:19,315 INFO ===> Specifications: horizon = 311, dt = 0.01, n_substeps = 20, dt_sub = 0.0005
2024-10-22 08:36:19,336 DEBUG loaded <trimesh.Trimesh(vertices.shape=(916, 3), faces.shape=(856, 3))> using `load_obj` in 0.0028s
2024-10-22 08:36:19,476 DEBUG loaded <trimesh.Trimesh(vertices.shape=(48, 3), faces.shape=(28, 3))> using `load_obj` in 0.0007s
2024-10-22 08:36:56,809 ERROR ===> [Warning] Aborting epoch: 132
2024-10-22 08:36:56,809 ERROR ===> [Warning] Particle has nan or inf: False
2024-10-22 08:36:56,809 ERROR ===> [Warning] Strange loss or gradient.
2024-10-22 08:36:56,809 ERROR ===> [Warning] E: [546909.4], nu: [0.3214676], rho: [2145.831], sand_angle: [34.30165]
2024-10-22 08:36:56,809 ERROR ===> [Warning] Grad: [nan nan nan nan]
2024-10-22 08:36:56,809 ERROR ===> [Warning] Loss info: {'particle_has_naninf': False, 'height_map_loss': 37.16741943359375, 'emd_loss': 38.9948616027832, 'total_loss': 38.9948616027832}
2024-10-22 08:36:57,238 INFO ===> New TaichiEnv created.
2024-10-22 08:36:57,238 INFO ===> Specifications: horizon = 311, dt = 0.01, n_substeps = 20, dt_sub = 0.0005
2024-10-22 08:36:57,268 DEBUG loaded <trimesh.Trimesh(vertices.shape=(916, 3), faces.shape=(856, 3))> using `load_obj` in 0.0039s
2024-10-22 08:36:57,462 DEBUG loaded <trimesh.Trimesh(vertices.shape=(48, 3), faces.shape=(28, 3))> using `load_obj` in 0.0009s
2024-10-22 08:37:34,001 ERROR ===> [Warning] Aborting epoch: 133
2024-10-22 08:37:34,001 ERROR ===> [Warning] Particle has nan or inf: False
2024-10-22 08:37:34,001 ERROR ===> [Warning] Strange loss or gradient.
2024-10-22 08:37:34,001 ERROR ===> [Warning] E: [546909.4], nu: [0.3214676], rho: [2145.831], sand_angle: [34.30165]
2024-10-22 08:37:34,001 ERROR ===> [Warning] Grad: [nan nan nan nan]
2024-10-22 08:37:34,001 ERROR ===> [Warning] Loss info: {'particle_has_naninf': False, 'height_map_loss': 37.188480377197266, 'emd_loss': 39.07320785522461, 'total_loss': 39.07320785522461}
2024-10-22 08:37:34,361 INFO ===> New TaichiEnv created.
2024-10-22 08:37:34,362 INFO ===> Specifications: horizon = 311, dt = 0.01, n_substeps = 20, dt_sub = 0.0005
2024-10-22 08:37:34,384 DEBUG loaded <trimesh.Trimesh(vertices.shape=(916, 3), faces.shape=(856, 3))> using `load_obj` in 0.0029s
2024-10-22 08:37:34,534 DEBUG loaded <trimesh.Trimesh(vertices.shape=(48, 3), faces.shape=(28, 3))> using `load_obj` in 0.0007s
2024-10-22 08:38:10,840 ERROR ===> [Warning] Aborting epoch: 134
2024-10-22 08:38:10,841 ERROR ===> [Warning] Particle has nan or inf: False
2024-10-22 08:38:10,841 ERROR ===> [Warning] Strange loss or gradient.
2024-10-22 08:38:10,841 ERROR ===> [Warning] E: [546909.4], nu: [0.3214676], rho: [2145.831], sand_angle: [34.30165]
2024-10-22 08:38:10,841 ERROR ===> [Warning] Grad: [nan nan nan nan]
2024-10-22 08:38:10,841 ERROR ===> [Warning] Loss info: {'particle_has_naninf': False, 'height_map_loss': 37.13239288330078, 'emd_loss': 39.00245666503906, 'total_loss': 39.00245666503906}
2024-10-22 08:38:11,190 INFO ===> New TaichiEnv created.
2024-10-22 08:38:11,190 INFO ===> Specifications: horizon = 311, dt = 0.01, n_substeps = 20, dt_sub = 0.0005
2024-10-22 08:38:11,211 DEBUG loaded <trimesh.Trimesh(vertices.shape=(916, 3), faces.shape=(856, 3))> using `load_obj` in 0.0028s
2024-10-22 08:38:11,356 DEBUG loaded <trimesh.Trimesh(vertices.shape=(48, 3), faces.shape=(28, 3))> using `load_obj` in 0.0007s
2024-10-22 08:38:47,250 ERROR ===> [Warning] Aborting epoch: 135
2024-10-22 08:38:47,250 ERROR ===> [Warning] Particle has nan or inf: False
2024-10-22 08:38:47,250 ERROR ===> [Warning] Strange loss or gradient.
2024-10-22 08:38:47,251 ERROR ===> [Warning] E: [546909.4], nu: [0.3214676], rho: [2145.831], sand_angle: [34.30165]
2024-10-22 08:38:47,251 ERROR ===> [Warning] Grad: [nan nan nan nan]
2024-10-22 08:38:47,251 ERROR ===> [Warning] Loss info: {'particle_has_naninf': False, 'height_map_loss': 37.245262145996094, 'emd_loss': 39.0335807800293, 'total_loss': 39.0335807800293}
2024-10-22 08:38:47,595 INFO ===> New TaichiEnv created.
2024-10-22 08:38:47,595 INFO ===> Specifications: horizon = 311, dt = 0.01, n_substeps = 20, dt_sub = 0.0005
2024-10-22 08:38:47,617 DEBUG loaded <trimesh.Trimesh(vertices.shape=(916, 3), faces.shape=(856, 3))> using `load_obj` in 0.0028s
2024-10-22 08:38:47,760 DEBUG loaded <trimesh.Trimesh(vertices.shape=(48, 3), faces.shape=(28, 3))> using `load_obj` in 0.0007s
2024-10-22 08:39:25,409 ERROR ===> [Warning] Aborting epoch: 136
2024-10-22 08:39:25,409 ERROR ===> [Warning] Particle has nan or inf: False
2024-10-22 08:39:25,409 ERROR ===> [Warning] Strange loss or gradient.
2024-10-22 08:39:25,409 ERROR ===> [Warning] E: [546909.4], nu: [0.3214676], rho: [2145.831], sand_angle: [34.30165]
2024-10-22 08:39:25,409 ERROR ===> [Warning] Grad: [nan nan nan nan]
2024-10-22 08:39:25,409 ERROR ===> [Warning] Loss info: {'particle_has_naninf': False, 'height_map_loss': 37.25613021850586, 'emd_loss': 39.022518157958984, 'total_loss': 39.022518157958984}
2024-10-22 08:39:25,758 INFO ===> New TaichiEnv created.
2024-10-22 08:39:25,758 INFO ===> Specifications: horizon = 311, dt = 0.01, n_substeps = 20, dt_sub = 0.0005
2024-10-22 08:39:25,780 DEBUG loaded <trimesh.Trimesh(vertices.shape=(916, 3), faces.shape=(856, 3))> using `load_obj` in 0.0028s
2024-10-22 08:39:25,919 DEBUG loaded <trimesh.Trimesh(vertices.shape=(48, 3), faces.shape=(28, 3))> using `load_obj` in 0.0007s
2024-10-22 08:40:02,252 ERROR ===> [Warning] Aborting epoch: 137
2024-10-22 08:40:02,252 ERROR ===> [Warning] Particle has nan or inf: False
2024-10-22 08:40:02,252 ERROR ===> [Warning] Strange loss or gradient.
2024-10-22 08:40:02,253 ERROR ===> [Warning] E: [546909.4], nu: [0.3214676], rho: [2145.831], sand_angle: [34.30165]
2024-10-22 08:40:02,253 ERROR ===> [Warning] Grad: [nan nan nan nan]
2024-10-22 08:40:02,253 ERROR ===> [Warning] Loss info: {'particle_has_naninf': False, 'height_map_loss': 37.30205154418945, 'emd_loss': 38.992713928222656, 'total_loss': 38.992713928222656}
2024-10-22 08:40:02,595 INFO ===> New TaichiEnv created.
2024-10-22 08:40:02,595 INFO ===> Specifications: horizon = 311, dt = 0.01, n_substeps = 20, dt_sub = 0.0005
2024-10-22 08:40:02,618 DEBUG loaded <trimesh.Trimesh(vertices.shape=(916, 3), faces.shape=(856, 3))> using `load_obj` in 0.0029s
2024-10-22 08:40:02,766 DEBUG loaded <trimesh.Trimesh(vertices.shape=(48, 3), faces.shape=(28, 3))> using `load_obj` in 0.0007s
2024-10-22 08:40:40,561 ERROR ===> [Warning] Aborting epoch: 138
2024-10-22 08:40:40,561 ERROR ===> [Warning] Particle has nan or inf: False
2024-10-22 08:40:40,561 ERROR ===> [Warning] Strange loss or gradient.
2024-10-22 08:40:40,561 ERROR ===> [Warning] E: [546909.4], nu: [0.3214676], rho: [2145.831], sand_angle: [34.30165]
2024-10-22 08:40:40,561 ERROR ===> [Warning] Grad: [nan nan nan nan]
2024-10-22 08:40:40,561 ERROR ===> [Warning] Loss info: {'particle_has_naninf': False, 'height_map_loss': 37.23991394042969, 'emd_loss': 39.03550338745117, 'total_loss': 39.03550338745117}
2024-10-22 08:40:40,993 INFO ===> New TaichiEnv created.
2024-10-22 08:40:40,993 INFO ===> Specifications: horizon = 311, dt = 0.01, n_substeps = 20, dt_sub = 0.0005
2024-10-22 08:40:41,023 DEBUG loaded <trimesh.Trimesh(vertices.shape=(916, 3), faces.shape=(856, 3))> using `load_obj` in 0.0039s
2024-10-22 08:40:41,215 DEBUG loaded <trimesh.Trimesh(vertices.shape=(48, 3), faces.shape=(28, 3))> using `load_obj` in 0.0008s
2024-10-22 08:41:17,629 ERROR ===> [Warning] Aborting epoch: 139
2024-10-22 08:41:17,629 ERROR ===> [Warning] Particle has nan or inf: False
2024-10-22 08:41:17,629 ERROR ===> [Warning] Strange loss or gradient.
2024-10-22 08:41:17,629 ERROR ===> [Warning] E: [546909.4], nu: [0.3214676], rho: [2145.831], sand_angle: [34.30165]
2024-10-22 08:41:17,629 ERROR ===> [Warning] Grad: [nan nan nan nan]
2024-10-22 08:41:17,629 ERROR ===> [Warning] Loss info: {'particle_has_naninf': False, 'height_map_loss': 37.16482925415039, 'emd_loss': 39.09345245361328, 'total_loss': 39.09345245361328}
2024-10-22 08:41:18,059 INFO ===> New TaichiEnv created.
2024-10-22 08:41:18,059 INFO ===> Specifications: horizon = 311, dt = 0.01, n_substeps = 20, dt_sub = 0.0005
2024-10-22 08:41:18,082 DEBUG loaded <trimesh.Trimesh(vertices.shape=(916, 3), faces.shape=(856, 3))> using `load_obj` in 0.0029s
2024-10-22 08:41:18,232 DEBUG loaded <trimesh.Trimesh(vertices.shape=(48, 3), faces.shape=(28, 3))> using `load_obj` in 0.0007s
2024-10-22 08:41:54,578 ERROR ===> [Warning] Aborting epoch: 140
2024-10-22 08:41:54,578 ERROR ===> [Warning] Particle has nan or inf: False
2024-10-22 08:41:54,578 ERROR ===> [Warning] Strange loss or gradient.
2024-10-22 08:41:54,579 ERROR ===> [Warning] E: [546909.4], nu: [0.3214676], rho: [2145.831], sand_angle: [34.30165]
2024-10-22 08:41:54,579 ERROR ===> [Warning] Grad: [nan nan nan nan]
2024-10-22 08:41:54,579 ERROR ===> [Warning] Loss info: {'particle_has_naninf': False, 'height_map_loss': 37.21668243408203, 'emd_loss': 39.02592849731445, 'total_loss': 39.02592849731445}
2024-10-22 08:41:54,940 INFO ===> New TaichiEnv created.
2024-10-22 08:41:54,940 INFO ===> Specifications: horizon = 311, dt = 0.01, n_substeps = 20, dt_sub = 0.0005
2024-10-22 08:41:54,963 DEBUG loaded <trimesh.Trimesh(vertices.shape=(916, 3), faces.shape=(856, 3))> using `load_obj` in 0.0029s
2024-10-22 08:41:55,111 DEBUG loaded <trimesh.Trimesh(vertices.shape=(48, 3), faces.shape=(28, 3))> using `load_obj` in 0.0007s
2024-10-22 08:42:31,303 ERROR ===> [Warning] Aborting epoch: 141
2024-10-22 08:42:31,303 ERROR ===> [Warning] Particle has nan or inf: False
2024-10-22 08:42:31,303 ERROR ===> [Warning] Strange loss or gradient.
2024-10-22 08:42:31,303 ERROR ===> [Warning] E: [546909.4], nu: [0.3214676], rho: [2145.831], sand_angle: [34.30165]
2024-10-22 08:42:31,303 ERROR ===> [Warning] Grad: [nan nan nan nan]
2024-10-22 08:42:31,303 ERROR ===> [Warning] Loss info: {'particle_has_naninf': False, 'height_map_loss': 37.30957794189453, 'emd_loss': 39.06197738647461, 'total_loss': 39.06197738647461}
2024-10-22 08:42:31,649 INFO ===> New TaichiEnv created.
2024-10-22 08:42:31,649 INFO ===> Specifications: horizon = 311, dt = 0.01, n_substeps = 20, dt_sub = 0.0005
2024-10-22 08:42:31,671 DEBUG loaded <trimesh.Trimesh(vertices.shape=(916, 3), faces.shape=(856, 3))> using `load_obj` in 0.0029s
2024-10-22 08:42:31,816 DEBUG loaded <trimesh.Trimesh(vertices.shape=(48, 3), faces.shape=(28, 3))> using `load_obj` in 0.0007s
2024-10-22 08:43:08,202 ERROR ===> [Warning] Aborting epoch: 142
2024-10-22 08:43:08,202 ERROR ===> [Warning] Particle has nan or inf: False
2024-10-22 08:43:08,202 ERROR ===> [Warning] Strange loss or gradient.
2024-10-22 08:43:08,202 ERROR ===> [Warning] E: [546909.4], nu: [0.3214676], rho: [2145.831], sand_angle: [34.30165]
2024-10-22 08:43:08,203 ERROR ===> [Warning] Grad: [nan nan nan nan]
2024-10-22 08:43:08,203 ERROR ===> [Warning] Loss info: {'particle_has_naninf': False, 'height_map_loss': 37.12690353393555, 'emd_loss': 39.032779693603516, 'total_loss': 39.032779693603516}
2024-10-22 08:43:08,543 INFO ===> New TaichiEnv created.
2024-10-22 08:43:08,543 INFO ===> Specifications: horizon = 311, dt = 0.01, n_substeps = 20, dt_sub = 0.0005
2024-10-22 08:43:08,565 DEBUG loaded <trimesh.Trimesh(vertices.shape=(916, 3), faces.shape=(856, 3))> using `load_obj` in 0.0028s
2024-10-22 08:43:08,709 DEBUG loaded <trimesh.Trimesh(vertices.shape=(48, 3), faces.shape=(28, 3))> using `load_obj` in 0.0007s
2024-10-22 08:43:45,370 ERROR ===> [Warning] Aborting epoch: 143
2024-10-22 08:43:45,370 ERROR ===> [Warning] Particle has nan or inf: False
2024-10-22 08:43:45,370 ERROR ===> [Warning] Strange loss or gradient.
2024-10-22 08:43:45,371 ERROR ===> [Warning] E: [546909.4], nu: [0.3214676], rho: [2145.831], sand_angle: [34.30165]
2024-10-22 08:43:45,371 ERROR ===> [Warning] Grad: [nan nan nan nan]
2024-10-22 08:43:45,371 ERROR ===> [Warning] Loss info: {'particle_has_naninf': False, 'height_map_loss': 37.192569732666016, 'emd_loss': 39.044921875, 'total_loss': 39.044921875}
2024-10-22 08:43:45,788 INFO ===> New TaichiEnv created.
2024-10-22 08:43:45,788 INFO ===> Specifications: horizon = 311, dt = 0.01, n_substeps = 20, dt_sub = 0.0005
2024-10-22 08:43:45,811 DEBUG loaded <trimesh.Trimesh(vertices.shape=(916, 3), faces.shape=(856, 3))> using `load_obj` in 0.0030s
2024-10-22 08:43:45,956 DEBUG loaded <trimesh.Trimesh(vertices.shape=(48, 3), faces.shape=(28, 3))> using `load_obj` in 0.0007s
2024-10-22 08:44:23,499 ERROR ===> [Warning] Aborting epoch: 144
2024-10-22 08:44:23,499 ERROR ===> [Warning] Particle has nan or inf: False
2024-10-22 08:44:23,499 ERROR ===> [Warning] Strange loss or gradient.
2024-10-22 08:44:23,499 ERROR ===> [Warning] E: [546909.4], nu: [0.3214676], rho: [2145.831], sand_angle: [34.30165]
2024-10-22 08:44:23,499 ERROR ===> [Warning] Grad: [nan nan nan nan]
2024-10-22 08:44:23,499 ERROR ===> [Warning] Loss info: {'particle_has_naninf': False, 'height_map_loss': 37.343624114990234, 'emd_loss': 39.04580307006836, 'total_loss': 39.04580307006836}
2024-10-22 08:44:23,848 INFO ===> New TaichiEnv created.
2024-10-22 08:44:23,848 INFO ===> Specifications: horizon = 311, dt = 0.01, n_substeps = 20, dt_sub = 0.0005
2024-10-22 08:44:23,870 DEBUG loaded <trimesh.Trimesh(vertices.shape=(916, 3), faces.shape=(856, 3))> using `load_obj` in 0.0029s
2024-10-22 08:44:24,024 DEBUG loaded <trimesh.Trimesh(vertices.shape=(48, 3), faces.shape=(28, 3))> using `load_obj` in 0.0007s
2024-10-22 08:45:00,168 ERROR ===> [Warning] Aborting epoch: 145
2024-10-22 08:45:00,168 ERROR ===> [Warning] Particle has nan or inf: False
2024-10-22 08:45:00,168 ERROR ===> [Warning] Strange loss or gradient.
2024-10-22 08:45:00,168 ERROR ===> [Warning] E: [546909.4], nu: [0.3214676], rho: [2145.831], sand_angle: [34.30165]
2024-10-22 08:45:00,169 ERROR ===> [Warning] Grad: [nan nan nan nan]
2024-10-22 08:45:00,169 ERROR ===> [Warning] Loss info: {'particle_has_naninf': False, 'height_map_loss': 37.24076843261719, 'emd_loss': 38.978092193603516, 'total_loss': 38.978092193603516}
2024-10-22 08:45:00,517 INFO ===> New TaichiEnv created.
2024-10-22 08:45:00,517 INFO ===> Specifications: horizon = 311, dt = 0.01, n_substeps = 20, dt_sub = 0.0005
2024-10-22 08:45:00,539 DEBUG loaded <trimesh.Trimesh(vertices.shape=(916, 3), faces.shape=(856, 3))> using `load_obj` in 0.0029s
2024-10-22 08:45:00,692 DEBUG loaded <trimesh.Trimesh(vertices.shape=(48, 3), faces.shape=(28, 3))> using `load_obj` in 0.0007s
2024-10-22 08:45:37,020 ERROR ===> [Warning] Aborting epoch: 146
2024-10-22 08:45:37,020 ERROR ===> [Warning] Particle has nan or inf: False
2024-10-22 08:45:37,020 ERROR ===> [Warning] Strange loss or gradient.
2024-10-22 08:45:37,020 ERROR ===> [Warning] E: [546909.4], nu: [0.3214676], rho: [2145.831], sand_angle: [34.30165]
2024-10-22 08:45:37,020 ERROR ===> [Warning] Grad: [nan nan nan nan]
2024-10-22 08:45:37,020 ERROR ===> [Warning] Loss info: {'particle_has_naninf': False, 'height_map_loss': 37.168148040771484, 'emd_loss': 38.96567153930664, 'total_loss': 38.96567153930664}
2024-10-22 08:45:37,370 INFO ===> New TaichiEnv created.
2024-10-22 08:45:37,370 INFO ===> Specifications: horizon = 311, dt = 0.01, n_substeps = 20, dt_sub = 0.0005
2024-10-22 08:45:37,392 DEBUG loaded <trimesh.Trimesh(vertices.shape=(916, 3), faces.shape=(856, 3))> using `load_obj` in 0.0029s
2024-10-22 08:45:37,540 DEBUG loaded <trimesh.Trimesh(vertices.shape=(48, 3), faces.shape=(28, 3))> using `load_obj` in 0.0007s
2024-10-22 08:46:13,616 ERROR ===> [Warning] Aborting epoch: 147
2024-10-22 08:46:13,616 ERROR ===> [Warning] Particle has nan or inf: False
2024-10-22 08:46:13,616 ERROR ===> [Warning] Strange loss or gradient.
2024-10-22 08:46:13,616 ERROR ===> [Warning] E: [546909.4], nu: [0.3214676], rho: [2145.831], sand_angle: [34.30165]
2024-10-22 08:46:13,617 ERROR ===> [Warning] Grad: [nan nan nan nan]
2024-10-22 08:46:13,617 ERROR ===> [Warning] Loss info: {'particle_has_naninf': False, 'height_map_loss': 37.35258102416992, 'emd_loss': 39.02592086791992, 'total_loss': 39.02592086791992}
2024-10-22 08:46:13,983 INFO ===> New TaichiEnv created.
2024-10-22 08:46:13,983 INFO ===> Specifications: horizon = 311, dt = 0.01, n_substeps = 20, dt_sub = 0.0005
2024-10-22 08:46:14,006 DEBUG loaded <trimesh.Trimesh(vertices.shape=(916, 3), faces.shape=(856, 3))> using `load_obj` in 0.0029s
2024-10-22 08:46:14,160 DEBUG loaded <trimesh.Trimesh(vertices.shape=(48, 3), faces.shape=(28, 3))> using `load_obj` in 0.0007s
2024-10-22 08:46:50,530 ERROR ===> [Warning] Aborting epoch: 148
2024-10-22 08:46:50,531 ERROR ===> [Warning] Particle has nan or inf: False
2024-10-22 08:46:50,531 ERROR ===> [Warning] Strange loss or gradient.
2024-10-22 08:46:50,531 ERROR ===> [Warning] E: [546909.4], nu: [0.3214676], rho: [2145.831], sand_angle: [34.30165]
2024-10-22 08:46:50,531 ERROR ===> [Warning] Grad: [nan nan nan nan]
2024-10-22 08:46:50,531 ERROR ===> [Warning] Loss info: {'particle_has_naninf': False, 'height_map_loss': 37.1792106628418, 'emd_loss': 39.00584030151367, 'total_loss': 39.00584030151367}
2024-10-22 08:46:50,877 INFO ===> New TaichiEnv created.
2024-10-22 08:46:50,877 INFO ===> Specifications: horizon = 311, dt = 0.01, n_substeps = 20, dt_sub = 0.0005
2024-10-22 08:46:50,899 DEBUG loaded <trimesh.Trimesh(vertices.shape=(916, 3), faces.shape=(856, 3))> using `load_obj` in 0.0028s
2024-10-22 08:46:51,044 DEBUG loaded <trimesh.Trimesh(vertices.shape=(48, 3), faces.shape=(28, 3))> using `load_obj` in 0.0007s
2024-10-22 08:47:26,987 ERROR ===> [Warning] Aborting epoch: 149
2024-10-22 08:47:26,987 ERROR ===> [Warning] Particle has nan or inf: False
2024-10-22 08:47:26,987 ERROR ===> [Warning] Strange loss or gradient.
2024-10-22 08:47:26,987 ERROR ===> [Warning] E: [546909.4], nu: [0.3214676], rho: [2145.831], sand_angle: [34.30165]
2024-10-22 08:47:26,987 ERROR ===> [Warning] Grad: [nan nan nan nan]
2024-10-22 08:47:26,987 ERROR ===> [Warning] Loss info: {'particle_has_naninf': False, 'height_map_loss': 37.163848876953125, 'emd_loss': 39.0240478515625, 'total_loss': 39.0240478515625}
2024-10-22 08:47:26,987 INFO ====> Finished training.
2024-10-22 08:47:26,987 INFO ====> Final loss: 
2024-10-22 08:47:26,988 INFO ====> Final params: E [546909.4], nu [0.3214676], rho [2145.831], sand_angle [34.30165]
2024-10-22 08:47:26,988 INFO ===> End grad computation at:, 2024-10-22 8:47:26
2024-10-22 08:47:26,988 INFO ===> Total time taken: 5648.850415229797 seconds
2024-10-22 08:47:26,988 INFO ===> Number of aborted data: 150
