# https://github.com/mikedh/trimesh
v -0.02800000 0.01000000 0.14500000
v -0.02800000 0.01000000 0.14500000
v -0.02800000 0.00769300 0.14489300
v -0.02800000 0.00769300 0.14489300
v -0.02800000 0.00540600 0.14457400
v -0.02800000 0.00540600 0.14457400
v -0.02800000 0.00315800 0.14404600
v -0.02800000 0.00315800 0.14404600
v -0.02800000 0.00096900 0.14331200
v -0.02800000 0.00096900 0.14331200
v -0.02800000 -0.00114300 0.14237900
v -0.02800000 -0.00114300 0.14237900
v -0.02800000 -0.00316100 0.14125500
v -0.02800000 -0.00316100 0.14125500
v -0.02800000 -0.00506600 0.13995000
v -0.02800000 -0.00506600 0.13995000
v -0.02800000 -0.00684200 0.13847500
v -0.02800000 -0.00684200 0.13847500
v -0.02800000 -0.00847500 0.13684200
v -0.02800000 -0.00847500 0.13684200
v -0.02800000 -0.00995000 0.13506600
v -0.02800000 -0.00995000 0.13506600
v -0.02800000 -0.01125500 0.13316100
v -0.02800000 -0.01125500 0.13316100
v -0.02800000 -0.01237900 0.13114300
v -0.02800000 -0.01237900 0.13114300
v -0.02800000 -0.01331200 0.12903100
v -0.02800000 -0.01331200 0.12903100
v -0.02800000 -0.01404600 0.12684200
v -0.02800000 -0.01404600 0.12684200
v -0.02800000 -0.01457400 0.12459400
v -0.02800000 -0.01457400 0.12459400
v -0.02800000 -0.01489300 0.12230700
v -0.02800000 -0.01489300 0.12230700
v -0.02800000 -0.01500000 0.12000000
v -0.02800000 -0.01500000 0.12000000
v -0.02800000 -0.01500000 0.06200000
v -0.02800000 -0.01500000 0.06200000
v -0.02800000 -0.01500000 0.06200000
v -0.02800000 0.00300000 0.06200000
v -0.02800000 0.00300000 0.06200000
v -0.02800000 0.00442300 0.06210200
v -0.02800000 0.00442300 0.06210200
v -0.02800000 0.00581700 0.06240500
v -0.02800000 0.00581700 0.06240500
v -0.02800000 0.00715400 0.06290400
v -0.02800000 0.00715400 0.06290400
v -0.02800000 0.00840600 0.06358700
v -0.02800000 0.00840600 0.06358700
v -0.02800000 0.00954900 0.06444300
v -0.02800000 0.00954900 0.06444300
v -0.02800000 0.01055700 0.06545100
v -0.02800000 0.01055700 0.06545100
v -0.02800000 0.01141300 0.06659400
v -0.02800000 0.01141300 0.06659400
v -0.02800000 0.01209600 0.06784600
v -0.02800000 0.01209600 0.06784600
v -0.02800000 0.01259500 0.06918300
v -0.02800000 0.01259500 0.06918300
v -0.02800000 0.01289800 0.07057700
v -0.02800000 0.01289800 0.07057700
v -0.02800000 0.01300000 0.07200000
v -0.02800000 0.01300000 0.07200000
v -0.02800000 0.01300000 0.14500000
v -0.02800000 0.01300000 0.14500000
v -0.02800000 0.01300000 0.14500000
v 0.02800000 0.00300000 0.06200000
v 0.02800000 0.00300000 0.06200000
v 0.02800000 -0.01500000 0.06200000
v 0.02800000 -0.01500000 0.06200000
v 0.02800000 -0.01500000 0.06200000
v 0.02800000 0.01300000 0.14500000
v 0.02800000 0.01300000 0.14500000
v 0.02800000 0.01300000 0.14500000
v 0.02800000 0.01300000 0.07200000
v 0.02800000 0.01300000 0.07200000
v 0.02800000 0.00442300 0.06210200
v 0.02800000 0.00442300 0.06210200
v 0.02800000 0.00581700 0.06240500
v 0.02800000 0.00581700 0.06240500
v 0.02800000 0.00715400 0.06290400
v 0.02800000 0.00715400 0.06290400
v 0.02800000 0.00840600 0.06358700
v 0.02800000 0.00840600 0.06358700
v 0.02800000 0.00954900 0.06444300
v 0.02800000 0.00954900 0.06444300
v 0.02800000 0.01055700 0.06545100
v 0.02800000 0.01055700 0.06545100
v 0.02800000 0.01141300 0.06659400
v 0.02800000 0.01141300 0.06659400
v 0.02800000 0.01209600 0.06784600
v 0.02800000 0.01209600 0.06784600
v 0.02800000 0.01259500 0.06918300
v 0.02800000 0.01259500 0.06918300
v 0.02800000 0.01289800 0.07057700
v 0.02800000 0.01289800 0.07057700
v 0.00000000 0.01289800 0.07057700
v 0.00000000 0.01259500 0.06918300
v 0.00000000 0.01209600 0.06784600
v 0.00000000 0.01141300 0.06659400
v 0.00000000 0.01055700 0.06545100
v 0.00000000 0.00954900 0.06444300
v 0.00000000 0.00840600 0.06358700
v 0.00000000 0.00715400 0.06290400
v 0.00000000 0.00581700 0.06240500
v 0.00000000 0.00442300 0.06210200
v 0.02800000 -0.01500000 0.12000000
v 0.02800000 -0.01500000 0.12000000
v 0.02800000 -0.01489300 0.12230700
v 0.02800000 -0.01489300 0.12230700
v 0.02800000 -0.01457400 0.12459400
v 0.02800000 -0.01457400 0.12459400
v 0.02800000 -0.01404600 0.12684200
v 0.02800000 -0.01404600 0.12684200
v 0.02800000 -0.01331200 0.12903100
v 0.02800000 -0.01331200 0.12903100
v 0.02800000 -0.01237900 0.13114300
v 0.02800000 -0.01237900 0.13114300
v 0.02800000 -0.01125500 0.13316100
v 0.02800000 -0.01125500 0.13316100
v 0.02800000 -0.00995000 0.13506600
v 0.02800000 -0.00995000 0.13506600
v 0.02800000 -0.00847500 0.13684200
v 0.02800000 -0.00847500 0.13684200
v 0.02800000 -0.00684200 0.13847500
v 0.02800000 -0.00684200 0.13847500
v 0.02800000 -0.00506600 0.13995000
v 0.02800000 -0.00506600 0.13995000
v 0.02800000 -0.00316100 0.14125500
v 0.02800000 -0.00316100 0.14125500
v 0.02800000 -0.00114300 0.14237900
v 0.02800000 -0.00114300 0.14237900
v 0.02800000 0.00096900 0.14331200
v 0.02800000 0.00096900 0.14331200
v 0.02800000 0.00315800 0.14404600
v 0.02800000 0.00315800 0.14404600
v 0.02800000 0.00540600 0.14457400
v 0.02800000 0.00540600 0.14457400
v 0.02800000 0.00769300 0.14489300
v 0.02800000 0.00769300 0.14489300
v 0.02800000 0.01000000 0.14500000
v 0.02800000 0.01000000 0.14500000
v -0.03000000 -0.01500000 0.12000000
v -0.03000000 -0.01500000 0.12000000
v -0.03000000 -0.01500000 0.06000000
v -0.03000000 -0.01500000 0.06000000
v -0.03000000 -0.01500000 0.06000000
v 0.03000000 -0.01500000 0.06000000
v 0.03000000 -0.01500000 0.06000000
v 0.03000000 -0.01500000 0.06000000
v 0.03000000 -0.01500000 0.12000000
v 0.03000000 -0.01500000 0.12000000
v -0.03000000 0.01000000 0.14500000
v -0.03000000 0.01000000 0.14500000
v -0.03000000 0.00769300 0.14489300
v -0.03000000 0.00769300 0.14489300
v -0.03000000 0.00540600 0.14457400
v -0.03000000 0.00540600 0.14457400
v -0.03000000 0.00315800 0.14404600
v -0.03000000 0.00315800 0.14404600
v -0.03000000 0.00096900 0.14331200
v -0.03000000 0.00096900 0.14331200
v -0.03000000 -0.00114300 0.14237900
v -0.03000000 -0.00114300 0.14237900
v -0.03000000 -0.00316100 0.14125500
v -0.03000000 -0.00316100 0.14125500
v -0.03000000 -0.00506600 0.13995000
v -0.03000000 -0.00506600 0.13995000
v -0.03000000 -0.00684200 0.13847500
v -0.03000000 -0.00684200 0.13847500
v -0.03000000 -0.00847500 0.13684200
v -0.03000000 -0.00847500 0.13684200
v -0.03000000 -0.00995000 0.13506600
v -0.03000000 -0.00995000 0.13506600
v -0.03000000 -0.01125500 0.13316100
v -0.03000000 -0.01125500 0.13316100
v -0.03000000 -0.01237900 0.13114300
v -0.03000000 -0.01237900 0.13114300
v -0.03000000 -0.01331200 0.12903100
v -0.03000000 -0.01331200 0.12903100
v -0.03000000 -0.01404600 0.12684200
v -0.03000000 -0.01404600 0.12684200
v -0.03000000 -0.01457400 0.12459400
v -0.03000000 -0.01457400 0.12459400
v -0.03000000 -0.01489300 0.12230700
v -0.03000000 -0.01489300 0.12230700
v 0.03000000 -0.01489300 0.12230700
v 0.03000000 -0.01489300 0.12230700
v 0.03000000 -0.01457400 0.12459400
v 0.03000000 -0.01457400 0.12459400
v 0.03000000 -0.01404600 0.12684200
v 0.03000000 -0.01404600 0.12684200
v 0.03000000 -0.01331200 0.12903100
v 0.03000000 -0.01331200 0.12903100
v 0.03000000 -0.01237900 0.13114300
v 0.03000000 -0.01237900 0.13114300
v 0.03000000 -0.01125500 0.13316100
v 0.03000000 -0.01125500 0.13316100
v 0.03000000 -0.00995000 0.13506600
v 0.03000000 -0.00995000 0.13506600
v 0.03000000 -0.00847500 0.13684200
v 0.03000000 -0.00847500 0.13684200
v 0.03000000 -0.00684200 0.13847500
v 0.03000000 -0.00684200 0.13847500
v 0.03000000 -0.00506600 0.13995000
v 0.03000000 -0.00506600 0.13995000
v 0.03000000 -0.00316100 0.14125500
v 0.03000000 -0.00316100 0.14125500
v 0.03000000 -0.00114300 0.14237900
v 0.03000000 -0.00114300 0.14237900
v 0.03000000 0.00096900 0.14331200
v 0.03000000 0.00096900 0.14331200
v 0.03000000 0.00315800 0.14404600
v 0.03000000 0.00315800 0.14404600
v 0.03000000 0.00540600 0.14457400
v 0.03000000 0.00540600 0.14457400
v 0.03000000 0.00769300 0.14489300
v 0.03000000 0.00769300 0.14489300
v 0.03000000 0.01000000 0.14500000
v 0.03000000 0.01000000 0.14500000
v 0.03000000 0.01500000 0.14500000
v 0.03000000 0.01500000 0.14500000
v 0.03000000 0.01500000 0.14500000
v -0.03000000 0.01500000 0.14500000
v -0.03000000 0.01500000 0.14500000
v -0.03000000 0.01500000 0.14500000
v 0.03000000 0.00500000 0.06000000
v 0.03000000 0.00500000 0.06000000
v 0.03000000 0.00642300 0.06010200
v 0.03000000 0.00642300 0.06010200
v 0.03000000 0.00781700 0.06040500
v 0.03000000 0.00781700 0.06040500
v 0.03000000 0.00915400 0.06090400
v 0.03000000 0.00915400 0.06090400
v 0.03000000 0.01040600 0.06158700
v 0.03000000 0.01040600 0.06158700
v 0.03000000 0.01154900 0.06244300
v 0.03000000 0.01154900 0.06244300
v 0.03000000 0.01255700 0.06345100
v 0.03000000 0.01255700 0.06345100
v 0.03000000 0.01341300 0.06459400
v 0.03000000 0.01341300 0.06459400
v 0.03000000 0.01409600 0.06584600
v 0.03000000 0.01409600 0.06584600
v 0.03000000 0.01459500 0.06718300
v 0.03000000 0.01459500 0.06718300
v 0.03000000 0.01489800 0.06857700
v 0.03000000 0.01489800 0.06857700
v 0.03000000 0.01500000 0.07000000
v 0.03000000 0.01500000 0.07000000
v 0.00866000 0.00500000 0.06000000
v 0.00866000 0.00500000 0.06000000
v 0.00831200 0.00555900 0.06001600
v 0.00831200 0.00555900 0.06001600
v 0.00791600 0.00611100 0.06006200
v 0.00791600 0.00611100 0.06006200
v 0.00702100 0.00712000 0.06022700
v 0.00702100 0.00712000 0.06022700
v 0.00606600 0.00794900 0.06044500
v 0.00606600 0.00794900 0.06044500
v 0.00499400 0.00866200 0.06069600
v 0.00499400 0.00866200 0.06069600
v 0.00381700 0.00924300 0.06094500
v 0.00381700 0.00924300 0.06094500
v 0.00256600 0.00966400 0.06115300
v 0.00256600 0.00966400 0.06115300
v 0.00127900 0.00991600 0.06129000
v 0.00127900 0.00991600 0.06129000
v 0.00000000 0.01000000 0.06134000
v 0.00000000 0.01000000 0.06134000
v -0.00127900 0.00991600 0.06129000
v -0.00127900 0.00991600 0.06129000
v -0.00256600 0.00966400 0.06115300
v -0.00256600 0.00966400 0.06115300
v -0.00381700 0.00924300 0.06094500
v -0.00381700 0.00924300 0.06094500
v -0.00499400 0.00866200 0.06069600
v -0.00499400 0.00866200 0.06069600
v -0.00606600 0.00794900 0.06044500
v -0.00606600 0.00794900 0.06044500
v -0.00702100 0.00712000 0.06022700
v -0.00702100 0.00712000 0.06022700
v -0.00791600 0.00611100 0.06006200
v -0.00791600 0.00611100 0.06006200
v -0.00831200 0.00555900 0.06001600
v -0.00831200 0.00555900 0.06001600
v -0.00866000 0.00500000 0.06000000
v -0.00866000 0.00500000 0.06000000
v -0.03000000 0.00500000 0.06000000
v -0.03000000 0.00500000 0.06000000
v -0.03000000 0.00642300 0.06010200
v -0.03000000 0.00642300 0.06010200
v -0.03000000 0.00781700 0.06040500
v -0.03000000 0.00781700 0.06040500
v -0.03000000 0.00915400 0.06090400
v -0.03000000 0.00915400 0.06090400
v -0.03000000 0.01040600 0.06158700
v -0.03000000 0.01040600 0.06158700
v -0.03000000 0.01154900 0.06244300
v -0.03000000 0.01154900 0.06244300
v -0.03000000 0.01255700 0.06345100
v -0.03000000 0.01255700 0.06345100
v -0.03000000 0.01341300 0.06459400
v -0.03000000 0.01341300 0.06459400
v -0.03000000 0.01409600 0.06584600
v -0.03000000 0.01409600 0.06584600
v -0.03000000 0.01459500 0.06718300
v -0.03000000 0.01459500 0.06718300
v -0.03000000 0.01489800 0.06857700
v -0.03000000 0.01489800 0.06857700
v -0.03000000 0.01500000 0.07000000
v -0.03000000 0.01500000 0.07000000
v 0.00000000 0.01040600 0.06158700
v 0.00000000 0.01154900 0.06244300
v 0.00000000 0.01255700 0.06345100
v 0.00000000 0.01341300 0.06459400
v 0.00000000 0.01409600 0.06584600
v 0.00000000 0.01459500 0.06718300
v 0.00000000 0.01489800 0.06857700
v -0.00929000 0.00370100 0.06000000
v -0.00929000 0.00370100 0.06000000
v -0.00972600 0.00232600 0.06000000
v -0.00972600 0.00232600 0.06000000
v -0.00995900 0.00090200 0.06000000
v -0.00995900 0.00090200 0.06000000
v -0.00998500 -0.00054100 0.06000000
v -0.00998500 -0.00054100 0.06000000
v -0.00980300 -0.00197300 0.06000000
v -0.00980300 -0.00197300 0.06000000
v -0.00941700 -0.00336400 0.06000000
v -0.00941700 -0.00336400 0.06000000
v -0.00883500 -0.00468400 0.06000000
v -0.00883500 -0.00468400 0.06000000
v -0.00806900 -0.00590700 0.06000000
v -0.00806900 -0.00590700 0.06000000
v -0.00713500 -0.00700700 0.06000000
v -0.00713500 -0.00700700 0.06000000
v -0.00605200 -0.00796100 0.06000000
v -0.00605200 -0.00796100 0.06000000
v -0.00484300 -0.00874900 0.06000000
v -0.00484300 -0.00874900 0.06000000
v -0.00353300 -0.00935500 0.06000000
v -0.00353300 -0.00935500 0.06000000
v -0.00215000 -0.00976600 0.06000000
v -0.00215000 -0.00976600 0.06000000
v -0.00072200 -0.00997400 0.06000000
v -0.00072200 -0.00997400 0.06000000
v 0.00072200 -0.00997400 0.06000000
v 0.00072200 -0.00997400 0.06000000
v 0.00215000 -0.00976600 0.06000000
v 0.00215000 -0.00976600 0.06000000
v 0.00353300 -0.00935500 0.06000000
v 0.00353300 -0.00935500 0.06000000
v 0.00484300 -0.00874900 0.06000000
v 0.00484300 -0.00874900 0.06000000
v 0.00605200 -0.00796100 0.06000000
v 0.00605200 -0.00796100 0.06000000
v 0.00713500 -0.00700700 0.06000000
v 0.00713500 -0.00700700 0.06000000
v 0.00806900 -0.00590700 0.06000000
v 0.00806900 -0.00590700 0.06000000
v 0.00883500 -0.00468400 0.06000000
v 0.00883500 -0.00468400 0.06000000
v 0.00941700 -0.00336400 0.06000000
v 0.00941700 -0.00336400 0.06000000
v 0.00980300 -0.00197300 0.06000000
v 0.00980300 -0.00197300 0.06000000
v 0.00998500 -0.00054100 0.06000000
v 0.00998500 -0.00054100 0.06000000
v 0.00995900 0.00090200 0.06000000
v 0.00995900 0.00090200 0.06000000
v 0.00972600 0.00232600 0.06000000
v 0.00972600 0.00232600 0.06000000
v 0.00929000 0.00370100 0.06000000
v 0.00929000 0.00370100 0.06000000
v 0.01000000 0.00000000 0.00500000
v 0.01000000 0.00000000 0.00500000
v 0.00989300 0.00145600 0.00500000
v 0.00989300 0.00145600 0.00500000
v 0.00957600 0.00288100 0.00500000
v 0.00957600 0.00288100 0.00500000
v 0.00905400 0.00424500 0.00500000
v 0.00905400 0.00424500 0.00500000
v 0.00834000 0.00551800 0.00500000
v 0.00834000 0.00551800 0.00500000
v 0.00744800 0.00667300 0.00500000
v 0.00744800 0.00667300 0.00500000
v 0.00639700 0.00768600 0.00500000
v 0.00639700 0.00768600 0.00500000
v 0.00520900 0.00853600 0.00500000
v 0.00520900 0.00853600 0.00500000
v 0.00391100 0.00920300 0.00500000
v 0.00391100 0.00920300 0.00500000
v 0.00252900 0.00967500 0.00500000
v 0.00252900 0.00967500 0.00500000
v 0.00109400 0.00994000 0.00500000
v 0.00109400 0.00994000 0.00500000
v -0.00036500 0.00999300 0.00500000
v -0.00036500 0.00999300 0.00500000
v -0.00181600 0.00983400 0.00500000
v -0.00181600 0.00983400 0.00500000
v -0.00322900 0.00946400 0.00500000
v -0.00322900 0.00946400 0.00500000
v -0.00457200 0.00889300 0.00500000
v -0.00457200 0.00889300 0.00500000
v -0.00581900 0.00813300 0.00500000
v -0.00581900 0.00813300 0.00500000
v -0.00694100 0.00719900 0.00500000
v -0.00694100 0.00719900 0.00500000
v -0.00791500 0.00611200 0.00500000
v -0.00791500 0.00611200 0.00500000
v -0.00872000 0.00489400 0.00500000
v -0.00872000 0.00489400 0.00500000
v -0.00934000 0.00357200 0.00500000
v -0.00934000 0.00357200 0.00500000
v -0.00976100 0.00217400 0.00500000
v -0.00976100 0.00217400 0.00500000
v -0.00997300 0.00073000 0.00500000
v -0.00997300 0.00073000 0.00500000
v -0.00997300 -0.00073000 0.00500000
v -0.00997300 -0.00073000 0.00500000
v -0.00976100 -0.00217400 0.00500000
v -0.00976100 -0.00217400 0.00500000
v -0.00934000 -0.00357200 0.00500000
v -0.00934000 -0.00357200 0.00500000
v -0.00872000 -0.00489400 0.00500000
v -0.00872000 -0.00489400 0.00500000
v -0.00791500 -0.00611200 0.00500000
v -0.00791500 -0.00611200 0.00500000
v -0.00694100 -0.00719900 0.00500000
v -0.00694100 -0.00719900 0.00500000
v -0.00581900 -0.00813300 0.00500000
v -0.00581900 -0.00813300 0.00500000
v -0.00457200 -0.00889300 0.00500000
v -0.00457200 -0.00889300 0.00500000
v -0.00322900 -0.00946400 0.00500000
v -0.00322900 -0.00946400 0.00500000
v -0.00181600 -0.00983400 0.00500000
v -0.00181600 -0.00983400 0.00500000
v -0.00036500 -0.00999300 0.00500000
v -0.00036500 -0.00999300 0.00500000
v 0.00109400 -0.00994000 0.00500000
v 0.00109400 -0.00994000 0.00500000
v 0.00252900 -0.00967500 0.00500000
v 0.00252900 -0.00967500 0.00500000
v 0.00391100 -0.00920300 0.00500000
v 0.00391100 -0.00920300 0.00500000
v 0.00520900 -0.00853600 0.00500000
v 0.00520900 -0.00853600 0.00500000
v 0.00639700 -0.00768600 0.00500000
v 0.00639700 -0.00768600 0.00500000
v 0.00744800 -0.00667300 0.00500000
v 0.00744800 -0.00667300 0.00500000
v 0.00834000 -0.00551800 0.00500000
v 0.00834000 -0.00551800 0.00500000
v 0.00905400 -0.00424500 0.00500000
v 0.00905400 -0.00424500 0.00500000
v 0.00957600 -0.00288100 0.00500000
v 0.00957600 -0.00288100 0.00500000
v 0.00989300 -0.00145600 0.00500000
v 0.00989300 -0.00145600 0.00500000
v 0.01000000 0.00000000 0.03317000
v 0.00905400 0.00424500 0.03317000
v 0.00834000 0.00551800 0.03317000
v 0.00957600 0.00288100 0.03317000
v 0.00989300 0.00145600 0.03317000
v 0.00989300 -0.00145600 0.03317000
v 0.00957600 -0.00288100 0.03317000
v 0.00905400 -0.00424500 0.03317000
v 0.00834000 -0.00551800 0.03317000
v 0.00744800 -0.00667300 0.03317000
v 0.00639700 -0.00768600 0.03317000
v 0.00520900 -0.00853600 0.03317000
v 0.00391100 -0.00920300 0.03317000
v 0.00252900 -0.00967500 0.03317000
v 0.00109400 -0.00994000 0.03317000
v -0.00036500 -0.00999300 0.03317000
v -0.00181600 -0.00983400 0.03317000
v -0.00322900 -0.00946400 0.03317000
v -0.00457200 -0.00889300 0.03317000
v -0.00581900 -0.00813300 0.03317000
v -0.00694100 -0.00719900 0.03317000
v -0.00791500 -0.00611200 0.03317000
v -0.00872000 -0.00489400 0.03317000
v -0.00934000 -0.00357200 0.03317000
v -0.00976100 -0.00217400 0.03317000
v -0.00997300 -0.00073000 0.03317000
v -0.00997300 0.00073000 0.03317000
v -0.00976100 0.00217400 0.03317000
v -0.00934000 0.00357200 0.03317000
v -0.00872000 0.00489400 0.03317000
v -0.00791500 0.00611100 0.03317000
v -0.00694100 0.00719900 0.03317000
v -0.00581900 0.00813300 0.03317000
v -0.00457200 0.00889300 0.03317000
v -0.00322900 0.00946400 0.03317000
v -0.00181600 0.00983400 0.03317000
v -0.00036500 0.00999300 0.03317000
v 0.00109400 0.00994000 0.03317000
v 0.00252900 0.00967500 0.03317000
v 0.00391100 0.00920300 0.03317000
v 0.00520900 0.00853600 0.03317000
v 0.00639700 0.00768600 0.03317000
v 0.00744800 0.00667300 0.03317000
v 0.01467800 -0.01767800 0.00500000
v 0.01467800 -0.01767800 0.00500000
v 0.01478000 -0.01845400 0.00500000
v 0.01478000 -0.01845400 0.00500000
v 0.01508000 -0.01917800 0.00500000
v 0.01508000 -0.01917800 0.00500000
v 0.01555600 -0.01979900 0.00500000
v 0.01555600 -0.01979900 0.00500000
v 0.01617800 -0.02027600 0.00500000
v 0.01617800 -0.02027600 0.00500000
v 0.01690100 -0.02057500 0.00500000
v 0.01690100 -0.02057500 0.00500000
v 0.01767800 -0.02067800 0.00500000
v 0.01767800 -0.02067800 0.00500000
v 0.01845400 -0.02057500 0.00500000
v 0.01845400 -0.02057500 0.00500000
v 0.01917800 -0.02027600 0.00500000
v 0.01917800 -0.02027600 0.00500000
v 0.01979900 -0.01979900 0.00500000
v 0.01979900 -0.01979900 0.00500000
v 0.02027600 -0.01917800 0.00500000
v 0.02027600 -0.01917800 0.00500000
v 0.02057500 -0.01845400 0.00500000
v 0.02057500 -0.01845400 0.00500000
v 0.02067800 -0.01767800 0.00500000
v 0.02067800 -0.01767800 0.00500000
v 0.02057500 -0.01690100 0.00500000
v 0.02057500 -0.01690100 0.00500000
v 0.02027600 -0.01617800 0.00500000
v 0.02027600 -0.01617800 0.00500000
v 0.01979900 -0.01555600 0.00500000
v 0.01979900 -0.01555600 0.00500000
v 0.01917800 -0.01508000 0.00500000
v 0.01917800 -0.01508000 0.00500000
v 0.01845400 -0.01478000 0.00500000
v 0.01845400 -0.01478000 0.00500000
v 0.01767800 -0.01467800 0.00500000
v 0.01767800 -0.01467800 0.00500000
v 0.01690100 -0.01478000 0.00500000
v 0.01690100 -0.01478000 0.00500000
v 0.01617800 -0.01508000 0.00500000
v 0.01617800 -0.01508000 0.00500000
v 0.01555600 -0.01555600 0.00500000
v 0.01555600 -0.01555600 0.00500000
v 0.01508000 -0.01617800 0.00500000
v 0.01508000 -0.01617800 0.00500000
v 0.01478000 -0.01690100 0.00500000
v 0.01478000 -0.01690100 0.00500000
v 0.01467800 -0.01767800 0.00000000
v 0.01467800 -0.01767800 0.00000000
v 0.01478000 -0.01690100 0.00000000
v 0.01478000 -0.01690100 0.00000000
v 0.01508000 -0.01617800 0.00000000
v 0.01508000 -0.01617800 0.00000000
v 0.01555600 -0.01555600 0.00000000
v 0.01555600 -0.01555600 0.00000000
v 0.01617800 -0.01508000 0.00000000
v 0.01617800 -0.01508000 0.00000000
v 0.01690100 -0.01478000 0.00000000
v 0.01690100 -0.01478000 0.00000000
v 0.01767800 -0.01467800 0.00000000
v 0.01767800 -0.01467800 0.00000000
v 0.01845400 -0.01478000 0.00000000
v 0.01845400 -0.01478000 0.00000000
v 0.01917800 -0.01508000 0.00000000
v 0.01917800 -0.01508000 0.00000000
v 0.01979900 -0.01555600 0.00000000
v 0.01979900 -0.01555600 0.00000000
v 0.02027600 -0.01617800 0.00000000
v 0.02027600 -0.01617800 0.00000000
v 0.02057500 -0.01690100 0.00000000
v 0.02057500 -0.01690100 0.00000000
v 0.02067800 -0.01767800 0.00000000
v 0.02067800 -0.01767800 0.00000000
v 0.02057500 -0.01845400 0.00000000
v 0.02057500 -0.01845400 0.00000000
v 0.02027600 -0.01917800 0.00000000
v 0.02027600 -0.01917800 0.00000000
v 0.01979900 -0.01979900 0.00000000
v 0.01979900 -0.01979900 0.00000000
v 0.01917800 -0.02027600 0.00000000
v 0.01917800 -0.02027600 0.00000000
v 0.01845400 -0.02057500 0.00000000
v 0.01845400 -0.02057500 0.00000000
v 0.01767800 -0.02067800 0.00000000
v 0.01767800 -0.02067800 0.00000000
v 0.01690100 -0.02057500 0.00000000
v 0.01690100 -0.02057500 0.00000000
v 0.01617800 -0.02027600 0.00000000
v 0.01617800 -0.02027600 0.00000000
v 0.01555600 -0.01979900 0.00000000
v 0.01555600 -0.01979900 0.00000000
v 0.01508000 -0.01917800 0.00000000
v 0.01508000 -0.01917800 0.00000000
v 0.01478000 -0.01845400 0.00000000
v 0.01478000 -0.01845400 0.00000000
v 0.01467800 0.01767800 0.00500000
v 0.01467800 0.01767800 0.00500000
v 0.01478000 0.01690100 0.00500000
v 0.01478000 0.01690100 0.00500000
v 0.01508000 0.01617800 0.00500000
v 0.01508000 0.01617800 0.00500000
v 0.01555600 0.01555600 0.00500000
v 0.01555600 0.01555600 0.00500000
v 0.01617800 0.01508000 0.00500000
v 0.01617800 0.01508000 0.00500000
v 0.01690100 0.01478000 0.00500000
v 0.01690100 0.01478000 0.00500000
v 0.01767800 0.01467800 0.00500000
v 0.01767800 0.01467800 0.00500000
v 0.01845400 0.01478000 0.00500000
v 0.01845400 0.01478000 0.00500000
v 0.01917800 0.01508000 0.00500000
v 0.01917800 0.01508000 0.00500000
v 0.01979900 0.01555600 0.00500000
v 0.01979900 0.01555600 0.00500000
v 0.02027600 0.01617800 0.00500000
v 0.02027600 0.01617800 0.00500000
v 0.02057500 0.01690100 0.00500000
v 0.02057500 0.01690100 0.00500000
v 0.02067800 0.01767800 0.00500000
v 0.02067800 0.01767800 0.00500000
v 0.02057500 0.01845400 0.00500000
v 0.02057500 0.01845400 0.00500000
v 0.02027600 0.01917800 0.00500000
v 0.02027600 0.01917800 0.00500000
v 0.01979900 0.01979900 0.00500000
v 0.01979900 0.01979900 0.00500000
v 0.01917800 0.02027600 0.00500000
v 0.01917800 0.02027600 0.00500000
v 0.01845400 0.02057500 0.00500000
v 0.01845400 0.02057500 0.00500000
v 0.01767800 0.02067800 0.00500000
v 0.01767800 0.02067800 0.00500000
v 0.01690100 0.02057500 0.00500000
v 0.01690100 0.02057500 0.00500000
v 0.01617800 0.02027600 0.00500000
v 0.01617800 0.02027600 0.00500000
v 0.01555600 0.01979900 0.00500000
v 0.01555600 0.01979900 0.00500000
v 0.01508000 0.01917800 0.00500000
v 0.01508000 0.01917800 0.00500000
v 0.01478000 0.01845400 0.00500000
v 0.01478000 0.01845400 0.00500000
v 0.01467800 0.01767800 0.00000000
v 0.01467800 0.01767800 0.00000000
v 0.01478000 0.01845400 0.00000000
v 0.01478000 0.01845400 0.00000000
v 0.01508000 0.01917800 0.00000000
v 0.01508000 0.01917800 0.00000000
v 0.01555600 0.01979900 0.00000000
v 0.01555600 0.01979900 0.00000000
v 0.01617800 0.02027600 0.00000000
v 0.01617800 0.02027600 0.00000000
v 0.01690100 0.02057500 0.00000000
v 0.01690100 0.02057500 0.00000000
v 0.01767800 0.02067800 0.00000000
v 0.01767800 0.02067800 0.00000000
v 0.01845400 0.02057500 0.00000000
v 0.01845400 0.02057500 0.00000000
v 0.01917800 0.02027600 0.00000000
v 0.01917800 0.02027600 0.00000000
v 0.01979900 0.01979900 0.00000000
v 0.01979900 0.01979900 0.00000000
v 0.02027600 0.01917800 0.00000000
v 0.02027600 0.01917800 0.00000000
v 0.02057500 0.01845400 0.00000000
v 0.02057500 0.01845400 0.00000000
v 0.02067800 0.01767800 0.00000000
v 0.02067800 0.01767800 0.00000000
v 0.02057500 0.01690100 0.00000000
v 0.02057500 0.01690100 0.00000000
v 0.02027600 0.01617800 0.00000000
v 0.02027600 0.01617800 0.00000000
v 0.01979900 0.01555600 0.00000000
v 0.01979900 0.01555600 0.00000000
v 0.01917800 0.01508000 0.00000000
v 0.01917800 0.01508000 0.00000000
v 0.01845400 0.01478000 0.00000000
v 0.01845400 0.01478000 0.00000000
v 0.01767800 0.01467800 0.00000000
v 0.01767800 0.01467800 0.00000000
v 0.01690100 0.01478000 0.00000000
v 0.01690100 0.01478000 0.00000000
v 0.01617800 0.01508000 0.00000000
v 0.01617800 0.01508000 0.00000000
v 0.01555600 0.01555600 0.00000000
v 0.01555600 0.01555600 0.00000000
v 0.01508000 0.01617800 0.00000000
v 0.01508000 0.01617800 0.00000000
v 0.01478000 0.01690100 0.00000000
v 0.01478000 0.01690100 0.00000000
v -0.02067800 -0.01767800 0.00500000
v -0.02067800 -0.01767800 0.00500000
v -0.02057500 -0.01845400 0.00500000
v -0.02057500 -0.01845400 0.00500000
v -0.02027600 -0.01917800 0.00500000
v -0.02027600 -0.01917800 0.00500000
v -0.01979900 -0.01979900 0.00500000
v -0.01979900 -0.01979900 0.00500000
v -0.01917800 -0.02027600 0.00500000
v -0.01917800 -0.02027600 0.00500000
v -0.01845400 -0.02057500 0.00500000
v -0.01845400 -0.02057500 0.00500000
v -0.01767800 -0.02067800 0.00500000
v -0.01767800 -0.02067800 0.00500000
v -0.01690100 -0.02057500 0.00500000
v -0.01690100 -0.02057500 0.00500000
v -0.01617800 -0.02027600 0.00500000
v -0.01617800 -0.02027600 0.00500000
v -0.01555600 -0.01979900 0.00500000
v -0.01555600 -0.01979900 0.00500000
v -0.01508000 -0.01917800 0.00500000
v -0.01508000 -0.01917800 0.00500000
v -0.01478000 -0.01845400 0.00500000
v -0.01478000 -0.01845400 0.00500000
v -0.01467800 -0.01767800 0.00500000
v -0.01467800 -0.01767800 0.00500000
v -0.01478000 -0.01690100 0.00500000
v -0.01478000 -0.01690100 0.00500000
v -0.01508000 -0.01617800 0.00500000
v -0.01508000 -0.01617800 0.00500000
v -0.01555600 -0.01555600 0.00500000
v -0.01555600 -0.01555600 0.00500000
v -0.01617800 -0.01508000 0.00500000
v -0.01617800 -0.01508000 0.00500000
v -0.01690100 -0.01478000 0.00500000
v -0.01690100 -0.01478000 0.00500000
v -0.01767800 -0.01467800 0.00500000
v -0.01767800 -0.01467800 0.00500000
v -0.01845400 -0.01478000 0.00500000
v -0.01845400 -0.01478000 0.00500000
v -0.01917800 -0.01508000 0.00500000
v -0.01917800 -0.01508000 0.00500000
v -0.01979900 -0.01555600 0.00500000
v -0.01979900 -0.01555600 0.00500000
v -0.02027600 -0.01617800 0.00500000
v -0.02027600 -0.01617800 0.00500000
v -0.02057500 -0.01690100 0.00500000
v -0.02057500 -0.01690100 0.00500000
v -0.02067800 -0.01767800 0.00000000
v -0.02067800 -0.01767800 0.00000000
v -0.02057500 -0.01690100 0.00000000
v -0.02057500 -0.01690100 0.00000000
v -0.02027600 -0.01617800 0.00000000
v -0.02027600 -0.01617800 0.00000000
v -0.01979900 -0.01555600 0.00000000
v -0.01979900 -0.01555600 0.00000000
v -0.01917800 -0.01508000 0.00000000
v -0.01917800 -0.01508000 0.00000000
v -0.01845400 -0.01478000 0.00000000
v -0.01845400 -0.01478000 0.00000000
v -0.01767800 -0.01467800 0.00000000
v -0.01767800 -0.01467800 0.00000000
v -0.01690100 -0.01478000 0.00000000
v -0.01690100 -0.01478000 0.00000000
v -0.01617800 -0.01508000 0.00000000
v -0.01617800 -0.01508000 0.00000000
v -0.01555600 -0.01555600 0.00000000
v -0.01555600 -0.01555600 0.00000000
v -0.01508000 -0.01617800 0.00000000
v -0.01508000 -0.01617800 0.00000000
v -0.01478000 -0.01690100 0.00000000
v -0.01478000 -0.01690100 0.00000000
v -0.01467800 -0.01767800 0.00000000
v -0.01467800 -0.01767800 0.00000000
v -0.01478000 -0.01845400 0.00000000
v -0.01478000 -0.01845400 0.00000000
v -0.01508000 -0.01917800 0.00000000
v -0.01508000 -0.01917800 0.00000000
v -0.01555600 -0.01979900 0.00000000
v -0.01555600 -0.01979900 0.00000000
v -0.01617800 -0.02027600 0.00000000
v -0.01617800 -0.02027600 0.00000000
v -0.01690100 -0.02057500 0.00000000
v -0.01690100 -0.02057500 0.00000000
v -0.01767800 -0.02067800 0.00000000
v -0.01767800 -0.02067800 0.00000000
v -0.01845400 -0.02057500 0.00000000
v -0.01845400 -0.02057500 0.00000000
v -0.01917800 -0.02027600 0.00000000
v -0.01917800 -0.02027600 0.00000000
v -0.01979900 -0.01979900 0.00000000
v -0.01979900 -0.01979900 0.00000000
v -0.02027600 -0.01917800 0.00000000
v -0.02027600 -0.01917800 0.00000000
v -0.02057500 -0.01845400 0.00000000
v -0.02057500 -0.01845400 0.00000000
v -0.02067800 0.01767800 0.00500000
v -0.02067800 0.01767800 0.00500000
v -0.02057500 0.01690100 0.00500000
v -0.02057500 0.01690100 0.00500000
v -0.02027600 0.01617800 0.00500000
v -0.02027600 0.01617800 0.00500000
v -0.01979900 0.01555600 0.00500000
v -0.01979900 0.01555600 0.00500000
v -0.01917800 0.01508000 0.00500000
v -0.01917800 0.01508000 0.00500000
v -0.01845400 0.01478000 0.00500000
v -0.01845400 0.01478000 0.00500000
v -0.01767800 0.01467800 0.00500000
v -0.01767800 0.01467800 0.00500000
v -0.01690100 0.01478000 0.00500000
v -0.01690100 0.01478000 0.00500000
v -0.01617800 0.01508000 0.00500000
v -0.01617800 0.01508000 0.00500000
v -0.01555600 0.01555600 0.00500000
v -0.01555600 0.01555600 0.00500000
v -0.01508000 0.01617800 0.00500000
v -0.01508000 0.01617800 0.00500000
v -0.01478000 0.01690100 0.00500000
v -0.01478000 0.01690100 0.00500000
v -0.01467800 0.01767800 0.00500000
v -0.01467800 0.01767800 0.00500000
v -0.01478000 0.01845400 0.00500000
v -0.01478000 0.01845400 0.00500000
v -0.01508000 0.01917800 0.00500000
v -0.01508000 0.01917800 0.00500000
v -0.01555600 0.01979900 0.00500000
v -0.01555600 0.01979900 0.00500000
v -0.01617800 0.02027600 0.00500000
v -0.01617800 0.02027600 0.00500000
v -0.01690100 0.02057500 0.00500000
v -0.01690100 0.02057500 0.00500000
v -0.01767800 0.02067800 0.00500000
v -0.01767800 0.02067800 0.00500000
v -0.01845400 0.02057500 0.00500000
v -0.01845400 0.02057500 0.00500000
v -0.01917800 0.02027600 0.00500000
v -0.01917800 0.02027600 0.00500000
v -0.01979900 0.01979900 0.00500000
v -0.01979900 0.01979900 0.00500000
v -0.02027600 0.01917800 0.00500000
v -0.02027600 0.01917800 0.00500000
v -0.02057500 0.01845400 0.00500000
v -0.02057500 0.01845400 0.00500000
v -0.02067800 0.01767800 0.00000000
v -0.02067800 0.01767800 0.00000000
v -0.02057500 0.01845400 0.00000000
v -0.02057500 0.01845400 0.00000000
v -0.02027600 0.01917800 0.00000000
v -0.02027600 0.01917800 0.00000000
v -0.01979900 0.01979900 0.00000000
v -0.01979900 0.01979900 0.00000000
v -0.01917800 0.02027600 0.00000000
v -0.01917800 0.02027600 0.00000000
v -0.01845400 0.02057500 0.00000000
v -0.01845400 0.02057500 0.00000000
v -0.01767800 0.02067800 0.00000000
v -0.01767800 0.02067800 0.00000000
v -0.01690100 0.02057500 0.00000000
v -0.01690100 0.02057500 0.00000000
v -0.01617800 0.02027600 0.00000000
v -0.01617800 0.02027600 0.00000000
v -0.01555600 0.01979900 0.00000000
v -0.01555600 0.01979900 0.00000000
v -0.01508000 0.01917800 0.00000000
v -0.01508000 0.01917800 0.00000000
v -0.01478000 0.01845400 0.00000000
v -0.01478000 0.01845400 0.00000000
v -0.01467800 0.01767800 0.00000000
v -0.01467800 0.01767800 0.00000000
v -0.01478000 0.01690100 0.00000000
v -0.01478000 0.01690100 0.00000000
v -0.01508000 0.01617800 0.00000000
v -0.01508000 0.01617800 0.00000000
v -0.01555600 0.01555600 0.00000000
v -0.01555600 0.01555600 0.00000000
v -0.01617800 0.01508000 0.00000000
v -0.01617800 0.01508000 0.00000000
v -0.01690100 0.01478000 0.00000000
v -0.01690100 0.01478000 0.00000000
v -0.01767800 0.01467800 0.00000000
v -0.01767800 0.01467800 0.00000000
v -0.01845400 0.01478000 0.00000000
v -0.01845400 0.01478000 0.00000000
v -0.01917800 0.01508000 0.00000000
v -0.01917800 0.01508000 0.00000000
v -0.01979900 0.01555600 0.00000000
v -0.01979900 0.01555600 0.00000000
v -0.02027600 0.01617800 0.00000000
v -0.02027600 0.01617800 0.00000000
v -0.02057500 0.01690100 0.00000000
v -0.02057500 0.01690100 0.00000000
v -0.03150000 -0.00000000 0.00500000
v -0.03150000 -0.00000000 0.00500000
v -0.03139200 0.00260100 0.00500000
v -0.03139200 0.00260100 0.00500000
v -0.03107000 0.00518500 0.00500000
v -0.03107000 0.00518500 0.00500000
v -0.03053600 0.00773300 0.00500000
v -0.03053600 0.00773300 0.00500000
v -0.02979300 0.01022800 0.00500000
v -0.02979300 0.01022800 0.00500000
v -0.02884700 0.01265300 0.00500000
v -0.02884700 0.01265300 0.00500000
v -0.02770300 0.01499200 0.00500000
v -0.02770300 0.01499200 0.00500000
v -0.02637100 0.01722900 0.00500000
v -0.02637100 0.01722900 0.00500000
v -0.02485800 0.01934800 0.00500000
v -0.02485800 0.01934800 0.00500000
v -0.02317500 0.02133400 0.00500000
v -0.02317500 0.02133400 0.00500000
v -0.02133400 0.02317500 0.00500000
v -0.02133400 0.02317500 0.00500000
v -0.01934800 0.02485800 0.00500000
v -0.01934800 0.02485800 0.00500000
v -0.01722900 0.02637100 0.00500000
v -0.01722900 0.02637100 0.00500000
v -0.01499200 0.02770300 0.00500000
v -0.01499200 0.02770300 0.00500000
v -0.01265300 0.02884700 0.00500000
v -0.01265300 0.02884700 0.00500000
v -0.01022800 0.02979300 0.00500000
v -0.01022800 0.02979300 0.00500000
v -0.00773300 0.03053600 0.00500000
v -0.00773300 0.03053600 0.00500000
v -0.00518500 0.03107000 0.00500000
v -0.00518500 0.03107000 0.00500000
v -0.00260100 0.03139200 0.00500000
v -0.00260100 0.03139200 0.00500000
v 0.00000000 0.03150000 0.00500000
v 0.00000000 0.03150000 0.00500000
v 0.00260100 0.03139200 0.00500000
v 0.00260100 0.03139200 0.00500000
v 0.00518500 0.03107000 0.00500000
v 0.00518500 0.03107000 0.00500000
v 0.00773300 0.03053600 0.00500000
v 0.00773300 0.03053600 0.00500000
v 0.01022800 0.02979300 0.00500000
v 0.01022800 0.02979300 0.00500000
v 0.01265300 0.02884700 0.00500000
v 0.01265300 0.02884700 0.00500000
v 0.01499200 0.02770300 0.00500000
v 0.01499200 0.02770300 0.00500000
v 0.01722900 0.02637100 0.00500000
v 0.01722900 0.02637100 0.00500000
v 0.01934800 0.02485800 0.00500000
v 0.01934800 0.02485800 0.00500000
v 0.02133400 0.02317500 0.00500000
v 0.02133400 0.02317500 0.00500000
v 0.02317500 0.02133400 0.00500000
v 0.02317500 0.02133400 0.00500000
v 0.02485800 0.01934800 0.00500000
v 0.02485800 0.01934800 0.00500000
v 0.02637100 0.01722900 0.00500000
v 0.02637100 0.01722900 0.00500000
v 0.02770300 0.01499200 0.00500000
v 0.02770300 0.01499200 0.00500000
v 0.02884700 0.01265300 0.00500000
v 0.02884700 0.01265300 0.00500000
v 0.02979300 0.01022800 0.00500000
v 0.02979300 0.01022800 0.00500000
v 0.03053600 0.00773300 0.00500000
v 0.03053600 0.00773300 0.00500000
v 0.03107000 0.00518500 0.00500000
v 0.03107000 0.00518500 0.00500000
v 0.03139200 0.00260100 0.00500000
v 0.03139200 0.00260100 0.00500000
v 0.03150000 0.00000000 0.00500000
v 0.03150000 0.00000000 0.00500000
v 0.03139200 -0.00260100 0.00500000
v 0.03139200 -0.00260100 0.00500000
v 0.03107000 -0.00518500 0.00500000
v 0.03107000 -0.00518500 0.00500000
v 0.03053600 -0.00773300 0.00500000
v 0.03053600 -0.00773300 0.00500000
v 0.02979300 -0.01022800 0.00500000
v 0.02979300 -0.01022800 0.00500000
v 0.02884700 -0.01265300 0.00500000
v 0.02884700 -0.01265300 0.00500000
v 0.02770300 -0.01499200 0.00500000
v 0.02770300 -0.01499200 0.00500000
v 0.02637100 -0.01722900 0.00500000
v 0.02637100 -0.01722900 0.00500000
v 0.02485800 -0.01934800 0.00500000
v 0.02485800 -0.01934800 0.00500000
v 0.02317500 -0.02133400 0.00500000
v 0.02317500 -0.02133400 0.00500000
v 0.02133400 -0.02317500 0.00500000
v 0.02133400 -0.02317500 0.00500000
v 0.01934800 -0.02485800 0.00500000
v 0.01934800 -0.02485800 0.00500000
v 0.01722900 -0.02637100 0.00500000
v 0.01722900 -0.02637100 0.00500000
v 0.01499200 -0.02770300 0.00500000
v 0.01499200 -0.02770300 0.00500000
v 0.01265300 -0.02884700 0.00500000
v 0.01265300 -0.02884700 0.00500000
v 0.01022800 -0.02979300 0.00500000
v 0.01022800 -0.02979300 0.00500000
v 0.00773300 -0.03053600 0.00500000
v 0.00773300 -0.03053600 0.00500000
v 0.00518500 -0.03107000 0.00500000
v 0.00518500 -0.03107000 0.00500000
v 0.00260100 -0.03139200 0.00500000
v 0.00260100 -0.03139200 0.00500000
v 0.00000000 -0.03150000 0.00500000
v 0.00000000 -0.03150000 0.00500000
v -0.00260100 -0.03139200 0.00500000
v -0.00260100 -0.03139200 0.00500000
v -0.00518500 -0.03107000 0.00500000
v -0.00518500 -0.03107000 0.00500000
v -0.00773300 -0.03053600 0.00500000
v -0.00773300 -0.03053600 0.00500000
v -0.01022800 -0.02979300 0.00500000
v -0.01022800 -0.02979300 0.00500000
v -0.01265300 -0.02884700 0.00500000
v -0.01265300 -0.02884700 0.00500000
v -0.01499200 -0.02770300 0.00500000
v -0.01499200 -0.02770300 0.00500000
v -0.01722900 -0.02637100 0.00500000
v -0.01722900 -0.02637100 0.00500000
v -0.01934800 -0.02485800 0.00500000
v -0.01934800 -0.02485800 0.00500000
v -0.02133400 -0.02317500 0.00500000
v -0.02133400 -0.02317500 0.00500000
v -0.02317500 -0.02133400 0.00500000
v -0.02317500 -0.02133400 0.00500000
v -0.02485800 -0.01934800 0.00500000
v -0.02485800 -0.01934800 0.00500000
v -0.02637100 -0.01722900 0.00500000
v -0.02637100 -0.01722900 0.00500000
v -0.02770300 -0.01499200 0.00500000
v -0.02770300 -0.01499200 0.00500000
v -0.02884700 -0.01265300 0.00500000
v -0.02884700 -0.01265300 0.00500000
v -0.02979300 -0.01022800 0.00500000
v -0.02979300 -0.01022800 0.00500000
v -0.03053600 -0.00773300 0.00500000
v -0.03053600 -0.00773300 0.00500000
v -0.03107000 -0.00518500 0.00500000
v -0.03107000 -0.00518500 0.00500000
v -0.03139200 -0.00260100 0.00500000
v -0.03139200 -0.00260100 0.00500000
v -0.03150000 -0.00000000 0.00000000
v -0.03150000 -0.00000000 0.00000000
v -0.03139200 -0.00260100 0.00000000
v -0.03139200 -0.00260100 0.00000000
v -0.03107000 -0.00518500 0.00000000
v -0.03107000 -0.00518500 0.00000000
v -0.03053600 -0.00773300 0.00000000
v -0.03053600 -0.00773300 0.00000000
v -0.02979300 -0.01022800 0.00000000
v -0.02979300 -0.01022800 0.00000000
v -0.02884700 -0.01265300 0.00000000
v -0.02884700 -0.01265300 0.00000000
v -0.02770300 -0.01499200 0.00000000
v -0.02770300 -0.01499200 0.00000000
v -0.02637100 -0.01722900 0.00000000
v -0.02637100 -0.01722900 0.00000000
v -0.02485800 -0.01934800 0.00000000
v -0.02485800 -0.01934800 0.00000000
v -0.02317500 -0.02133400 0.00000000
v -0.02317500 -0.02133400 0.00000000
v -0.02133400 -0.02317500 0.00000000
v -0.02133400 -0.02317500 0.00000000
v -0.01934800 -0.02485800 0.00000000
v -0.01934800 -0.02485800 0.00000000
v -0.01722900 -0.02637100 0.00000000
v -0.01722900 -0.02637100 0.00000000
v -0.01499200 -0.02770300 0.00000000
v -0.01499200 -0.02770300 0.00000000
v -0.01265300 -0.02884700 0.00000000
v -0.01265300 -0.02884700 0.00000000
v -0.01022800 -0.02979300 0.00000000
v -0.01022800 -0.02979300 0.00000000
v -0.00773300 -0.03053600 0.00000000
v -0.00773300 -0.03053600 0.00000000
v -0.00518500 -0.03107000 0.00000000
v -0.00518500 -0.03107000 0.00000000
v -0.00260100 -0.03139200 0.00000000
v -0.00260100 -0.03139200 0.00000000
v 0.00000000 -0.03150000 0.00000000
v 0.00000000 -0.03150000 0.00000000
v 0.00260100 -0.03139200 0.00000000
v 0.00260100 -0.03139200 0.00000000
v 0.00518500 -0.03107000 0.00000000
v 0.00518500 -0.03107000 0.00000000
v 0.00773300 -0.03053600 0.00000000
v 0.00773300 -0.03053600 0.00000000
v 0.01022800 -0.02979300 0.00000000
v 0.01022800 -0.02979300 0.00000000
v 0.01265300 -0.02884700 0.00000000
v 0.01265300 -0.02884700 0.00000000
v 0.01499200 -0.02770300 0.00000000
v 0.01499200 -0.02770300 0.00000000
v 0.01722900 -0.02637100 0.00000000
v 0.01722900 -0.02637100 0.00000000
v 0.01934800 -0.02485800 0.00000000
v 0.01934800 -0.02485800 0.00000000
v 0.02133400 -0.02317500 0.00000000
v 0.02133400 -0.02317500 0.00000000
v 0.02317500 -0.02133400 0.00000000
v 0.02317500 -0.02133400 0.00000000
v 0.02485800 -0.01934800 0.00000000
v 0.02485800 -0.01934800 0.00000000
v 0.02637100 -0.01722900 0.00000000
v 0.02637100 -0.01722900 0.00000000
v 0.02770300 -0.01499200 0.00000000
v 0.02770300 -0.01499200 0.00000000
v 0.02884700 -0.01265300 0.00000000
v 0.02884700 -0.01265300 0.00000000
v 0.02979300 -0.01022800 0.00000000
v 0.02979300 -0.01022800 0.00000000
v 0.03053600 -0.00773300 0.00000000
v 0.03053600 -0.00773300 0.00000000
v 0.03107000 -0.00518500 0.00000000
v 0.03107000 -0.00518500 0.00000000
v 0.03139200 -0.00260100 0.00000000
v 0.03139200 -0.00260100 0.00000000
v 0.03150000 0.00000000 0.00000000
v 0.03150000 0.00000000 0.00000000
v 0.03139200 0.00260100 0.00000000
v 0.03139200 0.00260100 0.00000000
v 0.03107000 0.00518500 0.00000000
v 0.03107000 0.00518500 0.00000000
v 0.03053600 0.00773300 0.00000000
v 0.03053600 0.00773300 0.00000000
v 0.02979300 0.01022800 0.00000000
v 0.02979300 0.01022800 0.00000000
v 0.02884700 0.01265300 0.00000000
v 0.02884700 0.01265300 0.00000000
v 0.02770300 0.01499200 0.00000000
v 0.02770300 0.01499200 0.00000000
v 0.02637100 0.01722900 0.00000000
v 0.02637100 0.01722900 0.00000000
v 0.02485800 0.01934800 0.00000000
v 0.02485800 0.01934800 0.00000000
v 0.02317500 0.02133400 0.00000000
v 0.02317500 0.02133400 0.00000000
v 0.02133400 0.02317500 0.00000000
v 0.02133400 0.02317500 0.00000000
v 0.01934800 0.02485800 0.00000000
v 0.01934800 0.02485800 0.00000000
v 0.01722900 0.02637100 0.00000000
v 0.01722900 0.02637100 0.00000000
v 0.01499200 0.02770300 0.00000000
v 0.01499200 0.02770300 0.00000000
v 0.01265300 0.02884700 0.00000000
v 0.01265300 0.02884700 0.00000000
v 0.01022800 0.02979300 0.00000000
v 0.01022800 0.02979300 0.00000000
v 0.00773300 0.03053600 0.00000000
v 0.00773300 0.03053600 0.00000000
v 0.00518500 0.03107000 0.00000000
v 0.00518500 0.03107000 0.00000000
v 0.00260100 0.03139200 0.00000000
v 0.00260100 0.03139200 0.00000000
v 0.00000000 0.03150000 0.00000000
v 0.00000000 0.03150000 0.00000000
v -0.00260100 0.03139200 0.00000000
v -0.00260100 0.03139200 0.00000000
v -0.00518500 0.03107000 0.00000000
v -0.00518500 0.03107000 0.00000000
v -0.00773300 0.03053600 0.00000000
v -0.00773300 0.03053600 0.00000000
v -0.01022800 0.02979300 0.00000000
v -0.01022800 0.02979300 0.00000000
v -0.01265300 0.02884700 0.00000000
v -0.01265300 0.02884700 0.00000000
v -0.01499200 0.02770300 0.00000000
v -0.01499200 0.02770300 0.00000000
v -0.01722900 0.02637100 0.00000000
v -0.01722900 0.02637100 0.00000000
v -0.01934800 0.02485800 0.00000000
v -0.01934800 0.02485800 0.00000000
v -0.02133400 0.02317500 0.00000000
v -0.02133400 0.02317500 0.00000000
v -0.02317500 0.02133400 0.00000000
v -0.02317500 0.02133400 0.00000000
v -0.02485800 0.01934800 0.00000000
v -0.02485800 0.01934800 0.00000000
v -0.02637100 0.01722900 0.00000000
v -0.02637100 0.01722900 0.00000000
v -0.02770300 0.01499200 0.00000000
v -0.02770300 0.01499200 0.00000000
v -0.02884700 0.01265300 0.00000000
v -0.02884700 0.01265300 0.00000000
v -0.02979300 0.01022800 0.00000000
v -0.02979300 0.01022800 0.00000000
v -0.03053600 0.00773300 0.00000000
v -0.03053600 0.00773300 0.00000000
v -0.03107000 0.00518500 0.00000000
v -0.03107000 0.00518500 0.00000000
v -0.03139200 0.00260100 0.00000000
v -0.03139200 0.00260100 0.00000000
vn 0.00000000 0.00000000 100.00000000
vn 100.00000000 0.00000000 0.00000000
vn 0.00000000 -9.22683600 99.57341800
vn 100.00000000 0.00000000 0.00000000
vn 100.00000000 0.00000000 0.00000000
vn 0.00000000 -18.37495200 98.29731000
vn 100.00000000 0.00000000 0.00000000
vn 0.00000000 -27.36629900 96.18256400
vn 100.00000000 0.00000000 0.00000000
vn 0.00000000 -36.12416700 93.24722300
vn 100.00000000 0.00000000 0.00000000
vn 0.00000000 -44.57383600 89.51632900
vn 0.00000000 -52.64321600 85.02171400
vn 100.00000000 0.00000000 0.00000000
vn 100.00000000 0.00000000 0.00000000
vn 0.00000000 -60.26346400 79.80172300
vn 0.00000000 -67.36956400 73.90089200
vn 100.00000000 0.00000000 0.00000000
vn 100.00000000 0.00000000 0.00000000
vn 0.00000000 -73.90089200 67.36956400
vn 100.00000000 0.00000000 0.00000000
vn 0.00000000 -79.80172300 60.26346400
vn 0.00000000 -85.02171400 52.64321600
vn 100.00000000 0.00000000 0.00000000
vn 100.00000000 0.00000000 0.00000000
vn 0.00000000 -89.51632900 44.57383600
vn 0.00000000 -93.24722300 36.12416700
vn 100.00000000 0.00000000 0.00000000
vn 100.00000000 0.00000000 0.00000000
vn 0.00000000 -96.18256400 27.36629900
vn 100.00000000 0.00000000 0.00000000
vn 0.00000000 -98.29731000 18.37495200
vn 100.00000000 0.00000000 0.00000000
vn 0.00000000 -99.57341800 9.22683600
vn 0.00000000 -100.00000000 0.00000000
vn 100.00000000 0.00000000 0.00000000
vn 0.00000000 -100.00000000 0.00000000
vn 0.00000000 0.00000000 100.00000000
vn 100.00000000 0.00000000 0.00000000
vn 0.00000000 0.00000000 100.00000000
vn 100.00000000 0.00000000 0.00000000
vn 0.00000000 -14.23148400 98.98214400
vn 100.00000000 0.00000000 0.00000000
vn 0.00000000 -28.17325600 95.94929700
vn 100.00000000 0.00000000 0.00000000
vn 0.00000000 -41.54150100 90.96320000
vn 100.00000000 0.00000000 0.00000000
vn 0.00000000 -54.06408200 84.12535300
vn 100.00000000 0.00000000 0.00000000
vn 0.00000000 -65.48607300 75.57495700
vn 100.00000000 0.00000000 0.00000000
vn 0.00000000 -75.57495700 65.48607300
vn 100.00000000 0.00000000 0.00000000
vn 0.00000000 -84.12535300 54.06408200
vn 100.00000000 0.00000000 0.00000000
vn 0.00000000 -90.96320000 41.54150100
vn 100.00000000 0.00000000 0.00000000
vn 0.00000000 -95.94929700 28.17325600
vn 100.00000000 0.00000000 0.00000000
vn 0.00000000 -98.98214400 14.23148400
vn 100.00000000 0.00000000 0.00000000
vn 0.00000000 -100.00000000 0.00000000
vn 100.00000000 0.00000000 0.00000000
vn 0.00000000 0.00000000 100.00000000
vn 100.00000000 0.00000000 0.00000000
vn 0.00000000 -100.00000000 0.00000000
vn 0.00000000 0.00000000 100.00000000
vn -100.00000000 0.00000000 0.00000000
vn -100.00000000 0.00000000 0.00000000
vn 0.00000000 0.00000000 100.00000000
vn 0.00000000 -100.00000000 0.00000000
vn 0.00000000 -100.00000000 0.00000000
vn -100.00000000 0.00000000 0.00000000
vn 0.00000000 0.00000000 100.00000000
vn -100.00000000 0.00000000 0.00000000
vn 0.00000000 -100.00000000 0.00000000
vn 0.00000000 -14.23148400 98.98214400
vn -100.00000000 0.00000000 0.00000000
vn -100.00000000 0.00000000 0.00000000
vn 0.00000000 -28.17325600 95.94929700
vn -100.00000000 0.00000000 0.00000000
vn 0.00000000 -41.54150100 90.96320000
vn 0.00000000 -54.06408200 84.12535300
vn -100.00000000 0.00000000 0.00000000
vn -100.00000000 0.00000000 0.00000000
vn 0.00000000 -65.48607300 75.57495700
vn -100.00000000 0.00000000 0.00000000
vn 0.00000000 -75.57495700 65.48607300
vn -100.00000000 0.00000000 0.00000000
vn 0.00000000 -84.12535300 54.06408200
vn 0.00000000 -90.96320000 41.54150100
vn -100.00000000 0.00000000 0.00000000
vn 0.00000000 -95.94929700 28.17325600
vn -100.00000000 0.00000000 0.00000000
vn 0.00000000 -98.98214400 14.23148400
vn -100.00000000 0.00000000 0.00000000
vn 0.00000000 -98.98214400 14.23148400
vn 0.00000000 -95.94929700 28.17325600
vn 0.00000000 -90.96320000 41.54150100
vn 0.00000000 -84.12535300 54.06408200
vn 0.00000000 -75.57495700 65.48607300
vn 0.00000000 -65.48607300 75.57495700
vn 0.00000000 -54.06408200 84.12535300
vn 0.00000000 -41.54150100 90.96320000
vn 0.00000000 -28.17325600 95.94929700
vn 0.00000000 -14.23148400 98.98214400
vn 0.00000000 -100.00000000 0.00000000
vn -100.00000000 0.00000000 0.00000000
vn -100.00000000 0.00000000 0.00000000
vn 0.00000000 -99.57341800 9.22683600
vn -100.00000000 0.00000000 0.00000000
vn 0.00000000 -98.29731000 18.37495200
vn 0.00000000 -96.18256400 27.36629900
vn -100.00000000 0.00000000 0.00000000
vn -100.00000000 0.00000000 0.00000000
vn 0.00000000 -93.24722300 36.12416700
vn -100.00000000 0.00000000 0.00000000
vn 0.00000000 -89.51632900 44.57383600
vn 0.00000000 -85.02171400 52.64321600
vn -100.00000000 0.00000000 0.00000000
vn -100.00000000 0.00000000 0.00000000
vn 0.00000000 -79.80172300 60.26346400
vn -100.00000000 0.00000000 0.00000000
vn 0.00000000 -73.90089200 67.36956400
vn -100.00000000 0.00000000 0.00000000
vn 0.00000000 -67.36956400 73.90089200
vn -100.00000000 0.00000000 0.00000000
vn 0.00000000 -60.26346400 79.80172300
vn 0.00000000 -52.64321600 85.02171400
vn -100.00000000 0.00000000 0.00000000
vn 0.00000000 -44.57383600 89.51632900
vn -100.00000000 0.00000000 0.00000000
vn -100.00000000 0.00000000 0.00000000
vn 0.00000000 -36.12416700 93.24722300
vn 0.00000000 -27.36629900 96.18256400
vn -100.00000000 0.00000000 0.00000000
vn -100.00000000 0.00000000 0.00000000
vn 0.00000000 -18.37495200 98.29731000
vn -100.00000000 0.00000000 0.00000000
vn 0.00000000 -9.22683600 99.57341800
vn 0.00000000 0.00000000 100.00000000
vn -100.00000000 0.00000000 0.00000000
vn 0.00000000 -100.00000000 0.00000000
vn -100.00000000 0.00000000 0.00000000
vn 0.00000000 0.00000000 -100.00000000
vn 0.00000000 -100.00000000 0.00000000
vn -100.00000000 0.00000000 0.00000000
vn 100.00000000 0.00000000 0.00000000
vn 0.00000000 0.00000000 -100.00000000
vn 0.00000000 -100.00000000 0.00000000
vn 0.00000000 -100.00000000 0.00000000
vn 100.00000000 0.00000000 0.00000000
vn -100.00000000 0.00000000 0.00000000
vn 0.00000000 0.00000000 100.00000000
vn -100.00000000 0.00000000 0.00000000
vn 0.00000000 -9.22683600 99.57341800
vn -100.00000000 0.00000000 0.00000000
vn 0.00000000 -18.37495200 98.29731000
vn -100.00000000 0.00000000 0.00000000
vn 0.00000000 -27.36629900 96.18256400
vn -100.00000000 0.00000000 0.00000000
vn 0.00000000 -36.12416700 93.24722300
vn -100.00000000 0.00000000 0.00000000
vn 0.00000000 -44.57383600 89.51632900
vn -100.00000000 0.00000000 0.00000000
vn 0.00000000 -52.64321600 85.02171400
vn 0.00000000 -60.26346400 79.80172300
vn -100.00000000 0.00000000 0.00000000
vn -100.00000000 0.00000000 0.00000000
vn 0.00000000 -67.36956400 73.90089200
vn -100.00000000 0.00000000 0.00000000
vn 0.00000000 -73.90089200 67.36956400
vn 0.00000000 -79.80172300 60.26346400
vn -100.00000000 0.00000000 0.00000000
vn 0.00000000 -85.02171400 52.64321600
vn -100.00000000 0.00000000 0.00000000
vn 0.00000000 -89.51632900 44.57383600
vn -100.00000000 0.00000000 0.00000000
vn 0.00000000 -93.24722300 36.12416700
vn -100.00000000 0.00000000 0.00000000
vn -100.00000000 0.00000000 0.00000000
vn 0.00000000 -96.18256400 27.36629900
vn -100.00000000 0.00000000 0.00000000
vn 0.00000000 -98.29731000 18.37495200
vn -100.00000000 0.00000000 0.00000000
vn 0.00000000 -99.57341800 9.22683600
vn 100.00000000 0.00000000 0.00000000
vn 0.00000000 -99.57341800 9.22683600
vn 0.00000000 -98.29731000 18.37495200
vn 100.00000000 0.00000000 0.00000000
vn 0.00000000 -96.18256400 27.36629900
vn 100.00000000 0.00000000 0.00000000
vn 0.00000000 -93.24722300 36.12416700
vn 100.00000000 0.00000000 0.00000000
vn 0.00000000 -89.51632900 44.57383600
vn 100.00000000 0.00000000 0.00000000
vn 0.00000000 -85.02171400 52.64321600
vn 100.00000000 0.00000000 0.00000000
vn 0.00000000 -79.80172300 60.26346400
vn 100.00000000 0.00000000 0.00000000
vn 0.00000000 -73.90089200 67.36956400
vn 100.00000000 0.00000000 0.00000000
vn 100.00000000 0.00000000 0.00000000
vn 0.00000000 -67.36956400 73.90089200
vn 100.00000000 0.00000000 0.00000000
vn 0.00000000 -60.26346400 79.80172300
vn 100.00000000 0.00000000 0.00000000
vn 0.00000000 -52.64321600 85.02171400
vn 100.00000000 0.00000000 0.00000000
vn 0.00000000 -44.57383600 89.51632900
vn 100.00000000 0.00000000 0.00000000
vn 0.00000000 -36.12416700 93.24722300
vn 100.00000000 0.00000000 0.00000000
vn 0.00000000 -27.36629900 96.18256400
vn 0.00000000 -18.37495200 98.29731000
vn 100.00000000 0.00000000 0.00000000
vn 100.00000000 0.00000000 0.00000000
vn 0.00000000 -9.22683600 99.57341800
vn 100.00000000 0.00000000 0.00000000
vn 0.00000000 0.00000000 100.00000000
vn 0.00000000 100.00000000 0.00000000
vn 0.00000000 0.00000000 100.00000000
vn 100.00000000 0.00000000 0.00000000
vn -100.00000000 0.00000000 0.00000000
vn 0.00000000 100.00000000 0.00000000
vn 0.00000000 0.00000000 100.00000000
vn 100.00000000 0.00000000 0.00000000
vn 0.00000000 0.00000000 -100.00000000
vn -0.00000000 14.23148400 -98.98214400
vn 100.00000000 0.00000000 0.00000000
vn -0.00000000 28.17325600 -95.94929700
vn 100.00000000 0.00000000 0.00000000
vn -0.00000000 41.54150100 -90.96320000
vn 100.00000000 0.00000000 0.00000000
vn -0.00000000 54.06408200 -84.12535300
vn 100.00000000 0.00000000 0.00000000
vn -0.00000000 65.48607300 -75.57495700
vn 100.00000000 0.00000000 0.00000000
vn 100.00000000 0.00000000 0.00000000
vn -0.00000000 75.57495700 -65.48607300
vn -0.00000000 84.12535300 -54.06408200
vn 100.00000000 0.00000000 0.00000000
vn 100.00000000 0.00000000 0.00000000
vn -0.00000000 90.96320000 -41.54150100
vn -0.00000000 95.94929700 -28.17325600
vn 100.00000000 0.00000000 0.00000000
vn -0.00000000 98.98214400 -14.23148400
vn 100.00000000 0.00000000 0.00000000
vn 100.00000000 0.00000000 0.00000000
vn -0.00000000 100.00000000 -0.00000000
vn 0.00000000 0.00000000 -100.00000000
vn 86.60254000 50.00000000 0.00000000
vn -0.00000000 5.59091600 -99.84358600
vn 83.12236300 55.59382000 0.00000000
vn -0.00000000 11.10615700 -99.38135300
vn 79.15797300 61.10659000 0.00000000
vn -0.00000000 21.19835500 -97.72732300
vn 70.21685800 71.20107300 0.00000000
vn -0.00000000 29.49040200 -95.55268800
vn 60.66686900 79.49547800 0.00000000
vn -0.00000000 36.62165000 -93.05296700
vn 49.94517800 86.63416900 0.00000000
vn -0.00000000 42.42759900 -90.55329300
vn 38.16975100 92.42873000 0.00000000
vn 25.66138400 96.65140100 0.00000000
vn -0.00000000 46.63296100 -88.46110400
vn 12.78886300 99.17885300 0.00000000
vn -0.00000000 49.15384500 -87.08558700
vn -0.00000000 50.00000000 -86.60254000
vn -0.00000000 100.00000000 -0.00000000
vn -12.78886300 99.17885300 -0.00000000
vn -0.00000000 49.15384500 -87.08558700
vn -25.66138400 96.65140100 -0.00000000
vn -0.00000000 46.63296100 -88.46110400
vn -0.00000000 42.42759900 -90.55329300
vn -38.16975100 92.42873000 -0.00000000
vn -0.00000000 36.62165000 -93.05296700
vn -49.94517800 86.63416900 -0.00000000
vn -60.66686900 79.49547800 -0.00000000
vn -0.00000000 29.49040200 -95.55268800
vn -0.00000000 21.19835500 -97.72732300
vn -70.21685800 71.20107300 -0.00000000
vn -79.15797300 61.10659000 -0.00000000
vn -0.00000000 11.10615700 -99.38135300
vn -0.00000000 5.59091600 -99.84358600
vn -83.12236300 55.59382000 -0.00000000
vn -86.60254000 50.00000000 -0.00000000
vn 0.00000000 0.00000000 -100.00000000
vn 0.00000000 0.00000000 -100.00000000
vn -100.00000000 0.00000000 0.00000000
vn -0.00000000 14.23148400 -98.98214400
vn -100.00000000 0.00000000 0.00000000
vn -0.00000000 28.17325600 -95.94929700
vn -100.00000000 0.00000000 0.00000000
vn -100.00000000 0.00000000 0.00000000
vn -0.00000000 41.54150100 -90.96320000
vn -0.00000000 54.06408200 -84.12535300
vn -100.00000000 0.00000000 0.00000000
vn -100.00000000 0.00000000 0.00000000
vn -0.00000000 65.48607300 -75.57495700
vn -100.00000000 0.00000000 0.00000000
vn -0.00000000 75.57495700 -65.48607300
vn -100.00000000 0.00000000 0.00000000
vn -0.00000000 84.12535300 -54.06408200
vn -0.00000000 90.96320000 -41.54150100
vn -100.00000000 0.00000000 0.00000000
vn -0.00000000 95.94929700 -28.17325600
vn -100.00000000 0.00000000 0.00000000
vn -0.00000000 98.98214400 -14.23148400
vn -100.00000000 0.00000000 0.00000000
vn -0.00000000 100.00000000 -0.00000000
vn -100.00000000 0.00000000 0.00000000
vn -0.00000000 54.06408200 -84.12535300
vn -0.00000000 65.48607300 -75.57495700
vn -0.00000000 75.57495700 -65.48607300
vn -0.00000000 84.12535300 -54.06408200
vn -0.00000000 90.96320000 -41.54150100
vn -0.00000000 95.94929700 -28.17325600
vn -0.00000000 98.98214400 -14.23148400
vn -92.89767200 37.01381600 -0.00000000
vn 0.00000000 0.00000000 -100.00000000
vn 0.00000000 0.00000000 -100.00000000
vn -97.25802700 23.25674600 -0.00000000
vn -99.59279200 9.01530800 -0.00000000
vn 0.00000000 0.00000000 -100.00000000
vn 0.00000000 0.00000000 -100.00000000
vn -99.85334100 -5.41389100 0.00000000
vn -98.03424900 -19.73033500 0.00000000
vn 0.00000000 0.00000000 -100.00000000
vn -94.17340000 -33.63585600 0.00000000
vn 0.00000000 0.00000000 -100.00000000
vn 0.00000000 0.00000000 -100.00000000
vn -88.35120400 -46.84084400 0.00000000
vn 0.00000000 0.00000000 -100.00000000
vn -80.68892200 -59.07028000 0.00000000
vn 0.00000000 0.00000000 -100.00000000
vn -71.34613300 -70.06946000 0.00000000
vn -60.51742200 -79.60930700 0.00000000
vn 0.00000000 0.00000000 -100.00000000
vn -48.42831500 -87.49113300 0.00000000
vn 0.00000000 0.00000000 -100.00000000
vn -35.33059400 -93.55078400 0.00000000
vn 0.00000000 0.00000000 -100.00000000
vn 0.00000000 0.00000000 -100.00000000
vn -21.49704400 -97.66205600 0.00000000
vn 0.00000000 0.00000000 -100.00000000
vn -7.21577600 -99.73932300 0.00000000
vn 7.21577600 -99.73932300 0.00000000
vn 0.00000000 0.00000000 -100.00000000
vn 21.49704400 -97.66205600 0.00000000
vn 0.00000000 0.00000000 -100.00000000
vn 35.33059400 -93.55078400 0.00000000
vn 0.00000000 0.00000000 -100.00000000
vn 48.42831500 -87.49113300 0.00000000
vn 0.00000000 0.00000000 -100.00000000
vn 0.00000000 0.00000000 -100.00000000
vn 60.51742200 -79.60930700 0.00000000
vn 0.00000000 0.00000000 -100.00000000
vn 71.34613300 -70.06946000 0.00000000
vn 0.00000000 0.00000000 -100.00000000
vn 80.68892200 -59.07028000 0.00000000
vn 88.35120400 -46.84084400 0.00000000
vn 0.00000000 0.00000000 -100.00000000
vn 94.17340000 -33.63585600 0.00000000
vn 0.00000000 0.00000000 -100.00000000
vn 0.00000000 0.00000000 -100.00000000
vn 98.03424900 -19.73033500 0.00000000
vn 0.00000000 0.00000000 -100.00000000
vn 99.85334100 -5.41389100 0.00000000
vn 99.59279200 9.01530800 0.00000000
vn 0.00000000 0.00000000 -100.00000000
vn 97.25802700 23.25674600 0.00000000
vn 0.00000000 0.00000000 -100.00000000
vn 92.89767200 37.01381600 0.00000000
vn 0.00000000 0.00000000 -100.00000000
vn 0.00000000 0.00000000 100.00000000
vn 100.00000000 0.00000000 0.00000000
vn 0.00000000 0.00000000 100.00000000
vn 98.93433700 14.56011700 0.00000000
vn 0.00000000 0.00000000 100.00000000
vn 95.76006000 28.80991000 0.00000000
vn 0.00000000 0.00000000 100.00000000
vn 90.54482400 42.44567000 0.00000000
vn 0.00000000 0.00000000 100.00000000
vn 83.39978200 55.17677400 0.00000000
vn 0.00000000 0.00000000 100.00000000
vn 74.47721800 66.73188100 0.00000000
vn 63.96730200 76.86471400 0.00000000
vn 0.00000000 0.00000000 100.00000000
vn 0.00000000 0.00000000 100.00000000
vn 52.09403400 85.35930900 0.00000000
vn 39.11047200 92.03461800 0.00000000
vn 0.00000000 0.00000000 100.00000000
vn 25.29333800 96.74837000 0.00000000
vn 0.00000000 0.00000000 100.00000000
vn 10.93712100 99.40009800 0.00000000
vn 0.00000000 0.00000000 100.00000000
vn -3.65220200 99.93328500 -0.00000000
vn 0.00000000 0.00000000 100.00000000
vn 0.00000000 0.00000000 100.00000000
vn -18.16368500 98.33656800 -0.00000000
vn 0.00000000 0.00000000 100.00000000
vn -32.28804000 94.64397700 -0.00000000
vn -45.72423200 88.93421500 -0.00000000
vn 0.00000000 0.00000000 100.00000000
vn -58.18589200 81.32897400 -0.00000000
vn 0.00000000 0.00000000 100.00000000
vn 0.00000000 0.00000000 100.00000000
vn -69.40742000 71.99034700 -0.00000000
vn -79.14964900 61.11737100 -0.00000000
vn 0.00000000 0.00000000 100.00000000
vn -87.20494100 48.94178500 -0.00000000
vn 0.00000000 0.00000000 100.00000000
vn -93.40161100 35.72308900 -0.00000000
vn 0.00000000 0.00000000 100.00000000
vn -97.60758800 21.74301800 -0.00000000
vn 0.00000000 0.00000000 100.00000000
vn -99.73322800 7.29953100 -0.00000000
vn 0.00000000 0.00000000 100.00000000
vn -99.73322800 -7.29953100 0.00000000
vn 0.00000000 0.00000000 100.00000000
vn -97.60758800 -21.74301800 0.00000000
vn 0.00000000 0.00000000 100.00000000
vn 0.00000000 0.00000000 100.00000000
vn -93.40161100 -35.72308900 0.00000000
vn 0.00000000 0.00000000 100.00000000
vn -87.20494100 -48.94178500 0.00000000
vn 0.00000000 0.00000000 100.00000000
vn -79.14964900 -61.11737100 0.00000000
vn 0.00000000 0.00000000 100.00000000
vn -69.40742000 -71.99034700 0.00000000
vn 0.00000000 0.00000000 100.00000000
vn -58.18589200 -81.32897400 0.00000000
vn 0.00000000 0.00000000 100.00000000
vn -45.72423200 -88.93421500 0.00000000
vn 0.00000000 0.00000000 100.00000000
vn -32.28804000 -94.64397700 0.00000000
vn 0.00000000 0.00000000 100.00000000
vn -18.16368500 -98.33656800 0.00000000
vn 0.00000000 0.00000000 100.00000000
vn -3.65220200 -99.93328500 0.00000000
vn 10.93712100 -99.40009800 0.00000000
vn 0.00000000 0.00000000 100.00000000
vn 25.29333800 -96.74837000 0.00000000
vn 0.00000000 0.00000000 100.00000000
vn 0.00000000 0.00000000 100.00000000
vn 39.11047200 -92.03461800 0.00000000
vn 52.09403400 -85.35930900 0.00000000
vn 0.00000000 0.00000000 100.00000000
vn 63.96730200 -76.86471400 0.00000000
vn 0.00000000 0.00000000 100.00000000
vn 74.47721800 -66.73188100 0.00000000
vn 0.00000000 0.00000000 100.00000000
vn 0.00000000 0.00000000 100.00000000
vn 83.39978200 -55.17677400 0.00000000
vn 0.00000000 0.00000000 100.00000000
vn 90.54482400 -42.44567000 0.00000000
vn 0.00000000 0.00000000 100.00000000
vn 95.76006000 -28.80991000 0.00000000
vn 0.00000000 0.00000000 100.00000000
vn 98.93433700 -14.56011700 0.00000000
vn 100.00000000 -0.00000000 0.00000000
vn 90.54482400 42.44567000 0.00000000
vn 83.39978200 55.17677400 0.00000000
vn 95.76006000 28.80991000 0.00000000
vn 98.93433700 14.56011700 0.00000000
vn 98.93433700 -14.56011700 0.00000000
vn 95.76006000 -28.80991000 0.00000000
vn 90.54482400 -42.44567000 0.00000000
vn 83.39978200 -55.17677400 0.00000000
vn 74.47721800 -66.73188100 0.00000000
vn 63.96730200 -76.86471400 0.00000000
vn 52.09403400 -85.35930900 0.00000000
vn 39.11047200 -92.03461800 0.00000000
vn 25.29333800 -96.74837000 0.00000000
vn 10.93712100 -99.40009800 0.00000000
vn -3.65220200 -99.93328500 0.00000000
vn -18.16368500 -98.33656800 0.00000000
vn -32.28804000 -94.64397700 0.00000000
vn -45.72423200 -88.93421500 0.00000000
vn -58.18589200 -81.32897400 0.00000000
vn -69.40742000 -71.99034700 0.00000000
vn -79.14964900 -61.11737100 0.00000000
vn -87.20494100 -48.94178500 0.00000000
vn -93.40161100 -35.72308900 0.00000000
vn -97.60758800 -21.74301800 0.00000000
vn -99.73322800 -7.29953100 0.00000000
vn -99.73322800 7.29953100 -0.00000000
vn -97.60758800 21.74301800 -0.00000000
vn -93.40161100 35.72308900 -0.00000000
vn -87.20494100 48.94178500 -0.00000000
vn -79.15390800 61.11185600 -0.00000000
vn -69.40742000 71.99034700 -0.00000000
vn -58.18589200 81.32897400 -0.00000000
vn -45.72423200 88.93421500 -0.00000000
vn -32.28804000 94.64397700 -0.00000000
vn -18.16368500 98.33656800 -0.00000000
vn -3.65220200 99.93328500 -0.00000000
vn 10.93712100 99.40009800 0.00000000
vn 25.29333800 96.74837000 0.00000000
vn 39.11047200 92.03461800 0.00000000
vn 52.09403400 85.35930900 0.00000000
vn 63.96730200 76.86471400 0.00000000
vn 74.47721800 66.73188100 0.00000000
vn 0.00000000 0.00000000 100.00000000
vn 100.00000000 0.00000000 0.00000000
vn 96.59258300 25.88190500 0.00000000
vn 0.00000000 0.00000000 100.00000000
vn 86.60254000 50.00000000 0.00000000
vn 0.00000000 0.00000000 100.00000000
vn 0.00000000 0.00000000 100.00000000
vn 70.71067800 70.71067800 0.00000000
vn 0.00000000 0.00000000 100.00000000
vn 50.00000000 86.60254000 0.00000000
vn 25.88190500 96.59258300 0.00000000
vn 0.00000000 0.00000000 100.00000000
vn -0.00000000 100.00000000 0.00000000
vn 0.00000000 0.00000000 100.00000000
vn 0.00000000 0.00000000 100.00000000
vn -25.88190500 96.59258300 0.00000000
vn 0.00000000 0.00000000 100.00000000
vn -50.00000000 86.60254000 0.00000000
vn -70.71067800 70.71067800 0.00000000
vn 0.00000000 0.00000000 100.00000000
vn -86.60254000 50.00000000 0.00000000
vn 0.00000000 0.00000000 100.00000000
vn 0.00000000 0.00000000 100.00000000
vn -96.59258300 25.88190500 0.00000000
vn -100.00000000 0.00000000 0.00000000
vn 0.00000000 0.00000000 100.00000000
vn 0.00000000 0.00000000 100.00000000
vn -96.59258300 -25.88190500 0.00000000
vn -86.60254000 -50.00000000 0.00000000
vn 0.00000000 0.00000000 100.00000000
vn 0.00000000 0.00000000 100.00000000
vn -70.71067800 -70.71067800 0.00000000
vn -50.00000000 -86.60254000 0.00000000
vn 0.00000000 0.00000000 100.00000000
vn -25.88190500 -96.59258300 0.00000000
vn 0.00000000 0.00000000 100.00000000
vn -0.00000000 -100.00000000 0.00000000
vn 0.00000000 0.00000000 100.00000000
vn 0.00000000 0.00000000 100.00000000
vn 25.88190500 -96.59258300 0.00000000
vn 50.00000000 -86.60254000 0.00000000
vn 0.00000000 0.00000000 100.00000000
vn 70.71067800 -70.71067800 0.00000000
vn 0.00000000 0.00000000 100.00000000
vn 86.60254000 -50.00000000 0.00000000
vn 0.00000000 0.00000000 100.00000000
vn 0.00000000 0.00000000 100.00000000
vn 96.59258300 -25.88190500 0.00000000
vn 0.00000000 0.00000000 -100.00000000
vn 100.00000000 0.00000000 0.00000000
vn 96.59258300 -25.88190500 0.00000000
vn 0.00000000 0.00000000 -100.00000000
vn 86.60254000 -50.00000000 0.00000000
vn 0.00000000 0.00000000 -100.00000000
vn 0.00000000 0.00000000 -100.00000000
vn 70.71067800 -70.71067800 0.00000000
vn 50.00000000 -86.60254000 0.00000000
vn 0.00000000 0.00000000 -100.00000000
vn 25.88190500 -96.59258300 0.00000000
vn 0.00000000 0.00000000 -100.00000000
vn -0.00000000 -100.00000000 0.00000000
vn 0.00000000 0.00000000 -100.00000000
vn -25.88190500 -96.59258300 0.00000000
vn 0.00000000 0.00000000 -100.00000000
vn -50.00000000 -86.60254000 0.00000000
vn 0.00000000 0.00000000 -100.00000000
vn 0.00000000 0.00000000 -100.00000000
vn -70.71067800 -70.71067800 0.00000000
vn -86.60254000 -50.00000000 0.00000000
vn 0.00000000 0.00000000 -100.00000000
vn -96.59258300 -25.88190500 0.00000000
vn 0.00000000 0.00000000 -100.00000000
vn 0.00000000 0.00000000 -100.00000000
vn -100.00000000 0.00000000 0.00000000
vn -96.59258300 25.88190500 0.00000000
vn 0.00000000 0.00000000 -100.00000000
vn -86.60254000 50.00000000 0.00000000
vn 0.00000000 0.00000000 -100.00000000
vn -70.71067800 70.71067800 0.00000000
vn 0.00000000 0.00000000 -100.00000000
vn -50.00000000 86.60254000 0.00000000
vn 0.00000000 0.00000000 -100.00000000
vn 0.00000000 0.00000000 -100.00000000
vn -25.88190500 96.59258300 0.00000000
vn 0.00000000 0.00000000 -100.00000000
vn -0.00000000 100.00000000 0.00000000
vn 25.88190500 96.59258300 0.00000000
vn 0.00000000 0.00000000 -100.00000000
vn 50.00000000 86.60254000 0.00000000
vn 0.00000000 0.00000000 -100.00000000
vn 70.71067800 70.71067800 0.00000000
vn 0.00000000 0.00000000 -100.00000000
vn 0.00000000 0.00000000 -100.00000000
vn 86.60254000 50.00000000 0.00000000
vn 0.00000000 0.00000000 -100.00000000
vn 96.59258300 25.88190500 0.00000000
vn 100.00000000 0.00000000 0.00000000
vn 0.00000000 0.00000000 100.00000000
vn 0.00000000 0.00000000 100.00000000
vn 96.59258300 25.88190500 0.00000000
vn 0.00000000 0.00000000 100.00000000
vn 86.60254000 50.00000000 0.00000000
vn 0.00000000 0.00000000 100.00000000
vn 70.71067800 70.71067800 0.00000000
vn 0.00000000 0.00000000 100.00000000
vn 50.00000000 86.60254000 0.00000000
vn 25.88190500 96.59258300 0.00000000
vn 0.00000000 0.00000000 100.00000000
vn 0.00000000 0.00000000 100.00000000
vn -0.00000000 100.00000000 0.00000000
vn 0.00000000 0.00000000 100.00000000
vn -25.88190500 96.59258300 0.00000000
vn -50.00000000 86.60254000 0.00000000
vn 0.00000000 0.00000000 100.00000000
vn -70.71067800 70.71067800 0.00000000
vn 0.00000000 0.00000000 100.00000000
vn 0.00000000 0.00000000 100.00000000
vn -86.60254000 50.00000000 0.00000000
vn -96.59258300 25.88190500 0.00000000
vn 0.00000000 0.00000000 100.00000000
vn 0.00000000 0.00000000 100.00000000
vn -100.00000000 0.00000000 0.00000000
vn 0.00000000 0.00000000 100.00000000
vn -96.59258300 -25.88190500 0.00000000
vn 0.00000000 0.00000000 100.00000000
vn -86.60254000 -50.00000000 0.00000000
vn 0.00000000 0.00000000 100.00000000
vn -70.71067800 -70.71067800 0.00000000
vn -50.00000000 -86.60254000 0.00000000
vn 0.00000000 0.00000000 100.00000000
vn 0.00000000 0.00000000 100.00000000
vn -25.88190500 -96.59258300 0.00000000
vn -0.00000000 -100.00000000 0.00000000
vn 0.00000000 0.00000000 100.00000000
vn 25.88190500 -96.59258300 0.00000000
vn 0.00000000 0.00000000 100.00000000
vn 50.00000000 -86.60254000 0.00000000
vn 0.00000000 0.00000000 100.00000000
vn 0.00000000 0.00000000 100.00000000
vn 70.71067800 -70.71067800 0.00000000
vn 0.00000000 0.00000000 100.00000000
vn 86.60254000 -50.00000000 0.00000000
vn 96.59258300 -25.88190500 0.00000000
vn 0.00000000 0.00000000 100.00000000
vn 100.00000000 0.00000000 0.00000000
vn 0.00000000 0.00000000 -100.00000000
vn 96.59258300 -25.88190500 0.00000000
vn 0.00000000 0.00000000 -100.00000000
vn 86.60254000 -50.00000000 0.00000000
vn 0.00000000 0.00000000 -100.00000000
vn 70.71067800 -70.71067800 0.00000000
vn 0.00000000 0.00000000 -100.00000000
vn 0.00000000 0.00000000 -100.00000000
vn 50.00000000 -86.60254000 0.00000000
vn 25.88190500 -96.59258300 0.00000000
vn 0.00000000 0.00000000 -100.00000000
vn 0.00000000 0.00000000 -100.00000000
vn -0.00000000 -100.00000000 0.00000000
vn 0.00000000 0.00000000 -100.00000000
vn -25.88190500 -96.59258300 0.00000000
vn -50.00000000 -86.60254000 0.00000000
vn 0.00000000 0.00000000 -100.00000000
vn -70.71067800 -70.71067800 0.00000000
vn 0.00000000 0.00000000 -100.00000000
vn 0.00000000 0.00000000 -100.00000000
vn -86.60254000 -50.00000000 0.00000000
vn 0.00000000 0.00000000 -100.00000000
vn -96.59258300 -25.88190500 0.00000000
vn 0.00000000 0.00000000 -100.00000000
vn -100.00000000 0.00000000 0.00000000
vn -96.59258300 25.88190500 0.00000000
vn 0.00000000 0.00000000 -100.00000000
vn -86.60254000 50.00000000 0.00000000
vn 0.00000000 0.00000000 -100.00000000
vn -70.71067800 70.71067800 0.00000000
vn 0.00000000 0.00000000 -100.00000000
vn -50.00000000 86.60254000 0.00000000
vn 0.00000000 0.00000000 -100.00000000
vn 0.00000000 0.00000000 -100.00000000
vn -25.88190500 96.59258300 0.00000000
vn 0.00000000 0.00000000 -100.00000000
vn -0.00000000 100.00000000 0.00000000
vn 0.00000000 0.00000000 -100.00000000
vn 25.88190500 96.59258300 0.00000000
vn 0.00000000 0.00000000 -100.00000000
vn 50.00000000 86.60254000 0.00000000
vn 70.71067800 70.71067800 0.00000000
vn 0.00000000 0.00000000 -100.00000000
vn 86.60254000 50.00000000 0.00000000
vn 0.00000000 0.00000000 -100.00000000
vn 0.00000000 0.00000000 -100.00000000
vn 96.59258300 25.88190500 0.00000000
vn 100.00000000 0.00000000 0.00000000
vn 0.00000000 0.00000000 100.00000000
vn 0.00000000 0.00000000 100.00000000
vn 96.59258300 25.88190500 0.00000000
vn 0.00000000 0.00000000 100.00000000
vn 86.60254000 50.00000000 0.00000000
vn 0.00000000 0.00000000 100.00000000
vn 70.71067800 70.71067800 0.00000000
vn 50.00000000 86.60254000 0.00000000
vn 0.00000000 0.00000000 100.00000000
vn 0.00000000 0.00000000 100.00000000
vn 25.88190500 96.59258300 0.00000000
vn -0.00000000 100.00000000 0.00000000
vn 0.00000000 0.00000000 100.00000000
vn 0.00000000 0.00000000 100.00000000
vn -25.88190500 96.59258300 0.00000000
vn 0.00000000 0.00000000 100.00000000
vn -50.00000000 86.60254000 0.00000000
vn 0.00000000 0.00000000 100.00000000
vn -70.71067800 70.71067800 0.00000000
vn 0.00000000 0.00000000 100.00000000
vn -86.60254000 50.00000000 0.00000000
vn -96.59258300 25.88190500 0.00000000
vn 0.00000000 0.00000000 100.00000000
vn 0.00000000 0.00000000 100.00000000
vn -100.00000000 0.00000000 0.00000000
vn 0.00000000 0.00000000 100.00000000
vn -96.59258300 -25.88190500 0.00000000
vn -86.60254000 -50.00000000 0.00000000
vn 0.00000000 0.00000000 100.00000000
vn -70.71067800 -70.71067800 0.00000000
vn 0.00000000 0.00000000 100.00000000
vn -50.00000000 -86.60254000 0.00000000
vn 0.00000000 0.00000000 100.00000000
vn -25.88190500 -96.59258300 0.00000000
vn 0.00000000 0.00000000 100.00000000
vn 0.00000000 0.00000000 100.00000000
vn -0.00000000 -100.00000000 0.00000000
vn 0.00000000 0.00000000 100.00000000
vn 25.88190500 -96.59258300 0.00000000
vn 0.00000000 0.00000000 100.00000000
vn 50.00000000 -86.60254000 0.00000000
vn 70.71067800 -70.71067800 0.00000000
vn 0.00000000 0.00000000 100.00000000
vn 86.60254000 -50.00000000 0.00000000
vn 0.00000000 0.00000000 100.00000000
vn 96.59258300 -25.88190500 0.00000000
vn 0.00000000 0.00000000 100.00000000
vn 100.00000000 0.00000000 0.00000000
vn 0.00000000 0.00000000 -100.00000000
vn 0.00000000 0.00000000 -100.00000000
vn 96.59258300 -25.88190500 0.00000000
vn 0.00000000 0.00000000 -100.00000000
vn 86.60254000 -50.00000000 0.00000000
vn 0.00000000 0.00000000 -100.00000000
vn 70.71067800 -70.71067800 0.00000000
vn 0.00000000 0.00000000 -100.00000000
vn 50.00000000 -86.60254000 0.00000000
vn 25.88190500 -96.59258300 0.00000000
vn 0.00000000 0.00000000 -100.00000000
vn -0.00000000 -100.00000000 0.00000000
vn 0.00000000 0.00000000 -100.00000000
vn 0.00000000 0.00000000 -100.00000000
vn -25.88190500 -96.59258300 0.00000000
vn -50.00000000 -86.60254000 0.00000000
vn 0.00000000 0.00000000 -100.00000000
vn -70.71067800 -70.71067800 0.00000000
vn 0.00000000 0.00000000 -100.00000000
vn -86.60254000 -50.00000000 0.00000000
vn 0.00000000 0.00000000 -100.00000000
vn -96.59258300 -25.88190500 0.00000000
vn 0.00000000 0.00000000 -100.00000000
vn 0.00000000 0.00000000 -100.00000000
vn -100.00000000 0.00000000 0.00000000
vn 0.00000000 0.00000000 -100.00000000
vn -96.59258300 25.88190500 0.00000000
vn 0.00000000 0.00000000 -100.00000000
vn -86.60254000 50.00000000 0.00000000
vn -70.71067800 70.71067800 0.00000000
vn 0.00000000 0.00000000 -100.00000000
vn 0.00000000 0.00000000 -100.00000000
vn -50.00000000 86.60254000 0.00000000
vn -25.88190500 96.59258300 0.00000000
vn 0.00000000 0.00000000 -100.00000000
vn 0.00000000 0.00000000 -100.00000000
vn -0.00000000 100.00000000 0.00000000
vn 25.88190500 96.59258300 0.00000000
vn 0.00000000 0.00000000 -100.00000000
vn 50.00000000 86.60254000 0.00000000
vn 0.00000000 0.00000000 -100.00000000
vn 70.71067800 70.71067800 0.00000000
vn 0.00000000 0.00000000 -100.00000000
vn 86.60254000 50.00000000 0.00000000
vn 0.00000000 0.00000000 -100.00000000
vn 96.59258300 25.88190500 0.00000000
vn 0.00000000 0.00000000 -100.00000000
vn 0.00000000 0.00000000 100.00000000
vn 100.00000000 0.00000000 0.00000000
vn 96.59258300 25.88190500 0.00000000
vn 0.00000000 0.00000000 100.00000000
vn 0.00000000 0.00000000 100.00000000
vn 86.60254000 50.00000000 0.00000000
vn 0.00000000 0.00000000 100.00000000
vn 70.71067800 70.71067800 0.00000000
vn 0.00000000 0.00000000 100.00000000
vn 50.00000000 86.60254000 0.00000000
vn 0.00000000 0.00000000 100.00000000
vn 25.88190500 96.59258300 0.00000000
vn -0.00000000 100.00000000 0.00000000
vn 0.00000000 0.00000000 100.00000000
vn -25.88190500 96.59258300 0.00000000
vn 0.00000000 0.00000000 100.00000000
vn -50.00000000 86.60254000 0.00000000
vn 0.00000000 0.00000000 100.00000000
vn -70.71067800 70.71067800 0.00000000
vn 0.00000000 0.00000000 100.00000000
vn -86.60254000 50.00000000 0.00000000
vn 0.00000000 0.00000000 100.00000000
vn -96.59258300 25.88190500 0.00000000
vn 0.00000000 0.00000000 100.00000000
vn -100.00000000 0.00000000 0.00000000
vn 0.00000000 0.00000000 100.00000000
vn 0.00000000 0.00000000 100.00000000
vn -96.59258300 -25.88190500 0.00000000
vn -86.60254000 -50.00000000 0.00000000
vn 0.00000000 0.00000000 100.00000000
vn -70.71067800 -70.71067800 0.00000000
vn 0.00000000 0.00000000 100.00000000
vn 0.00000000 0.00000000 100.00000000
vn -50.00000000 -86.60254000 0.00000000
vn 0.00000000 0.00000000 100.00000000
vn -25.88190500 -96.59258300 0.00000000
vn -0.00000000 -100.00000000 0.00000000
vn 0.00000000 0.00000000 100.00000000
vn 25.88190500 -96.59258300 0.00000000
vn 0.00000000 0.00000000 100.00000000
vn 50.00000000 -86.60254000 0.00000000
vn 0.00000000 0.00000000 100.00000000
vn 0.00000000 0.00000000 100.00000000
vn 70.71067800 -70.71067800 0.00000000
vn 86.60254000 -50.00000000 0.00000000
vn 0.00000000 0.00000000 100.00000000
vn 96.59258300 -25.88190500 0.00000000
vn 0.00000000 0.00000000 100.00000000
vn 0.00000000 0.00000000 -100.00000000
vn 100.00000000 0.00000000 0.00000000
vn 0.00000000 0.00000000 -100.00000000
vn 96.59258300 -25.88190500 0.00000000
vn 86.60254000 -50.00000000 0.00000000
vn 0.00000000 0.00000000 -100.00000000
vn 70.71067800 -70.71067800 0.00000000
vn 0.00000000 0.00000000 -100.00000000
vn 0.00000000 0.00000000 -100.00000000
vn 50.00000000 -86.60254000 0.00000000
vn 0.00000000 0.00000000 -100.00000000
vn 25.88190500 -96.59258300 0.00000000
vn 0.00000000 0.00000000 -100.00000000
vn -0.00000000 -100.00000000 0.00000000
vn -25.88190500 -96.59258300 0.00000000
vn 0.00000000 0.00000000 -100.00000000
vn -50.00000000 -86.60254000 0.00000000
vn 0.00000000 0.00000000 -100.00000000
vn -70.71067800 -70.71067800 0.00000000
vn 0.00000000 0.00000000 -100.00000000
vn 0.00000000 0.00000000 -100.00000000
vn -86.60254000 -50.00000000 0.00000000
vn -96.59258300 -25.88190500 0.00000000
vn 0.00000000 0.00000000 -100.00000000
vn -100.00000000 0.00000000 0.00000000
vn 0.00000000 0.00000000 -100.00000000
vn -96.59258300 25.88190500 0.00000000
vn 0.00000000 0.00000000 -100.00000000
vn 0.00000000 0.00000000 -100.00000000
vn -86.60254000 50.00000000 0.00000000
vn 0.00000000 0.00000000 -100.00000000
vn -70.71067800 70.71067800 0.00000000
vn 0.00000000 0.00000000 -100.00000000
vn -50.00000000 86.60254000 0.00000000
vn 0.00000000 0.00000000 -100.00000000
vn -25.88190500 96.59258300 0.00000000
vn -0.00000000 100.00000000 0.00000000
vn 0.00000000 0.00000000 -100.00000000
vn 25.88190500 96.59258300 0.00000000
vn 0.00000000 0.00000000 -100.00000000
vn 50.00000000 86.60254000 0.00000000
vn 0.00000000 0.00000000 -100.00000000
vn 0.00000000 0.00000000 -100.00000000
vn 70.71067800 70.71067800 0.00000000
vn 86.60254000 50.00000000 0.00000000
vn 0.00000000 0.00000000 -100.00000000
vn 0.00000000 0.00000000 -100.00000000
vn 96.59258300 25.88190500 0.00000000
vn 0.00000000 0.00000000 100.00000000
vn -100.00000000 0.00000000 -0.00000000
vn 0.00000000 0.00000000 100.00000000
vn -99.65844900 8.25793500 -0.00000000
vn -98.63613000 16.45945900 -0.00000000
vn 0.00000000 0.00000000 100.00000000
vn -96.94002700 24.54854900 -0.00000000
vn 0.00000000 0.00000000 100.00000000
vn -94.58172400 32.46994700 -0.00000000
vn 0.00000000 0.00000000 100.00000000
vn 0.00000000 0.00000000 100.00000000
vn -91.57733300 40.16954200 -0.00000000
vn -87.94737500 47.59473900 -0.00000000
vn 0.00000000 0.00000000 100.00000000
vn 0.00000000 0.00000000 100.00000000
vn -83.71664800 54.69481600 -0.00000000
vn 0.00000000 0.00000000 100.00000000
vn -78.91405100 61.42127100 -0.00000000
vn 0.00000000 0.00000000 100.00000000
vn -73.57239100 67.72815700 -0.00000000
vn -67.72815700 73.57239100 -0.00000000
vn 0.00000000 0.00000000 100.00000000
vn 0.00000000 0.00000000 100.00000000
vn -61.42127100 78.91405100 -0.00000000
vn 0.00000000 0.00000000 100.00000000
vn -54.69481600 83.71664800 -0.00000000
vn 0.00000000 0.00000000 100.00000000
vn -47.59473900 87.94737500 -0.00000000
vn -40.16954200 91.57733300 -0.00000000
vn 0.00000000 0.00000000 100.00000000
vn -32.46994700 94.58172400 -0.00000000
vn 0.00000000 0.00000000 100.00000000
vn 0.00000000 0.00000000 100.00000000
vn -24.54854900 96.94002700 -0.00000000
vn 0.00000000 0.00000000 100.00000000
vn -16.45945900 98.63613000 -0.00000000
vn -8.25793500 99.65844900 -0.00000000
vn 0.00000000 0.00000000 100.00000000
vn 0.00000000 0.00000000 100.00000000
vn 0.00000000 100.00000000 0.00000000
vn 0.00000000 0.00000000 100.00000000
vn 8.25793500 99.65844900 0.00000000
vn 0.00000000 0.00000000 100.00000000
vn 16.45945900 98.63613000 0.00000000
vn 0.00000000 0.00000000 100.00000000
vn 24.54854900 96.94002700 0.00000000
vn 32.46994700 94.58172400 0.00000000
vn 0.00000000 0.00000000 100.00000000
vn 0.00000000 0.00000000 100.00000000
vn 40.16954200 91.57733300 0.00000000
vn 47.59473900 87.94737500 0.00000000
vn 0.00000000 0.00000000 100.00000000
vn 54.69481600 83.71664800 0.00000000
vn 0.00000000 0.00000000 100.00000000
vn 61.42127100 78.91405100 0.00000000
vn 0.00000000 0.00000000 100.00000000
vn 67.72815700 73.57239100 0.00000000
vn 0.00000000 0.00000000 100.00000000
vn 73.57239100 67.72815700 0.00000000
vn 0.00000000 0.00000000 100.00000000
vn 78.91405100 61.42127100 0.00000000
vn 0.00000000 0.00000000 100.00000000
vn 0.00000000 0.00000000 100.00000000
vn 83.71664800 54.69481600 0.00000000
vn 87.94737500 47.59473900 0.00000000
vn 0.00000000 0.00000000 100.00000000
vn 0.00000000 0.00000000 100.00000000
vn 91.57733300 40.16954200 0.00000000
vn 0.00000000 0.00000000 100.00000000
vn 94.58172400 32.46994700 0.00000000
vn 0.00000000 0.00000000 100.00000000
vn 96.94002700 24.54854900 0.00000000
vn 98.63613000 16.45945900 0.00000000
vn 0.00000000 0.00000000 100.00000000
vn 0.00000000 0.00000000 100.00000000
vn 99.65844900 8.25793500 0.00000000
vn 100.00000000 0.00000000 0.00000000
vn 0.00000000 0.00000000 100.00000000
vn 99.65844900 -8.25793500 0.00000000
vn 0.00000000 0.00000000 100.00000000
vn 98.63613000 -16.45945900 0.00000000
vn 0.00000000 0.00000000 100.00000000
vn 96.94002700 -24.54854900 0.00000000
vn 0.00000000 0.00000000 100.00000000
vn 94.58172400 -32.46994700 0.00000000
vn 0.00000000 0.00000000 100.00000000
vn 91.57733300 -40.16954200 0.00000000
vn 0.00000000 0.00000000 100.00000000
vn 87.94737500 -47.59473900 0.00000000
vn 0.00000000 0.00000000 100.00000000
vn 83.71664800 -54.69481600 0.00000000
vn 0.00000000 0.00000000 100.00000000
vn 0.00000000 0.00000000 100.00000000
vn 78.91405100 -61.42127100 0.00000000
vn 0.00000000 0.00000000 100.00000000
vn 73.57239100 -67.72815700 0.00000000
vn 0.00000000 0.00000000 100.00000000
vn 67.72815700 -73.57239100 0.00000000
vn 0.00000000 0.00000000 100.00000000
vn 61.42127100 -78.91405100 0.00000000
vn 54.69481600 -83.71664800 0.00000000
vn 0.00000000 0.00000000 100.00000000
vn 47.59473900 -87.94737500 0.00000000
vn 0.00000000 0.00000000 100.00000000
vn 40.16954200 -91.57733300 0.00000000
vn 0.00000000 0.00000000 100.00000000
vn 0.00000000 0.00000000 100.00000000
vn 32.46994700 -94.58172400 0.00000000
vn 0.00000000 0.00000000 100.00000000
vn 24.54854900 -96.94002700 0.00000000
vn 0.00000000 0.00000000 100.00000000
vn 16.45945900 -98.63613000 0.00000000
vn 8.25793500 -99.65844900 0.00000000
vn 0.00000000 0.00000000 100.00000000
vn 0.00000000 0.00000000 100.00000000
vn 0.00000000 -100.00000000 0.00000000
vn -8.25793500 -99.65844900 0.00000000
vn 0.00000000 0.00000000 100.00000000
vn -16.45945900 -98.63613000 0.00000000
vn 0.00000000 0.00000000 100.00000000
vn -24.54854900 -96.94002700 0.00000000
vn 0.00000000 0.00000000 100.00000000
vn 0.00000000 0.00000000 100.00000000
vn -32.46994700 -94.58172400 0.00000000
vn 0.00000000 0.00000000 100.00000000
vn -40.16954200 -91.57733300 0.00000000
vn 0.00000000 0.00000000 100.00000000
vn -47.59473900 -87.94737500 0.00000000
vn -54.69481600 -83.71664800 0.00000000
vn 0.00000000 0.00000000 100.00000000
vn -61.42127100 -78.91405100 0.00000000
vn 0.00000000 0.00000000 100.00000000
vn 0.00000000 0.00000000 100.00000000
vn -67.72815700 -73.57239100 0.00000000
vn -73.57239100 -67.72815700 0.00000000
vn 0.00000000 0.00000000 100.00000000
vn -78.91405100 -61.42127100 0.00000000
vn 0.00000000 0.00000000 100.00000000
vn 0.00000000 0.00000000 100.00000000
vn -83.71664800 -54.69481600 0.00000000
vn 0.00000000 0.00000000 100.00000000
vn -87.94737500 -47.59473900 0.00000000
vn 0.00000000 0.00000000 100.00000000
vn -91.57733300 -40.16954200 0.00000000
vn -94.58172400 -32.46994700 0.00000000
vn 0.00000000 0.00000000 100.00000000
vn 0.00000000 0.00000000 100.00000000
vn -96.94002700 -24.54854900 0.00000000
vn -98.63613000 -16.45945900 0.00000000
vn 0.00000000 0.00000000 100.00000000
vn -99.65844900 -8.25793500 0.00000000
vn 0.00000000 0.00000000 100.00000000
vn -100.00000000 0.00000000 -0.00000000
vn 0.00000000 0.00000000 -100.00000000
vn -99.65844900 -8.25793500 0.00000000
vn 0.00000000 0.00000000 -100.00000000
vn 0.00000000 0.00000000 -100.00000000
vn -98.63613000 -16.45945900 0.00000000
vn -96.94002700 -24.54854900 0.00000000
vn 0.00000000 0.00000000 -100.00000000
vn 0.00000000 0.00000000 -100.00000000
vn -94.58172400 -32.46994700 0.00000000
vn 0.00000000 0.00000000 -100.00000000
vn -91.57733300 -40.16954200 0.00000000
vn 0.00000000 0.00000000 -100.00000000
vn -87.94737500 -47.59473900 0.00000000
vn 0.00000000 0.00000000 -100.00000000
vn -83.71664800 -54.69481600 0.00000000
vn 0.00000000 0.00000000 -100.00000000
vn -78.91405100 -61.42127100 0.00000000
vn -73.57239100 -67.72815700 0.00000000
vn 0.00000000 0.00000000 -100.00000000
vn -67.72815700 -73.57239100 0.00000000
vn 0.00000000 0.00000000 -100.00000000
vn -61.42127100 -78.91405100 0.00000000
vn 0.00000000 0.00000000 -100.00000000
vn 0.00000000 0.00000000 -100.00000000
vn -54.69481600 -83.71664800 0.00000000
vn -47.59473900 -87.94737500 0.00000000
vn 0.00000000 0.00000000 -100.00000000
vn -40.16954200 -91.57733300 0.00000000
vn 0.00000000 0.00000000 -100.00000000
vn -32.46994700 -94.58172400 0.00000000
vn 0.00000000 0.00000000 -100.00000000
vn 0.00000000 0.00000000 -100.00000000
vn -24.54854900 -96.94002700 0.00000000
vn -16.45945900 -98.63613000 0.00000000
vn 0.00000000 0.00000000 -100.00000000
vn 0.00000000 0.00000000 -100.00000000
vn -8.25793500 -99.65844900 0.00000000
vn 0.00000000 0.00000000 -100.00000000
vn 0.00000000 -100.00000000 0.00000000
vn 0.00000000 0.00000000 -100.00000000
vn 8.25793500 -99.65844900 0.00000000
vn 0.00000000 0.00000000 -100.00000000
vn 16.45945900 -98.63613000 0.00000000
vn 24.54854900 -96.94002700 0.00000000
vn 0.00000000 0.00000000 -100.00000000
vn 32.46994700 -94.58172400 0.00000000
vn 0.00000000 0.00000000 -100.00000000
vn 40.16954200 -91.57733300 0.00000000
vn 0.00000000 0.00000000 -100.00000000
vn 47.59473900 -87.94737500 0.00000000
vn 0.00000000 0.00000000 -100.00000000
vn 0.00000000 0.00000000 -100.00000000
vn 54.69481600 -83.71664800 0.00000000
vn 0.00000000 0.00000000 -100.00000000
vn 61.42127100 -78.91405100 0.00000000
vn 67.72815700 -73.57239100 0.00000000
vn 0.00000000 0.00000000 -100.00000000
vn 73.57239100 -67.72815700 0.00000000
vn 0.00000000 0.00000000 -100.00000000
vn 0.00000000 0.00000000 -100.00000000
vn 78.91405100 -61.42127100 0.00000000
vn 83.71664800 -54.69481600 0.00000000
vn 0.00000000 0.00000000 -100.00000000
vn 0.00000000 0.00000000 -100.00000000
vn 87.94737500 -47.59473900 0.00000000
vn 0.00000000 0.00000000 -100.00000000
vn 91.57733300 -40.16954200 0.00000000
vn 94.58172400 -32.46994700 0.00000000
vn 0.00000000 0.00000000 -100.00000000
vn 0.00000000 0.00000000 -100.00000000
vn 96.94002700 -24.54854900 0.00000000
vn 0.00000000 0.00000000 -100.00000000
vn 98.63613000 -16.45945900 0.00000000
vn 99.65844900 -8.25793500 0.00000000
vn 0.00000000 0.00000000 -100.00000000
vn 100.00000000 0.00000000 0.00000000
vn 0.00000000 0.00000000 -100.00000000
vn 0.00000000 0.00000000 -100.00000000
vn 99.65844900 8.25793500 0.00000000
vn 0.00000000 0.00000000 -100.00000000
vn 98.63613000 16.45945900 0.00000000
vn 0.00000000 0.00000000 -100.00000000
vn 96.94002700 24.54854900 0.00000000
vn 94.58172400 32.46994700 0.00000000
vn 0.00000000 0.00000000 -100.00000000
vn 91.57733300 40.16954200 0.00000000
vn 0.00000000 0.00000000 -100.00000000
vn 87.94737500 47.59473900 0.00000000
vn 0.00000000 0.00000000 -100.00000000
vn 0.00000000 0.00000000 -100.00000000
vn 83.71664800 54.69481600 0.00000000
vn 78.91405100 61.42127100 0.00000000
vn 0.00000000 0.00000000 -100.00000000
vn 0.00000000 0.00000000 -100.00000000
vn 73.57239100 67.72815700 0.00000000
vn 67.72815700 73.57239100 0.00000000
vn 0.00000000 0.00000000 -100.00000000
vn 61.42127100 78.91405100 0.00000000
vn 0.00000000 0.00000000 -100.00000000
vn 54.69481600 83.71664800 0.00000000
vn 0.00000000 0.00000000 -100.00000000
vn 47.59473900 87.94737500 0.00000000
vn 0.00000000 0.00000000 -100.00000000
vn 40.16954200 91.57733300 0.00000000
vn 0.00000000 0.00000000 -100.00000000
vn 32.46994700 94.58172400 0.00000000
vn 0.00000000 0.00000000 -100.00000000
vn 24.54854900 96.94002700 0.00000000
vn 0.00000000 0.00000000 -100.00000000
vn 0.00000000 0.00000000 -100.00000000
vn 16.45945900 98.63613000 0.00000000
vn 0.00000000 0.00000000 -100.00000000
vn 8.25793500 99.65844900 0.00000000
vn 0.00000000 100.00000000 0.00000000
vn 0.00000000 0.00000000 -100.00000000
vn 0.00000000 0.00000000 -100.00000000
vn -8.25793500 99.65844900 -0.00000000
vn 0.00000000 0.00000000 -100.00000000
vn -16.45945900 98.63613000 -0.00000000
vn -24.54854900 96.94002700 -0.00000000
vn 0.00000000 0.00000000 -100.00000000
vn -32.46994700 94.58172400 -0.00000000
vn 0.00000000 0.00000000 -100.00000000
vn -40.16954200 91.57733300 -0.00000000
vn 0.00000000 0.00000000 -100.00000000
vn -47.59473900 87.94737500 -0.00000000
vn 0.00000000 0.00000000 -100.00000000
vn -54.69481600 83.71664800 -0.00000000
vn 0.00000000 0.00000000 -100.00000000
vn -61.42127100 78.91405100 -0.00000000
vn 0.00000000 0.00000000 -100.00000000
vn -67.72815700 73.57239100 -0.00000000
vn 0.00000000 0.00000000 -100.00000000
vn 0.00000000 0.00000000 -100.00000000
vn -73.57239100 67.72815700 -0.00000000
vn -78.91405100 61.42127100 -0.00000000
vn 0.00000000 0.00000000 -100.00000000
vn -83.71664800 54.69481600 -0.00000000
vn 0.00000000 0.00000000 -100.00000000
vn -87.94737500 47.59473900 -0.00000000
vn 0.00000000 0.00000000 -100.00000000
vn 0.00000000 0.00000000 -100.00000000
vn -91.57733300 40.16954200 -0.00000000
vn 0.00000000 0.00000000 -100.00000000
vn -94.58172400 32.46994700 -0.00000000
vn 0.00000000 0.00000000 -100.00000000
vn -96.94002700 24.54854900 -0.00000000
vn -98.63613000 16.45945900 -0.00000000
vn 0.00000000 0.00000000 -100.00000000
vn -99.65844900 8.25793500 -0.00000000
vn 0.00000000 0.00000000 -100.00000000
f 65//65 2//2 63//63
f 63//63 2//2 4//4
f 63//63 4//4 5//5
f 5//5 7//7 63//63
f 63//63 7//7 43//43
f 63//63 43//43 45//45
f 7//7 9//9 43//43
f 43//43 9//9 41//41
f 41//41 9//9 11//11
f 41//41 11//11 14//14
f 14//14 15//15 41//41
f 41//41 15//15 18//18
f 41//41 18//18 36//36
f 36//36 18//18 19//19
f 36//36 19//19 21//21
f 21//21 24//24 36//36
f 36//36 24//24 25//25
f 36//36 25//25 28//28
f 28//28 29//29 36//36
f 36//36 29//29 31//31
f 36//36 31//31 33//33
f 36//36 39//39 41//41
f 45//45 47//47 63//63
f 63//63 47//47 49//49
f 63//63 49//49 51//51
f 51//51 53//53 63//63
f 63//63 53//53 55//55
f 63//63 55//55 57//57
f 57//57 59//59 63//63
f 63//63 59//59 61//61
f 40//40 38//38 67//67
f 67//67 38//38 70//70
f 66//66 62//62 72//72
f 72//72 62//62 76//76
f 95//95 76//76 97//97
f 97//97 76//76 62//62
f 97//97 62//62 60//60
f 97//97 60//60 98//98
f 98//98 60//60 58//58
f 98//98 58//58 99//99
f 99//99 58//58 56//56
f 99//99 56//56 100//100
f 100//100 56//56 54//54
f 100//100 54//54 101//101
f 101//101 54//54 52//52
f 101//101 52//52 102//102
f 102//102 52//52 50//50
f 102//102 50//50 103//103
f 103//103 50//50 48//48
f 103//103 48//48 104//104
f 104//104 48//48 46//46
f 104//104 46//46 105//105
f 105//105 46//46 44//44
f 105//105 44//44 106//106
f 106//106 44//44 42//42
f 106//106 42//42 40//40
f 40//40 67//67 106//106
f 106//106 67//67 77//77
f 106//106 77//77 105//105
f 105//105 77//77 80//80
f 105//105 80//80 104//104
f 104//104 80//80 82//82
f 104//104 82//82 103//103
f 103//103 82//82 83//83
f 103//103 83//83 102//102
f 102//102 83//83 86//86
f 102//102 86//86 101//101
f 101//101 86//86 88//88
f 101//101 88//88 100//100
f 100//100 88//88 90//90
f 100//100 90//90 99//99
f 99//99 90//90 91//91
f 99//99 91//91 98//98
f 98//98 91//91 93//93
f 98//98 93//93 97//97
f 97//97 93//93 95//95
f 109//109 111//111 108//108
f 108//108 111//111 114//114
f 108//108 114//114 115//115
f 115//115 117//117 108//108
f 108//108 117//117 120//120
f 108//108 120//120 121//121
f 121//121 123//123 108//108
f 108//108 123//123 125//125
f 108//108 125//125 68//68
f 68//68 125//125 127//127
f 68//68 127//127 130//130
f 130//130 132//132 68//68
f 68//68 132//132 133//133
f 68//68 133//133 78//78
f 78//78 133//133 136//136
f 78//78 136//136 75//75
f 75//75 136//136 137//137
f 75//75 137//137 139//139
f 139//139 142//142 75//75
f 75//75 142//142 73//73
f 96//96 94//94 75//75
f 75//75 94//94 92//92
f 75//75 92//92 89//89
f 89//89 87//87 75//75
f 75//75 87//87 85//85
f 75//75 85//85 84//84
f 84//84 81//81 75//75
f 75//75 81//81 79//79
f 75//75 79//79 78//78
f 68//68 69//69 108//108
f 107//107 71//71 151//151
f 151//151 71//71 150//150
f 150//150 71//71 37//37
f 150//150 37//37 146//146
f 146//146 37//37 143//143
f 143//143 37//37 35//35
f 143//143 35//35 186//186
f 186//186 35//35 34//34
f 186//186 34//34 184//184
f 184//184 34//34 32//32
f 184//184 32//32 182//182
f 182//182 32//32 30//30
f 182//182 30//30 179//179
f 179//179 30//30 27//27
f 179//179 27//27 177//177
f 177//177 27//27 26//26
f 177//177 26//26 175//175
f 175//175 26//26 23//23
f 175//175 23//23 173//173
f 173//173 23//23 22//22
f 173//173 22//22 172//172
f 172//172 22//22 20//20
f 172//172 20//20 170//170
f 170//170 20//20 17//17
f 170//170 17//17 167//167
f 167//167 17//17 16//16
f 167//167 16//16 166//166
f 166//166 16//16 13//13
f 166//166 13//13 164//164
f 164//164 13//13 12//12
f 164//164 12//12 162//162
f 162//162 12//12 10//10
f 162//162 10//10 160//160
f 160//160 10//10 8//8
f 160//160 8//8 158//158
f 158//158 8//8 6//6
f 158//158 6//6 156//156
f 156//156 6//6 3//3
f 156//156 3//3 154//154
f 154//154 3//3 1//1
f 220//220 141//141 218//218
f 218//218 141//141 140//140
f 218//218 140//140 215//215
f 215//215 140//140 138//138
f 215//215 138//138 214//214
f 214//214 138//138 135//135
f 214//214 135//135 212//212
f 212//212 135//135 134//134
f 212//212 134//134 210//210
f 210//210 134//134 131//131
f 210//210 131//131 208//208
f 208//208 131//131 129//129
f 208//208 129//129 206//206
f 206//206 129//129 128//128
f 206//206 128//128 204//204
f 204//204 128//128 126//126
f 204//204 126//126 201//201
f 201//201 126//126 124//124
f 201//201 124//124 199//199
f 199//199 124//124 122//122
f 199//199 122//122 197//197
f 197//197 122//122 119//119
f 197//197 119//119 195//195
f 195//195 119//119 118//118
f 195//195 118//118 193//193
f 193//193 118//118 116//116
f 193//193 116//116 191//191
f 191//191 116//116 113//113
f 191//191 113//113 189//189
f 189//189 113//113 112//112
f 189//189 112//112 188//188
f 188//188 112//112 110//110
f 188//188 110//110 151//151
f 151//151 110//110 107//107
f 141//141 220//220 74//74
f 74//74 220//220 222//222
f 74//74 222//222 226//226
f 74//74 226//226 64//64
f 64//64 226//226 154//154
f 64//64 154//154 1//1
f 223//223 219//219 249//249
f 249//249 219//219 217//217
f 249//249 217//217 216//216
f 216//216 213//213 249//249
f 249//249 213//213 230//230
f 249//249 230//230 232//232
f 230//230 213//213 227//227
f 227//227 213//213 211//211
f 227//227 211//211 209//209
f 209//209 207//207 227//227
f 227//227 207//207 205//205
f 227//227 205//205 203//203
f 227//227 203//203 152//152
f 152//152 203//203 202//202
f 152//152 202//202 200//200
f 200//200 198//198 152//152
f 152//152 198//198 196//196
f 152//152 196//196 194//194
f 194//194 192//192 152//152
f 152//152 192//192 190//190
f 152//152 190//190 187//187
f 152//152 148//148 227//227
f 232//232 234//234 249//249
f 249//249 234//234 236//236
f 249//249 236//236 238//238
f 238//238 239//239 249//249
f 249//249 239//239 242//242
f 249//249 242//242 243//243
f 243//243 246//246 249//249
f 249//249 246//246 248//248
f 251//251 253//253 228//228
f 228//228 253//253 229//229
f 229//229 253//253 255//255
f 229//229 255//255 257//257
f 229//229 257//257 231//231
f 231//231 257//257 259//259
f 231//231 259//259 261//261
f 231//231 261//261 233//233
f 233//233 261//261 263//263
f 233//233 263//263 266//266
f 266//266 268//268 233//233
f 233//233 268//268 235//235
f 235//235 268//268 269//269
f 235//235 269//269 313//313
f 313//313 269//269 297//297
f 313//313 297//297 314//314
f 314//314 297//297 300//300
f 314//314 300//300 315//315
f 315//315 300//300 302//302
f 315//315 302//302 316//316
f 316//316 302//302 304//304
f 316//316 304//304 317//317
f 317//317 304//304 305//305
f 317//317 305//305 318//318
f 318//318 305//305 307//307
f 318//318 307//307 319//319
f 319//319 307//307 309//309
f 319//319 309//309 311//311
f 269//269 272//272 297//297
f 297//297 272//272 296//296
f 296//296 272//272 274//274
f 296//296 274//274 275//275
f 275//275 277//277 296//296
f 296//296 277//277 293//293
f 293//293 277//277 280//280
f 293//293 280//280 281//281
f 293//293 281//281 291//291
f 291//291 281//281 284//284
f 291//291 284//284 285//285
f 288//288 289//289 285//285
f 285//285 289//289 291//291
f 311//311 250//250 319//319
f 319//319 250//250 247//247
f 319//319 247//247 318//318
f 318//318 247//247 245//245
f 318//318 245//245 317//317
f 317//317 245//245 244//244
f 317//317 244//244 316//316
f 316//316 244//244 241//241
f 316//316 241//241 315//315
f 315//315 241//241 240//240
f 315//315 240//240 314//314
f 314//314 240//240 237//237
f 314//314 237//237 313//313
f 313//313 237//237 235//235
f 250//250 311//311 221//221
f 221//221 311//311 225//225
f 185//185 183//183 144//144
f 144//144 183//183 181//181
f 144//144 181//181 180//180
f 180//180 178//178 144//144
f 144//144 178//178 176//176
f 144//144 176//176 174//174
f 174//174 171//171 144//144
f 144//144 171//171 169//169
f 144//144 169//169 290//290
f 290//290 169//169 168//168
f 290//290 168//168 165//165
f 165//165 163//163 290//290
f 290//290 163//163 161//161
f 290//290 161//161 159//159
f 157//157 312//312 159//159
f 159//159 312//312 292//292
f 159//159 292//292 290//290
f 157//157 155//155 312//312
f 312//312 155//155 153//153
f 312//312 153//153 224//224
f 310//310 308//308 312//312
f 312//312 308//308 306//306
f 312//312 306//306 303//303
f 303//303 301//301 312//312
f 312//312 301//301 299//299
f 312//312 299//299 298//298
f 298//298 295//295 312//312
f 312//312 295//295 294//294
f 312//312 294//294 292//292
f 290//290 147//147 144//144
f 251//251 228//228 375//375
f 375//375 228//228 373//373
f 373//373 228//228 371//371
f 371//371 228//228 368//368
f 368//368 228//228 366//366
f 366//366 228//228 365//365
f 365//365 228//228 149//149
f 365//365 149//149 363//363
f 363//363 149//149 360//360
f 360//360 149//149 358//358
f 358//358 149//149 356//356
f 356//356 149//149 355//355
f 355//355 149//149 353//353
f 353//353 149//149 351//351
f 351//351 149//149 349//349
f 349//349 149//149 145//145
f 349//349 145//145 346//346
f 346//346 145//145 344//344
f 344//344 145//145 343//343
f 343//343 145//145 341//341
f 341//341 145//145 339//339
f 339//339 145//145 336//336
f 336//336 145//145 334//334
f 334//334 145//145 332//332
f 332//332 145//145 331//331
f 331//331 145//145 289//289
f 331//331 289//289 329//329
f 329//329 289//289 326//326
f 326//326 289//289 325//325
f 325//325 289//289 322//322
f 322//322 289//289 321//321
f 321//321 289//289 288//288
f 374//374 463//463 252//252
f 252//252 463//463 464//464
f 252//252 464//464 254//254
f 254//254 464//464 256//256
f 256//256 464//464 504//504
f 256//256 504//504 258//258
f 258//258 504//504 503//503
f 258//258 503//503 260//260
f 260//260 503//503 502//502
f 260//260 502//502 262//262
f 262//262 502//502 501//501
f 262//262 501//501 264//264
f 264//264 501//501 500//500
f 264//264 500//500 265//265
f 265//265 500//500 267//267
f 267//267 500//500 499//499
f 267//267 499//499 270//270
f 270//270 499//499 498//498
f 270//270 498//498 271//271
f 271//271 498//498 497//497
f 271//271 497//497 273//273
f 273//273 497//497 496//496
f 273//273 496//496 276//276
f 276//276 496//496 495//495
f 276//276 495//495 278//278
f 278//278 495//495 494//494
f 278//278 494//494 279//279
f 279//279 494//494 493//493
f 279//279 493//493 282//282
f 282//282 493//493 492//492
f 282//282 492//492 283//283
f 283//283 492//492 286//286
f 286//286 492//492 491//491
f 286//286 491//491 287//287
f 287//287 491//491 320//320
f 320//320 491//491 490//490
f 320//320 490//490 323//323
f 323//323 490//490 489//489
f 323//323 489//489 324//324
f 324//324 489//489 488//488
f 324//324 488//488 327//327
f 327//327 488//488 487//487
f 327//327 487//487 328//328
f 328//328 487//487 486//486
f 328//328 486//486 330//330
f 330//330 486//486 485//485
f 330//330 485//485 333//333
f 333//333 485//485 484//484
f 333//333 484//484 335//335
f 335//335 484//484 483//483
f 335//335 483//483 337//337
f 337//337 483//483 482//482
f 337//337 482//482 338//338
f 338//338 482//482 481//481
f 338//338 481//481 340//340
f 340//340 481//481 480//480
f 340//340 480//480 342//342
f 342//342 480//480 479//479
f 342//342 479//479 345//345
f 345//345 479//479 478//478
f 345//345 478//478 347//347
f 347//347 478//478 477//477
f 347//347 477//477 348//348
f 348//348 477//477 476//476
f 348//348 476//476 350//350
f 350//350 476//476 475//475
f 350//350 475//475 352//352
f 352//352 475//475 474//474
f 352//352 474//474 354//354
f 354//354 474//474 473//473
f 354//354 473//473 357//357
f 357//357 473//473 472//472
f 357//357 472//472 359//359
f 359//359 472//472 471//471
f 359//359 471//471 361//361
f 361//361 471//471 470//470
f 361//361 470//470 362//362
f 362//362 470//470 469//469
f 362//362 469//469 364//364
f 364//364 469//469 468//468
f 364//364 468//468 367//367
f 367//367 468//468 467//467
f 367//367 467//467 369//369
f 369//369 467//467 462//462
f 369//369 462//462 370//370
f 370//370 462//462 466//466
f 370//370 466//466 372//372
f 372//372 466//466 465//465
f 372//372 465//465 374//374
f 374//374 465//465 463//463
f 379//379 466//466 377//377
f 377//377 466//466 462//462
f 377//377 462//462 461//461
f 461//461 462//462 467//467
f 461//461 467//467 459//459
f 459//459 467//467 468//468
f 459//459 468//468 457//457
f 457//457 468//468 469//469
f 457//457 469//469 455//455
f 455//455 469//469 470//470
f 455//455 470//470 452//452
f 452//452 470//470 471//471
f 452//452 471//471 450//450
f 450//450 471//471 472//472
f 450//450 472//472 448//448
f 448//448 472//472 473//473
f 448//448 473//473 447//447
f 447//447 473//473 474//474
f 447//447 474//474 444//444
f 444//444 474//474 475//475
f 444//444 475//475 442//442
f 442//442 475//475 476//476
f 442//442 476//476 441//441
f 441//441 476//476 477//477
f 441//441 477//477 439//439
f 439//439 477//477 478//478
f 439//439 478//478 437//437
f 437//437 478//478 479//479
f 437//437 479//479 435//435
f 435//435 479//479 480//480
f 435//435 480//480 433//433
f 433//433 480//480 481//481
f 433//433 481//481 431//431
f 431//431 481//481 482//482
f 431//431 482//482 429//429
f 429//429 482//482 483//483
f 429//429 483//483 427//427
f 427//427 483//483 484//484
f 427//427 484//484 425//425
f 425//425 484//484 485//485
f 425//425 485//485 422//422
f 422//422 485//485 486//486
f 422//422 486//486 420//420
f 420//420 486//486 487//487
f 420//420 487//487 418//418
f 418//418 487//487 488//488
f 418//418 488//488 416//416
f 416//416 488//488 489//489
f 416//416 489//489 414//414
f 414//414 489//489 490//490
f 414//414 490//490 412//412
f 412//412 490//490 491//491
f 412//412 491//491 492//492
f 466//466 379//379 465//465
f 465//465 379//379 381//381
f 465//465 381//381 463//463
f 463//463 381//381 383//383
f 463//463 383//383 464//464
f 464//464 383//383 385//385
f 464//464 385//385 504//504
f 504//504 385//385 387//387
f 504//504 387//387 503//503
f 503//503 387//387 388//388
f 503//503 388//388 502//502
f 502//502 388//388 391//391
f 502//502 391//391 501//501
f 501//501 391//391 392//392
f 501//501 392//392 500//500
f 500//500 392//392 394//394
f 500//500 394//394 499//499
f 499//499 394//394 396//396
f 499//499 396//396 498//498
f 498//498 396//396 398//398
f 498//498 398//398 497//497
f 497//497 398//398 401//401
f 497//497 401//401 496//496
f 496//496 401//401 403//403
f 496//496 403//403 495//495
f 495//495 403//403 404//404
f 495//495 404//404 494//494
f 494//494 404//404 406//406
f 494//494 406//406 493//493
f 493//493 406//406 409//409
f 493//493 409//409 410//410
f 493//493 410//410 492//492
f 492//492 410//410 412//412
f 507//507 600//600 506//506
f 506//506 600//600 554//554
f 506//506 554//554 552//552
f 552//552 554//554 555//555
f 552//552 555//555 549//549
f 549//549 555//555 557//557
f 549//549 557//557 547//547
f 547//547 557//557 560//560
f 547//547 560//560 545//545
f 545//545 560//560 561//561
f 545//545 561//561 544//544
f 544//544 561//561 563//563
f 544//544 563//563 541//541
f 541//541 563//563 565//565
f 541//541 565//565 539//539
f 539//539 565//565 567//567
f 539//539 567//567 537//537
f 537//537 567//567 569//569
f 537//537 569//569 536//536
f 536//536 569//569 572//572
f 536//536 572//572 533//533
f 533//533 572//572 573//573
f 533//533 573//573 532//532
f 532//532 573//573 575//575
f 532//532 575//575 529//529
f 529//529 575//575 578//578
f 529//529 578//578 528//528
f 528//528 578//578 579//579
f 528//528 579//579 525//525
f 525//525 579//579 581//581
f 525//525 581//581 523//523
f 523//523 581//581 583//583
f 523//523 583//583 522//522
f 522//522 583//583 585//585
f 522//522 585//585 520//520
f 520//520 585//585 588//588
f 520//520 588//588 517//517
f 517//517 588//588 590//590
f 517//517 590//590 515//515
f 515//515 590//590 591//591
f 515//515 591//591 514//514
f 514//514 591//591 593//593
f 514//514 593//593 512//512
f 512//512 593//593 595//595
f 512//512 595//595 509//509
f 509//509 595//595 598//598
f 509//509 598//598 507//507
f 507//507 598//598 600//600
f 604//604 696//696 601//601
f 601//601 696//696 649//649
f 601//601 649//649 647//647
f 647//647 649//649 651//651
f 647//647 651//651 646//646
f 646//646 651//651 653//653
f 646//646 653//653 644//644
f 644//644 653//653 655//655
f 644//644 655//655 641//641
f 641//641 655//655 658//658
f 641//641 658//658 639//639
f 639//639 658//658 659//659
f 639//639 659//659 637//637
f 637//637 659//659 662//662
f 637//637 662//662 636//636
f 636//636 662//662 664//664
f 636//636 664//664 633//633
f 633//633 664//664 665//665
f 633//633 665//665 632//632
f 632//632 665//665 667//667
f 632//632 667//667 630//630
f 630//630 667//667 670//670
f 630//630 670//670 628//628
f 628//628 670//670 672//672
f 628//628 672//672 626//626
f 626//626 672//672 674//674
f 626//626 674//674 623//623
f 623//623 674//674 675//675
f 623//623 675//675 622//622
f 622//622 675//675 677//677
f 622//622 677//677 619//619
f 619//619 677//677 679//679
f 619//619 679//679 617//617
f 617//617 679//679 681//681
f 617//617 681//681 616//616
f 616//616 681//681 684//684
f 616//616 684//684 614//614
f 614//614 684//684 686//686
f 614//614 686//686 611//611
f 611//611 686//686 688//688
f 611//611 688//688 610//610
f 610//610 688//688 690//690
f 610//610 690//690 608//608
f 608//608 690//690 691//691
f 608//608 691//691 606//606
f 606//606 691//691 693//693
f 606//606 693//693 604//604
f 604//604 693//693 696//696
f 700//700 791//791 697//697
f 697//697 791//791 745//745
f 697//697 745//745 743//743
f 743//743 745//745 748//748
f 743//743 748//748 741//741
f 741//741 748//748 750//750
f 741//741 750//750 739//739
f 739//739 750//750 752//752
f 739//739 752//752 738//738
f 738//738 752//752 754//754
f 738//738 754//754 736//736
f 736//736 754//754 755//755
f 736//736 755//755 734//734
f 734//734 755//755 757//757
f 734//734 757//757 731//731
f 731//731 757//757 760//760
f 731//731 760//760 729//729
f 729//729 760//760 761//761
f 729//729 761//761 727//727
f 727//727 761//761 763//763
f 727//727 763//763 725//725
f 725//725 763//763 765//765
f 725//725 765//765 724//724
f 724//724 765//765 767//767
f 724//724 767//767 722//722
f 722//722 767//767 770//770
f 722//722 770//770 719//719
f 719//719 770//770 772//772
f 719//719 772//772 718//718
f 718//718 772//772 774//774
f 718//718 774//774 716//716
f 716//716 774//774 775//775
f 716//716 775//775 714//714
f 714//714 775//775 778//778
f 714//714 778//778 712//712
f 712//712 778//778 779//779
f 712//712 779//779 709//709
f 709//709 779//779 782//782
f 709//709 782//782 708//708
f 708//708 782//782 783//783
f 708//708 783//783 705//705
f 705//705 783//783 785//785
f 705//705 785//785 704//704
f 704//704 785//785 787//787
f 704//704 787//787 702//702
f 702//702 787//787 789//789
f 702//702 789//789 700//700
f 700//700 789//789 791//791
f 795//795 888//888 794//794
f 794//794 888//888 842//842
f 794//794 842//842 839//839
f 839//839 842//842 844//844
f 839//839 844//844 837//837
f 837//837 844//844 845//845
f 837//837 845//845 836//836
f 836//836 845//845 847//847
f 836//836 847//847 833//833
f 833//833 847//847 850//850
f 833//833 850//850 831//831
f 831//831 850//850 852//852
f 831//831 852//852 829//829
f 829//829 852//852 854//854
f 829//829 854//854 828//828
f 828//828 854//854 855//855
f 828//828 855//855 826//826
f 826//826 855//855 857//857
f 826//826 857//857 823//823
f 823//823 857//857 859//859
f 823//823 859//859 821//821
f 821//821 859//859 862//862
f 821//821 862//862 820//820
f 820//820 862//862 863//863
f 820//820 863//863 817//817
f 817//817 863//863 865//865
f 817//817 865//865 815//815
f 815//815 865//865 867//867
f 815//815 867//867 813//813
f 813//813 867//867 870//870
f 813//813 870//870 811//811
f 811//811 870//870 872//872
f 811//811 872//872 809//809
f 809//809 872//872 874//874
f 809//809 874//874 807//807
f 807//807 874//874 876//876
f 807//807 876//876 805//805
f 805//805 876//876 877//877
f 805//805 877//877 804//804
f 804//804 877//877 879//879
f 804//804 879//879 802//802
f 802//802 879//879 881//881
f 802//802 881//881 800//800
f 800//800 881//881 884//884
f 800//800 884//884 798//798
f 798//798 884//884 885//885
f 798//798 885//885 795//795
f 795//795 885//885 888//888
f 892//892 1191//1191 890//890
f 890//890 1191//1191 1041//1041
f 890//890 1041//1041 1039//1039
f 1039//1039 1041//1041 1043//1043
f 1039//1039 1043//1043 1037//1037
f 1037//1037 1043//1043 1046//1046
f 1037//1037 1046//1046 1036//1036
f 1036//1036 1046//1046 1047//1047
f 1036//1036 1047//1047 1033//1033
f 1033//1033 1047//1047 1050//1050
f 1033//1033 1050//1050 1032//1032
f 1032//1032 1050//1050 1052//1052
f 1032//1032 1052//1052 1030//1030
f 1030//1030 1052//1052 1054//1054
f 1030//1030 1054//1054 1028//1028
f 1028//1028 1054//1054 1056//1056
f 1028//1028 1056//1056 1025//1025
f 1025//1025 1056//1056 1058//1058
f 1025//1025 1058//1058 1023//1023
f 1023//1023 1058//1058 1059//1059
f 1023//1023 1059//1059 1022//1022
f 1022//1022 1059//1059 1061//1061
f 1022//1022 1061//1061 1019//1019
f 1019//1019 1061//1061 1063//1063
f 1019//1019 1063//1063 1017//1017
f 1017//1017 1063//1063 1066//1066
f 1017//1017 1066//1066 1016//1016
f 1016//1016 1066//1066 1067//1067
f 1016//1016 1067//1067 1014//1014
f 1014//1014 1067//1067 1069//1069
f 1014//1014 1069//1069 1012//1012
f 1012//1012 1069//1069 1071//1071
f 1012//1012 1071//1071 1009//1009
f 1009//1009 1071//1071 1074//1074
f 1009//1009 1074//1074 1007//1007
f 1007//1007 1074//1074 1075//1075
f 1007//1007 1075//1075 1005//1005
f 1005//1005 1075//1075 1078//1078
f 1005//1005 1078//1078 1004//1004
f 1004//1004 1078//1078 1080//1080
f 1004//1004 1080//1080 1001//1001
f 1001//1001 1080//1080 1082//1082
f 1001//1001 1082//1082 1000//1000
f 1000//1000 1082//1082 1084//1084
f 1000//1000 1084//1084 998//998
f 998//998 1084//1084 1085//1085
f 998//998 1085//1085 996//996
f 996//996 1085//1085 1087//1087
f 996//996 1087//1087 993//993
f 993//993 1087//1087 1089//1089
f 993//993 1089//1089 991//991
f 991//991 1089//1089 1091//1091
f 991//991 1091//1091 989//989
f 989//989 1091//1091 1094//1094
f 989//989 1094//1094 988//988
f 988//988 1094//1094 1096//1096
f 988//988 1096//1096 986//986
f 986//986 1096//1096 1097//1097
f 986//986 1097//1097 984//984
f 984//984 1097//1097 1099//1099
f 984//984 1099//1099 982//982
f 982//982 1099//1099 1102//1102
f 982//982 1102//1102 979//979
f 979//979 1102//1102 1103//1103
f 979//979 1103//1103 977//977
f 977//977 1103//1103 1106//1106
f 977//977 1106//1106 975//975
f 975//975 1106//1106 1108//1108
f 975//975 1108//1108 973//973
f 973//973 1108//1108 1109//1109
f 973//973 1109//1109 971//971
f 971//971 1109//1109 1112//1112
f 971//971 1112//1112 969//969
f 969//969 1112//1112 1114//1114
f 969//969 1114//1114 967//967
f 967//967 1114//1114 1115//1115
f 967//967 1115//1115 965//965
f 965//965 1115//1115 1117//1117
f 965//965 1117//1117 964//964
f 964//964 1117//1117 1120//1120
f 964//964 1120//1120 961//961
f 961//961 1120//1120 1122//1122
f 961//961 1122//1122 960//960
f 960//960 1122//1122 1124//1124
f 960//960 1124//1124 958//958
f 958//958 1124//1124 1125//1125
f 958//958 1125//1125 956//956
f 956//956 1125//1125 1127//1127
f 956//956 1127//1127 953//953
f 953//953 1127//1127 1129//1129
f 953//953 1129//1129 952//952
f 952//952 1129//1129 1132//1132
f 952//952 1132//1132 949//949
f 949//949 1132//1132 1133//1133
f 949//949 1133//1133 947//947
f 947//947 1133//1133 1136//1136
f 947//947 1136//1136 945//945
f 945//945 1136//1136 1137//1137
f 945//945 1137//1137 943//943
f 943//943 1137//1137 1139//1139
f 943//943 1139//1139 941//941
f 941//941 1139//1139 1141//1141
f 941//941 1141//1141 939//939
f 939//939 1141//1141 1143//1143
f 939//939 1143//1143 938//938
f 938//938 1143//1143 1145//1145
f 938//938 1145//1145 935//935
f 935//935 1145//1145 1147//1147
f 935//935 1147//1147 934//934
f 934//934 1147//1147 1149//1149
f 934//934 1149//1149 932//932
f 932//932 1149//1149 1152//1152
f 932//932 1152//1152 930//930
f 930//930 1152//1152 1154//1154
f 930//930 1154//1154 928//928
f 928//928 1154//1154 1155//1155
f 928//928 1155//1155 925//925
f 925//925 1155//1155 1158//1158
f 925//925 1158//1158 924//924
f 924//924 1158//1158 1160//1160
f 924//924 1160//1160 922//922
f 922//922 1160//1160 1161//1161
f 922//922 1161//1161 919//919
f 919//919 1161//1161 1163//1163
f 919//919 1163//1163 917//917
f 917//917 1163//1163 1165//1165
f 917//917 1165//1165 916//916
f 916//916 1165//1165 1167//1167
f 916//916 1167//1167 914//914
f 914//914 1167//1167 1169//1169
f 914//914 1169//1169 912//912
f 912//912 1169//1169 1171//1171
f 912//912 1171//1171 909//909
f 909//909 1171//1171 1173//1173
f 909//909 1173//1173 908//908
f 908//908 1173//1173 1176//1176
f 908//908 1176//1176 906//906
f 906//906 1176//1176 1177//1177
f 906//906 1177//1177 904//904
f 904//904 1177//1177 1179//1179
f 904//904 1179//1179 901//901
f 901//901 1179//1179 1181//1181
f 901//901 1181//1181 900//900
f 900//900 1181//1181 1184//1184
f 900//900 1184//1184 897//897
f 897//897 1184//1184 1186//1186
f 897//897 1186//1186 895//895
f 895//895 1186//1186 1188//1188
f 895//895 1188//1188 893//893
f 893//893 1188//1188 1189//1189
f 893//893 1189//1189 892//892
f 892//892 1189//1189 1191//1191
f 460//460 968//968 376//376
f 376//376 968//968 966//966
f 376//376 966//966 963//963
f 458//458 540//540 460//460
f 460//460 540//540 972//972
f 460//460 972//972 970//970
f 540//540 458//458 542//542
f 542//542 458//458 456//456
f 542//542 456//456 543//543
f 543//543 456//456 454//454
f 543//543 454//454 546//546
f 546//546 454//454 453//453
f 546//546 453//453 548//548
f 548//548 453//453 451//451
f 548//548 451//451 550//550
f 550//550 451//451 449//449
f 550//550 449//449 551//551
f 551//551 449//449 446//446
f 551//551 446//446 505//505
f 505//505 446//446 445//445
f 505//505 445//445 508//508
f 508//508 445//445 997//997
f 508//508 997//997 995//995
f 997//997 445//445 999//999
f 999//999 445//445 443//443
f 999//999 443//443 1002//1002
f 1002//1002 443//443 1003//1003
f 1003//1003 443//443 440//440
f 1003//1003 440//440 1006//1006
f 1006//1006 440//440 438//438
f 1006//1006 438//438 1008//1008
f 1008//1008 438//438 1010//1010
f 1010//1010 438//438 720//720
f 1010//1010 720//720 1011//1011
f 1011//1011 720//720 717//717
f 1011//1011 717//717 1013//1013
f 1013//1013 717//717 715//715
f 1013//1013 715//715 1015//1015
f 1015//1015 715//715 713//713
f 1015//1015 713//713 1018//1018
f 1018//1018 713//713 711//711
f 1018//1018 711//711 1020//1020
f 1020//1020 711//711 710//710
f 1020//1020 710//710 707//707
f 720//720 438//438 721//721
f 721//721 438//438 436//436
f 721//721 436//436 434//434
f 721//721 434//434 723//723
f 723//723 434//434 432//432
f 723//723 432//432 726//726
f 726//726 432//432 430//430
f 726//726 430//430 728//728
f 728//728 430//430 428//428
f 728//728 428//428 730//730
f 730//730 428//428 426//426
f 730//730 426//426 732//732
f 732//732 426//426 424//424
f 732//732 424//424 733//733
f 733//733 424//424 423//423
f 733//733 423//423 735//735
f 735//735 423//423 1035//1035
f 735//735 1035//1035 1034//1034
f 1035//1035 423//423 1038//1038
f 1038//1038 423//423 421//421
f 1038//1038 421//421 1040//1040
f 1040//1040 421//421 889//889
f 889//889 421//421 419//419
f 889//889 419//419 891//891
f 891//891 419//419 894//894
f 894//894 419//419 417//417
f 894//894 417//417 896//896
f 896//896 417//417 803//803
f 896//896 803//803 898//898
f 898//898 803//803 801//801
f 898//898 801//801 899//899
f 899//899 801//801 799//799
f 899//899 799//799 902//902
f 902//902 799//799 797//797
f 902//902 797//797 903//903
f 903//903 797//797 796//796
f 903//903 796//796 905//905
f 905//905 796//796 793//793
f 905//905 793//793 840//840
f 803//803 417//417 806//806
f 806//806 417//417 415//415
f 806//806 415//415 808//808
f 808//808 415//415 413//413
f 808//808 413//413 810//810
f 810//810 413//413 411//411
f 810//810 411//411 812//812
f 812//812 411//411 408//408
f 812//812 408//408 814//814
f 814//814 408//408 407//407
f 814//814 407//407 816//816
f 816//816 407//407 405//405
f 816//816 405//405 818//818
f 818//818 405//405 402//402
f 818//818 402//402 400//400
f 399//399 926//926 400//400
f 400//400 926//926 923//923
f 400//400 923//923 921//921
f 926//926 399//399 927//927
f 927//927 399//399 397//397
f 927//927 397//397 929//929
f 929//929 397//397 931//931
f 931//931 397//397 395//395
f 931//931 395//395 933//933
f 933//933 395//395 648//648
f 933//933 648//648 936//936
f 936//936 648//648 645//645
f 936//936 645//645 937//937
f 937//937 645//645 643//643
f 937//937 643//643 940//940
f 940//940 643//643 642//642
f 940//940 642//642 942//942
f 942//942 642//642 640//640
f 942//942 640//640 944//944
f 944//944 640//640 638//638
f 944//944 638//638 635//635
f 648//648 395//395 602//602
f 602//602 395//395 393//393
f 602//602 393//393 603//603
f 603//603 393//393 390//390
f 603//603 390//390 605//605
f 605//605 390//390 389//389
f 605//605 389//389 607//607
f 607//607 389//389 386//386
f 607//607 386//386 609//609
f 609//609 386//386 384//384
f 609//609 384//384 612//612
f 612//612 384//384 382//382
f 612//612 382//382 613//613
f 613//613 382//382 380//380
f 613//613 380//380 615//615
f 615//615 380//380 378//378
f 615//615 378//378 959//959
f 959//959 378//378 962//962
f 962//962 378//378 963//963
f 963//963 378//378 376//376
f 905//905 840//840 907//907
f 907//907 840//840 838//838
f 907//907 838//838 835//835
f 907//907 835//835 910//910
f 910//910 835//835 834//834
f 910//910 834//834 832//832
f 910//910 832//832 911//911
f 911//911 832//832 830//830
f 911//911 830//830 827//827
f 911//911 827//827 913//913
f 913//913 827//827 825//825
f 913//913 825//825 915//915
f 915//915 825//825 824//824
f 915//915 824//824 918//918
f 918//918 824//824 822//822
f 918//918 822//822 920//920
f 920//920 822//822 819//819
f 920//920 819//819 921//921
f 921//921 819//819 400//400
f 819//819 818//818 400//400
f 699//699 698//698 1026//1026
f 1026//1026 698//698 744//744
f 1026//1026 744//744 1027//1027
f 1027//1027 744//744 742//742
f 1027//1027 742//742 1029//1029
f 1029//1029 742//742 740//740
f 1029//1029 740//740 1031//1031
f 1031//1031 740//740 737//737
f 1031//1031 737//737 1034//1034
f 1034//1034 737//737 735//735
f 1020//1020 707//707 1021//1021
f 1021//1021 707//707 706//706
f 1021//1021 706//706 703//703
f 1021//1021 703//703 1024//1024
f 1024//1024 703//703 701//701
f 1024//1024 701//701 699//699
f 1024//1024 699//699 1026//1026
f 944//944 635//635 946//946
f 946//946 635//635 634//634
f 946//946 634//634 631//631
f 946//946 631//631 948//948
f 948//948 631//631 629//629
f 948//948 629//629 627//627
f 948//948 627//627 950//950
f 950//950 627//627 625//625
f 950//950 625//625 624//624
f 950//950 624//624 951//951
f 951//951 624//624 621//621
f 951//951 621//621 954//954
f 954//954 621//621 620//620
f 954//954 620//620 955//955
f 955//955 620//620 618//618
f 955//955 618//618 957//957
f 957//957 618//618 615//615
f 957//957 615//615 959//959
f 972//972 540//540 974//974
f 974//974 540//540 538//538
f 974//974 538//538 976//976
f 976//976 538//538 535//535
f 976//976 535//535 978//978
f 978//978 535//535 534//534
f 978//978 534//534 980//980
f 980//980 534//534 531//531
f 980//980 531//531 981//981
f 981//981 531//531 530//530
f 981//981 530//530 527//527
f 981//981 527//527 983//983
f 983//983 527//527 526//526
f 983//983 526//526 524//524
f 983//983 524//524 985//985
f 985//985 524//524 521//521
f 985//985 521//521 519//519
f 985//985 519//519 987//987
f 987//987 519//519 518//518
f 987//987 518//518 516//516
f 987//987 516//516 990//990
f 990//990 516//516 513//513
f 990//990 513//513 992//992
f 992//992 513//513 511//511
f 992//992 511//511 994//994
f 994//994 511//511 510//510
f 994//994 510//510 995//995
f 995//995 510//510 508//508
f 970//970 968//968 460//460
f 843//843 841//841 1178//1178
f 1178//1178 841//841 887//887
f 1178//1178 887//887 1180//1180
f 1180//1180 887//887 886//886
f 1180//1180 886//886 1182//1182
f 1182//1182 886//886 883//883
f 1182//1182 883//883 1183//1183
f 1183//1183 883//883 882//882
f 1183//1183 882//882 1185//1185
f 1185//1185 882//882 880//880
f 1185//1185 880//880 1187//1187
f 1187//1187 880//880 1190//1190
f 1190//1190 880//880 878//878
f 1190//1190 878//878 1192//1192
f 1192//1192 878//878 1042//1042
f 1042//1042 878//878 758//758
f 1042//1042 758//758 1044//1044
f 1044//1044 758//758 1045//1045
f 1045//1045 758//758 756//756
f 1045//1045 756//756 1048//1048
f 1048//1048 756//756 1049//1049
f 1049//1049 756//756 753//753
f 1049//1049 753//753 1051//1051
f 1051//1051 753//753 751//751
f 1051//1051 751//751 1053//1053
f 1053//1053 751//751 749//749
f 1053//1053 749//749 1055//1055
f 1055//1055 749//749 747//747
f 1055//1055 747//747 1057//1057
f 1057//1057 747//747 746//746
f 1057//1057 746//746 792//792
f 758//758 878//878 759//759
f 759//759 878//878 875//875
f 759//759 875//875 762//762
f 762//762 875//875 873//873
f 762//762 873//873 764//764
f 764//764 873//873 871//871
f 764//764 871//871 692//692
f 692//692 871//871 694//694
f 694//694 871//871 869//869
f 694//694 869//869 695//695
f 695//695 869//869 868//868
f 695//695 868//868 650//650
f 650//650 868//868 866//866
f 650//650 866//866 1156//1156
f 1156//1156 866//866 1157//1157
f 1157//1157 866//866 1159//1159
f 1159//1159 866//866 864//864
f 1159//1159 864//864 1162//1162
f 1162//1162 864//864 1164//1164
f 1164//1164 864//864 861//861
f 1164//1164 861//861 1166//1166
f 1166//1166 861//861 860//860
f 1166//1166 860//860 1168//1168
f 1168//1168 860//860 858//858
f 1168//1168 858//858 1170//1170
f 1170//1170 858//858 856//856
f 1170//1170 856//856 1172//1172
f 1172//1172 856//856 853//853
f 1172//1172 853//853 851//851
f 1172//1172 851//851 1174//1174
f 1174//1174 851//851 849//849
f 1174//1174 849//849 848//848
f 1174//1174 848//848 1175//1175
f 1175//1175 848//848 846//846
f 1175//1175 846//846 843//843
f 1175//1175 843//843 1178//1178
f 1057//1057 792//792 1060//1060
f 1060//1060 792//792 790//790
f 1060//1060 790//790 788//788
f 1060//1060 788//788 1062//1062
f 1062//1062 788//788 786//786
f 1062//1062 786//786 784//784
f 1062//1062 784//784 1064//1064
f 1064//1064 784//784 781//781
f 1064//1064 781//781 780//780
f 1064//1064 780//780 1065//1065
f 1065//1065 780//780 777//777
f 1065//1065 777//777 1068//1068
f 1068//1068 777//777 776//776
f 1068//1068 776//776 1070//1070
f 1070//1070 776//776 773//773
f 1070//1070 773//773 1072//1072
f 1072//1072 773//773 771//771
f 1072//1072 771//771 1073//1073
f 1073//1073 771//771 1076//1076
f 1076//1076 771//771 769//769
f 1076//1076 769//769 1077//1077
f 1077//1077 769//769 1079//1079
f 1079//1079 769//769 553//553
f 1079//1079 553//553 1081//1081
f 1081//1081 553//553 1083//1083
f 1083//1083 553//553 599//599
f 1083//1083 599//599 1086//1086
f 1086//1086 599//599 1088//1088
f 1088//1088 599//599 597//597
f 1088//1088 597//597 1090//1090
f 1090//1090 597//597 596//596
f 1090//1090 596//596 1092//1092
f 1092//1092 596//596 594//594
f 1092//1092 594//594 1093//1093
f 1093//1093 594//594 592//592
f 1093//1093 592//592 1095//1095
f 1095//1095 592//592 589//589
f 1095//1095 589//589 587//587
f 553//553 769//769 556//556
f 556//556 769//769 768//768
f 556//556 768//768 558//558
f 558//558 768//768 766//766
f 558//558 766//766 559//559
f 559//559 766//766 764//764
f 559//559 764//764 692//692
f 692//692 689//689 559//559
f 559//559 689//689 562//562
f 562//562 689//689 687//687
f 562//562 687//687 564//564
f 564//564 687//687 685//685
f 564//564 685//685 566//566
f 566//566 685//685 1118//1118
f 566//566 1118//1118 1116//1116
f 683//683 1121//1121 685//685
f 685//685 1121//1121 1119//1119
f 685//685 1119//1119 1118//1118
f 682//682 1126//1126 683//683
f 683//683 1126//1126 1123//1123
f 683//683 1123//1123 1121//1121
f 1126//1126 682//682 1128//1128
f 1128//1128 682//682 680//680
f 1128//1128 680//680 1130//1130
f 1130//1130 680//680 678//678
f 1130//1130 678//678 1131//1131
f 1131//1131 678//678 676//676
f 1131//1131 676//676 1134//1134
f 1134//1134 676//676 673//673
f 1134//1134 673//673 671//671
f 1134//1134 671//671 1135//1135
f 1135//1135 671//671 669//669
f 1135//1135 669//669 668//668
f 1135//1135 668//668 1138//1138
f 1138//1138 668//668 666//666
f 1138//1138 666//666 663//663
f 1138//1138 663//663 1140//1140
f 1140//1140 663//663 661//661
f 1140//1140 661//661 660//660
f 1140//1140 660//660 1142//1142
f 1142//1142 660//660 657//657
f 1142//1142 657//657 1144//1144
f 1144//1144 657//657 656//656
f 1144//1144 656//656 1146//1146
f 1146//1146 656//656 654//654
f 1146//1146 654//654 1148//1148
f 1148//1148 654//654 652//652
f 1148//1148 652//652 1150//1150
f 1150//1150 652//652 1151//1151
f 1151//1151 652//652 650//650
f 1151//1151 650//650 1153//1153
f 1153//1153 650//650 1156//1156
f 1095//1095 587//587 1098//1098
f 1098//1098 587//587 586//586
f 1098//1098 586//586 584//584
f 1098//1098 584//584 1100//1100
f 1100//1100 584//584 582//582
f 1100//1100 582//582 580//580
f 1100//1100 580//580 1101//1101
f 1101//1101 580//580 577//577
f 1101//1101 577//577 576//576
f 1101//1101 576//576 1104//1104
f 1104//1104 576//576 574//574
f 1104//1104 574//574 1105//1105
f 1105//1105 574//574 571//571
f 1105//1105 571//571 1107//1107
f 1107//1107 571//571 570//570
f 1107//1107 570//570 1110//1110
f 1110//1110 570//570 568//568
f 1110//1110 568//568 1111//1111
f 1111//1111 568//568 1113//1113
f 1113//1113 568//568 566//566
f 1113//1113 566//566 1116//1116