2024-11-20 14:02:33,574 INFO ===> Start grad computation at:, 2024-11-20 14:2:33
2024-11-20 14:02:34,154 INFO ===> New TaichiEnv created.
2024-11-20 14:02:34,154 INFO ===> Specifications: horizon = 311, dt = 0.01, n_substeps = 20, dt_sub = 0.0005
2024-11-20 14:02:34,177 DEBUG loaded <trimesh.Trimesh(vertices.shape=(916, 3), faces.shape=(856, 3))> using `load_obj` in 0.0029s
2024-11-20 14:02:34,322 DEBUG loaded <trimesh.Trimesh(vertices.shape=(48, 3), faces.shape=(28, 3))> using `load_obj` in 0.0007s
2024-11-20 14:03:01,894 INFO =====> Epoch: 0
2024-11-20 14:03:01,894 INFO =====> Loss info: {'particle_has_naninf': False, 'height_map_loss': 14.596193313598633, 'emd_loss': 26.79692840576172, 'total_loss': 26.79692840576172}
2024-11-20 14:03:01,895 INFO =====> Performing line search for epoch 0......
2024-11-20 14:03:02,497 INFO ===> New TaichiEnv created.
2024-11-20 14:03:02,497 INFO ===> Specifications: horizon = 311, dt = 0.01, n_substeps = 20, dt_sub = 0.0005
2024-11-20 14:03:02,520 DEBUG loaded <trimesh.Trimesh(vertices.shape=(916, 3), faces.shape=(856, 3))> using `load_obj` in 0.0029s
2024-11-20 14:03:02,667 DEBUG loaded <trimesh.Trimesh(vertices.shape=(48, 3), faces.shape=(28, 3))> using `load_obj` in 0.0007s
2024-11-20 14:03:11,690 INFO =====> alpha: 0.01
2024-11-20 14:03:11,690 INFO =====> Loss info: {'particle_has_naninf': False, 'height_map_loss': 14.589950561523438, 'emd_loss': 26.802522659301758, 'total_loss': 26.802522659301758}
2024-11-20 14:03:12,361 INFO ===> New TaichiEnv created.
2024-11-20 14:03:12,361 INFO ===> Specifications: horizon = 311, dt = 0.01, n_substeps = 20, dt_sub = 0.0005
2024-11-20 14:03:12,385 DEBUG loaded <trimesh.Trimesh(vertices.shape=(916, 3), faces.shape=(856, 3))> using `load_obj` in 0.0029s
2024-11-20 14:03:12,530 DEBUG loaded <trimesh.Trimesh(vertices.shape=(48, 3), faces.shape=(28, 3))> using `load_obj` in 0.0007s
2024-11-20 14:03:22,138 INFO =====> alpha: 0.1
2024-11-20 14:03:22,138 INFO =====> Loss info: {'particle_has_naninf': False, 'height_map_loss': 14.486567497253418, 'emd_loss': 26.78104019165039, 'total_loss': 26.78104019165039}
2024-11-20 14:03:22,719 INFO ===> New TaichiEnv created.
2024-11-20 14:03:22,719 INFO ===> Specifications: horizon = 311, dt = 0.01, n_substeps = 20, dt_sub = 0.0005
2024-11-20 14:03:22,743 DEBUG loaded <trimesh.Trimesh(vertices.shape=(916, 3), faces.shape=(856, 3))> using `load_obj` in 0.0031s
2024-11-20 14:03:22,890 DEBUG loaded <trimesh.Trimesh(vertices.shape=(48, 3), faces.shape=(28, 3))> using `load_obj` in 0.0007s
2024-11-20 14:03:31,886 INFO =====> alpha: 0.5
2024-11-20 14:03:31,887 INFO =====> Loss info: {'particle_has_naninf': False, 'height_map_loss': 14.11333179473877, 'emd_loss': 24.776830673217773, 'total_loss': 24.776830673217773}
2024-11-20 14:03:32,473 INFO ===> New TaichiEnv created.
2024-11-20 14:03:32,473 INFO ===> Specifications: horizon = 311, dt = 0.01, n_substeps = 20, dt_sub = 0.0005
2024-11-20 14:03:32,497 DEBUG loaded <trimesh.Trimesh(vertices.shape=(916, 3), faces.shape=(856, 3))> using `load_obj` in 0.0029s
2024-11-20 14:03:32,642 DEBUG loaded <trimesh.Trimesh(vertices.shape=(48, 3), faces.shape=(28, 3))> using `load_obj` in 0.0007s
2024-11-20 14:03:42,270 INFO =====> alpha: 1.0
2024-11-20 14:03:42,270 INFO =====> Loss info: {'particle_has_naninf': False, 'height_map_loss': 13.811393737792969, 'emd_loss': 24.691673278808594, 'total_loss': 24.691673278808594}
2024-11-20 14:03:42,860 INFO ===> New TaichiEnv created.
2024-11-20 14:03:42,860 INFO ===> Specifications: horizon = 311, dt = 0.01, n_substeps = 20, dt_sub = 0.0005
2024-11-20 14:03:42,883 DEBUG loaded <trimesh.Trimesh(vertices.shape=(916, 3), faces.shape=(856, 3))> using `load_obj` in 0.0031s
2024-11-20 14:03:43,028 DEBUG loaded <trimesh.Trimesh(vertices.shape=(48, 3), faces.shape=(28, 3))> using `load_obj` in 0.0007s
2024-11-20 14:03:52,694 INFO =====> alpha: 1.01
2024-11-20 14:03:52,694 INFO =====> Loss info: {'particle_has_naninf': False, 'height_map_loss': 13.804736137390137, 'emd_loss': 24.720882415771484, 'total_loss': 24.720882415771484}
2024-11-20 14:03:53,275 INFO ===> New TaichiEnv created.
2024-11-20 14:03:53,275 INFO ===> Specifications: horizon = 311, dt = 0.01, n_substeps = 20, dt_sub = 0.0005
2024-11-20 14:03:53,298 DEBUG loaded <trimesh.Trimesh(vertices.shape=(916, 3), faces.shape=(856, 3))> using `load_obj` in 0.0030s
2024-11-20 14:03:53,443 DEBUG loaded <trimesh.Trimesh(vertices.shape=(48, 3), faces.shape=(28, 3))> using `load_obj` in 0.0007s
2024-11-20 14:04:02,433 INFO =====> alpha: 1.1
2024-11-20 14:04:02,433 INFO =====> Loss info: {'particle_has_naninf': False, 'height_map_loss': 13.75488567352295, 'emd_loss': 24.501829147338867, 'total_loss': 24.501829147338867}
2024-11-20 14:04:03,009 INFO ===> New TaichiEnv created.
2024-11-20 14:04:03,009 INFO ===> Specifications: horizon = 311, dt = 0.01, n_substeps = 20, dt_sub = 0.0005
2024-11-20 14:04:03,032 DEBUG loaded <trimesh.Trimesh(vertices.shape=(916, 3), faces.shape=(856, 3))> using `load_obj` in 0.0029s
2024-11-20 14:04:03,178 DEBUG loaded <trimesh.Trimesh(vertices.shape=(48, 3), faces.shape=(28, 3))> using `load_obj` in 0.0007s
2024-11-20 14:04:12,786 INFO =====> alpha: 1.5
2024-11-20 14:04:12,786 INFO =====> Loss info: {'particle_has_naninf': False, 'height_map_loss': 13.66991138458252, 'emd_loss': 24.72066879272461, 'total_loss': 24.72066879272461}
2024-11-20 14:04:12,787 INFO =====> Best alpha: 1.5, Best loss info: {'particle_has_naninf': False, 'height_map_loss': 13.66991138458252, 'emd_loss': 24.72066879272461, 'total_loss': 24.72066879272461}
2024-11-20 14:04:12,787 INFO =====> Param: E: [250000.], nu: [0.12230863], rho: [1200.], sand_angle: [15.250571]
2024-11-20 14:04:12,787 INFO =====> Grad: [ 1.4563502e-02  1.6806857e+04  4.4445982e+00 -1.3210309e+03]
2024-11-20 14:04:12,787 INFO =====> Num. aborted data so far: 0
2024-11-20 14:04:13,374 INFO ===> New TaichiEnv created.
2024-11-20 14:04:13,374 INFO ===> Specifications: horizon = 311, dt = 0.01, n_substeps = 20, dt_sub = 0.0005
2024-11-20 14:04:13,401 DEBUG loaded <trimesh.Trimesh(vertices.shape=(916, 3), faces.shape=(856, 3))> using `load_obj` in 0.0029s
2024-11-20 14:04:13,553 DEBUG loaded <trimesh.Trimesh(vertices.shape=(48, 3), faces.shape=(28, 3))> using `load_obj` in 0.0007s
2024-11-20 14:04:40,618 INFO =====> Epoch: 1
2024-11-20 14:04:40,618 INFO =====> Loss info: {'particle_has_naninf': False, 'height_map_loss': 13.670093536376953, 'emd_loss': 24.720319747924805, 'total_loss': 24.720319747924805}
2024-11-20 14:04:40,618 INFO =====> Performing line search for epoch 1......
2024-11-20 14:04:41,233 INFO ===> New TaichiEnv created.
2024-11-20 14:04:41,233 INFO ===> Specifications: horizon = 311, dt = 0.01, n_substeps = 20, dt_sub = 0.0005
2024-11-20 14:04:41,257 DEBUG loaded <trimesh.Trimesh(vertices.shape=(916, 3), faces.shape=(856, 3))> using `load_obj` in 0.0029s
2024-11-20 14:04:41,407 DEBUG loaded <trimesh.Trimesh(vertices.shape=(48, 3), faces.shape=(28, 3))> using `load_obj` in 0.0007s
2024-11-20 14:04:50,972 INFO =====> alpha: 0.01
2024-11-20 14:04:50,972 INFO =====> Loss info: {'particle_has_naninf': False, 'height_map_loss': 13.669794082641602, 'emd_loss': 24.732704162597656, 'total_loss': 24.732704162597656}
2024-11-20 14:04:51,562 INFO ===> New TaichiEnv created.
2024-11-20 14:04:51,562 INFO ===> Specifications: horizon = 311, dt = 0.01, n_substeps = 20, dt_sub = 0.0005
2024-11-20 14:04:51,585 DEBUG loaded <trimesh.Trimesh(vertices.shape=(916, 3), faces.shape=(856, 3))> using `load_obj` in 0.0030s
2024-11-20 14:04:51,731 DEBUG loaded <trimesh.Trimesh(vertices.shape=(48, 3), faces.shape=(28, 3))> using `load_obj` in 0.0007s
2024-11-20 14:05:01,285 INFO =====> alpha: 0.1
2024-11-20 14:05:01,286 INFO =====> Loss info: {'particle_has_naninf': False, 'height_map_loss': 13.669157028198242, 'emd_loss': 24.71539306640625, 'total_loss': 24.71539306640625}
2024-11-20 14:05:01,869 INFO ===> New TaichiEnv created.
2024-11-20 14:05:01,869 INFO ===> Specifications: horizon = 311, dt = 0.01, n_substeps = 20, dt_sub = 0.0005
2024-11-20 14:05:01,892 DEBUG loaded <trimesh.Trimesh(vertices.shape=(916, 3), faces.shape=(856, 3))> using `load_obj` in 0.0029s
2024-11-20 14:05:02,038 DEBUG loaded <trimesh.Trimesh(vertices.shape=(48, 3), faces.shape=(28, 3))> using `load_obj` in 0.0007s
2024-11-20 14:05:11,039 INFO =====> alpha: 0.5
2024-11-20 14:05:11,039 INFO =====> Loss info: {'particle_has_naninf': False, 'height_map_loss': 13.651754379272461, 'emd_loss': 24.612642288208008, 'total_loss': 24.612642288208008}
2024-11-20 14:05:11,624 INFO ===> New TaichiEnv created.
2024-11-20 14:05:11,625 INFO ===> Specifications: horizon = 311, dt = 0.01, n_substeps = 20, dt_sub = 0.0005
2024-11-20 14:05:11,648 DEBUG loaded <trimesh.Trimesh(vertices.shape=(916, 3), faces.shape=(856, 3))> using `load_obj` in 0.0030s
2024-11-20 14:05:11,795 DEBUG loaded <trimesh.Trimesh(vertices.shape=(48, 3), faces.shape=(28, 3))> using `load_obj` in 0.0007s
2024-11-20 14:05:21,386 INFO =====> alpha: 1.0
2024-11-20 14:05:21,386 INFO =====> Loss info: {'particle_has_naninf': False, 'height_map_loss': 13.606612205505371, 'emd_loss': 24.546934127807617, 'total_loss': 24.546934127807617}
2024-11-20 14:05:21,964 INFO ===> New TaichiEnv created.
2024-11-20 14:05:21,964 INFO ===> Specifications: horizon = 311, dt = 0.01, n_substeps = 20, dt_sub = 0.0005
2024-11-20 14:05:21,987 DEBUG loaded <trimesh.Trimesh(vertices.shape=(916, 3), faces.shape=(856, 3))> using `load_obj` in 0.0029s
2024-11-20 14:05:22,133 DEBUG loaded <trimesh.Trimesh(vertices.shape=(48, 3), faces.shape=(28, 3))> using `load_obj` in 0.0007s
2024-11-20 14:05:31,177 INFO =====> alpha: 1.01
2024-11-20 14:05:31,177 INFO =====> Loss info: {'particle_has_naninf': False, 'height_map_loss': 13.606207847595215, 'emd_loss': 24.536935806274414, 'total_loss': 24.536935806274414}
2024-11-20 14:05:31,804 INFO ===> New TaichiEnv created.
2024-11-20 14:05:31,804 INFO ===> Specifications: horizon = 311, dt = 0.01, n_substeps = 20, dt_sub = 0.0005
2024-11-20 14:05:31,827 DEBUG loaded <trimesh.Trimesh(vertices.shape=(916, 3), faces.shape=(856, 3))> using `load_obj` in 0.0030s
2024-11-20 14:05:31,974 DEBUG loaded <trimesh.Trimesh(vertices.shape=(48, 3), faces.shape=(28, 3))> using `load_obj` in 0.0007s
2024-11-20 14:05:41,622 INFO =====> alpha: 1.1
2024-11-20 14:05:41,622 INFO =====> Loss info: {'particle_has_naninf': False, 'height_map_loss': 13.59927749633789, 'emd_loss': 24.520654678344727, 'total_loss': 24.520654678344727}
2024-11-20 14:05:42,200 INFO ===> New TaichiEnv created.
2024-11-20 14:05:42,200 INFO ===> Specifications: horizon = 311, dt = 0.01, n_substeps = 20, dt_sub = 0.0005
2024-11-20 14:05:42,224 DEBUG loaded <trimesh.Trimesh(vertices.shape=(916, 3), faces.shape=(856, 3))> using `load_obj` in 0.0029s
2024-11-20 14:05:42,369 DEBUG loaded <trimesh.Trimesh(vertices.shape=(48, 3), faces.shape=(28, 3))> using `load_obj` in 0.0007s
2024-11-20 14:05:51,348 INFO =====> alpha: 1.5
2024-11-20 14:05:51,348 INFO =====> Loss info: {'particle_has_naninf': False, 'height_map_loss': 13.58182430267334, 'emd_loss': 24.530893325805664, 'total_loss': 24.530893325805664}
2024-11-20 14:05:51,349 INFO =====> Best alpha: 1.5, Best loss info: {'particle_has_naninf': False, 'height_map_loss': 13.58182430267334, 'emd_loss': 24.530893325805664, 'total_loss': 24.530893325805664}
2024-11-20 14:05:51,349 INFO =====> Param: E: [270366.38], nu: [0.12743415], rho: [1200.], sand_angle: [15.022845]
2024-11-20 14:05:51,349 INFO =====> Grad: [-3.0375142e-03 -1.7330260e+03  2.6897802e+01  6.0236191e+01]
2024-11-20 14:05:51,349 INFO =====> Num. aborted data so far: 0
2024-11-20 14:05:51,930 INFO ===> New TaichiEnv created.
2024-11-20 14:05:51,930 INFO ===> Specifications: horizon = 311, dt = 0.01, n_substeps = 20, dt_sub = 0.0005
2024-11-20 14:05:51,954 DEBUG loaded <trimesh.Trimesh(vertices.shape=(916, 3), faces.shape=(856, 3))> using `load_obj` in 0.0029s
2024-11-20 14:05:52,099 DEBUG loaded <trimesh.Trimesh(vertices.shape=(48, 3), faces.shape=(28, 3))> using `load_obj` in 0.0007s
2024-11-20 14:06:19,736 INFO =====> Epoch: 2
2024-11-20 14:06:19,736 INFO =====> Loss info: {'particle_has_naninf': False, 'height_map_loss': 13.581687927246094, 'emd_loss': 24.53273582458496, 'total_loss': 24.53273582458496}
2024-11-20 14:06:19,736 INFO =====> Performing line search for epoch 2......
2024-11-20 14:06:20,337 INFO ===> New TaichiEnv created.
2024-11-20 14:06:20,337 INFO ===> Specifications: horizon = 311, dt = 0.01, n_substeps = 20, dt_sub = 0.0005
2024-11-20 14:06:20,363 DEBUG loaded <trimesh.Trimesh(vertices.shape=(916, 3), faces.shape=(856, 3))> using `load_obj` in 0.0030s
2024-11-20 14:06:20,510 DEBUG loaded <trimesh.Trimesh(vertices.shape=(48, 3), faces.shape=(28, 3))> using `load_obj` in 0.0007s
2024-11-20 14:06:30,119 INFO =====> alpha: 0.01
2024-11-20 14:06:30,119 INFO =====> Loss info: {'particle_has_naninf': False, 'height_map_loss': 13.5980863571167, 'emd_loss': 24.533531188964844, 'total_loss': 24.533531188964844}
2024-11-20 14:06:30,697 INFO ===> New TaichiEnv created.
2024-11-20 14:06:30,697 INFO ===> Specifications: horizon = 311, dt = 0.01, n_substeps = 20, dt_sub = 0.0005
2024-11-20 14:06:30,720 DEBUG loaded <trimesh.Trimesh(vertices.shape=(916, 3), faces.shape=(856, 3))> using `load_obj` in 0.0029s
2024-11-20 14:06:30,869 DEBUG loaded <trimesh.Trimesh(vertices.shape=(48, 3), faces.shape=(28, 3))> using `load_obj` in 0.0007s
2024-11-20 14:06:39,865 INFO =====> alpha: 0.1
2024-11-20 14:06:39,865 INFO =====> Loss info: {'particle_has_naninf': False, 'height_map_loss': 13.603964805603027, 'emd_loss': 24.554218292236328, 'total_loss': 24.554218292236328}
2024-11-20 14:06:40,570 INFO ===> New TaichiEnv created.
2024-11-20 14:06:40,570 INFO ===> Specifications: horizon = 311, dt = 0.01, n_substeps = 20, dt_sub = 0.0005
2024-11-20 14:06:40,593 DEBUG loaded <trimesh.Trimesh(vertices.shape=(916, 3), faces.shape=(856, 3))> using `load_obj` in 0.0031s
2024-11-20 14:06:40,748 DEBUG loaded <trimesh.Trimesh(vertices.shape=(48, 3), faces.shape=(28, 3))> using `load_obj` in 0.0007s
2024-11-20 14:06:50,389 INFO =====> alpha: 0.5
2024-11-20 14:06:50,390 INFO =====> Loss info: {'particle_has_naninf': False, 'height_map_loss': 13.682816505432129, 'emd_loss': 24.663616180419922, 'total_loss': 24.663616180419922}
2024-11-20 14:06:51,041 INFO ===> New TaichiEnv created.
2024-11-20 14:06:51,041 INFO ===> Specifications: horizon = 311, dt = 0.01, n_substeps = 20, dt_sub = 0.0005
2024-11-20 14:06:51,065 DEBUG loaded <trimesh.Trimesh(vertices.shape=(916, 3), faces.shape=(856, 3))> using `load_obj` in 0.0030s
2024-11-20 14:06:51,211 DEBUG loaded <trimesh.Trimesh(vertices.shape=(48, 3), faces.shape=(28, 3))> using `load_obj` in 0.0007s
2024-11-20 14:07:00,205 INFO =====> alpha: 1.0
2024-11-20 14:07:00,205 INFO =====> Loss info: {'particle_has_naninf': False, 'height_map_loss': 13.707589149475098, 'emd_loss': 24.822711944580078, 'total_loss': 24.822711944580078}
2024-11-20 14:07:00,794 INFO ===> New TaichiEnv created.
2024-11-20 14:07:00,794 INFO ===> Specifications: horizon = 311, dt = 0.01, n_substeps = 20, dt_sub = 0.0005
2024-11-20 14:07:00,817 DEBUG loaded <trimesh.Trimesh(vertices.shape=(916, 3), faces.shape=(856, 3))> using `load_obj` in 0.0029s
2024-11-20 14:07:00,963 DEBUG loaded <trimesh.Trimesh(vertices.shape=(48, 3), faces.shape=(28, 3))> using `load_obj` in 0.0007s
2024-11-20 14:07:10,647 INFO =====> alpha: 1.01
2024-11-20 14:07:10,647 INFO =====> Loss info: {'particle_has_naninf': False, 'height_map_loss': 13.707928657531738, 'emd_loss': 24.829269409179688, 'total_loss': 24.829269409179688}
2024-11-20 14:07:11,231 INFO ===> New TaichiEnv created.
2024-11-20 14:07:11,231 INFO ===> Specifications: horizon = 311, dt = 0.01, n_substeps = 20, dt_sub = 0.0005
2024-11-20 14:07:11,254 DEBUG loaded <trimesh.Trimesh(vertices.shape=(916, 3), faces.shape=(856, 3))> using `load_obj` in 0.0029s
2024-11-20 14:07:11,399 DEBUG loaded <trimesh.Trimesh(vertices.shape=(48, 3), faces.shape=(28, 3))> using `load_obj` in 0.0007s
2024-11-20 14:07:20,413 INFO =====> alpha: 1.1
2024-11-20 14:07:20,413 INFO =====> Loss info: {'particle_has_naninf': False, 'height_map_loss': 13.705355644226074, 'emd_loss': 24.83646583557129, 'total_loss': 24.83646583557129}
2024-11-20 14:07:20,988 INFO ===> New TaichiEnv created.
2024-11-20 14:07:20,988 INFO ===> Specifications: horizon = 311, dt = 0.01, n_substeps = 20, dt_sub = 0.0005
2024-11-20 14:07:21,011 DEBUG loaded <trimesh.Trimesh(vertices.shape=(916, 3), faces.shape=(856, 3))> using `load_obj` in 0.0029s
2024-11-20 14:07:21,156 DEBUG loaded <trimesh.Trimesh(vertices.shape=(48, 3), faces.shape=(28, 3))> using `load_obj` in 0.0007s
2024-11-20 14:07:30,755 INFO =====> alpha: 1.5
2024-11-20 14:07:30,755 INFO =====> Loss info: {'particle_has_naninf': False, 'height_map_loss': 13.73085880279541, 'emd_loss': 24.722883224487305, 'total_loss': 24.722883224487305}
2024-11-20 14:07:30,756 INFO =====> Best alpha: 0.01, Best loss info: {'particle_has_naninf': False, 'height_map_loss': 13.5980863571167, 'emd_loss': 24.533531188964844, 'total_loss': 24.533531188964844}
2024-11-20 14:07:30,756 INFO =====> Param: E: [269816.28], nu: [0.12717399], rho: [1200.], sand_angle: [15.021706]
2024-11-20 14:07:30,756 INFO =====> Grad: [2.3661479e-02 2.2020578e+04 5.1323284e+01 4.2929989e+01]
2024-11-20 14:07:30,756 INFO =====> Num. aborted data so far: 0
2024-11-20 14:07:31,336 INFO ===> New TaichiEnv created.
2024-11-20 14:07:31,336 INFO ===> Specifications: horizon = 311, dt = 0.01, n_substeps = 20, dt_sub = 0.0005
2024-11-20 14:07:31,363 DEBUG loaded <trimesh.Trimesh(vertices.shape=(916, 3), faces.shape=(856, 3))> using `load_obj` in 0.0029s
2024-11-20 14:07:31,512 DEBUG loaded <trimesh.Trimesh(vertices.shape=(48, 3), faces.shape=(28, 3))> using `load_obj` in 0.0007s
2024-11-20 14:07:59,132 INFO =====> Epoch: 3
2024-11-20 14:07:59,132 INFO =====> Loss info: {'particle_has_naninf': False, 'height_map_loss': 13.597681999206543, 'emd_loss': 24.53157615661621, 'total_loss': 24.53157615661621}
2024-11-20 14:07:59,133 INFO =====> Performing line search for epoch 3......
2024-11-20 14:07:59,739 INFO ===> New TaichiEnv created.
2024-11-20 14:07:59,739 INFO ===> Specifications: horizon = 311, dt = 0.01, n_substeps = 20, dt_sub = 0.0005
2024-11-20 14:07:59,763 DEBUG loaded <trimesh.Trimesh(vertices.shape=(916, 3), faces.shape=(856, 3))> using `load_obj` in 0.0030s
2024-11-20 14:07:59,910 DEBUG loaded <trimesh.Trimesh(vertices.shape=(48, 3), faces.shape=(28, 3))> using `load_obj` in 0.0007s
2024-11-20 14:08:08,865 INFO =====> alpha: 0.01
2024-11-20 14:08:08,865 INFO =====> Loss info: {'particle_has_naninf': False, 'height_map_loss': 13.606949806213379, 'emd_loss': 24.523983001708984, 'total_loss': 24.523983001708984}
2024-11-20 14:08:09,450 INFO ===> New TaichiEnv created.
2024-11-20 14:08:09,450 INFO ===> Specifications: horizon = 311, dt = 0.01, n_substeps = 20, dt_sub = 0.0005
2024-11-20 14:08:09,473 DEBUG loaded <trimesh.Trimesh(vertices.shape=(916, 3), faces.shape=(856, 3))> using `load_obj` in 0.0030s
2024-11-20 14:08:09,620 DEBUG loaded <trimesh.Trimesh(vertices.shape=(48, 3), faces.shape=(28, 3))> using `load_obj` in 0.0007s
2024-11-20 14:08:19,240 INFO =====> alpha: 0.1
2024-11-20 14:08:19,241 INFO =====> Loss info: {'particle_has_naninf': False, 'height_map_loss': 13.572712898254395, 'emd_loss': 24.65896987915039, 'total_loss': 24.65896987915039}
2024-11-20 14:08:19,826 INFO ===> New TaichiEnv created.
2024-11-20 14:08:19,826 INFO ===> Specifications: horizon = 311, dt = 0.01, n_substeps = 20, dt_sub = 0.0005
2024-11-20 14:08:19,849 DEBUG loaded <trimesh.Trimesh(vertices.shape=(916, 3), faces.shape=(856, 3))> using `load_obj` in 0.0029s
2024-11-20 14:08:19,994 DEBUG loaded <trimesh.Trimesh(vertices.shape=(48, 3), faces.shape=(28, 3))> using `load_obj` in 0.0007s
2024-11-20 14:08:29,000 INFO =====> alpha: 0.5
2024-11-20 14:08:29,000 INFO =====> Loss info: {'particle_has_naninf': False, 'height_map_loss': 13.536684036254883, 'emd_loss': 24.624849319458008, 'total_loss': 24.624849319458008}
2024-11-20 14:08:29,584 INFO ===> New TaichiEnv created.
2024-11-20 14:08:29,584 INFO ===> Specifications: horizon = 311, dt = 0.01, n_substeps = 20, dt_sub = 0.0005
2024-11-20 14:08:29,607 DEBUG loaded <trimesh.Trimesh(vertices.shape=(916, 3), faces.shape=(856, 3))> using `load_obj` in 0.0030s
2024-11-20 14:08:29,754 DEBUG loaded <trimesh.Trimesh(vertices.shape=(48, 3), faces.shape=(28, 3))> using `load_obj` in 0.0007s
2024-11-20 14:08:39,316 INFO =====> alpha: 1.0
2024-11-20 14:08:39,316 INFO =====> Loss info: {'particle_has_naninf': False, 'height_map_loss': 13.548389434814453, 'emd_loss': 23.686466217041016, 'total_loss': 23.686466217041016}
2024-11-20 14:08:39,897 INFO ===> New TaichiEnv created.
2024-11-20 14:08:39,897 INFO ===> Specifications: horizon = 311, dt = 0.01, n_substeps = 20, dt_sub = 0.0005
2024-11-20 14:08:39,920 DEBUG loaded <trimesh.Trimesh(vertices.shape=(916, 3), faces.shape=(856, 3))> using `load_obj` in 0.0029s
2024-11-20 14:08:40,065 DEBUG loaded <trimesh.Trimesh(vertices.shape=(48, 3), faces.shape=(28, 3))> using `load_obj` in 0.0007s
2024-11-20 14:08:48,989 INFO =====> alpha: 1.01
2024-11-20 14:08:48,989 INFO =====> Loss info: {'particle_has_naninf': False, 'height_map_loss': 13.540388107299805, 'emd_loss': 23.648744583129883, 'total_loss': 23.648744583129883}
2024-11-20 14:08:49,614 INFO ===> New TaichiEnv created.
2024-11-20 14:08:49,614 INFO ===> Specifications: horizon = 311, dt = 0.01, n_substeps = 20, dt_sub = 0.0005
2024-11-20 14:08:49,637 DEBUG loaded <trimesh.Trimesh(vertices.shape=(916, 3), faces.shape=(856, 3))> using `load_obj` in 0.0029s
2024-11-20 14:08:49,784 DEBUG loaded <trimesh.Trimesh(vertices.shape=(48, 3), faces.shape=(28, 3))> using `load_obj` in 0.0007s
2024-11-20 14:08:59,334 INFO =====> alpha: 1.1
2024-11-20 14:08:59,334 INFO =====> Loss info: {'particle_has_naninf': False, 'height_map_loss': 13.550582885742188, 'emd_loss': 23.6445369720459, 'total_loss': 23.6445369720459}
2024-11-20 14:08:59,918 INFO ===> New TaichiEnv created.
2024-11-20 14:08:59,918 INFO ===> Specifications: horizon = 311, dt = 0.01, n_substeps = 20, dt_sub = 0.0005
2024-11-20 14:08:59,941 DEBUG loaded <trimesh.Trimesh(vertices.shape=(916, 3), faces.shape=(856, 3))> using `load_obj` in 0.0029s
2024-11-20 14:09:00,089 DEBUG loaded <trimesh.Trimesh(vertices.shape=(48, 3), faces.shape=(28, 3))> using `load_obj` in 0.0007s
2024-11-20 14:09:09,110 INFO =====> alpha: 1.5
2024-11-20 14:09:09,110 INFO =====> Loss info: {'particle_has_naninf': False, 'height_map_loss': 13.553915023803711, 'emd_loss': 23.733379364013672, 'total_loss': 23.733379364013672}
2024-11-20 14:09:09,111 INFO =====> Best alpha: 0.5, Best loss info: {'particle_has_naninf': False, 'height_map_loss': 13.536684036254883, 'emd_loss': 24.624849319458008, 'total_loss': 24.624849319458008}
2024-11-20 14:09:09,111 INFO =====> Param: E: [285378.97], nu: [0.13510925], rho: [1200.], sand_angle: [16.235569]
2024-11-20 14:09:09,111 INFO =====> Grad: [-1.4590023e-02 -1.4733498e+04  2.2663689e+00 -1.3537646e+03]
2024-11-20 14:09:09,111 INFO =====> Num. aborted data so far: 0
2024-11-20 14:09:09,699 INFO ===> New TaichiEnv created.
2024-11-20 14:09:09,699 INFO ===> Specifications: horizon = 311, dt = 0.01, n_substeps = 20, dt_sub = 0.0005
2024-11-20 14:09:09,725 DEBUG loaded <trimesh.Trimesh(vertices.shape=(916, 3), faces.shape=(856, 3))> using `load_obj` in 0.0030s
2024-11-20 14:09:09,872 DEBUG loaded <trimesh.Trimesh(vertices.shape=(48, 3), faces.shape=(28, 3))> using `load_obj` in 0.0007s
2024-11-20 14:09:37,506 INFO =====> Epoch: 4
2024-11-20 14:09:37,506 INFO =====> Loss info: {'particle_has_naninf': False, 'height_map_loss': 13.538366317749023, 'emd_loss': 24.61281394958496, 'total_loss': 24.61281394958496}
2024-11-20 14:09:37,506 INFO =====> Performing line search for epoch 4......
2024-11-20 14:09:38,115 INFO ===> New TaichiEnv created.
2024-11-20 14:09:38,115 INFO ===> Specifications: horizon = 311, dt = 0.01, n_substeps = 20, dt_sub = 0.0005
2024-11-20 14:09:38,139 DEBUG loaded <trimesh.Trimesh(vertices.shape=(916, 3), faces.shape=(856, 3))> using `load_obj` in 0.0030s
2024-11-20 14:09:38,286 DEBUG loaded <trimesh.Trimesh(vertices.shape=(48, 3), faces.shape=(28, 3))> using `load_obj` in 0.0007s
2024-11-20 14:09:47,913 INFO =====> alpha: 0.01
2024-11-20 14:09:47,913 INFO =====> Loss info: {'particle_has_naninf': False, 'height_map_loss': 13.539865493774414, 'emd_loss': 24.613187789916992, 'total_loss': 24.613187789916992}
2024-11-20 14:09:48,499 INFO ===> New TaichiEnv created.
2024-11-20 14:09:48,499 INFO ===> Specifications: horizon = 311, dt = 0.01, n_substeps = 20, dt_sub = 0.0005
2024-11-20 14:09:48,522 DEBUG loaded <trimesh.Trimesh(vertices.shape=(916, 3), faces.shape=(856, 3))> using `load_obj` in 0.0029s
2024-11-20 14:09:48,668 DEBUG loaded <trimesh.Trimesh(vertices.shape=(48, 3), faces.shape=(28, 3))> using `load_obj` in 0.0007s
2024-11-20 14:09:57,693 INFO =====> alpha: 0.1
2024-11-20 14:09:57,694 INFO =====> Loss info: {'particle_has_naninf': False, 'height_map_loss': 13.527670860290527, 'emd_loss': 24.642528533935547, 'total_loss': 24.642528533935547}
2024-11-20 14:09:58,276 INFO ===> New TaichiEnv created.
2024-11-20 14:09:58,277 INFO ===> Specifications: horizon = 311, dt = 0.01, n_substeps = 20, dt_sub = 0.0005
2024-11-20 14:09:58,300 DEBUG loaded <trimesh.Trimesh(vertices.shape=(916, 3), faces.shape=(856, 3))> using `load_obj` in 0.0030s
2024-11-20 14:09:58,445 DEBUG loaded <trimesh.Trimesh(vertices.shape=(48, 3), faces.shape=(28, 3))> using `load_obj` in 0.0007s
2024-11-20 14:10:08,114 INFO =====> alpha: 0.5
2024-11-20 14:10:08,114 INFO =====> Loss info: {'particle_has_naninf': False, 'height_map_loss': 13.607559204101562, 'emd_loss': 24.71364402770996, 'total_loss': 24.71364402770996}
2024-11-20 14:10:08,696 INFO ===> New TaichiEnv created.
2024-11-20 14:10:08,696 INFO ===> Specifications: horizon = 311, dt = 0.01, n_substeps = 20, dt_sub = 0.0005
2024-11-20 14:10:08,719 DEBUG loaded <trimesh.Trimesh(vertices.shape=(916, 3), faces.shape=(856, 3))> using `load_obj` in 0.0030s
2024-11-20 14:10:08,866 DEBUG loaded <trimesh.Trimesh(vertices.shape=(48, 3), faces.shape=(28, 3))> using `load_obj` in 0.0007s
2024-11-20 14:10:17,920 INFO =====> alpha: 1.0
2024-11-20 14:10:17,920 INFO =====> Loss info: {'particle_has_naninf': False, 'height_map_loss': 13.706228256225586, 'emd_loss': 24.74842643737793, 'total_loss': 24.74842643737793}
2024-11-20 14:10:18,501 INFO ===> New TaichiEnv created.
2024-11-20 14:10:18,501 INFO ===> Specifications: horizon = 311, dt = 0.01, n_substeps = 20, dt_sub = 0.0005
2024-11-20 14:10:18,524 DEBUG loaded <trimesh.Trimesh(vertices.shape=(916, 3), faces.shape=(856, 3))> using `load_obj` in 0.0030s
2024-11-20 14:10:18,670 DEBUG loaded <trimesh.Trimesh(vertices.shape=(48, 3), faces.shape=(28, 3))> using `load_obj` in 0.0007s
2024-11-20 14:10:28,388 INFO =====> alpha: 1.01
2024-11-20 14:10:28,388 INFO =====> Loss info: {'particle_has_naninf': False, 'height_map_loss': 13.707894325256348, 'emd_loss': 24.841842651367188, 'total_loss': 24.841842651367188}
2024-11-20 14:10:28,967 INFO ===> New TaichiEnv created.
2024-11-20 14:10:28,967 INFO ===> Specifications: horizon = 311, dt = 0.01, n_substeps = 20, dt_sub = 0.0005
2024-11-20 14:10:28,991 DEBUG loaded <trimesh.Trimesh(vertices.shape=(916, 3), faces.shape=(856, 3))> using `load_obj` in 0.0029s
2024-11-20 14:10:29,137 DEBUG loaded <trimesh.Trimesh(vertices.shape=(48, 3), faces.shape=(28, 3))> using `load_obj` in 0.0007s
2024-11-20 14:10:38,051 INFO =====> alpha: 1.1
2024-11-20 14:10:38,051 INFO =====> Loss info: {'particle_has_naninf': False, 'height_map_loss': 13.698577880859375, 'emd_loss': 24.889982223510742, 'total_loss': 24.889982223510742}
2024-11-20 14:10:38,632 INFO ===> New TaichiEnv created.
2024-11-20 14:10:38,632 INFO ===> Specifications: horizon = 311, dt = 0.01, n_substeps = 20, dt_sub = 0.0005
2024-11-20 14:10:38,655 DEBUG loaded <trimesh.Trimesh(vertices.shape=(916, 3), faces.shape=(856, 3))> using `load_obj` in 0.0029s
2024-11-20 14:10:38,801 DEBUG loaded <trimesh.Trimesh(vertices.shape=(48, 3), faces.shape=(28, 3))> using `load_obj` in 0.0007s
2024-11-20 14:10:48,383 INFO =====> alpha: 1.5
2024-11-20 14:10:48,383 INFO =====> Loss info: {'particle_has_naninf': False, 'height_map_loss': 13.826157569885254, 'emd_loss': 24.439247131347656, 'total_loss': 24.439247131347656}
2024-11-20 14:10:48,384 INFO =====> Best alpha: 0.1, Best loss info: {'particle_has_naninf': False, 'height_map_loss': 13.527670860290527, 'emd_loss': 24.642528533935547, 'total_loss': 24.642528533935547}
2024-11-20 14:10:48,384 INFO =====> Param: E: [281191.], nu: [0.13328174], rho: [1200.], sand_angle: [16.079401]
2024-11-20 14:10:48,384 INFO =====> Grad: [2.4853343e-02 1.9722018e+04 2.9944178e+01 9.5008038e+02]
2024-11-20 14:10:48,384 INFO =====> Num. aborted data so far: 0
2024-11-20 14:10:48,963 INFO ===> New TaichiEnv created.
2024-11-20 14:10:48,964 INFO ===> Specifications: horizon = 311, dt = 0.01, n_substeps = 20, dt_sub = 0.0005
2024-11-20 14:10:48,987 DEBUG loaded <trimesh.Trimesh(vertices.shape=(916, 3), faces.shape=(856, 3))> using `load_obj` in 0.0029s
2024-11-20 14:10:49,132 DEBUG loaded <trimesh.Trimesh(vertices.shape=(48, 3), faces.shape=(28, 3))> using `load_obj` in 0.0007s
2024-11-20 14:11:16,806 INFO =====> Epoch: 5
2024-11-20 14:11:16,806 INFO =====> Loss info: {'particle_has_naninf': False, 'height_map_loss': 13.528149604797363, 'emd_loss': 24.642234802246094, 'total_loss': 24.642234802246094}
2024-11-20 14:11:16,806 INFO =====> Performing line search for epoch 5......
2024-11-20 14:11:17,417 INFO ===> New TaichiEnv created.
2024-11-20 14:11:17,417 INFO ===> Specifications: horizon = 311, dt = 0.01, n_substeps = 20, dt_sub = 0.0005
2024-11-20 14:11:17,439 DEBUG loaded <trimesh.Trimesh(vertices.shape=(916, 3), faces.shape=(856, 3))> using `load_obj` in 0.0028s
2024-11-20 14:11:17,585 DEBUG loaded <trimesh.Trimesh(vertices.shape=(48, 3), faces.shape=(28, 3))> using `load_obj` in 0.0007s
2024-11-20 14:11:26,565 INFO =====> alpha: 0.01
2024-11-20 14:11:26,565 INFO =====> Loss info: {'particle_has_naninf': False, 'height_map_loss': 13.529008865356445, 'emd_loss': 24.62034034729004, 'total_loss': 24.62034034729004}
2024-11-20 14:11:27,147 INFO ===> New TaichiEnv created.
2024-11-20 14:11:27,148 INFO ===> Specifications: horizon = 311, dt = 0.01, n_substeps = 20, dt_sub = 0.0005
2024-11-20 14:11:27,171 DEBUG loaded <trimesh.Trimesh(vertices.shape=(916, 3), faces.shape=(856, 3))> using `load_obj` in 0.0031s
2024-11-20 14:11:27,317 DEBUG loaded <trimesh.Trimesh(vertices.shape=(48, 3), faces.shape=(28, 3))> using `load_obj` in 0.0007s
2024-11-20 14:11:36,985 INFO =====> alpha: 0.1
2024-11-20 14:11:36,985 INFO =====> Loss info: {'particle_has_naninf': False, 'height_map_loss': 13.532155990600586, 'emd_loss': 24.64154815673828, 'total_loss': 24.64154815673828}
2024-11-20 14:11:37,576 INFO ===> New TaichiEnv created.
2024-11-20 14:11:37,576 INFO ===> Specifications: horizon = 311, dt = 0.01, n_substeps = 20, dt_sub = 0.0005
2024-11-20 14:11:37,599 DEBUG loaded <trimesh.Trimesh(vertices.shape=(916, 3), faces.shape=(856, 3))> using `load_obj` in 0.0029s
2024-11-20 14:11:37,746 DEBUG loaded <trimesh.Trimesh(vertices.shape=(48, 3), faces.shape=(28, 3))> using `load_obj` in 0.0007s
2024-11-20 14:11:46,772 INFO =====> alpha: 0.5
2024-11-20 14:11:46,773 INFO =====> Loss info: {'particle_has_naninf': False, 'height_map_loss': 13.584221839904785, 'emd_loss': 24.63006591796875, 'total_loss': 24.63006591796875}
2024-11-20 14:11:47,355 INFO ===> New TaichiEnv created.
2024-11-20 14:11:47,355 INFO ===> Specifications: horizon = 311, dt = 0.01, n_substeps = 20, dt_sub = 0.0005
2024-11-20 14:11:47,378 DEBUG loaded <trimesh.Trimesh(vertices.shape=(916, 3), faces.shape=(856, 3))> using `load_obj` in 0.0030s
2024-11-20 14:11:47,525 DEBUG loaded <trimesh.Trimesh(vertices.shape=(48, 3), faces.shape=(28, 3))> using `load_obj` in 0.0007s
2024-11-20 14:11:57,122 INFO =====> alpha: 1.0
2024-11-20 14:11:57,122 INFO =====> Loss info: {'particle_has_naninf': False, 'height_map_loss': 13.61105728149414, 'emd_loss': 24.468639373779297, 'total_loss': 24.468639373779297}
2024-11-20 14:11:57,704 INFO ===> New TaichiEnv created.
2024-11-20 14:11:57,704 INFO ===> Specifications: horizon = 311, dt = 0.01, n_substeps = 20, dt_sub = 0.0005
2024-11-20 14:11:57,727 DEBUG loaded <trimesh.Trimesh(vertices.shape=(916, 3), faces.shape=(856, 3))> using `load_obj` in 0.0029s
2024-11-20 14:11:57,873 DEBUG loaded <trimesh.Trimesh(vertices.shape=(48, 3), faces.shape=(28, 3))> using `load_obj` in 0.0007s
2024-11-20 14:12:06,828 INFO =====> alpha: 1.01
2024-11-20 14:12:06,828 INFO =====> Loss info: {'particle_has_naninf': False, 'height_map_loss': 13.607009887695312, 'emd_loss': 24.464839935302734, 'total_loss': 24.464839935302734}
2024-11-20 14:12:07,408 INFO ===> New TaichiEnv created.
2024-11-20 14:12:07,408 INFO ===> Specifications: horizon = 311, dt = 0.01, n_substeps = 20, dt_sub = 0.0005
2024-11-20 14:12:07,431 DEBUG loaded <trimesh.Trimesh(vertices.shape=(916, 3), faces.shape=(856, 3))> using `load_obj` in 0.0029s
2024-11-20 14:12:07,576 DEBUG loaded <trimesh.Trimesh(vertices.shape=(48, 3), faces.shape=(28, 3))> using `load_obj` in 0.0007s
2024-11-20 14:12:17,198 INFO =====> alpha: 1.1
2024-11-20 14:12:17,198 INFO =====> Loss info: {'particle_has_naninf': False, 'height_map_loss': 13.622867584228516, 'emd_loss': 24.431062698364258, 'total_loss': 24.431062698364258}
2024-11-20 14:12:17,864 INFO ===> New TaichiEnv created.
2024-11-20 14:12:17,864 INFO ===> Specifications: horizon = 311, dt = 0.01, n_substeps = 20, dt_sub = 0.0005
2024-11-20 14:12:17,888 DEBUG loaded <trimesh.Trimesh(vertices.shape=(916, 3), faces.shape=(856, 3))> using `load_obj` in 0.0030s
2024-11-20 14:12:18,035 DEBUG loaded <trimesh.Trimesh(vertices.shape=(48, 3), faces.shape=(28, 3))> using `load_obj` in 0.0007s
2024-11-20 14:12:27,009 INFO =====> alpha: 1.5
2024-11-20 14:12:27,009 INFO =====> Loss info: {'particle_has_naninf': False, 'height_map_loss': 13.636390686035156, 'emd_loss': 24.428714752197266, 'total_loss': 24.428714752197266}
2024-11-20 14:12:27,010 INFO =====> Best alpha: 0.01, Best loss info: {'particle_has_naninf': False, 'height_map_loss': 13.529008865356445, 'emd_loss': 24.62034034729004, 'total_loss': 24.62034034729004}
2024-11-20 14:12:27,010 INFO =====> Param: E: [281220.2], nu: [0.13328248], rho: [1201.0536], sand_angle: [16.083004]
2024-11-20 14:12:27,010 INFO =====> Grad: [-1.6452894e-03 -7.6006584e+01 -5.0690212e+01 -2.0927386e+02]
2024-11-20 14:12:27,010 INFO =====> Num. aborted data so far: 0
2024-11-20 14:12:27,599 INFO ===> New TaichiEnv created.
2024-11-20 14:12:27,599 INFO ===> Specifications: horizon = 311, dt = 0.01, n_substeps = 20, dt_sub = 0.0005
2024-11-20 14:12:27,623 DEBUG loaded <trimesh.Trimesh(vertices.shape=(916, 3), faces.shape=(856, 3))> using `load_obj` in 0.0030s
2024-11-20 14:12:27,770 DEBUG loaded <trimesh.Trimesh(vertices.shape=(48, 3), faces.shape=(28, 3))> using `load_obj` in 0.0007s
2024-11-20 14:12:55,473 INFO =====> Epoch: 6
2024-11-20 14:12:55,473 INFO =====> Loss info: {'particle_has_naninf': False, 'height_map_loss': 13.528223037719727, 'emd_loss': 24.62398910522461, 'total_loss': 24.62398910522461}
2024-11-20 14:12:55,473 INFO =====> Performing line search for epoch 6......
2024-11-20 14:12:56,127 INFO ===> New TaichiEnv created.
2024-11-20 14:12:56,127 INFO ===> Specifications: horizon = 311, dt = 0.01, n_substeps = 20, dt_sub = 0.0005
2024-11-20 14:12:56,151 DEBUG loaded <trimesh.Trimesh(vertices.shape=(916, 3), faces.shape=(856, 3))> using `load_obj` in 0.0030s
2024-11-20 14:12:56,299 DEBUG loaded <trimesh.Trimesh(vertices.shape=(48, 3), faces.shape=(28, 3))> using `load_obj` in 0.0007s
2024-11-20 14:13:05,947 INFO =====> alpha: 0.01
2024-11-20 14:13:05,947 INFO =====> Loss info: {'particle_has_naninf': False, 'height_map_loss': 13.51986026763916, 'emd_loss': 24.63324546813965, 'total_loss': 24.63324546813965}
2024-11-20 14:13:06,564 INFO ===> New TaichiEnv created.
2024-11-20 14:13:06,564 INFO ===> Specifications: horizon = 311, dt = 0.01, n_substeps = 20, dt_sub = 0.0005
2024-11-20 14:13:06,587 DEBUG loaded <trimesh.Trimesh(vertices.shape=(916, 3), faces.shape=(856, 3))> using `load_obj` in 0.0029s
2024-11-20 14:13:06,734 DEBUG loaded <trimesh.Trimesh(vertices.shape=(48, 3), faces.shape=(28, 3))> using `load_obj` in 0.0007s
2024-11-20 14:13:15,828 INFO =====> alpha: 0.1
2024-11-20 14:13:15,828 INFO =====> Loss info: {'particle_has_naninf': False, 'height_map_loss': 13.53738021850586, 'emd_loss': 24.54800033569336, 'total_loss': 24.54800033569336}
2024-11-20 14:13:16,414 INFO ===> New TaichiEnv created.
2024-11-20 14:13:16,414 INFO ===> Specifications: horizon = 311, dt = 0.01, n_substeps = 20, dt_sub = 0.0005
2024-11-20 14:13:16,437 DEBUG loaded <trimesh.Trimesh(vertices.shape=(916, 3), faces.shape=(856, 3))> using `load_obj` in 0.0031s
2024-11-20 14:13:16,585 DEBUG loaded <trimesh.Trimesh(vertices.shape=(48, 3), faces.shape=(28, 3))> using `load_obj` in 0.0007s
2024-11-20 14:13:26,222 INFO =====> alpha: 0.5
2024-11-20 14:13:26,222 INFO =====> Loss info: {'particle_has_naninf': False, 'height_map_loss': 13.596149444580078, 'emd_loss': 24.73299789428711, 'total_loss': 24.73299789428711}
2024-11-20 14:13:26,852 INFO ===> New TaichiEnv created.
2024-11-20 14:13:26,852 INFO ===> Specifications: horizon = 311, dt = 0.01, n_substeps = 20, dt_sub = 0.0005
2024-11-20 14:13:26,875 DEBUG loaded <trimesh.Trimesh(vertices.shape=(916, 3), faces.shape=(856, 3))> using `load_obj` in 0.0029s
2024-11-20 14:13:27,022 DEBUG loaded <trimesh.Trimesh(vertices.shape=(48, 3), faces.shape=(28, 3))> using `load_obj` in 0.0007s
2024-11-20 14:13:36,038 INFO =====> alpha: 1.0
2024-11-20 14:13:36,038 INFO =====> Loss info: {'particle_has_naninf': False, 'height_map_loss': 13.595733642578125, 'emd_loss': 24.548067092895508, 'total_loss': 24.548067092895508}
2024-11-20 14:13:36,627 INFO ===> New TaichiEnv created.
2024-11-20 14:13:36,627 INFO ===> Specifications: horizon = 311, dt = 0.01, n_substeps = 20, dt_sub = 0.0005
2024-11-20 14:13:36,651 DEBUG loaded <trimesh.Trimesh(vertices.shape=(916, 3), faces.shape=(856, 3))> using `load_obj` in 0.0031s
2024-11-20 14:13:36,801 DEBUG loaded <trimesh.Trimesh(vertices.shape=(48, 3), faces.shape=(28, 3))> using `load_obj` in 0.0007s
2024-11-20 14:13:46,404 INFO =====> alpha: 1.01
2024-11-20 14:13:46,404 INFO =====> Loss info: {'particle_has_naninf': False, 'height_map_loss': 13.597718238830566, 'emd_loss': 24.557832717895508, 'total_loss': 24.557832717895508}
2024-11-20 14:13:46,991 INFO ===> New TaichiEnv created.
2024-11-20 14:13:46,991 INFO ===> Specifications: horizon = 311, dt = 0.01, n_substeps = 20, dt_sub = 0.0005
2024-11-20 14:13:47,014 DEBUG loaded <trimesh.Trimesh(vertices.shape=(916, 3), faces.shape=(856, 3))> using `load_obj` in 0.0030s
2024-11-20 14:13:47,162 DEBUG loaded <trimesh.Trimesh(vertices.shape=(48, 3), faces.shape=(28, 3))> using `load_obj` in 0.0007s
2024-11-20 14:13:56,086 INFO =====> alpha: 1.1
2024-11-20 14:13:56,087 INFO =====> Loss info: {'particle_has_naninf': False, 'height_map_loss': 13.606478691101074, 'emd_loss': 24.61537742614746, 'total_loss': 24.61537742614746}
2024-11-20 14:13:56,671 INFO ===> New TaichiEnv created.
2024-11-20 14:13:56,671 INFO ===> Specifications: horizon = 311, dt = 0.01, n_substeps = 20, dt_sub = 0.0005
2024-11-20 14:13:56,694 DEBUG loaded <trimesh.Trimesh(vertices.shape=(916, 3), faces.shape=(856, 3))> using `load_obj` in 0.0031s
2024-11-20 14:13:56,841 DEBUG loaded <trimesh.Trimesh(vertices.shape=(48, 3), faces.shape=(28, 3))> using `load_obj` in 0.0007s
2024-11-20 14:14:06,476 INFO =====> alpha: 1.5
2024-11-20 14:14:06,476 INFO =====> Loss info: {'particle_has_naninf': False, 'height_map_loss': 13.641849517822266, 'emd_loss': 24.541732788085938, 'total_loss': 24.541732788085938}
2024-11-20 14:14:06,477 INFO =====> Best alpha: 0.01, Best loss info: {'particle_has_naninf': False, 'height_map_loss': 13.51986026763916, 'emd_loss': 24.63324546813965, 'total_loss': 24.63324546813965}
2024-11-20 14:14:06,477 INFO =====> Param: E: [281083.9], nu: [0.13318767], rho: [1200.4641], sand_angle: [16.072483]
2024-11-20 14:14:06,477 INFO =====> Grad: [7.4614631e-03 9.6540566e+03 2.8996483e+01 6.1480798e+02]
2024-11-20 14:14:06,477 INFO =====> Num. aborted data so far: 0
2024-11-20 14:14:07,065 INFO ===> New TaichiEnv created.
2024-11-20 14:14:07,065 INFO ===> Specifications: horizon = 311, dt = 0.01, n_substeps = 20, dt_sub = 0.0005
2024-11-20 14:14:07,089 DEBUG loaded <trimesh.Trimesh(vertices.shape=(916, 3), faces.shape=(856, 3))> using `load_obj` in 0.0029s
2024-11-20 14:14:07,235 DEBUG loaded <trimesh.Trimesh(vertices.shape=(48, 3), faces.shape=(28, 3))> using `load_obj` in 0.0007s
2024-11-20 14:14:34,312 INFO =====> Epoch: 7
2024-11-20 14:14:34,312 INFO =====> Loss info: {'particle_has_naninf': False, 'height_map_loss': 13.520685195922852, 'emd_loss': 24.639633178710938, 'total_loss': 24.639633178710938}
2024-11-20 14:14:34,313 INFO =====> Performing line search for epoch 7......
2024-11-20 14:14:34,931 INFO ===> New TaichiEnv created.
2024-11-20 14:14:34,931 INFO ===> Specifications: horizon = 311, dt = 0.01, n_substeps = 20, dt_sub = 0.0005
2024-11-20 14:14:34,954 DEBUG loaded <trimesh.Trimesh(vertices.shape=(916, 3), faces.shape=(856, 3))> using `load_obj` in 0.0029s
2024-11-20 14:14:35,101 DEBUG loaded <trimesh.Trimesh(vertices.shape=(48, 3), faces.shape=(28, 3))> using `load_obj` in 0.0007s
2024-11-20 14:14:44,730 INFO =====> alpha: 0.01
2024-11-20 14:14:44,731 INFO =====> Loss info: {'particle_has_naninf': False, 'height_map_loss': 13.528919219970703, 'emd_loss': 24.641931533813477, 'total_loss': 24.641931533813477}
2024-11-20 14:14:45,318 INFO ===> New TaichiEnv created.
2024-11-20 14:14:45,318 INFO ===> Specifications: horizon = 311, dt = 0.01, n_substeps = 20, dt_sub = 0.0005
2024-11-20 14:14:45,341 DEBUG loaded <trimesh.Trimesh(vertices.shape=(916, 3), faces.shape=(856, 3))> using `load_obj` in 0.0030s
2024-11-20 14:14:45,488 DEBUG loaded <trimesh.Trimesh(vertices.shape=(48, 3), faces.shape=(28, 3))> using `load_obj` in 0.0007s
2024-11-20 14:14:55,098 INFO =====> alpha: 0.1
2024-11-20 14:14:55,098 INFO =====> Loss info: {'particle_has_naninf': False, 'height_map_loss': 13.521537780761719, 'emd_loss': 24.638254165649414, 'total_loss': 24.638254165649414}
2024-11-20 14:14:55,678 INFO ===> New TaichiEnv created.
2024-11-20 14:14:55,679 INFO ===> Specifications: horizon = 311, dt = 0.01, n_substeps = 20, dt_sub = 0.0005
2024-11-20 14:14:55,702 DEBUG loaded <trimesh.Trimesh(vertices.shape=(916, 3), faces.shape=(856, 3))> using `load_obj` in 0.0030s
2024-11-20 14:14:55,849 DEBUG loaded <trimesh.Trimesh(vertices.shape=(48, 3), faces.shape=(28, 3))> using `load_obj` in 0.0007s
2024-11-20 14:15:04,919 INFO =====> alpha: 0.5
2024-11-20 14:15:04,919 INFO =====> Loss info: {'particle_has_naninf': False, 'height_map_loss': 13.496442794799805, 'emd_loss': 24.300060272216797, 'total_loss': 24.300060272216797}
2024-11-20 14:15:05,499 INFO ===> New TaichiEnv created.
2024-11-20 14:15:05,499 INFO ===> Specifications: horizon = 311, dt = 0.01, n_substeps = 20, dt_sub = 0.0005
2024-11-20 14:15:05,523 DEBUG loaded <trimesh.Trimesh(vertices.shape=(916, 3), faces.shape=(856, 3))> using `load_obj` in 0.0030s
2024-11-20 14:15:05,670 DEBUG loaded <trimesh.Trimesh(vertices.shape=(48, 3), faces.shape=(28, 3))> using `load_obj` in 0.0007s
2024-11-20 14:15:15,206 INFO =====> alpha: 1.0
2024-11-20 14:15:15,206 INFO =====> Loss info: {'particle_has_naninf': False, 'height_map_loss': 13.517658233642578, 'emd_loss': 24.058692932128906, 'total_loss': 24.058692932128906}
2024-11-20 14:15:15,847 INFO ===> New TaichiEnv created.
2024-11-20 14:15:15,847 INFO ===> Specifications: horizon = 311, dt = 0.01, n_substeps = 20, dt_sub = 0.0005
2024-11-20 14:15:15,870 DEBUG loaded <trimesh.Trimesh(vertices.shape=(916, 3), faces.shape=(856, 3))> using `load_obj` in 0.0030s
2024-11-20 14:15:16,016 DEBUG loaded <trimesh.Trimesh(vertices.shape=(48, 3), faces.shape=(28, 3))> using `load_obj` in 0.0007s
2024-11-20 14:15:24,973 INFO =====> alpha: 1.01
2024-11-20 14:15:24,973 INFO =====> Loss info: {'particle_has_naninf': False, 'height_map_loss': 13.519172668457031, 'emd_loss': 24.054922103881836, 'total_loss': 24.054922103881836}
2024-11-20 14:15:25,559 INFO ===> New TaichiEnv created.
2024-11-20 14:15:25,559 INFO ===> Specifications: horizon = 311, dt = 0.01, n_substeps = 20, dt_sub = 0.0005
2024-11-20 14:15:25,582 DEBUG loaded <trimesh.Trimesh(vertices.shape=(916, 3), faces.shape=(856, 3))> using `load_obj` in 0.0031s
2024-11-20 14:15:25,731 DEBUG loaded <trimesh.Trimesh(vertices.shape=(48, 3), faces.shape=(28, 3))> using `load_obj` in 0.0007s
2024-11-20 14:15:35,432 INFO =====> alpha: 1.1
2024-11-20 14:15:35,432 INFO =====> Loss info: {'particle_has_naninf': False, 'height_map_loss': 13.5171537399292, 'emd_loss': 24.0533504486084, 'total_loss': 24.0533504486084}
2024-11-20 14:15:36,019 INFO ===> New TaichiEnv created.
2024-11-20 14:15:36,019 INFO ===> Specifications: horizon = 311, dt = 0.01, n_substeps = 20, dt_sub = 0.0005
2024-11-20 14:15:36,042 DEBUG loaded <trimesh.Trimesh(vertices.shape=(916, 3), faces.shape=(856, 3))> using `load_obj` in 0.0028s
2024-11-20 14:15:36,189 DEBUG loaded <trimesh.Trimesh(vertices.shape=(48, 3), faces.shape=(28, 3))> using `load_obj` in 0.0007s
2024-11-20 14:15:45,179 INFO =====> alpha: 1.5
2024-11-20 14:15:45,179 INFO =====> Loss info: {'particle_has_naninf': False, 'height_map_loss': 13.520659446716309, 'emd_loss': 23.910249710083008, 'total_loss': 23.910249710083008}
2024-11-20 14:15:45,180 INFO =====> Best alpha: 0.5, Best loss info: {'particle_has_naninf': False, 'height_map_loss': 13.496442794799805, 'emd_loss': 24.300060272216797, 'total_loss': 24.300060272216797}
2024-11-20 14:15:45,180 INFO =====> Param: E: [288836.66], nu: [0.1398395], rho: [1200.], sand_angle: [16.475325]
2024-11-20 14:15:45,180 INFO =====> Grad: [-8.3075948e-03 -1.4163940e+04  6.6212639e+01 -4.6193094e+02]
2024-11-20 14:15:45,180 INFO =====> Num. aborted data so far: 0
2024-11-20 14:15:45,767 INFO ===> New TaichiEnv created.
2024-11-20 14:15:45,767 INFO ===> Specifications: horizon = 311, dt = 0.01, n_substeps = 20, dt_sub = 0.0005
2024-11-20 14:15:45,801 DEBUG loaded <trimesh.Trimesh(vertices.shape=(916, 3), faces.shape=(856, 3))> using `load_obj` in 0.0030s
2024-11-20 14:15:45,947 DEBUG loaded <trimesh.Trimesh(vertices.shape=(48, 3), faces.shape=(28, 3))> using `load_obj` in 0.0007s
2024-11-20 14:16:13,657 INFO =====> Epoch: 8
2024-11-20 14:16:13,657 INFO =====> Loss info: {'particle_has_naninf': False, 'height_map_loss': 13.48177433013916, 'emd_loss': 24.29352569580078, 'total_loss': 24.29352569580078}
2024-11-20 14:16:13,658 INFO =====> Performing line search for epoch 8......
2024-11-20 14:16:14,268 INFO ===> New TaichiEnv created.
2024-11-20 14:16:14,268 INFO ===> Specifications: horizon = 311, dt = 0.01, n_substeps = 20, dt_sub = 0.0005
2024-11-20 14:16:14,291 DEBUG loaded <trimesh.Trimesh(vertices.shape=(916, 3), faces.shape=(856, 3))> using `load_obj` in 0.0029s
2024-11-20 14:16:14,439 DEBUG loaded <trimesh.Trimesh(vertices.shape=(48, 3), faces.shape=(28, 3))> using `load_obj` in 0.0007s
2024-11-20 14:16:23,400 INFO =====> alpha: 0.01
2024-11-20 14:16:23,400 INFO =====> Loss info: {'particle_has_naninf': False, 'height_map_loss': 13.485372543334961, 'emd_loss': 24.295759201049805, 'total_loss': 24.295759201049805}
2024-11-20 14:16:23,987 INFO ===> New TaichiEnv created.
2024-11-20 14:16:23,987 INFO ===> Specifications: horizon = 311, dt = 0.01, n_substeps = 20, dt_sub = 0.0005
2024-11-20 14:16:24,010 DEBUG loaded <trimesh.Trimesh(vertices.shape=(916, 3), faces.shape=(856, 3))> using `load_obj` in 0.0029s
2024-11-20 14:16:24,158 DEBUG loaded <trimesh.Trimesh(vertices.shape=(48, 3), faces.shape=(28, 3))> using `load_obj` in 0.0007s
2024-11-20 14:16:33,819 INFO =====> alpha: 0.1
2024-11-20 14:16:33,819 INFO =====> Loss info: {'particle_has_naninf': False, 'height_map_loss': 13.488350868225098, 'emd_loss': 24.3123722076416, 'total_loss': 24.3123722076416}
2024-11-20 14:16:34,407 INFO ===> New TaichiEnv created.
2024-11-20 14:16:34,408 INFO ===> Specifications: horizon = 311, dt = 0.01, n_substeps = 20, dt_sub = 0.0005
2024-11-20 14:16:34,431 DEBUG loaded <trimesh.Trimesh(vertices.shape=(916, 3), faces.shape=(856, 3))> using `load_obj` in 0.0030s
2024-11-20 14:16:34,578 DEBUG loaded <trimesh.Trimesh(vertices.shape=(48, 3), faces.shape=(28, 3))> using `load_obj` in 0.0007s
2024-11-20 14:16:43,622 INFO =====> alpha: 0.5
2024-11-20 14:16:43,622 INFO =====> Loss info: {'particle_has_naninf': False, 'height_map_loss': 13.509750366210938, 'emd_loss': 24.021852493286133, 'total_loss': 24.021852493286133}
2024-11-20 14:16:44,202 INFO ===> New TaichiEnv created.
2024-11-20 14:16:44,202 INFO ===> Specifications: horizon = 311, dt = 0.01, n_substeps = 20, dt_sub = 0.0005
2024-11-20 14:16:44,226 DEBUG loaded <trimesh.Trimesh(vertices.shape=(916, 3), faces.shape=(856, 3))> using `load_obj` in 0.0030s
2024-11-20 14:16:44,374 DEBUG loaded <trimesh.Trimesh(vertices.shape=(48, 3), faces.shape=(28, 3))> using `load_obj` in 0.0007s
2024-11-20 14:16:53,924 INFO =====> alpha: 1.0
2024-11-20 14:16:53,924 INFO =====> Loss info: {'particle_has_naninf': False, 'height_map_loss': 13.551708221435547, 'emd_loss': 23.857704162597656, 'total_loss': 23.857704162597656}
2024-11-20 14:16:54,514 INFO ===> New TaichiEnv created.
2024-11-20 14:16:54,514 INFO ===> Specifications: horizon = 311, dt = 0.01, n_substeps = 20, dt_sub = 0.0005
2024-11-20 14:16:54,538 DEBUG loaded <trimesh.Trimesh(vertices.shape=(916, 3), faces.shape=(856, 3))> using `load_obj` in 0.0029s
2024-11-20 14:16:54,684 DEBUG loaded <trimesh.Trimesh(vertices.shape=(48, 3), faces.shape=(28, 3))> using `load_obj` in 0.0007s
2024-11-20 14:17:03,614 INFO =====> alpha: 1.01
2024-11-20 14:17:03,614 INFO =====> Loss info: {'particle_has_naninf': False, 'height_map_loss': 13.555368423461914, 'emd_loss': 23.868953704833984, 'total_loss': 23.868953704833984}
2024-11-20 14:17:04,197 INFO ===> New TaichiEnv created.
2024-11-20 14:17:04,197 INFO ===> Specifications: horizon = 311, dt = 0.01, n_substeps = 20, dt_sub = 0.0005
2024-11-20 14:17:04,220 DEBUG loaded <trimesh.Trimesh(vertices.shape=(916, 3), faces.shape=(856, 3))> using `load_obj` in 0.0028s
2024-11-20 14:17:04,366 DEBUG loaded <trimesh.Trimesh(vertices.shape=(48, 3), faces.shape=(28, 3))> using `load_obj` in 0.0007s
2024-11-20 14:17:13,977 INFO =====> alpha: 1.1
2024-11-20 14:17:13,978 INFO =====> Loss info: {'particle_has_naninf': False, 'height_map_loss': 13.556269645690918, 'emd_loss': 23.796968460083008, 'total_loss': 23.796968460083008}
2024-11-20 14:17:14,558 INFO ===> New TaichiEnv created.
2024-11-20 14:17:14,558 INFO ===> Specifications: horizon = 311, dt = 0.01, n_substeps = 20, dt_sub = 0.0005
2024-11-20 14:17:14,581 DEBUG loaded <trimesh.Trimesh(vertices.shape=(916, 3), faces.shape=(856, 3))> using `load_obj` in 0.0031s
2024-11-20 14:17:14,727 DEBUG loaded <trimesh.Trimesh(vertices.shape=(48, 3), faces.shape=(28, 3))> using `load_obj` in 0.0007s
2024-11-20 14:17:23,683 INFO =====> alpha: 1.5
2024-11-20 14:17:23,683 INFO =====> Loss info: {'particle_has_naninf': False, 'height_map_loss': 13.556930541992188, 'emd_loss': 23.654685974121094, 'total_loss': 23.654685974121094}
2024-11-20 14:17:23,683 INFO =====> Best alpha: 0.01, Best loss info: {'particle_has_naninf': False, 'height_map_loss': 13.485372543334961, 'emd_loss': 24.295759201049805, 'total_loss': 24.295759201049805}
2024-11-20 14:17:23,684 INFO =====> Param: E: [288940.78], nu: [0.13988891], rho: [1200.1239], sand_angle: [16.483482]
2024-11-20 14:17:23,684 INFO =====> Grad: [-5.3653470e-03 -5.0535894e+03 -7.3896322e+00 -4.5924899e+02]
2024-11-20 14:17:23,684 INFO =====> Num. aborted data so far: 0
2024-11-20 14:17:24,267 INFO ===> New TaichiEnv created.
2024-11-20 14:17:24,267 INFO ===> Specifications: horizon = 311, dt = 0.01, n_substeps = 20, dt_sub = 0.0005
2024-11-20 14:17:24,291 DEBUG loaded <trimesh.Trimesh(vertices.shape=(916, 3), faces.shape=(856, 3))> using `load_obj` in 0.0030s
2024-11-20 14:17:24,439 DEBUG loaded <trimesh.Trimesh(vertices.shape=(48, 3), faces.shape=(28, 3))> using `load_obj` in 0.0007s
2024-11-20 14:17:52,062 INFO =====> Epoch: 9
2024-11-20 14:17:52,062 INFO =====> Loss info: {'particle_has_naninf': False, 'height_map_loss': 13.497261047363281, 'emd_loss': 24.29523277282715, 'total_loss': 24.29523277282715}
2024-11-20 14:17:52,062 INFO =====> Performing line search for epoch 9......
2024-11-20 14:17:52,671 INFO ===> New TaichiEnv created.
2024-11-20 14:17:52,672 INFO ===> Specifications: horizon = 311, dt = 0.01, n_substeps = 20, dt_sub = 0.0005
2024-11-20 14:17:52,695 DEBUG loaded <trimesh.Trimesh(vertices.shape=(916, 3), faces.shape=(856, 3))> using `load_obj` in 0.0030s
2024-11-20 14:17:52,842 DEBUG loaded <trimesh.Trimesh(vertices.shape=(48, 3), faces.shape=(28, 3))> using `load_obj` in 0.0007s
2024-11-20 14:18:02,538 INFO =====> alpha: 0.01
2024-11-20 14:18:02,538 INFO =====> Loss info: {'particle_has_naninf': False, 'height_map_loss': 13.495738983154297, 'emd_loss': 24.295555114746094, 'total_loss': 24.295555114746094}
2024-11-20 14:18:03,126 INFO ===> New TaichiEnv created.
2024-11-20 14:18:03,126 INFO ===> Specifications: horizon = 311, dt = 0.01, n_substeps = 20, dt_sub = 0.0005
2024-11-20 14:18:03,149 DEBUG loaded <trimesh.Trimesh(vertices.shape=(916, 3), faces.shape=(856, 3))> using `load_obj` in 0.0030s
2024-11-20 14:18:03,296 DEBUG loaded <trimesh.Trimesh(vertices.shape=(48, 3), faces.shape=(28, 3))> using `load_obj` in 0.0007s
2024-11-20 14:18:12,313 INFO =====> alpha: 0.1
2024-11-20 14:18:12,313 INFO =====> Loss info: {'particle_has_naninf': False, 'height_map_loss': 13.493671417236328, 'emd_loss': 24.300153732299805, 'total_loss': 24.300153732299805}
2024-11-20 14:18:12,897 INFO ===> New TaichiEnv created.
2024-11-20 14:18:12,897 INFO ===> Specifications: horizon = 311, dt = 0.01, n_substeps = 20, dt_sub = 0.0005
2024-11-20 14:18:12,920 DEBUG loaded <trimesh.Trimesh(vertices.shape=(916, 3), faces.shape=(856, 3))> using `load_obj` in 0.0031s
2024-11-20 14:18:13,068 DEBUG loaded <trimesh.Trimesh(vertices.shape=(48, 3), faces.shape=(28, 3))> using `load_obj` in 0.0007s
2024-11-20 14:18:22,661 INFO =====> alpha: 0.5
2024-11-20 14:18:22,661 INFO =====> Loss info: {'particle_has_naninf': False, 'height_map_loss': 13.493233680725098, 'emd_loss': 24.321958541870117, 'total_loss': 24.321958541870117}
2024-11-20 14:18:23,241 INFO ===> New TaichiEnv created.
2024-11-20 14:18:23,241 INFO ===> Specifications: horizon = 311, dt = 0.01, n_substeps = 20, dt_sub = 0.0005
2024-11-20 14:18:23,264 DEBUG loaded <trimesh.Trimesh(vertices.shape=(916, 3), faces.shape=(856, 3))> using `load_obj` in 0.0029s
2024-11-20 14:18:23,409 DEBUG loaded <trimesh.Trimesh(vertices.shape=(48, 3), faces.shape=(28, 3))> using `load_obj` in 0.0007s
2024-11-20 14:18:32,448 INFO =====> alpha: 1.0
2024-11-20 14:18:32,448 INFO =====> Loss info: {'particle_has_naninf': False, 'height_map_loss': 13.502405166625977, 'emd_loss': 24.31331443786621, 'total_loss': 24.31331443786621}
2024-11-20 14:18:33,038 INFO ===> New TaichiEnv created.
2024-11-20 14:18:33,038 INFO ===> Specifications: horizon = 311, dt = 0.01, n_substeps = 20, dt_sub = 0.0005
2024-11-20 14:18:33,062 DEBUG loaded <trimesh.Trimesh(vertices.shape=(916, 3), faces.shape=(856, 3))> using `load_obj` in 0.0030s
2024-11-20 14:18:33,210 DEBUG loaded <trimesh.Trimesh(vertices.shape=(48, 3), faces.shape=(28, 3))> using `load_obj` in 0.0007s
2024-11-20 14:18:42,871 INFO =====> alpha: 1.01
2024-11-20 14:18:42,871 INFO =====> Loss info: {'particle_has_naninf': False, 'height_map_loss': 13.502245903015137, 'emd_loss': 24.313766479492188, 'total_loss': 24.313766479492188}
2024-11-20 14:18:43,456 INFO ===> New TaichiEnv created.
2024-11-20 14:18:43,457 INFO ===> Specifications: horizon = 311, dt = 0.01, n_substeps = 20, dt_sub = 0.0005
2024-11-20 14:18:43,480 DEBUG loaded <trimesh.Trimesh(vertices.shape=(916, 3), faces.shape=(856, 3))> using `load_obj` in 0.0030s
2024-11-20 14:18:43,626 DEBUG loaded <trimesh.Trimesh(vertices.shape=(48, 3), faces.shape=(28, 3))> using `load_obj` in 0.0007s
2024-11-20 14:18:52,637 INFO =====> alpha: 1.1
2024-11-20 14:18:52,637 INFO =====> Loss info: {'particle_has_naninf': False, 'height_map_loss': 13.501327514648438, 'emd_loss': 24.27838706970215, 'total_loss': 24.27838706970215}
2024-11-20 14:18:53,218 INFO ===> New TaichiEnv created.
2024-11-20 14:18:53,218 INFO ===> Specifications: horizon = 311, dt = 0.01, n_substeps = 20, dt_sub = 0.0005
2024-11-20 14:18:53,242 DEBUG loaded <trimesh.Trimesh(vertices.shape=(916, 3), faces.shape=(856, 3))> using `load_obj` in 0.0031s
2024-11-20 14:18:53,389 DEBUG loaded <trimesh.Trimesh(vertices.shape=(48, 3), faces.shape=(28, 3))> using `load_obj` in 0.0007s
2024-11-20 14:19:03,021 INFO =====> alpha: 1.5
2024-11-20 14:19:03,021 INFO =====> Loss info: {'particle_has_naninf': False, 'height_map_loss': 13.499398231506348, 'emd_loss': 24.128597259521484, 'total_loss': 24.128597259521484}
2024-11-20 14:19:03,021 INFO =====> Best alpha: 0.5, Best loss info: {'particle_has_naninf': False, 'height_map_loss': 13.493233680725098, 'emd_loss': 24.321958541870117, 'total_loss': 24.321958541870117}
2024-11-20 14:19:03,022 INFO =====> Param: E: [294060.56], nu: [0.14086229], rho: [1231.4403], sand_angle: [16.543322]
2024-11-20 14:19:03,022 INFO =====> Grad: [-5.0728125e-03 -1.8921758e+03 -3.8611584e+01 -6.3964249e+01]
2024-11-20 14:19:03,022 INFO =====> Num. aborted data so far: 0
2024-11-20 14:19:03,601 INFO ===> New TaichiEnv created.
2024-11-20 14:19:03,601 INFO ===> Specifications: horizon = 311, dt = 0.01, n_substeps = 20, dt_sub = 0.0005
2024-11-20 14:19:03,625 DEBUG loaded <trimesh.Trimesh(vertices.shape=(916, 3), faces.shape=(856, 3))> using `load_obj` in 0.0030s
2024-11-20 14:19:03,772 DEBUG loaded <trimesh.Trimesh(vertices.shape=(48, 3), faces.shape=(28, 3))> using `load_obj` in 0.0007s
2024-11-20 14:19:31,393 INFO =====> Epoch: 10
2024-11-20 14:19:31,393 INFO =====> Loss info: {'particle_has_naninf': False, 'height_map_loss': 13.493468284606934, 'emd_loss': 24.322105407714844, 'total_loss': 24.322105407714844}
2024-11-20 14:19:31,393 INFO =====> Performing line search for epoch 10......
2024-11-20 14:19:32,052 INFO ===> New TaichiEnv created.
2024-11-20 14:19:32,052 INFO ===> Specifications: horizon = 311, dt = 0.01, n_substeps = 20, dt_sub = 0.0005
2024-11-20 14:19:32,076 DEBUG loaded <trimesh.Trimesh(vertices.shape=(916, 3), faces.shape=(856, 3))> using `load_obj` in 0.0030s
2024-11-20 14:19:32,224 DEBUG loaded <trimesh.Trimesh(vertices.shape=(48, 3), faces.shape=(28, 3))> using `load_obj` in 0.0007s
2024-11-20 14:19:41,297 INFO =====> alpha: 0.01
2024-11-20 14:19:41,297 INFO =====> Loss info: {'particle_has_naninf': False, 'height_map_loss': 13.491585731506348, 'emd_loss': 24.31995391845703, 'total_loss': 24.31995391845703}
2024-11-20 14:19:41,883 INFO ===> New TaichiEnv created.
2024-11-20 14:19:41,884 INFO ===> Specifications: horizon = 311, dt = 0.01, n_substeps = 20, dt_sub = 0.0005
2024-11-20 14:19:41,907 DEBUG loaded <trimesh.Trimesh(vertices.shape=(916, 3), faces.shape=(856, 3))> using `load_obj` in 0.0030s
2024-11-20 14:19:42,054 DEBUG loaded <trimesh.Trimesh(vertices.shape=(48, 3), faces.shape=(28, 3))> using `load_obj` in 0.0007s
2024-11-20 14:19:51,678 INFO =====> alpha: 0.1
2024-11-20 14:19:51,678 INFO =====> Loss info: {'particle_has_naninf': False, 'height_map_loss': 13.503471374511719, 'emd_loss': 23.908811569213867, 'total_loss': 23.908811569213867}
2024-11-20 14:19:52,263 INFO ===> New TaichiEnv created.
2024-11-20 14:19:52,265 INFO ===> Specifications: horizon = 311, dt = 0.01, n_substeps = 20, dt_sub = 0.0005
2024-11-20 14:19:52,288 DEBUG loaded <trimesh.Trimesh(vertices.shape=(916, 3), faces.shape=(856, 3))> using `load_obj` in 0.0029s
2024-11-20 14:19:52,434 DEBUG loaded <trimesh.Trimesh(vertices.shape=(48, 3), faces.shape=(28, 3))> using `load_obj` in 0.0007s
2024-11-20 14:20:01,397 INFO =====> alpha: 0.5
2024-11-20 14:20:01,397 INFO =====> Loss info: {'particle_has_naninf': False, 'height_map_loss': 13.538008689880371, 'emd_loss': 23.677133560180664, 'total_loss': 23.677133560180664}
2024-11-20 14:20:01,976 INFO ===> New TaichiEnv created.
2024-11-20 14:20:01,976 INFO ===> Specifications: horizon = 311, dt = 0.01, n_substeps = 20, dt_sub = 0.0005
2024-11-20 14:20:02,000 DEBUG loaded <trimesh.Trimesh(vertices.shape=(916, 3), faces.shape=(856, 3))> using `load_obj` in 0.0030s
2024-11-20 14:20:02,148 DEBUG loaded <trimesh.Trimesh(vertices.shape=(48, 3), faces.shape=(28, 3))> using `load_obj` in 0.0007s
2024-11-20 14:20:11,831 INFO =====> alpha: 1.0
2024-11-20 14:20:11,831 INFO =====> Loss info: {'particle_has_naninf': False, 'height_map_loss': 13.55653190612793, 'emd_loss': 23.725919723510742, 'total_loss': 23.725919723510742}
2024-11-20 14:20:12,422 INFO ===> New TaichiEnv created.
2024-11-20 14:20:12,422 INFO ===> Specifications: horizon = 311, dt = 0.01, n_substeps = 20, dt_sub = 0.0005
2024-11-20 14:20:12,445 DEBUG loaded <trimesh.Trimesh(vertices.shape=(916, 3), faces.shape=(856, 3))> using `load_obj` in 0.0029s
2024-11-20 14:20:12,594 DEBUG loaded <trimesh.Trimesh(vertices.shape=(48, 3), faces.shape=(28, 3))> using `load_obj` in 0.0007s
2024-11-20 14:20:21,625 INFO =====> alpha: 1.01
2024-11-20 14:20:21,626 INFO =====> Loss info: {'particle_has_naninf': False, 'height_map_loss': 13.55750560760498, 'emd_loss': 23.7126522064209, 'total_loss': 23.7126522064209}
2024-11-20 14:20:22,208 INFO ===> New TaichiEnv created.
2024-11-20 14:20:22,208 INFO ===> Specifications: horizon = 311, dt = 0.01, n_substeps = 20, dt_sub = 0.0005
2024-11-20 14:20:22,231 DEBUG loaded <trimesh.Trimesh(vertices.shape=(916, 3), faces.shape=(856, 3))> using `load_obj` in 0.0030s
2024-11-20 14:20:22,378 DEBUG loaded <trimesh.Trimesh(vertices.shape=(48, 3), faces.shape=(28, 3))> using `load_obj` in 0.0007s
2024-11-20 14:20:31,966 INFO =====> alpha: 1.1
2024-11-20 14:20:31,966 INFO =====> Loss info: {'particle_has_naninf': False, 'height_map_loss': 13.56855583190918, 'emd_loss': 23.68177032470703, 'total_loss': 23.68177032470703}
2024-11-20 14:20:32,554 INFO ===> New TaichiEnv created.
2024-11-20 14:20:32,554 INFO ===> Specifications: horizon = 311, dt = 0.01, n_substeps = 20, dt_sub = 0.0005
2024-11-20 14:20:32,577 DEBUG loaded <trimesh.Trimesh(vertices.shape=(916, 3), faces.shape=(856, 3))> using `load_obj` in 0.0030s
2024-11-20 14:20:32,724 DEBUG loaded <trimesh.Trimesh(vertices.shape=(48, 3), faces.shape=(28, 3))> using `load_obj` in 0.0007s
2024-11-20 14:20:41,792 INFO =====> alpha: 1.5
2024-11-20 14:20:41,792 INFO =====> Loss info: {'particle_has_naninf': False, 'height_map_loss': 13.5904541015625, 'emd_loss': 23.816272735595703, 'total_loss': 23.816272735595703}
2024-11-20 14:20:41,793 INFO =====> Best alpha: 0.01, Best loss info: {'particle_has_naninf': False, 'height_map_loss': 13.491585731506348, 'emd_loss': 24.31995391845703, 'total_loss': 24.31995391845703}
2024-11-20 14:20:41,793 INFO =====> Param: E: [294469.3], nu: [0.14104839], rho: [1232.0226], sand_angle: [16.561844]
2024-11-20 14:20:41,793 INFO =====> Grad: [-2.5174703e-02 -2.1225785e+04 -3.6630863e+01 -1.1586459e+03]
2024-11-20 14:20:41,793 INFO =====> Num. aborted data so far: 0
2024-11-20 14:20:42,380 INFO ===> New TaichiEnv created.
2024-11-20 14:20:42,380 INFO ===> Specifications: horizon = 311, dt = 0.01, n_substeps = 20, dt_sub = 0.0005
2024-11-20 14:20:42,404 DEBUG loaded <trimesh.Trimesh(vertices.shape=(916, 3), faces.shape=(856, 3))> using `load_obj` in 0.0031s
2024-11-20 14:20:42,552 DEBUG loaded <trimesh.Trimesh(vertices.shape=(48, 3), faces.shape=(28, 3))> using `load_obj` in 0.0007s
2024-11-20 14:21:10,218 INFO =====> Epoch: 11
2024-11-20 14:21:10,218 INFO =====> Loss info: {'particle_has_naninf': False, 'height_map_loss': 13.491345405578613, 'emd_loss': 24.32006072998047, 'total_loss': 24.32006072998047}
2024-11-20 14:21:10,218 INFO =====> Performing line search for epoch 11......
2024-11-20 14:21:10,830 INFO ===> New TaichiEnv created.
2024-11-20 14:21:10,830 INFO ===> Specifications: horizon = 311, dt = 0.01, n_substeps = 20, dt_sub = 0.0005
2024-11-20 14:21:10,854 DEBUG loaded <trimesh.Trimesh(vertices.shape=(916, 3), faces.shape=(856, 3))> using `load_obj` in 0.0030s
2024-11-20 14:21:11,001 DEBUG loaded <trimesh.Trimesh(vertices.shape=(48, 3), faces.shape=(28, 3))> using `load_obj` in 0.0007s
2024-11-20 14:21:20,570 INFO =====> alpha: 0.01
2024-11-20 14:21:20,570 INFO =====> Loss info: {'particle_has_naninf': False, 'height_map_loss': 13.487667083740234, 'emd_loss': 24.31475067138672, 'total_loss': 24.31475067138672}
2024-11-20 14:21:21,160 INFO ===> New TaichiEnv created.
2024-11-20 14:21:21,160 INFO ===> Specifications: horizon = 311, dt = 0.01, n_substeps = 20, dt_sub = 0.0005
2024-11-20 14:21:21,183 DEBUG loaded <trimesh.Trimesh(vertices.shape=(916, 3), faces.shape=(856, 3))> using `load_obj` in 0.0029s
2024-11-20 14:21:21,330 DEBUG loaded <trimesh.Trimesh(vertices.shape=(48, 3), faces.shape=(28, 3))> using `load_obj` in 0.0007s
2024-11-20 14:21:30,324 INFO =====> alpha: 0.1
2024-11-20 14:21:30,324 INFO =====> Loss info: {'particle_has_naninf': False, 'height_map_loss': 13.499173164367676, 'emd_loss': 24.294145584106445, 'total_loss': 24.294145584106445}
2024-11-20 14:21:30,913 INFO ===> New TaichiEnv created.
2024-11-20 14:21:30,913 INFO ===> Specifications: horizon = 311, dt = 0.01, n_substeps = 20, dt_sub = 0.0005
2024-11-20 14:21:30,937 DEBUG loaded <trimesh.Trimesh(vertices.shape=(916, 3), faces.shape=(856, 3))> using `load_obj` in 0.0031s
2024-11-20 14:21:31,084 DEBUG loaded <trimesh.Trimesh(vertices.shape=(48, 3), faces.shape=(28, 3))> using `load_obj` in 0.0007s
2024-11-20 14:21:40,750 INFO =====> alpha: 0.5
2024-11-20 14:21:40,750 INFO =====> Loss info: {'particle_has_naninf': False, 'height_map_loss': 13.581968307495117, 'emd_loss': 24.05585479736328, 'total_loss': 24.05585479736328}
2024-11-20 14:21:41,338 INFO ===> New TaichiEnv created.
2024-11-20 14:21:41,338 INFO ===> Specifications: horizon = 311, dt = 0.01, n_substeps = 20, dt_sub = 0.0005
2024-11-20 14:21:41,361 DEBUG loaded <trimesh.Trimesh(vertices.shape=(916, 3), faces.shape=(856, 3))> using `load_obj` in 0.0029s
2024-11-20 14:21:41,508 DEBUG loaded <trimesh.Trimesh(vertices.shape=(48, 3), faces.shape=(28, 3))> using `load_obj` in 0.0007s
2024-11-20 14:21:50,473 INFO =====> alpha: 1.0
2024-11-20 14:21:50,473 INFO =====> Loss info: {'particle_has_naninf': False, 'height_map_loss': 13.683371543884277, 'emd_loss': 23.890092849731445, 'total_loss': 23.890092849731445}
2024-11-20 14:21:51,064 INFO ===> New TaichiEnv created.
2024-11-20 14:21:51,064 INFO ===> Specifications: horizon = 311, dt = 0.01, n_substeps = 20, dt_sub = 0.0005
2024-11-20 14:21:51,087 DEBUG loaded <trimesh.Trimesh(vertices.shape=(916, 3), faces.shape=(856, 3))> using `load_obj` in 0.0030s
2024-11-20 14:21:51,236 DEBUG loaded <trimesh.Trimesh(vertices.shape=(48, 3), faces.shape=(28, 3))> using `load_obj` in 0.0007s
2024-11-20 14:22:00,852 INFO =====> alpha: 1.01
2024-11-20 14:22:00,852 INFO =====> Loss info: {'particle_has_naninf': False, 'height_map_loss': 13.703121185302734, 'emd_loss': 23.822357177734375, 'total_loss': 23.822357177734375}
2024-11-20 14:22:01,440 INFO ===> New TaichiEnv created.
2024-11-20 14:22:01,441 INFO ===> Specifications: horizon = 311, dt = 0.01, n_substeps = 20, dt_sub = 0.0005
2024-11-20 14:22:01,464 DEBUG loaded <trimesh.Trimesh(vertices.shape=(916, 3), faces.shape=(856, 3))> using `load_obj` in 0.0029s
2024-11-20 14:22:01,613 DEBUG loaded <trimesh.Trimesh(vertices.shape=(48, 3), faces.shape=(28, 3))> using `load_obj` in 0.0007s
2024-11-20 14:22:10,608 INFO =====> alpha: 1.1
2024-11-20 14:22:10,608 INFO =====> Loss info: {'particle_has_naninf': False, 'height_map_loss': 13.701096534729004, 'emd_loss': 23.83201789855957, 'total_loss': 23.83201789855957}
2024-11-20 14:22:11,193 INFO ===> New TaichiEnv created.
2024-11-20 14:22:11,193 INFO ===> Specifications: horizon = 311, dt = 0.01, n_substeps = 20, dt_sub = 0.0005
2024-11-20 14:22:11,216 DEBUG loaded <trimesh.Trimesh(vertices.shape=(916, 3), faces.shape=(856, 3))> using `load_obj` in 0.0030s
2024-11-20 14:22:11,364 DEBUG loaded <trimesh.Trimesh(vertices.shape=(48, 3), faces.shape=(28, 3))> using `load_obj` in 0.0007s
2024-11-20 14:22:20,995 INFO =====> alpha: 1.5
2024-11-20 14:22:20,995 INFO =====> Loss info: {'particle_has_naninf': False, 'height_map_loss': 13.767324447631836, 'emd_loss': 23.626482009887695, 'total_loss': 23.626482009887695}
2024-11-20 14:22:20,995 INFO =====> Best alpha: 0.01, Best loss info: {'particle_has_naninf': False, 'height_map_loss': 13.487667083740234, 'emd_loss': 24.31475067138672, 'total_loss': 24.31475067138672}
2024-11-20 14:22:20,995 INFO =====> Param: E: [294260.1], nu: [0.14100906], rho: [1232.4744], sand_angle: [16.571844]
2024-11-20 14:22:20,995 INFO =====> Grad: [ 1.2953441e-02  4.2875269e+03 -2.8137276e+01 -6.2554010e+02]
2024-11-20 14:22:20,995 INFO =====> Num. aborted data so far: 0
2024-11-20 14:22:21,585 INFO ===> New TaichiEnv created.
2024-11-20 14:22:21,586 INFO ===> Specifications: horizon = 311, dt = 0.01, n_substeps = 20, dt_sub = 0.0005
2024-11-20 14:22:21,609 DEBUG loaded <trimesh.Trimesh(vertices.shape=(916, 3), faces.shape=(856, 3))> using `load_obj` in 0.0029s
2024-11-20 14:22:21,759 DEBUG loaded <trimesh.Trimesh(vertices.shape=(48, 3), faces.shape=(28, 3))> using `load_obj` in 0.0007s
2024-11-20 14:22:48,777 INFO =====> Epoch: 12
2024-11-20 14:22:48,777 INFO =====> Loss info: {'particle_has_naninf': False, 'height_map_loss': 13.487478256225586, 'emd_loss': 24.314495086669922, 'total_loss': 24.314495086669922}
2024-11-20 14:22:48,777 INFO =====> Performing line search for epoch 12......
2024-11-20 14:22:49,382 INFO ===> New TaichiEnv created.
2024-11-20 14:22:49,382 INFO ===> Specifications: horizon = 311, dt = 0.01, n_substeps = 20, dt_sub = 0.0005
2024-11-20 14:22:49,406 DEBUG loaded <trimesh.Trimesh(vertices.shape=(916, 3), faces.shape=(856, 3))> using `load_obj` in 0.0030s
2024-11-20 14:22:49,552 DEBUG loaded <trimesh.Trimesh(vertices.shape=(48, 3), faces.shape=(28, 3))> using `load_obj` in 0.0007s
2024-11-20 14:22:59,148 INFO =====> alpha: 0.01
2024-11-20 14:22:59,148 INFO =====> Loss info: {'particle_has_naninf': False, 'height_map_loss': 13.492544174194336, 'emd_loss': 24.322084426879883, 'total_loss': 24.322084426879883}
2024-11-20 14:22:59,738 INFO ===> New TaichiEnv created.
2024-11-20 14:22:59,738 INFO ===> Specifications: horizon = 311, dt = 0.01, n_substeps = 20, dt_sub = 0.0005
2024-11-20 14:22:59,762 DEBUG loaded <trimesh.Trimesh(vertices.shape=(916, 3), faces.shape=(856, 3))> using `load_obj` in 0.0030s
2024-11-20 14:22:59,910 DEBUG loaded <trimesh.Trimesh(vertices.shape=(48, 3), faces.shape=(28, 3))> using `load_obj` in 0.0007s
2024-11-20 14:23:08,912 INFO =====> alpha: 0.1
2024-11-20 14:23:08,912 INFO =====> Loss info: {'particle_has_naninf': False, 'height_map_loss': 13.499523162841797, 'emd_loss': 24.310043334960938, 'total_loss': 24.310043334960938}
2024-11-20 14:23:09,502 INFO ===> New TaichiEnv created.
2024-11-20 14:23:09,502 INFO ===> Specifications: horizon = 311, dt = 0.01, n_substeps = 20, dt_sub = 0.0005
2024-11-20 14:23:09,525 DEBUG loaded <trimesh.Trimesh(vertices.shape=(916, 3), faces.shape=(856, 3))> using `load_obj` in 0.0029s
2024-11-20 14:23:09,672 DEBUG loaded <trimesh.Trimesh(vertices.shape=(48, 3), faces.shape=(28, 3))> using `load_obj` in 0.0007s
2024-11-20 14:23:19,328 INFO =====> alpha: 0.5
2024-11-20 14:23:19,328 INFO =====> Loss info: {'particle_has_naninf': False, 'height_map_loss': 13.530302047729492, 'emd_loss': 24.62529754638672, 'total_loss': 24.62529754638672}
2024-11-20 14:23:19,915 INFO ===> New TaichiEnv created.
2024-11-20 14:23:19,915 INFO ===> Specifications: horizon = 311, dt = 0.01, n_substeps = 20, dt_sub = 0.0005
2024-11-20 14:23:19,939 DEBUG loaded <trimesh.Trimesh(vertices.shape=(916, 3), faces.shape=(856, 3))> using `load_obj` in 0.0031s
2024-11-20 14:23:20,087 DEBUG loaded <trimesh.Trimesh(vertices.shape=(48, 3), faces.shape=(28, 3))> using `load_obj` in 0.0007s
2024-11-20 14:23:29,045 INFO =====> alpha: 1.0
2024-11-20 14:23:29,045 INFO =====> Loss info: {'particle_has_naninf': False, 'height_map_loss': 13.598081588745117, 'emd_loss': 24.663829803466797, 'total_loss': 24.663829803466797}
2024-11-20 14:23:29,626 INFO ===> New TaichiEnv created.
2024-11-20 14:23:29,626 INFO ===> Specifications: horizon = 311, dt = 0.01, n_substeps = 20, dt_sub = 0.0005
2024-11-20 14:23:29,650 DEBUG loaded <trimesh.Trimesh(vertices.shape=(916, 3), faces.shape=(856, 3))> using `load_obj` in 0.0030s
2024-11-20 14:23:29,797 DEBUG loaded <trimesh.Trimesh(vertices.shape=(48, 3), faces.shape=(28, 3))> using `load_obj` in 0.0007s
2024-11-20 14:23:39,432 INFO =====> alpha: 1.01
2024-11-20 14:23:39,432 INFO =====> Loss info: {'particle_has_naninf': False, 'height_map_loss': 13.60019588470459, 'emd_loss': 24.745784759521484, 'total_loss': 24.745784759521484}
2024-11-20 14:23:40,011 INFO ===> New TaichiEnv created.
2024-11-20 14:23:40,011 INFO ===> Specifications: horizon = 311, dt = 0.01, n_substeps = 20, dt_sub = 0.0005
2024-11-20 14:23:40,040 DEBUG loaded <trimesh.Trimesh(vertices.shape=(916, 3), faces.shape=(856, 3))> using `load_obj` in 0.0063s
2024-11-20 14:23:40,186 DEBUG loaded <trimesh.Trimesh(vertices.shape=(48, 3), faces.shape=(28, 3))> using `load_obj` in 0.0007s
2024-11-20 14:23:49,129 INFO =====> alpha: 1.1
2024-11-20 14:23:49,129 INFO =====> Loss info: {'particle_has_naninf': False, 'height_map_loss': 13.582147598266602, 'emd_loss': 24.683929443359375, 'total_loss': 24.683929443359375}
2024-11-20 14:23:49,710 INFO ===> New TaichiEnv created.
2024-11-20 14:23:49,710 INFO ===> Specifications: horizon = 311, dt = 0.01, n_substeps = 20, dt_sub = 0.0005
2024-11-20 14:23:49,734 DEBUG loaded <trimesh.Trimesh(vertices.shape=(916, 3), faces.shape=(856, 3))> using `load_obj` in 0.0029s
2024-11-20 14:23:49,881 DEBUG loaded <trimesh.Trimesh(vertices.shape=(48, 3), faces.shape=(28, 3))> using `load_obj` in 0.0007s
2024-11-20 14:23:59,513 INFO =====> alpha: 1.5
2024-11-20 14:23:59,513 INFO =====> Loss info: {'particle_has_naninf': False, 'height_map_loss': 13.618438720703125, 'emd_loss': 24.749488830566406, 'total_loss': 24.749488830566406}
2024-11-20 14:23:59,514 INFO =====> Best alpha: 0.01, Best loss info: {'particle_has_naninf': False, 'height_map_loss': 13.492544174194336, 'emd_loss': 24.322084426879883, 'total_loss': 24.322084426879883}
2024-11-20 14:23:59,514 INFO =====> Param: E: [294139.88], nu: [0.14093062], rho: [1232.6285], sand_angle: [16.56239]
2024-11-20 14:23:59,514 INFO =====> Grad: [ 7.1930327e-03  8.3771162e+03 -9.1501570e+00  5.8794244e+02]
2024-11-20 14:23:59,514 INFO =====> Num. aborted data so far: 0
2024-11-20 14:24:00,106 INFO ===> New TaichiEnv created.
2024-11-20 14:24:00,106 INFO ===> Specifications: horizon = 311, dt = 0.01, n_substeps = 20, dt_sub = 0.0005
2024-11-20 14:24:00,130 DEBUG loaded <trimesh.Trimesh(vertices.shape=(916, 3), faces.shape=(856, 3))> using `load_obj` in 0.0031s
2024-11-20 14:24:00,277 DEBUG loaded <trimesh.Trimesh(vertices.shape=(48, 3), faces.shape=(28, 3))> using `load_obj` in 0.0007s
2024-11-20 14:24:28,112 INFO =====> Epoch: 13
2024-11-20 14:24:28,112 INFO =====> Loss info: {'particle_has_naninf': False, 'height_map_loss': 13.492534637451172, 'emd_loss': 24.32187271118164, 'total_loss': 24.32187271118164}
2024-11-20 14:24:28,112 INFO =====> Performing line search for epoch 13......
2024-11-20 14:24:28,721 INFO ===> New TaichiEnv created.
2024-11-20 14:24:28,721 INFO ===> Specifications: horizon = 311, dt = 0.01, n_substeps = 20, dt_sub = 0.0005
2024-11-20 14:24:28,744 DEBUG loaded <trimesh.Trimesh(vertices.shape=(916, 3), faces.shape=(856, 3))> using `load_obj` in 0.0031s
2024-11-20 14:24:28,892 DEBUG loaded <trimesh.Trimesh(vertices.shape=(48, 3), faces.shape=(28, 3))> using `load_obj` in 0.0007s
2024-11-20 14:24:37,833 INFO =====> alpha: 0.01
2024-11-20 14:24:37,833 INFO =====> Loss info: {'particle_has_naninf': False, 'height_map_loss': 13.486735343933105, 'emd_loss': 24.30790138244629, 'total_loss': 24.30790138244629}
2024-11-20 14:24:38,419 INFO ===> New TaichiEnv created.
2024-11-20 14:24:38,419 INFO ===> Specifications: horizon = 311, dt = 0.01, n_substeps = 20, dt_sub = 0.0005
2024-11-20 14:24:38,443 DEBUG loaded <trimesh.Trimesh(vertices.shape=(916, 3), faces.shape=(856, 3))> using `load_obj` in 0.0030s
2024-11-20 14:24:38,591 DEBUG loaded <trimesh.Trimesh(vertices.shape=(48, 3), faces.shape=(28, 3))> using `load_obj` in 0.0007s
2024-11-20 14:24:48,277 INFO =====> alpha: 0.1
2024-11-20 14:24:48,277 INFO =====> Loss info: {'particle_has_naninf': False, 'height_map_loss': 13.50455379486084, 'emd_loss': 23.943355560302734, 'total_loss': 23.943355560302734}
2024-11-20 14:24:48,863 INFO ===> New TaichiEnv created.
2024-11-20 14:24:48,864 INFO ===> Specifications: horizon = 311, dt = 0.01, n_substeps = 20, dt_sub = 0.0005
2024-11-20 14:24:48,887 DEBUG loaded <trimesh.Trimesh(vertices.shape=(916, 3), faces.shape=(856, 3))> using `load_obj` in 0.0030s
2024-11-20 14:24:49,033 DEBUG loaded <trimesh.Trimesh(vertices.shape=(48, 3), faces.shape=(28, 3))> using `load_obj` in 0.0007s
2024-11-20 14:24:58,003 INFO =====> alpha: 0.5
2024-11-20 14:24:58,003 INFO =====> Loss info: {'particle_has_naninf': False, 'height_map_loss': 13.567259788513184, 'emd_loss': 23.890745162963867, 'total_loss': 23.890745162963867}
2024-11-20 14:24:58,591 INFO ===> New TaichiEnv created.
2024-11-20 14:24:58,591 INFO ===> Specifications: horizon = 311, dt = 0.01, n_substeps = 20, dt_sub = 0.0005
2024-11-20 14:24:58,618 DEBUG loaded <trimesh.Trimesh(vertices.shape=(916, 3), faces.shape=(856, 3))> using `load_obj` in 0.0030s
2024-11-20 14:24:58,769 DEBUG loaded <trimesh.Trimesh(vertices.shape=(48, 3), faces.shape=(28, 3))> using `load_obj` in 0.0007s
2024-11-20 14:25:08,487 INFO =====> alpha: 1.0
2024-11-20 14:25:08,487 INFO =====> Loss info: {'particle_has_naninf': False, 'height_map_loss': 13.576861381530762, 'emd_loss': 23.55603790283203, 'total_loss': 23.55603790283203}
2024-11-20 14:25:09,076 INFO ===> New TaichiEnv created.
2024-11-20 14:25:09,076 INFO ===> Specifications: horizon = 311, dt = 0.01, n_substeps = 20, dt_sub = 0.0005
2024-11-20 14:25:09,099 DEBUG loaded <trimesh.Trimesh(vertices.shape=(916, 3), faces.shape=(856, 3))> using `load_obj` in 0.0030s
2024-11-20 14:25:09,246 DEBUG loaded <trimesh.Trimesh(vertices.shape=(48, 3), faces.shape=(28, 3))> using `load_obj` in 0.0007s
2024-11-20 14:25:18,246 INFO =====> alpha: 1.01
2024-11-20 14:25:18,247 INFO =====> Loss info: {'particle_has_naninf': False, 'height_map_loss': 13.576409339904785, 'emd_loss': 23.556293487548828, 'total_loss': 23.556293487548828}
2024-11-20 14:25:18,834 INFO ===> New TaichiEnv created.
2024-11-20 14:25:18,834 INFO ===> Specifications: horizon = 311, dt = 0.01, n_substeps = 20, dt_sub = 0.0005
2024-11-20 14:25:18,857 DEBUG loaded <trimesh.Trimesh(vertices.shape=(916, 3), faces.shape=(856, 3))> using `load_obj` in 0.0029s
2024-11-20 14:25:19,004 DEBUG loaded <trimesh.Trimesh(vertices.shape=(48, 3), faces.shape=(28, 3))> using `load_obj` in 0.0007s
2024-11-20 14:25:28,618 INFO =====> alpha: 1.1
2024-11-20 14:25:28,618 INFO =====> Loss info: {'particle_has_naninf': False, 'height_map_loss': 13.581384658813477, 'emd_loss': 23.775192260742188, 'total_loss': 23.775192260742188}
2024-11-20 14:25:29,209 INFO ===> New TaichiEnv created.
2024-11-20 14:25:29,209 INFO ===> Specifications: horizon = 311, dt = 0.01, n_substeps = 20, dt_sub = 0.0005
2024-11-20 14:25:29,233 DEBUG loaded <trimesh.Trimesh(vertices.shape=(916, 3), faces.shape=(856, 3))> using `load_obj` in 0.0029s
2024-11-20 14:25:29,379 DEBUG loaded <trimesh.Trimesh(vertices.shape=(48, 3), faces.shape=(28, 3))> using `load_obj` in 0.0007s
2024-11-20 14:25:38,281 INFO =====> alpha: 1.5
2024-11-20 14:25:38,281 INFO =====> Loss info: {'particle_has_naninf': False, 'height_map_loss': 13.60057544708252, 'emd_loss': 23.980560302734375, 'total_loss': 23.980560302734375}
2024-11-20 14:25:38,281 INFO =====> Best alpha: 0.01, Best loss info: {'particle_has_naninf': False, 'height_map_loss': 13.486735343933105, 'emd_loss': 24.30790138244629, 'total_loss': 24.30790138244629}
2024-11-20 14:25:38,282 INFO =====> Param: E: [294274.34], nu: [0.14100745], rho: [1232.5918], sand_angle: [16.57935]
2024-11-20 14:25:38,282 INFO =====> Grad: [-7.8104860e-03 -8.0238271e+03  2.0708494e+00 -1.1856200e+03]
2024-11-20 14:25:38,282 INFO =====> Num. aborted data so far: 0
2024-11-20 14:25:38,873 INFO ===> New TaichiEnv created.
2024-11-20 14:25:38,874 INFO ===> Specifications: horizon = 311, dt = 0.01, n_substeps = 20, dt_sub = 0.0005
2024-11-20 14:25:38,898 DEBUG loaded <trimesh.Trimesh(vertices.shape=(916, 3), faces.shape=(856, 3))> using `load_obj` in 0.0031s
2024-11-20 14:25:39,044 DEBUG loaded <trimesh.Trimesh(vertices.shape=(48, 3), faces.shape=(28, 3))> using `load_obj` in 0.0007s
2024-11-20 14:26:06,684 INFO =====> Epoch: 14
2024-11-20 14:26:06,684 INFO =====> Loss info: {'particle_has_naninf': False, 'height_map_loss': 13.487212181091309, 'emd_loss': 24.308134078979492, 'total_loss': 24.308134078979492}
2024-11-20 14:26:06,684 INFO =====> Performing line search for epoch 14......
2024-11-20 14:26:07,285 INFO ===> New TaichiEnv created.
2024-11-20 14:26:07,285 INFO ===> Specifications: horizon = 311, dt = 0.01, n_substeps = 20, dt_sub = 0.0005
2024-11-20 14:26:07,308 DEBUG loaded <trimesh.Trimesh(vertices.shape=(916, 3), faces.shape=(856, 3))> using `load_obj` in 0.0031s
2024-11-20 14:26:07,455 DEBUG loaded <trimesh.Trimesh(vertices.shape=(48, 3), faces.shape=(28, 3))> using `load_obj` in 0.0007s
2024-11-20 14:26:17,175 INFO =====> alpha: 0.01
2024-11-20 14:26:17,175 INFO =====> Loss info: {'particle_has_naninf': False, 'height_map_loss': 13.48672103881836, 'emd_loss': 24.30743408203125, 'total_loss': 24.30743408203125}
2024-11-20 14:26:17,780 INFO ===> New TaichiEnv created.
2024-11-20 14:26:17,780 INFO ===> Specifications: horizon = 311, dt = 0.01, n_substeps = 20, dt_sub = 0.0005
2024-11-20 14:26:17,803 DEBUG loaded <trimesh.Trimesh(vertices.shape=(916, 3), faces.shape=(856, 3))> using `load_obj` in 0.0029s
2024-11-20 14:26:17,949 DEBUG loaded <trimesh.Trimesh(vertices.shape=(48, 3), faces.shape=(28, 3))> using `load_obj` in 0.0007s
2024-11-20 14:26:26,918 INFO =====> alpha: 0.1
2024-11-20 14:26:26,918 INFO =====> Loss info: {'particle_has_naninf': False, 'height_map_loss': 13.485211372375488, 'emd_loss': 24.303258895874023, 'total_loss': 24.303258895874023}
2024-11-20 14:26:27,493 INFO ===> New TaichiEnv created.
2024-11-20 14:26:27,493 INFO ===> Specifications: horizon = 311, dt = 0.01, n_substeps = 20, dt_sub = 0.0005
2024-11-20 14:26:27,516 DEBUG loaded <trimesh.Trimesh(vertices.shape=(916, 3), faces.shape=(856, 3))> using `load_obj` in 0.0030s
2024-11-20 14:26:27,663 DEBUG loaded <trimesh.Trimesh(vertices.shape=(48, 3), faces.shape=(28, 3))> using `load_obj` in 0.0007s
2024-11-20 14:26:37,349 INFO =====> alpha: 0.5
2024-11-20 14:26:37,349 INFO =====> Loss info: {'particle_has_naninf': False, 'height_map_loss': 13.492317199707031, 'emd_loss': 24.09597396850586, 'total_loss': 24.09597396850586}
2024-11-20 14:26:37,930 INFO ===> New TaichiEnv created.
2024-11-20 14:26:37,930 INFO ===> Specifications: horizon = 311, dt = 0.01, n_substeps = 20, dt_sub = 0.0005
2024-11-20 14:26:37,953 DEBUG loaded <trimesh.Trimesh(vertices.shape=(916, 3), faces.shape=(856, 3))> using `load_obj` in 0.0028s
2024-11-20 14:26:38,099 DEBUG loaded <trimesh.Trimesh(vertices.shape=(48, 3), faces.shape=(28, 3))> using `load_obj` in 0.0007s
2024-11-20 14:26:46,998 INFO =====> alpha: 1.0
2024-11-20 14:26:46,998 INFO =====> Loss info: {'particle_has_naninf': False, 'height_map_loss': 13.457889556884766, 'emd_loss': 23.940414428710938, 'total_loss': 23.940414428710938}
2024-11-20 14:26:47,578 INFO ===> New TaichiEnv created.
2024-11-20 14:26:47,578 INFO ===> Specifications: horizon = 311, dt = 0.01, n_substeps = 20, dt_sub = 0.0005
2024-11-20 14:26:47,601 DEBUG loaded <trimesh.Trimesh(vertices.shape=(916, 3), faces.shape=(856, 3))> using `load_obj` in 0.0029s
2024-11-20 14:26:47,747 DEBUG loaded <trimesh.Trimesh(vertices.shape=(48, 3), faces.shape=(28, 3))> using `load_obj` in 0.0007s
2024-11-20 14:26:57,516 INFO =====> alpha: 1.01
2024-11-20 14:26:57,516 INFO =====> Loss info: {'particle_has_naninf': False, 'height_map_loss': 13.473172187805176, 'emd_loss': 23.92705535888672, 'total_loss': 23.92705535888672}
2024-11-20 14:26:58,101 INFO ===> New TaichiEnv created.
2024-11-20 14:26:58,101 INFO ===> Specifications: horizon = 311, dt = 0.01, n_substeps = 20, dt_sub = 0.0005
2024-11-20 14:26:58,125 DEBUG loaded <trimesh.Trimesh(vertices.shape=(916, 3), faces.shape=(856, 3))> using `load_obj` in 0.0029s
2024-11-20 14:26:58,272 DEBUG loaded <trimesh.Trimesh(vertices.shape=(48, 3), faces.shape=(28, 3))> using `load_obj` in 0.0007s
2024-11-20 14:27:07,286 INFO =====> alpha: 1.1
2024-11-20 14:27:07,287 INFO =====> Loss info: {'particle_has_naninf': False, 'height_map_loss': 13.471844673156738, 'emd_loss': 23.935945510864258, 'total_loss': 23.935945510864258}
2024-11-20 14:27:07,862 INFO ===> New TaichiEnv created.
2024-11-20 14:27:07,862 INFO ===> Specifications: horizon = 311, dt = 0.01, n_substeps = 20, dt_sub = 0.0005
2024-11-20 14:27:07,885 DEBUG loaded <trimesh.Trimesh(vertices.shape=(916, 3), faces.shape=(856, 3))> using `load_obj` in 0.0029s
2024-11-20 14:27:08,030 DEBUG loaded <trimesh.Trimesh(vertices.shape=(48, 3), faces.shape=(28, 3))> using `load_obj` in 0.0007s
2024-11-20 14:27:17,667 INFO =====> alpha: 1.5
2024-11-20 14:27:17,667 INFO =====> Loss info: {'particle_has_naninf': False, 'height_map_loss': 13.502351760864258, 'emd_loss': 24.07834243774414, 'total_loss': 24.07834243774414}
2024-11-20 14:27:17,667 INFO =====> Best alpha: 1.0, Best loss info: {'particle_has_naninf': False, 'height_map_loss': 13.457889556884766, 'emd_loss': 23.940414428710938, 'total_loss': 23.940414428710938}
2024-11-20 14:27:17,668 INFO =====> Param: E: [305487.2], nu: [0.14500466], rho: [1248.1627], sand_angle: [16.679308]
2024-11-20 14:27:17,668 INFO =====> Grad: [-6.2783654e-03 -3.9923333e+03 -8.3616819e+00 -6.6322380e+01]
2024-11-20 14:27:17,668 INFO =====> Num. aborted data so far: 0
2024-11-20 14:27:18,256 INFO ===> New TaichiEnv created.
2024-11-20 14:27:18,257 INFO ===> Specifications: horizon = 311, dt = 0.01, n_substeps = 20, dt_sub = 0.0005
2024-11-20 14:27:18,280 DEBUG loaded <trimesh.Trimesh(vertices.shape=(916, 3), faces.shape=(856, 3))> using `load_obj` in 0.0029s
2024-11-20 14:27:18,425 DEBUG loaded <trimesh.Trimesh(vertices.shape=(48, 3), faces.shape=(28, 3))> using `load_obj` in 0.0007s
2024-11-20 14:27:45,386 INFO =====> Epoch: 15
2024-11-20 14:27:45,386 INFO =====> Loss info: {'particle_has_naninf': False, 'height_map_loss': 13.473711967468262, 'emd_loss': 23.927671432495117, 'total_loss': 23.927671432495117}
2024-11-20 14:27:45,386 INFO =====> Performing line search for epoch 15......
2024-11-20 14:27:45,995 INFO ===> New TaichiEnv created.
2024-11-20 14:27:45,995 INFO ===> Specifications: horizon = 311, dt = 0.01, n_substeps = 20, dt_sub = 0.0005
2024-11-20 14:27:46,019 DEBUG loaded <trimesh.Trimesh(vertices.shape=(916, 3), faces.shape=(856, 3))> using `load_obj` in 0.0030s
2024-11-20 14:27:46,171 DEBUG loaded <trimesh.Trimesh(vertices.shape=(48, 3), faces.shape=(28, 3))> using `load_obj` in 0.0007s
2024-11-20 14:27:55,814 INFO =====> alpha: 0.01
2024-11-20 14:27:55,814 INFO =====> Loss info: {'particle_has_naninf': False, 'height_map_loss': 13.472372055053711, 'emd_loss': 23.92913246154785, 'total_loss': 23.92913246154785}
2024-11-20 14:27:56,409 INFO ===> New TaichiEnv created.
2024-11-20 14:27:56,410 INFO ===> Specifications: horizon = 311, dt = 0.01, n_substeps = 20, dt_sub = 0.0005
2024-11-20 14:27:56,433 DEBUG loaded <trimesh.Trimesh(vertices.shape=(916, 3), faces.shape=(856, 3))> using `load_obj` in 0.0029s
2024-11-20 14:27:56,579 DEBUG loaded <trimesh.Trimesh(vertices.shape=(48, 3), faces.shape=(28, 3))> using `load_obj` in 0.0007s
2024-11-20 14:28:05,568 INFO =====> alpha: 0.1
2024-11-20 14:28:05,569 INFO =====> Loss info: {'particle_has_naninf': False, 'height_map_loss': 13.485295295715332, 'emd_loss': 23.920133590698242, 'total_loss': 23.920133590698242}
2024-11-20 14:28:06,151 INFO ===> New TaichiEnv created.
2024-11-20 14:28:06,151 INFO ===> Specifications: horizon = 311, dt = 0.01, n_substeps = 20, dt_sub = 0.0005
2024-11-20 14:28:06,174 DEBUG loaded <trimesh.Trimesh(vertices.shape=(916, 3), faces.shape=(856, 3))> using `load_obj` in 0.0029s
2024-11-20 14:28:06,321 DEBUG loaded <trimesh.Trimesh(vertices.shape=(48, 3), faces.shape=(28, 3))> using `load_obj` in 0.0007s
2024-11-20 14:28:15,933 INFO =====> alpha: 0.5
2024-11-20 14:28:15,933 INFO =====> Loss info: {'particle_has_naninf': False, 'height_map_loss': 13.527270317077637, 'emd_loss': 23.888256072998047, 'total_loss': 23.888256072998047}
2024-11-20 14:28:16,520 INFO ===> New TaichiEnv created.
2024-11-20 14:28:16,520 INFO ===> Specifications: horizon = 311, dt = 0.01, n_substeps = 20, dt_sub = 0.0005
2024-11-20 14:28:16,543 DEBUG loaded <trimesh.Trimesh(vertices.shape=(916, 3), faces.shape=(856, 3))> using `load_obj` in 0.0029s
2024-11-20 14:28:16,691 DEBUG loaded <trimesh.Trimesh(vertices.shape=(48, 3), faces.shape=(28, 3))> using `load_obj` in 0.0007s
2024-11-20 14:28:25,609 INFO =====> alpha: 1.0
2024-11-20 14:28:25,609 INFO =====> Loss info: {'particle_has_naninf': False, 'height_map_loss': 13.582649230957031, 'emd_loss': 23.8868408203125, 'total_loss': 23.8868408203125}
2024-11-20 14:28:26,192 INFO ===> New TaichiEnv created.
2024-11-20 14:28:26,192 INFO ===> Specifications: horizon = 311, dt = 0.01, n_substeps = 20, dt_sub = 0.0005
2024-11-20 14:28:26,215 DEBUG loaded <trimesh.Trimesh(vertices.shape=(916, 3), faces.shape=(856, 3))> using `load_obj` in 0.0029s
2024-11-20 14:28:26,360 DEBUG loaded <trimesh.Trimesh(vertices.shape=(48, 3), faces.shape=(28, 3))> using `load_obj` in 0.0007s
2024-11-20 14:28:35,914 INFO =====> alpha: 1.01
2024-11-20 14:28:35,914 INFO =====> Loss info: {'particle_has_naninf': False, 'height_map_loss': 13.594032287597656, 'emd_loss': 23.86745834350586, 'total_loss': 23.86745834350586}
2024-11-20 14:28:36,491 INFO ===> New TaichiEnv created.
2024-11-20 14:28:36,491 INFO ===> Specifications: horizon = 311, dt = 0.01, n_substeps = 20, dt_sub = 0.0005
2024-11-20 14:28:36,514 DEBUG loaded <trimesh.Trimesh(vertices.shape=(916, 3), faces.shape=(856, 3))> using `load_obj` in 0.0029s
2024-11-20 14:28:36,661 DEBUG loaded <trimesh.Trimesh(vertices.shape=(48, 3), faces.shape=(28, 3))> using `load_obj` in 0.0007s
2024-11-20 14:28:45,616 INFO =====> alpha: 1.1
2024-11-20 14:28:45,617 INFO =====> Loss info: {'particle_has_naninf': False, 'height_map_loss': 13.597076416015625, 'emd_loss': 23.853723526000977, 'total_loss': 23.853723526000977}
2024-11-20 14:28:46,208 INFO ===> New TaichiEnv created.
2024-11-20 14:28:46,208 INFO ===> Specifications: horizon = 311, dt = 0.01, n_substeps = 20, dt_sub = 0.0005
2024-11-20 14:28:46,231 DEBUG loaded <trimesh.Trimesh(vertices.shape=(916, 3), faces.shape=(856, 3))> using `load_obj` in 0.0029s
2024-11-20 14:28:46,376 DEBUG loaded <trimesh.Trimesh(vertices.shape=(48, 3), faces.shape=(28, 3))> using `load_obj` in 0.0007s
2024-11-20 14:28:55,984 INFO =====> alpha: 1.5
2024-11-20 14:28:55,984 INFO =====> Loss info: {'particle_has_naninf': False, 'height_map_loss': 13.654221534729004, 'emd_loss': 23.904178619384766, 'total_loss': 23.904178619384766}
2024-11-20 14:28:55,984 INFO =====> Best alpha: 0.01, Best loss info: {'particle_has_naninf': False, 'height_map_loss': 13.472372055053711, 'emd_loss': 23.92913246154785, 'total_loss': 23.92913246154785}
2024-11-20 14:28:55,985 INFO =====> Param: E: [305222.3], nu: [0.14489461], rho: [1247.7905], sand_angle: [16.684986]
2024-11-20 14:28:55,985 INFO =====> Grad: [ 1.5493512e-02  1.1121967e+04  1.9511263e+01 -3.6333096e+02]
2024-11-20 14:28:55,985 INFO =====> Num. aborted data so far: 0
2024-11-20 14:28:56,572 INFO ===> New TaichiEnv created.
2024-11-20 14:28:56,572 INFO ===> Specifications: horizon = 311, dt = 0.01, n_substeps = 20, dt_sub = 0.0005
2024-11-20 14:28:56,595 DEBUG loaded <trimesh.Trimesh(vertices.shape=(916, 3), faces.shape=(856, 3))> using `load_obj` in 0.0029s
2024-11-20 14:28:56,741 DEBUG loaded <trimesh.Trimesh(vertices.shape=(48, 3), faces.shape=(28, 3))> using `load_obj` in 0.0007s
2024-11-20 14:29:24,382 INFO =====> Epoch: 16
2024-11-20 14:29:24,382 INFO =====> Loss info: {'particle_has_naninf': False, 'height_map_loss': 13.47248649597168, 'emd_loss': 23.929733276367188, 'total_loss': 23.929733276367188}
2024-11-20 14:29:24,383 INFO =====> Performing line search for epoch 16......
2024-11-20 14:29:24,991 INFO ===> New TaichiEnv created.
2024-11-20 14:29:24,991 INFO ===> Specifications: horizon = 311, dt = 0.01, n_substeps = 20, dt_sub = 0.0005
2024-11-20 14:29:25,014 DEBUG loaded <trimesh.Trimesh(vertices.shape=(916, 3), faces.shape=(856, 3))> using `load_obj` in 0.0029s
2024-11-20 14:29:25,160 DEBUG loaded <trimesh.Trimesh(vertices.shape=(48, 3), faces.shape=(28, 3))> using `load_obj` in 0.0007s
2024-11-20 14:29:34,176 INFO =====> alpha: 0.01
2024-11-20 14:29:34,176 INFO =====> Loss info: {'particle_has_naninf': False, 'height_map_loss': 13.473182678222656, 'emd_loss': 23.92747688293457, 'total_loss': 23.92747688293457}
2024-11-20 14:29:34,761 INFO ===> New TaichiEnv created.
2024-11-20 14:29:34,761 INFO ===> Specifications: horizon = 311, dt = 0.01, n_substeps = 20, dt_sub = 0.0005
2024-11-20 14:29:34,785 DEBUG loaded <trimesh.Trimesh(vertices.shape=(916, 3), faces.shape=(856, 3))> using `load_obj` in 0.0031s
2024-11-20 14:29:34,932 DEBUG loaded <trimesh.Trimesh(vertices.shape=(48, 3), faces.shape=(28, 3))> using `load_obj` in 0.0007s
2024-11-20 14:29:44,619 INFO =====> alpha: 0.1
2024-11-20 14:29:44,619 INFO =====> Loss info: {'particle_has_naninf': False, 'height_map_loss': 13.48668098449707, 'emd_loss': 23.961210250854492, 'total_loss': 23.961210250854492}
2024-11-20 14:29:45,204 INFO ===> New TaichiEnv created.
2024-11-20 14:29:45,204 INFO ===> Specifications: horizon = 311, dt = 0.01, n_substeps = 20, dt_sub = 0.0005
2024-11-20 14:29:45,231 DEBUG loaded <trimesh.Trimesh(vertices.shape=(916, 3), faces.shape=(856, 3))> using `load_obj` in 0.0032s
2024-11-20 14:29:45,377 DEBUG loaded <trimesh.Trimesh(vertices.shape=(48, 3), faces.shape=(28, 3))> using `load_obj` in 0.0007s
2024-11-20 14:29:54,326 INFO =====> alpha: 0.5
2024-11-20 14:29:54,326 INFO =====> Loss info: {'particle_has_naninf': False, 'height_map_loss': 13.455178260803223, 'emd_loss': 24.39839744567871, 'total_loss': 24.39839744567871}
2024-11-20 14:29:54,909 INFO ===> New TaichiEnv created.
2024-11-20 14:29:54,909 INFO ===> Specifications: horizon = 311, dt = 0.01, n_substeps = 20, dt_sub = 0.0005
2024-11-20 14:29:54,932 DEBUG loaded <trimesh.Trimesh(vertices.shape=(916, 3), faces.shape=(856, 3))> using `load_obj` in 0.0029s
2024-11-20 14:29:55,077 DEBUG loaded <trimesh.Trimesh(vertices.shape=(48, 3), faces.shape=(28, 3))> using `load_obj` in 0.0007s
2024-11-20 14:30:04,675 INFO =====> alpha: 1.0
2024-11-20 14:30:04,675 INFO =====> Loss info: {'particle_has_naninf': False, 'height_map_loss': 13.43527603149414, 'emd_loss': 24.42808723449707, 'total_loss': 24.42808723449707}
2024-11-20 14:30:05,256 INFO ===> New TaichiEnv created.
2024-11-20 14:30:05,256 INFO ===> Specifications: horizon = 311, dt = 0.01, n_substeps = 20, dt_sub = 0.0005
2024-11-20 14:30:05,279 DEBUG loaded <trimesh.Trimesh(vertices.shape=(916, 3), faces.shape=(856, 3))> using `load_obj` in 0.0029s
2024-11-20 14:30:05,425 DEBUG loaded <trimesh.Trimesh(vertices.shape=(48, 3), faces.shape=(28, 3))> using `load_obj` in 0.0007s
2024-11-20 14:30:14,360 INFO =====> alpha: 1.01
2024-11-20 14:30:14,360 INFO =====> Loss info: {'particle_has_naninf': False, 'height_map_loss': 13.458181381225586, 'emd_loss': 24.421918869018555, 'total_loss': 24.421918869018555}
2024-11-20 14:30:14,944 INFO ===> New TaichiEnv created.
2024-11-20 14:30:14,944 INFO ===> Specifications: horizon = 311, dt = 0.01, n_substeps = 20, dt_sub = 0.0005
2024-11-20 14:30:14,967 DEBUG loaded <trimesh.Trimesh(vertices.shape=(916, 3), faces.shape=(856, 3))> using `load_obj` in 0.0030s
2024-11-20 14:30:15,113 DEBUG loaded <trimesh.Trimesh(vertices.shape=(48, 3), faces.shape=(28, 3))> using `load_obj` in 0.0007s
2024-11-20 14:30:24,757 INFO =====> alpha: 1.1
2024-11-20 14:30:24,757 INFO =====> Loss info: {'particle_has_naninf': False, 'height_map_loss': 13.452152252197266, 'emd_loss': 24.43450927734375, 'total_loss': 24.43450927734375}
2024-11-20 14:30:25,336 INFO ===> New TaichiEnv created.
2024-11-20 14:30:25,336 INFO ===> Specifications: horizon = 311, dt = 0.01, n_substeps = 20, dt_sub = 0.0005
2024-11-20 14:30:25,359 DEBUG loaded <trimesh.Trimesh(vertices.shape=(916, 3), faces.shape=(856, 3))> using `load_obj` in 0.0029s
2024-11-20 14:30:25,504 DEBUG loaded <trimesh.Trimesh(vertices.shape=(48, 3), faces.shape=(28, 3))> using `load_obj` in 0.0007s
2024-11-20 14:30:34,539 INFO =====> alpha: 1.5
2024-11-20 14:30:34,539 INFO =====> Loss info: {'particle_has_naninf': False, 'height_map_loss': 13.397472381591797, 'emd_loss': 24.457204818725586, 'total_loss': 24.457204818725586}
2024-11-20 14:30:34,539 INFO =====> Best alpha: 1.5, Best loss info: {'particle_has_naninf': False, 'height_map_loss': 13.397472381591797, 'emd_loss': 24.457204818725586, 'total_loss': 24.457204818725586}
2024-11-20 14:30:34,540 INFO =====> Param: E: [326960.25], nu: [0.15789396], rho: [1200.], sand_angle: [16.030136]
2024-11-20 14:30:34,540 INFO =====> Grad: [-8.2620131e-03 -8.6402246e+03  4.0328499e+01  2.6756512e+02]
2024-11-20 14:30:34,540 INFO =====> Num. aborted data so far: 0
2024-11-20 14:30:35,200 INFO ===> New TaichiEnv created.
2024-11-20 14:30:35,201 INFO ===> Specifications: horizon = 311, dt = 0.01, n_substeps = 20, dt_sub = 0.0005
2024-11-20 14:30:35,225 DEBUG loaded <trimesh.Trimesh(vertices.shape=(916, 3), faces.shape=(856, 3))> using `load_obj` in 0.0029s
2024-11-20 14:30:35,371 DEBUG loaded <trimesh.Trimesh(vertices.shape=(48, 3), faces.shape=(28, 3))> using `load_obj` in 0.0007s
2024-11-20 14:31:03,051 INFO =====> Epoch: 17
2024-11-20 14:31:03,051 INFO =====> Loss info: {'particle_has_naninf': False, 'height_map_loss': 13.398085594177246, 'emd_loss': 24.45824432373047, 'total_loss': 24.45824432373047}
2024-11-20 14:31:03,051 INFO =====> Performing line search for epoch 17......
2024-11-20 14:31:03,694 INFO ===> New TaichiEnv created.
2024-11-20 14:31:03,694 INFO ===> Specifications: horizon = 311, dt = 0.01, n_substeps = 20, dt_sub = 0.0005
2024-11-20 14:31:03,717 DEBUG loaded <trimesh.Trimesh(vertices.shape=(916, 3), faces.shape=(856, 3))> using `load_obj` in 0.0029s
2024-11-20 14:31:03,864 DEBUG loaded <trimesh.Trimesh(vertices.shape=(48, 3), faces.shape=(28, 3))> using `load_obj` in 0.0007s
2024-11-20 14:31:12,802 INFO =====> alpha: 0.01
2024-11-20 14:31:12,802 INFO =====> Loss info: {'particle_has_naninf': False, 'height_map_loss': 13.397493362426758, 'emd_loss': 24.451400756835938, 'total_loss': 24.451400756835938}
2024-11-20 14:31:13,384 INFO ===> New TaichiEnv created.
2024-11-20 14:31:13,384 INFO ===> Specifications: horizon = 311, dt = 0.01, n_substeps = 20, dt_sub = 0.0005
2024-11-20 14:31:13,408 DEBUG loaded <trimesh.Trimesh(vertices.shape=(916, 3), faces.shape=(856, 3))> using `load_obj` in 0.0029s
2024-11-20 14:31:13,555 DEBUG loaded <trimesh.Trimesh(vertices.shape=(48, 3), faces.shape=(28, 3))> using `load_obj` in 0.0007s
2024-11-20 14:31:23,217 INFO =====> alpha: 0.1
2024-11-20 14:31:23,217 INFO =====> Loss info: {'particle_has_naninf': False, 'height_map_loss': 13.417799949645996, 'emd_loss': 24.32729148864746, 'total_loss': 24.32729148864746}
2024-11-20 14:31:23,798 INFO ===> New TaichiEnv created.
2024-11-20 14:31:23,798 INFO ===> Specifications: horizon = 311, dt = 0.01, n_substeps = 20, dt_sub = 0.0005
2024-11-20 14:31:23,821 DEBUG loaded <trimesh.Trimesh(vertices.shape=(916, 3), faces.shape=(856, 3))> using `load_obj` in 0.0030s
2024-11-20 14:31:23,967 DEBUG loaded <trimesh.Trimesh(vertices.shape=(48, 3), faces.shape=(28, 3))> using `load_obj` in 0.0007s
2024-11-20 14:31:32,865 INFO =====> alpha: 0.5
2024-11-20 14:31:32,865 INFO =====> Loss info: {'particle_has_naninf': False, 'height_map_loss': 13.46524429321289, 'emd_loss': 23.981857299804688, 'total_loss': 23.981857299804688}
2024-11-20 14:31:33,460 INFO ===> New TaichiEnv created.
2024-11-20 14:31:33,460 INFO ===> Specifications: horizon = 311, dt = 0.01, n_substeps = 20, dt_sub = 0.0005
2024-11-20 14:31:33,483 DEBUG loaded <trimesh.Trimesh(vertices.shape=(916, 3), faces.shape=(856, 3))> using `load_obj` in 0.0028s
2024-11-20 14:31:33,630 DEBUG loaded <trimesh.Trimesh(vertices.shape=(48, 3), faces.shape=(28, 3))> using `load_obj` in 0.0007s
2024-11-20 14:31:43,208 INFO =====> alpha: 1.0
2024-11-20 14:31:43,208 INFO =====> Loss info: {'particle_has_naninf': False, 'height_map_loss': 13.51476764678955, 'emd_loss': 23.630876541137695, 'total_loss': 23.630876541137695}
2024-11-20 14:31:43,790 INFO ===> New TaichiEnv created.
2024-11-20 14:31:43,790 INFO ===> Specifications: horizon = 311, dt = 0.01, n_substeps = 20, dt_sub = 0.0005
2024-11-20 14:31:43,813 DEBUG loaded <trimesh.Trimesh(vertices.shape=(916, 3), faces.shape=(856, 3))> using `load_obj` in 0.0030s
2024-11-20 14:31:43,959 DEBUG loaded <trimesh.Trimesh(vertices.shape=(48, 3), faces.shape=(28, 3))> using `load_obj` in 0.0007s
2024-11-20 14:31:52,872 INFO =====> alpha: 1.01
2024-11-20 14:31:52,872 INFO =====> Loss info: {'particle_has_naninf': False, 'height_map_loss': 13.534391403198242, 'emd_loss': 23.620466232299805, 'total_loss': 23.620466232299805}
2024-11-20 14:31:53,450 INFO ===> New TaichiEnv created.
2024-11-20 14:31:53,450 INFO ===> Specifications: horizon = 311, dt = 0.01, n_substeps = 20, dt_sub = 0.0005
2024-11-20 14:31:53,473 DEBUG loaded <trimesh.Trimesh(vertices.shape=(916, 3), faces.shape=(856, 3))> using `load_obj` in 0.0029s
2024-11-20 14:31:53,618 DEBUG loaded <trimesh.Trimesh(vertices.shape=(48, 3), faces.shape=(28, 3))> using `load_obj` in 0.0007s
2024-11-20 14:32:03,210 INFO =====> alpha: 1.1
2024-11-20 14:32:03,210 INFO =====> Loss info: {'particle_has_naninf': False, 'height_map_loss': 13.532496452331543, 'emd_loss': 23.44314956665039, 'total_loss': 23.44314956665039}
2024-11-20 14:32:03,790 INFO ===> New TaichiEnv created.
2024-11-20 14:32:03,790 INFO ===> Specifications: horizon = 311, dt = 0.01, n_substeps = 20, dt_sub = 0.0005
2024-11-20 14:32:03,813 DEBUG loaded <trimesh.Trimesh(vertices.shape=(916, 3), faces.shape=(856, 3))> using `load_obj` in 0.0029s
2024-11-20 14:32:03,958 DEBUG loaded <trimesh.Trimesh(vertices.shape=(48, 3), faces.shape=(28, 3))> using `load_obj` in 0.0007s
2024-11-20 14:32:12,886 INFO =====> alpha: 1.5
2024-11-20 14:32:12,886 INFO =====> Loss info: {'particle_has_naninf': False, 'height_map_loss': 13.57430648803711, 'emd_loss': 23.748321533203125, 'total_loss': 23.748321533203125}
2024-11-20 14:32:12,887 INFO =====> Best alpha: 0.01, Best loss info: {'particle_has_naninf': False, 'height_map_loss': 13.397493362426758, 'emd_loss': 24.451400756835938, 'total_loss': 24.451400756835938}
2024-11-20 14:32:12,887 INFO =====> Param: E: [326951.38], nu: [0.15784073], rho: [1200.4622], sand_angle: [16.04602]
2024-11-20 14:32:12,887 INFO =====> Grad: [ 4.7977632e-04  5.1075522e+03 -2.5619987e+01 -1.0680887e+03]
2024-11-20 14:32:12,887 INFO =====> Num. aborted data so far: 0
2024-11-20 14:32:13,462 INFO ===> New TaichiEnv created.
2024-11-20 14:32:13,462 INFO ===> Specifications: horizon = 311, dt = 0.01, n_substeps = 20, dt_sub = 0.0005
2024-11-20 14:32:13,485 DEBUG loaded <trimesh.Trimesh(vertices.shape=(916, 3), faces.shape=(856, 3))> using `load_obj` in 0.0029s
2024-11-20 14:32:13,630 DEBUG loaded <trimesh.Trimesh(vertices.shape=(48, 3), faces.shape=(28, 3))> using `load_obj` in 0.0007s
2024-11-20 14:32:41,221 INFO =====> Epoch: 18
2024-11-20 14:32:41,221 INFO =====> Loss info: {'particle_has_naninf': False, 'height_map_loss': 13.397448539733887, 'emd_loss': 24.451740264892578, 'total_loss': 24.451740264892578}
2024-11-20 14:32:41,221 INFO =====> Performing line search for epoch 18......
2024-11-20 14:32:41,880 INFO ===> New TaichiEnv created.
2024-11-20 14:32:41,880 INFO ===> Specifications: horizon = 311, dt = 0.01, n_substeps = 20, dt_sub = 0.0005
2024-11-20 14:32:41,910 DEBUG loaded <trimesh.Trimesh(vertices.shape=(916, 3), faces.shape=(856, 3))> using `load_obj` in 0.0056s
2024-11-20 14:32:42,061 DEBUG loaded <trimesh.Trimesh(vertices.shape=(48, 3), faces.shape=(28, 3))> using `load_obj` in 0.0007s
2024-11-20 14:32:51,720 INFO =====> alpha: 0.01
2024-11-20 14:32:51,720 INFO =====> Loss info: {'particle_has_naninf': False, 'height_map_loss': 13.399113655090332, 'emd_loss': 24.420656204223633, 'total_loss': 24.420656204223633}
2024-11-20 14:32:52,350 INFO ===> New TaichiEnv created.
2024-11-20 14:32:52,350 INFO ===> Specifications: horizon = 311, dt = 0.01, n_substeps = 20, dt_sub = 0.0005
2024-11-20 14:32:52,374 DEBUG loaded <trimesh.Trimesh(vertices.shape=(916, 3), faces.shape=(856, 3))> using `load_obj` in 0.0031s
2024-11-20 14:32:52,520 DEBUG loaded <trimesh.Trimesh(vertices.shape=(48, 3), faces.shape=(28, 3))> using `load_obj` in 0.0007s
2024-11-20 14:33:01,608 INFO =====> alpha: 0.1
2024-11-20 14:33:01,608 INFO =====> Loss info: {'particle_has_naninf': False, 'height_map_loss': 13.403694152832031, 'emd_loss': 24.316896438598633, 'total_loss': 24.316896438598633}
2024-11-20 14:33:02,225 INFO ===> New TaichiEnv created.
2024-11-20 14:33:02,225 INFO ===> Specifications: horizon = 311, dt = 0.01, n_substeps = 20, dt_sub = 0.0005
2024-11-20 14:33:02,248 DEBUG loaded <trimesh.Trimesh(vertices.shape=(916, 3), faces.shape=(856, 3))> using `load_obj` in 0.0030s
2024-11-20 14:33:02,394 DEBUG loaded <trimesh.Trimesh(vertices.shape=(48, 3), faces.shape=(28, 3))> using `load_obj` in 0.0007s
2024-11-20 14:33:11,962 INFO =====> alpha: 0.5
2024-11-20 14:33:11,963 INFO =====> Loss info: {'particle_has_naninf': False, 'height_map_loss': 13.407562255859375, 'emd_loss': 23.753265380859375, 'total_loss': 23.753265380859375}
2024-11-20 14:33:12,552 INFO ===> New TaichiEnv created.
2024-11-20 14:33:12,552 INFO ===> Specifications: horizon = 311, dt = 0.01, n_substeps = 20, dt_sub = 0.0005
2024-11-20 14:33:12,576 DEBUG loaded <trimesh.Trimesh(vertices.shape=(916, 3), faces.shape=(856, 3))> using `load_obj` in 0.0030s
2024-11-20 14:33:12,722 DEBUG loaded <trimesh.Trimesh(vertices.shape=(48, 3), faces.shape=(28, 3))> using `load_obj` in 0.0007s
2024-11-20 14:33:21,671 INFO =====> alpha: 1.0
2024-11-20 14:33:21,671 INFO =====> Loss info: {'particle_has_naninf': False, 'height_map_loss': 13.461909294128418, 'emd_loss': 23.600183486938477, 'total_loss': 23.600183486938477}
2024-11-20 14:33:22,246 INFO ===> New TaichiEnv created.
2024-11-20 14:33:22,247 INFO ===> Specifications: horizon = 311, dt = 0.01, n_substeps = 20, dt_sub = 0.0005
2024-11-20 14:33:22,269 DEBUG loaded <trimesh.Trimesh(vertices.shape=(916, 3), faces.shape=(856, 3))> using `load_obj` in 0.0030s
2024-11-20 14:33:22,414 DEBUG loaded <trimesh.Trimesh(vertices.shape=(48, 3), faces.shape=(28, 3))> using `load_obj` in 0.0007s
2024-11-20 14:33:32,008 INFO =====> alpha: 1.01
2024-11-20 14:33:32,009 INFO =====> Loss info: {'particle_has_naninf': False, 'height_map_loss': 13.458724975585938, 'emd_loss': 23.601646423339844, 'total_loss': 23.601646423339844}
2024-11-20 14:33:32,584 INFO ===> New TaichiEnv created.
2024-11-20 14:33:32,584 INFO ===> Specifications: horizon = 311, dt = 0.01, n_substeps = 20, dt_sub = 0.0005
2024-11-20 14:33:32,607 DEBUG loaded <trimesh.Trimesh(vertices.shape=(916, 3), faces.shape=(856, 3))> using `load_obj` in 0.0030s
2024-11-20 14:33:32,752 DEBUG loaded <trimesh.Trimesh(vertices.shape=(48, 3), faces.shape=(28, 3))> using `load_obj` in 0.0007s
2024-11-20 14:33:41,708 INFO =====> alpha: 1.1
2024-11-20 14:33:41,708 INFO =====> Loss info: {'particle_has_naninf': False, 'height_map_loss': 13.45884895324707, 'emd_loss': 23.451305389404297, 'total_loss': 23.451305389404297}
2024-11-20 14:33:42,323 INFO ===> New TaichiEnv created.
2024-11-20 14:33:42,323 INFO ===> Specifications: horizon = 311, dt = 0.01, n_substeps = 20, dt_sub = 0.0005
2024-11-20 14:33:42,346 DEBUG loaded <trimesh.Trimesh(vertices.shape=(916, 3), faces.shape=(856, 3))> using `load_obj` in 0.0030s
2024-11-20 14:33:42,492 DEBUG loaded <trimesh.Trimesh(vertices.shape=(48, 3), faces.shape=(28, 3))> using `load_obj` in 0.0007s
2024-11-20 14:33:52,093 INFO =====> alpha: 1.5
2024-11-20 14:33:52,093 INFO =====> Loss info: {'particle_has_naninf': False, 'height_map_loss': 13.475598335266113, 'emd_loss': 23.60497283935547, 'total_loss': 23.60497283935547}
2024-11-20 14:33:52,093 INFO =====> Best alpha: 0.01, Best loss info: {'particle_has_naninf': False, 'height_map_loss': 13.399113655090332, 'emd_loss': 24.420656204223633, 'total_loss': 24.420656204223633}
2024-11-20 14:33:52,093 INFO =====> Param: E: [327502.5], nu: [0.15812287], rho: [1201.2418], sand_angle: [16.06495]
2024-11-20 14:33:52,093 INFO =====> Grad: [-5.7650369e-02 -5.6870832e+04 -4.7139862e+01 -1.5076809e+03]
2024-11-20 14:33:52,093 INFO =====> Num. aborted data so far: 0
2024-11-20 14:33:52,759 INFO ===> New TaichiEnv created.
2024-11-20 14:33:52,759 INFO ===> Specifications: horizon = 311, dt = 0.01, n_substeps = 20, dt_sub = 0.0005
2024-11-20 14:33:52,783 DEBUG loaded <trimesh.Trimesh(vertices.shape=(916, 3), faces.shape=(856, 3))> using `load_obj` in 0.0030s
2024-11-20 14:33:52,931 DEBUG loaded <trimesh.Trimesh(vertices.shape=(48, 3), faces.shape=(28, 3))> using `load_obj` in 0.0007s
2024-11-20 14:34:19,869 INFO =====> Epoch: 19
2024-11-20 14:34:19,869 INFO =====> Loss info: {'particle_has_naninf': False, 'height_map_loss': 13.399336814880371, 'emd_loss': 24.417903900146484, 'total_loss': 24.417903900146484}
2024-11-20 14:34:19,870 INFO =====> Performing line search for epoch 19......
2024-11-20 14:34:20,466 INFO ===> New TaichiEnv created.
2024-11-20 14:34:20,466 INFO ===> Specifications: horizon = 311, dt = 0.01, n_substeps = 20, dt_sub = 0.0005
2024-11-20 14:34:20,489 DEBUG loaded <trimesh.Trimesh(vertices.shape=(916, 3), faces.shape=(856, 3))> using `load_obj` in 0.0029s
2024-11-20 14:34:20,637 DEBUG loaded <trimesh.Trimesh(vertices.shape=(48, 3), faces.shape=(28, 3))> using `load_obj` in 0.0007s
2024-11-20 14:34:30,282 INFO =====> alpha: 0.01
2024-11-20 14:34:30,282 INFO =====> Loss info: {'particle_has_naninf': False, 'height_map_loss': 13.399906158447266, 'emd_loss': 24.277667999267578, 'total_loss': 24.277667999267578}
2024-11-20 14:34:30,862 INFO ===> New TaichiEnv created.
2024-11-20 14:34:30,862 INFO ===> Specifications: horizon = 311, dt = 0.01, n_substeps = 20, dt_sub = 0.0005
2024-11-20 14:34:30,885 DEBUG loaded <trimesh.Trimesh(vertices.shape=(916, 3), faces.shape=(856, 3))> using `load_obj` in 0.0030s
2024-11-20 14:34:31,037 DEBUG loaded <trimesh.Trimesh(vertices.shape=(48, 3), faces.shape=(28, 3))> using `load_obj` in 0.0007s
2024-11-20 14:34:40,021 INFO =====> alpha: 0.1
2024-11-20 14:34:40,021 INFO =====> Loss info: {'particle_has_naninf': False, 'height_map_loss': 13.398265838623047, 'emd_loss': 24.285888671875, 'total_loss': 24.285888671875}
2024-11-20 14:34:40,611 INFO ===> New TaichiEnv created.
2024-11-20 14:34:40,611 INFO ===> Specifications: horizon = 311, dt = 0.01, n_substeps = 20, dt_sub = 0.0005
2024-11-20 14:34:40,635 DEBUG loaded <trimesh.Trimesh(vertices.shape=(916, 3), faces.shape=(856, 3))> using `load_obj` in 0.0029s
2024-11-20 14:34:40,781 DEBUG loaded <trimesh.Trimesh(vertices.shape=(48, 3), faces.shape=(28, 3))> using `load_obj` in 0.0007s
2024-11-20 14:34:50,361 INFO =====> alpha: 0.5
2024-11-20 14:34:50,361 INFO =====> Loss info: {'particle_has_naninf': False, 'height_map_loss': 13.453629493713379, 'emd_loss': 24.382198333740234, 'total_loss': 24.382198333740234}
2024-11-20 14:34:50,952 INFO ===> New TaichiEnv created.
2024-11-20 14:34:50,952 INFO ===> Specifications: horizon = 311, dt = 0.01, n_substeps = 20, dt_sub = 0.0005
2024-11-20 14:34:50,975 DEBUG loaded <trimesh.Trimesh(vertices.shape=(916, 3), faces.shape=(856, 3))> using `load_obj` in 0.0030s
2024-11-20 14:34:51,121 DEBUG loaded <trimesh.Trimesh(vertices.shape=(48, 3), faces.shape=(28, 3))> using `load_obj` in 0.0007s
2024-11-20 14:35:00,151 INFO =====> alpha: 1.0
2024-11-20 14:35:00,151 INFO =====> Loss info: {'particle_has_naninf': False, 'height_map_loss': 13.449007987976074, 'emd_loss': 24.430723190307617, 'total_loss': 24.430723190307617}
2024-11-20 14:35:00,728 INFO ===> New TaichiEnv created.
2024-11-20 14:35:00,729 INFO ===> Specifications: horizon = 311, dt = 0.01, n_substeps = 20, dt_sub = 0.0005
2024-11-20 14:35:00,752 DEBUG loaded <trimesh.Trimesh(vertices.shape=(916, 3), faces.shape=(856, 3))> using `load_obj` in 0.0030s
2024-11-20 14:35:00,897 DEBUG loaded <trimesh.Trimesh(vertices.shape=(48, 3), faces.shape=(28, 3))> using `load_obj` in 0.0007s
2024-11-20 14:35:10,524 INFO =====> alpha: 1.01
2024-11-20 14:35:10,524 INFO =====> Loss info: {'particle_has_naninf': False, 'height_map_loss': 13.449006080627441, 'emd_loss': 24.443302154541016, 'total_loss': 24.443302154541016}
2024-11-20 14:35:11,103 INFO ===> New TaichiEnv created.
2024-11-20 14:35:11,103 INFO ===> Specifications: horizon = 311, dt = 0.01, n_substeps = 20, dt_sub = 0.0005
2024-11-20 14:35:11,126 DEBUG loaded <trimesh.Trimesh(vertices.shape=(916, 3), faces.shape=(856, 3))> using `load_obj` in 0.0030s
2024-11-20 14:35:11,271 DEBUG loaded <trimesh.Trimesh(vertices.shape=(48, 3), faces.shape=(28, 3))> using `load_obj` in 0.0007s
2024-11-20 14:35:20,262 INFO =====> alpha: 1.1
2024-11-20 14:35:20,262 INFO =====> Loss info: {'particle_has_naninf': False, 'height_map_loss': 13.456018447875977, 'emd_loss': 24.439184188842773, 'total_loss': 24.439184188842773}
2024-11-20 14:35:20,846 INFO ===> New TaichiEnv created.
2024-11-20 14:35:20,846 INFO ===> Specifications: horizon = 311, dt = 0.01, n_substeps = 20, dt_sub = 0.0005
2024-11-20 14:35:20,872 DEBUG loaded <trimesh.Trimesh(vertices.shape=(916, 3), faces.shape=(856, 3))> using `load_obj` in 0.0030s
2024-11-20 14:35:21,022 DEBUG loaded <trimesh.Trimesh(vertices.shape=(48, 3), faces.shape=(28, 3))> using `load_obj` in 0.0007s
2024-11-20 14:35:30,609 INFO =====> alpha: 1.5
2024-11-20 14:35:30,610 INFO =====> Loss info: {'particle_has_naninf': False, 'height_map_loss': 13.452167510986328, 'emd_loss': 24.239242553710938, 'total_loss': 24.239242553710938}
2024-11-20 14:35:30,610 INFO =====> Best alpha: 0.1, Best loss info: {'particle_has_naninf': False, 'height_map_loss': 13.398265838623047, 'emd_loss': 24.285888671875, 'total_loss': 24.285888671875}
2024-11-20 14:35:30,610 INFO =====> Param: E: [327463.06], nu: [0.15801796], rho: [1208.6075], sand_angle: [16.088968]
2024-11-20 14:35:30,610 INFO =====> Grad: [ 3.9129460e-04  2.0071228e+03 -4.7743824e+01 -1.8198056e+02]
2024-11-20 14:35:30,610 INFO =====> Num. aborted data so far: 0
2024-11-20 14:35:31,194 INFO ===> New TaichiEnv created.
2024-11-20 14:35:31,194 INFO ===> Specifications: horizon = 311, dt = 0.01, n_substeps = 20, dt_sub = 0.0005
2024-11-20 14:35:31,218 DEBUG loaded <trimesh.Trimesh(vertices.shape=(916, 3), faces.shape=(856, 3))> using `load_obj` in 0.0029s
2024-11-20 14:35:31,367 DEBUG loaded <trimesh.Trimesh(vertices.shape=(48, 3), faces.shape=(28, 3))> using `load_obj` in 0.0007s
2024-11-20 14:35:59,070 INFO =====> Epoch: 20
2024-11-20 14:35:59,071 INFO =====> Loss info: {'particle_has_naninf': False, 'height_map_loss': 13.398024559020996, 'emd_loss': 24.28598976135254, 'total_loss': 24.28598976135254}
2024-11-20 14:35:59,071 INFO =====> Performing line search for epoch 20......
2024-11-20 14:35:59,673 INFO ===> New TaichiEnv created.
2024-11-20 14:35:59,673 INFO ===> Specifications: horizon = 311, dt = 0.01, n_substeps = 20, dt_sub = 0.0005
2024-11-20 14:35:59,697 DEBUG loaded <trimesh.Trimesh(vertices.shape=(916, 3), faces.shape=(856, 3))> using `load_obj` in 0.0031s
2024-11-20 14:35:59,843 DEBUG loaded <trimesh.Trimesh(vertices.shape=(48, 3), faces.shape=(28, 3))> using `load_obj` in 0.0007s
2024-11-20 14:36:08,988 INFO =====> alpha: 0.01
2024-11-20 14:36:08,988 INFO =====> Loss info: {'particle_has_naninf': False, 'height_map_loss': 13.399820327758789, 'emd_loss': 24.316770553588867, 'total_loss': 24.316770553588867}
2024-11-20 14:36:09,568 INFO ===> New TaichiEnv created.
2024-11-20 14:36:09,568 INFO ===> Specifications: horizon = 311, dt = 0.01, n_substeps = 20, dt_sub = 0.0005
2024-11-20 14:36:09,591 DEBUG loaded <trimesh.Trimesh(vertices.shape=(916, 3), faces.shape=(856, 3))> using `load_obj` in 0.0029s
2024-11-20 14:36:09,737 DEBUG loaded <trimesh.Trimesh(vertices.shape=(48, 3), faces.shape=(28, 3))> using `load_obj` in 0.0007s
2024-11-20 14:36:19,378 INFO =====> alpha: 0.1
2024-11-20 14:36:19,379 INFO =====> Loss info: {'particle_has_naninf': False, 'height_map_loss': 13.390074729919434, 'emd_loss': 24.358356475830078, 'total_loss': 24.358356475830078}
2024-11-20 14:36:19,954 INFO ===> New TaichiEnv created.
2024-11-20 14:36:19,954 INFO ===> Specifications: horizon = 311, dt = 0.01, n_substeps = 20, dt_sub = 0.0005
2024-11-20 14:36:19,977 DEBUG loaded <trimesh.Trimesh(vertices.shape=(916, 3), faces.shape=(856, 3))> using `load_obj` in 0.0029s
2024-11-20 14:36:20,122 DEBUG loaded <trimesh.Trimesh(vertices.shape=(48, 3), faces.shape=(28, 3))> using `load_obj` in 0.0007s
2024-11-20 14:36:29,058 INFO =====> alpha: 0.5
2024-11-20 14:36:29,058 INFO =====> Loss info: {'particle_has_naninf': False, 'height_map_loss': 13.436797142028809, 'emd_loss': 24.3577823638916, 'total_loss': 24.3577823638916}
2024-11-20 14:36:29,702 INFO ===> New TaichiEnv created.
2024-11-20 14:36:29,702 INFO ===> Specifications: horizon = 311, dt = 0.01, n_substeps = 20, dt_sub = 0.0005
2024-11-20 14:36:29,725 DEBUG loaded <trimesh.Trimesh(vertices.shape=(916, 3), faces.shape=(856, 3))> using `load_obj` in 0.0030s
2024-11-20 14:36:29,872 DEBUG loaded <trimesh.Trimesh(vertices.shape=(48, 3), faces.shape=(28, 3))> using `load_obj` in 0.0007s
2024-11-20 14:36:39,550 INFO =====> alpha: 1.0
2024-11-20 14:36:39,550 INFO =====> Loss info: {'particle_has_naninf': False, 'height_map_loss': 13.426636695861816, 'emd_loss': 24.220918655395508, 'total_loss': 24.220918655395508}
2024-11-20 14:36:40,155 INFO ===> New TaichiEnv created.
2024-11-20 14:36:40,155 INFO ===> Specifications: horizon = 311, dt = 0.01, n_substeps = 20, dt_sub = 0.0005
2024-11-20 14:36:40,178 DEBUG loaded <trimesh.Trimesh(vertices.shape=(916, 3), faces.shape=(856, 3))> using `load_obj` in 0.0029s
2024-11-20 14:36:40,323 DEBUG loaded <trimesh.Trimesh(vertices.shape=(48, 3), faces.shape=(28, 3))> using `load_obj` in 0.0007s
2024-11-20 14:36:49,295 INFO =====> alpha: 1.01
2024-11-20 14:36:49,295 INFO =====> Loss info: {'particle_has_naninf': False, 'height_map_loss': 13.42661190032959, 'emd_loss': 24.222396850585938, 'total_loss': 24.222396850585938}
2024-11-20 14:36:49,872 INFO ===> New TaichiEnv created.
2024-11-20 14:36:49,872 INFO ===> Specifications: horizon = 311, dt = 0.01, n_substeps = 20, dt_sub = 0.0005
2024-11-20 14:36:49,895 DEBUG loaded <trimesh.Trimesh(vertices.shape=(916, 3), faces.shape=(856, 3))> using `load_obj` in 0.0029s
2024-11-20 14:36:50,042 DEBUG loaded <trimesh.Trimesh(vertices.shape=(48, 3), faces.shape=(28, 3))> using `load_obj` in 0.0007s
2024-11-20 14:36:59,652 INFO =====> alpha: 1.1
2024-11-20 14:36:59,652 INFO =====> Loss info: {'particle_has_naninf': False, 'height_map_loss': 13.427184104919434, 'emd_loss': 24.05789566040039, 'total_loss': 24.05789566040039}
2024-11-20 14:37:00,231 INFO ===> New TaichiEnv created.
2024-11-20 14:37:00,231 INFO ===> Specifications: horizon = 311, dt = 0.01, n_substeps = 20, dt_sub = 0.0005
2024-11-20 14:37:00,254 DEBUG loaded <trimesh.Trimesh(vertices.shape=(916, 3), faces.shape=(856, 3))> using `load_obj` in 0.0029s
2024-11-20 14:37:00,400 DEBUG loaded <trimesh.Trimesh(vertices.shape=(48, 3), faces.shape=(28, 3))> using `load_obj` in 0.0007s
2024-11-20 14:37:09,339 INFO =====> alpha: 1.5
2024-11-20 14:37:09,339 INFO =====> Loss info: {'particle_has_naninf': False, 'height_map_loss': 13.489189147949219, 'emd_loss': 24.007648468017578, 'total_loss': 24.007648468017578}
2024-11-20 14:37:09,339 INFO =====> Best alpha: 0.1, Best loss info: {'particle_has_naninf': False, 'height_map_loss': 13.390074729919434, 'emd_loss': 24.358356475830078, 'total_loss': 24.358356475830078}
2024-11-20 14:37:09,339 INFO =====> Param: E: [326226.94], nu: [0.15725137], rho: [1207.8213], sand_angle: [16.137308]
2024-11-20 14:37:09,339 INFO =====> Grad: [ 1.1866494e-02  1.4342120e+04  4.8407354e+00 -3.5161639e+02]
2024-11-20 14:37:09,339 INFO =====> Num. aborted data so far: 0
2024-11-20 14:37:09,919 INFO ===> New TaichiEnv created.
2024-11-20 14:37:09,919 INFO ===> Specifications: horizon = 311, dt = 0.01, n_substeps = 20, dt_sub = 0.0005
2024-11-20 14:37:09,943 DEBUG loaded <trimesh.Trimesh(vertices.shape=(916, 3), faces.shape=(856, 3))> using `load_obj` in 0.0030s
2024-11-20 14:37:10,089 DEBUG loaded <trimesh.Trimesh(vertices.shape=(48, 3), faces.shape=(28, 3))> using `load_obj` in 0.0007s
2024-11-20 14:37:37,789 INFO =====> Epoch: 21
2024-11-20 14:37:37,789 INFO =====> Loss info: {'particle_has_naninf': False, 'height_map_loss': 13.389983177185059, 'emd_loss': 24.368942260742188, 'total_loss': 24.368942260742188}
2024-11-20 14:37:37,789 INFO =====> Performing line search for epoch 21......
2024-11-20 14:37:38,389 INFO ===> New TaichiEnv created.
2024-11-20 14:37:38,389 INFO ===> Specifications: horizon = 311, dt = 0.01, n_substeps = 20, dt_sub = 0.0005
2024-11-20 14:37:38,412 DEBUG loaded <trimesh.Trimesh(vertices.shape=(916, 3), faces.shape=(856, 3))> using `load_obj` in 0.0030s
2024-11-20 14:37:38,559 DEBUG loaded <trimesh.Trimesh(vertices.shape=(48, 3), faces.shape=(28, 3))> using `load_obj` in 0.0007s
2024-11-20 14:37:47,471 INFO =====> alpha: 0.01
2024-11-20 14:37:47,471 INFO =====> Loss info: {'particle_has_naninf': False, 'height_map_loss': 13.397566795349121, 'emd_loss': 24.357999801635742, 'total_loss': 24.357999801635742}
2024-11-20 14:37:48,057 INFO ===> New TaichiEnv created.
2024-11-20 14:37:48,057 INFO ===> Specifications: horizon = 311, dt = 0.01, n_substeps = 20, dt_sub = 0.0005
2024-11-20 14:37:48,080 DEBUG loaded <trimesh.Trimesh(vertices.shape=(916, 3), faces.shape=(856, 3))> using `load_obj` in 0.0030s
2024-11-20 14:37:48,227 DEBUG loaded <trimesh.Trimesh(vertices.shape=(48, 3), faces.shape=(28, 3))> using `load_obj` in 0.0007s
2024-11-20 14:37:57,887 INFO =====> alpha: 0.1
2024-11-20 14:37:57,887 INFO =====> Loss info: {'particle_has_naninf': False, 'height_map_loss': 13.418177604675293, 'emd_loss': 24.337547302246094, 'total_loss': 24.337547302246094}
2024-11-20 14:37:58,467 INFO ===> New TaichiEnv created.
2024-11-20 14:37:58,467 INFO ===> Specifications: horizon = 311, dt = 0.01, n_substeps = 20, dt_sub = 0.0005
2024-11-20 14:37:58,490 DEBUG loaded <trimesh.Trimesh(vertices.shape=(916, 3), faces.shape=(856, 3))> using `load_obj` in 0.0031s
2024-11-20 14:37:58,636 DEBUG loaded <trimesh.Trimesh(vertices.shape=(48, 3), faces.shape=(28, 3))> using `load_obj` in 0.0007s
2024-11-20 14:38:07,605 INFO =====> alpha: 0.5
2024-11-20 14:38:07,605 INFO =====> Loss info: {'particle_has_naninf': False, 'height_map_loss': 13.41641616821289, 'emd_loss': 24.114900588989258, 'total_loss': 24.114900588989258}
2024-11-20 14:38:08,185 INFO ===> New TaichiEnv created.
2024-11-20 14:38:08,185 INFO ===> Specifications: horizon = 311, dt = 0.01, n_substeps = 20, dt_sub = 0.0005
2024-11-20 14:38:08,208 DEBUG loaded <trimesh.Trimesh(vertices.shape=(916, 3), faces.shape=(856, 3))> using `load_obj` in 0.0030s
2024-11-20 14:38:08,355 DEBUG loaded <trimesh.Trimesh(vertices.shape=(48, 3), faces.shape=(28, 3))> using `load_obj` in 0.0007s
2024-11-20 14:38:18,138 INFO =====> alpha: 1.0
2024-11-20 14:38:18,138 INFO =====> Loss info: {'particle_has_naninf': False, 'height_map_loss': 13.430889129638672, 'emd_loss': 23.90309715270996, 'total_loss': 23.90309715270996}
2024-11-20 14:38:18,717 INFO ===> New TaichiEnv created.
2024-11-20 14:38:18,717 INFO ===> Specifications: horizon = 311, dt = 0.01, n_substeps = 20, dt_sub = 0.0005
2024-11-20 14:38:18,744 DEBUG loaded <trimesh.Trimesh(vertices.shape=(916, 3), faces.shape=(856, 3))> using `load_obj` in 0.0030s
2024-11-20 14:38:18,890 DEBUG loaded <trimesh.Trimesh(vertices.shape=(48, 3), faces.shape=(28, 3))> using `load_obj` in 0.0007s
2024-11-20 14:38:27,917 INFO =====> alpha: 1.01
2024-11-20 14:38:27,917 INFO =====> Loss info: {'particle_has_naninf': False, 'height_map_loss': 13.43429946899414, 'emd_loss': 23.951671600341797, 'total_loss': 23.951671600341797}
2024-11-20 14:38:28,491 INFO ===> New TaichiEnv created.
2024-11-20 14:38:28,491 INFO ===> Specifications: horizon = 311, dt = 0.01, n_substeps = 20, dt_sub = 0.0005
2024-11-20 14:38:28,515 DEBUG loaded <trimesh.Trimesh(vertices.shape=(916, 3), faces.shape=(856, 3))> using `load_obj` in 0.0029s
2024-11-20 14:38:28,661 DEBUG loaded <trimesh.Trimesh(vertices.shape=(48, 3), faces.shape=(28, 3))> using `load_obj` in 0.0007s
2024-11-20 14:38:38,297 INFO =====> alpha: 1.1
2024-11-20 14:38:38,297 INFO =====> Loss info: {'particle_has_naninf': False, 'height_map_loss': 13.440838813781738, 'emd_loss': 23.857093811035156, 'total_loss': 23.857093811035156}
2024-11-20 14:38:38,872 INFO ===> New TaichiEnv created.
2024-11-20 14:38:38,873 INFO ===> Specifications: horizon = 311, dt = 0.01, n_substeps = 20, dt_sub = 0.0005
2024-11-20 14:38:38,895 DEBUG loaded <trimesh.Trimesh(vertices.shape=(916, 3), faces.shape=(856, 3))> using `load_obj` in 0.0029s
2024-11-20 14:38:39,041 DEBUG loaded <trimesh.Trimesh(vertices.shape=(48, 3), faces.shape=(28, 3))> using `load_obj` in 0.0007s
2024-11-20 14:38:48,100 INFO =====> alpha: 1.5
2024-11-20 14:38:48,100 INFO =====> Loss info: {'particle_has_naninf': False, 'height_map_loss': 13.45312213897705, 'emd_loss': 23.697303771972656, 'total_loss': 23.697303771972656}
2024-11-20 14:38:48,101 INFO =====> Best alpha: 0.01, Best loss info: {'particle_has_naninf': False, 'height_map_loss': 13.397566795349121, 'emd_loss': 24.357999801635742, 'total_loss': 24.357999801635742}
2024-11-20 14:38:48,101 INFO =====> Param: E: [326394.3], nu: [0.15731806], rho: [1208.2845], sand_angle: [16.145725]
2024-11-20 14:38:48,101 INFO =====> Grad: [-1.5806140e-02 -1.2108205e+04 -2.8303926e+01 -6.0255988e+02]
2024-11-20 14:38:48,101 INFO =====> Num. aborted data so far: 0
2024-11-20 14:38:48,679 INFO ===> New TaichiEnv created.
2024-11-20 14:38:48,679 INFO ===> Specifications: horizon = 311, dt = 0.01, n_substeps = 20, dt_sub = 0.0005
2024-11-20 14:38:48,703 DEBUG loaded <trimesh.Trimesh(vertices.shape=(916, 3), faces.shape=(856, 3))> using `load_obj` in 0.0029s
2024-11-20 14:38:48,849 DEBUG loaded <trimesh.Trimesh(vertices.shape=(48, 3), faces.shape=(28, 3))> using `load_obj` in 0.0007s
2024-11-20 14:39:16,638 INFO =====> Epoch: 22
2024-11-20 14:39:16,638 INFO =====> Loss info: {'particle_has_naninf': False, 'height_map_loss': 13.397435188293457, 'emd_loss': 24.357994079589844, 'total_loss': 24.357994079589844}
2024-11-20 14:39:16,638 INFO =====> Performing line search for epoch 22......
2024-11-20 14:39:17,244 INFO ===> New TaichiEnv created.
2024-11-20 14:39:17,244 INFO ===> Specifications: horizon = 311, dt = 0.01, n_substeps = 20, dt_sub = 0.0005
2024-11-20 14:39:17,267 DEBUG loaded <trimesh.Trimesh(vertices.shape=(916, 3), faces.shape=(856, 3))> using `load_obj` in 0.0030s
2024-11-20 14:39:17,418 DEBUG loaded <trimesh.Trimesh(vertices.shape=(48, 3), faces.shape=(28, 3))> using `load_obj` in 0.0007s
2024-11-20 14:39:27,101 INFO =====> alpha: 0.01
2024-11-20 14:39:27,101 INFO =====> Loss info: {'particle_has_naninf': False, 'height_map_loss': 13.394460678100586, 'emd_loss': 24.364778518676758, 'total_loss': 24.364778518676758}
2024-11-20 14:39:27,685 INFO ===> New TaichiEnv created.
2024-11-20 14:39:27,685 INFO ===> Specifications: horizon = 311, dt = 0.01, n_substeps = 20, dt_sub = 0.0005
2024-11-20 14:39:27,709 DEBUG loaded <trimesh.Trimesh(vertices.shape=(916, 3), faces.shape=(856, 3))> using `load_obj` in 0.0029s
2024-11-20 14:39:27,858 DEBUG loaded <trimesh.Trimesh(vertices.shape=(48, 3), faces.shape=(28, 3))> using `load_obj` in 0.0007s
2024-11-20 14:39:36,907 INFO =====> alpha: 0.1
2024-11-20 14:39:36,907 INFO =====> Loss info: {'particle_has_naninf': False, 'height_map_loss': 13.408713340759277, 'emd_loss': 24.44448471069336, 'total_loss': 24.44448471069336}
2024-11-20 14:39:37,489 INFO ===> New TaichiEnv created.
2024-11-20 14:39:37,489 INFO ===> Specifications: horizon = 311, dt = 0.01, n_substeps = 20, dt_sub = 0.0005
2024-11-20 14:39:37,512 DEBUG loaded <trimesh.Trimesh(vertices.shape=(916, 3), faces.shape=(856, 3))> using `load_obj` in 0.0030s
2024-11-20 14:39:37,658 DEBUG loaded <trimesh.Trimesh(vertices.shape=(48, 3), faces.shape=(28, 3))> using `load_obj` in 0.0007s
2024-11-20 14:39:46,749 INFO =====> alpha: 0.5
2024-11-20 14:39:46,749 INFO =====> Loss info: {'particle_has_naninf': False, 'height_map_loss': 13.483260154724121, 'emd_loss': 24.292301177978516, 'total_loss': 24.292301177978516}
2024-11-20 14:39:47,332 INFO ===> New TaichiEnv created.
2024-11-20 14:39:47,332 INFO ===> Specifications: horizon = 311, dt = 0.01, n_substeps = 20, dt_sub = 0.0005
2024-11-20 14:39:47,355 DEBUG loaded <trimesh.Trimesh(vertices.shape=(916, 3), faces.shape=(856, 3))> using `load_obj` in 0.0029s
2024-11-20 14:39:47,502 DEBUG loaded <trimesh.Trimesh(vertices.shape=(48, 3), faces.shape=(28, 3))> using `load_obj` in 0.0007s
2024-11-20 14:39:57,237 INFO =====> alpha: 1.0
2024-11-20 14:39:57,237 INFO =====> Loss info: {'particle_has_naninf': False, 'height_map_loss': 13.452980041503906, 'emd_loss': 24.38950538635254, 'total_loss': 24.38950538635254}
2024-11-20 14:39:57,820 INFO ===> New TaichiEnv created.
2024-11-20 14:39:57,820 INFO ===> Specifications: horizon = 311, dt = 0.01, n_substeps = 20, dt_sub = 0.0005
2024-11-20 14:39:57,843 DEBUG loaded <trimesh.Trimesh(vertices.shape=(916, 3), faces.shape=(856, 3))> using `load_obj` in 0.0029s
2024-11-20 14:39:57,989 DEBUG loaded <trimesh.Trimesh(vertices.shape=(48, 3), faces.shape=(28, 3))> using `load_obj` in 0.0007s
2024-11-20 14:40:07,008 INFO =====> alpha: 1.01
2024-11-20 14:40:07,008 INFO =====> Loss info: {'particle_has_naninf': False, 'height_map_loss': 13.452326774597168, 'emd_loss': 24.392574310302734, 'total_loss': 24.392574310302734}
2024-11-20 14:40:07,585 INFO ===> New TaichiEnv created.
2024-11-20 14:40:07,585 INFO ===> Specifications: horizon = 311, dt = 0.01, n_substeps = 20, dt_sub = 0.0005
2024-11-20 14:40:07,607 DEBUG loaded <trimesh.Trimesh(vertices.shape=(916, 3), faces.shape=(856, 3))> using `load_obj` in 0.0029s
2024-11-20 14:40:07,753 DEBUG loaded <trimesh.Trimesh(vertices.shape=(48, 3), faces.shape=(28, 3))> using `load_obj` in 0.0007s
2024-11-20 14:40:17,406 INFO =====> alpha: 1.1
2024-11-20 14:40:17,407 INFO =====> Loss info: {'particle_has_naninf': False, 'height_map_loss': 13.46641731262207, 'emd_loss': 24.37799644470215, 'total_loss': 24.37799644470215}
2024-11-20 14:40:17,984 INFO ===> New TaichiEnv created.
2024-11-20 14:40:17,984 INFO ===> Specifications: horizon = 311, dt = 0.01, n_substeps = 20, dt_sub = 0.0005
2024-11-20 14:40:18,007 DEBUG loaded <trimesh.Trimesh(vertices.shape=(916, 3), faces.shape=(856, 3))> using `load_obj` in 0.0030s
2024-11-20 14:40:18,153 DEBUG loaded <trimesh.Trimesh(vertices.shape=(48, 3), faces.shape=(28, 3))> using `load_obj` in 0.0007s
2024-11-20 14:40:27,106 INFO =====> alpha: 1.5
2024-11-20 14:40:27,106 INFO =====> Loss info: {'particle_has_naninf': False, 'height_map_loss': 13.531036376953125, 'emd_loss': 24.342693328857422, 'total_loss': 24.342693328857422}
2024-11-20 14:40:27,107 INFO =====> Best alpha: 0.01, Best loss info: {'particle_has_naninf': False, 'height_map_loss': 13.394460678100586, 'emd_loss': 24.364778518676758, 'total_loss': 24.364778518676758}
2024-11-20 14:40:27,107 INFO =====> Param: E: [326285.8], nu: [0.15724605], rho: [1207.8795], sand_angle: [16.136362]
2024-11-20 14:40:27,107 INFO =====> Grad: [9.8662591e-03 1.2736234e+04 2.4283157e+01 6.6574115e+02]
2024-11-20 14:40:27,107 INFO =====> Num. aborted data so far: 0
2024-11-20 14:40:27,758 INFO ===> New TaichiEnv created.
2024-11-20 14:40:27,758 INFO ===> Specifications: horizon = 311, dt = 0.01, n_substeps = 20, dt_sub = 0.0005
2024-11-20 14:40:27,782 DEBUG loaded <trimesh.Trimesh(vertices.shape=(916, 3), faces.shape=(856, 3))> using `load_obj` in 0.0029s
2024-11-20 14:40:27,927 DEBUG loaded <trimesh.Trimesh(vertices.shape=(48, 3), faces.shape=(28, 3))> using `load_obj` in 0.0007s
2024-11-20 14:40:55,606 INFO =====> Epoch: 23
2024-11-20 14:40:55,607 INFO =====> Loss info: {'particle_has_naninf': False, 'height_map_loss': 13.399405479431152, 'emd_loss': 24.35848045349121, 'total_loss': 24.35848045349121}
2024-11-20 14:40:55,607 INFO =====> Performing line search for epoch 23......
2024-11-20 14:40:56,271 INFO ===> New TaichiEnv created.
2024-11-20 14:40:56,271 INFO ===> Specifications: horizon = 311, dt = 0.01, n_substeps = 20, dt_sub = 0.0005
2024-11-20 14:40:56,295 DEBUG loaded <trimesh.Trimesh(vertices.shape=(916, 3), faces.shape=(856, 3))> using `load_obj` in 0.0031s
2024-11-20 14:40:56,444 DEBUG loaded <trimesh.Trimesh(vertices.shape=(48, 3), faces.shape=(28, 3))> using `load_obj` in 0.0007s
2024-11-20 14:41:06,079 INFO =====> alpha: 0.01
2024-11-20 14:41:06,079 INFO =====> Loss info: {'particle_has_naninf': False, 'height_map_loss': 13.40249252319336, 'emd_loss': 24.35835838317871, 'total_loss': 24.35835838317871}
2024-11-20 14:41:06,735 INFO ===> New TaichiEnv created.
2024-11-20 14:41:06,735 INFO ===> Specifications: horizon = 311, dt = 0.01, n_substeps = 20, dt_sub = 0.0005
2024-11-20 14:41:06,759 DEBUG loaded <trimesh.Trimesh(vertices.shape=(916, 3), faces.shape=(856, 3))> using `load_obj` in 0.0031s
2024-11-20 14:41:06,905 DEBUG loaded <trimesh.Trimesh(vertices.shape=(48, 3), faces.shape=(28, 3))> using `load_obj` in 0.0007s
2024-11-20 14:41:15,951 INFO =====> alpha: 0.1
2024-11-20 14:41:15,952 INFO =====> Loss info: {'particle_has_naninf': False, 'height_map_loss': 13.397128105163574, 'emd_loss': 24.35654640197754, 'total_loss': 24.35654640197754}
2024-11-20 14:41:16,538 INFO ===> New TaichiEnv created.
2024-11-20 14:41:16,538 INFO ===> Specifications: horizon = 311, dt = 0.01, n_substeps = 20, dt_sub = 0.0005
2024-11-20 14:41:16,561 DEBUG loaded <trimesh.Trimesh(vertices.shape=(916, 3), faces.shape=(856, 3))> using `load_obj` in 0.0030s
2024-11-20 14:41:16,706 DEBUG loaded <trimesh.Trimesh(vertices.shape=(48, 3), faces.shape=(28, 3))> using `load_obj` in 0.0007s
2024-11-20 14:41:26,395 INFO =====> alpha: 0.5
2024-11-20 14:41:26,395 INFO =====> Loss info: {'particle_has_naninf': False, 'height_map_loss': 13.422558784484863, 'emd_loss': 24.328672409057617, 'total_loss': 24.328672409057617}
2024-11-20 14:41:26,993 INFO ===> New TaichiEnv created.
2024-11-20 14:41:26,993 INFO ===> Specifications: horizon = 311, dt = 0.01, n_substeps = 20, dt_sub = 0.0005
2024-11-20 14:41:27,016 DEBUG loaded <trimesh.Trimesh(vertices.shape=(916, 3), faces.shape=(856, 3))> using `load_obj` in 0.0029s
2024-11-20 14:41:27,162 DEBUG loaded <trimesh.Trimesh(vertices.shape=(48, 3), faces.shape=(28, 3))> using `load_obj` in 0.0007s
2024-11-20 14:41:36,165 INFO =====> alpha: 1.0
2024-11-20 14:41:36,165 INFO =====> Loss info: {'particle_has_naninf': False, 'height_map_loss': 13.410025596618652, 'emd_loss': 24.360145568847656, 'total_loss': 24.360145568847656}
2024-11-20 14:41:36,745 INFO ===> New TaichiEnv created.
2024-11-20 14:41:36,745 INFO ===> Specifications: horizon = 311, dt = 0.01, n_substeps = 20, dt_sub = 0.0005
2024-11-20 14:41:36,769 DEBUG loaded <trimesh.Trimesh(vertices.shape=(916, 3), faces.shape=(856, 3))> using `load_obj` in 0.0029s
2024-11-20 14:41:36,917 DEBUG loaded <trimesh.Trimesh(vertices.shape=(48, 3), faces.shape=(28, 3))> using `load_obj` in 0.0007s
2024-11-20 14:41:46,636 INFO =====> alpha: 1.01
2024-11-20 14:41:46,636 INFO =====> Loss info: {'particle_has_naninf': False, 'height_map_loss': 13.410369873046875, 'emd_loss': 24.359954833984375, 'total_loss': 24.359954833984375}
2024-11-20 14:41:47,217 INFO ===> New TaichiEnv created.
2024-11-20 14:41:47,218 INFO ===> Specifications: horizon = 311, dt = 0.01, n_substeps = 20, dt_sub = 0.0005
2024-11-20 14:41:47,240 DEBUG loaded <trimesh.Trimesh(vertices.shape=(916, 3), faces.shape=(856, 3))> using `load_obj` in 0.0029s
2024-11-20 14:41:47,387 DEBUG loaded <trimesh.Trimesh(vertices.shape=(48, 3), faces.shape=(28, 3))> using `load_obj` in 0.0007s
2024-11-20 14:41:56,385 INFO =====> alpha: 1.1
2024-11-20 14:41:56,385 INFO =====> Loss info: {'particle_has_naninf': False, 'height_map_loss': 13.4154052734375, 'emd_loss': 24.35877799987793, 'total_loss': 24.35877799987793}
2024-11-20 14:41:56,975 INFO ===> New TaichiEnv created.
2024-11-20 14:41:56,976 INFO ===> Specifications: horizon = 311, dt = 0.01, n_substeps = 20, dt_sub = 0.0005
2024-11-20 14:41:57,000 DEBUG loaded <trimesh.Trimesh(vertices.shape=(916, 3), faces.shape=(856, 3))> using `load_obj` in 0.0031s
2024-11-20 14:41:57,146 DEBUG loaded <trimesh.Trimesh(vertices.shape=(48, 3), faces.shape=(28, 3))> using `load_obj` in 0.0007s
2024-11-20 14:42:06,757 INFO =====> alpha: 1.5
2024-11-20 14:42:06,757 INFO =====> Loss info: {'particle_has_naninf': False, 'height_map_loss': 13.416338920593262, 'emd_loss': 24.346538543701172, 'total_loss': 24.346538543701172}
2024-11-20 14:42:06,757 INFO =====> Best alpha: 0.1, Best loss info: {'particle_has_naninf': False, 'height_map_loss': 13.397128105163574, 'emd_loss': 24.35654640197754, 'total_loss': 24.35654640197754}
2024-11-20 14:42:06,757 INFO =====> Param: E: [326292.9], nu: [0.15736443], rho: [1206.5123], sand_angle: [16.14744]
2024-11-20 14:42:06,757 INFO =====> Grad: [-6.1151288e-05 -1.9880529e+03  7.8053613e+00 -7.4775986e+01]
2024-11-20 14:42:06,757 INFO =====> Num. aborted data so far: 0
2024-11-20 14:42:07,341 INFO ===> New TaichiEnv created.
2024-11-20 14:42:07,342 INFO ===> Specifications: horizon = 311, dt = 0.01, n_substeps = 20, dt_sub = 0.0005
2024-11-20 14:42:07,365 DEBUG loaded <trimesh.Trimesh(vertices.shape=(916, 3), faces.shape=(856, 3))> using `load_obj` in 0.0029s
2024-11-20 14:42:07,511 DEBUG loaded <trimesh.Trimesh(vertices.shape=(48, 3), faces.shape=(28, 3))> using `load_obj` in 0.0007s
2024-11-20 14:42:34,520 INFO =====> Epoch: 24
2024-11-20 14:42:34,520 INFO =====> Loss info: {'particle_has_naninf': False, 'height_map_loss': 13.39643383026123, 'emd_loss': 24.363391876220703, 'total_loss': 24.363391876220703}
2024-11-20 14:42:34,521 INFO =====> Performing line search for epoch 24......
2024-11-20 14:42:35,127 INFO ===> New TaichiEnv created.
2024-11-20 14:42:35,127 INFO ===> Specifications: horizon = 311, dt = 0.01, n_substeps = 20, dt_sub = 0.0005
2024-11-20 14:42:35,150 DEBUG loaded <trimesh.Trimesh(vertices.shape=(916, 3), faces.shape=(856, 3))> using `load_obj` in 0.0029s
2024-11-20 14:42:35,297 DEBUG loaded <trimesh.Trimesh(vertices.shape=(48, 3), faces.shape=(28, 3))> using `load_obj` in 0.0007s
2024-11-20 14:42:44,937 INFO =====> alpha: 0.01
2024-11-20 14:42:44,938 INFO =====> Loss info: {'particle_has_naninf': False, 'height_map_loss': 13.401698112487793, 'emd_loss': 24.357147216796875, 'total_loss': 24.357147216796875}
2024-11-20 14:42:45,526 INFO ===> New TaichiEnv created.
2024-11-20 14:42:45,526 INFO ===> Specifications: horizon = 311, dt = 0.01, n_substeps = 20, dt_sub = 0.0005
2024-11-20 14:42:45,549 DEBUG loaded <trimesh.Trimesh(vertices.shape=(916, 3), faces.shape=(856, 3))> using `load_obj` in 0.0029s
2024-11-20 14:42:45,696 DEBUG loaded <trimesh.Trimesh(vertices.shape=(48, 3), faces.shape=(28, 3))> using `load_obj` in 0.0007s
2024-11-20 14:42:54,709 INFO =====> alpha: 0.1
2024-11-20 14:42:54,709 INFO =====> Loss info: {'particle_has_naninf': False, 'height_map_loss': 13.414252281188965, 'emd_loss': 24.3572940826416, 'total_loss': 24.3572940826416}
2024-11-20 14:42:55,298 INFO ===> New TaichiEnv created.
2024-11-20 14:42:55,298 INFO ===> Specifications: horizon = 311, dt = 0.01, n_substeps = 20, dt_sub = 0.0005
2024-11-20 14:42:55,321 DEBUG loaded <trimesh.Trimesh(vertices.shape=(916, 3), faces.shape=(856, 3))> using `load_obj` in 0.0030s
2024-11-20 14:42:55,468 DEBUG loaded <trimesh.Trimesh(vertices.shape=(48, 3), faces.shape=(28, 3))> using `load_obj` in 0.0007s
2024-11-20 14:43:05,208 INFO =====> alpha: 0.5
2024-11-20 14:43:05,209 INFO =====> Loss info: {'particle_has_naninf': False, 'height_map_loss': 13.398077964782715, 'emd_loss': 24.60979461669922, 'total_loss': 24.60979461669922}
2024-11-20 14:43:05,789 INFO ===> New TaichiEnv created.
2024-11-20 14:43:05,789 INFO ===> Specifications: horizon = 311, dt = 0.01, n_substeps = 20, dt_sub = 0.0005
2024-11-20 14:43:05,813 DEBUG loaded <trimesh.Trimesh(vertices.shape=(916, 3), faces.shape=(856, 3))> using `load_obj` in 0.0030s
2024-11-20 14:43:05,959 DEBUG loaded <trimesh.Trimesh(vertices.shape=(48, 3), faces.shape=(28, 3))> using `load_obj` in 0.0007s
2024-11-20 14:43:14,963 INFO =====> alpha: 1.0
2024-11-20 14:43:14,963 INFO =====> Loss info: {'particle_has_naninf': False, 'height_map_loss': 13.450386047363281, 'emd_loss': 24.511856079101562, 'total_loss': 24.511856079101562}
2024-11-20 14:43:15,599 INFO ===> New TaichiEnv created.
2024-11-20 14:43:15,599 INFO ===> Specifications: horizon = 311, dt = 0.01, n_substeps = 20, dt_sub = 0.0005
2024-11-20 14:43:15,623 DEBUG loaded <trimesh.Trimesh(vertices.shape=(916, 3), faces.shape=(856, 3))> using `load_obj` in 0.0030s
2024-11-20 14:43:15,770 DEBUG loaded <trimesh.Trimesh(vertices.shape=(48, 3), faces.shape=(28, 3))> using `load_obj` in 0.0007s
2024-11-20 14:43:25,378 INFO =====> alpha: 1.01
2024-11-20 14:43:25,379 INFO =====> Loss info: {'particle_has_naninf': False, 'height_map_loss': 13.450523376464844, 'emd_loss': 24.5128173828125, 'total_loss': 24.5128173828125}
2024-11-20 14:43:25,962 INFO ===> New TaichiEnv created.
2024-11-20 14:43:25,962 INFO ===> Specifications: horizon = 311, dt = 0.01, n_substeps = 20, dt_sub = 0.0005
2024-11-20 14:43:25,986 DEBUG loaded <trimesh.Trimesh(vertices.shape=(916, 3), faces.shape=(856, 3))> using `load_obj` in 0.0030s
2024-11-20 14:43:26,133 DEBUG loaded <trimesh.Trimesh(vertices.shape=(48, 3), faces.shape=(28, 3))> using `load_obj` in 0.0007s
2024-11-20 14:43:35,210 INFO =====> alpha: 1.1
2024-11-20 14:43:35,210 INFO =====> Loss info: {'particle_has_naninf': False, 'height_map_loss': 13.462396621704102, 'emd_loss': 24.5097599029541, 'total_loss': 24.5097599029541}
2024-11-20 14:43:35,790 INFO ===> New TaichiEnv created.
2024-11-20 14:43:35,791 INFO ===> Specifications: horizon = 311, dt = 0.01, n_substeps = 20, dt_sub = 0.0005
2024-11-20 14:43:35,814 DEBUG loaded <trimesh.Trimesh(vertices.shape=(916, 3), faces.shape=(856, 3))> using `load_obj` in 0.0031s
2024-11-20 14:43:35,961 DEBUG loaded <trimesh.Trimesh(vertices.shape=(48, 3), faces.shape=(28, 3))> using `load_obj` in 0.0007s
2024-11-20 14:43:45,712 INFO =====> alpha: 1.5
2024-11-20 14:43:45,712 INFO =====> Loss info: {'particle_has_naninf': False, 'height_map_loss': 13.479378700256348, 'emd_loss': 24.440916061401367, 'total_loss': 24.440916061401367}
2024-11-20 14:43:45,712 INFO =====> Best alpha: 0.5, Best loss info: {'particle_has_naninf': False, 'height_map_loss': 13.398077964782715, 'emd_loss': 24.60979461669922, 'total_loss': 24.60979461669922}
2024-11-20 14:43:45,712 INFO =====> Param: E: [320951.88], nu: [0.1550442], rho: [1222.3763], sand_angle: [16.062904]
2024-11-20 14:43:45,712 INFO =====> Grad: [ 8.8702915e-03  7.4742192e+03 -1.7541700e+01  1.0841241e+02]
2024-11-20 14:43:45,712 INFO =====> Num. aborted data so far: 0
2024-11-20 14:43:46,296 INFO ===> New TaichiEnv created.
2024-11-20 14:43:46,297 INFO ===> Specifications: horizon = 311, dt = 0.01, n_substeps = 20, dt_sub = 0.0005
2024-11-20 14:43:46,320 DEBUG loaded <trimesh.Trimesh(vertices.shape=(916, 3), faces.shape=(856, 3))> using `load_obj` in 0.0030s
2024-11-20 14:43:46,466 DEBUG loaded <trimesh.Trimesh(vertices.shape=(48, 3), faces.shape=(28, 3))> using `load_obj` in 0.0007s
2024-11-20 14:44:14,214 INFO =====> Epoch: 25
2024-11-20 14:44:14,214 INFO =====> Loss info: {'particle_has_naninf': False, 'height_map_loss': 13.396824836730957, 'emd_loss': 24.61018180847168, 'total_loss': 24.61018180847168}
2024-11-20 14:44:14,214 INFO =====> Performing line search for epoch 25......
2024-11-20 14:44:14,822 INFO ===> New TaichiEnv created.
2024-11-20 14:44:14,822 INFO ===> Specifications: horizon = 311, dt = 0.01, n_substeps = 20, dt_sub = 0.0005
2024-11-20 14:44:14,845 DEBUG loaded <trimesh.Trimesh(vertices.shape=(916, 3), faces.shape=(856, 3))> using `load_obj` in 0.0030s
2024-11-20 14:44:14,993 DEBUG loaded <trimesh.Trimesh(vertices.shape=(48, 3), faces.shape=(28, 3))> using `load_obj` in 0.0007s
2024-11-20 14:44:23,991 INFO =====> alpha: 0.01
2024-11-20 14:44:23,991 INFO =====> Loss info: {'particle_has_naninf': False, 'height_map_loss': 13.398397445678711, 'emd_loss': 24.612857818603516, 'total_loss': 24.612857818603516}
2024-11-20 14:44:24,598 INFO ===> New TaichiEnv created.
2024-11-20 14:44:24,598 INFO ===> Specifications: horizon = 311, dt = 0.01, n_substeps = 20, dt_sub = 0.0005
2024-11-20 14:44:24,621 DEBUG loaded <trimesh.Trimesh(vertices.shape=(916, 3), faces.shape=(856, 3))> using `load_obj` in 0.0030s
2024-11-20 14:44:24,770 DEBUG loaded <trimesh.Trimesh(vertices.shape=(48, 3), faces.shape=(28, 3))> using `load_obj` in 0.0007s
2024-11-20 14:44:34,441 INFO =====> alpha: 0.1
2024-11-20 14:44:34,441 INFO =====> Loss info: {'particle_has_naninf': False, 'height_map_loss': 13.432662963867188, 'emd_loss': 24.480907440185547, 'total_loss': 24.480907440185547}
2024-11-20 14:44:35,094 INFO ===> New TaichiEnv created.
2024-11-20 14:44:35,094 INFO ===> Specifications: horizon = 311, dt = 0.01, n_substeps = 20, dt_sub = 0.0005
2024-11-20 14:44:35,117 DEBUG loaded <trimesh.Trimesh(vertices.shape=(916, 3), faces.shape=(856, 3))> using `load_obj` in 0.0029s
2024-11-20 14:44:35,263 DEBUG loaded <trimesh.Trimesh(vertices.shape=(48, 3), faces.shape=(28, 3))> using `load_obj` in 0.0007s
2024-11-20 14:44:44,313 INFO =====> alpha: 0.5
2024-11-20 14:44:44,313 INFO =====> Loss info: {'particle_has_naninf': False, 'height_map_loss': 13.50008773803711, 'emd_loss': 24.307302474975586, 'total_loss': 24.307302474975586}
2024-11-20 14:44:44,931 INFO ===> New TaichiEnv created.
2024-11-20 14:44:44,931 INFO ===> Specifications: horizon = 311, dt = 0.01, n_substeps = 20, dt_sub = 0.0005
2024-11-20 14:44:44,954 DEBUG loaded <trimesh.Trimesh(vertices.shape=(916, 3), faces.shape=(856, 3))> using `load_obj` in 0.0030s
2024-11-20 14:44:45,100 DEBUG loaded <trimesh.Trimesh(vertices.shape=(48, 3), faces.shape=(28, 3))> using `load_obj` in 0.0007s
2024-11-20 14:44:54,136 INFO =====> alpha: 1.0
2024-11-20 14:44:54,136 INFO =====> Loss info: {'particle_has_naninf': False, 'height_map_loss': 13.570563316345215, 'emd_loss': 24.655044555664062, 'total_loss': 24.655044555664062}
2024-11-20 14:44:54,749 INFO ===> New TaichiEnv created.
2024-11-20 14:44:54,749 INFO ===> Specifications: horizon = 311, dt = 0.01, n_substeps = 20, dt_sub = 0.0005
2024-11-20 14:44:54,772 DEBUG loaded <trimesh.Trimesh(vertices.shape=(916, 3), faces.shape=(856, 3))> using `load_obj` in 0.0029s
2024-11-20 14:44:54,920 DEBUG loaded <trimesh.Trimesh(vertices.shape=(48, 3), faces.shape=(28, 3))> using `load_obj` in 0.0007s
2024-11-20 14:45:04,557 INFO =====> alpha: 1.01
2024-11-20 14:45:04,557 INFO =====> Loss info: {'particle_has_naninf': False, 'height_map_loss': 13.575004577636719, 'emd_loss': 24.62816619873047, 'total_loss': 24.62816619873047}
2024-11-20 14:45:05,140 INFO ===> New TaichiEnv created.
2024-11-20 14:45:05,140 INFO ===> Specifications: horizon = 311, dt = 0.01, n_substeps = 20, dt_sub = 0.0005
2024-11-20 14:45:05,163 DEBUG loaded <trimesh.Trimesh(vertices.shape=(916, 3), faces.shape=(856, 3))> using `load_obj` in 0.0030s
2024-11-20 14:45:05,309 DEBUG loaded <trimesh.Trimesh(vertices.shape=(48, 3), faces.shape=(28, 3))> using `load_obj` in 0.0007s
2024-11-20 14:45:14,283 INFO =====> alpha: 1.1
2024-11-20 14:45:14,283 INFO =====> Loss info: {'particle_has_naninf': False, 'height_map_loss': 13.564550399780273, 'emd_loss': 24.651809692382812, 'total_loss': 24.651809692382812}
2024-11-20 14:45:14,860 INFO ===> New TaichiEnv created.
2024-11-20 14:45:14,860 INFO ===> Specifications: horizon = 311, dt = 0.01, n_substeps = 20, dt_sub = 0.0005
2024-11-20 14:45:14,883 DEBUG loaded <trimesh.Trimesh(vertices.shape=(916, 3), faces.shape=(856, 3))> using `load_obj` in 0.0030s
2024-11-20 14:45:15,030 DEBUG loaded <trimesh.Trimesh(vertices.shape=(48, 3), faces.shape=(28, 3))> using `load_obj` in 0.0007s
2024-11-20 14:45:24,658 INFO =====> alpha: 1.5
2024-11-20 14:45:24,659 INFO =====> Loss info: {'particle_has_naninf': False, 'height_map_loss': 13.615784645080566, 'emd_loss': 24.785118103027344, 'total_loss': 24.785118103027344}
2024-11-20 14:45:24,659 INFO =====> Best alpha: 0.01, Best loss info: {'particle_has_naninf': False, 'height_map_loss': 13.398397445678711, 'emd_loss': 24.612857818603516, 'total_loss': 24.612857818603516}
2024-11-20 14:45:24,659 INFO =====> Param: E: [320716.03], nu: [0.15495153], rho: [1223.0569], sand_angle: [16.057413]
2024-11-20 14:45:24,659 INFO =====> Grad: [ 2.0024249e-02  1.4809799e+04 -3.9546803e+01  3.3923196e+02]
2024-11-20 14:45:24,659 INFO =====> Num. aborted data so far: 0
2024-11-20 14:45:25,240 INFO ===> New TaichiEnv created.
2024-11-20 14:45:25,240 INFO ===> Specifications: horizon = 311, dt = 0.01, n_substeps = 20, dt_sub = 0.0005
2024-11-20 14:45:25,264 DEBUG loaded <trimesh.Trimesh(vertices.shape=(916, 3), faces.shape=(856, 3))> using `load_obj` in 0.0030s
2024-11-20 14:45:25,408 DEBUG loaded <trimesh.Trimesh(vertices.shape=(48, 3), faces.shape=(28, 3))> using `load_obj` in 0.0007s
2024-11-20 14:45:53,173 INFO =====> Epoch: 26
2024-11-20 14:45:53,173 INFO =====> Loss info: {'particle_has_naninf': False, 'height_map_loss': 13.404566764831543, 'emd_loss': 24.610980987548828, 'total_loss': 24.610980987548828}
2024-11-20 14:45:53,173 INFO =====> Performing line search for epoch 26......
2024-11-20 14:45:53,779 INFO ===> New TaichiEnv created.
2024-11-20 14:45:53,779 INFO ===> Specifications: horizon = 311, dt = 0.01, n_substeps = 20, dt_sub = 0.0005
2024-11-20 14:45:53,802 DEBUG loaded <trimesh.Trimesh(vertices.shape=(916, 3), faces.shape=(856, 3))> using `load_obj` in 0.0030s
2024-11-20 14:45:53,949 DEBUG loaded <trimesh.Trimesh(vertices.shape=(48, 3), faces.shape=(28, 3))> using `load_obj` in 0.0007s
2024-11-20 14:46:02,908 INFO =====> alpha: 0.01
2024-11-20 14:46:02,908 INFO =====> Loss info: {'particle_has_naninf': False, 'height_map_loss': 13.397867202758789, 'emd_loss': 24.614402770996094, 'total_loss': 24.614402770996094}
2024-11-20 14:46:03,499 INFO ===> New TaichiEnv created.
2024-11-20 14:46:03,499 INFO ===> Specifications: horizon = 311, dt = 0.01, n_substeps = 20, dt_sub = 0.0005
2024-11-20 14:46:03,522 DEBUG loaded <trimesh.Trimesh(vertices.shape=(916, 3), faces.shape=(856, 3))> using `load_obj` in 0.0030s
2024-11-20 14:46:03,670 DEBUG loaded <trimesh.Trimesh(vertices.shape=(48, 3), faces.shape=(28, 3))> using `load_obj` in 0.0007s
2024-11-20 14:46:13,357 INFO =====> alpha: 0.1
2024-11-20 14:46:13,357 INFO =====> Loss info: {'particle_has_naninf': False, 'height_map_loss': 13.408418655395508, 'emd_loss': 24.530014038085938, 'total_loss': 24.530014038085938}
2024-11-20 14:46:13,938 INFO ===> New TaichiEnv created.
2024-11-20 14:46:13,938 INFO ===> Specifications: horizon = 311, dt = 0.01, n_substeps = 20, dt_sub = 0.0005
2024-11-20 14:46:13,963 DEBUG loaded <trimesh.Trimesh(vertices.shape=(916, 3), faces.shape=(856, 3))> using `load_obj` in 0.0029s
2024-11-20 14:46:14,114 DEBUG loaded <trimesh.Trimesh(vertices.shape=(48, 3), faces.shape=(28, 3))> using `load_obj` in 0.0007s
2024-11-20 14:46:23,204 INFO =====> alpha: 0.5
2024-11-20 14:46:23,204 INFO =====> Loss info: {'particle_has_naninf': False, 'height_map_loss': 13.444438934326172, 'emd_loss': 24.409936904907227, 'total_loss': 24.409936904907227}
2024-11-20 14:46:23,792 INFO ===> New TaichiEnv created.
2024-11-20 14:46:23,793 INFO ===> Specifications: horizon = 311, dt = 0.01, n_substeps = 20, dt_sub = 0.0005
2024-11-20 14:46:23,816 DEBUG loaded <trimesh.Trimesh(vertices.shape=(916, 3), faces.shape=(856, 3))> using `load_obj` in 0.0030s
2024-11-20 14:46:23,963 DEBUG loaded <trimesh.Trimesh(vertices.shape=(48, 3), faces.shape=(28, 3))> using `load_obj` in 0.0007s
2024-11-20 14:46:33,642 INFO =====> alpha: 1.0
2024-11-20 14:46:33,642 INFO =====> Loss info: {'particle_has_naninf': False, 'height_map_loss': 13.424339294433594, 'emd_loss': 24.251201629638672, 'total_loss': 24.251201629638672}
2024-11-20 14:46:34,229 INFO ===> New TaichiEnv created.
2024-11-20 14:46:34,229 INFO ===> Specifications: horizon = 311, dt = 0.01, n_substeps = 20, dt_sub = 0.0005
2024-11-20 14:46:34,252 DEBUG loaded <trimesh.Trimesh(vertices.shape=(916, 3), faces.shape=(856, 3))> using `load_obj` in 0.0029s
2024-11-20 14:46:34,399 DEBUG loaded <trimesh.Trimesh(vertices.shape=(48, 3), faces.shape=(28, 3))> using `load_obj` in 0.0007s
2024-11-20 14:46:43,391 INFO =====> alpha: 1.01
2024-11-20 14:46:43,391 INFO =====> Loss info: {'particle_has_naninf': False, 'height_map_loss': 13.425237655639648, 'emd_loss': 24.08580207824707, 'total_loss': 24.08580207824707}
2024-11-20 14:46:43,980 INFO ===> New TaichiEnv created.
2024-11-20 14:46:43,980 INFO ===> Specifications: horizon = 311, dt = 0.01, n_substeps = 20, dt_sub = 0.0005
2024-11-20 14:46:44,003 DEBUG loaded <trimesh.Trimesh(vertices.shape=(916, 3), faces.shape=(856, 3))> using `load_obj` in 0.0030s
2024-11-20 14:46:44,152 DEBUG loaded <trimesh.Trimesh(vertices.shape=(48, 3), faces.shape=(28, 3))> using `load_obj` in 0.0007s
2024-11-20 14:46:53,866 INFO =====> alpha: 1.1
2024-11-20 14:46:53,866 INFO =====> Loss info: {'particle_has_naninf': False, 'height_map_loss': 13.424535751342773, 'emd_loss': 24.061086654663086, 'total_loss': 24.061086654663086}
2024-11-20 14:46:54,452 INFO ===> New TaichiEnv created.
2024-11-20 14:46:54,452 INFO ===> Specifications: horizon = 311, dt = 0.01, n_substeps = 20, dt_sub = 0.0005
2024-11-20 14:46:54,475 DEBUG loaded <trimesh.Trimesh(vertices.shape=(916, 3), faces.shape=(856, 3))> using `load_obj` in 0.0030s
2024-11-20 14:46:54,620 DEBUG loaded <trimesh.Trimesh(vertices.shape=(48, 3), faces.shape=(28, 3))> using `load_obj` in 0.0007s
2024-11-20 14:47:03,598 INFO =====> alpha: 1.5
2024-11-20 14:47:03,598 INFO =====> Loss info: {'particle_has_naninf': False, 'height_map_loss': 13.460806846618652, 'emd_loss': 24.11777114868164, 'total_loss': 24.11777114868164}
2024-11-20 14:47:03,599 INFO =====> Best alpha: 0.01, Best loss info: {'particle_has_naninf': False, 'height_map_loss': 13.397867202758789, 'emd_loss': 24.614402770996094, 'total_loss': 24.614402770996094}
2024-11-20 14:47:03,599 INFO =====> Param: E: [320879.97], nu: [0.15504527], rho: [1224.1199], sand_angle: [16.062462]
2024-11-20 14:47:03,599 INFO =====> Grad: [-1.3671850e-02 -1.4882708e+04 -7.9151581e+01 -2.9973904e+02]
2024-11-20 14:47:03,599 INFO =====> Num. aborted data so far: 0
2024-11-20 14:47:04,181 INFO ===> New TaichiEnv created.
2024-11-20 14:47:04,181 INFO ===> Specifications: horizon = 311, dt = 0.01, n_substeps = 20, dt_sub = 0.0005
2024-11-20 14:47:04,205 DEBUG loaded <trimesh.Trimesh(vertices.shape=(916, 3), faces.shape=(856, 3))> using `load_obj` in 0.0030s
2024-11-20 14:47:04,353 DEBUG loaded <trimesh.Trimesh(vertices.shape=(48, 3), faces.shape=(28, 3))> using `load_obj` in 0.0007s
2024-11-20 14:47:32,105 INFO =====> Epoch: 27
2024-11-20 14:47:32,105 INFO =====> Loss info: {'particle_has_naninf': False, 'height_map_loss': 13.402627944946289, 'emd_loss': 24.619380950927734, 'total_loss': 24.619380950927734}
2024-11-20 14:47:32,106 INFO =====> Performing line search for epoch 27......
2024-11-20 14:47:32,715 INFO ===> New TaichiEnv created.
2024-11-20 14:47:32,715 INFO ===> Specifications: horizon = 311, dt = 0.01, n_substeps = 20, dt_sub = 0.0005
2024-11-20 14:47:32,738 DEBUG loaded <trimesh.Trimesh(vertices.shape=(916, 3), faces.shape=(856, 3))> using `load_obj` in 0.0030s
2024-11-20 14:47:32,885 DEBUG loaded <trimesh.Trimesh(vertices.shape=(48, 3), faces.shape=(28, 3))> using `load_obj` in 0.0007s
2024-11-20 14:47:41,914 INFO =====> alpha: 0.01
2024-11-20 14:47:41,914 INFO =====> Loss info: {'particle_has_naninf': False, 'height_map_loss': 13.39897346496582, 'emd_loss': 24.624561309814453, 'total_loss': 24.624561309814453}
2024-11-20 14:47:42,492 INFO ===> New TaichiEnv created.
2024-11-20 14:47:42,492 INFO ===> Specifications: horizon = 311, dt = 0.01, n_substeps = 20, dt_sub = 0.0005
2024-11-20 14:47:42,516 DEBUG loaded <trimesh.Trimesh(vertices.shape=(916, 3), faces.shape=(856, 3))> using `load_obj` in 0.0031s
2024-11-20 14:47:42,662 DEBUG loaded <trimesh.Trimesh(vertices.shape=(48, 3), faces.shape=(28, 3))> using `load_obj` in 0.0007s
2024-11-20 14:47:52,353 INFO =====> alpha: 0.1
2024-11-20 14:47:52,354 INFO =====> Loss info: {'particle_has_naninf': False, 'height_map_loss': 13.428166389465332, 'emd_loss': 24.472787857055664, 'total_loss': 24.472787857055664}
2024-11-20 14:47:52,931 INFO ===> New TaichiEnv created.
2024-11-20 14:47:52,931 INFO ===> Specifications: horizon = 311, dt = 0.01, n_substeps = 20, dt_sub = 0.0005
2024-11-20 14:47:52,954 DEBUG loaded <trimesh.Trimesh(vertices.shape=(916, 3), faces.shape=(856, 3))> using `load_obj` in 0.0030s
2024-11-20 14:47:53,100 DEBUG loaded <trimesh.Trimesh(vertices.shape=(48, 3), faces.shape=(28, 3))> using `load_obj` in 0.0007s
2024-11-20 14:48:02,130 INFO =====> alpha: 0.5
2024-11-20 14:48:02,130 INFO =====> Loss info: {'particle_has_naninf': False, 'height_map_loss': 13.471040725708008, 'emd_loss': 24.224151611328125, 'total_loss': 24.224151611328125}
2024-11-20 14:48:02,716 INFO ===> New TaichiEnv created.
2024-11-20 14:48:02,716 INFO ===> Specifications: horizon = 311, dt = 0.01, n_substeps = 20, dt_sub = 0.0005
2024-11-20 14:48:02,740 DEBUG loaded <trimesh.Trimesh(vertices.shape=(916, 3), faces.shape=(856, 3))> using `load_obj` in 0.0029s
2024-11-20 14:48:02,886 DEBUG loaded <trimesh.Trimesh(vertices.shape=(48, 3), faces.shape=(28, 3))> using `load_obj` in 0.0007s
2024-11-20 14:48:12,549 INFO =====> alpha: 1.0
2024-11-20 14:48:12,549 INFO =====> Loss info: {'particle_has_naninf': False, 'height_map_loss': 13.482864379882812, 'emd_loss': 24.32725715637207, 'total_loss': 24.32725715637207}
2024-11-20 14:48:13,131 INFO ===> New TaichiEnv created.
2024-11-20 14:48:13,131 INFO ===> Specifications: horizon = 311, dt = 0.01, n_substeps = 20, dt_sub = 0.0005
2024-11-20 14:48:13,154 DEBUG loaded <trimesh.Trimesh(vertices.shape=(916, 3), faces.shape=(856, 3))> using `load_obj` in 0.0029s
2024-11-20 14:48:13,299 DEBUG loaded <trimesh.Trimesh(vertices.shape=(48, 3), faces.shape=(28, 3))> using `load_obj` in 0.0007s
2024-11-20 14:48:22,289 INFO =====> alpha: 1.01
2024-11-20 14:48:22,289 INFO =====> Loss info: {'particle_has_naninf': False, 'height_map_loss': 13.482802391052246, 'emd_loss': 24.32029151916504, 'total_loss': 24.32029151916504}
2024-11-20 14:48:22,867 INFO ===> New TaichiEnv created.
2024-11-20 14:48:22,867 INFO ===> Specifications: horizon = 311, dt = 0.01, n_substeps = 20, dt_sub = 0.0005
2024-11-20 14:48:22,890 DEBUG loaded <trimesh.Trimesh(vertices.shape=(916, 3), faces.shape=(856, 3))> using `load_obj` in 0.0029s
2024-11-20 14:48:23,036 DEBUG loaded <trimesh.Trimesh(vertices.shape=(48, 3), faces.shape=(28, 3))> using `load_obj` in 0.0007s
2024-11-20 14:48:32,728 INFO =====> alpha: 1.1
2024-11-20 14:48:32,728 INFO =====> Loss info: {'particle_has_naninf': False, 'height_map_loss': 13.480775833129883, 'emd_loss': 24.34527587890625, 'total_loss': 24.34527587890625}
2024-11-20 14:48:33,320 INFO ===> New TaichiEnv created.
2024-11-20 14:48:33,320 INFO ===> Specifications: horizon = 311, dt = 0.01, n_substeps = 20, dt_sub = 0.0005
2024-11-20 14:48:33,344 DEBUG loaded <trimesh.Trimesh(vertices.shape=(916, 3), faces.shape=(856, 3))> using `load_obj` in 0.0031s
2024-11-20 14:48:33,490 DEBUG loaded <trimesh.Trimesh(vertices.shape=(48, 3), faces.shape=(28, 3))> using `load_obj` in 0.0007s
2024-11-20 14:48:42,472 INFO =====> alpha: 1.5
2024-11-20 14:48:42,472 INFO =====> Loss info: {'particle_has_naninf': False, 'height_map_loss': 13.493992805480957, 'emd_loss': 24.424198150634766, 'total_loss': 24.424198150634766}
2024-11-20 14:48:42,472 INFO =====> Best alpha: 0.01, Best loss info: {'particle_has_naninf': False, 'height_map_loss': 13.39897346496582, 'emd_loss': 24.624561309814453, 'total_loss': 24.624561309814453}
2024-11-20 14:48:42,472 INFO =====> Param: E: [320746.03], nu: [0.15498917], rho: [1224.0975], sand_angle: [16.056095]
2024-11-20 14:48:42,473 INFO =====> Grad: [1.0841488e-02 8.5854365e+03 1.5820513e+00 3.6606644e+02]
2024-11-20 14:48:42,473 INFO =====> Num. aborted data so far: 0
2024-11-20 14:48:43,053 INFO ===> New TaichiEnv created.
2024-11-20 14:48:43,054 INFO ===> Specifications: horizon = 311, dt = 0.01, n_substeps = 20, dt_sub = 0.0005
2024-11-20 14:48:43,080 DEBUG loaded <trimesh.Trimesh(vertices.shape=(916, 3), faces.shape=(856, 3))> using `load_obj` in 0.0030s
2024-11-20 14:48:43,228 DEBUG loaded <trimesh.Trimesh(vertices.shape=(48, 3), faces.shape=(28, 3))> using `load_obj` in 0.0007s
2024-11-20 14:49:11,021 INFO =====> Epoch: 28
2024-11-20 14:49:11,022 INFO =====> Loss info: {'particle_has_naninf': False, 'height_map_loss': 13.399214744567871, 'emd_loss': 24.624990463256836, 'total_loss': 24.624990463256836}
2024-11-20 14:49:11,022 INFO =====> Performing line search for epoch 28......
2024-11-20 14:49:11,625 INFO ===> New TaichiEnv created.
2024-11-20 14:49:11,625 INFO ===> Specifications: horizon = 311, dt = 0.01, n_substeps = 20, dt_sub = 0.0005
2024-11-20 14:49:11,649 DEBUG loaded <trimesh.Trimesh(vertices.shape=(916, 3), faces.shape=(856, 3))> using `load_obj` in 0.0030s
2024-11-20 14:49:11,795 DEBUG loaded <trimesh.Trimesh(vertices.shape=(48, 3), faces.shape=(28, 3))> using `load_obj` in 0.0007s
2024-11-20 14:49:20,898 INFO =====> alpha: 0.01
2024-11-20 14:49:20,898 INFO =====> Loss info: {'particle_has_naninf': False, 'height_map_loss': 13.401251792907715, 'emd_loss': 24.61751365661621, 'total_loss': 24.61751365661621}
2024-11-20 14:49:21,475 INFO ===> New TaichiEnv created.
2024-11-20 14:49:21,475 INFO ===> Specifications: horizon = 311, dt = 0.01, n_substeps = 20, dt_sub = 0.0005
2024-11-20 14:49:21,498 DEBUG loaded <trimesh.Trimesh(vertices.shape=(916, 3), faces.shape=(856, 3))> using `load_obj` in 0.0029s
2024-11-20 14:49:21,645 DEBUG loaded <trimesh.Trimesh(vertices.shape=(48, 3), faces.shape=(28, 3))> using `load_obj` in 0.0007s
2024-11-20 14:49:31,325 INFO =====> alpha: 0.1
2024-11-20 14:49:31,326 INFO =====> Loss info: {'particle_has_naninf': False, 'height_map_loss': 13.409255981445312, 'emd_loss': 24.53583526611328, 'total_loss': 24.53583526611328}
2024-11-20 14:49:31,910 INFO ===> New TaichiEnv created.
2024-11-20 14:49:31,910 INFO ===> Specifications: horizon = 311, dt = 0.01, n_substeps = 20, dt_sub = 0.0005
2024-11-20 14:49:31,933 DEBUG loaded <trimesh.Trimesh(vertices.shape=(916, 3), faces.shape=(856, 3))> using `load_obj` in 0.0029s
2024-11-20 14:49:32,079 DEBUG loaded <trimesh.Trimesh(vertices.shape=(48, 3), faces.shape=(28, 3))> using `load_obj` in 0.0007s
2024-11-20 14:49:41,112 INFO =====> alpha: 0.5
2024-11-20 14:49:41,112 INFO =====> Loss info: {'particle_has_naninf': False, 'height_map_loss': 13.448468208312988, 'emd_loss': 24.43340301513672, 'total_loss': 24.43340301513672}
2024-11-20 14:49:41,704 INFO ===> New TaichiEnv created.
2024-11-20 14:49:41,704 INFO ===> Specifications: horizon = 311, dt = 0.01, n_substeps = 20, dt_sub = 0.0005
2024-11-20 14:49:41,727 DEBUG loaded <trimesh.Trimesh(vertices.shape=(916, 3), faces.shape=(856, 3))> using `load_obj` in 0.0030s
2024-11-20 14:49:41,875 DEBUG loaded <trimesh.Trimesh(vertices.shape=(48, 3), faces.shape=(28, 3))> using `load_obj` in 0.0007s
2024-11-20 14:49:51,608 INFO =====> alpha: 1.0
2024-11-20 14:49:51,608 INFO =====> Loss info: {'particle_has_naninf': False, 'height_map_loss': 13.456578254699707, 'emd_loss': 24.418071746826172, 'total_loss': 24.418071746826172}
2024-11-20 14:49:52,188 INFO ===> New TaichiEnv created.
2024-11-20 14:49:52,188 INFO ===> Specifications: horizon = 311, dt = 0.01, n_substeps = 20, dt_sub = 0.0005
2024-11-20 14:49:52,211 DEBUG loaded <trimesh.Trimesh(vertices.shape=(916, 3), faces.shape=(856, 3))> using `load_obj` in 0.0030s
2024-11-20 14:49:52,357 DEBUG loaded <trimesh.Trimesh(vertices.shape=(48, 3), faces.shape=(28, 3))> using `load_obj` in 0.0007s
2024-11-20 14:50:01,312 INFO =====> alpha: 1.01
2024-11-20 14:50:01,313 INFO =====> Loss info: {'particle_has_naninf': False, 'height_map_loss': 13.4564847946167, 'emd_loss': 24.425336837768555, 'total_loss': 24.425336837768555}
2024-11-20 14:50:01,899 INFO ===> New TaichiEnv created.
2024-11-20 14:50:01,899 INFO ===> Specifications: horizon = 311, dt = 0.01, n_substeps = 20, dt_sub = 0.0005
2024-11-20 14:50:01,922 DEBUG loaded <trimesh.Trimesh(vertices.shape=(916, 3), faces.shape=(856, 3))> using `load_obj` in 0.0030s
2024-11-20 14:50:02,069 DEBUG loaded <trimesh.Trimesh(vertices.shape=(48, 3), faces.shape=(28, 3))> using `load_obj` in 0.0007s
2024-11-20 14:50:11,679 INFO =====> alpha: 1.1
2024-11-20 14:50:11,679 INFO =====> Loss info: {'particle_has_naninf': False, 'height_map_loss': 13.457365036010742, 'emd_loss': 24.215227127075195, 'total_loss': 24.215227127075195}
2024-11-20 14:50:12,263 INFO ===> New TaichiEnv created.
2024-11-20 14:50:12,263 INFO ===> Specifications: horizon = 311, dt = 0.01, n_substeps = 20, dt_sub = 0.0005
2024-11-20 14:50:12,287 DEBUG loaded <trimesh.Trimesh(vertices.shape=(916, 3), faces.shape=(856, 3))> using `load_obj` in 0.0030s
2024-11-20 14:50:12,438 DEBUG loaded <trimesh.Trimesh(vertices.shape=(48, 3), faces.shape=(28, 3))> using `load_obj` in 0.0007s
2024-11-20 14:50:21,461 INFO =====> alpha: 1.5
2024-11-20 14:50:21,461 INFO =====> Loss info: {'particle_has_naninf': False, 'height_map_loss': 13.480875015258789, 'emd_loss': 24.122291564941406, 'total_loss': 24.122291564941406}
2024-11-20 14:50:21,461 INFO =====> Best alpha: 0.01, Best loss info: {'particle_has_naninf': False, 'height_map_loss': 13.401251792907715, 'emd_loss': 24.61751365661621, 'total_loss': 24.61751365661621}
2024-11-20 14:50:21,461 INFO =====> Param: E: [320729.72], nu: [0.15496927], rho: [1224.3145], sand_angle: [16.060959]
2024-11-20 14:50:21,462 INFO =====> Grad: [ 1.2523573e-03  2.8943381e+03 -1.4674654e+01 -2.6848135e+02]
2024-11-20 14:50:21,462 INFO =====> Num. aborted data so far: 0
2024-11-20 14:50:22,048 INFO ===> New TaichiEnv created.
2024-11-20 14:50:22,048 INFO ===> Specifications: horizon = 311, dt = 0.01, n_substeps = 20, dt_sub = 0.0005
2024-11-20 14:50:22,072 DEBUG loaded <trimesh.Trimesh(vertices.shape=(916, 3), faces.shape=(856, 3))> using `load_obj` in 0.0030s
2024-11-20 14:50:22,219 DEBUG loaded <trimesh.Trimesh(vertices.shape=(48, 3), faces.shape=(28, 3))> using `load_obj` in 0.0007s
2024-11-20 14:50:49,866 INFO =====> Epoch: 29
2024-11-20 14:50:49,866 INFO =====> Loss info: {'particle_has_naninf': False, 'height_map_loss': 13.401227951049805, 'emd_loss': 24.61237144470215, 'total_loss': 24.61237144470215}
2024-11-20 14:50:49,866 INFO =====> Performing line search for epoch 29......
2024-11-20 14:50:50,469 INFO ===> New TaichiEnv created.
2024-11-20 14:50:50,470 INFO ===> Specifications: horizon = 311, dt = 0.01, n_substeps = 20, dt_sub = 0.0005
2024-11-20 14:50:50,493 DEBUG loaded <trimesh.Trimesh(vertices.shape=(916, 3), faces.shape=(856, 3))> using `load_obj` in 0.0030s
2024-11-20 14:50:50,643 DEBUG loaded <trimesh.Trimesh(vertices.shape=(48, 3), faces.shape=(28, 3))> using `load_obj` in 0.0007s
2024-11-20 14:51:00,310 INFO =====> alpha: 0.01
2024-11-20 14:51:00,310 INFO =====> Loss info: {'particle_has_naninf': False, 'height_map_loss': 13.40692138671875, 'emd_loss': 24.617389678955078, 'total_loss': 24.617389678955078}
2024-11-20 14:51:00,895 INFO ===> New TaichiEnv created.
2024-11-20 14:51:00,895 INFO ===> Specifications: horizon = 311, dt = 0.01, n_substeps = 20, dt_sub = 0.0005
2024-11-20 14:51:00,918 DEBUG loaded <trimesh.Trimesh(vertices.shape=(916, 3), faces.shape=(856, 3))> using `load_obj` in 0.0029s
2024-11-20 14:51:01,067 DEBUG loaded <trimesh.Trimesh(vertices.shape=(48, 3), faces.shape=(28, 3))> using `load_obj` in 0.0007s
2024-11-20 14:51:10,096 INFO =====> alpha: 0.1
2024-11-20 14:51:10,096 INFO =====> Loss info: {'particle_has_naninf': False, 'height_map_loss': 13.440855026245117, 'emd_loss': 24.40655517578125, 'total_loss': 24.40655517578125}
2024-11-20 14:51:10,685 INFO ===> New TaichiEnv created.
2024-11-20 14:51:10,685 INFO ===> Specifications: horizon = 311, dt = 0.01, n_substeps = 20, dt_sub = 0.0005
2024-11-20 14:51:10,708 DEBUG loaded <trimesh.Trimesh(vertices.shape=(916, 3), faces.shape=(856, 3))> using `load_obj` in 0.0030s
2024-11-20 14:51:10,855 DEBUG loaded <trimesh.Trimesh(vertices.shape=(48, 3), faces.shape=(28, 3))> using `load_obj` in 0.0007s
2024-11-20 14:51:19,789 INFO =====> alpha: 0.5
2024-11-20 14:51:19,790 INFO =====> Loss info: {'particle_has_naninf': False, 'height_map_loss': 13.41455364227295, 'emd_loss': 24.095970153808594, 'total_loss': 24.095970153808594}
2024-11-20 14:51:20,374 INFO ===> New TaichiEnv created.
2024-11-20 14:51:20,374 INFO ===> Specifications: horizon = 311, dt = 0.01, n_substeps = 20, dt_sub = 0.0005
2024-11-20 14:51:20,397 DEBUG loaded <trimesh.Trimesh(vertices.shape=(916, 3), faces.shape=(856, 3))> using `load_obj` in 0.0029s
2024-11-20 14:51:20,544 DEBUG loaded <trimesh.Trimesh(vertices.shape=(48, 3), faces.shape=(28, 3))> using `load_obj` in 0.0007s
2024-11-20 14:51:30,194 INFO =====> alpha: 1.0
2024-11-20 14:51:30,194 INFO =====> Loss info: {'particle_has_naninf': False, 'height_map_loss': 13.413792610168457, 'emd_loss': 23.76698112487793, 'total_loss': 23.76698112487793}
2024-11-20 14:51:30,774 INFO ===> New TaichiEnv created.
2024-11-20 14:51:30,774 INFO ===> Specifications: horizon = 311, dt = 0.01, n_substeps = 20, dt_sub = 0.0005
2024-11-20 14:51:30,797 DEBUG loaded <trimesh.Trimesh(vertices.shape=(916, 3), faces.shape=(856, 3))> using `load_obj` in 0.0030s
2024-11-20 14:51:30,943 DEBUG loaded <trimesh.Trimesh(vertices.shape=(48, 3), faces.shape=(28, 3))> using `load_obj` in 0.0007s
2024-11-20 14:51:39,916 INFO =====> alpha: 1.01
2024-11-20 14:51:39,916 INFO =====> Loss info: {'particle_has_naninf': False, 'height_map_loss': 13.411913871765137, 'emd_loss': 23.75700569152832, 'total_loss': 23.75700569152832}
2024-11-20 14:51:40,536 INFO ===> New TaichiEnv created.
2024-11-20 14:51:40,536 INFO ===> Specifications: horizon = 311, dt = 0.01, n_substeps = 20, dt_sub = 0.0005
2024-11-20 14:51:40,560 DEBUG loaded <trimesh.Trimesh(vertices.shape=(916, 3), faces.shape=(856, 3))> using `load_obj` in 0.0029s
2024-11-20 14:51:40,708 DEBUG loaded <trimesh.Trimesh(vertices.shape=(48, 3), faces.shape=(28, 3))> using `load_obj` in 0.0007s
2024-11-20 14:51:50,472 INFO =====> alpha: 1.1
2024-11-20 14:51:50,472 INFO =====> Loss info: {'particle_has_naninf': False, 'height_map_loss': 13.411520004272461, 'emd_loss': 23.55600929260254, 'total_loss': 23.55600929260254}
2024-11-20 14:51:51,053 INFO ===> New TaichiEnv created.
2024-11-20 14:51:51,053 INFO ===> Specifications: horizon = 311, dt = 0.01, n_substeps = 20, dt_sub = 0.0005
2024-11-20 14:51:51,076 DEBUG loaded <trimesh.Trimesh(vertices.shape=(916, 3), faces.shape=(856, 3))> using `load_obj` in 0.0030s
2024-11-20 14:51:51,222 DEBUG loaded <trimesh.Trimesh(vertices.shape=(48, 3), faces.shape=(28, 3))> using `load_obj` in 0.0007s
2024-11-20 14:52:00,205 INFO =====> alpha: 1.5
2024-11-20 14:52:00,205 INFO =====> Loss info: {'particle_has_naninf': False, 'height_map_loss': 13.414244651794434, 'emd_loss': 23.443241119384766, 'total_loss': 23.443241119384766}
2024-11-20 14:52:00,206 INFO =====> Best alpha: 0.01, Best loss info: {'particle_has_naninf': False, 'height_map_loss': 13.40692138671875, 'emd_loss': 24.617389678955078, 'total_loss': 24.617389678955078}
2024-11-20 14:52:00,206 INFO =====> Param: E: [320990.06], nu: [0.15510292], rho: [1224.3003], sand_angle: [16.070433]
2024-11-20 14:52:00,206 INFO =====> Grad: [-2.0819234e-02 -2.0351145e+04  9.0840691e-01 -5.2003009e+02]
2024-11-20 14:52:00,206 INFO =====> Num. aborted data so far: 0
2024-11-20 14:52:00,863 INFO ===> New TaichiEnv created.
2024-11-20 14:52:00,864 INFO ===> Specifications: horizon = 311, dt = 0.01, n_substeps = 20, dt_sub = 0.0005
2024-11-20 14:52:00,891 DEBUG loaded <trimesh.Trimesh(vertices.shape=(916, 3), faces.shape=(856, 3))> using `load_obj` in 0.0040s
2024-11-20 14:52:01,040 DEBUG loaded <trimesh.Trimesh(vertices.shape=(48, 3), faces.shape=(28, 3))> using `load_obj` in 0.0007s
2024-11-20 14:52:28,870 INFO =====> Epoch: 30
2024-11-20 14:52:28,870 INFO =====> Loss info: {'particle_has_naninf': False, 'height_map_loss': 13.405155181884766, 'emd_loss': 24.643022537231445, 'total_loss': 24.643022537231445}
2024-11-20 14:52:28,870 INFO =====> Performing line search for epoch 30......
2024-11-20 14:52:29,480 INFO ===> New TaichiEnv created.
2024-11-20 14:52:29,480 INFO ===> Specifications: horizon = 311, dt = 0.01, n_substeps = 20, dt_sub = 0.0005
2024-11-20 14:52:29,503 DEBUG loaded <trimesh.Trimesh(vertices.shape=(916, 3), faces.shape=(856, 3))> using `load_obj` in 0.0030s
2024-11-20 14:52:29,650 DEBUG loaded <trimesh.Trimesh(vertices.shape=(48, 3), faces.shape=(28, 3))> using `load_obj` in 0.0007s
2024-11-20 14:52:39,461 INFO =====> alpha: 0.01
2024-11-20 14:52:39,461 INFO =====> Loss info: {'particle_has_naninf': False, 'height_map_loss': 13.402305603027344, 'emd_loss': 24.642330169677734, 'total_loss': 24.642330169677734}
2024-11-20 14:52:40,049 INFO ===> New TaichiEnv created.
2024-11-20 14:52:40,049 INFO ===> Specifications: horizon = 311, dt = 0.01, n_substeps = 20, dt_sub = 0.0005
2024-11-20 14:52:40,072 DEBUG loaded <trimesh.Trimesh(vertices.shape=(916, 3), faces.shape=(856, 3))> using `load_obj` in 0.0029s
2024-11-20 14:52:40,219 DEBUG loaded <trimesh.Trimesh(vertices.shape=(48, 3), faces.shape=(28, 3))> using `load_obj` in 0.0007s
2024-11-20 14:52:49,289 INFO =====> alpha: 0.1
2024-11-20 14:52:49,289 INFO =====> Loss info: {'particle_has_naninf': False, 'height_map_loss': 13.397510528564453, 'emd_loss': 24.627758026123047, 'total_loss': 24.627758026123047}
2024-11-20 14:52:49,870 INFO ===> New TaichiEnv created.
2024-11-20 14:52:49,870 INFO ===> Specifications: horizon = 311, dt = 0.01, n_substeps = 20, dt_sub = 0.0005
2024-11-20 14:52:49,893 DEBUG loaded <trimesh.Trimesh(vertices.shape=(916, 3), faces.shape=(856, 3))> using `load_obj` in 0.0031s
2024-11-20 14:52:50,041 DEBUG loaded <trimesh.Trimesh(vertices.shape=(48, 3), faces.shape=(28, 3))> using `load_obj` in 0.0007s
2024-11-20 14:52:59,770 INFO =====> alpha: 0.5
2024-11-20 14:52:59,770 INFO =====> Loss info: {'particle_has_naninf': False, 'height_map_loss': 13.427056312561035, 'emd_loss': 24.393430709838867, 'total_loss': 24.393430709838867}
2024-11-20 14:53:00,350 INFO ===> New TaichiEnv created.
2024-11-20 14:53:00,350 INFO ===> Specifications: horizon = 311, dt = 0.01, n_substeps = 20, dt_sub = 0.0005
2024-11-20 14:53:00,373 DEBUG loaded <trimesh.Trimesh(vertices.shape=(916, 3), faces.shape=(856, 3))> using `load_obj` in 0.0028s
2024-11-20 14:53:00,520 DEBUG loaded <trimesh.Trimesh(vertices.shape=(48, 3), faces.shape=(28, 3))> using `load_obj` in 0.0007s
2024-11-20 14:53:09,552 INFO =====> alpha: 1.0
2024-11-20 14:53:09,552 INFO =====> Loss info: {'particle_has_naninf': False, 'height_map_loss': 13.438664436340332, 'emd_loss': 24.239919662475586, 'total_loss': 24.239919662475586}
2024-11-20 14:53:10,134 INFO ===> New TaichiEnv created.
2024-11-20 14:53:10,134 INFO ===> Specifications: horizon = 311, dt = 0.01, n_substeps = 20, dt_sub = 0.0005
2024-11-20 14:53:10,157 DEBUG loaded <trimesh.Trimesh(vertices.shape=(916, 3), faces.shape=(856, 3))> using `load_obj` in 0.0031s
2024-11-20 14:53:10,304 DEBUG loaded <trimesh.Trimesh(vertices.shape=(48, 3), faces.shape=(28, 3))> using `load_obj` in 0.0007s
2024-11-20 14:53:19,261 INFO =====> alpha: 1.01
2024-11-20 14:53:19,261 INFO =====> Loss info: {'particle_has_naninf': False, 'height_map_loss': 13.439661979675293, 'emd_loss': 24.240455627441406, 'total_loss': 24.240455627441406}
2024-11-20 14:53:19,843 INFO ===> New TaichiEnv created.
2024-11-20 14:53:19,843 INFO ===> Specifications: horizon = 311, dt = 0.01, n_substeps = 20, dt_sub = 0.0005
2024-11-20 14:53:19,867 DEBUG loaded <trimesh.Trimesh(vertices.shape=(916, 3), faces.shape=(856, 3))> using `load_obj` in 0.0029s
2024-11-20 14:53:20,017 DEBUG loaded <trimesh.Trimesh(vertices.shape=(48, 3), faces.shape=(28, 3))> using `load_obj` in 0.0007s
2024-11-20 14:53:29,706 INFO =====> alpha: 1.1
2024-11-20 14:53:29,706 INFO =====> Loss info: {'particle_has_naninf': False, 'height_map_loss': 13.447425842285156, 'emd_loss': 24.24148178100586, 'total_loss': 24.24148178100586}
2024-11-20 14:53:30,290 INFO ===> New TaichiEnv created.
2024-11-20 14:53:30,290 INFO ===> Specifications: horizon = 311, dt = 0.01, n_substeps = 20, dt_sub = 0.0005
2024-11-20 14:53:30,314 DEBUG loaded <trimesh.Trimesh(vertices.shape=(916, 3), faces.shape=(856, 3))> using `load_obj` in 0.0031s
2024-11-20 14:53:30,462 DEBUG loaded <trimesh.Trimesh(vertices.shape=(48, 3), faces.shape=(28, 3))> using `load_obj` in 0.0007s
2024-11-20 14:53:39,404 INFO =====> alpha: 1.5
2024-11-20 14:53:39,404 INFO =====> Loss info: {'particle_has_naninf': False, 'height_map_loss': 13.465091705322266, 'emd_loss': 24.31493377685547, 'total_loss': 24.31493377685547}
2024-11-20 14:53:39,405 INFO =====> Best alpha: 0.1, Best loss info: {'particle_has_naninf': False, 'height_map_loss': 13.397510528564453, 'emd_loss': 24.627758026123047, 'total_loss': 24.627758026123047}
2024-11-20 14:53:39,405 INFO =====> Param: E: [321933.9], nu: [0.15527794], rho: [1230.2408], sand_angle: [16.044477]
2024-11-20 14:53:39,405 INFO =====> Grad: [-7.2416863e-03 -2.5321531e+03 -3.9038242e+01  1.3561380e+02]
2024-11-20 14:53:39,405 INFO =====> Num. aborted data so far: 0
2024-11-20 14:53:39,988 INFO ===> New TaichiEnv created.
2024-11-20 14:53:39,988 INFO ===> Specifications: horizon = 311, dt = 0.01, n_substeps = 20, dt_sub = 0.0005
2024-11-20 14:53:40,012 DEBUG loaded <trimesh.Trimesh(vertices.shape=(916, 3), faces.shape=(856, 3))> using `load_obj` in 0.0029s
2024-11-20 14:53:40,159 DEBUG loaded <trimesh.Trimesh(vertices.shape=(48, 3), faces.shape=(28, 3))> using `load_obj` in 0.0007s
2024-11-20 14:54:07,929 INFO =====> Epoch: 31
2024-11-20 14:54:07,929 INFO =====> Loss info: {'particle_has_naninf': False, 'height_map_loss': 13.397733688354492, 'emd_loss': 24.62061882019043, 'total_loss': 24.62061882019043}
2024-11-20 14:54:07,929 INFO =====> Performing line search for epoch 31......
2024-11-20 14:54:08,531 INFO ===> New TaichiEnv created.
2024-11-20 14:54:08,531 INFO ===> Specifications: horizon = 311, dt = 0.01, n_substeps = 20, dt_sub = 0.0005
2024-11-20 14:54:08,555 DEBUG loaded <trimesh.Trimesh(vertices.shape=(916, 3), faces.shape=(856, 3))> using `load_obj` in 0.0030s
2024-11-20 14:54:08,702 DEBUG loaded <trimesh.Trimesh(vertices.shape=(48, 3), faces.shape=(28, 3))> using `load_obj` in 0.0007s
2024-11-20 14:54:18,378 INFO =====> alpha: 0.01
2024-11-20 14:54:18,378 INFO =====> Loss info: {'particle_has_naninf': False, 'height_map_loss': 13.398067474365234, 'emd_loss': 24.61676597595215, 'total_loss': 24.61676597595215}
2024-11-20 14:54:18,959 INFO ===> New TaichiEnv created.
2024-11-20 14:54:18,959 INFO ===> Specifications: horizon = 311, dt = 0.01, n_substeps = 20, dt_sub = 0.0005
2024-11-20 14:54:18,982 DEBUG loaded <trimesh.Trimesh(vertices.shape=(916, 3), faces.shape=(856, 3))> using `load_obj` in 0.0029s
2024-11-20 14:54:19,128 DEBUG loaded <trimesh.Trimesh(vertices.shape=(48, 3), faces.shape=(28, 3))> using `load_obj` in 0.0007s
2024-11-20 14:54:28,135 INFO =====> alpha: 0.1
2024-11-20 14:54:28,135 INFO =====> Loss info: {'particle_has_naninf': False, 'height_map_loss': 13.422788619995117, 'emd_loss': 24.413105010986328, 'total_loss': 24.413105010986328}
2024-11-20 14:54:28,725 INFO ===> New TaichiEnv created.
2024-11-20 14:54:28,725 INFO ===> Specifications: horizon = 311, dt = 0.01, n_substeps = 20, dt_sub = 0.0005
2024-11-20 14:54:28,749 DEBUG loaded <trimesh.Trimesh(vertices.shape=(916, 3), faces.shape=(856, 3))> using `load_obj` in 0.0031s
2024-11-20 14:54:28,895 DEBUG loaded <trimesh.Trimesh(vertices.shape=(48, 3), faces.shape=(28, 3))> using `load_obj` in 0.0007s
2024-11-20 14:54:38,652 INFO =====> alpha: 0.5
2024-11-20 14:54:38,652 INFO =====> Loss info: {'particle_has_naninf': False, 'height_map_loss': 13.475088119506836, 'emd_loss': 24.25582504272461, 'total_loss': 24.25582504272461}
2024-11-20 14:54:39,240 INFO ===> New TaichiEnv created.
2024-11-20 14:54:39,240 INFO ===> Specifications: horizon = 311, dt = 0.01, n_substeps = 20, dt_sub = 0.0005
2024-11-20 14:54:39,264 DEBUG loaded <trimesh.Trimesh(vertices.shape=(916, 3), faces.shape=(856, 3))> using `load_obj` in 0.0029s
2024-11-20 14:54:39,411 DEBUG loaded <trimesh.Trimesh(vertices.shape=(48, 3), faces.shape=(28, 3))> using `load_obj` in 0.0007s
2024-11-20 14:54:48,328 INFO =====> alpha: 1.0
2024-11-20 14:54:48,328 INFO =====> Loss info: {'particle_has_naninf': False, 'height_map_loss': 13.511205673217773, 'emd_loss': 24.269962310791016, 'total_loss': 24.269962310791016}
2024-11-20 14:54:48,913 INFO ===> New TaichiEnv created.
2024-11-20 14:54:48,913 INFO ===> Specifications: horizon = 311, dt = 0.01, n_substeps = 20, dt_sub = 0.0005
2024-11-20 14:54:48,936 DEBUG loaded <trimesh.Trimesh(vertices.shape=(916, 3), faces.shape=(856, 3))> using `load_obj` in 0.0030s
2024-11-20 14:54:49,084 DEBUG loaded <trimesh.Trimesh(vertices.shape=(48, 3), faces.shape=(28, 3))> using `load_obj` in 0.0007s
2024-11-20 14:54:58,011 INFO =====> alpha: 1.01
2024-11-20 14:54:58,011 INFO =====> Loss info: {'particle_has_naninf': False, 'height_map_loss': 13.508684158325195, 'emd_loss': 24.27339744567871, 'total_loss': 24.27339744567871}
2024-11-20 14:54:58,590 INFO ===> New TaichiEnv created.
2024-11-20 14:54:58,591 INFO ===> Specifications: horizon = 311, dt = 0.01, n_substeps = 20, dt_sub = 0.0005
2024-11-20 14:54:58,614 DEBUG loaded <trimesh.Trimesh(vertices.shape=(916, 3), faces.shape=(856, 3))> using `load_obj` in 0.0029s
2024-11-20 14:54:58,761 DEBUG loaded <trimesh.Trimesh(vertices.shape=(48, 3), faces.shape=(28, 3))> using `load_obj` in 0.0007s
2024-11-20 14:55:08,485 INFO =====> alpha: 1.1
2024-11-20 14:55:08,485 INFO =====> Loss info: {'particle_has_naninf': False, 'height_map_loss': 13.498637199401855, 'emd_loss': 23.932025909423828, 'total_loss': 23.932025909423828}
2024-11-20 14:55:09,065 INFO ===> New TaichiEnv created.
2024-11-20 14:55:09,066 INFO ===> Specifications: horizon = 311, dt = 0.01, n_substeps = 20, dt_sub = 0.0005
2024-11-20 14:55:09,089 DEBUG loaded <trimesh.Trimesh(vertices.shape=(916, 3), faces.shape=(856, 3))> using `load_obj` in 0.0030s
2024-11-20 14:55:09,237 DEBUG loaded <trimesh.Trimesh(vertices.shape=(48, 3), faces.shape=(28, 3))> using `load_obj` in 0.0007s
2024-11-20 14:55:18,320 INFO =====> alpha: 1.5
2024-11-20 14:55:18,320 INFO =====> Loss info: {'particle_has_naninf': False, 'height_map_loss': 13.547310829162598, 'emd_loss': 24.034435272216797, 'total_loss': 24.034435272216797}
2024-11-20 14:55:18,321 INFO =====> Best alpha: 0.01, Best loss info: {'particle_has_naninf': False, 'height_map_loss': 13.398067474365234, 'emd_loss': 24.61676597595215, 'total_loss': 24.61676597595215}
2024-11-20 14:55:18,321 INFO =====> Param: E: [321722.72], nu: [0.15516864], rho: [1230.4963], sand_angle: [16.050282]
2024-11-20 14:55:18,321 INFO =====> Grad: [ 1.6306963e-02  1.5988417e+04 -1.6143019e+01 -2.9266162e+02]
2024-11-20 14:55:18,321 INFO =====> Num. aborted data so far: 0
2024-11-20 14:55:18,920 INFO ===> New TaichiEnv created.
2024-11-20 14:55:18,920 INFO ===> Specifications: horizon = 311, dt = 0.01, n_substeps = 20, dt_sub = 0.0005
2024-11-20 14:55:18,944 DEBUG loaded <trimesh.Trimesh(vertices.shape=(916, 3), faces.shape=(856, 3))> using `load_obj` in 0.0030s
2024-11-20 14:55:19,093 DEBUG loaded <trimesh.Trimesh(vertices.shape=(48, 3), faces.shape=(28, 3))> using `load_obj` in 0.0007s
2024-11-20 14:55:46,923 INFO =====> Epoch: 32
2024-11-20 14:55:46,923 INFO =====> Loss info: {'particle_has_naninf': False, 'height_map_loss': 13.404269218444824, 'emd_loss': 24.6202449798584, 'total_loss': 24.6202449798584}
2024-11-20 14:55:46,923 INFO =====> Performing line search for epoch 32......
2024-11-20 14:55:47,531 INFO ===> New TaichiEnv created.
2024-11-20 14:55:47,531 INFO ===> Specifications: horizon = 311, dt = 0.01, n_substeps = 20, dt_sub = 0.0005
2024-11-20 14:55:47,555 DEBUG loaded <trimesh.Trimesh(vertices.shape=(916, 3), faces.shape=(856, 3))> using `load_obj` in 0.0031s
2024-11-20 14:55:47,705 DEBUG loaded <trimesh.Trimesh(vertices.shape=(48, 3), faces.shape=(28, 3))> using `load_obj` in 0.0007s
2024-11-20 14:55:57,525 INFO =====> alpha: 0.01
2024-11-20 14:55:57,525 INFO =====> Loss info: {'particle_has_naninf': False, 'height_map_loss': 13.398903846740723, 'emd_loss': 24.627286911010742, 'total_loss': 24.627286911010742}
2024-11-20 14:55:58,109 INFO ===> New TaichiEnv created.
2024-11-20 14:55:58,109 INFO ===> Specifications: horizon = 311, dt = 0.01, n_substeps = 20, dt_sub = 0.0005
2024-11-20 14:55:58,133 DEBUG loaded <trimesh.Trimesh(vertices.shape=(916, 3), faces.shape=(856, 3))> using `load_obj` in 0.0031s
2024-11-20 14:55:58,280 DEBUG loaded <trimesh.Trimesh(vertices.shape=(48, 3), faces.shape=(28, 3))> using `load_obj` in 0.0007s
2024-11-20 14:56:07,333 INFO =====> alpha: 0.1
2024-11-20 14:56:07,333 INFO =====> Loss info: {'particle_has_naninf': False, 'height_map_loss': 13.436053276062012, 'emd_loss': 24.47119903564453, 'total_loss': 24.47119903564453}
2024-11-20 14:56:07,978 INFO ===> New TaichiEnv created.
2024-11-20 14:56:07,978 INFO ===> Specifications: horizon = 311, dt = 0.01, n_substeps = 20, dt_sub = 0.0005
2024-11-20 14:56:08,001 DEBUG loaded <trimesh.Trimesh(vertices.shape=(916, 3), faces.shape=(856, 3))> using `load_obj` in 0.0030s
2024-11-20 14:56:08,148 DEBUG loaded <trimesh.Trimesh(vertices.shape=(48, 3), faces.shape=(28, 3))> using `load_obj` in 0.0007s
2024-11-20 14:56:17,894 INFO =====> alpha: 0.5
2024-11-20 14:56:17,894 INFO =====> Loss info: {'particle_has_naninf': False, 'height_map_loss': 13.494463920593262, 'emd_loss': 24.330787658691406, 'total_loss': 24.330787658691406}
2024-11-20 14:56:18,485 INFO ===> New TaichiEnv created.
2024-11-20 14:56:18,485 INFO ===> Specifications: horizon = 311, dt = 0.01, n_substeps = 20, dt_sub = 0.0005
2024-11-20 14:56:18,508 DEBUG loaded <trimesh.Trimesh(vertices.shape=(916, 3), faces.shape=(856, 3))> using `load_obj` in 0.0029s
2024-11-20 14:56:18,655 DEBUG loaded <trimesh.Trimesh(vertices.shape=(48, 3), faces.shape=(28, 3))> using `load_obj` in 0.0007s
2024-11-20 14:56:27,611 INFO =====> alpha: 1.0
2024-11-20 14:56:27,611 INFO =====> Loss info: {'particle_has_naninf': False, 'height_map_loss': 13.5342378616333, 'emd_loss': 24.578062057495117, 'total_loss': 24.578062057495117}
2024-11-20 14:56:28,190 INFO ===> New TaichiEnv created.
2024-11-20 14:56:28,190 INFO ===> Specifications: horizon = 311, dt = 0.01, n_substeps = 20, dt_sub = 0.0005
2024-11-20 14:56:28,213 DEBUG loaded <trimesh.Trimesh(vertices.shape=(916, 3), faces.shape=(856, 3))> using `load_obj` in 0.0030s
2024-11-20 14:56:28,360 DEBUG loaded <trimesh.Trimesh(vertices.shape=(48, 3), faces.shape=(28, 3))> using `load_obj` in 0.0007s
2024-11-20 14:56:37,382 INFO =====> alpha: 1.01
2024-11-20 14:56:37,382 INFO =====> Loss info: {'particle_has_naninf': False, 'height_map_loss': 13.536438941955566, 'emd_loss': 24.58261489868164, 'total_loss': 24.58261489868164}
2024-11-20 14:56:37,964 INFO ===> New TaichiEnv created.
2024-11-20 14:56:37,964 INFO ===> Specifications: horizon = 311, dt = 0.01, n_substeps = 20, dt_sub = 0.0005
2024-11-20 14:56:37,987 DEBUG loaded <trimesh.Trimesh(vertices.shape=(916, 3), faces.shape=(856, 3))> using `load_obj` in 0.0028s
2024-11-20 14:56:38,861 DEBUG loaded <trimesh.Trimesh(vertices.shape=(48, 3), faces.shape=(28, 3))> using `load_obj` in 0.0007s
2024-11-20 14:56:47,936 INFO =====> alpha: 1.1
2024-11-20 14:56:47,937 INFO =====> Loss info: {'particle_has_naninf': False, 'height_map_loss': 13.529199600219727, 'emd_loss': 24.602262496948242, 'total_loss': 24.602262496948242}
2024-11-20 14:56:48,528 INFO ===> New TaichiEnv created.
2024-11-20 14:56:48,528 INFO ===> Specifications: horizon = 311, dt = 0.01, n_substeps = 20, dt_sub = 0.0005
2024-11-20 14:56:48,554 DEBUG loaded <trimesh.Trimesh(vertices.shape=(916, 3), faces.shape=(856, 3))> using `load_obj` in 0.0030s
2024-11-20 14:56:48,700 DEBUG loaded <trimesh.Trimesh(vertices.shape=(48, 3), faces.shape=(28, 3))> using `load_obj` in 0.0007s
2024-11-20 14:56:57,671 INFO =====> alpha: 1.5
2024-11-20 14:56:57,671 INFO =====> Loss info: {'particle_has_naninf': False, 'height_map_loss': 13.560643196105957, 'emd_loss': 24.50904083251953, 'total_loss': 24.50904083251953}
2024-11-20 14:56:57,671 INFO =====> Best alpha: 0.01, Best loss info: {'particle_has_naninf': False, 'height_map_loss': 13.398903846740723, 'emd_loss': 24.627286911010742, 'total_loss': 24.627286911010742}
2024-11-20 14:56:57,671 INFO =====> Param: E: [321508.62], nu: [0.15505682], rho: [1230.94], sand_angle: [16.043419]
2024-11-20 14:56:57,672 INFO =====> Grad: [ 1.6669266e-02  1.6587533e+04 -2.7696415e+01  3.3628125e+02]
2024-11-20 14:56:57,672 INFO =====> Num. aborted data so far: 0
2024-11-20 14:56:58,263 INFO ===> New TaichiEnv created.
2024-11-20 14:56:58,263 INFO ===> Specifications: horizon = 311, dt = 0.01, n_substeps = 20, dt_sub = 0.0005
2024-11-20 14:56:58,288 DEBUG loaded <trimesh.Trimesh(vertices.shape=(916, 3), faces.shape=(856, 3))> using `load_obj` in 0.0029s
2024-11-20 14:56:58,436 DEBUG loaded <trimesh.Trimesh(vertices.shape=(48, 3), faces.shape=(28, 3))> using `load_obj` in 0.0007s
2024-11-20 14:57:26,184 INFO =====> Epoch: 33
2024-11-20 14:57:26,184 INFO =====> Loss info: {'particle_has_naninf': False, 'height_map_loss': 13.398609161376953, 'emd_loss': 24.621009826660156, 'total_loss': 24.621009826660156}
2024-11-20 14:57:26,184 INFO =====> Performing line search for epoch 33......
2024-11-20 14:57:26,798 INFO ===> New TaichiEnv created.
2024-11-20 14:57:26,798 INFO ===> Specifications: horizon = 311, dt = 0.01, n_substeps = 20, dt_sub = 0.0005
2024-11-20 14:57:26,822 DEBUG loaded <trimesh.Trimesh(vertices.shape=(916, 3), faces.shape=(856, 3))> using `load_obj` in 0.0031s
2024-11-20 14:57:26,969 DEBUG loaded <trimesh.Trimesh(vertices.shape=(48, 3), faces.shape=(28, 3))> using `load_obj` in 0.0007s
2024-11-20 14:57:36,871 INFO =====> alpha: 0.01
2024-11-20 14:57:36,871 INFO =====> Loss info: {'particle_has_naninf': False, 'height_map_loss': 13.400277137756348, 'emd_loss': 24.63390350341797, 'total_loss': 24.63390350341797}
2024-11-20 14:57:37,458 INFO ===> New TaichiEnv created.
2024-11-20 14:57:37,458 INFO ===> Specifications: horizon = 311, dt = 0.01, n_substeps = 20, dt_sub = 0.0005
2024-11-20 14:57:37,482 DEBUG loaded <trimesh.Trimesh(vertices.shape=(916, 3), faces.shape=(856, 3))> using `load_obj` in 0.0030s
2024-11-20 14:57:37,631 DEBUG loaded <trimesh.Trimesh(vertices.shape=(48, 3), faces.shape=(28, 3))> using `load_obj` in 0.0007s
2024-11-20 14:57:46,597 INFO =====> alpha: 0.1
2024-11-20 14:57:46,597 INFO =====> Loss info: {'particle_has_naninf': False, 'height_map_loss': 13.407811164855957, 'emd_loss': 24.41854476928711, 'total_loss': 24.41854476928711}
2024-11-20 14:57:47,267 INFO ===> New TaichiEnv created.
2024-11-20 14:57:47,267 INFO ===> Specifications: horizon = 311, dt = 0.01, n_substeps = 20, dt_sub = 0.0005
2024-11-20 14:57:47,291 DEBUG loaded <trimesh.Trimesh(vertices.shape=(916, 3), faces.shape=(856, 3))> using `load_obj` in 0.0030s
2024-11-20 14:57:47,437 DEBUG loaded <trimesh.Trimesh(vertices.shape=(48, 3), faces.shape=(28, 3))> using `load_obj` in 0.0007s
2024-11-20 14:57:57,155 INFO =====> alpha: 0.5
2024-11-20 14:57:57,155 INFO =====> Loss info: {'particle_has_naninf': False, 'height_map_loss': 13.450387001037598, 'emd_loss': 24.136083602905273, 'total_loss': 24.136083602905273}
2024-11-20 14:57:57,747 INFO ===> New TaichiEnv created.
2024-11-20 14:57:57,747 INFO ===> Specifications: horizon = 311, dt = 0.01, n_substeps = 20, dt_sub = 0.0005
2024-11-20 14:57:57,770 DEBUG loaded <trimesh.Trimesh(vertices.shape=(916, 3), faces.shape=(856, 3))> using `load_obj` in 0.0029s
2024-11-20 14:57:57,917 DEBUG loaded <trimesh.Trimesh(vertices.shape=(48, 3), faces.shape=(28, 3))> using `load_obj` in 0.0007s
2024-11-20 14:58:06,936 INFO =====> alpha: 1.0
2024-11-20 14:58:06,936 INFO =====> Loss info: {'particle_has_naninf': False, 'height_map_loss': 13.478577613830566, 'emd_loss': 23.840744018554688, 'total_loss': 23.840744018554688}
2024-11-20 14:58:07,525 INFO ===> New TaichiEnv created.
2024-11-20 14:58:07,525 INFO ===> Specifications: horizon = 311, dt = 0.01, n_substeps = 20, dt_sub = 0.0005
2024-11-20 14:58:07,548 DEBUG loaded <trimesh.Trimesh(vertices.shape=(916, 3), faces.shape=(856, 3))> using `load_obj` in 0.0030s
2024-11-20 14:58:07,695 DEBUG loaded <trimesh.Trimesh(vertices.shape=(48, 3), faces.shape=(28, 3))> using `load_obj` in 0.0007s
2024-11-20 14:58:17,357 INFO =====> alpha: 1.01
2024-11-20 14:58:17,357 INFO =====> Loss info: {'particle_has_naninf': False, 'height_map_loss': 13.475285530090332, 'emd_loss': 23.84444808959961, 'total_loss': 23.84444808959961}
2024-11-20 14:58:17,943 INFO ===> New TaichiEnv created.
2024-11-20 14:58:17,943 INFO ===> Specifications: horizon = 311, dt = 0.01, n_substeps = 20, dt_sub = 0.0005
2024-11-20 14:58:17,966 DEBUG loaded <trimesh.Trimesh(vertices.shape=(916, 3), faces.shape=(856, 3))> using `load_obj` in 0.0028s
2024-11-20 14:58:18,112 DEBUG loaded <trimesh.Trimesh(vertices.shape=(48, 3), faces.shape=(28, 3))> using `load_obj` in 0.0007s
2024-11-20 14:58:27,106 INFO =====> alpha: 1.1
2024-11-20 14:58:27,106 INFO =====> Loss info: {'particle_has_naninf': False, 'height_map_loss': 13.491409301757812, 'emd_loss': 23.682714462280273, 'total_loss': 23.682714462280273}
2024-11-20 14:58:27,689 INFO ===> New TaichiEnv created.
2024-11-20 14:58:27,689 INFO ===> Specifications: horizon = 311, dt = 0.01, n_substeps = 20, dt_sub = 0.0005
2024-11-20 14:58:27,713 DEBUG loaded <trimesh.Trimesh(vertices.shape=(916, 3), faces.shape=(856, 3))> using `load_obj` in 0.0029s
2024-11-20 14:58:27,861 DEBUG loaded <trimesh.Trimesh(vertices.shape=(48, 3), faces.shape=(28, 3))> using `load_obj` in 0.0007s
2024-11-20 14:58:36,857 INFO =====> alpha: 1.5
2024-11-20 14:58:36,857 INFO =====> Loss info: {'particle_has_naninf': False, 'height_map_loss': 13.516228675842285, 'emd_loss': 23.480571746826172, 'total_loss': 23.480571746826172}
2024-11-20 14:58:36,858 INFO =====> Best alpha: 0.01, Best loss info: {'particle_has_naninf': False, 'height_map_loss': 13.400277137756348, 'emd_loss': 24.63390350341797, 'total_loss': 24.63390350341797}
2024-11-20 14:58:36,858 INFO =====> Param: E: [321831.97], nu: [0.15520568], rho: [1232.1725], sand_angle: [16.0546]
2024-11-20 14:58:36,858 INFO =====> Grad: [-2.77889855e-02 -2.37445039e+04 -1.16560265e+02 -5.55680176e+02]
2024-11-20 14:58:36,858 INFO =====> Num. aborted data so far: 0
2024-11-20 14:58:37,452 INFO ===> New TaichiEnv created.
2024-11-20 14:58:37,452 INFO ===> Specifications: horizon = 311, dt = 0.01, n_substeps = 20, dt_sub = 0.0005
2024-11-20 14:58:37,486 DEBUG loaded <trimesh.Trimesh(vertices.shape=(916, 3), faces.shape=(856, 3))> using `load_obj` in 0.0045s
2024-11-20 14:58:37,641 DEBUG loaded <trimesh.Trimesh(vertices.shape=(48, 3), faces.shape=(28, 3))> using `load_obj` in 0.0007s
2024-11-20 14:59:05,525 INFO =====> Epoch: 34
2024-11-20 14:59:05,525 INFO =====> Loss info: {'particle_has_naninf': False, 'height_map_loss': 13.400476455688477, 'emd_loss': 24.622875213623047, 'total_loss': 24.622875213623047}
2024-11-20 14:59:05,525 INFO =====> Performing line search for epoch 34......
2024-11-20 14:59:06,156 INFO ===> New TaichiEnv created.
2024-11-20 14:59:06,156 INFO ===> Specifications: horizon = 311, dt = 0.01, n_substeps = 20, dt_sub = 0.0005
2024-11-20 14:59:06,181 DEBUG loaded <trimesh.Trimesh(vertices.shape=(916, 3), faces.shape=(856, 3))> using `load_obj` in 0.0031s
2024-11-20 14:59:06,330 DEBUG loaded <trimesh.Trimesh(vertices.shape=(48, 3), faces.shape=(28, 3))> using `load_obj` in 0.0007s
2024-11-20 14:59:16,155 INFO =====> alpha: 0.01
2024-11-20 14:59:16,155 INFO =====> Loss info: {'particle_has_naninf': False, 'height_map_loss': 13.398602485656738, 'emd_loss': 24.610673904418945, 'total_loss': 24.610673904418945}
2024-11-20 14:59:16,740 INFO ===> New TaichiEnv created.
2024-11-20 14:59:16,740 INFO ===> Specifications: horizon = 311, dt = 0.01, n_substeps = 20, dt_sub = 0.0005
2024-11-20 14:59:16,763 DEBUG loaded <trimesh.Trimesh(vertices.shape=(916, 3), faces.shape=(856, 3))> using `load_obj` in 0.0030s
2024-11-20 14:59:16,910 DEBUG loaded <trimesh.Trimesh(vertices.shape=(48, 3), faces.shape=(28, 3))> using `load_obj` in 0.0007s
2024-11-20 14:59:25,987 INFO =====> alpha: 0.1
2024-11-20 14:59:25,988 INFO =====> Loss info: {'particle_has_naninf': False, 'height_map_loss': 13.399271011352539, 'emd_loss': 24.512189865112305, 'total_loss': 24.512189865112305}
2024-11-20 14:59:26,569 INFO ===> New TaichiEnv created.
2024-11-20 14:59:26,569 INFO ===> Specifications: horizon = 311, dt = 0.01, n_substeps = 20, dt_sub = 0.0005
2024-11-20 14:59:26,593 DEBUG loaded <trimesh.Trimesh(vertices.shape=(916, 3), faces.shape=(856, 3))> using `load_obj` in 0.0029s
2024-11-20 14:59:26,740 DEBUG loaded <trimesh.Trimesh(vertices.shape=(48, 3), faces.shape=(28, 3))> using `load_obj` in 0.0007s
2024-11-20 14:59:36,416 INFO =====> alpha: 0.5
2024-11-20 14:59:36,416 INFO =====> Loss info: {'particle_has_naninf': False, 'height_map_loss': 13.474815368652344, 'emd_loss': 24.274215698242188, 'total_loss': 24.274215698242188}
2024-11-20 14:59:36,999 INFO ===> New TaichiEnv created.
2024-11-20 14:59:36,999 INFO ===> Specifications: horizon = 311, dt = 0.01, n_substeps = 20, dt_sub = 0.0005
2024-11-20 14:59:37,022 DEBUG loaded <trimesh.Trimesh(vertices.shape=(916, 3), faces.shape=(856, 3))> using `load_obj` in 0.0029s
2024-11-20 14:59:37,170 DEBUG loaded <trimesh.Trimesh(vertices.shape=(48, 3), faces.shape=(28, 3))> using `load_obj` in 0.0007s
2024-11-20 14:59:46,208 INFO =====> alpha: 1.0
2024-11-20 14:59:46,208 INFO =====> Loss info: {'particle_has_naninf': False, 'height_map_loss': 13.428064346313477, 'emd_loss': 24.354175567626953, 'total_loss': 24.354175567626953}
2024-11-20 14:59:46,853 INFO ===> New TaichiEnv created.
2024-11-20 14:59:46,853 INFO ===> Specifications: horizon = 311, dt = 0.01, n_substeps = 20, dt_sub = 0.0005
2024-11-20 14:59:46,877 DEBUG loaded <trimesh.Trimesh(vertices.shape=(916, 3), faces.shape=(856, 3))> using `load_obj` in 0.0030s
2024-11-20 14:59:47,024 DEBUG loaded <trimesh.Trimesh(vertices.shape=(48, 3), faces.shape=(28, 3))> using `load_obj` in 0.0007s
2024-11-20 14:59:56,766 INFO =====> alpha: 1.01
2024-11-20 14:59:56,766 INFO =====> Loss info: {'particle_has_naninf': False, 'height_map_loss': 13.428729057312012, 'emd_loss': 24.377164840698242, 'total_loss': 24.377164840698242}
2024-11-20 14:59:57,356 INFO ===> New TaichiEnv created.
2024-11-20 14:59:57,356 INFO ===> Specifications: horizon = 311, dt = 0.01, n_substeps = 20, dt_sub = 0.0005
2024-11-20 14:59:57,380 DEBUG loaded <trimesh.Trimesh(vertices.shape=(916, 3), faces.shape=(856, 3))> using `load_obj` in 0.0030s
2024-11-20 14:59:57,527 DEBUG loaded <trimesh.Trimesh(vertices.shape=(48, 3), faces.shape=(28, 3))> using `load_obj` in 0.0007s
2024-11-20 15:00:06,500 INFO =====> alpha: 1.1
2024-11-20 15:00:06,500 INFO =====> Loss info: {'particle_has_naninf': False, 'height_map_loss': 13.430885314941406, 'emd_loss': 24.34261703491211, 'total_loss': 24.34261703491211}
2024-11-20 15:00:07,167 INFO ===> New TaichiEnv created.
2024-11-20 15:00:07,168 INFO ===> Specifications: horizon = 311, dt = 0.01, n_substeps = 20, dt_sub = 0.0005
2024-11-20 15:00:07,191 DEBUG loaded <trimesh.Trimesh(vertices.shape=(916, 3), faces.shape=(856, 3))> using `load_obj` in 0.0029s
2024-11-20 15:00:07,337 DEBUG loaded <trimesh.Trimesh(vertices.shape=(48, 3), faces.shape=(28, 3))> using `load_obj` in 0.0007s
2024-11-20 15:00:16,320 INFO =====> alpha: 1.5
2024-11-20 15:00:16,320 INFO =====> Loss info: {'particle_has_naninf': False, 'height_map_loss': 13.459952354431152, 'emd_loss': 24.535926818847656, 'total_loss': 24.535926818847656}
2024-11-20 15:00:16,321 INFO =====> Best alpha: 0.01, Best loss info: {'particle_has_naninf': False, 'height_map_loss': 13.398602485656738, 'emd_loss': 24.610673904418945, 'total_loss': 24.610673904418945}
2024-11-20 15:00:16,321 INFO =====> Param: E: [321948.84], nu: [0.15523157], rho: [1232.0944], sand_angle: [16.047554]
2024-11-20 15:00:16,321 INFO =====> Grad: [-9.6951071e-03 -3.9309712e+03  7.0185266e+00  3.4078058e+02]
2024-11-20 15:00:16,321 INFO =====> Num. aborted data so far: 0
2024-11-20 15:00:16,907 INFO ===> New TaichiEnv created.
2024-11-20 15:00:16,907 INFO ===> Specifications: horizon = 311, dt = 0.01, n_substeps = 20, dt_sub = 0.0005
2024-11-20 15:00:16,931 DEBUG loaded <trimesh.Trimesh(vertices.shape=(916, 3), faces.shape=(856, 3))> using `load_obj` in 0.0030s
2024-11-20 15:00:17,081 DEBUG loaded <trimesh.Trimesh(vertices.shape=(48, 3), faces.shape=(28, 3))> using `load_obj` in 0.0007s
2024-11-20 15:00:44,894 INFO =====> Epoch: 35
2024-11-20 15:00:44,894 INFO =====> Loss info: {'particle_has_naninf': False, 'height_map_loss': 13.39862060546875, 'emd_loss': 24.62178611755371, 'total_loss': 24.62178611755371}
2024-11-20 15:00:44,894 INFO =====> Performing line search for epoch 35......
2024-11-20 15:00:45,516 INFO ===> New TaichiEnv created.
2024-11-20 15:00:45,516 INFO ===> Specifications: horizon = 311, dt = 0.01, n_substeps = 20, dt_sub = 0.0005
2024-11-20 15:00:45,540 DEBUG loaded <trimesh.Trimesh(vertices.shape=(916, 3), faces.shape=(856, 3))> using `load_obj` in 0.0030s
2024-11-20 15:00:45,687 DEBUG loaded <trimesh.Trimesh(vertices.shape=(48, 3), faces.shape=(28, 3))> using `load_obj` in 0.0007s
2024-11-20 15:00:55,374 INFO =====> alpha: 0.01
2024-11-20 15:00:55,374 INFO =====> Loss info: {'particle_has_naninf': False, 'height_map_loss': 13.399548530578613, 'emd_loss': 24.616262435913086, 'total_loss': 24.616262435913086}
2024-11-20 15:00:55,960 INFO ===> New TaichiEnv created.
2024-11-20 15:00:55,960 INFO ===> Specifications: horizon = 311, dt = 0.01, n_substeps = 20, dt_sub = 0.0005
2024-11-20 15:00:55,984 DEBUG loaded <trimesh.Trimesh(vertices.shape=(916, 3), faces.shape=(856, 3))> using `load_obj` in 0.0031s
2024-11-20 15:00:56,130 DEBUG loaded <trimesh.Trimesh(vertices.shape=(48, 3), faces.shape=(28, 3))> using `load_obj` in 0.0007s
2024-11-20 15:01:05,075 INFO =====> alpha: 0.1
2024-11-20 15:01:05,075 INFO =====> Loss info: {'particle_has_naninf': False, 'height_map_loss': 13.427943229675293, 'emd_loss': 24.397733688354492, 'total_loss': 24.397733688354492}
2024-11-20 15:01:05,715 INFO ===> New TaichiEnv created.
2024-11-20 15:01:05,715 INFO ===> Specifications: horizon = 311, dt = 0.01, n_substeps = 20, dt_sub = 0.0005
2024-11-20 15:01:05,739 DEBUG loaded <trimesh.Trimesh(vertices.shape=(916, 3), faces.shape=(856, 3))> using `load_obj` in 0.0030s
2024-11-20 15:01:05,886 DEBUG loaded <trimesh.Trimesh(vertices.shape=(48, 3), faces.shape=(28, 3))> using `load_obj` in 0.0007s
2024-11-20 15:01:15,581 INFO =====> alpha: 0.5
2024-11-20 15:01:15,581 INFO =====> Loss info: {'particle_has_naninf': False, 'height_map_loss': 13.511273384094238, 'emd_loss': 24.367238998413086, 'total_loss': 24.367238998413086}
2024-11-20 15:01:16,193 INFO ===> New TaichiEnv created.
2024-11-20 15:01:16,193 INFO ===> Specifications: horizon = 311, dt = 0.01, n_substeps = 20, dt_sub = 0.0005
2024-11-20 15:01:16,217 DEBUG loaded <trimesh.Trimesh(vertices.shape=(916, 3), faces.shape=(856, 3))> using `load_obj` in 0.0029s
2024-11-20 15:01:16,364 DEBUG loaded <trimesh.Trimesh(vertices.shape=(48, 3), faces.shape=(28, 3))> using `load_obj` in 0.0007s
2024-11-20 15:01:25,375 INFO =====> alpha: 1.0
2024-11-20 15:01:25,376 INFO =====> Loss info: {'particle_has_naninf': False, 'height_map_loss': 13.490752220153809, 'emd_loss': 24.448894500732422, 'total_loss': 24.448894500732422}
2024-11-20 15:01:25,961 INFO ===> New TaichiEnv created.
2024-11-20 15:01:25,961 INFO ===> Specifications: horizon = 311, dt = 0.01, n_substeps = 20, dt_sub = 0.0005
2024-11-20 15:01:25,984 DEBUG loaded <trimesh.Trimesh(vertices.shape=(916, 3), faces.shape=(856, 3))> using `load_obj` in 0.0030s
2024-11-20 15:01:26,132 DEBUG loaded <trimesh.Trimesh(vertices.shape=(48, 3), faces.shape=(28, 3))> using `load_obj` in 0.0007s
2024-11-20 15:01:35,963 INFO =====> alpha: 1.01
2024-11-20 15:01:35,963 INFO =====> Loss info: {'particle_has_naninf': False, 'height_map_loss': 13.491781234741211, 'emd_loss': 24.41858673095703, 'total_loss': 24.41858673095703}
2024-11-20 15:01:36,548 INFO ===> New TaichiEnv created.
2024-11-20 15:01:36,548 INFO ===> Specifications: horizon = 311, dt = 0.01, n_substeps = 20, dt_sub = 0.0005
2024-11-20 15:01:36,571 DEBUG loaded <trimesh.Trimesh(vertices.shape=(916, 3), faces.shape=(856, 3))> using `load_obj` in 0.0029s
2024-11-20 15:01:36,718 DEBUG loaded <trimesh.Trimesh(vertices.shape=(48, 3), faces.shape=(28, 3))> using `load_obj` in 0.0007s
2024-11-20 15:01:45,644 INFO =====> alpha: 1.1
2024-11-20 15:01:45,644 INFO =====> Loss info: {'particle_has_naninf': False, 'height_map_loss': 13.508197784423828, 'emd_loss': 24.24170684814453, 'total_loss': 24.24170684814453}
2024-11-20 15:01:46,229 INFO ===> New TaichiEnv created.
2024-11-20 15:01:46,229 INFO ===> Specifications: horizon = 311, dt = 0.01, n_substeps = 20, dt_sub = 0.0005
2024-11-20 15:01:46,252 DEBUG loaded <trimesh.Trimesh(vertices.shape=(916, 3), faces.shape=(856, 3))> using `load_obj` in 0.0029s
2024-11-20 15:01:46,400 DEBUG loaded <trimesh.Trimesh(vertices.shape=(48, 3), faces.shape=(28, 3))> using `load_obj` in 0.0007s
2024-11-20 15:01:55,362 INFO =====> alpha: 1.5
2024-11-20 15:01:55,362 INFO =====> Loss info: {'particle_has_naninf': False, 'height_map_loss': 13.576704978942871, 'emd_loss': 24.227813720703125, 'total_loss': 24.227813720703125}
2024-11-20 15:01:55,362 INFO =====> Best alpha: 0.01, Best loss info: {'particle_has_naninf': False, 'height_map_loss': 13.399548530578613, 'emd_loss': 24.616262435913086, 'total_loss': 24.616262435913086}
2024-11-20 15:01:55,362 INFO =====> Param: E: [321807.75], nu: [0.15515254], rho: [1232.146], sand_angle: [16.037806]
2024-11-20 15:01:55,363 INFO =====> Grad: [ 1.1391230e-02  1.1756581e+04 -4.4075823e+00  4.7016202e+02]
2024-11-20 15:01:55,363 INFO =====> Num. aborted data so far: 0
2024-11-20 15:01:55,943 INFO ===> New TaichiEnv created.
2024-11-20 15:01:55,944 INFO ===> Specifications: horizon = 311, dt = 0.01, n_substeps = 20, dt_sub = 0.0005
2024-11-20 15:01:55,967 DEBUG loaded <trimesh.Trimesh(vertices.shape=(916, 3), faces.shape=(856, 3))> using `load_obj` in 0.0028s
2024-11-20 15:01:56,113 DEBUG loaded <trimesh.Trimesh(vertices.shape=(48, 3), faces.shape=(28, 3))> using `load_obj` in 0.0007s
2024-11-20 15:02:23,848 INFO =====> Epoch: 36
2024-11-20 15:02:23,848 INFO =====> Loss info: {'particle_has_naninf': False, 'height_map_loss': 13.399508476257324, 'emd_loss': 24.624963760375977, 'total_loss': 24.624963760375977}
2024-11-20 15:02:23,848 INFO =====> Performing line search for epoch 36......
2024-11-20 15:02:24,458 INFO ===> New TaichiEnv created.
2024-11-20 15:02:24,458 INFO ===> Specifications: horizon = 311, dt = 0.01, n_substeps = 20, dt_sub = 0.0005
2024-11-20 15:02:24,482 DEBUG loaded <trimesh.Trimesh(vertices.shape=(916, 3), faces.shape=(856, 3))> using `load_obj` in 0.0030s
2024-11-20 15:02:24,634 DEBUG loaded <trimesh.Trimesh(vertices.shape=(48, 3), faces.shape=(28, 3))> using `load_obj` in 0.0007s
2024-11-20 15:02:34,310 INFO =====> alpha: 0.01
2024-11-20 15:02:34,310 INFO =====> Loss info: {'particle_has_naninf': False, 'height_map_loss': 13.400638580322266, 'emd_loss': 24.617380142211914, 'total_loss': 24.617380142211914}
2024-11-20 15:02:34,890 INFO ===> New TaichiEnv created.
2024-11-20 15:02:34,890 INFO ===> Specifications: horizon = 311, dt = 0.01, n_substeps = 20, dt_sub = 0.0005
2024-11-20 15:02:34,913 DEBUG loaded <trimesh.Trimesh(vertices.shape=(916, 3), faces.shape=(856, 3))> using `load_obj` in 0.0029s
2024-11-20 15:02:35,058 DEBUG loaded <trimesh.Trimesh(vertices.shape=(48, 3), faces.shape=(28, 3))> using `load_obj` in 0.0007s
2024-11-20 15:02:43,956 INFO =====> alpha: 0.1
2024-11-20 15:02:43,956 INFO =====> Loss info: {'particle_has_naninf': False, 'height_map_loss': 13.423381805419922, 'emd_loss': 24.393651962280273, 'total_loss': 24.393651962280273}
2024-11-20 15:02:44,539 INFO ===> New TaichiEnv created.
2024-11-20 15:02:44,540 INFO ===> Specifications: horizon = 311, dt = 0.01, n_substeps = 20, dt_sub = 0.0005
2024-11-20 15:02:44,563 DEBUG loaded <trimesh.Trimesh(vertices.shape=(916, 3), faces.shape=(856, 3))> using `load_obj` in 0.0029s
2024-11-20 15:02:44,708 DEBUG loaded <trimesh.Trimesh(vertices.shape=(48, 3), faces.shape=(28, 3))> using `load_obj` in 0.0007s
2024-11-20 15:02:54,443 INFO =====> alpha: 0.5
2024-11-20 15:02:54,443 INFO =====> Loss info: {'particle_has_naninf': False, 'height_map_loss': 13.489258766174316, 'emd_loss': 24.379772186279297, 'total_loss': 24.379772186279297}
2024-11-20 15:02:55,033 INFO ===> New TaichiEnv created.
2024-11-20 15:02:55,033 INFO ===> Specifications: horizon = 311, dt = 0.01, n_substeps = 20, dt_sub = 0.0005
2024-11-20 15:02:55,056 DEBUG loaded <trimesh.Trimesh(vertices.shape=(916, 3), faces.shape=(856, 3))> using `load_obj` in 0.0030s
2024-11-20 15:02:55,202 DEBUG loaded <trimesh.Trimesh(vertices.shape=(48, 3), faces.shape=(28, 3))> using `load_obj` in 0.0007s
2024-11-20 15:03:04,159 INFO =====> alpha: 1.0
2024-11-20 15:03:04,159 INFO =====> Loss info: {'particle_has_naninf': False, 'height_map_loss': 13.516469955444336, 'emd_loss': 24.4642391204834, 'total_loss': 24.4642391204834}
2024-11-20 15:03:04,750 INFO ===> New TaichiEnv created.
2024-11-20 15:03:04,750 INFO ===> Specifications: horizon = 311, dt = 0.01, n_substeps = 20, dt_sub = 0.0005
2024-11-20 15:03:04,773 DEBUG loaded <trimesh.Trimesh(vertices.shape=(916, 3), faces.shape=(856, 3))> using `load_obj` in 0.0030s
2024-11-20 15:03:04,919 DEBUG loaded <trimesh.Trimesh(vertices.shape=(48, 3), faces.shape=(28, 3))> using `load_obj` in 0.0007s
2024-11-20 15:03:14,618 INFO =====> alpha: 1.01
2024-11-20 15:03:14,618 INFO =====> Loss info: {'particle_has_naninf': False, 'height_map_loss': 13.521468162536621, 'emd_loss': 24.46217918395996, 'total_loss': 24.46217918395996}
2024-11-20 15:03:15,209 INFO ===> New TaichiEnv created.
2024-11-20 15:03:15,209 INFO ===> Specifications: horizon = 311, dt = 0.01, n_substeps = 20, dt_sub = 0.0005
2024-11-20 15:03:15,232 DEBUG loaded <trimesh.Trimesh(vertices.shape=(916, 3), faces.shape=(856, 3))> using `load_obj` in 0.0029s
2024-11-20 15:03:15,379 DEBUG loaded <trimesh.Trimesh(vertices.shape=(48, 3), faces.shape=(28, 3))> using `load_obj` in 0.0007s
2024-11-20 15:03:24,370 INFO =====> alpha: 1.1
2024-11-20 15:03:24,370 INFO =====> Loss info: {'particle_has_naninf': False, 'height_map_loss': 13.518522262573242, 'emd_loss': 24.285335540771484, 'total_loss': 24.285335540771484}
2024-11-20 15:03:24,954 INFO ===> New TaichiEnv created.
2024-11-20 15:03:24,954 INFO ===> Specifications: horizon = 311, dt = 0.01, n_substeps = 20, dt_sub = 0.0005
2024-11-20 15:03:24,977 DEBUG loaded <trimesh.Trimesh(vertices.shape=(916, 3), faces.shape=(856, 3))> using `load_obj` in 0.0030s
2024-11-20 15:03:25,123 DEBUG loaded <trimesh.Trimesh(vertices.shape=(48, 3), faces.shape=(28, 3))> using `load_obj` in 0.0007s
2024-11-20 15:03:34,096 INFO =====> alpha: 1.5
2024-11-20 15:03:34,096 INFO =====> Loss info: {'particle_has_naninf': False, 'height_map_loss': 13.60019588470459, 'emd_loss': 24.31204605102539, 'total_loss': 24.31204605102539}
2024-11-20 15:03:34,096 INFO =====> Best alpha: 0.01, Best loss info: {'particle_has_naninf': False, 'height_map_loss': 13.400638580322266, 'emd_loss': 24.617380142211914, 'total_loss': 24.617380142211914}
2024-11-20 15:03:34,097 INFO =====> Param: E: [321497.4], nu: [0.15500125], rho: [1231.0143], sand_angle: [16.028463]
2024-11-20 15:03:34,097 INFO =====> Grad: [2.7278926e-02 2.4316783e+04 1.3106868e+02 4.4745828e+02]
2024-11-20 15:03:34,097 INFO =====> Num. aborted data so far: 0
2024-11-20 15:03:34,684 INFO ===> New TaichiEnv created.
2024-11-20 15:03:34,685 INFO ===> Specifications: horizon = 311, dt = 0.01, n_substeps = 20, dt_sub = 0.0005
2024-11-20 15:03:34,708 DEBUG loaded <trimesh.Trimesh(vertices.shape=(916, 3), faces.shape=(856, 3))> using `load_obj` in 0.0028s
2024-11-20 15:03:34,855 DEBUG loaded <trimesh.Trimesh(vertices.shape=(48, 3), faces.shape=(28, 3))> using `load_obj` in 0.0007s
2024-11-20 15:04:02,632 INFO =====> Epoch: 37
2024-11-20 15:04:02,632 INFO =====> Loss info: {'particle_has_naninf': False, 'height_map_loss': 13.40017318725586, 'emd_loss': 24.606212615966797, 'total_loss': 24.606212615966797}
2024-11-20 15:04:02,632 INFO =====> Performing line search for epoch 37......
2024-11-20 15:04:03,243 INFO ===> New TaichiEnv created.
2024-11-20 15:04:03,243 INFO ===> Specifications: horizon = 311, dt = 0.01, n_substeps = 20, dt_sub = 0.0005
2024-11-20 15:04:03,267 DEBUG loaded <trimesh.Trimesh(vertices.shape=(916, 3), faces.shape=(856, 3))> using `load_obj` in 0.0030s
2024-11-20 15:04:03,415 DEBUG loaded <trimesh.Trimesh(vertices.shape=(48, 3), faces.shape=(28, 3))> using `load_obj` in 0.0007s
2024-11-20 15:04:13,232 INFO =====> alpha: 0.01
2024-11-20 15:04:13,232 INFO =====> Loss info: {'particle_has_naninf': False, 'height_map_loss': 13.399552345275879, 'emd_loss': 24.61057472229004, 'total_loss': 24.61057472229004}
2024-11-20 15:04:13,846 INFO ===> New TaichiEnv created.
2024-11-20 15:04:13,846 INFO ===> Specifications: horizon = 311, dt = 0.01, n_substeps = 20, dt_sub = 0.0005
2024-11-20 15:04:13,869 DEBUG loaded <trimesh.Trimesh(vertices.shape=(916, 3), faces.shape=(856, 3))> using `load_obj` in 0.0029s
2024-11-20 15:04:14,015 DEBUG loaded <trimesh.Trimesh(vertices.shape=(48, 3), faces.shape=(28, 3))> using `load_obj` in 0.0007s
2024-11-20 15:04:23,012 INFO =====> alpha: 0.1
2024-11-20 15:04:23,012 INFO =====> Loss info: {'particle_has_naninf': False, 'height_map_loss': 13.403740882873535, 'emd_loss': 24.520605087280273, 'total_loss': 24.520605087280273}
2024-11-20 15:04:23,593 INFO ===> New TaichiEnv created.
2024-11-20 15:04:23,593 INFO ===> Specifications: horizon = 311, dt = 0.01, n_substeps = 20, dt_sub = 0.0005
2024-11-20 15:04:23,616 DEBUG loaded <trimesh.Trimesh(vertices.shape=(916, 3), faces.shape=(856, 3))> using `load_obj` in 0.0031s
2024-11-20 15:04:23,763 DEBUG loaded <trimesh.Trimesh(vertices.shape=(48, 3), faces.shape=(28, 3))> using `load_obj` in 0.0007s
2024-11-20 15:04:33,449 INFO =====> alpha: 0.5
2024-11-20 15:04:33,449 INFO =====> Loss info: {'particle_has_naninf': False, 'height_map_loss': 13.424295425415039, 'emd_loss': 24.31443977355957, 'total_loss': 24.31443977355957}
2024-11-20 15:04:34,038 INFO ===> New TaichiEnv created.
2024-11-20 15:04:34,038 INFO ===> Specifications: horizon = 311, dt = 0.01, n_substeps = 20, dt_sub = 0.0005
2024-11-20 15:04:34,061 DEBUG loaded <trimesh.Trimesh(vertices.shape=(916, 3), faces.shape=(856, 3))> using `load_obj` in 0.0030s
2024-11-20 15:04:34,207 DEBUG loaded <trimesh.Trimesh(vertices.shape=(48, 3), faces.shape=(28, 3))> using `load_obj` in 0.0007s
2024-11-20 15:04:43,251 INFO =====> alpha: 1.0
2024-11-20 15:04:43,252 INFO =====> Loss info: {'particle_has_naninf': False, 'height_map_loss': 13.413695335388184, 'emd_loss': 23.939332962036133, 'total_loss': 23.939332962036133}
2024-11-20 15:04:43,834 INFO ===> New TaichiEnv created.
2024-11-20 15:04:43,834 INFO ===> Specifications: horizon = 311, dt = 0.01, n_substeps = 20, dt_sub = 0.0005
2024-11-20 15:04:43,858 DEBUG loaded <trimesh.Trimesh(vertices.shape=(916, 3), faces.shape=(856, 3))> using `load_obj` in 0.0030s
2024-11-20 15:04:44,006 DEBUG loaded <trimesh.Trimesh(vertices.shape=(48, 3), faces.shape=(28, 3))> using `load_obj` in 0.0007s
2024-11-20 15:04:53,755 INFO =====> alpha: 1.01
2024-11-20 15:04:53,755 INFO =====> Loss info: {'particle_has_naninf': False, 'height_map_loss': 13.41136360168457, 'emd_loss': 23.938451766967773, 'total_loss': 23.938451766967773}
2024-11-20 15:04:54,335 INFO ===> New TaichiEnv created.
2024-11-20 15:04:54,335 INFO ===> Specifications: horizon = 311, dt = 0.01, n_substeps = 20, dt_sub = 0.0005
2024-11-20 15:04:54,358 DEBUG loaded <trimesh.Trimesh(vertices.shape=(916, 3), faces.shape=(856, 3))> using `load_obj` in 0.0029s
2024-11-20 15:04:54,506 DEBUG loaded <trimesh.Trimesh(vertices.shape=(48, 3), faces.shape=(28, 3))> using `load_obj` in 0.0007s
2024-11-20 15:05:03,470 INFO =====> alpha: 1.1
2024-11-20 15:05:03,470 INFO =====> Loss info: {'particle_has_naninf': False, 'height_map_loss': 13.4092378616333, 'emd_loss': 23.91460418701172, 'total_loss': 23.91460418701172}
2024-11-20 15:05:04,044 INFO ===> New TaichiEnv created.
2024-11-20 15:05:04,044 INFO ===> Specifications: horizon = 311, dt = 0.01, n_substeps = 20, dt_sub = 0.0005
2024-11-20 15:05:04,067 DEBUG loaded <trimesh.Trimesh(vertices.shape=(916, 3), faces.shape=(856, 3))> using `load_obj` in 0.0029s
2024-11-20 15:05:04,212 DEBUG loaded <trimesh.Trimesh(vertices.shape=(48, 3), faces.shape=(28, 3))> using `load_obj` in 0.0007s
2024-11-20 15:05:13,170 INFO =====> alpha: 1.5
2024-11-20 15:05:13,170 INFO =====> Loss info: {'particle_has_naninf': False, 'height_map_loss': 13.404827117919922, 'emd_loss': 23.53470802307129, 'total_loss': 23.53470802307129}
2024-11-20 15:05:13,170 INFO =====> Best alpha: 0.01, Best loss info: {'particle_has_naninf': False, 'height_map_loss': 13.399552345275879, 'emd_loss': 24.61057472229004, 'total_loss': 24.61057472229004}
2024-11-20 15:05:13,170 INFO =====> Param: E: [321687.25], nu: [0.15510671], rho: [1230.8206], sand_angle: [16.03557]
2024-11-20 15:05:13,171 INFO =====> Grad: [-1.6596729e-02 -1.7054127e+04  2.1450344e+01 -3.3141205e+02]
2024-11-20 15:05:13,171 INFO =====> Num. aborted data so far: 0
2024-11-20 15:05:13,755 INFO ===> New TaichiEnv created.
2024-11-20 15:05:13,755 INFO ===> Specifications: horizon = 311, dt = 0.01, n_substeps = 20, dt_sub = 0.0005
2024-11-20 15:05:13,778 DEBUG loaded <trimesh.Trimesh(vertices.shape=(916, 3), faces.shape=(856, 3))> using `load_obj` in 0.0028s
2024-11-20 15:05:13,926 DEBUG loaded <trimesh.Trimesh(vertices.shape=(48, 3), faces.shape=(28, 3))> using `load_obj` in 0.0008s
2024-11-20 15:05:41,795 INFO =====> Epoch: 38
2024-11-20 15:05:41,795 INFO =====> Loss info: {'particle_has_naninf': False, 'height_map_loss': 13.399396896362305, 'emd_loss': 24.630338668823242, 'total_loss': 24.630338668823242}
2024-11-20 15:05:41,795 INFO =====> Performing line search for epoch 38......
2024-11-20 15:05:42,404 INFO ===> New TaichiEnv created.
2024-11-20 15:05:42,404 INFO ===> Specifications: horizon = 311, dt = 0.01, n_substeps = 20, dt_sub = 0.0005
2024-11-20 15:05:42,427 DEBUG loaded <trimesh.Trimesh(vertices.shape=(916, 3), faces.shape=(856, 3))> using `load_obj` in 0.0030s
2024-11-20 15:05:42,573 DEBUG loaded <trimesh.Trimesh(vertices.shape=(48, 3), faces.shape=(28, 3))> using `load_obj` in 0.0007s
2024-11-20 15:05:52,274 INFO =====> alpha: 0.01
2024-11-20 15:05:52,274 INFO =====> Loss info: {'particle_has_naninf': False, 'height_map_loss': 13.398648262023926, 'emd_loss': 24.629711151123047, 'total_loss': 24.629711151123047}
2024-11-20 15:05:52,853 INFO ===> New TaichiEnv created.
2024-11-20 15:05:52,853 INFO ===> Specifications: horizon = 311, dt = 0.01, n_substeps = 20, dt_sub = 0.0005
2024-11-20 15:05:52,876 DEBUG loaded <trimesh.Trimesh(vertices.shape=(916, 3), faces.shape=(856, 3))> using `load_obj` in 0.0030s
2024-11-20 15:05:53,021 DEBUG loaded <trimesh.Trimesh(vertices.shape=(48, 3), faces.shape=(28, 3))> using `load_obj` in 0.0007s
2024-11-20 15:06:01,961 INFO =====> alpha: 0.1
2024-11-20 15:06:01,961 INFO =====> Loss info: {'particle_has_naninf': False, 'height_map_loss': 13.397208213806152, 'emd_loss': 24.581287384033203, 'total_loss': 24.581287384033203}
2024-11-20 15:06:02,537 INFO ===> New TaichiEnv created.
2024-11-20 15:06:02,537 INFO ===> Specifications: horizon = 311, dt = 0.01, n_substeps = 20, dt_sub = 0.0005
2024-11-20 15:06:02,560 DEBUG loaded <trimesh.Trimesh(vertices.shape=(916, 3), faces.shape=(856, 3))> using `load_obj` in 0.0030s
2024-11-20 15:06:02,706 DEBUG loaded <trimesh.Trimesh(vertices.shape=(48, 3), faces.shape=(28, 3))> using `load_obj` in 0.0007s
2024-11-20 15:06:12,499 INFO =====> alpha: 0.5
2024-11-20 15:06:12,499 INFO =====> Loss info: {'particle_has_naninf': False, 'height_map_loss': 13.39664077758789, 'emd_loss': 24.288942337036133, 'total_loss': 24.288942337036133}
2024-11-20 15:06:13,080 INFO ===> New TaichiEnv created.
2024-11-20 15:06:13,080 INFO ===> Specifications: horizon = 311, dt = 0.01, n_substeps = 20, dt_sub = 0.0005
2024-11-20 15:06:13,103 DEBUG loaded <trimesh.Trimesh(vertices.shape=(916, 3), faces.shape=(856, 3))> using `load_obj` in 0.0029s
2024-11-20 15:06:13,253 DEBUG loaded <trimesh.Trimesh(vertices.shape=(48, 3), faces.shape=(28, 3))> using `load_obj` in 0.0007s
2024-11-20 15:06:22,150 INFO =====> alpha: 1.0
2024-11-20 15:06:22,150 INFO =====> Loss info: {'particle_has_naninf': False, 'height_map_loss': 13.391178131103516, 'emd_loss': 24.267253875732422, 'total_loss': 24.267253875732422}
2024-11-20 15:06:22,729 INFO ===> New TaichiEnv created.
2024-11-20 15:06:22,729 INFO ===> Specifications: horizon = 311, dt = 0.01, n_substeps = 20, dt_sub = 0.0005
2024-11-20 15:06:22,754 DEBUG loaded <trimesh.Trimesh(vertices.shape=(916, 3), faces.shape=(856, 3))> using `load_obj` in 0.0031s
2024-11-20 15:06:22,900 DEBUG loaded <trimesh.Trimesh(vertices.shape=(48, 3), faces.shape=(28, 3))> using `load_obj` in 0.0007s
2024-11-20 15:06:31,838 INFO =====> alpha: 1.01
2024-11-20 15:06:31,838 INFO =====> Loss info: {'particle_has_naninf': False, 'height_map_loss': 13.390936851501465, 'emd_loss': 24.26667594909668, 'total_loss': 24.26667594909668}
2024-11-20 15:06:32,421 INFO ===> New TaichiEnv created.
2024-11-20 15:06:32,421 INFO ===> Specifications: horizon = 311, dt = 0.01, n_substeps = 20, dt_sub = 0.0005
2024-11-20 15:06:32,444 DEBUG loaded <trimesh.Trimesh(vertices.shape=(916, 3), faces.shape=(856, 3))> using `load_obj` in 0.0029s
2024-11-20 15:06:32,590 DEBUG loaded <trimesh.Trimesh(vertices.shape=(48, 3), faces.shape=(28, 3))> using `load_obj` in 0.0007s
2024-11-20 15:06:42,304 INFO =====> alpha: 1.1
2024-11-20 15:06:42,304 INFO =====> Loss info: {'particle_has_naninf': False, 'height_map_loss': 13.358990669250488, 'emd_loss': 24.281984329223633, 'total_loss': 24.281984329223633}
2024-11-20 15:06:42,883 INFO ===> New TaichiEnv created.
2024-11-20 15:06:42,883 INFO ===> Specifications: horizon = 311, dt = 0.01, n_substeps = 20, dt_sub = 0.0005
2024-11-20 15:06:42,906 DEBUG loaded <trimesh.Trimesh(vertices.shape=(916, 3), faces.shape=(856, 3))> using `load_obj` in 0.0030s
2024-11-20 15:06:43,050 DEBUG loaded <trimesh.Trimesh(vertices.shape=(48, 3), faces.shape=(28, 3))> using `load_obj` in 0.0007s
2024-11-20 15:06:51,959 INFO =====> alpha: 1.5
2024-11-20 15:06:51,959 INFO =====> Loss info: {'particle_has_naninf': False, 'height_map_loss': 13.333097457885742, 'emd_loss': 24.23027801513672, 'total_loss': 24.23027801513672}
2024-11-20 15:06:51,959 INFO =====> Best alpha: 1.5, Best loss info: {'particle_has_naninf': False, 'height_map_loss': 13.333097457885742, 'emd_loss': 24.23027801513672, 'total_loss': 24.23027801513672}
2024-11-20 15:06:51,959 INFO =====> Param: E: [345085.53], nu: [0.17476696], rho: [1220.0862], sand_angle: [16.20666]
2024-11-20 15:06:51,960 INFO =====> Grad: [-1.3349583e-02 -2.2097227e+04  7.5238338e+00 -5.0489494e+01]
2024-11-20 15:06:51,960 INFO =====> Num. aborted data so far: 0
2024-11-20 15:06:52,540 INFO ===> New TaichiEnv created.
2024-11-20 15:06:52,540 INFO ===> Specifications: horizon = 311, dt = 0.01, n_substeps = 20, dt_sub = 0.0005
2024-11-20 15:06:52,564 DEBUG loaded <trimesh.Trimesh(vertices.shape=(916, 3), faces.shape=(856, 3))> using `load_obj` in 0.0029s
2024-11-20 15:06:52,710 DEBUG loaded <trimesh.Trimesh(vertices.shape=(48, 3), faces.shape=(28, 3))> using `load_obj` in 0.0007s
2024-11-20 15:07:20,354 INFO =====> Epoch: 39
2024-11-20 15:07:20,354 INFO =====> Loss info: {'particle_has_naninf': False, 'height_map_loss': 13.334026336669922, 'emd_loss': 24.22347640991211, 'total_loss': 24.22347640991211}
2024-11-20 15:07:20,354 INFO =====> Performing line search for epoch 39......
2024-11-20 15:07:20,954 INFO ===> New TaichiEnv created.
2024-11-20 15:07:20,954 INFO ===> Specifications: horizon = 311, dt = 0.01, n_substeps = 20, dt_sub = 0.0005
2024-11-20 15:07:20,977 DEBUG loaded <trimesh.Trimesh(vertices.shape=(916, 3), faces.shape=(856, 3))> using `load_obj` in 0.0030s
2024-11-20 15:07:21,123 DEBUG loaded <trimesh.Trimesh(vertices.shape=(48, 3), faces.shape=(28, 3))> using `load_obj` in 0.0007s
2024-11-20 15:07:30,817 INFO =====> alpha: 0.01
2024-11-20 15:07:30,817 INFO =====> Loss info: {'particle_has_naninf': False, 'height_map_loss': 13.341697692871094, 'emd_loss': 24.287609100341797, 'total_loss': 24.287609100341797}
2024-11-20 15:07:31,402 INFO ===> New TaichiEnv created.
2024-11-20 15:07:31,402 INFO ===> Specifications: horizon = 311, dt = 0.01, n_substeps = 20, dt_sub = 0.0005
2024-11-20 15:07:31,425 DEBUG loaded <trimesh.Trimesh(vertices.shape=(916, 3), faces.shape=(856, 3))> using `load_obj` in 0.0031s
2024-11-20 15:07:31,571 DEBUG loaded <trimesh.Trimesh(vertices.shape=(48, 3), faces.shape=(28, 3))> using `load_obj` in 0.0007s
2024-11-20 15:07:40,628 INFO =====> alpha: 0.1
2024-11-20 15:07:40,628 INFO =====> Loss info: {'particle_has_naninf': False, 'height_map_loss': 13.368474960327148, 'emd_loss': 23.998676300048828, 'total_loss': 23.998676300048828}
2024-11-20 15:07:41,208 INFO ===> New TaichiEnv created.
2024-11-20 15:07:41,208 INFO ===> Specifications: horizon = 311, dt = 0.01, n_substeps = 20, dt_sub = 0.0005
2024-11-20 15:07:41,231 DEBUG loaded <trimesh.Trimesh(vertices.shape=(916, 3), faces.shape=(856, 3))> using `load_obj` in 0.0031s
2024-11-20 15:07:41,377 DEBUG loaded <trimesh.Trimesh(vertices.shape=(48, 3), faces.shape=(28, 3))> using `load_obj` in 0.0007s
2024-11-20 15:07:50,371 INFO =====> alpha: 0.5
2024-11-20 15:07:50,372 INFO =====> Loss info: {'particle_has_naninf': False, 'height_map_loss': 13.40228271484375, 'emd_loss': 23.52941131591797, 'total_loss': 23.52941131591797}
2024-11-20 15:07:50,943 INFO ===> New TaichiEnv created.
2024-11-20 15:07:50,943 INFO ===> Specifications: horizon = 311, dt = 0.01, n_substeps = 20, dt_sub = 0.0005
2024-11-20 15:07:50,966 DEBUG loaded <trimesh.Trimesh(vertices.shape=(916, 3), faces.shape=(856, 3))> using `load_obj` in 0.0028s
2024-11-20 15:07:51,850 DEBUG loaded <trimesh.Trimesh(vertices.shape=(48, 3), faces.shape=(28, 3))> using `load_obj` in 0.0007s
2024-11-20 15:08:00,806 INFO =====> alpha: 1.0
2024-11-20 15:08:00,806 INFO =====> Loss info: {'particle_has_naninf': False, 'height_map_loss': 13.469817161560059, 'emd_loss': 23.469179153442383, 'total_loss': 23.469179153442383}
2024-11-20 15:08:01,382 INFO ===> New TaichiEnv created.
2024-11-20 15:08:01,383 INFO ===> Specifications: horizon = 311, dt = 0.01, n_substeps = 20, dt_sub = 0.0005
2024-11-20 15:08:01,406 DEBUG loaded <trimesh.Trimesh(vertices.shape=(916, 3), faces.shape=(856, 3))> using `load_obj` in 0.0029s
2024-11-20 15:08:01,550 DEBUG loaded <trimesh.Trimesh(vertices.shape=(48, 3), faces.shape=(28, 3))> using `load_obj` in 0.0007s
2024-11-20 15:08:10,470 INFO =====> alpha: 1.01
2024-11-20 15:08:10,470 INFO =====> Loss info: {'particle_has_naninf': False, 'height_map_loss': 13.476262092590332, 'emd_loss': 23.46142578125, 'total_loss': 23.46142578125}
2024-11-20 15:08:11,049 INFO ===> New TaichiEnv created.
2024-11-20 15:08:11,049 INFO ===> Specifications: horizon = 311, dt = 0.01, n_substeps = 20, dt_sub = 0.0005
2024-11-20 15:08:11,072 DEBUG loaded <trimesh.Trimesh(vertices.shape=(916, 3), faces.shape=(856, 3))> using `load_obj` in 0.0029s
2024-11-20 15:08:11,219 DEBUG loaded <trimesh.Trimesh(vertices.shape=(48, 3), faces.shape=(28, 3))> using `load_obj` in 0.0007s
2024-11-20 15:08:20,836 INFO =====> alpha: 1.1
2024-11-20 15:08:20,836 INFO =====> Loss info: {'particle_has_naninf': False, 'height_map_loss': 13.464298248291016, 'emd_loss': 23.400165557861328, 'total_loss': 23.400165557861328}
2024-11-20 15:08:21,409 INFO ===> New TaichiEnv created.
2024-11-20 15:08:21,409 INFO ===> Specifications: horizon = 311, dt = 0.01, n_substeps = 20, dt_sub = 0.0005
2024-11-20 15:08:21,432 DEBUG loaded <trimesh.Trimesh(vertices.shape=(916, 3), faces.shape=(856, 3))> using `load_obj` in 0.0030s
2024-11-20 15:08:21,577 DEBUG loaded <trimesh.Trimesh(vertices.shape=(48, 3), faces.shape=(28, 3))> using `load_obj` in 0.0007s
2024-11-20 15:08:30,531 INFO =====> alpha: 1.5
2024-11-20 15:08:30,531 INFO =====> Loss info: {'particle_has_naninf': False, 'height_map_loss': 13.508428573608398, 'emd_loss': 23.666122436523438, 'total_loss': 23.666122436523438}
2024-11-20 15:08:30,531 INFO =====> Best alpha: 0.01, Best loss info: {'particle_has_naninf': False, 'height_map_loss': 13.341697692871094, 'emd_loss': 24.287609100341797, 'total_loss': 24.287609100341797}
2024-11-20 15:08:30,532 INFO =====> Param: E: [345345.06], nu: [0.17490429], rho: [1220.8148], sand_angle: [16.226004]
2024-11-20 15:08:30,532 INFO =====> Grad: [-2.3107417e-02 -2.4385121e+04 -8.1887970e+01 -1.0269086e+03]
2024-11-20 15:08:30,532 INFO =====> Num. aborted data so far: 0
2024-11-20 15:08:31,109 INFO ===> New TaichiEnv created.
2024-11-20 15:08:31,109 INFO ===> Specifications: horizon = 311, dt = 0.01, n_substeps = 20, dt_sub = 0.0005
2024-11-20 15:08:31,133 DEBUG loaded <trimesh.Trimesh(vertices.shape=(916, 3), faces.shape=(856, 3))> using `load_obj` in 0.0029s
2024-11-20 15:08:31,279 DEBUG loaded <trimesh.Trimesh(vertices.shape=(48, 3), faces.shape=(28, 3))> using `load_obj` in 0.0007s
2024-11-20 15:08:59,073 INFO =====> Epoch: 40
2024-11-20 15:08:59,073 INFO =====> Loss info: {'particle_has_naninf': False, 'height_map_loss': 13.341788291931152, 'emd_loss': 24.290790557861328, 'total_loss': 24.290790557861328}
2024-11-20 15:08:59,073 INFO =====> Performing line search for epoch 40......
2024-11-20 15:08:59,677 INFO ===> New TaichiEnv created.
2024-11-20 15:08:59,677 INFO ===> Specifications: horizon = 311, dt = 0.01, n_substeps = 20, dt_sub = 0.0005
2024-11-20 15:08:59,700 DEBUG loaded <trimesh.Trimesh(vertices.shape=(916, 3), faces.shape=(856, 3))> using `load_obj` in 0.0030s
2024-11-20 15:08:59,846 DEBUG loaded <trimesh.Trimesh(vertices.shape=(48, 3), faces.shape=(28, 3))> using `load_obj` in 0.0007s
2024-11-20 15:09:09,493 INFO =====> alpha: 0.01
2024-11-20 15:09:09,493 INFO =====> Loss info: {'particle_has_naninf': False, 'height_map_loss': 13.341962814331055, 'emd_loss': 24.27395248413086, 'total_loss': 24.27395248413086}
2024-11-20 15:09:10,071 INFO ===> New TaichiEnv created.
2024-11-20 15:09:10,071 INFO ===> Specifications: horizon = 311, dt = 0.01, n_substeps = 20, dt_sub = 0.0005
2024-11-20 15:09:10,094 DEBUG loaded <trimesh.Trimesh(vertices.shape=(916, 3), faces.shape=(856, 3))> using `load_obj` in 0.0029s
2024-11-20 15:09:10,240 DEBUG loaded <trimesh.Trimesh(vertices.shape=(48, 3), faces.shape=(28, 3))> using `load_obj` in 0.0007s
2024-11-20 15:09:19,168 INFO =====> alpha: 0.1
2024-11-20 15:09:19,168 INFO =====> Loss info: {'particle_has_naninf': False, 'height_map_loss': 13.3260498046875, 'emd_loss': 24.240009307861328, 'total_loss': 24.240009307861328}
2024-11-20 15:09:19,748 INFO ===> New TaichiEnv created.
2024-11-20 15:09:19,748 INFO ===> Specifications: horizon = 311, dt = 0.01, n_substeps = 20, dt_sub = 0.0005
2024-11-20 15:09:19,771 DEBUG loaded <trimesh.Trimesh(vertices.shape=(916, 3), faces.shape=(856, 3))> using `load_obj` in 0.0029s
2024-11-20 15:09:19,918 DEBUG loaded <trimesh.Trimesh(vertices.shape=(48, 3), faces.shape=(28, 3))> using `load_obj` in 0.0007s
2024-11-20 15:09:28,998 INFO =====> alpha: 0.5
2024-11-20 15:09:28,998 INFO =====> Loss info: {'particle_has_naninf': False, 'height_map_loss': 13.321672439575195, 'emd_loss': 24.343103408813477, 'total_loss': 24.343103408813477}
2024-11-20 15:09:29,576 INFO ===> New TaichiEnv created.
2024-11-20 15:09:29,576 INFO ===> Specifications: horizon = 311, dt = 0.01, n_substeps = 20, dt_sub = 0.0005
2024-11-20 15:09:29,599 DEBUG loaded <trimesh.Trimesh(vertices.shape=(916, 3), faces.shape=(856, 3))> using `load_obj` in 0.0028s
2024-11-20 15:09:29,745 DEBUG loaded <trimesh.Trimesh(vertices.shape=(48, 3), faces.shape=(28, 3))> using `load_obj` in 0.0007s
2024-11-20 15:09:39,410 INFO =====> alpha: 1.0
2024-11-20 15:09:39,410 INFO =====> Loss info: {'particle_has_naninf': False, 'height_map_loss': 13.377933502197266, 'emd_loss': 24.311967849731445, 'total_loss': 24.311967849731445}
2024-11-20 15:09:39,993 INFO ===> New TaichiEnv created.
2024-11-20 15:09:39,993 INFO ===> Specifications: horizon = 311, dt = 0.01, n_substeps = 20, dt_sub = 0.0005
2024-11-20 15:09:40,016 DEBUG loaded <trimesh.Trimesh(vertices.shape=(916, 3), faces.shape=(856, 3))> using `load_obj` in 0.0030s
2024-11-20 15:09:40,162 DEBUG loaded <trimesh.Trimesh(vertices.shape=(48, 3), faces.shape=(28, 3))> using `load_obj` in 0.0007s
2024-11-20 15:09:49,217 INFO =====> alpha: 1.01
2024-11-20 15:09:49,217 INFO =====> Loss info: {'particle_has_naninf': False, 'height_map_loss': 13.387913703918457, 'emd_loss': 24.311336517333984, 'total_loss': 24.311336517333984}
2024-11-20 15:09:49,815 INFO ===> New TaichiEnv created.
2024-11-20 15:09:49,815 INFO ===> Specifications: horizon = 311, dt = 0.01, n_substeps = 20, dt_sub = 0.0005
2024-11-20 15:09:49,838 DEBUG loaded <trimesh.Trimesh(vertices.shape=(916, 3), faces.shape=(856, 3))> using `load_obj` in 0.0029s
2024-11-20 15:09:49,984 DEBUG loaded <trimesh.Trimesh(vertices.shape=(48, 3), faces.shape=(28, 3))> using `load_obj` in 0.0007s
2024-11-20 15:09:59,648 INFO =====> alpha: 1.1
2024-11-20 15:09:59,649 INFO =====> Loss info: {'particle_has_naninf': False, 'height_map_loss': 13.400468826293945, 'emd_loss': 24.343799591064453, 'total_loss': 24.343799591064453}
2024-11-20 15:10:00,282 INFO ===> New TaichiEnv created.
2024-11-20 15:10:00,282 INFO ===> Specifications: horizon = 311, dt = 0.01, n_substeps = 20, dt_sub = 0.0005
2024-11-20 15:10:00,305 DEBUG loaded <trimesh.Trimesh(vertices.shape=(916, 3), faces.shape=(856, 3))> using `load_obj` in 0.0029s
2024-11-20 15:10:00,451 DEBUG loaded <trimesh.Trimesh(vertices.shape=(48, 3), faces.shape=(28, 3))> using `load_obj` in 0.0007s
2024-11-20 15:10:09,446 INFO =====> alpha: 1.5
2024-11-20 15:10:09,446 INFO =====> Loss info: {'particle_has_naninf': False, 'height_map_loss': 13.386661529541016, 'emd_loss': 24.42245101928711, 'total_loss': 24.42245101928711}
2024-11-20 15:10:09,447 INFO =====> Best alpha: 0.5, Best loss info: {'particle_has_naninf': False, 'height_map_loss': 13.321672439575195, 'emd_loss': 24.343103408813477, 'total_loss': 24.343103408813477}
2024-11-20 15:10:09,447 INFO =====> Param: E: [340856.06], nu: [0.1736533], rho: [1206.0122], sand_angle: [16.012892]
2024-11-20 15:10:09,447 INFO =====> Grad: [7.6605985e-03 4.2277944e+03 3.2132931e+01 2.1662805e+02]
2024-11-20 15:10:09,447 INFO =====> Num. aborted data so far: 0
2024-11-20 15:10:10,023 INFO ===> New TaichiEnv created.
2024-11-20 15:10:10,023 INFO ===> Specifications: horizon = 311, dt = 0.01, n_substeps = 20, dt_sub = 0.0005
2024-11-20 15:10:10,047 DEBUG loaded <trimesh.Trimesh(vertices.shape=(916, 3), faces.shape=(856, 3))> using `load_obj` in 0.0031s
2024-11-20 15:10:10,197 DEBUG loaded <trimesh.Trimesh(vertices.shape=(48, 3), faces.shape=(28, 3))> using `load_obj` in 0.0007s
2024-11-20 15:10:37,959 INFO =====> Epoch: 41
2024-11-20 15:10:37,959 INFO =====> Loss info: {'particle_has_naninf': False, 'height_map_loss': 13.32248306274414, 'emd_loss': 24.34333038330078, 'total_loss': 24.34333038330078}
2024-11-20 15:10:37,959 INFO =====> Performing line search for epoch 41......
2024-11-20 15:10:38,565 INFO ===> New TaichiEnv created.
2024-11-20 15:10:38,565 INFO ===> Specifications: horizon = 311, dt = 0.01, n_substeps = 20, dt_sub = 0.0005
2024-11-20 15:10:38,588 DEBUG loaded <trimesh.Trimesh(vertices.shape=(916, 3), faces.shape=(856, 3))> using `load_obj` in 0.0030s
2024-11-20 15:10:38,734 DEBUG loaded <trimesh.Trimesh(vertices.shape=(48, 3), faces.shape=(28, 3))> using `load_obj` in 0.0007s
2024-11-20 15:10:47,740 INFO =====> alpha: 0.01
2024-11-20 15:10:47,740 INFO =====> Loss info: {'particle_has_naninf': False, 'height_map_loss': 13.328530311584473, 'emd_loss': 24.339868545532227, 'total_loss': 24.339868545532227}
2024-11-20 15:10:48,315 INFO ===> New TaichiEnv created.
2024-11-20 15:10:48,316 INFO ===> Specifications: horizon = 311, dt = 0.01, n_substeps = 20, dt_sub = 0.0005
2024-11-20 15:10:48,339 DEBUG loaded <trimesh.Trimesh(vertices.shape=(916, 3), faces.shape=(856, 3))> using `load_obj` in 0.0029s
2024-11-20 15:10:48,486 DEBUG loaded <trimesh.Trimesh(vertices.shape=(48, 3), faces.shape=(28, 3))> using `load_obj` in 0.0007s
2024-11-20 15:10:58,263 INFO =====> alpha: 0.1
2024-11-20 15:10:58,263 INFO =====> Loss info: {'particle_has_naninf': False, 'height_map_loss': 13.351213455200195, 'emd_loss': 24.500118255615234, 'total_loss': 24.500118255615234}
2024-11-20 15:10:58,838 INFO ===> New TaichiEnv created.
2024-11-20 15:10:58,838 INFO ===> Specifications: horizon = 311, dt = 0.01, n_substeps = 20, dt_sub = 0.0005
2024-11-20 15:10:58,862 DEBUG loaded <trimesh.Trimesh(vertices.shape=(916, 3), faces.shape=(856, 3))> using `load_obj` in 0.0029s
2024-11-20 15:10:59,007 DEBUG loaded <trimesh.Trimesh(vertices.shape=(48, 3), faces.shape=(28, 3))> using `load_obj` in 0.0007s
2024-11-20 15:11:07,958 INFO =====> alpha: 0.5
2024-11-20 15:11:07,958 INFO =====> Loss info: {'particle_has_naninf': False, 'height_map_loss': 13.378294944763184, 'emd_loss': 24.309629440307617, 'total_loss': 24.309629440307617}
2024-11-20 15:11:08,545 INFO ===> New TaichiEnv created.
2024-11-20 15:11:08,545 INFO ===> Specifications: horizon = 311, dt = 0.01, n_substeps = 20, dt_sub = 0.0005
2024-11-20 15:11:08,569 DEBUG loaded <trimesh.Trimesh(vertices.shape=(916, 3), faces.shape=(856, 3))> using `load_obj` in 0.0030s
2024-11-20 15:11:08,716 DEBUG loaded <trimesh.Trimesh(vertices.shape=(48, 3), faces.shape=(28, 3))> using `load_obj` in 0.0007s
2024-11-20 15:11:18,422 INFO =====> alpha: 1.0
2024-11-20 15:11:18,422 INFO =====> Loss info: {'particle_has_naninf': False, 'height_map_loss': 13.463915824890137, 'emd_loss': 23.63265037536621, 'total_loss': 23.63265037536621}
2024-11-20 15:11:19,079 INFO ===> New TaichiEnv created.
2024-11-20 15:11:19,080 INFO ===> Specifications: horizon = 311, dt = 0.01, n_substeps = 20, dt_sub = 0.0005
2024-11-20 15:11:19,103 DEBUG loaded <trimesh.Trimesh(vertices.shape=(916, 3), faces.shape=(856, 3))> using `load_obj` in 0.0029s
2024-11-20 15:11:19,250 DEBUG loaded <trimesh.Trimesh(vertices.shape=(48, 3), faces.shape=(28, 3))> using `load_obj` in 0.0007s
2024-11-20 15:11:28,215 INFO =====> alpha: 1.01
2024-11-20 15:11:28,215 INFO =====> Loss info: {'particle_has_naninf': False, 'height_map_loss': 13.472167015075684, 'emd_loss': 23.664121627807617, 'total_loss': 23.664121627807617}
2024-11-20 15:11:28,798 INFO ===> New TaichiEnv created.
2024-11-20 15:11:28,798 INFO ===> Specifications: horizon = 311, dt = 0.01, n_substeps = 20, dt_sub = 0.0005
2024-11-20 15:11:28,821 DEBUG loaded <trimesh.Trimesh(vertices.shape=(916, 3), faces.shape=(856, 3))> using `load_obj` in 0.0029s
2024-11-20 15:11:28,969 DEBUG loaded <trimesh.Trimesh(vertices.shape=(48, 3), faces.shape=(28, 3))> using `load_obj` in 0.0007s
2024-11-20 15:11:38,710 INFO =====> alpha: 1.1
2024-11-20 15:11:38,710 INFO =====> Loss info: {'particle_has_naninf': False, 'height_map_loss': 13.446651458740234, 'emd_loss': 23.814664840698242, 'total_loss': 23.814664840698242}
2024-11-20 15:11:39,285 INFO ===> New TaichiEnv created.
2024-11-20 15:11:39,285 INFO ===> Specifications: horizon = 311, dt = 0.01, n_substeps = 20, dt_sub = 0.0005
2024-11-20 15:11:39,307 DEBUG loaded <trimesh.Trimesh(vertices.shape=(916, 3), faces.shape=(856, 3))> using `load_obj` in 0.0029s
2024-11-20 15:11:39,452 DEBUG loaded <trimesh.Trimesh(vertices.shape=(48, 3), faces.shape=(28, 3))> using `load_obj` in 0.0007s
2024-11-20 15:11:48,438 INFO =====> alpha: 1.5
2024-11-20 15:11:48,438 INFO =====> Loss info: {'particle_has_naninf': False, 'height_map_loss': 13.543654441833496, 'emd_loss': 23.970279693603516, 'total_loss': 23.970279693603516}
2024-11-20 15:11:48,438 INFO =====> Best alpha: 0.01, Best loss info: {'particle_has_naninf': False, 'height_map_loss': 13.328530311584473, 'emd_loss': 24.339868545532227, 'total_loss': 24.339868545532227}
2024-11-20 15:11:48,439 INFO =====> Param: E: [340823.03], nu: [0.17358732], rho: [1205.2347], sand_angle: [15.998702]
2024-11-20 15:11:48,439 INFO =====> Grad: [2.6765093e-03 1.0815276e+04 9.1927437e+01 7.6556232e+02]
2024-11-20 15:11:48,439 INFO =====> Num. aborted data so far: 0
2024-11-20 15:11:49,025 INFO ===> New TaichiEnv created.
2024-11-20 15:11:49,025 INFO ===> Specifications: horizon = 311, dt = 0.01, n_substeps = 20, dt_sub = 0.0005
2024-11-20 15:11:49,049 DEBUG loaded <trimesh.Trimesh(vertices.shape=(916, 3), faces.shape=(856, 3))> using `load_obj` in 0.0030s
2024-11-20 15:11:49,195 DEBUG loaded <trimesh.Trimesh(vertices.shape=(48, 3), faces.shape=(28, 3))> using `load_obj` in 0.0007s
2024-11-20 15:12:17,004 INFO =====> Epoch: 42
2024-11-20 15:12:17,004 INFO =====> Loss info: {'particle_has_naninf': False, 'height_map_loss': 13.324952125549316, 'emd_loss': 24.489261627197266, 'total_loss': 24.489261627197266}
2024-11-20 15:12:17,004 INFO =====> Performing line search for epoch 42......
2024-11-20 15:12:17,602 INFO ===> New TaichiEnv created.
2024-11-20 15:12:17,602 INFO ===> Specifications: horizon = 311, dt = 0.01, n_substeps = 20, dt_sub = 0.0005
2024-11-20 15:12:17,626 DEBUG loaded <trimesh.Trimesh(vertices.shape=(916, 3), faces.shape=(856, 3))> using `load_obj` in 0.0029s
2024-11-20 15:12:17,773 DEBUG loaded <trimesh.Trimesh(vertices.shape=(48, 3), faces.shape=(28, 3))> using `load_obj` in 0.0007s
2024-11-20 15:12:26,701 INFO =====> alpha: 0.01
2024-11-20 15:12:26,701 INFO =====> Loss info: {'particle_has_naninf': False, 'height_map_loss': 13.32262134552002, 'emd_loss': 24.341659545898438, 'total_loss': 24.341659545898438}
2024-11-20 15:12:27,278 INFO ===> New TaichiEnv created.
2024-11-20 15:12:27,278 INFO ===> Specifications: horizon = 311, dt = 0.01, n_substeps = 20, dt_sub = 0.0005
2024-11-20 15:12:27,301 DEBUG loaded <trimesh.Trimesh(vertices.shape=(916, 3), faces.shape=(856, 3))> using `load_obj` in 0.0030s
2024-11-20 15:12:27,445 DEBUG loaded <trimesh.Trimesh(vertices.shape=(48, 3), faces.shape=(28, 3))> using `load_obj` in 0.0007s
2024-11-20 15:12:37,185 INFO =====> alpha: 0.1
2024-11-20 15:12:37,185 INFO =====> Loss info: {'particle_has_naninf': False, 'height_map_loss': 13.329987525939941, 'emd_loss': 24.221416473388672, 'total_loss': 24.221416473388672}
2024-11-20 15:12:37,766 INFO ===> New TaichiEnv created.
2024-11-20 15:12:37,766 INFO ===> Specifications: horizon = 311, dt = 0.01, n_substeps = 20, dt_sub = 0.0005
2024-11-20 15:12:37,789 DEBUG loaded <trimesh.Trimesh(vertices.shape=(916, 3), faces.shape=(856, 3))> using `load_obj` in 0.0030s
2024-11-20 15:12:37,936 DEBUG loaded <trimesh.Trimesh(vertices.shape=(48, 3), faces.shape=(28, 3))> using `load_obj` in 0.0007s
2024-11-20 15:12:46,867 INFO =====> alpha: 0.5
2024-11-20 15:12:46,867 INFO =====> Loss info: {'particle_has_naninf': False, 'height_map_loss': 13.36120891571045, 'emd_loss': 23.891950607299805, 'total_loss': 23.891950607299805}
2024-11-20 15:12:47,440 INFO ===> New TaichiEnv created.
2024-11-20 15:12:47,440 INFO ===> Specifications: horizon = 311, dt = 0.01, n_substeps = 20, dt_sub = 0.0005
2024-11-20 15:12:47,464 DEBUG loaded <trimesh.Trimesh(vertices.shape=(916, 3), faces.shape=(856, 3))> using `load_obj` in 0.0029s
2024-11-20 15:12:47,610 DEBUG loaded <trimesh.Trimesh(vertices.shape=(48, 3), faces.shape=(28, 3))> using `load_obj` in 0.0007s
2024-11-20 15:12:57,357 INFO =====> alpha: 1.0
2024-11-20 15:12:57,357 INFO =====> Loss info: {'particle_has_naninf': False, 'height_map_loss': 13.378246307373047, 'emd_loss': 23.68471336364746, 'total_loss': 23.68471336364746}
2024-11-20 15:12:57,929 INFO ===> New TaichiEnv created.
2024-11-20 15:12:57,930 INFO ===> Specifications: horizon = 311, dt = 0.01, n_substeps = 20, dt_sub = 0.0005
2024-11-20 15:12:57,953 DEBUG loaded <trimesh.Trimesh(vertices.shape=(916, 3), faces.shape=(856, 3))> using `load_obj` in 0.0029s
2024-11-20 15:12:58,099 DEBUG loaded <trimesh.Trimesh(vertices.shape=(48, 3), faces.shape=(28, 3))> using `load_obj` in 0.0007s
2024-11-20 15:13:07,083 INFO =====> alpha: 1.01
2024-11-20 15:13:07,083 INFO =====> Loss info: {'particle_has_naninf': False, 'height_map_loss': 13.377267837524414, 'emd_loss': 23.697050094604492, 'total_loss': 23.697050094604492}
2024-11-20 15:13:07,674 INFO ===> New TaichiEnv created.
2024-11-20 15:13:07,674 INFO ===> Specifications: horizon = 311, dt = 0.01, n_substeps = 20, dt_sub = 0.0005
2024-11-20 15:13:07,698 DEBUG loaded <trimesh.Trimesh(vertices.shape=(916, 3), faces.shape=(856, 3))> using `load_obj` in 0.0031s
2024-11-20 15:13:07,847 DEBUG loaded <trimesh.Trimesh(vertices.shape=(48, 3), faces.shape=(28, 3))> using `load_obj` in 0.0007s
2024-11-20 15:13:17,555 INFO =====> alpha: 1.1
2024-11-20 15:13:17,555 INFO =====> Loss info: {'particle_has_naninf': False, 'height_map_loss': 13.386152267456055, 'emd_loss': 23.451374053955078, 'total_loss': 23.451374053955078}
2024-11-20 15:13:18,186 INFO ===> New TaichiEnv created.
2024-11-20 15:13:18,186 INFO ===> Specifications: horizon = 311, dt = 0.01, n_substeps = 20, dt_sub = 0.0005
2024-11-20 15:13:18,209 DEBUG loaded <trimesh.Trimesh(vertices.shape=(916, 3), faces.shape=(856, 3))> using `load_obj` in 0.0029s
2024-11-20 15:13:18,354 DEBUG loaded <trimesh.Trimesh(vertices.shape=(48, 3), faces.shape=(28, 3))> using `load_obj` in 0.0007s
2024-11-20 15:13:27,299 INFO =====> alpha: 1.5
2024-11-20 15:13:27,300 INFO =====> Loss info: {'particle_has_naninf': False, 'height_map_loss': 13.449372291564941, 'emd_loss': 23.454608917236328, 'total_loss': 23.454608917236328}
2024-11-20 15:13:27,300 INFO =====> Best alpha: 0.01, Best loss info: {'particle_has_naninf': False, 'height_map_loss': 13.32262134552002, 'emd_loss': 24.341659545898438, 'total_loss': 24.341659545898438}
2024-11-20 15:13:27,300 INFO =====> Param: E: [341034.06], nu: [0.1736995], rho: [1205.2745], sand_angle: [16.011765]
2024-11-20 15:13:27,300 INFO =====> Grad: [-1.7214604e-02 -1.8656385e+04 -4.4601932e+00 -7.3416119e+02]
2024-11-20 15:13:27,300 INFO =====> Num. aborted data so far: 0
2024-11-20 15:13:27,883 INFO ===> New TaichiEnv created.
2024-11-20 15:13:27,883 INFO ===> Specifications: horizon = 311, dt = 0.01, n_substeps = 20, dt_sub = 0.0005
2024-11-20 15:13:27,907 DEBUG loaded <trimesh.Trimesh(vertices.shape=(916, 3), faces.shape=(856, 3))> using `load_obj` in 0.0029s
2024-11-20 15:13:28,053 DEBUG loaded <trimesh.Trimesh(vertices.shape=(48, 3), faces.shape=(28, 3))> using `load_obj` in 0.0007s
2024-11-20 15:13:55,814 INFO =====> Epoch: 43
2024-11-20 15:13:55,814 INFO =====> Loss info: {'particle_has_naninf': False, 'height_map_loss': 13.321111679077148, 'emd_loss': 24.342607498168945, 'total_loss': 24.342607498168945}
2024-11-20 15:13:55,814 INFO =====> Performing line search for epoch 43......
2024-11-20 15:13:56,468 INFO ===> New TaichiEnv created.
2024-11-20 15:13:56,468 INFO ===> Specifications: horizon = 311, dt = 0.01, n_substeps = 20, dt_sub = 0.0005
2024-11-20 15:13:56,493 DEBUG loaded <trimesh.Trimesh(vertices.shape=(916, 3), faces.shape=(856, 3))> using `load_obj` in 0.0050s
2024-11-20 15:13:56,640 DEBUG loaded <trimesh.Trimesh(vertices.shape=(48, 3), faces.shape=(28, 3))> using `load_obj` in 0.0007s
2024-11-20 15:14:05,604 INFO =====> alpha: 0.01
2024-11-20 15:14:05,604 INFO =====> Loss info: {'particle_has_naninf': False, 'height_map_loss': 13.323297500610352, 'emd_loss': 24.33624839782715, 'total_loss': 24.33624839782715}
2024-11-20 15:14:06,188 INFO ===> New TaichiEnv created.
2024-11-20 15:14:06,188 INFO ===> Specifications: horizon = 311, dt = 0.01, n_substeps = 20, dt_sub = 0.0005
2024-11-20 15:14:06,211 DEBUG loaded <trimesh.Trimesh(vertices.shape=(916, 3), faces.shape=(856, 3))> using `load_obj` in 0.0030s
2024-11-20 15:14:06,356 DEBUG loaded <trimesh.Trimesh(vertices.shape=(48, 3), faces.shape=(28, 3))> using `load_obj` in 0.0007s
2024-11-20 15:14:16,012 INFO =====> alpha: 0.1
2024-11-20 15:14:16,012 INFO =====> Loss info: {'particle_has_naninf': False, 'height_map_loss': 13.323686599731445, 'emd_loss': 24.343353271484375, 'total_loss': 24.343353271484375}
2024-11-20 15:14:16,593 INFO ===> New TaichiEnv created.
2024-11-20 15:14:16,593 INFO ===> Specifications: horizon = 311, dt = 0.01, n_substeps = 20, dt_sub = 0.0005
2024-11-20 15:14:16,616 DEBUG loaded <trimesh.Trimesh(vertices.shape=(916, 3), faces.shape=(856, 3))> using `load_obj` in 0.0029s
2024-11-20 15:14:16,762 DEBUG loaded <trimesh.Trimesh(vertices.shape=(48, 3), faces.shape=(28, 3))> using `load_obj` in 0.0007s
2024-11-20 15:14:25,796 INFO =====> alpha: 0.5
2024-11-20 15:14:25,796 INFO =====> Loss info: {'particle_has_naninf': False, 'height_map_loss': 13.343307495117188, 'emd_loss': 24.51050567626953, 'total_loss': 24.51050567626953}
2024-11-20 15:14:26,369 INFO ===> New TaichiEnv created.
2024-11-20 15:14:26,369 INFO ===> Specifications: horizon = 311, dt = 0.01, n_substeps = 20, dt_sub = 0.0005
2024-11-20 15:14:26,392 DEBUG loaded <trimesh.Trimesh(vertices.shape=(916, 3), faces.shape=(856, 3))> using `load_obj` in 0.0029s
2024-11-20 15:14:26,538 DEBUG loaded <trimesh.Trimesh(vertices.shape=(48, 3), faces.shape=(28, 3))> using `load_obj` in 0.0007s
2024-11-20 15:14:36,344 INFO =====> alpha: 1.0
2024-11-20 15:14:36,344 INFO =====> Loss info: {'particle_has_naninf': False, 'height_map_loss': 13.374695777893066, 'emd_loss': 24.33216667175293, 'total_loss': 24.33216667175293}
2024-11-20 15:14:36,924 INFO ===> New TaichiEnv created.
2024-11-20 15:14:36,924 INFO ===> Specifications: horizon = 311, dt = 0.01, n_substeps = 20, dt_sub = 0.0005
2024-11-20 15:14:36,947 DEBUG loaded <trimesh.Trimesh(vertices.shape=(916, 3), faces.shape=(856, 3))> using `load_obj` in 0.0029s
2024-11-20 15:14:37,094 DEBUG loaded <trimesh.Trimesh(vertices.shape=(48, 3), faces.shape=(28, 3))> using `load_obj` in 0.0007s
2024-11-20 15:14:46,061 INFO =====> alpha: 1.01
2024-11-20 15:14:46,061 INFO =====> Loss info: {'particle_has_naninf': False, 'height_map_loss': 13.370591163635254, 'emd_loss': 24.330413818359375, 'total_loss': 24.330413818359375}
2024-11-20 15:14:46,645 INFO ===> New TaichiEnv created.
2024-11-20 15:14:46,645 INFO ===> Specifications: horizon = 311, dt = 0.01, n_substeps = 20, dt_sub = 0.0005
2024-11-20 15:14:46,668 DEBUG loaded <trimesh.Trimesh(vertices.shape=(916, 3), faces.shape=(856, 3))> using `load_obj` in 0.0031s
2024-11-20 15:14:46,816 DEBUG loaded <trimesh.Trimesh(vertices.shape=(48, 3), faces.shape=(28, 3))> using `load_obj` in 0.0007s
2024-11-20 15:14:55,831 INFO =====> alpha: 1.1
2024-11-20 15:14:55,831 INFO =====> Loss info: {'particle_has_naninf': False, 'height_map_loss': 13.375611305236816, 'emd_loss': 24.325231552124023, 'total_loss': 24.325231552124023}
2024-11-20 15:14:56,414 INFO ===> New TaichiEnv created.
2024-11-20 15:14:56,414 INFO ===> Specifications: horizon = 311, dt = 0.01, n_substeps = 20, dt_sub = 0.0005
2024-11-20 15:14:56,437 DEBUG loaded <trimesh.Trimesh(vertices.shape=(916, 3), faces.shape=(856, 3))> using `load_obj` in 0.0029s
2024-11-20 15:14:56,585 DEBUG loaded <trimesh.Trimesh(vertices.shape=(48, 3), faces.shape=(28, 3))> using `load_obj` in 0.0007s
2024-11-20 15:15:06,441 INFO =====> alpha: 1.5
2024-11-20 15:15:06,441 INFO =====> Loss info: {'particle_has_naninf': False, 'height_map_loss': 13.407621383666992, 'emd_loss': 24.368118286132812, 'total_loss': 24.368118286132812}
2024-11-20 15:15:06,442 INFO =====> Best alpha: 0.01, Best loss info: {'particle_has_naninf': False, 'height_map_loss': 13.323297500610352, 'emd_loss': 24.33624839782715, 'total_loss': 24.33624839782715}
2024-11-20 15:15:06,442 INFO =====> Param: E: [340976.3], nu: [0.17365074], rho: [1204.9198], sand_angle: [16.01016]
2024-11-20 15:15:06,442 INFO =====> Grad: [4.4880663e-03 7.7870850e+03 3.8759018e+01 8.5679825e+01]
2024-11-20 15:15:06,442 INFO =====> Num. aborted data so far: 0
2024-11-20 15:15:07,022 INFO ===> New TaichiEnv created.
2024-11-20 15:15:07,022 INFO ===> Specifications: horizon = 311, dt = 0.01, n_substeps = 20, dt_sub = 0.0005
2024-11-20 15:15:07,046 DEBUG loaded <trimesh.Trimesh(vertices.shape=(916, 3), faces.shape=(856, 3))> using `load_obj` in 0.0030s
2024-11-20 15:15:07,191 DEBUG loaded <trimesh.Trimesh(vertices.shape=(48, 3), faces.shape=(28, 3))> using `load_obj` in 0.0007s
2024-11-20 15:15:34,995 INFO =====> Epoch: 44
2024-11-20 15:15:34,995 INFO =====> Loss info: {'particle_has_naninf': False, 'height_map_loss': 13.320503234863281, 'emd_loss': 24.335384368896484, 'total_loss': 24.335384368896484}
2024-11-20 15:15:34,995 INFO =====> Performing line search for epoch 44......
2024-11-20 15:15:35,705 INFO ===> New TaichiEnv created.
2024-11-20 15:15:35,705 INFO ===> Specifications: horizon = 311, dt = 0.01, n_substeps = 20, dt_sub = 0.0005
2024-11-20 15:15:35,729 DEBUG loaded <trimesh.Trimesh(vertices.shape=(916, 3), faces.shape=(856, 3))> using `load_obj` in 0.0030s
2024-11-20 15:15:35,875 DEBUG loaded <trimesh.Trimesh(vertices.shape=(48, 3), faces.shape=(28, 3))> using `load_obj` in 0.0007s
2024-11-20 15:15:44,825 INFO =====> alpha: 0.01
2024-11-20 15:15:44,825 INFO =====> Loss info: {'particle_has_naninf': False, 'height_map_loss': 13.326562881469727, 'emd_loss': 24.122549057006836, 'total_loss': 24.122549057006836}
2024-11-20 15:15:45,406 INFO ===> New TaichiEnv created.
2024-11-20 15:15:45,406 INFO ===> Specifications: horizon = 311, dt = 0.01, n_substeps = 20, dt_sub = 0.0005
2024-11-20 15:15:45,429 DEBUG loaded <trimesh.Trimesh(vertices.shape=(916, 3), faces.shape=(856, 3))> using `load_obj` in 0.0031s
2024-11-20 15:15:45,578 DEBUG loaded <trimesh.Trimesh(vertices.shape=(48, 3), faces.shape=(28, 3))> using `load_obj` in 0.0007s
2024-11-20 15:15:55,289 INFO =====> alpha: 0.1
2024-11-20 15:15:55,290 INFO =====> Loss info: {'particle_has_naninf': False, 'height_map_loss': 13.328625679016113, 'emd_loss': 24.251888275146484, 'total_loss': 24.251888275146484}
2024-11-20 15:15:55,869 INFO ===> New TaichiEnv created.
2024-11-20 15:15:55,869 INFO ===> Specifications: horizon = 311, dt = 0.01, n_substeps = 20, dt_sub = 0.0005
2024-11-20 15:15:55,893 DEBUG loaded <trimesh.Trimesh(vertices.shape=(916, 3), faces.shape=(856, 3))> using `load_obj` in 0.0030s
2024-11-20 15:15:56,041 DEBUG loaded <trimesh.Trimesh(vertices.shape=(48, 3), faces.shape=(28, 3))> using `load_obj` in 0.0007s
2024-11-20 15:16:05,042 INFO =====> alpha: 0.5
2024-11-20 15:16:05,043 INFO =====> Loss info: {'particle_has_naninf': False, 'height_map_loss': 13.388001441955566, 'emd_loss': 23.564481735229492, 'total_loss': 23.564481735229492}
2024-11-20 15:16:05,623 INFO ===> New TaichiEnv created.
2024-11-20 15:16:05,623 INFO ===> Specifications: horizon = 311, dt = 0.01, n_substeps = 20, dt_sub = 0.0005
2024-11-20 15:16:05,647 DEBUG loaded <trimesh.Trimesh(vertices.shape=(916, 3), faces.shape=(856, 3))> using `load_obj` in 0.0031s
2024-11-20 15:16:05,792 DEBUG loaded <trimesh.Trimesh(vertices.shape=(48, 3), faces.shape=(28, 3))> using `load_obj` in 0.0007s
2024-11-20 15:16:14,934 INFO =====> alpha: 1.0
2024-11-20 15:16:14,934 INFO =====> Loss info: {'particle_has_naninf': False, 'height_map_loss': 13.45475959777832, 'emd_loss': 23.46291732788086, 'total_loss': 23.46291732788086}
2024-11-20 15:16:15,507 INFO ===> New TaichiEnv created.
2024-11-20 15:16:15,507 INFO ===> Specifications: horizon = 311, dt = 0.01, n_substeps = 20, dt_sub = 0.0005
2024-11-20 15:16:15,530 DEBUG loaded <trimesh.Trimesh(vertices.shape=(916, 3), faces.shape=(856, 3))> using `load_obj` in 0.0029s
2024-11-20 15:16:15,677 DEBUG loaded <trimesh.Trimesh(vertices.shape=(48, 3), faces.shape=(28, 3))> using `load_obj` in 0.0007s
2024-11-20 15:16:25,567 INFO =====> alpha: 1.01
2024-11-20 15:16:25,567 INFO =====> Loss info: {'particle_has_naninf': False, 'height_map_loss': 13.458377838134766, 'emd_loss': 23.457820892333984, 'total_loss': 23.457820892333984}
2024-11-20 15:16:26,142 INFO ===> New TaichiEnv created.
2024-11-20 15:16:26,142 INFO ===> Specifications: horizon = 311, dt = 0.01, n_substeps = 20, dt_sub = 0.0005
2024-11-20 15:16:26,166 DEBUG loaded <trimesh.Trimesh(vertices.shape=(916, 3), faces.shape=(856, 3))> using `load_obj` in 0.0031s
2024-11-20 15:16:26,312 DEBUG loaded <trimesh.Trimesh(vertices.shape=(48, 3), faces.shape=(28, 3))> using `load_obj` in 0.0007s
2024-11-20 15:16:35,311 INFO =====> alpha: 1.1
2024-11-20 15:16:35,311 INFO =====> Loss info: {'particle_has_naninf': False, 'height_map_loss': 13.449583053588867, 'emd_loss': 23.262741088867188, 'total_loss': 23.262741088867188}
2024-11-20 15:16:35,889 INFO ===> New TaichiEnv created.
2024-11-20 15:16:35,890 INFO ===> Specifications: horizon = 311, dt = 0.01, n_substeps = 20, dt_sub = 0.0005
2024-11-20 15:16:35,913 DEBUG loaded <trimesh.Trimesh(vertices.shape=(916, 3), faces.shape=(856, 3))> using `load_obj` in 0.0030s
2024-11-20 15:16:36,060 DEBUG loaded <trimesh.Trimesh(vertices.shape=(48, 3), faces.shape=(28, 3))> using `load_obj` in 0.0007s
2024-11-20 15:16:45,780 INFO =====> alpha: 1.5
2024-11-20 15:16:45,781 INFO =====> Loss info: {'particle_has_naninf': False, 'height_map_loss': 13.495278358459473, 'emd_loss': 23.728403091430664, 'total_loss': 23.728403091430664}
2024-11-20 15:16:45,781 INFO =====> Best alpha: 0.01, Best loss info: {'particle_has_naninf': False, 'height_map_loss': 13.326562881469727, 'emd_loss': 24.122549057006836, 'total_loss': 24.122549057006836}
2024-11-20 15:16:45,781 INFO =====> Param: E: [341203.44], nu: [0.17378691], rho: [1204.6946], sand_angle: [16.031136]
2024-11-20 15:16:45,781 INFO =====> Grad: [-1.7940249e-02 -2.2855555e+04  2.3575499e+01 -1.4195122e+03]
2024-11-20 15:16:45,781 INFO =====> Num. aborted data so far: 0
2024-11-20 15:16:46,362 INFO ===> New TaichiEnv created.
2024-11-20 15:16:46,362 INFO ===> Specifications: horizon = 311, dt = 0.01, n_substeps = 20, dt_sub = 0.0005
2024-11-20 15:16:46,385 DEBUG loaded <trimesh.Trimesh(vertices.shape=(916, 3), faces.shape=(856, 3))> using `load_obj` in 0.0029s
2024-11-20 15:16:46,531 DEBUG loaded <trimesh.Trimesh(vertices.shape=(48, 3), faces.shape=(28, 3))> using `load_obj` in 0.0007s
2024-11-20 15:17:14,407 INFO =====> Epoch: 45
2024-11-20 15:17:14,407 INFO =====> Loss info: {'particle_has_naninf': False, 'height_map_loss': 13.325765609741211, 'emd_loss': 24.122074127197266, 'total_loss': 24.122074127197266}
2024-11-20 15:17:14,407 INFO =====> Performing line search for epoch 45......
2024-11-20 15:17:15,088 INFO ===> New TaichiEnv created.
2024-11-20 15:17:15,089 INFO ===> Specifications: horizon = 311, dt = 0.01, n_substeps = 20, dt_sub = 0.0005
2024-11-20 15:17:15,114 DEBUG loaded <trimesh.Trimesh(vertices.shape=(916, 3), faces.shape=(856, 3))> using `load_obj` in 0.0050s
2024-11-20 15:17:15,261 DEBUG loaded <trimesh.Trimesh(vertices.shape=(48, 3), faces.shape=(28, 3))> using `load_obj` in 0.0007s
2024-11-20 15:17:24,207 INFO =====> alpha: 0.01
2024-11-20 15:17:24,207 INFO =====> Loss info: {'particle_has_naninf': False, 'height_map_loss': 13.320645332336426, 'emd_loss': 24.341001510620117, 'total_loss': 24.341001510620117}
2024-11-20 15:17:24,793 INFO ===> New TaichiEnv created.
2024-11-20 15:17:24,793 INFO ===> Specifications: horizon = 311, dt = 0.01, n_substeps = 20, dt_sub = 0.0005
2024-11-20 15:17:24,816 DEBUG loaded <trimesh.Trimesh(vertices.shape=(916, 3), faces.shape=(856, 3))> using `load_obj` in 0.0030s
2024-11-20 15:17:24,963 DEBUG loaded <trimesh.Trimesh(vertices.shape=(48, 3), faces.shape=(28, 3))> using `load_obj` in 0.0007s
2024-11-20 15:17:33,946 INFO =====> alpha: 0.1
2024-11-20 15:17:33,946 INFO =====> Loss info: {'particle_has_naninf': False, 'height_map_loss': 13.361496925354004, 'emd_loss': 24.307031631469727, 'total_loss': 24.307031631469727}
2024-11-20 15:17:34,525 INFO ===> New TaichiEnv created.
2024-11-20 15:17:34,525 INFO ===> Specifications: horizon = 311, dt = 0.01, n_substeps = 20, dt_sub = 0.0005
2024-11-20 15:17:34,549 DEBUG loaded <trimesh.Trimesh(vertices.shape=(916, 3), faces.shape=(856, 3))> using `load_obj` in 0.0029s
2024-11-20 15:17:34,695 DEBUG loaded <trimesh.Trimesh(vertices.shape=(48, 3), faces.shape=(28, 3))> using `load_obj` in 0.0007s
2024-11-20 15:17:44,425 INFO =====> alpha: 0.5
2024-11-20 15:17:44,425 INFO =====> Loss info: {'particle_has_naninf': False, 'height_map_loss': 13.423213005065918, 'emd_loss': 24.343564987182617, 'total_loss': 24.343564987182617}
2024-11-20 15:17:45,004 INFO ===> New TaichiEnv created.
2024-11-20 15:17:45,004 INFO ===> Specifications: horizon = 311, dt = 0.01, n_substeps = 20, dt_sub = 0.0005
2024-11-20 15:17:45,027 DEBUG loaded <trimesh.Trimesh(vertices.shape=(916, 3), faces.shape=(856, 3))> using `load_obj` in 0.0030s
2024-11-20 15:17:45,172 DEBUG loaded <trimesh.Trimesh(vertices.shape=(48, 3), faces.shape=(28, 3))> using `load_obj` in 0.0007s
2024-11-20 15:17:54,097 INFO =====> alpha: 1.0
2024-11-20 15:17:54,097 INFO =====> Loss info: {'particle_has_naninf': False, 'height_map_loss': 13.568655014038086, 'emd_loss': 23.927995681762695, 'total_loss': 23.927995681762695}
2024-11-20 15:17:54,684 INFO ===> New TaichiEnv created.
2024-11-20 15:17:54,684 INFO ===> Specifications: horizon = 311, dt = 0.01, n_substeps = 20, dt_sub = 0.0005
2024-11-20 15:17:54,707 DEBUG loaded <trimesh.Trimesh(vertices.shape=(916, 3), faces.shape=(856, 3))> using `load_obj` in 0.0031s
2024-11-20 15:17:54,854 DEBUG loaded <trimesh.Trimesh(vertices.shape=(48, 3), faces.shape=(28, 3))> using `load_obj` in 0.0007s
2024-11-20 15:18:04,609 INFO =====> alpha: 1.01
2024-11-20 15:18:04,609 INFO =====> Loss info: {'particle_has_naninf': False, 'height_map_loss': 13.572189331054688, 'emd_loss': 23.931188583374023, 'total_loss': 23.931188583374023}
2024-11-20 15:18:05,207 INFO ===> New TaichiEnv created.
2024-11-20 15:18:05,207 INFO ===> Specifications: horizon = 311, dt = 0.01, n_substeps = 20, dt_sub = 0.0005
2024-11-20 15:18:05,231 DEBUG loaded <trimesh.Trimesh(vertices.shape=(916, 3), faces.shape=(856, 3))> using `load_obj` in 0.0029s
2024-11-20 15:18:05,376 DEBUG loaded <trimesh.Trimesh(vertices.shape=(48, 3), faces.shape=(28, 3))> using `load_obj` in 0.0007s
2024-11-20 15:18:14,302 INFO =====> alpha: 1.1
2024-11-20 15:18:14,302 INFO =====> Loss info: {'particle_has_naninf': False, 'height_map_loss': 13.55822467803955, 'emd_loss': 23.81822395324707, 'total_loss': 23.81822395324707}
2024-11-20 15:18:14,884 INFO ===> New TaichiEnv created.
2024-11-20 15:18:14,884 INFO ===> Specifications: horizon = 311, dt = 0.01, n_substeps = 20, dt_sub = 0.0005
2024-11-20 15:18:14,907 DEBUG loaded <trimesh.Trimesh(vertices.shape=(916, 3), faces.shape=(856, 3))> using `load_obj` in 0.0029s
2024-11-20 15:18:15,053 DEBUG loaded <trimesh.Trimesh(vertices.shape=(48, 3), faces.shape=(28, 3))> using `load_obj` in 0.0007s
2024-11-20 15:18:24,740 INFO =====> alpha: 1.5
2024-11-20 15:18:24,740 INFO =====> Loss info: {'particle_has_naninf': False, 'height_map_loss': 13.7280855178833, 'emd_loss': 24.15913963317871, 'total_loss': 24.15913963317871}
2024-11-20 15:18:24,741 INFO =====> Best alpha: 0.01, Best loss info: {'particle_has_naninf': False, 'height_map_loss': 13.320645332336426, 'emd_loss': 24.341001510620117, 'total_loss': 24.341001510620117}
2024-11-20 15:18:24,741 INFO =====> Param: E: [340867.72], nu: [0.17361611], rho: [1204.4153], sand_angle: [16.013979]
2024-11-20 15:18:24,741 INFO =====> Grad: [2.9686578e-02 3.2317445e+04 2.8182858e+01 1.3113822e+03]
2024-11-20 15:18:24,741 INFO =====> Num. aborted data so far: 0
2024-11-20 15:18:25,325 INFO ===> New TaichiEnv created.
2024-11-20 15:18:25,326 INFO ===> Specifications: horizon = 311, dt = 0.01, n_substeps = 20, dt_sub = 0.0005
2024-11-20 15:18:25,349 DEBUG loaded <trimesh.Trimesh(vertices.shape=(916, 3), faces.shape=(856, 3))> using `load_obj` in 0.0029s
2024-11-20 15:18:25,494 DEBUG loaded <trimesh.Trimesh(vertices.shape=(48, 3), faces.shape=(28, 3))> using `load_obj` in 0.0007s
2024-11-20 15:18:52,478 INFO =====> Epoch: 46
2024-11-20 15:18:52,478 INFO =====> Loss info: {'particle_has_naninf': False, 'height_map_loss': 13.32241153717041, 'emd_loss': 24.34220314025879, 'total_loss': 24.34220314025879}
2024-11-20 15:18:52,478 INFO =====> Performing line search for epoch 46......
2024-11-20 15:18:53,082 INFO ===> New TaichiEnv created.
2024-11-20 15:18:53,082 INFO ===> Specifications: horizon = 311, dt = 0.01, n_substeps = 20, dt_sub = 0.0005
2024-11-20 15:18:53,105 DEBUG loaded <trimesh.Trimesh(vertices.shape=(916, 3), faces.shape=(856, 3))> using `load_obj` in 0.0029s
2024-11-20 15:18:53,252 DEBUG loaded <trimesh.Trimesh(vertices.shape=(48, 3), faces.shape=(28, 3))> using `load_obj` in 0.0007s
2024-11-20 15:19:03,014 INFO =====> alpha: 0.01
2024-11-20 15:19:03,014 INFO =====> Loss info: {'particle_has_naninf': False, 'height_map_loss': 13.322370529174805, 'emd_loss': 24.335670471191406, 'total_loss': 24.335670471191406}
2024-11-20 15:19:03,593 INFO ===> New TaichiEnv created.
2024-11-20 15:19:03,593 INFO ===> Specifications: horizon = 311, dt = 0.01, n_substeps = 20, dt_sub = 0.0005
2024-11-20 15:19:03,616 DEBUG loaded <trimesh.Trimesh(vertices.shape=(916, 3), faces.shape=(856, 3))> using `load_obj` in 0.0030s
2024-11-20 15:19:03,763 DEBUG loaded <trimesh.Trimesh(vertices.shape=(48, 3), faces.shape=(28, 3))> using `load_obj` in 0.0007s
2024-11-20 15:19:12,761 INFO =====> alpha: 0.1
2024-11-20 15:19:12,761 INFO =====> Loss info: {'particle_has_naninf': False, 'height_map_loss': 13.357869148254395, 'emd_loss': 24.10181427001953, 'total_loss': 24.10181427001953}
2024-11-20 15:19:13,337 INFO ===> New TaichiEnv created.
2024-11-20 15:19:13,338 INFO ===> Specifications: horizon = 311, dt = 0.01, n_substeps = 20, dt_sub = 0.0005
2024-11-20 15:19:13,361 DEBUG loaded <trimesh.Trimesh(vertices.shape=(916, 3), faces.shape=(856, 3))> using `load_obj` in 0.0030s
2024-11-20 15:19:13,508 DEBUG loaded <trimesh.Trimesh(vertices.shape=(48, 3), faces.shape=(28, 3))> using `load_obj` in 0.0007s
2024-11-20 15:19:23,264 INFO =====> alpha: 0.5
2024-11-20 15:19:23,264 INFO =====> Loss info: {'particle_has_naninf': False, 'height_map_loss': 13.385408401489258, 'emd_loss': 24.32082748413086, 'total_loss': 24.32082748413086}
2024-11-20 15:19:23,842 INFO ===> New TaichiEnv created.
2024-11-20 15:19:23,842 INFO ===> Specifications: horizon = 311, dt = 0.01, n_substeps = 20, dt_sub = 0.0005
2024-11-20 15:19:23,865 DEBUG loaded <trimesh.Trimesh(vertices.shape=(916, 3), faces.shape=(856, 3))> using `load_obj` in 0.0030s
2024-11-20 15:19:24,012 DEBUG loaded <trimesh.Trimesh(vertices.shape=(48, 3), faces.shape=(28, 3))> using `load_obj` in 0.0007s
2024-11-20 15:19:33,022 INFO =====> alpha: 1.0
2024-11-20 15:19:33,022 INFO =====> Loss info: {'particle_has_naninf': False, 'height_map_loss': 13.477864265441895, 'emd_loss': 23.640857696533203, 'total_loss': 23.640857696533203}
2024-11-20 15:19:33,600 INFO ===> New TaichiEnv created.
2024-11-20 15:19:33,600 INFO ===> Specifications: horizon = 311, dt = 0.01, n_substeps = 20, dt_sub = 0.0005
2024-11-20 15:19:33,623 DEBUG loaded <trimesh.Trimesh(vertices.shape=(916, 3), faces.shape=(856, 3))> using `load_obj` in 0.0029s
2024-11-20 15:19:33,769 DEBUG loaded <trimesh.Trimesh(vertices.shape=(48, 3), faces.shape=(28, 3))> using `load_obj` in 0.0007s
2024-11-20 15:19:43,527 INFO =====> alpha: 1.01
2024-11-20 15:19:43,527 INFO =====> Loss info: {'particle_has_naninf': False, 'height_map_loss': 13.479398727416992, 'emd_loss': 23.616222381591797, 'total_loss': 23.616222381591797}
2024-11-20 15:19:44,113 INFO ===> New TaichiEnv created.
2024-11-20 15:19:44,113 INFO ===> Specifications: horizon = 311, dt = 0.01, n_substeps = 20, dt_sub = 0.0005
2024-11-20 15:19:44,136 DEBUG loaded <trimesh.Trimesh(vertices.shape=(916, 3), faces.shape=(856, 3))> using `load_obj` in 0.0029s
2024-11-20 15:19:44,282 DEBUG loaded <trimesh.Trimesh(vertices.shape=(48, 3), faces.shape=(28, 3))> using `load_obj` in 0.0007s
2024-11-20 15:19:53,251 INFO =====> alpha: 1.1
2024-11-20 15:19:53,251 INFO =====> Loss info: {'particle_has_naninf': False, 'height_map_loss': 13.456783294677734, 'emd_loss': 23.952117919921875, 'total_loss': 23.952117919921875}
2024-11-20 15:19:53,829 INFO ===> New TaichiEnv created.
2024-11-20 15:19:53,829 INFO ===> Specifications: horizon = 311, dt = 0.01, n_substeps = 20, dt_sub = 0.0005
2024-11-20 15:19:53,852 DEBUG loaded <trimesh.Trimesh(vertices.shape=(916, 3), faces.shape=(856, 3))> using `load_obj` in 0.0029s
2024-11-20 15:19:53,998 DEBUG loaded <trimesh.Trimesh(vertices.shape=(48, 3), faces.shape=(28, 3))> using `load_obj` in 0.0007s
2024-11-20 15:20:02,982 INFO =====> alpha: 1.5
2024-11-20 15:20:02,983 INFO =====> Loss info: {'particle_has_naninf': False, 'height_map_loss': 13.56407642364502, 'emd_loss': 24.110145568847656, 'total_loss': 24.110145568847656}
2024-11-20 15:20:02,983 INFO =====> Best alpha: 0.01, Best loss info: {'particle_has_naninf': False, 'height_map_loss': 13.322370529174805, 'emd_loss': 24.335670471191406, 'total_loss': 24.335670471191406}
2024-11-20 15:20:02,983 INFO =====> Param: E: [340870.6], nu: [0.173592], rho: [1204.717], sand_angle: [15.999427]
2024-11-20 15:20:02,983 INFO =====> Grad: [-2.4081700e-04  4.3393794e+03 -2.9426805e+01  1.1885415e+03]
2024-11-20 15:20:02,983 INFO =====> Num. aborted data so far: 0
2024-11-20 15:20:03,579 INFO ===> New TaichiEnv created.
2024-11-20 15:20:03,579 INFO ===> Specifications: horizon = 311, dt = 0.01, n_substeps = 20, dt_sub = 0.0005
2024-11-20 15:20:03,603 DEBUG loaded <trimesh.Trimesh(vertices.shape=(916, 3), faces.shape=(856, 3))> using `load_obj` in 0.0028s
2024-11-20 15:20:04,512 DEBUG loaded <trimesh.Trimesh(vertices.shape=(48, 3), faces.shape=(28, 3))> using `load_obj` in 0.0007s
2024-11-20 15:20:31,509 INFO =====> Epoch: 47
2024-11-20 15:20:31,509 INFO =====> Loss info: {'particle_has_naninf': False, 'height_map_loss': 13.322389602661133, 'emd_loss': 24.33915138244629, 'total_loss': 24.33915138244629}
2024-11-20 15:20:31,510 INFO =====> Performing line search for epoch 47......
2024-11-20 15:20:32,113 INFO ===> New TaichiEnv created.
2024-11-20 15:20:32,113 INFO ===> Specifications: horizon = 311, dt = 0.01, n_substeps = 20, dt_sub = 0.0005
2024-11-20 15:20:32,136 DEBUG loaded <trimesh.Trimesh(vertices.shape=(916, 3), faces.shape=(856, 3))> using `load_obj` in 0.0030s
2024-11-20 15:20:32,283 DEBUG loaded <trimesh.Trimesh(vertices.shape=(48, 3), faces.shape=(28, 3))> using `load_obj` in 0.0007s
2024-11-20 15:20:42,053 INFO =====> alpha: 0.01
2024-11-20 15:20:42,053 INFO =====> Loss info: {'particle_has_naninf': False, 'height_map_loss': 13.324357986450195, 'emd_loss': 24.480554580688477, 'total_loss': 24.480554580688477}
2024-11-20 15:20:42,630 INFO ===> New TaichiEnv created.
2024-11-20 15:20:42,630 INFO ===> Specifications: horizon = 311, dt = 0.01, n_substeps = 20, dt_sub = 0.0005
2024-11-20 15:20:42,653 DEBUG loaded <trimesh.Trimesh(vertices.shape=(916, 3), faces.shape=(856, 3))> using `load_obj` in 0.0029s
2024-11-20 15:20:42,800 DEBUG loaded <trimesh.Trimesh(vertices.shape=(48, 3), faces.shape=(28, 3))> using `load_obj` in 0.0007s
2024-11-20 15:20:51,724 INFO =====> alpha: 0.1
2024-11-20 15:20:51,724 INFO =====> Loss info: {'particle_has_naninf': False, 'height_map_loss': 13.34628677368164, 'emd_loss': 24.40122413635254, 'total_loss': 24.40122413635254}
2024-11-20 15:20:52,301 INFO ===> New TaichiEnv created.
2024-11-20 15:20:52,302 INFO ===> Specifications: horizon = 311, dt = 0.01, n_substeps = 20, dt_sub = 0.0005
2024-11-20 15:20:52,325 DEBUG loaded <trimesh.Trimesh(vertices.shape=(916, 3), faces.shape=(856, 3))> using `load_obj` in 0.0029s
2024-11-20 15:20:52,472 DEBUG loaded <trimesh.Trimesh(vertices.shape=(48, 3), faces.shape=(28, 3))> using `load_obj` in 0.0007s
2024-11-20 15:21:02,245 INFO =====> alpha: 0.5
2024-11-20 15:21:02,245 INFO =====> Loss info: {'particle_has_naninf': False, 'height_map_loss': 13.405241966247559, 'emd_loss': 24.320444107055664, 'total_loss': 24.320444107055664}
2024-11-20 15:21:02,823 INFO ===> New TaichiEnv created.
2024-11-20 15:21:02,824 INFO ===> Specifications: horizon = 311, dt = 0.01, n_substeps = 20, dt_sub = 0.0005
2024-11-20 15:21:02,847 DEBUG loaded <trimesh.Trimesh(vertices.shape=(916, 3), faces.shape=(856, 3))> using `load_obj` in 0.0029s
2024-11-20 15:21:02,991 DEBUG loaded <trimesh.Trimesh(vertices.shape=(48, 3), faces.shape=(28, 3))> using `load_obj` in 0.0007s
2024-11-20 15:21:12,027 INFO =====> alpha: 1.0
2024-11-20 15:21:12,027 INFO =====> Loss info: {'particle_has_naninf': False, 'height_map_loss': 13.468225479125977, 'emd_loss': 24.2506103515625, 'total_loss': 24.2506103515625}
2024-11-20 15:21:12,602 INFO ===> New TaichiEnv created.
2024-11-20 15:21:12,602 INFO ===> Specifications: horizon = 311, dt = 0.01, n_substeps = 20, dt_sub = 0.0005
2024-11-20 15:21:12,625 DEBUG loaded <trimesh.Trimesh(vertices.shape=(916, 3), faces.shape=(856, 3))> using `load_obj` in 0.0031s
2024-11-20 15:21:12,772 DEBUG loaded <trimesh.Trimesh(vertices.shape=(48, 3), faces.shape=(28, 3))> using `load_obj` in 0.0007s
2024-11-20 15:21:21,730 INFO =====> alpha: 1.01
2024-11-20 15:21:21,730 INFO =====> Loss info: {'particle_has_naninf': False, 'height_map_loss': 13.46888256072998, 'emd_loss': 24.226301193237305, 'total_loss': 24.226301193237305}
2024-11-20 15:21:22,315 INFO ===> New TaichiEnv created.
2024-11-20 15:21:22,315 INFO ===> Specifications: horizon = 311, dt = 0.01, n_substeps = 20, dt_sub = 0.0005
2024-11-20 15:21:22,338 DEBUG loaded <trimesh.Trimesh(vertices.shape=(916, 3), faces.shape=(856, 3))> using `load_obj` in 0.0030s
2024-11-20 15:21:22,488 DEBUG loaded <trimesh.Trimesh(vertices.shape=(48, 3), faces.shape=(28, 3))> using `load_obj` in 0.0007s
2024-11-20 15:21:32,236 INFO =====> alpha: 1.1
2024-11-20 15:21:32,236 INFO =====> Loss info: {'particle_has_naninf': False, 'height_map_loss': 13.466920852661133, 'emd_loss': 24.29291343688965, 'total_loss': 24.29291343688965}
2024-11-20 15:21:32,820 INFO ===> New TaichiEnv created.
2024-11-20 15:21:32,820 INFO ===> Specifications: horizon = 311, dt = 0.01, n_substeps = 20, dt_sub = 0.0005
2024-11-20 15:21:32,844 DEBUG loaded <trimesh.Trimesh(vertices.shape=(916, 3), faces.shape=(856, 3))> using `load_obj` in 0.0031s
2024-11-20 15:21:32,991 DEBUG loaded <trimesh.Trimesh(vertices.shape=(48, 3), faces.shape=(28, 3))> using `load_obj` in 0.0007s
2024-11-20 15:21:41,973 INFO =====> alpha: 1.5
2024-11-20 15:21:41,973 INFO =====> Loss info: {'particle_has_naninf': False, 'height_map_loss': 13.477299690246582, 'emd_loss': 24.320850372314453, 'total_loss': 24.320850372314453}
2024-11-20 15:21:41,973 INFO =====> Best alpha: 0.01, Best loss info: {'particle_has_naninf': False, 'height_map_loss': 13.324357986450195, 'emd_loss': 24.480554580688477, 'total_loss': 24.480554580688477}
2024-11-20 15:21:41,974 INFO =====> Param: E: [340600.06], nu: [0.17344849], rho: [1204.5812], sand_angle: [15.996814]
2024-11-20 15:21:41,974 INFO =====> Grad: [2.3820231e-02 2.7505953e+04 1.2621302e+01 2.0315785e+02]
2024-11-20 15:21:41,974 INFO =====> Num. aborted data so far: 0
2024-11-20 15:21:42,562 INFO ===> New TaichiEnv created.
2024-11-20 15:21:42,562 INFO ===> Specifications: horizon = 311, dt = 0.01, n_substeps = 20, dt_sub = 0.0005
2024-11-20 15:21:42,585 DEBUG loaded <trimesh.Trimesh(vertices.shape=(916, 3), faces.shape=(856, 3))> using `load_obj` in 0.0029s
2024-11-20 15:21:42,732 DEBUG loaded <trimesh.Trimesh(vertices.shape=(48, 3), faces.shape=(28, 3))> using `load_obj` in 0.0007s
2024-11-20 15:22:10,553 INFO =====> Epoch: 48
2024-11-20 15:22:10,553 INFO =====> Loss info: {'particle_has_naninf': False, 'height_map_loss': 13.328267097473145, 'emd_loss': 24.489198684692383, 'total_loss': 24.489198684692383}
2024-11-20 15:22:10,553 INFO =====> Performing line search for epoch 48......
2024-11-20 15:22:11,156 INFO ===> New TaichiEnv created.
2024-11-20 15:22:11,156 INFO ===> Specifications: horizon = 311, dt = 0.01, n_substeps = 20, dt_sub = 0.0005
2024-11-20 15:22:11,180 DEBUG loaded <trimesh.Trimesh(vertices.shape=(916, 3), faces.shape=(856, 3))> using `load_obj` in 0.0030s
2024-11-20 15:22:11,328 DEBUG loaded <trimesh.Trimesh(vertices.shape=(48, 3), faces.shape=(28, 3))> using `load_obj` in 0.0007s
2024-11-20 15:22:21,165 INFO =====> alpha: 0.01
2024-11-20 15:22:21,165 INFO =====> Loss info: {'particle_has_naninf': False, 'height_map_loss': 13.334667205810547, 'emd_loss': 24.474903106689453, 'total_loss': 24.474903106689453}
2024-11-20 15:22:21,790 INFO ===> New TaichiEnv created.
2024-11-20 15:22:21,790 INFO ===> Specifications: horizon = 311, dt = 0.01, n_substeps = 20, dt_sub = 0.0005
2024-11-20 15:22:21,813 DEBUG loaded <trimesh.Trimesh(vertices.shape=(916, 3), faces.shape=(856, 3))> using `load_obj` in 0.0029s
2024-11-20 15:22:21,960 DEBUG loaded <trimesh.Trimesh(vertices.shape=(48, 3), faces.shape=(28, 3))> using `load_obj` in 0.0007s
2024-11-20 15:22:31,082 INFO =====> alpha: 0.1
2024-11-20 15:22:31,082 INFO =====> Loss info: {'particle_has_naninf': False, 'height_map_loss': 13.342220306396484, 'emd_loss': 24.401491165161133, 'total_loss': 24.401491165161133}
2024-11-20 15:22:31,691 INFO ===> New TaichiEnv created.
2024-11-20 15:22:31,692 INFO ===> Specifications: horizon = 311, dt = 0.01, n_substeps = 20, dt_sub = 0.0005
2024-11-20 15:22:31,715 DEBUG loaded <trimesh.Trimesh(vertices.shape=(916, 3), faces.shape=(856, 3))> using `load_obj` in 0.0031s
2024-11-20 15:22:31,862 DEBUG loaded <trimesh.Trimesh(vertices.shape=(48, 3), faces.shape=(28, 3))> using `load_obj` in 0.0007s
2024-11-20 15:22:40,878 INFO =====> alpha: 0.5
2024-11-20 15:22:40,878 INFO =====> Loss info: {'particle_has_naninf': False, 'height_map_loss': 13.404847145080566, 'emd_loss': 24.578296661376953, 'total_loss': 24.578296661376953}
2024-11-20 15:22:41,455 INFO ===> New TaichiEnv created.
2024-11-20 15:22:41,455 INFO ===> Specifications: horizon = 311, dt = 0.01, n_substeps = 20, dt_sub = 0.0005
2024-11-20 15:22:41,478 DEBUG loaded <trimesh.Trimesh(vertices.shape=(916, 3), faces.shape=(856, 3))> using `load_obj` in 0.0030s
2024-11-20 15:22:41,626 DEBUG loaded <trimesh.Trimesh(vertices.shape=(48, 3), faces.shape=(28, 3))> using `load_obj` in 0.0007s
2024-11-20 15:22:51,327 INFO =====> alpha: 1.0
2024-11-20 15:22:51,327 INFO =====> Loss info: {'particle_has_naninf': False, 'height_map_loss': 13.391785621643066, 'emd_loss': 24.368494033813477, 'total_loss': 24.368494033813477}
2024-11-20 15:22:51,992 INFO ===> New TaichiEnv created.
2024-11-20 15:22:51,992 INFO ===> Specifications: horizon = 311, dt = 0.01, n_substeps = 20, dt_sub = 0.0005
2024-11-20 15:22:52,016 DEBUG loaded <trimesh.Trimesh(vertices.shape=(916, 3), faces.shape=(856, 3))> using `load_obj` in 0.0031s
2024-11-20 15:22:52,162 DEBUG loaded <trimesh.Trimesh(vertices.shape=(48, 3), faces.shape=(28, 3))> using `load_obj` in 0.0007s
2024-11-20 15:23:01,210 INFO =====> alpha: 1.01
2024-11-20 15:23:01,210 INFO =====> Loss info: {'particle_has_naninf': False, 'height_map_loss': 13.393156051635742, 'emd_loss': 24.366472244262695, 'total_loss': 24.366472244262695}
2024-11-20 15:23:01,795 INFO ===> New TaichiEnv created.
2024-11-20 15:23:01,795 INFO ===> Specifications: horizon = 311, dt = 0.01, n_substeps = 20, dt_sub = 0.0005
2024-11-20 15:23:01,821 DEBUG loaded <trimesh.Trimesh(vertices.shape=(916, 3), faces.shape=(856, 3))> using `load_obj` in 0.0030s
2024-11-20 15:23:01,968 DEBUG loaded <trimesh.Trimesh(vertices.shape=(48, 3), faces.shape=(28, 3))> using `load_obj` in 0.0007s
2024-11-20 15:23:11,689 INFO =====> alpha: 1.1
2024-11-20 15:23:11,689 INFO =====> Loss info: {'particle_has_naninf': False, 'height_map_loss': 13.403465270996094, 'emd_loss': 24.492624282836914, 'total_loss': 24.492624282836914}
2024-11-20 15:23:12,270 INFO ===> New TaichiEnv created.
2024-11-20 15:23:12,270 INFO ===> Specifications: horizon = 311, dt = 0.01, n_substeps = 20, dt_sub = 0.0005
2024-11-20 15:23:12,293 DEBUG loaded <trimesh.Trimesh(vertices.shape=(916, 3), faces.shape=(856, 3))> using `load_obj` in 0.0029s
2024-11-20 15:23:12,439 DEBUG loaded <trimesh.Trimesh(vertices.shape=(48, 3), faces.shape=(28, 3))> using `load_obj` in 0.0007s
2024-11-20 15:23:21,440 INFO =====> alpha: 1.5
2024-11-20 15:23:21,440 INFO =====> Loss info: {'particle_has_naninf': False, 'height_map_loss': 13.437506675720215, 'emd_loss': 24.391376495361328, 'total_loss': 24.391376495361328}
2024-11-20 15:23:21,441 INFO =====> Best alpha: 0.01, Best loss info: {'particle_has_naninf': False, 'height_map_loss': 13.334667205810547, 'emd_loss': 24.474903106689453, 'total_loss': 24.474903106689453}
2024-11-20 15:23:21,441 INFO =====> Param: E: [340481.34], nu: [0.17339413], rho: [1204.5073], sand_angle: [15.991779]
2024-11-20 15:23:21,441 INFO =====> Grad: [1.00960955e-02 1.00322861e+04 6.51656580e+00 3.76103851e+02]
2024-11-20 15:23:21,441 INFO =====> Num. aborted data so far: 0
2024-11-20 15:23:22,024 INFO ===> New TaichiEnv created.
2024-11-20 15:23:22,024 INFO ===> Specifications: horizon = 311, dt = 0.01, n_substeps = 20, dt_sub = 0.0005
2024-11-20 15:23:22,050 DEBUG loaded <trimesh.Trimesh(vertices.shape=(916, 3), faces.shape=(856, 3))> using `load_obj` in 0.0030s
2024-11-20 15:23:22,214 DEBUG loaded <trimesh.Trimesh(vertices.shape=(48, 3), faces.shape=(28, 3))> using `load_obj` in 0.0007s
2024-11-20 15:23:49,981 INFO =====> Epoch: 49
2024-11-20 15:23:49,981 INFO =====> Loss info: {'particle_has_naninf': False, 'height_map_loss': 13.336650848388672, 'emd_loss': 24.474807739257812, 'total_loss': 24.474807739257812}
2024-11-20 15:23:49,981 INFO =====> Performing line search for epoch 49......
2024-11-20 15:23:50,587 INFO ===> New TaichiEnv created.
2024-11-20 15:23:50,588 INFO ===> Specifications: horizon = 311, dt = 0.01, n_substeps = 20, dt_sub = 0.0005
2024-11-20 15:23:50,611 DEBUG loaded <trimesh.Trimesh(vertices.shape=(916, 3), faces.shape=(856, 3))> using `load_obj` in 0.0030s
2024-11-20 15:23:50,759 DEBUG loaded <trimesh.Trimesh(vertices.shape=(48, 3), faces.shape=(28, 3))> using `load_obj` in 0.0007s
2024-11-20 15:23:59,846 INFO =====> alpha: 0.01
2024-11-20 15:23:59,846 INFO =====> Loss info: {'particle_has_naninf': False, 'height_map_loss': 13.334729194641113, 'emd_loss': 24.478225708007812, 'total_loss': 24.478225708007812}
2024-11-20 15:24:00,427 INFO ===> New TaichiEnv created.
2024-11-20 15:24:00,427 INFO ===> Specifications: horizon = 311, dt = 0.01, n_substeps = 20, dt_sub = 0.0005
2024-11-20 15:24:00,450 DEBUG loaded <trimesh.Trimesh(vertices.shape=(916, 3), faces.shape=(856, 3))> using `load_obj` in 0.0029s
2024-11-20 15:24:00,596 DEBUG loaded <trimesh.Trimesh(vertices.shape=(48, 3), faces.shape=(28, 3))> using `load_obj` in 0.0007s
2024-11-20 15:24:10,342 INFO =====> alpha: 0.1
2024-11-20 15:24:10,342 INFO =====> Loss info: {'particle_has_naninf': False, 'height_map_loss': 13.324097633361816, 'emd_loss': 24.347728729248047, 'total_loss': 24.347728729248047}
2024-11-20 15:24:10,921 INFO ===> New TaichiEnv created.
2024-11-20 15:24:10,921 INFO ===> Specifications: horizon = 311, dt = 0.01, n_substeps = 20, dt_sub = 0.0005
2024-11-20 15:24:10,945 DEBUG loaded <trimesh.Trimesh(vertices.shape=(916, 3), faces.shape=(856, 3))> using `load_obj` in 0.0029s
2024-11-20 15:24:11,092 DEBUG loaded <trimesh.Trimesh(vertices.shape=(48, 3), faces.shape=(28, 3))> using `load_obj` in 0.0007s
2024-11-20 15:24:20,088 INFO =====> alpha: 0.5
2024-11-20 15:24:20,088 INFO =====> Loss info: {'particle_has_naninf': False, 'height_map_loss': 13.34818172454834, 'emd_loss': 24.27977180480957, 'total_loss': 24.27977180480957}
2024-11-20 15:24:20,672 INFO ===> New TaichiEnv created.
2024-11-20 15:24:20,672 INFO ===> Specifications: horizon = 311, dt = 0.01, n_substeps = 20, dt_sub = 0.0005
2024-11-20 15:24:20,695 DEBUG loaded <trimesh.Trimesh(vertices.shape=(916, 3), faces.shape=(856, 3))> using `load_obj` in 0.0030s
2024-11-20 15:24:20,842 DEBUG loaded <trimesh.Trimesh(vertices.shape=(48, 3), faces.shape=(28, 3))> using `load_obj` in 0.0007s
2024-11-20 15:24:30,568 INFO =====> alpha: 1.0
2024-11-20 15:24:30,568 INFO =====> Loss info: {'particle_has_naninf': False, 'height_map_loss': 13.372076988220215, 'emd_loss': 24.280385971069336, 'total_loss': 24.280385971069336}
2024-11-20 15:24:31,149 INFO ===> New TaichiEnv created.
2024-11-20 15:24:31,149 INFO ===> Specifications: horizon = 311, dt = 0.01, n_substeps = 20, dt_sub = 0.0005
2024-11-20 15:24:31,172 DEBUG loaded <trimesh.Trimesh(vertices.shape=(916, 3), faces.shape=(856, 3))> using `load_obj` in 0.0029s
2024-11-20 15:24:31,318 DEBUG loaded <trimesh.Trimesh(vertices.shape=(48, 3), faces.shape=(28, 3))> using `load_obj` in 0.0007s
2024-11-20 15:24:40,294 INFO =====> alpha: 1.01
2024-11-20 15:24:40,294 INFO =====> Loss info: {'particle_has_naninf': False, 'height_map_loss': 13.369430541992188, 'emd_loss': 24.288341522216797, 'total_loss': 24.288341522216797}
2024-11-20 15:24:40,872 INFO ===> New TaichiEnv created.
2024-11-20 15:24:40,872 INFO ===> Specifications: horizon = 311, dt = 0.01, n_substeps = 20, dt_sub = 0.0005
2024-11-20 15:24:40,896 DEBUG loaded <trimesh.Trimesh(vertices.shape=(916, 3), faces.shape=(856, 3))> using `load_obj` in 0.0030s
2024-11-20 15:24:41,042 DEBUG loaded <trimesh.Trimesh(vertices.shape=(48, 3), faces.shape=(28, 3))> using `load_obj` in 0.0007s
2024-11-20 15:24:50,840 INFO =====> alpha: 1.1
2024-11-20 15:24:50,840 INFO =====> Loss info: {'particle_has_naninf': False, 'height_map_loss': 13.399664878845215, 'emd_loss': 24.288589477539062, 'total_loss': 24.288589477539062}
2024-11-20 15:24:51,423 INFO ===> New TaichiEnv created.
2024-11-20 15:24:51,424 INFO ===> Specifications: horizon = 311, dt = 0.01, n_substeps = 20, dt_sub = 0.0005
2024-11-20 15:24:51,446 DEBUG loaded <trimesh.Trimesh(vertices.shape=(916, 3), faces.shape=(856, 3))> using `load_obj` in 0.0029s
2024-11-20 15:24:51,592 DEBUG loaded <trimesh.Trimesh(vertices.shape=(48, 3), faces.shape=(28, 3))> using `load_obj` in 0.0007s
2024-11-20 15:25:00,513 INFO =====> alpha: 1.5
2024-11-20 15:25:00,513 INFO =====> Loss info: {'particle_has_naninf': False, 'height_map_loss': 13.431614875793457, 'emd_loss': 24.383033752441406, 'total_loss': 24.383033752441406}
2024-11-20 15:25:00,514 INFO =====> Best alpha: 0.1, Best loss info: {'particle_has_naninf': False, 'height_map_loss': 13.324097633361816, 'emd_loss': 24.347728729248047, 'total_loss': 24.347728729248047}
2024-11-20 15:25:00,514 INFO =====> Param: E: [338891.62], nu: [0.1727379], rho: [1200.], sand_angle: [16.005795]
2024-11-20 15:25:00,514 INFO =====> Grad: [ 1.3250717e-02  1.1746688e+04  8.1301094e+01 -9.9435280e+01]
2024-11-20 15:25:00,514 INFO =====> Num. aborted data so far: 0
2024-11-20 15:25:01,096 INFO ===> New TaichiEnv created.
2024-11-20 15:25:01,096 INFO ===> Specifications: horizon = 311, dt = 0.01, n_substeps = 20, dt_sub = 0.0005
2024-11-20 15:25:01,120 DEBUG loaded <trimesh.Trimesh(vertices.shape=(916, 3), faces.shape=(856, 3))> using `load_obj` in 0.0030s
2024-11-20 15:25:01,266 DEBUG loaded <trimesh.Trimesh(vertices.shape=(48, 3), faces.shape=(28, 3))> using `load_obj` in 0.0007s
2024-11-20 15:25:29,186 INFO =====> Epoch: 50
2024-11-20 15:25:29,186 INFO =====> Loss info: {'particle_has_naninf': False, 'height_map_loss': 13.326339721679688, 'emd_loss': 24.346683502197266, 'total_loss': 24.346683502197266}
2024-11-20 15:25:29,186 INFO =====> Performing line search for epoch 50......
2024-11-20 15:25:29,801 INFO ===> New TaichiEnv created.
2024-11-20 15:25:29,801 INFO ===> Specifications: horizon = 311, dt = 0.01, n_substeps = 20, dt_sub = 0.0005
2024-11-20 15:25:29,824 DEBUG loaded <trimesh.Trimesh(vertices.shape=(916, 3), faces.shape=(856, 3))> using `load_obj` in 0.0030s
2024-11-20 15:25:29,971 DEBUG loaded <trimesh.Trimesh(vertices.shape=(48, 3), faces.shape=(28, 3))> using `load_obj` in 0.0007s
2024-11-20 15:25:38,983 INFO =====> alpha: 0.01
2024-11-20 15:25:38,983 INFO =====> Loss info: {'particle_has_naninf': False, 'height_map_loss': 13.323134422302246, 'emd_loss': 24.346559524536133, 'total_loss': 24.346559524536133}
2024-11-20 15:25:39,564 INFO ===> New TaichiEnv created.
2024-11-20 15:25:39,564 INFO ===> Specifications: horizon = 311, dt = 0.01, n_substeps = 20, dt_sub = 0.0005
2024-11-20 15:25:39,587 DEBUG loaded <trimesh.Trimesh(vertices.shape=(916, 3), faces.shape=(856, 3))> using `load_obj` in 0.0030s
2024-11-20 15:25:39,734 DEBUG loaded <trimesh.Trimesh(vertices.shape=(48, 3), faces.shape=(28, 3))> using `load_obj` in 0.0007s
2024-11-20 15:25:49,529 INFO =====> alpha: 0.1
2024-11-20 15:25:49,529 INFO =====> Loss info: {'particle_has_naninf': False, 'height_map_loss': 13.321929931640625, 'emd_loss': 24.12519645690918, 'total_loss': 24.12519645690918}
2024-11-20 15:25:50,115 INFO ===> New TaichiEnv created.
2024-11-20 15:25:50,115 INFO ===> Specifications: horizon = 311, dt = 0.01, n_substeps = 20, dt_sub = 0.0005
2024-11-20 15:25:50,138 DEBUG loaded <trimesh.Trimesh(vertices.shape=(916, 3), faces.shape=(856, 3))> using `load_obj` in 0.0030s
2024-11-20 15:25:50,285 DEBUG loaded <trimesh.Trimesh(vertices.shape=(48, 3), faces.shape=(28, 3))> using `load_obj` in 0.0007s
2024-11-20 15:25:59,262 INFO =====> alpha: 0.5
2024-11-20 15:25:59,262 INFO =====> Loss info: {'particle_has_naninf': False, 'height_map_loss': 13.335439682006836, 'emd_loss': 24.241134643554688, 'total_loss': 24.241134643554688}
2024-11-20 15:25:59,848 INFO ===> New TaichiEnv created.
2024-11-20 15:25:59,848 INFO ===> Specifications: horizon = 311, dt = 0.01, n_substeps = 20, dt_sub = 0.0005
2024-11-20 15:25:59,871 DEBUG loaded <trimesh.Trimesh(vertices.shape=(916, 3), faces.shape=(856, 3))> using `load_obj` in 0.0030s
2024-11-20 15:26:00,018 DEBUG loaded <trimesh.Trimesh(vertices.shape=(48, 3), faces.shape=(28, 3))> using `load_obj` in 0.0007s
2024-11-20 15:26:09,073 INFO =====> alpha: 1.0
2024-11-20 15:26:09,073 INFO =====> Loss info: {'particle_has_naninf': False, 'height_map_loss': 13.339644432067871, 'emd_loss': 24.25023078918457, 'total_loss': 24.25023078918457}
2024-11-20 15:26:09,652 INFO ===> New TaichiEnv created.
2024-11-20 15:26:09,652 INFO ===> Specifications: horizon = 311, dt = 0.01, n_substeps = 20, dt_sub = 0.0005
2024-11-20 15:26:09,675 DEBUG loaded <trimesh.Trimesh(vertices.shape=(916, 3), faces.shape=(856, 3))> using `load_obj` in 0.0029s
2024-11-20 15:26:09,823 DEBUG loaded <trimesh.Trimesh(vertices.shape=(48, 3), faces.shape=(28, 3))> using `load_obj` in 0.0007s
2024-11-20 15:26:19,603 INFO =====> alpha: 1.01
2024-11-20 15:26:19,603 INFO =====> Loss info: {'particle_has_naninf': False, 'height_map_loss': 13.339692115783691, 'emd_loss': 24.257577896118164, 'total_loss': 24.257577896118164}
2024-11-20 15:26:20,181 INFO ===> New TaichiEnv created.
2024-11-20 15:26:20,181 INFO ===> Specifications: horizon = 311, dt = 0.01, n_substeps = 20, dt_sub = 0.0005
2024-11-20 15:26:20,204 DEBUG loaded <trimesh.Trimesh(vertices.shape=(916, 3), faces.shape=(856, 3))> using `load_obj` in 0.0030s
2024-11-20 15:26:20,351 DEBUG loaded <trimesh.Trimesh(vertices.shape=(48, 3), faces.shape=(28, 3))> using `load_obj` in 0.0007s
2024-11-20 15:26:29,287 INFO =====> alpha: 1.1
2024-11-20 15:26:29,288 INFO =====> Loss info: {'particle_has_naninf': False, 'height_map_loss': 13.335977554321289, 'emd_loss': 24.255918502807617, 'total_loss': 24.255918502807617}
2024-11-20 15:26:29,917 INFO ===> New TaichiEnv created.
2024-11-20 15:26:29,917 INFO ===> Specifications: horizon = 311, dt = 0.01, n_substeps = 20, dt_sub = 0.0005
2024-11-20 15:26:29,940 DEBUG loaded <trimesh.Trimesh(vertices.shape=(916, 3), faces.shape=(856, 3))> using `load_obj` in 0.0029s
2024-11-20 15:26:30,087 DEBUG loaded <trimesh.Trimesh(vertices.shape=(48, 3), faces.shape=(28, 3))> using `load_obj` in 0.0007s
2024-11-20 15:26:39,888 INFO =====> alpha: 1.5
2024-11-20 15:26:39,888 INFO =====> Loss info: {'particle_has_naninf': False, 'height_map_loss': 13.337605476379395, 'emd_loss': 24.24468231201172, 'total_loss': 24.24468231201172}
2024-11-20 15:26:39,889 INFO =====> Best alpha: 0.1, Best loss info: {'particle_has_naninf': False, 'height_map_loss': 13.321929931640625, 'emd_loss': 24.12519645690918, 'total_loss': 24.12519645690918}
2024-11-20 15:26:39,889 INFO =====> Param: E: [339331.84], nu: [0.17265771], rho: [1200.], sand_angle: [16.026623]
2024-11-20 15:26:39,889 INFO =====> Grad: [-3.4895665e-03  1.3620159e+03  1.9235346e+01 -1.4049223e+02]
2024-11-20 15:26:39,889 INFO =====> Num. aborted data so far: 0
2024-11-20 15:26:40,474 INFO ===> New TaichiEnv created.
2024-11-20 15:26:40,474 INFO ===> Specifications: horizon = 311, dt = 0.01, n_substeps = 20, dt_sub = 0.0005
2024-11-20 15:26:40,498 DEBUG loaded <trimesh.Trimesh(vertices.shape=(916, 3), faces.shape=(856, 3))> using `load_obj` in 0.0029s
2024-11-20 15:26:40,644 DEBUG loaded <trimesh.Trimesh(vertices.shape=(48, 3), faces.shape=(28, 3))> using `load_obj` in 0.0007s
2024-11-20 15:27:08,502 INFO =====> Epoch: 51
2024-11-20 15:27:08,503 INFO =====> Loss info: {'particle_has_naninf': False, 'height_map_loss': 13.327674865722656, 'emd_loss': 24.119335174560547, 'total_loss': 24.119335174560547}
2024-11-20 15:27:08,503 INFO =====> Performing line search for epoch 51......
2024-11-20 15:27:09,101 INFO ===> New TaichiEnv created.
2024-11-20 15:27:09,101 INFO ===> Specifications: horizon = 311, dt = 0.01, n_substeps = 20, dt_sub = 0.0005
2024-11-20 15:27:09,124 DEBUG loaded <trimesh.Trimesh(vertices.shape=(916, 3), faces.shape=(856, 3))> using `load_obj` in 0.0029s
2024-11-20 15:27:09,272 DEBUG loaded <trimesh.Trimesh(vertices.shape=(48, 3), faces.shape=(28, 3))> using `load_obj` in 0.0007s
2024-11-20 15:27:18,423 INFO =====> alpha: 0.01
2024-11-20 15:27:18,423 INFO =====> Loss info: {'particle_has_naninf': False, 'height_map_loss': 13.328751564025879, 'emd_loss': 24.131542205810547, 'total_loss': 24.131542205810547}
2024-11-20 15:27:19,015 INFO ===> New TaichiEnv created.
2024-11-20 15:27:19,015 INFO ===> Specifications: horizon = 311, dt = 0.01, n_substeps = 20, dt_sub = 0.0005
2024-11-20 15:27:19,038 DEBUG loaded <trimesh.Trimesh(vertices.shape=(916, 3), faces.shape=(856, 3))> using `load_obj` in 0.0030s
2024-11-20 15:27:19,185 DEBUG loaded <trimesh.Trimesh(vertices.shape=(48, 3), faces.shape=(28, 3))> using `load_obj` in 0.0007s
2024-11-20 15:27:28,181 INFO =====> alpha: 0.1
2024-11-20 15:27:28,181 INFO =====> Loss info: {'particle_has_naninf': False, 'height_map_loss': 13.329225540161133, 'emd_loss': 24.21763801574707, 'total_loss': 24.21763801574707}
2024-11-20 15:27:28,762 INFO ===> New TaichiEnv created.
2024-11-20 15:27:28,762 INFO ===> Specifications: horizon = 311, dt = 0.01, n_substeps = 20, dt_sub = 0.0005
2024-11-20 15:27:28,788 DEBUG loaded <trimesh.Trimesh(vertices.shape=(916, 3), faces.shape=(856, 3))> using `load_obj` in 0.0029s
2024-11-20 15:27:28,936 DEBUG loaded <trimesh.Trimesh(vertices.shape=(48, 3), faces.shape=(28, 3))> using `load_obj` in 0.0007s
2024-11-20 15:27:38,645 INFO =====> alpha: 0.5
2024-11-20 15:27:38,645 INFO =====> Loss info: {'particle_has_naninf': False, 'height_map_loss': 13.362109184265137, 'emd_loss': 23.887983322143555, 'total_loss': 23.887983322143555}
2024-11-20 15:27:39,224 INFO ===> New TaichiEnv created.
2024-11-20 15:27:39,224 INFO ===> Specifications: horizon = 311, dt = 0.01, n_substeps = 20, dt_sub = 0.0005
2024-11-20 15:27:39,247 DEBUG loaded <trimesh.Trimesh(vertices.shape=(916, 3), faces.shape=(856, 3))> using `load_obj` in 0.0030s
2024-11-20 15:27:39,394 DEBUG loaded <trimesh.Trimesh(vertices.shape=(48, 3), faces.shape=(28, 3))> using `load_obj` in 0.0007s
2024-11-20 15:27:48,359 INFO =====> alpha: 1.0
2024-11-20 15:27:48,359 INFO =====> Loss info: {'particle_has_naninf': False, 'height_map_loss': 13.383402824401855, 'emd_loss': 23.54389762878418, 'total_loss': 23.54389762878418}
2024-11-20 15:27:48,946 INFO ===> New TaichiEnv created.
2024-11-20 15:27:48,947 INFO ===> Specifications: horizon = 311, dt = 0.01, n_substeps = 20, dt_sub = 0.0005
2024-11-20 15:27:48,971 DEBUG loaded <trimesh.Trimesh(vertices.shape=(916, 3), faces.shape=(856, 3))> using `load_obj` in 0.0031s
2024-11-20 15:27:49,119 DEBUG loaded <trimesh.Trimesh(vertices.shape=(48, 3), faces.shape=(28, 3))> using `load_obj` in 0.0007s
2024-11-20 15:27:58,983 INFO =====> alpha: 1.01
2024-11-20 15:27:58,984 INFO =====> Loss info: {'particle_has_naninf': False, 'height_map_loss': 13.384672164916992, 'emd_loss': 23.53937339782715, 'total_loss': 23.53937339782715}
2024-11-20 15:27:59,569 INFO ===> New TaichiEnv created.
2024-11-20 15:27:59,569 INFO ===> Specifications: horizon = 311, dt = 0.01, n_substeps = 20, dt_sub = 0.0005
2024-11-20 15:27:59,593 DEBUG loaded <trimesh.Trimesh(vertices.shape=(916, 3), faces.shape=(856, 3))> using `load_obj` in 0.0029s
2024-11-20 15:27:59,740 DEBUG loaded <trimesh.Trimesh(vertices.shape=(48, 3), faces.shape=(28, 3))> using `load_obj` in 0.0007s
2024-11-20 15:28:08,675 INFO =====> alpha: 1.1
2024-11-20 15:28:08,675 INFO =====> Loss info: {'particle_has_naninf': False, 'height_map_loss': 13.383238792419434, 'emd_loss': 23.505495071411133, 'total_loss': 23.505495071411133}
2024-11-20 15:28:09,251 INFO ===> New TaichiEnv created.
2024-11-20 15:28:09,251 INFO ===> Specifications: horizon = 311, dt = 0.01, n_substeps = 20, dt_sub = 0.0005
2024-11-20 15:28:09,275 DEBUG loaded <trimesh.Trimesh(vertices.shape=(916, 3), faces.shape=(856, 3))> using `load_obj` in 0.0030s
2024-11-20 15:28:09,421 DEBUG loaded <trimesh.Trimesh(vertices.shape=(48, 3), faces.shape=(28, 3))> using `load_obj` in 0.0007s
2024-11-20 15:28:19,121 INFO =====> alpha: 1.5
2024-11-20 15:28:19,121 INFO =====> Loss info: {'particle_has_naninf': False, 'height_map_loss': 13.399123191833496, 'emd_loss': 23.422969818115234, 'total_loss': 23.422969818115234}
2024-11-20 15:28:19,122 INFO =====> Best alpha: 0.01, Best loss info: {'particle_has_naninf': False, 'height_map_loss': 13.328751564025879, 'emd_loss': 24.131542205810547, 'total_loss': 24.131542205810547}
2024-11-20 15:28:19,122 INFO =====> Param: E: [339484.22], nu: [0.17272691], rho: [1200.], sand_angle: [16.037176]
2024-11-20 15:28:19,122 INFO =====> Grad: [-1.18063325e-02 -1.14287139e+04  3.30861139e+00 -7.16348694e+02]
2024-11-20 15:28:19,122 INFO =====> Num. aborted data so far: 0
2024-11-20 15:28:19,700 INFO ===> New TaichiEnv created.
2024-11-20 15:28:19,700 INFO ===> Specifications: horizon = 311, dt = 0.01, n_substeps = 20, dt_sub = 0.0005
2024-11-20 15:28:19,724 DEBUG loaded <trimesh.Trimesh(vertices.shape=(916, 3), faces.shape=(856, 3))> using `load_obj` in 0.0029s
2024-11-20 15:28:19,871 DEBUG loaded <trimesh.Trimesh(vertices.shape=(48, 3), faces.shape=(28, 3))> using `load_obj` in 0.0007s
2024-11-20 15:28:46,901 INFO =====> Epoch: 52
2024-11-20 15:28:46,901 INFO =====> Loss info: {'particle_has_naninf': False, 'height_map_loss': 13.333125114440918, 'emd_loss': 24.139863967895508, 'total_loss': 24.139863967895508}
2024-11-20 15:28:46,901 INFO =====> Performing line search for epoch 52......
2024-11-20 15:28:47,507 INFO ===> New TaichiEnv created.
2024-11-20 15:28:47,507 INFO ===> Specifications: horizon = 311, dt = 0.01, n_substeps = 20, dt_sub = 0.0005
2024-11-20 15:28:47,530 DEBUG loaded <trimesh.Trimesh(vertices.shape=(916, 3), faces.shape=(856, 3))> using `load_obj` in 0.0030s
2024-11-20 15:28:47,682 DEBUG loaded <trimesh.Trimesh(vertices.shape=(48, 3), faces.shape=(28, 3))> using `load_obj` in 0.0007s
2024-11-20 15:28:57,462 INFO =====> alpha: 0.01
2024-11-20 15:28:57,462 INFO =====> Loss info: {'particle_has_naninf': False, 'height_map_loss': 13.330721855163574, 'emd_loss': 24.137178421020508, 'total_loss': 24.137178421020508}
2024-11-20 15:28:58,065 INFO ===> New TaichiEnv created.
2024-11-20 15:28:58,065 INFO ===> Specifications: horizon = 311, dt = 0.01, n_substeps = 20, dt_sub = 0.0005
2024-11-20 15:28:58,088 DEBUG loaded <trimesh.Trimesh(vertices.shape=(916, 3), faces.shape=(856, 3))> using `load_obj` in 0.0031s
2024-11-20 15:28:58,236 DEBUG loaded <trimesh.Trimesh(vertices.shape=(48, 3), faces.shape=(28, 3))> using `load_obj` in 0.0007s
2024-11-20 15:29:07,272 INFO =====> alpha: 0.1
2024-11-20 15:29:07,272 INFO =====> Loss info: {'particle_has_naninf': False, 'height_map_loss': 13.342988014221191, 'emd_loss': 24.244976043701172, 'total_loss': 24.244976043701172}
2024-11-20 15:29:07,909 INFO ===> New TaichiEnv created.
2024-11-20 15:29:07,909 INFO ===> Specifications: horizon = 311, dt = 0.01, n_substeps = 20, dt_sub = 0.0005
2024-11-20 15:29:07,933 DEBUG loaded <trimesh.Trimesh(vertices.shape=(916, 3), faces.shape=(856, 3))> using `load_obj` in 0.0031s
2024-11-20 15:29:08,081 DEBUG loaded <trimesh.Trimesh(vertices.shape=(48, 3), faces.shape=(28, 3))> using `load_obj` in 0.0007s
2024-11-20 15:29:17,822 INFO =====> alpha: 0.5
2024-11-20 15:29:17,822 INFO =====> Loss info: {'particle_has_naninf': False, 'height_map_loss': 13.369542121887207, 'emd_loss': 24.247909545898438, 'total_loss': 24.247909545898438}
2024-11-20 15:29:18,413 INFO ===> New TaichiEnv created.
2024-11-20 15:29:18,413 INFO ===> Specifications: horizon = 311, dt = 0.01, n_substeps = 20, dt_sub = 0.0005
2024-11-20 15:29:18,437 DEBUG loaded <trimesh.Trimesh(vertices.shape=(916, 3), faces.shape=(856, 3))> using `load_obj` in 0.0029s
2024-11-20 15:29:18,583 DEBUG loaded <trimesh.Trimesh(vertices.shape=(48, 3), faces.shape=(28, 3))> using `load_obj` in 0.0007s
2024-11-20 15:29:27,667 INFO =====> alpha: 1.0
2024-11-20 15:29:27,667 INFO =====> Loss info: {'particle_has_naninf': False, 'height_map_loss': 13.377442359924316, 'emd_loss': 23.91339874267578, 'total_loss': 23.91339874267578}
2024-11-20 15:29:28,294 INFO ===> New TaichiEnv created.
2024-11-20 15:29:28,294 INFO ===> Specifications: horizon = 311, dt = 0.01, n_substeps = 20, dt_sub = 0.0005
2024-11-20 15:29:28,317 DEBUG loaded <trimesh.Trimesh(vertices.shape=(916, 3), faces.shape=(856, 3))> using `load_obj` in 0.0029s
2024-11-20 15:29:28,465 DEBUG loaded <trimesh.Trimesh(vertices.shape=(48, 3), faces.shape=(28, 3))> using `load_obj` in 0.0007s
2024-11-20 15:29:38,318 INFO =====> alpha: 1.01
2024-11-20 15:29:38,318 INFO =====> Loss info: {'particle_has_naninf': False, 'height_map_loss': 13.376890182495117, 'emd_loss': 23.925451278686523, 'total_loss': 23.925451278686523}
2024-11-20 15:29:38,898 INFO ===> New TaichiEnv created.
2024-11-20 15:29:38,898 INFO ===> Specifications: horizon = 311, dt = 0.01, n_substeps = 20, dt_sub = 0.0005
2024-11-20 15:29:38,921 DEBUG loaded <trimesh.Trimesh(vertices.shape=(916, 3), faces.shape=(856, 3))> using `load_obj` in 0.0029s
2024-11-20 15:29:39,067 DEBUG loaded <trimesh.Trimesh(vertices.shape=(48, 3), faces.shape=(28, 3))> using `load_obj` in 0.0007s
2024-11-20 15:29:48,021 INFO =====> alpha: 1.1
2024-11-20 15:29:48,021 INFO =====> Loss info: {'particle_has_naninf': False, 'height_map_loss': 13.368231773376465, 'emd_loss': 23.882701873779297, 'total_loss': 23.882701873779297}
2024-11-20 15:29:48,656 INFO ===> New TaichiEnv created.
2024-11-20 15:29:48,657 INFO ===> Specifications: horizon = 311, dt = 0.01, n_substeps = 20, dt_sub = 0.0005
2024-11-20 15:29:48,680 DEBUG loaded <trimesh.Trimesh(vertices.shape=(916, 3), faces.shape=(856, 3))> using `load_obj` in 0.0031s
2024-11-20 15:29:48,828 DEBUG loaded <trimesh.Trimesh(vertices.shape=(48, 3), faces.shape=(28, 3))> using `load_obj` in 0.0007s
2024-11-20 15:29:57,893 INFO =====> alpha: 1.5
2024-11-20 15:29:57,893 INFO =====> Loss info: {'particle_has_naninf': False, 'height_map_loss': 13.393084526062012, 'emd_loss': 23.875080108642578, 'total_loss': 23.875080108642578}
2024-11-20 15:29:57,894 INFO =====> Best alpha: 0.01, Best loss info: {'particle_has_naninf': False, 'height_map_loss': 13.330721855163574, 'emd_loss': 24.137178421020508, 'total_loss': 24.137178421020508}
2024-11-20 15:29:57,894 INFO =====> Param: E: [339520.25], nu: [0.17271441], rho: [1200.], sand_angle: [16.042503]
2024-11-20 15:29:57,894 INFO =====> Grad: [-2.6517555e-03  1.9596245e+03  2.2965282e+01 -3.4809833e+02]
2024-11-20 15:29:57,894 INFO =====> Num. aborted data so far: 0
2024-11-20 15:29:58,526 INFO ===> New TaichiEnv created.
2024-11-20 15:29:58,526 INFO ===> Specifications: horizon = 311, dt = 0.01, n_substeps = 20, dt_sub = 0.0005
2024-11-20 15:29:58,550 DEBUG loaded <trimesh.Trimesh(vertices.shape=(916, 3), faces.shape=(856, 3))> using `load_obj` in 0.0030s
2024-11-20 15:29:58,697 DEBUG loaded <trimesh.Trimesh(vertices.shape=(48, 3), faces.shape=(28, 3))> using `load_obj` in 0.0007s
2024-11-20 15:30:26,502 INFO =====> Epoch: 53
2024-11-20 15:30:26,503 INFO =====> Loss info: {'particle_has_naninf': False, 'height_map_loss': 13.330573081970215, 'emd_loss': 24.13751220703125, 'total_loss': 24.13751220703125}
2024-11-20 15:30:26,503 INFO =====> Performing line search for epoch 53......
2024-11-20 15:30:27,111 INFO ===> New TaichiEnv created.
2024-11-20 15:30:27,111 INFO ===> Specifications: horizon = 311, dt = 0.01, n_substeps = 20, dt_sub = 0.0005
2024-11-20 15:30:27,134 DEBUG loaded <trimesh.Trimesh(vertices.shape=(916, 3), faces.shape=(856, 3))> using `load_obj` in 0.0030s
2024-11-20 15:30:27,281 DEBUG loaded <trimesh.Trimesh(vertices.shape=(48, 3), faces.shape=(28, 3))> using `load_obj` in 0.0007s
2024-11-20 15:30:37,030 INFO =====> alpha: 0.01
2024-11-20 15:30:37,030 INFO =====> Loss info: {'particle_has_naninf': False, 'height_map_loss': 13.33092975616455, 'emd_loss': 24.123870849609375, 'total_loss': 24.123870849609375}
2024-11-20 15:30:37,614 INFO ===> New TaichiEnv created.
2024-11-20 15:30:37,614 INFO ===> Specifications: horizon = 311, dt = 0.01, n_substeps = 20, dt_sub = 0.0005
2024-11-20 15:30:37,637 DEBUG loaded <trimesh.Trimesh(vertices.shape=(916, 3), faces.shape=(856, 3))> using `load_obj` in 0.0029s
2024-11-20 15:30:37,786 DEBUG loaded <trimesh.Trimesh(vertices.shape=(48, 3), faces.shape=(28, 3))> using `load_obj` in 0.0007s
2024-11-20 15:30:46,737 INFO =====> alpha: 0.1
2024-11-20 15:30:46,737 INFO =====> Loss info: {'particle_has_naninf': False, 'height_map_loss': 13.322285652160645, 'emd_loss': 24.280811309814453, 'total_loss': 24.280811309814453}
2024-11-20 15:30:47,321 INFO ===> New TaichiEnv created.
2024-11-20 15:30:47,321 INFO ===> Specifications: horizon = 311, dt = 0.01, n_substeps = 20, dt_sub = 0.0005
2024-11-20 15:30:47,344 DEBUG loaded <trimesh.Trimesh(vertices.shape=(916, 3), faces.shape=(856, 3))> using `load_obj` in 0.0030s
2024-11-20 15:30:47,491 DEBUG loaded <trimesh.Trimesh(vertices.shape=(48, 3), faces.shape=(28, 3))> using `load_obj` in 0.0007s
2024-11-20 15:30:56,478 INFO =====> alpha: 0.5
2024-11-20 15:30:56,478 INFO =====> Loss info: {'particle_has_naninf': False, 'height_map_loss': 13.336828231811523, 'emd_loss': 24.239015579223633, 'total_loss': 24.239015579223633}
2024-11-20 15:30:57,145 INFO ===> New TaichiEnv created.
2024-11-20 15:30:57,145 INFO ===> Specifications: horizon = 311, dt = 0.01, n_substeps = 20, dt_sub = 0.0005
2024-11-20 15:30:57,169 DEBUG loaded <trimesh.Trimesh(vertices.shape=(916, 3), faces.shape=(856, 3))> using `load_obj` in 0.0029s
2024-11-20 15:30:57,318 DEBUG loaded <trimesh.Trimesh(vertices.shape=(48, 3), faces.shape=(28, 3))> using `load_obj` in 0.0007s
2024-11-20 15:31:07,177 INFO =====> alpha: 1.0
2024-11-20 15:31:07,177 INFO =====> Loss info: {'particle_has_naninf': False, 'height_map_loss': 13.325152397155762, 'emd_loss': 24.22805404663086, 'total_loss': 24.22805404663086}
2024-11-20 15:31:07,759 INFO ===> New TaichiEnv created.
2024-11-20 15:31:07,759 INFO ===> Specifications: horizon = 311, dt = 0.01, n_substeps = 20, dt_sub = 0.0005
2024-11-20 15:31:07,782 DEBUG loaded <trimesh.Trimesh(vertices.shape=(916, 3), faces.shape=(856, 3))> using `load_obj` in 0.0030s
2024-11-20 15:31:07,929 DEBUG loaded <trimesh.Trimesh(vertices.shape=(48, 3), faces.shape=(28, 3))> using `load_obj` in 0.0007s
2024-11-20 15:31:16,982 INFO =====> alpha: 1.01
2024-11-20 15:31:16,983 INFO =====> Loss info: {'particle_has_naninf': False, 'height_map_loss': 13.32478141784668, 'emd_loss': 24.234437942504883, 'total_loss': 24.234437942504883}
2024-11-20 15:31:17,559 INFO ===> New TaichiEnv created.
2024-11-20 15:31:17,559 INFO ===> Specifications: horizon = 311, dt = 0.01, n_substeps = 20, dt_sub = 0.0005
2024-11-20 15:31:17,583 DEBUG loaded <trimesh.Trimesh(vertices.shape=(916, 3), faces.shape=(856, 3))> using `load_obj` in 0.0030s
2024-11-20 15:31:17,731 DEBUG loaded <trimesh.Trimesh(vertices.shape=(48, 3), faces.shape=(28, 3))> using `load_obj` in 0.0007s
2024-11-20 15:31:27,481 INFO =====> alpha: 1.1
2024-11-20 15:31:27,481 INFO =====> Loss info: {'particle_has_naninf': False, 'height_map_loss': 13.323607444763184, 'emd_loss': 24.243385314941406, 'total_loss': 24.243385314941406}
2024-11-20 15:31:28,062 INFO ===> New TaichiEnv created.
2024-11-20 15:31:28,062 INFO ===> Specifications: horizon = 311, dt = 0.01, n_substeps = 20, dt_sub = 0.0005
2024-11-20 15:31:28,086 DEBUG loaded <trimesh.Trimesh(vertices.shape=(916, 3), faces.shape=(856, 3))> using `load_obj` in 0.0030s
2024-11-20 15:31:28,233 DEBUG loaded <trimesh.Trimesh(vertices.shape=(48, 3), faces.shape=(28, 3))> using `load_obj` in 0.0007s
2024-11-20 15:31:37,238 INFO =====> alpha: 1.5
2024-11-20 15:31:37,238 INFO =====> Loss info: {'particle_has_naninf': False, 'height_map_loss': 13.333013534545898, 'emd_loss': 24.25213623046875, 'total_loss': 24.25213623046875}
2024-11-20 15:31:37,239 INFO =====> Best alpha: 0.1, Best loss info: {'particle_has_naninf': False, 'height_map_loss': 13.322285652160645, 'emd_loss': 24.280811309814453, 'total_loss': 24.280811309814453}
2024-11-20 15:31:37,239 INFO =====> Param: E: [340237.6], nu: [0.1728674], rho: [1201.8373], sand_angle: [16.055616]
2024-11-20 15:31:37,240 INFO =====> Grad: [-5.0429292e-03 -2.2784111e+03 -1.5061673e+01 -8.1346092e+01]
2024-11-20 15:31:37,240 INFO =====> Num. aborted data so far: 0
2024-11-20 15:31:37,827 INFO ===> New TaichiEnv created.
2024-11-20 15:31:37,827 INFO ===> Specifications: horizon = 311, dt = 0.01, n_substeps = 20, dt_sub = 0.0005
2024-11-20 15:31:37,851 DEBUG loaded <trimesh.Trimesh(vertices.shape=(916, 3), faces.shape=(856, 3))> using `load_obj` in 0.0030s
2024-11-20 15:31:37,998 DEBUG loaded <trimesh.Trimesh(vertices.shape=(48, 3), faces.shape=(28, 3))> using `load_obj` in 0.0007s
2024-11-20 15:32:05,697 INFO =====> Epoch: 54
2024-11-20 15:32:05,697 INFO =====> Loss info: {'particle_has_naninf': False, 'height_map_loss': 13.325085639953613, 'emd_loss': 24.280790328979492, 'total_loss': 24.280790328979492}
2024-11-20 15:32:05,697 INFO =====> Performing line search for epoch 54......
2024-11-20 15:32:06,299 INFO ===> New TaichiEnv created.
2024-11-20 15:32:06,299 INFO ===> Specifications: horizon = 311, dt = 0.01, n_substeps = 20, dt_sub = 0.0005
2024-11-20 15:32:06,328 DEBUG loaded <trimesh.Trimesh(vertices.shape=(916, 3), faces.shape=(856, 3))> using `load_obj` in 0.0057s
2024-11-20 15:32:06,474 DEBUG loaded <trimesh.Trimesh(vertices.shape=(48, 3), faces.shape=(28, 3))> using `load_obj` in 0.0007s
2024-11-20 15:32:15,414 INFO =====> alpha: 0.01
2024-11-20 15:32:15,414 INFO =====> Loss info: {'particle_has_naninf': False, 'height_map_loss': 13.325582504272461, 'emd_loss': 24.29454231262207, 'total_loss': 24.29454231262207}
2024-11-20 15:32:15,994 INFO ===> New TaichiEnv created.
2024-11-20 15:32:15,994 INFO ===> Specifications: horizon = 311, dt = 0.01, n_substeps = 20, dt_sub = 0.0005
2024-11-20 15:32:16,020 DEBUG loaded <trimesh.Trimesh(vertices.shape=(916, 3), faces.shape=(856, 3))> using `load_obj` in 0.0042s
2024-11-20 15:32:16,174 DEBUG loaded <trimesh.Trimesh(vertices.shape=(48, 3), faces.shape=(28, 3))> using `load_obj` in 0.0007s
2024-11-20 15:32:25,959 INFO =====> alpha: 0.1
2024-11-20 15:32:25,959 INFO =====> Loss info: {'particle_has_naninf': False, 'height_map_loss': 13.324591636657715, 'emd_loss': 24.489377975463867, 'total_loss': 24.489377975463867}
2024-11-20 15:32:26,545 INFO ===> New TaichiEnv created.
2024-11-20 15:32:26,546 INFO ===> Specifications: horizon = 311, dt = 0.01, n_substeps = 20, dt_sub = 0.0005
2024-11-20 15:32:26,569 DEBUG loaded <trimesh.Trimesh(vertices.shape=(916, 3), faces.shape=(856, 3))> using `load_obj` in 0.0030s
2024-11-20 15:32:26,717 DEBUG loaded <trimesh.Trimesh(vertices.shape=(48, 3), faces.shape=(28, 3))> using `load_obj` in 0.0007s
2024-11-20 15:32:35,738 INFO =====> alpha: 0.5
2024-11-20 15:32:35,738 INFO =====> Loss info: {'particle_has_naninf': False, 'height_map_loss': 13.391406059265137, 'emd_loss': 24.122983932495117, 'total_loss': 24.122983932495117}
2024-11-20 15:32:36,328 INFO ===> New TaichiEnv created.
2024-11-20 15:32:36,328 INFO ===> Specifications: horizon = 311, dt = 0.01, n_substeps = 20, dt_sub = 0.0005
2024-11-20 15:32:36,352 DEBUG loaded <trimesh.Trimesh(vertices.shape=(916, 3), faces.shape=(856, 3))> using `load_obj` in 0.0031s
2024-11-20 15:32:36,499 DEBUG loaded <trimesh.Trimesh(vertices.shape=(48, 3), faces.shape=(28, 3))> using `load_obj` in 0.0007s
2024-11-20 15:32:46,275 INFO =====> alpha: 1.0
2024-11-20 15:32:46,275 INFO =====> Loss info: {'particle_has_naninf': False, 'height_map_loss': 13.355409622192383, 'emd_loss': 24.29452133178711, 'total_loss': 24.29452133178711}
2024-11-20 15:32:46,858 INFO ===> New TaichiEnv created.
2024-11-20 15:32:46,858 INFO ===> Specifications: horizon = 311, dt = 0.01, n_substeps = 20, dt_sub = 0.0005
2024-11-20 15:32:46,881 DEBUG loaded <trimesh.Trimesh(vertices.shape=(916, 3), faces.shape=(856, 3))> using `load_obj` in 0.0029s
2024-11-20 15:32:47,027 DEBUG loaded <trimesh.Trimesh(vertices.shape=(48, 3), faces.shape=(28, 3))> using `load_obj` in 0.0007s
2024-11-20 15:32:55,958 INFO =====> alpha: 1.01
2024-11-20 15:32:55,958 INFO =====> Loss info: {'particle_has_naninf': False, 'height_map_loss': 13.363409996032715, 'emd_loss': 24.283294677734375, 'total_loss': 24.283294677734375}
2024-11-20 15:32:56,534 INFO ===> New TaichiEnv created.
2024-11-20 15:32:56,534 INFO ===> Specifications: horizon = 311, dt = 0.01, n_substeps = 20, dt_sub = 0.0005
2024-11-20 15:32:56,558 DEBUG loaded <trimesh.Trimesh(vertices.shape=(916, 3), faces.shape=(856, 3))> using `load_obj` in 0.0031s
2024-11-20 15:32:56,705 DEBUG loaded <trimesh.Trimesh(vertices.shape=(48, 3), faces.shape=(28, 3))> using `load_obj` in 0.0007s
2024-11-20 15:33:05,632 INFO =====> alpha: 1.1
2024-11-20 15:33:05,632 INFO =====> Loss info: {'particle_has_naninf': False, 'height_map_loss': 13.354902267456055, 'emd_loss': 24.291810989379883, 'total_loss': 24.291810989379883}
2024-11-20 15:33:06,212 INFO ===> New TaichiEnv created.
2024-11-20 15:33:06,212 INFO ===> Specifications: horizon = 311, dt = 0.01, n_substeps = 20, dt_sub = 0.0005
2024-11-20 15:33:06,236 DEBUG loaded <trimesh.Trimesh(vertices.shape=(916, 3), faces.shape=(856, 3))> using `load_obj` in 0.0029s
2024-11-20 15:33:06,384 DEBUG loaded <trimesh.Trimesh(vertices.shape=(48, 3), faces.shape=(28, 3))> using `load_obj` in 0.0007s
2024-11-20 15:33:16,174 INFO =====> alpha: 1.5
2024-11-20 15:33:16,175 INFO =====> Loss info: {'particle_has_naninf': False, 'height_map_loss': 13.410000801086426, 'emd_loss': 24.311756134033203, 'total_loss': 24.311756134033203}
2024-11-20 15:33:16,175 INFO =====> Best alpha: 0.1, Best loss info: {'particle_has_naninf': False, 'height_map_loss': 13.324591636657715, 'emd_loss': 24.489377975463867, 'total_loss': 24.489377975463867}
2024-11-20 15:33:16,175 INFO =====> Param: E: [340187.9], nu: [0.17293844], rho: [1200.], sand_angle: [15.995615]
2024-11-20 15:33:16,175 INFO =====> Grad: [ 3.31453222e-04 -1.00383563e+03  2.88584290e+01  3.59638062e+02]
2024-11-20 15:33:16,175 INFO =====> Num. aborted data so far: 0
2024-11-20 15:33:16,762 INFO ===> New TaichiEnv created.
2024-11-20 15:33:16,762 INFO ===> Specifications: horizon = 311, dt = 0.01, n_substeps = 20, dt_sub = 0.0005
2024-11-20 15:33:16,786 DEBUG loaded <trimesh.Trimesh(vertices.shape=(916, 3), faces.shape=(856, 3))> using `load_obj` in 0.0030s
2024-11-20 15:33:16,932 DEBUG loaded <trimesh.Trimesh(vertices.shape=(48, 3), faces.shape=(28, 3))> using `load_obj` in 0.0007s
2024-11-20 15:33:44,785 INFO =====> Epoch: 55
2024-11-20 15:33:44,785 INFO =====> Loss info: {'particle_has_naninf': False, 'height_map_loss': 13.323838233947754, 'emd_loss': 24.495742797851562, 'total_loss': 24.495742797851562}
2024-11-20 15:33:44,785 INFO =====> Performing line search for epoch 55......
2024-11-20 15:33:45,391 INFO ===> New TaichiEnv created.
2024-11-20 15:33:45,391 INFO ===> Specifications: horizon = 311, dt = 0.01, n_substeps = 20, dt_sub = 0.0005
2024-11-20 15:33:45,414 DEBUG loaded <trimesh.Trimesh(vertices.shape=(916, 3), faces.shape=(856, 3))> using `load_obj` in 0.0029s
2024-11-20 15:33:45,562 DEBUG loaded <trimesh.Trimesh(vertices.shape=(48, 3), faces.shape=(28, 3))> using `load_obj` in 0.0007s
2024-11-20 15:33:54,544 INFO =====> alpha: 0.01
2024-11-20 15:33:54,544 INFO =====> Loss info: {'particle_has_naninf': False, 'height_map_loss': 13.32938289642334, 'emd_loss': 24.489501953125, 'total_loss': 24.489501953125}
2024-11-20 15:33:55,133 INFO ===> New TaichiEnv created.
2024-11-20 15:33:55,134 INFO ===> Specifications: horizon = 311, dt = 0.01, n_substeps = 20, dt_sub = 0.0005
2024-11-20 15:33:55,160 DEBUG loaded <trimesh.Trimesh(vertices.shape=(916, 3), faces.shape=(856, 3))> using `load_obj` in 0.0031s
2024-11-20 15:33:55,308 DEBUG loaded <trimesh.Trimesh(vertices.shape=(48, 3), faces.shape=(28, 3))> using `load_obj` in 0.0007s
2024-11-20 15:34:04,347 INFO =====> alpha: 0.1
2024-11-20 15:34:04,347 INFO =====> Loss info: {'particle_has_naninf': False, 'height_map_loss': 13.344000816345215, 'emd_loss': 24.404069900512695, 'total_loss': 24.404069900512695}
2024-11-20 15:34:04,933 INFO ===> New TaichiEnv created.
2024-11-20 15:34:04,933 INFO ===> Specifications: horizon = 311, dt = 0.01, n_substeps = 20, dt_sub = 0.0005
2024-11-20 15:34:04,957 DEBUG loaded <trimesh.Trimesh(vertices.shape=(916, 3), faces.shape=(856, 3))> using `load_obj` in 0.0029s
2024-11-20 15:34:05,104 DEBUG loaded <trimesh.Trimesh(vertices.shape=(48, 3), faces.shape=(28, 3))> using `load_obj` in 0.0007s
2024-11-20 15:34:14,944 INFO =====> alpha: 0.5
2024-11-20 15:34:14,944 INFO =====> Loss info: {'particle_has_naninf': False, 'height_map_loss': 13.416926383972168, 'emd_loss': 24.363162994384766, 'total_loss': 24.363162994384766}
2024-11-20 15:34:15,521 INFO ===> New TaichiEnv created.
2024-11-20 15:34:15,522 INFO ===> Specifications: horizon = 311, dt = 0.01, n_substeps = 20, dt_sub = 0.0005
2024-11-20 15:34:15,544 DEBUG loaded <trimesh.Trimesh(vertices.shape=(916, 3), faces.shape=(856, 3))> using `load_obj` in 0.0029s
2024-11-20 15:34:15,691 DEBUG loaded <trimesh.Trimesh(vertices.shape=(48, 3), faces.shape=(28, 3))> using `load_obj` in 0.0007s
2024-11-20 15:34:24,705 INFO =====> alpha: 1.0
2024-11-20 15:34:24,705 INFO =====> Loss info: {'particle_has_naninf': False, 'height_map_loss': 13.449333190917969, 'emd_loss': 24.233932495117188, 'total_loss': 24.233932495117188}
2024-11-20 15:34:25,294 INFO ===> New TaichiEnv created.
2024-11-20 15:34:25,294 INFO ===> Specifications: horizon = 311, dt = 0.01, n_substeps = 20, dt_sub = 0.0005
2024-11-20 15:34:25,318 DEBUG loaded <trimesh.Trimesh(vertices.shape=(916, 3), faces.shape=(856, 3))> using `load_obj` in 0.0031s
2024-11-20 15:34:25,464 DEBUG loaded <trimesh.Trimesh(vertices.shape=(48, 3), faces.shape=(28, 3))> using `load_obj` in 0.0007s
2024-11-20 15:34:35,334 INFO =====> alpha: 1.01
2024-11-20 15:34:35,334 INFO =====> Loss info: {'particle_has_naninf': False, 'height_map_loss': 13.472607612609863, 'emd_loss': 24.235517501831055, 'total_loss': 24.235517501831055}
2024-11-20 15:34:35,915 INFO ===> New TaichiEnv created.
2024-11-20 15:34:35,915 INFO ===> Specifications: horizon = 311, dt = 0.01, n_substeps = 20, dt_sub = 0.0005
2024-11-20 15:34:35,942 DEBUG loaded <trimesh.Trimesh(vertices.shape=(916, 3), faces.shape=(856, 3))> using `load_obj` in 0.0051s
2024-11-20 15:34:36,087 DEBUG loaded <trimesh.Trimesh(vertices.shape=(48, 3), faces.shape=(28, 3))> using `load_obj` in 0.0007s
2024-11-20 15:34:45,037 INFO =====> alpha: 1.1
2024-11-20 15:34:45,037 INFO =====> Loss info: {'particle_has_naninf': False, 'height_map_loss': 13.46082592010498, 'emd_loss': 24.283418655395508, 'total_loss': 24.283418655395508}
2024-11-20 15:34:45,620 INFO ===> New TaichiEnv created.
2024-11-20 15:34:45,620 INFO ===> Specifications: horizon = 311, dt = 0.01, n_substeps = 20, dt_sub = 0.0005
2024-11-20 15:34:45,644 DEBUG loaded <trimesh.Trimesh(vertices.shape=(916, 3), faces.shape=(856, 3))> using `load_obj` in 0.0029s
2024-11-20 15:34:45,790 DEBUG loaded <trimesh.Trimesh(vertices.shape=(48, 3), faces.shape=(28, 3))> using `load_obj` in 0.0007s
2024-11-20 15:34:55,560 INFO =====> alpha: 1.5
2024-11-20 15:34:55,560 INFO =====> Loss info: {'particle_has_naninf': False, 'height_map_loss': 13.46458625793457, 'emd_loss': 24.563377380371094, 'total_loss': 24.563377380371094}
2024-11-20 15:34:55,561 INFO =====> Best alpha: 0.01, Best loss info: {'particle_has_naninf': False, 'height_map_loss': 13.32938289642334, 'emd_loss': 24.489501953125, 'total_loss': 24.489501953125}
2024-11-20 15:34:55,561 INFO =====> Param: E: [339937.8], nu: [0.1728225], rho: [1200.], sand_angle: [15.990537]
2024-11-20 15:34:55,561 INFO =====> Grad: [1.7229447e-02 1.6705721e+04 1.1333895e+01 2.9254172e+02]
2024-11-20 15:34:55,561 INFO =====> Num. aborted data so far: 0
2024-11-20 15:34:56,144 INFO ===> New TaichiEnv created.
2024-11-20 15:34:56,144 INFO ===> Specifications: horizon = 311, dt = 0.01, n_substeps = 20, dt_sub = 0.0005
2024-11-20 15:34:56,167 DEBUG loaded <trimesh.Trimesh(vertices.shape=(916, 3), faces.shape=(856, 3))> using `load_obj` in 0.0028s
2024-11-20 15:34:56,319 DEBUG loaded <trimesh.Trimesh(vertices.shape=(48, 3), faces.shape=(28, 3))> using `load_obj` in 0.0007s
2024-11-20 15:35:23,269 INFO =====> Epoch: 56
2024-11-20 15:35:23,270 INFO =====> Loss info: {'particle_has_naninf': False, 'height_map_loss': 13.326155662536621, 'emd_loss': 24.497634887695312, 'total_loss': 24.497634887695312}
2024-11-20 15:35:23,270 INFO =====> Performing line search for epoch 56......
2024-11-20 15:35:23,878 INFO ===> New TaichiEnv created.
2024-11-20 15:35:23,878 INFO ===> Specifications: horizon = 311, dt = 0.01, n_substeps = 20, dt_sub = 0.0005
2024-11-20 15:35:23,902 DEBUG loaded <trimesh.Trimesh(vertices.shape=(916, 3), faces.shape=(856, 3))> using `load_obj` in 0.0030s
2024-11-20 15:35:24,054 DEBUG loaded <trimesh.Trimesh(vertices.shape=(48, 3), faces.shape=(28, 3))> using `load_obj` in 0.0007s
2024-11-20 15:35:33,866 INFO =====> alpha: 0.01
2024-11-20 15:35:33,866 INFO =====> Loss info: {'particle_has_naninf': False, 'height_map_loss': 13.324166297912598, 'emd_loss': 24.4888858795166, 'total_loss': 24.4888858795166}
2024-11-20 15:35:34,446 INFO ===> New TaichiEnv created.
2024-11-20 15:35:34,447 INFO ===> Specifications: horizon = 311, dt = 0.01, n_substeps = 20, dt_sub = 0.0005
2024-11-20 15:35:34,470 DEBUG loaded <trimesh.Trimesh(vertices.shape=(916, 3), faces.shape=(856, 3))> using `load_obj` in 0.0029s
2024-11-20 15:35:34,617 DEBUG loaded <trimesh.Trimesh(vertices.shape=(48, 3), faces.shape=(28, 3))> using `load_obj` in 0.0007s
2024-11-20 15:35:43,564 INFO =====> alpha: 0.1
2024-11-20 15:35:43,564 INFO =====> Loss info: {'particle_has_naninf': False, 'height_map_loss': 13.322040557861328, 'emd_loss': 24.110124588012695, 'total_loss': 24.110124588012695}
2024-11-20 15:35:44,149 INFO ===> New TaichiEnv created.
2024-11-20 15:35:44,149 INFO ===> Specifications: horizon = 311, dt = 0.01, n_substeps = 20, dt_sub = 0.0005
2024-11-20 15:35:44,172 DEBUG loaded <trimesh.Trimesh(vertices.shape=(916, 3), faces.shape=(856, 3))> using `load_obj` in 0.0030s
2024-11-20 15:35:44,317 DEBUG loaded <trimesh.Trimesh(vertices.shape=(48, 3), faces.shape=(28, 3))> using `load_obj` in 0.0007s
2024-11-20 15:35:54,069 INFO =====> alpha: 0.5
2024-11-20 15:35:54,069 INFO =====> Loss info: {'particle_has_naninf': False, 'height_map_loss': 13.306363105773926, 'emd_loss': 24.003923416137695, 'total_loss': 24.003923416137695}
2024-11-20 15:35:54,656 INFO ===> New TaichiEnv created.
2024-11-20 15:35:54,657 INFO ===> Specifications: horizon = 311, dt = 0.01, n_substeps = 20, dt_sub = 0.0005
2024-11-20 15:35:54,683 DEBUG loaded <trimesh.Trimesh(vertices.shape=(916, 3), faces.shape=(856, 3))> using `load_obj` in 0.0029s
2024-11-20 15:35:54,829 DEBUG loaded <trimesh.Trimesh(vertices.shape=(48, 3), faces.shape=(28, 3))> using `load_obj` in 0.0007s
2024-11-20 15:36:03,811 INFO =====> alpha: 1.0
2024-11-20 15:36:03,812 INFO =====> Loss info: {'particle_has_naninf': False, 'height_map_loss': 13.30264949798584, 'emd_loss': 23.720043182373047, 'total_loss': 23.720043182373047}
2024-11-20 15:36:04,402 INFO ===> New TaichiEnv created.
2024-11-20 15:36:04,402 INFO ===> Specifications: horizon = 311, dt = 0.01, n_substeps = 20, dt_sub = 0.0005
2024-11-20 15:36:04,425 DEBUG loaded <trimesh.Trimesh(vertices.shape=(916, 3), faces.shape=(856, 3))> using `load_obj` in 0.0029s
2024-11-20 15:36:04,571 DEBUG loaded <trimesh.Trimesh(vertices.shape=(48, 3), faces.shape=(28, 3))> using `load_obj` in 0.0007s
2024-11-20 15:36:13,605 INFO =====> alpha: 1.01
2024-11-20 15:36:13,605 INFO =====> Loss info: {'particle_has_naninf': False, 'height_map_loss': 13.302453994750977, 'emd_loss': 23.7193603515625, 'total_loss': 23.7193603515625}
2024-11-20 15:36:14,185 INFO ===> New TaichiEnv created.
2024-11-20 15:36:14,185 INFO ===> Specifications: horizon = 311, dt = 0.01, n_substeps = 20, dt_sub = 0.0005
2024-11-20 15:36:14,208 DEBUG loaded <trimesh.Trimesh(vertices.shape=(916, 3), faces.shape=(856, 3))> using `load_obj` in 0.0028s
2024-11-20 15:36:14,358 DEBUG loaded <trimesh.Trimesh(vertices.shape=(48, 3), faces.shape=(28, 3))> using `load_obj` in 0.0007s
2024-11-20 15:36:24,192 INFO =====> alpha: 1.1
2024-11-20 15:36:24,192 INFO =====> Loss info: {'particle_has_naninf': False, 'height_map_loss': 13.297228813171387, 'emd_loss': 23.716197967529297, 'total_loss': 23.716197967529297}
2024-11-20 15:36:24,808 INFO ===> New TaichiEnv created.
2024-11-20 15:36:24,808 INFO ===> Specifications: horizon = 311, dt = 0.01, n_substeps = 20, dt_sub = 0.0005
2024-11-20 15:36:24,832 DEBUG loaded <trimesh.Trimesh(vertices.shape=(916, 3), faces.shape=(856, 3))> using `load_obj` in 0.0030s
2024-11-20 15:36:24,979 DEBUG loaded <trimesh.Trimesh(vertices.shape=(48, 3), faces.shape=(28, 3))> using `load_obj` in 0.0007s
2024-11-20 15:36:33,983 INFO =====> alpha: 1.5
2024-11-20 15:36:33,983 INFO =====> Loss info: {'particle_has_naninf': False, 'height_map_loss': 13.316144943237305, 'emd_loss': 23.60126495361328, 'total_loss': 23.60126495361328}
2024-11-20 15:36:33,983 INFO =====> Best alpha: 1.1, Best loss info: {'particle_has_naninf': False, 'height_map_loss': 13.297228813171387, 'emd_loss': 23.716197967529297, 'total_loss': 23.716197967529297}
2024-11-20 15:36:33,984 INFO =====> Param: E: [375493.06], nu: [0.19185732], rho: [1273.2054], sand_angle: [16.397404]
2024-11-20 15:36:33,984 INFO =====> Grad: [-2.4575848e-02 -2.8263689e+04 -5.2982117e+01 -2.0355095e+02]
2024-11-20 15:36:33,984 INFO =====> Num. aborted data so far: 0
2024-11-20 15:36:34,566 INFO ===> New TaichiEnv created.
2024-11-20 15:36:34,566 INFO ===> Specifications: horizon = 311, dt = 0.01, n_substeps = 20, dt_sub = 0.0005
2024-11-20 15:36:34,590 DEBUG loaded <trimesh.Trimesh(vertices.shape=(916, 3), faces.shape=(856, 3))> using `load_obj` in 0.0030s
2024-11-20 15:36:34,737 DEBUG loaded <trimesh.Trimesh(vertices.shape=(48, 3), faces.shape=(28, 3))> using `load_obj` in 0.0007s
2024-11-20 15:37:02,695 INFO =====> Epoch: 57
2024-11-20 15:37:02,695 INFO =====> Loss info: {'particle_has_naninf': False, 'height_map_loss': 13.297000885009766, 'emd_loss': 23.715538024902344, 'total_loss': 23.715538024902344}
2024-11-20 15:37:02,695 INFO =====> Performing line search for epoch 57......
2024-11-20 15:37:03,307 INFO ===> New TaichiEnv created.
2024-11-20 15:37:03,307 INFO ===> Specifications: horizon = 311, dt = 0.01, n_substeps = 20, dt_sub = 0.0005
2024-11-20 15:37:03,331 DEBUG loaded <trimesh.Trimesh(vertices.shape=(916, 3), faces.shape=(856, 3))> using `load_obj` in 0.0031s
2024-11-20 15:37:03,478 DEBUG loaded <trimesh.Trimesh(vertices.shape=(48, 3), faces.shape=(28, 3))> using `load_obj` in 0.0007s
2024-11-20 15:37:12,579 INFO =====> alpha: 0.01
2024-11-20 15:37:12,579 INFO =====> Loss info: {'particle_has_naninf': False, 'height_map_loss': 13.297139167785645, 'emd_loss': 23.70117950439453, 'total_loss': 23.70117950439453}
2024-11-20 15:37:13,166 INFO ===> New TaichiEnv created.
2024-11-20 15:37:13,166 INFO ===> Specifications: horizon = 311, dt = 0.01, n_substeps = 20, dt_sub = 0.0005
2024-11-20 15:37:13,190 DEBUG loaded <trimesh.Trimesh(vertices.shape=(916, 3), faces.shape=(856, 3))> using `load_obj` in 0.0030s
2024-11-20 15:37:13,339 DEBUG loaded <trimesh.Trimesh(vertices.shape=(48, 3), faces.shape=(28, 3))> using `load_obj` in 0.0007s
2024-11-20 15:37:23,239 INFO =====> alpha: 0.1
2024-11-20 15:37:23,239 INFO =====> Loss info: {'particle_has_naninf': False, 'height_map_loss': 13.295348167419434, 'emd_loss': 23.651416778564453, 'total_loss': 23.651416778564453}
2024-11-20 15:37:23,831 INFO ===> New TaichiEnv created.
2024-11-20 15:37:23,831 INFO ===> Specifications: horizon = 311, dt = 0.01, n_substeps = 20, dt_sub = 0.0005
2024-11-20 15:37:23,855 DEBUG loaded <trimesh.Trimesh(vertices.shape=(916, 3), faces.shape=(856, 3))> using `load_obj` in 0.0030s
2024-11-20 15:37:24,004 DEBUG loaded <trimesh.Trimesh(vertices.shape=(48, 3), faces.shape=(28, 3))> using `load_obj` in 0.0007s
2024-11-20 15:37:32,967 INFO =====> alpha: 0.5
2024-11-20 15:37:32,967 INFO =====> Loss info: {'particle_has_naninf': False, 'height_map_loss': 13.346270561218262, 'emd_loss': 24.2972354888916, 'total_loss': 24.2972354888916}
2024-11-20 15:37:33,566 INFO ===> New TaichiEnv created.
2024-11-20 15:37:33,566 INFO ===> Specifications: horizon = 311, dt = 0.01, n_substeps = 20, dt_sub = 0.0005
2024-11-20 15:37:33,589 DEBUG loaded <trimesh.Trimesh(vertices.shape=(916, 3), faces.shape=(856, 3))> using `load_obj` in 0.0029s
2024-11-20 15:37:33,736 DEBUG loaded <trimesh.Trimesh(vertices.shape=(48, 3), faces.shape=(28, 3))> using `load_obj` in 0.0007s
2024-11-20 15:37:43,456 INFO =====> alpha: 1.0
2024-11-20 15:37:43,456 INFO =====> Loss info: {'particle_has_naninf': False, 'height_map_loss': 13.38602066040039, 'emd_loss': 24.351600646972656, 'total_loss': 24.351600646972656}
2024-11-20 15:37:44,041 INFO ===> New TaichiEnv created.
2024-11-20 15:37:44,041 INFO ===> Specifications: horizon = 311, dt = 0.01, n_substeps = 20, dt_sub = 0.0005
2024-11-20 15:37:44,064 DEBUG loaded <trimesh.Trimesh(vertices.shape=(916, 3), faces.shape=(856, 3))> using `load_obj` in 0.0029s
2024-11-20 15:37:44,210 DEBUG loaded <trimesh.Trimesh(vertices.shape=(48, 3), faces.shape=(28, 3))> using `load_obj` in 0.0007s
2024-11-20 15:37:53,310 INFO =====> alpha: 1.01
2024-11-20 15:37:53,311 INFO =====> Loss info: {'particle_has_naninf': False, 'height_map_loss': 13.384499549865723, 'emd_loss': 24.332441329956055, 'total_loss': 24.332441329956055}
2024-11-20 15:37:53,892 INFO ===> New TaichiEnv created.
2024-11-20 15:37:53,892 INFO ===> Specifications: horizon = 311, dt = 0.01, n_substeps = 20, dt_sub = 0.0005
2024-11-20 15:37:53,915 DEBUG loaded <trimesh.Trimesh(vertices.shape=(916, 3), faces.shape=(856, 3))> using `load_obj` in 0.0030s
2024-11-20 15:37:54,065 DEBUG loaded <trimesh.Trimesh(vertices.shape=(48, 3), faces.shape=(28, 3))> using `load_obj` in 0.0007s
2024-11-20 15:38:03,850 INFO =====> alpha: 1.1
2024-11-20 15:38:03,850 INFO =====> Loss info: {'particle_has_naninf': False, 'height_map_loss': 13.433643341064453, 'emd_loss': 24.15394401550293, 'total_loss': 24.15394401550293}
2024-11-20 15:38:04,433 INFO ===> New TaichiEnv created.
2024-11-20 15:38:04,433 INFO ===> Specifications: horizon = 311, dt = 0.01, n_substeps = 20, dt_sub = 0.0005
2024-11-20 15:38:04,456 DEBUG loaded <trimesh.Trimesh(vertices.shape=(916, 3), faces.shape=(856, 3))> using `load_obj` in 0.0029s
2024-11-20 15:38:04,605 DEBUG loaded <trimesh.Trimesh(vertices.shape=(48, 3), faces.shape=(28, 3))> using `load_obj` in 0.0007s
2024-11-20 15:38:13,593 INFO =====> alpha: 1.5
2024-11-20 15:38:13,593 INFO =====> Loss info: {'particle_has_naninf': False, 'height_map_loss': 13.509249687194824, 'emd_loss': 23.797204971313477, 'total_loss': 23.797204971313477}
2024-11-20 15:38:13,593 INFO =====> Best alpha: 0.1, Best loss info: {'particle_has_naninf': False, 'height_map_loss': 13.295348167419434, 'emd_loss': 23.651416778564453, 'total_loss': 23.651416778564453}
2024-11-20 15:38:13,594 INFO =====> Param: E: [372268.56], nu: [0.19021204], rho: [1269.0009], sand_angle: [16.279757]
2024-11-20 15:38:13,594 INFO =====> Grad: [2.7036073e-02 2.9852422e+04 3.2942272e+01 6.6170764e+02]
2024-11-20 15:38:13,594 INFO =====> Num. aborted data so far: 0
2024-11-20 15:38:14,180 INFO ===> New TaichiEnv created.
2024-11-20 15:38:14,180 INFO ===> Specifications: horizon = 311, dt = 0.01, n_substeps = 20, dt_sub = 0.0005
2024-11-20 15:38:14,204 DEBUG loaded <trimesh.Trimesh(vertices.shape=(916, 3), faces.shape=(856, 3))> using `load_obj` in 0.0030s
2024-11-20 15:38:14,351 DEBUG loaded <trimesh.Trimesh(vertices.shape=(48, 3), faces.shape=(28, 3))> using `load_obj` in 0.0007s
2024-11-20 15:38:42,157 INFO =====> Epoch: 58
2024-11-20 15:38:42,157 INFO =====> Loss info: {'particle_has_naninf': False, 'height_map_loss': 13.295367240905762, 'emd_loss': 23.82774543762207, 'total_loss': 23.82774543762207}
2024-11-20 15:38:42,157 INFO =====> Performing line search for epoch 58......
2024-11-20 15:38:42,755 INFO ===> New TaichiEnv created.
2024-11-20 15:38:42,756 INFO ===> Specifications: horizon = 311, dt = 0.01, n_substeps = 20, dt_sub = 0.0005
2024-11-20 15:38:42,779 DEBUG loaded <trimesh.Trimesh(vertices.shape=(916, 3), faces.shape=(856, 3))> using `load_obj` in 0.0030s
2024-11-20 15:38:42,928 DEBUG loaded <trimesh.Trimesh(vertices.shape=(48, 3), faces.shape=(28, 3))> using `load_obj` in 0.0007s
2024-11-20 15:38:51,918 INFO =====> alpha: 0.01
2024-11-20 15:38:51,918 INFO =====> Loss info: {'particle_has_naninf': False, 'height_map_loss': 13.295851707458496, 'emd_loss': 23.834394454956055, 'total_loss': 23.834394454956055}
2024-11-20 15:38:52,496 INFO ===> New TaichiEnv created.
2024-11-20 15:38:52,496 INFO ===> Specifications: horizon = 311, dt = 0.01, n_substeps = 20, dt_sub = 0.0005
2024-11-20 15:38:52,519 DEBUG loaded <trimesh.Trimesh(vertices.shape=(916, 3), faces.shape=(856, 3))> using `load_obj` in 0.0030s
2024-11-20 15:38:52,667 DEBUG loaded <trimesh.Trimesh(vertices.shape=(48, 3), faces.shape=(28, 3))> using `load_obj` in 0.0007s
2024-11-20 15:39:02,486 INFO =====> alpha: 0.1
2024-11-20 15:39:02,486 INFO =====> Loss info: {'particle_has_naninf': False, 'height_map_loss': 13.284927368164062, 'emd_loss': 23.996788024902344, 'total_loss': 23.996788024902344}
2024-11-20 15:39:03,075 INFO ===> New TaichiEnv created.
2024-11-20 15:39:03,075 INFO ===> Specifications: horizon = 311, dt = 0.01, n_substeps = 20, dt_sub = 0.0005
2024-11-20 15:39:03,099 DEBUG loaded <trimesh.Trimesh(vertices.shape=(916, 3), faces.shape=(856, 3))> using `load_obj` in 0.0030s
2024-11-20 15:39:03,245 DEBUG loaded <trimesh.Trimesh(vertices.shape=(48, 3), faces.shape=(28, 3))> using `load_obj` in 0.0007s
2024-11-20 15:39:12,324 INFO =====> alpha: 0.5
2024-11-20 15:39:12,324 INFO =====> Loss info: {'particle_has_naninf': False, 'height_map_loss': 13.3046875, 'emd_loss': 24.156347274780273, 'total_loss': 24.156347274780273}
2024-11-20 15:39:12,914 INFO ===> New TaichiEnv created.
2024-11-20 15:39:12,914 INFO ===> Specifications: horizon = 311, dt = 0.01, n_substeps = 20, dt_sub = 0.0005
2024-11-20 15:39:12,938 DEBUG loaded <trimesh.Trimesh(vertices.shape=(916, 3), faces.shape=(856, 3))> using `load_obj` in 0.0030s
2024-11-20 15:39:13,085 DEBUG loaded <trimesh.Trimesh(vertices.shape=(48, 3), faces.shape=(28, 3))> using `load_obj` in 0.0007s
2024-11-20 15:39:22,081 INFO =====> alpha: 1.0
2024-11-20 15:39:22,081 INFO =====> Loss info: {'particle_has_naninf': False, 'height_map_loss': 13.333438873291016, 'emd_loss': 24.23833656311035, 'total_loss': 24.23833656311035}
2024-11-20 15:39:22,667 INFO ===> New TaichiEnv created.
2024-11-20 15:39:22,667 INFO ===> Specifications: horizon = 311, dt = 0.01, n_substeps = 20, dt_sub = 0.0005
2024-11-20 15:39:22,690 DEBUG loaded <trimesh.Trimesh(vertices.shape=(916, 3), faces.shape=(856, 3))> using `load_obj` in 0.0029s
2024-11-20 15:39:22,837 DEBUG loaded <trimesh.Trimesh(vertices.shape=(48, 3), faces.shape=(28, 3))> using `load_obj` in 0.0007s
2024-11-20 15:39:32,628 INFO =====> alpha: 1.01
2024-11-20 15:39:32,628 INFO =====> Loss info: {'particle_has_naninf': False, 'height_map_loss': 13.334136009216309, 'emd_loss': 24.24127769470215, 'total_loss': 24.24127769470215}
2024-11-20 15:39:33,212 INFO ===> New TaichiEnv created.
2024-11-20 15:39:33,212 INFO ===> Specifications: horizon = 311, dt = 0.01, n_substeps = 20, dt_sub = 0.0005
2024-11-20 15:39:33,235 DEBUG loaded <trimesh.Trimesh(vertices.shape=(916, 3), faces.shape=(856, 3))> using `load_obj` in 0.0029s
2024-11-20 15:39:33,382 DEBUG loaded <trimesh.Trimesh(vertices.shape=(48, 3), faces.shape=(28, 3))> using `load_obj` in 0.0007s
2024-11-20 15:39:42,490 INFO =====> alpha: 1.1
2024-11-20 15:39:42,490 INFO =====> Loss info: {'particle_has_naninf': False, 'height_map_loss': 13.328704833984375, 'emd_loss': 24.226560592651367, 'total_loss': 24.226560592651367}
2024-11-20 15:39:43,068 INFO ===> New TaichiEnv created.
2024-11-20 15:39:43,068 INFO ===> Specifications: horizon = 311, dt = 0.01, n_substeps = 20, dt_sub = 0.0005
2024-11-20 15:39:43,092 DEBUG loaded <trimesh.Trimesh(vertices.shape=(916, 3), faces.shape=(856, 3))> using `load_obj` in 0.0029s
2024-11-20 15:39:43,239 DEBUG loaded <trimesh.Trimesh(vertices.shape=(48, 3), faces.shape=(28, 3))> using `load_obj` in 0.0007s
2024-11-20 15:39:53,045 INFO =====> alpha: 1.5
2024-11-20 15:39:53,045 INFO =====> Loss info: {'particle_has_naninf': False, 'height_map_loss': 13.393893241882324, 'emd_loss': 24.27715301513672, 'total_loss': 24.27715301513672}
2024-11-20 15:39:53,046 INFO =====> Best alpha: 0.1, Best loss info: {'particle_has_naninf': False, 'height_map_loss': 13.284927368164062, 'emd_loss': 23.996788024902344, 'total_loss': 23.996788024902344}
2024-11-20 15:39:53,046 INFO =====> Param: E: [370891.47], nu: [0.18920907], rho: [1266.3181], sand_angle: [16.207928]
2024-11-20 15:39:53,046 INFO =====> Grad: [1.12232305e-02 1.82041934e+04 2.02331085e+01 3.93560730e+02]
2024-11-20 15:39:53,046 INFO =====> Num. aborted data so far: 0
2024-11-20 15:39:53,653 INFO ===> New TaichiEnv created.
2024-11-20 15:39:53,653 INFO ===> Specifications: horizon = 311, dt = 0.01, n_substeps = 20, dt_sub = 0.0005
2024-11-20 15:39:53,677 DEBUG loaded <trimesh.Trimesh(vertices.shape=(916, 3), faces.shape=(856, 3))> using `load_obj` in 0.0030s
2024-11-20 15:39:53,824 DEBUG loaded <trimesh.Trimesh(vertices.shape=(48, 3), faces.shape=(28, 3))> using `load_obj` in 0.0007s
2024-11-20 15:40:20,883 INFO =====> Epoch: 59
2024-11-20 15:40:20,883 INFO =====> Loss info: {'particle_has_naninf': False, 'height_map_loss': 13.28531551361084, 'emd_loss': 24.011077880859375, 'total_loss': 24.011077880859375}
2024-11-20 15:40:20,883 INFO =====> Performing line search for epoch 59......
2024-11-20 15:40:21,527 INFO ===> New TaichiEnv created.
2024-11-20 15:40:21,527 INFO ===> Specifications: horizon = 311, dt = 0.01, n_substeps = 20, dt_sub = 0.0005
2024-11-20 15:40:21,551 DEBUG loaded <trimesh.Trimesh(vertices.shape=(916, 3), faces.shape=(856, 3))> using `load_obj` in 0.0029s
2024-11-20 15:40:21,698 DEBUG loaded <trimesh.Trimesh(vertices.shape=(48, 3), faces.shape=(28, 3))> using `load_obj` in 0.0007s
2024-11-20 15:40:31,658 INFO =====> alpha: 0.01
2024-11-20 15:40:31,658 INFO =====> Loss info: {'particle_has_naninf': False, 'height_map_loss': 13.292205810546875, 'emd_loss': 23.9925594329834, 'total_loss': 23.9925594329834}
2024-11-20 15:40:32,237 INFO ===> New TaichiEnv created.
2024-11-20 15:40:32,237 INFO ===> Specifications: horizon = 311, dt = 0.01, n_substeps = 20, dt_sub = 0.0005
2024-11-20 15:40:32,261 DEBUG loaded <trimesh.Trimesh(vertices.shape=(916, 3), faces.shape=(856, 3))> using `load_obj` in 0.0030s
2024-11-20 15:40:32,407 DEBUG loaded <trimesh.Trimesh(vertices.shape=(48, 3), faces.shape=(28, 3))> using `load_obj` in 0.0007s
2024-11-20 15:40:41,396 INFO =====> alpha: 0.1
2024-11-20 15:40:41,396 INFO =====> Loss info: {'particle_has_naninf': False, 'height_map_loss': 13.300745964050293, 'emd_loss': 23.976572036743164, 'total_loss': 23.976572036743164}
2024-11-20 15:40:41,971 INFO ===> New TaichiEnv created.
2024-11-20 15:40:41,971 INFO ===> Specifications: horizon = 311, dt = 0.01, n_substeps = 20, dt_sub = 0.0005
2024-11-20 15:40:41,994 DEBUG loaded <trimesh.Trimesh(vertices.shape=(916, 3), faces.shape=(856, 3))> using `load_obj` in 0.0030s
2024-11-20 15:40:42,141 DEBUG loaded <trimesh.Trimesh(vertices.shape=(48, 3), faces.shape=(28, 3))> using `load_obj` in 0.0007s
2024-11-20 15:40:51,859 INFO =====> alpha: 0.5
2024-11-20 15:40:51,859 INFO =====> Loss info: {'particle_has_naninf': False, 'height_map_loss': 13.303314208984375, 'emd_loss': 23.73743438720703, 'total_loss': 23.73743438720703}
2024-11-20 15:40:52,437 INFO ===> New TaichiEnv created.
2024-11-20 15:40:52,437 INFO ===> Specifications: horizon = 311, dt = 0.01, n_substeps = 20, dt_sub = 0.0005
2024-11-20 15:40:52,460 DEBUG loaded <trimesh.Trimesh(vertices.shape=(916, 3), faces.shape=(856, 3))> using `load_obj` in 0.0029s
2024-11-20 15:40:52,606 DEBUG loaded <trimesh.Trimesh(vertices.shape=(48, 3), faces.shape=(28, 3))> using `load_obj` in 0.0007s
2024-11-20 15:41:01,534 INFO =====> alpha: 1.0
2024-11-20 15:41:01,534 INFO =====> Loss info: {'particle_has_naninf': False, 'height_map_loss': 13.326031684875488, 'emd_loss': 23.625308990478516, 'total_loss': 23.625308990478516}
2024-11-20 15:41:02,119 INFO ===> New TaichiEnv created.
2024-11-20 15:41:02,119 INFO ===> Specifications: horizon = 311, dt = 0.01, n_substeps = 20, dt_sub = 0.0005
2024-11-20 15:41:02,145 DEBUG loaded <trimesh.Trimesh(vertices.shape=(916, 3), faces.shape=(856, 3))> using `load_obj` in 0.0031s
2024-11-20 15:41:02,295 DEBUG loaded <trimesh.Trimesh(vertices.shape=(48, 3), faces.shape=(28, 3))> using `load_obj` in 0.0007s
2024-11-20 15:41:12,128 INFO =====> alpha: 1.01
2024-11-20 15:41:12,129 INFO =====> Loss info: {'particle_has_naninf': False, 'height_map_loss': 13.325923919677734, 'emd_loss': 23.628942489624023, 'total_loss': 23.628942489624023}
2024-11-20 15:41:12,712 INFO ===> New TaichiEnv created.
2024-11-20 15:41:12,712 INFO ===> Specifications: horizon = 311, dt = 0.01, n_substeps = 20, dt_sub = 0.0005
2024-11-20 15:41:12,735 DEBUG loaded <trimesh.Trimesh(vertices.shape=(916, 3), faces.shape=(856, 3))> using `load_obj` in 0.0028s
2024-11-20 15:41:12,882 DEBUG loaded <trimesh.Trimesh(vertices.shape=(48, 3), faces.shape=(28, 3))> using `load_obj` in 0.0007s
2024-11-20 15:41:22,014 INFO =====> alpha: 1.1
2024-11-20 15:41:22,014 INFO =====> Loss info: {'particle_has_naninf': False, 'height_map_loss': 13.325016975402832, 'emd_loss': 23.640094757080078, 'total_loss': 23.640094757080078}
2024-11-20 15:41:22,590 INFO ===> New TaichiEnv created.
2024-11-20 15:41:22,590 INFO ===> Specifications: horizon = 311, dt = 0.01, n_substeps = 20, dt_sub = 0.0005
2024-11-20 15:41:22,613 DEBUG loaded <trimesh.Trimesh(vertices.shape=(916, 3), faces.shape=(856, 3))> using `load_obj` in 0.0029s
2024-11-20 15:41:22,760 DEBUG loaded <trimesh.Trimesh(vertices.shape=(48, 3), faces.shape=(28, 3))> using `load_obj` in 0.0007s
2024-11-20 15:41:31,752 INFO =====> alpha: 1.5
2024-11-20 15:41:31,752 INFO =====> Loss info: {'particle_has_naninf': False, 'height_map_loss': 13.335305213928223, 'emd_loss': 23.841278076171875, 'total_loss': 23.841278076171875}
2024-11-20 15:41:31,753 INFO =====> Best alpha: 0.01, Best loss info: {'particle_has_naninf': False, 'height_map_loss': 13.292205810546875, 'emd_loss': 23.9925594329834, 'total_loss': 23.9925594329834}
2024-11-20 15:41:31,753 INFO =====> Param: E: [370996.47], nu: [0.189295], rho: [1266.8823], sand_angle: [16.211182]
2024-11-20 15:41:31,753 INFO =====> Grad: [-8.2334690e-03 -1.5371636e+04 -4.3216610e+01 -1.7003770e+02]
2024-11-20 15:41:31,753 INFO =====> Num. aborted data so far: 0
2024-11-20 15:41:32,336 INFO ===> New TaichiEnv created.
2024-11-20 15:41:32,336 INFO ===> Specifications: horizon = 311, dt = 0.01, n_substeps = 20, dt_sub = 0.0005
2024-11-20 15:41:32,360 DEBUG loaded <trimesh.Trimesh(vertices.shape=(916, 3), faces.shape=(856, 3))> using `load_obj` in 0.0029s
2024-11-20 15:41:32,508 DEBUG loaded <trimesh.Trimesh(vertices.shape=(48, 3), faces.shape=(28, 3))> using `load_obj` in 0.0007s
2024-11-20 15:42:00,410 INFO =====> Epoch: 60
2024-11-20 15:42:00,410 INFO =====> Loss info: {'particle_has_naninf': False, 'height_map_loss': 13.292145729064941, 'emd_loss': 23.991146087646484, 'total_loss': 23.991146087646484}
2024-11-20 15:42:00,410 INFO =====> Performing line search for epoch 60......
2024-11-20 15:42:01,017 INFO ===> New TaichiEnv created.
2024-11-20 15:42:01,017 INFO ===> Specifications: horizon = 311, dt = 0.01, n_substeps = 20, dt_sub = 0.0005
2024-11-20 15:42:01,043 DEBUG loaded <trimesh.Trimesh(vertices.shape=(916, 3), faces.shape=(856, 3))> using `load_obj` in 0.0031s
2024-11-20 15:42:01,191 DEBUG loaded <trimesh.Trimesh(vertices.shape=(48, 3), faces.shape=(28, 3))> using `load_obj` in 0.0007s
2024-11-20 15:42:10,274 INFO =====> alpha: 0.01
2024-11-20 15:42:10,274 INFO =====> Loss info: {'particle_has_naninf': False, 'height_map_loss': 13.29299259185791, 'emd_loss': 23.993581771850586, 'total_loss': 23.993581771850586}
2024-11-20 15:42:10,866 INFO ===> New TaichiEnv created.
2024-11-20 15:42:10,866 INFO ===> Specifications: horizon = 311, dt = 0.01, n_substeps = 20, dt_sub = 0.0005
2024-11-20 15:42:10,889 DEBUG loaded <trimesh.Trimesh(vertices.shape=(916, 3), faces.shape=(856, 3))> using `load_obj` in 0.0029s
2024-11-20 15:42:11,036 DEBUG loaded <trimesh.Trimesh(vertices.shape=(48, 3), faces.shape=(28, 3))> using `load_obj` in 0.0007s
2024-11-20 15:42:20,771 INFO =====> alpha: 0.1
2024-11-20 15:42:20,771 INFO =====> Loss info: {'particle_has_naninf': False, 'height_map_loss': 13.30321216583252, 'emd_loss': 23.725357055664062, 'total_loss': 23.725357055664062}
2024-11-20 15:42:21,355 INFO ===> New TaichiEnv created.
2024-11-20 15:42:21,355 INFO ===> Specifications: horizon = 311, dt = 0.01, n_substeps = 20, dt_sub = 0.0005
2024-11-20 15:42:21,378 DEBUG loaded <trimesh.Trimesh(vertices.shape=(916, 3), faces.shape=(856, 3))> using `load_obj` in 0.0030s
2024-11-20 15:42:21,525 DEBUG loaded <trimesh.Trimesh(vertices.shape=(48, 3), faces.shape=(28, 3))> using `load_obj` in 0.0007s
2024-11-20 15:42:30,452 INFO =====> alpha: 0.5
2024-11-20 15:42:30,452 INFO =====> Loss info: {'particle_has_naninf': False, 'height_map_loss': 13.35088062286377, 'emd_loss': 23.53827476501465, 'total_loss': 23.53827476501465}
2024-11-20 15:42:31,033 INFO ===> New TaichiEnv created.
2024-11-20 15:42:31,033 INFO ===> Specifications: horizon = 311, dt = 0.01, n_substeps = 20, dt_sub = 0.0005
2024-11-20 15:42:31,056 DEBUG loaded <trimesh.Trimesh(vertices.shape=(916, 3), faces.shape=(856, 3))> using `load_obj` in 0.0030s
2024-11-20 15:42:31,203 DEBUG loaded <trimesh.Trimesh(vertices.shape=(48, 3), faces.shape=(28, 3))> using `load_obj` in 0.0007s
2024-11-20 15:42:40,990 INFO =====> alpha: 1.0
2024-11-20 15:42:40,990 INFO =====> Loss info: {'particle_has_naninf': False, 'height_map_loss': 13.396524429321289, 'emd_loss': 23.45481300354004, 'total_loss': 23.45481300354004}
2024-11-20 15:42:41,568 INFO ===> New TaichiEnv created.
2024-11-20 15:42:41,569 INFO ===> Specifications: horizon = 311, dt = 0.01, n_substeps = 20, dt_sub = 0.0005
2024-11-20 15:42:41,592 DEBUG loaded <trimesh.Trimesh(vertices.shape=(916, 3), faces.shape=(856, 3))> using `load_obj` in 0.0029s
2024-11-20 15:42:41,739 DEBUG loaded <trimesh.Trimesh(vertices.shape=(48, 3), faces.shape=(28, 3))> using `load_obj` in 0.0007s
2024-11-20 15:42:50,662 INFO =====> alpha: 1.01
2024-11-20 15:42:50,662 INFO =====> Loss info: {'particle_has_naninf': False, 'height_map_loss': 13.401601791381836, 'emd_loss': 23.45328712463379, 'total_loss': 23.45328712463379}
2024-11-20 15:42:51,247 INFO ===> New TaichiEnv created.
2024-11-20 15:42:51,247 INFO ===> Specifications: horizon = 311, dt = 0.01, n_substeps = 20, dt_sub = 0.0005
2024-11-20 15:42:51,270 DEBUG loaded <trimesh.Trimesh(vertices.shape=(916, 3), faces.shape=(856, 3))> using `load_obj` in 0.0030s
2024-11-20 15:42:51,416 DEBUG loaded <trimesh.Trimesh(vertices.shape=(48, 3), faces.shape=(28, 3))> using `load_obj` in 0.0007s
2024-11-20 15:43:01,176 INFO =====> alpha: 1.1
2024-11-20 15:43:01,176 INFO =====> Loss info: {'particle_has_naninf': False, 'height_map_loss': 13.431163787841797, 'emd_loss': 23.523679733276367, 'total_loss': 23.523679733276367}
2024-11-20 15:43:01,763 INFO ===> New TaichiEnv created.
2024-11-20 15:43:01,763 INFO ===> Specifications: horizon = 311, dt = 0.01, n_substeps = 20, dt_sub = 0.0005
2024-11-20 15:43:01,786 DEBUG loaded <trimesh.Trimesh(vertices.shape=(916, 3), faces.shape=(856, 3))> using `load_obj` in 0.0029s
2024-11-20 15:43:01,933 DEBUG loaded <trimesh.Trimesh(vertices.shape=(48, 3), faces.shape=(28, 3))> using `load_obj` in 0.0007s
2024-11-20 15:43:10,956 INFO =====> alpha: 1.5
2024-11-20 15:43:10,956 INFO =====> Loss info: {'particle_has_naninf': False, 'height_map_loss': 13.455184936523438, 'emd_loss': 23.26508140563965, 'total_loss': 23.26508140563965}
2024-11-20 15:43:10,957 INFO =====> Best alpha: 0.01, Best loss info: {'particle_has_naninf': False, 'height_map_loss': 13.29299259185791, 'emd_loss': 23.993581771850586, 'total_loss': 23.993581771850586}
2024-11-20 15:43:10,957 INFO =====> Param: E: [371199.2], nu: [0.1894181], rho: [1267.3308], sand_angle: [16.225988]
2024-11-20 15:43:10,957 INFO =====> Grad: [-1.5918367e-02 -2.2685844e+04 -3.3981983e+01 -8.3079169e+02]
2024-11-20 15:43:10,957 INFO =====> Num. aborted data so far: 0
2024-11-20 15:43:11,534 INFO ===> New TaichiEnv created.
2024-11-20 15:43:11,534 INFO ===> Specifications: horizon = 311, dt = 0.01, n_substeps = 20, dt_sub = 0.0005
2024-11-20 15:43:11,558 DEBUG loaded <trimesh.Trimesh(vertices.shape=(916, 3), faces.shape=(856, 3))> using `load_obj` in 0.0030s
2024-11-20 15:43:11,704 DEBUG loaded <trimesh.Trimesh(vertices.shape=(48, 3), faces.shape=(28, 3))> using `load_obj` in 0.0007s
2024-11-20 15:43:39,588 INFO =====> Epoch: 61
2024-11-20 15:43:39,588 INFO =====> Loss info: {'particle_has_naninf': False, 'height_map_loss': 13.292757987976074, 'emd_loss': 23.96651840209961, 'total_loss': 23.96651840209961}
2024-11-20 15:43:39,588 INFO =====> Performing line search for epoch 61......
2024-11-20 15:43:40,194 INFO ===> New TaichiEnv created.
2024-11-20 15:43:40,194 INFO ===> Specifications: horizon = 311, dt = 0.01, n_substeps = 20, dt_sub = 0.0005
2024-11-20 15:43:40,217 DEBUG loaded <trimesh.Trimesh(vertices.shape=(916, 3), faces.shape=(856, 3))> using `load_obj` in 0.0030s
2024-11-20 15:43:40,365 DEBUG loaded <trimesh.Trimesh(vertices.shape=(48, 3), faces.shape=(28, 3))> using `load_obj` in 0.0007s
2024-11-20 15:43:49,345 INFO =====> alpha: 0.01
2024-11-20 15:43:49,345 INFO =====> Loss info: {'particle_has_naninf': False, 'height_map_loss': 13.30064582824707, 'emd_loss': 23.9765625, 'total_loss': 23.9765625}
2024-11-20 15:43:49,925 INFO ===> New TaichiEnv created.
2024-11-20 15:43:49,925 INFO ===> Specifications: horizon = 311, dt = 0.01, n_substeps = 20, dt_sub = 0.0005
2024-11-20 15:43:49,948 DEBUG loaded <trimesh.Trimesh(vertices.shape=(916, 3), faces.shape=(856, 3))> using `load_obj` in 0.0030s
2024-11-20 15:43:50,095 DEBUG loaded <trimesh.Trimesh(vertices.shape=(48, 3), faces.shape=(28, 3))> using `load_obj` in 0.0007s
2024-11-20 15:43:59,854 INFO =====> alpha: 0.1
2024-11-20 15:43:59,854 INFO =====> Loss info: {'particle_has_naninf': False, 'height_map_loss': 13.304140090942383, 'emd_loss': 23.64784049987793, 'total_loss': 23.64784049987793}
2024-11-20 15:44:00,434 INFO ===> New TaichiEnv created.
2024-11-20 15:44:00,434 INFO ===> Specifications: horizon = 311, dt = 0.01, n_substeps = 20, dt_sub = 0.0005
2024-11-20 15:44:00,457 DEBUG loaded <trimesh.Trimesh(vertices.shape=(916, 3), faces.shape=(856, 3))> using `load_obj` in 0.0029s
2024-11-20 15:44:00,603 DEBUG loaded <trimesh.Trimesh(vertices.shape=(48, 3), faces.shape=(28, 3))> using `load_obj` in 0.0007s
2024-11-20 15:44:09,675 INFO =====> alpha: 0.5
2024-11-20 15:44:09,675 INFO =====> Loss info: {'particle_has_naninf': False, 'height_map_loss': 13.338811874389648, 'emd_loss': 23.728975296020508, 'total_loss': 23.728975296020508}
2024-11-20 15:44:10,258 INFO ===> New TaichiEnv created.
2024-11-20 15:44:10,258 INFO ===> Specifications: horizon = 311, dt = 0.01, n_substeps = 20, dt_sub = 0.0005
2024-11-20 15:44:10,282 DEBUG loaded <trimesh.Trimesh(vertices.shape=(916, 3), faces.shape=(856, 3))> using `load_obj` in 0.0030s
2024-11-20 15:44:10,433 DEBUG loaded <trimesh.Trimesh(vertices.shape=(48, 3), faces.shape=(28, 3))> using `load_obj` in 0.0007s
2024-11-20 15:44:19,393 INFO =====> alpha: 1.0
2024-11-20 15:44:19,394 INFO =====> Loss info: {'particle_has_naninf': False, 'height_map_loss': 13.352436065673828, 'emd_loss': 23.44092559814453, 'total_loss': 23.44092559814453}
2024-11-20 15:44:19,970 INFO ===> New TaichiEnv created.
2024-11-20 15:44:19,970 INFO ===> Specifications: horizon = 311, dt = 0.01, n_substeps = 20, dt_sub = 0.0005
2024-11-20 15:44:19,993 DEBUG loaded <trimesh.Trimesh(vertices.shape=(916, 3), faces.shape=(856, 3))> using `load_obj` in 0.0029s
2024-11-20 15:44:20,140 DEBUG loaded <trimesh.Trimesh(vertices.shape=(48, 3), faces.shape=(28, 3))> using `load_obj` in 0.0007s
2024-11-20 15:44:29,884 INFO =====> alpha: 1.01
2024-11-20 15:44:29,884 INFO =====> Loss info: {'particle_has_naninf': False, 'height_map_loss': 13.351449966430664, 'emd_loss': 23.510713577270508, 'total_loss': 23.510713577270508}
2024-11-20 15:44:30,471 INFO ===> New TaichiEnv created.
2024-11-20 15:44:30,471 INFO ===> Specifications: horizon = 311, dt = 0.01, n_substeps = 20, dt_sub = 0.0005
2024-11-20 15:44:30,495 DEBUG loaded <trimesh.Trimesh(vertices.shape=(916, 3), faces.shape=(856, 3))> using `load_obj` in 0.0030s
2024-11-20 15:44:30,640 DEBUG loaded <trimesh.Trimesh(vertices.shape=(48, 3), faces.shape=(28, 3))> using `load_obj` in 0.0007s
2024-11-20 15:44:39,662 INFO =====> alpha: 1.1
2024-11-20 15:44:39,662 INFO =====> Loss info: {'particle_has_naninf': False, 'height_map_loss': 13.363290786743164, 'emd_loss': 23.406604766845703, 'total_loss': 23.406604766845703}
2024-11-20 15:44:40,244 INFO ===> New TaichiEnv created.
2024-11-20 15:44:40,244 INFO ===> Specifications: horizon = 311, dt = 0.01, n_substeps = 20, dt_sub = 0.0005
2024-11-20 15:44:40,268 DEBUG loaded <trimesh.Trimesh(vertices.shape=(916, 3), faces.shape=(856, 3))> using `load_obj` in 0.0030s
2024-11-20 15:44:40,413 DEBUG loaded <trimesh.Trimesh(vertices.shape=(48, 3), faces.shape=(28, 3))> using `load_obj` in 0.0007s
2024-11-20 15:44:50,210 INFO =====> alpha: 1.5
2024-11-20 15:44:50,210 INFO =====> Loss info: {'particle_has_naninf': False, 'height_map_loss': 13.414816856384277, 'emd_loss': 23.4023380279541, 'total_loss': 23.4023380279541}
2024-11-20 15:44:50,210 INFO =====> Best alpha: 0.01, Best loss info: {'particle_has_naninf': False, 'height_map_loss': 13.30064582824707, 'emd_loss': 23.9765625, 'total_loss': 23.9765625}
2024-11-20 15:44:50,211 INFO =====> Param: E: [371467.9], nu: [0.18956855], rho: [1268.0629], sand_angle: [16.236252]
2024-11-20 15:44:50,211 INFO =====> Grad: [-2.2112262e-02 -2.9901326e+04 -5.9366058e+01 -5.7758417e+02]
2024-11-20 15:44:50,211 INFO =====> Num. aborted data so far: 0
2024-11-20 15:44:50,802 INFO ===> New TaichiEnv created.
2024-11-20 15:44:50,802 INFO ===> Specifications: horizon = 311, dt = 0.01, n_substeps = 20, dt_sub = 0.0005
2024-11-20 15:44:50,825 DEBUG loaded <trimesh.Trimesh(vertices.shape=(916, 3), faces.shape=(856, 3))> using `load_obj` in 0.0029s
2024-11-20 15:44:50,971 DEBUG loaded <trimesh.Trimesh(vertices.shape=(48, 3), faces.shape=(28, 3))> using `load_obj` in 0.0007s
2024-11-20 15:45:18,005 INFO =====> Epoch: 62
2024-11-20 15:45:18,005 INFO =====> Loss info: {'particle_has_naninf': False, 'height_map_loss': 13.30054759979248, 'emd_loss': 23.976327896118164, 'total_loss': 23.976327896118164}
2024-11-20 15:45:18,005 INFO =====> Performing line search for epoch 62......
2024-11-20 15:45:18,616 INFO ===> New TaichiEnv created.
2024-11-20 15:45:18,616 INFO ===> Specifications: horizon = 311, dt = 0.01, n_substeps = 20, dt_sub = 0.0005
2024-11-20 15:45:18,640 DEBUG loaded <trimesh.Trimesh(vertices.shape=(916, 3), faces.shape=(856, 3))> using `load_obj` in 0.0030s
2024-11-20 15:45:18,788 DEBUG loaded <trimesh.Trimesh(vertices.shape=(48, 3), faces.shape=(28, 3))> using `load_obj` in 0.0007s
2024-11-20 15:45:28,619 INFO =====> alpha: 0.01
2024-11-20 15:45:28,619 INFO =====> Loss info: {'particle_has_naninf': False, 'height_map_loss': 13.300300598144531, 'emd_loss': 23.97559928894043, 'total_loss': 23.97559928894043}
2024-11-20 15:45:29,205 INFO ===> New TaichiEnv created.
2024-11-20 15:45:29,205 INFO ===> Specifications: horizon = 311, dt = 0.01, n_substeps = 20, dt_sub = 0.0005
2024-11-20 15:45:29,228 DEBUG loaded <trimesh.Trimesh(vertices.shape=(916, 3), faces.shape=(856, 3))> using `load_obj` in 0.0029s
2024-11-20 15:45:29,376 DEBUG loaded <trimesh.Trimesh(vertices.shape=(48, 3), faces.shape=(28, 3))> using `load_obj` in 0.0007s
2024-11-20 15:45:38,385 INFO =====> alpha: 0.1
2024-11-20 15:45:38,385 INFO =====> Loss info: {'particle_has_naninf': False, 'height_map_loss': 13.295682907104492, 'emd_loss': 23.66651153564453, 'total_loss': 23.66651153564453}
2024-11-20 15:45:38,966 INFO ===> New TaichiEnv created.
2024-11-20 15:45:38,966 INFO ===> Specifications: horizon = 311, dt = 0.01, n_substeps = 20, dt_sub = 0.0005
2024-11-20 15:45:38,990 DEBUG loaded <trimesh.Trimesh(vertices.shape=(916, 3), faces.shape=(856, 3))> using `load_obj` in 0.0030s
2024-11-20 15:45:39,138 DEBUG loaded <trimesh.Trimesh(vertices.shape=(48, 3), faces.shape=(28, 3))> using `load_obj` in 0.0007s
2024-11-20 15:45:48,918 INFO =====> alpha: 0.5
2024-11-20 15:45:48,918 INFO =====> Loss info: {'particle_has_naninf': False, 'height_map_loss': 13.307117462158203, 'emd_loss': 23.630138397216797, 'total_loss': 23.630138397216797}
2024-11-20 15:45:49,500 INFO ===> New TaichiEnv created.
2024-11-20 15:45:49,500 INFO ===> Specifications: horizon = 311, dt = 0.01, n_substeps = 20, dt_sub = 0.0005
2024-11-20 15:45:49,523 DEBUG loaded <trimesh.Trimesh(vertices.shape=(916, 3), faces.shape=(856, 3))> using `load_obj` in 0.0029s
2024-11-20 15:45:49,671 DEBUG loaded <trimesh.Trimesh(vertices.shape=(48, 3), faces.shape=(28, 3))> using `load_obj` in 0.0007s
2024-11-20 15:45:58,629 INFO =====> alpha: 1.0
2024-11-20 15:45:58,629 INFO =====> Loss info: {'particle_has_naninf': False, 'height_map_loss': 13.354101181030273, 'emd_loss': 23.782163619995117, 'total_loss': 23.782163619995117}
2024-11-20 15:45:59,213 INFO ===> New TaichiEnv created.
2024-11-20 15:45:59,213 INFO ===> Specifications: horizon = 311, dt = 0.01, n_substeps = 20, dt_sub = 0.0005
2024-11-20 15:45:59,237 DEBUG loaded <trimesh.Trimesh(vertices.shape=(916, 3), faces.shape=(856, 3))> using `load_obj` in 0.0031s
2024-11-20 15:45:59,385 DEBUG loaded <trimesh.Trimesh(vertices.shape=(48, 3), faces.shape=(28, 3))> using `load_obj` in 0.0007s
2024-11-20 15:46:08,329 INFO =====> alpha: 1.01
2024-11-20 15:46:08,329 INFO =====> Loss info: {'particle_has_naninf': False, 'height_map_loss': 13.352104187011719, 'emd_loss': 23.788389205932617, 'total_loss': 23.788389205932617}
2024-11-20 15:46:08,919 INFO ===> New TaichiEnv created.
2024-11-20 15:46:08,919 INFO ===> Specifications: horizon = 311, dt = 0.01, n_substeps = 20, dt_sub = 0.0005
2024-11-20 15:46:08,942 DEBUG loaded <trimesh.Trimesh(vertices.shape=(916, 3), faces.shape=(856, 3))> using `load_obj` in 0.0029s
2024-11-20 15:46:09,089 DEBUG loaded <trimesh.Trimesh(vertices.shape=(48, 3), faces.shape=(28, 3))> using `load_obj` in 0.0007s
2024-11-20 15:46:18,842 INFO =====> alpha: 1.1
2024-11-20 15:46:18,842 INFO =====> Loss info: {'particle_has_naninf': False, 'height_map_loss': 13.368350982666016, 'emd_loss': 23.79662322998047, 'total_loss': 23.79662322998047}
2024-11-20 15:46:19,426 INFO ===> New TaichiEnv created.
2024-11-20 15:46:19,427 INFO ===> Specifications: horizon = 311, dt = 0.01, n_substeps = 20, dt_sub = 0.0005
2024-11-20 15:46:19,450 DEBUG loaded <trimesh.Trimesh(vertices.shape=(916, 3), faces.shape=(856, 3))> using `load_obj` in 0.0031s
2024-11-20 15:46:19,598 DEBUG loaded <trimesh.Trimesh(vertices.shape=(48, 3), faces.shape=(28, 3))> using `load_obj` in 0.0007s
2024-11-20 15:46:28,632 INFO =====> alpha: 1.5
2024-11-20 15:46:28,632 INFO =====> Loss info: {'particle_has_naninf': False, 'height_map_loss': 13.369376182556152, 'emd_loss': 23.56534194946289, 'total_loss': 23.56534194946289}
2024-11-20 15:46:28,633 INFO =====> Best alpha: 0.1, Best loss info: {'particle_has_naninf': False, 'height_map_loss': 13.295682907104492, 'emd_loss': 23.66651153564453, 'total_loss': 23.66651153564453}
2024-11-20 15:46:28,633 INFO =====> Param: E: [371930.16], nu: [0.19008783], rho: [1270.6873], sand_angle: [16.289614]
2024-11-20 15:46:28,633 INFO =====> Grad: [-3.6183884e-03 -9.9259033e+03 -2.0476248e+01 -2.8901593e+02]
2024-11-20 15:46:28,633 INFO =====> Num. aborted data so far: 0
2024-11-20 15:46:29,216 INFO ===> New TaichiEnv created.
2024-11-20 15:46:29,217 INFO ===> Specifications: horizon = 311, dt = 0.01, n_substeps = 20, dt_sub = 0.0005
2024-11-20 15:46:29,240 DEBUG loaded <trimesh.Trimesh(vertices.shape=(916, 3), faces.shape=(856, 3))> using `load_obj` in 0.0029s
2024-11-20 15:46:29,387 DEBUG loaded <trimesh.Trimesh(vertices.shape=(48, 3), faces.shape=(28, 3))> using `load_obj` in 0.0007s
2024-11-20 15:46:57,169 INFO =====> Epoch: 63
2024-11-20 15:46:57,169 INFO =====> Loss info: {'particle_has_naninf': False, 'height_map_loss': 13.295802116394043, 'emd_loss': 23.666284561157227, 'total_loss': 23.666284561157227}
2024-11-20 15:46:57,170 INFO =====> Performing line search for epoch 63......
2024-11-20 15:46:57,775 INFO ===> New TaichiEnv created.
2024-11-20 15:46:57,775 INFO ===> Specifications: horizon = 311, dt = 0.01, n_substeps = 20, dt_sub = 0.0005
2024-11-20 15:46:57,799 DEBUG loaded <trimesh.Trimesh(vertices.shape=(916, 3), faces.shape=(856, 3))> using `load_obj` in 0.0030s
2024-11-20 15:46:57,944 DEBUG loaded <trimesh.Trimesh(vertices.shape=(48, 3), faces.shape=(28, 3))> using `load_obj` in 0.0007s
2024-11-20 15:47:06,992 INFO =====> alpha: 0.01
2024-11-20 15:47:06,992 INFO =====> Loss info: {'particle_has_naninf': False, 'height_map_loss': 13.295615196228027, 'emd_loss': 23.84490394592285, 'total_loss': 23.84490394592285}
2024-11-20 15:47:07,568 INFO ===> New TaichiEnv created.
2024-11-20 15:47:07,568 INFO ===> Specifications: horizon = 311, dt = 0.01, n_substeps = 20, dt_sub = 0.0005
2024-11-20 15:47:07,592 DEBUG loaded <trimesh.Trimesh(vertices.shape=(916, 3), faces.shape=(856, 3))> using `load_obj` in 0.0029s
2024-11-20 15:47:07,739 DEBUG loaded <trimesh.Trimesh(vertices.shape=(48, 3), faces.shape=(28, 3))> using `load_obj` in 0.0007s
2024-11-20 15:47:17,492 INFO =====> alpha: 0.1
2024-11-20 15:47:17,492 INFO =====> Loss info: {'particle_has_naninf': False, 'height_map_loss': 13.297931671142578, 'emd_loss': 23.667247772216797, 'total_loss': 23.667247772216797}
2024-11-20 15:47:18,076 INFO ===> New TaichiEnv created.
2024-11-20 15:47:18,076 INFO ===> Specifications: horizon = 311, dt = 0.01, n_substeps = 20, dt_sub = 0.0005
2024-11-20 15:47:18,099 DEBUG loaded <trimesh.Trimesh(vertices.shape=(916, 3), faces.shape=(856, 3))> using `load_obj` in 0.0030s
2024-11-20 15:47:18,248 DEBUG loaded <trimesh.Trimesh(vertices.shape=(48, 3), faces.shape=(28, 3))> using `load_obj` in 0.0007s
2024-11-20 15:47:27,345 INFO =====> alpha: 0.5
2024-11-20 15:47:27,345 INFO =====> Loss info: {'particle_has_naninf': False, 'height_map_loss': 13.318338394165039, 'emd_loss': 23.847566604614258, 'total_loss': 23.847566604614258}
2024-11-20 15:47:27,925 INFO ===> New TaichiEnv created.
2024-11-20 15:47:27,925 INFO ===> Specifications: horizon = 311, dt = 0.01, n_substeps = 20, dt_sub = 0.0005
2024-11-20 15:47:27,950 DEBUG loaded <trimesh.Trimesh(vertices.shape=(916, 3), faces.shape=(856, 3))> using `load_obj` in 0.0031s
2024-11-20 15:47:28,097 DEBUG loaded <trimesh.Trimesh(vertices.shape=(48, 3), faces.shape=(28, 3))> using `load_obj` in 0.0007s
2024-11-20 15:47:37,916 INFO =====> alpha: 1.0
2024-11-20 15:47:37,916 INFO =====> Loss info: {'particle_has_naninf': False, 'height_map_loss': 13.319780349731445, 'emd_loss': 23.94690704345703, 'total_loss': 23.94690704345703}
2024-11-20 15:47:38,580 INFO ===> New TaichiEnv created.
2024-11-20 15:47:38,580 INFO ===> Specifications: horizon = 311, dt = 0.01, n_substeps = 20, dt_sub = 0.0005
2024-11-20 15:47:38,603 DEBUG loaded <trimesh.Trimesh(vertices.shape=(916, 3), faces.shape=(856, 3))> using `load_obj` in 0.0029s
2024-11-20 15:47:38,747 DEBUG loaded <trimesh.Trimesh(vertices.shape=(48, 3), faces.shape=(28, 3))> using `load_obj` in 0.0007s
2024-11-20 15:47:47,706 INFO =====> alpha: 1.01
2024-11-20 15:47:47,706 INFO =====> Loss info: {'particle_has_naninf': False, 'height_map_loss': 13.320273399353027, 'emd_loss': 23.9472599029541, 'total_loss': 23.9472599029541}
2024-11-20 15:47:48,300 INFO ===> New TaichiEnv created.
2024-11-20 15:47:48,300 INFO ===> Specifications: horizon = 311, dt = 0.01, n_substeps = 20, dt_sub = 0.0005
2024-11-20 15:47:48,324 DEBUG loaded <trimesh.Trimesh(vertices.shape=(916, 3), faces.shape=(856, 3))> using `load_obj` in 0.0029s
2024-11-20 15:47:48,474 DEBUG loaded <trimesh.Trimesh(vertices.shape=(48, 3), faces.shape=(28, 3))> using `load_obj` in 0.0007s
2024-11-20 15:47:57,481 INFO =====> alpha: 1.1
2024-11-20 15:47:57,481 INFO =====> Loss info: {'particle_has_naninf': False, 'height_map_loss': 13.332948684692383, 'emd_loss': 23.95030403137207, 'total_loss': 23.95030403137207}
2024-11-20 15:47:58,057 INFO ===> New TaichiEnv created.
2024-11-20 15:47:58,057 INFO ===> Specifications: horizon = 311, dt = 0.01, n_substeps = 20, dt_sub = 0.0005
2024-11-20 15:47:58,081 DEBUG loaded <trimesh.Trimesh(vertices.shape=(916, 3), faces.shape=(856, 3))> using `load_obj` in 0.0028s
2024-11-20 15:47:58,227 DEBUG loaded <trimesh.Trimesh(vertices.shape=(48, 3), faces.shape=(28, 3))> using `load_obj` in 0.0007s
2024-11-20 15:48:08,120 INFO =====> alpha: 1.5
2024-11-20 15:48:08,121 INFO =====> Loss info: {'particle_has_naninf': False, 'height_map_loss': 13.35232925415039, 'emd_loss': 23.953100204467773, 'total_loss': 23.953100204467773}
2024-11-20 15:48:08,121 INFO =====> Best alpha: 0.01, Best loss info: {'particle_has_naninf': False, 'height_map_loss': 13.295615196228027, 'emd_loss': 23.84490394592285, 'total_loss': 23.84490394592285}
2024-11-20 15:48:08,121 INFO =====> Param: E: [371898.53], nu: [0.1900848], rho: [1270.9961], sand_angle: [16.29052]
2024-11-20 15:48:08,121 INFO =====> Grad: [ 2.3514580e-03  5.4728357e+02 -2.3304827e+01 -4.6601643e+01]
2024-11-20 15:48:08,121 INFO =====> Num. aborted data so far: 0
2024-11-20 15:48:08,699 INFO ===> New TaichiEnv created.
2024-11-20 15:48:08,699 INFO ===> Specifications: horizon = 311, dt = 0.01, n_substeps = 20, dt_sub = 0.0005
2024-11-20 15:48:08,725 DEBUG loaded <trimesh.Trimesh(vertices.shape=(916, 3), faces.shape=(856, 3))> using `load_obj` in 0.0029s
2024-11-20 15:48:08,871 DEBUG loaded <trimesh.Trimesh(vertices.shape=(48, 3), faces.shape=(28, 3))> using `load_obj` in 0.0007s
2024-11-20 15:48:36,726 INFO =====> Epoch: 64
2024-11-20 15:48:36,726 INFO =====> Loss info: {'particle_has_naninf': False, 'height_map_loss': 13.296126365661621, 'emd_loss': 23.677352905273438, 'total_loss': 23.677352905273438}
2024-11-20 15:48:36,726 INFO =====> Performing line search for epoch 64......
2024-11-20 15:48:37,320 INFO ===> New TaichiEnv created.
2024-11-20 15:48:37,321 INFO ===> Specifications: horizon = 311, dt = 0.01, n_substeps = 20, dt_sub = 0.0005
2024-11-20 15:48:37,344 DEBUG loaded <trimesh.Trimesh(vertices.shape=(916, 3), faces.shape=(856, 3))> using `load_obj` in 0.0029s
2024-11-20 15:48:37,488 DEBUG loaded <trimesh.Trimesh(vertices.shape=(48, 3), faces.shape=(28, 3))> using `load_obj` in 0.0007s
2024-11-20 15:48:46,496 INFO =====> alpha: 0.01
2024-11-20 15:48:46,496 INFO =====> Loss info: {'particle_has_naninf': False, 'height_map_loss': 13.298165321350098, 'emd_loss': 23.662187576293945, 'total_loss': 23.662187576293945}
2024-11-20 15:48:47,083 INFO ===> New TaichiEnv created.
2024-11-20 15:48:47,083 INFO ===> Specifications: horizon = 311, dt = 0.01, n_substeps = 20, dt_sub = 0.0005
2024-11-20 15:48:47,106 DEBUG loaded <trimesh.Trimesh(vertices.shape=(916, 3), faces.shape=(856, 3))> using `load_obj` in 0.0030s
2024-11-20 15:48:47,253 DEBUG loaded <trimesh.Trimesh(vertices.shape=(48, 3), faces.shape=(28, 3))> using `load_obj` in 0.0007s
2024-11-20 15:48:56,168 INFO =====> alpha: 0.1
2024-11-20 15:48:56,168 INFO =====> Loss info: {'particle_has_naninf': False, 'height_map_loss': 13.302486419677734, 'emd_loss': 23.7031192779541, 'total_loss': 23.7031192779541}
2024-11-20 15:48:56,743 INFO ===> New TaichiEnv created.
2024-11-20 15:48:56,743 INFO ===> Specifications: horizon = 311, dt = 0.01, n_substeps = 20, dt_sub = 0.0005
2024-11-20 15:48:56,766 DEBUG loaded <trimesh.Trimesh(vertices.shape=(916, 3), faces.shape=(856, 3))> using `load_obj` in 0.0029s
2024-11-20 15:48:56,912 DEBUG loaded <trimesh.Trimesh(vertices.shape=(48, 3), faces.shape=(28, 3))> using `load_obj` in 0.0007s
2024-11-20 15:49:06,702 INFO =====> alpha: 0.5
2024-11-20 15:49:06,702 INFO =====> Loss info: {'particle_has_naninf': False, 'height_map_loss': 13.351025581359863, 'emd_loss': 23.99574089050293, 'total_loss': 23.99574089050293}
2024-11-20 15:49:07,310 INFO ===> New TaichiEnv created.
2024-11-20 15:49:07,310 INFO ===> Specifications: horizon = 311, dt = 0.01, n_substeps = 20, dt_sub = 0.0005
2024-11-20 15:49:07,333 DEBUG loaded <trimesh.Trimesh(vertices.shape=(916, 3), faces.shape=(856, 3))> using `load_obj` in 0.0030s
2024-11-20 15:49:07,481 DEBUG loaded <trimesh.Trimesh(vertices.shape=(48, 3), faces.shape=(28, 3))> using `load_obj` in 0.0007s
2024-11-20 15:49:16,466 INFO =====> alpha: 1.0
2024-11-20 15:49:16,466 INFO =====> Loss info: {'particle_has_naninf': False, 'height_map_loss': 13.392989158630371, 'emd_loss': 23.886201858520508, 'total_loss': 23.886201858520508}
2024-11-20 15:49:17,040 INFO ===> New TaichiEnv created.
2024-11-20 15:49:17,040 INFO ===> Specifications: horizon = 311, dt = 0.01, n_substeps = 20, dt_sub = 0.0005
2024-11-20 15:49:17,063 DEBUG loaded <trimesh.Trimesh(vertices.shape=(916, 3), faces.shape=(856, 3))> using `load_obj` in 0.0030s
2024-11-20 15:49:17,208 DEBUG loaded <trimesh.Trimesh(vertices.shape=(48, 3), faces.shape=(28, 3))> using `load_obj` in 0.0007s
2024-11-20 15:49:26,987 INFO =====> alpha: 1.01
2024-11-20 15:49:26,987 INFO =====> Loss info: {'particle_has_naninf': False, 'height_map_loss': 13.403642654418945, 'emd_loss': 23.885108947753906, 'total_loss': 23.885108947753906}
2024-11-20 15:49:27,570 INFO ===> New TaichiEnv created.
2024-11-20 15:49:27,570 INFO ===> Specifications: horizon = 311, dt = 0.01, n_substeps = 20, dt_sub = 0.0005
2024-11-20 15:49:27,593 DEBUG loaded <trimesh.Trimesh(vertices.shape=(916, 3), faces.shape=(856, 3))> using `load_obj` in 0.0029s
2024-11-20 15:49:27,739 DEBUG loaded <trimesh.Trimesh(vertices.shape=(48, 3), faces.shape=(28, 3))> using `load_obj` in 0.0007s
2024-11-20 15:49:36,802 INFO =====> alpha: 1.1
2024-11-20 15:49:36,802 INFO =====> Loss info: {'particle_has_naninf': False, 'height_map_loss': 13.405754089355469, 'emd_loss': 23.9136905670166, 'total_loss': 23.9136905670166}
2024-11-20 15:49:37,379 INFO ===> New TaichiEnv created.
2024-11-20 15:49:37,380 INFO ===> Specifications: horizon = 311, dt = 0.01, n_substeps = 20, dt_sub = 0.0005
2024-11-20 15:49:37,403 DEBUG loaded <trimesh.Trimesh(vertices.shape=(916, 3), faces.shape=(856, 3))> using `load_obj` in 0.0031s
2024-11-20 15:49:37,549 DEBUG loaded <trimesh.Trimesh(vertices.shape=(48, 3), faces.shape=(28, 3))> using `load_obj` in 0.0007s
2024-11-20 15:49:47,379 INFO =====> alpha: 1.5
2024-11-20 15:49:47,379 INFO =====> Loss info: {'particle_has_naninf': False, 'height_map_loss': 13.430022239685059, 'emd_loss': 23.921350479125977, 'total_loss': 23.921350479125977}
2024-11-20 15:49:47,379 INFO =====> Best alpha: 0.01, Best loss info: {'particle_has_naninf': False, 'height_map_loss': 13.298165321350098, 'emd_loss': 23.662187576293945, 'total_loss': 23.662187576293945}
2024-11-20 15:49:47,379 INFO =====> Param: E: [371632.94], nu: [0.18994284], rho: [1270.5953], sand_angle: [16.29529]
2024-11-20 15:49:47,380 INFO =====> Grad: [ 2.0641608e-02  2.7331504e+04  2.9657656e+01 -2.3536191e+02]
2024-11-20 15:49:47,380 INFO =====> Num. aborted data so far: 0
2024-11-20 15:49:48,027 INFO ===> New TaichiEnv created.
2024-11-20 15:49:48,027 INFO ===> Specifications: horizon = 311, dt = 0.01, n_substeps = 20, dt_sub = 0.0005
2024-11-20 15:49:48,053 DEBUG loaded <trimesh.Trimesh(vertices.shape=(916, 3), faces.shape=(856, 3))> using `load_obj` in 0.0030s
2024-11-20 15:49:48,198 DEBUG loaded <trimesh.Trimesh(vertices.shape=(48, 3), faces.shape=(28, 3))> using `load_obj` in 0.0007s
2024-11-20 15:50:15,306 INFO =====> Epoch: 65
2024-11-20 15:50:15,306 INFO =====> Loss info: {'particle_has_naninf': False, 'height_map_loss': 13.298904418945312, 'emd_loss': 23.66403579711914, 'total_loss': 23.66403579711914}
2024-11-20 15:50:15,306 INFO =====> Performing line search for epoch 65......
2024-11-20 15:50:15,929 INFO ===> New TaichiEnv created.
2024-11-20 15:50:15,929 INFO ===> Specifications: horizon = 311, dt = 0.01, n_substeps = 20, dt_sub = 0.0005
2024-11-20 15:50:15,952 DEBUG loaded <trimesh.Trimesh(vertices.shape=(916, 3), faces.shape=(856, 3))> using `load_obj` in 0.0030s
2024-11-20 15:50:16,099 DEBUG loaded <trimesh.Trimesh(vertices.shape=(48, 3), faces.shape=(28, 3))> using `load_obj` in 0.0007s
2024-11-20 15:50:25,870 INFO =====> alpha: 0.01
2024-11-20 15:50:25,870 INFO =====> Loss info: {'particle_has_naninf': False, 'height_map_loss': 13.299186706542969, 'emd_loss': 23.650413513183594, 'total_loss': 23.650413513183594}
2024-11-20 15:50:26,452 INFO ===> New TaichiEnv created.
2024-11-20 15:50:26,452 INFO ===> Specifications: horizon = 311, dt = 0.01, n_substeps = 20, dt_sub = 0.0005
2024-11-20 15:50:26,475 DEBUG loaded <trimesh.Trimesh(vertices.shape=(916, 3), faces.shape=(856, 3))> using `load_obj` in 0.0029s
2024-11-20 15:50:26,622 DEBUG loaded <trimesh.Trimesh(vertices.shape=(48, 3), faces.shape=(28, 3))> using `load_obj` in 0.0007s
2024-11-20 15:50:35,589 INFO =====> alpha: 0.1
2024-11-20 15:50:35,589 INFO =====> Loss info: {'particle_has_naninf': False, 'height_map_loss': 13.298978805541992, 'emd_loss': 23.66412353515625, 'total_loss': 23.66412353515625}
2024-11-20 15:50:36,170 INFO ===> New TaichiEnv created.
2024-11-20 15:50:36,170 INFO ===> Specifications: horizon = 311, dt = 0.01, n_substeps = 20, dt_sub = 0.0005
2024-11-20 15:50:36,193 DEBUG loaded <trimesh.Trimesh(vertices.shape=(916, 3), faces.shape=(856, 3))> using `load_obj` in 0.0030s
2024-11-20 15:50:36,339 DEBUG loaded <trimesh.Trimesh(vertices.shape=(48, 3), faces.shape=(28, 3))> using `load_obj` in 0.0007s
2024-11-20 15:50:45,249 INFO =====> alpha: 0.5
2024-11-20 15:50:45,249 INFO =====> Loss info: {'particle_has_naninf': False, 'height_map_loss': 13.308858871459961, 'emd_loss': 24.195796966552734, 'total_loss': 24.195796966552734}
2024-11-20 15:50:45,820 INFO ===> New TaichiEnv created.
2024-11-20 15:50:45,820 INFO ===> Specifications: horizon = 311, dt = 0.01, n_substeps = 20, dt_sub = 0.0005
2024-11-20 15:50:45,843 DEBUG loaded <trimesh.Trimesh(vertices.shape=(916, 3), faces.shape=(856, 3))> using `load_obj` in 0.0030s
2024-11-20 15:50:45,987 DEBUG loaded <trimesh.Trimesh(vertices.shape=(48, 3), faces.shape=(28, 3))> using `load_obj` in 0.0007s
2024-11-20 15:50:55,751 INFO =====> alpha: 1.0
2024-11-20 15:50:55,751 INFO =====> Loss info: {'particle_has_naninf': False, 'height_map_loss': 13.329813003540039, 'emd_loss': 24.23597526550293, 'total_loss': 24.23597526550293}
2024-11-20 15:50:56,325 INFO ===> New TaichiEnv created.
2024-11-20 15:50:56,325 INFO ===> Specifications: horizon = 311, dt = 0.01, n_substeps = 20, dt_sub = 0.0005
2024-11-20 15:50:56,348 DEBUG loaded <trimesh.Trimesh(vertices.shape=(916, 3), faces.shape=(856, 3))> using `load_obj` in 0.0031s
2024-11-20 15:50:56,494 DEBUG loaded <trimesh.Trimesh(vertices.shape=(48, 3), faces.shape=(28, 3))> using `load_obj` in 0.0007s
2024-11-20 15:51:05,466 INFO =====> alpha: 1.01
2024-11-20 15:51:05,466 INFO =====> Loss info: {'particle_has_naninf': False, 'height_map_loss': 13.328837394714355, 'emd_loss': 24.23686408996582, 'total_loss': 24.23686408996582}
2024-11-20 15:51:06,040 INFO ===> New TaichiEnv created.
2024-11-20 15:51:06,040 INFO ===> Specifications: horizon = 311, dt = 0.01, n_substeps = 20, dt_sub = 0.0005
2024-11-20 15:51:06,063 DEBUG loaded <trimesh.Trimesh(vertices.shape=(916, 3), faces.shape=(856, 3))> using `load_obj` in 0.0030s
2024-11-20 15:51:06,207 DEBUG loaded <trimesh.Trimesh(vertices.shape=(48, 3), faces.shape=(28, 3))> using `load_obj` in 0.0007s
2024-11-20 15:51:16,010 INFO =====> alpha: 1.1
2024-11-20 15:51:16,010 INFO =====> Loss info: {'particle_has_naninf': False, 'height_map_loss': 13.334735870361328, 'emd_loss': 24.22333335876465, 'total_loss': 24.22333335876465}
2024-11-20 15:51:16,586 INFO ===> New TaichiEnv created.
2024-11-20 15:51:16,586 INFO ===> Specifications: horizon = 311, dt = 0.01, n_substeps = 20, dt_sub = 0.0005
2024-11-20 15:51:16,609 DEBUG loaded <trimesh.Trimesh(vertices.shape=(916, 3), faces.shape=(856, 3))> using `load_obj` in 0.0029s
2024-11-20 15:51:16,754 DEBUG loaded <trimesh.Trimesh(vertices.shape=(48, 3), faces.shape=(28, 3))> using `load_obj` in 0.0007s
2024-11-20 15:51:25,795 INFO =====> alpha: 1.5
2024-11-20 15:51:25,795 INFO =====> Loss info: {'particle_has_naninf': False, 'height_map_loss': 13.361008644104004, 'emd_loss': 24.117385864257812, 'total_loss': 24.117385864257812}
2024-11-20 15:51:25,795 INFO =====> Best alpha: 0.1, Best loss info: {'particle_has_naninf': False, 'height_map_loss': 13.298978805541992, 'emd_loss': 23.66412353515625, 'total_loss': 23.66412353515625}
2024-11-20 15:51:25,795 INFO =====> Param: E: [370144.2], nu: [0.18921185], rho: [1271.0692], sand_angle: [16.280407]
2024-11-20 15:51:25,796 INFO =====> Grad: [ 1.1294638e-02  1.3723265e+04 -3.3287091e+00  6.9729858e+01]
2024-11-20 15:51:25,796 INFO =====> Num. aborted data so far: 0
2024-11-20 15:51:26,367 INFO ===> New TaichiEnv created.
2024-11-20 15:51:26,367 INFO ===> Specifications: horizon = 311, dt = 0.01, n_substeps = 20, dt_sub = 0.0005
2024-11-20 15:51:26,392 DEBUG loaded <trimesh.Trimesh(vertices.shape=(916, 3), faces.shape=(856, 3))> using `load_obj` in 0.0029s
2024-11-20 15:51:26,542 DEBUG loaded <trimesh.Trimesh(vertices.shape=(48, 3), faces.shape=(28, 3))> using `load_obj` in 0.0007s
2024-11-20 15:51:54,324 INFO =====> Epoch: 66
2024-11-20 15:51:54,324 INFO =====> Loss info: {'particle_has_naninf': False, 'height_map_loss': 13.29902172088623, 'emd_loss': 23.835895538330078, 'total_loss': 23.835895538330078}
2024-11-20 15:51:54,324 INFO =====> Performing line search for epoch 66......
2024-11-20 15:51:54,925 INFO ===> New TaichiEnv created.
2024-11-20 15:51:54,925 INFO ===> Specifications: horizon = 311, dt = 0.01, n_substeps = 20, dt_sub = 0.0005
2024-11-20 15:51:54,948 DEBUG loaded <trimesh.Trimesh(vertices.shape=(916, 3), faces.shape=(856, 3))> using `load_obj` in 0.0029s
2024-11-20 15:51:55,094 DEBUG loaded <trimesh.Trimesh(vertices.shape=(48, 3), faces.shape=(28, 3))> using `load_obj` in 0.0007s
2024-11-20 15:52:04,196 INFO =====> alpha: 0.01
2024-11-20 15:52:04,196 INFO =====> Loss info: {'particle_has_naninf': False, 'height_map_loss': 13.29843807220459, 'emd_loss': 23.824790954589844, 'total_loss': 23.824790954589844}
2024-11-20 15:52:04,769 INFO ===> New TaichiEnv created.
2024-11-20 15:52:04,769 INFO ===> Specifications: horizon = 311, dt = 0.01, n_substeps = 20, dt_sub = 0.0005
2024-11-20 15:52:04,792 DEBUG loaded <trimesh.Trimesh(vertices.shape=(916, 3), faces.shape=(856, 3))> using `load_obj` in 0.0029s
2024-11-20 15:52:04,937 DEBUG loaded <trimesh.Trimesh(vertices.shape=(48, 3), faces.shape=(28, 3))> using `load_obj` in 0.0007s
2024-11-20 15:52:14,689 INFO =====> alpha: 0.1
2024-11-20 15:52:14,689 INFO =====> Loss info: {'particle_has_naninf': False, 'height_map_loss': 13.285178184509277, 'emd_loss': 24.016273498535156, 'total_loss': 24.016273498535156}
2024-11-20 15:52:15,258 INFO ===> New TaichiEnv created.
2024-11-20 15:52:15,258 INFO ===> Specifications: horizon = 311, dt = 0.01, n_substeps = 20, dt_sub = 0.0005
2024-11-20 15:52:15,281 DEBUG loaded <trimesh.Trimesh(vertices.shape=(916, 3), faces.shape=(856, 3))> using `load_obj` in 0.0029s
2024-11-20 15:52:15,426 DEBUG loaded <trimesh.Trimesh(vertices.shape=(48, 3), faces.shape=(28, 3))> using `load_obj` in 0.0007s
2024-11-20 15:52:24,371 INFO =====> alpha: 0.5
2024-11-20 15:52:24,371 INFO =====> Loss info: {'particle_has_naninf': False, 'height_map_loss': 13.32370376586914, 'emd_loss': 24.07660675048828, 'total_loss': 24.07660675048828}
2024-11-20 15:52:24,944 INFO ===> New TaichiEnv created.
2024-11-20 15:52:24,944 INFO ===> Specifications: horizon = 311, dt = 0.01, n_substeps = 20, dt_sub = 0.0005
2024-11-20 15:52:24,967 DEBUG loaded <trimesh.Trimesh(vertices.shape=(916, 3), faces.shape=(856, 3))> using `load_obj` in 0.0030s
2024-11-20 15:52:25,110 DEBUG loaded <trimesh.Trimesh(vertices.shape=(48, 3), faces.shape=(28, 3))> using `load_obj` in 0.0007s
2024-11-20 15:52:34,077 INFO =====> alpha: 1.0
2024-11-20 15:52:34,077 INFO =====> Loss info: {'particle_has_naninf': False, 'height_map_loss': 13.349207878112793, 'emd_loss': 24.241226196289062, 'total_loss': 24.241226196289062}
2024-11-20 15:52:34,709 INFO ===> New TaichiEnv created.
2024-11-20 15:52:34,709 INFO ===> Specifications: horizon = 311, dt = 0.01, n_substeps = 20, dt_sub = 0.0005
2024-11-20 15:52:34,732 DEBUG loaded <trimesh.Trimesh(vertices.shape=(916, 3), faces.shape=(856, 3))> using `load_obj` in 0.0030s
2024-11-20 15:52:34,878 DEBUG loaded <trimesh.Trimesh(vertices.shape=(48, 3), faces.shape=(28, 3))> using `load_obj` in 0.0007s
2024-11-20 15:52:44,663 INFO =====> alpha: 1.01
2024-11-20 15:52:44,663 INFO =====> Loss info: {'particle_has_naninf': False, 'height_map_loss': 13.356620788574219, 'emd_loss': 24.274089813232422, 'total_loss': 24.274089813232422}
2024-11-20 15:52:45,240 INFO ===> New TaichiEnv created.
2024-11-20 15:52:45,240 INFO ===> Specifications: horizon = 311, dt = 0.01, n_substeps = 20, dt_sub = 0.0005
2024-11-20 15:52:45,263 DEBUG loaded <trimesh.Trimesh(vertices.shape=(916, 3), faces.shape=(856, 3))> using `load_obj` in 0.0030s
2024-11-20 15:52:45,409 DEBUG loaded <trimesh.Trimesh(vertices.shape=(48, 3), faces.shape=(28, 3))> using `load_obj` in 0.0007s
2024-11-20 15:52:54,440 INFO =====> alpha: 1.1
2024-11-20 15:52:54,441 INFO =====> Loss info: {'particle_has_naninf': False, 'height_map_loss': 13.363773345947266, 'emd_loss': 24.252281188964844, 'total_loss': 24.252281188964844}
2024-11-20 15:52:55,085 INFO ===> New TaichiEnv created.
2024-11-20 15:52:55,085 INFO ===> Specifications: horizon = 311, dt = 0.01, n_substeps = 20, dt_sub = 0.0005
2024-11-20 15:52:55,108 DEBUG loaded <trimesh.Trimesh(vertices.shape=(916, 3), faces.shape=(856, 3))> using `load_obj` in 0.0029s
2024-11-20 15:52:55,256 DEBUG loaded <trimesh.Trimesh(vertices.shape=(48, 3), faces.shape=(28, 3))> using `load_obj` in 0.0007s
2024-11-20 15:53:05,004 INFO =====> alpha: 1.5
2024-11-20 15:53:05,004 INFO =====> Loss info: {'particle_has_naninf': False, 'height_map_loss': 13.407374382019043, 'emd_loss': 23.839298248291016, 'total_loss': 23.839298248291016}
2024-11-20 15:53:05,005 INFO =====> Best alpha: 0.1, Best loss info: {'particle_has_naninf': False, 'height_map_loss': 13.285178184509277, 'emd_loss': 24.016273498535156, 'total_loss': 24.016273498535156}
2024-11-20 15:53:05,005 INFO =====> Param: E: [369152.5], nu: [0.18830602], rho: [1264.9492], sand_angle: [16.180979]
2024-11-20 15:53:05,005 INFO =====> Grad: [7.2269151e-03 1.6838535e+04 4.4232975e+01 4.6554150e+02]
2024-11-20 15:53:05,005 INFO =====> Num. aborted data so far: 0
2024-11-20 15:53:05,589 INFO ===> New TaichiEnv created.
2024-11-20 15:53:05,589 INFO ===> Specifications: horizon = 311, dt = 0.01, n_substeps = 20, dt_sub = 0.0005
2024-11-20 15:53:05,612 DEBUG loaded <trimesh.Trimesh(vertices.shape=(916, 3), faces.shape=(856, 3))> using `load_obj` in 0.0029s
2024-11-20 15:53:05,758 DEBUG loaded <trimesh.Trimesh(vertices.shape=(48, 3), faces.shape=(28, 3))> using `load_obj` in 0.0007s
2024-11-20 15:53:32,782 INFO =====> Epoch: 67
2024-11-20 15:53:32,782 INFO =====> Loss info: {'particle_has_naninf': False, 'height_map_loss': 13.288472175598145, 'emd_loss': 23.999732971191406, 'total_loss': 23.999732971191406}
2024-11-20 15:53:32,783 INFO =====> Performing line search for epoch 67......
2024-11-20 15:53:33,401 INFO ===> New TaichiEnv created.
2024-11-20 15:53:33,402 INFO ===> Specifications: horizon = 311, dt = 0.01, n_substeps = 20, dt_sub = 0.0005
2024-11-20 15:53:33,425 DEBUG loaded <trimesh.Trimesh(vertices.shape=(916, 3), faces.shape=(856, 3))> using `load_obj` in 0.0029s
2024-11-20 15:53:33,571 DEBUG loaded <trimesh.Trimesh(vertices.shape=(48, 3), faces.shape=(28, 3))> using `load_obj` in 0.0007s
2024-11-20 15:53:43,381 INFO =====> alpha: 0.01
2024-11-20 15:53:43,382 INFO =====> Loss info: {'particle_has_naninf': False, 'height_map_loss': 13.295112609863281, 'emd_loss': 23.995153427124023, 'total_loss': 23.995153427124023}
2024-11-20 15:53:43,959 INFO ===> New TaichiEnv created.
2024-11-20 15:53:43,959 INFO ===> Specifications: horizon = 311, dt = 0.01, n_substeps = 20, dt_sub = 0.0005
2024-11-20 15:53:43,984 DEBUG loaded <trimesh.Trimesh(vertices.shape=(916, 3), faces.shape=(856, 3))> using `load_obj` in 0.0029s
2024-11-20 15:53:44,130 DEBUG loaded <trimesh.Trimesh(vertices.shape=(48, 3), faces.shape=(28, 3))> using `load_obj` in 0.0007s
2024-11-20 15:53:53,049 INFO =====> alpha: 0.1
2024-11-20 15:53:53,049 INFO =====> Loss info: {'particle_has_naninf': False, 'height_map_loss': 13.297710418701172, 'emd_loss': 24.080699920654297, 'total_loss': 24.080699920654297}
2024-11-20 15:53:53,638 INFO ===> New TaichiEnv created.
2024-11-20 15:53:53,638 INFO ===> Specifications: horizon = 311, dt = 0.01, n_substeps = 20, dt_sub = 0.0005
2024-11-20 15:53:53,661 DEBUG loaded <trimesh.Trimesh(vertices.shape=(916, 3), faces.shape=(856, 3))> using `load_obj` in 0.0030s
2024-11-20 15:53:53,805 DEBUG loaded <trimesh.Trimesh(vertices.shape=(48, 3), faces.shape=(28, 3))> using `load_obj` in 0.0007s
2024-11-20 15:54:03,537 INFO =====> alpha: 0.5
2024-11-20 15:54:03,537 INFO =====> Loss info: {'particle_has_naninf': False, 'height_map_loss': 13.360947608947754, 'emd_loss': 24.29905128479004, 'total_loss': 24.29905128479004}
2024-11-20 15:54:04,105 INFO ===> New TaichiEnv created.
2024-11-20 15:54:04,105 INFO ===> Specifications: horizon = 311, dt = 0.01, n_substeps = 20, dt_sub = 0.0005
2024-11-20 15:54:04,128 DEBUG loaded <trimesh.Trimesh(vertices.shape=(916, 3), faces.shape=(856, 3))> using `load_obj` in 0.0029s
2024-11-20 15:54:04,272 DEBUG loaded <trimesh.Trimesh(vertices.shape=(48, 3), faces.shape=(28, 3))> using `load_obj` in 0.0007s
2024-11-20 15:54:13,304 INFO =====> alpha: 1.0
2024-11-20 15:54:13,304 INFO =====> Loss info: {'particle_has_naninf': False, 'height_map_loss': 13.536225318908691, 'emd_loss': 23.804824829101562, 'total_loss': 23.804824829101562}
2024-11-20 15:54:13,934 INFO ===> New TaichiEnv created.
2024-11-20 15:54:13,934 INFO ===> Specifications: horizon = 311, dt = 0.01, n_substeps = 20, dt_sub = 0.0005
2024-11-20 15:54:13,957 DEBUG loaded <trimesh.Trimesh(vertices.shape=(916, 3), faces.shape=(856, 3))> using `load_obj` in 0.0030s
2024-11-20 15:54:14,103 DEBUG loaded <trimesh.Trimesh(vertices.shape=(48, 3), faces.shape=(28, 3))> using `load_obj` in 0.0007s
2024-11-20 15:54:23,116 INFO =====> alpha: 1.01
2024-11-20 15:54:23,117 INFO =====> Loss info: {'particle_has_naninf': False, 'height_map_loss': 13.532313346862793, 'emd_loss': 23.891742706298828, 'total_loss': 23.891742706298828}
2024-11-20 15:54:23,707 INFO ===> New TaichiEnv created.
2024-11-20 15:54:23,707 INFO ===> Specifications: horizon = 311, dt = 0.01, n_substeps = 20, dt_sub = 0.0005
2024-11-20 15:54:23,730 DEBUG loaded <trimesh.Trimesh(vertices.shape=(916, 3), faces.shape=(856, 3))> using `load_obj` in 0.0029s
2024-11-20 15:54:23,876 DEBUG loaded <trimesh.Trimesh(vertices.shape=(48, 3), faces.shape=(28, 3))> using `load_obj` in 0.0007s
2024-11-20 15:54:33,707 INFO =====> alpha: 1.1
2024-11-20 15:54:33,707 INFO =====> Loss info: {'particle_has_naninf': False, 'height_map_loss': 13.562308311462402, 'emd_loss': 23.899457931518555, 'total_loss': 23.899457931518555}
2024-11-20 15:54:34,287 INFO ===> New TaichiEnv created.
2024-11-20 15:54:34,287 INFO ===> Specifications: horizon = 311, dt = 0.01, n_substeps = 20, dt_sub = 0.0005
2024-11-20 15:54:34,310 DEBUG loaded <trimesh.Trimesh(vertices.shape=(916, 3), faces.shape=(856, 3))> using `load_obj` in 0.0029s
2024-11-20 15:54:34,455 DEBUG loaded <trimesh.Trimesh(vertices.shape=(48, 3), faces.shape=(28, 3))> using `load_obj` in 0.0007s
2024-11-20 15:54:43,436 INFO =====> alpha: 1.5
2024-11-20 15:54:43,436 INFO =====> Loss info: {'particle_has_naninf': False, 'height_map_loss': 13.680586814880371, 'emd_loss': 24.244741439819336, 'total_loss': 24.244741439819336}
2024-11-20 15:54:43,436 INFO =====> Best alpha: 0.01, Best loss info: {'particle_has_naninf': False, 'height_map_loss': 13.295112609863281, 'emd_loss': 23.995153427124023, 'total_loss': 23.995153427124023}
2024-11-20 15:54:43,437 INFO =====> Param: E: [368843.56], nu: [0.18814635], rho: [1265.2312], sand_angle: [16.163887]
2024-11-20 15:54:43,437 INFO =====> Grad: [ 2.4476679e-02  3.2620951e+04 -1.9651342e+01  9.0230530e+02]
2024-11-20 15:54:43,437 INFO =====> Num. aborted data so far: 0
2024-11-20 15:54:44,016 INFO ===> New TaichiEnv created.
2024-11-20 15:54:44,016 INFO ===> Specifications: horizon = 311, dt = 0.01, n_substeps = 20, dt_sub = 0.0005
2024-11-20 15:54:44,040 DEBUG loaded <trimesh.Trimesh(vertices.shape=(916, 3), faces.shape=(856, 3))> using `load_obj` in 0.0030s
2024-11-20 15:54:44,189 DEBUG loaded <trimesh.Trimesh(vertices.shape=(48, 3), faces.shape=(28, 3))> using `load_obj` in 0.0007s
2024-11-20 15:55:11,995 INFO =====> Epoch: 68
2024-11-20 15:55:11,995 INFO =====> Loss info: {'particle_has_naninf': False, 'height_map_loss': 13.295665740966797, 'emd_loss': 23.994596481323242, 'total_loss': 23.994596481323242}
2024-11-20 15:55:11,995 INFO =====> Performing line search for epoch 68......
2024-11-20 15:55:12,600 INFO ===> New TaichiEnv created.
2024-11-20 15:55:12,600 INFO ===> Specifications: horizon = 311, dt = 0.01, n_substeps = 20, dt_sub = 0.0005
2024-11-20 15:55:12,623 DEBUG loaded <trimesh.Trimesh(vertices.shape=(916, 3), faces.shape=(856, 3))> using `load_obj` in 0.0030s
2024-11-20 15:55:12,774 DEBUG loaded <trimesh.Trimesh(vertices.shape=(48, 3), faces.shape=(28, 3))> using `load_obj` in 0.0007s
2024-11-20 15:55:21,776 INFO =====> alpha: 0.01
2024-11-20 15:55:21,776 INFO =====> Loss info: {'particle_has_naninf': False, 'height_map_loss': 13.285623550415039, 'emd_loss': 24.012025833129883, 'total_loss': 24.012025833129883}
2024-11-20 15:55:22,433 INFO ===> New TaichiEnv created.
2024-11-20 15:55:22,433 INFO ===> Specifications: horizon = 311, dt = 0.01, n_substeps = 20, dt_sub = 0.0005
2024-11-20 15:55:22,457 DEBUG loaded <trimesh.Trimesh(vertices.shape=(916, 3), faces.shape=(856, 3))> using `load_obj` in 0.0031s
2024-11-20 15:55:22,603 DEBUG loaded <trimesh.Trimesh(vertices.shape=(48, 3), faces.shape=(28, 3))> using `load_obj` in 0.0007s
2024-11-20 15:55:32,487 INFO =====> alpha: 0.1
2024-11-20 15:55:32,488 INFO =====> Loss info: {'particle_has_naninf': False, 'height_map_loss': 13.306038856506348, 'emd_loss': 23.72644805908203, 'total_loss': 23.72644805908203}
2024-11-20 15:55:33,068 INFO ===> New TaichiEnv created.
2024-11-20 15:55:33,068 INFO ===> Specifications: horizon = 311, dt = 0.01, n_substeps = 20, dt_sub = 0.0005
2024-11-20 15:55:33,092 DEBUG loaded <trimesh.Trimesh(vertices.shape=(916, 3), faces.shape=(856, 3))> using `load_obj` in 0.0030s
2024-11-20 15:55:33,239 DEBUG loaded <trimesh.Trimesh(vertices.shape=(48, 3), faces.shape=(28, 3))> using `load_obj` in 0.0007s
2024-11-20 15:55:42,261 INFO =====> alpha: 0.5
2024-11-20 15:55:42,261 INFO =====> Loss info: {'particle_has_naninf': False, 'height_map_loss': 13.381490707397461, 'emd_loss': 23.544918060302734, 'total_loss': 23.544918060302734}
2024-11-20 15:55:42,835 INFO ===> New TaichiEnv created.
2024-11-20 15:55:42,835 INFO ===> Specifications: horizon = 311, dt = 0.01, n_substeps = 20, dt_sub = 0.0005
2024-11-20 15:55:42,858 DEBUG loaded <trimesh.Trimesh(vertices.shape=(916, 3), faces.shape=(856, 3))> using `load_obj` in 0.0029s
2024-11-20 15:55:43,004 DEBUG loaded <trimesh.Trimesh(vertices.shape=(48, 3), faces.shape=(28, 3))> using `load_obj` in 0.0007s
2024-11-20 15:55:52,832 INFO =====> alpha: 1.0
2024-11-20 15:55:52,832 INFO =====> Loss info: {'particle_has_naninf': False, 'height_map_loss': 13.464468002319336, 'emd_loss': 23.439172744750977, 'total_loss': 23.439172744750977}
2024-11-20 15:55:53,401 INFO ===> New TaichiEnv created.
2024-11-20 15:55:53,401 INFO ===> Specifications: horizon = 311, dt = 0.01, n_substeps = 20, dt_sub = 0.0005
2024-11-20 15:55:53,424 DEBUG loaded <trimesh.Trimesh(vertices.shape=(916, 3), faces.shape=(856, 3))> using `load_obj` in 0.0029s
2024-11-20 15:55:53,571 DEBUG loaded <trimesh.Trimesh(vertices.shape=(48, 3), faces.shape=(28, 3))> using `load_obj` in 0.0007s
2024-11-20 15:56:02,561 INFO =====> alpha: 1.01
2024-11-20 15:56:02,561 INFO =====> Loss info: {'particle_has_naninf': False, 'height_map_loss': 13.462101936340332, 'emd_loss': 23.440799713134766, 'total_loss': 23.440799713134766}
2024-11-20 15:56:03,130 INFO ===> New TaichiEnv created.
2024-11-20 15:56:03,130 INFO ===> Specifications: horizon = 311, dt = 0.01, n_substeps = 20, dt_sub = 0.0005
2024-11-20 15:56:03,153 DEBUG loaded <trimesh.Trimesh(vertices.shape=(916, 3), faces.shape=(856, 3))> using `load_obj` in 0.0030s
2024-11-20 15:56:03,297 DEBUG loaded <trimesh.Trimesh(vertices.shape=(48, 3), faces.shape=(28, 3))> using `load_obj` in 0.0007s
2024-11-20 15:56:12,256 INFO =====> alpha: 1.1
2024-11-20 15:56:12,256 INFO =====> Loss info: {'particle_has_naninf': False, 'height_map_loss': 13.457619667053223, 'emd_loss': 23.38736915588379, 'total_loss': 23.38736915588379}
2024-11-20 15:56:12,913 INFO ===> New TaichiEnv created.
2024-11-20 15:56:12,913 INFO ===> Specifications: horizon = 311, dt = 0.01, n_substeps = 20, dt_sub = 0.0005
2024-11-20 15:56:12,936 DEBUG loaded <trimesh.Trimesh(vertices.shape=(916, 3), faces.shape=(856, 3))> using `load_obj` in 0.0029s
2024-11-20 15:56:13,081 DEBUG loaded <trimesh.Trimesh(vertices.shape=(48, 3), faces.shape=(28, 3))> using `load_obj` in 0.0007s
2024-11-20 15:56:22,809 INFO =====> alpha: 1.5
2024-11-20 15:56:22,809 INFO =====> Loss info: {'particle_has_naninf': False, 'height_map_loss': 13.502371788024902, 'emd_loss': 23.722579956054688, 'total_loss': 23.722579956054688}
2024-11-20 15:56:22,810 INFO =====> Best alpha: 0.01, Best loss info: {'particle_has_naninf': False, 'height_map_loss': 13.285623550415039, 'emd_loss': 24.012025833129883, 'total_loss': 24.012025833129883}
2024-11-20 15:56:22,810 INFO =====> Param: E: [369036.66], nu: [0.18821207], rho: [1265.7068], sand_angle: [16.183622]
2024-11-20 15:56:22,810 INFO =====> Grad: [-1.5241983e-02 -1.3020525e+04 -3.2967781e+01 -1.2649966e+03]
2024-11-20 15:56:22,810 INFO =====> Num. aborted data so far: 0
2024-11-20 15:56:23,381 INFO ===> New TaichiEnv created.
2024-11-20 15:56:23,381 INFO ===> Specifications: horizon = 311, dt = 0.01, n_substeps = 20, dt_sub = 0.0005
2024-11-20 15:56:23,404 DEBUG loaded <trimesh.Trimesh(vertices.shape=(916, 3), faces.shape=(856, 3))> using `load_obj` in 0.0029s
2024-11-20 15:56:23,551 DEBUG loaded <trimesh.Trimesh(vertices.shape=(48, 3), faces.shape=(28, 3))> using `load_obj` in 0.0007s
2024-11-20 15:56:51,500 INFO =====> Epoch: 69
2024-11-20 15:56:51,500 INFO =====> Loss info: {'particle_has_naninf': False, 'height_map_loss': 13.285862922668457, 'emd_loss': 24.001699447631836, 'total_loss': 24.001699447631836}
2024-11-20 15:56:51,500 INFO =====> Performing line search for epoch 69......
2024-11-20 15:56:52,102 INFO ===> New TaichiEnv created.
2024-11-20 15:56:52,102 INFO ===> Specifications: horizon = 311, dt = 0.01, n_substeps = 20, dt_sub = 0.0005
2024-11-20 15:56:52,125 DEBUG loaded <trimesh.Trimesh(vertices.shape=(916, 3), faces.shape=(856, 3))> using `load_obj` in 0.0029s
2024-11-20 15:56:52,270 DEBUG loaded <trimesh.Trimesh(vertices.shape=(48, 3), faces.shape=(28, 3))> using `load_obj` in 0.0007s
2024-11-20 15:57:01,261 INFO =====> alpha: 0.01
2024-11-20 15:57:01,261 INFO =====> Loss info: {'particle_has_naninf': False, 'height_map_loss': 13.286327362060547, 'emd_loss': 24.001710891723633, 'total_loss': 24.001710891723633}
2024-11-20 15:57:01,837 INFO ===> New TaichiEnv created.
2024-11-20 15:57:01,837 INFO ===> Specifications: horizon = 311, dt = 0.01, n_substeps = 20, dt_sub = 0.0005
2024-11-20 15:57:01,860 DEBUG loaded <trimesh.Trimesh(vertices.shape=(916, 3), faces.shape=(856, 3))> using `load_obj` in 0.0030s
2024-11-20 15:57:02,005 DEBUG loaded <trimesh.Trimesh(vertices.shape=(48, 3), faces.shape=(28, 3))> using `load_obj` in 0.0007s
2024-11-20 15:57:10,989 INFO =====> alpha: 0.1
2024-11-20 15:57:10,989 INFO =====> Loss info: {'particle_has_naninf': False, 'height_map_loss': 13.286578178405762, 'emd_loss': 23.982999801635742, 'total_loss': 23.982999801635742}
2024-11-20 15:57:11,571 INFO ===> New TaichiEnv created.
2024-11-20 15:57:11,571 INFO ===> Specifications: horizon = 311, dt = 0.01, n_substeps = 20, dt_sub = 0.0005
2024-11-20 15:57:11,594 DEBUG loaded <trimesh.Trimesh(vertices.shape=(916, 3), faces.shape=(856, 3))> using `load_obj` in 0.0029s
2024-11-20 15:57:11,741 DEBUG loaded <trimesh.Trimesh(vertices.shape=(48, 3), faces.shape=(28, 3))> using `load_obj` in 0.0007s
2024-11-20 15:57:21,684 INFO =====> alpha: 0.5
2024-11-20 15:57:21,684 INFO =====> Loss info: {'particle_has_naninf': False, 'height_map_loss': 13.304645538330078, 'emd_loss': 23.717334747314453, 'total_loss': 23.717334747314453}
2024-11-20 15:57:22,264 INFO ===> New TaichiEnv created.
2024-11-20 15:57:22,264 INFO ===> Specifications: horizon = 311, dt = 0.01, n_substeps = 20, dt_sub = 0.0005
2024-11-20 15:57:22,287 DEBUG loaded <trimesh.Trimesh(vertices.shape=(916, 3), faces.shape=(856, 3))> using `load_obj` in 0.0029s
2024-11-20 15:57:22,433 DEBUG loaded <trimesh.Trimesh(vertices.shape=(48, 3), faces.shape=(28, 3))> using `load_obj` in 0.0007s
2024-11-20 15:57:31,406 INFO =====> alpha: 1.0
2024-11-20 15:57:31,406 INFO =====> Loss info: {'particle_has_naninf': False, 'height_map_loss': 13.338471412658691, 'emd_loss': 23.747127532958984, 'total_loss': 23.747127532958984}
2024-11-20 15:57:31,986 INFO ===> New TaichiEnv created.
2024-11-20 15:57:31,986 INFO ===> Specifications: horizon = 311, dt = 0.01, n_substeps = 20, dt_sub = 0.0005
2024-11-20 15:57:32,012 DEBUG loaded <trimesh.Trimesh(vertices.shape=(916, 3), faces.shape=(856, 3))> using `load_obj` in 0.0030s
2024-11-20 15:57:32,159 DEBUG loaded <trimesh.Trimesh(vertices.shape=(48, 3), faces.shape=(28, 3))> using `load_obj` in 0.0007s
2024-11-20 15:57:41,937 INFO =====> alpha: 1.01
2024-11-20 15:57:41,938 INFO =====> Loss info: {'particle_has_naninf': False, 'height_map_loss': 13.338692665100098, 'emd_loss': 23.75137710571289, 'total_loss': 23.75137710571289}
2024-11-20 15:57:42,513 INFO ===> New TaichiEnv created.
2024-11-20 15:57:42,513 INFO ===> Specifications: horizon = 311, dt = 0.01, n_substeps = 20, dt_sub = 0.0005
2024-11-20 15:57:42,536 DEBUG loaded <trimesh.Trimesh(vertices.shape=(916, 3), faces.shape=(856, 3))> using `load_obj` in 0.0029s
2024-11-20 15:57:42,681 DEBUG loaded <trimesh.Trimesh(vertices.shape=(48, 3), faces.shape=(28, 3))> using `load_obj` in 0.0007s
2024-11-20 15:57:51,729 INFO =====> alpha: 1.1
2024-11-20 15:57:51,729 INFO =====> Loss info: {'particle_has_naninf': False, 'height_map_loss': 13.345232009887695, 'emd_loss': 23.926513671875, 'total_loss': 23.926513671875}
2024-11-20 15:57:52,300 INFO ===> New TaichiEnv created.
2024-11-20 15:57:52,300 INFO ===> Specifications: horizon = 311, dt = 0.01, n_substeps = 20, dt_sub = 0.0005
2024-11-20 15:57:52,323 DEBUG loaded <trimesh.Trimesh(vertices.shape=(916, 3), faces.shape=(856, 3))> using `load_obj` in 0.0030s
2024-11-20 15:57:52,468 DEBUG loaded <trimesh.Trimesh(vertices.shape=(48, 3), faces.shape=(28, 3))> using `load_obj` in 0.0007s
2024-11-20 15:58:01,405 INFO =====> alpha: 1.5
2024-11-20 15:58:01,405 INFO =====> Loss info: {'particle_has_naninf': False, 'height_map_loss': 13.360424041748047, 'emd_loss': 23.865169525146484, 'total_loss': 23.865169525146484}
2024-11-20 15:58:01,405 INFO =====> Best alpha: 0.01, Best loss info: {'particle_has_naninf': False, 'height_map_loss': 13.286327362060547, 'emd_loss': 24.001710891723633, 'total_loss': 24.001710891723633}
2024-11-20 15:58:01,405 INFO =====> Param: E: [369209.25], nu: [0.18829288], rho: [1266.6455], sand_angle: [16.186934]
2024-11-20 15:58:01,406 INFO =====> Grad: [-1.3434021e-02 -1.5713369e+04 -7.6720078e+01 -2.0249835e+02]
2024-11-20 15:58:01,406 INFO =====> Num. aborted data so far: 0
2024-11-20 15:58:01,980 INFO ===> New TaichiEnv created.
2024-11-20 15:58:01,980 INFO ===> Specifications: horizon = 311, dt = 0.01, n_substeps = 20, dt_sub = 0.0005
2024-11-20 15:58:02,006 DEBUG loaded <trimesh.Trimesh(vertices.shape=(916, 3), faces.shape=(856, 3))> using `load_obj` in 0.0028s
2024-11-20 15:58:02,157 DEBUG loaded <trimesh.Trimesh(vertices.shape=(48, 3), faces.shape=(28, 3))> using `load_obj` in 0.0007s
2024-11-20 15:58:29,953 INFO =====> Epoch: 70
2024-11-20 15:58:29,953 INFO =====> Loss info: {'particle_has_naninf': False, 'height_map_loss': 13.28658676147461, 'emd_loss': 23.995372772216797, 'total_loss': 23.995372772216797}
2024-11-20 15:58:29,953 INFO =====> Performing line search for epoch 70......
2024-11-20 15:58:30,553 INFO ===> New TaichiEnv created.
2024-11-20 15:58:30,553 INFO ===> Specifications: horizon = 311, dt = 0.01, n_substeps = 20, dt_sub = 0.0005
2024-11-20 15:58:30,576 DEBUG loaded <trimesh.Trimesh(vertices.shape=(916, 3), faces.shape=(856, 3))> using `load_obj` in 0.0030s
2024-11-20 15:58:30,723 DEBUG loaded <trimesh.Trimesh(vertices.shape=(48, 3), faces.shape=(28, 3))> using `load_obj` in 0.0007s
2024-11-20 15:58:39,703 INFO =====> alpha: 0.01
2024-11-20 15:58:39,703 INFO =====> Loss info: {'particle_has_naninf': False, 'height_map_loss': 13.288813591003418, 'emd_loss': 23.98041343688965, 'total_loss': 23.98041343688965}
2024-11-20 15:58:40,278 INFO ===> New TaichiEnv created.
2024-11-20 15:58:40,278 INFO ===> Specifications: horizon = 311, dt = 0.01, n_substeps = 20, dt_sub = 0.0005
2024-11-20 15:58:40,301 DEBUG loaded <trimesh.Trimesh(vertices.shape=(916, 3), faces.shape=(856, 3))> using `load_obj` in 0.0030s
2024-11-20 15:58:40,446 DEBUG loaded <trimesh.Trimesh(vertices.shape=(48, 3), faces.shape=(28, 3))> using `load_obj` in 0.0007s
2024-11-20 15:58:50,248 INFO =====> alpha: 0.1
2024-11-20 15:58:50,249 INFO =====> Loss info: {'particle_has_naninf': False, 'height_map_loss': 13.297418594360352, 'emd_loss': 23.672382354736328, 'total_loss': 23.672382354736328}
2024-11-20 15:58:50,825 INFO ===> New TaichiEnv created.
2024-11-20 15:58:50,826 INFO ===> Specifications: horizon = 311, dt = 0.01, n_substeps = 20, dt_sub = 0.0005
2024-11-20 15:58:50,849 DEBUG loaded <trimesh.Trimesh(vertices.shape=(916, 3), faces.shape=(856, 3))> using `load_obj` in 0.0030s
2024-11-20 15:58:50,994 DEBUG loaded <trimesh.Trimesh(vertices.shape=(48, 3), faces.shape=(28, 3))> using `load_obj` in 0.0007s
2024-11-20 15:58:59,977 INFO =====> alpha: 0.5
2024-11-20 15:58:59,978 INFO =====> Loss info: {'particle_has_naninf': False, 'height_map_loss': 13.365975379943848, 'emd_loss': 23.78058433532715, 'total_loss': 23.78058433532715}
2024-11-20 15:59:00,551 INFO ===> New TaichiEnv created.
2024-11-20 15:59:00,551 INFO ===> Specifications: horizon = 311, dt = 0.01, n_substeps = 20, dt_sub = 0.0005
2024-11-20 15:59:00,574 DEBUG loaded <trimesh.Trimesh(vertices.shape=(916, 3), faces.shape=(856, 3))> using `load_obj` in 0.0029s
2024-11-20 15:59:00,720 DEBUG loaded <trimesh.Trimesh(vertices.shape=(48, 3), faces.shape=(28, 3))> using `load_obj` in 0.0007s
2024-11-20 15:59:10,501 INFO =====> alpha: 1.0
2024-11-20 15:59:10,501 INFO =====> Loss info: {'particle_has_naninf': False, 'height_map_loss': 13.380972862243652, 'emd_loss': 23.422204971313477, 'total_loss': 23.422204971313477}
2024-11-20 15:59:11,146 INFO ===> New TaichiEnv created.
2024-11-20 15:59:11,146 INFO ===> Specifications: horizon = 311, dt = 0.01, n_substeps = 20, dt_sub = 0.0005
2024-11-20 15:59:11,170 DEBUG loaded <trimesh.Trimesh(vertices.shape=(916, 3), faces.shape=(856, 3))> using `load_obj` in 0.0029s
2024-11-20 15:59:11,315 DEBUG loaded <trimesh.Trimesh(vertices.shape=(48, 3), faces.shape=(28, 3))> using `load_obj` in 0.0007s
2024-11-20 15:59:20,254 INFO =====> alpha: 1.01
2024-11-20 15:59:20,254 INFO =====> Loss info: {'particle_has_naninf': False, 'height_map_loss': 13.369807243347168, 'emd_loss': 23.42620086669922, 'total_loss': 23.42620086669922}
2024-11-20 15:59:20,833 INFO ===> New TaichiEnv created.
2024-11-20 15:59:20,833 INFO ===> Specifications: horizon = 311, dt = 0.01, n_substeps = 20, dt_sub = 0.0005
2024-11-20 15:59:20,857 DEBUG loaded <trimesh.Trimesh(vertices.shape=(916, 3), faces.shape=(856, 3))> using `load_obj` in 0.0030s
2024-11-20 15:59:21,001 DEBUG loaded <trimesh.Trimesh(vertices.shape=(48, 3), faces.shape=(28, 3))> using `load_obj` in 0.0007s
2024-11-20 15:59:30,891 INFO =====> alpha: 1.1
2024-11-20 15:59:30,891 INFO =====> Loss info: {'particle_has_naninf': False, 'height_map_loss': 13.372872352600098, 'emd_loss': 23.52469253540039, 'total_loss': 23.52469253540039}
2024-11-20 15:59:31,469 INFO ===> New TaichiEnv created.
2024-11-20 15:59:31,469 INFO ===> Specifications: horizon = 311, dt = 0.01, n_substeps = 20, dt_sub = 0.0005
2024-11-20 15:59:31,492 DEBUG loaded <trimesh.Trimesh(vertices.shape=(916, 3), faces.shape=(856, 3))> using `load_obj` in 0.0029s
2024-11-20 15:59:31,642 DEBUG loaded <trimesh.Trimesh(vertices.shape=(48, 3), faces.shape=(28, 3))> using `load_obj` in 0.0007s
2024-11-20 15:59:40,705 INFO =====> alpha: 1.5
2024-11-20 15:59:40,705 INFO =====> Loss info: {'particle_has_naninf': False, 'height_map_loss': 13.433212280273438, 'emd_loss': 23.4461612701416, 'total_loss': 23.4461612701416}
2024-11-20 15:59:40,705 INFO =====> Best alpha: 0.01, Best loss info: {'particle_has_naninf': False, 'height_map_loss': 13.288813591003418, 'emd_loss': 23.98041343688965, 'total_loss': 23.98041343688965}
2024-11-20 15:59:40,706 INFO =====> Param: E: [369399.1], nu: [0.18841901], rho: [1267.1232], sand_angle: [16.199461]
2024-11-20 15:59:40,706 INFO =====> Grad: [-1.4697447e-02 -2.5372990e+04 -3.8845943e+01 -7.9142633e+02]
2024-11-20 15:59:40,706 INFO =====> Num. aborted data so far: 0
2024-11-20 15:59:41,292 INFO ===> New TaichiEnv created.
2024-11-20 15:59:41,292 INFO ===> Specifications: horizon = 311, dt = 0.01, n_substeps = 20, dt_sub = 0.0005
2024-11-20 15:59:41,317 DEBUG loaded <trimesh.Trimesh(vertices.shape=(916, 3), faces.shape=(856, 3))> using `load_obj` in 0.0031s
2024-11-20 15:59:41,463 DEBUG loaded <trimesh.Trimesh(vertices.shape=(48, 3), faces.shape=(28, 3))> using `load_obj` in 0.0007s
2024-11-20 16:00:09,279 INFO =====> Epoch: 71
2024-11-20 16:00:09,280 INFO =====> Loss info: {'particle_has_naninf': False, 'height_map_loss': 13.287861824035645, 'emd_loss': 23.99853515625, 'total_loss': 23.99853515625}
2024-11-20 16:00:09,280 INFO =====> Performing line search for epoch 71......
2024-11-20 16:00:09,876 INFO ===> New TaichiEnv created.
2024-11-20 16:00:09,877 INFO ===> Specifications: horizon = 311, dt = 0.01, n_substeps = 20, dt_sub = 0.0005
2024-11-20 16:00:09,900 DEBUG loaded <trimesh.Trimesh(vertices.shape=(916, 3), faces.shape=(856, 3))> using `load_obj` in 0.0030s
2024-11-20 16:00:10,046 DEBUG loaded <trimesh.Trimesh(vertices.shape=(48, 3), faces.shape=(28, 3))> using `load_obj` in 0.0007s
2024-11-20 16:00:19,092 INFO =====> alpha: 0.01
2024-11-20 16:00:19,092 INFO =====> Loss info: {'particle_has_naninf': False, 'height_map_loss': 13.286324501037598, 'emd_loss': 24.00417137145996, 'total_loss': 24.00417137145996}
2024-11-20 16:00:19,665 INFO ===> New TaichiEnv created.
2024-11-20 16:00:19,665 INFO ===> Specifications: horizon = 311, dt = 0.01, n_substeps = 20, dt_sub = 0.0005
2024-11-20 16:00:19,688 DEBUG loaded <trimesh.Trimesh(vertices.shape=(916, 3), faces.shape=(856, 3))> using `load_obj` in 0.0030s
2024-11-20 16:00:19,833 DEBUG loaded <trimesh.Trimesh(vertices.shape=(48, 3), faces.shape=(28, 3))> using `load_obj` in 0.0007s
2024-11-20 16:00:28,800 INFO =====> alpha: 0.1
2024-11-20 16:00:28,801 INFO =====> Loss info: {'particle_has_naninf': False, 'height_map_loss': 13.294533729553223, 'emd_loss': 24.018842697143555, 'total_loss': 24.018842697143555}
2024-11-20 16:00:29,477 INFO ===> New TaichiEnv created.
2024-11-20 16:00:29,477 INFO ===> Specifications: horizon = 311, dt = 0.01, n_substeps = 20, dt_sub = 0.0005
2024-11-20 16:00:29,500 DEBUG loaded <trimesh.Trimesh(vertices.shape=(916, 3), faces.shape=(856, 3))> using `load_obj` in 0.0029s
2024-11-20 16:00:29,647 DEBUG loaded <trimesh.Trimesh(vertices.shape=(48, 3), faces.shape=(28, 3))> using `load_obj` in 0.0007s
2024-11-20 16:00:39,496 INFO =====> alpha: 0.5
2024-11-20 16:00:39,496 INFO =====> Loss info: {'particle_has_naninf': False, 'height_map_loss': 13.309000015258789, 'emd_loss': 24.21653938293457, 'total_loss': 24.21653938293457}
2024-11-20 16:00:40,073 INFO ===> New TaichiEnv created.
2024-11-20 16:00:40,073 INFO ===> Specifications: horizon = 311, dt = 0.01, n_substeps = 20, dt_sub = 0.0005
2024-11-20 16:00:40,097 DEBUG loaded <trimesh.Trimesh(vertices.shape=(916, 3), faces.shape=(856, 3))> using `load_obj` in 0.0029s
2024-11-20 16:00:40,243 DEBUG loaded <trimesh.Trimesh(vertices.shape=(48, 3), faces.shape=(28, 3))> using `load_obj` in 0.0007s
2024-11-20 16:00:49,241 INFO =====> alpha: 1.0
2024-11-20 16:00:49,242 INFO =====> Loss info: {'particle_has_naninf': False, 'height_map_loss': 13.385270118713379, 'emd_loss': 24.27548599243164, 'total_loss': 24.27548599243164}
2024-11-20 16:00:49,888 INFO ===> New TaichiEnv created.
2024-11-20 16:00:49,888 INFO ===> Specifications: horizon = 311, dt = 0.01, n_substeps = 20, dt_sub = 0.0005
2024-11-20 16:00:49,912 DEBUG loaded <trimesh.Trimesh(vertices.shape=(916, 3), faces.shape=(856, 3))> using `load_obj` in 0.0030s
2024-11-20 16:00:50,057 DEBUG loaded <trimesh.Trimesh(vertices.shape=(48, 3), faces.shape=(28, 3))> using `load_obj` in 0.0007s
2024-11-20 16:00:59,809 INFO =====> alpha: 1.01
2024-11-20 16:00:59,809 INFO =====> Loss info: {'particle_has_naninf': False, 'height_map_loss': 13.38773250579834, 'emd_loss': 24.28115463256836, 'total_loss': 24.28115463256836}
2024-11-20 16:01:00,381 INFO ===> New TaichiEnv created.
2024-11-20 16:01:00,381 INFO ===> Specifications: horizon = 311, dt = 0.01, n_substeps = 20, dt_sub = 0.0005
2024-11-20 16:01:00,404 DEBUG loaded <trimesh.Trimesh(vertices.shape=(916, 3), faces.shape=(856, 3))> using `load_obj` in 0.0029s
2024-11-20 16:01:00,551 DEBUG loaded <trimesh.Trimesh(vertices.shape=(48, 3), faces.shape=(28, 3))> using `load_obj` in 0.0007s
2024-11-20 16:01:09,491 INFO =====> alpha: 1.1
2024-11-20 16:01:09,491 INFO =====> Loss info: {'particle_has_naninf': False, 'height_map_loss': 13.385519981384277, 'emd_loss': 23.911794662475586, 'total_loss': 23.911794662475586}
2024-11-20 16:01:10,102 INFO ===> New TaichiEnv created.
2024-11-20 16:01:10,102 INFO ===> Specifications: horizon = 311, dt = 0.01, n_substeps = 20, dt_sub = 0.0005
2024-11-20 16:01:10,125 DEBUG loaded <trimesh.Trimesh(vertices.shape=(916, 3), faces.shape=(856, 3))> using `load_obj` in 0.0030s
2024-11-20 16:01:10,272 DEBUG loaded <trimesh.Trimesh(vertices.shape=(48, 3), faces.shape=(28, 3))> using `load_obj` in 0.0007s
2024-11-20 16:01:19,279 INFO =====> alpha: 1.5
2024-11-20 16:01:19,279 INFO =====> Loss info: {'particle_has_naninf': False, 'height_map_loss': 13.381260871887207, 'emd_loss': 23.826486587524414, 'total_loss': 23.826486587524414}
2024-11-20 16:01:19,279 INFO =====> Best alpha: 0.01, Best loss info: {'particle_has_naninf': False, 'height_map_loss': 13.286324501037598, 'emd_loss': 24.00417137145996, 'total_loss': 24.00417137145996}
2024-11-20 16:01:19,280 INFO =====> Param: E: [369291.22], nu: [0.18839109], rho: [1266.6342], sand_angle: [16.188353]
2024-11-20 16:01:19,280 INFO =====> Grad: [8.0395713e-03 5.3486616e+03 3.9674305e+01 7.1106403e+02]
2024-11-20 16:01:19,280 INFO =====> Num. aborted data so far: 0
2024-11-20 16:01:19,861 INFO ===> New TaichiEnv created.
2024-11-20 16:01:19,861 INFO ===> Specifications: horizon = 311, dt = 0.01, n_substeps = 20, dt_sub = 0.0005
2024-11-20 16:01:19,884 DEBUG loaded <trimesh.Trimesh(vertices.shape=(916, 3), faces.shape=(856, 3))> using `load_obj` in 0.0029s
2024-11-20 16:01:20,032 DEBUG loaded <trimesh.Trimesh(vertices.shape=(48, 3), faces.shape=(28, 3))> using `load_obj` in 0.0007s
2024-11-20 16:01:47,900 INFO =====> Epoch: 72
2024-11-20 16:01:47,900 INFO =====> Loss info: {'particle_has_naninf': False, 'height_map_loss': 13.28610897064209, 'emd_loss': 24.008275985717773, 'total_loss': 24.008275985717773}
2024-11-20 16:01:47,900 INFO =====> Performing line search for epoch 72......
2024-11-20 16:01:48,502 INFO ===> New TaichiEnv created.
2024-11-20 16:01:48,502 INFO ===> Specifications: horizon = 311, dt = 0.01, n_substeps = 20, dt_sub = 0.0005
2024-11-20 16:01:48,525 DEBUG loaded <trimesh.Trimesh(vertices.shape=(916, 3), faces.shape=(856, 3))> using `load_obj` in 0.0030s
2024-11-20 16:01:48,672 DEBUG loaded <trimesh.Trimesh(vertices.shape=(48, 3), faces.shape=(28, 3))> using `load_obj` in 0.0007s
2024-11-20 16:01:58,485 INFO =====> alpha: 0.01
2024-11-20 16:01:58,486 INFO =====> Loss info: {'particle_has_naninf': False, 'height_map_loss': 13.285709381103516, 'emd_loss': 23.9969539642334, 'total_loss': 23.9969539642334}
2024-11-20 16:01:59,068 INFO ===> New TaichiEnv created.
2024-11-20 16:01:59,068 INFO ===> Specifications: horizon = 311, dt = 0.01, n_substeps = 20, dt_sub = 0.0005
2024-11-20 16:01:59,091 DEBUG loaded <trimesh.Trimesh(vertices.shape=(916, 3), faces.shape=(856, 3))> using `load_obj` in 0.0029s
2024-11-20 16:01:59,239 DEBUG loaded <trimesh.Trimesh(vertices.shape=(48, 3), faces.shape=(28, 3))> using `load_obj` in 0.0007s
2024-11-20 16:02:08,222 INFO =====> alpha: 0.1
2024-11-20 16:02:08,222 INFO =====> Loss info: {'particle_has_naninf': False, 'height_map_loss': 13.298271179199219, 'emd_loss': 24.014596939086914, 'total_loss': 24.014596939086914}
2024-11-20 16:02:08,877 INFO ===> New TaichiEnv created.
2024-11-20 16:02:08,877 INFO ===> Specifications: horizon = 311, dt = 0.01, n_substeps = 20, dt_sub = 0.0005
2024-11-20 16:02:08,901 DEBUG loaded <trimesh.Trimesh(vertices.shape=(916, 3), faces.shape=(856, 3))> using `load_obj` in 0.0031s
2024-11-20 16:02:09,048 DEBUG loaded <trimesh.Trimesh(vertices.shape=(48, 3), faces.shape=(28, 3))> using `load_obj` in 0.0007s
2024-11-20 16:02:18,070 INFO =====> alpha: 0.5
2024-11-20 16:02:18,070 INFO =====> Loss info: {'particle_has_naninf': False, 'height_map_loss': 13.351213455200195, 'emd_loss': 24.30362319946289, 'total_loss': 24.30362319946289}
2024-11-20 16:02:18,658 INFO ===> New TaichiEnv created.
2024-11-20 16:02:18,658 INFO ===> Specifications: horizon = 311, dt = 0.01, n_substeps = 20, dt_sub = 0.0005
2024-11-20 16:02:18,681 DEBUG loaded <trimesh.Trimesh(vertices.shape=(916, 3), faces.shape=(856, 3))> using `load_obj` in 0.0029s
2024-11-20 16:02:18,829 DEBUG loaded <trimesh.Trimesh(vertices.shape=(48, 3), faces.shape=(28, 3))> using `load_obj` in 0.0007s
2024-11-20 16:02:28,641 INFO =====> alpha: 1.0
2024-11-20 16:02:28,641 INFO =====> Loss info: {'particle_has_naninf': False, 'height_map_loss': 13.36940860748291, 'emd_loss': 24.302019119262695, 'total_loss': 24.302019119262695}
2024-11-20 16:02:29,217 INFO ===> New TaichiEnv created.
2024-11-20 16:02:29,217 INFO ===> Specifications: horizon = 311, dt = 0.01, n_substeps = 20, dt_sub = 0.0005
2024-11-20 16:02:29,241 DEBUG loaded <trimesh.Trimesh(vertices.shape=(916, 3), faces.shape=(856, 3))> using `load_obj` in 0.0031s
2024-11-20 16:02:29,386 DEBUG loaded <trimesh.Trimesh(vertices.shape=(48, 3), faces.shape=(28, 3))> using `load_obj` in 0.0007s
2024-11-20 16:02:38,341 INFO =====> alpha: 1.01
2024-11-20 16:02:38,341 INFO =====> Loss info: {'particle_has_naninf': False, 'height_map_loss': 13.37030029296875, 'emd_loss': 24.3011417388916, 'total_loss': 24.3011417388916}
2024-11-20 16:02:38,999 INFO ===> New TaichiEnv created.
2024-11-20 16:02:38,999 INFO ===> Specifications: horizon = 311, dt = 0.01, n_substeps = 20, dt_sub = 0.0005
2024-11-20 16:02:39,022 DEBUG loaded <trimesh.Trimesh(vertices.shape=(916, 3), faces.shape=(856, 3))> using `load_obj` in 0.0029s
2024-11-20 16:02:39,168 DEBUG loaded <trimesh.Trimesh(vertices.shape=(48, 3), faces.shape=(28, 3))> using `load_obj` in 0.0007s
2024-11-20 16:02:48,904 INFO =====> alpha: 1.1
2024-11-20 16:02:48,904 INFO =====> Loss info: {'particle_has_naninf': False, 'height_map_loss': 13.376928329467773, 'emd_loss': 24.29815101623535, 'total_loss': 24.29815101623535}
2024-11-20 16:02:49,477 INFO ===> New TaichiEnv created.
2024-11-20 16:02:49,477 INFO ===> Specifications: horizon = 311, dt = 0.01, n_substeps = 20, dt_sub = 0.0005
2024-11-20 16:02:49,500 DEBUG loaded <trimesh.Trimesh(vertices.shape=(916, 3), faces.shape=(856, 3))> using `load_obj` in 0.0029s
2024-11-20 16:02:49,646 DEBUG loaded <trimesh.Trimesh(vertices.shape=(48, 3), faces.shape=(28, 3))> using `load_obj` in 0.0007s
2024-11-20 16:02:58,613 INFO =====> alpha: 1.5
2024-11-20 16:02:58,613 INFO =====> Loss info: {'particle_has_naninf': False, 'height_map_loss': 13.47183609008789, 'emd_loss': 24.55885124206543, 'total_loss': 24.55885124206543}
2024-11-20 16:02:58,613 INFO =====> Best alpha: 0.01, Best loss info: {'particle_has_naninf': False, 'height_map_loss': 13.285709381103516, 'emd_loss': 23.9969539642334, 'total_loss': 23.9969539642334}
2024-11-20 16:02:58,614 INFO =====> Param: E: [369010.62], nu: [0.18829286], rho: [1266.2598], sand_angle: [16.180557]
2024-11-20 16:02:58,614 INFO =====> Grad: [2.2138964e-02 1.8782301e+04 2.9665651e+01 4.8845453e+02]
2024-11-20 16:02:58,614 INFO =====> Num. aborted data so far: 0
2024-11-20 16:02:59,190 INFO ===> New TaichiEnv created.
2024-11-20 16:02:59,190 INFO ===> Specifications: horizon = 311, dt = 0.01, n_substeps = 20, dt_sub = 0.0005
2024-11-20 16:02:59,214 DEBUG loaded <trimesh.Trimesh(vertices.shape=(916, 3), faces.shape=(856, 3))> using `load_obj` in 0.0029s
2024-11-20 16:02:59,360 DEBUG loaded <trimesh.Trimesh(vertices.shape=(48, 3), faces.shape=(28, 3))> using `load_obj` in 0.0007s
2024-11-20 16:03:27,219 INFO =====> Epoch: 73
2024-11-20 16:03:27,219 INFO =====> Loss info: {'particle_has_naninf': False, 'height_map_loss': 13.285455703735352, 'emd_loss': 24.019702911376953, 'total_loss': 24.019702911376953}
2024-11-20 16:03:27,219 INFO =====> Performing line search for epoch 73......
2024-11-20 16:03:27,824 INFO ===> New TaichiEnv created.
2024-11-20 16:03:27,824 INFO ===> Specifications: horizon = 311, dt = 0.01, n_substeps = 20, dt_sub = 0.0005
2024-11-20 16:03:27,848 DEBUG loaded <trimesh.Trimesh(vertices.shape=(916, 3), faces.shape=(856, 3))> using `load_obj` in 0.0030s
2024-11-20 16:03:27,996 DEBUG loaded <trimesh.Trimesh(vertices.shape=(48, 3), faces.shape=(28, 3))> using `load_obj` in 0.0007s
2024-11-20 16:03:36,996 INFO =====> alpha: 0.01
2024-11-20 16:03:36,996 INFO =====> Loss info: {'particle_has_naninf': False, 'height_map_loss': 13.286096572875977, 'emd_loss': 24.00777816772461, 'total_loss': 24.00777816772461}
2024-11-20 16:03:37,617 INFO ===> New TaichiEnv created.
2024-11-20 16:03:37,617 INFO ===> Specifications: horizon = 311, dt = 0.01, n_substeps = 20, dt_sub = 0.0005
2024-11-20 16:03:37,640 DEBUG loaded <trimesh.Trimesh(vertices.shape=(916, 3), faces.shape=(856, 3))> using `load_obj` in 0.0030s
2024-11-20 16:03:37,787 DEBUG loaded <trimesh.Trimesh(vertices.shape=(48, 3), faces.shape=(28, 3))> using `load_obj` in 0.0007s
2024-11-20 16:03:46,846 INFO =====> alpha: 0.1
2024-11-20 16:03:46,846 INFO =====> Loss info: {'particle_has_naninf': False, 'height_map_loss': 13.300538063049316, 'emd_loss': 23.976917266845703, 'total_loss': 23.976917266845703}
2024-11-20 16:03:47,426 INFO ===> New TaichiEnv created.
2024-11-20 16:03:47,426 INFO ===> Specifications: horizon = 311, dt = 0.01, n_substeps = 20, dt_sub = 0.0005
2024-11-20 16:03:47,449 DEBUG loaded <trimesh.Trimesh(vertices.shape=(916, 3), faces.shape=(856, 3))> using `load_obj` in 0.0029s
2024-11-20 16:03:47,596 DEBUG loaded <trimesh.Trimesh(vertices.shape=(48, 3), faces.shape=(28, 3))> using `load_obj` in 0.0007s
2024-11-20 16:03:57,484 INFO =====> alpha: 0.5
2024-11-20 16:03:57,484 INFO =====> Loss info: {'particle_has_naninf': False, 'height_map_loss': 13.304152488708496, 'emd_loss': 23.61037826538086, 'total_loss': 23.61037826538086}
2024-11-20 16:03:58,074 INFO ===> New TaichiEnv created.
2024-11-20 16:03:58,074 INFO ===> Specifications: horizon = 311, dt = 0.01, n_substeps = 20, dt_sub = 0.0005
2024-11-20 16:03:58,097 DEBUG loaded <trimesh.Trimesh(vertices.shape=(916, 3), faces.shape=(856, 3))> using `load_obj` in 0.0031s
2024-11-20 16:03:58,244 DEBUG loaded <trimesh.Trimesh(vertices.shape=(48, 3), faces.shape=(28, 3))> using `load_obj` in 0.0007s
2024-11-20 16:04:07,194 INFO =====> alpha: 1.0
2024-11-20 16:04:07,194 INFO =====> Loss info: {'particle_has_naninf': False, 'height_map_loss': 13.333937644958496, 'emd_loss': 23.572280883789062, 'total_loss': 23.572280883789062}
2024-11-20 16:04:07,775 INFO ===> New TaichiEnv created.
2024-11-20 16:04:07,775 INFO ===> Specifications: horizon = 311, dt = 0.01, n_substeps = 20, dt_sub = 0.0005
2024-11-20 16:04:07,799 DEBUG loaded <trimesh.Trimesh(vertices.shape=(916, 3), faces.shape=(856, 3))> using `load_obj` in 0.0031s
2024-11-20 16:04:07,945 DEBUG loaded <trimesh.Trimesh(vertices.shape=(48, 3), faces.shape=(28, 3))> using `load_obj` in 0.0007s
2024-11-20 16:04:17,955 INFO =====> alpha: 1.01
2024-11-20 16:04:17,955 INFO =====> Loss info: {'particle_has_naninf': False, 'height_map_loss': 13.330439567565918, 'emd_loss': 23.572643280029297, 'total_loss': 23.572643280029297}
2024-11-20 16:04:18,531 INFO ===> New TaichiEnv created.
2024-11-20 16:04:18,531 INFO ===> Specifications: horizon = 311, dt = 0.01, n_substeps = 20, dt_sub = 0.0005
2024-11-20 16:04:18,554 DEBUG loaded <trimesh.Trimesh(vertices.shape=(916, 3), faces.shape=(856, 3))> using `load_obj` in 0.0029s
2024-11-20 16:04:18,702 DEBUG loaded <trimesh.Trimesh(vertices.shape=(48, 3), faces.shape=(28, 3))> using `load_obj` in 0.0007s
2024-11-20 16:04:27,669 INFO =====> alpha: 1.1
2024-11-20 16:04:27,669 INFO =====> Loss info: {'particle_has_naninf': False, 'height_map_loss': 13.329026222229004, 'emd_loss': 23.562103271484375, 'total_loss': 23.562103271484375}
2024-11-20 16:04:28,243 INFO ===> New TaichiEnv created.
2024-11-20 16:04:28,243 INFO ===> Specifications: horizon = 311, dt = 0.01, n_substeps = 20, dt_sub = 0.0005
2024-11-20 16:04:28,266 DEBUG loaded <trimesh.Trimesh(vertices.shape=(916, 3), faces.shape=(856, 3))> using `load_obj` in 0.0031s
2024-11-20 16:04:28,412 DEBUG loaded <trimesh.Trimesh(vertices.shape=(48, 3), faces.shape=(28, 3))> using `load_obj` in 0.0007s
2024-11-20 16:04:37,318 INFO =====> alpha: 1.5
2024-11-20 16:04:37,318 INFO =====> Loss info: {'particle_has_naninf': False, 'height_map_loss': 13.33415699005127, 'emd_loss': 23.595977783203125, 'total_loss': 23.595977783203125}
2024-11-20 16:04:37,319 INFO =====> Best alpha: 0.01, Best loss info: {'particle_has_naninf': False, 'height_map_loss': 13.286096572875977, 'emd_loss': 24.00777816772461, 'total_loss': 24.00777816772461}
2024-11-20 16:04:37,319 INFO =====> Param: E: [369183.25], nu: [0.18838565], rho: [1266.1375], sand_angle: [16.186464]
2024-11-20 16:04:37,319 INFO =====> Grad: [-1.3429965e-02 -1.7606781e+04  9.2204485e+00 -3.5740909e+02]
2024-11-20 16:04:37,319 INFO =====> Num. aborted data so far: 0
2024-11-20 16:04:37,894 INFO ===> New TaichiEnv created.
2024-11-20 16:04:37,894 INFO ===> Specifications: horizon = 311, dt = 0.01, n_substeps = 20, dt_sub = 0.0005
2024-11-20 16:04:37,918 DEBUG loaded <trimesh.Trimesh(vertices.shape=(916, 3), faces.shape=(856, 3))> using `load_obj` in 0.0030s
2024-11-20 16:04:38,064 DEBUG loaded <trimesh.Trimesh(vertices.shape=(48, 3), faces.shape=(28, 3))> using `load_obj` in 0.0007s
2024-11-20 16:05:05,907 INFO =====> Epoch: 74
2024-11-20 16:05:05,907 INFO =====> Loss info: {'particle_has_naninf': False, 'height_map_loss': 13.28545093536377, 'emd_loss': 24.015697479248047, 'total_loss': 24.015697479248047}
2024-11-20 16:05:05,907 INFO =====> Performing line search for epoch 74......
2024-11-20 16:05:06,518 INFO ===> New TaichiEnv created.
2024-11-20 16:05:06,518 INFO ===> Specifications: horizon = 311, dt = 0.01, n_substeps = 20, dt_sub = 0.0005
2024-11-20 16:05:06,542 DEBUG loaded <trimesh.Trimesh(vertices.shape=(916, 3), faces.shape=(856, 3))> using `load_obj` in 0.0031s
2024-11-20 16:05:06,688 DEBUG loaded <trimesh.Trimesh(vertices.shape=(48, 3), faces.shape=(28, 3))> using `load_obj` in 0.0007s
2024-11-20 16:05:16,644 INFO =====> alpha: 0.01
2024-11-20 16:05:16,644 INFO =====> Loss info: {'particle_has_naninf': False, 'height_map_loss': 13.287792205810547, 'emd_loss': 23.991912841796875, 'total_loss': 23.991912841796875}
2024-11-20 16:05:17,227 INFO ===> New TaichiEnv created.
2024-11-20 16:05:17,227 INFO ===> Specifications: horizon = 311, dt = 0.01, n_substeps = 20, dt_sub = 0.0005
2024-11-20 16:05:17,251 DEBUG loaded <trimesh.Trimesh(vertices.shape=(916, 3), faces.shape=(856, 3))> using `load_obj` in 0.0030s
2024-11-20 16:05:17,396 DEBUG loaded <trimesh.Trimesh(vertices.shape=(48, 3), faces.shape=(28, 3))> using `load_obj` in 0.0007s
2024-11-20 16:05:26,296 INFO =====> alpha: 0.1
2024-11-20 16:05:26,297 INFO =====> Loss info: {'particle_has_naninf': False, 'height_map_loss': 13.301650047302246, 'emd_loss': 23.65579605102539, 'total_loss': 23.65579605102539}
2024-11-20 16:05:26,873 INFO ===> New TaichiEnv created.
2024-11-20 16:05:26,873 INFO ===> Specifications: horizon = 311, dt = 0.01, n_substeps = 20, dt_sub = 0.0005
2024-11-20 16:05:26,897 DEBUG loaded <trimesh.Trimesh(vertices.shape=(916, 3), faces.shape=(856, 3))> using `load_obj` in 0.0030s
2024-11-20 16:05:27,042 DEBUG loaded <trimesh.Trimesh(vertices.shape=(48, 3), faces.shape=(28, 3))> using `load_obj` in 0.0007s
2024-11-20 16:05:36,086 INFO =====> alpha: 0.5
2024-11-20 16:05:36,086 INFO =====> Loss info: {'particle_has_naninf': False, 'height_map_loss': 13.340373992919922, 'emd_loss': 23.723459243774414, 'total_loss': 23.723459243774414}
2024-11-20 16:05:36,668 INFO ===> New TaichiEnv created.
2024-11-20 16:05:36,668 INFO ===> Specifications: horizon = 311, dt = 0.01, n_substeps = 20, dt_sub = 0.0005
2024-11-20 16:05:36,691 DEBUG loaded <trimesh.Trimesh(vertices.shape=(916, 3), faces.shape=(856, 3))> using `load_obj` in 0.0030s
2024-11-20 16:05:36,838 DEBUG loaded <trimesh.Trimesh(vertices.shape=(48, 3), faces.shape=(28, 3))> using `load_obj` in 0.0007s
2024-11-20 16:05:46,696 INFO =====> alpha: 1.0
2024-11-20 16:05:46,697 INFO =====> Loss info: {'particle_has_naninf': False, 'height_map_loss': 13.345230102539062, 'emd_loss': 23.37097930908203, 'total_loss': 23.37097930908203}
2024-11-20 16:05:47,279 INFO ===> New TaichiEnv created.
2024-11-20 16:05:47,279 INFO ===> Specifications: horizon = 311, dt = 0.01, n_substeps = 20, dt_sub = 0.0005
2024-11-20 16:05:47,302 DEBUG loaded <trimesh.Trimesh(vertices.shape=(916, 3), faces.shape=(856, 3))> using `load_obj` in 0.0029s
2024-11-20 16:05:47,447 DEBUG loaded <trimesh.Trimesh(vertices.shape=(48, 3), faces.shape=(28, 3))> using `load_obj` in 0.0007s
2024-11-20 16:05:56,408 INFO =====> alpha: 1.01
2024-11-20 16:05:56,408 INFO =====> Loss info: {'particle_has_naninf': False, 'height_map_loss': 13.35122299194336, 'emd_loss': 23.484529495239258, 'total_loss': 23.484529495239258}
2024-11-20 16:05:56,985 INFO ===> New TaichiEnv created.
2024-11-20 16:05:56,985 INFO ===> Specifications: horizon = 311, dt = 0.01, n_substeps = 20, dt_sub = 0.0005
2024-11-20 16:05:57,008 DEBUG loaded <trimesh.Trimesh(vertices.shape=(916, 3), faces.shape=(856, 3))> using `load_obj` in 0.0029s
2024-11-20 16:05:57,153 DEBUG loaded <trimesh.Trimesh(vertices.shape=(48, 3), faces.shape=(28, 3))> using `load_obj` in 0.0007s
2024-11-20 16:06:06,916 INFO =====> alpha: 1.1
2024-11-20 16:06:06,916 INFO =====> Loss info: {'particle_has_naninf': False, 'height_map_loss': 13.3482027053833, 'emd_loss': 23.48293685913086, 'total_loss': 23.48293685913086}
2024-11-20 16:06:07,492 INFO ===> New TaichiEnv created.
2024-11-20 16:06:07,492 INFO ===> Specifications: horizon = 311, dt = 0.01, n_substeps = 20, dt_sub = 0.0005
2024-11-20 16:06:07,515 DEBUG loaded <trimesh.Trimesh(vertices.shape=(916, 3), faces.shape=(856, 3))> using `load_obj` in 0.0029s
2024-11-20 16:06:07,660 DEBUG loaded <trimesh.Trimesh(vertices.shape=(48, 3), faces.shape=(28, 3))> using `load_obj` in 0.0007s
2024-11-20 16:06:16,564 INFO =====> alpha: 1.5
2024-11-20 16:06:16,564 INFO =====> Loss info: {'particle_has_naninf': False, 'height_map_loss': 13.410294532775879, 'emd_loss': 23.252567291259766, 'total_loss': 23.252567291259766}
2024-11-20 16:06:16,565 INFO =====> Best alpha: 0.01, Best loss info: {'particle_has_naninf': False, 'height_map_loss': 13.287792205810547, 'emd_loss': 23.991912841796875, 'total_loss': 23.991912841796875}
2024-11-20 16:06:16,565 INFO =====> Param: E: [369389.88], nu: [0.18850222], rho: [1265.7245], sand_angle: [16.198778]
2024-11-20 16:06:16,565 INFO =====> Grad: [-1.6135583e-02 -2.2573084e+04  3.0598677e+01 -7.6741925e+02]
2024-11-20 16:06:16,565 INFO =====> Num. aborted data so far: 0
2024-11-20 16:06:17,147 INFO ===> New TaichiEnv created.
2024-11-20 16:06:17,147 INFO ===> Specifications: horizon = 311, dt = 0.01, n_substeps = 20, dt_sub = 0.0005
2024-11-20 16:06:17,171 DEBUG loaded <trimesh.Trimesh(vertices.shape=(916, 3), faces.shape=(856, 3))> using `load_obj` in 0.0029s
2024-11-20 16:06:17,318 DEBUG loaded <trimesh.Trimesh(vertices.shape=(48, 3), faces.shape=(28, 3))> using `load_obj` in 0.0007s
2024-11-20 16:06:45,177 INFO =====> Epoch: 75
2024-11-20 16:06:45,177 INFO =====> Loss info: {'particle_has_naninf': False, 'height_map_loss': 13.286563873291016, 'emd_loss': 23.991729736328125, 'total_loss': 23.991729736328125}
2024-11-20 16:06:45,177 INFO =====> Performing line search for epoch 75......
2024-11-20 16:06:45,780 INFO ===> New TaichiEnv created.
2024-11-20 16:06:45,780 INFO ===> Specifications: horizon = 311, dt = 0.01, n_substeps = 20, dt_sub = 0.0005
2024-11-20 16:06:45,803 DEBUG loaded <trimesh.Trimesh(vertices.shape=(916, 3), faces.shape=(856, 3))> using `load_obj` in 0.0031s
2024-11-20 16:06:45,950 DEBUG loaded <trimesh.Trimesh(vertices.shape=(48, 3), faces.shape=(28, 3))> using `load_obj` in 0.0007s
2024-11-20 16:06:54,912 INFO =====> alpha: 0.01
2024-11-20 16:06:54,912 INFO =====> Loss info: {'particle_has_naninf': False, 'height_map_loss': 13.287954330444336, 'emd_loss': 23.99834442138672, 'total_loss': 23.99834442138672}
2024-11-20 16:06:55,529 INFO ===> New TaichiEnv created.
2024-11-20 16:06:55,529 INFO ===> Specifications: horizon = 311, dt = 0.01, n_substeps = 20, dt_sub = 0.0005
2024-11-20 16:06:55,553 DEBUG loaded <trimesh.Trimesh(vertices.shape=(916, 3), faces.shape=(856, 3))> using `load_obj` in 0.0032s
2024-11-20 16:06:55,699 DEBUG loaded <trimesh.Trimesh(vertices.shape=(48, 3), faces.shape=(28, 3))> using `load_obj` in 0.0007s
2024-11-20 16:07:04,628 INFO =====> alpha: 0.1
2024-11-20 16:07:04,628 INFO =====> Loss info: {'particle_has_naninf': False, 'height_map_loss': 13.295671463012695, 'emd_loss': 23.983509063720703, 'total_loss': 23.983509063720703}
2024-11-20 16:07:05,211 INFO ===> New TaichiEnv created.
2024-11-20 16:07:05,211 INFO ===> Specifications: horizon = 311, dt = 0.01, n_substeps = 20, dt_sub = 0.0005
2024-11-20 16:07:05,235 DEBUG loaded <trimesh.Trimesh(vertices.shape=(916, 3), faces.shape=(856, 3))> using `load_obj` in 0.0029s
2024-11-20 16:07:05,381 DEBUG loaded <trimesh.Trimesh(vertices.shape=(48, 3), faces.shape=(28, 3))> using `load_obj` in 0.0007s
2024-11-20 16:07:15,210 INFO =====> alpha: 0.5
2024-11-20 16:07:15,210 INFO =====> Loss info: {'particle_has_naninf': False, 'height_map_loss': 13.32241439819336, 'emd_loss': 24.224260330200195, 'total_loss': 24.224260330200195}
2024-11-20 16:07:15,783 INFO ===> New TaichiEnv created.
2024-11-20 16:07:15,784 INFO ===> Specifications: horizon = 311, dt = 0.01, n_substeps = 20, dt_sub = 0.0005
2024-11-20 16:07:15,807 DEBUG loaded <trimesh.Trimesh(vertices.shape=(916, 3), faces.shape=(856, 3))> using `load_obj` in 0.0030s
2024-11-20 16:07:15,952 DEBUG loaded <trimesh.Trimesh(vertices.shape=(48, 3), faces.shape=(28, 3))> using `load_obj` in 0.0007s
2024-11-20 16:07:24,890 INFO =====> alpha: 1.0
2024-11-20 16:07:24,890 INFO =====> Loss info: {'particle_has_naninf': False, 'height_map_loss': 13.354707717895508, 'emd_loss': 24.26324462890625, 'total_loss': 24.26324462890625}
2024-11-20 16:07:25,465 INFO ===> New TaichiEnv created.
2024-11-20 16:07:25,465 INFO ===> Specifications: horizon = 311, dt = 0.01, n_substeps = 20, dt_sub = 0.0005
2024-11-20 16:07:25,489 DEBUG loaded <trimesh.Trimesh(vertices.shape=(916, 3), faces.shape=(856, 3))> using `load_obj` in 0.0030s
2024-11-20 16:07:25,636 DEBUG loaded <trimesh.Trimesh(vertices.shape=(48, 3), faces.shape=(28, 3))> using `load_obj` in 0.0007s
2024-11-20 16:07:35,449 INFO =====> alpha: 1.01
2024-11-20 16:07:35,449 INFO =====> Loss info: {'particle_has_naninf': False, 'height_map_loss': 13.357087135314941, 'emd_loss': 24.260608673095703, 'total_loss': 24.260608673095703}
2024-11-20 16:07:36,093 INFO ===> New TaichiEnv created.
2024-11-20 16:07:36,093 INFO ===> Specifications: horizon = 311, dt = 0.01, n_substeps = 20, dt_sub = 0.0005
2024-11-20 16:07:36,117 DEBUG loaded <trimesh.Trimesh(vertices.shape=(916, 3), faces.shape=(856, 3))> using `load_obj` in 0.0030s
2024-11-20 16:07:36,266 DEBUG loaded <trimesh.Trimesh(vertices.shape=(48, 3), faces.shape=(28, 3))> using `load_obj` in 0.0008s
2024-11-20 16:07:45,281 INFO =====> alpha: 1.1
2024-11-20 16:07:45,281 INFO =====> Loss info: {'particle_has_naninf': False, 'height_map_loss': 13.360892295837402, 'emd_loss': 24.26912498474121, 'total_loss': 24.26912498474121}
2024-11-20 16:07:45,905 INFO ===> New TaichiEnv created.
2024-11-20 16:07:45,906 INFO ===> Specifications: horizon = 311, dt = 0.01, n_substeps = 20, dt_sub = 0.0005
2024-11-20 16:07:45,929 DEBUG loaded <trimesh.Trimesh(vertices.shape=(916, 3), faces.shape=(856, 3))> using `load_obj` in 0.0031s
2024-11-20 16:07:46,074 DEBUG loaded <trimesh.Trimesh(vertices.shape=(48, 3), faces.shape=(28, 3))> using `load_obj` in 0.0007s
2024-11-20 16:07:55,131 INFO =====> alpha: 1.5
2024-11-20 16:07:55,131 INFO =====> Loss info: {'particle_has_naninf': False, 'height_map_loss': 13.390615463256836, 'emd_loss': 24.438770294189453, 'total_loss': 24.438770294189453}
2024-11-20 16:07:55,132 INFO =====> Best alpha: 0.01, Best loss info: {'particle_has_naninf': False, 'height_map_loss': 13.287954330444336, 'emd_loss': 23.99834442138672, 'total_loss': 23.99834442138672}
2024-11-20 16:07:55,132 INFO =====> Param: E: [369171.34], nu: [0.18840452], rho: [1265.8682], sand_angle: [16.198145]
2024-11-20 16:07:55,132 INFO =====> Grad: [ 1.7254286e-02  1.8872336e+04 -1.0139503e+01  3.7455524e+01]
2024-11-20 16:07:55,132 INFO =====> Num. aborted data so far: 0
2024-11-20 16:07:55,770 INFO ===> New TaichiEnv created.
2024-11-20 16:07:55,770 INFO ===> Specifications: horizon = 311, dt = 0.01, n_substeps = 20, dt_sub = 0.0005
2024-11-20 16:07:55,795 DEBUG loaded <trimesh.Trimesh(vertices.shape=(916, 3), faces.shape=(856, 3))> using `load_obj` in 0.0030s
2024-11-20 16:07:55,941 DEBUG loaded <trimesh.Trimesh(vertices.shape=(48, 3), faces.shape=(28, 3))> using `load_obj` in 0.0007s
2024-11-20 16:08:23,833 INFO =====> Epoch: 76
2024-11-20 16:08:23,833 INFO =====> Loss info: {'particle_has_naninf': False, 'height_map_loss': 13.288725852966309, 'emd_loss': 23.997722625732422, 'total_loss': 23.997722625732422}
2024-11-20 16:08:23,833 INFO =====> Performing line search for epoch 76......
2024-11-20 16:08:24,433 INFO ===> New TaichiEnv created.
2024-11-20 16:08:24,433 INFO ===> Specifications: horizon = 311, dt = 0.01, n_substeps = 20, dt_sub = 0.0005
2024-11-20 16:08:24,456 DEBUG loaded <trimesh.Trimesh(vertices.shape=(916, 3), faces.shape=(856, 3))> using `load_obj` in 0.0031s
2024-11-20 16:08:24,603 DEBUG loaded <trimesh.Trimesh(vertices.shape=(48, 3), faces.shape=(28, 3))> using `load_obj` in 0.0007s
2024-11-20 16:08:34,443 INFO =====> alpha: 0.01
2024-11-20 16:08:34,443 INFO =====> Loss info: {'particle_has_naninf': False, 'height_map_loss': 13.284131050109863, 'emd_loss': 24.015722274780273, 'total_loss': 24.015722274780273}
2024-11-20 16:08:35,027 INFO ===> New TaichiEnv created.
2024-11-20 16:08:35,027 INFO ===> Specifications: horizon = 311, dt = 0.01, n_substeps = 20, dt_sub = 0.0005
2024-11-20 16:08:35,050 DEBUG loaded <trimesh.Trimesh(vertices.shape=(916, 3), faces.shape=(856, 3))> using `load_obj` in 0.0029s
2024-11-20 16:08:35,198 DEBUG loaded <trimesh.Trimesh(vertices.shape=(48, 3), faces.shape=(28, 3))> using `load_obj` in 0.0007s
2024-11-20 16:08:44,198 INFO =====> alpha: 0.1
2024-11-20 16:08:44,198 INFO =====> Loss info: {'particle_has_naninf': False, 'height_map_loss': 13.297406196594238, 'emd_loss': 23.833370208740234, 'total_loss': 23.833370208740234}
2024-11-20 16:08:44,781 INFO ===> New TaichiEnv created.
2024-11-20 16:08:44,782 INFO ===> Specifications: horizon = 311, dt = 0.01, n_substeps = 20, dt_sub = 0.0005
2024-11-20 16:08:44,805 DEBUG loaded <trimesh.Trimesh(vertices.shape=(916, 3), faces.shape=(856, 3))> using `load_obj` in 0.0030s
2024-11-20 16:08:44,950 DEBUG loaded <trimesh.Trimesh(vertices.shape=(48, 3), faces.shape=(28, 3))> using `load_obj` in 0.0007s
2024-11-20 16:08:53,884 INFO =====> alpha: 0.5
2024-11-20 16:08:53,884 INFO =====> Loss info: {'particle_has_naninf': False, 'height_map_loss': 13.319995880126953, 'emd_loss': 23.626604080200195, 'total_loss': 23.626604080200195}
2024-11-20 16:08:54,528 INFO ===> New TaichiEnv created.
2024-11-20 16:08:54,528 INFO ===> Specifications: horizon = 311, dt = 0.01, n_substeps = 20, dt_sub = 0.0005
2024-11-20 16:08:54,552 DEBUG loaded <trimesh.Trimesh(vertices.shape=(916, 3), faces.shape=(856, 3))> using `load_obj` in 0.0030s
2024-11-20 16:08:54,698 DEBUG loaded <trimesh.Trimesh(vertices.shape=(48, 3), faces.shape=(28, 3))> using `load_obj` in 0.0007s
2024-11-20 16:09:04,506 INFO =====> alpha: 1.0
2024-11-20 16:09:04,507 INFO =====> Loss info: {'particle_has_naninf': False, 'height_map_loss': 13.347198486328125, 'emd_loss': 23.524391174316406, 'total_loss': 23.524391174316406}
2024-11-20 16:09:05,082 INFO ===> New TaichiEnv created.
2024-11-20 16:09:05,082 INFO ===> Specifications: horizon = 311, dt = 0.01, n_substeps = 20, dt_sub = 0.0005
2024-11-20 16:09:05,105 DEBUG loaded <trimesh.Trimesh(vertices.shape=(916, 3), faces.shape=(856, 3))> using `load_obj` in 0.0029s
2024-11-20 16:09:05,249 DEBUG loaded <trimesh.Trimesh(vertices.shape=(48, 3), faces.shape=(28, 3))> using `load_obj` in 0.0007s
2024-11-20 16:09:14,295 INFO =====> alpha: 1.01
2024-11-20 16:09:14,295 INFO =====> Loss info: {'particle_has_naninf': False, 'height_map_loss': 13.346705436706543, 'emd_loss': 23.52284049987793, 'total_loss': 23.52284049987793}
2024-11-20 16:09:14,873 INFO ===> New TaichiEnv created.
2024-11-20 16:09:14,873 INFO ===> Specifications: horizon = 311, dt = 0.01, n_substeps = 20, dt_sub = 0.0005
2024-11-20 16:09:14,897 DEBUG loaded <trimesh.Trimesh(vertices.shape=(916, 3), faces.shape=(856, 3))> using `load_obj` in 0.0030s
2024-11-20 16:09:15,044 DEBUG loaded <trimesh.Trimesh(vertices.shape=(48, 3), faces.shape=(28, 3))> using `load_obj` in 0.0007s
2024-11-20 16:09:24,945 INFO =====> alpha: 1.1
2024-11-20 16:09:24,945 INFO =====> Loss info: {'particle_has_naninf': False, 'height_map_loss': 13.345829010009766, 'emd_loss': 23.508745193481445, 'total_loss': 23.508745193481445}
2024-11-20 16:09:25,520 INFO ===> New TaichiEnv created.
2024-11-20 16:09:25,520 INFO ===> Specifications: horizon = 311, dt = 0.01, n_substeps = 20, dt_sub = 0.0005
2024-11-20 16:09:25,543 DEBUG loaded <trimesh.Trimesh(vertices.shape=(916, 3), faces.shape=(856, 3))> using `load_obj` in 0.0029s
2024-11-20 16:09:25,689 DEBUG loaded <trimesh.Trimesh(vertices.shape=(48, 3), faces.shape=(28, 3))> using `load_obj` in 0.0007s
2024-11-20 16:09:34,689 INFO =====> alpha: 1.5
2024-11-20 16:09:34,689 INFO =====> Loss info: {'particle_has_naninf': False, 'height_map_loss': 13.3502836227417, 'emd_loss': 23.475345611572266, 'total_loss': 23.475345611572266}
2024-11-20 16:09:34,690 INFO =====> Best alpha: 0.01, Best loss info: {'particle_has_naninf': False, 'height_map_loss': 13.284131050109863, 'emd_loss': 24.015722274780273, 'total_loss': 24.015722274780273}
2024-11-20 16:09:34,690 INFO =====> Param: E: [369410.97], nu: [0.18851936], rho: [1266.2313], sand_angle: [16.205006]
2024-11-20 16:09:34,690 INFO =====> Grad: [-1.9393584e-02 -2.2587367e+04 -2.4982355e+01 -3.9425647e+02]
2024-11-20 16:09:34,690 INFO =====> Num. aborted data so far: 0
2024-11-20 16:09:35,270 INFO ===> New TaichiEnv created.
2024-11-20 16:09:35,270 INFO ===> Specifications: horizon = 311, dt = 0.01, n_substeps = 20, dt_sub = 0.0005
2024-11-20 16:09:35,294 DEBUG loaded <trimesh.Trimesh(vertices.shape=(916, 3), faces.shape=(856, 3))> using `load_obj` in 0.0030s
2024-11-20 16:09:35,440 DEBUG loaded <trimesh.Trimesh(vertices.shape=(48, 3), faces.shape=(28, 3))> using `load_obj` in 0.0007s
2024-11-20 16:10:03,288 INFO =====> Epoch: 77
2024-11-20 16:10:03,288 INFO =====> Loss info: {'particle_has_naninf': False, 'height_map_loss': 13.283952713012695, 'emd_loss': 24.00455093383789, 'total_loss': 24.00455093383789}
2024-11-20 16:10:03,288 INFO =====> Performing line search for epoch 77......
2024-11-20 16:10:03,899 INFO ===> New TaichiEnv created.
2024-11-20 16:10:03,899 INFO ===> Specifications: horizon = 311, dt = 0.01, n_substeps = 20, dt_sub = 0.0005
2024-11-20 16:10:03,923 DEBUG loaded <trimesh.Trimesh(vertices.shape=(916, 3), faces.shape=(856, 3))> using `load_obj` in 0.0031s
2024-11-20 16:10:04,070 DEBUG loaded <trimesh.Trimesh(vertices.shape=(48, 3), faces.shape=(28, 3))> using `load_obj` in 0.0007s
2024-11-20 16:10:13,041 INFO =====> alpha: 0.01
2024-11-20 16:10:13,041 INFO =====> Loss info: {'particle_has_naninf': False, 'height_map_loss': 13.284125328063965, 'emd_loss': 24.006521224975586, 'total_loss': 24.006521224975586}
2024-11-20 16:10:13,628 INFO ===> New TaichiEnv created.
2024-11-20 16:10:13,628 INFO ===> Specifications: horizon = 311, dt = 0.01, n_substeps = 20, dt_sub = 0.0005
2024-11-20 16:10:13,652 DEBUG loaded <trimesh.Trimesh(vertices.shape=(916, 3), faces.shape=(856, 3))> using `load_obj` in 0.0030s
2024-11-20 16:10:13,803 DEBUG loaded <trimesh.Trimesh(vertices.shape=(48, 3), faces.shape=(28, 3))> using `load_obj` in 0.0007s
2024-11-20 16:10:22,882 INFO =====> alpha: 0.1
2024-11-20 16:10:22,882 INFO =====> Loss info: {'particle_has_naninf': False, 'height_map_loss': 13.302788734436035, 'emd_loss': 23.978404998779297, 'total_loss': 23.978404998779297}
2024-11-20 16:10:23,465 INFO ===> New TaichiEnv created.
2024-11-20 16:10:23,465 INFO ===> Specifications: horizon = 311, dt = 0.01, n_substeps = 20, dt_sub = 0.0005
2024-11-20 16:10:23,488 DEBUG loaded <trimesh.Trimesh(vertices.shape=(916, 3), faces.shape=(856, 3))> using `load_obj` in 0.0029s
2024-11-20 16:10:23,636 DEBUG loaded <trimesh.Trimesh(vertices.shape=(48, 3), faces.shape=(28, 3))> using `load_obj` in 0.0007s
2024-11-20 16:10:33,482 INFO =====> alpha: 0.5
2024-11-20 16:10:33,482 INFO =====> Loss info: {'particle_has_naninf': False, 'height_map_loss': 13.306474685668945, 'emd_loss': 23.727590560913086, 'total_loss': 23.727590560913086}
2024-11-20 16:10:34,065 INFO ===> New TaichiEnv created.
2024-11-20 16:10:34,065 INFO ===> Specifications: horizon = 311, dt = 0.01, n_substeps = 20, dt_sub = 0.0005
2024-11-20 16:10:34,088 DEBUG loaded <trimesh.Trimesh(vertices.shape=(916, 3), faces.shape=(856, 3))> using `load_obj` in 0.0030s
2024-11-20 16:10:34,234 DEBUG loaded <trimesh.Trimesh(vertices.shape=(48, 3), faces.shape=(28, 3))> using `load_obj` in 0.0007s
2024-11-20 16:10:43,281 INFO =====> alpha: 1.0
2024-11-20 16:10:43,281 INFO =====> Loss info: {'particle_has_naninf': False, 'height_map_loss': 13.332707405090332, 'emd_loss': 23.72014617919922, 'total_loss': 23.72014617919922}
2024-11-20 16:10:43,857 INFO ===> New TaichiEnv created.
2024-11-20 16:10:43,857 INFO ===> Specifications: horizon = 311, dt = 0.01, n_substeps = 20, dt_sub = 0.0005
2024-11-20 16:10:43,880 DEBUG loaded <trimesh.Trimesh(vertices.shape=(916, 3), faces.shape=(856, 3))> using `load_obj` in 0.0030s
2024-11-20 16:10:44,024 DEBUG loaded <trimesh.Trimesh(vertices.shape=(48, 3), faces.shape=(28, 3))> using `load_obj` in 0.0007s
2024-11-20 16:10:53,923 INFO =====> alpha: 1.01
2024-11-20 16:10:53,923 INFO =====> Loss info: {'particle_has_naninf': False, 'height_map_loss': 13.335240364074707, 'emd_loss': 23.718379974365234, 'total_loss': 23.718379974365234}
2024-11-20 16:10:54,508 INFO ===> New TaichiEnv created.
2024-11-20 16:10:54,508 INFO ===> Specifications: horizon = 311, dt = 0.01, n_substeps = 20, dt_sub = 0.0005
2024-11-20 16:10:54,532 DEBUG loaded <trimesh.Trimesh(vertices.shape=(916, 3), faces.shape=(856, 3))> using `load_obj` in 0.0029s
2024-11-20 16:10:54,679 DEBUG loaded <trimesh.Trimesh(vertices.shape=(48, 3), faces.shape=(28, 3))> using `load_obj` in 0.0007s
2024-11-20 16:11:03,708 INFO =====> alpha: 1.1
2024-11-20 16:11:03,708 INFO =====> Loss info: {'particle_has_naninf': False, 'height_map_loss': 13.327430725097656, 'emd_loss': 23.70868492126465, 'total_loss': 23.70868492126465}
2024-11-20 16:11:04,298 INFO ===> New TaichiEnv created.
2024-11-20 16:11:04,298 INFO ===> Specifications: horizon = 311, dt = 0.01, n_substeps = 20, dt_sub = 0.0005
2024-11-20 16:11:04,321 DEBUG loaded <trimesh.Trimesh(vertices.shape=(916, 3), faces.shape=(856, 3))> using `load_obj` in 0.0030s
2024-11-20 16:11:04,468 DEBUG loaded <trimesh.Trimesh(vertices.shape=(48, 3), faces.shape=(28, 3))> using `load_obj` in 0.0007s
2024-11-20 16:11:13,513 INFO =====> alpha: 1.5
2024-11-20 16:11:13,513 INFO =====> Loss info: {'particle_has_naninf': False, 'height_map_loss': 13.33267879486084, 'emd_loss': 23.834335327148438, 'total_loss': 23.834335327148438}
2024-11-20 16:11:13,514 INFO =====> Best alpha: 0.01, Best loss info: {'particle_has_naninf': False, 'height_map_loss': 13.284125328063965, 'emd_loss': 24.006521224975586, 'total_loss': 24.006521224975586}
2024-11-20 16:11:13,514 INFO =====> Param: E: [369513.8], nu: [0.18860704], rho: [1266.7162], sand_angle: [16.207664]
2024-11-20 16:11:13,514 INFO =====> Grad: [-8.0021694e-03 -1.7025471e+04 -3.3250824e+01 -1.4550240e+02]
2024-11-20 16:11:13,514 INFO =====> Num. aborted data so far: 0
2024-11-20 16:11:14,089 INFO ===> New TaichiEnv created.
2024-11-20 16:11:14,089 INFO ===> Specifications: horizon = 311, dt = 0.01, n_substeps = 20, dt_sub = 0.0005
2024-11-20 16:11:14,113 DEBUG loaded <trimesh.Trimesh(vertices.shape=(916, 3), faces.shape=(856, 3))> using `load_obj` in 0.0029s
2024-11-20 16:11:14,259 DEBUG loaded <trimesh.Trimesh(vertices.shape=(48, 3), faces.shape=(28, 3))> using `load_obj` in 0.0007s
2024-11-20 16:11:42,083 INFO =====> Epoch: 78
2024-11-20 16:11:42,083 INFO =====> Loss info: {'particle_has_naninf': False, 'height_map_loss': 13.286857604980469, 'emd_loss': 24.004554748535156, 'total_loss': 24.004554748535156}
2024-11-20 16:11:42,083 INFO =====> Performing line search for epoch 78......
2024-11-20 16:11:42,681 INFO ===> New TaichiEnv created.
2024-11-20 16:11:42,682 INFO ===> Specifications: horizon = 311, dt = 0.01, n_substeps = 20, dt_sub = 0.0005
2024-11-20 16:11:42,706 DEBUG loaded <trimesh.Trimesh(vertices.shape=(916, 3), faces.shape=(856, 3))> using `load_obj` in 0.0030s
2024-11-20 16:11:42,852 DEBUG loaded <trimesh.Trimesh(vertices.shape=(48, 3), faces.shape=(28, 3))> using `load_obj` in 0.0007s
2024-11-20 16:11:52,701 INFO =====> alpha: 0.01
2024-11-20 16:11:52,701 INFO =====> Loss info: {'particle_has_naninf': False, 'height_map_loss': 13.287369728088379, 'emd_loss': 23.997026443481445, 'total_loss': 23.997026443481445}
2024-11-20 16:11:53,274 INFO ===> New TaichiEnv created.
2024-11-20 16:11:53,274 INFO ===> Specifications: horizon = 311, dt = 0.01, n_substeps = 20, dt_sub = 0.0005
2024-11-20 16:11:53,298 DEBUG loaded <trimesh.Trimesh(vertices.shape=(916, 3), faces.shape=(856, 3))> using `load_obj` in 0.0028s
2024-11-20 16:11:53,443 DEBUG loaded <trimesh.Trimesh(vertices.shape=(48, 3), faces.shape=(28, 3))> using `load_obj` in 0.0007s
2024-11-20 16:12:02,520 INFO =====> alpha: 0.1
2024-11-20 16:12:02,521 INFO =====> Loss info: {'particle_has_naninf': False, 'height_map_loss': 13.304129600524902, 'emd_loss': 23.959150314331055, 'total_loss': 23.959150314331055}
2024-11-20 16:12:03,184 INFO ===> New TaichiEnv created.
2024-11-20 16:12:03,184 INFO ===> Specifications: horizon = 311, dt = 0.01, n_substeps = 20, dt_sub = 0.0005
2024-11-20 16:12:03,208 DEBUG loaded <trimesh.Trimesh(vertices.shape=(916, 3), faces.shape=(856, 3))> using `load_obj` in 0.0030s
2024-11-20 16:12:03,356 DEBUG loaded <trimesh.Trimesh(vertices.shape=(48, 3), faces.shape=(28, 3))> using `load_obj` in 0.0007s
2024-11-20 16:12:12,310 INFO =====> alpha: 0.5
2024-11-20 16:12:12,311 INFO =====> Loss info: {'particle_has_naninf': False, 'height_map_loss': 13.340606689453125, 'emd_loss': 24.29225730895996, 'total_loss': 24.29225730895996}
2024-11-20 16:12:12,887 INFO ===> New TaichiEnv created.
2024-11-20 16:12:12,887 INFO ===> Specifications: horizon = 311, dt = 0.01, n_substeps = 20, dt_sub = 0.0005
2024-11-20 16:12:12,915 DEBUG loaded <trimesh.Trimesh(vertices.shape=(916, 3), faces.shape=(856, 3))> using `load_obj` in 0.0056s
2024-11-20 16:12:13,062 DEBUG loaded <trimesh.Trimesh(vertices.shape=(48, 3), faces.shape=(28, 3))> using `load_obj` in 0.0007s
2024-11-20 16:12:22,953 INFO =====> alpha: 1.0
2024-11-20 16:12:22,953 INFO =====> Loss info: {'particle_has_naninf': False, 'height_map_loss': 13.352056503295898, 'emd_loss': 24.28423309326172, 'total_loss': 24.28423309326172}
2024-11-20 16:12:23,541 INFO ===> New TaichiEnv created.
2024-11-20 16:12:23,542 INFO ===> Specifications: horizon = 311, dt = 0.01, n_substeps = 20, dt_sub = 0.0005
2024-11-20 16:12:23,565 DEBUG loaded <trimesh.Trimesh(vertices.shape=(916, 3), faces.shape=(856, 3))> using `load_obj` in 0.0029s
2024-11-20 16:12:23,712 DEBUG loaded <trimesh.Trimesh(vertices.shape=(48, 3), faces.shape=(28, 3))> using `load_obj` in 0.0007s
2024-11-20 16:12:32,637 INFO =====> alpha: 1.01
2024-11-20 16:12:32,637 INFO =====> Loss info: {'particle_has_naninf': False, 'height_map_loss': 13.343038558959961, 'emd_loss': 24.27574348449707, 'total_loss': 24.27574348449707}
2024-11-20 16:12:33,214 INFO ===> New TaichiEnv created.
2024-11-20 16:12:33,214 INFO ===> Specifications: horizon = 311, dt = 0.01, n_substeps = 20, dt_sub = 0.0005
2024-11-20 16:12:33,237 DEBUG loaded <trimesh.Trimesh(vertices.shape=(916, 3), faces.shape=(856, 3))> using `load_obj` in 0.0030s
2024-11-20 16:12:33,387 DEBUG loaded <trimesh.Trimesh(vertices.shape=(48, 3), faces.shape=(28, 3))> using `load_obj` in 0.0007s
2024-11-20 16:12:43,234 INFO =====> alpha: 1.1
2024-11-20 16:12:43,234 INFO =====> Loss info: {'particle_has_naninf': False, 'height_map_loss': 13.362614631652832, 'emd_loss': 24.29109764099121, 'total_loss': 24.29109764099121}
2024-11-20 16:12:43,857 INFO ===> New TaichiEnv created.
2024-11-20 16:12:43,857 INFO ===> Specifications: horizon = 311, dt = 0.01, n_substeps = 20, dt_sub = 0.0005
2024-11-20 16:12:43,880 DEBUG loaded <trimesh.Trimesh(vertices.shape=(916, 3), faces.shape=(856, 3))> using `load_obj` in 0.0029s
2024-11-20 16:12:44,028 DEBUG loaded <trimesh.Trimesh(vertices.shape=(48, 3), faces.shape=(28, 3))> using `load_obj` in 0.0007s
2024-11-20 16:12:53,086 INFO =====> alpha: 1.5
2024-11-20 16:12:53,086 INFO =====> Loss info: {'particle_has_naninf': False, 'height_map_loss': 13.423959732055664, 'emd_loss': 24.338640213012695, 'total_loss': 24.338640213012695}
2024-11-20 16:12:53,086 INFO =====> Best alpha: 0.01, Best loss info: {'particle_has_naninf': False, 'height_map_loss': 13.287369728088379, 'emd_loss': 23.997026443481445, 'total_loss': 23.997026443481445}
2024-11-20 16:12:53,087 INFO =====> Param: E: [369508.06], nu: [0.18855904], rho: [1267.3972], sand_angle: [16.20053]
2024-11-20 16:12:53,087 INFO =====> Grad: [ 4.2473007e-04  8.9457080e+03 -4.9083618e+01  3.8014664e+02]
2024-11-20 16:12:53,087 INFO =====> Num. aborted data so far: 0
2024-11-20 16:12:53,698 INFO ===> New TaichiEnv created.
2024-11-20 16:12:53,698 INFO ===> Specifications: horizon = 311, dt = 0.01, n_substeps = 20, dt_sub = 0.0005
2024-11-20 16:12:53,722 DEBUG loaded <trimesh.Trimesh(vertices.shape=(916, 3), faces.shape=(856, 3))> using `load_obj` in 0.0031s
2024-11-20 16:12:53,869 DEBUG loaded <trimesh.Trimesh(vertices.shape=(48, 3), faces.shape=(28, 3))> using `load_obj` in 0.0007s
2024-11-20 16:13:21,791 INFO =====> Epoch: 79
2024-11-20 16:13:21,791 INFO =====> Loss info: {'particle_has_naninf': False, 'height_map_loss': 13.2855863571167, 'emd_loss': 24.017602920532227, 'total_loss': 24.017602920532227}
2024-11-20 16:13:21,791 INFO =====> Performing line search for epoch 79......
2024-11-20 16:13:22,404 INFO ===> New TaichiEnv created.
2024-11-20 16:13:22,404 INFO ===> Specifications: horizon = 311, dt = 0.01, n_substeps = 20, dt_sub = 0.0005
2024-11-20 16:13:22,427 DEBUG loaded <trimesh.Trimesh(vertices.shape=(916, 3), faces.shape=(856, 3))> using `load_obj` in 0.0029s
2024-11-20 16:13:22,574 DEBUG loaded <trimesh.Trimesh(vertices.shape=(48, 3), faces.shape=(28, 3))> using `load_obj` in 0.0007s
2024-11-20 16:13:31,534 INFO =====> alpha: 0.01
2024-11-20 16:13:31,534 INFO =====> Loss info: {'particle_has_naninf': False, 'height_map_loss': 13.28909683227539, 'emd_loss': 23.979890823364258, 'total_loss': 23.979890823364258}
2024-11-20 16:13:32,112 INFO ===> New TaichiEnv created.
2024-11-20 16:13:32,112 INFO ===> Specifications: horizon = 311, dt = 0.01, n_substeps = 20, dt_sub = 0.0005
2024-11-20 16:13:32,136 DEBUG loaded <trimesh.Trimesh(vertices.shape=(916, 3), faces.shape=(856, 3))> using `load_obj` in 0.0030s
2024-11-20 16:13:32,283 DEBUG loaded <trimesh.Trimesh(vertices.shape=(48, 3), faces.shape=(28, 3))> using `load_obj` in 0.0007s
2024-11-20 16:13:41,272 INFO =====> alpha: 0.1
2024-11-20 16:13:41,272 INFO =====> Loss info: {'particle_has_naninf': False, 'height_map_loss': 13.297987937927246, 'emd_loss': 23.996431350708008, 'total_loss': 23.996431350708008}
2024-11-20 16:13:41,846 INFO ===> New TaichiEnv created.
2024-11-20 16:13:41,846 INFO ===> Specifications: horizon = 311, dt = 0.01, n_substeps = 20, dt_sub = 0.0005
2024-11-20 16:13:41,869 DEBUG loaded <trimesh.Trimesh(vertices.shape=(916, 3), faces.shape=(856, 3))> using `load_obj` in 0.0029s
2024-11-20 16:13:42,016 DEBUG loaded <trimesh.Trimesh(vertices.shape=(48, 3), faces.shape=(28, 3))> using `load_obj` in 0.0007s
2024-11-20 16:13:51,939 INFO =====> alpha: 0.5
2024-11-20 16:13:51,939 INFO =====> Loss info: {'particle_has_naninf': False, 'height_map_loss': 13.338664054870605, 'emd_loss': 23.87970733642578, 'total_loss': 23.87970733642578}
2024-11-20 16:13:52,520 INFO ===> New TaichiEnv created.
2024-11-20 16:13:52,520 INFO ===> Specifications: horizon = 311, dt = 0.01, n_substeps = 20, dt_sub = 0.0005
2024-11-20 16:13:52,543 DEBUG loaded <trimesh.Trimesh(vertices.shape=(916, 3), faces.shape=(856, 3))> using `load_obj` in 0.0030s
2024-11-20 16:13:52,690 DEBUG loaded <trimesh.Trimesh(vertices.shape=(48, 3), faces.shape=(28, 3))> using `load_obj` in 0.0007s
2024-11-20 16:14:01,640 INFO =====> alpha: 1.0
2024-11-20 16:14:01,640 INFO =====> Loss info: {'particle_has_naninf': False, 'height_map_loss': 13.374521255493164, 'emd_loss': 24.014400482177734, 'total_loss': 24.014400482177734}
2024-11-20 16:14:02,223 INFO ===> New TaichiEnv created.
2024-11-20 16:14:02,223 INFO ===> Specifications: horizon = 311, dt = 0.01, n_substeps = 20, dt_sub = 0.0005
2024-11-20 16:14:02,246 DEBUG loaded <trimesh.Trimesh(vertices.shape=(916, 3), faces.shape=(856, 3))> using `load_obj` in 0.0030s
2024-11-20 16:14:02,392 DEBUG loaded <trimesh.Trimesh(vertices.shape=(48, 3), faces.shape=(28, 3))> using `load_obj` in 0.0007s
2024-11-20 16:14:12,240 INFO =====> alpha: 1.01
2024-11-20 16:14:12,240 INFO =====> Loss info: {'particle_has_naninf': False, 'height_map_loss': 13.374839782714844, 'emd_loss': 24.004337310791016, 'total_loss': 24.004337310791016}
2024-11-20 16:14:12,857 INFO ===> New TaichiEnv created.
2024-11-20 16:14:12,857 INFO ===> Specifications: horizon = 311, dt = 0.01, n_substeps = 20, dt_sub = 0.0005
2024-11-20 16:14:12,880 DEBUG loaded <trimesh.Trimesh(vertices.shape=(916, 3), faces.shape=(856, 3))> using `load_obj` in 0.0029s
2024-11-20 16:14:13,026 DEBUG loaded <trimesh.Trimesh(vertices.shape=(48, 3), faces.shape=(28, 3))> using `load_obj` in 0.0007s
2024-11-20 16:14:21,972 INFO =====> alpha: 1.1
2024-11-20 16:14:21,972 INFO =====> Loss info: {'particle_has_naninf': False, 'height_map_loss': 13.373067855834961, 'emd_loss': 24.00141716003418, 'total_loss': 24.00141716003418}
2024-11-20 16:14:22,546 INFO ===> New TaichiEnv created.
2024-11-20 16:14:22,546 INFO ===> Specifications: horizon = 311, dt = 0.01, n_substeps = 20, dt_sub = 0.0005
2024-11-20 16:14:22,569 DEBUG loaded <trimesh.Trimesh(vertices.shape=(916, 3), faces.shape=(856, 3))> using `load_obj` in 0.0030s
2024-11-20 16:14:22,717 DEBUG loaded <trimesh.Trimesh(vertices.shape=(48, 3), faces.shape=(28, 3))> using `load_obj` in 0.0007s
2024-11-20 16:14:31,646 INFO =====> alpha: 1.5
2024-11-20 16:14:31,646 INFO =====> Loss info: {'particle_has_naninf': False, 'height_map_loss': 13.391704559326172, 'emd_loss': 23.945932388305664, 'total_loss': 23.945932388305664}
2024-11-20 16:14:31,646 INFO =====> Best alpha: 0.01, Best loss info: {'particle_has_naninf': False, 'height_map_loss': 13.28909683227539, 'emd_loss': 23.979890823364258, 'total_loss': 23.979890823364258}
2024-11-20 16:14:31,647 INFO =====> Param: E: [369498.12], nu: [0.18854836], rho: [1267.9371], sand_angle: [16.203608]
2024-11-20 16:14:31,647 INFO =====> Grad: [ 6.9612224e-04  1.8895184e+03 -3.9275452e+01 -1.5637856e+02]
2024-11-20 16:14:31,647 INFO =====> Num. aborted data so far: 0
2024-11-20 16:14:32,228 INFO ===> New TaichiEnv created.
2024-11-20 16:14:32,229 INFO ===> Specifications: horizon = 311, dt = 0.01, n_substeps = 20, dt_sub = 0.0005
2024-11-20 16:14:32,252 DEBUG loaded <trimesh.Trimesh(vertices.shape=(916, 3), faces.shape=(856, 3))> using `load_obj` in 0.0029s
2024-11-20 16:14:32,399 DEBUG loaded <trimesh.Trimesh(vertices.shape=(48, 3), faces.shape=(28, 3))> using `load_obj` in 0.0007s
2024-11-20 16:15:00,276 INFO =====> Epoch: 80
2024-11-20 16:15:00,276 INFO =====> Loss info: {'particle_has_naninf': False, 'height_map_loss': 13.288368225097656, 'emd_loss': 24.017562866210938, 'total_loss': 24.017562866210938}
2024-11-20 16:15:00,277 INFO =====> Performing line search for epoch 80......
2024-11-20 16:15:00,930 INFO ===> New TaichiEnv created.
2024-11-20 16:15:00,930 INFO ===> Specifications: horizon = 311, dt = 0.01, n_substeps = 20, dt_sub = 0.0005
2024-11-20 16:15:00,953 DEBUG loaded <trimesh.Trimesh(vertices.shape=(916, 3), faces.shape=(856, 3))> using `load_obj` in 0.0031s
2024-11-20 16:15:01,104 DEBUG loaded <trimesh.Trimesh(vertices.shape=(48, 3), faces.shape=(28, 3))> using `load_obj` in 0.0007s
2024-11-20 16:15:10,075 INFO =====> alpha: 0.01
2024-11-20 16:15:10,075 INFO =====> Loss info: {'particle_has_naninf': False, 'height_map_loss': 13.287391662597656, 'emd_loss': 23.997947692871094, 'total_loss': 23.997947692871094}
2024-11-20 16:15:10,662 INFO ===> New TaichiEnv created.
2024-11-20 16:15:10,662 INFO ===> Specifications: horizon = 311, dt = 0.01, n_substeps = 20, dt_sub = 0.0005
2024-11-20 16:15:10,685 DEBUG loaded <trimesh.Trimesh(vertices.shape=(916, 3), faces.shape=(856, 3))> using `load_obj` in 0.0029s
2024-11-20 16:15:10,831 DEBUG loaded <trimesh.Trimesh(vertices.shape=(48, 3), faces.shape=(28, 3))> using `load_obj` in 0.0007s
2024-11-20 16:15:20,688 INFO =====> alpha: 0.1
2024-11-20 16:15:20,688 INFO =====> Loss info: {'particle_has_naninf': False, 'height_map_loss': 13.283753395080566, 'emd_loss': 24.01996612548828, 'total_loss': 24.01996612548828}
2024-11-20 16:15:21,270 INFO ===> New TaichiEnv created.
2024-11-20 16:15:21,270 INFO ===> Specifications: horizon = 311, dt = 0.01, n_substeps = 20, dt_sub = 0.0005
2024-11-20 16:15:21,309 DEBUG loaded <trimesh.Trimesh(vertices.shape=(916, 3), faces.shape=(856, 3))> using `load_obj` in 0.0048s
2024-11-20 16:15:21,458 DEBUG loaded <trimesh.Trimesh(vertices.shape=(48, 3), faces.shape=(28, 3))> using `load_obj` in 0.0007s
2024-11-20 16:15:30,419 INFO =====> alpha: 0.5
2024-11-20 16:15:30,419 INFO =====> Loss info: {'particle_has_naninf': False, 'height_map_loss': 13.287792205810547, 'emd_loss': 23.98259925842285, 'total_loss': 23.98259925842285}
2024-11-20 16:15:31,033 INFO ===> New TaichiEnv created.
2024-11-20 16:15:31,034 INFO ===> Specifications: horizon = 311, dt = 0.01, n_substeps = 20, dt_sub = 0.0005
2024-11-20 16:15:31,058 DEBUG loaded <trimesh.Trimesh(vertices.shape=(916, 3), faces.shape=(856, 3))> using `load_obj` in 0.0031s
2024-11-20 16:15:31,204 DEBUG loaded <trimesh.Trimesh(vertices.shape=(48, 3), faces.shape=(28, 3))> using `load_obj` in 0.0007s
2024-11-20 16:15:41,075 INFO =====> alpha: 1.0
2024-11-20 16:15:41,076 INFO =====> Loss info: {'particle_has_naninf': False, 'height_map_loss': 13.263179779052734, 'emd_loss': 23.82606315612793, 'total_loss': 23.82606315612793}
2024-11-20 16:15:41,657 INFO ===> New TaichiEnv created.
2024-11-20 16:15:41,657 INFO ===> Specifications: horizon = 311, dt = 0.01, n_substeps = 20, dt_sub = 0.0005
2024-11-20 16:15:41,680 DEBUG loaded <trimesh.Trimesh(vertices.shape=(916, 3), faces.shape=(856, 3))> using `load_obj` in 0.0029s
2024-11-20 16:15:41,827 DEBUG loaded <trimesh.Trimesh(vertices.shape=(48, 3), faces.shape=(28, 3))> using `load_obj` in 0.0007s
2024-11-20 16:15:50,746 INFO =====> alpha: 1.01
2024-11-20 16:15:50,746 INFO =====> Loss info: {'particle_has_naninf': False, 'height_map_loss': 13.262911796569824, 'emd_loss': 23.82465171813965, 'total_loss': 23.82465171813965}
2024-11-20 16:15:51,324 INFO ===> New TaichiEnv created.
2024-11-20 16:15:51,324 INFO ===> Specifications: horizon = 311, dt = 0.01, n_substeps = 20, dt_sub = 0.0005
2024-11-20 16:15:51,348 DEBUG loaded <trimesh.Trimesh(vertices.shape=(916, 3), faces.shape=(856, 3))> using `load_obj` in 0.0030s
2024-11-20 16:15:51,493 DEBUG loaded <trimesh.Trimesh(vertices.shape=(48, 3), faces.shape=(28, 3))> using `load_obj` in 0.0007s
2024-11-20 16:16:00,415 INFO =====> alpha: 1.1
2024-11-20 16:16:00,415 INFO =====> Loss info: {'particle_has_naninf': False, 'height_map_loss': 13.2662935256958, 'emd_loss': 23.83456039428711, 'total_loss': 23.83456039428711}
2024-11-20 16:16:00,997 INFO ===> New TaichiEnv created.
2024-11-20 16:16:00,998 INFO ===> Specifications: horizon = 311, dt = 0.01, n_substeps = 20, dt_sub = 0.0005
2024-11-20 16:16:01,021 DEBUG loaded <trimesh.Trimesh(vertices.shape=(916, 3), faces.shape=(856, 3))> using `load_obj` in 0.0029s
2024-11-20 16:16:01,170 DEBUG loaded <trimesh.Trimesh(vertices.shape=(48, 3), faces.shape=(28, 3))> using `load_obj` in 0.0007s
2024-11-20 16:16:11,006 INFO =====> alpha: 1.5
2024-11-20 16:16:11,006 INFO =====> Loss info: {'particle_has_naninf': False, 'height_map_loss': 13.28155517578125, 'emd_loss': 24.01629066467285, 'total_loss': 24.01629066467285}
2024-11-20 16:16:11,007 INFO =====> Best alpha: 1.01, Best loss info: {'particle_has_naninf': False, 'height_map_loss': 13.262911796569824, 'emd_loss': 23.82465171813965, 'total_loss': 23.82465171813965}
2024-11-20 16:16:11,007 INFO =====> Param: E: [393206.94], nu: [0.19358869], rho: [1303.8115], sand_angle: [16.044554]
2024-11-20 16:16:11,007 INFO =====> Grad: [-1.6798738e-02 -8.4825488e+03 -2.5157738e+01  7.5973015e+01]
2024-11-20 16:16:11,007 INFO =====> Num. aborted data so far: 0
2024-11-20 16:16:11,644 INFO ===> New TaichiEnv created.
2024-11-20 16:16:11,644 INFO ===> Specifications: horizon = 311, dt = 0.01, n_substeps = 20, dt_sub = 0.0005
2024-11-20 16:16:11,675 DEBUG loaded <trimesh.Trimesh(vertices.shape=(916, 3), faces.shape=(856, 3))> using `load_obj` in 0.0031s
2024-11-20 16:16:11,823 DEBUG loaded <trimesh.Trimesh(vertices.shape=(48, 3), faces.shape=(28, 3))> using `load_obj` in 0.0007s
2024-11-20 16:16:39,670 INFO =====> Epoch: 81
2024-11-20 16:16:39,670 INFO =====> Loss info: {'particle_has_naninf': False, 'height_map_loss': 13.265620231628418, 'emd_loss': 23.836896896362305, 'total_loss': 23.836896896362305}
2024-11-20 16:16:39,670 INFO =====> Performing line search for epoch 81......
2024-11-20 16:16:40,275 INFO ===> New TaichiEnv created.
2024-11-20 16:16:40,275 INFO ===> Specifications: horizon = 311, dt = 0.01, n_substeps = 20, dt_sub = 0.0005
2024-11-20 16:16:40,299 DEBUG loaded <trimesh.Trimesh(vertices.shape=(916, 3), faces.shape=(856, 3))> using `load_obj` in 0.0031s
2024-11-20 16:16:40,446 DEBUG loaded <trimesh.Trimesh(vertices.shape=(48, 3), faces.shape=(28, 3))> using `load_obj` in 0.0007s
2024-11-20 16:16:49,403 INFO =====> alpha: 0.01
2024-11-20 16:16:49,403 INFO =====> Loss info: {'particle_has_naninf': False, 'height_map_loss': 13.265007019042969, 'emd_loss': 23.84015464782715, 'total_loss': 23.84015464782715}
2024-11-20 16:16:49,986 INFO ===> New TaichiEnv created.
2024-11-20 16:16:49,986 INFO ===> Specifications: horizon = 311, dt = 0.01, n_substeps = 20, dt_sub = 0.0005
2024-11-20 16:16:50,009 DEBUG loaded <trimesh.Trimesh(vertices.shape=(916, 3), faces.shape=(856, 3))> using `load_obj` in 0.0031s
2024-11-20 16:16:50,156 DEBUG loaded <trimesh.Trimesh(vertices.shape=(48, 3), faces.shape=(28, 3))> using `load_obj` in 0.0007s
2024-11-20 16:16:59,188 INFO =====> alpha: 0.1
2024-11-20 16:16:59,188 INFO =====> Loss info: {'particle_has_naninf': False, 'height_map_loss': 13.270857810974121, 'emd_loss': 24.009275436401367, 'total_loss': 24.009275436401367}
2024-11-20 16:16:59,779 INFO ===> New TaichiEnv created.
2024-11-20 16:16:59,779 INFO ===> Specifications: horizon = 311, dt = 0.01, n_substeps = 20, dt_sub = 0.0005
2024-11-20 16:16:59,802 DEBUG loaded <trimesh.Trimesh(vertices.shape=(916, 3), faces.shape=(856, 3))> using `load_obj` in 0.0030s
2024-11-20 16:16:59,949 DEBUG loaded <trimesh.Trimesh(vertices.shape=(48, 3), faces.shape=(28, 3))> using `load_obj` in 0.0007s
2024-11-20 16:17:09,891 INFO =====> alpha: 0.5
2024-11-20 16:17:09,891 INFO =====> Loss info: {'particle_has_naninf': False, 'height_map_loss': 13.299822807312012, 'emd_loss': 23.59986686706543, 'total_loss': 23.59986686706543}
2024-11-20 16:17:10,471 INFO ===> New TaichiEnv created.
2024-11-20 16:17:10,471 INFO ===> Specifications: horizon = 311, dt = 0.01, n_substeps = 20, dt_sub = 0.0005
2024-11-20 16:17:10,500 DEBUG loaded <trimesh.Trimesh(vertices.shape=(916, 3), faces.shape=(856, 3))> using `load_obj` in 0.0050s
2024-11-20 16:17:10,647 DEBUG loaded <trimesh.Trimesh(vertices.shape=(48, 3), faces.shape=(28, 3))> using `load_obj` in 0.0007s
2024-11-20 16:17:19,594 INFO =====> alpha: 1.0
2024-11-20 16:17:19,594 INFO =====> Loss info: {'particle_has_naninf': False, 'height_map_loss': 13.34384822845459, 'emd_loss': 23.741004943847656, 'total_loss': 23.741004943847656}
2024-11-20 16:17:20,247 INFO ===> New TaichiEnv created.
2024-11-20 16:17:20,247 INFO ===> Specifications: horizon = 311, dt = 0.01, n_substeps = 20, dt_sub = 0.0005
2024-11-20 16:17:20,270 DEBUG loaded <trimesh.Trimesh(vertices.shape=(916, 3), faces.shape=(856, 3))> using `load_obj` in 0.0030s
2024-11-20 16:17:20,417 DEBUG loaded <trimesh.Trimesh(vertices.shape=(48, 3), faces.shape=(28, 3))> using `load_obj` in 0.0007s
2024-11-20 16:17:29,399 INFO =====> alpha: 1.01
2024-11-20 16:17:29,399 INFO =====> Loss info: {'particle_has_naninf': False, 'height_map_loss': 13.342395782470703, 'emd_loss': 23.744951248168945, 'total_loss': 23.744951248168945}
2024-11-20 16:17:29,983 INFO ===> New TaichiEnv created.
2024-11-20 16:17:29,983 INFO ===> Specifications: horizon = 311, dt = 0.01, n_substeps = 20, dt_sub = 0.0005
2024-11-20 16:17:30,006 DEBUG loaded <trimesh.Trimesh(vertices.shape=(916, 3), faces.shape=(856, 3))> using `load_obj` in 0.0029s
2024-11-20 16:17:30,153 DEBUG loaded <trimesh.Trimesh(vertices.shape=(48, 3), faces.shape=(28, 3))> using `load_obj` in 0.0007s
2024-11-20 16:17:40,037 INFO =====> alpha: 1.1
2024-11-20 16:17:40,037 INFO =====> Loss info: {'particle_has_naninf': False, 'height_map_loss': 13.342484474182129, 'emd_loss': 23.521183013916016, 'total_loss': 23.521183013916016}
2024-11-20 16:17:40,614 INFO ===> New TaichiEnv created.
2024-11-20 16:17:40,615 INFO ===> Specifications: horizon = 311, dt = 0.01, n_substeps = 20, dt_sub = 0.0005
2024-11-20 16:17:40,637 DEBUG loaded <trimesh.Trimesh(vertices.shape=(916, 3), faces.shape=(856, 3))> using `load_obj` in 0.0029s
2024-11-20 16:17:40,783 DEBUG loaded <trimesh.Trimesh(vertices.shape=(48, 3), faces.shape=(28, 3))> using `load_obj` in 0.0007s
2024-11-20 16:17:49,702 INFO =====> alpha: 1.5
2024-11-20 16:17:49,702 INFO =====> Loss info: {'particle_has_naninf': False, 'height_map_loss': 13.362302780151367, 'emd_loss': 23.609682083129883, 'total_loss': 23.609682083129883}
2024-11-20 16:17:49,703 INFO =====> Best alpha: 0.01, Best loss info: {'particle_has_naninf': False, 'height_map_loss': 13.265007019042969, 'emd_loss': 23.84015464782715, 'total_loss': 23.84015464782715}
2024-11-20 16:17:49,703 INFO =====> Param: E: [393354.84], nu: [0.19367138], rho: [1304.6576], sand_angle: [16.05255]
2024-11-20 16:17:49,703 INFO =====> Grad: [-1.0327283e-02 -1.3814977e+04 -6.7300278e+01 -3.7821423e+02]
2024-11-20 16:17:49,703 INFO =====> Num. aborted data so far: 0
2024-11-20 16:17:50,286 INFO ===> New TaichiEnv created.
2024-11-20 16:17:50,286 INFO ===> Specifications: horizon = 311, dt = 0.01, n_substeps = 20, dt_sub = 0.0005
2024-11-20 16:17:50,310 DEBUG loaded <trimesh.Trimesh(vertices.shape=(916, 3), faces.shape=(856, 3))> using `load_obj` in 0.0030s
2024-11-20 16:17:50,456 DEBUG loaded <trimesh.Trimesh(vertices.shape=(48, 3), faces.shape=(28, 3))> using `load_obj` in 0.0007s
2024-11-20 16:18:18,328 INFO =====> Epoch: 82
2024-11-20 16:18:18,328 INFO =====> Loss info: {'particle_has_naninf': False, 'height_map_loss': 13.26510238647461, 'emd_loss': 23.829605102539062, 'total_loss': 23.829605102539062}
2024-11-20 16:18:18,328 INFO =====> Performing line search for epoch 82......
2024-11-20 16:18:18,938 INFO ===> New TaichiEnv created.
2024-11-20 16:18:18,938 INFO ===> Specifications: horizon = 311, dt = 0.01, n_substeps = 20, dt_sub = 0.0005
2024-11-20 16:18:18,961 DEBUG loaded <trimesh.Trimesh(vertices.shape=(916, 3), faces.shape=(856, 3))> using `load_obj` in 0.0031s
2024-11-20 16:18:19,108 DEBUG loaded <trimesh.Trimesh(vertices.shape=(48, 3), faces.shape=(28, 3))> using `load_obj` in 0.0007s
2024-11-20 16:18:28,105 INFO =====> alpha: 0.01
2024-11-20 16:18:28,105 INFO =====> Loss info: {'particle_has_naninf': False, 'height_map_loss': 13.267104148864746, 'emd_loss': 23.825239181518555, 'total_loss': 23.825239181518555}
2024-11-20 16:18:28,719 INFO ===> New TaichiEnv created.
2024-11-20 16:18:28,719 INFO ===> Specifications: horizon = 311, dt = 0.01, n_substeps = 20, dt_sub = 0.0005
2024-11-20 16:18:28,743 DEBUG loaded <trimesh.Trimesh(vertices.shape=(916, 3), faces.shape=(856, 3))> using `load_obj` in 0.0031s
2024-11-20 16:18:28,891 DEBUG loaded <trimesh.Trimesh(vertices.shape=(48, 3), faces.shape=(28, 3))> using `load_obj` in 0.0007s
2024-11-20 16:18:38,771 INFO =====> alpha: 0.1
2024-11-20 16:18:38,771 INFO =====> Loss info: {'particle_has_naninf': False, 'height_map_loss': 13.283863067626953, 'emd_loss': 24.035388946533203, 'total_loss': 24.035388946533203}
2024-11-20 16:18:39,354 INFO ===> New TaichiEnv created.
2024-11-20 16:18:39,354 INFO ===> Specifications: horizon = 311, dt = 0.01, n_substeps = 20, dt_sub = 0.0005
2024-11-20 16:18:39,377 DEBUG loaded <trimesh.Trimesh(vertices.shape=(916, 3), faces.shape=(856, 3))> using `load_obj` in 0.0029s
2024-11-20 16:18:39,523 DEBUG loaded <trimesh.Trimesh(vertices.shape=(48, 3), faces.shape=(28, 3))> using `load_obj` in 0.0007s
2024-11-20 16:18:48,566 INFO =====> alpha: 0.5
2024-11-20 16:18:48,566 INFO =====> Loss info: {'particle_has_naninf': False, 'height_map_loss': 13.274413108825684, 'emd_loss': 24.20327377319336, 'total_loss': 24.20327377319336}
2024-11-20 16:18:49,147 INFO ===> New TaichiEnv created.
2024-11-20 16:18:49,147 INFO ===> Specifications: horizon = 311, dt = 0.01, n_substeps = 20, dt_sub = 0.0005
2024-11-20 16:18:49,170 DEBUG loaded <trimesh.Trimesh(vertices.shape=(916, 3), faces.shape=(856, 3))> using `load_obj` in 0.0030s
2024-11-20 16:18:49,317 DEBUG loaded <trimesh.Trimesh(vertices.shape=(48, 3), faces.shape=(28, 3))> using `load_obj` in 0.0007s
2024-11-20 16:18:59,233 INFO =====> alpha: 1.0
2024-11-20 16:18:59,233 INFO =====> Loss info: {'particle_has_naninf': False, 'height_map_loss': 13.334400177001953, 'emd_loss': 23.787853240966797, 'total_loss': 23.787853240966797}
2024-11-20 16:18:59,816 INFO ===> New TaichiEnv created.
2024-11-20 16:18:59,817 INFO ===> Specifications: horizon = 311, dt = 0.01, n_substeps = 20, dt_sub = 0.0005
2024-11-20 16:18:59,840 DEBUG loaded <trimesh.Trimesh(vertices.shape=(916, 3), faces.shape=(856, 3))> using `load_obj` in 0.0029s
2024-11-20 16:18:59,986 DEBUG loaded <trimesh.Trimesh(vertices.shape=(48, 3), faces.shape=(28, 3))> using `load_obj` in 0.0007s
2024-11-20 16:19:08,912 INFO =====> alpha: 1.01
2024-11-20 16:19:08,912 INFO =====> Loss info: {'particle_has_naninf': False, 'height_map_loss': 13.342507362365723, 'emd_loss': 23.77723503112793, 'total_loss': 23.77723503112793}
2024-11-20 16:19:09,496 INFO ===> New TaichiEnv created.
2024-11-20 16:19:09,496 INFO ===> Specifications: horizon = 311, dt = 0.01, n_substeps = 20, dt_sub = 0.0005
2024-11-20 16:19:09,519 DEBUG loaded <trimesh.Trimesh(vertices.shape=(916, 3), faces.shape=(856, 3))> using `load_obj` in 0.0030s
2024-11-20 16:19:09,665 DEBUG loaded <trimesh.Trimesh(vertices.shape=(48, 3), faces.shape=(28, 3))> using `load_obj` in 0.0007s
2024-11-20 16:19:18,709 INFO =====> alpha: 1.1
2024-11-20 16:19:18,709 INFO =====> Loss info: {'particle_has_naninf': False, 'height_map_loss': 13.355094909667969, 'emd_loss': 23.68557357788086, 'total_loss': 23.68557357788086}
2024-11-20 16:19:19,297 INFO ===> New TaichiEnv created.
2024-11-20 16:19:19,297 INFO ===> Specifications: horizon = 311, dt = 0.01, n_substeps = 20, dt_sub = 0.0005
2024-11-20 16:19:19,321 DEBUG loaded <trimesh.Trimesh(vertices.shape=(916, 3), faces.shape=(856, 3))> using `load_obj` in 0.0030s
2024-11-20 16:19:19,471 DEBUG loaded <trimesh.Trimesh(vertices.shape=(48, 3), faces.shape=(28, 3))> using `load_obj` in 0.0007s
2024-11-20 16:19:29,427 INFO =====> alpha: 1.5
2024-11-20 16:19:29,428 INFO =====> Loss info: {'particle_has_naninf': False, 'height_map_loss': 13.411554336547852, 'emd_loss': 23.685762405395508, 'total_loss': 23.685762405395508}
2024-11-20 16:19:29,428 INFO =====> Best alpha: 0.01, Best loss info: {'particle_has_naninf': False, 'height_map_loss': 13.267104148864746, 'emd_loss': 23.825239181518555, 'total_loss': 23.825239181518555}
2024-11-20 16:19:29,428 INFO =====> Param: E: [393212.94], nu: [0.19358195], rho: [1303.9368], sand_angle: [16.039703]
2024-11-20 16:19:29,428 INFO =====> Grad: [9.6459743e-03 1.4776608e+04 6.1108574e+01 6.3084790e+02]
2024-11-20 16:19:29,428 INFO =====> Num. aborted data so far: 0
2024-11-20 16:19:30,036 INFO ===> New TaichiEnv created.
2024-11-20 16:19:30,036 INFO ===> Specifications: horizon = 311, dt = 0.01, n_substeps = 20, dt_sub = 0.0005
2024-11-20 16:19:30,060 DEBUG loaded <trimesh.Trimesh(vertices.shape=(916, 3), faces.shape=(856, 3))> using `load_obj` in 0.0031s
2024-11-20 16:19:30,206 DEBUG loaded <trimesh.Trimesh(vertices.shape=(48, 3), faces.shape=(28, 3))> using `load_obj` in 0.0007s
2024-11-20 16:19:57,328 INFO =====> Epoch: 83
2024-11-20 16:19:57,328 INFO =====> Loss info: {'particle_has_naninf': False, 'height_map_loss': 13.265759468078613, 'emd_loss': 23.837377548217773, 'total_loss': 23.837377548217773}
2024-11-20 16:19:57,328 INFO =====> Performing line search for epoch 83......
2024-11-20 16:19:57,930 INFO ===> New TaichiEnv created.
2024-11-20 16:19:57,930 INFO ===> Specifications: horizon = 311, dt = 0.01, n_substeps = 20, dt_sub = 0.0005
2024-11-20 16:19:57,954 DEBUG loaded <trimesh.Trimesh(vertices.shape=(916, 3), faces.shape=(856, 3))> using `load_obj` in 0.0031s
2024-11-20 16:19:58,102 DEBUG loaded <trimesh.Trimesh(vertices.shape=(48, 3), faces.shape=(28, 3))> using `load_obj` in 0.0007s
2024-11-20 16:20:07,948 INFO =====> alpha: 0.01
2024-11-20 16:20:07,948 INFO =====> Loss info: {'particle_has_naninf': False, 'height_map_loss': 13.26799201965332, 'emd_loss': 23.8322696685791, 'total_loss': 23.8322696685791}
2024-11-20 16:20:08,526 INFO ===> New TaichiEnv created.
2024-11-20 16:20:08,526 INFO ===> Specifications: horizon = 311, dt = 0.01, n_substeps = 20, dt_sub = 0.0005
2024-11-20 16:20:08,549 DEBUG loaded <trimesh.Trimesh(vertices.shape=(916, 3), faces.shape=(856, 3))> using `load_obj` in 0.0030s
2024-11-20 16:20:08,697 DEBUG loaded <trimesh.Trimesh(vertices.shape=(48, 3), faces.shape=(28, 3))> using `load_obj` in 0.0007s
2024-11-20 16:20:17,713 INFO =====> alpha: 0.1
2024-11-20 16:20:17,714 INFO =====> Loss info: {'particle_has_naninf': False, 'height_map_loss': 13.291595458984375, 'emd_loss': 23.949865341186523, 'total_loss': 23.949865341186523}
2024-11-20 16:20:18,293 INFO ===> New TaichiEnv created.
2024-11-20 16:20:18,294 INFO ===> Specifications: horizon = 311, dt = 0.01, n_substeps = 20, dt_sub = 0.0005
2024-11-20 16:20:18,317 DEBUG loaded <trimesh.Trimesh(vertices.shape=(916, 3), faces.shape=(856, 3))> using `load_obj` in 0.0031s
2024-11-20 16:20:18,464 DEBUG loaded <trimesh.Trimesh(vertices.shape=(48, 3), faces.shape=(28, 3))> using `load_obj` in 0.0007s
2024-11-20 16:20:28,284 INFO =====> alpha: 0.5
2024-11-20 16:20:28,284 INFO =====> Loss info: {'particle_has_naninf': False, 'height_map_loss': 13.363204956054688, 'emd_loss': 24.245372772216797, 'total_loss': 24.245372772216797}
2024-11-20 16:20:28,862 INFO ===> New TaichiEnv created.
2024-11-20 16:20:28,862 INFO ===> Specifications: horizon = 311, dt = 0.01, n_substeps = 20, dt_sub = 0.0005
2024-11-20 16:20:28,885 DEBUG loaded <trimesh.Trimesh(vertices.shape=(916, 3), faces.shape=(856, 3))> using `load_obj` in 0.0029s
2024-11-20 16:20:29,031 DEBUG loaded <trimesh.Trimesh(vertices.shape=(48, 3), faces.shape=(28, 3))> using `load_obj` in 0.0007s
2024-11-20 16:20:38,021 INFO =====> alpha: 1.0
2024-11-20 16:20:38,021 INFO =====> Loss info: {'particle_has_naninf': False, 'height_map_loss': 13.420738220214844, 'emd_loss': 23.849849700927734, 'total_loss': 23.849849700927734}
2024-11-20 16:20:38,608 INFO ===> New TaichiEnv created.
2024-11-20 16:20:38,608 INFO ===> Specifications: horizon = 311, dt = 0.01, n_substeps = 20, dt_sub = 0.0005
2024-11-20 16:20:38,632 DEBUG loaded <trimesh.Trimesh(vertices.shape=(916, 3), faces.shape=(856, 3))> using `load_obj` in 0.0031s
2024-11-20 16:20:38,780 DEBUG loaded <trimesh.Trimesh(vertices.shape=(48, 3), faces.shape=(28, 3))> using `load_obj` in 0.0007s
2024-11-20 16:20:47,835 INFO =====> alpha: 1.01
2024-11-20 16:20:47,835 INFO =====> Loss info: {'particle_has_naninf': False, 'height_map_loss': 13.455669403076172, 'emd_loss': 23.8536434173584, 'total_loss': 23.8536434173584}
2024-11-20 16:20:48,474 INFO ===> New TaichiEnv created.
2024-11-20 16:20:48,475 INFO ===> Specifications: horizon = 311, dt = 0.01, n_substeps = 20, dt_sub = 0.0005
2024-11-20 16:20:48,498 DEBUG loaded <trimesh.Trimesh(vertices.shape=(916, 3), faces.shape=(856, 3))> using `load_obj` in 0.0030s
2024-11-20 16:20:48,645 DEBUG loaded <trimesh.Trimesh(vertices.shape=(48, 3), faces.shape=(28, 3))> using `load_obj` in 0.0007s
2024-11-20 16:20:58,516 INFO =====> alpha: 1.1
2024-11-20 16:20:58,516 INFO =====> Loss info: {'particle_has_naninf': False, 'height_map_loss': 13.461752891540527, 'emd_loss': 23.78925132751465, 'total_loss': 23.78925132751465}
2024-11-20 16:20:59,106 INFO ===> New TaichiEnv created.
2024-11-20 16:20:59,106 INFO ===> Specifications: horizon = 311, dt = 0.01, n_substeps = 20, dt_sub = 0.0005
2024-11-20 16:20:59,130 DEBUG loaded <trimesh.Trimesh(vertices.shape=(916, 3), faces.shape=(856, 3))> using `load_obj` in 0.0029s
2024-11-20 16:20:59,276 DEBUG loaded <trimesh.Trimesh(vertices.shape=(48, 3), faces.shape=(28, 3))> using `load_obj` in 0.0007s
2024-11-20 16:21:08,265 INFO =====> alpha: 1.5
2024-11-20 16:21:08,265 INFO =====> Loss info: {'particle_has_naninf': False, 'height_map_loss': 13.636048316955566, 'emd_loss': 23.956100463867188, 'total_loss': 23.956100463867188}
2024-11-20 16:21:08,265 INFO =====> Best alpha: 0.01, Best loss info: {'particle_has_naninf': False, 'height_map_loss': 13.26799201965332, 'emd_loss': 23.8322696685791, 'total_loss': 23.8322696685791}
2024-11-20 16:21:08,266 INFO =====> Param: E: [393016.34], nu: [0.19347768], rho: [1304.1572], sand_angle: [16.022465]
2024-11-20 16:21:08,266 INFO =====> Grad: [ 1.3338226e-02  1.7314105e+04 -1.7911182e+01  9.5796143e+02]
2024-11-20 16:21:08,266 INFO =====> Num. aborted data so far: 0
2024-11-20 16:21:08,860 INFO ===> New TaichiEnv created.
2024-11-20 16:21:08,860 INFO ===> Specifications: horizon = 311, dt = 0.01, n_substeps = 20, dt_sub = 0.0005
2024-11-20 16:21:08,884 DEBUG loaded <trimesh.Trimesh(vertices.shape=(916, 3), faces.shape=(856, 3))> using `load_obj` in 0.0031s
2024-11-20 16:21:09,029 DEBUG loaded <trimesh.Trimesh(vertices.shape=(48, 3), faces.shape=(28, 3))> using `load_obj` in 0.0007s
2024-11-20 16:21:36,956 INFO =====> Epoch: 84
2024-11-20 16:21:36,956 INFO =====> Loss info: {'particle_has_naninf': False, 'height_map_loss': 13.268148422241211, 'emd_loss': 23.837791442871094, 'total_loss': 23.837791442871094}
2024-11-20 16:21:36,956 INFO =====> Performing line search for epoch 84......
2024-11-20 16:21:37,567 INFO ===> New TaichiEnv created.
2024-11-20 16:21:37,567 INFO ===> Specifications: horizon = 311, dt = 0.01, n_substeps = 20, dt_sub = 0.0005
2024-11-20 16:21:37,594 DEBUG loaded <trimesh.Trimesh(vertices.shape=(916, 3), faces.shape=(856, 3))> using `load_obj` in 0.0030s
2024-11-20 16:21:37,743 DEBUG loaded <trimesh.Trimesh(vertices.shape=(48, 3), faces.shape=(28, 3))> using `load_obj` in 0.0007s
2024-11-20 16:21:46,736 INFO =====> alpha: 0.01
2024-11-20 16:21:46,736 INFO =====> Loss info: {'particle_has_naninf': False, 'height_map_loss': 13.266996383666992, 'emd_loss': 23.853900909423828, 'total_loss': 23.853900909423828}
2024-11-20 16:21:47,329 INFO ===> New TaichiEnv created.
2024-11-20 16:21:47,329 INFO ===> Specifications: horizon = 311, dt = 0.01, n_substeps = 20, dt_sub = 0.0005
2024-11-20 16:21:47,353 DEBUG loaded <trimesh.Trimesh(vertices.shape=(916, 3), faces.shape=(856, 3))> using `load_obj` in 0.0030s
2024-11-20 16:21:47,500 DEBUG loaded <trimesh.Trimesh(vertices.shape=(48, 3), faces.shape=(28, 3))> using `load_obj` in 0.0007s
2024-11-20 16:21:57,441 INFO =====> alpha: 0.1
2024-11-20 16:21:57,441 INFO =====> Loss info: {'particle_has_naninf': False, 'height_map_loss': 13.28809928894043, 'emd_loss': 23.814556121826172, 'total_loss': 23.814556121826172}
2024-11-20 16:21:58,034 INFO ===> New TaichiEnv created.
2024-11-20 16:21:58,034 INFO ===> Specifications: horizon = 311, dt = 0.01, n_substeps = 20, dt_sub = 0.0005
2024-11-20 16:21:58,058 DEBUG loaded <trimesh.Trimesh(vertices.shape=(916, 3), faces.shape=(856, 3))> using `load_obj` in 0.0030s
2024-11-20 16:21:58,208 DEBUG loaded <trimesh.Trimesh(vertices.shape=(48, 3), faces.shape=(28, 3))> using `load_obj` in 0.0007s
2024-11-20 16:22:07,229 INFO =====> alpha: 0.5
2024-11-20 16:22:07,229 INFO =====> Loss info: {'particle_has_naninf': False, 'height_map_loss': 13.28729248046875, 'emd_loss': 24.17926025390625, 'total_loss': 24.17926025390625}
2024-11-20 16:22:07,808 INFO ===> New TaichiEnv created.
2024-11-20 16:22:07,808 INFO ===> Specifications: horizon = 311, dt = 0.01, n_substeps = 20, dt_sub = 0.0005
2024-11-20 16:22:07,837 DEBUG loaded <trimesh.Trimesh(vertices.shape=(916, 3), faces.shape=(856, 3))> using `load_obj` in 0.0030s
2024-11-20 16:22:07,985 DEBUG loaded <trimesh.Trimesh(vertices.shape=(48, 3), faces.shape=(28, 3))> using `load_obj` in 0.0007s
2024-11-20 16:22:17,029 INFO =====> alpha: 1.0
2024-11-20 16:22:17,029 INFO =====> Loss info: {'particle_has_naninf': False, 'height_map_loss': 13.333962440490723, 'emd_loss': 24.202993392944336, 'total_loss': 24.202993392944336}
2024-11-20 16:22:17,610 INFO ===> New TaichiEnv created.
2024-11-20 16:22:17,610 INFO ===> Specifications: horizon = 311, dt = 0.01, n_substeps = 20, dt_sub = 0.0005
2024-11-20 16:22:17,634 DEBUG loaded <trimesh.Trimesh(vertices.shape=(916, 3), faces.shape=(856, 3))> using `load_obj` in 0.0029s
2024-11-20 16:22:17,782 DEBUG loaded <trimesh.Trimesh(vertices.shape=(48, 3), faces.shape=(28, 3))> using `load_obj` in 0.0007s
2024-11-20 16:22:27,645 INFO =====> alpha: 1.01
2024-11-20 16:22:27,645 INFO =====> Loss info: {'particle_has_naninf': False, 'height_map_loss': 13.335081100463867, 'emd_loss': 24.201400756835938, 'total_loss': 24.201400756835938}
2024-11-20 16:22:28,232 INFO ===> New TaichiEnv created.
2024-11-20 16:22:28,232 INFO ===> Specifications: horizon = 311, dt = 0.01, n_substeps = 20, dt_sub = 0.0005
2024-11-20 16:22:28,255 DEBUG loaded <trimesh.Trimesh(vertices.shape=(916, 3), faces.shape=(856, 3))> using `load_obj` in 0.0030s
2024-11-20 16:22:28,402 DEBUG loaded <trimesh.Trimesh(vertices.shape=(48, 3), faces.shape=(28, 3))> using `load_obj` in 0.0007s
2024-11-20 16:22:37,390 INFO =====> alpha: 1.1
2024-11-20 16:22:37,390 INFO =====> Loss info: {'particle_has_naninf': False, 'height_map_loss': 13.352666854858398, 'emd_loss': 24.17792320251465, 'total_loss': 24.17792320251465}
2024-11-20 16:22:37,970 INFO ===> New TaichiEnv created.
2024-11-20 16:22:37,970 INFO ===> Specifications: horizon = 311, dt = 0.01, n_substeps = 20, dt_sub = 0.0005
2024-11-20 16:22:37,994 DEBUG loaded <trimesh.Trimesh(vertices.shape=(916, 3), faces.shape=(856, 3))> using `load_obj` in 0.0030s
2024-11-20 16:22:38,141 DEBUG loaded <trimesh.Trimesh(vertices.shape=(48, 3), faces.shape=(28, 3))> using `load_obj` in 0.0007s
2024-11-20 16:22:47,956 INFO =====> alpha: 1.5
2024-11-20 16:22:47,956 INFO =====> Loss info: {'particle_has_naninf': False, 'height_map_loss': 13.321556091308594, 'emd_loss': 23.794883728027344, 'total_loss': 23.794883728027344}
2024-11-20 16:22:47,957 INFO =====> Best alpha: 0.01, Best loss info: {'particle_has_naninf': False, 'height_map_loss': 13.266996383666992, 'emd_loss': 23.853900909423828, 'total_loss': 23.853900909423828}
2024-11-20 16:22:47,957 INFO =====> Param: E: [393090.9], nu: [0.19352739], rho: [1304.4124], sand_angle: [16.013964]
2024-11-20 16:22:47,957 INFO =====> Grad: [-4.8328680e-03 -7.9294312e+03 -1.9923824e+01  4.6531470e+02]
2024-11-20 16:22:47,957 INFO =====> Num. aborted data so far: 0
2024-11-20 16:22:48,534 INFO ===> New TaichiEnv created.
2024-11-20 16:22:48,535 INFO ===> Specifications: horizon = 311, dt = 0.01, n_substeps = 20, dt_sub = 0.0005
2024-11-20 16:22:48,558 DEBUG loaded <trimesh.Trimesh(vertices.shape=(916, 3), faces.shape=(856, 3))> using `load_obj` in 0.0028s
2024-11-20 16:22:48,705 DEBUG loaded <trimesh.Trimesh(vertices.shape=(48, 3), faces.shape=(28, 3))> using `load_obj` in 0.0007s
2024-11-20 16:23:15,723 INFO =====> Epoch: 85
2024-11-20 16:23:15,723 INFO =====> Loss info: {'particle_has_naninf': False, 'height_map_loss': 13.266827583312988, 'emd_loss': 23.846981048583984, 'total_loss': 23.846981048583984}
2024-11-20 16:23:15,723 INFO =====> Performing line search for epoch 85......
2024-11-20 16:23:16,335 INFO ===> New TaichiEnv created.
2024-11-20 16:23:16,335 INFO ===> Specifications: horizon = 311, dt = 0.01, n_substeps = 20, dt_sub = 0.0005
2024-11-20 16:23:16,359 DEBUG loaded <trimesh.Trimesh(vertices.shape=(916, 3), faces.shape=(856, 3))> using `load_obj` in 0.0031s
2024-11-20 16:23:16,511 DEBUG loaded <trimesh.Trimesh(vertices.shape=(48, 3), faces.shape=(28, 3))> using `load_obj` in 0.0007s
2024-11-20 16:23:26,405 INFO =====> alpha: 0.01
2024-11-20 16:23:26,405 INFO =====> Loss info: {'particle_has_naninf': False, 'height_map_loss': 13.267524719238281, 'emd_loss': 23.841896057128906, 'total_loss': 23.841896057128906}
2024-11-20 16:23:26,986 INFO ===> New TaichiEnv created.
2024-11-20 16:23:26,986 INFO ===> Specifications: horizon = 311, dt = 0.01, n_substeps = 20, dt_sub = 0.0005
2024-11-20 16:23:27,010 DEBUG loaded <trimesh.Trimesh(vertices.shape=(916, 3), faces.shape=(856, 3))> using `load_obj` in 0.0031s
2024-11-20 16:23:27,158 DEBUG loaded <trimesh.Trimesh(vertices.shape=(48, 3), faces.shape=(28, 3))> using `load_obj` in 0.0007s
2024-11-20 16:23:36,141 INFO =====> alpha: 0.1
2024-11-20 16:23:36,141 INFO =====> Loss info: {'particle_has_naninf': False, 'height_map_loss': 13.27184772491455, 'emd_loss': 23.65089225769043, 'total_loss': 23.65089225769043}
2024-11-20 16:23:36,720 INFO ===> New TaichiEnv created.
2024-11-20 16:23:36,721 INFO ===> Specifications: horizon = 311, dt = 0.01, n_substeps = 20, dt_sub = 0.0005
2024-11-20 16:23:36,744 DEBUG loaded <trimesh.Trimesh(vertices.shape=(916, 3), faces.shape=(856, 3))> using `load_obj` in 0.0030s
2024-11-20 16:23:36,891 DEBUG loaded <trimesh.Trimesh(vertices.shape=(48, 3), faces.shape=(28, 3))> using `load_obj` in 0.0007s
2024-11-20 16:23:45,902 INFO =====> alpha: 0.5
2024-11-20 16:23:45,902 INFO =====> Loss info: {'particle_has_naninf': False, 'height_map_loss': 13.339107513427734, 'emd_loss': 23.50189781188965, 'total_loss': 23.50189781188965}
2024-11-20 16:23:46,487 INFO ===> New TaichiEnv created.
2024-11-20 16:23:46,487 INFO ===> Specifications: horizon = 311, dt = 0.01, n_substeps = 20, dt_sub = 0.0005
2024-11-20 16:23:46,510 DEBUG loaded <trimesh.Trimesh(vertices.shape=(916, 3), faces.shape=(856, 3))> using `load_obj` in 0.0029s
2024-11-20 16:23:46,659 DEBUG loaded <trimesh.Trimesh(vertices.shape=(48, 3), faces.shape=(28, 3))> using `load_obj` in 0.0007s
2024-11-20 16:23:56,481 INFO =====> alpha: 1.0
2024-11-20 16:23:56,481 INFO =====> Loss info: {'particle_has_naninf': False, 'height_map_loss': 13.438277244567871, 'emd_loss': 23.513757705688477, 'total_loss': 23.513757705688477}
2024-11-20 16:23:57,061 INFO ===> New TaichiEnv created.
2024-11-20 16:23:57,061 INFO ===> Specifications: horizon = 311, dt = 0.01, n_substeps = 20, dt_sub = 0.0005
2024-11-20 16:23:57,084 DEBUG loaded <trimesh.Trimesh(vertices.shape=(916, 3), faces.shape=(856, 3))> using `load_obj` in 0.0029s
2024-11-20 16:23:57,231 DEBUG loaded <trimesh.Trimesh(vertices.shape=(48, 3), faces.shape=(28, 3))> using `load_obj` in 0.0007s
2024-11-20 16:24:06,160 INFO =====> alpha: 1.01
2024-11-20 16:24:06,160 INFO =====> Loss info: {'particle_has_naninf': False, 'height_map_loss': 13.446660041809082, 'emd_loss': 23.511579513549805, 'total_loss': 23.511579513549805}
2024-11-20 16:24:06,747 INFO ===> New TaichiEnv created.
2024-11-20 16:24:06,747 INFO ===> Specifications: horizon = 311, dt = 0.01, n_substeps = 20, dt_sub = 0.0005
2024-11-20 16:24:06,771 DEBUG loaded <trimesh.Trimesh(vertices.shape=(916, 3), faces.shape=(856, 3))> using `load_obj` in 0.0030s
2024-11-20 16:24:06,916 DEBUG loaded <trimesh.Trimesh(vertices.shape=(48, 3), faces.shape=(28, 3))> using `load_obj` in 0.0007s
2024-11-20 16:24:16,789 INFO =====> alpha: 1.1
2024-11-20 16:24:16,789 INFO =====> Loss info: {'particle_has_naninf': False, 'height_map_loss': 13.441198348999023, 'emd_loss': 23.558874130249023, 'total_loss': 23.558874130249023}
2024-11-20 16:24:17,369 INFO ===> New TaichiEnv created.
2024-11-20 16:24:17,369 INFO ===> Specifications: horizon = 311, dt = 0.01, n_substeps = 20, dt_sub = 0.0005
2024-11-20 16:24:17,392 DEBUG loaded <trimesh.Trimesh(vertices.shape=(916, 3), faces.shape=(856, 3))> using `load_obj` in 0.0029s
2024-11-20 16:24:17,538 DEBUG loaded <trimesh.Trimesh(vertices.shape=(48, 3), faces.shape=(28, 3))> using `load_obj` in 0.0007s
2024-11-20 16:24:26,443 INFO =====> alpha: 1.5
2024-11-20 16:24:26,443 INFO =====> Loss info: {'particle_has_naninf': False, 'height_map_loss': 13.460329055786133, 'emd_loss': 23.475141525268555, 'total_loss': 23.475141525268555}
2024-11-20 16:24:26,444 INFO =====> Best alpha: 0.01, Best loss info: {'particle_has_naninf': False, 'height_map_loss': 13.267524719238281, 'emd_loss': 23.841896057128906, 'total_loss': 23.841896057128906}
2024-11-20 16:24:26,444 INFO =====> Param: E: [393399.5], nu: [0.19367462], rho: [1305.0393], sand_angle: [16.031805]
2024-11-20 16:24:26,444 INFO =====> Grad: [-2.1740597e-02 -2.5176572e+04 -5.0589672e+01 -1.1220814e+03]
2024-11-20 16:24:26,444 INFO =====> Num. aborted data so far: 0
2024-11-20 16:24:27,064 INFO ===> New TaichiEnv created.
2024-11-20 16:24:27,064 INFO ===> Specifications: horizon = 311, dt = 0.01, n_substeps = 20, dt_sub = 0.0005
2024-11-20 16:24:27,087 DEBUG loaded <trimesh.Trimesh(vertices.shape=(916, 3), faces.shape=(856, 3))> using `load_obj` in 0.0030s
2024-11-20 16:24:27,234 DEBUG loaded <trimesh.Trimesh(vertices.shape=(48, 3), faces.shape=(28, 3))> using `load_obj` in 0.0007s
2024-11-20 16:24:55,132 INFO =====> Epoch: 86
2024-11-20 16:24:55,132 INFO =====> Loss info: {'particle_has_naninf': False, 'height_map_loss': 13.267354011535645, 'emd_loss': 23.83637046813965, 'total_loss': 23.83637046813965}
2024-11-20 16:24:55,132 INFO =====> Performing line search for epoch 86......
2024-11-20 16:24:55,737 INFO ===> New TaichiEnv created.
2024-11-20 16:24:55,737 INFO ===> Specifications: horizon = 311, dt = 0.01, n_substeps = 20, dt_sub = 0.0005
2024-11-20 16:24:55,760 DEBUG loaded <trimesh.Trimesh(vertices.shape=(916, 3), faces.shape=(856, 3))> using `load_obj` in 0.0030s
2024-11-20 16:24:55,907 DEBUG loaded <trimesh.Trimesh(vertices.shape=(48, 3), faces.shape=(28, 3))> using `load_obj` in 0.0007s
2024-11-20 16:25:04,930 INFO =====> alpha: 0.01
2024-11-20 16:25:04,930 INFO =====> Loss info: {'particle_has_naninf': False, 'height_map_loss': 13.26671028137207, 'emd_loss': 23.840232849121094, 'total_loss': 23.840232849121094}
2024-11-20 16:25:05,539 INFO ===> New TaichiEnv created.
2024-11-20 16:25:05,539 INFO ===> Specifications: horizon = 311, dt = 0.01, n_substeps = 20, dt_sub = 0.0005
2024-11-20 16:25:05,563 DEBUG loaded <trimesh.Trimesh(vertices.shape=(916, 3), faces.shape=(856, 3))> using `load_obj` in 0.0032s
2024-11-20 16:25:05,710 DEBUG loaded <trimesh.Trimesh(vertices.shape=(48, 3), faces.shape=(28, 3))> using `load_obj` in 0.0007s
2024-11-20 16:25:14,790 INFO =====> alpha: 0.1
2024-11-20 16:25:14,790 INFO =====> Loss info: {'particle_has_naninf': False, 'height_map_loss': 13.257551193237305, 'emd_loss': 23.98341178894043, 'total_loss': 23.98341178894043}
2024-11-20 16:25:15,373 INFO ===> New TaichiEnv created.
2024-11-20 16:25:15,373 INFO ===> Specifications: horizon = 311, dt = 0.01, n_substeps = 20, dt_sub = 0.0005
2024-11-20 16:25:15,397 DEBUG loaded <trimesh.Trimesh(vertices.shape=(916, 3), faces.shape=(856, 3))> using `load_obj` in 0.0030s
2024-11-20 16:25:15,545 DEBUG loaded <trimesh.Trimesh(vertices.shape=(48, 3), faces.shape=(28, 3))> using `load_obj` in 0.0007s
2024-11-20 16:25:25,497 INFO =====> alpha: 0.5
2024-11-20 16:25:25,497 INFO =====> Loss info: {'particle_has_naninf': False, 'height_map_loss': 13.246137619018555, 'emd_loss': 23.62246322631836, 'total_loss': 23.62246322631836}
2024-11-20 16:25:26,089 INFO ===> New TaichiEnv created.
2024-11-20 16:25:26,090 INFO ===> Specifications: horizon = 311, dt = 0.01, n_substeps = 20, dt_sub = 0.0005
2024-11-20 16:25:26,113 DEBUG loaded <trimesh.Trimesh(vertices.shape=(916, 3), faces.shape=(856, 3))> using `load_obj` in 0.0030s
2024-11-20 16:25:26,260 DEBUG loaded <trimesh.Trimesh(vertices.shape=(48, 3), faces.shape=(28, 3))> using `load_obj` in 0.0007s
2024-11-20 16:25:35,234 INFO =====> alpha: 1.0
2024-11-20 16:25:35,234 INFO =====> Loss info: {'particle_has_naninf': False, 'height_map_loss': 13.26043701171875, 'emd_loss': 23.460481643676758, 'total_loss': 23.460481643676758}
2024-11-20 16:25:35,835 INFO ===> New TaichiEnv created.
2024-11-20 16:25:35,835 INFO ===> Specifications: horizon = 311, dt = 0.01, n_substeps = 20, dt_sub = 0.0005
2024-11-20 16:25:35,858 DEBUG loaded <trimesh.Trimesh(vertices.shape=(916, 3), faces.shape=(856, 3))> using `load_obj` in 0.0031s
2024-11-20 16:25:36,006 DEBUG loaded <trimesh.Trimesh(vertices.shape=(48, 3), faces.shape=(28, 3))> using `load_obj` in 0.0007s
2024-11-20 16:25:45,815 INFO =====> alpha: 1.01
2024-11-20 16:25:45,815 INFO =====> Loss info: {'particle_has_naninf': False, 'height_map_loss': 13.267889022827148, 'emd_loss': 23.450363159179688, 'total_loss': 23.450363159179688}
2024-11-20 16:25:46,389 INFO ===> New TaichiEnv created.
2024-11-20 16:25:46,389 INFO ===> Specifications: horizon = 311, dt = 0.01, n_substeps = 20, dt_sub = 0.0005
2024-11-20 16:25:46,412 DEBUG loaded <trimesh.Trimesh(vertices.shape=(916, 3), faces.shape=(856, 3))> using `load_obj` in 0.0028s
2024-11-20 16:25:46,557 DEBUG loaded <trimesh.Trimesh(vertices.shape=(48, 3), faces.shape=(28, 3))> using `load_obj` in 0.0007s
2024-11-20 16:25:55,547 INFO =====> alpha: 1.1
2024-11-20 16:25:55,547 INFO =====> Loss info: {'particle_has_naninf': False, 'height_map_loss': 13.269001007080078, 'emd_loss': 23.456098556518555, 'total_loss': 23.456098556518555}
2024-11-20 16:25:56,125 INFO ===> New TaichiEnv created.
2024-11-20 16:25:56,125 INFO ===> Specifications: horizon = 311, dt = 0.01, n_substeps = 20, dt_sub = 0.0005
2024-11-20 16:25:56,149 DEBUG loaded <trimesh.Trimesh(vertices.shape=(916, 3), faces.shape=(856, 3))> using `load_obj` in 0.0030s
2024-11-20 16:25:56,295 DEBUG loaded <trimesh.Trimesh(vertices.shape=(48, 3), faces.shape=(28, 3))> using `load_obj` in 0.0007s
2024-11-20 16:26:05,249 INFO =====> alpha: 1.5
2024-11-20 16:26:05,249 INFO =====> Loss info: {'particle_has_naninf': False, 'height_map_loss': 13.23625659942627, 'emd_loss': 23.415512084960938, 'total_loss': 23.415512084960938}
2024-11-20 16:26:05,250 INFO =====> Best alpha: 1.5, Best loss info: {'particle_has_naninf': False, 'height_map_loss': 13.23625659942627, 'emd_loss': 23.415512084960938, 'total_loss': 23.415512084960938}
2024-11-20 16:26:05,250 INFO =====> Param: E: [453976.], nu: [0.22096252], rho: [1269.381], sand_angle: [16.499695]
2024-11-20 16:26:05,250 INFO =====> Grad: [-3.5070725e-02 -3.6077480e+04  1.8406113e+01 -1.8702533e+02]
2024-11-20 16:26:05,250 INFO =====> Num. aborted data so far: 0
2024-11-20 16:26:05,839 INFO ===> New TaichiEnv created.
2024-11-20 16:26:05,839 INFO ===> Specifications: horizon = 311, dt = 0.01, n_substeps = 20, dt_sub = 0.0005
2024-11-20 16:26:05,863 DEBUG loaded <trimesh.Trimesh(vertices.shape=(916, 3), faces.shape=(856, 3))> using `load_obj` in 0.0030s
2024-11-20 16:26:06,012 DEBUG loaded <trimesh.Trimesh(vertices.shape=(48, 3), faces.shape=(28, 3))> using `load_obj` in 0.0007s
2024-11-20 16:26:33,875 INFO =====> Epoch: 87
2024-11-20 16:26:33,875 INFO =====> Loss info: {'particle_has_naninf': False, 'height_map_loss': 13.235736846923828, 'emd_loss': 23.434568405151367, 'total_loss': 23.434568405151367}
2024-11-20 16:26:33,875 INFO =====> Performing line search for epoch 87......
2024-11-20 16:26:34,487 INFO ===> New TaichiEnv created.
2024-11-20 16:26:34,488 INFO ===> Specifications: horizon = 311, dt = 0.01, n_substeps = 20, dt_sub = 0.0005
2024-11-20 16:26:34,514 DEBUG loaded <trimesh.Trimesh(vertices.shape=(916, 3), faces.shape=(856, 3))> using `load_obj` in 0.0030s
2024-11-20 16:26:34,663 DEBUG loaded <trimesh.Trimesh(vertices.shape=(48, 3), faces.shape=(28, 3))> using `load_obj` in 0.0007s
2024-11-20 16:26:43,655 INFO =====> alpha: 0.01
2024-11-20 16:26:43,655 INFO =====> Loss info: {'particle_has_naninf': False, 'height_map_loss': 13.235215187072754, 'emd_loss': 23.4193058013916, 'total_loss': 23.4193058013916}
2024-11-20 16:26:44,235 INFO ===> New TaichiEnv created.
2024-11-20 16:26:44,235 INFO ===> Specifications: horizon = 311, dt = 0.01, n_substeps = 20, dt_sub = 0.0005
2024-11-20 16:26:44,259 DEBUG loaded <trimesh.Trimesh(vertices.shape=(916, 3), faces.shape=(856, 3))> using `load_obj` in 0.0032s
2024-11-20 16:26:44,407 DEBUG loaded <trimesh.Trimesh(vertices.shape=(48, 3), faces.shape=(28, 3))> using `load_obj` in 0.0007s
2024-11-20 16:26:54,282 INFO =====> alpha: 0.1
2024-11-20 16:26:54,282 INFO =====> Loss info: {'particle_has_naninf': False, 'height_map_loss': 13.231535911560059, 'emd_loss': 23.404176712036133, 'total_loss': 23.404176712036133}
2024-11-20 16:26:54,861 INFO ===> New TaichiEnv created.
2024-11-20 16:26:54,862 INFO ===> Specifications: horizon = 311, dt = 0.01, n_substeps = 20, dt_sub = 0.0005
2024-11-20 16:26:54,885 DEBUG loaded <trimesh.Trimesh(vertices.shape=(916, 3), faces.shape=(856, 3))> using `load_obj` in 0.0029s
2024-11-20 16:26:55,031 DEBUG loaded <trimesh.Trimesh(vertices.shape=(48, 3), faces.shape=(28, 3))> using `load_obj` in 0.0007s
2024-11-20 16:27:04,076 INFO =====> alpha: 0.5
2024-11-20 16:27:04,076 INFO =====> Loss info: {'particle_has_naninf': False, 'height_map_loss': 13.237602233886719, 'emd_loss': 23.42786407470703, 'total_loss': 23.42786407470703}
2024-11-20 16:27:04,664 INFO ===> New TaichiEnv created.
2024-11-20 16:27:04,664 INFO ===> Specifications: horizon = 311, dt = 0.01, n_substeps = 20, dt_sub = 0.0005
2024-11-20 16:27:04,687 DEBUG loaded <trimesh.Trimesh(vertices.shape=(916, 3), faces.shape=(856, 3))> using `load_obj` in 0.0030s
2024-11-20 16:27:04,834 DEBUG loaded <trimesh.Trimesh(vertices.shape=(48, 3), faces.shape=(28, 3))> using `load_obj` in 0.0007s
2024-11-20 16:27:14,703 INFO =====> alpha: 1.0
2024-11-20 16:27:14,703 INFO =====> Loss info: {'particle_has_naninf': False, 'height_map_loss': 13.296353340148926, 'emd_loss': 23.240550994873047, 'total_loss': 23.240550994873047}
2024-11-20 16:27:15,286 INFO ===> New TaichiEnv created.
2024-11-20 16:27:15,286 INFO ===> Specifications: horizon = 311, dt = 0.01, n_substeps = 20, dt_sub = 0.0005
2024-11-20 16:27:15,309 DEBUG loaded <trimesh.Trimesh(vertices.shape=(916, 3), faces.shape=(856, 3))> using `load_obj` in 0.0029s
2024-11-20 16:27:15,456 DEBUG loaded <trimesh.Trimesh(vertices.shape=(48, 3), faces.shape=(28, 3))> using `load_obj` in 0.0007s
2024-11-20 16:27:24,395 INFO =====> alpha: 1.01
2024-11-20 16:27:24,395 INFO =====> Loss info: {'particle_has_naninf': False, 'height_map_loss': 13.296714782714844, 'emd_loss': 23.220991134643555, 'total_loss': 23.220991134643555}
2024-11-20 16:27:24,973 INFO ===> New TaichiEnv created.
2024-11-20 16:27:24,974 INFO ===> Specifications: horizon = 311, dt = 0.01, n_substeps = 20, dt_sub = 0.0005
2024-11-20 16:27:24,997 DEBUG loaded <trimesh.Trimesh(vertices.shape=(916, 3), faces.shape=(856, 3))> using `load_obj` in 0.0030s
2024-11-20 16:27:25,142 DEBUG loaded <trimesh.Trimesh(vertices.shape=(48, 3), faces.shape=(28, 3))> using `load_obj` in 0.0007s
2024-11-20 16:27:34,110 INFO =====> alpha: 1.1
2024-11-20 16:27:34,110 INFO =====> Loss info: {'particle_has_naninf': False, 'height_map_loss': 13.293195724487305, 'emd_loss': 23.22105598449707, 'total_loss': 23.22105598449707}
2024-11-20 16:27:34,693 INFO ===> New TaichiEnv created.
2024-11-20 16:27:34,693 INFO ===> Specifications: horizon = 311, dt = 0.01, n_substeps = 20, dt_sub = 0.0005
2024-11-20 16:27:34,717 DEBUG loaded <trimesh.Trimesh(vertices.shape=(916, 3), faces.shape=(856, 3))> using `load_obj` in 0.0030s
2024-11-20 16:27:34,865 DEBUG loaded <trimesh.Trimesh(vertices.shape=(48, 3), faces.shape=(28, 3))> using `load_obj` in 0.0007s
2024-11-20 16:27:44,695 INFO =====> alpha: 1.5
2024-11-20 16:27:44,695 INFO =====> Loss info: {'particle_has_naninf': False, 'height_map_loss': 13.310943603515625, 'emd_loss': 23.437353134155273, 'total_loss': 23.437353134155273}
2024-11-20 16:27:44,696 INFO =====> Best alpha: 0.1, Best loss info: {'particle_has_naninf': False, 'height_map_loss': 13.231535911560059, 'emd_loss': 23.404176712036133, 'total_loss': 23.404176712036133}
2024-11-20 16:27:44,696 INFO =====> Param: E: [453277.25], nu: [0.2203667], rho: [1270.9894], sand_angle: [16.516645]
2024-11-20 16:27:44,696 INFO =====> Grad: [ 5.7922257e-03  1.1414253e+04 -1.1875856e+01 -9.6560638e+01]
2024-11-20 16:27:44,696 INFO =====> Num. aborted data so far: 0
2024-11-20 16:27:45,292 INFO ===> New TaichiEnv created.
2024-11-20 16:27:45,292 INFO ===> Specifications: horizon = 311, dt = 0.01, n_substeps = 20, dt_sub = 0.0005
2024-11-20 16:27:45,316 DEBUG loaded <trimesh.Trimesh(vertices.shape=(916, 3), faces.shape=(856, 3))> using `load_obj` in 0.0031s
2024-11-20 16:27:45,465 DEBUG loaded <trimesh.Trimesh(vertices.shape=(48, 3), faces.shape=(28, 3))> using `load_obj` in 0.0007s
2024-11-20 16:28:12,453 INFO =====> Epoch: 88
2024-11-20 16:28:12,453 INFO =====> Loss info: {'particle_has_naninf': False, 'height_map_loss': 13.232994079589844, 'emd_loss': 23.40828514099121, 'total_loss': 23.40828514099121}
2024-11-20 16:28:12,454 INFO =====> Performing line search for epoch 88......
2024-11-20 16:28:13,110 INFO ===> New TaichiEnv created.
2024-11-20 16:28:13,110 INFO ===> Specifications: horizon = 311, dt = 0.01, n_substeps = 20, dt_sub = 0.0005
2024-11-20 16:28:13,134 DEBUG loaded <trimesh.Trimesh(vertices.shape=(916, 3), faces.shape=(856, 3))> using `load_obj` in 0.0031s
2024-11-20 16:28:13,281 DEBUG loaded <trimesh.Trimesh(vertices.shape=(48, 3), faces.shape=(28, 3))> using `load_obj` in 0.0007s
2024-11-20 16:28:23,251 INFO =====> alpha: 0.01
2024-11-20 16:28:23,251 INFO =====> Loss info: {'particle_has_naninf': False, 'height_map_loss': 13.229167938232422, 'emd_loss': 23.38686180114746, 'total_loss': 23.38686180114746}
2024-11-20 16:28:23,836 INFO ===> New TaichiEnv created.
2024-11-20 16:28:23,836 INFO ===> Specifications: horizon = 311, dt = 0.01, n_substeps = 20, dt_sub = 0.0005
2024-11-20 16:28:23,859 DEBUG loaded <trimesh.Trimesh(vertices.shape=(916, 3), faces.shape=(856, 3))> using `load_obj` in 0.0030s
2024-11-20 16:28:24,006 DEBUG loaded <trimesh.Trimesh(vertices.shape=(48, 3), faces.shape=(28, 3))> using `load_obj` in 0.0007s
2024-11-20 16:28:32,957 INFO =====> alpha: 0.1
2024-11-20 16:28:32,957 INFO =====> Loss info: {'particle_has_naninf': False, 'height_map_loss': 13.235095977783203, 'emd_loss': 23.430084228515625, 'total_loss': 23.430084228515625}
2024-11-20 16:28:33,539 INFO ===> New TaichiEnv created.
2024-11-20 16:28:33,539 INFO ===> Specifications: horizon = 311, dt = 0.01, n_substeps = 20, dt_sub = 0.0005
2024-11-20 16:28:33,563 DEBUG loaded <trimesh.Trimesh(vertices.shape=(916, 3), faces.shape=(856, 3))> using `load_obj` in 0.0030s
2024-11-20 16:28:33,710 DEBUG loaded <trimesh.Trimesh(vertices.shape=(48, 3), faces.shape=(28, 3))> using `load_obj` in 0.0007s
2024-11-20 16:28:43,535 INFO =====> alpha: 0.5
2024-11-20 16:28:43,535 INFO =====> Loss info: {'particle_has_naninf': False, 'height_map_loss': 13.294143676757812, 'emd_loss': 23.215036392211914, 'total_loss': 23.215036392211914}
2024-11-20 16:28:44,114 INFO ===> New TaichiEnv created.
2024-11-20 16:28:44,114 INFO ===> Specifications: horizon = 311, dt = 0.01, n_substeps = 20, dt_sub = 0.0005
2024-11-20 16:28:44,138 DEBUG loaded <trimesh.Trimesh(vertices.shape=(916, 3), faces.shape=(856, 3))> using `load_obj` in 0.0029s
2024-11-20 16:28:44,285 DEBUG loaded <trimesh.Trimesh(vertices.shape=(48, 3), faces.shape=(28, 3))> using `load_obj` in 0.0007s
2024-11-20 16:28:53,234 INFO =====> alpha: 1.0
2024-11-20 16:28:53,234 INFO =====> Loss info: {'particle_has_naninf': False, 'height_map_loss': 13.385896682739258, 'emd_loss': 23.263450622558594, 'total_loss': 23.263450622558594}
2024-11-20 16:28:53,827 INFO ===> New TaichiEnv created.
2024-11-20 16:28:53,827 INFO ===> Specifications: horizon = 311, dt = 0.01, n_substeps = 20, dt_sub = 0.0005
2024-11-20 16:28:53,851 DEBUG loaded <trimesh.Trimesh(vertices.shape=(916, 3), faces.shape=(856, 3))> using `load_obj` in 0.0030s
2024-11-20 16:28:54,000 DEBUG loaded <trimesh.Trimesh(vertices.shape=(48, 3), faces.shape=(28, 3))> using `load_obj` in 0.0007s
2024-11-20 16:29:02,931 INFO =====> alpha: 1.01
2024-11-20 16:29:02,931 INFO =====> Loss info: {'particle_has_naninf': False, 'height_map_loss': 13.395668983459473, 'emd_loss': 23.257701873779297, 'total_loss': 23.257701873779297}
2024-11-20 16:29:03,518 INFO ===> New TaichiEnv created.
2024-11-20 16:29:03,518 INFO ===> Specifications: horizon = 311, dt = 0.01, n_substeps = 20, dt_sub = 0.0005
2024-11-20 16:29:03,541 DEBUG loaded <trimesh.Trimesh(vertices.shape=(916, 3), faces.shape=(856, 3))> using `load_obj` in 0.0029s
2024-11-20 16:29:03,690 DEBUG loaded <trimesh.Trimesh(vertices.shape=(48, 3), faces.shape=(28, 3))> using `load_obj` in 0.0007s
2024-11-20 16:29:13,506 INFO =====> alpha: 1.1
2024-11-20 16:29:13,506 INFO =====> Loss info: {'particle_has_naninf': False, 'height_map_loss': 13.414802551269531, 'emd_loss': 23.23126220703125, 'total_loss': 23.23126220703125}
2024-11-20 16:29:14,114 INFO ===> New TaichiEnv created.
2024-11-20 16:29:14,114 INFO ===> Specifications: horizon = 311, dt = 0.01, n_substeps = 20, dt_sub = 0.0005
2024-11-20 16:29:14,138 DEBUG loaded <trimesh.Trimesh(vertices.shape=(916, 3), faces.shape=(856, 3))> using `load_obj` in 0.0030s
2024-11-20 16:29:14,287 DEBUG loaded <trimesh.Trimesh(vertices.shape=(48, 3), faces.shape=(28, 3))> using `load_obj` in 0.0007s
2024-11-20 16:29:23,357 INFO =====> alpha: 1.5
2024-11-20 16:29:23,357 INFO =====> Loss info: {'particle_has_naninf': False, 'height_map_loss': 13.447942733764648, 'emd_loss': 23.42636489868164, 'total_loss': 23.42636489868164}
2024-11-20 16:29:23,358 INFO =====> Best alpha: 0.01, Best loss info: {'particle_has_naninf': False, 'height_map_loss': 13.229167938232422, 'emd_loss': 23.38686180114746, 'total_loss': 23.38686180114746}
2024-11-20 16:29:23,358 INFO =====> Param: E: [453263.53], nu: [0.22036684], rho: [1271.582], sand_angle: [16.532299]
2024-11-20 16:29:23,358 INFO =====> Grad: [ 1.0801618e-03 -2.4437349e+01 -4.4782944e+01 -9.7358624e+02]
2024-11-20 16:29:23,358 INFO =====> Num. aborted data so far: 0
2024-11-20 16:29:23,979 INFO ===> New TaichiEnv created.
2024-11-20 16:29:23,979 INFO ===> Specifications: horizon = 311, dt = 0.01, n_substeps = 20, dt_sub = 0.0005
2024-11-20 16:29:24,004 DEBUG loaded <trimesh.Trimesh(vertices.shape=(916, 3), faces.shape=(856, 3))> using `load_obj` in 0.0031s
2024-11-20 16:29:24,151 DEBUG loaded <trimesh.Trimesh(vertices.shape=(48, 3), faces.shape=(28, 3))> using `load_obj` in 0.0007s
2024-11-20 16:29:52,015 INFO =====> Epoch: 89
2024-11-20 16:29:52,015 INFO =====> Loss info: {'particle_has_naninf': False, 'height_map_loss': 13.23989200592041, 'emd_loss': 23.41384506225586, 'total_loss': 23.41384506225586}
2024-11-20 16:29:52,015 INFO =====> Performing line search for epoch 89......
2024-11-20 16:29:52,620 INFO ===> New TaichiEnv created.
2024-11-20 16:29:52,620 INFO ===> Specifications: horizon = 311, dt = 0.01, n_substeps = 20, dt_sub = 0.0005
2024-11-20 16:29:52,644 DEBUG loaded <trimesh.Trimesh(vertices.shape=(916, 3), faces.shape=(856, 3))> using `load_obj` in 0.0031s
2024-11-20 16:29:52,792 DEBUG loaded <trimesh.Trimesh(vertices.shape=(48, 3), faces.shape=(28, 3))> using `load_obj` in 0.0007s
2024-11-20 16:30:01,807 INFO =====> alpha: 0.01
2024-11-20 16:30:01,807 INFO =====> Loss info: {'particle_has_naninf': False, 'height_map_loss': 13.231504440307617, 'emd_loss': 23.372177124023438, 'total_loss': 23.372177124023438}
2024-11-20 16:30:02,389 INFO ===> New TaichiEnv created.
2024-11-20 16:30:02,389 INFO ===> Specifications: horizon = 311, dt = 0.01, n_substeps = 20, dt_sub = 0.0005
2024-11-20 16:30:02,413 DEBUG loaded <trimesh.Trimesh(vertices.shape=(916, 3), faces.shape=(856, 3))> using `load_obj` in 0.0030s
2024-11-20 16:30:02,560 DEBUG loaded <trimesh.Trimesh(vertices.shape=(48, 3), faces.shape=(28, 3))> using `load_obj` in 0.0007s
2024-11-20 16:30:12,450 INFO =====> alpha: 0.1
2024-11-20 16:30:12,451 INFO =====> Loss info: {'particle_has_naninf': False, 'height_map_loss': 13.234292984008789, 'emd_loss': 23.402727127075195, 'total_loss': 23.402727127075195}
2024-11-20 16:30:13,046 INFO ===> New TaichiEnv created.
2024-11-20 16:30:13,046 INFO ===> Specifications: horizon = 311, dt = 0.01, n_substeps = 20, dt_sub = 0.0005
2024-11-20 16:30:13,070 DEBUG loaded <trimesh.Trimesh(vertices.shape=(916, 3), faces.shape=(856, 3))> using `load_obj` in 0.0030s
2024-11-20 16:30:13,218 DEBUG loaded <trimesh.Trimesh(vertices.shape=(48, 3), faces.shape=(28, 3))> using `load_obj` in 0.0007s
2024-11-20 16:30:22,178 INFO =====> alpha: 0.5
2024-11-20 16:30:22,179 INFO =====> Loss info: {'particle_has_naninf': False, 'height_map_loss': 13.2276611328125, 'emd_loss': 23.492801666259766, 'total_loss': 23.492801666259766}
2024-11-20 16:30:22,763 INFO ===> New TaichiEnv created.
2024-11-20 16:30:22,763 INFO ===> Specifications: horizon = 311, dt = 0.01, n_substeps = 20, dt_sub = 0.0005
2024-11-20 16:30:22,786 DEBUG loaded <trimesh.Trimesh(vertices.shape=(916, 3), faces.shape=(856, 3))> using `load_obj` in 0.0030s
2024-11-20 16:30:22,933 DEBUG loaded <trimesh.Trimesh(vertices.shape=(48, 3), faces.shape=(28, 3))> using `load_obj` in 0.0007s
2024-11-20 16:30:31,999 INFO =====> alpha: 1.0
2024-11-20 16:30:31,999 INFO =====> Loss info: {'particle_has_naninf': False, 'height_map_loss': 13.256691932678223, 'emd_loss': 23.21942710876465, 'total_loss': 23.21942710876465}
2024-11-20 16:30:32,583 INFO ===> New TaichiEnv created.
2024-11-20 16:30:32,583 INFO ===> Specifications: horizon = 311, dt = 0.01, n_substeps = 20, dt_sub = 0.0005
2024-11-20 16:30:32,607 DEBUG loaded <trimesh.Trimesh(vertices.shape=(916, 3), faces.shape=(856, 3))> using `load_obj` in 0.0029s
2024-11-20 16:30:32,755 DEBUG loaded <trimesh.Trimesh(vertices.shape=(48, 3), faces.shape=(28, 3))> using `load_obj` in 0.0007s
2024-11-20 16:30:42,703 INFO =====> alpha: 1.01
2024-11-20 16:30:42,703 INFO =====> Loss info: {'particle_has_naninf': False, 'height_map_loss': 13.250345230102539, 'emd_loss': 23.22661781311035, 'total_loss': 23.22661781311035}
2024-11-20 16:30:43,293 INFO ===> New TaichiEnv created.
2024-11-20 16:30:43,293 INFO ===> Specifications: horizon = 311, dt = 0.01, n_substeps = 20, dt_sub = 0.0005
2024-11-20 16:30:43,316 DEBUG loaded <trimesh.Trimesh(vertices.shape=(916, 3), faces.shape=(856, 3))> using `load_obj` in 0.0029s
2024-11-20 16:30:43,462 DEBUG loaded <trimesh.Trimesh(vertices.shape=(48, 3), faces.shape=(28, 3))> using `load_obj` in 0.0007s
2024-11-20 16:30:52,393 INFO =====> alpha: 1.1
2024-11-20 16:30:52,393 INFO =====> Loss info: {'particle_has_naninf': False, 'height_map_loss': 13.249667167663574, 'emd_loss': 23.187833786010742, 'total_loss': 23.187833786010742}
2024-11-20 16:30:52,976 INFO ===> New TaichiEnv created.
2024-11-20 16:30:52,976 INFO ===> Specifications: horizon = 311, dt = 0.01, n_substeps = 20, dt_sub = 0.0005
2024-11-20 16:30:53,000 DEBUG loaded <trimesh.Trimesh(vertices.shape=(916, 3), faces.shape=(856, 3))> using `load_obj` in 0.0030s
2024-11-20 16:30:53,146 DEBUG loaded <trimesh.Trimesh(vertices.shape=(48, 3), faces.shape=(28, 3))> using `load_obj` in 0.0007s
2024-11-20 16:31:02,074 INFO =====> alpha: 1.5
2024-11-20 16:31:02,074 INFO =====> Loss info: {'particle_has_naninf': False, 'height_map_loss': 13.247454643249512, 'emd_loss': 23.126558303833008, 'total_loss': 23.126558303833008}
2024-11-20 16:31:02,074 INFO =====> Best alpha: 0.5, Best loss info: {'particle_has_naninf': False, 'height_map_loss': 13.2276611328125, 'emd_loss': 23.492801666259766, 'total_loss': 23.492801666259766}
2024-11-20 16:31:02,075 INFO =====> Param: E: [455288.84], nu: [0.22259893], rho: [1258.9105], sand_angle: [16.711111]
2024-11-20 16:31:02,075 INFO =====> Grad: [-3.0288461e-03 -7.7746807e+03  1.8403702e+01 -2.1237279e+02]
2024-11-20 16:31:02,075 INFO =====> Num. aborted data so far: 0
2024-11-20 16:31:02,724 INFO ===> New TaichiEnv created.
2024-11-20 16:31:02,725 INFO ===> Specifications: horizon = 311, dt = 0.01, n_substeps = 20, dt_sub = 0.0005
2024-11-20 16:31:02,749 DEBUG loaded <trimesh.Trimesh(vertices.shape=(916, 3), faces.shape=(856, 3))> using `load_obj` in 0.0029s
2024-11-20 16:31:02,897 DEBUG loaded <trimesh.Trimesh(vertices.shape=(48, 3), faces.shape=(28, 3))> using `load_obj` in 0.0007s
2024-11-20 16:31:30,750 INFO =====> Epoch: 90
2024-11-20 16:31:30,750 INFO =====> Loss info: {'particle_has_naninf': False, 'height_map_loss': 13.228715896606445, 'emd_loss': 23.502790451049805, 'total_loss': 23.502790451049805}
2024-11-20 16:31:30,750 INFO =====> Performing line search for epoch 90......
2024-11-20 16:31:31,352 INFO ===> New TaichiEnv created.
2024-11-20 16:31:31,352 INFO ===> Specifications: horizon = 311, dt = 0.01, n_substeps = 20, dt_sub = 0.0005
2024-11-20 16:31:31,376 DEBUG loaded <trimesh.Trimesh(vertices.shape=(916, 3), faces.shape=(856, 3))> using `load_obj` in 0.0030s
2024-11-20 16:31:31,523 DEBUG loaded <trimesh.Trimesh(vertices.shape=(48, 3), faces.shape=(28, 3))> using `load_obj` in 0.0007s
2024-11-20 16:31:41,471 INFO =====> alpha: 0.01
2024-11-20 16:31:41,471 INFO =====> Loss info: {'particle_has_naninf': False, 'height_map_loss': 13.236849784851074, 'emd_loss': 23.514820098876953, 'total_loss': 23.514820098876953}
2024-11-20 16:31:42,055 INFO ===> New TaichiEnv created.
2024-11-20 16:31:42,055 INFO ===> Specifications: horizon = 311, dt = 0.01, n_substeps = 20, dt_sub = 0.0005
2024-11-20 16:31:42,078 DEBUG loaded <trimesh.Trimesh(vertices.shape=(916, 3), faces.shape=(856, 3))> using `load_obj` in 0.0029s
2024-11-20 16:31:42,229 DEBUG loaded <trimesh.Trimesh(vertices.shape=(48, 3), faces.shape=(28, 3))> using `load_obj` in 0.0007s
2024-11-20 16:31:51,146 INFO =====> alpha: 0.1
2024-11-20 16:31:51,146 INFO =====> Loss info: {'particle_has_naninf': False, 'height_map_loss': 13.232505798339844, 'emd_loss': 23.405485153198242, 'total_loss': 23.405485153198242}
2024-11-20 16:31:51,733 INFO ===> New TaichiEnv created.
2024-11-20 16:31:51,733 INFO ===> Specifications: horizon = 311, dt = 0.01, n_substeps = 20, dt_sub = 0.0005
2024-11-20 16:31:51,756 DEBUG loaded <trimesh.Trimesh(vertices.shape=(916, 3), faces.shape=(856, 3))> using `load_obj` in 0.0030s
2024-11-20 16:31:51,903 DEBUG loaded <trimesh.Trimesh(vertices.shape=(48, 3), faces.shape=(28, 3))> using `load_obj` in 0.0007s
2024-11-20 16:32:00,907 INFO =====> alpha: 0.5
2024-11-20 16:32:00,907 INFO =====> Loss info: {'particle_has_naninf': False, 'height_map_loss': 13.231075286865234, 'emd_loss': 23.41828727722168, 'total_loss': 23.41828727722168}
2024-11-20 16:32:01,498 INFO ===> New TaichiEnv created.
2024-11-20 16:32:01,498 INFO ===> Specifications: horizon = 311, dt = 0.01, n_substeps = 20, dt_sub = 0.0005
2024-11-20 16:32:01,522 DEBUG loaded <trimesh.Trimesh(vertices.shape=(916, 3), faces.shape=(856, 3))> using `load_obj` in 0.0030s
2024-11-20 16:32:01,669 DEBUG loaded <trimesh.Trimesh(vertices.shape=(48, 3), faces.shape=(28, 3))> using `load_obj` in 0.0007s
2024-11-20 16:32:11,530 INFO =====> alpha: 1.0
2024-11-20 16:32:11,530 INFO =====> Loss info: {'particle_has_naninf': False, 'height_map_loss': 13.240639686584473, 'emd_loss': 23.15948486328125, 'total_loss': 23.15948486328125}
2024-11-20 16:32:12,117 INFO ===> New TaichiEnv created.
2024-11-20 16:32:12,118 INFO ===> Specifications: horizon = 311, dt = 0.01, n_substeps = 20, dt_sub = 0.0005
2024-11-20 16:32:12,141 DEBUG loaded <trimesh.Trimesh(vertices.shape=(916, 3), faces.shape=(856, 3))> using `load_obj` in 0.0029s
2024-11-20 16:32:12,291 DEBUG loaded <trimesh.Trimesh(vertices.shape=(48, 3), faces.shape=(28, 3))> using `load_obj` in 0.0007s
2024-11-20 16:32:21,271 INFO =====> alpha: 1.01
2024-11-20 16:32:21,271 INFO =====> Loss info: {'particle_has_naninf': False, 'height_map_loss': 13.237174034118652, 'emd_loss': 23.15809440612793, 'total_loss': 23.15809440612793}
2024-11-20 16:32:21,852 INFO ===> New TaichiEnv created.
2024-11-20 16:32:21,852 INFO ===> Specifications: horizon = 311, dt = 0.01, n_substeps = 20, dt_sub = 0.0005
2024-11-20 16:32:21,876 DEBUG loaded <trimesh.Trimesh(vertices.shape=(916, 3), faces.shape=(856, 3))> using `load_obj` in 0.0029s
2024-11-20 16:32:22,022 DEBUG loaded <trimesh.Trimesh(vertices.shape=(48, 3), faces.shape=(28, 3))> using `load_obj` in 0.0007s
2024-11-20 16:32:31,003 INFO =====> alpha: 1.1
2024-11-20 16:32:31,003 INFO =====> Loss info: {'particle_has_naninf': False, 'height_map_loss': 13.23208236694336, 'emd_loss': 23.184946060180664, 'total_loss': 23.184946060180664}
2024-11-20 16:32:31,581 INFO ===> New TaichiEnv created.
2024-11-20 16:32:31,581 INFO ===> Specifications: horizon = 311, dt = 0.01, n_substeps = 20, dt_sub = 0.0005
2024-11-20 16:32:31,604 DEBUG loaded <trimesh.Trimesh(vertices.shape=(916, 3), faces.shape=(856, 3))> using `load_obj` in 0.0029s
2024-11-20 16:32:31,751 DEBUG loaded <trimesh.Trimesh(vertices.shape=(48, 3), faces.shape=(28, 3))> using `load_obj` in 0.0007s
2024-11-20 16:32:41,586 INFO =====> alpha: 1.5
2024-11-20 16:32:41,586 INFO =====> Loss info: {'particle_has_naninf': False, 'height_map_loss': 13.218167304992676, 'emd_loss': 23.401012420654297, 'total_loss': 23.401012420654297}
2024-11-20 16:32:41,586 INFO =====> Best alpha: 1.5, Best loss info: {'particle_has_naninf': False, 'height_map_loss': 13.218167304992676, 'emd_loss': 23.401012420654297, 'total_loss': 23.401012420654297}
2024-11-20 16:32:41,586 INFO =====> Param: E: [448328.62], nu: [0.21699086], rho: [1260.063], sand_angle: [16.322548]
2024-11-20 16:32:41,587 INFO =====> Grad: [ 3.3005148e-03  6.2207310e+03 -5.2930862e-01  1.4642830e+02]
2024-11-20 16:32:41,587 INFO =====> Num. aborted data so far: 0
2024-11-20 16:32:42,169 INFO ===> New TaichiEnv created.
2024-11-20 16:32:42,169 INFO ===> Specifications: horizon = 311, dt = 0.01, n_substeps = 20, dt_sub = 0.0005
2024-11-20 16:32:42,193 DEBUG loaded <trimesh.Trimesh(vertices.shape=(916, 3), faces.shape=(856, 3))> using `load_obj` in 0.0029s
2024-11-20 16:32:42,340 DEBUG loaded <trimesh.Trimesh(vertices.shape=(48, 3), faces.shape=(28, 3))> using `load_obj` in 0.0007s
2024-11-20 16:33:10,305 INFO =====> Epoch: 91
2024-11-20 16:33:10,306 INFO =====> Loss info: {'particle_has_naninf': False, 'height_map_loss': 13.219173431396484, 'emd_loss': 23.411991119384766, 'total_loss': 23.411991119384766}
2024-11-20 16:33:10,306 INFO =====> Performing line search for epoch 91......
2024-11-20 16:33:10,954 INFO ===> New TaichiEnv created.
2024-11-20 16:33:10,954 INFO ===> Specifications: horizon = 311, dt = 0.01, n_substeps = 20, dt_sub = 0.0005
2024-11-20 16:33:10,978 DEBUG loaded <trimesh.Trimesh(vertices.shape=(916, 3), faces.shape=(856, 3))> using `load_obj` in 0.0029s
2024-11-20 16:33:11,125 DEBUG loaded <trimesh.Trimesh(vertices.shape=(48, 3), faces.shape=(28, 3))> using `load_obj` in 0.0007s
2024-11-20 16:33:20,058 INFO =====> alpha: 0.01
2024-11-20 16:33:20,059 INFO =====> Loss info: {'particle_has_naninf': False, 'height_map_loss': 13.218830108642578, 'emd_loss': 23.41867446899414, 'total_loss': 23.41867446899414}
2024-11-20 16:33:20,635 INFO ===> New TaichiEnv created.
2024-11-20 16:33:20,635 INFO ===> Specifications: horizon = 311, dt = 0.01, n_substeps = 20, dt_sub = 0.0005
2024-11-20 16:33:20,658 DEBUG loaded <trimesh.Trimesh(vertices.shape=(916, 3), faces.shape=(856, 3))> using `load_obj` in 0.0030s
2024-11-20 16:33:20,806 DEBUG loaded <trimesh.Trimesh(vertices.shape=(48, 3), faces.shape=(28, 3))> using `load_obj` in 0.0007s
2024-11-20 16:33:29,725 INFO =====> alpha: 0.1
2024-11-20 16:33:29,725 INFO =====> Loss info: {'particle_has_naninf': False, 'height_map_loss': 13.233627319335938, 'emd_loss': 23.410266876220703, 'total_loss': 23.410266876220703}
2024-11-20 16:33:30,306 INFO ===> New TaichiEnv created.
2024-11-20 16:33:30,306 INFO ===> Specifications: horizon = 311, dt = 0.01, n_substeps = 20, dt_sub = 0.0005
2024-11-20 16:33:30,329 DEBUG loaded <trimesh.Trimesh(vertices.shape=(916, 3), faces.shape=(856, 3))> using `load_obj` in 0.0029s
2024-11-20 16:33:30,476 DEBUG loaded <trimesh.Trimesh(vertices.shape=(48, 3), faces.shape=(28, 3))> using `load_obj` in 0.0007s
2024-11-20 16:33:40,280 INFO =====> alpha: 0.5
2024-11-20 16:33:40,280 INFO =====> Loss info: {'particle_has_naninf': False, 'height_map_loss': 13.24272346496582, 'emd_loss': 23.439104080200195, 'total_loss': 23.439104080200195}
2024-11-20 16:33:40,863 INFO ===> New TaichiEnv created.
2024-11-20 16:33:40,863 INFO ===> Specifications: horizon = 311, dt = 0.01, n_substeps = 20, dt_sub = 0.0005
2024-11-20 16:33:40,887 DEBUG loaded <trimesh.Trimesh(vertices.shape=(916, 3), faces.shape=(856, 3))> using `load_obj` in 0.0030s
2024-11-20 16:33:41,033 DEBUG loaded <trimesh.Trimesh(vertices.shape=(48, 3), faces.shape=(28, 3))> using `load_obj` in 0.0007s
2024-11-20 16:33:49,955 INFO =====> alpha: 1.0
2024-11-20 16:33:49,956 INFO =====> Loss info: {'particle_has_naninf': False, 'height_map_loss': 13.297914505004883, 'emd_loss': 23.272735595703125, 'total_loss': 23.272735595703125}
2024-11-20 16:33:50,543 INFO ===> New TaichiEnv created.
2024-11-20 16:33:50,543 INFO ===> Specifications: horizon = 311, dt = 0.01, n_substeps = 20, dt_sub = 0.0005
2024-11-20 16:33:50,566 DEBUG loaded <trimesh.Trimesh(vertices.shape=(916, 3), faces.shape=(856, 3))> using `load_obj` in 0.0029s
2024-11-20 16:33:50,713 DEBUG loaded <trimesh.Trimesh(vertices.shape=(48, 3), faces.shape=(28, 3))> using `load_obj` in 0.0007s
2024-11-20 16:33:59,610 INFO =====> alpha: 1.01
2024-11-20 16:33:59,611 INFO =====> Loss info: {'particle_has_naninf': False, 'height_map_loss': 13.301610946655273, 'emd_loss': 23.283737182617188, 'total_loss': 23.283737182617188}
2024-11-20 16:34:00,199 INFO ===> New TaichiEnv created.
2024-11-20 16:34:00,199 INFO ===> Specifications: horizon = 311, dt = 0.01, n_substeps = 20, dt_sub = 0.0005
2024-11-20 16:34:00,223 DEBUG loaded <trimesh.Trimesh(vertices.shape=(916, 3), faces.shape=(856, 3))> using `load_obj` in 0.0030s
2024-11-20 16:34:00,371 DEBUG loaded <trimesh.Trimesh(vertices.shape=(48, 3), faces.shape=(28, 3))> using `load_obj` in 0.0007s
2024-11-20 16:34:10,302 INFO =====> alpha: 1.1
2024-11-20 16:34:10,302 INFO =====> Loss info: {'particle_has_naninf': False, 'height_map_loss': 13.302946090698242, 'emd_loss': 23.257205963134766, 'total_loss': 23.257205963134766}
2024-11-20 16:34:10,895 INFO ===> New TaichiEnv created.
2024-11-20 16:34:10,895 INFO ===> Specifications: horizon = 311, dt = 0.01, n_substeps = 20, dt_sub = 0.0005
2024-11-20 16:34:10,918 DEBUG loaded <trimesh.Trimesh(vertices.shape=(916, 3), faces.shape=(856, 3))> using `load_obj` in 0.0030s
2024-11-20 16:34:11,064 DEBUG loaded <trimesh.Trimesh(vertices.shape=(48, 3), faces.shape=(28, 3))> using `load_obj` in 0.0007s
2024-11-20 16:34:20,151 INFO =====> alpha: 1.5
2024-11-20 16:34:20,151 INFO =====> Loss info: {'particle_has_naninf': False, 'height_map_loss': 13.314834594726562, 'emd_loss': 23.17475128173828, 'total_loss': 23.17475128173828}
2024-11-20 16:34:20,151 INFO =====> Best alpha: 0.01, Best loss info: {'particle_has_naninf': False, 'height_map_loss': 13.218830108642578, 'emd_loss': 23.41867446899414, 'total_loss': 23.41867446899414}
2024-11-20 16:34:20,151 INFO =====> Param: E: [448247.88], nu: [0.21694648], rho: [1260.327], sand_angle: [16.325943]
2024-11-20 16:34:20,152 INFO =====> Grad: [ 5.4938877e-03  7.0754106e+03 -1.7504166e+01 -1.8310327e+02]
2024-11-20 16:34:20,152 INFO =====> Num. aborted data so far: 0
2024-11-20 16:34:20,742 INFO ===> New TaichiEnv created.
2024-11-20 16:34:20,742 INFO ===> Specifications: horizon = 311, dt = 0.01, n_substeps = 20, dt_sub = 0.0005
2024-11-20 16:34:20,767 DEBUG loaded <trimesh.Trimesh(vertices.shape=(916, 3), faces.shape=(856, 3))> using `load_obj` in 0.0031s
2024-11-20 16:34:20,915 DEBUG loaded <trimesh.Trimesh(vertices.shape=(48, 3), faces.shape=(28, 3))> using `load_obj` in 0.0007s
2024-11-20 16:34:48,804 INFO =====> Epoch: 92
2024-11-20 16:34:48,804 INFO =====> Loss info: {'particle_has_naninf': False, 'height_map_loss': 13.21755313873291, 'emd_loss': 23.401317596435547, 'total_loss': 23.401317596435547}
2024-11-20 16:34:48,804 INFO =====> Performing line search for epoch 92......
2024-11-20 16:34:49,448 INFO ===> New TaichiEnv created.
2024-11-20 16:34:49,448 INFO ===> Specifications: horizon = 311, dt = 0.01, n_substeps = 20, dt_sub = 0.0005
2024-11-20 16:34:49,472 DEBUG loaded <trimesh.Trimesh(vertices.shape=(916, 3), faces.shape=(856, 3))> using `load_obj` in 0.0031s
2024-11-20 16:34:49,619 DEBUG loaded <trimesh.Trimesh(vertices.shape=(48, 3), faces.shape=(28, 3))> using `load_obj` in 0.0007s
2024-11-20 16:34:58,688 INFO =====> alpha: 0.01
2024-11-20 16:34:58,688 INFO =====> Loss info: {'particle_has_naninf': False, 'height_map_loss': 13.219938278198242, 'emd_loss': 23.40134620666504, 'total_loss': 23.40134620666504}
2024-11-20 16:34:59,274 INFO ===> New TaichiEnv created.
2024-11-20 16:34:59,274 INFO ===> Specifications: horizon = 311, dt = 0.01, n_substeps = 20, dt_sub = 0.0005
2024-11-20 16:34:59,298 DEBUG loaded <trimesh.Trimesh(vertices.shape=(916, 3), faces.shape=(856, 3))> using `load_obj` in 0.0030s
2024-11-20 16:34:59,447 DEBUG loaded <trimesh.Trimesh(vertices.shape=(48, 3), faces.shape=(28, 3))> using `load_obj` in 0.0007s
2024-11-20 16:35:09,314 INFO =====> alpha: 0.1
2024-11-20 16:35:09,315 INFO =====> Loss info: {'particle_has_naninf': False, 'height_map_loss': 13.22734260559082, 'emd_loss': 23.42963218688965, 'total_loss': 23.42963218688965}
2024-11-20 16:35:09,906 INFO ===> New TaichiEnv created.
2024-11-20 16:35:09,906 INFO ===> Specifications: horizon = 311, dt = 0.01, n_substeps = 20, dt_sub = 0.0005
2024-11-20 16:35:09,930 DEBUG loaded <trimesh.Trimesh(vertices.shape=(916, 3), faces.shape=(856, 3))> using `load_obj` in 0.0029s
2024-11-20 16:35:10,076 DEBUG loaded <trimesh.Trimesh(vertices.shape=(48, 3), faces.shape=(28, 3))> using `load_obj` in 0.0007s
2024-11-20 16:35:19,036 INFO =====> alpha: 0.5
2024-11-20 16:35:19,036 INFO =====> Loss info: {'particle_has_naninf': False, 'height_map_loss': 13.24348258972168, 'emd_loss': 23.740276336669922, 'total_loss': 23.740276336669922}
2024-11-20 16:35:19,628 INFO ===> New TaichiEnv created.
2024-11-20 16:35:19,628 INFO ===> Specifications: horizon = 311, dt = 0.01, n_substeps = 20, dt_sub = 0.0005
2024-11-20 16:35:19,651 DEBUG loaded <trimesh.Trimesh(vertices.shape=(916, 3), faces.shape=(856, 3))> using `load_obj` in 0.0030s
2024-11-20 16:35:19,799 DEBUG loaded <trimesh.Trimesh(vertices.shape=(48, 3), faces.shape=(28, 3))> using `load_obj` in 0.0007s
2024-11-20 16:35:28,838 INFO =====> alpha: 1.0
2024-11-20 16:35:28,838 INFO =====> Loss info: {'particle_has_naninf': False, 'height_map_loss': 13.235478401184082, 'emd_loss': 23.54128074645996, 'total_loss': 23.54128074645996}
2024-11-20 16:35:29,429 INFO ===> New TaichiEnv created.
2024-11-20 16:35:29,429 INFO ===> Specifications: horizon = 311, dt = 0.01, n_substeps = 20, dt_sub = 0.0005
2024-11-20 16:35:29,453 DEBUG loaded <trimesh.Trimesh(vertices.shape=(916, 3), faces.shape=(856, 3))> using `load_obj` in 0.0031s
2024-11-20 16:35:29,602 DEBUG loaded <trimesh.Trimesh(vertices.shape=(48, 3), faces.shape=(28, 3))> using `load_obj` in 0.0007s
2024-11-20 16:35:39,564 INFO =====> alpha: 1.01
2024-11-20 16:35:39,564 INFO =====> Loss info: {'particle_has_naninf': False, 'height_map_loss': 13.236127853393555, 'emd_loss': 23.5463809967041, 'total_loss': 23.5463809967041}
2024-11-20 16:35:40,160 INFO ===> New TaichiEnv created.
2024-11-20 16:35:40,160 INFO ===> Specifications: horizon = 311, dt = 0.01, n_substeps = 20, dt_sub = 0.0005
2024-11-20 16:35:40,184 DEBUG loaded <trimesh.Trimesh(vertices.shape=(916, 3), faces.shape=(856, 3))> using `load_obj` in 0.0030s
2024-11-20 16:35:40,332 DEBUG loaded <trimesh.Trimesh(vertices.shape=(48, 3), faces.shape=(28, 3))> using `load_obj` in 0.0007s
2024-11-20 16:35:49,268 INFO =====> alpha: 1.1
2024-11-20 16:35:49,268 INFO =====> Loss info: {'particle_has_naninf': False, 'height_map_loss': 13.239991188049316, 'emd_loss': 23.557422637939453, 'total_loss': 23.557422637939453}
2024-11-20 16:35:49,860 INFO ===> New TaichiEnv created.
2024-11-20 16:35:49,860 INFO ===> Specifications: horizon = 311, dt = 0.01, n_substeps = 20, dt_sub = 0.0005
2024-11-20 16:35:49,884 DEBUG loaded <trimesh.Trimesh(vertices.shape=(916, 3), faces.shape=(856, 3))> using `load_obj` in 0.0030s
2024-11-20 16:35:50,031 DEBUG loaded <trimesh.Trimesh(vertices.shape=(48, 3), faces.shape=(28, 3))> using `load_obj` in 0.0007s
2024-11-20 16:35:59,012 INFO =====> alpha: 1.5
2024-11-20 16:35:59,012 INFO =====> Loss info: {'particle_has_naninf': False, 'height_map_loss': 13.269654273986816, 'emd_loss': 24.10782241821289, 'total_loss': 24.10782241821289}
2024-11-20 16:35:59,012 INFO =====> Best alpha: 0.01, Best loss info: {'particle_has_naninf': False, 'height_map_loss': 13.219938278198242, 'emd_loss': 23.40134620666504, 'total_loss': 23.40134620666504}
2024-11-20 16:35:59,012 INFO =====> Param: E: [448219.22], nu: [0.21688907], rho: [1260.6686], sand_angle: [16.320595]
2024-11-20 16:35:59,012 INFO =====> Grad: [ 1.8522203e-03  8.8298193e+03 -2.1999559e+01  2.7769104e+02]
2024-11-20 16:35:59,012 INFO =====> Num. aborted data so far: 0
2024-11-20 16:35:59,606 INFO ===> New TaichiEnv created.
2024-11-20 16:35:59,606 INFO ===> Specifications: horizon = 311, dt = 0.01, n_substeps = 20, dt_sub = 0.0005
2024-11-20 16:35:59,630 DEBUG loaded <trimesh.Trimesh(vertices.shape=(916, 3), faces.shape=(856, 3))> using `load_obj` in 0.0029s
2024-11-20 16:35:59,779 DEBUG loaded <trimesh.Trimesh(vertices.shape=(48, 3), faces.shape=(28, 3))> using `load_obj` in 0.0007s
2024-11-20 16:36:27,685 INFO =====> Epoch: 93
2024-11-20 16:36:27,685 INFO =====> Loss info: {'particle_has_naninf': False, 'height_map_loss': 13.21710205078125, 'emd_loss': 23.402538299560547, 'total_loss': 23.402538299560547}
2024-11-20 16:36:27,685 INFO =====> Performing line search for epoch 93......
2024-11-20 16:36:28,336 INFO ===> New TaichiEnv created.
2024-11-20 16:36:28,336 INFO ===> Specifications: horizon = 311, dt = 0.01, n_substeps = 20, dt_sub = 0.0005
2024-11-20 16:36:28,359 DEBUG loaded <trimesh.Trimesh(vertices.shape=(916, 3), faces.shape=(856, 3))> using `load_obj` in 0.0030s
2024-11-20 16:36:28,506 DEBUG loaded <trimesh.Trimesh(vertices.shape=(48, 3), faces.shape=(28, 3))> using `load_obj` in 0.0007s
2024-11-20 16:36:37,486 INFO =====> alpha: 0.01
2024-11-20 16:36:37,486 INFO =====> Loss info: {'particle_has_naninf': False, 'height_map_loss': 13.216995239257812, 'emd_loss': 23.430355072021484, 'total_loss': 23.430355072021484}
2024-11-20 16:36:38,076 INFO ===> New TaichiEnv created.
2024-11-20 16:36:38,076 INFO ===> Specifications: horizon = 311, dt = 0.01, n_substeps = 20, dt_sub = 0.0005
2024-11-20 16:36:38,099 DEBUG loaded <trimesh.Trimesh(vertices.shape=(916, 3), faces.shape=(856, 3))> using `load_obj` in 0.0029s
2024-11-20 16:36:38,247 DEBUG loaded <trimesh.Trimesh(vertices.shape=(48, 3), faces.shape=(28, 3))> using `load_obj` in 0.0007s
2024-11-20 16:36:48,158 INFO =====> alpha: 0.1
2024-11-20 16:36:48,158 INFO =====> Loss info: {'particle_has_naninf': False, 'height_map_loss': 13.24437141418457, 'emd_loss': 23.18181800842285, 'total_loss': 23.18181800842285}
2024-11-20 16:36:48,740 INFO ===> New TaichiEnv created.
2024-11-20 16:36:48,740 INFO ===> Specifications: horizon = 311, dt = 0.01, n_substeps = 20, dt_sub = 0.0005
2024-11-20 16:36:48,763 DEBUG loaded <trimesh.Trimesh(vertices.shape=(916, 3), faces.shape=(856, 3))> using `load_obj` in 0.0029s
2024-11-20 16:36:48,909 DEBUG loaded <trimesh.Trimesh(vertices.shape=(48, 3), faces.shape=(28, 3))> using `load_obj` in 0.0007s
2024-11-20 16:36:57,813 INFO =====> alpha: 0.5
2024-11-20 16:36:57,813 INFO =====> Loss info: {'particle_has_naninf': False, 'height_map_loss': 13.273676872253418, 'emd_loss': 23.272354125976562, 'total_loss': 23.272354125976562}
2024-11-20 16:36:58,399 INFO ===> New TaichiEnv created.
2024-11-20 16:36:58,399 INFO ===> Specifications: horizon = 311, dt = 0.01, n_substeps = 20, dt_sub = 0.0005
2024-11-20 16:36:58,427 DEBUG loaded <trimesh.Trimesh(vertices.shape=(916, 3), faces.shape=(856, 3))> using `load_obj` in 0.0030s
2024-11-20 16:36:58,576 DEBUG loaded <trimesh.Trimesh(vertices.shape=(48, 3), faces.shape=(28, 3))> using `load_obj` in 0.0007s
2024-11-20 16:37:08,472 INFO =====> alpha: 1.0
2024-11-20 16:37:08,472 INFO =====> Loss info: {'particle_has_naninf': False, 'height_map_loss': 13.285233497619629, 'emd_loss': 23.330280303955078, 'total_loss': 23.330280303955078}
2024-11-20 16:37:09,060 INFO ===> New TaichiEnv created.
2024-11-20 16:37:09,060 INFO ===> Specifications: horizon = 311, dt = 0.01, n_substeps = 20, dt_sub = 0.0005
2024-11-20 16:37:09,083 DEBUG loaded <trimesh.Trimesh(vertices.shape=(916, 3), faces.shape=(856, 3))> using `load_obj` in 0.0029s
2024-11-20 16:37:09,229 DEBUG loaded <trimesh.Trimesh(vertices.shape=(48, 3), faces.shape=(28, 3))> using `load_obj` in 0.0007s
2024-11-20 16:37:18,162 INFO =====> alpha: 1.01
2024-11-20 16:37:18,162 INFO =====> Loss info: {'particle_has_naninf': False, 'height_map_loss': 13.290724754333496, 'emd_loss': 23.154773712158203, 'total_loss': 23.154773712158203}
2024-11-20 16:37:18,743 INFO ===> New TaichiEnv created.
2024-11-20 16:37:18,744 INFO ===> Specifications: horizon = 311, dt = 0.01, n_substeps = 20, dt_sub = 0.0005
2024-11-20 16:37:18,767 DEBUG loaded <trimesh.Trimesh(vertices.shape=(916, 3), faces.shape=(856, 3))> using `load_obj` in 0.0029s
2024-11-20 16:37:18,913 DEBUG loaded <trimesh.Trimesh(vertices.shape=(48, 3), faces.shape=(28, 3))> using `load_obj` in 0.0007s
2024-11-20 16:37:27,801 INFO =====> alpha: 1.1
2024-11-20 16:37:27,801 INFO =====> Loss info: {'particle_has_naninf': False, 'height_map_loss': 13.303362846374512, 'emd_loss': 23.357641220092773, 'total_loss': 23.357641220092773}
2024-11-20 16:37:28,383 INFO ===> New TaichiEnv created.
2024-11-20 16:37:28,384 INFO ===> Specifications: horizon = 311, dt = 0.01, n_substeps = 20, dt_sub = 0.0005
2024-11-20 16:37:28,407 DEBUG loaded <trimesh.Trimesh(vertices.shape=(916, 3), faces.shape=(856, 3))> using `load_obj` in 0.0029s
2024-11-20 16:37:28,553 DEBUG loaded <trimesh.Trimesh(vertices.shape=(48, 3), faces.shape=(28, 3))> using `load_obj` in 0.0007s
2024-11-20 16:37:38,385 INFO =====> alpha: 1.5
2024-11-20 16:37:38,385 INFO =====> Loss info: {'particle_has_naninf': False, 'height_map_loss': 13.363789558410645, 'emd_loss': 23.190568923950195, 'total_loss': 23.190568923950195}
2024-11-20 16:37:38,386 INFO =====> Best alpha: 0.01, Best loss info: {'particle_has_naninf': False, 'height_map_loss': 13.216995239257812, 'emd_loss': 23.430355072021484, 'total_loss': 23.430355072021484}
2024-11-20 16:37:38,386 INFO =====> Param: E: [448433.38], nu: [0.21699627], rho: [1260.9226], sand_angle: [16.333015]
2024-11-20 16:37:38,386 INFO =====> Grad: [-1.39511395e-02 -1.66264746e+04 -1.57264614e+01 -6.65231934e+02]
2024-11-20 16:37:38,386 INFO =====> Num. aborted data so far: 0
2024-11-20 16:37:38,976 INFO ===> New TaichiEnv created.
2024-11-20 16:37:38,977 INFO ===> Specifications: horizon = 311, dt = 0.01, n_substeps = 20, dt_sub = 0.0005
2024-11-20 16:37:39,000 DEBUG loaded <trimesh.Trimesh(vertices.shape=(916, 3), faces.shape=(856, 3))> using `load_obj` in 0.0029s
2024-11-20 16:37:39,144 DEBUG loaded <trimesh.Trimesh(vertices.shape=(48, 3), faces.shape=(28, 3))> using `load_obj` in 0.0007s
2024-11-20 16:38:06,078 INFO =====> Epoch: 94
2024-11-20 16:38:06,078 INFO =====> Loss info: {'particle_has_naninf': False, 'height_map_loss': 13.218496322631836, 'emd_loss': 23.444866180419922, 'total_loss': 23.444866180419922}
2024-11-20 16:38:06,079 INFO =====> Performing line search for epoch 94......
2024-11-20 16:38:06,687 INFO ===> New TaichiEnv created.
2024-11-20 16:38:06,687 INFO ===> Specifications: horizon = 311, dt = 0.01, n_substeps = 20, dt_sub = 0.0005
2024-11-20 16:38:06,710 DEBUG loaded <trimesh.Trimesh(vertices.shape=(916, 3), faces.shape=(856, 3))> using `load_obj` in 0.0029s
2024-11-20 16:38:06,858 DEBUG loaded <trimesh.Trimesh(vertices.shape=(48, 3), faces.shape=(28, 3))> using `load_obj` in 0.0007s
2024-11-20 16:38:16,746 INFO =====> alpha: 0.01
2024-11-20 16:38:16,746 INFO =====> Loss info: {'particle_has_naninf': False, 'height_map_loss': 13.240043640136719, 'emd_loss': 23.423254013061523, 'total_loss': 23.423254013061523}
2024-11-20 16:38:17,326 INFO ===> New TaichiEnv created.
2024-11-20 16:38:17,326 INFO ===> Specifications: horizon = 311, dt = 0.01, n_substeps = 20, dt_sub = 0.0005
2024-11-20 16:38:17,349 DEBUG loaded <trimesh.Trimesh(vertices.shape=(916, 3), faces.shape=(856, 3))> using `load_obj` in 0.0030s
2024-11-20 16:38:17,494 DEBUG loaded <trimesh.Trimesh(vertices.shape=(48, 3), faces.shape=(28, 3))> using `load_obj` in 0.0007s
2024-11-20 16:38:26,395 INFO =====> alpha: 0.1
2024-11-20 16:38:26,395 INFO =====> Loss info: {'particle_has_naninf': False, 'height_map_loss': 13.256119728088379, 'emd_loss': 23.215251922607422, 'total_loss': 23.215251922607422}
2024-11-20 16:38:26,969 INFO ===> New TaichiEnv created.
2024-11-20 16:38:26,969 INFO ===> Specifications: horizon = 311, dt = 0.01, n_substeps = 20, dt_sub = 0.0005
2024-11-20 16:38:26,992 DEBUG loaded <trimesh.Trimesh(vertices.shape=(916, 3), faces.shape=(856, 3))> using `load_obj` in 0.0030s
2024-11-20 16:38:27,136 DEBUG loaded <trimesh.Trimesh(vertices.shape=(48, 3), faces.shape=(28, 3))> using `load_obj` in 0.0007s
2024-11-20 16:38:36,982 INFO =====> alpha: 0.5
2024-11-20 16:38:36,982 INFO =====> Loss info: {'particle_has_naninf': False, 'height_map_loss': 13.242833137512207, 'emd_loss': 23.440500259399414, 'total_loss': 23.440500259399414}
2024-11-20 16:38:37,548 INFO ===> New TaichiEnv created.
2024-11-20 16:38:37,548 INFO ===> Specifications: horizon = 311, dt = 0.01, n_substeps = 20, dt_sub = 0.0005
2024-11-20 16:38:37,571 DEBUG loaded <trimesh.Trimesh(vertices.shape=(916, 3), faces.shape=(856, 3))> using `load_obj` in 0.0029s
2024-11-20 16:38:37,713 DEBUG loaded <trimesh.Trimesh(vertices.shape=(48, 3), faces.shape=(28, 3))> using `load_obj` in 0.0007s
2024-11-20 16:38:46,625 INFO =====> alpha: 1.0
2024-11-20 16:38:46,625 INFO =====> Loss info: {'particle_has_naninf': False, 'height_map_loss': 13.28542423248291, 'emd_loss': 23.294265747070312, 'total_loss': 23.294265747070312}
2024-11-20 16:38:47,249 INFO ===> New TaichiEnv created.
2024-11-20 16:38:47,249 INFO ===> Specifications: horizon = 311, dt = 0.01, n_substeps = 20, dt_sub = 0.0005
2024-11-20 16:38:47,273 DEBUG loaded <trimesh.Trimesh(vertices.shape=(916, 3), faces.shape=(856, 3))> using `load_obj` in 0.0031s
2024-11-20 16:38:47,419 DEBUG loaded <trimesh.Trimesh(vertices.shape=(48, 3), faces.shape=(28, 3))> using `load_obj` in 0.0007s
2024-11-20 16:38:56,437 INFO =====> alpha: 1.01
2024-11-20 16:38:56,437 INFO =====> Loss info: {'particle_has_naninf': False, 'height_map_loss': 13.287735939025879, 'emd_loss': 23.283987045288086, 'total_loss': 23.283987045288086}
2024-11-20 16:38:57,081 INFO ===> New TaichiEnv created.
2024-11-20 16:38:57,081 INFO ===> Specifications: horizon = 311, dt = 0.01, n_substeps = 20, dt_sub = 0.0005
2024-11-20 16:38:57,104 DEBUG loaded <trimesh.Trimesh(vertices.shape=(916, 3), faces.shape=(856, 3))> using `load_obj` in 0.0030s
2024-11-20 16:38:57,250 DEBUG loaded <trimesh.Trimesh(vertices.shape=(48, 3), faces.shape=(28, 3))> using `load_obj` in 0.0007s
2024-11-20 16:39:07,154 INFO =====> alpha: 1.1
2024-11-20 16:39:07,154 INFO =====> Loss info: {'particle_has_naninf': False, 'height_map_loss': 13.288728713989258, 'emd_loss': 23.072996139526367, 'total_loss': 23.072996139526367}
2024-11-20 16:39:07,732 INFO ===> New TaichiEnv created.
2024-11-20 16:39:07,732 INFO ===> Specifications: horizon = 311, dt = 0.01, n_substeps = 20, dt_sub = 0.0005
2024-11-20 16:39:07,755 DEBUG loaded <trimesh.Trimesh(vertices.shape=(916, 3), faces.shape=(856, 3))> using `load_obj` in 0.0029s
2024-11-20 16:39:07,899 DEBUG loaded <trimesh.Trimesh(vertices.shape=(48, 3), faces.shape=(28, 3))> using `load_obj` in 0.0007s
2024-11-20 16:39:16,906 INFO =====> alpha: 1.5
2024-11-20 16:39:16,906 INFO =====> Loss info: {'particle_has_naninf': False, 'height_map_loss': 13.318634033203125, 'emd_loss': 23.263647079467773, 'total_loss': 23.263647079467773}
2024-11-20 16:39:16,907 INFO =====> Best alpha: 0.01, Best loss info: {'particle_has_naninf': False, 'height_map_loss': 13.240043640136719, 'emd_loss': 23.423254013061523, 'total_loss': 23.423254013061523}
2024-11-20 16:39:16,907 INFO =====> Param: E: [448595.22], nu: [0.21711592], rho: [1261.8804], sand_angle: [16.340105]
2024-11-20 16:39:16,907 INFO =====> Grad: [-1.0347630e-02 -1.9018818e+04 -7.0689857e+01 -3.6967401e+02]
2024-11-20 16:39:16,907 INFO =====> Num. aborted data so far: 0
2024-11-20 16:39:17,489 INFO ===> New TaichiEnv created.
2024-11-20 16:39:17,489 INFO ===> Specifications: horizon = 311, dt = 0.01, n_substeps = 20, dt_sub = 0.0005
2024-11-20 16:39:17,513 DEBUG loaded <trimesh.Trimesh(vertices.shape=(916, 3), faces.shape=(856, 3))> using `load_obj` in 0.0029s
2024-11-20 16:39:17,659 DEBUG loaded <trimesh.Trimesh(vertices.shape=(48, 3), faces.shape=(28, 3))> using `load_obj` in 0.0007s
2024-11-20 16:39:45,509 INFO =====> Epoch: 95
2024-11-20 16:39:45,509 INFO =====> Loss info: {'particle_has_naninf': False, 'height_map_loss': 13.249069213867188, 'emd_loss': 23.424510955810547, 'total_loss': 23.424510955810547}
2024-11-20 16:39:45,509 INFO =====> Performing line search for epoch 95......
2024-11-20 16:39:46,106 INFO ===> New TaichiEnv created.
2024-11-20 16:39:46,106 INFO ===> Specifications: horizon = 311, dt = 0.01, n_substeps = 20, dt_sub = 0.0005
2024-11-20 16:39:46,130 DEBUG loaded <trimesh.Trimesh(vertices.shape=(916, 3), faces.shape=(856, 3))> using `load_obj` in 0.0030s
2024-11-20 16:39:46,275 DEBUG loaded <trimesh.Trimesh(vertices.shape=(48, 3), faces.shape=(28, 3))> using `load_obj` in 0.0007s
2024-11-20 16:39:55,184 INFO =====> alpha: 0.01
2024-11-20 16:39:55,185 INFO =====> Loss info: {'particle_has_naninf': False, 'height_map_loss': 13.219413757324219, 'emd_loss': 23.401260375976562, 'total_loss': 23.401260375976562}
2024-11-20 16:39:55,761 INFO ===> New TaichiEnv created.
2024-11-20 16:39:55,761 INFO ===> Specifications: horizon = 311, dt = 0.01, n_substeps = 20, dt_sub = 0.0005
2024-11-20 16:39:55,784 DEBUG loaded <trimesh.Trimesh(vertices.shape=(916, 3), faces.shape=(856, 3))> using `load_obj` in 0.0030s
2024-11-20 16:39:55,930 DEBUG loaded <trimesh.Trimesh(vertices.shape=(48, 3), faces.shape=(28, 3))> using `load_obj` in 0.0007s
2024-11-20 16:40:04,985 INFO =====> alpha: 0.1
2024-11-20 16:40:04,985 INFO =====> Loss info: {'particle_has_naninf': False, 'height_map_loss': 13.214064598083496, 'emd_loss': 23.571565628051758, 'total_loss': 23.571565628051758}
2024-11-20 16:40:05,591 INFO ===> New TaichiEnv created.
2024-11-20 16:40:05,591 INFO ===> Specifications: horizon = 311, dt = 0.01, n_substeps = 20, dt_sub = 0.0005
2024-11-20 16:40:05,614 DEBUG loaded <trimesh.Trimesh(vertices.shape=(916, 3), faces.shape=(856, 3))> using `load_obj` in 0.0030s
2024-11-20 16:40:05,761 DEBUG loaded <trimesh.Trimesh(vertices.shape=(48, 3), faces.shape=(28, 3))> using `load_obj` in 0.0007s
2024-11-20 16:40:15,680 INFO =====> alpha: 0.5
2024-11-20 16:40:15,680 INFO =====> Loss info: {'particle_has_naninf': False, 'height_map_loss': 13.249303817749023, 'emd_loss': 24.081079483032227, 'total_loss': 24.081079483032227}
2024-11-20 16:40:16,254 INFO ===> New TaichiEnv created.
2024-11-20 16:40:16,254 INFO ===> Specifications: horizon = 311, dt = 0.01, n_substeps = 20, dt_sub = 0.0005
2024-11-20 16:40:16,277 DEBUG loaded <trimesh.Trimesh(vertices.shape=(916, 3), faces.shape=(856, 3))> using `load_obj` in 0.0029s
2024-11-20 16:40:16,422 DEBUG loaded <trimesh.Trimesh(vertices.shape=(48, 3), faces.shape=(28, 3))> using `load_obj` in 0.0007s
2024-11-20 16:40:25,466 INFO =====> alpha: 1.0
2024-11-20 16:40:25,466 INFO =====> Loss info: {'particle_has_naninf': False, 'height_map_loss': 13.310830116271973, 'emd_loss': 23.549495697021484, 'total_loss': 23.549495697021484}
2024-11-20 16:40:26,040 INFO ===> New TaichiEnv created.
2024-11-20 16:40:26,040 INFO ===> Specifications: horizon = 311, dt = 0.01, n_substeps = 20, dt_sub = 0.0005
2024-11-20 16:40:26,063 DEBUG loaded <trimesh.Trimesh(vertices.shape=(916, 3), faces.shape=(856, 3))> using `load_obj` in 0.0029s
2024-11-20 16:40:26,209 DEBUG loaded <trimesh.Trimesh(vertices.shape=(48, 3), faces.shape=(28, 3))> using `load_obj` in 0.0007s
2024-11-20 16:40:36,126 INFO =====> alpha: 1.01
2024-11-20 16:40:36,126 INFO =====> Loss info: {'particle_has_naninf': False, 'height_map_loss': 13.307662963867188, 'emd_loss': 23.54627799987793, 'total_loss': 23.54627799987793}
2024-11-20 16:40:36,701 INFO ===> New TaichiEnv created.
2024-11-20 16:40:36,701 INFO ===> Specifications: horizon = 311, dt = 0.01, n_substeps = 20, dt_sub = 0.0005
2024-11-20 16:40:36,724 DEBUG loaded <trimesh.Trimesh(vertices.shape=(916, 3), faces.shape=(856, 3))> using `load_obj` in 0.0029s
2024-11-20 16:40:36,868 DEBUG loaded <trimesh.Trimesh(vertices.shape=(48, 3), faces.shape=(28, 3))> using `load_obj` in 0.0007s
2024-11-20 16:40:45,876 INFO =====> alpha: 1.1
2024-11-20 16:40:45,876 INFO =====> Loss info: {'particle_has_naninf': False, 'height_map_loss': 13.337468147277832, 'emd_loss': 23.477895736694336, 'total_loss': 23.477895736694336}
2024-11-20 16:40:46,455 INFO ===> New TaichiEnv created.
2024-11-20 16:40:46,455 INFO ===> Specifications: horizon = 311, dt = 0.01, n_substeps = 20, dt_sub = 0.0005
2024-11-20 16:40:46,478 DEBUG loaded <trimesh.Trimesh(vertices.shape=(916, 3), faces.shape=(856, 3))> using `load_obj` in 0.0030s
2024-11-20 16:40:46,623 DEBUG loaded <trimesh.Trimesh(vertices.shape=(48, 3), faces.shape=(28, 3))> using `load_obj` in 0.0007s
2024-11-20 16:40:55,549 INFO =====> alpha: 1.5
2024-11-20 16:40:55,549 INFO =====> Loss info: {'particle_has_naninf': False, 'height_map_loss': 13.391782760620117, 'emd_loss': 23.762432098388672, 'total_loss': 23.762432098388672}
2024-11-20 16:40:55,550 INFO =====> Best alpha: 0.1, Best loss info: {'particle_has_naninf': False, 'height_map_loss': 13.214064598083496, 'emd_loss': 23.571565628051758, 'total_loss': 23.571565628051758}
2024-11-20 16:40:55,550 INFO =====> Param: E: [448193.], nu: [0.21674679], rho: [1266.512], sand_angle: [16.182026]
2024-11-20 16:40:55,550 INFO =====> Grad: [ 2.4444168e-03  5.6045264e+03 -3.3919304e+01  9.0276862e+02]
2024-11-20 16:40:55,550 INFO =====> Num. aborted data so far: 0
2024-11-20 16:40:56,132 INFO ===> New TaichiEnv created.
2024-11-20 16:40:56,132 INFO ===> Specifications: horizon = 311, dt = 0.01, n_substeps = 20, dt_sub = 0.0005
2024-11-20 16:40:56,158 DEBUG loaded <trimesh.Trimesh(vertices.shape=(916, 3), faces.shape=(856, 3))> using `load_obj` in 0.0030s
2024-11-20 16:40:56,304 DEBUG loaded <trimesh.Trimesh(vertices.shape=(48, 3), faces.shape=(28, 3))> using `load_obj` in 0.0007s
2024-11-20 16:41:24,276 INFO =====> Epoch: 96
2024-11-20 16:41:24,276 INFO =====> Loss info: {'particle_has_naninf': False, 'height_map_loss': 13.213973045349121, 'emd_loss': 23.57151222229004, 'total_loss': 23.57151222229004}
2024-11-20 16:41:24,277 INFO =====> Performing line search for epoch 96......
2024-11-20 16:41:24,876 INFO ===> New TaichiEnv created.
2024-11-20 16:41:24,876 INFO ===> Specifications: horizon = 311, dt = 0.01, n_substeps = 20, dt_sub = 0.0005
2024-11-20 16:41:24,899 DEBUG loaded <trimesh.Trimesh(vertices.shape=(916, 3), faces.shape=(856, 3))> using `load_obj` in 0.0030s
2024-11-20 16:41:25,045 DEBUG loaded <trimesh.Trimesh(vertices.shape=(48, 3), faces.shape=(28, 3))> using `load_obj` in 0.0007s
2024-11-20 16:41:33,973 INFO =====> alpha: 0.01
2024-11-20 16:41:33,973 INFO =====> Loss info: {'particle_has_naninf': False, 'height_map_loss': 13.21522331237793, 'emd_loss': 23.55876922607422, 'total_loss': 23.55876922607422}
2024-11-20 16:41:34,561 INFO ===> New TaichiEnv created.
2024-11-20 16:41:34,562 INFO ===> Specifications: horizon = 311, dt = 0.01, n_substeps = 20, dt_sub = 0.0005
2024-11-20 16:41:34,585 DEBUG loaded <trimesh.Trimesh(vertices.shape=(916, 3), faces.shape=(856, 3))> using `load_obj` in 0.0030s
2024-11-20 16:41:34,733 DEBUG loaded <trimesh.Trimesh(vertices.shape=(48, 3), faces.shape=(28, 3))> using `load_obj` in 0.0007s
2024-11-20 16:41:44,702 INFO =====> alpha: 0.1
2024-11-20 16:41:44,702 INFO =====> Loss info: {'particle_has_naninf': False, 'height_map_loss': 13.231616973876953, 'emd_loss': 23.435922622680664, 'total_loss': 23.435922622680664}
2024-11-20 16:41:45,280 INFO ===> New TaichiEnv created.
2024-11-20 16:41:45,280 INFO ===> Specifications: horizon = 311, dt = 0.01, n_substeps = 20, dt_sub = 0.0005
2024-11-20 16:41:45,303 DEBUG loaded <trimesh.Trimesh(vertices.shape=(916, 3), faces.shape=(856, 3))> using `load_obj` in 0.0029s
2024-11-20 16:41:45,449 DEBUG loaded <trimesh.Trimesh(vertices.shape=(48, 3), faces.shape=(28, 3))> using `load_obj` in 0.0007s
2024-11-20 16:41:54,557 INFO =====> alpha: 0.5
2024-11-20 16:41:54,557 INFO =====> Loss info: {'particle_has_naninf': False, 'height_map_loss': 13.310338973999023, 'emd_loss': 23.24468231201172, 'total_loss': 23.24468231201172}
2024-11-20 16:41:55,132 INFO ===> New TaichiEnv created.
2024-11-20 16:41:55,132 INFO ===> Specifications: horizon = 311, dt = 0.01, n_substeps = 20, dt_sub = 0.0005
2024-11-20 16:41:55,156 DEBUG loaded <trimesh.Trimesh(vertices.shape=(916, 3), faces.shape=(856, 3))> using `load_obj` in 0.0031s
2024-11-20 16:41:55,303 DEBUG loaded <trimesh.Trimesh(vertices.shape=(48, 3), faces.shape=(28, 3))> using `load_obj` in 0.0007s
2024-11-20 16:42:04,210 INFO =====> alpha: 1.0
2024-11-20 16:42:04,210 INFO =====> Loss info: {'particle_has_naninf': False, 'height_map_loss': 13.316666603088379, 'emd_loss': 23.261234283447266, 'total_loss': 23.261234283447266}
2024-11-20 16:42:04,786 INFO ===> New TaichiEnv created.
2024-11-20 16:42:04,786 INFO ===> Specifications: horizon = 311, dt = 0.01, n_substeps = 20, dt_sub = 0.0005
2024-11-20 16:42:04,809 DEBUG loaded <trimesh.Trimesh(vertices.shape=(916, 3), faces.shape=(856, 3))> using `load_obj` in 0.0030s
2024-11-20 16:42:04,956 DEBUG loaded <trimesh.Trimesh(vertices.shape=(48, 3), faces.shape=(28, 3))> using `load_obj` in 0.0007s
2024-11-20 16:42:14,825 INFO =====> alpha: 1.01
2024-11-20 16:42:14,825 INFO =====> Loss info: {'particle_has_naninf': False, 'height_map_loss': 13.320693016052246, 'emd_loss': 23.263099670410156, 'total_loss': 23.263099670410156}
2024-11-20 16:42:15,401 INFO ===> New TaichiEnv created.
2024-11-20 16:42:15,401 INFO ===> Specifications: horizon = 311, dt = 0.01, n_substeps = 20, dt_sub = 0.0005
2024-11-20 16:42:15,424 DEBUG loaded <trimesh.Trimesh(vertices.shape=(916, 3), faces.shape=(856, 3))> using `load_obj` in 0.0030s
2024-11-20 16:42:15,571 DEBUG loaded <trimesh.Trimesh(vertices.shape=(48, 3), faces.shape=(28, 3))> using `load_obj` in 0.0007s
2024-11-20 16:42:24,580 INFO =====> alpha: 1.1
2024-11-20 16:42:24,580 INFO =====> Loss info: {'particle_has_naninf': False, 'height_map_loss': 13.337153434753418, 'emd_loss': 23.318315505981445, 'total_loss': 23.318315505981445}
2024-11-20 16:42:25,160 INFO ===> New TaichiEnv created.
2024-11-20 16:42:25,160 INFO ===> Specifications: horizon = 311, dt = 0.01, n_substeps = 20, dt_sub = 0.0005
2024-11-20 16:42:25,182 DEBUG loaded <trimesh.Trimesh(vertices.shape=(916, 3), faces.shape=(856, 3))> using `load_obj` in 0.0030s
2024-11-20 16:42:25,332 DEBUG loaded <trimesh.Trimesh(vertices.shape=(48, 3), faces.shape=(28, 3))> using `load_obj` in 0.0007s
2024-11-20 16:42:35,207 INFO =====> alpha: 1.5
2024-11-20 16:42:35,207 INFO =====> Loss info: {'particle_has_naninf': False, 'height_map_loss': 13.365362167358398, 'emd_loss': 23.486848831176758, 'total_loss': 23.486848831176758}
2024-11-20 16:42:35,208 INFO =====> Best alpha: 0.01, Best loss info: {'particle_has_naninf': False, 'height_map_loss': 13.21522331237793, 'emd_loss': 23.55876922607422, 'total_loss': 23.55876922607422}
2024-11-20 16:42:35,208 INFO =====> Param: E: [448245.88], nu: [0.21679483], rho: [1267.6202], sand_angle: [16.192497]
2024-11-20 16:42:35,208 INFO =====> Grad: [-3.0583621e-03 -7.0009736e+03 -1.0796990e+02 -6.0129138e+02]
2024-11-20 16:42:35,208 INFO =====> Num. aborted data so far: 0
2024-11-20 16:42:35,791 INFO ===> New TaichiEnv created.
2024-11-20 16:42:35,791 INFO ===> Specifications: horizon = 311, dt = 0.01, n_substeps = 20, dt_sub = 0.0005
2024-11-20 16:42:35,815 DEBUG loaded <trimesh.Trimesh(vertices.shape=(916, 3), faces.shape=(856, 3))> using `load_obj` in 0.0030s
2024-11-20 16:42:35,962 DEBUG loaded <trimesh.Trimesh(vertices.shape=(48, 3), faces.shape=(28, 3))> using `load_obj` in 0.0007s
2024-11-20 16:43:02,950 INFO =====> Epoch: 97
2024-11-20 16:43:02,951 INFO =====> Loss info: {'particle_has_naninf': False, 'height_map_loss': 13.218855857849121, 'emd_loss': 23.559783935546875, 'total_loss': 23.559783935546875}
2024-11-20 16:43:02,951 INFO =====> Performing line search for epoch 97......
2024-11-20 16:43:03,555 INFO ===> New TaichiEnv created.
2024-11-20 16:43:03,555 INFO ===> Specifications: horizon = 311, dt = 0.01, n_substeps = 20, dt_sub = 0.0005
2024-11-20 16:43:03,579 DEBUG loaded <trimesh.Trimesh(vertices.shape=(916, 3), faces.shape=(856, 3))> using `load_obj` in 0.0031s
2024-11-20 16:43:03,727 DEBUG loaded <trimesh.Trimesh(vertices.shape=(48, 3), faces.shape=(28, 3))> using `load_obj` in 0.0007s
2024-11-20 16:43:13,615 INFO =====> alpha: 0.01
2024-11-20 16:43:13,615 INFO =====> Loss info: {'particle_has_naninf': False, 'height_map_loss': 13.216946601867676, 'emd_loss': 23.569225311279297, 'total_loss': 23.569225311279297}
2024-11-20 16:43:14,198 INFO ===> New TaichiEnv created.
2024-11-20 16:43:14,198 INFO ===> Specifications: horizon = 311, dt = 0.01, n_substeps = 20, dt_sub = 0.0005
2024-11-20 16:43:14,221 DEBUG loaded <trimesh.Trimesh(vertices.shape=(916, 3), faces.shape=(856, 3))> using `load_obj` in 0.0030s
2024-11-20 16:43:14,367 DEBUG loaded <trimesh.Trimesh(vertices.shape=(48, 3), faces.shape=(28, 3))> using `load_obj` in 0.0007s
2024-11-20 16:43:23,421 INFO =====> alpha: 0.1
2024-11-20 16:43:23,421 INFO =====> Loss info: {'particle_has_naninf': False, 'height_map_loss': 13.220118522644043, 'emd_loss': 23.584585189819336, 'total_loss': 23.584585189819336}
2024-11-20 16:43:24,009 INFO ===> New TaichiEnv created.
2024-11-20 16:43:24,009 INFO ===> Specifications: horizon = 311, dt = 0.01, n_substeps = 20, dt_sub = 0.0005
2024-11-20 16:43:24,032 DEBUG loaded <trimesh.Trimesh(vertices.shape=(916, 3), faces.shape=(856, 3))> using `load_obj` in 0.0031s
2024-11-20 16:43:24,177 DEBUG loaded <trimesh.Trimesh(vertices.shape=(48, 3), faces.shape=(28, 3))> using `load_obj` in 0.0007s
2024-11-20 16:43:33,209 INFO =====> alpha: 0.5
2024-11-20 16:43:33,209 INFO =====> Loss info: {'particle_has_naninf': False, 'height_map_loss': 13.248455047607422, 'emd_loss': 23.47736358642578, 'total_loss': 23.47736358642578}
2024-11-20 16:43:33,780 INFO ===> New TaichiEnv created.
2024-11-20 16:43:33,781 INFO ===> Specifications: horizon = 311, dt = 0.01, n_substeps = 20, dt_sub = 0.0005
2024-11-20 16:43:33,803 DEBUG loaded <trimesh.Trimesh(vertices.shape=(916, 3), faces.shape=(856, 3))> using `load_obj` in 0.0030s
2024-11-20 16:43:33,952 DEBUG loaded <trimesh.Trimesh(vertices.shape=(48, 3), faces.shape=(28, 3))> using `load_obj` in 0.0007s
2024-11-20 16:43:43,878 INFO =====> alpha: 1.0
2024-11-20 16:43:43,878 INFO =====> Loss info: {'particle_has_naninf': False, 'height_map_loss': 13.256399154663086, 'emd_loss': 23.787841796875, 'total_loss': 23.787841796875}
2024-11-20 16:43:44,476 INFO ===> New TaichiEnv created.
2024-11-20 16:43:44,476 INFO ===> Specifications: horizon = 311, dt = 0.01, n_substeps = 20, dt_sub = 0.0005
2024-11-20 16:43:44,499 DEBUG loaded <trimesh.Trimesh(vertices.shape=(916, 3), faces.shape=(856, 3))> using `load_obj` in 0.0029s
2024-11-20 16:43:44,644 DEBUG loaded <trimesh.Trimesh(vertices.shape=(48, 3), faces.shape=(28, 3))> using `load_obj` in 0.0007s
2024-11-20 16:43:53,544 INFO =====> alpha: 1.01
2024-11-20 16:43:53,544 INFO =====> Loss info: {'particle_has_naninf': False, 'height_map_loss': 13.256093978881836, 'emd_loss': 23.7882080078125, 'total_loss': 23.7882080078125}
2024-11-20 16:43:54,120 INFO ===> New TaichiEnv created.
2024-11-20 16:43:54,120 INFO ===> Specifications: horizon = 311, dt = 0.01, n_substeps = 20, dt_sub = 0.0005
2024-11-20 16:43:54,143 DEBUG loaded <trimesh.Trimesh(vertices.shape=(916, 3), faces.shape=(856, 3))> using `load_obj` in 0.0030s
2024-11-20 16:43:54,287 DEBUG loaded <trimesh.Trimesh(vertices.shape=(48, 3), faces.shape=(28, 3))> using `load_obj` in 0.0007s
2024-11-20 16:44:04,144 INFO =====> alpha: 1.1
2024-11-20 16:44:04,144 INFO =====> Loss info: {'particle_has_naninf': False, 'height_map_loss': 13.263323783874512, 'emd_loss': 23.80108070373535, 'total_loss': 23.80108070373535}
2024-11-20 16:44:04,720 INFO ===> New TaichiEnv created.
2024-11-20 16:44:04,720 INFO ===> Specifications: horizon = 311, dt = 0.01, n_substeps = 20, dt_sub = 0.0005
2024-11-20 16:44:04,743 DEBUG loaded <trimesh.Trimesh(vertices.shape=(916, 3), faces.shape=(856, 3))> using `load_obj` in 0.0029s
2024-11-20 16:44:04,887 DEBUG loaded <trimesh.Trimesh(vertices.shape=(48, 3), faces.shape=(28, 3))> using `load_obj` in 0.0007s
2024-11-20 16:44:13,825 INFO =====> alpha: 1.5
2024-11-20 16:44:13,825 INFO =====> Loss info: {'particle_has_naninf': False, 'height_map_loss': 13.274344444274902, 'emd_loss': 24.101139068603516, 'total_loss': 24.101139068603516}
2024-11-20 16:44:13,825 INFO =====> Best alpha: 0.01, Best loss info: {'particle_has_naninf': False, 'height_map_loss': 13.216946601867676, 'emd_loss': 23.569225311279297, 'total_loss': 23.569225311279297}
2024-11-20 16:44:13,826 INFO =====> Param: E: [448016.56], nu: [0.21666874], rho: [1267.5151], sand_angle: [16.187904]
2024-11-20 16:44:13,826 INFO =====> Grad: [1.3505299e-02 1.9008385e+04 9.7324877e+00 2.5289642e+02]
2024-11-20 16:44:13,826 INFO =====> Num. aborted data so far: 0
2024-11-20 16:44:14,399 INFO ===> New TaichiEnv created.
2024-11-20 16:44:14,399 INFO ===> Specifications: horizon = 311, dt = 0.01, n_substeps = 20, dt_sub = 0.0005
2024-11-20 16:44:14,424 DEBUG loaded <trimesh.Trimesh(vertices.shape=(916, 3), faces.shape=(856, 3))> using `load_obj` in 0.0030s
2024-11-20 16:44:14,576 DEBUG loaded <trimesh.Trimesh(vertices.shape=(48, 3), faces.shape=(28, 3))> using `load_obj` in 0.0007s
2024-11-20 16:44:42,467 INFO =====> Epoch: 98
2024-11-20 16:44:42,467 INFO =====> Loss info: {'particle_has_naninf': False, 'height_map_loss': 13.21181583404541, 'emd_loss': 23.553991317749023, 'total_loss': 23.553991317749023}
2024-11-20 16:44:42,467 INFO =====> Performing line search for epoch 98......
2024-11-20 16:44:43,070 INFO ===> New TaichiEnv created.
2024-11-20 16:44:43,070 INFO ===> Specifications: horizon = 311, dt = 0.01, n_substeps = 20, dt_sub = 0.0005
2024-11-20 16:44:43,093 DEBUG loaded <trimesh.Trimesh(vertices.shape=(916, 3), faces.shape=(856, 3))> using `load_obj` in 0.0031s
2024-11-20 16:44:43,239 DEBUG loaded <trimesh.Trimesh(vertices.shape=(48, 3), faces.shape=(28, 3))> using `load_obj` in 0.0007s
2024-11-20 16:44:52,223 INFO =====> alpha: 0.01
2024-11-20 16:44:52,223 INFO =====> Loss info: {'particle_has_naninf': False, 'height_map_loss': 13.214557647705078, 'emd_loss': 23.57816505432129, 'total_loss': 23.57816505432129}
2024-11-20 16:44:52,794 INFO ===> New TaichiEnv created.
2024-11-20 16:44:52,794 INFO ===> Specifications: horizon = 311, dt = 0.01, n_substeps = 20, dt_sub = 0.0005
2024-11-20 16:44:52,817 DEBUG loaded <trimesh.Trimesh(vertices.shape=(916, 3), faces.shape=(856, 3))> using `load_obj` in 0.0030s
2024-11-20 16:44:52,962 DEBUG loaded <trimesh.Trimesh(vertices.shape=(48, 3), faces.shape=(28, 3))> using `load_obj` in 0.0008s
2024-11-20 16:45:01,993 INFO =====> alpha: 0.1
2024-11-20 16:45:01,993 INFO =====> Loss info: {'particle_has_naninf': False, 'height_map_loss': 13.222814559936523, 'emd_loss': 23.432353973388672, 'total_loss': 23.432353973388672}
2024-11-20 16:45:02,567 INFO ===> New TaichiEnv created.
2024-11-20 16:45:02,567 INFO ===> Specifications: horizon = 311, dt = 0.01, n_substeps = 20, dt_sub = 0.0005
2024-11-20 16:45:02,594 DEBUG loaded <trimesh.Trimesh(vertices.shape=(916, 3), faces.shape=(856, 3))> using `load_obj` in 0.0030s
2024-11-20 16:45:02,739 DEBUG loaded <trimesh.Trimesh(vertices.shape=(48, 3), faces.shape=(28, 3))> using `load_obj` in 0.0007s
2024-11-20 16:45:12,654 INFO =====> alpha: 0.5
2024-11-20 16:45:12,655 INFO =====> Loss info: {'particle_has_naninf': False, 'height_map_loss': 13.219865798950195, 'emd_loss': 23.413330078125, 'total_loss': 23.413330078125}
2024-11-20 16:45:13,240 INFO ===> New TaichiEnv created.
2024-11-20 16:45:13,240 INFO ===> Specifications: horizon = 311, dt = 0.01, n_substeps = 20, dt_sub = 0.0005
2024-11-20 16:45:13,263 DEBUG loaded <trimesh.Trimesh(vertices.shape=(916, 3), faces.shape=(856, 3))> using `load_obj` in 0.0030s
2024-11-20 16:45:13,409 DEBUG loaded <trimesh.Trimesh(vertices.shape=(48, 3), faces.shape=(28, 3))> using `load_obj` in 0.0007s
2024-11-20 16:45:22,376 INFO =====> alpha: 1.0
2024-11-20 16:45:22,376 INFO =====> Loss info: {'particle_has_naninf': False, 'height_map_loss': 13.245516777038574, 'emd_loss': 23.16055679321289, 'total_loss': 23.16055679321289}
2024-11-20 16:45:22,948 INFO ===> New TaichiEnv created.
2024-11-20 16:45:22,948 INFO ===> Specifications: horizon = 311, dt = 0.01, n_substeps = 20, dt_sub = 0.0005
2024-11-20 16:45:22,971 DEBUG loaded <trimesh.Trimesh(vertices.shape=(916, 3), faces.shape=(856, 3))> using `load_obj` in 0.0030s
2024-11-20 16:45:23,119 DEBUG loaded <trimesh.Trimesh(vertices.shape=(48, 3), faces.shape=(28, 3))> using `load_obj` in 0.0007s
2024-11-20 16:45:32,111 INFO =====> alpha: 1.01
2024-11-20 16:45:32,111 INFO =====> Loss info: {'particle_has_naninf': False, 'height_map_loss': 13.253532409667969, 'emd_loss': 23.175600051879883, 'total_loss': 23.175600051879883}
2024-11-20 16:45:32,684 INFO ===> New TaichiEnv created.
2024-11-20 16:45:32,684 INFO ===> Specifications: horizon = 311, dt = 0.01, n_substeps = 20, dt_sub = 0.0005
2024-11-20 16:45:32,707 DEBUG loaded <trimesh.Trimesh(vertices.shape=(916, 3), faces.shape=(856, 3))> using `load_obj` in 0.0029s
2024-11-20 16:45:32,854 DEBUG loaded <trimesh.Trimesh(vertices.shape=(48, 3), faces.shape=(28, 3))> using `load_obj` in 0.0007s
2024-11-20 16:45:42,704 INFO =====> alpha: 1.1
2024-11-20 16:45:42,704 INFO =====> Loss info: {'particle_has_naninf': False, 'height_map_loss': 13.251142501831055, 'emd_loss': 23.129291534423828, 'total_loss': 23.129291534423828}
2024-11-20 16:45:43,277 INFO ===> New TaichiEnv created.
2024-11-20 16:45:43,277 INFO ===> Specifications: horizon = 311, dt = 0.01, n_substeps = 20, dt_sub = 0.0005
2024-11-20 16:45:43,300 DEBUG loaded <trimesh.Trimesh(vertices.shape=(916, 3), faces.shape=(856, 3))> using `load_obj` in 0.0030s
2024-11-20 16:45:43,444 DEBUG loaded <trimesh.Trimesh(vertices.shape=(48, 3), faces.shape=(28, 3))> using `load_obj` in 0.0007s
2024-11-20 16:45:52,392 INFO =====> alpha: 1.5
2024-11-20 16:45:52,392 INFO =====> Loss info: {'particle_has_naninf': False, 'height_map_loss': 13.251012802124023, 'emd_loss': 22.832630157470703, 'total_loss': 22.832630157470703}
2024-11-20 16:45:52,392 INFO =====> Best alpha: 0.01, Best loss info: {'particle_has_naninf': False, 'height_map_loss': 13.214557647705078, 'emd_loss': 23.57816505432129, 'total_loss': 23.57816505432129}
2024-11-20 16:45:52,393 INFO =====> Param: E: [448321.22], nu: [0.2168256], rho: [1267.6583], sand_angle: [16.195375]
2024-11-20 16:45:52,393 INFO =====> Grad: [-1.9423811e-02 -2.5839205e+04 -1.2630909e+01 -4.0157437e+02]
2024-11-20 16:45:52,393 INFO =====> Num. aborted data so far: 0
2024-11-20 16:45:52,969 INFO ===> New TaichiEnv created.
2024-11-20 16:45:52,969 INFO ===> Specifications: horizon = 311, dt = 0.01, n_substeps = 20, dt_sub = 0.0005
2024-11-20 16:45:52,993 DEBUG loaded <trimesh.Trimesh(vertices.shape=(916, 3), faces.shape=(856, 3))> using `load_obj` in 0.0030s
2024-11-20 16:45:53,138 DEBUG loaded <trimesh.Trimesh(vertices.shape=(48, 3), faces.shape=(28, 3))> using `load_obj` in 0.0007s
2024-11-20 16:46:21,062 INFO =====> Epoch: 99
2024-11-20 16:46:21,062 INFO =====> Loss info: {'particle_has_naninf': False, 'height_map_loss': 13.214482307434082, 'emd_loss': 23.559999465942383, 'total_loss': 23.559999465942383}
2024-11-20 16:46:21,063 INFO =====> Performing line search for epoch 99......
2024-11-20 16:46:21,665 INFO ===> New TaichiEnv created.
2024-11-20 16:46:21,665 INFO ===> Specifications: horizon = 311, dt = 0.01, n_substeps = 20, dt_sub = 0.0005
2024-11-20 16:46:21,688 DEBUG loaded <trimesh.Trimesh(vertices.shape=(916, 3), faces.shape=(856, 3))> using `load_obj` in 0.0029s
2024-11-20 16:46:21,837 DEBUG loaded <trimesh.Trimesh(vertices.shape=(48, 3), faces.shape=(28, 3))> using `load_obj` in 0.0007s
2024-11-20 16:46:30,927 INFO =====> alpha: 0.01
2024-11-20 16:46:30,927 INFO =====> Loss info: {'particle_has_naninf': False, 'height_map_loss': 13.21330451965332, 'emd_loss': 23.576231002807617, 'total_loss': 23.576231002807617}
2024-11-20 16:46:31,503 INFO ===> New TaichiEnv created.
2024-11-20 16:46:31,503 INFO ===> Specifications: horizon = 311, dt = 0.01, n_substeps = 20, dt_sub = 0.0005
2024-11-20 16:46:31,526 DEBUG loaded <trimesh.Trimesh(vertices.shape=(916, 3), faces.shape=(856, 3))> using `load_obj` in 0.0029s
2024-11-20 16:46:31,672 DEBUG loaded <trimesh.Trimesh(vertices.shape=(48, 3), faces.shape=(28, 3))> using `load_obj` in 0.0007s
2024-11-20 16:46:41,619 INFO =====> alpha: 0.1
2024-11-20 16:46:41,619 INFO =====> Loss info: {'particle_has_naninf': False, 'height_map_loss': 13.224475860595703, 'emd_loss': 23.513050079345703, 'total_loss': 23.513050079345703}
2024-11-20 16:46:42,192 INFO ===> New TaichiEnv created.
2024-11-20 16:46:42,192 INFO ===> Specifications: horizon = 311, dt = 0.01, n_substeps = 20, dt_sub = 0.0005
2024-11-20 16:46:42,215 DEBUG loaded <trimesh.Trimesh(vertices.shape=(916, 3), faces.shape=(856, 3))> using `load_obj` in 0.0030s
2024-11-20 16:46:42,362 DEBUG loaded <trimesh.Trimesh(vertices.shape=(48, 3), faces.shape=(28, 3))> using `load_obj` in 0.0007s
2024-11-20 16:46:51,277 INFO =====> alpha: 0.5
2024-11-20 16:46:51,277 INFO =====> Loss info: {'particle_has_naninf': False, 'height_map_loss': 13.248716354370117, 'emd_loss': 23.48824691772461, 'total_loss': 23.48824691772461}
2024-11-20 16:46:51,851 INFO ===> New TaichiEnv created.
2024-11-20 16:46:51,851 INFO ===> Specifications: horizon = 311, dt = 0.01, n_substeps = 20, dt_sub = 0.0005
2024-11-20 16:46:51,875 DEBUG loaded <trimesh.Trimesh(vertices.shape=(916, 3), faces.shape=(856, 3))> using `load_obj` in 0.0031s
2024-11-20 16:46:52,021 DEBUG loaded <trimesh.Trimesh(vertices.shape=(48, 3), faces.shape=(28, 3))> using `load_obj` in 0.0007s
2024-11-20 16:47:00,951 INFO =====> alpha: 1.0
2024-11-20 16:47:00,951 INFO =====> Loss info: {'particle_has_naninf': False, 'height_map_loss': 13.228792190551758, 'emd_loss': 23.850387573242188, 'total_loss': 23.850387573242188}
2024-11-20 16:47:01,522 INFO ===> New TaichiEnv created.
2024-11-20 16:47:01,522 INFO ===> Specifications: horizon = 311, dt = 0.01, n_substeps = 20, dt_sub = 0.0005
2024-11-20 16:47:01,545 DEBUG loaded <trimesh.Trimesh(vertices.shape=(916, 3), faces.shape=(856, 3))> using `load_obj` in 0.0029s
2024-11-20 16:47:01,690 DEBUG loaded <trimesh.Trimesh(vertices.shape=(48, 3), faces.shape=(28, 3))> using `load_obj` in 0.0007s
2024-11-20 16:47:11,675 INFO =====> alpha: 1.01
2024-11-20 16:47:11,675 INFO =====> Loss info: {'particle_has_naninf': False, 'height_map_loss': 13.217256546020508, 'emd_loss': 23.851943969726562, 'total_loss': 23.851943969726562}
2024-11-20 16:47:12,243 INFO ===> New TaichiEnv created.
2024-11-20 16:47:12,244 INFO ===> Specifications: horizon = 311, dt = 0.01, n_substeps = 20, dt_sub = 0.0005
2024-11-20 16:47:12,266 DEBUG loaded <trimesh.Trimesh(vertices.shape=(916, 3), faces.shape=(856, 3))> using `load_obj` in 0.0029s
2024-11-20 16:47:12,412 DEBUG loaded <trimesh.Trimesh(vertices.shape=(48, 3), faces.shape=(28, 3))> using `load_obj` in 0.0007s
2024-11-20 16:47:21,522 INFO =====> alpha: 1.1
2024-11-20 16:47:21,522 INFO =====> Loss info: {'particle_has_naninf': False, 'height_map_loss': 13.227563858032227, 'emd_loss': 24.02071189880371, 'total_loss': 24.02071189880371}
2024-11-20 16:47:22,095 INFO ===> New TaichiEnv created.
2024-11-20 16:47:22,095 INFO ===> Specifications: horizon = 311, dt = 0.01, n_substeps = 20, dt_sub = 0.0005
2024-11-20 16:47:22,118 DEBUG loaded <trimesh.Trimesh(vertices.shape=(916, 3), faces.shape=(856, 3))> using `load_obj` in 0.0030s
2024-11-20 16:47:22,262 DEBUG loaded <trimesh.Trimesh(vertices.shape=(48, 3), faces.shape=(28, 3))> using `load_obj` in 0.0007s
2024-11-20 16:47:31,347 INFO =====> alpha: 1.5
2024-11-20 16:47:31,347 INFO =====> Loss info: {'particle_has_naninf': False, 'height_map_loss': 13.283472061157227, 'emd_loss': 23.89616584777832, 'total_loss': 23.89616584777832}
2024-11-20 16:47:31,348 INFO =====> Best alpha: 0.01, Best loss info: {'particle_has_naninf': False, 'height_map_loss': 13.21330451965332, 'emd_loss': 23.576231002807617, 'total_loss': 23.576231002807617}
2024-11-20 16:47:31,348 INFO =====> Param: E: [448324.88], nu: [0.21681069], rho: [1267.5233], sand_angle: [16.188898]
2024-11-20 16:47:31,348 INFO =====> Grad: [-2.2056526e-04  2.3345383e+03  1.1340546e+01  3.3741153e+02]
2024-11-20 16:47:31,348 INFO =====> Num. aborted data so far: 0
2024-11-20 16:47:31,918 INFO ===> New TaichiEnv created.
2024-11-20 16:47:31,919 INFO ===> Specifications: horizon = 311, dt = 0.01, n_substeps = 20, dt_sub = 0.0005
2024-11-20 16:47:31,944 DEBUG loaded <trimesh.Trimesh(vertices.shape=(916, 3), faces.shape=(856, 3))> using `load_obj` in 0.0029s
2024-11-20 16:47:32,094 DEBUG loaded <trimesh.Trimesh(vertices.shape=(48, 3), faces.shape=(28, 3))> using `load_obj` in 0.0007s
2024-11-20 16:48:00,040 INFO =====> Epoch: 100
2024-11-20 16:48:00,040 INFO =====> Loss info: {'particle_has_naninf': False, 'height_map_loss': 13.211658477783203, 'emd_loss': 23.57244300842285, 'total_loss': 23.57244300842285}
2024-11-20 16:48:00,040 INFO =====> Performing line search for epoch 100......
2024-11-20 16:48:00,640 INFO ===> New TaichiEnv created.
2024-11-20 16:48:00,640 INFO ===> Specifications: horizon = 311, dt = 0.01, n_substeps = 20, dt_sub = 0.0005
2024-11-20 16:48:00,663 DEBUG loaded <trimesh.Trimesh(vertices.shape=(916, 3), faces.shape=(856, 3))> using `load_obj` in 0.0030s
2024-11-20 16:48:00,808 DEBUG loaded <trimesh.Trimesh(vertices.shape=(48, 3), faces.shape=(28, 3))> using `load_obj` in 0.0007s
2024-11-20 16:48:09,747 INFO =====> alpha: 0.01
2024-11-20 16:48:09,747 INFO =====> Loss info: {'particle_has_naninf': False, 'height_map_loss': 13.210726737976074, 'emd_loss': 23.583120346069336, 'total_loss': 23.583120346069336}
2024-11-20 16:48:10,318 INFO ===> New TaichiEnv created.
2024-11-20 16:48:10,319 INFO ===> Specifications: horizon = 311, dt = 0.01, n_substeps = 20, dt_sub = 0.0005
2024-11-20 16:48:10,342 DEBUG loaded <trimesh.Trimesh(vertices.shape=(916, 3), faces.shape=(856, 3))> using `load_obj` in 0.0031s
2024-11-20 16:48:10,491 DEBUG loaded <trimesh.Trimesh(vertices.shape=(48, 3), faces.shape=(28, 3))> using `load_obj` in 0.0007s
2024-11-20 16:48:20,377 INFO =====> alpha: 0.1
2024-11-20 16:48:20,378 INFO =====> Loss info: {'particle_has_naninf': False, 'height_map_loss': 13.220804214477539, 'emd_loss': 23.463592529296875, 'total_loss': 23.463592529296875}
2024-11-20 16:48:20,958 INFO ===> New TaichiEnv created.
2024-11-20 16:48:20,958 INFO ===> Specifications: horizon = 311, dt = 0.01, n_substeps = 20, dt_sub = 0.0005
2024-11-20 16:48:20,981 DEBUG loaded <trimesh.Trimesh(vertices.shape=(916, 3), faces.shape=(856, 3))> using `load_obj` in 0.0030s
2024-11-20 16:48:21,127 DEBUG loaded <trimesh.Trimesh(vertices.shape=(48, 3), faces.shape=(28, 3))> using `load_obj` in 0.0007s
2024-11-20 16:48:30,089 INFO =====> alpha: 0.5
2024-11-20 16:48:30,089 INFO =====> Loss info: {'particle_has_naninf': False, 'height_map_loss': 13.244821548461914, 'emd_loss': 23.371871948242188, 'total_loss': 23.371871948242188}
2024-11-20 16:48:30,668 INFO ===> New TaichiEnv created.
2024-11-20 16:48:30,668 INFO ===> Specifications: horizon = 311, dt = 0.01, n_substeps = 20, dt_sub = 0.0005
2024-11-20 16:48:30,691 DEBUG loaded <trimesh.Trimesh(vertices.shape=(916, 3), faces.shape=(856, 3))> using `load_obj` in 0.0030s
2024-11-20 16:48:30,837 DEBUG loaded <trimesh.Trimesh(vertices.shape=(48, 3), faces.shape=(28, 3))> using `load_obj` in 0.0007s
2024-11-20 16:48:40,766 INFO =====> alpha: 1.0
2024-11-20 16:48:40,766 INFO =====> Loss info: {'particle_has_naninf': False, 'height_map_loss': 13.240812301635742, 'emd_loss': 23.420644760131836, 'total_loss': 23.420644760131836}
2024-11-20 16:48:41,341 INFO ===> New TaichiEnv created.
2024-11-20 16:48:41,342 INFO ===> Specifications: horizon = 311, dt = 0.01, n_substeps = 20, dt_sub = 0.0005
2024-11-20 16:48:41,364 DEBUG loaded <trimesh.Trimesh(vertices.shape=(916, 3), faces.shape=(856, 3))> using `load_obj` in 0.0029s
2024-11-20 16:48:41,509 DEBUG loaded <trimesh.Trimesh(vertices.shape=(48, 3), faces.shape=(28, 3))> using `load_obj` in 0.0007s
2024-11-20 16:48:50,603 INFO =====> alpha: 1.01
2024-11-20 16:48:50,603 INFO =====> Loss info: {'particle_has_naninf': False, 'height_map_loss': 13.240740776062012, 'emd_loss': 23.421117782592773, 'total_loss': 23.421117782592773}
2024-11-20 16:48:51,175 INFO ===> New TaichiEnv created.
2024-11-20 16:48:51,175 INFO ===> Specifications: horizon = 311, dt = 0.01, n_substeps = 20, dt_sub = 0.0005
2024-11-20 16:48:51,197 DEBUG loaded <trimesh.Trimesh(vertices.shape=(916, 3), faces.shape=(856, 3))> using `load_obj` in 0.0029s
2024-11-20 16:48:51,343 DEBUG loaded <trimesh.Trimesh(vertices.shape=(48, 3), faces.shape=(28, 3))> using `load_obj` in 0.0007s
2024-11-20 16:49:00,284 INFO =====> alpha: 1.1
2024-11-20 16:49:00,284 INFO =====> Loss info: {'particle_has_naninf': False, 'height_map_loss': 13.23981761932373, 'emd_loss': 23.419511795043945, 'total_loss': 23.419511795043945}
2024-11-20 16:49:00,864 INFO ===> New TaichiEnv created.
2024-11-20 16:49:00,864 INFO ===> Specifications: horizon = 311, dt = 0.01, n_substeps = 20, dt_sub = 0.0005
2024-11-20 16:49:00,887 DEBUG loaded <trimesh.Trimesh(vertices.shape=(916, 3), faces.shape=(856, 3))> using `load_obj` in 0.0029s
2024-11-20 16:49:01,033 DEBUG loaded <trimesh.Trimesh(vertices.shape=(48, 3), faces.shape=(28, 3))> using `load_obj` in 0.0007s
2024-11-20 16:49:10,923 INFO =====> alpha: 1.5
2024-11-20 16:49:10,923 INFO =====> Loss info: {'particle_has_naninf': False, 'height_map_loss': 13.278931617736816, 'emd_loss': 23.522130966186523, 'total_loss': 23.522130966186523}
2024-11-20 16:49:10,923 INFO =====> Best alpha: 0.01, Best loss info: {'particle_has_naninf': False, 'height_map_loss': 13.210726737976074, 'emd_loss': 23.583120346069336, 'total_loss': 23.583120346069336}
2024-11-20 16:49:10,923 INFO =====> Param: E: [448368.8], nu: [0.21681298], rho: [1267.6486], sand_angle: [16.192738]
2024-11-20 16:49:10,923 INFO =====> Grad: [-2.5265210e-03 -3.3997470e+02 -1.0016097e+01 -1.9114580e+02]
2024-11-20 16:49:10,923 INFO =====> Num. aborted data so far: 0
2024-11-20 16:49:11,537 INFO ===> New TaichiEnv created.
2024-11-20 16:49:11,537 INFO ===> Specifications: horizon = 311, dt = 0.01, n_substeps = 20, dt_sub = 0.0005
2024-11-20 16:49:11,561 DEBUG loaded <trimesh.Trimesh(vertices.shape=(916, 3), faces.shape=(856, 3))> using `load_obj` in 0.0030s
2024-11-20 16:49:11,706 DEBUG loaded <trimesh.Trimesh(vertices.shape=(48, 3), faces.shape=(28, 3))> using `load_obj` in 0.0007s
2024-11-20 16:49:38,693 INFO =====> Epoch: 101
2024-11-20 16:49:38,693 INFO =====> Loss info: {'particle_has_naninf': False, 'height_map_loss': 13.21505069732666, 'emd_loss': 23.5591983795166, 'total_loss': 23.5591983795166}
2024-11-20 16:49:38,693 INFO =====> Performing line search for epoch 101......
2024-11-20 16:49:39,296 INFO ===> New TaichiEnv created.
2024-11-20 16:49:39,296 INFO ===> Specifications: horizon = 311, dt = 0.01, n_substeps = 20, dt_sub = 0.0005
2024-11-20 16:49:39,319 DEBUG loaded <trimesh.Trimesh(vertices.shape=(916, 3), faces.shape=(856, 3))> using `load_obj` in 0.0030s
2024-11-20 16:49:39,466 DEBUG loaded <trimesh.Trimesh(vertices.shape=(48, 3), faces.shape=(28, 3))> using `load_obj` in 0.0007s
2024-11-20 16:49:49,350 INFO =====> alpha: 0.01
2024-11-20 16:49:49,350 INFO =====> Loss info: {'particle_has_naninf': False, 'height_map_loss': 13.21424674987793, 'emd_loss': 23.572546005249023, 'total_loss': 23.572546005249023}
2024-11-20 16:49:49,993 INFO ===> New TaichiEnv created.
2024-11-20 16:49:49,993 INFO ===> Specifications: horizon = 311, dt = 0.01, n_substeps = 20, dt_sub = 0.0005
2024-11-20 16:49:50,016 DEBUG loaded <trimesh.Trimesh(vertices.shape=(916, 3), faces.shape=(856, 3))> using `load_obj` in 0.0031s
2024-11-20 16:49:50,163 DEBUG loaded <trimesh.Trimesh(vertices.shape=(48, 3), faces.shape=(28, 3))> using `load_obj` in 0.0007s
2024-11-20 16:49:59,130 INFO =====> alpha: 0.1
2024-11-20 16:49:59,130 INFO =====> Loss info: {'particle_has_naninf': False, 'height_map_loss': 13.241949081420898, 'emd_loss': 23.727846145629883, 'total_loss': 23.727846145629883}
2024-11-20 16:49:59,706 INFO ===> New TaichiEnv created.
2024-11-20 16:49:59,706 INFO ===> Specifications: horizon = 311, dt = 0.01, n_substeps = 20, dt_sub = 0.0005
2024-11-20 16:49:59,729 DEBUG loaded <trimesh.Trimesh(vertices.shape=(916, 3), faces.shape=(856, 3))> using `load_obj` in 0.0030s
2024-11-20 16:49:59,877 DEBUG loaded <trimesh.Trimesh(vertices.shape=(48, 3), faces.shape=(28, 3))> using `load_obj` in 0.0007s
2024-11-20 16:50:08,803 INFO =====> alpha: 0.5
2024-11-20 16:50:08,803 INFO =====> Loss info: {'particle_has_naninf': False, 'height_map_loss': 13.260994911193848, 'emd_loss': 24.075773239135742, 'total_loss': 24.075773239135742}
2024-11-20 16:50:09,382 INFO ===> New TaichiEnv created.
2024-11-20 16:50:09,382 INFO ===> Specifications: horizon = 311, dt = 0.01, n_substeps = 20, dt_sub = 0.0005
2024-11-20 16:50:09,405 DEBUG loaded <trimesh.Trimesh(vertices.shape=(916, 3), faces.shape=(856, 3))> using `load_obj` in 0.0029s
2024-11-20 16:50:09,553 DEBUG loaded <trimesh.Trimesh(vertices.shape=(48, 3), faces.shape=(28, 3))> using `load_obj` in 0.0007s
2024-11-20 16:50:19,452 INFO =====> alpha: 1.0
2024-11-20 16:50:19,453 INFO =====> Loss info: {'particle_has_naninf': False, 'height_map_loss': 13.322806358337402, 'emd_loss': 23.47502899169922, 'total_loss': 23.47502899169922}
2024-11-20 16:50:20,037 INFO ===> New TaichiEnv created.
2024-11-20 16:50:20,037 INFO ===> Specifications: horizon = 311, dt = 0.01, n_substeps = 20, dt_sub = 0.0005
2024-11-20 16:50:20,060 DEBUG loaded <trimesh.Trimesh(vertices.shape=(916, 3), faces.shape=(856, 3))> using `load_obj` in 0.0030s
2024-11-20 16:50:20,206 DEBUG loaded <trimesh.Trimesh(vertices.shape=(48, 3), faces.shape=(28, 3))> using `load_obj` in 0.0007s
2024-11-20 16:50:29,258 INFO =====> alpha: 1.01
2024-11-20 16:50:29,258 INFO =====> Loss info: {'particle_has_naninf': False, 'height_map_loss': 13.319533348083496, 'emd_loss': 23.47538185119629, 'total_loss': 23.47538185119629}
2024-11-20 16:50:29,829 INFO ===> New TaichiEnv created.
2024-11-20 16:50:29,829 INFO ===> Specifications: horizon = 311, dt = 0.01, n_substeps = 20, dt_sub = 0.0005
2024-11-20 16:50:29,852 DEBUG loaded <trimesh.Trimesh(vertices.shape=(916, 3), faces.shape=(856, 3))> using `load_obj` in 0.0030s
2024-11-20 16:50:30,000 DEBUG loaded <trimesh.Trimesh(vertices.shape=(48, 3), faces.shape=(28, 3))> using `load_obj` in 0.0007s
2024-11-20 16:50:39,930 INFO =====> alpha: 1.1
2024-11-20 16:50:39,930 INFO =====> Loss info: {'particle_has_naninf': False, 'height_map_loss': 13.340058326721191, 'emd_loss': 23.714637756347656, 'total_loss': 23.714637756347656}
2024-11-20 16:50:40,498 INFO ===> New TaichiEnv created.
2024-11-20 16:50:40,498 INFO ===> Specifications: horizon = 311, dt = 0.01, n_substeps = 20, dt_sub = 0.0005
2024-11-20 16:50:40,521 DEBUG loaded <trimesh.Trimesh(vertices.shape=(916, 3), faces.shape=(856, 3))> using `load_obj` in 0.0029s
2024-11-20 16:50:40,668 DEBUG loaded <trimesh.Trimesh(vertices.shape=(48, 3), faces.shape=(28, 3))> using `load_obj` in 0.0007s
2024-11-20 16:50:49,712 INFO =====> alpha: 1.5
2024-11-20 16:50:49,712 INFO =====> Loss info: {'particle_has_naninf': False, 'height_map_loss': 13.426613807678223, 'emd_loss': 23.99864387512207, 'total_loss': 23.99864387512207}
2024-11-20 16:50:49,712 INFO =====> Best alpha: 0.01, Best loss info: {'particle_has_naninf': False, 'height_map_loss': 13.21424674987793, 'emd_loss': 23.572546005249023, 'total_loss': 23.572546005249023}
2024-11-20 16:50:49,712 INFO =====> Param: E: [448215.5], nu: [0.21670967], rho: [1267.932], sand_angle: [16.177423]
2024-11-20 16:50:49,713 INFO =====> Grad: [ 8.6228112e-03  1.5390940e+04 -2.1854031e+01  8.2687744e+02]
2024-11-20 16:50:49,713 INFO =====> Num. aborted data so far: 0
2024-11-20 16:50:50,292 INFO ===> New TaichiEnv created.
2024-11-20 16:50:50,292 INFO ===> Specifications: horizon = 311, dt = 0.01, n_substeps = 20, dt_sub = 0.0005
2024-11-20 16:50:50,316 DEBUG loaded <trimesh.Trimesh(vertices.shape=(916, 3), faces.shape=(856, 3))> using `load_obj` in 0.0030s
2024-11-20 16:50:50,461 DEBUG loaded <trimesh.Trimesh(vertices.shape=(48, 3), faces.shape=(28, 3))> using `load_obj` in 0.0007s
2024-11-20 16:51:18,428 INFO =====> Epoch: 102
2024-11-20 16:51:18,428 INFO =====> Loss info: {'particle_has_naninf': False, 'height_map_loss': 13.217447280883789, 'emd_loss': 23.57275390625, 'total_loss': 23.57275390625}
2024-11-20 16:51:18,429 INFO =====> Performing line search for epoch 102......
2024-11-20 16:51:19,036 INFO ===> New TaichiEnv created.
2024-11-20 16:51:19,036 INFO ===> Specifications: horizon = 311, dt = 0.01, n_substeps = 20, dt_sub = 0.0005
2024-11-20 16:51:19,060 DEBUG loaded <trimesh.Trimesh(vertices.shape=(916, 3), faces.shape=(856, 3))> using `load_obj` in 0.0029s
2024-11-20 16:51:19,208 DEBUG loaded <trimesh.Trimesh(vertices.shape=(48, 3), faces.shape=(28, 3))> using `load_obj` in 0.0007s
2024-11-20 16:51:28,223 INFO =====> alpha: 0.01
2024-11-20 16:51:28,223 INFO =====> Loss info: {'particle_has_naninf': False, 'height_map_loss': 13.21435832977295, 'emd_loss': 23.57349967956543, 'total_loss': 23.57349967956543}
2024-11-20 16:51:28,803 INFO ===> New TaichiEnv created.
2024-11-20 16:51:28,803 INFO ===> Specifications: horizon = 311, dt = 0.01, n_substeps = 20, dt_sub = 0.0005
2024-11-20 16:51:28,827 DEBUG loaded <trimesh.Trimesh(vertices.shape=(916, 3), faces.shape=(856, 3))> using `load_obj` in 0.0030s
2024-11-20 16:51:28,973 DEBUG loaded <trimesh.Trimesh(vertices.shape=(48, 3), faces.shape=(28, 3))> using `load_obj` in 0.0007s
2024-11-20 16:51:37,962 INFO =====> alpha: 0.1
2024-11-20 16:51:37,962 INFO =====> Loss info: {'particle_has_naninf': False, 'height_map_loss': 13.212984085083008, 'emd_loss': 23.56184196472168, 'total_loss': 23.56184196472168}
2024-11-20 16:51:38,540 INFO ===> New TaichiEnv created.
2024-11-20 16:51:38,540 INFO ===> Specifications: horizon = 311, dt = 0.01, n_substeps = 20, dt_sub = 0.0005
2024-11-20 16:51:38,563 DEBUG loaded <trimesh.Trimesh(vertices.shape=(916, 3), faces.shape=(856, 3))> using `load_obj` in 0.0030s
2024-11-20 16:51:38,712 DEBUG loaded <trimesh.Trimesh(vertices.shape=(48, 3), faces.shape=(28, 3))> using `load_obj` in 0.0007s
2024-11-20 16:51:48,601 INFO =====> alpha: 0.5
2024-11-20 16:51:48,601 INFO =====> Loss info: {'particle_has_naninf': False, 'height_map_loss': 13.250064849853516, 'emd_loss': 23.440092086791992, 'total_loss': 23.440092086791992}
2024-11-20 16:51:49,181 INFO ===> New TaichiEnv created.
2024-11-20 16:51:49,181 INFO ===> Specifications: horizon = 311, dt = 0.01, n_substeps = 20, dt_sub = 0.0005
2024-11-20 16:51:49,205 DEBUG loaded <trimesh.Trimesh(vertices.shape=(916, 3), faces.shape=(856, 3))> using `load_obj` in 0.0030s
2024-11-20 16:51:49,351 DEBUG loaded <trimesh.Trimesh(vertices.shape=(48, 3), faces.shape=(28, 3))> using `load_obj` in 0.0007s
2024-11-20 16:51:58,306 INFO =====> alpha: 1.0
2024-11-20 16:51:58,306 INFO =====> Loss info: {'particle_has_naninf': False, 'height_map_loss': 13.241449356079102, 'emd_loss': 23.434490203857422, 'total_loss': 23.434490203857422}
2024-11-20 16:51:58,883 INFO ===> New TaichiEnv created.
2024-11-20 16:51:58,884 INFO ===> Specifications: horizon = 311, dt = 0.01, n_substeps = 20, dt_sub = 0.0005
2024-11-20 16:51:58,907 DEBUG loaded <trimesh.Trimesh(vertices.shape=(916, 3), faces.shape=(856, 3))> using `load_obj` in 0.0030s
2024-11-20 16:51:59,052 DEBUG loaded <trimesh.Trimesh(vertices.shape=(48, 3), faces.shape=(28, 3))> using `load_obj` in 0.0007s
2024-11-20 16:52:08,084 INFO =====> alpha: 1.01
2024-11-20 16:52:08,084 INFO =====> Loss info: {'particle_has_naninf': False, 'height_map_loss': 13.23975944519043, 'emd_loss': 23.434993743896484, 'total_loss': 23.434993743896484}
2024-11-20 16:52:08,660 INFO ===> New TaichiEnv created.
2024-11-20 16:52:08,660 INFO ===> Specifications: horizon = 311, dt = 0.01, n_substeps = 20, dt_sub = 0.0005
2024-11-20 16:52:08,683 DEBUG loaded <trimesh.Trimesh(vertices.shape=(916, 3), faces.shape=(856, 3))> using `load_obj` in 0.0030s
2024-11-20 16:52:08,832 DEBUG loaded <trimesh.Trimesh(vertices.shape=(48, 3), faces.shape=(28, 3))> using `load_obj` in 0.0007s
2024-11-20 16:52:18,695 INFO =====> alpha: 1.1
2024-11-20 16:52:18,695 INFO =====> Loss info: {'particle_has_naninf': False, 'height_map_loss': 13.246588706970215, 'emd_loss': 23.444229125976562, 'total_loss': 23.444229125976562}
2024-11-20 16:52:19,281 INFO ===> New TaichiEnv created.
2024-11-20 16:52:19,281 INFO ===> Specifications: horizon = 311, dt = 0.01, n_substeps = 20, dt_sub = 0.0005
2024-11-20 16:52:19,305 DEBUG loaded <trimesh.Trimesh(vertices.shape=(916, 3), faces.shape=(856, 3))> using `load_obj` in 0.0031s
2024-11-20 16:52:19,450 DEBUG loaded <trimesh.Trimesh(vertices.shape=(48, 3), faces.shape=(28, 3))> using `load_obj` in 0.0007s
2024-11-20 16:52:28,353 INFO =====> alpha: 1.5
2024-11-20 16:52:28,353 INFO =====> Loss info: {'particle_has_naninf': False, 'height_map_loss': 13.29798698425293, 'emd_loss': 23.245296478271484, 'total_loss': 23.245296478271484}
2024-11-20 16:52:28,354 INFO =====> Best alpha: 0.1, Best loss info: {'particle_has_naninf': False, 'height_map_loss': 13.212984085083008, 'emd_loss': 23.56184196472168, 'total_loss': 23.56184196472168}
2024-11-20 16:52:28,354 INFO =====> Param: E: [448979.62], nu: [0.21704529], rho: [1273.1191], sand_angle: [16.209217]
2024-11-20 16:52:28,354 INFO =====> Grad: [-4.1074464e-03 -4.7702036e+03 -4.0161777e+01 -1.6367696e+02]
2024-11-20 16:52:28,354 INFO =====> Num. aborted data so far: 0
2024-11-20 16:52:28,939 INFO ===> New TaichiEnv created.
2024-11-20 16:52:28,939 INFO ===> Specifications: horizon = 311, dt = 0.01, n_substeps = 20, dt_sub = 0.0005
2024-11-20 16:52:28,962 DEBUG loaded <trimesh.Trimesh(vertices.shape=(916, 3), faces.shape=(856, 3))> using `load_obj` in 0.0030s
2024-11-20 16:52:29,109 DEBUG loaded <trimesh.Trimesh(vertices.shape=(48, 3), faces.shape=(28, 3))> using `load_obj` in 0.0007s
2024-11-20 16:52:57,094 INFO =====> Epoch: 103
2024-11-20 16:52:57,094 INFO =====> Loss info: {'particle_has_naninf': False, 'height_map_loss': 13.216937065124512, 'emd_loss': 23.564128875732422, 'total_loss': 23.564128875732422}
2024-11-20 16:52:57,094 INFO =====> Performing line search for epoch 103......
2024-11-20 16:52:57,690 INFO ===> New TaichiEnv created.
2024-11-20 16:52:57,690 INFO ===> Specifications: horizon = 311, dt = 0.01, n_substeps = 20, dt_sub = 0.0005
2024-11-20 16:52:57,713 DEBUG loaded <trimesh.Trimesh(vertices.shape=(916, 3), faces.shape=(856, 3))> using `load_obj` in 0.0030s
2024-11-20 16:52:57,859 DEBUG loaded <trimesh.Trimesh(vertices.shape=(48, 3), faces.shape=(28, 3))> using `load_obj` in 0.0007s
2024-11-20 16:53:06,911 INFO =====> alpha: 0.01
2024-11-20 16:53:06,912 INFO =====> Loss info: {'particle_has_naninf': False, 'height_map_loss': 13.227274894714355, 'emd_loss': 23.462892532348633, 'total_loss': 23.462892532348633}
2024-11-20 16:53:07,497 INFO ===> New TaichiEnv created.
2024-11-20 16:53:07,497 INFO ===> Specifications: horizon = 311, dt = 0.01, n_substeps = 20, dt_sub = 0.0005
2024-11-20 16:53:07,521 DEBUG loaded <trimesh.Trimesh(vertices.shape=(916, 3), faces.shape=(856, 3))> using `load_obj` in 0.0030s
2024-11-20 16:53:07,667 DEBUG loaded <trimesh.Trimesh(vertices.shape=(48, 3), faces.shape=(28, 3))> using `load_obj` in 0.0007s
2024-11-20 16:53:16,710 INFO =====> alpha: 0.1
2024-11-20 16:53:16,710 INFO =====> Loss info: {'particle_has_naninf': False, 'height_map_loss': 13.236284255981445, 'emd_loss': 23.4378662109375, 'total_loss': 23.4378662109375}
2024-11-20 16:53:17,291 INFO ===> New TaichiEnv created.
2024-11-20 16:53:17,292 INFO ===> Specifications: horizon = 311, dt = 0.01, n_substeps = 20, dt_sub = 0.0005
2024-11-20 16:53:17,315 DEBUG loaded <trimesh.Trimesh(vertices.shape=(916, 3), faces.shape=(856, 3))> using `load_obj` in 0.0029s
2024-11-20 16:53:17,461 DEBUG loaded <trimesh.Trimesh(vertices.shape=(48, 3), faces.shape=(28, 3))> using `load_obj` in 0.0007s
2024-11-20 16:53:27,382 INFO =====> alpha: 0.5
2024-11-20 16:53:27,382 INFO =====> Loss info: {'particle_has_naninf': False, 'height_map_loss': 13.276601791381836, 'emd_loss': 23.271581649780273, 'total_loss': 23.271581649780273}
2024-11-20 16:53:27,955 INFO ===> New TaichiEnv created.
2024-11-20 16:53:27,955 INFO ===> Specifications: horizon = 311, dt = 0.01, n_substeps = 20, dt_sub = 0.0005
2024-11-20 16:53:27,978 DEBUG loaded <trimesh.Trimesh(vertices.shape=(916, 3), faces.shape=(856, 3))> using `load_obj` in 0.0030s
2024-11-20 16:53:28,123 DEBUG loaded <trimesh.Trimesh(vertices.shape=(48, 3), faces.shape=(28, 3))> using `load_obj` in 0.0007s
2024-11-20 16:53:37,194 INFO =====> alpha: 1.0
2024-11-20 16:53:37,195 INFO =====> Loss info: {'particle_has_naninf': False, 'height_map_loss': 13.314337730407715, 'emd_loss': 23.393251419067383, 'total_loss': 23.393251419067383}
2024-11-20 16:53:37,767 INFO ===> New TaichiEnv created.
2024-11-20 16:53:37,767 INFO ===> Specifications: horizon = 311, dt = 0.01, n_substeps = 20, dt_sub = 0.0005
2024-11-20 16:53:37,790 DEBUG loaded <trimesh.Trimesh(vertices.shape=(916, 3), faces.shape=(856, 3))> using `load_obj` in 0.0029s
2024-11-20 16:53:37,935 DEBUG loaded <trimesh.Trimesh(vertices.shape=(48, 3), faces.shape=(28, 3))> using `load_obj` in 0.0007s
2024-11-20 16:53:47,993 INFO =====> alpha: 1.01
2024-11-20 16:53:47,993 INFO =====> Loss info: {'particle_has_naninf': False, 'height_map_loss': 13.313201904296875, 'emd_loss': 23.43254280090332, 'total_loss': 23.43254280090332}
2024-11-20 16:53:48,619 INFO ===> New TaichiEnv created.
2024-11-20 16:53:48,619 INFO ===> Specifications: horizon = 311, dt = 0.01, n_substeps = 20, dt_sub = 0.0005
2024-11-20 16:53:48,643 DEBUG loaded <trimesh.Trimesh(vertices.shape=(916, 3), faces.shape=(856, 3))> using `load_obj` in 0.0029s
2024-11-20 16:53:48,788 DEBUG loaded <trimesh.Trimesh(vertices.shape=(48, 3), faces.shape=(28, 3))> using `load_obj` in 0.0007s
2024-11-20 16:53:57,727 INFO =====> alpha: 1.1
2024-11-20 16:53:57,727 INFO =====> Loss info: {'particle_has_naninf': False, 'height_map_loss': 13.3153715133667, 'emd_loss': 23.45754623413086, 'total_loss': 23.45754623413086}
2024-11-20 16:53:58,304 INFO ===> New TaichiEnv created.
2024-11-20 16:53:58,305 INFO ===> Specifications: horizon = 311, dt = 0.01, n_substeps = 20, dt_sub = 0.0005
2024-11-20 16:53:58,328 DEBUG loaded <trimesh.Trimesh(vertices.shape=(916, 3), faces.shape=(856, 3))> using `load_obj` in 0.0031s
2024-11-20 16:53:58,474 DEBUG loaded <trimesh.Trimesh(vertices.shape=(48, 3), faces.shape=(28, 3))> using `load_obj` in 0.0007s
2024-11-20 16:54:07,395 INFO =====> alpha: 1.5
2024-11-20 16:54:07,395 INFO =====> Loss info: {'particle_has_naninf': False, 'height_map_loss': 13.394011497497559, 'emd_loss': 23.142606735229492, 'total_loss': 23.142606735229492}
2024-11-20 16:54:07,395 INFO =====> Best alpha: 0.01, Best loss info: {'particle_has_naninf': False, 'height_map_loss': 13.227274894714355, 'emd_loss': 23.462892532348633, 'total_loss': 23.462892532348633}
2024-11-20 16:54:07,396 INFO =====> Param: E: [449075.03], nu: [0.2171006], rho: [1273.4718], sand_angle: [16.222073]
2024-11-20 16:54:07,396 INFO =====> Grad: [-4.9216286e-03 -7.5751865e+03 -2.6576700e+01 -6.8718671e+02]
2024-11-20 16:54:07,396 INFO =====> Num. aborted data so far: 0
2024-11-20 16:54:07,972 INFO ===> New TaichiEnv created.
2024-11-20 16:54:07,972 INFO ===> Specifications: horizon = 311, dt = 0.01, n_substeps = 20, dt_sub = 0.0005
2024-11-20 16:54:07,995 DEBUG loaded <trimesh.Trimesh(vertices.shape=(916, 3), faces.shape=(856, 3))> using `load_obj` in 0.0029s
2024-11-20 16:54:08,141 DEBUG loaded <trimesh.Trimesh(vertices.shape=(48, 3), faces.shape=(28, 3))> using `load_obj` in 0.0007s
2024-11-20 16:54:36,058 INFO =====> Epoch: 104
2024-11-20 16:54:36,058 INFO =====> Loss info: {'particle_has_naninf': False, 'height_map_loss': 13.21902847290039, 'emd_loss': 23.463220596313477, 'total_loss': 23.463220596313477}
2024-11-20 16:54:36,058 INFO =====> Performing line search for epoch 104......
2024-11-20 16:54:36,662 INFO ===> New TaichiEnv created.
2024-11-20 16:54:36,662 INFO ===> Specifications: horizon = 311, dt = 0.01, n_substeps = 20, dt_sub = 0.0005
2024-11-20 16:54:36,686 DEBUG loaded <trimesh.Trimesh(vertices.shape=(916, 3), faces.shape=(856, 3))> using `load_obj` in 0.0030s
2024-11-20 16:54:36,831 DEBUG loaded <trimesh.Trimesh(vertices.shape=(48, 3), faces.shape=(28, 3))> using `load_obj` in 0.0007s
2024-11-20 16:54:45,776 INFO =====> alpha: 0.01
2024-11-20 16:54:45,776 INFO =====> Loss info: {'particle_has_naninf': False, 'height_map_loss': 13.218701362609863, 'emd_loss': 23.56815528869629, 'total_loss': 23.56815528869629}
2024-11-20 16:54:46,359 INFO ===> New TaichiEnv created.
2024-11-20 16:54:46,359 INFO ===> Specifications: horizon = 311, dt = 0.01, n_substeps = 20, dt_sub = 0.0005
2024-11-20 16:54:46,382 DEBUG loaded <trimesh.Trimesh(vertices.shape=(916, 3), faces.shape=(856, 3))> using `load_obj` in 0.0030s
2024-11-20 16:54:46,528 DEBUG loaded <trimesh.Trimesh(vertices.shape=(48, 3), faces.shape=(28, 3))> using `load_obj` in 0.0007s
2024-11-20 16:54:56,479 INFO =====> alpha: 0.1
2024-11-20 16:54:56,479 INFO =====> Loss info: {'particle_has_naninf': False, 'height_map_loss': 13.220771789550781, 'emd_loss': 23.6884708404541, 'total_loss': 23.6884708404541}
2024-11-20 16:54:57,050 INFO ===> New TaichiEnv created.
2024-11-20 16:54:57,051 INFO ===> Specifications: horizon = 311, dt = 0.01, n_substeps = 20, dt_sub = 0.0005
2024-11-20 16:54:57,074 DEBUG loaded <trimesh.Trimesh(vertices.shape=(916, 3), faces.shape=(856, 3))> using `load_obj` in 0.0029s
2024-11-20 16:54:57,219 DEBUG loaded <trimesh.Trimesh(vertices.shape=(48, 3), faces.shape=(28, 3))> using `load_obj` in 0.0007s
2024-11-20 16:55:06,171 INFO =====> alpha: 0.5
2024-11-20 16:55:06,171 INFO =====> Loss info: {'particle_has_naninf': False, 'height_map_loss': 13.257020950317383, 'emd_loss': 23.20392417907715, 'total_loss': 23.20392417907715}
2024-11-20 16:55:06,751 INFO ===> New TaichiEnv created.
2024-11-20 16:55:06,751 INFO ===> Specifications: horizon = 311, dt = 0.01, n_substeps = 20, dt_sub = 0.0005
2024-11-20 16:55:06,775 DEBUG loaded <trimesh.Trimesh(vertices.shape=(916, 3), faces.shape=(856, 3))> using `load_obj` in 0.0030s
2024-11-20 16:55:06,920 DEBUG loaded <trimesh.Trimesh(vertices.shape=(48, 3), faces.shape=(28, 3))> using `load_obj` in 0.0007s
2024-11-20 16:55:15,867 INFO =====> alpha: 1.0
2024-11-20 16:55:15,867 INFO =====> Loss info: {'particle_has_naninf': False, 'height_map_loss': 13.230353355407715, 'emd_loss': 23.88207244873047, 'total_loss': 23.88207244873047}
2024-11-20 16:55:16,444 INFO ===> New TaichiEnv created.
2024-11-20 16:55:16,444 INFO ===> Specifications: horizon = 311, dt = 0.01, n_substeps = 20, dt_sub = 0.0005
2024-11-20 16:55:16,467 DEBUG loaded <trimesh.Trimesh(vertices.shape=(916, 3), faces.shape=(856, 3))> using `load_obj` in 0.0029s
2024-11-20 16:55:16,613 DEBUG loaded <trimesh.Trimesh(vertices.shape=(48, 3), faces.shape=(28, 3))> using `load_obj` in 0.0007s
2024-11-20 16:55:26,490 INFO =====> alpha: 1.01
2024-11-20 16:55:26,490 INFO =====> Loss info: {'particle_has_naninf': False, 'height_map_loss': 13.229326248168945, 'emd_loss': 23.885387420654297, 'total_loss': 23.885387420654297}
2024-11-20 16:55:27,065 INFO ===> New TaichiEnv created.
2024-11-20 16:55:27,065 INFO ===> Specifications: horizon = 311, dt = 0.01, n_substeps = 20, dt_sub = 0.0005
2024-11-20 16:55:27,089 DEBUG loaded <trimesh.Trimesh(vertices.shape=(916, 3), faces.shape=(856, 3))> using `load_obj` in 0.0030s
2024-11-20 16:55:27,234 DEBUG loaded <trimesh.Trimesh(vertices.shape=(48, 3), faces.shape=(28, 3))> using `load_obj` in 0.0007s
2024-11-20 16:55:36,220 INFO =====> alpha: 1.1
2024-11-20 16:55:36,221 INFO =====> Loss info: {'particle_has_naninf': False, 'height_map_loss': 13.217049598693848, 'emd_loss': 23.637195587158203, 'total_loss': 23.637195587158203}
2024-11-20 16:55:36,797 INFO ===> New TaichiEnv created.
2024-11-20 16:55:36,797 INFO ===> Specifications: horizon = 311, dt = 0.01, n_substeps = 20, dt_sub = 0.0005
2024-11-20 16:55:36,821 DEBUG loaded <trimesh.Trimesh(vertices.shape=(916, 3), faces.shape=(856, 3))> using `load_obj` in 0.0030s
2024-11-20 16:55:36,968 DEBUG loaded <trimesh.Trimesh(vertices.shape=(48, 3), faces.shape=(28, 3))> using `load_obj` in 0.0007s
2024-11-20 16:55:46,868 INFO =====> alpha: 1.5
2024-11-20 16:55:46,868 INFO =====> Loss info: {'particle_has_naninf': False, 'height_map_loss': 13.294512748718262, 'emd_loss': 24.147418975830078, 'total_loss': 24.147418975830078}
2024-11-20 16:55:46,869 INFO =====> Best alpha: 1.1, Best loss info: {'particle_has_naninf': False, 'height_map_loss': 13.217049598693848, 'emd_loss': 23.637195587158203, 'total_loss': 23.637195587158203}
2024-11-20 16:55:46,869 INFO =====> Param: E: [437511.25], nu: [0.21485747], rho: [1200.], sand_angle: [15.530418]
2024-11-20 16:55:46,869 INFO =====> Grad: [5.2172700e-03 2.6548669e+03 5.3795612e+01 3.2536798e+02]
2024-11-20 16:55:46,869 INFO =====> Num. aborted data so far: 0
2024-11-20 16:55:47,443 INFO ===> New TaichiEnv created.
2024-11-20 16:55:47,443 INFO ===> Specifications: horizon = 311, dt = 0.01, n_substeps = 20, dt_sub = 0.0005
2024-11-20 16:55:47,467 DEBUG loaded <trimesh.Trimesh(vertices.shape=(916, 3), faces.shape=(856, 3))> using `load_obj` in 0.0029s
2024-11-20 16:55:47,611 DEBUG loaded <trimesh.Trimesh(vertices.shape=(48, 3), faces.shape=(28, 3))> using `load_obj` in 0.0007s
2024-11-20 16:56:14,727 INFO =====> Epoch: 105
2024-11-20 16:56:14,727 INFO =====> Loss info: {'particle_has_naninf': False, 'height_map_loss': 13.21845531463623, 'emd_loss': 23.63469886779785, 'total_loss': 23.63469886779785}
2024-11-20 16:56:14,727 INFO =====> Performing line search for epoch 105......
2024-11-20 16:56:15,330 INFO ===> New TaichiEnv created.
2024-11-20 16:56:15,330 INFO ===> Specifications: horizon = 311, dt = 0.01, n_substeps = 20, dt_sub = 0.0005
2024-11-20 16:56:15,354 DEBUG loaded <trimesh.Trimesh(vertices.shape=(916, 3), faces.shape=(856, 3))> using `load_obj` in 0.0032s
2024-11-20 16:56:15,501 DEBUG loaded <trimesh.Trimesh(vertices.shape=(48, 3), faces.shape=(28, 3))> using `load_obj` in 0.0007s
2024-11-20 16:56:25,386 INFO =====> alpha: 0.01
2024-11-20 16:56:25,386 INFO =====> Loss info: {'particle_has_naninf': False, 'height_map_loss': 13.223231315612793, 'emd_loss': 23.630388259887695, 'total_loss': 23.630388259887695}
2024-11-20 16:56:25,971 INFO ===> New TaichiEnv created.
2024-11-20 16:56:25,971 INFO ===> Specifications: horizon = 311, dt = 0.01, n_substeps = 20, dt_sub = 0.0005
2024-11-20 16:56:25,994 DEBUG loaded <trimesh.Trimesh(vertices.shape=(916, 3), faces.shape=(856, 3))> using `load_obj` in 0.0029s
2024-11-20 16:56:26,142 DEBUG loaded <trimesh.Trimesh(vertices.shape=(48, 3), faces.shape=(28, 3))> using `load_obj` in 0.0007s
2024-11-20 16:56:35,084 INFO =====> alpha: 0.1
2024-11-20 16:56:35,084 INFO =====> Loss info: {'particle_has_naninf': False, 'height_map_loss': 13.225772857666016, 'emd_loss': 23.64225959777832, 'total_loss': 23.64225959777832}
2024-11-20 16:56:35,664 INFO ===> New TaichiEnv created.
2024-11-20 16:56:35,664 INFO ===> Specifications: horizon = 311, dt = 0.01, n_substeps = 20, dt_sub = 0.0005
2024-11-20 16:56:35,688 DEBUG loaded <trimesh.Trimesh(vertices.shape=(916, 3), faces.shape=(856, 3))> using `load_obj` in 0.0030s
2024-11-20 16:56:35,834 DEBUG loaded <trimesh.Trimesh(vertices.shape=(48, 3), faces.shape=(28, 3))> using `load_obj` in 0.0007s
2024-11-20 16:56:44,808 INFO =====> alpha: 0.5
2024-11-20 16:56:44,808 INFO =====> Loss info: {'particle_has_naninf': False, 'height_map_loss': 13.236388206481934, 'emd_loss': 23.75021743774414, 'total_loss': 23.75021743774414}
2024-11-20 16:56:45,456 INFO ===> New TaichiEnv created.
2024-11-20 16:56:45,457 INFO ===> Specifications: horizon = 311, dt = 0.01, n_substeps = 20, dt_sub = 0.0005
2024-11-20 16:56:45,480 DEBUG loaded <trimesh.Trimesh(vertices.shape=(916, 3), faces.shape=(856, 3))> using `load_obj` in 0.0029s
2024-11-20 16:56:45,631 DEBUG loaded <trimesh.Trimesh(vertices.shape=(48, 3), faces.shape=(28, 3))> using `load_obj` in 0.0007s
2024-11-20 16:56:55,662 INFO =====> alpha: 1.0
2024-11-20 16:56:55,662 INFO =====> Loss info: {'particle_has_naninf': False, 'height_map_loss': 13.219283103942871, 'emd_loss': 23.728973388671875, 'total_loss': 23.728973388671875}
2024-11-20 16:56:56,248 INFO ===> New TaichiEnv created.
2024-11-20 16:56:56,248 INFO ===> Specifications: horizon = 311, dt = 0.01, n_substeps = 20, dt_sub = 0.0005
2024-11-20 16:56:56,271 DEBUG loaded <trimesh.Trimesh(vertices.shape=(916, 3), faces.shape=(856, 3))> using `load_obj` in 0.0029s
2024-11-20 16:56:56,416 DEBUG loaded <trimesh.Trimesh(vertices.shape=(48, 3), faces.shape=(28, 3))> using `load_obj` in 0.0007s
2024-11-20 16:57:05,417 INFO =====> alpha: 1.01
2024-11-20 16:57:05,417 INFO =====> Loss info: {'particle_has_naninf': False, 'height_map_loss': 13.212706565856934, 'emd_loss': 23.730064392089844, 'total_loss': 23.730064392089844}
2024-11-20 16:57:05,997 INFO ===> New TaichiEnv created.
2024-11-20 16:57:05,997 INFO ===> Specifications: horizon = 311, dt = 0.01, n_substeps = 20, dt_sub = 0.0005
2024-11-20 16:57:06,021 DEBUG loaded <trimesh.Trimesh(vertices.shape=(916, 3), faces.shape=(856, 3))> using `load_obj` in 0.0030s
2024-11-20 16:57:06,168 DEBUG loaded <trimesh.Trimesh(vertices.shape=(48, 3), faces.shape=(28, 3))> using `load_obj` in 0.0007s
2024-11-20 16:57:15,152 INFO =====> alpha: 1.1
2024-11-20 16:57:15,152 INFO =====> Loss info: {'particle_has_naninf': False, 'height_map_loss': 13.212895393371582, 'emd_loss': 23.744903564453125, 'total_loss': 23.744903564453125}
2024-11-20 16:57:15,737 INFO ===> New TaichiEnv created.
2024-11-20 16:57:15,737 INFO ===> Specifications: horizon = 311, dt = 0.01, n_substeps = 20, dt_sub = 0.0005
2024-11-20 16:57:15,761 DEBUG loaded <trimesh.Trimesh(vertices.shape=(916, 3), faces.shape=(856, 3))> using `load_obj` in 0.0029s
2024-11-20 16:57:15,908 DEBUG loaded <trimesh.Trimesh(vertices.shape=(48, 3), faces.shape=(28, 3))> using `load_obj` in 0.0007s
2024-11-20 16:57:25,876 INFO =====> alpha: 1.5
2024-11-20 16:57:25,876 INFO =====> Loss info: {'particle_has_naninf': False, 'height_map_loss': 13.228278160095215, 'emd_loss': 23.384258270263672, 'total_loss': 23.384258270263672}
2024-11-20 16:57:25,876 INFO =====> Best alpha: 1.01, Best loss info: {'particle_has_naninf': False, 'height_map_loss': 13.212706565856934, 'emd_loss': 23.730064392089844, 'total_loss': 23.730064392089844}
2024-11-20 16:57:25,876 INFO =====> Param: E: [452084.5], nu: [0.22796103], rho: [1276.0029], sand_angle: [15.755149]
2024-11-20 16:57:25,876 INFO =====> Grad: [-6.9774888e-03 -1.7570805e+04 -6.4261925e+01 -1.0950087e+02]
2024-11-20 16:57:25,876 INFO =====> Num. aborted data so far: 0
2024-11-20 16:57:26,457 INFO ===> New TaichiEnv created.
2024-11-20 16:57:26,457 INFO ===> Specifications: horizon = 311, dt = 0.01, n_substeps = 20, dt_sub = 0.0005
2024-11-20 16:57:26,480 DEBUG loaded <trimesh.Trimesh(vertices.shape=(916, 3), faces.shape=(856, 3))> using `load_obj` in 0.0029s
2024-11-20 16:57:26,625 DEBUG loaded <trimesh.Trimesh(vertices.shape=(48, 3), faces.shape=(28, 3))> using `load_obj` in 0.0007s
2024-11-20 16:57:53,649 INFO =====> Epoch: 106
2024-11-20 16:57:53,650 INFO =====> Loss info: {'particle_has_naninf': False, 'height_map_loss': 13.21933650970459, 'emd_loss': 23.72742462158203, 'total_loss': 23.72742462158203}
2024-11-20 16:57:53,650 INFO =====> Performing line search for epoch 106......
2024-11-20 16:57:54,252 INFO ===> New TaichiEnv created.
2024-11-20 16:57:54,252 INFO ===> Specifications: horizon = 311, dt = 0.01, n_substeps = 20, dt_sub = 0.0005
2024-11-20 16:57:54,276 DEBUG loaded <trimesh.Trimesh(vertices.shape=(916, 3), faces.shape=(856, 3))> using `load_obj` in 0.0031s
2024-11-20 16:57:54,422 DEBUG loaded <trimesh.Trimesh(vertices.shape=(48, 3), faces.shape=(28, 3))> using `load_obj` in 0.0007s
2024-11-20 16:58:04,345 INFO =====> alpha: 0.01
2024-11-20 16:58:04,345 INFO =====> Loss info: {'particle_has_naninf': False, 'height_map_loss': 13.202057838439941, 'emd_loss': 23.72970962524414, 'total_loss': 23.72970962524414}
2024-11-20 16:58:04,932 INFO ===> New TaichiEnv created.
2024-11-20 16:58:04,932 INFO ===> Specifications: horizon = 311, dt = 0.01, n_substeps = 20, dt_sub = 0.0005
2024-11-20 16:58:04,956 DEBUG loaded <trimesh.Trimesh(vertices.shape=(916, 3), faces.shape=(856, 3))> using `load_obj` in 0.0030s
2024-11-20 16:58:05,103 DEBUG loaded <trimesh.Trimesh(vertices.shape=(48, 3), faces.shape=(28, 3))> using `load_obj` in 0.0007s
2024-11-20 16:58:14,103 INFO =====> alpha: 0.1
2024-11-20 16:58:14,103 INFO =====> Loss info: {'particle_has_naninf': False, 'height_map_loss': 13.223709106445312, 'emd_loss': 23.722396850585938, 'total_loss': 23.722396850585938}
2024-11-20 16:58:14,685 INFO ===> New TaichiEnv created.
2024-11-20 16:58:14,685 INFO ===> Specifications: horizon = 311, dt = 0.01, n_substeps = 20, dt_sub = 0.0005
2024-11-20 16:58:14,708 DEBUG loaded <trimesh.Trimesh(vertices.shape=(916, 3), faces.shape=(856, 3))> using `load_obj` in 0.0031s
2024-11-20 16:58:14,857 DEBUG loaded <trimesh.Trimesh(vertices.shape=(48, 3), faces.shape=(28, 3))> using `load_obj` in 0.0008s
2024-11-20 16:58:23,849 INFO =====> alpha: 0.5
2024-11-20 16:58:23,849 INFO =====> Loss info: {'particle_has_naninf': False, 'height_map_loss': 13.242505073547363, 'emd_loss': 23.538864135742188, 'total_loss': 23.538864135742188}
2024-11-20 16:58:24,435 INFO ===> New TaichiEnv created.
2024-11-20 16:58:24,435 INFO ===> Specifications: horizon = 311, dt = 0.01, n_substeps = 20, dt_sub = 0.0005
2024-11-20 16:58:24,458 DEBUG loaded <trimesh.Trimesh(vertices.shape=(916, 3), faces.shape=(856, 3))> using `load_obj` in 0.0029s
2024-11-20 16:58:24,604 DEBUG loaded <trimesh.Trimesh(vertices.shape=(48, 3), faces.shape=(28, 3))> using `load_obj` in 0.0007s
2024-11-20 16:58:34,542 INFO =====> alpha: 1.0
2024-11-20 16:58:34,542 INFO =====> Loss info: {'particle_has_naninf': False, 'height_map_loss': 13.268756866455078, 'emd_loss': 23.444782257080078, 'total_loss': 23.444782257080078}
2024-11-20 16:58:35,126 INFO ===> New TaichiEnv created.
2024-11-20 16:58:35,126 INFO ===> Specifications: horizon = 311, dt = 0.01, n_substeps = 20, dt_sub = 0.0005
2024-11-20 16:58:35,149 DEBUG loaded <trimesh.Trimesh(vertices.shape=(916, 3), faces.shape=(856, 3))> using `load_obj` in 0.0030s
2024-11-20 16:58:35,299 DEBUG loaded <trimesh.Trimesh(vertices.shape=(48, 3), faces.shape=(28, 3))> using `load_obj` in 0.0008s
2024-11-20 16:58:44,263 INFO =====> alpha: 1.01
2024-11-20 16:58:44,263 INFO =====> Loss info: {'particle_has_naninf': False, 'height_map_loss': 13.271068572998047, 'emd_loss': 23.434181213378906, 'total_loss': 23.434181213378906}
2024-11-20 16:58:44,846 INFO ===> New TaichiEnv created.
2024-11-20 16:58:44,847 INFO ===> Specifications: horizon = 311, dt = 0.01, n_substeps = 20, dt_sub = 0.0005
2024-11-20 16:58:44,870 DEBUG loaded <trimesh.Trimesh(vertices.shape=(916, 3), faces.shape=(856, 3))> using `load_obj` in 0.0029s
2024-11-20 16:58:45,017 DEBUG loaded <trimesh.Trimesh(vertices.shape=(48, 3), faces.shape=(28, 3))> using `load_obj` in 0.0007s
2024-11-20 16:58:54,994 INFO =====> alpha: 1.1
2024-11-20 16:58:54,994 INFO =====> Loss info: {'particle_has_naninf': False, 'height_map_loss': 13.260202407836914, 'emd_loss': 23.47876739501953, 'total_loss': 23.47876739501953}
2024-11-20 16:58:55,571 INFO ===> New TaichiEnv created.
2024-11-20 16:58:55,571 INFO ===> Specifications: horizon = 311, dt = 0.01, n_substeps = 20, dt_sub = 0.0005
2024-11-20 16:58:55,595 DEBUG loaded <trimesh.Trimesh(vertices.shape=(916, 3), faces.shape=(856, 3))> using `load_obj` in 0.0029s
2024-11-20 16:58:55,741 DEBUG loaded <trimesh.Trimesh(vertices.shape=(48, 3), faces.shape=(28, 3))> using `load_obj` in 0.0007s
2024-11-20 16:59:04,758 INFO =====> alpha: 1.5
2024-11-20 16:59:04,758 INFO =====> Loss info: {'particle_has_naninf': False, 'height_map_loss': 13.291563034057617, 'emd_loss': 23.262388229370117, 'total_loss': 23.262388229370117}
2024-11-20 16:59:04,758 INFO =====> Best alpha: 0.01, Best loss info: {'particle_has_naninf': False, 'height_map_loss': 13.202057838439941, 'emd_loss': 23.72970962524414, 'total_loss': 23.72970962524414}
2024-11-20 16:59:04,759 INFO =====> Param: E: [451959.9], nu: [0.22792265], rho: [1276.5505], sand_angle: [15.760974]
2024-11-20 16:59:04,759 INFO =====> Grad: [ 5.8298237e-03  4.9677529e+03 -4.7286636e+01 -2.7670334e+02]
2024-11-20 16:59:04,759 INFO =====> Num. aborted data so far: 0
2024-11-20 16:59:05,343 INFO ===> New TaichiEnv created.
2024-11-20 16:59:05,343 INFO ===> Specifications: horizon = 311, dt = 0.01, n_substeps = 20, dt_sub = 0.0005
2024-11-20 16:59:05,367 DEBUG loaded <trimesh.Trimesh(vertices.shape=(916, 3), faces.shape=(856, 3))> using `load_obj` in 0.0029s
2024-11-20 16:59:05,511 DEBUG loaded <trimesh.Trimesh(vertices.shape=(48, 3), faces.shape=(28, 3))> using `load_obj` in 0.0007s
2024-11-20 16:59:33,462 INFO =====> Epoch: 107
2024-11-20 16:59:33,463 INFO =====> Loss info: {'particle_has_naninf': False, 'height_map_loss': 13.211987495422363, 'emd_loss': 23.73956298828125, 'total_loss': 23.73956298828125}
2024-11-20 16:59:33,463 INFO =====> Performing line search for epoch 107......
2024-11-20 16:59:34,072 INFO ===> New TaichiEnv created.
2024-11-20 16:59:34,072 INFO ===> Specifications: horizon = 311, dt = 0.01, n_substeps = 20, dt_sub = 0.0005
2024-11-20 16:59:34,095 DEBUG loaded <trimesh.Trimesh(vertices.shape=(916, 3), faces.shape=(856, 3))> using `load_obj` in 0.0029s
2024-11-20 16:59:34,242 DEBUG loaded <trimesh.Trimesh(vertices.shape=(48, 3), faces.shape=(28, 3))> using `load_obj` in 0.0007s
2024-11-20 16:59:43,234 INFO =====> alpha: 0.01
2024-11-20 16:59:43,235 INFO =====> Loss info: {'particle_has_naninf': False, 'height_map_loss': 13.207377433776855, 'emd_loss': 23.71678352355957, 'total_loss': 23.71678352355957}
2024-11-20 16:59:43,833 INFO ===> New TaichiEnv created.
2024-11-20 16:59:43,833 INFO ===> Specifications: horizon = 311, dt = 0.01, n_substeps = 20, dt_sub = 0.0005
2024-11-20 16:59:43,857 DEBUG loaded <trimesh.Trimesh(vertices.shape=(916, 3), faces.shape=(856, 3))> using `load_obj` in 0.0030s
2024-11-20 16:59:44,004 DEBUG loaded <trimesh.Trimesh(vertices.shape=(48, 3), faces.shape=(28, 3))> using `load_obj` in 0.0007s
2024-11-20 16:59:52,944 INFO =====> alpha: 0.1
2024-11-20 16:59:52,944 INFO =====> Loss info: {'particle_has_naninf': False, 'height_map_loss': 13.226236343383789, 'emd_loss': 23.507251739501953, 'total_loss': 23.507251739501953}
2024-11-20 16:59:53,524 INFO ===> New TaichiEnv created.
2024-11-20 16:59:53,524 INFO ===> Specifications: horizon = 311, dt = 0.01, n_substeps = 20, dt_sub = 0.0005
2024-11-20 16:59:53,548 DEBUG loaded <trimesh.Trimesh(vertices.shape=(916, 3), faces.shape=(856, 3))> using `load_obj` in 0.0031s
2024-11-20 16:59:53,693 DEBUG loaded <trimesh.Trimesh(vertices.shape=(48, 3), faces.shape=(28, 3))> using `load_obj` in 0.0007s
2024-11-20 17:00:03,594 INFO =====> alpha: 0.5
2024-11-20 17:00:03,595 INFO =====> Loss info: {'particle_has_naninf': False, 'height_map_loss': 13.265691757202148, 'emd_loss': 23.225299835205078, 'total_loss': 23.225299835205078}
2024-11-20 17:00:04,175 INFO ===> New TaichiEnv created.
2024-11-20 17:00:04,175 INFO ===> Specifications: horizon = 311, dt = 0.01, n_substeps = 20, dt_sub = 0.0005
2024-11-20 17:00:04,200 DEBUG loaded <trimesh.Trimesh(vertices.shape=(916, 3), faces.shape=(856, 3))> using `load_obj` in 0.0029s
2024-11-20 17:00:04,348 DEBUG loaded <trimesh.Trimesh(vertices.shape=(48, 3), faces.shape=(28, 3))> using `load_obj` in 0.0007s
2024-11-20 17:00:13,277 INFO =====> alpha: 1.0
2024-11-20 17:00:13,277 INFO =====> Loss info: {'particle_has_naninf': False, 'height_map_loss': 13.349254608154297, 'emd_loss': 23.157241821289062, 'total_loss': 23.157241821289062}
2024-11-20 17:00:13,853 INFO ===> New TaichiEnv created.
2024-11-20 17:00:13,853 INFO ===> Specifications: horizon = 311, dt = 0.01, n_substeps = 20, dt_sub = 0.0005
2024-11-20 17:00:13,876 DEBUG loaded <trimesh.Trimesh(vertices.shape=(916, 3), faces.shape=(856, 3))> using `load_obj` in 0.0030s
2024-11-20 17:00:14,022 DEBUG loaded <trimesh.Trimesh(vertices.shape=(48, 3), faces.shape=(28, 3))> using `load_obj` in 0.0007s
2024-11-20 17:00:23,072 INFO =====> alpha: 1.01
2024-11-20 17:00:23,073 INFO =====> Loss info: {'particle_has_naninf': False, 'height_map_loss': 13.355856895446777, 'emd_loss': 23.149593353271484, 'total_loss': 23.149593353271484}
2024-11-20 17:00:23,650 INFO ===> New TaichiEnv created.
2024-11-20 17:00:23,650 INFO ===> Specifications: horizon = 311, dt = 0.01, n_substeps = 20, dt_sub = 0.0005
2024-11-20 17:00:23,674 DEBUG loaded <trimesh.Trimesh(vertices.shape=(916, 3), faces.shape=(856, 3))> using `load_obj` in 0.0031s
2024-11-20 17:00:23,821 DEBUG loaded <trimesh.Trimesh(vertices.shape=(48, 3), faces.shape=(28, 3))> using `load_obj` in 0.0007s
2024-11-20 17:00:33,793 INFO =====> alpha: 1.1
2024-11-20 17:00:33,793 INFO =====> Loss info: {'particle_has_naninf': False, 'height_map_loss': 13.4043550491333, 'emd_loss': 23.172733306884766, 'total_loss': 23.172733306884766}
2024-11-20 17:00:34,372 INFO ===> New TaichiEnv created.
2024-11-20 17:00:34,372 INFO ===> Specifications: horizon = 311, dt = 0.01, n_substeps = 20, dt_sub = 0.0005
2024-11-20 17:00:34,395 DEBUG loaded <trimesh.Trimesh(vertices.shape=(916, 3), faces.shape=(856, 3))> using `load_obj` in 0.0029s
2024-11-20 17:00:34,539 DEBUG loaded <trimesh.Trimesh(vertices.shape=(48, 3), faces.shape=(28, 3))> using `load_obj` in 0.0007s
2024-11-20 17:00:43,562 INFO =====> alpha: 1.5
2024-11-20 17:00:43,563 INFO =====> Loss info: {'particle_has_naninf': False, 'height_map_loss': 13.45087718963623, 'emd_loss': 23.17241096496582, 'total_loss': 23.17241096496582}
2024-11-20 17:00:43,563 INFO =====> Best alpha: 0.01, Best loss info: {'particle_has_naninf': False, 'height_map_loss': 13.207377433776855, 'emd_loss': 23.71678352355957, 'total_loss': 23.71678352355957}
2024-11-20 17:00:43,563 INFO =====> Param: E: [452325.12], nu: [0.22814111], rho: [1277.3213], sand_angle: [15.785836]
2024-11-20 17:00:43,563 INFO =====> Grad: [-1.9857228e-02 -3.7105977e+04 -7.2317543e+01 -1.8129602e+03]
2024-11-20 17:00:43,563 INFO =====> Num. aborted data so far: 0
2024-11-20 17:00:44,138 INFO ===> New TaichiEnv created.
2024-11-20 17:00:44,138 INFO ===> Specifications: horizon = 311, dt = 0.01, n_substeps = 20, dt_sub = 0.0005
2024-11-20 17:00:44,162 DEBUG loaded <trimesh.Trimesh(vertices.shape=(916, 3), faces.shape=(856, 3))> using `load_obj` in 0.0030s
2024-11-20 17:00:44,308 DEBUG loaded <trimesh.Trimesh(vertices.shape=(48, 3), faces.shape=(28, 3))> using `load_obj` in 0.0007s
2024-11-20 17:01:12,326 INFO =====> Epoch: 108
2024-11-20 17:01:12,326 INFO =====> Loss info: {'particle_has_naninf': False, 'height_map_loss': 13.215845108032227, 'emd_loss': 23.48096466064453, 'total_loss': 23.48096466064453}
2024-11-20 17:01:12,326 INFO =====> Performing line search for epoch 108......
2024-11-20 17:01:12,935 INFO ===> New TaichiEnv created.
2024-11-20 17:01:12,935 INFO ===> Specifications: horizon = 311, dt = 0.01, n_substeps = 20, dt_sub = 0.0005
2024-11-20 17:01:12,959 DEBUG loaded <trimesh.Trimesh(vertices.shape=(916, 3), faces.shape=(856, 3))> using `load_obj` in 0.0030s
2024-11-20 17:01:13,106 DEBUG loaded <trimesh.Trimesh(vertices.shape=(48, 3), faces.shape=(28, 3))> using `load_obj` in 0.0007s
2024-11-20 17:01:22,055 INFO =====> alpha: 0.01
2024-11-20 17:01:22,055 INFO =====> Loss info: {'particle_has_naninf': False, 'height_map_loss': 13.21633243560791, 'emd_loss': 23.717937469482422, 'total_loss': 23.717937469482422}
2024-11-20 17:01:22,632 INFO ===> New TaichiEnv created.
2024-11-20 17:01:22,632 INFO ===> Specifications: horizon = 311, dt = 0.01, n_substeps = 20, dt_sub = 0.0005
2024-11-20 17:01:22,655 DEBUG loaded <trimesh.Trimesh(vertices.shape=(916, 3), faces.shape=(856, 3))> using `load_obj` in 0.0030s
2024-11-20 17:01:22,805 DEBUG loaded <trimesh.Trimesh(vertices.shape=(48, 3), faces.shape=(28, 3))> using `load_obj` in 0.0007s
2024-11-20 17:01:31,743 INFO =====> alpha: 0.1
2024-11-20 17:01:31,743 INFO =====> Loss info: {'particle_has_naninf': False, 'height_map_loss': 13.208263397216797, 'emd_loss': 23.701967239379883, 'total_loss': 23.701967239379883}
2024-11-20 17:01:32,324 INFO ===> New TaichiEnv created.
2024-11-20 17:01:32,324 INFO ===> Specifications: horizon = 311, dt = 0.01, n_substeps = 20, dt_sub = 0.0005
2024-11-20 17:01:32,347 DEBUG loaded <trimesh.Trimesh(vertices.shape=(916, 3), faces.shape=(856, 3))> using `load_obj` in 0.0030s
2024-11-20 17:01:32,494 DEBUG loaded <trimesh.Trimesh(vertices.shape=(48, 3), faces.shape=(28, 3))> using `load_obj` in 0.0007s
2024-11-20 17:01:42,476 INFO =====> alpha: 0.5
2024-11-20 17:01:42,476 INFO =====> Loss info: {'particle_has_naninf': False, 'height_map_loss': 13.232691764831543, 'emd_loss': 23.359378814697266, 'total_loss': 23.359378814697266}
2024-11-20 17:01:43,057 INFO ===> New TaichiEnv created.
2024-11-20 17:01:43,057 INFO ===> Specifications: horizon = 311, dt = 0.01, n_substeps = 20, dt_sub = 0.0005
2024-11-20 17:01:43,081 DEBUG loaded <trimesh.Trimesh(vertices.shape=(916, 3), faces.shape=(856, 3))> using `load_obj` in 0.0030s
2024-11-20 17:01:43,227 DEBUG loaded <trimesh.Trimesh(vertices.shape=(48, 3), faces.shape=(28, 3))> using `load_obj` in 0.0007s
2024-11-20 17:01:52,280 INFO =====> alpha: 1.0
2024-11-20 17:01:52,280 INFO =====> Loss info: {'particle_has_naninf': False, 'height_map_loss': 13.218499183654785, 'emd_loss': 23.286876678466797, 'total_loss': 23.286876678466797}
2024-11-20 17:01:52,857 INFO ===> New TaichiEnv created.
2024-11-20 17:01:52,857 INFO ===> Specifications: horizon = 311, dt = 0.01, n_substeps = 20, dt_sub = 0.0005
2024-11-20 17:01:52,881 DEBUG loaded <trimesh.Trimesh(vertices.shape=(916, 3), faces.shape=(856, 3))> using `load_obj` in 0.0030s
2024-11-20 17:01:53,031 DEBUG loaded <trimesh.Trimesh(vertices.shape=(48, 3), faces.shape=(28, 3))> using `load_obj` in 0.0007s
2024-11-20 17:02:01,942 INFO =====> alpha: 1.01
2024-11-20 17:02:01,942 INFO =====> Loss info: {'particle_has_naninf': False, 'height_map_loss': 13.210458755493164, 'emd_loss': 23.51323890686035, 'total_loss': 23.51323890686035}
2024-11-20 17:02:02,521 INFO ===> New TaichiEnv created.
2024-11-20 17:02:02,521 INFO ===> Specifications: horizon = 311, dt = 0.01, n_substeps = 20, dt_sub = 0.0005
2024-11-20 17:02:02,544 DEBUG loaded <trimesh.Trimesh(vertices.shape=(916, 3), faces.shape=(856, 3))> using `load_obj` in 0.0029s
2024-11-20 17:02:02,690 DEBUG loaded <trimesh.Trimesh(vertices.shape=(48, 3), faces.shape=(28, 3))> using `load_obj` in 0.0007s
2024-11-20 17:02:12,645 INFO =====> alpha: 1.1
2024-11-20 17:02:12,645 INFO =====> Loss info: {'particle_has_naninf': False, 'height_map_loss': 13.219680786132812, 'emd_loss': 23.302412033081055, 'total_loss': 23.302412033081055}
2024-11-20 17:02:13,229 INFO ===> New TaichiEnv created.
2024-11-20 17:02:13,229 INFO ===> Specifications: horizon = 311, dt = 0.01, n_substeps = 20, dt_sub = 0.0005
2024-11-20 17:02:13,252 DEBUG loaded <trimesh.Trimesh(vertices.shape=(916, 3), faces.shape=(856, 3))> using `load_obj` in 0.0030s
2024-11-20 17:02:13,398 DEBUG loaded <trimesh.Trimesh(vertices.shape=(48, 3), faces.shape=(28, 3))> using `load_obj` in 0.0007s
2024-11-20 17:02:22,419 INFO =====> alpha: 1.5
2024-11-20 17:02:22,419 INFO =====> Loss info: {'particle_has_naninf': False, 'height_map_loss': 13.216373443603516, 'emd_loss': 23.481342315673828, 'total_loss': 23.481342315673828}
2024-11-20 17:02:22,420 INFO =====> Best alpha: 0.1, Best loss info: {'particle_has_naninf': False, 'height_map_loss': 13.208263397216797, 'emd_loss': 23.701967239379883, 'total_loss': 23.701967239379883}
2024-11-20 17:02:22,420 INFO =====> Param: E: [450498.3], nu: [0.22751541], rho: [1270.0206], sand_angle: [15.808173]
2024-11-20 17:02:22,420 INFO =====> Grad: [ 9.8427385e-03  1.0285189e+04  7.3263931e+01 -1.5491217e+02]
2024-11-20 17:02:22,420 INFO =====> Num. aborted data so far: 0
2024-11-20 17:02:23,001 INFO ===> New TaichiEnv created.
2024-11-20 17:02:23,001 INFO ===> Specifications: horizon = 311, dt = 0.01, n_substeps = 20, dt_sub = 0.0005
2024-11-20 17:02:23,025 DEBUG loaded <trimesh.Trimesh(vertices.shape=(916, 3), faces.shape=(856, 3))> using `load_obj` in 0.0030s
2024-11-20 17:02:23,171 DEBUG loaded <trimesh.Trimesh(vertices.shape=(48, 3), faces.shape=(28, 3))> using `load_obj` in 0.0007s
2024-11-20 17:02:51,103 INFO =====> Epoch: 109
2024-11-20 17:02:51,103 INFO =====> Loss info: {'particle_has_naninf': False, 'height_map_loss': 13.217294692993164, 'emd_loss': 23.71173667907715, 'total_loss': 23.71173667907715}
2024-11-20 17:02:51,103 INFO =====> Performing line search for epoch 109......
2024-11-20 17:02:51,707 INFO ===> New TaichiEnv created.
2024-11-20 17:02:51,707 INFO ===> Specifications: horizon = 311, dt = 0.01, n_substeps = 20, dt_sub = 0.0005
2024-11-20 17:02:51,731 DEBUG loaded <trimesh.Trimesh(vertices.shape=(916, 3), faces.shape=(856, 3))> using `load_obj` in 0.0030s
2024-11-20 17:02:51,877 DEBUG loaded <trimesh.Trimesh(vertices.shape=(48, 3), faces.shape=(28, 3))> using `load_obj` in 0.0007s
2024-11-20 17:03:01,072 INFO =====> alpha: 0.01
2024-11-20 17:03:01,072 INFO =====> Loss info: {'particle_has_naninf': False, 'height_map_loss': 13.216444969177246, 'emd_loss': 23.70842933654785, 'total_loss': 23.70842933654785}
2024-11-20 17:03:01,648 INFO ===> New TaichiEnv created.
2024-11-20 17:03:01,649 INFO ===> Specifications: horizon = 311, dt = 0.01, n_substeps = 20, dt_sub = 0.0005
2024-11-20 17:03:01,672 DEBUG loaded <trimesh.Trimesh(vertices.shape=(916, 3), faces.shape=(856, 3))> using `load_obj` in 0.0030s
2024-11-20 17:03:01,819 DEBUG loaded <trimesh.Trimesh(vertices.shape=(48, 3), faces.shape=(28, 3))> using `load_obj` in 0.0007s
2024-11-20 17:03:11,756 INFO =====> alpha: 0.1
2024-11-20 17:03:11,756 INFO =====> Loss info: {'particle_has_naninf': False, 'height_map_loss': 13.235823631286621, 'emd_loss': 23.36859703063965, 'total_loss': 23.36859703063965}
2024-11-20 17:03:12,333 INFO ===> New TaichiEnv created.
2024-11-20 17:03:12,333 INFO ===> Specifications: horizon = 311, dt = 0.01, n_substeps = 20, dt_sub = 0.0005
2024-11-20 17:03:12,356 DEBUG loaded <trimesh.Trimesh(vertices.shape=(916, 3), faces.shape=(856, 3))> using `load_obj` in 0.0029s
2024-11-20 17:03:12,502 DEBUG loaded <trimesh.Trimesh(vertices.shape=(48, 3), faces.shape=(28, 3))> using `load_obj` in 0.0007s
2024-11-20 17:03:21,583 INFO =====> alpha: 0.5
2024-11-20 17:03:21,583 INFO =====> Loss info: {'particle_has_naninf': False, 'height_map_loss': 13.208647727966309, 'emd_loss': 23.62327766418457, 'total_loss': 23.62327766418457}
2024-11-20 17:03:22,159 INFO ===> New TaichiEnv created.
2024-11-20 17:03:22,159 INFO ===> Specifications: horizon = 311, dt = 0.01, n_substeps = 20, dt_sub = 0.0005
2024-11-20 17:03:22,183 DEBUG loaded <trimesh.Trimesh(vertices.shape=(916, 3), faces.shape=(856, 3))> using `load_obj` in 0.0030s
2024-11-20 17:03:22,329 DEBUG loaded <trimesh.Trimesh(vertices.shape=(48, 3), faces.shape=(28, 3))> using `load_obj` in 0.0007s
2024-11-20 17:03:31,354 INFO =====> alpha: 1.0
2024-11-20 17:03:31,354 INFO =====> Loss info: {'particle_has_naninf': False, 'height_map_loss': 13.211932182312012, 'emd_loss': 23.115087509155273, 'total_loss': 23.115087509155273}
2024-11-20 17:03:31,938 INFO ===> New TaichiEnv created.
2024-11-20 17:03:31,938 INFO ===> Specifications: horizon = 311, dt = 0.01, n_substeps = 20, dt_sub = 0.0005
2024-11-20 17:03:31,961 DEBUG loaded <trimesh.Trimesh(vertices.shape=(916, 3), faces.shape=(856, 3))> using `load_obj` in 0.0030s
2024-11-20 17:03:32,107 DEBUG loaded <trimesh.Trimesh(vertices.shape=(48, 3), faces.shape=(28, 3))> using `load_obj` in 0.0007s
2024-11-20 17:03:42,054 INFO =====> alpha: 1.01
2024-11-20 17:03:42,054 INFO =====> Loss info: {'particle_has_naninf': False, 'height_map_loss': 13.211359024047852, 'emd_loss': 23.354923248291016, 'total_loss': 23.354923248291016}
2024-11-20 17:03:42,635 INFO ===> New TaichiEnv created.
2024-11-20 17:03:42,635 INFO ===> Specifications: horizon = 311, dt = 0.01, n_substeps = 20, dt_sub = 0.0005
2024-11-20 17:03:42,658 DEBUG loaded <trimesh.Trimesh(vertices.shape=(916, 3), faces.shape=(856, 3))> using `load_obj` in 0.0029s
2024-11-20 17:03:42,807 DEBUG loaded <trimesh.Trimesh(vertices.shape=(48, 3), faces.shape=(28, 3))> using `load_obj` in 0.0007s
2024-11-20 17:03:51,859 INFO =====> alpha: 1.1
2024-11-20 17:03:51,859 INFO =====> Loss info: {'particle_has_naninf': False, 'height_map_loss': 13.222892761230469, 'emd_loss': 23.360454559326172, 'total_loss': 23.360454559326172}
2024-11-20 17:03:52,439 INFO ===> New TaichiEnv created.
2024-11-20 17:03:52,439 INFO ===> Specifications: horizon = 311, dt = 0.01, n_substeps = 20, dt_sub = 0.0005
2024-11-20 17:03:52,462 DEBUG loaded <trimesh.Trimesh(vertices.shape=(916, 3), faces.shape=(856, 3))> using `load_obj` in 0.0029s
2024-11-20 17:03:52,609 DEBUG loaded <trimesh.Trimesh(vertices.shape=(48, 3), faces.shape=(28, 3))> using `load_obj` in 0.0007s
2024-11-20 17:04:01,612 INFO =====> alpha: 1.5
2024-11-20 17:04:01,613 INFO =====> Loss info: {'particle_has_naninf': False, 'height_map_loss': 13.236141204833984, 'emd_loss': 23.136533737182617, 'total_loss': 23.136533737182617}
2024-11-20 17:04:01,613 INFO =====> Best alpha: 0.5, Best loss info: {'particle_has_naninf': False, 'height_map_loss': 13.208647727966309, 'emd_loss': 23.62327766418457, 'total_loss': 23.62327766418457}
2024-11-20 17:04:01,613 INFO =====> Param: E: [462779.9], nu: [0.23318061], rho: [1272.926], sand_angle: [16.171122]
2024-11-20 17:04:01,613 INFO =====> Grad: [-1.3624801e-02 -1.8925652e+04 -5.5358257e+00 -4.9069275e+02]
2024-11-20 17:04:01,613 INFO =====> Num. aborted data so far: 0
2024-11-20 17:04:02,196 INFO ===> New TaichiEnv created.
2024-11-20 17:04:02,196 INFO ===> Specifications: horizon = 311, dt = 0.01, n_substeps = 20, dt_sub = 0.0005
2024-11-20 17:04:02,220 DEBUG loaded <trimesh.Trimesh(vertices.shape=(916, 3), faces.shape=(856, 3))> using `load_obj` in 0.0029s
2024-11-20 17:04:02,367 DEBUG loaded <trimesh.Trimesh(vertices.shape=(48, 3), faces.shape=(28, 3))> using `load_obj` in 0.0007s
2024-11-20 17:04:30,449 INFO =====> Epoch: 110
2024-11-20 17:04:30,449 INFO =====> Loss info: {'particle_has_naninf': False, 'height_map_loss': 13.211532592773438, 'emd_loss': 23.51860809326172, 'total_loss': 23.51860809326172}
2024-11-20 17:04:30,449 INFO =====> Performing line search for epoch 110......
2024-11-20 17:04:31,060 INFO ===> New TaichiEnv created.
2024-11-20 17:04:31,060 INFO ===> Specifications: horizon = 311, dt = 0.01, n_substeps = 20, dt_sub = 0.0005
2024-11-20 17:04:31,083 DEBUG loaded <trimesh.Trimesh(vertices.shape=(916, 3), faces.shape=(856, 3))> using `load_obj` in 0.0030s
2024-11-20 17:04:31,232 DEBUG loaded <trimesh.Trimesh(vertices.shape=(48, 3), faces.shape=(28, 3))> using `load_obj` in 0.0007s
2024-11-20 17:04:40,203 INFO =====> alpha: 0.01
2024-11-20 17:04:40,203 INFO =====> Loss info: {'particle_has_naninf': False, 'height_map_loss': 13.20009708404541, 'emd_loss': 23.607009887695312, 'total_loss': 23.607009887695312}
2024-11-20 17:04:40,825 INFO ===> New TaichiEnv created.
2024-11-20 17:04:40,826 INFO ===> Specifications: horizon = 311, dt = 0.01, n_substeps = 20, dt_sub = 0.0005
2024-11-20 17:04:40,849 DEBUG loaded <trimesh.Trimesh(vertices.shape=(916, 3), faces.shape=(856, 3))> using `load_obj` in 0.0030s
2024-11-20 17:04:40,997 DEBUG loaded <trimesh.Trimesh(vertices.shape=(48, 3), faces.shape=(28, 3))> using `load_obj` in 0.0007s
2024-11-20 17:04:50,958 INFO =====> alpha: 0.1
2024-11-20 17:04:50,958 INFO =====> Loss info: {'particle_has_naninf': False, 'height_map_loss': 13.20058536529541, 'emd_loss': 23.613632202148438, 'total_loss': 23.613632202148438}
2024-11-20 17:04:51,533 INFO ===> New TaichiEnv created.
2024-11-20 17:04:51,533 INFO ===> Specifications: horizon = 311, dt = 0.01, n_substeps = 20, dt_sub = 0.0005
2024-11-20 17:04:51,556 DEBUG loaded <trimesh.Trimesh(vertices.shape=(916, 3), faces.shape=(856, 3))> using `load_obj` in 0.0029s
2024-11-20 17:04:51,701 DEBUG loaded <trimesh.Trimesh(vertices.shape=(48, 3), faces.shape=(28, 3))> using `load_obj` in 0.0007s
2024-11-20 17:05:00,684 INFO =====> alpha: 0.5
2024-11-20 17:05:00,684 INFO =====> Loss info: {'particle_has_naninf': False, 'height_map_loss': 13.218849182128906, 'emd_loss': 23.62127685546875, 'total_loss': 23.62127685546875}
2024-11-20 17:05:01,267 INFO ===> New TaichiEnv created.
2024-11-20 17:05:01,267 INFO ===> Specifications: horizon = 311, dt = 0.01, n_substeps = 20, dt_sub = 0.0005
2024-11-20 17:05:01,290 DEBUG loaded <trimesh.Trimesh(vertices.shape=(916, 3), faces.shape=(856, 3))> using `load_obj` in 0.0030s
2024-11-20 17:05:01,437 DEBUG loaded <trimesh.Trimesh(vertices.shape=(48, 3), faces.shape=(28, 3))> using `load_obj` in 0.0007s
2024-11-20 17:05:10,502 INFO =====> alpha: 1.0
2024-11-20 17:05:10,502 INFO =====> Loss info: {'particle_has_naninf': False, 'height_map_loss': 13.204344749450684, 'emd_loss': 23.603404998779297, 'total_loss': 23.603404998779297}
2024-11-20 17:05:11,082 INFO ===> New TaichiEnv created.
2024-11-20 17:05:11,083 INFO ===> Specifications: horizon = 311, dt = 0.01, n_substeps = 20, dt_sub = 0.0005
2024-11-20 17:05:11,105 DEBUG loaded <trimesh.Trimesh(vertices.shape=(916, 3), faces.shape=(856, 3))> using `load_obj` in 0.0029s
2024-11-20 17:05:11,252 DEBUG loaded <trimesh.Trimesh(vertices.shape=(48, 3), faces.shape=(28, 3))> using `load_obj` in 0.0007s
2024-11-20 17:05:21,293 INFO =====> alpha: 1.01
2024-11-20 17:05:21,293 INFO =====> Loss info: {'particle_has_naninf': False, 'height_map_loss': 13.20138168334961, 'emd_loss': 23.61837387084961, 'total_loss': 23.61837387084961}
2024-11-20 17:05:21,869 INFO ===> New TaichiEnv created.
2024-11-20 17:05:21,869 INFO ===> Specifications: horizon = 311, dt = 0.01, n_substeps = 20, dt_sub = 0.0005
2024-11-20 17:05:21,892 DEBUG loaded <trimesh.Trimesh(vertices.shape=(916, 3), faces.shape=(856, 3))> using `load_obj` in 0.0030s
2024-11-20 17:05:22,039 DEBUG loaded <trimesh.Trimesh(vertices.shape=(48, 3), faces.shape=(28, 3))> using `load_obj` in 0.0007s
2024-11-20 17:05:31,036 INFO =====> alpha: 1.1
2024-11-20 17:05:31,036 INFO =====> Loss info: {'particle_has_naninf': False, 'height_map_loss': 13.207049369812012, 'emd_loss': 23.612375259399414, 'total_loss': 23.612375259399414}
2024-11-20 17:05:31,620 INFO ===> New TaichiEnv created.
2024-11-20 17:05:31,620 INFO ===> Specifications: horizon = 311, dt = 0.01, n_substeps = 20, dt_sub = 0.0005
2024-11-20 17:05:31,643 DEBUG loaded <trimesh.Trimesh(vertices.shape=(916, 3), faces.shape=(856, 3))> using `load_obj` in 0.0031s
2024-11-20 17:05:31,790 DEBUG loaded <trimesh.Trimesh(vertices.shape=(48, 3), faces.shape=(28, 3))> using `load_obj` in 0.0007s
2024-11-20 17:05:41,770 INFO =====> alpha: 1.5
2024-11-20 17:05:41,770 INFO =====> Loss info: {'particle_has_naninf': False, 'height_map_loss': 13.229476928710938, 'emd_loss': 23.4492244720459, 'total_loss': 23.4492244720459}
2024-11-20 17:05:41,771 INFO =====> Best alpha: 0.01, Best loss info: {'particle_has_naninf': False, 'height_map_loss': 13.20009708404541, 'emd_loss': 23.607009887695312, 'total_loss': 23.607009887695312}
2024-11-20 17:05:41,771 INFO =====> Param: E: [462785.2], nu: [0.23319067], rho: [1273.1003], sand_angle: [16.170845]
2024-11-20 17:05:41,771 INFO =====> Grad: [-2.7849289e-04 -1.5946495e+03 -1.5854350e+01  1.7713028e+01]
2024-11-20 17:05:41,771 INFO =====> Num. aborted data so far: 0
2024-11-20 17:05:42,353 INFO ===> New TaichiEnv created.
2024-11-20 17:05:42,353 INFO ===> Specifications: horizon = 311, dt = 0.01, n_substeps = 20, dt_sub = 0.0005
2024-11-20 17:05:42,377 DEBUG loaded <trimesh.Trimesh(vertices.shape=(916, 3), faces.shape=(856, 3))> using `load_obj` in 0.0028s
2024-11-20 17:05:42,522 DEBUG loaded <trimesh.Trimesh(vertices.shape=(48, 3), faces.shape=(28, 3))> using `load_obj` in 0.0007s
2024-11-20 17:06:09,513 INFO =====> Epoch: 111
2024-11-20 17:06:09,513 INFO =====> Loss info: {'particle_has_naninf': False, 'height_map_loss': 13.210160255432129, 'emd_loss': 23.613605499267578, 'total_loss': 23.613605499267578}
2024-11-20 17:06:09,513 INFO =====> Performing line search for epoch 111......
2024-11-20 17:06:10,111 INFO ===> New TaichiEnv created.
2024-11-20 17:06:10,112 INFO ===> Specifications: horizon = 311, dt = 0.01, n_substeps = 20, dt_sub = 0.0005
2024-11-20 17:06:10,135 DEBUG loaded <trimesh.Trimesh(vertices.shape=(916, 3), faces.shape=(856, 3))> using `load_obj` in 0.0031s
2024-11-20 17:06:10,282 DEBUG loaded <trimesh.Trimesh(vertices.shape=(48, 3), faces.shape=(28, 3))> using `load_obj` in 0.0007s
2024-11-20 17:06:19,284 INFO =====> alpha: 0.01
2024-11-20 17:06:19,284 INFO =====> Loss info: {'particle_has_naninf': False, 'height_map_loss': 13.21034049987793, 'emd_loss': 23.62105941772461, 'total_loss': 23.62105941772461}
2024-11-20 17:06:19,860 INFO ===> New TaichiEnv created.
2024-11-20 17:06:19,860 INFO ===> Specifications: horizon = 311, dt = 0.01, n_substeps = 20, dt_sub = 0.0005
2024-11-20 17:06:19,883 DEBUG loaded <trimesh.Trimesh(vertices.shape=(916, 3), faces.shape=(856, 3))> using `load_obj` in 0.0030s
2024-11-20 17:06:20,030 DEBUG loaded <trimesh.Trimesh(vertices.shape=(48, 3), faces.shape=(28, 3))> using `load_obj` in 0.0007s
2024-11-20 17:06:29,945 INFO =====> alpha: 0.1
2024-11-20 17:06:29,945 INFO =====> Loss info: {'particle_has_naninf': False, 'height_map_loss': 13.200549125671387, 'emd_loss': 23.261138916015625, 'total_loss': 23.261138916015625}
2024-11-20 17:06:30,521 INFO ===> New TaichiEnv created.
2024-11-20 17:06:30,522 INFO ===> Specifications: horizon = 311, dt = 0.01, n_substeps = 20, dt_sub = 0.0005
2024-11-20 17:06:30,552 DEBUG loaded <trimesh.Trimesh(vertices.shape=(916, 3), faces.shape=(856, 3))> using `load_obj` in 0.0030s
2024-11-20 17:06:30,702 DEBUG loaded <trimesh.Trimesh(vertices.shape=(48, 3), faces.shape=(28, 3))> using `load_obj` in 0.0007s
2024-11-20 17:06:39,685 INFO =====> alpha: 0.5
2024-11-20 17:06:39,685 INFO =====> Loss info: {'particle_has_naninf': False, 'height_map_loss': 13.222576141357422, 'emd_loss': 23.4675235748291, 'total_loss': 23.4675235748291}
2024-11-20 17:06:40,272 INFO ===> New TaichiEnv created.
2024-11-20 17:06:40,272 INFO ===> Specifications: horizon = 311, dt = 0.01, n_substeps = 20, dt_sub = 0.0005
2024-11-20 17:06:40,296 DEBUG loaded <trimesh.Trimesh(vertices.shape=(916, 3), faces.shape=(856, 3))> using `load_obj` in 0.0031s
2024-11-20 17:06:40,443 DEBUG loaded <trimesh.Trimesh(vertices.shape=(48, 3), faces.shape=(28, 3))> using `load_obj` in 0.0007s
2024-11-20 17:06:50,409 INFO =====> alpha: 1.0
2024-11-20 17:06:50,409 INFO =====> Loss info: {'particle_has_naninf': False, 'height_map_loss': 13.270605087280273, 'emd_loss': 24.083539962768555, 'total_loss': 24.083539962768555}
2024-11-20 17:06:50,989 INFO ===> New TaichiEnv created.
2024-11-20 17:06:50,989 INFO ===> Specifications: horizon = 311, dt = 0.01, n_substeps = 20, dt_sub = 0.0005
2024-11-20 17:06:51,012 DEBUG loaded <trimesh.Trimesh(vertices.shape=(916, 3), faces.shape=(856, 3))> using `load_obj` in 0.0029s
2024-11-20 17:06:51,158 DEBUG loaded <trimesh.Trimesh(vertices.shape=(48, 3), faces.shape=(28, 3))> using `load_obj` in 0.0007s
2024-11-20 17:07:00,120 INFO =====> alpha: 1.01
2024-11-20 17:07:00,120 INFO =====> Loss info: {'particle_has_naninf': False, 'height_map_loss': 13.229121208190918, 'emd_loss': 23.937227249145508, 'total_loss': 23.937227249145508}
2024-11-20 17:07:00,693 INFO ===> New TaichiEnv created.
2024-11-20 17:07:00,693 INFO ===> Specifications: horizon = 311, dt = 0.01, n_substeps = 20, dt_sub = 0.0005
2024-11-20 17:07:00,717 DEBUG loaded <trimesh.Trimesh(vertices.shape=(916, 3), faces.shape=(856, 3))> using `load_obj` in 0.0031s
2024-11-20 17:07:00,863 DEBUG loaded <trimesh.Trimesh(vertices.shape=(48, 3), faces.shape=(28, 3))> using `load_obj` in 0.0007s
2024-11-20 17:07:09,855 INFO =====> alpha: 1.1
2024-11-20 17:07:09,856 INFO =====> Loss info: {'particle_has_naninf': False, 'height_map_loss': 13.252458572387695, 'emd_loss': 24.00058364868164, 'total_loss': 24.00058364868164}
2024-11-20 17:07:10,441 INFO ===> New TaichiEnv created.
2024-11-20 17:07:10,441 INFO ===> Specifications: horizon = 311, dt = 0.01, n_substeps = 20, dt_sub = 0.0005
2024-11-20 17:07:10,464 DEBUG loaded <trimesh.Trimesh(vertices.shape=(916, 3), faces.shape=(856, 3))> using `load_obj` in 0.0030s
2024-11-20 17:07:10,611 DEBUG loaded <trimesh.Trimesh(vertices.shape=(48, 3), faces.shape=(28, 3))> using `load_obj` in 0.0007s
2024-11-20 17:07:20,620 INFO =====> alpha: 1.5
2024-11-20 17:07:20,620 INFO =====> Loss info: {'particle_has_naninf': False, 'height_map_loss': 13.28246021270752, 'emd_loss': 23.401168823242188, 'total_loss': 23.401168823242188}
2024-11-20 17:07:20,620 INFO =====> Best alpha: 0.1, Best loss info: {'particle_has_naninf': False, 'height_map_loss': 13.200549125671387, 'emd_loss': 23.261138916015625, 'total_loss': 23.261138916015625}
2024-11-20 17:07:20,620 INFO =====> Param: E: [462800.9], nu: [0.23300563], rho: [1272.5651], sand_angle: [16.082748]
2024-11-20 17:07:20,620 INFO =====> Grad: [-7.8454737e-05  2.7879507e+03  4.6207194e+00  5.5808246e+02]
2024-11-20 17:07:20,620 INFO =====> Num. aborted data so far: 0
2024-11-20 17:07:21,198 INFO ===> New TaichiEnv created.
2024-11-20 17:07:21,199 INFO ===> Specifications: horizon = 311, dt = 0.01, n_substeps = 20, dt_sub = 0.0005
2024-11-20 17:07:21,223 DEBUG loaded <trimesh.Trimesh(vertices.shape=(916, 3), faces.shape=(856, 3))> using `load_obj` in 0.0030s
2024-11-20 17:07:21,368 DEBUG loaded <trimesh.Trimesh(vertices.shape=(48, 3), faces.shape=(28, 3))> using `load_obj` in 0.0007s
2024-11-20 17:07:48,444 INFO =====> Epoch: 112
2024-11-20 17:07:48,444 INFO =====> Loss info: {'particle_has_naninf': False, 'height_map_loss': 13.200571060180664, 'emd_loss': 23.253202438354492, 'total_loss': 23.253202438354492}
2024-11-20 17:07:48,444 INFO =====> Performing line search for epoch 112......
2024-11-20 17:07:49,046 INFO ===> New TaichiEnv created.
2024-11-20 17:07:49,047 INFO ===> Specifications: horizon = 311, dt = 0.01, n_substeps = 20, dt_sub = 0.0005
2024-11-20 17:07:49,070 DEBUG loaded <trimesh.Trimesh(vertices.shape=(916, 3), faces.shape=(856, 3))> using `load_obj` in 0.0030s
2024-11-20 17:07:49,216 DEBUG loaded <trimesh.Trimesh(vertices.shape=(48, 3), faces.shape=(28, 3))> using `load_obj` in 0.0007s
2024-11-20 17:07:59,110 INFO =====> alpha: 0.01
2024-11-20 17:07:59,111 INFO =====> Loss info: {'particle_has_naninf': False, 'height_map_loss': 13.204829216003418, 'emd_loss': 23.26164436340332, 'total_loss': 23.26164436340332}
2024-11-20 17:07:59,689 INFO ===> New TaichiEnv created.
2024-11-20 17:07:59,690 INFO ===> Specifications: horizon = 311, dt = 0.01, n_substeps = 20, dt_sub = 0.0005
2024-11-20 17:07:59,713 DEBUG loaded <trimesh.Trimesh(vertices.shape=(916, 3), faces.shape=(856, 3))> using `load_obj` in 0.0029s
2024-11-20 17:07:59,860 DEBUG loaded <trimesh.Trimesh(vertices.shape=(48, 3), faces.shape=(28, 3))> using `load_obj` in 0.0007s
2024-11-20 17:08:08,776 INFO =====> alpha: 0.1
2024-11-20 17:08:08,776 INFO =====> Loss info: {'particle_has_naninf': False, 'height_map_loss': 13.20993423461914, 'emd_loss': 23.287155151367188, 'total_loss': 23.287155151367188}
2024-11-20 17:08:09,353 INFO ===> New TaichiEnv created.
2024-11-20 17:08:09,353 INFO ===> Specifications: horizon = 311, dt = 0.01, n_substeps = 20, dt_sub = 0.0005
2024-11-20 17:08:09,377 DEBUG loaded <trimesh.Trimesh(vertices.shape=(916, 3), faces.shape=(856, 3))> using `load_obj` in 0.0031s
2024-11-20 17:08:09,525 DEBUG loaded <trimesh.Trimesh(vertices.shape=(48, 3), faces.shape=(28, 3))> using `load_obj` in 0.0007s
2024-11-20 17:08:18,448 INFO =====> alpha: 0.5
2024-11-20 17:08:18,448 INFO =====> Loss info: {'particle_has_naninf': False, 'height_map_loss': 13.202981948852539, 'emd_loss': 23.27828598022461, 'total_loss': 23.27828598022461}
2024-11-20 17:08:19,034 INFO ===> New TaichiEnv created.
2024-11-20 17:08:19,034 INFO ===> Specifications: horizon = 311, dt = 0.01, n_substeps = 20, dt_sub = 0.0005
2024-11-20 17:08:19,058 DEBUG loaded <trimesh.Trimesh(vertices.shape=(916, 3), faces.shape=(856, 3))> using `load_obj` in 0.0030s
2024-11-20 17:08:19,207 DEBUG loaded <trimesh.Trimesh(vertices.shape=(48, 3), faces.shape=(28, 3))> using `load_obj` in 0.0007s
2024-11-20 17:08:29,185 INFO =====> alpha: 1.0
2024-11-20 17:08:29,185 INFO =====> Loss info: {'particle_has_naninf': False, 'height_map_loss': 13.165727615356445, 'emd_loss': 23.289731979370117, 'total_loss': 23.289731979370117}
2024-11-20 17:08:29,764 INFO ===> New TaichiEnv created.
2024-11-20 17:08:29,764 INFO ===> Specifications: horizon = 311, dt = 0.01, n_substeps = 20, dt_sub = 0.0005
2024-11-20 17:08:29,787 DEBUG loaded <trimesh.Trimesh(vertices.shape=(916, 3), faces.shape=(856, 3))> using `load_obj` in 0.0029s
2024-11-20 17:08:29,938 DEBUG loaded <trimesh.Trimesh(vertices.shape=(48, 3), faces.shape=(28, 3))> using `load_obj` in 0.0007s
2024-11-20 17:08:38,933 INFO =====> alpha: 1.01
2024-11-20 17:08:38,933 INFO =====> Loss info: {'particle_has_naninf': False, 'height_map_loss': 13.166328430175781, 'emd_loss': 23.289714813232422, 'total_loss': 23.289714813232422}
2024-11-20 17:08:39,515 INFO ===> New TaichiEnv created.
2024-11-20 17:08:39,515 INFO ===> Specifications: horizon = 311, dt = 0.01, n_substeps = 20, dt_sub = 0.0005
2024-11-20 17:08:39,539 DEBUG loaded <trimesh.Trimesh(vertices.shape=(916, 3), faces.shape=(856, 3))> using `load_obj` in 0.0030s
2024-11-20 17:08:39,685 DEBUG loaded <trimesh.Trimesh(vertices.shape=(48, 3), faces.shape=(28, 3))> using `load_obj` in 0.0007s
2024-11-20 17:08:48,730 INFO =====> alpha: 1.1
2024-11-20 17:08:48,731 INFO =====> Loss info: {'particle_has_naninf': False, 'height_map_loss': 13.168777465820312, 'emd_loss': 23.297033309936523, 'total_loss': 23.297033309936523}
2024-11-20 17:08:49,317 INFO ===> New TaichiEnv created.
2024-11-20 17:08:49,317 INFO ===> Specifications: horizon = 311, dt = 0.01, n_substeps = 20, dt_sub = 0.0005
2024-11-20 17:08:49,340 DEBUG loaded <trimesh.Trimesh(vertices.shape=(916, 3), faces.shape=(856, 3))> using `load_obj` in 0.0028s
2024-11-20 17:08:49,488 DEBUG loaded <trimesh.Trimesh(vertices.shape=(48, 3), faces.shape=(28, 3))> using `load_obj` in 0.0007s
2024-11-20 17:08:59,510 INFO =====> alpha: 1.5
2024-11-20 17:08:59,510 INFO =====> Loss info: {'particle_has_naninf': False, 'height_map_loss': 13.175172805786133, 'emd_loss': 23.309179306030273, 'total_loss': 23.309179306030273}
2024-11-20 17:08:59,510 INFO =====> Best alpha: 1.0, Best loss info: {'particle_has_naninf': False, 'height_map_loss': 13.165727615356445, 'emd_loss': 23.289731979370117, 'total_loss': 23.289731979370117}
2024-11-20 17:08:59,511 INFO =====> Param: E: [468939.1], nu: [0.23621324], rho: [1250.2308], sand_angle: [15.924594]
2024-11-20 17:08:59,511 INFO =====> Grad: [-2.9209296e-03 -4.6085107e+03  1.8474001e+01  9.5166618e+01]
2024-11-20 17:08:59,511 INFO =====> Num. aborted data so far: 0
2024-11-20 17:09:00,093 INFO ===> New TaichiEnv created.
2024-11-20 17:09:00,094 INFO ===> Specifications: horizon = 311, dt = 0.01, n_substeps = 20, dt_sub = 0.0005
2024-11-20 17:09:00,117 DEBUG loaded <trimesh.Trimesh(vertices.shape=(916, 3), faces.shape=(856, 3))> using `load_obj` in 0.0030s
2024-11-20 17:09:00,266 DEBUG loaded <trimesh.Trimesh(vertices.shape=(48, 3), faces.shape=(28, 3))> using `load_obj` in 0.0007s
2024-11-20 17:09:27,311 INFO =====> Epoch: 113
2024-11-20 17:09:27,311 INFO =====> Loss info: {'particle_has_naninf': False, 'height_map_loss': 13.174566268920898, 'emd_loss': 23.298091888427734, 'total_loss': 23.298091888427734}
2024-11-20 17:09:27,311 INFO =====> Performing line search for epoch 113......
2024-11-20 17:09:27,912 INFO ===> New TaichiEnv created.
2024-11-20 17:09:27,912 INFO ===> Specifications: horizon = 311, dt = 0.01, n_substeps = 20, dt_sub = 0.0005
2024-11-20 17:09:27,935 DEBUG loaded <trimesh.Trimesh(vertices.shape=(916, 3), faces.shape=(856, 3))> using `load_obj` in 0.0030s
2024-11-20 17:09:28,084 DEBUG loaded <trimesh.Trimesh(vertices.shape=(48, 3), faces.shape=(28, 3))> using `load_obj` in 0.0007s
2024-11-20 17:09:38,041 INFO =====> alpha: 0.01
2024-11-20 17:09:38,041 INFO =====> Loss info: {'particle_has_naninf': False, 'height_map_loss': 13.164961814880371, 'emd_loss': 23.301036834716797, 'total_loss': 23.301036834716797}
2024-11-20 17:09:38,621 INFO ===> New TaichiEnv created.
2024-11-20 17:09:38,621 INFO ===> Specifications: horizon = 311, dt = 0.01, n_substeps = 20, dt_sub = 0.0005
2024-11-20 17:09:38,644 DEBUG loaded <trimesh.Trimesh(vertices.shape=(916, 3), faces.shape=(856, 3))> using `load_obj` in 0.0030s
2024-11-20 17:09:38,794 DEBUG loaded <trimesh.Trimesh(vertices.shape=(48, 3), faces.shape=(28, 3))> using `load_obj` in 0.0007s
2024-11-20 17:09:47,799 INFO =====> alpha: 0.1
2024-11-20 17:09:47,799 INFO =====> Loss info: {'particle_has_naninf': False, 'height_map_loss': 13.181711196899414, 'emd_loss': 23.486766815185547, 'total_loss': 23.486766815185547}
2024-11-20 17:09:48,417 INFO ===> New TaichiEnv created.
2024-11-20 17:09:48,417 INFO ===> Specifications: horizon = 311, dt = 0.01, n_substeps = 20, dt_sub = 0.0005
2024-11-20 17:09:48,440 DEBUG loaded <trimesh.Trimesh(vertices.shape=(916, 3), faces.shape=(856, 3))> using `load_obj` in 0.0030s
2024-11-20 17:09:48,586 DEBUG loaded <trimesh.Trimesh(vertices.shape=(48, 3), faces.shape=(28, 3))> using `load_obj` in 0.0007s
2024-11-20 17:09:57,551 INFO =====> alpha: 0.5
2024-11-20 17:09:57,551 INFO =====> Loss info: {'particle_has_naninf': False, 'height_map_loss': 13.235725402832031, 'emd_loss': 23.94649887084961, 'total_loss': 23.94649887084961}
2024-11-20 17:09:58,128 INFO ===> New TaichiEnv created.
2024-11-20 17:09:58,129 INFO ===> Specifications: horizon = 311, dt = 0.01, n_substeps = 20, dt_sub = 0.0005
2024-11-20 17:09:58,151 DEBUG loaded <trimesh.Trimesh(vertices.shape=(916, 3), faces.shape=(856, 3))> using `load_obj` in 0.0029s
2024-11-20 17:09:58,301 DEBUG loaded <trimesh.Trimesh(vertices.shape=(48, 3), faces.shape=(28, 3))> using `load_obj` in 0.0007s
2024-11-20 17:10:08,234 INFO =====> alpha: 1.0
2024-11-20 17:10:08,234 INFO =====> Loss info: {'particle_has_naninf': False, 'height_map_loss': 13.275218963623047, 'emd_loss': 23.146865844726562, 'total_loss': 23.146865844726562}
2024-11-20 17:10:08,866 INFO ===> New TaichiEnv created.
2024-11-20 17:10:08,866 INFO ===> Specifications: horizon = 311, dt = 0.01, n_substeps = 20, dt_sub = 0.0005
2024-11-20 17:10:08,890 DEBUG loaded <trimesh.Trimesh(vertices.shape=(916, 3), faces.shape=(856, 3))> using `load_obj` in 0.0031s
2024-11-20 17:10:09,038 DEBUG loaded <trimesh.Trimesh(vertices.shape=(48, 3), faces.shape=(28, 3))> using `load_obj` in 0.0007s
2024-11-20 17:10:18,024 INFO =====> alpha: 1.01
2024-11-20 17:10:18,024 INFO =====> Loss info: {'particle_has_naninf': False, 'height_map_loss': 13.276812553405762, 'emd_loss': 23.28805160522461, 'total_loss': 23.28805160522461}
2024-11-20 17:10:18,612 INFO ===> New TaichiEnv created.
2024-11-20 17:10:18,612 INFO ===> Specifications: horizon = 311, dt = 0.01, n_substeps = 20, dt_sub = 0.0005
2024-11-20 17:10:18,635 DEBUG loaded <trimesh.Trimesh(vertices.shape=(916, 3), faces.shape=(856, 3))> using `load_obj` in 0.0029s
2024-11-20 17:10:18,782 DEBUG loaded <trimesh.Trimesh(vertices.shape=(48, 3), faces.shape=(28, 3))> using `load_obj` in 0.0007s
2024-11-20 17:10:28,746 INFO =====> alpha: 1.1
2024-11-20 17:10:28,746 INFO =====> Loss info: {'particle_has_naninf': False, 'height_map_loss': 13.258275985717773, 'emd_loss': 23.16878890991211, 'total_loss': 23.16878890991211}
2024-11-20 17:10:29,332 INFO ===> New TaichiEnv created.
2024-11-20 17:10:29,333 INFO ===> Specifications: horizon = 311, dt = 0.01, n_substeps = 20, dt_sub = 0.0005
2024-11-20 17:10:29,356 DEBUG loaded <trimesh.Trimesh(vertices.shape=(916, 3), faces.shape=(856, 3))> using `load_obj` in 0.0029s
2024-11-20 17:10:29,502 DEBUG loaded <trimesh.Trimesh(vertices.shape=(48, 3), faces.shape=(28, 3))> using `load_obj` in 0.0007s
2024-11-20 17:10:38,572 INFO =====> alpha: 1.5
2024-11-20 17:10:38,572 INFO =====> Loss info: {'particle_has_naninf': False, 'height_map_loss': 13.339398384094238, 'emd_loss': 23.57729721069336, 'total_loss': 23.57729721069336}
2024-11-20 17:10:38,572 INFO =====> Best alpha: 0.01, Best loss info: {'particle_has_naninf': False, 'height_map_loss': 13.164961814880371, 'emd_loss': 23.301036834716797, 'total_loss': 23.301036834716797}
2024-11-20 17:10:38,573 INFO =====> Param: E: [468884.2], nu: [0.23614834], rho: [1250.2817], sand_angle: [15.911373]
2024-11-20 17:10:38,573 INFO =====> Grad: [ 2.4887191e-03  9.0366572e+03 -3.9982531e+00  8.3077295e+02]
2024-11-20 17:10:38,573 INFO =====> Num. aborted data so far: 0
2024-11-20 17:10:39,185 INFO ===> New TaichiEnv created.
2024-11-20 17:10:39,185 INFO ===> Specifications: horizon = 311, dt = 0.01, n_substeps = 20, dt_sub = 0.0005
2024-11-20 17:10:39,209 DEBUG loaded <trimesh.Trimesh(vertices.shape=(916, 3), faces.shape=(856, 3))> using `load_obj` in 0.0030s
2024-11-20 17:10:39,356 DEBUG loaded <trimesh.Trimesh(vertices.shape=(48, 3), faces.shape=(28, 3))> using `load_obj` in 0.0007s
2024-11-20 17:11:07,417 INFO =====> Epoch: 114
2024-11-20 17:11:07,417 INFO =====> Loss info: {'particle_has_naninf': False, 'height_map_loss': 13.168971061706543, 'emd_loss': 23.297317504882812, 'total_loss': 23.297317504882812}
2024-11-20 17:11:07,417 INFO =====> Performing line search for epoch 114......
2024-11-20 17:11:08,020 INFO ===> New TaichiEnv created.
2024-11-20 17:11:08,020 INFO ===> Specifications: horizon = 311, dt = 0.01, n_substeps = 20, dt_sub = 0.0005
2024-11-20 17:11:08,044 DEBUG loaded <trimesh.Trimesh(vertices.shape=(916, 3), faces.shape=(856, 3))> using `load_obj` in 0.0029s
2024-11-20 17:11:08,191 DEBUG loaded <trimesh.Trimesh(vertices.shape=(48, 3), faces.shape=(28, 3))> using `load_obj` in 0.0007s
2024-11-20 17:11:17,157 INFO =====> alpha: 0.01
2024-11-20 17:11:17,157 INFO =====> Loss info: {'particle_has_naninf': False, 'height_map_loss': 13.169427871704102, 'emd_loss': 23.299707412719727, 'total_loss': 23.299707412719727}
2024-11-20 17:11:17,737 INFO ===> New TaichiEnv created.
2024-11-20 17:11:17,737 INFO ===> Specifications: horizon = 311, dt = 0.01, n_substeps = 20, dt_sub = 0.0005
2024-11-20 17:11:17,761 DEBUG loaded <trimesh.Trimesh(vertices.shape=(916, 3), faces.shape=(856, 3))> using `load_obj` in 0.0031s
2024-11-20 17:11:17,907 DEBUG loaded <trimesh.Trimesh(vertices.shape=(48, 3), faces.shape=(28, 3))> using `load_obj` in 0.0007s
2024-11-20 17:11:26,862 INFO =====> alpha: 0.1
2024-11-20 17:11:26,862 INFO =====> Loss info: {'particle_has_naninf': False, 'height_map_loss': 13.202221870422363, 'emd_loss': 23.45542335510254, 'total_loss': 23.45542335510254}
2024-11-20 17:11:27,439 INFO ===> New TaichiEnv created.
2024-11-20 17:11:27,439 INFO ===> Specifications: horizon = 311, dt = 0.01, n_substeps = 20, dt_sub = 0.0005
2024-11-20 17:11:27,462 DEBUG loaded <trimesh.Trimesh(vertices.shape=(916, 3), faces.shape=(856, 3))> using `load_obj` in 0.0031s
2024-11-20 17:11:27,610 DEBUG loaded <trimesh.Trimesh(vertices.shape=(48, 3), faces.shape=(28, 3))> using `load_obj` in 0.0007s
2024-11-20 17:11:37,652 INFO =====> alpha: 0.5
2024-11-20 17:11:37,652 INFO =====> Loss info: {'particle_has_naninf': False, 'height_map_loss': 13.25907039642334, 'emd_loss': 23.217111587524414, 'total_loss': 23.217111587524414}
2024-11-20 17:11:38,231 INFO ===> New TaichiEnv created.
2024-11-20 17:11:38,231 INFO ===> Specifications: horizon = 311, dt = 0.01, n_substeps = 20, dt_sub = 0.0005
2024-11-20 17:11:38,255 DEBUG loaded <trimesh.Trimesh(vertices.shape=(916, 3), faces.shape=(856, 3))> using `load_obj` in 0.0030s
2024-11-20 17:11:38,401 DEBUG loaded <trimesh.Trimesh(vertices.shape=(48, 3), faces.shape=(28, 3))> using `load_obj` in 0.0007s
2024-11-20 17:11:47,389 INFO =====> alpha: 1.0
2024-11-20 17:11:47,389 INFO =====> Loss info: {'particle_has_naninf': False, 'height_map_loss': 13.350452423095703, 'emd_loss': 23.434389114379883, 'total_loss': 23.434389114379883}
2024-11-20 17:11:47,968 INFO ===> New TaichiEnv created.
2024-11-20 17:11:47,968 INFO ===> Specifications: horizon = 311, dt = 0.01, n_substeps = 20, dt_sub = 0.0005
2024-11-20 17:11:47,992 DEBUG loaded <trimesh.Trimesh(vertices.shape=(916, 3), faces.shape=(856, 3))> using `load_obj` in 0.0030s
2024-11-20 17:11:48,138 DEBUG loaded <trimesh.Trimesh(vertices.shape=(48, 3), faces.shape=(28, 3))> using `load_obj` in 0.0007s
2024-11-20 17:11:57,124 INFO =====> alpha: 1.01
2024-11-20 17:11:57,124 INFO =====> Loss info: {'particle_has_naninf': False, 'height_map_loss': 13.380731582641602, 'emd_loss': 23.433855056762695, 'total_loss': 23.433855056762695}
2024-11-20 17:11:57,699 INFO ===> New TaichiEnv created.
2024-11-20 17:11:57,699 INFO ===> Specifications: horizon = 311, dt = 0.01, n_substeps = 20, dt_sub = 0.0005
2024-11-20 17:11:57,726 DEBUG loaded <trimesh.Trimesh(vertices.shape=(916, 3), faces.shape=(856, 3))> using `load_obj` in 0.0055s
2024-11-20 17:11:57,875 DEBUG loaded <trimesh.Trimesh(vertices.shape=(48, 3), faces.shape=(28, 3))> using `load_obj` in 0.0007s
2024-11-20 17:12:07,901 INFO =====> alpha: 1.1
2024-11-20 17:12:07,901 INFO =====> Loss info: {'particle_has_naninf': False, 'height_map_loss': 13.3905029296875, 'emd_loss': 23.375301361083984, 'total_loss': 23.375301361083984}
2024-11-20 17:12:08,483 INFO ===> New TaichiEnv created.
2024-11-20 17:12:08,483 INFO ===> Specifications: horizon = 311, dt = 0.01, n_substeps = 20, dt_sub = 0.0005
2024-11-20 17:12:08,506 DEBUG loaded <trimesh.Trimesh(vertices.shape=(916, 3), faces.shape=(856, 3))> using `load_obj` in 0.0030s
2024-11-20 17:12:08,652 DEBUG loaded <trimesh.Trimesh(vertices.shape=(48, 3), faces.shape=(28, 3))> using `load_obj` in 0.0007s
2024-11-20 17:12:17,610 INFO =====> alpha: 1.5
2024-11-20 17:12:17,610 INFO =====> Loss info: {'particle_has_naninf': False, 'height_map_loss': 13.457633018493652, 'emd_loss': 23.400047302246094, 'total_loss': 23.400047302246094}
2024-11-20 17:12:17,611 INFO =====> Best alpha: 0.01, Best loss info: {'particle_has_naninf': False, 'height_map_loss': 13.169427871704102, 'emd_loss': 23.299707412719727, 'total_loss': 23.299707412719727}
2024-11-20 17:12:17,611 INFO =====> Param: E: [468794.44], nu: [0.23613739], rho: [1251.299], sand_angle: [15.931293]
2024-11-20 17:12:17,611 INFO =====> Grad: [ 3.8975438e-03  1.4473055e+03 -9.8960968e+01 -1.5289551e+03]
2024-11-20 17:12:17,611 INFO =====> Num. aborted data so far: 0
2024-11-20 17:12:18,220 INFO ===> New TaichiEnv created.
2024-11-20 17:12:18,220 INFO ===> Specifications: horizon = 311, dt = 0.01, n_substeps = 20, dt_sub = 0.0005
2024-11-20 17:12:18,246 DEBUG loaded <trimesh.Trimesh(vertices.shape=(916, 3), faces.shape=(856, 3))> using `load_obj` in 0.0030s
2024-11-20 17:12:18,393 DEBUG loaded <trimesh.Trimesh(vertices.shape=(48, 3), faces.shape=(28, 3))> using `load_obj` in 0.0007s
2024-11-20 17:12:46,364 INFO =====> Epoch: 115
2024-11-20 17:12:46,365 INFO =====> Loss info: {'particle_has_naninf': False, 'height_map_loss': 13.170841217041016, 'emd_loss': 23.305992126464844, 'total_loss': 23.305992126464844}
2024-11-20 17:12:46,365 INFO =====> Performing line search for epoch 115......
2024-11-20 17:12:46,973 INFO ===> New TaichiEnv created.
2024-11-20 17:12:46,973 INFO ===> Specifications: horizon = 311, dt = 0.01, n_substeps = 20, dt_sub = 0.0005
2024-11-20 17:12:46,996 DEBUG loaded <trimesh.Trimesh(vertices.shape=(916, 3), faces.shape=(856, 3))> using `load_obj` in 0.0030s
2024-11-20 17:12:47,143 DEBUG loaded <trimesh.Trimesh(vertices.shape=(48, 3), faces.shape=(28, 3))> using `load_obj` in 0.0007s
2024-11-20 17:12:56,097 INFO =====> alpha: 0.01
2024-11-20 17:12:56,097 INFO =====> Loss info: {'particle_has_naninf': False, 'height_map_loss': 13.162125587463379, 'emd_loss': 23.074007034301758, 'total_loss': 23.074007034301758}
2024-11-20 17:12:56,680 INFO ===> New TaichiEnv created.
2024-11-20 17:12:56,680 INFO ===> Specifications: horizon = 311, dt = 0.01, n_substeps = 20, dt_sub = 0.0005
2024-11-20 17:12:56,704 DEBUG loaded <trimesh.Trimesh(vertices.shape=(916, 3), faces.shape=(856, 3))> using `load_obj` in 0.0030s
2024-11-20 17:12:56,852 DEBUG loaded <trimesh.Trimesh(vertices.shape=(48, 3), faces.shape=(28, 3))> using `load_obj` in 0.0007s
2024-11-20 17:13:05,806 INFO =====> alpha: 0.1
2024-11-20 17:13:05,806 INFO =====> Loss info: {'particle_has_naninf': False, 'height_map_loss': 13.204436302185059, 'emd_loss': 23.273860931396484, 'total_loss': 23.273860931396484}
2024-11-20 17:13:06,388 INFO ===> New TaichiEnv created.
2024-11-20 17:13:06,388 INFO ===> Specifications: horizon = 311, dt = 0.01, n_substeps = 20, dt_sub = 0.0005
2024-11-20 17:13:06,411 DEBUG loaded <trimesh.Trimesh(vertices.shape=(916, 3), faces.shape=(856, 3))> using `load_obj` in 0.0030s
2024-11-20 17:13:06,561 DEBUG loaded <trimesh.Trimesh(vertices.shape=(48, 3), faces.shape=(28, 3))> using `load_obj` in 0.0007s
2024-11-20 17:13:16,457 INFO =====> alpha: 0.5
2024-11-20 17:13:16,457 INFO =====> Loss info: {'particle_has_naninf': False, 'height_map_loss': 13.220303535461426, 'emd_loss': 23.380191802978516, 'total_loss': 23.380191802978516}
2024-11-20 17:13:17,049 INFO ===> New TaichiEnv created.
2024-11-20 17:13:17,049 INFO ===> Specifications: horizon = 311, dt = 0.01, n_substeps = 20, dt_sub = 0.0005
2024-11-20 17:13:17,073 DEBUG loaded <trimesh.Trimesh(vertices.shape=(916, 3), faces.shape=(856, 3))> using `load_obj` in 0.0030s
2024-11-20 17:13:17,220 DEBUG loaded <trimesh.Trimesh(vertices.shape=(48, 3), faces.shape=(28, 3))> using `load_obj` in 0.0007s
2024-11-20 17:13:26,104 INFO =====> alpha: 1.0
2024-11-20 17:13:26,104 INFO =====> Loss info: {'particle_has_naninf': False, 'height_map_loss': 13.280291557312012, 'emd_loss': 23.258569717407227, 'total_loss': 23.258569717407227}
2024-11-20 17:13:26,685 INFO ===> New TaichiEnv created.
2024-11-20 17:13:26,685 INFO ===> Specifications: horizon = 311, dt = 0.01, n_substeps = 20, dt_sub = 0.0005
2024-11-20 17:13:26,708 DEBUG loaded <trimesh.Trimesh(vertices.shape=(916, 3), faces.shape=(856, 3))> using `load_obj` in 0.0030s
2024-11-20 17:13:26,856 DEBUG loaded <trimesh.Trimesh(vertices.shape=(48, 3), faces.shape=(28, 3))> using `load_obj` in 0.0007s
2024-11-20 17:13:35,828 INFO =====> alpha: 1.01
2024-11-20 17:13:35,829 INFO =====> Loss info: {'particle_has_naninf': False, 'height_map_loss': 13.283014297485352, 'emd_loss': 23.25952911376953, 'total_loss': 23.25952911376953}
2024-11-20 17:13:36,408 INFO ===> New TaichiEnv created.
2024-11-20 17:13:36,408 INFO ===> Specifications: horizon = 311, dt = 0.01, n_substeps = 20, dt_sub = 0.0005
2024-11-20 17:13:36,432 DEBUG loaded <trimesh.Trimesh(vertices.shape=(916, 3), faces.shape=(856, 3))> using `load_obj` in 0.0030s
2024-11-20 17:13:36,580 DEBUG loaded <trimesh.Trimesh(vertices.shape=(48, 3), faces.shape=(28, 3))> using `load_obj` in 0.0007s
2024-11-20 17:13:46,511 INFO =====> alpha: 1.1
2024-11-20 17:13:46,511 INFO =====> Loss info: {'particle_has_naninf': False, 'height_map_loss': 13.285892486572266, 'emd_loss': 23.2221736907959, 'total_loss': 23.2221736907959}
2024-11-20 17:13:47,163 INFO ===> New TaichiEnv created.
2024-11-20 17:13:47,163 INFO ===> Specifications: horizon = 311, dt = 0.01, n_substeps = 20, dt_sub = 0.0005
2024-11-20 17:13:47,187 DEBUG loaded <trimesh.Trimesh(vertices.shape=(916, 3), faces.shape=(856, 3))> using `load_obj` in 0.0031s
2024-11-20 17:13:47,335 DEBUG loaded <trimesh.Trimesh(vertices.shape=(48, 3), faces.shape=(28, 3))> using `load_obj` in 0.0007s
2024-11-20 17:13:56,305 INFO =====> alpha: 1.5
2024-11-20 17:13:56,305 INFO =====> Loss info: {'particle_has_naninf': False, 'height_map_loss': 13.34326457977295, 'emd_loss': 23.48089599609375, 'total_loss': 23.48089599609375}
2024-11-20 17:13:56,306 INFO =====> Best alpha: 0.01, Best loss info: {'particle_has_naninf': False, 'height_map_loss': 13.162125587463379, 'emd_loss': 23.074007034301758, 'total_loss': 23.074007034301758}
2024-11-20 17:13:56,306 INFO =====> Param: E: [468674.78], nu: [0.2360993], rho: [1251.9912], sand_angle: [15.943056]
2024-11-20 17:13:56,306 INFO =====> Grad: [ 5.020579e-03  4.811147e+03 -7.107347e+01 -9.228213e+02]
2024-11-20 17:13:56,306 INFO =====> Num. aborted data so far: 0
2024-11-20 17:13:56,895 INFO ===> New TaichiEnv created.
2024-11-20 17:13:56,896 INFO ===> Specifications: horizon = 311, dt = 0.01, n_substeps = 20, dt_sub = 0.0005
2024-11-20 17:13:56,923 DEBUG loaded <trimesh.Trimesh(vertices.shape=(916, 3), faces.shape=(856, 3))> using `load_obj` in 0.0029s
2024-11-20 17:13:57,069 DEBUG loaded <trimesh.Trimesh(vertices.shape=(48, 3), faces.shape=(28, 3))> using `load_obj` in 0.0007s
2024-11-20 17:14:25,055 INFO =====> Epoch: 116
2024-11-20 17:14:25,056 INFO =====> Loss info: {'particle_has_naninf': False, 'height_map_loss': 13.165929794311523, 'emd_loss': 23.295455932617188, 'total_loss': 23.295455932617188}
2024-11-20 17:14:25,056 INFO =====> Performing line search for epoch 116......
2024-11-20 17:14:25,660 INFO ===> New TaichiEnv created.
2024-11-20 17:14:25,661 INFO ===> Specifications: horizon = 311, dt = 0.01, n_substeps = 20, dt_sub = 0.0005
2024-11-20 17:14:25,684 DEBUG loaded <trimesh.Trimesh(vertices.shape=(916, 3), faces.shape=(856, 3))> using `load_obj` in 0.0030s
2024-11-20 17:14:25,832 DEBUG loaded <trimesh.Trimesh(vertices.shape=(48, 3), faces.shape=(28, 3))> using `load_obj` in 0.0007s
2024-11-20 17:14:34,864 INFO =====> alpha: 0.01
2024-11-20 17:14:34,864 INFO =====> Loss info: {'particle_has_naninf': False, 'height_map_loss': 13.162714958190918, 'emd_loss': 23.295635223388672, 'total_loss': 23.295635223388672}
2024-11-20 17:14:35,448 INFO ===> New TaichiEnv created.
2024-11-20 17:14:35,448 INFO ===> Specifications: horizon = 311, dt = 0.01, n_substeps = 20, dt_sub = 0.0005
2024-11-20 17:14:35,472 DEBUG loaded <trimesh.Trimesh(vertices.shape=(916, 3), faces.shape=(856, 3))> using `load_obj` in 0.0030s
2024-11-20 17:14:35,621 DEBUG loaded <trimesh.Trimesh(vertices.shape=(48, 3), faces.shape=(28, 3))> using `load_obj` in 0.0007s
2024-11-20 17:14:44,574 INFO =====> alpha: 0.1
2024-11-20 17:14:44,574 INFO =====> Loss info: {'particle_has_naninf': False, 'height_map_loss': 13.171792984008789, 'emd_loss': 23.327116012573242, 'total_loss': 23.327116012573242}
2024-11-20 17:14:45,219 INFO ===> New TaichiEnv created.
2024-11-20 17:14:45,219 INFO ===> Specifications: horizon = 311, dt = 0.01, n_substeps = 20, dt_sub = 0.0005
2024-11-20 17:14:45,243 DEBUG loaded <trimesh.Trimesh(vertices.shape=(916, 3), faces.shape=(856, 3))> using `load_obj` in 0.0029s
2024-11-20 17:14:45,391 DEBUG loaded <trimesh.Trimesh(vertices.shape=(48, 3), faces.shape=(28, 3))> using `load_obj` in 0.0007s
2024-11-20 17:14:55,372 INFO =====> alpha: 0.5
2024-11-20 17:14:55,373 INFO =====> Loss info: {'particle_has_naninf': False, 'height_map_loss': 13.231224060058594, 'emd_loss': 24.056610107421875, 'total_loss': 24.056610107421875}
2024-11-20 17:14:55,959 INFO ===> New TaichiEnv created.
2024-11-20 17:14:55,959 INFO ===> Specifications: horizon = 311, dt = 0.01, n_substeps = 20, dt_sub = 0.0005
2024-11-20 17:14:55,982 DEBUG loaded <trimesh.Trimesh(vertices.shape=(916, 3), faces.shape=(856, 3))> using `load_obj` in 0.0030s
2024-11-20 17:14:56,129 DEBUG loaded <trimesh.Trimesh(vertices.shape=(48, 3), faces.shape=(28, 3))> using `load_obj` in 0.0007s
2024-11-20 17:15:05,119 INFO =====> alpha: 1.0
2024-11-20 17:15:05,119 INFO =====> Loss info: {'particle_has_naninf': False, 'height_map_loss': 13.261310577392578, 'emd_loss': 23.62530517578125, 'total_loss': 23.62530517578125}
2024-11-20 17:15:05,703 INFO ===> New TaichiEnv created.
2024-11-20 17:15:05,703 INFO ===> Specifications: horizon = 311, dt = 0.01, n_substeps = 20, dt_sub = 0.0005
2024-11-20 17:15:05,726 DEBUG loaded <trimesh.Trimesh(vertices.shape=(916, 3), faces.shape=(856, 3))> using `load_obj` in 0.0030s
2024-11-20 17:15:05,872 DEBUG loaded <trimesh.Trimesh(vertices.shape=(48, 3), faces.shape=(28, 3))> using `load_obj` in 0.0007s
2024-11-20 17:15:15,829 INFO =====> alpha: 1.01
2024-11-20 17:15:15,829 INFO =====> Loss info: {'particle_has_naninf': False, 'height_map_loss': 13.241034507751465, 'emd_loss': 23.636137008666992, 'total_loss': 23.636137008666992}
2024-11-20 17:15:16,411 INFO ===> New TaichiEnv created.
2024-11-20 17:15:16,411 INFO ===> Specifications: horizon = 311, dt = 0.01, n_substeps = 20, dt_sub = 0.0005
2024-11-20 17:15:16,435 DEBUG loaded <trimesh.Trimesh(vertices.shape=(916, 3), faces.shape=(856, 3))> using `load_obj` in 0.0028s
2024-11-20 17:15:16,582 DEBUG loaded <trimesh.Trimesh(vertices.shape=(48, 3), faces.shape=(28, 3))> using `load_obj` in 0.0008s
2024-11-20 17:15:25,595 INFO =====> alpha: 1.1
2024-11-20 17:15:25,595 INFO =====> Loss info: {'particle_has_naninf': False, 'height_map_loss': 13.259984016418457, 'emd_loss': 23.681278228759766, 'total_loss': 23.681278228759766}
2024-11-20 17:15:26,184 INFO ===> New TaichiEnv created.
2024-11-20 17:15:26,184 INFO ===> Specifications: horizon = 311, dt = 0.01, n_substeps = 20, dt_sub = 0.0005
2024-11-20 17:15:26,207 DEBUG loaded <trimesh.Trimesh(vertices.shape=(916, 3), faces.shape=(856, 3))> using `load_obj` in 0.0030s
2024-11-20 17:15:26,354 DEBUG loaded <trimesh.Trimesh(vertices.shape=(48, 3), faces.shape=(28, 3))> using `load_obj` in 0.0007s
2024-11-20 17:15:35,275 INFO =====> alpha: 1.5
2024-11-20 17:15:35,275 INFO =====> Loss info: {'particle_has_naninf': False, 'height_map_loss': 13.285959243774414, 'emd_loss': 23.57339096069336, 'total_loss': 23.57339096069336}
2024-11-20 17:15:35,276 INFO =====> Best alpha: 0.01, Best loss info: {'particle_has_naninf': False, 'height_map_loss': 13.162714958190918, 'emd_loss': 23.295635223388672, 'total_loss': 23.295635223388672}
2024-11-20 17:15:35,276 INFO =====> Param: E: [468436.06], nu: [0.23594815], rho: [1251.6519], sand_angle: [15.933144]
2024-11-20 17:15:35,276 INFO =====> Grad: [1.0261494e-02 2.0624342e+04 3.3836269e+01 7.7683350e+02]
2024-11-20 17:15:35,276 INFO =====> Num. aborted data so far: 0
2024-11-20 17:15:35,860 INFO ===> New TaichiEnv created.
2024-11-20 17:15:35,860 INFO ===> Specifications: horizon = 311, dt = 0.01, n_substeps = 20, dt_sub = 0.0005
2024-11-20 17:15:35,884 DEBUG loaded <trimesh.Trimesh(vertices.shape=(916, 3), faces.shape=(856, 3))> using `load_obj` in 0.0031s
2024-11-20 17:15:36,031 DEBUG loaded <trimesh.Trimesh(vertices.shape=(48, 3), faces.shape=(28, 3))> using `load_obj` in 0.0007s
2024-11-20 17:16:04,065 INFO =====> Epoch: 117
2024-11-20 17:16:04,065 INFO =====> Loss info: {'particle_has_naninf': False, 'height_map_loss': 13.166196823120117, 'emd_loss': 23.305906295776367, 'total_loss': 23.305906295776367}
2024-11-20 17:16:04,066 INFO =====> Performing line search for epoch 117......
2024-11-20 17:16:04,682 INFO ===> New TaichiEnv created.
2024-11-20 17:16:04,682 INFO ===> Specifications: horizon = 311, dt = 0.01, n_substeps = 20, dt_sub = 0.0005
2024-11-20 17:16:04,705 DEBUG loaded <trimesh.Trimesh(vertices.shape=(916, 3), faces.shape=(856, 3))> using `load_obj` in 0.0029s
2024-11-20 17:16:04,854 DEBUG loaded <trimesh.Trimesh(vertices.shape=(48, 3), faces.shape=(28, 3))> using `load_obj` in 0.0007s
2024-11-20 17:16:13,864 INFO =====> alpha: 0.01
2024-11-20 17:16:13,864 INFO =====> Loss info: {'particle_has_naninf': False, 'height_map_loss': 13.166875839233398, 'emd_loss': 23.295534133911133, 'total_loss': 23.295534133911133}
2024-11-20 17:16:14,456 INFO ===> New TaichiEnv created.
2024-11-20 17:16:14,456 INFO ===> Specifications: horizon = 311, dt = 0.01, n_substeps = 20, dt_sub = 0.0005
2024-11-20 17:16:14,480 DEBUG loaded <trimesh.Trimesh(vertices.shape=(916, 3), faces.shape=(856, 3))> using `load_obj` in 0.0032s
2024-11-20 17:16:14,634 DEBUG loaded <trimesh.Trimesh(vertices.shape=(48, 3), faces.shape=(28, 3))> using `load_obj` in 0.0008s
2024-11-20 17:16:24,695 INFO =====> alpha: 0.1
2024-11-20 17:16:24,695 INFO =====> Loss info: {'particle_has_naninf': False, 'height_map_loss': 13.198420524597168, 'emd_loss': 23.258520126342773, 'total_loss': 23.258520126342773}
2024-11-20 17:16:25,270 INFO ===> New TaichiEnv created.
2024-11-20 17:16:25,270 INFO ===> Specifications: horizon = 311, dt = 0.01, n_substeps = 20, dt_sub = 0.0005
2024-11-20 17:16:25,293 DEBUG loaded <trimesh.Trimesh(vertices.shape=(916, 3), faces.shape=(856, 3))> using `load_obj` in 0.0029s
2024-11-20 17:16:25,440 DEBUG loaded <trimesh.Trimesh(vertices.shape=(48, 3), faces.shape=(28, 3))> using `load_obj` in 0.0007s
2024-11-20 17:16:34,367 INFO =====> alpha: 0.5
2024-11-20 17:16:34,367 INFO =====> Loss info: {'particle_has_naninf': False, 'height_map_loss': 13.188828468322754, 'emd_loss': 23.212160110473633, 'total_loss': 23.212160110473633}
2024-11-20 17:16:34,965 INFO ===> New TaichiEnv created.
2024-11-20 17:16:34,966 INFO ===> Specifications: horizon = 311, dt = 0.01, n_substeps = 20, dt_sub = 0.0005
2024-11-20 17:16:34,989 DEBUG loaded <trimesh.Trimesh(vertices.shape=(916, 3), faces.shape=(856, 3))> using `load_obj` in 0.0030s
2024-11-20 17:16:35,137 DEBUG loaded <trimesh.Trimesh(vertices.shape=(48, 3), faces.shape=(28, 3))> using `load_obj` in 0.0007s
2024-11-20 17:16:44,124 INFO =====> alpha: 1.0
2024-11-20 17:16:44,124 INFO =====> Loss info: {'particle_has_naninf': False, 'height_map_loss': 13.239415168762207, 'emd_loss': 23.18840980529785, 'total_loss': 23.18840980529785}
2024-11-20 17:16:44,707 INFO ===> New TaichiEnv created.
2024-11-20 17:16:44,707 INFO ===> Specifications: horizon = 311, dt = 0.01, n_substeps = 20, dt_sub = 0.0005
2024-11-20 17:16:44,731 DEBUG loaded <trimesh.Trimesh(vertices.shape=(916, 3), faces.shape=(856, 3))> using `load_obj` in 0.0030s
2024-11-20 17:16:44,882 DEBUG loaded <trimesh.Trimesh(vertices.shape=(48, 3), faces.shape=(28, 3))> using `load_obj` in 0.0007s
2024-11-20 17:16:54,956 INFO =====> alpha: 1.01
2024-11-20 17:16:54,956 INFO =====> Loss info: {'particle_has_naninf': False, 'height_map_loss': 13.244377136230469, 'emd_loss': 23.175159454345703, 'total_loss': 23.175159454345703}
2024-11-20 17:16:55,539 INFO ===> New TaichiEnv created.
2024-11-20 17:16:55,539 INFO ===> Specifications: horizon = 311, dt = 0.01, n_substeps = 20, dt_sub = 0.0005
2024-11-20 17:16:55,562 DEBUG loaded <trimesh.Trimesh(vertices.shape=(916, 3), faces.shape=(856, 3))> using `load_obj` in 0.0029s
2024-11-20 17:16:55,708 DEBUG loaded <trimesh.Trimesh(vertices.shape=(48, 3), faces.shape=(28, 3))> using `load_obj` in 0.0007s
2024-11-20 17:17:04,640 INFO =====> alpha: 1.1
2024-11-20 17:17:04,640 INFO =====> Loss info: {'particle_has_naninf': False, 'height_map_loss': 13.234636306762695, 'emd_loss': 23.07130241394043, 'total_loss': 23.07130241394043}
2024-11-20 17:17:05,218 INFO ===> New TaichiEnv created.
2024-11-20 17:17:05,218 INFO ===> Specifications: horizon = 311, dt = 0.01, n_substeps = 20, dt_sub = 0.0005
2024-11-20 17:17:05,241 DEBUG loaded <trimesh.Trimesh(vertices.shape=(916, 3), faces.shape=(856, 3))> using `load_obj` in 0.0030s
2024-11-20 17:17:05,388 DEBUG loaded <trimesh.Trimesh(vertices.shape=(48, 3), faces.shape=(28, 3))> using `load_obj` in 0.0007s
2024-11-20 17:17:14,398 INFO =====> alpha: 1.5
2024-11-20 17:17:14,398 INFO =====> Loss info: {'particle_has_naninf': False, 'height_map_loss': 13.249363899230957, 'emd_loss': 22.779497146606445, 'total_loss': 22.779497146606445}
2024-11-20 17:17:14,399 INFO =====> Best alpha: 0.01, Best loss info: {'particle_has_naninf': False, 'height_map_loss': 13.166875839233398, 'emd_loss': 23.295534133911133, 'total_loss': 23.295534133911133}
2024-11-20 17:17:14,399 INFO =====> Param: E: [468644.88], nu: [0.2360032], rho: [1251.6132], sand_angle: [15.94311]
2024-11-20 17:17:14,399 INFO =====> Grad: [-9.0208594e-03 -7.2370181e+03  3.6596758e+00 -7.8080194e+02]
2024-11-20 17:17:14,399 INFO =====> Num. aborted data so far: 0
2024-11-20 17:17:15,052 INFO ===> New TaichiEnv created.
2024-11-20 17:17:15,052 INFO ===> Specifications: horizon = 311, dt = 0.01, n_substeps = 20, dt_sub = 0.0005
2024-11-20 17:17:15,082 DEBUG loaded <trimesh.Trimesh(vertices.shape=(916, 3), faces.shape=(856, 3))> using `load_obj` in 0.0033s
2024-11-20 17:17:15,230 DEBUG loaded <trimesh.Trimesh(vertices.shape=(48, 3), faces.shape=(28, 3))> using `load_obj` in 0.0008s
2024-11-20 17:17:43,293 INFO =====> Epoch: 118
2024-11-20 17:17:43,293 INFO =====> Loss info: {'particle_has_naninf': False, 'height_map_loss': 13.163020133972168, 'emd_loss': 23.14759063720703, 'total_loss': 23.14759063720703}
2024-11-20 17:17:43,293 INFO =====> Performing line search for epoch 118......
2024-11-20 17:17:43,894 INFO ===> New TaichiEnv created.
2024-11-20 17:17:43,894 INFO ===> Specifications: horizon = 311, dt = 0.01, n_substeps = 20, dt_sub = 0.0005
2024-11-20 17:17:43,917 DEBUG loaded <trimesh.Trimesh(vertices.shape=(916, 3), faces.shape=(856, 3))> using `load_obj` in 0.0030s
2024-11-20 17:17:44,065 DEBUG loaded <trimesh.Trimesh(vertices.shape=(48, 3), faces.shape=(28, 3))> using `load_obj` in 0.0007s
2024-11-20 17:17:53,064 INFO =====> alpha: 0.01
2024-11-20 17:17:53,064 INFO =====> Loss info: {'particle_has_naninf': False, 'height_map_loss': 13.162595748901367, 'emd_loss': 23.294322967529297, 'total_loss': 23.294322967529297}
2024-11-20 17:17:53,650 INFO ===> New TaichiEnv created.
2024-11-20 17:17:53,650 INFO ===> Specifications: horizon = 311, dt = 0.01, n_substeps = 20, dt_sub = 0.0005
2024-11-20 17:17:53,673 DEBUG loaded <trimesh.Trimesh(vertices.shape=(916, 3), faces.shape=(856, 3))> using `load_obj` in 0.0030s
2024-11-20 17:17:53,822 DEBUG loaded <trimesh.Trimesh(vertices.shape=(48, 3), faces.shape=(28, 3))> using `load_obj` in 0.0007s
2024-11-20 17:18:03,909 INFO =====> alpha: 0.1
2024-11-20 17:18:03,909 INFO =====> Loss info: {'particle_has_naninf': False, 'height_map_loss': 13.184975624084473, 'emd_loss': 23.336023330688477, 'total_loss': 23.336023330688477}
2024-11-20 17:18:04,494 INFO ===> New TaichiEnv created.
2024-11-20 17:18:04,494 INFO ===> Specifications: horizon = 311, dt = 0.01, n_substeps = 20, dt_sub = 0.0005
2024-11-20 17:18:04,517 DEBUG loaded <trimesh.Trimesh(vertices.shape=(916, 3), faces.shape=(856, 3))> using `load_obj` in 0.0029s
2024-11-20 17:18:04,664 DEBUG loaded <trimesh.Trimesh(vertices.shape=(48, 3), faces.shape=(28, 3))> using `load_obj` in 0.0007s
2024-11-20 17:18:13,662 INFO =====> alpha: 0.5
2024-11-20 17:18:13,662 INFO =====> Loss info: {'particle_has_naninf': False, 'height_map_loss': 13.210360527038574, 'emd_loss': 23.87666893005371, 'total_loss': 23.87666893005371}
2024-11-20 17:18:14,246 INFO ===> New TaichiEnv created.
2024-11-20 17:18:14,246 INFO ===> Specifications: horizon = 311, dt = 0.01, n_substeps = 20, dt_sub = 0.0005
2024-11-20 17:18:14,269 DEBUG loaded <trimesh.Trimesh(vertices.shape=(916, 3), faces.shape=(856, 3))> using `load_obj` in 0.0031s
2024-11-20 17:18:14,420 DEBUG loaded <trimesh.Trimesh(vertices.shape=(48, 3), faces.shape=(28, 3))> using `load_obj` in 0.0007s
2024-11-20 17:18:23,403 INFO =====> alpha: 1.0
2024-11-20 17:18:23,403 INFO =====> Loss info: {'particle_has_naninf': False, 'height_map_loss': 13.230551719665527, 'emd_loss': 23.798128128051758, 'total_loss': 23.798128128051758}
2024-11-20 17:18:23,988 INFO ===> New TaichiEnv created.
2024-11-20 17:18:23,988 INFO ===> Specifications: horizon = 311, dt = 0.01, n_substeps = 20, dt_sub = 0.0005
2024-11-20 17:18:24,011 DEBUG loaded <trimesh.Trimesh(vertices.shape=(916, 3), faces.shape=(856, 3))> using `load_obj` in 0.0030s
2024-11-20 17:18:24,158 DEBUG loaded <trimesh.Trimesh(vertices.shape=(48, 3), faces.shape=(28, 3))> using `load_obj` in 0.0007s
2024-11-20 17:18:34,175 INFO =====> alpha: 1.01
2024-11-20 17:18:34,175 INFO =====> Loss info: {'particle_has_naninf': False, 'height_map_loss': 13.23592758178711, 'emd_loss': 23.80238914489746, 'total_loss': 23.80238914489746}
2024-11-20 17:18:34,758 INFO ===> New TaichiEnv created.
2024-11-20 17:18:34,758 INFO ===> Specifications: horizon = 311, dt = 0.01, n_substeps = 20, dt_sub = 0.0005
2024-11-20 17:18:34,782 DEBUG loaded <trimesh.Trimesh(vertices.shape=(916, 3), faces.shape=(856, 3))> using `load_obj` in 0.0029s
2024-11-20 17:18:34,928 DEBUG loaded <trimesh.Trimesh(vertices.shape=(48, 3), faces.shape=(28, 3))> using `load_obj` in 0.0007s
2024-11-20 17:18:43,922 INFO =====> alpha: 1.1
2024-11-20 17:18:43,923 INFO =====> Loss info: {'particle_has_naninf': False, 'height_map_loss': 13.238271713256836, 'emd_loss': 23.735984802246094, 'total_loss': 23.735984802246094}
2024-11-20 17:18:44,502 INFO ===> New TaichiEnv created.
2024-11-20 17:18:44,502 INFO ===> Specifications: horizon = 311, dt = 0.01, n_substeps = 20, dt_sub = 0.0005
2024-11-20 17:18:44,525 DEBUG loaded <trimesh.Trimesh(vertices.shape=(916, 3), faces.shape=(856, 3))> using `load_obj` in 0.0030s
2024-11-20 17:18:44,673 DEBUG loaded <trimesh.Trimesh(vertices.shape=(48, 3), faces.shape=(28, 3))> using `load_obj` in 0.0007s
2024-11-20 17:18:53,658 INFO =====> alpha: 1.5
2024-11-20 17:18:53,658 INFO =====> Loss info: {'particle_has_naninf': False, 'height_map_loss': 13.251686096191406, 'emd_loss': 23.352380752563477, 'total_loss': 23.352380752563477}
2024-11-20 17:18:53,659 INFO =====> Best alpha: 0.01, Best loss info: {'particle_has_naninf': False, 'height_map_loss': 13.162595748901367, 'emd_loss': 23.294322967529297, 'total_loss': 23.294322967529297}
2024-11-20 17:18:53,659 INFO =====> Param: E: [468615.94], nu: [0.23599324], rho: [1251.4501], sand_angle: [15.935485]
2024-11-20 17:18:53,659 INFO =====> Grad: [1.1873180e-03 1.2446608e+03 1.4716884e+01 5.8401862e+02]
2024-11-20 17:18:53,659 INFO =====> Num. aborted data so far: 0
2024-11-20 17:18:54,245 INFO ===> New TaichiEnv created.
2024-11-20 17:18:54,245 INFO ===> Specifications: horizon = 311, dt = 0.01, n_substeps = 20, dt_sub = 0.0005
2024-11-20 17:18:54,269 DEBUG loaded <trimesh.Trimesh(vertices.shape=(916, 3), faces.shape=(856, 3))> using `load_obj` in 0.0029s
2024-11-20 17:18:54,417 DEBUG loaded <trimesh.Trimesh(vertices.shape=(48, 3), faces.shape=(28, 3))> using `load_obj` in 0.0007s
2024-11-20 17:19:22,433 INFO =====> Epoch: 119
2024-11-20 17:19:22,433 INFO =====> Loss info: {'particle_has_naninf': False, 'height_map_loss': 13.163041114807129, 'emd_loss': 23.29344367980957, 'total_loss': 23.29344367980957}
2024-11-20 17:19:22,433 INFO =====> Performing line search for epoch 119......
2024-11-20 17:19:23,041 INFO ===> New TaichiEnv created.
2024-11-20 17:19:23,042 INFO ===> Specifications: horizon = 311, dt = 0.01, n_substeps = 20, dt_sub = 0.0005
2024-11-20 17:19:23,065 DEBUG loaded <trimesh.Trimesh(vertices.shape=(916, 3), faces.shape=(856, 3))> using `load_obj` in 0.0030s
2024-11-20 17:19:23,213 DEBUG loaded <trimesh.Trimesh(vertices.shape=(48, 3), faces.shape=(28, 3))> using `load_obj` in 0.0007s
2024-11-20 17:19:32,226 INFO =====> alpha: 0.01
2024-11-20 17:19:32,226 INFO =====> Loss info: {'particle_has_naninf': False, 'height_map_loss': 13.167122840881348, 'emd_loss': 23.294963836669922, 'total_loss': 23.294963836669922}
2024-11-20 17:19:32,850 INFO ===> New TaichiEnv created.
2024-11-20 17:19:32,850 INFO ===> Specifications: horizon = 311, dt = 0.01, n_substeps = 20, dt_sub = 0.0005
2024-11-20 17:19:32,874 DEBUG loaded <trimesh.Trimesh(vertices.shape=(916, 3), faces.shape=(856, 3))> using `load_obj` in 0.0030s
2024-11-20 17:19:33,021 DEBUG loaded <trimesh.Trimesh(vertices.shape=(48, 3), faces.shape=(28, 3))> using `load_obj` in 0.0007s
2024-11-20 17:19:43,053 INFO =====> alpha: 0.1
2024-11-20 17:19:43,053 INFO =====> Loss info: {'particle_has_naninf': False, 'height_map_loss': 13.196699142456055, 'emd_loss': 23.248046875, 'total_loss': 23.248046875}
2024-11-20 17:19:43,637 INFO ===> New TaichiEnv created.
2024-11-20 17:19:43,637 INFO ===> Specifications: horizon = 311, dt = 0.01, n_substeps = 20, dt_sub = 0.0005
2024-11-20 17:19:43,660 DEBUG loaded <trimesh.Trimesh(vertices.shape=(916, 3), faces.shape=(856, 3))> using `load_obj` in 0.0030s
2024-11-20 17:19:43,810 DEBUG loaded <trimesh.Trimesh(vertices.shape=(48, 3), faces.shape=(28, 3))> using `load_obj` in 0.0007s
2024-11-20 17:19:52,771 INFO =====> alpha: 0.5
2024-11-20 17:19:52,771 INFO =====> Loss info: {'particle_has_naninf': False, 'height_map_loss': 13.189229965209961, 'emd_loss': 23.217439651489258, 'total_loss': 23.217439651489258}
2024-11-20 17:19:53,360 INFO ===> New TaichiEnv created.
2024-11-20 17:19:53,361 INFO ===> Specifications: horizon = 311, dt = 0.01, n_substeps = 20, dt_sub = 0.0005
2024-11-20 17:19:53,384 DEBUG loaded <trimesh.Trimesh(vertices.shape=(916, 3), faces.shape=(856, 3))> using `load_obj` in 0.0030s
2024-11-20 17:19:53,531 DEBUG loaded <trimesh.Trimesh(vertices.shape=(48, 3), faces.shape=(28, 3))> using `load_obj` in 0.0007s
2024-11-20 17:20:02,451 INFO =====> alpha: 1.0
2024-11-20 17:20:02,451 INFO =====> Loss info: {'particle_has_naninf': False, 'height_map_loss': 13.212791442871094, 'emd_loss': 23.20219612121582, 'total_loss': 23.20219612121582}
2024-11-20 17:20:03,079 INFO ===> New TaichiEnv created.
2024-11-20 17:20:03,079 INFO ===> Specifications: horizon = 311, dt = 0.01, n_substeps = 20, dt_sub = 0.0005
2024-11-20 17:20:03,104 DEBUG loaded <trimesh.Trimesh(vertices.shape=(916, 3), faces.shape=(856, 3))> using `load_obj` in 0.0029s
2024-11-20 17:20:03,252 DEBUG loaded <trimesh.Trimesh(vertices.shape=(48, 3), faces.shape=(28, 3))> using `load_obj` in 0.0007s
2024-11-20 17:20:13,220 INFO =====> alpha: 1.01
2024-11-20 17:20:13,220 INFO =====> Loss info: {'particle_has_naninf': False, 'height_map_loss': 13.211551666259766, 'emd_loss': 23.145048141479492, 'total_loss': 23.145048141479492}
2024-11-20 17:20:13,803 INFO ===> New TaichiEnv created.
2024-11-20 17:20:13,803 INFO ===> Specifications: horizon = 311, dt = 0.01, n_substeps = 20, dt_sub = 0.0005
2024-11-20 17:20:13,826 DEBUG loaded <trimesh.Trimesh(vertices.shape=(916, 3), faces.shape=(856, 3))> using `load_obj` in 0.0029s
2024-11-20 17:20:13,972 DEBUG loaded <trimesh.Trimesh(vertices.shape=(48, 3), faces.shape=(28, 3))> using `load_obj` in 0.0007s
2024-11-20 17:20:22,956 INFO =====> alpha: 1.1
2024-11-20 17:20:22,956 INFO =====> Loss info: {'particle_has_naninf': False, 'height_map_loss': 13.25032901763916, 'emd_loss': 23.071287155151367, 'total_loss': 23.071287155151367}
2024-11-20 17:20:23,541 INFO ===> New TaichiEnv created.
2024-11-20 17:20:23,541 INFO ===> Specifications: horizon = 311, dt = 0.01, n_substeps = 20, dt_sub = 0.0005
2024-11-20 17:20:23,565 DEBUG loaded <trimesh.Trimesh(vertices.shape=(916, 3), faces.shape=(856, 3))> using `load_obj` in 0.0030s
2024-11-20 17:20:23,715 DEBUG loaded <trimesh.Trimesh(vertices.shape=(48, 3), faces.shape=(28, 3))> using `load_obj` in 0.0007s
2024-11-20 17:20:32,760 INFO =====> alpha: 1.5
2024-11-20 17:20:32,760 INFO =====> Loss info: {'particle_has_naninf': False, 'height_map_loss': 13.247063636779785, 'emd_loss': 22.732343673706055, 'total_loss': 22.732343673706055}
2024-11-20 17:20:32,760 INFO =====> Best alpha: 0.01, Best loss info: {'particle_has_naninf': False, 'height_map_loss': 13.167122840881348, 'emd_loss': 23.294963836669922, 'total_loss': 23.294963836669922}
2024-11-20 17:20:32,761 INFO =====> Param: E: [468820.75], nu: [0.23615128], rho: [1251.6145], sand_angle: [15.945196]
2024-11-20 17:20:32,761 INFO =====> Grad: [-8.42566788e-03 -2.15984688e+04 -1.41544895e+01 -7.41364807e+02]
2024-11-20 17:20:32,761 INFO =====> Num. aborted data so far: 0
2024-11-20 17:20:33,354 INFO ===> New TaichiEnv created.
2024-11-20 17:20:33,354 INFO ===> Specifications: horizon = 311, dt = 0.01, n_substeps = 20, dt_sub = 0.0005
2024-11-20 17:20:33,378 DEBUG loaded <trimesh.Trimesh(vertices.shape=(916, 3), faces.shape=(856, 3))> using `load_obj` in 0.0029s
2024-11-20 17:20:33,526 DEBUG loaded <trimesh.Trimesh(vertices.shape=(48, 3), faces.shape=(28, 3))> using `load_obj` in 0.0007s
2024-11-20 17:21:01,593 INFO =====> Epoch: 120
2024-11-20 17:21:01,593 INFO =====> Loss info: {'particle_has_naninf': False, 'height_map_loss': 13.16402530670166, 'emd_loss': 23.295108795166016, 'total_loss': 23.295108795166016}
2024-11-20 17:21:01,593 INFO =====> Performing line search for epoch 120......
2024-11-20 17:21:02,199 INFO ===> New TaichiEnv created.
2024-11-20 17:21:02,200 INFO ===> Specifications: horizon = 311, dt = 0.01, n_substeps = 20, dt_sub = 0.0005
2024-11-20 17:21:02,223 DEBUG loaded <trimesh.Trimesh(vertices.shape=(916, 3), faces.shape=(856, 3))> using `load_obj` in 0.0031s
2024-11-20 17:21:02,370 DEBUG loaded <trimesh.Trimesh(vertices.shape=(48, 3), faces.shape=(28, 3))> using `load_obj` in 0.0007s
2024-11-20 17:21:11,431 INFO =====> alpha: 0.01
2024-11-20 17:21:11,431 INFO =====> Loss info: {'particle_has_naninf': False, 'height_map_loss': 13.162562370300293, 'emd_loss': 23.294687271118164, 'total_loss': 23.294687271118164}
2024-11-20 17:21:12,009 INFO ===> New TaichiEnv created.
2024-11-20 17:21:12,010 INFO ===> Specifications: horizon = 311, dt = 0.01, n_substeps = 20, dt_sub = 0.0005
2024-11-20 17:21:12,033 DEBUG loaded <trimesh.Trimesh(vertices.shape=(916, 3), faces.shape=(856, 3))> using `load_obj` in 0.0029s
2024-11-20 17:21:12,181 DEBUG loaded <trimesh.Trimesh(vertices.shape=(48, 3), faces.shape=(28, 3))> using `load_obj` in 0.0007s
2024-11-20 17:21:22,222 INFO =====> alpha: 0.1
2024-11-20 17:21:22,222 INFO =====> Loss info: {'particle_has_naninf': False, 'height_map_loss': 13.172586441040039, 'emd_loss': 23.336692810058594, 'total_loss': 23.336692810058594}
2024-11-20 17:21:22,805 INFO ===> New TaichiEnv created.
2024-11-20 17:21:22,805 INFO ===> Specifications: horizon = 311, dt = 0.01, n_substeps = 20, dt_sub = 0.0005
2024-11-20 17:21:22,828 DEBUG loaded <trimesh.Trimesh(vertices.shape=(916, 3), faces.shape=(856, 3))> using `load_obj` in 0.0031s
2024-11-20 17:21:22,975 DEBUG loaded <trimesh.Trimesh(vertices.shape=(48, 3), faces.shape=(28, 3))> using `load_obj` in 0.0007s
2024-11-20 17:21:31,968 INFO =====> alpha: 0.5
2024-11-20 17:21:31,969 INFO =====> Loss info: {'particle_has_naninf': False, 'height_map_loss': 13.246139526367188, 'emd_loss': 24.066875457763672, 'total_loss': 24.066875457763672}
2024-11-20 17:21:32,620 INFO ===> New TaichiEnv created.
2024-11-20 17:21:32,620 INFO ===> Specifications: horizon = 311, dt = 0.01, n_substeps = 20, dt_sub = 0.0005
2024-11-20 17:21:32,644 DEBUG loaded <trimesh.Trimesh(vertices.shape=(916, 3), faces.shape=(856, 3))> using `load_obj` in 0.0030s
2024-11-20 17:21:32,791 DEBUG loaded <trimesh.Trimesh(vertices.shape=(48, 3), faces.shape=(28, 3))> using `load_obj` in 0.0007s
2024-11-20 17:21:41,880 INFO =====> alpha: 1.0
2024-11-20 17:21:41,881 INFO =====> Loss info: {'particle_has_naninf': False, 'height_map_loss': 13.268461227416992, 'emd_loss': 23.65439224243164, 'total_loss': 23.65439224243164}
2024-11-20 17:21:42,502 INFO ===> New TaichiEnv created.
2024-11-20 17:21:42,502 INFO ===> Specifications: horizon = 311, dt = 0.01, n_substeps = 20, dt_sub = 0.0005
2024-11-20 17:21:42,525 DEBUG loaded <trimesh.Trimesh(vertices.shape=(916, 3), faces.shape=(856, 3))> using `load_obj` in 0.0029s
2024-11-20 17:21:42,672 DEBUG loaded <trimesh.Trimesh(vertices.shape=(48, 3), faces.shape=(28, 3))> using `load_obj` in 0.0007s
2024-11-20 17:21:52,623 INFO =====> alpha: 1.01
2024-11-20 17:21:52,623 INFO =====> Loss info: {'particle_has_naninf': False, 'height_map_loss': 13.2640962600708, 'emd_loss': 23.636362075805664, 'total_loss': 23.636362075805664}
2024-11-20 17:21:53,209 INFO ===> New TaichiEnv created.
2024-11-20 17:21:53,209 INFO ===> Specifications: horizon = 311, dt = 0.01, n_substeps = 20, dt_sub = 0.0005
2024-11-20 17:21:53,232 DEBUG loaded <trimesh.Trimesh(vertices.shape=(916, 3), faces.shape=(856, 3))> using `load_obj` in 0.0029s
2024-11-20 17:21:53,380 DEBUG loaded <trimesh.Trimesh(vertices.shape=(48, 3), faces.shape=(28, 3))> using `load_obj` in 0.0007s
2024-11-20 17:22:02,399 INFO =====> alpha: 1.1
2024-11-20 17:22:02,399 INFO =====> Loss info: {'particle_has_naninf': False, 'height_map_loss': 13.305198669433594, 'emd_loss': 23.15593910217285, 'total_loss': 23.15593910217285}
2024-11-20 17:22:02,988 INFO ===> New TaichiEnv created.
2024-11-20 17:22:02,988 INFO ===> Specifications: horizon = 311, dt = 0.01, n_substeps = 20, dt_sub = 0.0005
2024-11-20 17:22:03,012 DEBUG loaded <trimesh.Trimesh(vertices.shape=(916, 3), faces.shape=(856, 3))> using `load_obj` in 0.0030s
2024-11-20 17:22:03,158 DEBUG loaded <trimesh.Trimesh(vertices.shape=(48, 3), faces.shape=(28, 3))> using `load_obj` in 0.0007s
2024-11-20 17:22:13,107 INFO =====> alpha: 1.5
2024-11-20 17:22:13,107 INFO =====> Loss info: {'particle_has_naninf': False, 'height_map_loss': 13.276987075805664, 'emd_loss': 23.35775375366211, 'total_loss': 23.35775375366211}
2024-11-20 17:22:13,108 INFO =====> Best alpha: 0.01, Best loss info: {'particle_has_naninf': False, 'height_map_loss': 13.162562370300293, 'emd_loss': 23.294687271118164, 'total_loss': 23.294687271118164}
2024-11-20 17:22:13,108 INFO =====> Param: E: [468636.25], nu: [0.23602138], rho: [1251.2698], sand_angle: [15.934233]
2024-11-20 17:22:13,108 INFO =====> Grad: [7.5277290e-03 1.8469945e+04 2.8847103e+01 8.4655988e+02]
2024-11-20 17:22:13,108 INFO =====> Num. aborted data so far: 0
2024-11-20 17:22:13,699 INFO ===> New TaichiEnv created.
2024-11-20 17:22:13,699 INFO ===> Specifications: horizon = 311, dt = 0.01, n_substeps = 20, dt_sub = 0.0005
2024-11-20 17:22:13,723 DEBUG loaded <trimesh.Trimesh(vertices.shape=(916, 3), faces.shape=(856, 3))> using `load_obj` in 0.0029s
2024-11-20 17:22:13,873 DEBUG loaded <trimesh.Trimesh(vertices.shape=(48, 3), faces.shape=(28, 3))> using `load_obj` in 0.0007s
2024-11-20 17:22:40,841 INFO =====> Epoch: 121
2024-11-20 17:22:40,841 INFO =====> Loss info: {'particle_has_naninf': False, 'height_map_loss': 13.16563892364502, 'emd_loss': 23.29494285583496, 'total_loss': 23.29494285583496}
2024-11-20 17:22:40,844 INFO =====> Performing line search for epoch 121......
2024-11-20 17:22:41,455 INFO ===> New TaichiEnv created.
2024-11-20 17:22:41,455 INFO ===> Specifications: horizon = 311, dt = 0.01, n_substeps = 20, dt_sub = 0.0005
2024-11-20 17:22:41,479 DEBUG loaded <trimesh.Trimesh(vertices.shape=(916, 3), faces.shape=(856, 3))> using `load_obj` in 0.0032s
2024-11-20 17:22:41,626 DEBUG loaded <trimesh.Trimesh(vertices.shape=(48, 3), faces.shape=(28, 3))> using `load_obj` in 0.0007s
2024-11-20 17:22:51,679 INFO =====> alpha: 0.01
2024-11-20 17:22:51,679 INFO =====> Loss info: {'particle_has_naninf': False, 'height_map_loss': 13.164186477661133, 'emd_loss': 23.293973922729492, 'total_loss': 23.293973922729492}
2024-11-20 17:22:52,271 INFO ===> New TaichiEnv created.
2024-11-20 17:22:52,271 INFO ===> Specifications: horizon = 311, dt = 0.01, n_substeps = 20, dt_sub = 0.0005
2024-11-20 17:22:52,295 DEBUG loaded <trimesh.Trimesh(vertices.shape=(916, 3), faces.shape=(856, 3))> using `load_obj` in 0.0029s
2024-11-20 17:22:52,442 DEBUG loaded <trimesh.Trimesh(vertices.shape=(48, 3), faces.shape=(28, 3))> using `load_obj` in 0.0007s
2024-11-20 17:23:01,472 INFO =====> alpha: 0.1
2024-11-20 17:23:01,472 INFO =====> Loss info: {'particle_has_naninf': False, 'height_map_loss': 13.176657676696777, 'emd_loss': 23.16434669494629, 'total_loss': 23.16434669494629}
2024-11-20 17:23:02,061 INFO ===> New TaichiEnv created.
2024-11-20 17:23:02,061 INFO ===> Specifications: horizon = 311, dt = 0.01, n_substeps = 20, dt_sub = 0.0005
2024-11-20 17:23:02,085 DEBUG loaded <trimesh.Trimesh(vertices.shape=(916, 3), faces.shape=(856, 3))> using `load_obj` in 0.0030s
2024-11-20 17:23:02,233 DEBUG loaded <trimesh.Trimesh(vertices.shape=(48, 3), faces.shape=(28, 3))> using `load_obj` in 0.0007s
2024-11-20 17:23:11,353 INFO =====> alpha: 0.5
2024-11-20 17:23:11,353 INFO =====> Loss info: {'particle_has_naninf': False, 'height_map_loss': 13.194304466247559, 'emd_loss': 23.23516845703125, 'total_loss': 23.23516845703125}
2024-11-20 17:23:11,938 INFO ===> New TaichiEnv created.
2024-11-20 17:23:11,938 INFO ===> Specifications: horizon = 311, dt = 0.01, n_substeps = 20, dt_sub = 0.0005
2024-11-20 17:23:11,961 DEBUG loaded <trimesh.Trimesh(vertices.shape=(916, 3), faces.shape=(856, 3))> using `load_obj` in 0.0030s
2024-11-20 17:23:12,109 DEBUG loaded <trimesh.Trimesh(vertices.shape=(48, 3), faces.shape=(28, 3))> using `load_obj` in 0.0007s
2024-11-20 17:23:22,024 INFO =====> alpha: 1.0
2024-11-20 17:23:22,024 INFO =====> Loss info: {'particle_has_naninf': False, 'height_map_loss': 13.1826810836792, 'emd_loss': 23.198448181152344, 'total_loss': 23.198448181152344}
2024-11-20 17:23:22,614 INFO ===> New TaichiEnv created.
2024-11-20 17:23:22,614 INFO ===> Specifications: horizon = 311, dt = 0.01, n_substeps = 20, dt_sub = 0.0005
2024-11-20 17:23:22,637 DEBUG loaded <trimesh.Trimesh(vertices.shape=(916, 3), faces.shape=(856, 3))> using `load_obj` in 0.0029s
2024-11-20 17:23:22,784 DEBUG loaded <trimesh.Trimesh(vertices.shape=(48, 3), faces.shape=(28, 3))> using `load_obj` in 0.0007s
2024-11-20 17:23:31,691 INFO =====> alpha: 1.01
2024-11-20 17:23:31,691 INFO =====> Loss info: {'particle_has_naninf': False, 'height_map_loss': 13.182585716247559, 'emd_loss': 23.198471069335938, 'total_loss': 23.198471069335938}
2024-11-20 17:23:32,277 INFO ===> New TaichiEnv created.
2024-11-20 17:23:32,277 INFO ===> Specifications: horizon = 311, dt = 0.01, n_substeps = 20, dt_sub = 0.0005
2024-11-20 17:23:32,301 DEBUG loaded <trimesh.Trimesh(vertices.shape=(916, 3), faces.shape=(856, 3))> using `load_obj` in 0.0030s
2024-11-20 17:23:32,448 DEBUG loaded <trimesh.Trimesh(vertices.shape=(48, 3), faces.shape=(28, 3))> using `load_obj` in 0.0007s
2024-11-20 17:23:41,566 INFO =====> alpha: 1.1
2024-11-20 17:23:41,566 INFO =====> Loss info: {'particle_has_naninf': False, 'height_map_loss': 13.184463500976562, 'emd_loss': 23.180526733398438, 'total_loss': 23.180526733398438}
2024-11-20 17:23:42,157 INFO ===> New TaichiEnv created.
2024-11-20 17:23:42,157 INFO ===> Specifications: horizon = 311, dt = 0.01, n_substeps = 20, dt_sub = 0.0005
2024-11-20 17:23:42,181 DEBUG loaded <trimesh.Trimesh(vertices.shape=(916, 3), faces.shape=(856, 3))> using `load_obj` in 0.0030s
2024-11-20 17:23:42,328 DEBUG loaded <trimesh.Trimesh(vertices.shape=(48, 3), faces.shape=(28, 3))> using `load_obj` in 0.0007s
2024-11-20 17:23:52,349 INFO =====> alpha: 1.5
2024-11-20 17:23:52,350 INFO =====> Loss info: {'particle_has_naninf': False, 'height_map_loss': 13.178191184997559, 'emd_loss': 23.1923885345459, 'total_loss': 23.1923885345459}
2024-11-20 17:23:52,350 INFO =====> Best alpha: 0.01, Best loss info: {'particle_has_naninf': False, 'height_map_loss': 13.164186477661133, 'emd_loss': 23.293973922729492, 'total_loss': 23.293973922729492}
2024-11-20 17:23:52,350 INFO =====> Param: E: [468914.88], nu: [0.23617308], rho: [1251.6375], sand_angle: [15.937401]
2024-11-20 17:23:52,350 INFO =====> Grad: [-1.2013581e-02 -2.3322977e+04 -3.0010040e+01 -2.3322745e+02]
2024-11-20 17:23:52,350 INFO =====> Num. aborted data so far: 0
2024-11-20 17:23:52,943 INFO ===> New TaichiEnv created.
2024-11-20 17:23:52,944 INFO ===> Specifications: horizon = 311, dt = 0.01, n_substeps = 20, dt_sub = 0.0005
2024-11-20 17:23:52,968 DEBUG loaded <trimesh.Trimesh(vertices.shape=(916, 3), faces.shape=(856, 3))> using `load_obj` in 0.0029s
2024-11-20 17:23:53,114 DEBUG loaded <trimesh.Trimesh(vertices.shape=(48, 3), faces.shape=(28, 3))> using `load_obj` in 0.0007s
2024-11-20 17:24:20,095 INFO =====> Epoch: 122
2024-11-20 17:24:20,095 INFO =====> Loss info: {'particle_has_naninf': False, 'height_map_loss': 13.176692962646484, 'emd_loss': 23.310087203979492, 'total_loss': 23.310087203979492}
2024-11-20 17:24:20,095 INFO =====> Performing line search for epoch 122......
2024-11-20 17:24:20,699 INFO ===> New TaichiEnv created.
2024-11-20 17:24:20,700 INFO ===> Specifications: horizon = 311, dt = 0.01, n_substeps = 20, dt_sub = 0.0005
2024-11-20 17:24:20,724 DEBUG loaded <trimesh.Trimesh(vertices.shape=(916, 3), faces.shape=(856, 3))> using `load_obj` in 0.0030s
2024-11-20 17:24:20,872 DEBUG loaded <trimesh.Trimesh(vertices.shape=(48, 3), faces.shape=(28, 3))> using `load_obj` in 0.0007s
2024-11-20 17:24:31,016 INFO =====> alpha: 0.01
2024-11-20 17:24:31,016 INFO =====> Loss info: {'particle_has_naninf': False, 'height_map_loss': 13.178083419799805, 'emd_loss': 23.309864044189453, 'total_loss': 23.309864044189453}
2024-11-20 17:24:31,602 INFO ===> New TaichiEnv created.
2024-11-20 17:24:31,603 INFO ===> Specifications: horizon = 311, dt = 0.01, n_substeps = 20, dt_sub = 0.0005
2024-11-20 17:24:31,626 DEBUG loaded <trimesh.Trimesh(vertices.shape=(916, 3), faces.shape=(856, 3))> using `load_obj` in 0.0029s
2024-11-20 17:24:31,776 DEBUG loaded <trimesh.Trimesh(vertices.shape=(48, 3), faces.shape=(28, 3))> using `load_obj` in 0.0007s
2024-11-20 17:24:40,728 INFO =====> alpha: 0.1
2024-11-20 17:24:40,728 INFO =====> Loss info: {'particle_has_naninf': False, 'height_map_loss': 13.176801681518555, 'emd_loss': 23.286928176879883, 'total_loss': 23.286928176879883}
2024-11-20 17:24:41,318 INFO ===> New TaichiEnv created.
2024-11-20 17:24:41,318 INFO ===> Specifications: horizon = 311, dt = 0.01, n_substeps = 20, dt_sub = 0.0005
2024-11-20 17:24:41,342 DEBUG loaded <trimesh.Trimesh(vertices.shape=(916, 3), faces.shape=(856, 3))> using `load_obj` in 0.0030s
2024-11-20 17:24:41,489 DEBUG loaded <trimesh.Trimesh(vertices.shape=(48, 3), faces.shape=(28, 3))> using `load_obj` in 0.0007s
2024-11-20 17:24:50,446 INFO =====> alpha: 0.5
2024-11-20 17:24:50,446 INFO =====> Loss info: {'particle_has_naninf': False, 'height_map_loss': 13.168703079223633, 'emd_loss': 23.278181076049805, 'total_loss': 23.278181076049805}
2024-11-20 17:24:51,032 INFO ===> New TaichiEnv created.
2024-11-20 17:24:51,032 INFO ===> Specifications: horizon = 311, dt = 0.01, n_substeps = 20, dt_sub = 0.0005
2024-11-20 17:24:51,056 DEBUG loaded <trimesh.Trimesh(vertices.shape=(916, 3), faces.shape=(856, 3))> using `load_obj` in 0.0031s
2024-11-20 17:24:51,206 DEBUG loaded <trimesh.Trimesh(vertices.shape=(48, 3), faces.shape=(28, 3))> using `load_obj` in 0.0007s
2024-11-20 17:25:01,163 INFO =====> alpha: 1.0
2024-11-20 17:25:01,163 INFO =====> Loss info: {'particle_has_naninf': False, 'height_map_loss': 13.177193641662598, 'emd_loss': 23.300865173339844, 'total_loss': 23.300865173339844}
2024-11-20 17:25:01,748 INFO ===> New TaichiEnv created.
2024-11-20 17:25:01,748 INFO ===> Specifications: horizon = 311, dt = 0.01, n_substeps = 20, dt_sub = 0.0005
2024-11-20 17:25:01,771 DEBUG loaded <trimesh.Trimesh(vertices.shape=(916, 3), faces.shape=(856, 3))> using `load_obj` in 0.0029s
2024-11-20 17:25:01,918 DEBUG loaded <trimesh.Trimesh(vertices.shape=(48, 3), faces.shape=(28, 3))> using `load_obj` in 0.0007s
2024-11-20 17:25:10,860 INFO =====> alpha: 1.01
2024-11-20 17:25:10,860 INFO =====> Loss info: {'particle_has_naninf': False, 'height_map_loss': 13.179367065429688, 'emd_loss': 23.295581817626953, 'total_loss': 23.295581817626953}
2024-11-20 17:25:11,445 INFO ===> New TaichiEnv created.
2024-11-20 17:25:11,445 INFO ===> Specifications: horizon = 311, dt = 0.01, n_substeps = 20, dt_sub = 0.0005
2024-11-20 17:25:11,469 DEBUG loaded <trimesh.Trimesh(vertices.shape=(916, 3), faces.shape=(856, 3))> using `load_obj` in 0.0031s
2024-11-20 17:25:11,615 DEBUG loaded <trimesh.Trimesh(vertices.shape=(48, 3), faces.shape=(28, 3))> using `load_obj` in 0.0007s
2024-11-20 17:25:20,622 INFO =====> alpha: 1.1
2024-11-20 17:25:20,622 INFO =====> Loss info: {'particle_has_naninf': False, 'height_map_loss': 13.178302764892578, 'emd_loss': 23.28486442565918, 'total_loss': 23.28486442565918}
2024-11-20 17:25:21,205 INFO ===> New TaichiEnv created.
2024-11-20 17:25:21,205 INFO ===> Specifications: horizon = 311, dt = 0.01, n_substeps = 20, dt_sub = 0.0005
2024-11-20 17:25:21,228 DEBUG loaded <trimesh.Trimesh(vertices.shape=(916, 3), faces.shape=(856, 3))> using `load_obj` in 0.0030s
2024-11-20 17:25:21,376 DEBUG loaded <trimesh.Trimesh(vertices.shape=(48, 3), faces.shape=(28, 3))> using `load_obj` in 0.0007s
2024-11-20 17:25:31,357 INFO =====> alpha: 1.5
2024-11-20 17:25:31,358 INFO =====> Loss info: {'particle_has_naninf': False, 'height_map_loss': 13.167651176452637, 'emd_loss': 23.383163452148438, 'total_loss': 23.383163452148438}
2024-11-20 17:25:31,358 INFO =====> Best alpha: 1.5, Best loss info: {'particle_has_naninf': False, 'height_map_loss': 13.167651176452637, 'emd_loss': 23.383163452148438, 'total_loss': 23.383163452148438}
2024-11-20 17:25:31,358 INFO =====> Param: E: [503607.6], nu: [0.25217432], rho: [1251.5284], sand_angle: [15.760097]
2024-11-20 17:25:31,358 INFO =====> Grad: [-1.0164893e-02 -1.6527713e+04  5.6301072e-02  8.2614655e+01]
2024-11-20 17:25:31,358 INFO =====> Num. aborted data so far: 0
2024-11-20 17:25:31,938 INFO ===> New TaichiEnv created.
2024-11-20 17:25:31,938 INFO ===> Specifications: horizon = 311, dt = 0.01, n_substeps = 20, dt_sub = 0.0005
2024-11-20 17:25:31,962 DEBUG loaded <trimesh.Trimesh(vertices.shape=(916, 3), faces.shape=(856, 3))> using `load_obj` in 0.0029s
2024-11-20 17:25:32,109 DEBUG loaded <trimesh.Trimesh(vertices.shape=(48, 3), faces.shape=(28, 3))> using `load_obj` in 0.0007s
2024-11-20 17:25:59,101 INFO =====> Epoch: 123
2024-11-20 17:25:59,101 INFO =====> Loss info: {'particle_has_naninf': False, 'height_map_loss': 13.168074607849121, 'emd_loss': 23.390235900878906, 'total_loss': 23.390235900878906}
2024-11-20 17:25:59,101 INFO =====> Performing line search for epoch 123......
2024-11-20 17:25:59,706 INFO ===> New TaichiEnv created.
2024-11-20 17:25:59,706 INFO ===> Specifications: horizon = 311, dt = 0.01, n_substeps = 20, dt_sub = 0.0005
2024-11-20 17:25:59,730 DEBUG loaded <trimesh.Trimesh(vertices.shape=(916, 3), faces.shape=(856, 3))> using `load_obj` in 0.0030s
2024-11-20 17:25:59,877 DEBUG loaded <trimesh.Trimesh(vertices.shape=(48, 3), faces.shape=(28, 3))> using `load_obj` in 0.0007s
2024-11-20 17:26:09,845 INFO =====> alpha: 0.01
2024-11-20 17:26:09,845 INFO =====> Loss info: {'particle_has_naninf': False, 'height_map_loss': 13.161885261535645, 'emd_loss': 23.398521423339844, 'total_loss': 23.398521423339844}
2024-11-20 17:26:10,438 INFO ===> New TaichiEnv created.
2024-11-20 17:26:10,438 INFO ===> Specifications: horizon = 311, dt = 0.01, n_substeps = 20, dt_sub = 0.0005
2024-11-20 17:26:10,461 DEBUG loaded <trimesh.Trimesh(vertices.shape=(916, 3), faces.shape=(856, 3))> using `load_obj` in 0.0030s
2024-11-20 17:26:10,609 DEBUG loaded <trimesh.Trimesh(vertices.shape=(48, 3), faces.shape=(28, 3))> using `load_obj` in 0.0007s
2024-11-20 17:26:19,599 INFO =====> alpha: 0.1
2024-11-20 17:26:19,599 INFO =====> Loss info: {'particle_has_naninf': False, 'height_map_loss': 13.155084609985352, 'emd_loss': 23.26274871826172, 'total_loss': 23.26274871826172}
2024-11-20 17:26:20,197 INFO ===> New TaichiEnv created.
2024-11-20 17:26:20,197 INFO ===> Specifications: horizon = 311, dt = 0.01, n_substeps = 20, dt_sub = 0.0005
2024-11-20 17:26:20,222 DEBUG loaded <trimesh.Trimesh(vertices.shape=(916, 3), faces.shape=(856, 3))> using `load_obj` in 0.0030s
2024-11-20 17:26:20,372 DEBUG loaded <trimesh.Trimesh(vertices.shape=(48, 3), faces.shape=(28, 3))> using `load_obj` in 0.0007s
2024-11-20 17:26:29,315 INFO =====> alpha: 0.5
2024-11-20 17:26:29,315 INFO =====> Loss info: {'particle_has_naninf': False, 'height_map_loss': 13.170365333557129, 'emd_loss': 23.13937759399414, 'total_loss': 23.13937759399414}
2024-11-20 17:26:29,897 INFO ===> New TaichiEnv created.
2024-11-20 17:26:29,897 INFO ===> Specifications: horizon = 311, dt = 0.01, n_substeps = 20, dt_sub = 0.0005
2024-11-20 17:26:29,921 DEBUG loaded <trimesh.Trimesh(vertices.shape=(916, 3), faces.shape=(856, 3))> using `load_obj` in 0.0031s
2024-11-20 17:26:30,068 DEBUG loaded <trimesh.Trimesh(vertices.shape=(48, 3), faces.shape=(28, 3))> using `load_obj` in 0.0007s
2024-11-20 17:26:39,995 INFO =====> alpha: 1.0
2024-11-20 17:26:39,995 INFO =====> Loss info: {'particle_has_naninf': False, 'height_map_loss': 13.223902702331543, 'emd_loss': 23.00569725036621, 'total_loss': 23.00569725036621}
2024-11-20 17:26:40,579 INFO ===> New TaichiEnv created.
2024-11-20 17:26:40,579 INFO ===> Specifications: horizon = 311, dt = 0.01, n_substeps = 20, dt_sub = 0.0005
2024-11-20 17:26:40,603 DEBUG loaded <trimesh.Trimesh(vertices.shape=(916, 3), faces.shape=(856, 3))> using `load_obj` in 0.0030s
2024-11-20 17:26:40,751 DEBUG loaded <trimesh.Trimesh(vertices.shape=(48, 3), faces.shape=(28, 3))> using `load_obj` in 0.0007s
2024-11-20 17:26:49,677 INFO =====> alpha: 1.01
2024-11-20 17:26:49,677 INFO =====> Loss info: {'particle_has_naninf': False, 'height_map_loss': 13.224663734436035, 'emd_loss': 23.004779815673828, 'total_loss': 23.004779815673828}
2024-11-20 17:26:50,258 INFO ===> New TaichiEnv created.
2024-11-20 17:26:50,258 INFO ===> Specifications: horizon = 311, dt = 0.01, n_substeps = 20, dt_sub = 0.0005
2024-11-20 17:26:50,282 DEBUG loaded <trimesh.Trimesh(vertices.shape=(916, 3), faces.shape=(856, 3))> using `load_obj` in 0.0031s
2024-11-20 17:26:50,430 DEBUG loaded <trimesh.Trimesh(vertices.shape=(48, 3), faces.shape=(28, 3))> using `load_obj` in 0.0007s
2024-11-20 17:26:59,405 INFO =====> alpha: 1.1
2024-11-20 17:26:59,405 INFO =====> Loss info: {'particle_has_naninf': False, 'height_map_loss': 13.232397079467773, 'emd_loss': 22.879602432250977, 'total_loss': 22.879602432250977}
2024-11-20 17:26:59,987 INFO ===> New TaichiEnv created.
2024-11-20 17:26:59,987 INFO ===> Specifications: horizon = 311, dt = 0.01, n_substeps = 20, dt_sub = 0.0005
2024-11-20 17:27:00,010 DEBUG loaded <trimesh.Trimesh(vertices.shape=(916, 3), faces.shape=(856, 3))> using `load_obj` in 0.0030s
2024-11-20 17:27:00,160 DEBUG loaded <trimesh.Trimesh(vertices.shape=(48, 3), faces.shape=(28, 3))> using `load_obj` in 0.0007s
2024-11-20 17:27:10,105 INFO =====> alpha: 1.5
2024-11-20 17:27:10,105 INFO =====> Loss info: {'particle_has_naninf': False, 'height_map_loss': 13.264585494995117, 'emd_loss': 23.073474884033203, 'total_loss': 23.073474884033203}
2024-11-20 17:27:10,106 INFO =====> Best alpha: 0.1, Best loss info: {'particle_has_naninf': False, 'height_map_loss': 13.155084609985352, 'emd_loss': 23.26274871826172, 'total_loss': 23.26274871826172}
2024-11-20 17:27:10,106 INFO =====> Param: E: [506707.84], nu: [0.25397915], rho: [1259.686], sand_angle: [15.890935]
2024-11-20 17:27:10,106 INFO =====> Grad: [-1.48302065e-02 -3.23068418e+04 -6.99581451e+01 -9.52921326e+02]
2024-11-20 17:27:10,106 INFO =====> Num. aborted data so far: 0
2024-11-20 17:27:10,691 INFO ===> New TaichiEnv created.
2024-11-20 17:27:10,691 INFO ===> Specifications: horizon = 311, dt = 0.01, n_substeps = 20, dt_sub = 0.0005
2024-11-20 17:27:10,715 DEBUG loaded <trimesh.Trimesh(vertices.shape=(916, 3), faces.shape=(856, 3))> using `load_obj` in 0.0030s
2024-11-20 17:27:10,865 DEBUG loaded <trimesh.Trimesh(vertices.shape=(48, 3), faces.shape=(28, 3))> using `load_obj` in 0.0007s
2024-11-20 17:27:37,909 INFO =====> Epoch: 124
2024-11-20 17:27:37,909 INFO =====> Loss info: {'particle_has_naninf': False, 'height_map_loss': 13.15438175201416, 'emd_loss': 23.260622024536133, 'total_loss': 23.260622024536133}
2024-11-20 17:27:37,909 INFO =====> Performing line search for epoch 124......
2024-11-20 17:27:38,510 INFO ===> New TaichiEnv created.
2024-11-20 17:27:38,511 INFO ===> Specifications: horizon = 311, dt = 0.01, n_substeps = 20, dt_sub = 0.0005
2024-11-20 17:27:38,534 DEBUG loaded <trimesh.Trimesh(vertices.shape=(916, 3), faces.shape=(856, 3))> using `load_obj` in 0.0030s
2024-11-20 17:27:38,688 DEBUG loaded <trimesh.Trimesh(vertices.shape=(48, 3), faces.shape=(28, 3))> using `load_obj` in 0.0007s
2024-11-20 17:27:48,798 INFO =====> alpha: 0.01
2024-11-20 17:27:48,798 INFO =====> Loss info: {'particle_has_naninf': False, 'height_map_loss': 13.15424919128418, 'emd_loss': 23.255661010742188, 'total_loss': 23.255661010742188}
2024-11-20 17:27:49,391 INFO ===> New TaichiEnv created.
2024-11-20 17:27:49,392 INFO ===> Specifications: horizon = 311, dt = 0.01, n_substeps = 20, dt_sub = 0.0005
2024-11-20 17:27:49,415 DEBUG loaded <trimesh.Trimesh(vertices.shape=(916, 3), faces.shape=(856, 3))> using `load_obj` in 0.0030s
2024-11-20 17:27:49,561 DEBUG loaded <trimesh.Trimesh(vertices.shape=(48, 3), faces.shape=(28, 3))> using `load_obj` in 0.0007s
2024-11-20 17:27:58,545 INFO =====> alpha: 0.1
2024-11-20 17:27:58,545 INFO =====> Loss info: {'particle_has_naninf': False, 'height_map_loss': 13.146991729736328, 'emd_loss': 23.11433982849121, 'total_loss': 23.11433982849121}
2024-11-20 17:27:59,130 INFO ===> New TaichiEnv created.
2024-11-20 17:27:59,130 INFO ===> Specifications: horizon = 311, dt = 0.01, n_substeps = 20, dt_sub = 0.0005
2024-11-20 17:27:59,154 DEBUG loaded <trimesh.Trimesh(vertices.shape=(916, 3), faces.shape=(856, 3))> using `load_obj` in 0.0030s
2024-11-20 17:27:59,302 DEBUG loaded <trimesh.Trimesh(vertices.shape=(48, 3), faces.shape=(28, 3))> using `load_obj` in 0.0007s
2024-11-20 17:28:08,252 INFO =====> alpha: 0.5
2024-11-20 17:28:08,252 INFO =====> Loss info: {'particle_has_naninf': False, 'height_map_loss': 13.176033020019531, 'emd_loss': 23.301698684692383, 'total_loss': 23.301698684692383}
2024-11-20 17:28:08,836 INFO ===> New TaichiEnv created.
2024-11-20 17:28:08,837 INFO ===> Specifications: horizon = 311, dt = 0.01, n_substeps = 20, dt_sub = 0.0005
2024-11-20 17:28:08,860 DEBUG loaded <trimesh.Trimesh(vertices.shape=(916, 3), faces.shape=(856, 3))> using `load_obj` in 0.0030s
2024-11-20 17:28:09,011 DEBUG loaded <trimesh.Trimesh(vertices.shape=(48, 3), faces.shape=(28, 3))> using `load_obj` in 0.0007s
2024-11-20 17:28:19,042 INFO =====> alpha: 1.0
2024-11-20 17:28:19,042 INFO =====> Loss info: {'particle_has_naninf': False, 'height_map_loss': 13.198312759399414, 'emd_loss': 23.13436508178711, 'total_loss': 23.13436508178711}
2024-11-20 17:28:19,629 INFO ===> New TaichiEnv created.
2024-11-20 17:28:19,629 INFO ===> Specifications: horizon = 311, dt = 0.01, n_substeps = 20, dt_sub = 0.0005
2024-11-20 17:28:19,652 DEBUG loaded <trimesh.Trimesh(vertices.shape=(916, 3), faces.shape=(856, 3))> using `load_obj` in 0.0030s
2024-11-20 17:28:19,800 DEBUG loaded <trimesh.Trimesh(vertices.shape=(48, 3), faces.shape=(28, 3))> using `load_obj` in 0.0007s
2024-11-20 17:28:28,749 INFO =====> alpha: 1.01
2024-11-20 17:28:28,750 INFO =====> Loss info: {'particle_has_naninf': False, 'height_map_loss': 13.200819969177246, 'emd_loss': 23.13994026184082, 'total_loss': 23.13994026184082}
2024-11-20 17:28:29,331 INFO ===> New TaichiEnv created.
2024-11-20 17:28:29,331 INFO ===> Specifications: horizon = 311, dt = 0.01, n_substeps = 20, dt_sub = 0.0005
2024-11-20 17:28:29,361 DEBUG loaded <trimesh.Trimesh(vertices.shape=(916, 3), faces.shape=(856, 3))> using `load_obj` in 0.0040s
2024-11-20 17:28:29,508 DEBUG loaded <trimesh.Trimesh(vertices.shape=(48, 3), faces.shape=(28, 3))> using `load_obj` in 0.0007s
2024-11-20 17:28:38,548 INFO =====> alpha: 1.1
2024-11-20 17:28:38,548 INFO =====> Loss info: {'particle_has_naninf': False, 'height_map_loss': 13.19674015045166, 'emd_loss': 23.21225357055664, 'total_loss': 23.21225357055664}
2024-11-20 17:28:39,203 INFO ===> New TaichiEnv created.
2024-11-20 17:28:39,203 INFO ===> Specifications: horizon = 311, dt = 0.01, n_substeps = 20, dt_sub = 0.0005
2024-11-20 17:28:39,227 DEBUG loaded <trimesh.Trimesh(vertices.shape=(916, 3), faces.shape=(856, 3))> using `load_obj` in 0.0029s
2024-11-20 17:28:39,376 DEBUG loaded <trimesh.Trimesh(vertices.shape=(48, 3), faces.shape=(28, 3))> using `load_obj` in 0.0007s
2024-11-20 17:28:49,329 INFO =====> alpha: 1.5
2024-11-20 17:28:49,329 INFO =====> Loss info: {'particle_has_naninf': False, 'height_map_loss': 13.197637557983398, 'emd_loss': 23.206296920776367, 'total_loss': 23.206296920776367}
2024-11-20 17:28:49,330 INFO =====> Best alpha: 0.1, Best loss info: {'particle_has_naninf': False, 'height_map_loss': 13.146991729736328, 'emd_loss': 23.11433982849121, 'total_loss': 23.11433982849121}
2024-11-20 17:28:49,330 INFO =====> Param: E: [506763.38], nu: [0.25406483], rho: [1266.4216], sand_angle: [15.917543]
2024-11-20 17:28:49,330 INFO =====> Grad: [-2.5199013e-04 -1.4553690e+03 -6.0570171e+01 -1.8450360e+02]
2024-11-20 17:28:49,330 INFO =====> Num. aborted data so far: 0
2024-11-20 17:28:49,915 INFO ===> New TaichiEnv created.
2024-11-20 17:28:49,916 INFO ===> Specifications: horizon = 311, dt = 0.01, n_substeps = 20, dt_sub = 0.0005
2024-11-20 17:28:49,939 DEBUG loaded <trimesh.Trimesh(vertices.shape=(916, 3), faces.shape=(856, 3))> using `load_obj` in 0.0030s
2024-11-20 17:28:50,086 DEBUG loaded <trimesh.Trimesh(vertices.shape=(48, 3), faces.shape=(28, 3))> using `load_obj` in 0.0007s
2024-11-20 17:29:17,137 INFO =====> Epoch: 125
2024-11-20 17:29:17,137 INFO =====> Loss info: {'particle_has_naninf': False, 'height_map_loss': 13.147154808044434, 'emd_loss': 23.330665588378906, 'total_loss': 23.330665588378906}
2024-11-20 17:29:17,137 INFO =====> Performing line search for epoch 125......
2024-11-20 17:29:17,747 INFO ===> New TaichiEnv created.
2024-11-20 17:29:17,747 INFO ===> Specifications: horizon = 311, dt = 0.01, n_substeps = 20, dt_sub = 0.0005
2024-11-20 17:29:17,771 DEBUG loaded <trimesh.Trimesh(vertices.shape=(916, 3), faces.shape=(856, 3))> using `load_obj` in 0.0030s
2024-11-20 17:29:17,918 DEBUG loaded <trimesh.Trimesh(vertices.shape=(48, 3), faces.shape=(28, 3))> using `load_obj` in 0.0007s
2024-11-20 17:29:27,929 INFO =====> alpha: 0.01
2024-11-20 17:29:27,929 INFO =====> Loss info: {'particle_has_naninf': False, 'height_map_loss': 13.149970054626465, 'emd_loss': 23.121681213378906, 'total_loss': 23.121681213378906}
2024-11-20 17:29:28,514 INFO ===> New TaichiEnv created.
2024-11-20 17:29:28,514 INFO ===> Specifications: horizon = 311, dt = 0.01, n_substeps = 20, dt_sub = 0.0005
2024-11-20 17:29:28,538 DEBUG loaded <trimesh.Trimesh(vertices.shape=(916, 3), faces.shape=(856, 3))> using `load_obj` in 0.0030s
2024-11-20 17:29:28,685 DEBUG loaded <trimesh.Trimesh(vertices.shape=(48, 3), faces.shape=(28, 3))> using `load_obj` in 0.0007s
2024-11-20 17:29:37,659 INFO =====> alpha: 0.1
2024-11-20 17:29:37,659 INFO =====> Loss info: {'particle_has_naninf': False, 'height_map_loss': 13.160221099853516, 'emd_loss': 23.247095108032227, 'total_loss': 23.247095108032227}
2024-11-20 17:29:38,316 INFO ===> New TaichiEnv created.
2024-11-20 17:29:38,316 INFO ===> Specifications: horizon = 311, dt = 0.01, n_substeps = 20, dt_sub = 0.0005
2024-11-20 17:29:38,341 DEBUG loaded <trimesh.Trimesh(vertices.shape=(916, 3), faces.shape=(856, 3))> using `load_obj` in 0.0030s
2024-11-20 17:29:38,488 DEBUG loaded <trimesh.Trimesh(vertices.shape=(48, 3), faces.shape=(28, 3))> using `load_obj` in 0.0007s
2024-11-20 17:29:47,468 INFO =====> alpha: 0.5
2024-11-20 17:29:47,468 INFO =====> Loss info: {'particle_has_naninf': False, 'height_map_loss': 13.163000106811523, 'emd_loss': 23.713319778442383, 'total_loss': 23.713319778442383}
2024-11-20 17:29:48,059 INFO ===> New TaichiEnv created.
2024-11-20 17:29:48,059 INFO ===> Specifications: horizon = 311, dt = 0.01, n_substeps = 20, dt_sub = 0.0005
2024-11-20 17:29:48,083 DEBUG loaded <trimesh.Trimesh(vertices.shape=(916, 3), faces.shape=(856, 3))> using `load_obj` in 0.0029s
2024-11-20 17:29:48,231 DEBUG loaded <trimesh.Trimesh(vertices.shape=(48, 3), faces.shape=(28, 3))> using `load_obj` in 0.0007s
2024-11-20 17:29:58,194 INFO =====> alpha: 1.0
2024-11-20 17:29:58,194 INFO =====> Loss info: {'particle_has_naninf': False, 'height_map_loss': 13.190191268920898, 'emd_loss': 23.804262161254883, 'total_loss': 23.804262161254883}
2024-11-20 17:29:58,781 INFO ===> New TaichiEnv created.
2024-11-20 17:29:58,782 INFO ===> Specifications: horizon = 311, dt = 0.01, n_substeps = 20, dt_sub = 0.0005
2024-11-20 17:29:58,806 DEBUG loaded <trimesh.Trimesh(vertices.shape=(916, 3), faces.shape=(856, 3))> using `load_obj` in 0.0031s
2024-11-20 17:29:58,955 DEBUG loaded <trimesh.Trimesh(vertices.shape=(48, 3), faces.shape=(28, 3))> using `load_obj` in 0.0007s
2024-11-20 17:30:07,937 INFO =====> alpha: 1.01
2024-11-20 17:30:07,937 INFO =====> Loss info: {'particle_has_naninf': False, 'height_map_loss': 13.18502426147461, 'emd_loss': 23.804346084594727, 'total_loss': 23.804346084594727}
2024-11-20 17:30:08,523 INFO ===> New TaichiEnv created.
2024-11-20 17:30:08,523 INFO ===> Specifications: horizon = 311, dt = 0.01, n_substeps = 20, dt_sub = 0.0005
2024-11-20 17:30:08,547 DEBUG loaded <trimesh.Trimesh(vertices.shape=(916, 3), faces.shape=(856, 3))> using `load_obj` in 0.0031s
2024-11-20 17:30:08,695 DEBUG loaded <trimesh.Trimesh(vertices.shape=(48, 3), faces.shape=(28, 3))> using `load_obj` in 0.0007s
2024-11-20 17:30:18,769 INFO =====> alpha: 1.1
2024-11-20 17:30:18,769 INFO =====> Loss info: {'particle_has_naninf': False, 'height_map_loss': 13.18630599975586, 'emd_loss': 23.81114959716797, 'total_loss': 23.81114959716797}
2024-11-20 17:30:19,358 INFO ===> New TaichiEnv created.
2024-11-20 17:30:19,358 INFO ===> Specifications: horizon = 311, dt = 0.01, n_substeps = 20, dt_sub = 0.0005
2024-11-20 17:30:19,382 DEBUG loaded <trimesh.Trimesh(vertices.shape=(916, 3), faces.shape=(856, 3))> using `load_obj` in 0.0030s
2024-11-20 17:30:19,531 DEBUG loaded <trimesh.Trimesh(vertices.shape=(48, 3), faces.shape=(28, 3))> using `load_obj` in 0.0007s
2024-11-20 17:30:28,525 INFO =====> alpha: 1.5
2024-11-20 17:30:28,525 INFO =====> Loss info: {'particle_has_naninf': False, 'height_map_loss': 13.186832427978516, 'emd_loss': 23.88364028930664, 'total_loss': 23.88364028930664}
2024-11-20 17:30:28,526 INFO =====> Best alpha: 0.01, Best loss info: {'particle_has_naninf': False, 'height_map_loss': 13.149970054626465, 'emd_loss': 23.121681213378906, 'total_loss': 23.121681213378906}
2024-11-20 17:30:28,526 INFO =====> Param: E: [506575.78], nu: [0.25395516], rho: [1265.7692], sand_angle: [15.912959]
2024-11-20 17:30:28,526 INFO =====> Grad: [8.4574576e-03 1.8846012e+04 6.1109928e+01 3.0476743e+02]
2024-11-20 17:30:28,526 INFO =====> Num. aborted data so far: 0
2024-11-20 17:30:29,119 INFO ===> New TaichiEnv created.
2024-11-20 17:30:29,119 INFO ===> Specifications: horizon = 311, dt = 0.01, n_substeps = 20, dt_sub = 0.0005
2024-11-20 17:30:29,144 DEBUG loaded <trimesh.Trimesh(vertices.shape=(916, 3), faces.shape=(856, 3))> using `load_obj` in 0.0030s
2024-11-20 17:30:29,292 DEBUG loaded <trimesh.Trimesh(vertices.shape=(48, 3), faces.shape=(28, 3))> using `load_obj` in 0.0007s
2024-11-20 17:30:56,339 INFO =====> Epoch: 126
2024-11-20 17:30:56,339 INFO =====> Loss info: {'particle_has_naninf': False, 'height_map_loss': 13.154581069946289, 'emd_loss': 23.333438873291016, 'total_loss': 23.333438873291016}
2024-11-20 17:30:56,340 INFO =====> Performing line search for epoch 126......
2024-11-20 17:30:56,945 INFO ===> New TaichiEnv created.
2024-11-20 17:30:56,945 INFO ===> Specifications: horizon = 311, dt = 0.01, n_substeps = 20, dt_sub = 0.0005
2024-11-20 17:30:56,969 DEBUG loaded <trimesh.Trimesh(vertices.shape=(916, 3), faces.shape=(856, 3))> using `load_obj` in 0.0029s
2024-11-20 17:30:57,117 DEBUG loaded <trimesh.Trimesh(vertices.shape=(48, 3), faces.shape=(28, 3))> using `load_obj` in 0.0007s
2024-11-20 17:31:07,072 INFO =====> alpha: 0.01
2024-11-20 17:31:07,072 INFO =====> Loss info: {'particle_has_naninf': False, 'height_map_loss': 13.15379810333252, 'emd_loss': 23.030963897705078, 'total_loss': 23.030963897705078}
2024-11-20 17:31:07,659 INFO ===> New TaichiEnv created.
2024-11-20 17:31:07,659 INFO ===> Specifications: horizon = 311, dt = 0.01, n_substeps = 20, dt_sub = 0.0005
2024-11-20 17:31:07,683 DEBUG loaded <trimesh.Trimesh(vertices.shape=(916, 3), faces.shape=(856, 3))> using `load_obj` in 0.0031s
2024-11-20 17:31:07,834 DEBUG loaded <trimesh.Trimesh(vertices.shape=(48, 3), faces.shape=(28, 3))> using `load_obj` in 0.0007s
2024-11-20 17:31:16,807 INFO =====> alpha: 0.1
2024-11-20 17:31:16,807 INFO =====> Loss info: {'particle_has_naninf': False, 'height_map_loss': 13.16972827911377, 'emd_loss': 23.298913955688477, 'total_loss': 23.298913955688477}
2024-11-20 17:31:17,395 INFO ===> New TaichiEnv created.
2024-11-20 17:31:17,395 INFO ===> Specifications: horizon = 311, dt = 0.01, n_substeps = 20, dt_sub = 0.0005
2024-11-20 17:31:17,418 DEBUG loaded <trimesh.Trimesh(vertices.shape=(916, 3), faces.shape=(856, 3))> using `load_obj` in 0.0030s
2024-11-20 17:31:17,565 DEBUG loaded <trimesh.Trimesh(vertices.shape=(48, 3), faces.shape=(28, 3))> using `load_obj` in 0.0007s
2024-11-20 17:31:27,608 INFO =====> alpha: 0.5
2024-11-20 17:31:27,608 INFO =====> Loss info: {'particle_has_naninf': False, 'height_map_loss': 13.192652702331543, 'emd_loss': 23.840227127075195, 'total_loss': 23.840227127075195}
2024-11-20 17:31:28,194 INFO ===> New TaichiEnv created.
2024-11-20 17:31:28,194 INFO ===> Specifications: horizon = 311, dt = 0.01, n_substeps = 20, dt_sub = 0.0005
2024-11-20 17:31:28,218 DEBUG loaded <trimesh.Trimesh(vertices.shape=(916, 3), faces.shape=(856, 3))> using `load_obj` in 0.0030s
2024-11-20 17:31:28,366 DEBUG loaded <trimesh.Trimesh(vertices.shape=(48, 3), faces.shape=(28, 3))> using `load_obj` in 0.0007s
2024-11-20 17:31:37,322 INFO =====> alpha: 1.0
2024-11-20 17:31:37,322 INFO =====> Loss info: {'particle_has_naninf': False, 'height_map_loss': 13.212225914001465, 'emd_loss': 23.458969116210938, 'total_loss': 23.458969116210938}
2024-11-20 17:31:37,899 INFO ===> New TaichiEnv created.
2024-11-20 17:31:37,899 INFO ===> Specifications: horizon = 311, dt = 0.01, n_substeps = 20, dt_sub = 0.0005
2024-11-20 17:31:37,923 DEBUG loaded <trimesh.Trimesh(vertices.shape=(916, 3), faces.shape=(856, 3))> using `load_obj` in 0.0030s
2024-11-20 17:31:38,071 DEBUG loaded <trimesh.Trimesh(vertices.shape=(48, 3), faces.shape=(28, 3))> using `load_obj` in 0.0007s
2024-11-20 17:31:47,033 INFO =====> alpha: 1.01
2024-11-20 17:31:47,033 INFO =====> Loss info: {'particle_has_naninf': False, 'height_map_loss': 13.21523380279541, 'emd_loss': 23.447477340698242, 'total_loss': 23.447477340698242}
2024-11-20 17:31:47,617 INFO ===> New TaichiEnv created.
2024-11-20 17:31:47,617 INFO ===> Specifications: horizon = 311, dt = 0.01, n_substeps = 20, dt_sub = 0.0005
2024-11-20 17:31:47,640 DEBUG loaded <trimesh.Trimesh(vertices.shape=(916, 3), faces.shape=(856, 3))> using `load_obj` in 0.0030s
2024-11-20 17:31:47,788 DEBUG loaded <trimesh.Trimesh(vertices.shape=(48, 3), faces.shape=(28, 3))> using `load_obj` in 0.0007s
2024-11-20 17:31:57,846 INFO =====> alpha: 1.1
2024-11-20 17:31:57,847 INFO =====> Loss info: {'particle_has_naninf': False, 'height_map_loss': 13.234793663024902, 'emd_loss': 23.473411560058594, 'total_loss': 23.473411560058594}
2024-11-20 17:31:58,469 INFO ===> New TaichiEnv created.
2024-11-20 17:31:58,470 INFO ===> Specifications: horizon = 311, dt = 0.01, n_substeps = 20, dt_sub = 0.0005
2024-11-20 17:31:58,493 DEBUG loaded <trimesh.Trimesh(vertices.shape=(916, 3), faces.shape=(856, 3))> using `load_obj` in 0.0029s
2024-11-20 17:31:58,639 DEBUG loaded <trimesh.Trimesh(vertices.shape=(48, 3), faces.shape=(28, 3))> using `load_obj` in 0.0007s
2024-11-20 17:32:07,632 INFO =====> alpha: 1.5
2024-11-20 17:32:07,632 INFO =====> Loss info: {'particle_has_naninf': False, 'height_map_loss': 13.245683670043945, 'emd_loss': 23.114059448242188, 'total_loss': 23.114059448242188}
2024-11-20 17:32:07,633 INFO =====> Best alpha: 0.01, Best loss info: {'particle_has_naninf': False, 'height_map_loss': 13.15379810333252, 'emd_loss': 23.030963897705078, 'total_loss': 23.030963897705078}
2024-11-20 17:32:07,633 INFO =====> Param: E: [506502.7], nu: [0.25391534], rho: [1266.1501], sand_angle: [15.905008]
2024-11-20 17:32:07,633 INFO =====> Grad: [ 3.1469062e-03  6.5426250e+03 -3.4879192e+01  5.1812866e+02]
2024-11-20 17:32:07,633 INFO =====> Num. aborted data so far: 0
2024-11-20 17:32:08,219 INFO ===> New TaichiEnv created.
2024-11-20 17:32:08,219 INFO ===> Specifications: horizon = 311, dt = 0.01, n_substeps = 20, dt_sub = 0.0005
2024-11-20 17:32:08,244 DEBUG loaded <trimesh.Trimesh(vertices.shape=(916, 3), faces.shape=(856, 3))> using `load_obj` in 0.0030s
2024-11-20 17:32:08,392 DEBUG loaded <trimesh.Trimesh(vertices.shape=(48, 3), faces.shape=(28, 3))> using `load_obj` in 0.0007s
2024-11-20 17:32:36,550 INFO =====> Epoch: 127
2024-11-20 17:32:36,550 INFO =====> Loss info: {'particle_has_naninf': False, 'height_map_loss': 13.151185035705566, 'emd_loss': 23.032264709472656, 'total_loss': 23.032264709472656}
2024-11-20 17:32:36,550 INFO =====> Performing line search for epoch 127......
2024-11-20 17:32:37,163 INFO ===> New TaichiEnv created.
2024-11-20 17:32:37,163 INFO ===> Specifications: horizon = 311, dt = 0.01, n_substeps = 20, dt_sub = 0.0005
2024-11-20 17:32:37,186 DEBUG loaded <trimesh.Trimesh(vertices.shape=(916, 3), faces.shape=(856, 3))> using `load_obj` in 0.0029s
2024-11-20 17:32:37,336 DEBUG loaded <trimesh.Trimesh(vertices.shape=(48, 3), faces.shape=(28, 3))> using `load_obj` in 0.0007s
2024-11-20 17:32:46,300 INFO =====> alpha: 0.01
2024-11-20 17:32:46,300 INFO =====> Loss info: {'particle_has_naninf': False, 'height_map_loss': 13.149720191955566, 'emd_loss': 23.109966278076172, 'total_loss': 23.109966278076172}
2024-11-20 17:32:46,894 INFO ===> New TaichiEnv created.
2024-11-20 17:32:46,894 INFO ===> Specifications: horizon = 311, dt = 0.01, n_substeps = 20, dt_sub = 0.0005
2024-11-20 17:32:46,917 DEBUG loaded <trimesh.Trimesh(vertices.shape=(916, 3), faces.shape=(856, 3))> using `load_obj` in 0.0030s
2024-11-20 17:32:47,066 DEBUG loaded <trimesh.Trimesh(vertices.shape=(48, 3), faces.shape=(28, 3))> using `load_obj` in 0.0007s
2024-11-20 17:32:56,068 INFO =====> alpha: 0.1
2024-11-20 17:32:56,068 INFO =====> Loss info: {'particle_has_naninf': False, 'height_map_loss': 13.16083812713623, 'emd_loss': 22.973031997680664, 'total_loss': 22.973031997680664}
2024-11-20 17:32:56,651 INFO ===> New TaichiEnv created.
2024-11-20 17:32:56,651 INFO ===> Specifications: horizon = 311, dt = 0.01, n_substeps = 20, dt_sub = 0.0005
2024-11-20 17:32:56,674 DEBUG loaded <trimesh.Trimesh(vertices.shape=(916, 3), faces.shape=(856, 3))> using `load_obj` in 0.0030s
2024-11-20 17:32:56,822 DEBUG loaded <trimesh.Trimesh(vertices.shape=(48, 3), faces.shape=(28, 3))> using `load_obj` in 0.0007s
2024-11-20 17:33:06,842 INFO =====> alpha: 0.5
2024-11-20 17:33:06,842 INFO =====> Loss info: {'particle_has_naninf': False, 'height_map_loss': 13.209908485412598, 'emd_loss': 23.171491622924805, 'total_loss': 23.171491622924805}
2024-11-20 17:33:07,432 INFO ===> New TaichiEnv created.
2024-11-20 17:33:07,432 INFO ===> Specifications: horizon = 311, dt = 0.01, n_substeps = 20, dt_sub = 0.0005
2024-11-20 17:33:07,456 DEBUG loaded <trimesh.Trimesh(vertices.shape=(916, 3), faces.shape=(856, 3))> using `load_obj` in 0.0029s
2024-11-20 17:33:07,606 DEBUG loaded <trimesh.Trimesh(vertices.shape=(48, 3), faces.shape=(28, 3))> using `load_obj` in 0.0007s
2024-11-20 17:33:16,597 INFO =====> alpha: 1.0
2024-11-20 17:33:16,597 INFO =====> Loss info: {'particle_has_naninf': False, 'height_map_loss': 13.293863296508789, 'emd_loss': 23.31643295288086, 'total_loss': 23.31643295288086}
2024-11-20 17:33:17,179 INFO ===> New TaichiEnv created.
2024-11-20 17:33:17,179 INFO ===> Specifications: horizon = 311, dt = 0.01, n_substeps = 20, dt_sub = 0.0005
2024-11-20 17:33:17,203 DEBUG loaded <trimesh.Trimesh(vertices.shape=(916, 3), faces.shape=(856, 3))> using `load_obj` in 0.0030s
2024-11-20 17:33:17,349 DEBUG loaded <trimesh.Trimesh(vertices.shape=(48, 3), faces.shape=(28, 3))> using `load_obj` in 0.0007s
2024-11-20 17:33:26,446 INFO =====> alpha: 1.01
2024-11-20 17:33:26,446 INFO =====> Loss info: {'particle_has_naninf': False, 'height_map_loss': 13.297161102294922, 'emd_loss': 23.318805694580078, 'total_loss': 23.318805694580078}
2024-11-20 17:33:27,026 INFO ===> New TaichiEnv created.
2024-11-20 17:33:27,026 INFO ===> Specifications: horizon = 311, dt = 0.01, n_substeps = 20, dt_sub = 0.0005
2024-11-20 17:33:27,049 DEBUG loaded <trimesh.Trimesh(vertices.shape=(916, 3), faces.shape=(856, 3))> using `load_obj` in 0.0029s
2024-11-20 17:33:27,197 DEBUG loaded <trimesh.Trimesh(vertices.shape=(48, 3), faces.shape=(28, 3))> using `load_obj` in 0.0007s
2024-11-20 17:33:37,173 INFO =====> alpha: 1.1
2024-11-20 17:33:37,174 INFO =====> Loss info: {'particle_has_naninf': False, 'height_map_loss': 13.320324897766113, 'emd_loss': 23.21416473388672, 'total_loss': 23.21416473388672}
2024-11-20 17:33:37,767 INFO ===> New TaichiEnv created.
2024-11-20 17:33:37,767 INFO ===> Specifications: horizon = 311, dt = 0.01, n_substeps = 20, dt_sub = 0.0005
2024-11-20 17:33:37,791 DEBUG loaded <trimesh.Trimesh(vertices.shape=(916, 3), faces.shape=(856, 3))> using `load_obj` in 0.0030s
2024-11-20 17:33:37,940 DEBUG loaded <trimesh.Trimesh(vertices.shape=(48, 3), faces.shape=(28, 3))> using `load_obj` in 0.0007s
2024-11-20 17:33:46,889 INFO =====> alpha: 1.5
2024-11-20 17:33:46,889 INFO =====> Loss info: {'particle_has_naninf': False, 'height_map_loss': 13.42573070526123, 'emd_loss': 23.32665252685547, 'total_loss': 23.32665252685547}
2024-11-20 17:33:46,889 INFO =====> Best alpha: 0.01, Best loss info: {'particle_has_naninf': False, 'height_map_loss': 13.149720191955566, 'emd_loss': 23.109966278076172, 'total_loss': 23.109966278076172}
2024-11-20 17:33:46,890 INFO =====> Param: E: [506306.78], nu: [0.25382724], rho: [1266.2722], sand_angle: [15.924348]
2024-11-20 17:33:46,890 INFO =====> Grad: [ 8.4164217e-03  1.4298399e+04 -1.0638687e+01 -1.5111814e+03]
2024-11-20 17:33:46,890 INFO =====> Num. aborted data so far: 0
2024-11-20 17:33:47,481 INFO ===> New TaichiEnv created.
2024-11-20 17:33:47,481 INFO ===> Specifications: horizon = 311, dt = 0.01, n_substeps = 20, dt_sub = 0.0005
2024-11-20 17:33:47,505 DEBUG loaded <trimesh.Trimesh(vertices.shape=(916, 3), faces.shape=(856, 3))> using `load_obj` in 0.0030s
2024-11-20 17:33:47,652 DEBUG loaded <trimesh.Trimesh(vertices.shape=(48, 3), faces.shape=(28, 3))> using `load_obj` in 0.0007s
2024-11-20 17:34:15,653 INFO =====> Epoch: 128
2024-11-20 17:34:15,654 INFO =====> Loss info: {'particle_has_naninf': False, 'height_map_loss': 13.150094032287598, 'emd_loss': 23.11663818359375, 'total_loss': 23.11663818359375}
2024-11-20 17:34:15,654 INFO =====> Performing line search for epoch 128......
2024-11-20 17:34:16,259 INFO ===> New TaichiEnv created.
2024-11-20 17:34:16,259 INFO ===> Specifications: horizon = 311, dt = 0.01, n_substeps = 20, dt_sub = 0.0005
2024-11-20 17:34:16,283 DEBUG loaded <trimesh.Trimesh(vertices.shape=(916, 3), faces.shape=(856, 3))> using `load_obj` in 0.0029s
2024-11-20 17:34:16,431 DEBUG loaded <trimesh.Trimesh(vertices.shape=(48, 3), faces.shape=(28, 3))> using `load_obj` in 0.0007s
2024-11-20 17:34:25,542 INFO =====> alpha: 0.01
2024-11-20 17:34:25,542 INFO =====> Loss info: {'particle_has_naninf': False, 'height_map_loss': 13.149649620056152, 'emd_loss': 23.113849639892578, 'total_loss': 23.113849639892578}
2024-11-20 17:34:26,131 INFO ===> New TaichiEnv created.
2024-11-20 17:34:26,131 INFO ===> Specifications: horizon = 311, dt = 0.01, n_substeps = 20, dt_sub = 0.0005
2024-11-20 17:34:26,155 DEBUG loaded <trimesh.Trimesh(vertices.shape=(916, 3), faces.shape=(856, 3))> using `load_obj` in 0.0031s
2024-11-20 17:34:26,302 DEBUG loaded <trimesh.Trimesh(vertices.shape=(48, 3), faces.shape=(28, 3))> using `load_obj` in 0.0007s
2024-11-20 17:34:35,329 INFO =====> alpha: 0.1
2024-11-20 17:34:35,329 INFO =====> Loss info: {'particle_has_naninf': False, 'height_map_loss': 13.160273551940918, 'emd_loss': 23.25678253173828, 'total_loss': 23.25678253173828}
2024-11-20 17:34:35,985 INFO ===> New TaichiEnv created.
2024-11-20 17:34:35,985 INFO ===> Specifications: horizon = 311, dt = 0.01, n_substeps = 20, dt_sub = 0.0005
2024-11-20 17:34:36,009 DEBUG loaded <trimesh.Trimesh(vertices.shape=(916, 3), faces.shape=(856, 3))> using `load_obj` in 0.0031s
2024-11-20 17:34:36,158 DEBUG loaded <trimesh.Trimesh(vertices.shape=(48, 3), faces.shape=(28, 3))> using `load_obj` in 0.0007s
2024-11-20 17:34:46,200 INFO =====> alpha: 0.5
2024-11-20 17:34:46,200 INFO =====> Loss info: {'particle_has_naninf': False, 'height_map_loss': 13.162555694580078, 'emd_loss': 23.515111923217773, 'total_loss': 23.515111923217773}
2024-11-20 17:34:46,790 INFO ===> New TaichiEnv created.
2024-11-20 17:34:46,790 INFO ===> Specifications: horizon = 311, dt = 0.01, n_substeps = 20, dt_sub = 0.0005
2024-11-20 17:34:46,813 DEBUG loaded <trimesh.Trimesh(vertices.shape=(916, 3), faces.shape=(856, 3))> using `load_obj` in 0.0028s
2024-11-20 17:34:46,961 DEBUG loaded <trimesh.Trimesh(vertices.shape=(48, 3), faces.shape=(28, 3))> using `load_obj` in 0.0007s
2024-11-20 17:34:55,931 INFO =====> alpha: 1.0
2024-11-20 17:34:55,931 INFO =====> Loss info: {'particle_has_naninf': False, 'height_map_loss': 13.191315650939941, 'emd_loss': 23.798948287963867, 'total_loss': 23.798948287963867}
2024-11-20 17:34:56,518 INFO ===> New TaichiEnv created.
2024-11-20 17:34:56,518 INFO ===> Specifications: horizon = 311, dt = 0.01, n_substeps = 20, dt_sub = 0.0005
2024-11-20 17:34:56,541 DEBUG loaded <trimesh.Trimesh(vertices.shape=(916, 3), faces.shape=(856, 3))> using `load_obj` in 0.0030s
2024-11-20 17:34:56,687 DEBUG loaded <trimesh.Trimesh(vertices.shape=(48, 3), faces.shape=(28, 3))> using `load_obj` in 0.0007s
2024-11-20 17:35:05,616 INFO =====> alpha: 1.01
2024-11-20 17:35:05,617 INFO =====> Loss info: {'particle_has_naninf': False, 'height_map_loss': 13.192083358764648, 'emd_loss': 23.798372268676758, 'total_loss': 23.798372268676758}
2024-11-20 17:35:06,206 INFO ===> New TaichiEnv created.
2024-11-20 17:35:06,206 INFO ===> Specifications: horizon = 311, dt = 0.01, n_substeps = 20, dt_sub = 0.0005
2024-11-20 17:35:06,230 DEBUG loaded <trimesh.Trimesh(vertices.shape=(916, 3), faces.shape=(856, 3))> using `load_obj` in 0.0030s
2024-11-20 17:35:06,378 DEBUG loaded <trimesh.Trimesh(vertices.shape=(48, 3), faces.shape=(28, 3))> using `load_obj` in 0.0007s
2024-11-20 17:35:16,399 INFO =====> alpha: 1.1
2024-11-20 17:35:16,399 INFO =====> Loss info: {'particle_has_naninf': False, 'height_map_loss': 13.167596817016602, 'emd_loss': 23.8039608001709, 'total_loss': 23.8039608001709}
2024-11-20 17:35:16,992 INFO ===> New TaichiEnv created.
2024-11-20 17:35:16,992 INFO ===> Specifications: horizon = 311, dt = 0.01, n_substeps = 20, dt_sub = 0.0005
2024-11-20 17:35:17,016 DEBUG loaded <trimesh.Trimesh(vertices.shape=(916, 3), faces.shape=(856, 3))> using `load_obj` in 0.0029s
2024-11-20 17:35:17,162 DEBUG loaded <trimesh.Trimesh(vertices.shape=(48, 3), faces.shape=(28, 3))> using `load_obj` in 0.0007s
2024-11-20 17:35:26,111 INFO =====> alpha: 1.5
2024-11-20 17:35:26,111 INFO =====> Loss info: {'particle_has_naninf': False, 'height_map_loss': 13.17625617980957, 'emd_loss': 23.684864044189453, 'total_loss': 23.684864044189453}
2024-11-20 17:35:26,112 INFO =====> Best alpha: 0.01, Best loss info: {'particle_has_naninf': False, 'height_map_loss': 13.149649620056152, 'emd_loss': 23.113849639892578, 'total_loss': 23.113849639892578}
2024-11-20 17:35:26,112 INFO =====> Param: E: [506356.62], nu: [0.25384387], rho: [1266.5438], sand_angle: [15.9196415]
2024-11-20 17:35:26,112 INFO =====> Grad: [-2.0372602e-03 -2.5636821e+03 -2.2785339e+01  3.5283496e+02]
2024-11-20 17:35:26,112 INFO =====> Num. aborted data so far: 0
2024-11-20 17:35:26,704 INFO ===> New TaichiEnv created.
2024-11-20 17:35:26,704 INFO ===> Specifications: horizon = 311, dt = 0.01, n_substeps = 20, dt_sub = 0.0005
2024-11-20 17:35:26,728 DEBUG loaded <trimesh.Trimesh(vertices.shape=(916, 3), faces.shape=(856, 3))> using `load_obj` in 0.0031s
2024-11-20 17:35:26,877 DEBUG loaded <trimesh.Trimesh(vertices.shape=(48, 3), faces.shape=(28, 3))> using `load_obj` in 0.0007s
2024-11-20 17:35:53,910 INFO =====> Epoch: 129
2024-11-20 17:35:53,911 INFO =====> Loss info: {'particle_has_naninf': False, 'height_map_loss': 13.151107788085938, 'emd_loss': 23.117355346679688, 'total_loss': 23.117355346679688}
2024-11-20 17:35:53,911 INFO =====> Performing line search for epoch 129......
2024-11-20 17:35:54,521 INFO ===> New TaichiEnv created.
2024-11-20 17:35:54,521 INFO ===> Specifications: horizon = 311, dt = 0.01, n_substeps = 20, dt_sub = 0.0005
2024-11-20 17:35:54,545 DEBUG loaded <trimesh.Trimesh(vertices.shape=(916, 3), faces.shape=(856, 3))> using `load_obj` in 0.0031s
2024-11-20 17:35:54,693 DEBUG loaded <trimesh.Trimesh(vertices.shape=(48, 3), faces.shape=(28, 3))> using `load_obj` in 0.0007s
2024-11-20 17:36:04,788 INFO =====> alpha: 0.01
2024-11-20 17:36:04,788 INFO =====> Loss info: {'particle_has_naninf': False, 'height_map_loss': 13.144822120666504, 'emd_loss': 23.331768035888672, 'total_loss': 23.331768035888672}
2024-11-20 17:36:05,402 INFO ===> New TaichiEnv created.
2024-11-20 17:36:05,402 INFO ===> Specifications: horizon = 311, dt = 0.01, n_substeps = 20, dt_sub = 0.0005
2024-11-20 17:36:05,426 DEBUG loaded <trimesh.Trimesh(vertices.shape=(916, 3), faces.shape=(856, 3))> using `load_obj` in 0.0031s
2024-11-20 17:36:05,573 DEBUG loaded <trimesh.Trimesh(vertices.shape=(48, 3), faces.shape=(28, 3))> using `load_obj` in 0.0007s
2024-11-20 17:36:14,570 INFO =====> alpha: 0.1
2024-11-20 17:36:14,570 INFO =====> Loss info: {'particle_has_naninf': False, 'height_map_loss': 13.172747611999512, 'emd_loss': 23.009519577026367, 'total_loss': 23.009519577026367}
2024-11-20 17:36:15,157 INFO ===> New TaichiEnv created.
2024-11-20 17:36:15,157 INFO ===> Specifications: horizon = 311, dt = 0.01, n_substeps = 20, dt_sub = 0.0005
2024-11-20 17:36:15,181 DEBUG loaded <trimesh.Trimesh(vertices.shape=(916, 3), faces.shape=(856, 3))> using `load_obj` in 0.0030s
2024-11-20 17:36:15,329 DEBUG loaded <trimesh.Trimesh(vertices.shape=(48, 3), faces.shape=(28, 3))> using `load_obj` in 0.0007s
2024-11-20 17:36:24,337 INFO =====> alpha: 0.5
2024-11-20 17:36:24,337 INFO =====> Loss info: {'particle_has_naninf': False, 'height_map_loss': 13.169930458068848, 'emd_loss': 23.3907527923584, 'total_loss': 23.3907527923584}
2024-11-20 17:36:24,920 INFO ===> New TaichiEnv created.
2024-11-20 17:36:24,920 INFO ===> Specifications: horizon = 311, dt = 0.01, n_substeps = 20, dt_sub = 0.0005
2024-11-20 17:36:24,944 DEBUG loaded <trimesh.Trimesh(vertices.shape=(916, 3), faces.shape=(856, 3))> using `load_obj` in 0.0029s
2024-11-20 17:36:25,091 DEBUG loaded <trimesh.Trimesh(vertices.shape=(48, 3), faces.shape=(28, 3))> using `load_obj` in 0.0007s
2024-11-20 17:36:35,042 INFO =====> alpha: 1.0
2024-11-20 17:36:35,042 INFO =====> Loss info: {'particle_has_naninf': False, 'height_map_loss': 13.229838371276855, 'emd_loss': 22.658100128173828, 'total_loss': 22.658100128173828}
2024-11-20 17:36:35,637 INFO ===> New TaichiEnv created.
2024-11-20 17:36:35,637 INFO ===> Specifications: horizon = 311, dt = 0.01, n_substeps = 20, dt_sub = 0.0005
2024-11-20 17:36:35,660 DEBUG loaded <trimesh.Trimesh(vertices.shape=(916, 3), faces.shape=(856, 3))> using `load_obj` in 0.0030s
2024-11-20 17:36:35,808 DEBUG loaded <trimesh.Trimesh(vertices.shape=(48, 3), faces.shape=(28, 3))> using `load_obj` in 0.0007s
2024-11-20 17:36:44,705 INFO =====> alpha: 1.01
2024-11-20 17:36:44,705 INFO =====> Loss info: {'particle_has_naninf': False, 'height_map_loss': 13.234213829040527, 'emd_loss': 22.644023895263672, 'total_loss': 22.644023895263672}
2024-11-20 17:36:45,292 INFO ===> New TaichiEnv created.
2024-11-20 17:36:45,292 INFO ===> Specifications: horizon = 311, dt = 0.01, n_substeps = 20, dt_sub = 0.0005
2024-11-20 17:36:45,315 DEBUG loaded <trimesh.Trimesh(vertices.shape=(916, 3), faces.shape=(856, 3))> using `load_obj` in 0.0030s
2024-11-20 17:36:45,461 DEBUG loaded <trimesh.Trimesh(vertices.shape=(48, 3), faces.shape=(28, 3))> using `load_obj` in 0.0007s
2024-11-20 17:36:55,432 INFO =====> alpha: 1.1
2024-11-20 17:36:55,432 INFO =====> Loss info: {'particle_has_naninf': False, 'height_map_loss': 13.237954139709473, 'emd_loss': 22.706157684326172, 'total_loss': 22.706157684326172}
2024-11-20 17:36:56,016 INFO ===> New TaichiEnv created.
2024-11-20 17:36:56,016 INFO ===> Specifications: horizon = 311, dt = 0.01, n_substeps = 20, dt_sub = 0.0005
2024-11-20 17:36:56,039 DEBUG loaded <trimesh.Trimesh(vertices.shape=(916, 3), faces.shape=(856, 3))> using `load_obj` in 0.0029s
2024-11-20 17:36:56,184 DEBUG loaded <trimesh.Trimesh(vertices.shape=(48, 3), faces.shape=(28, 3))> using `load_obj` in 0.0007s
2024-11-20 17:37:05,273 INFO =====> alpha: 1.5
2024-11-20 17:37:05,273 INFO =====> Loss info: {'particle_has_naninf': False, 'height_map_loss': 13.273422241210938, 'emd_loss': 23.05274200439453, 'total_loss': 23.05274200439453}
2024-11-20 17:37:05,274 INFO =====> Best alpha: 0.01, Best loss info: {'particle_has_naninf': False, 'height_map_loss': 13.144822120666504, 'emd_loss': 23.331768035888672, 'total_loss': 23.331768035888672}
2024-11-20 17:37:05,274 INFO =====> Param: E: [506515.4], nu: [0.25388873], rho: [1266.2639], sand_angle: [15.933268]
2024-11-20 17:37:05,274 INFO =====> Grad: [-6.3619567e-03 -6.6271558e+03  2.2633709e+01 -1.0738186e+03]
2024-11-20 17:37:05,274 INFO =====> Num. aborted data so far: 0
2024-11-20 17:37:05,856 INFO ===> New TaichiEnv created.
2024-11-20 17:37:05,856 INFO ===> Specifications: horizon = 311, dt = 0.01, n_substeps = 20, dt_sub = 0.0005
2024-11-20 17:37:05,880 DEBUG loaded <trimesh.Trimesh(vertices.shape=(916, 3), faces.shape=(856, 3))> using `load_obj` in 0.0030s
2024-11-20 17:37:06,028 DEBUG loaded <trimesh.Trimesh(vertices.shape=(48, 3), faces.shape=(28, 3))> using `load_obj` in 0.0007s
2024-11-20 17:37:33,088 INFO =====> Epoch: 130
2024-11-20 17:37:33,089 INFO =====> Loss info: {'particle_has_naninf': False, 'height_map_loss': 13.144731521606445, 'emd_loss': 23.11867332458496, 'total_loss': 23.11867332458496}
2024-11-20 17:37:33,089 INFO =====> Performing line search for epoch 130......
2024-11-20 17:37:33,709 INFO ===> New TaichiEnv created.
2024-11-20 17:37:33,709 INFO ===> Specifications: horizon = 311, dt = 0.01, n_substeps = 20, dt_sub = 0.0005
2024-11-20 17:37:33,733 DEBUG loaded <trimesh.Trimesh(vertices.shape=(916, 3), faces.shape=(856, 3))> using `load_obj` in 0.0030s
2024-11-20 17:37:33,880 DEBUG loaded <trimesh.Trimesh(vertices.shape=(48, 3), faces.shape=(28, 3))> using `load_obj` in 0.0007s
2024-11-20 17:37:43,922 INFO =====> alpha: 0.01
2024-11-20 17:37:43,922 INFO =====> Loss info: {'particle_has_naninf': False, 'height_map_loss': 13.150065422058105, 'emd_loss': 23.11156463623047, 'total_loss': 23.11156463623047}
2024-11-20 17:37:44,503 INFO ===> New TaichiEnv created.
2024-11-20 17:37:44,503 INFO ===> Specifications: horizon = 311, dt = 0.01, n_substeps = 20, dt_sub = 0.0005
2024-11-20 17:37:44,526 DEBUG loaded <trimesh.Trimesh(vertices.shape=(916, 3), faces.shape=(856, 3))> using `load_obj` in 0.0030s
2024-11-20 17:37:44,671 DEBUG loaded <trimesh.Trimesh(vertices.shape=(48, 3), faces.shape=(28, 3))> using `load_obj` in 0.0007s
2024-11-20 17:37:53,633 INFO =====> alpha: 0.1
2024-11-20 17:37:53,634 INFO =====> Loss info: {'particle_has_naninf': False, 'height_map_loss': 13.157722473144531, 'emd_loss': 23.36178207397461, 'total_loss': 23.36178207397461}
2024-11-20 17:37:54,211 INFO ===> New TaichiEnv created.
2024-11-20 17:37:54,211 INFO ===> Specifications: horizon = 311, dt = 0.01, n_substeps = 20, dt_sub = 0.0005
2024-11-20 17:37:54,235 DEBUG loaded <trimesh.Trimesh(vertices.shape=(916, 3), faces.shape=(856, 3))> using `load_obj` in 0.0031s
2024-11-20 17:37:54,381 DEBUG loaded <trimesh.Trimesh(vertices.shape=(48, 3), faces.shape=(28, 3))> using `load_obj` in 0.0007s
2024-11-20 17:38:03,420 INFO =====> alpha: 0.5
2024-11-20 17:38:03,420 INFO =====> Loss info: {'particle_has_naninf': False, 'height_map_loss': 13.165098190307617, 'emd_loss': 23.280227661132812, 'total_loss': 23.280227661132812}
2024-11-20 17:38:04,007 INFO ===> New TaichiEnv created.
2024-11-20 17:38:04,007 INFO ===> Specifications: horizon = 311, dt = 0.01, n_substeps = 20, dt_sub = 0.0005
2024-11-20 17:38:04,031 DEBUG loaded <trimesh.Trimesh(vertices.shape=(916, 3), faces.shape=(856, 3))> using `load_obj` in 0.0030s
2024-11-20 17:38:04,178 DEBUG loaded <trimesh.Trimesh(vertices.shape=(48, 3), faces.shape=(28, 3))> using `load_obj` in 0.0007s
2024-11-20 17:38:14,242 INFO =====> alpha: 1.0
2024-11-20 17:38:14,243 INFO =====> Loss info: {'particle_has_naninf': False, 'height_map_loss': 13.169859886169434, 'emd_loss': 23.517200469970703, 'total_loss': 23.517200469970703}
2024-11-20 17:38:14,822 INFO ===> New TaichiEnv created.
2024-11-20 17:38:14,822 INFO ===> Specifications: horizon = 311, dt = 0.01, n_substeps = 20, dt_sub = 0.0005
2024-11-20 17:38:14,845 DEBUG loaded <trimesh.Trimesh(vertices.shape=(916, 3), faces.shape=(856, 3))> using `load_obj` in 0.0030s
2024-11-20 17:38:14,991 DEBUG loaded <trimesh.Trimesh(vertices.shape=(48, 3), faces.shape=(28, 3))> using `load_obj` in 0.0007s
2024-11-20 17:38:24,042 INFO =====> alpha: 1.01
2024-11-20 17:38:24,042 INFO =====> Loss info: {'particle_has_naninf': False, 'height_map_loss': 13.169859886169434, 'emd_loss': 23.352327346801758, 'total_loss': 23.352327346801758}
2024-11-20 17:38:24,617 INFO ===> New TaichiEnv created.
2024-11-20 17:38:24,617 INFO ===> Specifications: horizon = 311, dt = 0.01, n_substeps = 20, dt_sub = 0.0005
2024-11-20 17:38:24,640 DEBUG loaded <trimesh.Trimesh(vertices.shape=(916, 3), faces.shape=(856, 3))> using `load_obj` in 0.0029s
2024-11-20 17:38:24,786 DEBUG loaded <trimesh.Trimesh(vertices.shape=(48, 3), faces.shape=(28, 3))> using `load_obj` in 0.0007s
2024-11-20 17:38:34,759 INFO =====> alpha: 1.1
2024-11-20 17:38:34,760 INFO =====> Loss info: {'particle_has_naninf': False, 'height_map_loss': 13.174554824829102, 'emd_loss': 23.521522521972656, 'total_loss': 23.521522521972656}
2024-11-20 17:38:35,396 INFO ===> New TaichiEnv created.
2024-11-20 17:38:35,397 INFO ===> Specifications: horizon = 311, dt = 0.01, n_substeps = 20, dt_sub = 0.0005
2024-11-20 17:38:35,419 DEBUG loaded <trimesh.Trimesh(vertices.shape=(916, 3), faces.shape=(856, 3))> using `load_obj` in 0.0028s
2024-11-20 17:38:35,566 DEBUG loaded <trimesh.Trimesh(vertices.shape=(48, 3), faces.shape=(28, 3))> using `load_obj` in 0.0007s
2024-11-20 17:38:44,554 INFO =====> alpha: 1.5
2024-11-20 17:38:44,554 INFO =====> Loss info: {'particle_has_naninf': False, 'height_map_loss': 13.21280288696289, 'emd_loss': 23.71588134765625, 'total_loss': 23.71588134765625}
2024-11-20 17:38:44,555 INFO =====> Best alpha: 0.01, Best loss info: {'particle_has_naninf': False, 'height_map_loss': 13.150065422058105, 'emd_loss': 23.11156463623047, 'total_loss': 23.11156463623047}
2024-11-20 17:38:44,555 INFO =====> Param: E: [506258.4], nu: [0.25380164], rho: [1266.9331], sand_angle: [15.932204]
2024-11-20 17:38:44,555 INFO =====> Grad: [ 1.06919874e-02  1.26976875e+04 -5.66602211e+01  7.95724716e+01]
2024-11-20 17:38:44,555 INFO =====> Num. aborted data so far: 0
2024-11-20 17:38:45,138 INFO ===> New TaichiEnv created.
2024-11-20 17:38:45,138 INFO ===> Specifications: horizon = 311, dt = 0.01, n_substeps = 20, dt_sub = 0.0005
2024-11-20 17:38:45,161 DEBUG loaded <trimesh.Trimesh(vertices.shape=(916, 3), faces.shape=(856, 3))> using `load_obj` in 0.0029s
2024-11-20 17:38:45,306 DEBUG loaded <trimesh.Trimesh(vertices.shape=(48, 3), faces.shape=(28, 3))> using `load_obj` in 0.0007s
2024-11-20 17:39:12,420 INFO =====> Epoch: 131
2024-11-20 17:39:12,420 INFO =====> Loss info: {'particle_has_naninf': False, 'height_map_loss': 13.145960807800293, 'emd_loss': 23.117048263549805, 'total_loss': 23.117048263549805}
2024-11-20 17:39:12,420 INFO =====> Performing line search for epoch 131......
2024-11-20 17:39:13,018 INFO ===> New TaichiEnv created.
2024-11-20 17:39:13,018 INFO ===> Specifications: horizon = 311, dt = 0.01, n_substeps = 20, dt_sub = 0.0005
2024-11-20 17:39:13,041 DEBUG loaded <trimesh.Trimesh(vertices.shape=(916, 3), faces.shape=(856, 3))> using `load_obj` in 0.0029s
2024-11-20 17:39:13,187 DEBUG loaded <trimesh.Trimesh(vertices.shape=(48, 3), faces.shape=(28, 3))> using `load_obj` in 0.0007s
2024-11-20 17:39:23,213 INFO =====> alpha: 0.01
2024-11-20 17:39:23,213 INFO =====> Loss info: {'particle_has_naninf': False, 'height_map_loss': 13.143741607666016, 'emd_loss': 23.124414443969727, 'total_loss': 23.124414443969727}
2024-11-20 17:39:23,795 INFO ===> New TaichiEnv created.
2024-11-20 17:39:23,795 INFO ===> Specifications: horizon = 311, dt = 0.01, n_substeps = 20, dt_sub = 0.0005
2024-11-20 17:39:23,819 DEBUG loaded <trimesh.Trimesh(vertices.shape=(916, 3), faces.shape=(856, 3))> using `load_obj` in 0.0030s
2024-11-20 17:39:23,965 DEBUG loaded <trimesh.Trimesh(vertices.shape=(48, 3), faces.shape=(28, 3))> using `load_obj` in 0.0007s
2024-11-20 17:39:33,034 INFO =====> alpha: 0.1
2024-11-20 17:39:33,034 INFO =====> Loss info: {'particle_has_naninf': False, 'height_map_loss': 13.16372299194336, 'emd_loss': 23.31528091430664, 'total_loss': 23.31528091430664}
2024-11-20 17:39:33,613 INFO ===> New TaichiEnv created.
2024-11-20 17:39:33,614 INFO ===> Specifications: horizon = 311, dt = 0.01, n_substeps = 20, dt_sub = 0.0005
2024-11-20 17:39:33,637 DEBUG loaded <trimesh.Trimesh(vertices.shape=(916, 3), faces.shape=(856, 3))> using `load_obj` in 0.0030s
2024-11-20 17:39:33,783 DEBUG loaded <trimesh.Trimesh(vertices.shape=(48, 3), faces.shape=(28, 3))> using `load_obj` in 0.0007s
2024-11-20 17:39:42,715 INFO =====> alpha: 0.5
2024-11-20 17:39:42,715 INFO =====> Loss info: {'particle_has_naninf': False, 'height_map_loss': 13.17229175567627, 'emd_loss': 23.175823211669922, 'total_loss': 23.175823211669922}
2024-11-20 17:39:43,321 INFO ===> New TaichiEnv created.
2024-11-20 17:39:43,321 INFO ===> Specifications: horizon = 311, dt = 0.01, n_substeps = 20, dt_sub = 0.0005
2024-11-20 17:39:43,344 DEBUG loaded <trimesh.Trimesh(vertices.shape=(916, 3), faces.shape=(856, 3))> using `load_obj` in 0.0029s
2024-11-20 17:39:43,490 DEBUG loaded <trimesh.Trimesh(vertices.shape=(48, 3), faces.shape=(28, 3))> using `load_obj` in 0.0007s
2024-11-20 17:39:53,380 INFO =====> alpha: 1.0
2024-11-20 17:39:53,380 INFO =====> Loss info: {'particle_has_naninf': False, 'height_map_loss': 13.168697357177734, 'emd_loss': 23.328641891479492, 'total_loss': 23.328641891479492}
2024-11-20 17:39:53,954 INFO ===> New TaichiEnv created.
2024-11-20 17:39:53,954 INFO ===> Specifications: horizon = 311, dt = 0.01, n_substeps = 20, dt_sub = 0.0005
2024-11-20 17:39:53,977 DEBUG loaded <trimesh.Trimesh(vertices.shape=(916, 3), faces.shape=(856, 3))> using `load_obj` in 0.0030s
2024-11-20 17:39:54,123 DEBUG loaded <trimesh.Trimesh(vertices.shape=(48, 3), faces.shape=(28, 3))> using `load_obj` in 0.0007s
2024-11-20 17:40:03,057 INFO =====> alpha: 1.01
2024-11-20 17:40:03,057 INFO =====> Loss info: {'particle_has_naninf': False, 'height_map_loss': 13.173267364501953, 'emd_loss': 23.312580108642578, 'total_loss': 23.312580108642578}
2024-11-20 17:40:03,635 INFO ===> New TaichiEnv created.
2024-11-20 17:40:03,635 INFO ===> Specifications: horizon = 311, dt = 0.01, n_substeps = 20, dt_sub = 0.0005
2024-11-20 17:40:03,663 DEBUG loaded <trimesh.Trimesh(vertices.shape=(916, 3), faces.shape=(856, 3))> using `load_obj` in 0.0030s
2024-11-20 17:40:03,808 DEBUG loaded <trimesh.Trimesh(vertices.shape=(48, 3), faces.shape=(28, 3))> using `load_obj` in 0.0007s
2024-11-20 17:40:13,796 INFO =====> alpha: 1.1
2024-11-20 17:40:13,796 INFO =====> Loss info: {'particle_has_naninf': False, 'height_map_loss': 13.160935401916504, 'emd_loss': 23.34391212463379, 'total_loss': 23.34391212463379}
2024-11-20 17:40:14,378 INFO ===> New TaichiEnv created.
2024-11-20 17:40:14,378 INFO ===> Specifications: horizon = 311, dt = 0.01, n_substeps = 20, dt_sub = 0.0005
2024-11-20 17:40:14,401 DEBUG loaded <trimesh.Trimesh(vertices.shape=(916, 3), faces.shape=(856, 3))> using `load_obj` in 0.0029s
2024-11-20 17:40:14,545 DEBUG loaded <trimesh.Trimesh(vertices.shape=(48, 3), faces.shape=(28, 3))> using `load_obj` in 0.0007s
2024-11-20 17:40:23,551 INFO =====> alpha: 1.5
2024-11-20 17:40:23,551 INFO =====> Loss info: {'particle_has_naninf': False, 'height_map_loss': 13.203664779663086, 'emd_loss': 23.123165130615234, 'total_loss': 23.123165130615234}
2024-11-20 17:40:23,551 INFO =====> Best alpha: 0.01, Best loss info: {'particle_has_naninf': False, 'height_map_loss': 13.143741607666016, 'emd_loss': 23.124414443969727, 'total_loss': 23.124414443969727}
2024-11-20 17:40:23,552 INFO =====> Param: E: [506535.75], nu: [0.25392884], rho: [1266.9484], sand_angle: [15.939033]
2024-11-20 17:40:23,552 INFO =====> Grad: [-1.2179396e-02 -1.9219586e+04 -1.2236797e+00 -4.9629208e+02]
2024-11-20 17:40:23,552 INFO =====> Num. aborted data so far: 0
2024-11-20 17:40:24,139 INFO ===> New TaichiEnv created.
2024-11-20 17:40:24,139 INFO ===> Specifications: horizon = 311, dt = 0.01, n_substeps = 20, dt_sub = 0.0005
2024-11-20 17:40:24,163 DEBUG loaded <trimesh.Trimesh(vertices.shape=(916, 3), faces.shape=(856, 3))> using `load_obj` in 0.0030s
2024-11-20 17:40:24,309 DEBUG loaded <trimesh.Trimesh(vertices.shape=(48, 3), faces.shape=(28, 3))> using `load_obj` in 0.0007s
2024-11-20 17:40:51,257 INFO =====> Epoch: 132
2024-11-20 17:40:51,257 INFO =====> Loss info: {'particle_has_naninf': False, 'height_map_loss': 13.142073631286621, 'emd_loss': 23.116107940673828, 'total_loss': 23.116107940673828}
2024-11-20 17:40:51,257 INFO =====> Performing line search for epoch 132......
2024-11-20 17:40:51,893 INFO ===> New TaichiEnv created.
2024-11-20 17:40:51,893 INFO ===> Specifications: horizon = 311, dt = 0.01, n_substeps = 20, dt_sub = 0.0005
2024-11-20 17:40:51,917 DEBUG loaded <trimesh.Trimesh(vertices.shape=(916, 3), faces.shape=(856, 3))> using `load_obj` in 0.0029s
2024-11-20 17:40:52,063 DEBUG loaded <trimesh.Trimesh(vertices.shape=(48, 3), faces.shape=(28, 3))> using `load_obj` in 0.0007s
2024-11-20 17:41:02,061 INFO =====> alpha: 0.01
2024-11-20 17:41:02,061 INFO =====> Loss info: {'particle_has_naninf': False, 'height_map_loss': 13.144030570983887, 'emd_loss': 23.12153434753418, 'total_loss': 23.12153434753418}
2024-11-20 17:41:02,643 INFO ===> New TaichiEnv created.
2024-11-20 17:41:02,643 INFO ===> Specifications: horizon = 311, dt = 0.01, n_substeps = 20, dt_sub = 0.0005
2024-11-20 17:41:02,668 DEBUG loaded <trimesh.Trimesh(vertices.shape=(916, 3), faces.shape=(856, 3))> using `load_obj` in 0.0031s
2024-11-20 17:41:02,819 DEBUG loaded <trimesh.Trimesh(vertices.shape=(48, 3), faces.shape=(28, 3))> using `load_obj` in 0.0007s
2024-11-20 17:41:11,839 INFO =====> alpha: 0.1
2024-11-20 17:41:11,839 INFO =====> Loss info: {'particle_has_naninf': False, 'height_map_loss': 13.142611503601074, 'emd_loss': 23.12748146057129, 'total_loss': 23.12748146057129}
2024-11-20 17:41:12,423 INFO ===> New TaichiEnv created.
2024-11-20 17:41:12,423 INFO ===> Specifications: horizon = 311, dt = 0.01, n_substeps = 20, dt_sub = 0.0005
2024-11-20 17:41:12,446 DEBUG loaded <trimesh.Trimesh(vertices.shape=(916, 3), faces.shape=(856, 3))> using `load_obj` in 0.0029s
2024-11-20 17:41:12,595 DEBUG loaded <trimesh.Trimesh(vertices.shape=(48, 3), faces.shape=(28, 3))> using `load_obj` in 0.0007s
2024-11-20 17:41:21,667 INFO =====> alpha: 0.5
2024-11-20 17:41:21,667 INFO =====> Loss info: {'particle_has_naninf': False, 'height_map_loss': 13.17470645904541, 'emd_loss': 23.314746856689453, 'total_loss': 23.314746856689453}
2024-11-20 17:41:22,251 INFO ===> New TaichiEnv created.
2024-11-20 17:41:22,251 INFO ===> Specifications: horizon = 311, dt = 0.01, n_substeps = 20, dt_sub = 0.0005
2024-11-20 17:41:22,275 DEBUG loaded <trimesh.Trimesh(vertices.shape=(916, 3), faces.shape=(856, 3))> using `load_obj` in 0.0029s
2024-11-20 17:41:22,421 DEBUG loaded <trimesh.Trimesh(vertices.shape=(48, 3), faces.shape=(28, 3))> using `load_obj` in 0.0007s
2024-11-20 17:41:32,372 INFO =====> alpha: 1.0
2024-11-20 17:41:32,373 INFO =====> Loss info: {'particle_has_naninf': False, 'height_map_loss': 13.167949676513672, 'emd_loss': 23.33692169189453, 'total_loss': 23.33692169189453}
2024-11-20 17:41:32,948 INFO ===> New TaichiEnv created.
2024-11-20 17:41:32,948 INFO ===> Specifications: horizon = 311, dt = 0.01, n_substeps = 20, dt_sub = 0.0005
2024-11-20 17:41:32,971 DEBUG loaded <trimesh.Trimesh(vertices.shape=(916, 3), faces.shape=(856, 3))> using `load_obj` in 0.0030s
2024-11-20 17:41:33,117 DEBUG loaded <trimesh.Trimesh(vertices.shape=(48, 3), faces.shape=(28, 3))> using `load_obj` in 0.0007s
2024-11-20 17:41:42,055 INFO =====> alpha: 1.01
2024-11-20 17:41:42,055 INFO =====> Loss info: {'particle_has_naninf': False, 'height_map_loss': 13.165175437927246, 'emd_loss': 23.341163635253906, 'total_loss': 23.341163635253906}
2024-11-20 17:41:42,641 INFO ===> New TaichiEnv created.
2024-11-20 17:41:42,641 INFO ===> Specifications: horizon = 311, dt = 0.01, n_substeps = 20, dt_sub = 0.0005
2024-11-20 17:41:42,664 DEBUG loaded <trimesh.Trimesh(vertices.shape=(916, 3), faces.shape=(856, 3))> using `load_obj` in 0.0030s
2024-11-20 17:41:42,812 DEBUG loaded <trimesh.Trimesh(vertices.shape=(48, 3), faces.shape=(28, 3))> using `load_obj` in 0.0007s
2024-11-20 17:41:52,762 INFO =====> alpha: 1.1
2024-11-20 17:41:52,762 INFO =====> Loss info: {'particle_has_naninf': False, 'height_map_loss': 13.168879508972168, 'emd_loss': 23.336206436157227, 'total_loss': 23.336206436157227}
2024-11-20 17:41:53,351 INFO ===> New TaichiEnv created.
2024-11-20 17:41:53,351 INFO ===> Specifications: horizon = 311, dt = 0.01, n_substeps = 20, dt_sub = 0.0005
2024-11-20 17:41:53,374 DEBUG loaded <trimesh.Trimesh(vertices.shape=(916, 3), faces.shape=(856, 3))> using `load_obj` in 0.0030s
2024-11-20 17:41:53,520 DEBUG loaded <trimesh.Trimesh(vertices.shape=(48, 3), faces.shape=(28, 3))> using `load_obj` in 0.0007s
2024-11-20 17:42:02,595 INFO =====> alpha: 1.5
2024-11-20 17:42:02,596 INFO =====> Loss info: {'particle_has_naninf': False, 'height_map_loss': 13.159045219421387, 'emd_loss': 23.408905029296875, 'total_loss': 23.408905029296875}
2024-11-20 17:42:02,596 INFO =====> Best alpha: 0.1, Best loss info: {'particle_has_naninf': False, 'height_map_loss': 13.142611503601074, 'emd_loss': 23.12748146057129, 'total_loss': 23.12748146057129}
2024-11-20 17:42:02,596 INFO =====> Param: E: [506788.62], nu: [0.25415298], rho: [1273.8054], sand_angle: [15.947016]
2024-11-20 17:42:02,596 INFO =====> Grad: [-1.0543521e-03 -3.2210713e+03 -5.7990639e+01 -5.5065273e+01]
2024-11-20 17:42:02,596 INFO =====> Num. aborted data so far: 0
2024-11-20 17:42:03,177 INFO ===> New TaichiEnv created.
2024-11-20 17:42:03,177 INFO ===> Specifications: horizon = 311, dt = 0.01, n_substeps = 20, dt_sub = 0.0005
2024-11-20 17:42:03,201 DEBUG loaded <trimesh.Trimesh(vertices.shape=(916, 3), faces.shape=(856, 3))> using `load_obj` in 0.0030s
2024-11-20 17:42:03,348 DEBUG loaded <trimesh.Trimesh(vertices.shape=(48, 3), faces.shape=(28, 3))> using `load_obj` in 0.0007s
2024-11-20 17:42:30,352 INFO =====> Epoch: 133
2024-11-20 17:42:30,352 INFO =====> Loss info: {'particle_has_naninf': False, 'height_map_loss': 13.155343055725098, 'emd_loss': 23.14183235168457, 'total_loss': 23.14183235168457}
2024-11-20 17:42:30,352 INFO =====> Performing line search for epoch 133......
2024-11-20 17:42:30,956 INFO ===> New TaichiEnv created.
2024-11-20 17:42:30,956 INFO ===> Specifications: horizon = 311, dt = 0.01, n_substeps = 20, dt_sub = 0.0005
2024-11-20 17:42:30,980 DEBUG loaded <trimesh.Trimesh(vertices.shape=(916, 3), faces.shape=(856, 3))> using `load_obj` in 0.0031s
2024-11-20 17:42:31,127 DEBUG loaded <trimesh.Trimesh(vertices.shape=(48, 3), faces.shape=(28, 3))> using `load_obj` in 0.0007s
2024-11-20 17:42:41,231 INFO =====> alpha: 0.01
2024-11-20 17:42:41,231 INFO =====> Loss info: {'particle_has_naninf': False, 'height_map_loss': 13.149301528930664, 'emd_loss': 23.12646484375, 'total_loss': 23.12646484375}
2024-11-20 17:42:41,815 INFO ===> New TaichiEnv created.
2024-11-20 17:42:41,815 INFO ===> Specifications: horizon = 311, dt = 0.01, n_substeps = 20, dt_sub = 0.0005
2024-11-20 17:42:41,838 DEBUG loaded <trimesh.Trimesh(vertices.shape=(916, 3), faces.shape=(856, 3))> using `load_obj` in 0.0030s
2024-11-20 17:42:41,983 DEBUG loaded <trimesh.Trimesh(vertices.shape=(48, 3), faces.shape=(28, 3))> using `load_obj` in 0.0007s
2024-11-20 17:42:50,984 INFO =====> alpha: 0.1
2024-11-20 17:42:50,984 INFO =====> Loss info: {'particle_has_naninf': False, 'height_map_loss': 13.166866302490234, 'emd_loss': 23.338956832885742, 'total_loss': 23.338956832885742}
2024-11-20 17:42:51,561 INFO ===> New TaichiEnv created.
2024-11-20 17:42:51,562 INFO ===> Specifications: horizon = 311, dt = 0.01, n_substeps = 20, dt_sub = 0.0005
2024-11-20 17:42:51,585 DEBUG loaded <trimesh.Trimesh(vertices.shape=(916, 3), faces.shape=(856, 3))> using `load_obj` in 0.0030s
2024-11-20 17:42:51,732 DEBUG loaded <trimesh.Trimesh(vertices.shape=(48, 3), faces.shape=(28, 3))> using `load_obj` in 0.0007s
2024-11-20 17:43:00,700 INFO =====> alpha: 0.5
2024-11-20 17:43:00,700 INFO =====> Loss info: {'particle_has_naninf': False, 'height_map_loss': 13.164689064025879, 'emd_loss': 23.25138282775879, 'total_loss': 23.25138282775879}
2024-11-20 17:43:01,283 INFO ===> New TaichiEnv created.
2024-11-20 17:43:01,283 INFO ===> Specifications: horizon = 311, dt = 0.01, n_substeps = 20, dt_sub = 0.0005
2024-11-20 17:43:01,305 DEBUG loaded <trimesh.Trimesh(vertices.shape=(916, 3), faces.shape=(856, 3))> using `load_obj` in 0.0029s
2024-11-20 17:43:01,452 DEBUG loaded <trimesh.Trimesh(vertices.shape=(48, 3), faces.shape=(28, 3))> using `load_obj` in 0.0007s
2024-11-20 17:43:11,436 INFO =====> alpha: 1.0
2024-11-20 17:43:11,436 INFO =====> Loss info: {'particle_has_naninf': False, 'height_map_loss': 13.14870834350586, 'emd_loss': 23.19908905029297, 'total_loss': 23.19908905029297}
2024-11-20 17:43:12,047 INFO ===> New TaichiEnv created.
2024-11-20 17:43:12,047 INFO ===> Specifications: horizon = 311, dt = 0.01, n_substeps = 20, dt_sub = 0.0005
2024-11-20 17:43:12,070 DEBUG loaded <trimesh.Trimesh(vertices.shape=(916, 3), faces.shape=(856, 3))> using `load_obj` in 0.0030s
2024-11-20 17:43:12,215 DEBUG loaded <trimesh.Trimesh(vertices.shape=(48, 3), faces.shape=(28, 3))> using `load_obj` in 0.0007s
2024-11-20 17:43:21,180 INFO =====> alpha: 1.01
2024-11-20 17:43:21,181 INFO =====> Loss info: {'particle_has_naninf': False, 'height_map_loss': 13.155632972717285, 'emd_loss': 23.17948341369629, 'total_loss': 23.17948341369629}
2024-11-20 17:43:21,762 INFO ===> New TaichiEnv created.
2024-11-20 17:43:21,762 INFO ===> Specifications: horizon = 311, dt = 0.01, n_substeps = 20, dt_sub = 0.0005
2024-11-20 17:43:21,786 DEBUG loaded <trimesh.Trimesh(vertices.shape=(916, 3), faces.shape=(856, 3))> using `load_obj` in 0.0029s
2024-11-20 17:43:21,932 DEBUG loaded <trimesh.Trimesh(vertices.shape=(48, 3), faces.shape=(28, 3))> using `load_obj` in 0.0007s
2024-11-20 17:43:31,943 INFO =====> alpha: 1.1
2024-11-20 17:43:31,943 INFO =====> Loss info: {'particle_has_naninf': False, 'height_map_loss': 13.17981243133545, 'emd_loss': 23.1415958404541, 'total_loss': 23.1415958404541}
2024-11-20 17:43:32,526 INFO ===> New TaichiEnv created.
2024-11-20 17:43:32,526 INFO ===> Specifications: horizon = 311, dt = 0.01, n_substeps = 20, dt_sub = 0.0005
2024-11-20 17:43:32,549 DEBUG loaded <trimesh.Trimesh(vertices.shape=(916, 3), faces.shape=(856, 3))> using `load_obj` in 0.0029s
2024-11-20 17:43:32,693 DEBUG loaded <trimesh.Trimesh(vertices.shape=(48, 3), faces.shape=(28, 3))> using `load_obj` in 0.0007s
2024-11-20 17:43:41,627 INFO =====> alpha: 1.5
2024-11-20 17:43:41,627 INFO =====> Loss info: {'particle_has_naninf': False, 'height_map_loss': 13.132604598999023, 'emd_loss': 23.372793197631836, 'total_loss': 23.372793197631836}
2024-11-20 17:43:41,628 INFO =====> Best alpha: 1.5, Best loss info: {'particle_has_naninf': False, 'height_map_loss': 13.132604598999023, 'emd_loss': 23.372793197631836, 'total_loss': 23.372793197631836}
2024-11-20 17:43:41,628 INFO =====> Param: E: [538841.75], nu: [0.26618874], rho: [1294.1819], sand_angle: [16.300625]
2024-11-20 17:43:41,628 INFO =====> Grad: [-8.9805527e-03 -1.1309767e+04 -1.0939320e+01 -1.5468546e+02]
2024-11-20 17:43:41,628 INFO =====> Num. aborted data so far: 0
2024-11-20 17:43:42,292 INFO ===> New TaichiEnv created.
2024-11-20 17:43:42,292 INFO ===> Specifications: horizon = 311, dt = 0.01, n_substeps = 20, dt_sub = 0.0005
2024-11-20 17:43:42,316 DEBUG loaded <trimesh.Trimesh(vertices.shape=(916, 3), faces.shape=(856, 3))> using `load_obj` in 0.0030s
2024-11-20 17:43:42,461 DEBUG loaded <trimesh.Trimesh(vertices.shape=(48, 3), faces.shape=(28, 3))> using `load_obj` in 0.0007s
2024-11-20 17:44:09,442 INFO =====> Epoch: 134
2024-11-20 17:44:09,442 INFO =====> Loss info: {'particle_has_naninf': False, 'height_map_loss': 13.135894775390625, 'emd_loss': 23.378664016723633, 'total_loss': 23.378664016723633}
2024-11-20 17:44:09,442 INFO =====> Performing line search for epoch 134......
2024-11-20 17:44:10,049 INFO ===> New TaichiEnv created.
2024-11-20 17:44:10,049 INFO ===> Specifications: horizon = 311, dt = 0.01, n_substeps = 20, dt_sub = 0.0005
2024-11-20 17:44:10,073 DEBUG loaded <trimesh.Trimesh(vertices.shape=(916, 3), faces.shape=(856, 3))> using `load_obj` in 0.0030s
2024-11-20 17:44:10,221 DEBUG loaded <trimesh.Trimesh(vertices.shape=(48, 3), faces.shape=(28, 3))> using `load_obj` in 0.0007s
2024-11-20 17:44:20,263 INFO =====> alpha: 0.01
2024-11-20 17:44:20,263 INFO =====> Loss info: {'particle_has_naninf': False, 'height_map_loss': 13.12491512298584, 'emd_loss': 23.349328994750977, 'total_loss': 23.349328994750977}
2024-11-20 17:44:20,836 INFO ===> New TaichiEnv created.
2024-11-20 17:44:20,836 INFO ===> Specifications: horizon = 311, dt = 0.01, n_substeps = 20, dt_sub = 0.0005
2024-11-20 17:44:20,859 DEBUG loaded <trimesh.Trimesh(vertices.shape=(916, 3), faces.shape=(856, 3))> using `load_obj` in 0.0030s
2024-11-20 17:44:21,005 DEBUG loaded <trimesh.Trimesh(vertices.shape=(48, 3), faces.shape=(28, 3))> using `load_obj` in 0.0007s
2024-11-20 17:44:29,978 INFO =====> alpha: 0.1
2024-11-20 17:44:29,978 INFO =====> Loss info: {'particle_has_naninf': False, 'height_map_loss': 13.13249397277832, 'emd_loss': 22.84869384765625, 'total_loss': 22.84869384765625}
2024-11-20 17:44:30,550 INFO ===> New TaichiEnv created.
2024-11-20 17:44:30,550 INFO ===> Specifications: horizon = 311, dt = 0.01, n_substeps = 20, dt_sub = 0.0005
2024-11-20 17:44:30,573 DEBUG loaded <trimesh.Trimesh(vertices.shape=(916, 3), faces.shape=(856, 3))> using `load_obj` in 0.0030s
2024-11-20 17:44:30,719 DEBUG loaded <trimesh.Trimesh(vertices.shape=(48, 3), faces.shape=(28, 3))> using `load_obj` in 0.0007s
2024-11-20 17:44:39,677 INFO =====> alpha: 0.5
2024-11-20 17:44:39,677 INFO =====> Loss info: {'particle_has_naninf': False, 'height_map_loss': 13.132192611694336, 'emd_loss': 23.438053131103516, 'total_loss': 23.438053131103516}
2024-11-20 17:44:40,284 INFO ===> New TaichiEnv created.
2024-11-20 17:44:40,284 INFO ===> Specifications: horizon = 311, dt = 0.01, n_substeps = 20, dt_sub = 0.0005
2024-11-20 17:44:40,307 DEBUG loaded <trimesh.Trimesh(vertices.shape=(916, 3), faces.shape=(856, 3))> using `load_obj` in 0.0029s
2024-11-20 17:44:40,452 DEBUG loaded <trimesh.Trimesh(vertices.shape=(48, 3), faces.shape=(28, 3))> using `load_obj` in 0.0007s
2024-11-20 17:44:50,446 INFO =====> alpha: 1.0
2024-11-20 17:44:50,446 INFO =====> Loss info: {'particle_has_naninf': False, 'height_map_loss': 13.191835403442383, 'emd_loss': 23.30422019958496, 'total_loss': 23.30422019958496}
2024-11-20 17:44:51,016 INFO ===> New TaichiEnv created.
2024-11-20 17:44:51,016 INFO ===> Specifications: horizon = 311, dt = 0.01, n_substeps = 20, dt_sub = 0.0005
2024-11-20 17:44:51,039 DEBUG loaded <trimesh.Trimesh(vertices.shape=(916, 3), faces.shape=(856, 3))> using `load_obj` in 0.0030s
2024-11-20 17:44:51,184 DEBUG loaded <trimesh.Trimesh(vertices.shape=(48, 3), faces.shape=(28, 3))> using `load_obj` in 0.0007s
2024-11-20 17:45:00,129 INFO =====> alpha: 1.01
2024-11-20 17:45:00,130 INFO =====> Loss info: {'particle_has_naninf': False, 'height_map_loss': 13.19399356842041, 'emd_loss': 23.292234420776367, 'total_loss': 23.292234420776367}
2024-11-20 17:45:00,759 INFO ===> New TaichiEnv created.
2024-11-20 17:45:00,759 INFO ===> Specifications: horizon = 311, dt = 0.01, n_substeps = 20, dt_sub = 0.0005
2024-11-20 17:45:00,782 DEBUG loaded <trimesh.Trimesh(vertices.shape=(916, 3), faces.shape=(856, 3))> using `load_obj` in 0.0030s
2024-11-20 17:45:00,928 DEBUG loaded <trimesh.Trimesh(vertices.shape=(48, 3), faces.shape=(28, 3))> using `load_obj` in 0.0007s
2024-11-20 17:45:10,953 INFO =====> alpha: 1.1
2024-11-20 17:45:10,953 INFO =====> Loss info: {'particle_has_naninf': False, 'height_map_loss': 13.163676261901855, 'emd_loss': 23.04965591430664, 'total_loss': 23.04965591430664}
2024-11-20 17:45:11,529 INFO ===> New TaichiEnv created.
2024-11-20 17:45:11,529 INFO ===> Specifications: horizon = 311, dt = 0.01, n_substeps = 20, dt_sub = 0.0005
2024-11-20 17:45:11,551 DEBUG loaded <trimesh.Trimesh(vertices.shape=(916, 3), faces.shape=(856, 3))> using `load_obj` in 0.0028s
2024-11-20 17:45:11,696 DEBUG loaded <trimesh.Trimesh(vertices.shape=(48, 3), faces.shape=(28, 3))> using `load_obj` in 0.0007s
2024-11-20 17:45:20,650 INFO =====> alpha: 1.5
2024-11-20 17:45:20,651 INFO =====> Loss info: {'particle_has_naninf': False, 'height_map_loss': 13.22430419921875, 'emd_loss': 23.229232788085938, 'total_loss': 23.229232788085938}
2024-11-20 17:45:20,651 INFO =====> Best alpha: 0.01, Best loss info: {'particle_has_naninf': False, 'height_map_loss': 13.12491512298584, 'emd_loss': 23.349328994750977, 'total_loss': 23.349328994750977}
2024-11-20 17:45:20,651 INFO =====> Param: E: [538700.75], nu: [0.26608095], rho: [1293.6462], sand_angle: [16.28744]
2024-11-20 17:45:20,651 INFO =====> Grad: [5.7657263e-03 1.5331476e+04 4.3488140e+01 9.0308740e+02]
2024-11-20 17:45:20,651 INFO =====> Num. aborted data so far: 0
2024-11-20 17:45:21,227 INFO ===> New TaichiEnv created.
2024-11-20 17:45:21,227 INFO ===> Specifications: horizon = 311, dt = 0.01, n_substeps = 20, dt_sub = 0.0005
2024-11-20 17:45:21,250 DEBUG loaded <trimesh.Trimesh(vertices.shape=(916, 3), faces.shape=(856, 3))> using `load_obj` in 0.0030s
2024-11-20 17:45:21,395 DEBUG loaded <trimesh.Trimesh(vertices.shape=(48, 3), faces.shape=(28, 3))> using `load_obj` in 0.0007s
2024-11-20 17:45:48,493 INFO =====> Epoch: 135
2024-11-20 17:45:48,493 INFO =====> Loss info: {'particle_has_naninf': False, 'height_map_loss': 13.112293243408203, 'emd_loss': 23.37460708618164, 'total_loss': 23.37460708618164}
2024-11-20 17:45:48,493 INFO =====> Performing line search for epoch 135......
2024-11-20 17:45:49,089 INFO ===> New TaichiEnv created.
2024-11-20 17:45:49,089 INFO ===> Specifications: horizon = 311, dt = 0.01, n_substeps = 20, dt_sub = 0.0005
2024-11-20 17:45:49,112 DEBUG loaded <trimesh.Trimesh(vertices.shape=(916, 3), faces.shape=(856, 3))> using `load_obj` in 0.0029s
2024-11-20 17:45:49,257 DEBUG loaded <trimesh.Trimesh(vertices.shape=(48, 3), faces.shape=(28, 3))> using `load_obj` in 0.0007s
2024-11-20 17:45:59,376 INFO =====> alpha: 0.01
2024-11-20 17:45:59,376 INFO =====> Loss info: {'particle_has_naninf': False, 'height_map_loss': 13.131534576416016, 'emd_loss': 23.359769821166992, 'total_loss': 23.359769821166992}
2024-11-20 17:45:59,961 INFO ===> New TaichiEnv created.
2024-11-20 17:45:59,961 INFO ===> Specifications: horizon = 311, dt = 0.01, n_substeps = 20, dt_sub = 0.0005
2024-11-20 17:45:59,985 DEBUG loaded <trimesh.Trimesh(vertices.shape=(916, 3), faces.shape=(856, 3))> using `load_obj` in 0.0031s
2024-11-20 17:46:00,135 DEBUG loaded <trimesh.Trimesh(vertices.shape=(48, 3), faces.shape=(28, 3))> using `load_obj` in 0.0007s
2024-11-20 17:46:09,144 INFO =====> alpha: 0.1
2024-11-20 17:46:09,144 INFO =====> Loss info: {'particle_has_naninf': False, 'height_map_loss': 13.15237045288086, 'emd_loss': 23.12158203125, 'total_loss': 23.12158203125}
2024-11-20 17:46:09,726 INFO ===> New TaichiEnv created.
2024-11-20 17:46:09,726 INFO ===> Specifications: horizon = 311, dt = 0.01, n_substeps = 20, dt_sub = 0.0005
2024-11-20 17:46:09,750 DEBUG loaded <trimesh.Trimesh(vertices.shape=(916, 3), faces.shape=(856, 3))> using `load_obj` in 0.0030s
2024-11-20 17:46:09,897 DEBUG loaded <trimesh.Trimesh(vertices.shape=(48, 3), faces.shape=(28, 3))> using `load_obj` in 0.0007s
2024-11-20 17:46:18,856 INFO =====> alpha: 0.5
2024-11-20 17:46:18,856 INFO =====> Loss info: {'particle_has_naninf': False, 'height_map_loss': 13.18371295928955, 'emd_loss': 23.177602767944336, 'total_loss': 23.177602767944336}
2024-11-20 17:46:19,432 INFO ===> New TaichiEnv created.
2024-11-20 17:46:19,432 INFO ===> Specifications: horizon = 311, dt = 0.01, n_substeps = 20, dt_sub = 0.0005
2024-11-20 17:46:19,455 DEBUG loaded <trimesh.Trimesh(vertices.shape=(916, 3), faces.shape=(856, 3))> using `load_obj` in 0.0030s
2024-11-20 17:46:19,601 DEBUG loaded <trimesh.Trimesh(vertices.shape=(48, 3), faces.shape=(28, 3))> using `load_obj` in 0.0007s
2024-11-20 17:46:29,539 INFO =====> alpha: 1.0
2024-11-20 17:46:29,539 INFO =====> Loss info: {'particle_has_naninf': False, 'height_map_loss': 13.221646308898926, 'emd_loss': 22.85016632080078, 'total_loss': 22.85016632080078}
2024-11-20 17:46:30,109 INFO ===> New TaichiEnv created.
2024-11-20 17:46:30,110 INFO ===> Specifications: horizon = 311, dt = 0.01, n_substeps = 20, dt_sub = 0.0005
2024-11-20 17:46:30,133 DEBUG loaded <trimesh.Trimesh(vertices.shape=(916, 3), faces.shape=(856, 3))> using `load_obj` in 0.0031s
2024-11-20 17:46:30,279 DEBUG loaded <trimesh.Trimesh(vertices.shape=(48, 3), faces.shape=(28, 3))> using `load_obj` in 0.0007s
2024-11-20 17:46:39,347 INFO =====> alpha: 1.01
2024-11-20 17:46:39,347 INFO =====> Loss info: {'particle_has_naninf': False, 'height_map_loss': 13.222484588623047, 'emd_loss': 22.845033645629883, 'total_loss': 22.845033645629883}
2024-11-20 17:46:39,922 INFO ===> New TaichiEnv created.
2024-11-20 17:46:39,922 INFO ===> Specifications: horizon = 311, dt = 0.01, n_substeps = 20, dt_sub = 0.0005
2024-11-20 17:46:39,945 DEBUG loaded <trimesh.Trimesh(vertices.shape=(916, 3), faces.shape=(856, 3))> using `load_obj` in 0.0030s
2024-11-20 17:46:40,090 DEBUG loaded <trimesh.Trimesh(vertices.shape=(48, 3), faces.shape=(28, 3))> using `load_obj` in 0.0007s
2024-11-20 17:46:50,124 INFO =====> alpha: 1.1
2024-11-20 17:46:50,124 INFO =====> Loss info: {'particle_has_naninf': False, 'height_map_loss': 13.222260475158691, 'emd_loss': 22.622344970703125, 'total_loss': 22.622344970703125}
2024-11-20 17:46:50,695 INFO ===> New TaichiEnv created.
2024-11-20 17:46:50,695 INFO ===> Specifications: horizon = 311, dt = 0.01, n_substeps = 20, dt_sub = 0.0005
2024-11-20 17:46:50,717 DEBUG loaded <trimesh.Trimesh(vertices.shape=(916, 3), faces.shape=(856, 3))> using `load_obj` in 0.0029s
2024-11-20 17:46:50,863 DEBUG loaded <trimesh.Trimesh(vertices.shape=(48, 3), faces.shape=(28, 3))> using `load_obj` in 0.0007s
2024-11-20 17:46:59,741 INFO =====> alpha: 1.5
2024-11-20 17:46:59,741 INFO =====> Loss info: {'particle_has_naninf': False, 'height_map_loss': 13.247364044189453, 'emd_loss': 22.825448989868164, 'total_loss': 22.825448989868164}
2024-11-20 17:46:59,742 INFO =====> Best alpha: 0.01, Best loss info: {'particle_has_naninf': False, 'height_map_loss': 13.131534576416016, 'emd_loss': 23.359769821166992, 'total_loss': 23.359769821166992}
2024-11-20 17:46:59,742 INFO =====> Param: E: [538951.44], nu: [0.26621675], rho: [1294.0956], sand_angle: [16.297253]
2024-11-20 17:46:59,742 INFO =====> Grad: [-1.0593661e-02 -2.0289799e+04 -3.6103645e+01 -6.7075494e+02]
2024-11-20 17:46:59,742 INFO =====> Num. aborted data so far: 0
2024-11-20 17:47:00,317 INFO ===> New TaichiEnv created.
2024-11-20 17:47:00,317 INFO ===> Specifications: horizon = 311, dt = 0.01, n_substeps = 20, dt_sub = 0.0005
2024-11-20 17:47:00,341 DEBUG loaded <trimesh.Trimesh(vertices.shape=(916, 3), faces.shape=(856, 3))> using `load_obj` in 0.0030s
2024-11-20 17:47:00,489 DEBUG loaded <trimesh.Trimesh(vertices.shape=(48, 3), faces.shape=(28, 3))> using `load_obj` in 0.0007s
2024-11-20 17:47:27,509 INFO =====> Epoch: 136
2024-11-20 17:47:27,509 INFO =====> Loss info: {'particle_has_naninf': False, 'height_map_loss': 13.130269050598145, 'emd_loss': 23.362321853637695, 'total_loss': 23.362321853637695}
2024-11-20 17:47:27,509 INFO =====> Performing line search for epoch 136......
2024-11-20 17:47:28,111 INFO ===> New TaichiEnv created.
2024-11-20 17:47:28,111 INFO ===> Specifications: horizon = 311, dt = 0.01, n_substeps = 20, dt_sub = 0.0005
2024-11-20 17:47:28,135 DEBUG loaded <trimesh.Trimesh(vertices.shape=(916, 3), faces.shape=(856, 3))> using `load_obj` in 0.0030s
2024-11-20 17:47:28,283 DEBUG loaded <trimesh.Trimesh(vertices.shape=(48, 3), faces.shape=(28, 3))> using `load_obj` in 0.0007s
2024-11-20 17:47:38,387 INFO =====> alpha: 0.01
2024-11-20 17:47:38,387 INFO =====> Loss info: {'particle_has_naninf': False, 'height_map_loss': 13.132221221923828, 'emd_loss': 23.370637893676758, 'total_loss': 23.370637893676758}
2024-11-20 17:47:38,969 INFO ===> New TaichiEnv created.
2024-11-20 17:47:38,969 INFO ===> Specifications: horizon = 311, dt = 0.01, n_substeps = 20, dt_sub = 0.0005
2024-11-20 17:47:38,992 DEBUG loaded <trimesh.Trimesh(vertices.shape=(916, 3), faces.shape=(856, 3))> using `load_obj` in 0.0032s
2024-11-20 17:47:39,138 DEBUG loaded <trimesh.Trimesh(vertices.shape=(48, 3), faces.shape=(28, 3))> using `load_obj` in 0.0007s
2024-11-20 17:47:48,054 INFO =====> alpha: 0.1
2024-11-20 17:47:48,054 INFO =====> Loss info: {'particle_has_naninf': False, 'height_map_loss': 13.116196632385254, 'emd_loss': 23.357786178588867, 'total_loss': 23.357786178588867}
2024-11-20 17:47:48,662 INFO ===> New TaichiEnv created.
2024-11-20 17:47:48,662 INFO ===> Specifications: horizon = 311, dt = 0.01, n_substeps = 20, dt_sub = 0.0005
2024-11-20 17:47:48,685 DEBUG loaded <trimesh.Trimesh(vertices.shape=(916, 3), faces.shape=(856, 3))> using `load_obj` in 0.0031s
2024-11-20 17:47:48,833 DEBUG loaded <trimesh.Trimesh(vertices.shape=(48, 3), faces.shape=(28, 3))> using `load_obj` in 0.0007s
2024-11-20 17:47:57,816 INFO =====> alpha: 0.5
2024-11-20 17:47:57,817 INFO =====> Loss info: {'particle_has_naninf': False, 'height_map_loss': 13.113554000854492, 'emd_loss': 23.039356231689453, 'total_loss': 23.039356231689453}
2024-11-20 17:47:58,391 INFO ===> New TaichiEnv created.
2024-11-20 17:47:58,391 INFO ===> Specifications: horizon = 311, dt = 0.01, n_substeps = 20, dt_sub = 0.0005
2024-11-20 17:47:58,415 DEBUG loaded <trimesh.Trimesh(vertices.shape=(916, 3), faces.shape=(856, 3))> using `load_obj` in 0.0029s
2024-11-20 17:47:58,563 DEBUG loaded <trimesh.Trimesh(vertices.shape=(48, 3), faces.shape=(28, 3))> using `load_obj` in 0.0007s
2024-11-20 17:48:08,601 INFO =====> alpha: 1.0
2024-11-20 17:48:08,602 INFO =====> Loss info: {'particle_has_naninf': False, 'height_map_loss': 13.105792999267578, 'emd_loss': 23.104806900024414, 'total_loss': 23.104806900024414}
2024-11-20 17:48:09,176 INFO ===> New TaichiEnv created.
2024-11-20 17:48:09,176 INFO ===> Specifications: horizon = 311, dt = 0.01, n_substeps = 20, dt_sub = 0.0005
2024-11-20 17:48:09,199 DEBUG loaded <trimesh.Trimesh(vertices.shape=(916, 3), faces.shape=(856, 3))> using `load_obj` in 0.0029s
2024-11-20 17:48:09,344 DEBUG loaded <trimesh.Trimesh(vertices.shape=(48, 3), faces.shape=(28, 3))> using `load_obj` in 0.0007s
2024-11-20 17:48:18,264 INFO =====> alpha: 1.01
2024-11-20 17:48:18,264 INFO =====> Loss info: {'particle_has_naninf': False, 'height_map_loss': 13.107943534851074, 'emd_loss': 23.106159210205078, 'total_loss': 23.106159210205078}
2024-11-20 17:48:18,851 INFO ===> New TaichiEnv created.
2024-11-20 17:48:18,851 INFO ===> Specifications: horizon = 311, dt = 0.01, n_substeps = 20, dt_sub = 0.0005
2024-11-20 17:48:18,875 DEBUG loaded <trimesh.Trimesh(vertices.shape=(916, 3), faces.shape=(856, 3))> using `load_obj` in 0.0030s
2024-11-20 17:48:19,019 DEBUG loaded <trimesh.Trimesh(vertices.shape=(48, 3), faces.shape=(28, 3))> using `load_obj` in 0.0007s
2024-11-20 17:48:28,012 INFO =====> alpha: 1.1
2024-11-20 17:48:28,012 INFO =====> Loss info: {'particle_has_naninf': False, 'height_map_loss': 13.105454444885254, 'emd_loss': 23.11153221130371, 'total_loss': 23.11153221130371}
2024-11-20 17:48:28,589 INFO ===> New TaichiEnv created.
2024-11-20 17:48:28,589 INFO ===> Specifications: horizon = 311, dt = 0.01, n_substeps = 20, dt_sub = 0.0005
2024-11-20 17:48:28,612 DEBUG loaded <trimesh.Trimesh(vertices.shape=(916, 3), faces.shape=(856, 3))> using `load_obj` in 0.0029s
2024-11-20 17:48:28,762 DEBUG loaded <trimesh.Trimesh(vertices.shape=(48, 3), faces.shape=(28, 3))> using `load_obj` in 0.0007s
2024-11-20 17:48:38,697 INFO =====> alpha: 1.5
2024-11-20 17:48:38,697 INFO =====> Loss info: {'particle_has_naninf': False, 'height_map_loss': 13.131279945373535, 'emd_loss': 23.134571075439453, 'total_loss': 23.134571075439453}
2024-11-20 17:48:38,698 INFO =====> Best alpha: 1.1, Best loss info: {'particle_has_naninf': False, 'height_map_loss': 13.105454444885254, 'emd_loss': 23.11153221130371, 'total_loss': 23.11153221130371}
2024-11-20 17:48:38,698 INFO =====> Param: E: [532549.44], nu: [0.26591998], rho: [1275.5973], sand_angle: [16.053915]
2024-11-20 17:48:38,698 INFO =====> Grad: [2.3433368e-03 3.8243292e+02 1.2890767e+01 1.4378989e+02]
2024-11-20 17:48:38,698 INFO =====> Num. aborted data so far: 0
2024-11-20 17:48:39,278 INFO ===> New TaichiEnv created.
2024-11-20 17:48:39,279 INFO ===> Specifications: horizon = 311, dt = 0.01, n_substeps = 20, dt_sub = 0.0005
2024-11-20 17:48:39,302 DEBUG loaded <trimesh.Trimesh(vertices.shape=(916, 3), faces.shape=(856, 3))> using `load_obj` in 0.0030s
2024-11-20 17:48:39,447 DEBUG loaded <trimesh.Trimesh(vertices.shape=(48, 3), faces.shape=(28, 3))> using `load_obj` in 0.0007s
2024-11-20 17:49:06,462 INFO =====> Epoch: 137
2024-11-20 17:49:06,463 INFO =====> Loss info: {'particle_has_naninf': False, 'height_map_loss': 13.105270385742188, 'emd_loss': 23.120241165161133, 'total_loss': 23.120241165161133}
2024-11-20 17:49:06,463 INFO =====> Performing line search for epoch 137......
2024-11-20 17:49:07,069 INFO ===> New TaichiEnv created.
2024-11-20 17:49:07,070 INFO ===> Specifications: horizon = 311, dt = 0.01, n_substeps = 20, dt_sub = 0.0005
2024-11-20 17:49:07,093 DEBUG loaded <trimesh.Trimesh(vertices.shape=(916, 3), faces.shape=(856, 3))> using `load_obj` in 0.0031s
2024-11-20 17:49:07,241 DEBUG loaded <trimesh.Trimesh(vertices.shape=(48, 3), faces.shape=(28, 3))> using `load_obj` in 0.0007s
2024-11-20 17:49:17,248 INFO =====> alpha: 0.01
2024-11-20 17:49:17,248 INFO =====> Loss info: {'particle_has_naninf': False, 'height_map_loss': 13.114566802978516, 'emd_loss': 23.113746643066406, 'total_loss': 23.113746643066406}
2024-11-20 17:49:17,823 INFO ===> New TaichiEnv created.
2024-11-20 17:49:17,823 INFO ===> Specifications: horizon = 311, dt = 0.01, n_substeps = 20, dt_sub = 0.0005
2024-11-20 17:49:17,846 DEBUG loaded <trimesh.Trimesh(vertices.shape=(916, 3), faces.shape=(856, 3))> using `load_obj` in 0.0029s
2024-11-20 17:49:17,991 DEBUG loaded <trimesh.Trimesh(vertices.shape=(48, 3), faces.shape=(28, 3))> using `load_obj` in 0.0007s
2024-11-20 17:49:26,956 INFO =====> alpha: 0.1
2024-11-20 17:49:26,956 INFO =====> Loss info: {'particle_has_naninf': False, 'height_map_loss': 13.14116096496582, 'emd_loss': 22.89447784423828, 'total_loss': 22.89447784423828}
2024-11-20 17:49:27,555 INFO ===> New TaichiEnv created.
2024-11-20 17:49:27,555 INFO ===> Specifications: horizon = 311, dt = 0.01, n_substeps = 20, dt_sub = 0.0005
2024-11-20 17:49:27,578 DEBUG loaded <trimesh.Trimesh(vertices.shape=(916, 3), faces.shape=(856, 3))> using `load_obj` in 0.0030s
2024-11-20 17:49:27,724 DEBUG loaded <trimesh.Trimesh(vertices.shape=(48, 3), faces.shape=(28, 3))> using `load_obj` in 0.0007s
2024-11-20 17:49:36,760 INFO =====> alpha: 0.5
2024-11-20 17:49:36,760 INFO =====> Loss info: {'particle_has_naninf': False, 'height_map_loss': 13.117349624633789, 'emd_loss': 23.247657775878906, 'total_loss': 23.247657775878906}
2024-11-20 17:49:37,331 INFO ===> New TaichiEnv created.
2024-11-20 17:49:37,332 INFO ===> Specifications: horizon = 311, dt = 0.01, n_substeps = 20, dt_sub = 0.0005
2024-11-20 17:49:37,354 DEBUG loaded <trimesh.Trimesh(vertices.shape=(916, 3), faces.shape=(856, 3))> using `load_obj` in 0.0030s
2024-11-20 17:49:37,502 DEBUG loaded <trimesh.Trimesh(vertices.shape=(48, 3), faces.shape=(28, 3))> using `load_obj` in 0.0007s
2024-11-20 17:49:47,480 INFO =====> alpha: 1.0
2024-11-20 17:49:47,480 INFO =====> Loss info: {'particle_has_naninf': False, 'height_map_loss': 13.141383171081543, 'emd_loss': 23.28624153137207, 'total_loss': 23.28624153137207}
2024-11-20 17:49:48,059 INFO ===> New TaichiEnv created.
2024-11-20 17:49:48,059 INFO ===> Specifications: horizon = 311, dt = 0.01, n_substeps = 20, dt_sub = 0.0005
2024-11-20 17:49:48,082 DEBUG loaded <trimesh.Trimesh(vertices.shape=(916, 3), faces.shape=(856, 3))> using `load_obj` in 0.0029s
2024-11-20 17:49:48,228 DEBUG loaded <trimesh.Trimesh(vertices.shape=(48, 3), faces.shape=(28, 3))> using `load_obj` in 0.0007s
2024-11-20 17:49:57,205 INFO =====> alpha: 1.01
2024-11-20 17:49:57,205 INFO =====> Loss info: {'particle_has_naninf': False, 'height_map_loss': 13.139114379882812, 'emd_loss': 23.24692726135254, 'total_loss': 23.24692726135254}
2024-11-20 17:49:57,785 INFO ===> New TaichiEnv created.
2024-11-20 17:49:57,785 INFO ===> Specifications: horizon = 311, dt = 0.01, n_substeps = 20, dt_sub = 0.0005
2024-11-20 17:49:57,808 DEBUG loaded <trimesh.Trimesh(vertices.shape=(916, 3), faces.shape=(856, 3))> using `load_obj` in 0.0030s
2024-11-20 17:49:57,954 DEBUG loaded <trimesh.Trimesh(vertices.shape=(48, 3), faces.shape=(28, 3))> using `load_obj` in 0.0007s
2024-11-20 17:50:07,053 INFO =====> alpha: 1.1
2024-11-20 17:50:07,054 INFO =====> Loss info: {'particle_has_naninf': False, 'height_map_loss': 13.146456718444824, 'emd_loss': 23.036449432373047, 'total_loss': 23.036449432373047}
2024-11-20 17:50:07,699 INFO ===> New TaichiEnv created.
2024-11-20 17:50:07,700 INFO ===> Specifications: horizon = 311, dt = 0.01, n_substeps = 20, dt_sub = 0.0005
2024-11-20 17:50:07,723 DEBUG loaded <trimesh.Trimesh(vertices.shape=(916, 3), faces.shape=(856, 3))> using `load_obj` in 0.0031s
2024-11-20 17:50:07,869 DEBUG loaded <trimesh.Trimesh(vertices.shape=(48, 3), faces.shape=(28, 3))> using `load_obj` in 0.0007s
2024-11-20 17:50:17,860 INFO =====> alpha: 1.5
2024-11-20 17:50:17,860 INFO =====> Loss info: {'particle_has_naninf': False, 'height_map_loss': 13.166910171508789, 'emd_loss': 23.10692024230957, 'total_loss': 23.10692024230957}
2024-11-20 17:50:17,860 INFO =====> Best alpha: 0.01, Best loss info: {'particle_has_naninf': False, 'height_map_loss': 13.114566802978516, 'emd_loss': 23.113746643066406, 'total_loss': 23.113746643066406}
2024-11-20 17:50:17,861 INFO =====> Param: E: [532791.25], nu: [0.26606074], rho: [1275.9418], sand_angle: [16.046503]
2024-11-20 17:50:17,861 INFO =====> Grad: [-9.9965800e-03 -2.1136162e+04 -2.5665884e+01  4.7012152e+02]
2024-11-20 17:50:17,861 INFO =====> Num. aborted data so far: 0
2024-11-20 17:50:18,447 INFO ===> New TaichiEnv created.
2024-11-20 17:50:18,447 INFO ===> Specifications: horizon = 311, dt = 0.01, n_substeps = 20, dt_sub = 0.0005
2024-11-20 17:50:18,471 DEBUG loaded <trimesh.Trimesh(vertices.shape=(916, 3), faces.shape=(856, 3))> using `load_obj` in 0.0029s
2024-11-20 17:50:18,619 DEBUG loaded <trimesh.Trimesh(vertices.shape=(48, 3), faces.shape=(28, 3))> using `load_obj` in 0.0007s
2024-11-20 17:50:45,634 INFO =====> Epoch: 138
2024-11-20 17:50:45,634 INFO =====> Loss info: {'particle_has_naninf': False, 'height_map_loss': 13.114837646484375, 'emd_loss': 23.113861083984375, 'total_loss': 23.113861083984375}
2024-11-20 17:50:45,635 INFO =====> Performing line search for epoch 138......
2024-11-20 17:50:46,244 INFO ===> New TaichiEnv created.
2024-11-20 17:50:46,244 INFO ===> Specifications: horizon = 311, dt = 0.01, n_substeps = 20, dt_sub = 0.0005
2024-11-20 17:50:46,269 DEBUG loaded <trimesh.Trimesh(vertices.shape=(916, 3), faces.shape=(856, 3))> using `load_obj` in 0.0031s
2024-11-20 17:50:46,415 DEBUG loaded <trimesh.Trimesh(vertices.shape=(48, 3), faces.shape=(28, 3))> using `load_obj` in 0.0007s
2024-11-20 17:50:56,365 INFO =====> alpha: 0.01
2024-11-20 17:50:56,365 INFO =====> Loss info: {'particle_has_naninf': False, 'height_map_loss': 13.117559432983398, 'emd_loss': 23.128185272216797, 'total_loss': 23.128185272216797}
2024-11-20 17:50:56,952 INFO ===> New TaichiEnv created.
2024-11-20 17:50:56,952 INFO ===> Specifications: horizon = 311, dt = 0.01, n_substeps = 20, dt_sub = 0.0005
2024-11-20 17:50:56,975 DEBUG loaded <trimesh.Trimesh(vertices.shape=(916, 3), faces.shape=(856, 3))> using `load_obj` in 0.0030s
2024-11-20 17:50:57,122 DEBUG loaded <trimesh.Trimesh(vertices.shape=(48, 3), faces.shape=(28, 3))> using `load_obj` in 0.0007s
2024-11-20 17:51:06,112 INFO =====> alpha: 0.1
2024-11-20 17:51:06,112 INFO =====> Loss info: {'particle_has_naninf': False, 'height_map_loss': 13.10995864868164, 'emd_loss': 23.142425537109375, 'total_loss': 23.142425537109375}
2024-11-20 17:51:06,688 INFO ===> New TaichiEnv created.
2024-11-20 17:51:06,688 INFO ===> Specifications: horizon = 311, dt = 0.01, n_substeps = 20, dt_sub = 0.0005
2024-11-20 17:51:06,711 DEBUG loaded <trimesh.Trimesh(vertices.shape=(916, 3), faces.shape=(856, 3))> using `load_obj` in 0.0030s
2024-11-20 17:51:06,860 DEBUG loaded <trimesh.Trimesh(vertices.shape=(48, 3), faces.shape=(28, 3))> using `load_obj` in 0.0007s
2024-11-20 17:51:15,761 INFO =====> alpha: 0.5
2024-11-20 17:51:15,761 INFO =====> Loss info: {'particle_has_naninf': False, 'height_map_loss': 13.153064727783203, 'emd_loss': 23.326488494873047, 'total_loss': 23.326488494873047}
2024-11-20 17:51:16,336 INFO ===> New TaichiEnv created.
2024-11-20 17:51:16,336 INFO ===> Specifications: horizon = 311, dt = 0.01, n_substeps = 20, dt_sub = 0.0005
2024-11-20 17:51:16,359 DEBUG loaded <trimesh.Trimesh(vertices.shape=(916, 3), faces.shape=(856, 3))> using `load_obj` in 0.0029s
2024-11-20 17:51:16,505 DEBUG loaded <trimesh.Trimesh(vertices.shape=(48, 3), faces.shape=(28, 3))> using `load_obj` in 0.0007s
2024-11-20 17:51:26,542 INFO =====> alpha: 1.0
2024-11-20 17:51:26,542 INFO =====> Loss info: {'particle_has_naninf': False, 'height_map_loss': 13.176663398742676, 'emd_loss': 23.364282608032227, 'total_loss': 23.364282608032227}
2024-11-20 17:51:27,128 INFO ===> New TaichiEnv created.
2024-11-20 17:51:27,128 INFO ===> Specifications: horizon = 311, dt = 0.01, n_substeps = 20, dt_sub = 0.0005
2024-11-20 17:51:27,151 DEBUG loaded <trimesh.Trimesh(vertices.shape=(916, 3), faces.shape=(856, 3))> using `load_obj` in 0.0029s
2024-11-20 17:51:27,296 DEBUG loaded <trimesh.Trimesh(vertices.shape=(48, 3), faces.shape=(28, 3))> using `load_obj` in 0.0007s
2024-11-20 17:51:36,264 INFO =====> alpha: 1.01
2024-11-20 17:51:36,264 INFO =====> Loss info: {'particle_has_naninf': False, 'height_map_loss': 13.175134658813477, 'emd_loss': 23.360641479492188, 'total_loss': 23.360641479492188}
2024-11-20 17:51:36,838 INFO ===> New TaichiEnv created.
2024-11-20 17:51:36,838 INFO ===> Specifications: horizon = 311, dt = 0.01, n_substeps = 20, dt_sub = 0.0005
2024-11-20 17:51:36,861 DEBUG loaded <trimesh.Trimesh(vertices.shape=(916, 3), faces.shape=(856, 3))> using `load_obj` in 0.0030s
2024-11-20 17:51:37,008 DEBUG loaded <trimesh.Trimesh(vertices.shape=(48, 3), faces.shape=(28, 3))> using `load_obj` in 0.0007s
2024-11-20 17:51:45,937 INFO =====> alpha: 1.1
2024-11-20 17:51:45,937 INFO =====> Loss info: {'particle_has_naninf': False, 'height_map_loss': 13.174181938171387, 'emd_loss': 23.688369750976562, 'total_loss': 23.688369750976562}
2024-11-20 17:51:46,507 INFO ===> New TaichiEnv created.
2024-11-20 17:51:46,507 INFO ===> Specifications: horizon = 311, dt = 0.01, n_substeps = 20, dt_sub = 0.0005
2024-11-20 17:51:46,530 DEBUG loaded <trimesh.Trimesh(vertices.shape=(916, 3), faces.shape=(856, 3))> using `load_obj` in 0.0030s
2024-11-20 17:51:46,677 DEBUG loaded <trimesh.Trimesh(vertices.shape=(48, 3), faces.shape=(28, 3))> using `load_obj` in 0.0007s
2024-11-20 17:51:56,790 INFO =====> alpha: 1.5
2024-11-20 17:51:56,790 INFO =====> Loss info: {'particle_has_naninf': False, 'height_map_loss': 13.20266342163086, 'emd_loss': 23.847658157348633, 'total_loss': 23.847658157348633}
2024-11-20 17:51:56,791 INFO =====> Best alpha: 0.1, Best loss info: {'particle_has_naninf': False, 'height_map_loss': 13.10995864868164, 'emd_loss': 23.142425537109375, 'total_loss': 23.142425537109375}
2024-11-20 17:51:56,791 INFO =====> Param: E: [530148.75], nu: [0.26440242], rho: [1276.3645], sand_angle: [16.014454]
2024-11-20 17:51:56,791 INFO =====> Grad: [ 1.14063565e-02  2.77470039e+04 -2.98904133e+00  1.93853653e+02]
2024-11-20 17:51:56,791 INFO =====> Num. aborted data so far: 0
2024-11-20 17:51:57,454 INFO ===> New TaichiEnv created.
2024-11-20 17:51:57,455 INFO ===> Specifications: horizon = 311, dt = 0.01, n_substeps = 20, dt_sub = 0.0005
2024-11-20 17:51:57,478 DEBUG loaded <trimesh.Trimesh(vertices.shape=(916, 3), faces.shape=(856, 3))> using `load_obj` in 0.0029s
2024-11-20 17:51:57,623 DEBUG loaded <trimesh.Trimesh(vertices.shape=(48, 3), faces.shape=(28, 3))> using `load_obj` in 0.0007s
2024-11-20 17:52:24,644 INFO =====> Epoch: 139
2024-11-20 17:52:24,644 INFO =====> Loss info: {'particle_has_naninf': False, 'height_map_loss': 13.108097076416016, 'emd_loss': 23.136728286743164, 'total_loss': 23.136728286743164}
2024-11-20 17:52:24,644 INFO =====> Performing line search for epoch 139......
2024-11-20 17:52:25,280 INFO ===> New TaichiEnv created.
2024-11-20 17:52:25,281 INFO ===> Specifications: horizon = 311, dt = 0.01, n_substeps = 20, dt_sub = 0.0005
2024-11-20 17:52:25,304 DEBUG loaded <trimesh.Trimesh(vertices.shape=(916, 3), faces.shape=(856, 3))> using `load_obj` in 0.0030s
2024-11-20 17:52:25,450 DEBUG loaded <trimesh.Trimesh(vertices.shape=(48, 3), faces.shape=(28, 3))> using `load_obj` in 0.0007s
2024-11-20 17:52:35,542 INFO =====> alpha: 0.01
2024-11-20 17:52:35,542 INFO =====> Loss info: {'particle_has_naninf': False, 'height_map_loss': 13.114604949951172, 'emd_loss': 23.12977409362793, 'total_loss': 23.12977409362793}
2024-11-20 17:52:36,122 INFO ===> New TaichiEnv created.
2024-11-20 17:52:36,122 INFO ===> Specifications: horizon = 311, dt = 0.01, n_substeps = 20, dt_sub = 0.0005
2024-11-20 17:52:36,146 DEBUG loaded <trimesh.Trimesh(vertices.shape=(916, 3), faces.shape=(856, 3))> using `load_obj` in 0.0030s
2024-11-20 17:52:36,296 DEBUG loaded <trimesh.Trimesh(vertices.shape=(48, 3), faces.shape=(28, 3))> using `load_obj` in 0.0007s
2024-11-20 17:52:45,214 INFO =====> alpha: 0.1
2024-11-20 17:52:45,215 INFO =====> Loss info: {'particle_has_naninf': False, 'height_map_loss': 13.11561393737793, 'emd_loss': 23.150814056396484, 'total_loss': 23.150814056396484}
2024-11-20 17:52:45,789 INFO ===> New TaichiEnv created.
2024-11-20 17:52:45,789 INFO ===> Specifications: horizon = 311, dt = 0.01, n_substeps = 20, dt_sub = 0.0005
2024-11-20 17:52:45,812 DEBUG loaded <trimesh.Trimesh(vertices.shape=(916, 3), faces.shape=(856, 3))> using `load_obj` in 0.0030s
2024-11-20 17:52:45,957 DEBUG loaded <trimesh.Trimesh(vertices.shape=(48, 3), faces.shape=(28, 3))> using `load_obj` in 0.0007s
2024-11-20 17:52:54,892 INFO =====> alpha: 0.5
2024-11-20 17:52:54,892 INFO =====> Loss info: {'particle_has_naninf': False, 'height_map_loss': 13.146601676940918, 'emd_loss': 23.246248245239258, 'total_loss': 23.246248245239258}
2024-11-20 17:52:55,464 INFO ===> New TaichiEnv created.
2024-11-20 17:52:55,464 INFO ===> Specifications: horizon = 311, dt = 0.01, n_substeps = 20, dt_sub = 0.0005
2024-11-20 17:52:55,487 DEBUG loaded <trimesh.Trimesh(vertices.shape=(916, 3), faces.shape=(856, 3))> using `load_obj` in 0.0031s
2024-11-20 17:52:55,633 DEBUG loaded <trimesh.Trimesh(vertices.shape=(48, 3), faces.shape=(28, 3))> using `load_obj` in 0.0007s
2024-11-20 17:53:05,736 INFO =====> alpha: 1.0
2024-11-20 17:53:05,736 INFO =====> Loss info: {'particle_has_naninf': False, 'height_map_loss': 13.15674877166748, 'emd_loss': 23.499155044555664, 'total_loss': 23.499155044555664}
2024-11-20 17:53:06,314 INFO ===> New TaichiEnv created.
2024-11-20 17:53:06,314 INFO ===> Specifications: horizon = 311, dt = 0.01, n_substeps = 20, dt_sub = 0.0005
2024-11-20 17:53:06,338 DEBUG loaded <trimesh.Trimesh(vertices.shape=(916, 3), faces.shape=(856, 3))> using `load_obj` in 0.0029s
2024-11-20 17:53:06,485 DEBUG loaded <trimesh.Trimesh(vertices.shape=(48, 3), faces.shape=(28, 3))> using `load_obj` in 0.0007s
2024-11-20 17:53:15,468 INFO =====> alpha: 1.01
2024-11-20 17:53:15,468 INFO =====> Loss info: {'particle_has_naninf': False, 'height_map_loss': 13.173135757446289, 'emd_loss': 23.652645111083984, 'total_loss': 23.652645111083984}
2024-11-20 17:53:16,047 INFO ===> New TaichiEnv created.
2024-11-20 17:53:16,047 INFO ===> Specifications: horizon = 311, dt = 0.01, n_substeps = 20, dt_sub = 0.0005
2024-11-20 17:53:16,071 DEBUG loaded <trimesh.Trimesh(vertices.shape=(916, 3), faces.shape=(856, 3))> using `load_obj` in 0.0030s
2024-11-20 17:53:16,216 DEBUG loaded <trimesh.Trimesh(vertices.shape=(48, 3), faces.shape=(28, 3))> using `load_obj` in 0.0007s
2024-11-20 17:53:25,201 INFO =====> alpha: 1.1
2024-11-20 17:53:25,201 INFO =====> Loss info: {'particle_has_naninf': False, 'height_map_loss': 13.163846015930176, 'emd_loss': 23.660367965698242, 'total_loss': 23.660367965698242}
2024-11-20 17:53:25,770 INFO ===> New TaichiEnv created.
2024-11-20 17:53:25,770 INFO ===> Specifications: horizon = 311, dt = 0.01, n_substeps = 20, dt_sub = 0.0005
2024-11-20 17:53:25,793 DEBUG loaded <trimesh.Trimesh(vertices.shape=(916, 3), faces.shape=(856, 3))> using `load_obj` in 0.0030s
2024-11-20 17:53:25,939 DEBUG loaded <trimesh.Trimesh(vertices.shape=(48, 3), faces.shape=(28, 3))> using `load_obj` in 0.0007s
2024-11-20 17:53:35,974 INFO =====> alpha: 1.5
2024-11-20 17:53:35,974 INFO =====> Loss info: {'particle_has_naninf': False, 'height_map_loss': 13.180525779724121, 'emd_loss': 23.7978458404541, 'total_loss': 23.7978458404541}
2024-11-20 17:53:35,975 INFO =====> Best alpha: 0.01, Best loss info: {'particle_has_naninf': False, 'height_map_loss': 13.114604949951172, 'emd_loss': 23.12977409362793, 'total_loss': 23.12977409362793}
2024-11-20 17:53:35,975 INFO =====> Param: E: [530016.25], nu: [0.26432934], rho: [1276.248], sand_angle: [16.010983]
2024-11-20 17:53:35,975 INFO =====> Grad: [5.5491519e-03 1.1923521e+04 7.8304482e+00 2.0044592e+02]
2024-11-20 17:53:35,975 INFO =====> Num. aborted data so far: 0
2024-11-20 17:53:36,551 INFO ===> New TaichiEnv created.
2024-11-20 17:53:36,551 INFO ===> Specifications: horizon = 311, dt = 0.01, n_substeps = 20, dt_sub = 0.0005
2024-11-20 17:53:36,579 DEBUG loaded <trimesh.Trimesh(vertices.shape=(916, 3), faces.shape=(856, 3))> using `load_obj` in 0.0030s
2024-11-20 17:53:36,761 DEBUG loaded <trimesh.Trimesh(vertices.shape=(48, 3), faces.shape=(28, 3))> using `load_obj` in 0.0007s
2024-11-20 17:54:03,723 INFO =====> Epoch: 140
2024-11-20 17:54:03,723 INFO =====> Loss info: {'particle_has_naninf': False, 'height_map_loss': 13.107157707214355, 'emd_loss': 23.140966415405273, 'total_loss': 23.140966415405273}
2024-11-20 17:54:03,724 INFO =====> Performing line search for epoch 140......
2024-11-20 17:54:04,318 INFO ===> New TaichiEnv created.
2024-11-20 17:54:04,318 INFO ===> Specifications: horizon = 311, dt = 0.01, n_substeps = 20, dt_sub = 0.0005
2024-11-20 17:54:04,341 DEBUG loaded <trimesh.Trimesh(vertices.shape=(916, 3), faces.shape=(856, 3))> using `load_obj` in 0.0030s
2024-11-20 17:54:04,488 DEBUG loaded <trimesh.Trimesh(vertices.shape=(48, 3), faces.shape=(28, 3))> using `load_obj` in 0.0007s
2024-11-20 17:54:14,540 INFO =====> alpha: 0.01
2024-11-20 17:54:14,540 INFO =====> Loss info: {'particle_has_naninf': False, 'height_map_loss': 13.115338325500488, 'emd_loss': 23.150787353515625, 'total_loss': 23.150787353515625}
2024-11-20 17:54:15,114 INFO ===> New TaichiEnv created.
2024-11-20 17:54:15,114 INFO ===> Specifications: horizon = 311, dt = 0.01, n_substeps = 20, dt_sub = 0.0005
2024-11-20 17:54:15,137 DEBUG loaded <trimesh.Trimesh(vertices.shape=(916, 3), faces.shape=(856, 3))> using `load_obj` in 0.0030s
2024-11-20 17:54:15,283 DEBUG loaded <trimesh.Trimesh(vertices.shape=(48, 3), faces.shape=(28, 3))> using `load_obj` in 0.0007s
2024-11-20 17:54:24,198 INFO =====> alpha: 0.1
2024-11-20 17:54:24,198 INFO =====> Loss info: {'particle_has_naninf': False, 'height_map_loss': 13.11833381652832, 'emd_loss': 23.290361404418945, 'total_loss': 23.290361404418945}
2024-11-20 17:54:24,776 INFO ===> New TaichiEnv created.
2024-11-20 17:54:24,776 INFO ===> Specifications: horizon = 311, dt = 0.01, n_substeps = 20, dt_sub = 0.0005
2024-11-20 17:54:24,800 DEBUG loaded <trimesh.Trimesh(vertices.shape=(916, 3), faces.shape=(856, 3))> using `load_obj` in 0.0030s
2024-11-20 17:54:24,946 DEBUG loaded <trimesh.Trimesh(vertices.shape=(48, 3), faces.shape=(28, 3))> using `load_obj` in 0.0007s
2024-11-20 17:54:34,074 INFO =====> alpha: 0.5
2024-11-20 17:54:34,074 INFO =====> Loss info: {'particle_has_naninf': False, 'height_map_loss': 13.146483421325684, 'emd_loss': 23.317659378051758, 'total_loss': 23.317659378051758}
2024-11-20 17:54:34,645 INFO ===> New TaichiEnv created.
2024-11-20 17:54:34,645 INFO ===> Specifications: horizon = 311, dt = 0.01, n_substeps = 20, dt_sub = 0.0005
2024-11-20 17:54:34,668 DEBUG loaded <trimesh.Trimesh(vertices.shape=(916, 3), faces.shape=(856, 3))> using `load_obj` in 0.0029s
2024-11-20 17:54:34,817 DEBUG loaded <trimesh.Trimesh(vertices.shape=(48, 3), faces.shape=(28, 3))> using `load_obj` in 0.0007s
2024-11-20 17:54:44,915 INFO =====> alpha: 1.0
2024-11-20 17:54:44,916 INFO =====> Loss info: {'particle_has_naninf': False, 'height_map_loss': 13.160056114196777, 'emd_loss': 23.738258361816406, 'total_loss': 23.738258361816406}
2024-11-20 17:54:45,495 INFO ===> New TaichiEnv created.
2024-11-20 17:54:45,495 INFO ===> Specifications: horizon = 311, dt = 0.01, n_substeps = 20, dt_sub = 0.0005
2024-11-20 17:54:45,520 DEBUG loaded <trimesh.Trimesh(vertices.shape=(916, 3), faces.shape=(856, 3))> using `load_obj` in 0.0029s
2024-11-20 17:54:45,669 DEBUG loaded <trimesh.Trimesh(vertices.shape=(48, 3), faces.shape=(28, 3))> using `load_obj` in 0.0007s
2024-11-20 17:54:54,634 INFO =====> alpha: 1.01
2024-11-20 17:54:54,635 INFO =====> Loss info: {'particle_has_naninf': False, 'height_map_loss': 13.152605056762695, 'emd_loss': 23.73060417175293, 'total_loss': 23.73060417175293}
2024-11-20 17:54:55,242 INFO ===> New TaichiEnv created.
2024-11-20 17:54:55,243 INFO ===> Specifications: horizon = 311, dt = 0.01, n_substeps = 20, dt_sub = 0.0005
2024-11-20 17:54:55,266 DEBUG loaded <trimesh.Trimesh(vertices.shape=(916, 3), faces.shape=(856, 3))> using `load_obj` in 0.0031s
2024-11-20 17:54:55,411 DEBUG loaded <trimesh.Trimesh(vertices.shape=(48, 3), faces.shape=(28, 3))> using `load_obj` in 0.0007s
2024-11-20 17:55:04,378 INFO =====> alpha: 1.1
2024-11-20 17:55:04,378 INFO =====> Loss info: {'particle_has_naninf': False, 'height_map_loss': 13.142248153686523, 'emd_loss': 23.730344772338867, 'total_loss': 23.730344772338867}
2024-11-20 17:55:04,949 INFO ===> New TaichiEnv created.
2024-11-20 17:55:04,949 INFO ===> Specifications: horizon = 311, dt = 0.01, n_substeps = 20, dt_sub = 0.0005
2024-11-20 17:55:04,973 DEBUG loaded <trimesh.Trimesh(vertices.shape=(916, 3), faces.shape=(856, 3))> using `load_obj` in 0.0030s
2024-11-20 17:55:05,122 DEBUG loaded <trimesh.Trimesh(vertices.shape=(48, 3), faces.shape=(28, 3))> using `load_obj` in 0.0007s
2024-11-20 17:55:15,234 INFO =====> alpha: 1.5
2024-11-20 17:55:15,234 INFO =====> Loss info: {'particle_has_naninf': False, 'height_map_loss': 13.168213844299316, 'emd_loss': 23.196500778198242, 'total_loss': 23.196500778198242}
2024-11-20 17:55:15,234 INFO =====> Best alpha: 0.01, Best loss info: {'particle_has_naninf': False, 'height_map_loss': 13.115338325500488, 'emd_loss': 23.150787353515625, 'total_loss': 23.150787353515625}
2024-11-20 17:55:15,235 INFO =====> Param: E: [529952.6], nu: [0.26431298], rho: [1276.0433], sand_angle: [16.006176]
2024-11-20 17:55:15,235 INFO =====> Grad: [2.5396463e-03 2.5350942e+03 1.3173814e+01 2.6634390e+02]
2024-11-20 17:55:15,235 INFO =====> Num. aborted data so far: 0
2024-11-20 17:55:15,814 INFO ===> New TaichiEnv created.
2024-11-20 17:55:15,814 INFO ===> Specifications: horizon = 311, dt = 0.01, n_substeps = 20, dt_sub = 0.0005
2024-11-20 17:55:15,838 DEBUG loaded <trimesh.Trimesh(vertices.shape=(916, 3), faces.shape=(856, 3))> using `load_obj` in 0.0029s
2024-11-20 17:55:15,983 DEBUG loaded <trimesh.Trimesh(vertices.shape=(48, 3), faces.shape=(28, 3))> using `load_obj` in 0.0007s
2024-11-20 17:55:43,041 INFO =====> Epoch: 141
2024-11-20 17:55:43,041 INFO =====> Loss info: {'particle_has_naninf': False, 'height_map_loss': 13.11761474609375, 'emd_loss': 23.14537239074707, 'total_loss': 23.14537239074707}
2024-11-20 17:55:43,042 INFO =====> Performing line search for epoch 141......
2024-11-20 17:55:43,648 INFO ===> New TaichiEnv created.
2024-11-20 17:55:43,648 INFO ===> Specifications: horizon = 311, dt = 0.01, n_substeps = 20, dt_sub = 0.0005
2024-11-20 17:55:43,672 DEBUG loaded <trimesh.Trimesh(vertices.shape=(916, 3), faces.shape=(856, 3))> using `load_obj` in 0.0031s
2024-11-20 17:55:43,820 DEBUG loaded <trimesh.Trimesh(vertices.shape=(48, 3), faces.shape=(28, 3))> using `load_obj` in 0.0007s
2024-11-20 17:55:52,749 INFO =====> alpha: 0.01
2024-11-20 17:55:52,749 INFO =====> Loss info: {'particle_has_naninf': False, 'height_map_loss': 13.101716995239258, 'emd_loss': 23.143266677856445, 'total_loss': 23.143266677856445}
2024-11-20 17:55:53,321 INFO ===> New TaichiEnv created.
2024-11-20 17:55:53,321 INFO ===> Specifications: horizon = 311, dt = 0.01, n_substeps = 20, dt_sub = 0.0005
2024-11-20 17:55:53,344 DEBUG loaded <trimesh.Trimesh(vertices.shape=(916, 3), faces.shape=(856, 3))> using `load_obj` in 0.0029s
2024-11-20 17:55:53,491 DEBUG loaded <trimesh.Trimesh(vertices.shape=(48, 3), faces.shape=(28, 3))> using `load_obj` in 0.0007s
2024-11-20 17:56:03,538 INFO =====> alpha: 0.1
2024-11-20 17:56:03,538 INFO =====> Loss info: {'particle_has_naninf': False, 'height_map_loss': 13.125351905822754, 'emd_loss': 22.791664123535156, 'total_loss': 22.791664123535156}
2024-11-20 17:56:04,110 INFO ===> New TaichiEnv created.
2024-11-20 17:56:04,110 INFO ===> Specifications: horizon = 311, dt = 0.01, n_substeps = 20, dt_sub = 0.0005
2024-11-20 17:56:04,133 DEBUG loaded <trimesh.Trimesh(vertices.shape=(916, 3), faces.shape=(856, 3))> using `load_obj` in 0.0030s
2024-11-20 17:56:04,281 DEBUG loaded <trimesh.Trimesh(vertices.shape=(48, 3), faces.shape=(28, 3))> using `load_obj` in 0.0007s
2024-11-20 17:56:13,211 INFO =====> alpha: 0.5
2024-11-20 17:56:13,211 INFO =====> Loss info: {'particle_has_naninf': False, 'height_map_loss': 13.174280166625977, 'emd_loss': 23.31584930419922, 'total_loss': 23.31584930419922}
2024-11-20 17:56:13,787 INFO ===> New TaichiEnv created.
2024-11-20 17:56:13,787 INFO ===> Specifications: horizon = 311, dt = 0.01, n_substeps = 20, dt_sub = 0.0005
2024-11-20 17:56:13,811 DEBUG loaded <trimesh.Trimesh(vertices.shape=(916, 3), faces.shape=(856, 3))> using `load_obj` in 0.0030s
2024-11-20 17:56:13,956 DEBUG loaded <trimesh.Trimesh(vertices.shape=(48, 3), faces.shape=(28, 3))> using `load_obj` in 0.0007s
2024-11-20 17:56:22,863 INFO =====> alpha: 1.0
2024-11-20 17:56:22,863 INFO =====> Loss info: {'particle_has_naninf': False, 'height_map_loss': 13.232054710388184, 'emd_loss': 22.623241424560547, 'total_loss': 22.623241424560547}
2024-11-20 17:56:23,476 INFO ===> New TaichiEnv created.
2024-11-20 17:56:23,476 INFO ===> Specifications: horizon = 311, dt = 0.01, n_substeps = 20, dt_sub = 0.0005
2024-11-20 17:56:23,499 DEBUG loaded <trimesh.Trimesh(vertices.shape=(916, 3), faces.shape=(856, 3))> using `load_obj` in 0.0029s
2024-11-20 17:56:23,646 DEBUG loaded <trimesh.Trimesh(vertices.shape=(48, 3), faces.shape=(28, 3))> using `load_obj` in 0.0007s
2024-11-20 17:56:33,742 INFO =====> alpha: 1.01
2024-11-20 17:56:33,742 INFO =====> Loss info: {'particle_has_naninf': False, 'height_map_loss': 13.238502502441406, 'emd_loss': 22.698415756225586, 'total_loss': 22.698415756225586}
2024-11-20 17:56:34,326 INFO ===> New TaichiEnv created.
2024-11-20 17:56:34,326 INFO ===> Specifications: horizon = 311, dt = 0.01, n_substeps = 20, dt_sub = 0.0005
2024-11-20 17:56:34,350 DEBUG loaded <trimesh.Trimesh(vertices.shape=(916, 3), faces.shape=(856, 3))> using `load_obj` in 0.0030s
2024-11-20 17:56:34,498 DEBUG loaded <trimesh.Trimesh(vertices.shape=(48, 3), faces.shape=(28, 3))> using `load_obj` in 0.0007s
2024-11-20 17:56:43,425 INFO =====> alpha: 1.1
2024-11-20 17:56:43,426 INFO =====> Loss info: {'particle_has_naninf': False, 'height_map_loss': 13.23654556274414, 'emd_loss': 22.755529403686523, 'total_loss': 22.755529403686523}
2024-11-20 17:56:44,001 INFO ===> New TaichiEnv created.
2024-11-20 17:56:44,001 INFO ===> Specifications: horizon = 311, dt = 0.01, n_substeps = 20, dt_sub = 0.0005
2024-11-20 17:56:44,024 DEBUG loaded <trimesh.Trimesh(vertices.shape=(916, 3), faces.shape=(856, 3))> using `load_obj` in 0.0031s
2024-11-20 17:56:44,169 DEBUG loaded <trimesh.Trimesh(vertices.shape=(48, 3), faces.shape=(28, 3))> using `load_obj` in 0.0007s
2024-11-20 17:56:53,158 INFO =====> alpha: 1.5
2024-11-20 17:56:53,158 INFO =====> Loss info: {'particle_has_naninf': False, 'height_map_loss': 13.280972480773926, 'emd_loss': 23.11184310913086, 'total_loss': 23.11184310913086}
2024-11-20 17:56:53,158 INFO =====> Best alpha: 0.01, Best loss info: {'particle_has_naninf': False, 'height_map_loss': 13.101716995239258, 'emd_loss': 23.143266677856445, 'total_loss': 23.143266677856445}
2024-11-20 17:56:53,158 INFO =====> Param: E: [529778.1], nu: [0.2642566], rho: [1275.1222], sand_angle: [16.01957]
2024-11-20 17:56:53,158 INFO =====> Grad: [ 6.876976e-03  8.427746e+03  6.919365e+01 -7.772282e+02]
2024-11-20 17:56:53,158 INFO =====> Num. aborted data so far: 0
2024-11-20 17:56:53,736 INFO ===> New TaichiEnv created.
2024-11-20 17:56:53,736 INFO ===> Specifications: horizon = 311, dt = 0.01, n_substeps = 20, dt_sub = 0.0005
2024-11-20 17:56:53,760 DEBUG loaded <trimesh.Trimesh(vertices.shape=(916, 3), faces.shape=(856, 3))> using `load_obj` in 0.0029s
2024-11-20 17:56:53,907 DEBUG loaded <trimesh.Trimesh(vertices.shape=(48, 3), faces.shape=(28, 3))> using `load_obj` in 0.0007s
2024-11-20 17:57:22,097 INFO =====> Epoch: 142
2024-11-20 17:57:22,097 INFO =====> Loss info: {'particle_has_naninf': False, 'height_map_loss': 13.106546401977539, 'emd_loss': 23.143634796142578, 'total_loss': 23.143634796142578}
2024-11-20 17:57:22,097 INFO =====> Performing line search for epoch 142......
2024-11-20 17:57:22,705 INFO ===> New TaichiEnv created.
2024-11-20 17:57:22,705 INFO ===> Specifications: horizon = 311, dt = 0.01, n_substeps = 20, dt_sub = 0.0005
2024-11-20 17:57:22,731 DEBUG loaded <trimesh.Trimesh(vertices.shape=(916, 3), faces.shape=(856, 3))> using `load_obj` in 0.0057s
2024-11-20 17:57:22,878 DEBUG loaded <trimesh.Trimesh(vertices.shape=(48, 3), faces.shape=(28, 3))> using `load_obj` in 0.0007s
2024-11-20 17:57:31,806 INFO =====> alpha: 0.01
2024-11-20 17:57:31,806 INFO =====> Loss info: {'particle_has_naninf': False, 'height_map_loss': 13.108312606811523, 'emd_loss': 23.138355255126953, 'total_loss': 23.138355255126953}
2024-11-20 17:57:32,387 INFO ===> New TaichiEnv created.
2024-11-20 17:57:32,387 INFO ===> Specifications: horizon = 311, dt = 0.01, n_substeps = 20, dt_sub = 0.0005
2024-11-20 17:57:32,410 DEBUG loaded <trimesh.Trimesh(vertices.shape=(916, 3), faces.shape=(856, 3))> using `load_obj` in 0.0031s
2024-11-20 17:57:32,558 DEBUG loaded <trimesh.Trimesh(vertices.shape=(48, 3), faces.shape=(28, 3))> using `load_obj` in 0.0007s
2024-11-20 17:57:42,578 INFO =====> alpha: 0.1
2024-11-20 17:57:42,578 INFO =====> Loss info: {'particle_has_naninf': False, 'height_map_loss': 13.11204719543457, 'emd_loss': 23.120586395263672, 'total_loss': 23.120586395263672}
2024-11-20 17:57:43,186 INFO ===> New TaichiEnv created.
2024-11-20 17:57:43,186 INFO ===> Specifications: horizon = 311, dt = 0.01, n_substeps = 20, dt_sub = 0.0005
2024-11-20 17:57:43,212 DEBUG loaded <trimesh.Trimesh(vertices.shape=(916, 3), faces.shape=(856, 3))> using `load_obj` in 0.0029s
2024-11-20 17:57:43,358 DEBUG loaded <trimesh.Trimesh(vertices.shape=(48, 3), faces.shape=(28, 3))> using `load_obj` in 0.0007s
2024-11-20 17:57:52,377 INFO =====> alpha: 0.5
2024-11-20 17:57:52,377 INFO =====> Loss info: {'particle_has_naninf': False, 'height_map_loss': 13.159549713134766, 'emd_loss': 23.311466217041016, 'total_loss': 23.311466217041016}
2024-11-20 17:57:52,950 INFO ===> New TaichiEnv created.
2024-11-20 17:57:52,951 INFO ===> Specifications: horizon = 311, dt = 0.01, n_substeps = 20, dt_sub = 0.0005
2024-11-20 17:57:52,974 DEBUG loaded <trimesh.Trimesh(vertices.shape=(916, 3), faces.shape=(856, 3))> using `load_obj` in 0.0031s
2024-11-20 17:57:53,120 DEBUG loaded <trimesh.Trimesh(vertices.shape=(48, 3), faces.shape=(28, 3))> using `load_obj` in 0.0007s
2024-11-20 17:58:02,041 INFO =====> alpha: 1.0
2024-11-20 17:58:02,041 INFO =====> Loss info: {'particle_has_naninf': False, 'height_map_loss': 13.165026664733887, 'emd_loss': 23.351951599121094, 'total_loss': 23.351951599121094}
2024-11-20 17:58:02,612 INFO ===> New TaichiEnv created.
2024-11-20 17:58:02,612 INFO ===> Specifications: horizon = 311, dt = 0.01, n_substeps = 20, dt_sub = 0.0005
2024-11-20 17:58:02,635 DEBUG loaded <trimesh.Trimesh(vertices.shape=(916, 3), faces.shape=(856, 3))> using `load_obj` in 0.0029s
2024-11-20 17:58:02,783 DEBUG loaded <trimesh.Trimesh(vertices.shape=(48, 3), faces.shape=(28, 3))> using `load_obj` in 0.0007s
2024-11-20 17:58:12,807 INFO =====> alpha: 1.01
2024-11-20 17:58:12,807 INFO =====> Loss info: {'particle_has_naninf': False, 'height_map_loss': 13.165812492370605, 'emd_loss': 23.347625732421875, 'total_loss': 23.347625732421875}
2024-11-20 17:58:13,379 INFO ===> New TaichiEnv created.
2024-11-20 17:58:13,379 INFO ===> Specifications: horizon = 311, dt = 0.01, n_substeps = 20, dt_sub = 0.0005
2024-11-20 17:58:13,407 DEBUG loaded <trimesh.Trimesh(vertices.shape=(916, 3), faces.shape=(856, 3))> using `load_obj` in 0.0030s
2024-11-20 17:58:13,552 DEBUG loaded <trimesh.Trimesh(vertices.shape=(48, 3), faces.shape=(28, 3))> using `load_obj` in 0.0007s
2024-11-20 17:58:22,472 INFO =====> alpha: 1.1
2024-11-20 17:58:22,472 INFO =====> Loss info: {'particle_has_naninf': False, 'height_map_loss': 13.168069839477539, 'emd_loss': 23.36962127685547, 'total_loss': 23.36962127685547}
2024-11-20 17:58:23,052 INFO ===> New TaichiEnv created.
2024-11-20 17:58:23,052 INFO ===> Specifications: horizon = 311, dt = 0.01, n_substeps = 20, dt_sub = 0.0005
2024-11-20 17:58:23,075 DEBUG loaded <trimesh.Trimesh(vertices.shape=(916, 3), faces.shape=(856, 3))> using `load_obj` in 0.0030s
2024-11-20 17:58:23,222 DEBUG loaded <trimesh.Trimesh(vertices.shape=(48, 3), faces.shape=(28, 3))> using `load_obj` in 0.0007s
2024-11-20 17:58:32,226 INFO =====> alpha: 1.5
2024-11-20 17:58:32,226 INFO =====> Loss info: {'particle_has_naninf': False, 'height_map_loss': 13.168846130371094, 'emd_loss': 23.283235549926758, 'total_loss': 23.283235549926758}
2024-11-20 17:58:32,227 INFO =====> Best alpha: 0.01, Best loss info: {'particle_has_naninf': False, 'height_map_loss': 13.108312606811523, 'emd_loss': 23.138355255126953, 'total_loss': 23.138355255126953}
2024-11-20 17:58:32,227 INFO =====> Param: E: [529636.44], nu: [0.26414034], rho: [1275.7168], sand_angle: [16.01875]
2024-11-20 17:58:32,227 INFO =====> Grad: [ 5.4348633e-03  1.7722777e+04 -4.5725250e+01  4.5152210e+01]
2024-11-20 17:58:32,227 INFO =====> Num. aborted data so far: 0
2024-11-20 17:58:32,808 INFO ===> New TaichiEnv created.
2024-11-20 17:58:32,809 INFO ===> Specifications: horizon = 311, dt = 0.01, n_substeps = 20, dt_sub = 0.0005
2024-11-20 17:58:32,832 DEBUG loaded <trimesh.Trimesh(vertices.shape=(916, 3), faces.shape=(856, 3))> using `load_obj` in 0.0029s
2024-11-20 17:58:32,979 DEBUG loaded <trimesh.Trimesh(vertices.shape=(48, 3), faces.shape=(28, 3))> using `load_obj` in 0.0007s
2024-11-20 17:59:00,998 INFO =====> Epoch: 143
2024-11-20 17:59:00,998 INFO =====> Loss info: {'particle_has_naninf': False, 'height_map_loss': 13.10236930847168, 'emd_loss': 23.143905639648438, 'total_loss': 23.143905639648438}
2024-11-20 17:59:00,998 INFO =====> Performing line search for epoch 143......
2024-11-20 17:59:01,601 INFO ===> New TaichiEnv created.
2024-11-20 17:59:01,601 INFO ===> Specifications: horizon = 311, dt = 0.01, n_substeps = 20, dt_sub = 0.0005
2024-11-20 17:59:01,625 DEBUG loaded <trimesh.Trimesh(vertices.shape=(916, 3), faces.shape=(856, 3))> using `load_obj` in 0.0030s
2024-11-20 17:59:01,775 DEBUG loaded <trimesh.Trimesh(vertices.shape=(48, 3), faces.shape=(28, 3))> using `load_obj` in 0.0007s
2024-11-20 17:59:10,754 INFO =====> alpha: 0.01
2024-11-20 17:59:10,754 INFO =====> Loss info: {'particle_has_naninf': False, 'height_map_loss': 13.115440368652344, 'emd_loss': 23.153377532958984, 'total_loss': 23.153377532958984}
2024-11-20 17:59:11,386 INFO ===> New TaichiEnv created.
2024-11-20 17:59:11,386 INFO ===> Specifications: horizon = 311, dt = 0.01, n_substeps = 20, dt_sub = 0.0005
2024-11-20 17:59:11,409 DEBUG loaded <trimesh.Trimesh(vertices.shape=(916, 3), faces.shape=(856, 3))> using `load_obj` in 0.0030s
2024-11-20 17:59:11,556 DEBUG loaded <trimesh.Trimesh(vertices.shape=(48, 3), faces.shape=(28, 3))> using `load_obj` in 0.0007s
2024-11-20 17:59:21,540 INFO =====> alpha: 0.1
2024-11-20 17:59:21,540 INFO =====> Loss info: {'particle_has_naninf': False, 'height_map_loss': 13.135533332824707, 'emd_loss': 23.345243453979492, 'total_loss': 23.345243453979492}
2024-11-20 17:59:22,125 INFO ===> New TaichiEnv created.
2024-11-20 17:59:22,125 INFO ===> Specifications: horizon = 311, dt = 0.01, n_substeps = 20, dt_sub = 0.0005
2024-11-20 17:59:22,148 DEBUG loaded <trimesh.Trimesh(vertices.shape=(916, 3), faces.shape=(856, 3))> using `load_obj` in 0.0029s
2024-11-20 17:59:22,294 DEBUG loaded <trimesh.Trimesh(vertices.shape=(48, 3), faces.shape=(28, 3))> using `load_obj` in 0.0007s
2024-11-20 17:59:31,251 INFO =====> alpha: 0.5
2024-11-20 17:59:31,251 INFO =====> Loss info: {'particle_has_naninf': False, 'height_map_loss': 13.157201766967773, 'emd_loss': 23.660295486450195, 'total_loss': 23.660295486450195}
2024-11-20 17:59:31,830 INFO ===> New TaichiEnv created.
2024-11-20 17:59:31,831 INFO ===> Specifications: horizon = 311, dt = 0.01, n_substeps = 20, dt_sub = 0.0005
2024-11-20 17:59:31,854 DEBUG loaded <trimesh.Trimesh(vertices.shape=(916, 3), faces.shape=(856, 3))> using `load_obj` in 0.0030s
2024-11-20 17:59:32,001 DEBUG loaded <trimesh.Trimesh(vertices.shape=(48, 3), faces.shape=(28, 3))> using `load_obj` in 0.0007s
2024-11-20 17:59:40,951 INFO =====> alpha: 1.0
2024-11-20 17:59:40,951 INFO =====> Loss info: {'particle_has_naninf': False, 'height_map_loss': 13.186198234558105, 'emd_loss': 22.864229202270508, 'total_loss': 22.864229202270508}
2024-11-20 17:59:41,549 INFO ===> New TaichiEnv created.
2024-11-20 17:59:41,549 INFO ===> Specifications: horizon = 311, dt = 0.01, n_substeps = 20, dt_sub = 0.0005
2024-11-20 17:59:41,573 DEBUG loaded <trimesh.Trimesh(vertices.shape=(916, 3), faces.shape=(856, 3))> using `load_obj` in 0.0029s
2024-11-20 17:59:41,719 DEBUG loaded <trimesh.Trimesh(vertices.shape=(48, 3), faces.shape=(28, 3))> using `load_obj` in 0.0007s
2024-11-20 17:59:51,722 INFO =====> alpha: 1.01
2024-11-20 17:59:51,722 INFO =====> Loss info: {'particle_has_naninf': False, 'height_map_loss': 13.1924467086792, 'emd_loss': 22.864648818969727, 'total_loss': 22.864648818969727}
2024-11-20 17:59:52,308 INFO ===> New TaichiEnv created.
2024-11-20 17:59:52,308 INFO ===> Specifications: horizon = 311, dt = 0.01, n_substeps = 20, dt_sub = 0.0005
2024-11-20 17:59:52,331 DEBUG loaded <trimesh.Trimesh(vertices.shape=(916, 3), faces.shape=(856, 3))> using `load_obj` in 0.0029s
2024-11-20 17:59:52,477 DEBUG loaded <trimesh.Trimesh(vertices.shape=(48, 3), faces.shape=(28, 3))> using `load_obj` in 0.0007s
2024-11-20 18:00:01,580 INFO =====> alpha: 1.1
2024-11-20 18:00:01,580 INFO =====> Loss info: {'particle_has_naninf': False, 'height_map_loss': 13.21462631225586, 'emd_loss': 23.05943489074707, 'total_loss': 23.05943489074707}
2024-11-20 18:00:02,156 INFO ===> New TaichiEnv created.
2024-11-20 18:00:02,156 INFO ===> Specifications: horizon = 311, dt = 0.01, n_substeps = 20, dt_sub = 0.0005
2024-11-20 18:00:02,179 DEBUG loaded <trimesh.Trimesh(vertices.shape=(916, 3), faces.shape=(856, 3))> using `load_obj` in 0.0030s
2024-11-20 18:00:02,325 DEBUG loaded <trimesh.Trimesh(vertices.shape=(48, 3), faces.shape=(28, 3))> using `load_obj` in 0.0007s
2024-11-20 18:00:11,247 INFO =====> alpha: 1.5
2024-11-20 18:00:11,247 INFO =====> Loss info: {'particle_has_naninf': False, 'height_map_loss': 13.290935516357422, 'emd_loss': 23.583377838134766, 'total_loss': 23.583377838134766}
2024-11-20 18:00:11,247 INFO =====> Best alpha: 0.01, Best loss info: {'particle_has_naninf': False, 'height_map_loss': 13.115440368652344, 'emd_loss': 23.153377532958984, 'total_loss': 23.153377532958984}
2024-11-20 18:00:11,247 INFO =====> Param: E: [529348.25], nu: [0.2639811], rho: [1275.2434], sand_angle: [16.004929]
2024-11-20 18:00:11,247 INFO =====> Grad: [1.1782290e-02 2.6652746e+04 3.6203541e+01 8.0281567e+02]
2024-11-20 18:00:11,247 INFO =====> Num. aborted data so far: 0
2024-11-20 18:00:11,840 INFO ===> New TaichiEnv created.
2024-11-20 18:00:11,840 INFO ===> Specifications: horizon = 311, dt = 0.01, n_substeps = 20, dt_sub = 0.0005
2024-11-20 18:00:11,865 DEBUG loaded <trimesh.Trimesh(vertices.shape=(916, 3), faces.shape=(856, 3))> using `load_obj` in 0.0030s
2024-11-20 18:00:12,014 DEBUG loaded <trimesh.Trimesh(vertices.shape=(48, 3), faces.shape=(28, 3))> using `load_obj` in 0.0007s
2024-11-20 18:00:40,225 INFO =====> Epoch: 144
2024-11-20 18:00:40,225 INFO =====> Loss info: {'particle_has_naninf': False, 'height_map_loss': 13.114727973937988, 'emd_loss': 23.15119743347168, 'total_loss': 23.15119743347168}
2024-11-20 18:00:40,225 INFO =====> Performing line search for epoch 144......
2024-11-20 18:00:40,829 INFO ===> New TaichiEnv created.
2024-11-20 18:00:40,829 INFO ===> Specifications: horizon = 311, dt = 0.01, n_substeps = 20, dt_sub = 0.0005
2024-11-20 18:00:40,852 DEBUG loaded <trimesh.Trimesh(vertices.shape=(916, 3), faces.shape=(856, 3))> using `load_obj` in 0.0030s
2024-11-20 18:00:40,999 DEBUG loaded <trimesh.Trimesh(vertices.shape=(48, 3), faces.shape=(28, 3))> using `load_obj` in 0.0007s
2024-11-20 18:00:50,144 INFO =====> alpha: 0.01
2024-11-20 18:00:50,144 INFO =====> Loss info: {'particle_has_naninf': False, 'height_map_loss': 13.117571830749512, 'emd_loss': 23.14431381225586, 'total_loss': 23.14431381225586}
2024-11-20 18:00:50,746 INFO ===> New TaichiEnv created.
2024-11-20 18:00:50,746 INFO ===> Specifications: horizon = 311, dt = 0.01, n_substeps = 20, dt_sub = 0.0005
2024-11-20 18:00:50,769 DEBUG loaded <trimesh.Trimesh(vertices.shape=(916, 3), faces.shape=(856, 3))> using `load_obj` in 0.0030s
2024-11-20 18:00:50,916 DEBUG loaded <trimesh.Trimesh(vertices.shape=(48, 3), faces.shape=(28, 3))> using `load_obj` in 0.0007s
2024-11-20 18:00:59,822 INFO =====> alpha: 0.1
2024-11-20 18:00:59,822 INFO =====> Loss info: {'particle_has_naninf': False, 'height_map_loss': 13.114834785461426, 'emd_loss': 23.14444351196289, 'total_loss': 23.14444351196289}
2024-11-20 18:01:00,402 INFO ===> New TaichiEnv created.
2024-11-20 18:01:00,402 INFO ===> Specifications: horizon = 311, dt = 0.01, n_substeps = 20, dt_sub = 0.0005
2024-11-20 18:01:00,426 DEBUG loaded <trimesh.Trimesh(vertices.shape=(916, 3), faces.shape=(856, 3))> using `load_obj` in 0.0028s
2024-11-20 18:01:00,572 DEBUG loaded <trimesh.Trimesh(vertices.shape=(48, 3), faces.shape=(28, 3))> using `load_obj` in 0.0007s
2024-11-20 18:01:10,641 INFO =====> alpha: 0.5
2024-11-20 18:01:10,641 INFO =====> Loss info: {'particle_has_naninf': False, 'height_map_loss': 13.140292167663574, 'emd_loss': 23.279470443725586, 'total_loss': 23.279470443725586}
2024-11-20 18:01:11,224 INFO ===> New TaichiEnv created.
2024-11-20 18:01:11,224 INFO ===> Specifications: horizon = 311, dt = 0.01, n_substeps = 20, dt_sub = 0.0005
2024-11-20 18:01:11,247 DEBUG loaded <trimesh.Trimesh(vertices.shape=(916, 3), faces.shape=(856, 3))> using `load_obj` in 0.0030s
2024-11-20 18:01:11,393 DEBUG loaded <trimesh.Trimesh(vertices.shape=(48, 3), faces.shape=(28, 3))> using `load_obj` in 0.0007s
2024-11-20 18:01:20,434 INFO =====> alpha: 1.0
2024-11-20 18:01:20,434 INFO =====> Loss info: {'particle_has_naninf': False, 'height_map_loss': 13.145297050476074, 'emd_loss': 23.237545013427734, 'total_loss': 23.237545013427734}
2024-11-20 18:01:21,013 INFO ===> New TaichiEnv created.
2024-11-20 18:01:21,013 INFO ===> Specifications: horizon = 311, dt = 0.01, n_substeps = 20, dt_sub = 0.0005
2024-11-20 18:01:21,036 DEBUG loaded <trimesh.Trimesh(vertices.shape=(916, 3), faces.shape=(856, 3))> using `load_obj` in 0.0031s
2024-11-20 18:01:21,183 DEBUG loaded <trimesh.Trimesh(vertices.shape=(48, 3), faces.shape=(28, 3))> using `load_obj` in 0.0007s
2024-11-20 18:01:30,086 INFO =====> alpha: 1.01
2024-11-20 18:01:30,087 INFO =====> Loss info: {'particle_has_naninf': False, 'height_map_loss': 13.14639949798584, 'emd_loss': 23.245046615600586, 'total_loss': 23.245046615600586}
2024-11-20 18:01:30,664 INFO ===> New TaichiEnv created.
2024-11-20 18:01:30,664 INFO ===> Specifications: horizon = 311, dt = 0.01, n_substeps = 20, dt_sub = 0.0005
2024-11-20 18:01:30,687 DEBUG loaded <trimesh.Trimesh(vertices.shape=(916, 3), faces.shape=(856, 3))> using `load_obj` in 0.0029s
2024-11-20 18:01:30,833 DEBUG loaded <trimesh.Trimesh(vertices.shape=(48, 3), faces.shape=(28, 3))> using `load_obj` in 0.0007s
2024-11-20 18:01:40,975 INFO =====> alpha: 1.1
2024-11-20 18:01:40,975 INFO =====> Loss info: {'particle_has_naninf': False, 'height_map_loss': 13.141497611999512, 'emd_loss': 23.255752563476562, 'total_loss': 23.255752563476562}
2024-11-20 18:01:41,605 INFO ===> New TaichiEnv created.
2024-11-20 18:01:41,605 INFO ===> Specifications: horizon = 311, dt = 0.01, n_substeps = 20, dt_sub = 0.0005
2024-11-20 18:01:41,629 DEBUG loaded <trimesh.Trimesh(vertices.shape=(916, 3), faces.shape=(856, 3))> using `load_obj` in 0.0029s
2024-11-20 18:01:41,774 DEBUG loaded <trimesh.Trimesh(vertices.shape=(48, 3), faces.shape=(28, 3))> using `load_obj` in 0.0007s
2024-11-20 18:01:50,786 INFO =====> alpha: 1.5
2024-11-20 18:01:50,786 INFO =====> Loss info: {'particle_has_naninf': False, 'height_map_loss': 13.155967712402344, 'emd_loss': 23.351886749267578, 'total_loss': 23.351886749267578}
2024-11-20 18:01:50,787 INFO =====> Best alpha: 0.1, Best loss info: {'particle_has_naninf': False, 'height_map_loss': 13.114834785461426, 'emd_loss': 23.14444351196289, 'total_loss': 23.14444351196289}
2024-11-20 18:01:50,787 INFO =====> Param: E: [527830.2], nu: [0.26327023], rho: [1271.3755], sand_angle: [15.988187]
2024-11-20 18:01:50,787 INFO =====> Grad: [6.0657882e-03 1.1584801e+04 2.8939367e+01 9.2388214e+01]
2024-11-20 18:01:50,787 INFO =====> Num. aborted data so far: 0
2024-11-20 18:01:51,364 INFO ===> New TaichiEnv created.
2024-11-20 18:01:51,365 INFO ===> Specifications: horizon = 311, dt = 0.01, n_substeps = 20, dt_sub = 0.0005
2024-11-20 18:01:51,389 DEBUG loaded <trimesh.Trimesh(vertices.shape=(916, 3), faces.shape=(856, 3))> using `load_obj` in 0.0030s
2024-11-20 18:01:51,537 DEBUG loaded <trimesh.Trimesh(vertices.shape=(48, 3), faces.shape=(28, 3))> using `load_obj` in 0.0007s
2024-11-20 18:02:19,632 INFO =====> Epoch: 145
2024-11-20 18:02:19,632 INFO =====> Loss info: {'particle_has_naninf': False, 'height_map_loss': 13.114907264709473, 'emd_loss': 23.143171310424805, 'total_loss': 23.143171310424805}
2024-11-20 18:02:19,632 INFO =====> Performing line search for epoch 145......
2024-11-20 18:02:20,235 INFO ===> New TaichiEnv created.
2024-11-20 18:02:20,235 INFO ===> Specifications: horizon = 311, dt = 0.01, n_substeps = 20, dt_sub = 0.0005
2024-11-20 18:02:20,258 DEBUG loaded <trimesh.Trimesh(vertices.shape=(916, 3), faces.shape=(856, 3))> using `load_obj` in 0.0030s
2024-11-20 18:02:20,405 DEBUG loaded <trimesh.Trimesh(vertices.shape=(48, 3), faces.shape=(28, 3))> using `load_obj` in 0.0007s
2024-11-20 18:02:29,405 INFO =====> alpha: 0.01
2024-11-20 18:02:29,405 INFO =====> Loss info: {'particle_has_naninf': False, 'height_map_loss': 13.115570068359375, 'emd_loss': 23.150279998779297, 'total_loss': 23.150279998779297}
2024-11-20 18:02:29,983 INFO ===> New TaichiEnv created.
2024-11-20 18:02:29,983 INFO ===> Specifications: horizon = 311, dt = 0.01, n_substeps = 20, dt_sub = 0.0005
2024-11-20 18:02:30,006 DEBUG loaded <trimesh.Trimesh(vertices.shape=(916, 3), faces.shape=(856, 3))> using `load_obj` in 0.0030s
2024-11-20 18:02:30,153 DEBUG loaded <trimesh.Trimesh(vertices.shape=(48, 3), faces.shape=(28, 3))> using `load_obj` in 0.0007s
2024-11-20 18:02:39,164 INFO =====> alpha: 0.1
2024-11-20 18:02:39,164 INFO =====> Loss info: {'particle_has_naninf': False, 'height_map_loss': 13.136418342590332, 'emd_loss': 23.313472747802734, 'total_loss': 23.313472747802734}
2024-11-20 18:02:39,768 INFO ===> New TaichiEnv created.
2024-11-20 18:02:39,769 INFO ===> Specifications: horizon = 311, dt = 0.01, n_substeps = 20, dt_sub = 0.0005
2024-11-20 18:02:39,792 DEBUG loaded <trimesh.Trimesh(vertices.shape=(916, 3), faces.shape=(856, 3))> using `load_obj` in 0.0030s
2024-11-20 18:02:39,938 DEBUG loaded <trimesh.Trimesh(vertices.shape=(48, 3), faces.shape=(28, 3))> using `load_obj` in 0.0007s
2024-11-20 18:02:49,983 INFO =====> alpha: 0.5
2024-11-20 18:02:49,983 INFO =====> Loss info: {'particle_has_naninf': False, 'height_map_loss': 13.152362823486328, 'emd_loss': 23.279380798339844, 'total_loss': 23.279380798339844}
2024-11-20 18:02:50,559 INFO ===> New TaichiEnv created.
2024-11-20 18:02:50,560 INFO ===> Specifications: horizon = 311, dt = 0.01, n_substeps = 20, dt_sub = 0.0005
2024-11-20 18:02:50,582 DEBUG loaded <trimesh.Trimesh(vertices.shape=(916, 3), faces.shape=(856, 3))> using `load_obj` in 0.0029s
2024-11-20 18:02:50,730 DEBUG loaded <trimesh.Trimesh(vertices.shape=(48, 3), faces.shape=(28, 3))> using `load_obj` in 0.0007s
2024-11-20 18:02:59,765 INFO =====> alpha: 1.0
2024-11-20 18:02:59,765 INFO =====> Loss info: {'particle_has_naninf': False, 'height_map_loss': 13.187986373901367, 'emd_loss': 23.813323974609375, 'total_loss': 23.813323974609375}
2024-11-20 18:03:00,344 INFO ===> New TaichiEnv created.
2024-11-20 18:03:00,344 INFO ===> Specifications: horizon = 311, dt = 0.01, n_substeps = 20, dt_sub = 0.0005
2024-11-20 18:03:00,368 DEBUG loaded <trimesh.Trimesh(vertices.shape=(916, 3), faces.shape=(856, 3))> using `load_obj` in 0.0030s
2024-11-20 18:03:00,513 DEBUG loaded <trimesh.Trimesh(vertices.shape=(48, 3), faces.shape=(28, 3))> using `load_obj` in 0.0007s
2024-11-20 18:03:09,516 INFO =====> alpha: 1.01
2024-11-20 18:03:09,516 INFO =====> Loss info: {'particle_has_naninf': False, 'height_map_loss': 13.190860748291016, 'emd_loss': 23.80181312561035, 'total_loss': 23.80181312561035}
2024-11-20 18:03:10,092 INFO ===> New TaichiEnv created.
2024-11-20 18:03:10,092 INFO ===> Specifications: horizon = 311, dt = 0.01, n_substeps = 20, dt_sub = 0.0005
2024-11-20 18:03:10,115 DEBUG loaded <trimesh.Trimesh(vertices.shape=(916, 3), faces.shape=(856, 3))> using `load_obj` in 0.0030s
2024-11-20 18:03:10,263 DEBUG loaded <trimesh.Trimesh(vertices.shape=(48, 3), faces.shape=(28, 3))> using `load_obj` in 0.0007s
2024-11-20 18:03:20,377 INFO =====> alpha: 1.1
2024-11-20 18:03:20,377 INFO =====> Loss info: {'particle_has_naninf': False, 'height_map_loss': 13.193756103515625, 'emd_loss': 23.82281494140625, 'total_loss': 23.82281494140625}
2024-11-20 18:03:20,955 INFO ===> New TaichiEnv created.
2024-11-20 18:03:20,955 INFO ===> Specifications: horizon = 311, dt = 0.01, n_substeps = 20, dt_sub = 0.0005
2024-11-20 18:03:20,979 DEBUG loaded <trimesh.Trimesh(vertices.shape=(916, 3), faces.shape=(856, 3))> using `load_obj` in 0.0029s
2024-11-20 18:03:21,123 DEBUG loaded <trimesh.Trimesh(vertices.shape=(48, 3), faces.shape=(28, 3))> using `load_obj` in 0.0007s
2024-11-20 18:03:30,142 INFO =====> alpha: 1.5
2024-11-20 18:03:30,142 INFO =====> Loss info: {'particle_has_naninf': False, 'height_map_loss': 13.223841667175293, 'emd_loss': 23.84825897216797, 'total_loss': 23.84825897216797}
2024-11-20 18:03:30,142 INFO =====> Best alpha: 0.01, Best loss info: {'particle_has_naninf': False, 'height_map_loss': 13.115570068359375, 'emd_loss': 23.150279998779297, 'total_loss': 23.150279998779297}
2024-11-20 18:03:30,143 INFO =====> Param: E: [527723.75], nu: [0.2632316], rho: [1272.0588], sand_angle: [15.984038]
2024-11-20 18:03:30,143 INFO =====> Grad: [ 4.0943013e-03  6.0179727e+03 -5.3785130e+01  2.1906821e+02]
2024-11-20 18:03:30,143 INFO =====> Num. aborted data so far: 0
2024-11-20 18:03:30,800 INFO ===> New TaichiEnv created.
2024-11-20 18:03:30,801 INFO ===> Specifications: horizon = 311, dt = 0.01, n_substeps = 20, dt_sub = 0.0005
2024-11-20 18:03:30,824 DEBUG loaded <trimesh.Trimesh(vertices.shape=(916, 3), faces.shape=(856, 3))> using `load_obj` in 0.0030s
2024-11-20 18:03:30,970 DEBUG loaded <trimesh.Trimesh(vertices.shape=(48, 3), faces.shape=(28, 3))> using `load_obj` in 0.0007s
2024-11-20 18:03:59,000 INFO =====> Epoch: 146
2024-11-20 18:03:59,001 INFO =====> Loss info: {'particle_has_naninf': False, 'height_map_loss': 13.115267753601074, 'emd_loss': 23.15008544921875, 'total_loss': 23.15008544921875}
2024-11-20 18:03:59,001 INFO =====> Performing line search for epoch 146......
2024-11-20 18:03:59,606 INFO ===> New TaichiEnv created.
2024-11-20 18:03:59,606 INFO ===> Specifications: horizon = 311, dt = 0.01, n_substeps = 20, dt_sub = 0.0005
2024-11-20 18:03:59,629 DEBUG loaded <trimesh.Trimesh(vertices.shape=(916, 3), faces.shape=(856, 3))> using `load_obj` in 0.0029s
2024-11-20 18:03:59,776 DEBUG loaded <trimesh.Trimesh(vertices.shape=(48, 3), faces.shape=(28, 3))> using `load_obj` in 0.0007s
2024-11-20 18:04:08,807 INFO =====> alpha: 0.01
2024-11-20 18:04:08,807 INFO =====> Loss info: {'particle_has_naninf': False, 'height_map_loss': 13.118547439575195, 'emd_loss': 23.140647888183594, 'total_loss': 23.140647888183594}
2024-11-20 18:04:09,381 INFO ===> New TaichiEnv created.
2024-11-20 18:04:09,382 INFO ===> Specifications: horizon = 311, dt = 0.01, n_substeps = 20, dt_sub = 0.0005
2024-11-20 18:04:09,405 DEBUG loaded <trimesh.Trimesh(vertices.shape=(916, 3), faces.shape=(856, 3))> using `load_obj` in 0.0032s
2024-11-20 18:04:09,551 DEBUG loaded <trimesh.Trimesh(vertices.shape=(48, 3), faces.shape=(28, 3))> using `load_obj` in 0.0007s
2024-11-20 18:04:18,503 INFO =====> alpha: 0.1
2024-11-20 18:04:18,504 INFO =====> Loss info: {'particle_has_naninf': False, 'height_map_loss': 13.126321792602539, 'emd_loss': 23.040645599365234, 'total_loss': 23.040645599365234}
2024-11-20 18:04:19,083 INFO ===> New TaichiEnv created.
2024-11-20 18:04:19,083 INFO ===> Specifications: horizon = 311, dt = 0.01, n_substeps = 20, dt_sub = 0.0005
2024-11-20 18:04:19,107 DEBUG loaded <trimesh.Trimesh(vertices.shape=(916, 3), faces.shape=(856, 3))> using `load_obj` in 0.0031s
2024-11-20 18:04:19,254 DEBUG loaded <trimesh.Trimesh(vertices.shape=(48, 3), faces.shape=(28, 3))> using `load_obj` in 0.0007s
2024-11-20 18:04:29,389 INFO =====> alpha: 0.5
2024-11-20 18:04:29,390 INFO =====> Loss info: {'particle_has_naninf': False, 'height_map_loss': 13.183817863464355, 'emd_loss': 23.334447860717773, 'total_loss': 23.334447860717773}
2024-11-20 18:04:29,973 INFO ===> New TaichiEnv created.
2024-11-20 18:04:29,973 INFO ===> Specifications: horizon = 311, dt = 0.01, n_substeps = 20, dt_sub = 0.0005
2024-11-20 18:04:29,996 DEBUG loaded <trimesh.Trimesh(vertices.shape=(916, 3), faces.shape=(856, 3))> using `load_obj` in 0.0028s
2024-11-20 18:04:30,143 DEBUG loaded <trimesh.Trimesh(vertices.shape=(48, 3), faces.shape=(28, 3))> using `load_obj` in 0.0007s
2024-11-20 18:04:39,069 INFO =====> alpha: 1.0
2024-11-20 18:04:39,069 INFO =====> Loss info: {'particle_has_naninf': False, 'height_map_loss': 13.232064247131348, 'emd_loss': 22.641895294189453, 'total_loss': 22.641895294189453}
2024-11-20 18:04:39,672 INFO ===> New TaichiEnv created.
2024-11-20 18:04:39,672 INFO ===> Specifications: horizon = 311, dt = 0.01, n_substeps = 20, dt_sub = 0.0005
2024-11-20 18:04:39,695 DEBUG loaded <trimesh.Trimesh(vertices.shape=(916, 3), faces.shape=(856, 3))> using `load_obj` in 0.0030s
2024-11-20 18:04:39,843 DEBUG loaded <trimesh.Trimesh(vertices.shape=(48, 3), faces.shape=(28, 3))> using `load_obj` in 0.0007s
2024-11-20 18:04:48,766 INFO =====> alpha: 1.01
2024-11-20 18:04:48,766 INFO =====> Loss info: {'particle_has_naninf': False, 'height_map_loss': 13.237563133239746, 'emd_loss': 22.64470863342285, 'total_loss': 22.64470863342285}
2024-11-20 18:04:49,343 INFO ===> New TaichiEnv created.
2024-11-20 18:04:49,343 INFO ===> Specifications: horizon = 311, dt = 0.01, n_substeps = 20, dt_sub = 0.0005
2024-11-20 18:04:49,366 DEBUG loaded <trimesh.Trimesh(vertices.shape=(916, 3), faces.shape=(856, 3))> using `load_obj` in 0.0029s
2024-11-20 18:04:49,513 DEBUG loaded <trimesh.Trimesh(vertices.shape=(48, 3), faces.shape=(28, 3))> using `load_obj` in 0.0007s
2024-11-20 18:04:58,562 INFO =====> alpha: 1.1
2024-11-20 18:04:58,562 INFO =====> Loss info: {'particle_has_naninf': False, 'height_map_loss': 13.23740291595459, 'emd_loss': 22.705087661743164, 'total_loss': 22.705087661743164}
2024-11-20 18:04:59,139 INFO ===> New TaichiEnv created.
2024-11-20 18:04:59,139 INFO ===> Specifications: horizon = 311, dt = 0.01, n_substeps = 20, dt_sub = 0.0005
2024-11-20 18:04:59,163 DEBUG loaded <trimesh.Trimesh(vertices.shape=(916, 3), faces.shape=(856, 3))> using `load_obj` in 0.0030s
2024-11-20 18:04:59,309 DEBUG loaded <trimesh.Trimesh(vertices.shape=(48, 3), faces.shape=(28, 3))> using `load_obj` in 0.0007s
2024-11-20 18:05:09,366 INFO =====> alpha: 1.5
2024-11-20 18:05:09,366 INFO =====> Loss info: {'particle_has_naninf': False, 'height_map_loss': 13.277645111083984, 'emd_loss': 23.081344604492188, 'total_loss': 23.081344604492188}
2024-11-20 18:05:09,367 INFO =====> Best alpha: 0.01, Best loss info: {'particle_has_naninf': False, 'height_map_loss': 13.118547439575195, 'emd_loss': 23.140647888183594, 'total_loss': 23.140647888183594}
2024-11-20 18:05:09,367 INFO =====> Param: E: [527675.3], nu: [0.26328328], rho: [1272.0343], sand_angle: [15.997244]
2024-11-20 18:05:09,367 INFO =====> Grad: [ 1.7721212e-03 -7.7415806e+03  1.8312988e+00 -7.2809137e+02]
2024-11-20 18:05:09,367 INFO =====> Num. aborted data so far: 0
2024-11-20 18:05:09,952 INFO ===> New TaichiEnv created.
2024-11-20 18:05:09,952 INFO ===> Specifications: horizon = 311, dt = 0.01, n_substeps = 20, dt_sub = 0.0005
2024-11-20 18:05:09,976 DEBUG loaded <trimesh.Trimesh(vertices.shape=(916, 3), faces.shape=(856, 3))> using `load_obj` in 0.0030s
2024-11-20 18:05:10,122 DEBUG loaded <trimesh.Trimesh(vertices.shape=(48, 3), faces.shape=(28, 3))> using `load_obj` in 0.0007s
2024-11-20 18:05:37,161 INFO =====> Epoch: 147
2024-11-20 18:05:37,161 INFO =====> Loss info: {'particle_has_naninf': False, 'height_map_loss': 13.114508628845215, 'emd_loss': 23.149412155151367, 'total_loss': 23.149412155151367}
2024-11-20 18:05:37,161 INFO =====> Performing line search for epoch 147......
2024-11-20 18:05:37,764 INFO ===> New TaichiEnv created.
2024-11-20 18:05:37,765 INFO ===> Specifications: horizon = 311, dt = 0.01, n_substeps = 20, dt_sub = 0.0005
2024-11-20 18:05:37,788 DEBUG loaded <trimesh.Trimesh(vertices.shape=(916, 3), faces.shape=(856, 3))> using `load_obj` in 0.0030s
2024-11-20 18:05:37,935 DEBUG loaded <trimesh.Trimesh(vertices.shape=(48, 3), faces.shape=(28, 3))> using `load_obj` in 0.0007s
2024-11-20 18:05:48,013 INFO =====> alpha: 0.01
2024-11-20 18:05:48,013 INFO =====> Loss info: {'particle_has_naninf': False, 'height_map_loss': 13.118032455444336, 'emd_loss': 23.141544342041016, 'total_loss': 23.141544342041016}
2024-11-20 18:05:48,657 INFO ===> New TaichiEnv created.
2024-11-20 18:05:48,658 INFO ===> Specifications: horizon = 311, dt = 0.01, n_substeps = 20, dt_sub = 0.0005
2024-11-20 18:05:48,681 DEBUG loaded <trimesh.Trimesh(vertices.shape=(916, 3), faces.shape=(856, 3))> using `load_obj` in 0.0030s
2024-11-20 18:05:48,829 DEBUG loaded <trimesh.Trimesh(vertices.shape=(48, 3), faces.shape=(28, 3))> using `load_obj` in 0.0007s
2024-11-20 18:05:57,760 INFO =====> alpha: 0.1
2024-11-20 18:05:57,760 INFO =====> Loss info: {'particle_has_naninf': False, 'height_map_loss': 13.109704971313477, 'emd_loss': 23.146066665649414, 'total_loss': 23.146066665649414}
2024-11-20 18:05:58,342 INFO ===> New TaichiEnv created.
2024-11-20 18:05:58,342 INFO ===> Specifications: horizon = 311, dt = 0.01, n_substeps = 20, dt_sub = 0.0005
2024-11-20 18:05:58,365 DEBUG loaded <trimesh.Trimesh(vertices.shape=(916, 3), faces.shape=(856, 3))> using `load_obj` in 0.0031s
2024-11-20 18:05:58,511 DEBUG loaded <trimesh.Trimesh(vertices.shape=(48, 3), faces.shape=(28, 3))> using `load_obj` in 0.0007s
2024-11-20 18:06:07,482 INFO =====> alpha: 0.5
2024-11-20 18:06:07,483 INFO =====> Loss info: {'particle_has_naninf': False, 'height_map_loss': 13.128792762756348, 'emd_loss': 23.02677345275879, 'total_loss': 23.02677345275879}
2024-11-20 18:06:08,064 INFO ===> New TaichiEnv created.
2024-11-20 18:06:08,064 INFO ===> Specifications: horizon = 311, dt = 0.01, n_substeps = 20, dt_sub = 0.0005
2024-11-20 18:06:08,087 DEBUG loaded <trimesh.Trimesh(vertices.shape=(916, 3), faces.shape=(856, 3))> using `load_obj` in 0.0030s
2024-11-20 18:06:08,236 DEBUG loaded <trimesh.Trimesh(vertices.shape=(48, 3), faces.shape=(28, 3))> using `load_obj` in 0.0007s
2024-11-20 18:06:18,429 INFO =====> alpha: 1.0
2024-11-20 18:06:18,429 INFO =====> Loss info: {'particle_has_naninf': False, 'height_map_loss': 13.147491455078125, 'emd_loss': 23.165306091308594, 'total_loss': 23.165306091308594}
2024-11-20 18:06:19,016 INFO ===> New TaichiEnv created.
2024-11-20 18:06:19,017 INFO ===> Specifications: horizon = 311, dt = 0.01, n_substeps = 20, dt_sub = 0.0005
2024-11-20 18:06:19,040 DEBUG loaded <trimesh.Trimesh(vertices.shape=(916, 3), faces.shape=(856, 3))> using `load_obj` in 0.0029s
2024-11-20 18:06:19,188 DEBUG loaded <trimesh.Trimesh(vertices.shape=(48, 3), faces.shape=(28, 3))> using `load_obj` in 0.0007s
2024-11-20 18:06:28,136 INFO =====> alpha: 1.01
2024-11-20 18:06:28,137 INFO =====> Loss info: {'particle_has_naninf': False, 'height_map_loss': 13.1398344039917, 'emd_loss': 23.17494773864746, 'total_loss': 23.17494773864746}
2024-11-20 18:06:28,717 INFO ===> New TaichiEnv created.
2024-11-20 18:06:28,717 INFO ===> Specifications: horizon = 311, dt = 0.01, n_substeps = 20, dt_sub = 0.0005
2024-11-20 18:06:28,741 DEBUG loaded <trimesh.Trimesh(vertices.shape=(916, 3), faces.shape=(856, 3))> using `load_obj` in 0.0030s
2024-11-20 18:06:28,889 DEBUG loaded <trimesh.Trimesh(vertices.shape=(48, 3), faces.shape=(28, 3))> using `load_obj` in 0.0007s
2024-11-20 18:06:37,841 INFO =====> alpha: 1.1
2024-11-20 18:06:37,841 INFO =====> Loss info: {'particle_has_naninf': False, 'height_map_loss': 13.157822608947754, 'emd_loss': 23.151248931884766, 'total_loss': 23.151248931884766}
2024-11-20 18:06:38,479 INFO ===> New TaichiEnv created.
2024-11-20 18:06:38,479 INFO ===> Specifications: horizon = 311, dt = 0.01, n_substeps = 20, dt_sub = 0.0005
2024-11-20 18:06:38,503 DEBUG loaded <trimesh.Trimesh(vertices.shape=(916, 3), faces.shape=(856, 3))> using `load_obj` in 0.0031s
2024-11-20 18:06:38,652 DEBUG loaded <trimesh.Trimesh(vertices.shape=(48, 3), faces.shape=(28, 3))> using `load_obj` in 0.0007s
2024-11-20 18:06:48,675 INFO =====> alpha: 1.5
2024-11-20 18:06:48,675 INFO =====> Loss info: {'particle_has_naninf': False, 'height_map_loss': 13.172996520996094, 'emd_loss': 23.16939926147461, 'total_loss': 23.16939926147461}
2024-11-20 18:06:48,675 INFO =====> Best alpha: 0.1, Best loss info: {'particle_has_naninf': False, 'height_map_loss': 13.109704971313477, 'emd_loss': 23.146066665649414, 'total_loss': 23.146066665649414}
2024-11-20 18:06:48,675 INFO =====> Param: E: [525614.44], nu: [0.26215932], rho: [1263.4944], sand_angle: [16.020552]
2024-11-20 18:06:48,675 INFO =====> Grad: [ 7.5667598e-03  1.7087400e+04  7.1889923e+01 -1.2225229e+02]
2024-11-20 18:06:48,675 INFO =====> Num. aborted data so far: 0
2024-11-20 18:06:49,260 INFO ===> New TaichiEnv created.
2024-11-20 18:06:49,260 INFO ===> Specifications: horizon = 311, dt = 0.01, n_substeps = 20, dt_sub = 0.0005
2024-11-20 18:06:49,283 DEBUG loaded <trimesh.Trimesh(vertices.shape=(916, 3), faces.shape=(856, 3))> using `load_obj` in 0.0029s
2024-11-20 18:06:49,430 DEBUG loaded <trimesh.Trimesh(vertices.shape=(48, 3), faces.shape=(28, 3))> using `load_obj` in 0.0007s
2024-11-20 18:07:16,392 INFO =====> Epoch: 148
2024-11-20 18:07:16,392 INFO =====> Loss info: {'particle_has_naninf': False, 'height_map_loss': 13.10923957824707, 'emd_loss': 23.145811080932617, 'total_loss': 23.145811080932617}
2024-11-20 18:07:16,392 INFO =====> Performing line search for epoch 148......
2024-11-20 18:07:16,997 INFO ===> New TaichiEnv created.
2024-11-20 18:07:16,997 INFO ===> Specifications: horizon = 311, dt = 0.01, n_substeps = 20, dt_sub = 0.0005
2024-11-20 18:07:17,021 DEBUG loaded <trimesh.Trimesh(vertices.shape=(916, 3), faces.shape=(856, 3))> using `load_obj` in 0.0031s
2024-11-20 18:07:17,170 DEBUG loaded <trimesh.Trimesh(vertices.shape=(48, 3), faces.shape=(28, 3))> using `load_obj` in 0.0007s
2024-11-20 18:07:27,191 INFO =====> alpha: 0.01
2024-11-20 18:07:27,191 INFO =====> Loss info: {'particle_has_naninf': False, 'height_map_loss': 13.126976013183594, 'emd_loss': 23.120521545410156, 'total_loss': 23.120521545410156}
2024-11-20 18:07:27,775 INFO ===> New TaichiEnv created.
2024-11-20 18:07:27,775 INFO ===> Specifications: horizon = 311, dt = 0.01, n_substeps = 20, dt_sub = 0.0005
2024-11-20 18:07:27,798 DEBUG loaded <trimesh.Trimesh(vertices.shape=(916, 3), faces.shape=(856, 3))> using `load_obj` in 0.0030s
2024-11-20 18:07:27,946 DEBUG loaded <trimesh.Trimesh(vertices.shape=(48, 3), faces.shape=(28, 3))> using `load_obj` in 0.0007s
2024-11-20 18:07:37,078 INFO =====> alpha: 0.1
2024-11-20 18:07:37,078 INFO =====> Loss info: {'particle_has_naninf': False, 'height_map_loss': 13.143001556396484, 'emd_loss': 23.295494079589844, 'total_loss': 23.295494079589844}
2024-11-20 18:07:37,659 INFO ===> New TaichiEnv created.
2024-11-20 18:07:37,659 INFO ===> Specifications: horizon = 311, dt = 0.01, n_substeps = 20, dt_sub = 0.0005
2024-11-20 18:07:37,683 DEBUG loaded <trimesh.Trimesh(vertices.shape=(916, 3), faces.shape=(856, 3))> using `load_obj` in 0.0031s
2024-11-20 18:07:37,830 DEBUG loaded <trimesh.Trimesh(vertices.shape=(48, 3), faces.shape=(28, 3))> using `load_obj` in 0.0007s
2024-11-20 18:07:46,850 INFO =====> alpha: 0.5
2024-11-20 18:07:46,850 INFO =====> Loss info: {'particle_has_naninf': False, 'height_map_loss': 13.142594337463379, 'emd_loss': 23.78182601928711, 'total_loss': 23.78182601928711}
2024-11-20 18:07:47,441 INFO ===> New TaichiEnv created.
2024-11-20 18:07:47,441 INFO ===> Specifications: horizon = 311, dt = 0.01, n_substeps = 20, dt_sub = 0.0005
2024-11-20 18:07:47,464 DEBUG loaded <trimesh.Trimesh(vertices.shape=(916, 3), faces.shape=(856, 3))> using `load_obj` in 0.0030s
2024-11-20 18:07:47,613 DEBUG loaded <trimesh.Trimesh(vertices.shape=(48, 3), faces.shape=(28, 3))> using `load_obj` in 0.0007s
2024-11-20 18:07:57,788 INFO =====> alpha: 1.0
2024-11-20 18:07:57,788 INFO =====> Loss info: {'particle_has_naninf': False, 'height_map_loss': 13.202098846435547, 'emd_loss': 23.187034606933594, 'total_loss': 23.187034606933594}
2024-11-20 18:07:58,369 INFO ===> New TaichiEnv created.
2024-11-20 18:07:58,369 INFO ===> Specifications: horizon = 311, dt = 0.01, n_substeps = 20, dt_sub = 0.0005
2024-11-20 18:07:58,393 DEBUG loaded <trimesh.Trimesh(vertices.shape=(916, 3), faces.shape=(856, 3))> using `load_obj` in 0.0030s
2024-11-20 18:07:58,541 DEBUG loaded <trimesh.Trimesh(vertices.shape=(48, 3), faces.shape=(28, 3))> using `load_obj` in 0.0007s
2024-11-20 18:08:07,468 INFO =====> alpha: 1.01
2024-11-20 18:08:07,468 INFO =====> Loss info: {'particle_has_naninf': False, 'height_map_loss': 13.20232105255127, 'emd_loss': 23.190271377563477, 'total_loss': 23.190271377563477}
2024-11-20 18:08:08,045 INFO ===> New TaichiEnv created.
2024-11-20 18:08:08,045 INFO ===> Specifications: horizon = 311, dt = 0.01, n_substeps = 20, dt_sub = 0.0005
2024-11-20 18:08:08,069 DEBUG loaded <trimesh.Trimesh(vertices.shape=(916, 3), faces.shape=(856, 3))> using `load_obj` in 0.0030s
2024-11-20 18:08:08,213 DEBUG loaded <trimesh.Trimesh(vertices.shape=(48, 3), faces.shape=(28, 3))> using `load_obj` in 0.0007s
2024-11-20 18:08:17,245 INFO =====> alpha: 1.1
2024-11-20 18:08:17,245 INFO =====> Loss info: {'particle_has_naninf': False, 'height_map_loss': 13.189939498901367, 'emd_loss': 23.109697341918945, 'total_loss': 23.109697341918945}
2024-11-20 18:08:17,826 INFO ===> New TaichiEnv created.
2024-11-20 18:08:17,826 INFO ===> Specifications: horizon = 311, dt = 0.01, n_substeps = 20, dt_sub = 0.0005
2024-11-20 18:08:17,849 DEBUG loaded <trimesh.Trimesh(vertices.shape=(916, 3), faces.shape=(856, 3))> using `load_obj` in 0.0031s
2024-11-20 18:08:17,995 DEBUG loaded <trimesh.Trimesh(vertices.shape=(48, 3), faces.shape=(28, 3))> using `load_obj` in 0.0007s
2024-11-20 18:08:28,050 INFO =====> alpha: 1.5
2024-11-20 18:08:28,050 INFO =====> Loss info: {'particle_has_naninf': False, 'height_map_loss': 13.239344596862793, 'emd_loss': 23.428224563598633, 'total_loss': 23.428224563598633}
2024-11-20 18:08:28,050 INFO =====> Best alpha: 0.01, Best loss info: {'particle_has_naninf': False, 'height_map_loss': 13.126976013183594, 'emd_loss': 23.120521545410156, 'total_loss': 23.120521545410156}
2024-11-20 18:08:28,050 INFO =====> Param: E: [525276.1], nu: [0.26196346], rho: [1263.1195], sand_angle: [16.008965]
2024-11-20 18:08:28,050 INFO =====> Grad: [1.3948206e-02 3.5983539e+04 3.0817610e+01 6.1967566e+02]
2024-11-20 18:08:28,050 INFO =====> Num. aborted data so far: 0
2024-11-20 18:08:28,626 INFO ===> New TaichiEnv created.
2024-11-20 18:08:28,626 INFO ===> Specifications: horizon = 311, dt = 0.01, n_substeps = 20, dt_sub = 0.0005
2024-11-20 18:08:28,651 DEBUG loaded <trimesh.Trimesh(vertices.shape=(916, 3), faces.shape=(856, 3))> using `load_obj` in 0.0029s
2024-11-20 18:08:28,798 DEBUG loaded <trimesh.Trimesh(vertices.shape=(48, 3), faces.shape=(28, 3))> using `load_obj` in 0.0007s
2024-11-20 18:08:55,887 INFO =====> Epoch: 149
2024-11-20 18:08:55,887 INFO =====> Loss info: {'particle_has_naninf': False, 'height_map_loss': 13.126313209533691, 'emd_loss': 23.111011505126953, 'total_loss': 23.111011505126953}
2024-11-20 18:08:55,887 INFO =====> Performing line search for epoch 149......
2024-11-20 18:08:56,546 INFO ===> New TaichiEnv created.
2024-11-20 18:08:56,547 INFO ===> Specifications: horizon = 311, dt = 0.01, n_substeps = 20, dt_sub = 0.0005
2024-11-20 18:08:56,570 DEBUG loaded <trimesh.Trimesh(vertices.shape=(916, 3), faces.shape=(856, 3))> using `load_obj` in 0.0031s
2024-11-20 18:08:56,717 DEBUG loaded <trimesh.Trimesh(vertices.shape=(48, 3), faces.shape=(28, 3))> using `load_obj` in 0.0007s
2024-11-20 18:09:05,647 INFO =====> alpha: 0.01
2024-11-20 18:09:05,648 INFO =====> Loss info: {'particle_has_naninf': False, 'height_map_loss': 13.125136375427246, 'emd_loss': 23.124794006347656, 'total_loss': 23.124794006347656}
2024-11-20 18:09:06,231 INFO ===> New TaichiEnv created.
2024-11-20 18:09:06,231 INFO ===> Specifications: horizon = 311, dt = 0.01, n_substeps = 20, dt_sub = 0.0005
2024-11-20 18:09:06,255 DEBUG loaded <trimesh.Trimesh(vertices.shape=(916, 3), faces.shape=(856, 3))> using `load_obj` in 0.0030s
2024-11-20 18:09:06,402 DEBUG loaded <trimesh.Trimesh(vertices.shape=(48, 3), faces.shape=(28, 3))> using `load_obj` in 0.0007s
2024-11-20 18:09:16,492 INFO =====> alpha: 0.1
2024-11-20 18:09:16,492 INFO =====> Loss info: {'particle_has_naninf': False, 'height_map_loss': 13.130776405334473, 'emd_loss': 23.310121536254883, 'total_loss': 23.310121536254883}
2024-11-20 18:09:17,079 INFO ===> New TaichiEnv created.
2024-11-20 18:09:17,080 INFO ===> Specifications: horizon = 311, dt = 0.01, n_substeps = 20, dt_sub = 0.0005
2024-11-20 18:09:17,103 DEBUG loaded <trimesh.Trimesh(vertices.shape=(916, 3), faces.shape=(856, 3))> using `load_obj` in 0.0030s
2024-11-20 18:09:17,251 DEBUG loaded <trimesh.Trimesh(vertices.shape=(48, 3), faces.shape=(28, 3))> using `load_obj` in 0.0007s
2024-11-20 18:09:26,272 INFO =====> alpha: 0.5
2024-11-20 18:09:26,272 INFO =====> Loss info: {'particle_has_naninf': False, 'height_map_loss': 13.158464431762695, 'emd_loss': 23.346668243408203, 'total_loss': 23.346668243408203}
2024-11-20 18:09:26,857 INFO ===> New TaichiEnv created.
2024-11-20 18:09:26,857 INFO ===> Specifications: horizon = 311, dt = 0.01, n_substeps = 20, dt_sub = 0.0005
2024-11-20 18:09:26,881 DEBUG loaded <trimesh.Trimesh(vertices.shape=(916, 3), faces.shape=(856, 3))> using `load_obj` in 0.0029s
2024-11-20 18:09:27,028 DEBUG loaded <trimesh.Trimesh(vertices.shape=(48, 3), faces.shape=(28, 3))> using `load_obj` in 0.0007s
2024-11-20 18:09:36,078 INFO =====> alpha: 1.0
2024-11-20 18:09:36,078 INFO =====> Loss info: {'particle_has_naninf': False, 'height_map_loss': 13.178692817687988, 'emd_loss': 23.821224212646484, 'total_loss': 23.821224212646484}
2024-11-20 18:09:36,673 INFO ===> New TaichiEnv created.
2024-11-20 18:09:36,673 INFO ===> Specifications: horizon = 311, dt = 0.01, n_substeps = 20, dt_sub = 0.0005
2024-11-20 18:09:36,696 DEBUG loaded <trimesh.Trimesh(vertices.shape=(916, 3), faces.shape=(856, 3))> using `load_obj` in 0.0031s
2024-11-20 18:09:36,845 DEBUG loaded <trimesh.Trimesh(vertices.shape=(48, 3), faces.shape=(28, 3))> using `load_obj` in 0.0007s
2024-11-20 18:09:46,942 INFO =====> alpha: 1.01
2024-11-20 18:09:46,942 INFO =====> Loss info: {'particle_has_naninf': False, 'height_map_loss': 13.177876472473145, 'emd_loss': 23.82638931274414, 'total_loss': 23.82638931274414}
2024-11-20 18:09:47,522 INFO ===> New TaichiEnv created.
2024-11-20 18:09:47,522 INFO ===> Specifications: horizon = 311, dt = 0.01, n_substeps = 20, dt_sub = 0.0005
2024-11-20 18:09:47,545 DEBUG loaded <trimesh.Trimesh(vertices.shape=(916, 3), faces.shape=(856, 3))> using `load_obj` in 0.0029s
2024-11-20 18:09:47,692 DEBUG loaded <trimesh.Trimesh(vertices.shape=(48, 3), faces.shape=(28, 3))> using `load_obj` in 0.0007s
2024-11-20 18:09:56,749 INFO =====> alpha: 1.1
2024-11-20 18:09:56,749 INFO =====> Loss info: {'particle_has_naninf': False, 'height_map_loss': 13.180339813232422, 'emd_loss': 23.79700469970703, 'total_loss': 23.79700469970703}
2024-11-20 18:09:57,329 INFO ===> New TaichiEnv created.
2024-11-20 18:09:57,329 INFO ===> Specifications: horizon = 311, dt = 0.01, n_substeps = 20, dt_sub = 0.0005
2024-11-20 18:09:57,352 DEBUG loaded <trimesh.Trimesh(vertices.shape=(916, 3), faces.shape=(856, 3))> using `load_obj` in 0.0030s
2024-11-20 18:09:57,498 DEBUG loaded <trimesh.Trimesh(vertices.shape=(48, 3), faces.shape=(28, 3))> using `load_obj` in 0.0007s
2024-11-20 18:10:06,543 INFO =====> alpha: 1.5
2024-11-20 18:10:06,543 INFO =====> Loss info: {'particle_has_naninf': False, 'height_map_loss': 13.168320655822754, 'emd_loss': 23.80015754699707, 'total_loss': 23.80015754699707}
2024-11-20 18:10:06,543 INFO =====> Best alpha: 0.01, Best loss info: {'particle_has_naninf': False, 'height_map_loss': 13.125136375427246, 'emd_loss': 23.124794006347656, 'total_loss': 23.124794006347656}
2024-11-20 18:10:06,543 INFO =====> Param: E: [525024.94], nu: [0.26185155], rho: [1262.6692], sand_angle: [16.004444]
2024-11-20 18:10:06,543 INFO =====> Grad: [1.0703927e-02 2.0852721e+04 3.6633087e+01 2.3171852e+02]
2024-11-20 18:10:06,543 INFO =====> Num. aborted data so far: 0
2024-11-20 18:10:06,546 INFO ====> Finished training.
2024-11-20 18:10:06,546 INFO ====> Final loss: 
2024-11-20 18:10:06,546 INFO ====> Final params: E [525024.94], nu [0.26185155], rho [1262.6692], sand_angle [16.004444]
2024-11-20 18:10:06,546 INFO ===> End grad computation at:, 2024-11-20 18:10:6
2024-11-20 18:10:06,546 INFO ===> Total time taken: 14852.971509218216 seconds
2024-11-20 18:10:06,546 INFO ===> Number of aborted data: 0
