2024-12-06 06:46:56,374 INFO ===> New TaichiEnv created.
2024-12-06 06:46:56,374 INFO ===> Specifications: horizon = 300, dt = 0.01, n_substeps = 20, dt_sub = 0.0005
2024-12-06 06:46:56,395 DEBUG loaded <trimesh.Trimesh(vertices.shape=(916, 3), faces.shape=(856, 3))> using `load_obj` in 0.0028s
2024-12-06 06:46:56,536 DEBUG loaded <trimesh.Trimesh(vertices.shape=(48, 3), faces.shape=(28, 3))> using `load_obj` in 0.0007s
2024-12-06 06:47:21,986 INFO =====> Epoch: 0
2024-12-06 06:47:21,987 INFO =====> EMD Loss: 17.294548
2024-12-06 06:47:21,987 INFO =====> Height map loss:  10.071472
2024-12-06 06:47:21,987 INFO =====> Num. aborted data so far: 0
2024-12-06 06:47:22,326 INFO ===> New TaichiEnv created.
2024-12-06 06:47:22,326 INFO ===> Specifications: horizon = 300, dt = 0.01, n_substeps = 20, dt_sub = 0.0005
2024-12-06 06:47:22,348 DEBUG loaded <trimesh.Trimesh(vertices.shape=(916, 3), faces.shape=(856, 3))> using `load_obj` in 0.0030s
2024-12-06 06:47:22,488 DEBUG loaded <trimesh.Trimesh(vertices.shape=(48, 3), faces.shape=(28, 3))> using `load_obj` in 0.0007s
2024-12-06 06:47:31,140 INFO ==> EMD Loss: 19.217674
2024-12-06 06:47:31,140 INFO ==> Height map loss:  9.424275
2024-12-06 06:47:31,463 INFO ===> New TaichiEnv created.
2024-12-06 06:47:31,463 INFO ===> Specifications: horizon = 300, dt = 0.01, n_substeps = 20, dt_sub = 0.0005
2024-12-06 06:47:31,485 DEBUG loaded <trimesh.Trimesh(vertices.shape=(916, 3), faces.shape=(856, 3))> using `load_obj` in 0.0028s
2024-12-06 06:47:31,624 DEBUG loaded <trimesh.Trimesh(vertices.shape=(48, 3), faces.shape=(28, 3))> using `load_obj` in 0.0007s
2024-12-06 06:47:41,085 INFO ==> EMD Loss: 42.798676
2024-12-06 06:47:41,085 INFO ==> Height map loss:  22.725698
2024-12-06 06:47:41,412 INFO ===> New TaichiEnv created.
2024-12-06 06:47:41,412 INFO ===> Specifications: horizon = 300, dt = 0.01, n_substeps = 20, dt_sub = 0.0005
2024-12-06 06:47:41,433 DEBUG loaded <trimesh.Trimesh(vertices.shape=(916, 3), faces.shape=(856, 3))> using `load_obj` in 0.0029s
2024-12-06 06:47:41,574 DEBUG loaded <trimesh.Trimesh(vertices.shape=(48, 3), faces.shape=(28, 3))> using `load_obj` in 0.0007s
2024-12-06 06:47:50,921 INFO ==> EMD Loss: 35.711723
2024-12-06 06:47:50,921 INFO ==> Height map loss:  29.063492
2024-12-06 06:47:51,240 INFO ===> New TaichiEnv created.
2024-12-06 06:47:51,241 INFO ===> Specifications: horizon = 300, dt = 0.01, n_substeps = 20, dt_sub = 0.0005
2024-12-06 06:47:51,262 DEBUG loaded <trimesh.Trimesh(vertices.shape=(916, 3), faces.shape=(856, 3))> using `load_obj` in 0.0030s
2024-12-06 06:47:51,404 DEBUG loaded <trimesh.Trimesh(vertices.shape=(48, 3), faces.shape=(28, 3))> using `load_obj` in 0.0007s
2024-12-06 06:48:00,185 INFO ==> EMD Loss: 35.892715
2024-12-06 06:48:00,186 INFO ==> Height map loss:  37.926949
2024-12-06 06:48:00,507 INFO ===> New TaichiEnv created.
2024-12-06 06:48:00,507 INFO ===> Specifications: horizon = 300, dt = 0.01, n_substeps = 20, dt_sub = 0.0005
2024-12-06 06:48:00,528 DEBUG loaded <trimesh.Trimesh(vertices.shape=(916, 3), faces.shape=(856, 3))> using `load_obj` in 0.0029s
2024-12-06 06:48:00,669 DEBUG loaded <trimesh.Trimesh(vertices.shape=(48, 3), faces.shape=(28, 3))> using `load_obj` in 0.0007s
2024-12-06 06:48:09,928 INFO ==> EMD Loss: 43.774483
2024-12-06 06:48:09,928 INFO ==> Height map loss:  48.202961
2024-12-06 06:48:09,929 INFO =====> Best alpha: 0.1, Best loss info: {'particle_has_naninf': False, 'height_map_loss': 9.424275398254395, 'emd_loss': 19.217674255371094, 'total_loss': 19.217674255371094}
2024-12-06 06:48:10,328 INFO ===> New TaichiEnv created.
2024-12-06 06:48:10,328 INFO ===> Specifications: horizon = 300, dt = 0.01, n_substeps = 20, dt_sub = 0.0005
2024-12-06 06:48:10,351 DEBUG loaded <trimesh.Trimesh(vertices.shape=(916, 3), faces.shape=(856, 3))> using `load_obj` in 0.0029s
2024-12-06 06:48:10,492 DEBUG loaded <trimesh.Trimesh(vertices.shape=(48, 3), faces.shape=(28, 3))> using `load_obj` in 0.0007s
2024-12-06 06:48:36,026 INFO =====> Epoch: 1
2024-12-06 06:48:36,026 INFO =====> EMD Loss: 18.795860
2024-12-06 06:48:36,026 INFO =====> Height map loss:  8.903731
2024-12-06 06:48:36,026 INFO =====> Num. aborted data so far: 0
2024-12-06 06:48:36,368 INFO ===> New TaichiEnv created.
2024-12-06 06:48:36,368 INFO ===> Specifications: horizon = 300, dt = 0.01, n_substeps = 20, dt_sub = 0.0005
2024-12-06 06:48:36,391 DEBUG loaded <trimesh.Trimesh(vertices.shape=(916, 3), faces.shape=(856, 3))> using `load_obj` in 0.0030s
2024-12-06 06:48:36,535 DEBUG loaded <trimesh.Trimesh(vertices.shape=(48, 3), faces.shape=(28, 3))> using `load_obj` in 0.0007s
2024-12-06 06:48:45,453 INFO ==> EMD Loss: 30.419685
2024-12-06 06:48:45,453 INFO ==> Height map loss:  8.287581
2024-12-06 06:48:45,780 INFO ===> New TaichiEnv created.
2024-12-06 06:48:45,780 INFO ===> Specifications: horizon = 300, dt = 0.01, n_substeps = 20, dt_sub = 0.0005
2024-12-06 06:48:45,801 DEBUG loaded <trimesh.Trimesh(vertices.shape=(916, 3), faces.shape=(856, 3))> using `load_obj` in 0.0029s
2024-12-06 06:48:45,944 DEBUG loaded <trimesh.Trimesh(vertices.shape=(48, 3), faces.shape=(28, 3))> using `load_obj` in 0.0007s
2024-12-06 06:48:55,486 INFO ==> EMD Loss: 41.685467
2024-12-06 06:48:55,486 INFO ==> Height map loss:  16.172581
2024-12-06 06:48:55,806 INFO ===> New TaichiEnv created.
2024-12-06 06:48:55,806 INFO ===> Specifications: horizon = 300, dt = 0.01, n_substeps = 20, dt_sub = 0.0005
2024-12-06 06:48:55,827 DEBUG loaded <trimesh.Trimesh(vertices.shape=(916, 3), faces.shape=(856, 3))> using `load_obj` in 0.0029s
2024-12-06 06:48:55,970 DEBUG loaded <trimesh.Trimesh(vertices.shape=(48, 3), faces.shape=(28, 3))> using `load_obj` in 0.0007s
2024-12-06 06:49:04,965 INFO ==> EMD Loss: 42.595081
2024-12-06 06:49:04,965 INFO ==> Height map loss:  18.329838
2024-12-06 06:49:05,293 INFO ===> New TaichiEnv created.
2024-12-06 06:49:05,293 INFO ===> Specifications: horizon = 300, dt = 0.01, n_substeps = 20, dt_sub = 0.0005
2024-12-06 06:49:05,315 DEBUG loaded <trimesh.Trimesh(vertices.shape=(916, 3), faces.shape=(856, 3))> using `load_obj` in 0.0029s
2024-12-06 06:49:05,457 DEBUG loaded <trimesh.Trimesh(vertices.shape=(48, 3), faces.shape=(28, 3))> using `load_obj` in 0.0007s
2024-12-06 06:49:14,761 INFO ==> EMD Loss: 32.495461
2024-12-06 06:49:14,761 INFO ==> Height map loss:  25.858852
2024-12-06 06:49:15,083 INFO ===> New TaichiEnv created.
2024-12-06 06:49:15,083 INFO ===> Specifications: horizon = 300, dt = 0.01, n_substeps = 20, dt_sub = 0.0005
2024-12-06 06:49:15,104 DEBUG loaded <trimesh.Trimesh(vertices.shape=(916, 3), faces.shape=(856, 3))> using `load_obj` in 0.0029s
2024-12-06 06:49:15,246 DEBUG loaded <trimesh.Trimesh(vertices.shape=(48, 3), faces.shape=(28, 3))> using `load_obj` in 0.0007s
2024-12-06 06:49:24,002 INFO ==> EMD Loss: 40.500751
2024-12-06 06:49:24,002 INFO ==> Height map loss:  31.570539
2024-12-06 06:49:24,003 INFO =====> Best alpha: 0.1, Best loss info: {'particle_has_naninf': False, 'height_map_loss': 8.287581443786621, 'emd_loss': 30.41968536376953, 'total_loss': 30.41968536376953}
2024-12-06 06:49:24,323 INFO ===> New TaichiEnv created.
2024-12-06 06:49:24,323 INFO ===> Specifications: horizon = 300, dt = 0.01, n_substeps = 20, dt_sub = 0.0005
2024-12-06 06:49:24,344 DEBUG loaded <trimesh.Trimesh(vertices.shape=(916, 3), faces.shape=(856, 3))> using `load_obj` in 0.0028s
2024-12-06 06:49:24,485 DEBUG loaded <trimesh.Trimesh(vertices.shape=(48, 3), faces.shape=(28, 3))> using `load_obj` in 0.0007s
2024-12-06 06:49:50,313 INFO =====> Epoch: 2
2024-12-06 06:49:50,313 INFO =====> EMD Loss: 30.375801
2024-12-06 06:49:50,313 INFO =====> Height map loss:  8.544397
2024-12-06 06:49:50,313 INFO =====> Num. aborted data so far: 0
2024-12-06 06:49:50,650 INFO ===> New TaichiEnv created.
2024-12-06 06:49:50,650 INFO ===> Specifications: horizon = 300, dt = 0.01, n_substeps = 20, dt_sub = 0.0005
2024-12-06 06:49:50,671 DEBUG loaded <trimesh.Trimesh(vertices.shape=(916, 3), faces.shape=(856, 3))> using `load_obj` in 0.0029s
2024-12-06 06:49:50,812 DEBUG loaded <trimesh.Trimesh(vertices.shape=(48, 3), faces.shape=(28, 3))> using `load_obj` in 0.0007s
2024-12-06 06:50:00,346 INFO ==> EMD Loss: 39.341461
2024-12-06 06:50:00,346 INFO ==> Height map loss:  11.692171
2024-12-06 06:50:00,666 INFO ===> New TaichiEnv created.
2024-12-06 06:50:00,666 INFO ===> Specifications: horizon = 300, dt = 0.01, n_substeps = 20, dt_sub = 0.0005
2024-12-06 06:50:00,689 DEBUG loaded <trimesh.Trimesh(vertices.shape=(916, 3), faces.shape=(856, 3))> using `load_obj` in 0.0030s
2024-12-06 06:50:00,830 DEBUG loaded <trimesh.Trimesh(vertices.shape=(48, 3), faces.shape=(28, 3))> using `load_obj` in 0.0007s
2024-12-06 06:50:10,253 INFO ==> EMD Loss: 37.893188
2024-12-06 06:50:10,253 INFO ==> Height map loss:  19.238758
2024-12-06 06:50:10,576 INFO ===> New TaichiEnv created.
2024-12-06 06:50:10,576 INFO ===> Specifications: horizon = 300, dt = 0.01, n_substeps = 20, dt_sub = 0.0005
2024-12-06 06:50:10,598 DEBUG loaded <trimesh.Trimesh(vertices.shape=(916, 3), faces.shape=(856, 3))> using `load_obj` in 0.0028s
2024-12-06 06:50:10,745 DEBUG loaded <trimesh.Trimesh(vertices.shape=(48, 3), faces.shape=(28, 3))> using `load_obj` in 0.0008s
2024-12-06 06:50:19,668 INFO ==> EMD Loss: 41.509949
2024-12-06 06:50:19,668 INFO ==> Height map loss:  24.004581
2024-12-06 06:50:19,991 INFO ===> New TaichiEnv created.
2024-12-06 06:50:19,991 INFO ===> Specifications: horizon = 300, dt = 0.01, n_substeps = 20, dt_sub = 0.0005
2024-12-06 06:50:20,013 DEBUG loaded <trimesh.Trimesh(vertices.shape=(916, 3), faces.shape=(856, 3))> using `load_obj` in 0.0029s
2024-12-06 06:50:20,154 DEBUG loaded <trimesh.Trimesh(vertices.shape=(48, 3), faces.shape=(28, 3))> using `load_obj` in 0.0007s
2024-12-06 06:50:29,528 INFO ==> EMD Loss: 37.982510
2024-12-06 06:50:29,528 INFO ==> Height map loss:  30.011557
2024-12-06 06:50:29,852 INFO ===> New TaichiEnv created.
2024-12-06 06:50:29,852 INFO ===> Specifications: horizon = 300, dt = 0.01, n_substeps = 20, dt_sub = 0.0005
2024-12-06 06:50:29,874 DEBUG loaded <trimesh.Trimesh(vertices.shape=(916, 3), faces.shape=(856, 3))> using `load_obj` in 0.0028s
2024-12-06 06:50:30,017 DEBUG loaded <trimesh.Trimesh(vertices.shape=(48, 3), faces.shape=(28, 3))> using `load_obj` in 0.0007s
2024-12-06 06:50:38,931 INFO ==> EMD Loss: 39.720219
2024-12-06 06:50:38,931 INFO ==> Height map loss:  32.938354
2024-12-06 06:50:38,931 INFO =====> Best alpha: 0.1, Best loss info: {'particle_has_naninf': False, 'height_map_loss': 11.692171096801758, 'emd_loss': 39.341461181640625, 'total_loss': 39.341461181640625}
2024-12-06 06:50:39,251 INFO ===> New TaichiEnv created.
2024-12-06 06:50:39,251 INFO ===> Specifications: horizon = 300, dt = 0.01, n_substeps = 20, dt_sub = 0.0005
2024-12-06 06:50:39,273 DEBUG loaded <trimesh.Trimesh(vertices.shape=(916, 3), faces.shape=(856, 3))> using `load_obj` in 0.0029s
2024-12-06 06:50:39,417 DEBUG loaded <trimesh.Trimesh(vertices.shape=(48, 3), faces.shape=(28, 3))> using `load_obj` in 0.0007s
2024-12-06 06:51:05,724 INFO =====> Epoch: 3
2024-12-06 06:51:05,724 INFO =====> EMD Loss: 39.335560
2024-12-06 06:51:05,724 INFO =====> Height map loss:  11.661564
2024-12-06 06:51:05,724 INFO =====> Num. aborted data so far: 0
2024-12-06 06:51:06,068 INFO ===> New TaichiEnv created.
2024-12-06 06:51:06,068 INFO ===> Specifications: horizon = 300, dt = 0.01, n_substeps = 20, dt_sub = 0.0005
2024-12-06 06:51:06,089 DEBUG loaded <trimesh.Trimesh(vertices.shape=(916, 3), faces.shape=(856, 3))> using `load_obj` in 0.0029s
2024-12-06 06:51:06,232 DEBUG loaded <trimesh.Trimesh(vertices.shape=(48, 3), faces.shape=(28, 3))> using `load_obj` in 0.0007s
2024-12-06 06:51:15,794 INFO ==> EMD Loss: 40.382015
2024-12-06 06:51:15,794 INFO ==> Height map loss:  14.840599
2024-12-06 06:51:16,118 INFO ===> New TaichiEnv created.
2024-12-06 06:51:16,118 INFO ===> Specifications: horizon = 300, dt = 0.01, n_substeps = 20, dt_sub = 0.0005
2024-12-06 06:51:16,139 DEBUG loaded <trimesh.Trimesh(vertices.shape=(916, 3), faces.shape=(856, 3))> using `load_obj` in 0.0029s
2024-12-06 06:51:16,281 DEBUG loaded <trimesh.Trimesh(vertices.shape=(48, 3), faces.shape=(28, 3))> using `load_obj` in 0.0007s
2024-12-06 06:51:25,184 INFO ==> EMD Loss: 35.684860
2024-12-06 06:51:25,184 INFO ==> Height map loss:  17.783094
2024-12-06 06:51:25,505 INFO ===> New TaichiEnv created.
2024-12-06 06:51:25,505 INFO ===> Specifications: horizon = 300, dt = 0.01, n_substeps = 20, dt_sub = 0.0005
2024-12-06 06:51:25,527 DEBUG loaded <trimesh.Trimesh(vertices.shape=(916, 3), faces.shape=(856, 3))> using `load_obj` in 0.0029s
2024-12-06 06:51:25,667 DEBUG loaded <trimesh.Trimesh(vertices.shape=(48, 3), faces.shape=(28, 3))> using `load_obj` in 0.0007s
2024-12-06 06:51:35,152 INFO ==> EMD Loss: 45.919228
2024-12-06 06:51:35,152 INFO ==> Height map loss:  27.517818
2024-12-06 06:51:35,472 INFO ===> New TaichiEnv created.
2024-12-06 06:51:35,472 INFO ===> Specifications: horizon = 300, dt = 0.01, n_substeps = 20, dt_sub = 0.0005
2024-12-06 06:51:35,493 DEBUG loaded <trimesh.Trimesh(vertices.shape=(916, 3), faces.shape=(856, 3))> using `load_obj` in 0.0029s
2024-12-06 06:51:35,637 DEBUG loaded <trimesh.Trimesh(vertices.shape=(48, 3), faces.shape=(28, 3))> using `load_obj` in 0.0007s
2024-12-06 06:51:44,571 INFO ==> EMD Loss: 47.385071
2024-12-06 06:51:44,571 INFO ==> Height map loss:  31.889359
2024-12-06 06:51:44,907 INFO ===> New TaichiEnv created.
2024-12-06 06:51:44,907 INFO ===> Specifications: horizon = 300, dt = 0.01, n_substeps = 20, dt_sub = 0.0005
2024-12-06 06:51:44,931 DEBUG loaded <trimesh.Trimesh(vertices.shape=(916, 3), faces.shape=(856, 3))> using `load_obj` in 0.0028s
2024-12-06 06:51:45,072 DEBUG loaded <trimesh.Trimesh(vertices.shape=(48, 3), faces.shape=(28, 3))> using `load_obj` in 0.0007s
2024-12-06 06:51:54,364 INFO ==> EMD Loss: 36.571327
2024-12-06 06:51:54,364 INFO ==> Height map loss:  32.652607
2024-12-06 06:51:54,364 INFO =====> Best alpha: 0.1, Best loss info: {'particle_has_naninf': False, 'height_map_loss': 14.840599060058594, 'emd_loss': 40.382015228271484, 'total_loss': 40.382015228271484}
2024-12-06 06:51:54,683 INFO ===> New TaichiEnv created.
2024-12-06 06:51:54,683 INFO ===> Specifications: horizon = 300, dt = 0.01, n_substeps = 20, dt_sub = 0.0005
2024-12-06 06:51:54,704 DEBUG loaded <trimesh.Trimesh(vertices.shape=(916, 3), faces.shape=(856, 3))> using `load_obj` in 0.0029s
2024-12-06 06:51:54,845 DEBUG loaded <trimesh.Trimesh(vertices.shape=(48, 3), faces.shape=(28, 3))> using `load_obj` in 0.0007s
2024-12-06 06:52:20,821 INFO =====> Epoch: 4
2024-12-06 06:52:20,821 INFO =====> EMD Loss: 40.384991
2024-12-06 06:52:20,821 INFO =====> Height map loss:  14.784457
2024-12-06 06:52:20,821 INFO =====> Num. aborted data so far: 0
2024-12-06 06:52:21,161 INFO ===> New TaichiEnv created.
2024-12-06 06:52:21,161 INFO ===> Specifications: horizon = 300, dt = 0.01, n_substeps = 20, dt_sub = 0.0005
2024-12-06 06:52:21,183 DEBUG loaded <trimesh.Trimesh(vertices.shape=(916, 3), faces.shape=(856, 3))> using `load_obj` in 0.0029s
2024-12-06 06:52:21,324 DEBUG loaded <trimesh.Trimesh(vertices.shape=(48, 3), faces.shape=(28, 3))> using `load_obj` in 0.0007s
2024-12-06 06:52:30,899 INFO ==> EMD Loss: 41.352600
2024-12-06 06:52:30,899 INFO ==> Height map loss:  14.287022
2024-12-06 06:52:31,219 INFO ===> New TaichiEnv created.
2024-12-06 06:52:31,219 INFO ===> Specifications: horizon = 300, dt = 0.01, n_substeps = 20, dt_sub = 0.0005
2024-12-06 06:52:31,241 DEBUG loaded <trimesh.Trimesh(vertices.shape=(916, 3), faces.shape=(856, 3))> using `load_obj` in 0.0029s
2024-12-06 06:52:31,382 DEBUG loaded <trimesh.Trimesh(vertices.shape=(48, 3), faces.shape=(28, 3))> using `load_obj` in 0.0007s
2024-12-06 06:52:40,265 INFO ==> EMD Loss: 33.100864
2024-12-06 06:52:40,265 INFO ==> Height map loss:  14.931818
2024-12-06 06:52:40,588 INFO ===> New TaichiEnv created.
2024-12-06 06:52:40,588 INFO ===> Specifications: horizon = 300, dt = 0.01, n_substeps = 20, dt_sub = 0.0005
2024-12-06 06:52:40,609 DEBUG loaded <trimesh.Trimesh(vertices.shape=(916, 3), faces.shape=(856, 3))> using `load_obj` in 0.0029s
2024-12-06 06:52:40,751 DEBUG loaded <trimesh.Trimesh(vertices.shape=(48, 3), faces.shape=(28, 3))> using `load_obj` in 0.0007s
2024-12-06 06:52:49,881 INFO ==> EMD Loss: 14.131758
2024-12-06 06:52:49,881 INFO ==> Height map loss:  7.052759
2024-12-06 06:52:50,207 INFO ===> New TaichiEnv created.
2024-12-06 06:52:50,207 INFO ===> Specifications: horizon = 300, dt = 0.01, n_substeps = 20, dt_sub = 0.0005
2024-12-06 06:52:50,229 DEBUG loaded <trimesh.Trimesh(vertices.shape=(916, 3), faces.shape=(856, 3))> using `load_obj` in 0.0029s
2024-12-06 06:52:50,373 DEBUG loaded <trimesh.Trimesh(vertices.shape=(48, 3), faces.shape=(28, 3))> using `load_obj` in 0.0007s
2024-12-06 06:52:58,991 INFO ==> EMD Loss: 14.120433
2024-12-06 06:52:58,991 INFO ==> Height map loss:  7.060717
2024-12-06 06:52:59,312 INFO ===> New TaichiEnv created.
2024-12-06 06:52:59,312 INFO ===> Specifications: horizon = 300, dt = 0.01, n_substeps = 20, dt_sub = 0.0005
2024-12-06 06:52:59,333 DEBUG loaded <trimesh.Trimesh(vertices.shape=(916, 3), faces.shape=(856, 3))> using `load_obj` in 0.0031s
2024-12-06 06:52:59,478 DEBUG loaded <trimesh.Trimesh(vertices.shape=(48, 3), faces.shape=(28, 3))> using `load_obj` in 0.0007s
2024-12-06 06:53:08,962 INFO ==> EMD Loss: 36.347061
2024-12-06 06:53:08,963 INFO ==> Height map loss:  16.011665
2024-12-06 06:53:08,963 INFO =====> Best alpha: 1.0, Best loss info: {'particle_has_naninf': False, 'height_map_loss': 7.052759170532227, 'emd_loss': 14.131757736206055, 'total_loss': 14.131757736206055}
2024-12-06 06:53:09,283 INFO ===> New TaichiEnv created.
2024-12-06 06:53:09,283 INFO ===> Specifications: horizon = 300, dt = 0.01, n_substeps = 20, dt_sub = 0.0005
2024-12-06 06:53:09,304 DEBUG loaded <trimesh.Trimesh(vertices.shape=(916, 3), faces.shape=(856, 3))> using `load_obj` in 0.0029s
2024-12-06 06:53:09,446 DEBUG loaded <trimesh.Trimesh(vertices.shape=(48, 3), faces.shape=(28, 3))> using `load_obj` in 0.0007s
2024-12-06 06:53:35,063 INFO =====> Epoch: 5
2024-12-06 06:53:35,063 INFO =====> EMD Loss: 20.638390
2024-12-06 06:53:35,063 INFO =====> Height map loss:  10.123726
2024-12-06 06:53:35,063 INFO =====> Num. aborted data so far: 0
2024-12-06 06:53:35,406 INFO ===> New TaichiEnv created.
2024-12-06 06:53:35,406 INFO ===> Specifications: horizon = 300, dt = 0.01, n_substeps = 20, dt_sub = 0.0005
2024-12-06 06:53:35,428 DEBUG loaded <trimesh.Trimesh(vertices.shape=(916, 3), faces.shape=(856, 3))> using `load_obj` in 0.0029s
2024-12-06 06:53:35,570 DEBUG loaded <trimesh.Trimesh(vertices.shape=(48, 3), faces.shape=(28, 3))> using `load_obj` in 0.0007s
2024-12-06 06:53:44,151 INFO ==> EMD Loss: 14.131732
2024-12-06 06:53:44,151 INFO ==> Height map loss:  7.052714
2024-12-06 06:53:44,477 INFO ===> New TaichiEnv created.
2024-12-06 06:53:44,477 INFO ===> Specifications: horizon = 300, dt = 0.01, n_substeps = 20, dt_sub = 0.0005
2024-12-06 06:53:44,498 DEBUG loaded <trimesh.Trimesh(vertices.shape=(916, 3), faces.shape=(856, 3))> using `load_obj` in 0.0029s
2024-12-06 06:53:44,639 DEBUG loaded <trimesh.Trimesh(vertices.shape=(48, 3), faces.shape=(28, 3))> using `load_obj` in 0.0007s
2024-12-06 06:53:53,759 INFO ==> EMD Loss: 14.131699
2024-12-06 06:53:53,759 INFO ==> Height map loss:  7.052773
2024-12-06 06:53:54,082 INFO ===> New TaichiEnv created.
2024-12-06 06:53:54,082 INFO ===> Specifications: horizon = 300, dt = 0.01, n_substeps = 20, dt_sub = 0.0005
2024-12-06 06:53:54,103 DEBUG loaded <trimesh.Trimesh(vertices.shape=(916, 3), faces.shape=(856, 3))> using `load_obj` in 0.0029s
2024-12-06 06:53:54,244 DEBUG loaded <trimesh.Trimesh(vertices.shape=(48, 3), faces.shape=(28, 3))> using `load_obj` in 0.0007s
2024-12-06 06:54:02,788 INFO ==> EMD Loss: 14.131704
2024-12-06 06:54:02,788 INFO ==> Height map loss:  7.052747
2024-12-06 06:54:03,107 INFO ===> New TaichiEnv created.
2024-12-06 06:54:03,107 INFO ===> Specifications: horizon = 300, dt = 0.01, n_substeps = 20, dt_sub = 0.0005
2024-12-06 06:54:03,128 DEBUG loaded <trimesh.Trimesh(vertices.shape=(916, 3), faces.shape=(856, 3))> using `load_obj` in 0.0028s
2024-12-06 06:54:03,270 DEBUG loaded <trimesh.Trimesh(vertices.shape=(48, 3), faces.shape=(28, 3))> using `load_obj` in 0.0007s
2024-12-06 06:54:12,370 INFO ==> EMD Loss: 14.131689
2024-12-06 06:54:12,370 INFO ==> Height map loss:  7.052857
2024-12-06 06:54:12,689 INFO ===> New TaichiEnv created.
2024-12-06 06:54:12,689 INFO ===> Specifications: horizon = 300, dt = 0.01, n_substeps = 20, dt_sub = 0.0005
2024-12-06 06:54:12,711 DEBUG loaded <trimesh.Trimesh(vertices.shape=(916, 3), faces.shape=(856, 3))> using `load_obj` in 0.0030s
2024-12-06 06:54:12,852 DEBUG loaded <trimesh.Trimesh(vertices.shape=(48, 3), faces.shape=(28, 3))> using `load_obj` in 0.0007s
2024-12-06 06:54:21,429 INFO ==> EMD Loss: 14.131686
2024-12-06 06:54:21,429 INFO ==> Height map loss:  7.052749
2024-12-06 06:54:21,429 INFO =====> Best alpha: 0.1, Best loss info: {'particle_has_naninf': False, 'height_map_loss': 7.052713871002197, 'emd_loss': 14.131731986999512, 'total_loss': 14.131731986999512}
2024-12-06 06:54:21,755 INFO ===> New TaichiEnv created.
2024-12-06 06:54:21,755 INFO ===> Specifications: horizon = 300, dt = 0.01, n_substeps = 20, dt_sub = 0.0005
2024-12-06 06:54:21,776 DEBUG loaded <trimesh.Trimesh(vertices.shape=(916, 3), faces.shape=(856, 3))> using `load_obj` in 0.0029s
2024-12-06 06:54:21,917 DEBUG loaded <trimesh.Trimesh(vertices.shape=(48, 3), faces.shape=(28, 3))> using `load_obj` in 0.0007s
2024-12-06 06:54:47,363 INFO =====> Epoch: 6
2024-12-06 06:54:47,363 INFO =====> EMD Loss: 14.131714
2024-12-06 06:54:47,363 INFO =====> Height map loss:  7.052727
2024-12-06 06:54:47,363 INFO =====> Num. aborted data so far: 0
2024-12-06 06:54:47,713 INFO ===> New TaichiEnv created.
2024-12-06 06:54:47,713 INFO ===> Specifications: horizon = 300, dt = 0.01, n_substeps = 20, dt_sub = 0.0005
2024-12-06 06:54:47,735 DEBUG loaded <trimesh.Trimesh(vertices.shape=(916, 3), faces.shape=(856, 3))> using `load_obj` in 0.0028s
2024-12-06 06:54:47,876 DEBUG loaded <trimesh.Trimesh(vertices.shape=(48, 3), faces.shape=(28, 3))> using `load_obj` in 0.0007s
2024-12-06 06:54:57,001 INFO ==> EMD Loss: 14.131615
2024-12-06 06:54:57,001 INFO ==> Height map loss:  7.052937
2024-12-06 06:54:57,326 INFO ===> New TaichiEnv created.
2024-12-06 06:54:57,326 INFO ===> Specifications: horizon = 300, dt = 0.01, n_substeps = 20, dt_sub = 0.0005
2024-12-06 06:54:57,348 DEBUG loaded <trimesh.Trimesh(vertices.shape=(916, 3), faces.shape=(856, 3))> using `load_obj` in 0.0029s
2024-12-06 06:54:57,490 DEBUG loaded <trimesh.Trimesh(vertices.shape=(48, 3), faces.shape=(28, 3))> using `load_obj` in 0.0007s
2024-12-06 06:55:06,594 INFO ==> EMD Loss: 14.131704
2024-12-06 06:55:06,594 INFO ==> Height map loss:  7.052719
2024-12-06 06:55:06,913 INFO ===> New TaichiEnv created.
2024-12-06 06:55:06,913 INFO ===> Specifications: horizon = 300, dt = 0.01, n_substeps = 20, dt_sub = 0.0005
2024-12-06 06:55:06,934 DEBUG loaded <trimesh.Trimesh(vertices.shape=(916, 3), faces.shape=(856, 3))> using `load_obj` in 0.0028s
2024-12-06 06:55:07,077 DEBUG loaded <trimesh.Trimesh(vertices.shape=(48, 3), faces.shape=(28, 3))> using `load_obj` in 0.0007s
2024-12-06 06:55:15,634 INFO ==> EMD Loss: 14.131661
2024-12-06 06:55:15,634 INFO ==> Height map loss:  7.052863
2024-12-06 06:55:15,955 INFO ===> New TaichiEnv created.
2024-12-06 06:55:15,956 INFO ===> Specifications: horizon = 300, dt = 0.01, n_substeps = 20, dt_sub = 0.0005
2024-12-06 06:55:15,977 DEBUG loaded <trimesh.Trimesh(vertices.shape=(916, 3), faces.shape=(856, 3))> using `load_obj` in 0.0029s
2024-12-06 06:55:16,118 DEBUG loaded <trimesh.Trimesh(vertices.shape=(48, 3), faces.shape=(28, 3))> using `load_obj` in 0.0007s
2024-12-06 06:55:25,223 INFO ==> EMD Loss: 14.131699
2024-12-06 06:55:25,223 INFO ==> Height map loss:  7.052792
2024-12-06 06:55:25,547 INFO ===> New TaichiEnv created.
2024-12-06 06:55:25,547 INFO ===> Specifications: horizon = 300, dt = 0.01, n_substeps = 20, dt_sub = 0.0005
2024-12-06 06:55:25,568 DEBUG loaded <trimesh.Trimesh(vertices.shape=(916, 3), faces.shape=(856, 3))> using `load_obj` in 0.0029s
2024-12-06 06:55:25,710 DEBUG loaded <trimesh.Trimesh(vertices.shape=(48, 3), faces.shape=(28, 3))> using `load_obj` in 0.0007s
2024-12-06 06:55:34,310 INFO ==> EMD Loss: 14.131734
2024-12-06 06:55:34,310 INFO ==> Height map loss:  7.052690
2024-12-06 06:55:34,310 INFO =====> Best alpha: 2.0, Best loss info: {'particle_has_naninf': False, 'height_map_loss': 7.052689552307129, 'emd_loss': 14.131733894348145, 'total_loss': 14.131733894348145}
2024-12-06 06:55:34,692 INFO ===> New TaichiEnv created.
2024-12-06 06:55:34,692 INFO ===> Specifications: horizon = 300, dt = 0.01, n_substeps = 20, dt_sub = 0.0005
2024-12-06 06:55:34,714 DEBUG loaded <trimesh.Trimesh(vertices.shape=(916, 3), faces.shape=(856, 3))> using `load_obj` in 0.0029s
2024-12-06 06:55:34,862 DEBUG loaded <trimesh.Trimesh(vertices.shape=(48, 3), faces.shape=(28, 3))> using `load_obj` in 0.0007s
2024-12-06 06:56:00,339 INFO =====> Epoch: 7
2024-12-06 06:56:00,339 INFO =====> EMD Loss: 14.131681
2024-12-06 06:56:00,339 INFO =====> Height map loss:  7.052771
2024-12-06 06:56:00,339 INFO =====> Num. aborted data so far: 0
2024-12-06 06:56:00,686 INFO ===> New TaichiEnv created.
2024-12-06 06:56:00,686 INFO ===> Specifications: horizon = 300, dt = 0.01, n_substeps = 20, dt_sub = 0.0005
2024-12-06 06:56:00,707 DEBUG loaded <trimesh.Trimesh(vertices.shape=(916, 3), faces.shape=(856, 3))> using `load_obj` in 0.0029s
2024-12-06 06:56:00,851 DEBUG loaded <trimesh.Trimesh(vertices.shape=(48, 3), faces.shape=(28, 3))> using `load_obj` in 0.0007s
2024-12-06 06:56:09,986 INFO ==> EMD Loss: 14.131709
2024-12-06 06:56:09,986 INFO ==> Height map loss:  7.052823
2024-12-06 06:56:10,312 INFO ===> New TaichiEnv created.
2024-12-06 06:56:10,312 INFO ===> Specifications: horizon = 300, dt = 0.01, n_substeps = 20, dt_sub = 0.0005
2024-12-06 06:56:10,335 DEBUG loaded <trimesh.Trimesh(vertices.shape=(916, 3), faces.shape=(856, 3))> using `load_obj` in 0.0032s
2024-12-06 06:56:10,478 DEBUG loaded <trimesh.Trimesh(vertices.shape=(48, 3), faces.shape=(28, 3))> using `load_obj` in 0.0007s
2024-12-06 06:56:19,088 INFO ==> EMD Loss: 14.131666
2024-12-06 06:56:19,088 INFO ==> Height map loss:  7.052910
2024-12-06 06:56:19,452 INFO ===> New TaichiEnv created.
2024-12-06 06:56:19,452 INFO ===> Specifications: horizon = 300, dt = 0.01, n_substeps = 20, dt_sub = 0.0005
2024-12-06 06:56:19,474 DEBUG loaded <trimesh.Trimesh(vertices.shape=(916, 3), faces.shape=(856, 3))> using `load_obj` in 0.0031s
2024-12-06 06:56:19,616 DEBUG loaded <trimesh.Trimesh(vertices.shape=(48, 3), faces.shape=(28, 3))> using `load_obj` in 0.0007s
2024-12-06 06:56:28,751 INFO ==> EMD Loss: 14.131607
2024-12-06 06:56:28,751 INFO ==> Height map loss:  7.052762
2024-12-06 06:56:29,072 INFO ===> New TaichiEnv created.
2024-12-06 06:56:29,072 INFO ===> Specifications: horizon = 300, dt = 0.01, n_substeps = 20, dt_sub = 0.0005
2024-12-06 06:56:29,094 DEBUG loaded <trimesh.Trimesh(vertices.shape=(916, 3), faces.shape=(856, 3))> using `load_obj` in 0.0029s
2024-12-06 06:56:29,235 DEBUG loaded <trimesh.Trimesh(vertices.shape=(48, 3), faces.shape=(28, 3))> using `load_obj` in 0.0007s
2024-12-06 06:56:37,812 INFO ==> EMD Loss: 14.131605
2024-12-06 06:56:37,812 INFO ==> Height map loss:  7.052816
2024-12-06 06:56:38,174 INFO ===> New TaichiEnv created.
2024-12-06 06:56:38,174 INFO ===> Specifications: horizon = 300, dt = 0.01, n_substeps = 20, dt_sub = 0.0005
2024-12-06 06:56:38,195 DEBUG loaded <trimesh.Trimesh(vertices.shape=(916, 3), faces.shape=(856, 3))> using `load_obj` in 0.0028s
2024-12-06 06:56:38,336 DEBUG loaded <trimesh.Trimesh(vertices.shape=(48, 3), faces.shape=(28, 3))> using `load_obj` in 0.0007s
2024-12-06 06:56:47,453 INFO ==> EMD Loss: 14.131688
2024-12-06 06:56:47,453 INFO ==> Height map loss:  7.052820
2024-12-06 06:56:47,453 INFO =====> Best alpha: 1.0, Best loss info: {'particle_has_naninf': False, 'height_map_loss': 7.052761554718018, 'emd_loss': 14.131607055664062, 'total_loss': 14.131607055664062}
2024-12-06 06:56:47,773 INFO ===> New TaichiEnv created.
2024-12-06 06:56:47,773 INFO ===> Specifications: horizon = 300, dt = 0.01, n_substeps = 20, dt_sub = 0.0005
2024-12-06 06:56:47,795 DEBUG loaded <trimesh.Trimesh(vertices.shape=(916, 3), faces.shape=(856, 3))> using `load_obj` in 0.0029s
2024-12-06 06:56:47,937 DEBUG loaded <trimesh.Trimesh(vertices.shape=(48, 3), faces.shape=(28, 3))> using `load_obj` in 0.0007s
2024-12-06 06:57:13,748 INFO =====> Epoch: 8
2024-12-06 06:57:13,748 INFO =====> EMD Loss: 14.131779
2024-12-06 06:57:13,748 INFO =====> Height map loss:  7.052655
2024-12-06 06:57:13,748 INFO =====> Num. aborted data so far: 0
2024-12-06 06:57:14,091 INFO ===> New TaichiEnv created.
2024-12-06 06:57:14,091 INFO ===> Specifications: horizon = 300, dt = 0.01, n_substeps = 20, dt_sub = 0.0005
2024-12-06 06:57:14,112 DEBUG loaded <trimesh.Trimesh(vertices.shape=(916, 3), faces.shape=(856, 3))> using `load_obj` in 0.0029s
2024-12-06 06:57:14,254 DEBUG loaded <trimesh.Trimesh(vertices.shape=(48, 3), faces.shape=(28, 3))> using `load_obj` in 0.0007s
2024-12-06 06:57:22,849 INFO ==> EMD Loss: 14.131713
2024-12-06 06:57:22,849 INFO ==> Height map loss:  7.052811
2024-12-06 06:57:23,171 INFO ===> New TaichiEnv created.
2024-12-06 06:57:23,171 INFO ===> Specifications: horizon = 300, dt = 0.01, n_substeps = 20, dt_sub = 0.0005
2024-12-06 06:57:23,193 DEBUG loaded <trimesh.Trimesh(vertices.shape=(916, 3), faces.shape=(856, 3))> using `load_obj` in 0.0028s
2024-12-06 06:57:23,335 DEBUG loaded <trimesh.Trimesh(vertices.shape=(48, 3), faces.shape=(28, 3))> using `load_obj` in 0.0007s
2024-12-06 06:57:32,467 INFO ==> EMD Loss: 14.131700
2024-12-06 06:57:32,467 INFO ==> Height map loss:  7.052851
2024-12-06 06:57:32,788 INFO ===> New TaichiEnv created.
2024-12-06 06:57:32,788 INFO ===> Specifications: horizon = 300, dt = 0.01, n_substeps = 20, dt_sub = 0.0005
2024-12-06 06:57:32,809 DEBUG loaded <trimesh.Trimesh(vertices.shape=(916, 3), faces.shape=(856, 3))> using `load_obj` in 0.0029s
2024-12-06 06:57:32,951 DEBUG loaded <trimesh.Trimesh(vertices.shape=(48, 3), faces.shape=(28, 3))> using `load_obj` in 0.0007s
2024-12-06 06:57:42,068 INFO ==> EMD Loss: 14.131709
2024-12-06 06:57:42,068 INFO ==> Height map loss:  7.052670
2024-12-06 06:57:42,392 INFO ===> New TaichiEnv created.
2024-12-06 06:57:42,392 INFO ===> Specifications: horizon = 300, dt = 0.01, n_substeps = 20, dt_sub = 0.0005
2024-12-06 06:57:42,413 DEBUG loaded <trimesh.Trimesh(vertices.shape=(916, 3), faces.shape=(856, 3))> using `load_obj` in 0.0028s
2024-12-06 06:57:42,555 DEBUG loaded <trimesh.Trimesh(vertices.shape=(48, 3), faces.shape=(28, 3))> using `load_obj` in 0.0007s
2024-12-06 06:57:51,124 INFO ==> EMD Loss: 14.131809
2024-12-06 06:57:51,124 INFO ==> Height map loss:  7.052637
2024-12-06 06:57:51,447 INFO ===> New TaichiEnv created.
2024-12-06 06:57:51,447 INFO ===> Specifications: horizon = 300, dt = 0.01, n_substeps = 20, dt_sub = 0.0005
2024-12-06 06:57:51,469 DEBUG loaded <trimesh.Trimesh(vertices.shape=(916, 3), faces.shape=(856, 3))> using `load_obj` in 0.0029s
2024-12-06 06:57:51,610 DEBUG loaded <trimesh.Trimesh(vertices.shape=(48, 3), faces.shape=(28, 3))> using `load_obj` in 0.0007s
2024-12-06 06:58:00,739 INFO ==> EMD Loss: 14.131658
2024-12-06 06:58:00,739 INFO ==> Height map loss:  7.052878
2024-12-06 06:58:00,739 INFO =====> Best alpha: 1.5, Best loss info: {'particle_has_naninf': False, 'height_map_loss': 7.052636623382568, 'emd_loss': 14.13180923461914, 'total_loss': 14.13180923461914}
2024-12-06 06:58:01,062 INFO ===> New TaichiEnv created.
2024-12-06 06:58:01,062 INFO ===> Specifications: horizon = 300, dt = 0.01, n_substeps = 20, dt_sub = 0.0005
2024-12-06 06:58:01,083 DEBUG loaded <trimesh.Trimesh(vertices.shape=(916, 3), faces.shape=(856, 3))> using `load_obj` in 0.0028s
2024-12-06 06:58:01,224 DEBUG loaded <trimesh.Trimesh(vertices.shape=(48, 3), faces.shape=(28, 3))> using `load_obj` in 0.0007s
2024-12-06 06:58:26,729 INFO =====> Epoch: 9
2024-12-06 06:58:26,729 INFO =====> EMD Loss: 14.131790
2024-12-06 06:58:26,729 INFO =====> Height map loss:  7.052805
2024-12-06 06:58:26,729 INFO =====> Num. aborted data so far: 0
2024-12-06 06:58:27,076 INFO ===> New TaichiEnv created.
2024-12-06 06:58:27,076 INFO ===> Specifications: horizon = 300, dt = 0.01, n_substeps = 20, dt_sub = 0.0005
2024-12-06 06:58:27,097 DEBUG loaded <trimesh.Trimesh(vertices.shape=(916, 3), faces.shape=(856, 3))> using `load_obj` in 0.0030s
2024-12-06 06:58:27,240 DEBUG loaded <trimesh.Trimesh(vertices.shape=(48, 3), faces.shape=(28, 3))> using `load_obj` in 0.0007s
2024-12-06 06:58:35,836 INFO ==> EMD Loss: 14.131649
2024-12-06 06:58:35,836 INFO ==> Height map loss:  7.052732
2024-12-06 06:58:36,179 INFO ===> New TaichiEnv created.
2024-12-06 06:58:36,179 INFO ===> Specifications: horizon = 300, dt = 0.01, n_substeps = 20, dt_sub = 0.0005
2024-12-06 06:58:36,201 DEBUG loaded <trimesh.Trimesh(vertices.shape=(916, 3), faces.shape=(856, 3))> using `load_obj` in 0.0030s
2024-12-06 06:58:36,345 DEBUG loaded <trimesh.Trimesh(vertices.shape=(48, 3), faces.shape=(28, 3))> using `load_obj` in 0.0007s
2024-12-06 06:58:45,501 INFO ==> EMD Loss: 14.131721
2024-12-06 06:58:45,501 INFO ==> Height map loss:  7.052762
2024-12-06 06:58:45,825 INFO ===> New TaichiEnv created.
2024-12-06 06:58:45,825 INFO ===> Specifications: horizon = 300, dt = 0.01, n_substeps = 20, dt_sub = 0.0005
2024-12-06 06:58:45,847 DEBUG loaded <trimesh.Trimesh(vertices.shape=(916, 3), faces.shape=(856, 3))> using `load_obj` in 0.0029s
2024-12-06 06:58:45,989 DEBUG loaded <trimesh.Trimesh(vertices.shape=(48, 3), faces.shape=(28, 3))> using `load_obj` in 0.0007s
2024-12-06 06:58:54,581 INFO ==> EMD Loss: 14.131684
2024-12-06 06:58:54,581 INFO ==> Height map loss:  7.052760
2024-12-06 06:58:54,906 INFO ===> New TaichiEnv created.
2024-12-06 06:58:54,906 INFO ===> Specifications: horizon = 300, dt = 0.01, n_substeps = 20, dt_sub = 0.0005
2024-12-06 06:58:54,928 DEBUG loaded <trimesh.Trimesh(vertices.shape=(916, 3), faces.shape=(856, 3))> using `load_obj` in 0.0029s
2024-12-06 06:58:55,070 DEBUG loaded <trimesh.Trimesh(vertices.shape=(48, 3), faces.shape=(28, 3))> using `load_obj` in 0.0007s
2024-12-06 06:59:04,211 INFO ==> EMD Loss: 14.131707
2024-12-06 06:59:04,212 INFO ==> Height map loss:  7.052736
2024-12-06 06:59:04,538 INFO ===> New TaichiEnv created.
2024-12-06 06:59:04,538 INFO ===> Specifications: horizon = 300, dt = 0.01, n_substeps = 20, dt_sub = 0.0005
2024-12-06 06:59:04,560 DEBUG loaded <trimesh.Trimesh(vertices.shape=(916, 3), faces.shape=(856, 3))> using `load_obj` in 0.0029s
2024-12-06 06:59:04,701 DEBUG loaded <trimesh.Trimesh(vertices.shape=(48, 3), faces.shape=(28, 3))> using `load_obj` in 0.0007s
2024-12-06 06:59:13,284 INFO ==> EMD Loss: 14.131651
2024-12-06 06:59:13,284 INFO ==> Height map loss:  7.052821
2024-12-06 06:59:13,284 INFO =====> Best alpha: 0.1, Best loss info: {'particle_has_naninf': False, 'height_map_loss': 7.052731990814209, 'emd_loss': 14.131649017333984, 'total_loss': 14.131649017333984}
2024-12-06 06:59:13,609 INFO ===> New TaichiEnv created.
2024-12-06 06:59:13,609 INFO ===> Specifications: horizon = 300, dt = 0.01, n_substeps = 20, dt_sub = 0.0005
2024-12-06 06:59:13,630 DEBUG loaded <trimesh.Trimesh(vertices.shape=(916, 3), faces.shape=(856, 3))> using `load_obj` in 0.0028s
2024-12-06 06:59:13,772 DEBUG loaded <trimesh.Trimesh(vertices.shape=(48, 3), faces.shape=(28, 3))> using `load_obj` in 0.0007s
2024-12-06 06:59:39,276 INFO =====> Epoch: 10
2024-12-06 06:59:39,276 INFO =====> EMD Loss: 14.131695
2024-12-06 06:59:39,276 INFO =====> Height map loss:  7.052856
2024-12-06 06:59:39,276 INFO =====> Num. aborted data so far: 0
2024-12-06 06:59:39,623 INFO ===> New TaichiEnv created.
2024-12-06 06:59:39,624 INFO ===> Specifications: horizon = 300, dt = 0.01, n_substeps = 20, dt_sub = 0.0005
2024-12-06 06:59:39,645 DEBUG loaded <trimesh.Trimesh(vertices.shape=(916, 3), faces.shape=(856, 3))> using `load_obj` in 0.0029s
2024-12-06 06:59:39,789 DEBUG loaded <trimesh.Trimesh(vertices.shape=(48, 3), faces.shape=(28, 3))> using `load_obj` in 0.0007s
2024-12-06 06:59:48,944 INFO ==> EMD Loss: 14.131667
2024-12-06 06:59:48,944 INFO ==> Height map loss:  7.052822
2024-12-06 06:59:49,266 INFO ===> New TaichiEnv created.
2024-12-06 06:59:49,266 INFO ===> Specifications: horizon = 300, dt = 0.01, n_substeps = 20, dt_sub = 0.0005
2024-12-06 06:59:49,287 DEBUG loaded <trimesh.Trimesh(vertices.shape=(916, 3), faces.shape=(856, 3))> using `load_obj` in 0.0029s
2024-12-06 06:59:49,428 DEBUG loaded <trimesh.Trimesh(vertices.shape=(48, 3), faces.shape=(28, 3))> using `load_obj` in 0.0007s
2024-12-06 06:59:58,016 INFO ==> EMD Loss: 14.131684
2024-12-06 06:59:58,016 INFO ==> Height map loss:  7.052711
2024-12-06 06:59:58,342 INFO ===> New TaichiEnv created.
2024-12-06 06:59:58,342 INFO ===> Specifications: horizon = 300, dt = 0.01, n_substeps = 20, dt_sub = 0.0005
2024-12-06 06:59:58,364 DEBUG loaded <trimesh.Trimesh(vertices.shape=(916, 3), faces.shape=(856, 3))> using `load_obj` in 0.0028s
2024-12-06 06:59:58,506 DEBUG loaded <trimesh.Trimesh(vertices.shape=(48, 3), faces.shape=(28, 3))> using `load_obj` in 0.0007s
2024-12-06 07:00:07,669 INFO ==> EMD Loss: 14.131774
2024-12-06 07:00:07,669 INFO ==> Height map loss:  7.052751
2024-12-06 07:00:07,993 INFO ===> New TaichiEnv created.
2024-12-06 07:00:07,993 INFO ===> Specifications: horizon = 300, dt = 0.01, n_substeps = 20, dt_sub = 0.0005
2024-12-06 07:00:08,014 DEBUG loaded <trimesh.Trimesh(vertices.shape=(916, 3), faces.shape=(856, 3))> using `load_obj` in 0.0029s
2024-12-06 07:00:08,159 DEBUG loaded <trimesh.Trimesh(vertices.shape=(48, 3), faces.shape=(28, 3))> using `load_obj` in 0.0007s
2024-12-06 07:00:17,317 INFO ==> EMD Loss: 14.131742
2024-12-06 07:00:17,317 INFO ==> Height map loss:  7.052824
2024-12-06 07:00:17,641 INFO ===> New TaichiEnv created.
2024-12-06 07:00:17,641 INFO ===> Specifications: horizon = 300, dt = 0.01, n_substeps = 20, dt_sub = 0.0005
2024-12-06 07:00:17,662 DEBUG loaded <trimesh.Trimesh(vertices.shape=(916, 3), faces.shape=(856, 3))> using `load_obj` in 0.0028s
2024-12-06 07:00:17,804 DEBUG loaded <trimesh.Trimesh(vertices.shape=(48, 3), faces.shape=(28, 3))> using `load_obj` in 0.0007s
2024-12-06 07:00:26,391 INFO ==> EMD Loss: 14.131657
2024-12-06 07:00:26,391 INFO ==> Height map loss:  7.052826
2024-12-06 07:00:26,391 INFO =====> Best alpha: 0.5, Best loss info: {'particle_has_naninf': False, 'height_map_loss': 7.05271053314209, 'emd_loss': 14.131684303283691, 'total_loss': 14.131684303283691}
2024-12-06 07:00:26,715 INFO ===> New TaichiEnv created.
2024-12-06 07:00:26,715 INFO ===> Specifications: horizon = 300, dt = 0.01, n_substeps = 20, dt_sub = 0.0005
2024-12-06 07:00:26,737 DEBUG loaded <trimesh.Trimesh(vertices.shape=(916, 3), faces.shape=(856, 3))> using `load_obj` in 0.0030s
2024-12-06 07:00:26,879 DEBUG loaded <trimesh.Trimesh(vertices.shape=(48, 3), faces.shape=(28, 3))> using `load_obj` in 0.0007s
2024-12-06 07:00:52,363 INFO =====> Epoch: 11
2024-12-06 07:00:52,363 INFO =====> EMD Loss: 14.131618
2024-12-06 07:00:52,363 INFO =====> Height map loss:  7.052612
2024-12-06 07:00:52,363 INFO =====> Num. aborted data so far: 0
2024-12-06 07:00:52,712 INFO ===> New TaichiEnv created.
2024-12-06 07:00:52,712 INFO ===> Specifications: horizon = 300, dt = 0.01, n_substeps = 20, dt_sub = 0.0005
2024-12-06 07:00:52,733 DEBUG loaded <trimesh.Trimesh(vertices.shape=(916, 3), faces.shape=(856, 3))> using `load_obj` in 0.0029s
2024-12-06 07:00:52,877 DEBUG loaded <trimesh.Trimesh(vertices.shape=(48, 3), faces.shape=(28, 3))> using `load_obj` in 0.0007s
2024-12-06 07:01:02,027 INFO ==> EMD Loss: 14.131639
2024-12-06 07:01:02,027 INFO ==> Height map loss:  7.052837
2024-12-06 07:01:02,394 INFO ===> New TaichiEnv created.
2024-12-06 07:01:02,394 INFO ===> Specifications: horizon = 300, dt = 0.01, n_substeps = 20, dt_sub = 0.0005
2024-12-06 07:01:02,415 DEBUG loaded <trimesh.Trimesh(vertices.shape=(916, 3), faces.shape=(856, 3))> using `load_obj` in 0.0029s
2024-12-06 07:01:02,557 DEBUG loaded <trimesh.Trimesh(vertices.shape=(48, 3), faces.shape=(28, 3))> using `load_obj` in 0.0007s
2024-12-06 07:01:11,140 INFO ==> EMD Loss: 14.131690
2024-12-06 07:01:11,140 INFO ==> Height map loss:  7.052710
2024-12-06 07:01:11,466 INFO ===> New TaichiEnv created.
2024-12-06 07:01:11,466 INFO ===> Specifications: horizon = 300, dt = 0.01, n_substeps = 20, dt_sub = 0.0005
2024-12-06 07:01:11,488 DEBUG loaded <trimesh.Trimesh(vertices.shape=(916, 3), faces.shape=(856, 3))> using `load_obj` in 0.0031s
2024-12-06 07:01:11,630 DEBUG loaded <trimesh.Trimesh(vertices.shape=(48, 3), faces.shape=(28, 3))> using `load_obj` in 0.0007s
2024-12-06 07:01:20,791 INFO ==> EMD Loss: 14.131748
2024-12-06 07:01:20,791 INFO ==> Height map loss:  7.052608
2024-12-06 07:01:21,117 INFO ===> New TaichiEnv created.
2024-12-06 07:01:21,117 INFO ===> Specifications: horizon = 300, dt = 0.01, n_substeps = 20, dt_sub = 0.0005
2024-12-06 07:01:21,138 DEBUG loaded <trimesh.Trimesh(vertices.shape=(916, 3), faces.shape=(856, 3))> using `load_obj` in 0.0029s
2024-12-06 07:01:21,279 DEBUG loaded <trimesh.Trimesh(vertices.shape=(48, 3), faces.shape=(28, 3))> using `load_obj` in 0.0007s
2024-12-06 07:01:29,859 INFO ==> EMD Loss: 14.131706
2024-12-06 07:01:29,859 INFO ==> Height map loss:  7.052774
2024-12-06 07:01:30,185 INFO ===> New TaichiEnv created.
2024-12-06 07:01:30,185 INFO ===> Specifications: horizon = 300, dt = 0.01, n_substeps = 20, dt_sub = 0.0005
2024-12-06 07:01:30,207 DEBUG loaded <trimesh.Trimesh(vertices.shape=(916, 3), faces.shape=(856, 3))> using `load_obj` in 0.0029s
2024-12-06 07:01:30,348 DEBUG loaded <trimesh.Trimesh(vertices.shape=(48, 3), faces.shape=(28, 3))> using `load_obj` in 0.0007s
2024-12-06 07:01:39,485 INFO ==> EMD Loss: 14.131696
2024-12-06 07:01:39,485 INFO ==> Height map loss:  7.052749
2024-12-06 07:01:39,485 INFO =====> Best alpha: 1.0, Best loss info: {'particle_has_naninf': False, 'height_map_loss': 7.052608489990234, 'emd_loss': 14.13174819946289, 'total_loss': 14.13174819946289}
2024-12-06 07:01:39,810 INFO ===> New TaichiEnv created.
2024-12-06 07:01:39,810 INFO ===> Specifications: horizon = 300, dt = 0.01, n_substeps = 20, dt_sub = 0.0005
2024-12-06 07:01:39,832 DEBUG loaded <trimesh.Trimesh(vertices.shape=(916, 3), faces.shape=(856, 3))> using `load_obj` in 0.0029s
2024-12-06 07:01:39,976 DEBUG loaded <trimesh.Trimesh(vertices.shape=(48, 3), faces.shape=(28, 3))> using `load_obj` in 0.0007s
2024-12-06 07:02:05,488 INFO =====> Epoch: 12
2024-12-06 07:02:05,489 INFO =====> EMD Loss: 14.131659
2024-12-06 07:02:05,489 INFO =====> Height map loss:  7.052794
2024-12-06 07:02:05,489 INFO =====> Num. aborted data so far: 0
2024-12-06 07:02:05,835 INFO ===> New TaichiEnv created.
2024-12-06 07:02:05,835 INFO ===> Specifications: horizon = 300, dt = 0.01, n_substeps = 20, dt_sub = 0.0005
2024-12-06 07:02:05,857 DEBUG loaded <trimesh.Trimesh(vertices.shape=(916, 3), faces.shape=(856, 3))> using `load_obj` in 0.0029s
2024-12-06 07:02:05,999 DEBUG loaded <trimesh.Trimesh(vertices.shape=(48, 3), faces.shape=(28, 3))> using `load_obj` in 0.0007s
2024-12-06 07:02:14,578 INFO ==> EMD Loss: 14.131807
2024-12-06 07:02:14,579 INFO ==> Height map loss:  7.052737
2024-12-06 07:02:14,906 INFO ===> New TaichiEnv created.
2024-12-06 07:02:14,906 INFO ===> Specifications: horizon = 300, dt = 0.01, n_substeps = 20, dt_sub = 0.0005
2024-12-06 07:02:14,928 DEBUG loaded <trimesh.Trimesh(vertices.shape=(916, 3), faces.shape=(856, 3))> using `load_obj` in 0.0029s
2024-12-06 07:02:15,071 DEBUG loaded <trimesh.Trimesh(vertices.shape=(48, 3), faces.shape=(28, 3))> using `load_obj` in 0.0007s
2024-12-06 07:02:24,209 INFO ==> EMD Loss: 14.131721
2024-12-06 07:02:24,209 INFO ==> Height map loss:  7.052710
2024-12-06 07:02:24,610 INFO ===> New TaichiEnv created.
2024-12-06 07:02:24,610 INFO ===> Specifications: horizon = 300, dt = 0.01, n_substeps = 20, dt_sub = 0.0005
2024-12-06 07:02:24,632 DEBUG loaded <trimesh.Trimesh(vertices.shape=(916, 3), faces.shape=(856, 3))> using `load_obj` in 0.0029s
2024-12-06 07:02:24,776 DEBUG loaded <trimesh.Trimesh(vertices.shape=(48, 3), faces.shape=(28, 3))> using `load_obj` in 0.0007s
2024-12-06 07:02:33,366 INFO ==> EMD Loss: 14.131714
2024-12-06 07:02:33,366 INFO ==> Height map loss:  7.052714
2024-12-06 07:02:33,686 INFO ===> New TaichiEnv created.
2024-12-06 07:02:33,686 INFO ===> Specifications: horizon = 300, dt = 0.01, n_substeps = 20, dt_sub = 0.0005
2024-12-06 07:02:33,708 DEBUG loaded <trimesh.Trimesh(vertices.shape=(916, 3), faces.shape=(856, 3))> using `load_obj` in 0.0030s
2024-12-06 07:02:33,851 DEBUG loaded <trimesh.Trimesh(vertices.shape=(48, 3), faces.shape=(28, 3))> using `load_obj` in 0.0007s
2024-12-06 07:02:43,004 INFO ==> EMD Loss: 14.131660
2024-12-06 07:02:43,005 INFO ==> Height map loss:  7.052835
2024-12-06 07:02:43,328 INFO ===> New TaichiEnv created.
2024-12-06 07:02:43,328 INFO ===> Specifications: horizon = 300, dt = 0.01, n_substeps = 20, dt_sub = 0.0005
2024-12-06 07:02:43,349 DEBUG loaded <trimesh.Trimesh(vertices.shape=(916, 3), faces.shape=(856, 3))> using `load_obj` in 0.0029s
2024-12-06 07:02:43,491 DEBUG loaded <trimesh.Trimesh(vertices.shape=(48, 3), faces.shape=(28, 3))> using `load_obj` in 0.0007s
2024-12-06 07:02:52,092 INFO ==> EMD Loss: 14.131696
2024-12-06 07:02:52,092 INFO ==> Height map loss:  7.052691
2024-12-06 07:02:52,092 INFO =====> Best alpha: 2.0, Best loss info: {'particle_has_naninf': False, 'height_map_loss': 7.052690505981445, 'emd_loss': 14.131695747375488, 'total_loss': 14.131695747375488}
2024-12-06 07:02:52,422 INFO ===> New TaichiEnv created.
2024-12-06 07:02:52,422 INFO ===> Specifications: horizon = 300, dt = 0.01, n_substeps = 20, dt_sub = 0.0005
2024-12-06 07:02:52,444 DEBUG loaded <trimesh.Trimesh(vertices.shape=(916, 3), faces.shape=(856, 3))> using `load_obj` in 0.0029s
2024-12-06 07:02:52,586 DEBUG loaded <trimesh.Trimesh(vertices.shape=(48, 3), faces.shape=(28, 3))> using `load_obj` in 0.0007s
2024-12-06 07:03:18,450 INFO =====> Epoch: 13
2024-12-06 07:03:18,450 INFO =====> EMD Loss: 14.131660
2024-12-06 07:03:18,450 INFO =====> Height map loss:  7.052747
2024-12-06 07:03:18,450 INFO =====> Num. aborted data so far: 0
2024-12-06 07:03:18,799 INFO ===> New TaichiEnv created.
2024-12-06 07:03:18,799 INFO ===> Specifications: horizon = 300, dt = 0.01, n_substeps = 20, dt_sub = 0.0005
2024-12-06 07:03:18,821 DEBUG loaded <trimesh.Trimesh(vertices.shape=(916, 3), faces.shape=(856, 3))> using `load_obj` in 0.0029s
2024-12-06 07:03:18,963 DEBUG loaded <trimesh.Trimesh(vertices.shape=(48, 3), faces.shape=(28, 3))> using `load_obj` in 0.0007s
2024-12-06 07:03:28,119 INFO ==> EMD Loss: 14.131652
2024-12-06 07:03:28,119 INFO ==> Height map loss:  7.052769
2024-12-06 07:03:28,449 INFO ===> New TaichiEnv created.
2024-12-06 07:03:28,449 INFO ===> Specifications: horizon = 300, dt = 0.01, n_substeps = 20, dt_sub = 0.0005
2024-12-06 07:03:28,471 DEBUG loaded <trimesh.Trimesh(vertices.shape=(916, 3), faces.shape=(856, 3))> using `load_obj` in 0.0029s
2024-12-06 07:03:28,613 DEBUG loaded <trimesh.Trimesh(vertices.shape=(48, 3), faces.shape=(28, 3))> using `load_obj` in 0.0007s
2024-12-06 07:03:37,225 INFO ==> EMD Loss: 14.131718
2024-12-06 07:03:37,225 INFO ==> Height map loss:  7.052658
2024-12-06 07:03:37,548 INFO ===> New TaichiEnv created.
2024-12-06 07:03:37,548 INFO ===> Specifications: horizon = 300, dt = 0.01, n_substeps = 20, dt_sub = 0.0005
2024-12-06 07:03:37,570 DEBUG loaded <trimesh.Trimesh(vertices.shape=(916, 3), faces.shape=(856, 3))> using `load_obj` in 0.0028s
2024-12-06 07:03:37,714 DEBUG loaded <trimesh.Trimesh(vertices.shape=(48, 3), faces.shape=(28, 3))> using `load_obj` in 0.0007s
2024-12-06 07:03:46,866 INFO ==> EMD Loss: 14.131742
2024-12-06 07:03:46,866 INFO ==> Height map loss:  7.052720
2024-12-06 07:03:47,188 INFO ===> New TaichiEnv created.
2024-12-06 07:03:47,188 INFO ===> Specifications: horizon = 300, dt = 0.01, n_substeps = 20, dt_sub = 0.0005
2024-12-06 07:03:47,210 DEBUG loaded <trimesh.Trimesh(vertices.shape=(916, 3), faces.shape=(856, 3))> using `load_obj` in 0.0029s
2024-12-06 07:03:47,353 DEBUG loaded <trimesh.Trimesh(vertices.shape=(48, 3), faces.shape=(28, 3))> using `load_obj` in 0.0007s
2024-12-06 07:03:55,938 INFO ==> EMD Loss: 14.131592
2024-12-06 07:03:55,938 INFO ==> Height map loss:  7.052947
2024-12-06 07:03:56,261 INFO ===> New TaichiEnv created.
2024-12-06 07:03:56,261 INFO ===> Specifications: horizon = 300, dt = 0.01, n_substeps = 20, dt_sub = 0.0005
2024-12-06 07:03:56,282 DEBUG loaded <trimesh.Trimesh(vertices.shape=(916, 3), faces.shape=(856, 3))> using `load_obj` in 0.0028s
2024-12-06 07:03:56,427 DEBUG loaded <trimesh.Trimesh(vertices.shape=(48, 3), faces.shape=(28, 3))> using `load_obj` in 0.0007s
2024-12-06 07:04:05,599 INFO ==> EMD Loss: 14.131649
2024-12-06 07:04:05,599 INFO ==> Height map loss:  7.052857
2024-12-06 07:04:05,599 INFO =====> Best alpha: 0.5, Best loss info: {'particle_has_naninf': False, 'height_map_loss': 7.052657604217529, 'emd_loss': 14.131717681884766, 'total_loss': 14.131717681884766}
2024-12-06 07:04:05,964 INFO ===> New TaichiEnv created.
2024-12-06 07:04:05,965 INFO ===> Specifications: horizon = 300, dt = 0.01, n_substeps = 20, dt_sub = 0.0005
2024-12-06 07:04:05,986 DEBUG loaded <trimesh.Trimesh(vertices.shape=(916, 3), faces.shape=(856, 3))> using `load_obj` in 0.0029s
2024-12-06 07:04:06,127 DEBUG loaded <trimesh.Trimesh(vertices.shape=(48, 3), faces.shape=(28, 3))> using `load_obj` in 0.0007s
2024-12-06 07:04:31,596 INFO =====> Epoch: 14
2024-12-06 07:04:31,596 INFO =====> EMD Loss: 14.131694
2024-12-06 07:04:31,596 INFO =====> Height map loss:  7.052779
2024-12-06 07:04:31,596 INFO =====> Num. aborted data so far: 0
2024-12-06 07:04:31,947 INFO ===> New TaichiEnv created.
2024-12-06 07:04:31,947 INFO ===> Specifications: horizon = 300, dt = 0.01, n_substeps = 20, dt_sub = 0.0005
2024-12-06 07:04:31,969 DEBUG loaded <trimesh.Trimesh(vertices.shape=(916, 3), faces.shape=(856, 3))> using `load_obj` in 0.0029s
2024-12-06 07:04:32,112 DEBUG loaded <trimesh.Trimesh(vertices.shape=(48, 3), faces.shape=(28, 3))> using `load_obj` in 0.0007s
2024-12-06 07:04:40,672 INFO ==> EMD Loss: 14.131649
2024-12-06 07:04:40,672 INFO ==> Height map loss:  7.052767
2024-12-06 07:04:40,996 INFO ===> New TaichiEnv created.
2024-12-06 07:04:40,996 INFO ===> Specifications: horizon = 300, dt = 0.01, n_substeps = 20, dt_sub = 0.0005
2024-12-06 07:04:41,017 DEBUG loaded <trimesh.Trimesh(vertices.shape=(916, 3), faces.shape=(856, 3))> using `load_obj` in 0.0028s
2024-12-06 07:04:41,160 DEBUG loaded <trimesh.Trimesh(vertices.shape=(48, 3), faces.shape=(28, 3))> using `load_obj` in 0.0007s
2024-12-06 07:04:50,315 INFO ==> EMD Loss: 14.131799
2024-12-06 07:04:50,315 INFO ==> Height map loss:  7.052824
2024-12-06 07:04:50,645 INFO ===> New TaichiEnv created.
2024-12-06 07:04:50,645 INFO ===> Specifications: horizon = 300, dt = 0.01, n_substeps = 20, dt_sub = 0.0005
2024-12-06 07:04:50,667 DEBUG loaded <trimesh.Trimesh(vertices.shape=(916, 3), faces.shape=(856, 3))> using `load_obj` in 0.0029s
2024-12-06 07:04:50,809 DEBUG loaded <trimesh.Trimesh(vertices.shape=(48, 3), faces.shape=(28, 3))> using `load_obj` in 0.0007s
2024-12-06 07:04:59,946 INFO ==> EMD Loss: 14.131747
2024-12-06 07:04:59,946 INFO ==> Height map loss:  7.052667
2024-12-06 07:05:00,271 INFO ===> New TaichiEnv created.
2024-12-06 07:05:00,271 INFO ===> Specifications: horizon = 300, dt = 0.01, n_substeps = 20, dt_sub = 0.0005
2024-12-06 07:05:00,292 DEBUG loaded <trimesh.Trimesh(vertices.shape=(916, 3), faces.shape=(856, 3))> using `load_obj` in 0.0028s
2024-12-06 07:05:00,433 DEBUG loaded <trimesh.Trimesh(vertices.shape=(48, 3), faces.shape=(28, 3))> using `load_obj` in 0.0007s
2024-12-06 07:05:09,013 INFO ==> EMD Loss: 14.131660
2024-12-06 07:05:09,013 INFO ==> Height map loss:  7.052673
2024-12-06 07:05:09,339 INFO ===> New TaichiEnv created.
2024-12-06 07:05:09,339 INFO ===> Specifications: horizon = 300, dt = 0.01, n_substeps = 20, dt_sub = 0.0005
2024-12-06 07:05:09,361 DEBUG loaded <trimesh.Trimesh(vertices.shape=(916, 3), faces.shape=(856, 3))> using `load_obj` in 0.0030s
2024-12-06 07:05:09,503 DEBUG loaded <trimesh.Trimesh(vertices.shape=(48, 3), faces.shape=(28, 3))> using `load_obj` in 0.0007s
2024-12-06 07:05:18,665 INFO ==> EMD Loss: 14.131716
2024-12-06 07:05:18,665 INFO ==> Height map loss:  7.052826
2024-12-06 07:05:18,665 INFO =====> Best alpha: 1.0, Best loss info: {'particle_has_naninf': False, 'height_map_loss': 7.052667140960693, 'emd_loss': 14.131747245788574, 'total_loss': 14.131747245788574}
2024-12-06 07:05:18,995 INFO ===> New TaichiEnv created.
2024-12-06 07:05:18,995 INFO ===> Specifications: horizon = 300, dt = 0.01, n_substeps = 20, dt_sub = 0.0005
2024-12-06 07:05:19,017 DEBUG loaded <trimesh.Trimesh(vertices.shape=(916, 3), faces.shape=(856, 3))> using `load_obj` in 0.0029s
2024-12-06 07:05:19,161 DEBUG loaded <trimesh.Trimesh(vertices.shape=(48, 3), faces.shape=(28, 3))> using `load_obj` in 0.0007s
2024-12-06 07:05:44,661 INFO =====> Epoch: 15
2024-12-06 07:05:44,661 INFO =====> EMD Loss: 14.131805
2024-12-06 07:05:44,661 INFO =====> Height map loss:  7.052654
2024-12-06 07:05:44,661 INFO =====> Num. aborted data so far: 0
2024-12-06 07:05:45,007 INFO ===> New TaichiEnv created.
2024-12-06 07:05:45,007 INFO ===> Specifications: horizon = 300, dt = 0.01, n_substeps = 20, dt_sub = 0.0005
2024-12-06 07:05:45,029 DEBUG loaded <trimesh.Trimesh(vertices.shape=(916, 3), faces.shape=(856, 3))> using `load_obj` in 0.0029s
2024-12-06 07:05:45,173 DEBUG loaded <trimesh.Trimesh(vertices.shape=(48, 3), faces.shape=(28, 3))> using `load_obj` in 0.0007s
2024-12-06 07:05:53,769 INFO ==> EMD Loss: 14.131758
2024-12-06 07:05:53,769 INFO ==> Height map loss:  7.052716
2024-12-06 07:05:54,095 INFO ===> New TaichiEnv created.
2024-12-06 07:05:54,095 INFO ===> Specifications: horizon = 300, dt = 0.01, n_substeps = 20, dt_sub = 0.0005
2024-12-06 07:05:54,116 DEBUG loaded <trimesh.Trimesh(vertices.shape=(916, 3), faces.shape=(856, 3))> using `load_obj` in 0.0030s
2024-12-06 07:05:54,259 DEBUG loaded <trimesh.Trimesh(vertices.shape=(48, 3), faces.shape=(28, 3))> using `load_obj` in 0.0007s
2024-12-06 07:06:03,416 INFO ==> EMD Loss: 14.131648
2024-12-06 07:06:03,416 INFO ==> Height map loss:  7.052736
2024-12-06 07:06:03,739 INFO ===> New TaichiEnv created.
2024-12-06 07:06:03,740 INFO ===> Specifications: horizon = 300, dt = 0.01, n_substeps = 20, dt_sub = 0.0005
2024-12-06 07:06:03,761 DEBUG loaded <trimesh.Trimesh(vertices.shape=(916, 3), faces.shape=(856, 3))> using `load_obj` in 0.0029s
2024-12-06 07:06:03,904 DEBUG loaded <trimesh.Trimesh(vertices.shape=(48, 3), faces.shape=(28, 3))> using `load_obj` in 0.0007s
2024-12-06 07:06:12,487 INFO ==> EMD Loss: 14.131699
2024-12-06 07:06:12,487 INFO ==> Height map loss:  7.052820
2024-12-06 07:06:12,810 INFO ===> New TaichiEnv created.
2024-12-06 07:06:12,810 INFO ===> Specifications: horizon = 300, dt = 0.01, n_substeps = 20, dt_sub = 0.0005
2024-12-06 07:06:12,832 DEBUG loaded <trimesh.Trimesh(vertices.shape=(916, 3), faces.shape=(856, 3))> using `load_obj` in 0.0029s
2024-12-06 07:06:12,974 DEBUG loaded <trimesh.Trimesh(vertices.shape=(48, 3), faces.shape=(28, 3))> using `load_obj` in 0.0007s
2024-12-06 07:06:22,128 INFO ==> EMD Loss: 14.131597
2024-12-06 07:06:22,128 INFO ==> Height map loss:  7.052787
2024-12-06 07:06:22,457 INFO ===> New TaichiEnv created.
2024-12-06 07:06:22,458 INFO ===> Specifications: horizon = 300, dt = 0.01, n_substeps = 20, dt_sub = 0.0005
2024-12-06 07:06:22,479 DEBUG loaded <trimesh.Trimesh(vertices.shape=(916, 3), faces.shape=(856, 3))> using `load_obj` in 0.0029s
2024-12-06 07:06:22,619 DEBUG loaded <trimesh.Trimesh(vertices.shape=(48, 3), faces.shape=(28, 3))> using `load_obj` in 0.0007s
2024-12-06 07:06:31,187 INFO ==> EMD Loss: 14.131737
2024-12-06 07:06:31,187 INFO ==> Height map loss:  7.052784
2024-12-06 07:06:31,187 INFO =====> Best alpha: 0.1, Best loss info: {'particle_has_naninf': False, 'height_map_loss': 7.052716255187988, 'emd_loss': 14.131757736206055, 'total_loss': 14.131757736206055}
2024-12-06 07:06:31,522 INFO ===> New TaichiEnv created.
2024-12-06 07:06:31,522 INFO ===> Specifications: horizon = 300, dt = 0.01, n_substeps = 20, dt_sub = 0.0005
2024-12-06 07:06:31,544 DEBUG loaded <trimesh.Trimesh(vertices.shape=(916, 3), faces.shape=(856, 3))> using `load_obj` in 0.0029s
2024-12-06 07:06:31,686 DEBUG loaded <trimesh.Trimesh(vertices.shape=(48, 3), faces.shape=(28, 3))> using `load_obj` in 0.0007s
2024-12-06 07:06:57,179 INFO =====> Epoch: 16
2024-12-06 07:06:57,179 INFO =====> EMD Loss: 14.131785
2024-12-06 07:06:57,179 INFO =====> Height map loss:  7.052689
2024-12-06 07:06:57,179 INFO =====> Num. aborted data so far: 0
2024-12-06 07:06:57,522 INFO ===> New TaichiEnv created.
2024-12-06 07:06:57,522 INFO ===> Specifications: horizon = 300, dt = 0.01, n_substeps = 20, dt_sub = 0.0005
2024-12-06 07:06:57,543 DEBUG loaded <trimesh.Trimesh(vertices.shape=(916, 3), faces.shape=(856, 3))> using `load_obj` in 0.0029s
2024-12-06 07:06:57,686 DEBUG loaded <trimesh.Trimesh(vertices.shape=(48, 3), faces.shape=(28, 3))> using `load_obj` in 0.0007s
2024-12-06 07:07:06,826 INFO ==> EMD Loss: 14.131646
2024-12-06 07:07:06,826 INFO ==> Height map loss:  7.052770
2024-12-06 07:07:07,152 INFO ===> New TaichiEnv created.
2024-12-06 07:07:07,152 INFO ===> Specifications: horizon = 300, dt = 0.01, n_substeps = 20, dt_sub = 0.0005
2024-12-06 07:07:07,174 DEBUG loaded <trimesh.Trimesh(vertices.shape=(916, 3), faces.shape=(856, 3))> using `load_obj` in 0.0029s
2024-12-06 07:07:07,317 DEBUG loaded <trimesh.Trimesh(vertices.shape=(48, 3), faces.shape=(28, 3))> using `load_obj` in 0.0007s
2024-12-06 07:07:15,916 INFO ==> EMD Loss: 14.131801
2024-12-06 07:07:15,916 INFO ==> Height map loss:  7.052670
2024-12-06 07:07:16,242 INFO ===> New TaichiEnv created.
2024-12-06 07:07:16,242 INFO ===> Specifications: horizon = 300, dt = 0.01, n_substeps = 20, dt_sub = 0.0005
2024-12-06 07:07:16,264 DEBUG loaded <trimesh.Trimesh(vertices.shape=(916, 3), faces.shape=(856, 3))> using `load_obj` in 0.0029s
2024-12-06 07:07:16,407 DEBUG loaded <trimesh.Trimesh(vertices.shape=(48, 3), faces.shape=(28, 3))> using `load_obj` in 0.0007s
2024-12-06 07:07:25,567 INFO ==> EMD Loss: 14.131812
2024-12-06 07:07:25,567 INFO ==> Height map loss:  7.052740
2024-12-06 07:07:25,890 INFO ===> New TaichiEnv created.
2024-12-06 07:07:25,890 INFO ===> Specifications: horizon = 300, dt = 0.01, n_substeps = 20, dt_sub = 0.0005
2024-12-06 07:07:25,911 DEBUG loaded <trimesh.Trimesh(vertices.shape=(916, 3), faces.shape=(856, 3))> using `load_obj` in 0.0029s
2024-12-06 07:07:26,053 DEBUG loaded <trimesh.Trimesh(vertices.shape=(48, 3), faces.shape=(28, 3))> using `load_obj` in 0.0007s
2024-12-06 07:07:34,625 INFO ==> EMD Loss: 14.131751
2024-12-06 07:07:34,626 INFO ==> Height map loss:  7.052772
2024-12-06 07:07:34,951 INFO ===> New TaichiEnv created.
2024-12-06 07:07:34,951 INFO ===> Specifications: horizon = 300, dt = 0.01, n_substeps = 20, dt_sub = 0.0005
2024-12-06 07:07:34,974 DEBUG loaded <trimesh.Trimesh(vertices.shape=(916, 3), faces.shape=(856, 3))> using `load_obj` in 0.0029s
2024-12-06 07:07:35,116 DEBUG loaded <trimesh.Trimesh(vertices.shape=(48, 3), faces.shape=(28, 3))> using `load_obj` in 0.0007s
2024-12-06 07:07:44,271 INFO ==> EMD Loss: 14.131650
2024-12-06 07:07:44,271 INFO ==> Height map loss:  7.052856
2024-12-06 07:07:44,271 INFO =====> Best alpha: 0.5, Best loss info: {'particle_has_naninf': False, 'height_map_loss': 7.052670478820801, 'emd_loss': 14.131800651550293, 'total_loss': 14.131800651550293}
2024-12-06 07:07:44,595 INFO ===> New TaichiEnv created.
2024-12-06 07:07:44,595 INFO ===> Specifications: horizon = 300, dt = 0.01, n_substeps = 20, dt_sub = 0.0005
2024-12-06 07:07:44,617 DEBUG loaded <trimesh.Trimesh(vertices.shape=(916, 3), faces.shape=(856, 3))> using `load_obj` in 0.0029s
2024-12-06 07:07:44,759 DEBUG loaded <trimesh.Trimesh(vertices.shape=(48, 3), faces.shape=(28, 3))> using `load_obj` in 0.0007s
2024-12-06 07:08:10,583 INFO =====> Epoch: 17
2024-12-06 07:08:10,583 INFO =====> EMD Loss: 14.131719
2024-12-06 07:08:10,583 INFO =====> Height map loss:  7.052768
2024-12-06 07:08:10,583 INFO =====> Num. aborted data so far: 0
2024-12-06 07:08:10,931 INFO ===> New TaichiEnv created.
2024-12-06 07:08:10,931 INFO ===> Specifications: horizon = 300, dt = 0.01, n_substeps = 20, dt_sub = 0.0005
2024-12-06 07:08:10,952 DEBUG loaded <trimesh.Trimesh(vertices.shape=(916, 3), faces.shape=(856, 3))> using `load_obj` in 0.0030s
2024-12-06 07:08:11,095 DEBUG loaded <trimesh.Trimesh(vertices.shape=(48, 3), faces.shape=(28, 3))> using `load_obj` in 0.0007s
2024-12-06 07:08:19,687 INFO ==> EMD Loss: 14.131662
2024-12-06 07:08:19,687 INFO ==> Height map loss:  7.052704
2024-12-06 07:08:20,009 INFO ===> New TaichiEnv created.
2024-12-06 07:08:20,009 INFO ===> Specifications: horizon = 300, dt = 0.01, n_substeps = 20, dt_sub = 0.0005
2024-12-06 07:08:20,031 DEBUG loaded <trimesh.Trimesh(vertices.shape=(916, 3), faces.shape=(856, 3))> using `load_obj` in 0.0029s
2024-12-06 07:08:20,171 DEBUG loaded <trimesh.Trimesh(vertices.shape=(48, 3), faces.shape=(28, 3))> using `load_obj` in 0.0007s
2024-12-06 07:08:29,338 INFO ==> EMD Loss: 14.131700
2024-12-06 07:08:29,338 INFO ==> Height map loss:  7.052783
2024-12-06 07:08:29,663 INFO ===> New TaichiEnv created.
2024-12-06 07:08:29,663 INFO ===> Specifications: horizon = 300, dt = 0.01, n_substeps = 20, dt_sub = 0.0005
2024-12-06 07:08:29,685 DEBUG loaded <trimesh.Trimesh(vertices.shape=(916, 3), faces.shape=(856, 3))> using `load_obj` in 0.0029s
2024-12-06 07:08:29,829 DEBUG loaded <trimesh.Trimesh(vertices.shape=(48, 3), faces.shape=(28, 3))> using `load_obj` in 0.0007s
2024-12-06 07:08:38,391 INFO ==> EMD Loss: 14.131704
2024-12-06 07:08:38,391 INFO ==> Height map loss:  7.052576
2024-12-06 07:08:38,810 INFO ===> New TaichiEnv created.
2024-12-06 07:08:38,810 INFO ===> Specifications: horizon = 300, dt = 0.01, n_substeps = 20, dt_sub = 0.0005
2024-12-06 07:08:38,833 DEBUG loaded <trimesh.Trimesh(vertices.shape=(916, 3), faces.shape=(856, 3))> using `load_obj` in 0.0030s
2024-12-06 07:08:38,977 DEBUG loaded <trimesh.Trimesh(vertices.shape=(48, 3), faces.shape=(28, 3))> using `load_obj` in 0.0007s
2024-12-06 07:08:48,156 INFO ==> EMD Loss: 14.131712
2024-12-06 07:08:48,156 INFO ==> Height map loss:  7.052712
2024-12-06 07:08:48,481 INFO ===> New TaichiEnv created.
2024-12-06 07:08:48,482 INFO ===> Specifications: horizon = 300, dt = 0.01, n_substeps = 20, dt_sub = 0.0005
2024-12-06 07:08:48,511 DEBUG loaded <trimesh.Trimesh(vertices.shape=(916, 3), faces.shape=(856, 3))> using `load_obj` in 0.0067s
2024-12-06 07:08:48,654 DEBUG loaded <trimesh.Trimesh(vertices.shape=(48, 3), faces.shape=(28, 3))> using `load_obj` in 0.0007s
2024-12-06 07:08:57,242 INFO ==> EMD Loss: 14.131742
2024-12-06 07:08:57,243 INFO ==> Height map loss:  7.052761
2024-12-06 07:08:57,243 INFO =====> Best alpha: 1.0, Best loss info: {'particle_has_naninf': False, 'height_map_loss': 7.052575588226318, 'emd_loss': 14.131704330444336, 'total_loss': 14.131704330444336}
2024-12-06 07:08:57,570 INFO ===> New TaichiEnv created.
2024-12-06 07:08:57,570 INFO ===> Specifications: horizon = 300, dt = 0.01, n_substeps = 20, dt_sub = 0.0005
2024-12-06 07:08:57,592 DEBUG loaded <trimesh.Trimesh(vertices.shape=(916, 3), faces.shape=(856, 3))> using `load_obj` in 0.0029s
2024-12-06 07:08:57,737 DEBUG loaded <trimesh.Trimesh(vertices.shape=(48, 3), faces.shape=(28, 3))> using `load_obj` in 0.0007s
2024-12-06 07:09:23,265 INFO =====> Epoch: 18
2024-12-06 07:09:23,265 INFO =====> EMD Loss: 14.131689
2024-12-06 07:09:23,265 INFO =====> Height map loss:  7.052828
2024-12-06 07:09:23,265 INFO =====> Num. aborted data so far: 0
2024-12-06 07:09:23,613 INFO ===> New TaichiEnv created.
2024-12-06 07:09:23,613 INFO ===> Specifications: horizon = 300, dt = 0.01, n_substeps = 20, dt_sub = 0.0005
2024-12-06 07:09:23,635 DEBUG loaded <trimesh.Trimesh(vertices.shape=(916, 3), faces.shape=(856, 3))> using `load_obj` in 0.0030s
2024-12-06 07:09:23,777 DEBUG loaded <trimesh.Trimesh(vertices.shape=(48, 3), faces.shape=(28, 3))> using `load_obj` in 0.0007s
2024-12-06 07:09:32,957 INFO ==> EMD Loss: 14.131695
2024-12-06 07:09:32,957 INFO ==> Height map loss:  7.052784
2024-12-06 07:09:33,282 INFO ===> New TaichiEnv created.
2024-12-06 07:09:33,282 INFO ===> Specifications: horizon = 300, dt = 0.01, n_substeps = 20, dt_sub = 0.0005
2024-12-06 07:09:33,304 DEBUG loaded <trimesh.Trimesh(vertices.shape=(916, 3), faces.shape=(856, 3))> using `load_obj` in 0.0029s
2024-12-06 07:09:33,448 DEBUG loaded <trimesh.Trimesh(vertices.shape=(48, 3), faces.shape=(28, 3))> using `load_obj` in 0.0007s
2024-12-06 07:09:42,064 INFO ==> EMD Loss: 14.131693
2024-12-06 07:09:42,064 INFO ==> Height map loss:  7.052753
2024-12-06 07:09:42,388 INFO ===> New TaichiEnv created.
2024-12-06 07:09:42,388 INFO ===> Specifications: horizon = 300, dt = 0.01, n_substeps = 20, dt_sub = 0.0005
2024-12-06 07:09:42,410 DEBUG loaded <trimesh.Trimesh(vertices.shape=(916, 3), faces.shape=(856, 3))> using `load_obj` in 0.0029s
2024-12-06 07:09:42,553 DEBUG loaded <trimesh.Trimesh(vertices.shape=(48, 3), faces.shape=(28, 3))> using `load_obj` in 0.0007s
2024-12-06 07:09:51,724 INFO ==> EMD Loss: 14.131674
2024-12-06 07:09:51,724 INFO ==> Height map loss:  7.052816
2024-12-06 07:09:52,049 INFO ===> New TaichiEnv created.
2024-12-06 07:09:52,049 INFO ===> Specifications: horizon = 300, dt = 0.01, n_substeps = 20, dt_sub = 0.0005
2024-12-06 07:09:52,070 DEBUG loaded <trimesh.Trimesh(vertices.shape=(916, 3), faces.shape=(856, 3))> using `load_obj` in 0.0029s
2024-12-06 07:09:52,215 DEBUG loaded <trimesh.Trimesh(vertices.shape=(48, 3), faces.shape=(28, 3))> using `load_obj` in 0.0007s
2024-12-06 07:10:01,382 INFO ==> EMD Loss: 14.131706
2024-12-06 07:10:01,382 INFO ==> Height map loss:  7.052778
2024-12-06 07:10:01,783 INFO ===> New TaichiEnv created.
2024-12-06 07:10:01,784 INFO ===> Specifications: horizon = 300, dt = 0.01, n_substeps = 20, dt_sub = 0.0005
2024-12-06 07:10:01,805 DEBUG loaded <trimesh.Trimesh(vertices.shape=(916, 3), faces.shape=(856, 3))> using `load_obj` in 0.0028s
2024-12-06 07:10:01,947 DEBUG loaded <trimesh.Trimesh(vertices.shape=(48, 3), faces.shape=(28, 3))> using `load_obj` in 0.0007s
2024-12-06 07:10:10,523 INFO ==> EMD Loss: 14.131736
2024-12-06 07:10:10,523 INFO ==> Height map loss:  7.052701
2024-12-06 07:10:10,523 INFO =====> Best alpha: 2.0, Best loss info: {'particle_has_naninf': False, 'height_map_loss': 7.052700996398926, 'emd_loss': 14.131735801696777, 'total_loss': 14.131735801696777}
2024-12-06 07:10:10,864 INFO ===> New TaichiEnv created.
2024-12-06 07:10:10,864 INFO ===> Specifications: horizon = 300, dt = 0.01, n_substeps = 20, dt_sub = 0.0005
2024-12-06 07:10:10,886 DEBUG loaded <trimesh.Trimesh(vertices.shape=(916, 3), faces.shape=(856, 3))> using `load_obj` in 0.0029s
2024-12-06 07:10:11,028 DEBUG loaded <trimesh.Trimesh(vertices.shape=(48, 3), faces.shape=(28, 3))> using `load_obj` in 0.0007s
2024-12-06 07:10:36,574 INFO =====> Epoch: 19
2024-12-06 07:10:36,574 INFO =====> EMD Loss: 14.131753
2024-12-06 07:10:36,574 INFO =====> Height map loss:  7.052711
2024-12-06 07:10:36,574 INFO =====> Num. aborted data so far: 0
2024-12-06 07:10:36,923 INFO ===> New TaichiEnv created.
2024-12-06 07:10:36,923 INFO ===> Specifications: horizon = 300, dt = 0.01, n_substeps = 20, dt_sub = 0.0005
2024-12-06 07:10:36,945 DEBUG loaded <trimesh.Trimesh(vertices.shape=(916, 3), faces.shape=(856, 3))> using `load_obj` in 0.0030s
2024-12-06 07:10:37,088 DEBUG loaded <trimesh.Trimesh(vertices.shape=(48, 3), faces.shape=(28, 3))> using `load_obj` in 0.0007s
2024-12-06 07:10:45,652 INFO ==> EMD Loss: 14.131637
2024-12-06 07:10:45,652 INFO ==> Height map loss:  7.052786
2024-12-06 07:10:45,977 INFO ===> New TaichiEnv created.
2024-12-06 07:10:45,977 INFO ===> Specifications: horizon = 300, dt = 0.01, n_substeps = 20, dt_sub = 0.0005
2024-12-06 07:10:45,998 DEBUG loaded <trimesh.Trimesh(vertices.shape=(916, 3), faces.shape=(856, 3))> using `load_obj` in 0.0029s
2024-12-06 07:10:46,140 DEBUG loaded <trimesh.Trimesh(vertices.shape=(48, 3), faces.shape=(28, 3))> using `load_obj` in 0.0007s
2024-12-06 07:10:55,301 INFO ==> EMD Loss: 14.131737
2024-12-06 07:10:55,301 INFO ==> Height map loss:  7.052659
2024-12-06 07:10:55,634 INFO ===> New TaichiEnv created.
2024-12-06 07:10:55,634 INFO ===> Specifications: horizon = 300, dt = 0.01, n_substeps = 20, dt_sub = 0.0005
2024-12-06 07:10:55,656 DEBUG loaded <trimesh.Trimesh(vertices.shape=(916, 3), faces.shape=(856, 3))> using `load_obj` in 0.0031s
2024-12-06 07:10:55,800 DEBUG loaded <trimesh.Trimesh(vertices.shape=(48, 3), faces.shape=(28, 3))> using `load_obj` in 0.0007s
2024-12-06 07:11:04,992 INFO ==> EMD Loss: 14.131744
2024-12-06 07:11:04,992 INFO ==> Height map loss:  7.052766
2024-12-06 07:11:05,315 INFO ===> New TaichiEnv created.
2024-12-06 07:11:05,315 INFO ===> Specifications: horizon = 300, dt = 0.01, n_substeps = 20, dt_sub = 0.0005
2024-12-06 07:11:05,336 DEBUG loaded <trimesh.Trimesh(vertices.shape=(916, 3), faces.shape=(856, 3))> using `load_obj` in 0.0028s
2024-12-06 07:11:05,477 DEBUG loaded <trimesh.Trimesh(vertices.shape=(48, 3), faces.shape=(28, 3))> using `load_obj` in 0.0007s
2024-12-06 07:11:14,101 INFO ==> EMD Loss: 14.131738
2024-12-06 07:11:14,101 INFO ==> Height map loss:  7.052713
2024-12-06 07:11:14,428 INFO ===> New TaichiEnv created.
2024-12-06 07:11:14,428 INFO ===> Specifications: horizon = 300, dt = 0.01, n_substeps = 20, dt_sub = 0.0005
2024-12-06 07:11:14,450 DEBUG loaded <trimesh.Trimesh(vertices.shape=(916, 3), faces.shape=(856, 3))> using `load_obj` in 0.0029s
2024-12-06 07:11:14,594 DEBUG loaded <trimesh.Trimesh(vertices.shape=(48, 3), faces.shape=(28, 3))> using `load_obj` in 0.0007s
2024-12-06 07:11:23,786 INFO ==> EMD Loss: 14.131791
2024-12-06 07:11:23,786 INFO ==> Height map loss:  7.052707
2024-12-06 07:11:23,786 INFO =====> Best alpha: 0.5, Best loss info: {'particle_has_naninf': False, 'height_map_loss': 7.052659034729004, 'emd_loss': 14.131736755371094, 'total_loss': 14.131736755371094}
2024-12-06 07:11:24,111 INFO ===> New TaichiEnv created.
2024-12-06 07:11:24,111 INFO ===> Specifications: horizon = 300, dt = 0.01, n_substeps = 20, dt_sub = 0.0005
2024-12-06 07:11:24,133 DEBUG loaded <trimesh.Trimesh(vertices.shape=(916, 3), faces.shape=(856, 3))> using `load_obj` in 0.0028s
2024-12-06 07:11:24,277 DEBUG loaded <trimesh.Trimesh(vertices.shape=(48, 3), faces.shape=(28, 3))> using `load_obj` in 0.0007s
2024-12-06 07:11:49,782 INFO =====> Epoch: 20
2024-12-06 07:11:49,782 INFO =====> EMD Loss: 14.131757
2024-12-06 07:11:49,782 INFO =====> Height map loss:  7.052797
2024-12-06 07:11:49,782 INFO =====> Num. aborted data so far: 0
2024-12-06 07:11:50,128 INFO ===> New TaichiEnv created.
2024-12-06 07:11:50,128 INFO ===> Specifications: horizon = 300, dt = 0.01, n_substeps = 20, dt_sub = 0.0005
2024-12-06 07:11:50,149 DEBUG loaded <trimesh.Trimesh(vertices.shape=(916, 3), faces.shape=(856, 3))> using `load_obj` in 0.0029s
2024-12-06 07:11:50,293 DEBUG loaded <trimesh.Trimesh(vertices.shape=(48, 3), faces.shape=(28, 3))> using `load_obj` in 0.0007s
2024-12-06 07:11:58,890 INFO ==> EMD Loss: 14.131745
2024-12-06 07:11:58,890 INFO ==> Height map loss:  7.052830
2024-12-06 07:11:59,217 INFO ===> New TaichiEnv created.
2024-12-06 07:11:59,217 INFO ===> Specifications: horizon = 300, dt = 0.01, n_substeps = 20, dt_sub = 0.0005
2024-12-06 07:11:59,239 DEBUG loaded <trimesh.Trimesh(vertices.shape=(916, 3), faces.shape=(856, 3))> using `load_obj` in 0.0029s
2024-12-06 07:11:59,381 DEBUG loaded <trimesh.Trimesh(vertices.shape=(48, 3), faces.shape=(28, 3))> using `load_obj` in 0.0007s
2024-12-06 07:12:08,587 INFO ==> EMD Loss: 14.131659
2024-12-06 07:12:08,587 INFO ==> Height map loss:  7.052846
2024-12-06 07:12:08,908 INFO ===> New TaichiEnv created.
2024-12-06 07:12:08,908 INFO ===> Specifications: horizon = 300, dt = 0.01, n_substeps = 20, dt_sub = 0.0005
2024-12-06 07:12:08,929 DEBUG loaded <trimesh.Trimesh(vertices.shape=(916, 3), faces.shape=(856, 3))> using `load_obj` in 0.0028s
2024-12-06 07:12:09,072 DEBUG loaded <trimesh.Trimesh(vertices.shape=(48, 3), faces.shape=(28, 3))> using `load_obj` in 0.0007s
2024-12-06 07:12:17,639 INFO ==> EMD Loss: 14.131671
2024-12-06 07:12:17,639 INFO ==> Height map loss:  7.052687
2024-12-06 07:12:17,962 INFO ===> New TaichiEnv created.
2024-12-06 07:12:17,962 INFO ===> Specifications: horizon = 300, dt = 0.01, n_substeps = 20, dt_sub = 0.0005
2024-12-06 07:12:17,984 DEBUG loaded <trimesh.Trimesh(vertices.shape=(916, 3), faces.shape=(856, 3))> using `load_obj` in 0.0030s
2024-12-06 07:12:18,126 DEBUG loaded <trimesh.Trimesh(vertices.shape=(48, 3), faces.shape=(28, 3))> using `load_obj` in 0.0007s
2024-12-06 07:12:27,281 INFO ==> EMD Loss: 14.131680
2024-12-06 07:12:27,281 INFO ==> Height map loss:  7.052819
2024-12-06 07:12:27,609 INFO ===> New TaichiEnv created.
2024-12-06 07:12:27,609 INFO ===> Specifications: horizon = 300, dt = 0.01, n_substeps = 20, dt_sub = 0.0005
2024-12-06 07:12:27,630 DEBUG loaded <trimesh.Trimesh(vertices.shape=(916, 3), faces.shape=(856, 3))> using `load_obj` in 0.0028s
2024-12-06 07:12:27,773 DEBUG loaded <trimesh.Trimesh(vertices.shape=(48, 3), faces.shape=(28, 3))> using `load_obj` in 0.0007s
2024-12-06 07:12:36,337 INFO ==> EMD Loss: 14.131644
2024-12-06 07:12:36,337 INFO ==> Height map loss:  7.052768
2024-12-06 07:12:36,337 INFO =====> Best alpha: 1.0, Best loss info: {'particle_has_naninf': False, 'height_map_loss': 7.05268669128418, 'emd_loss': 14.131670951843262, 'total_loss': 14.131670951843262}
2024-12-06 07:12:36,663 INFO ===> New TaichiEnv created.
2024-12-06 07:12:36,664 INFO ===> Specifications: horizon = 300, dt = 0.01, n_substeps = 20, dt_sub = 0.0005
2024-12-06 07:12:36,686 DEBUG loaded <trimesh.Trimesh(vertices.shape=(916, 3), faces.shape=(856, 3))> using `load_obj` in 0.0029s
2024-12-06 07:12:36,828 DEBUG loaded <trimesh.Trimesh(vertices.shape=(48, 3), faces.shape=(28, 3))> using `load_obj` in 0.0007s
2024-12-06 07:13:02,350 INFO =====> Epoch: 21
2024-12-06 07:13:02,350 INFO =====> EMD Loss: 14.131733
2024-12-06 07:13:02,350 INFO =====> Height map loss:  7.052871
2024-12-06 07:13:02,350 INFO =====> Num. aborted data so far: 0
2024-12-06 07:13:02,699 INFO ===> New TaichiEnv created.
2024-12-06 07:13:02,699 INFO ===> Specifications: horizon = 300, dt = 0.01, n_substeps = 20, dt_sub = 0.0005
2024-12-06 07:13:02,721 DEBUG loaded <trimesh.Trimesh(vertices.shape=(916, 3), faces.shape=(856, 3))> using `load_obj` in 0.0031s
2024-12-06 07:13:02,866 DEBUG loaded <trimesh.Trimesh(vertices.shape=(48, 3), faces.shape=(28, 3))> using `load_obj` in 0.0007s
2024-12-06 07:13:12,039 INFO ==> EMD Loss: 14.131676
2024-12-06 07:13:12,039 INFO ==> Height map loss:  7.052867
2024-12-06 07:13:12,366 INFO ===> New TaichiEnv created.
2024-12-06 07:13:12,366 INFO ===> Specifications: horizon = 300, dt = 0.01, n_substeps = 20, dt_sub = 0.0005
2024-12-06 07:13:12,388 DEBUG loaded <trimesh.Trimesh(vertices.shape=(916, 3), faces.shape=(856, 3))> using `load_obj` in 0.0029s
2024-12-06 07:13:12,529 DEBUG loaded <trimesh.Trimesh(vertices.shape=(48, 3), faces.shape=(28, 3))> using `load_obj` in 0.0007s
2024-12-06 07:13:21,119 INFO ==> EMD Loss: 14.131734
2024-12-06 07:13:21,119 INFO ==> Height map loss:  7.052734
2024-12-06 07:13:21,497 INFO ===> New TaichiEnv created.
2024-12-06 07:13:21,497 INFO ===> Specifications: horizon = 300, dt = 0.01, n_substeps = 20, dt_sub = 0.0005
2024-12-06 07:13:21,519 DEBUG loaded <trimesh.Trimesh(vertices.shape=(916, 3), faces.shape=(856, 3))> using `load_obj` in 0.0029s
2024-12-06 07:13:21,662 DEBUG loaded <trimesh.Trimesh(vertices.shape=(48, 3), faces.shape=(28, 3))> using `load_obj` in 0.0007s
2024-12-06 07:13:30,839 INFO ==> EMD Loss: 14.131736
2024-12-06 07:13:30,839 INFO ==> Height map loss:  7.052685
2024-12-06 07:13:31,163 INFO ===> New TaichiEnv created.
2024-12-06 07:13:31,163 INFO ===> Specifications: horizon = 300, dt = 0.01, n_substeps = 20, dt_sub = 0.0005
2024-12-06 07:13:31,187 DEBUG loaded <trimesh.Trimesh(vertices.shape=(916, 3), faces.shape=(856, 3))> using `load_obj` in 0.0029s
2024-12-06 07:13:31,331 DEBUG loaded <trimesh.Trimesh(vertices.shape=(48, 3), faces.shape=(28, 3))> using `load_obj` in 0.0007s
2024-12-06 07:13:39,924 INFO ==> EMD Loss: 14.131689
2024-12-06 07:13:39,924 INFO ==> Height map loss:  7.052801
2024-12-06 07:13:40,251 INFO ===> New TaichiEnv created.
2024-12-06 07:13:40,251 INFO ===> Specifications: horizon = 300, dt = 0.01, n_substeps = 20, dt_sub = 0.0005
2024-12-06 07:13:40,273 DEBUG loaded <trimesh.Trimesh(vertices.shape=(916, 3), faces.shape=(856, 3))> using `load_obj` in 0.0030s
2024-12-06 07:13:40,417 DEBUG loaded <trimesh.Trimesh(vertices.shape=(48, 3), faces.shape=(28, 3))> using `load_obj` in 0.0007s
2024-12-06 07:13:49,598 INFO ==> EMD Loss: 14.131721
2024-12-06 07:13:49,598 INFO ==> Height map loss:  7.052802
2024-12-06 07:13:49,598 INFO =====> Best alpha: 1.0, Best loss info: {'particle_has_naninf': False, 'height_map_loss': 7.052684783935547, 'emd_loss': 14.131735801696777, 'total_loss': 14.131735801696777}
2024-12-06 07:13:49,923 INFO ===> New TaichiEnv created.
2024-12-06 07:13:49,924 INFO ===> Specifications: horizon = 300, dt = 0.01, n_substeps = 20, dt_sub = 0.0005
2024-12-06 07:13:49,945 DEBUG loaded <trimesh.Trimesh(vertices.shape=(916, 3), faces.shape=(856, 3))> using `load_obj` in 0.0028s
2024-12-06 07:13:50,089 DEBUG loaded <trimesh.Trimesh(vertices.shape=(48, 3), faces.shape=(28, 3))> using `load_obj` in 0.0007s
2024-12-06 07:14:15,613 INFO =====> Epoch: 22
2024-12-06 07:14:15,613 INFO =====> EMD Loss: 14.131717
2024-12-06 07:14:15,613 INFO =====> Height map loss:  7.052583
2024-12-06 07:14:15,613 INFO =====> Num. aborted data so far: 0
2024-12-06 07:14:15,958 INFO ===> New TaichiEnv created.
2024-12-06 07:14:15,958 INFO ===> Specifications: horizon = 300, dt = 0.01, n_substeps = 20, dt_sub = 0.0005
2024-12-06 07:14:15,980 DEBUG loaded <trimesh.Trimesh(vertices.shape=(916, 3), faces.shape=(856, 3))> using `load_obj` in 0.0030s
2024-12-06 07:14:16,123 DEBUG loaded <trimesh.Trimesh(vertices.shape=(48, 3), faces.shape=(28, 3))> using `load_obj` in 0.0007s
2024-12-06 07:14:24,754 INFO ==> EMD Loss: 14.131782
2024-12-06 07:14:24,754 INFO ==> Height map loss:  7.052698
2024-12-06 07:14:25,080 INFO ===> New TaichiEnv created.
2024-12-06 07:14:25,080 INFO ===> Specifications: horizon = 300, dt = 0.01, n_substeps = 20, dt_sub = 0.0005
2024-12-06 07:14:25,101 DEBUG loaded <trimesh.Trimesh(vertices.shape=(916, 3), faces.shape=(856, 3))> using `load_obj` in 0.0029s
2024-12-06 07:14:25,244 DEBUG loaded <trimesh.Trimesh(vertices.shape=(48, 3), faces.shape=(28, 3))> using `load_obj` in 0.0007s
2024-12-06 07:14:34,422 INFO ==> EMD Loss: 14.131693
2024-12-06 07:14:34,422 INFO ==> Height map loss:  7.052767
2024-12-06 07:14:34,750 INFO ===> New TaichiEnv created.
2024-12-06 07:14:34,750 INFO ===> Specifications: horizon = 300, dt = 0.01, n_substeps = 20, dt_sub = 0.0005
2024-12-06 07:14:34,771 DEBUG loaded <trimesh.Trimesh(vertices.shape=(916, 3), faces.shape=(856, 3))> using `load_obj` in 0.0029s
2024-12-06 07:14:34,916 DEBUG loaded <trimesh.Trimesh(vertices.shape=(48, 3), faces.shape=(28, 3))> using `load_obj` in 0.0007s
2024-12-06 07:14:43,494 INFO ==> EMD Loss: 14.131727
2024-12-06 07:14:43,494 INFO ==> Height map loss:  7.052744
2024-12-06 07:14:43,817 INFO ===> New TaichiEnv created.
2024-12-06 07:14:43,817 INFO ===> Specifications: horizon = 300, dt = 0.01, n_substeps = 20, dt_sub = 0.0005
2024-12-06 07:14:43,839 DEBUG loaded <trimesh.Trimesh(vertices.shape=(916, 3), faces.shape=(856, 3))> using `load_obj` in 0.0030s
2024-12-06 07:14:43,982 DEBUG loaded <trimesh.Trimesh(vertices.shape=(48, 3), faces.shape=(28, 3))> using `load_obj` in 0.0007s
2024-12-06 07:14:53,149 INFO ==> EMD Loss: 14.131725
2024-12-06 07:14:53,149 INFO ==> Height map loss:  7.052786
2024-12-06 07:14:53,479 INFO ===> New TaichiEnv created.
2024-12-06 07:14:53,479 INFO ===> Specifications: horizon = 300, dt = 0.01, n_substeps = 20, dt_sub = 0.0005
2024-12-06 07:14:53,501 DEBUG loaded <trimesh.Trimesh(vertices.shape=(916, 3), faces.shape=(856, 3))> using `load_obj` in 0.0029s
2024-12-06 07:14:53,642 DEBUG loaded <trimesh.Trimesh(vertices.shape=(48, 3), faces.shape=(28, 3))> using `load_obj` in 0.0007s
2024-12-06 07:15:02,222 INFO ==> EMD Loss: 14.131718
2024-12-06 07:15:02,222 INFO ==> Height map loss:  7.052693
2024-12-06 07:15:02,223 INFO =====> Best alpha: 2.0, Best loss info: {'particle_has_naninf': False, 'height_map_loss': 7.0526933670043945, 'emd_loss': 14.131717681884766, 'total_loss': 14.131717681884766}
2024-12-06 07:15:02,553 INFO ===> New TaichiEnv created.
2024-12-06 07:15:02,553 INFO ===> Specifications: horizon = 300, dt = 0.01, n_substeps = 20, dt_sub = 0.0005
2024-12-06 07:15:02,575 DEBUG loaded <trimesh.Trimesh(vertices.shape=(916, 3), faces.shape=(856, 3))> using `load_obj` in 0.0030s
2024-12-06 07:15:02,718 DEBUG loaded <trimesh.Trimesh(vertices.shape=(48, 3), faces.shape=(28, 3))> using `load_obj` in 0.0007s
2024-12-06 07:15:28,238 INFO =====> Epoch: 23
2024-12-06 07:15:28,239 INFO =====> EMD Loss: 14.131701
2024-12-06 07:15:28,239 INFO =====> Height map loss:  7.052869
2024-12-06 07:15:28,239 INFO =====> Num. aborted data so far: 0
2024-12-06 07:15:28,589 INFO ===> New TaichiEnv created.
2024-12-06 07:15:28,589 INFO ===> Specifications: horizon = 300, dt = 0.01, n_substeps = 20, dt_sub = 0.0005
2024-12-06 07:15:28,611 DEBUG loaded <trimesh.Trimesh(vertices.shape=(916, 3), faces.shape=(856, 3))> using `load_obj` in 0.0030s
2024-12-06 07:15:28,757 DEBUG loaded <trimesh.Trimesh(vertices.shape=(48, 3), faces.shape=(28, 3))> using `load_obj` in 0.0007s
2024-12-06 07:15:37,931 INFO ==> EMD Loss: 14.131740
2024-12-06 07:15:37,931 INFO ==> Height map loss:  7.052824
2024-12-06 07:15:38,263 INFO ===> New TaichiEnv created.
2024-12-06 07:15:38,263 INFO ===> Specifications: horizon = 300, dt = 0.01, n_substeps = 20, dt_sub = 0.0005
2024-12-06 07:15:38,284 DEBUG loaded <trimesh.Trimesh(vertices.shape=(916, 3), faces.shape=(856, 3))> using `load_obj` in 0.0029s
2024-12-06 07:15:38,427 DEBUG loaded <trimesh.Trimesh(vertices.shape=(48, 3), faces.shape=(28, 3))> using `load_obj` in 0.0007s
2024-12-06 07:15:47,028 INFO ==> EMD Loss: 14.131702
2024-12-06 07:15:47,028 INFO ==> Height map loss:  7.052748
2024-12-06 07:15:47,360 INFO ===> New TaichiEnv created.
2024-12-06 07:15:47,360 INFO ===> Specifications: horizon = 300, dt = 0.01, n_substeps = 20, dt_sub = 0.0005
2024-12-06 07:15:47,381 DEBUG loaded <trimesh.Trimesh(vertices.shape=(916, 3), faces.shape=(856, 3))> using `load_obj` in 0.0029s
2024-12-06 07:15:47,525 DEBUG loaded <trimesh.Trimesh(vertices.shape=(48, 3), faces.shape=(28, 3))> using `load_obj` in 0.0007s
2024-12-06 07:15:56,712 INFO ==> EMD Loss: 14.131639
2024-12-06 07:15:56,712 INFO ==> Height map loss:  7.052822
2024-12-06 07:15:57,037 INFO ===> New TaichiEnv created.
2024-12-06 07:15:57,037 INFO ===> Specifications: horizon = 300, dt = 0.01, n_substeps = 20, dt_sub = 0.0005
2024-12-06 07:15:57,059 DEBUG loaded <trimesh.Trimesh(vertices.shape=(916, 3), faces.shape=(856, 3))> using `load_obj` in 0.0029s
2024-12-06 07:15:57,199 DEBUG loaded <trimesh.Trimesh(vertices.shape=(48, 3), faces.shape=(28, 3))> using `load_obj` in 0.0007s
2024-12-06 07:16:05,783 INFO ==> EMD Loss: 14.131707
2024-12-06 07:16:05,783 INFO ==> Height map loss:  7.052767
2024-12-06 07:16:06,107 INFO ===> New TaichiEnv created.
2024-12-06 07:16:06,107 INFO ===> Specifications: horizon = 300, dt = 0.01, n_substeps = 20, dt_sub = 0.0005
2024-12-06 07:16:06,128 DEBUG loaded <trimesh.Trimesh(vertices.shape=(916, 3), faces.shape=(856, 3))> using `load_obj` in 0.0029s
2024-12-06 07:16:06,269 DEBUG loaded <trimesh.Trimesh(vertices.shape=(48, 3), faces.shape=(28, 3))> using `load_obj` in 0.0007s
2024-12-06 07:16:15,437 INFO ==> EMD Loss: 14.131726
2024-12-06 07:16:15,437 INFO ==> Height map loss:  7.052783
2024-12-06 07:16:15,437 INFO =====> Best alpha: 0.5, Best loss info: {'particle_has_naninf': False, 'height_map_loss': 7.052748203277588, 'emd_loss': 14.131702423095703, 'total_loss': 14.131702423095703}
2024-12-06 07:16:15,763 INFO ===> New TaichiEnv created.
2024-12-06 07:16:15,763 INFO ===> Specifications: horizon = 300, dt = 0.01, n_substeps = 20, dt_sub = 0.0005
2024-12-06 07:16:15,784 DEBUG loaded <trimesh.Trimesh(vertices.shape=(916, 3), faces.shape=(856, 3))> using `load_obj` in 0.0029s
2024-12-06 07:16:15,927 DEBUG loaded <trimesh.Trimesh(vertices.shape=(48, 3), faces.shape=(28, 3))> using `load_obj` in 0.0007s
2024-12-06 07:16:41,432 INFO =====> Epoch: 24
2024-12-06 07:16:41,432 INFO =====> EMD Loss: 14.131691
2024-12-06 07:16:41,432 INFO =====> Height map loss:  7.052932
2024-12-06 07:16:41,432 INFO =====> Num. aborted data so far: 0
2024-12-06 07:16:41,781 INFO ===> New TaichiEnv created.
2024-12-06 07:16:41,781 INFO ===> Specifications: horizon = 300, dt = 0.01, n_substeps = 20, dt_sub = 0.0005
2024-12-06 07:16:41,802 DEBUG loaded <trimesh.Trimesh(vertices.shape=(916, 3), faces.shape=(856, 3))> using `load_obj` in 0.0030s
2024-12-06 07:16:41,945 DEBUG loaded <trimesh.Trimesh(vertices.shape=(48, 3), faces.shape=(28, 3))> using `load_obj` in 0.0007s
2024-12-06 07:16:50,541 INFO ==> EMD Loss: 14.131694
2024-12-06 07:16:50,541 INFO ==> Height map loss:  7.052880
2024-12-06 07:16:50,868 INFO ===> New TaichiEnv created.
2024-12-06 07:16:50,868 INFO ===> Specifications: horizon = 300, dt = 0.01, n_substeps = 20, dt_sub = 0.0005
2024-12-06 07:16:50,890 DEBUG loaded <trimesh.Trimesh(vertices.shape=(916, 3), faces.shape=(856, 3))> using `load_obj` in 0.0029s
2024-12-06 07:16:51,033 DEBUG loaded <trimesh.Trimesh(vertices.shape=(48, 3), faces.shape=(28, 3))> using `load_obj` in 0.0007s
2024-12-06 07:17:00,231 INFO ==> EMD Loss: 14.131761
2024-12-06 07:17:00,231 INFO ==> Height map loss:  7.052770
2024-12-06 07:17:00,559 INFO ===> New TaichiEnv created.
2024-12-06 07:17:00,559 INFO ===> Specifications: horizon = 300, dt = 0.01, n_substeps = 20, dt_sub = 0.0005
2024-12-06 07:17:00,581 DEBUG loaded <trimesh.Trimesh(vertices.shape=(916, 3), faces.shape=(856, 3))> using `load_obj` in 0.0029s
2024-12-06 07:17:00,727 DEBUG loaded <trimesh.Trimesh(vertices.shape=(48, 3), faces.shape=(28, 3))> using `load_obj` in 0.0007s
2024-12-06 07:17:09,321 INFO ==> EMD Loss: 14.131678
2024-12-06 07:17:09,321 INFO ==> Height map loss:  7.052826
2024-12-06 07:17:09,650 INFO ===> New TaichiEnv created.
2024-12-06 07:17:09,650 INFO ===> Specifications: horizon = 300, dt = 0.01, n_substeps = 20, dt_sub = 0.0005
2024-12-06 07:17:09,673 DEBUG loaded <trimesh.Trimesh(vertices.shape=(916, 3), faces.shape=(856, 3))> using `load_obj` in 0.0030s
2024-12-06 07:17:09,818 DEBUG loaded <trimesh.Trimesh(vertices.shape=(48, 3), faces.shape=(28, 3))> using `load_obj` in 0.0007s
2024-12-06 07:17:18,992 INFO ==> EMD Loss: 14.131771
2024-12-06 07:17:18,992 INFO ==> Height map loss:  7.052691
2024-12-06 07:17:19,403 INFO ===> New TaichiEnv created.
2024-12-06 07:17:19,403 INFO ===> Specifications: horizon = 300, dt = 0.01, n_substeps = 20, dt_sub = 0.0005
2024-12-06 07:17:19,424 DEBUG loaded <trimesh.Trimesh(vertices.shape=(916, 3), faces.shape=(856, 3))> using `load_obj` in 0.0029s
2024-12-06 07:17:19,566 DEBUG loaded <trimesh.Trimesh(vertices.shape=(48, 3), faces.shape=(28, 3))> using `load_obj` in 0.0007s
2024-12-06 07:17:28,153 INFO ==> EMD Loss: 14.131721
2024-12-06 07:17:28,153 INFO ==> Height map loss:  7.052690
2024-12-06 07:17:28,153 INFO =====> Best alpha: 2.0, Best loss info: {'particle_has_naninf': False, 'height_map_loss': 7.052689552307129, 'emd_loss': 14.131720542907715, 'total_loss': 14.131720542907715}
2024-12-06 07:17:28,484 INFO ===> New TaichiEnv created.
2024-12-06 07:17:28,484 INFO ===> Specifications: horizon = 300, dt = 0.01, n_substeps = 20, dt_sub = 0.0005
2024-12-06 07:17:28,505 DEBUG loaded <trimesh.Trimesh(vertices.shape=(916, 3), faces.shape=(856, 3))> using `load_obj` in 0.0029s
2024-12-06 07:17:28,647 DEBUG loaded <trimesh.Trimesh(vertices.shape=(48, 3), faces.shape=(28, 3))> using `load_obj` in 0.0007s
2024-12-06 07:17:54,506 INFO =====> Epoch: 25
2024-12-06 07:17:54,506 INFO =====> EMD Loss: 14.131787
2024-12-06 07:17:54,506 INFO =====> Height map loss:  7.052705
2024-12-06 07:17:54,506 INFO =====> Num. aborted data so far: 0
2024-12-06 07:17:54,858 INFO ===> New TaichiEnv created.
2024-12-06 07:17:54,858 INFO ===> Specifications: horizon = 300, dt = 0.01, n_substeps = 20, dt_sub = 0.0005
2024-12-06 07:17:54,880 DEBUG loaded <trimesh.Trimesh(vertices.shape=(916, 3), faces.shape=(856, 3))> using `load_obj` in 0.0030s
2024-12-06 07:17:55,024 DEBUG loaded <trimesh.Trimesh(vertices.shape=(48, 3), faces.shape=(28, 3))> using `load_obj` in 0.0007s
2024-12-06 07:18:04,229 INFO ==> EMD Loss: 14.131655
2024-12-06 07:18:04,229 INFO ==> Height map loss:  7.052731
2024-12-06 07:18:04,555 INFO ===> New TaichiEnv created.
2024-12-06 07:18:04,555 INFO ===> Specifications: horizon = 300, dt = 0.01, n_substeps = 20, dt_sub = 0.0005
2024-12-06 07:18:04,576 DEBUG loaded <trimesh.Trimesh(vertices.shape=(916, 3), faces.shape=(856, 3))> using `load_obj` in 0.0029s
2024-12-06 07:18:04,718 DEBUG loaded <trimesh.Trimesh(vertices.shape=(48, 3), faces.shape=(28, 3))> using `load_obj` in 0.0007s
2024-12-06 07:18:13,292 INFO ==> EMD Loss: 14.131681
2024-12-06 07:18:13,292 INFO ==> Height map loss:  7.052821
2024-12-06 07:18:13,618 INFO ===> New TaichiEnv created.
2024-12-06 07:18:13,618 INFO ===> Specifications: horizon = 300, dt = 0.01, n_substeps = 20, dt_sub = 0.0005
2024-12-06 07:18:13,640 DEBUG loaded <trimesh.Trimesh(vertices.shape=(916, 3), faces.shape=(856, 3))> using `load_obj` in 0.0029s
2024-12-06 07:18:13,784 DEBUG loaded <trimesh.Trimesh(vertices.shape=(48, 3), faces.shape=(28, 3))> using `load_obj` in 0.0007s
2024-12-06 07:18:22,985 INFO ==> EMD Loss: 14.131702
2024-12-06 07:18:22,985 INFO ==> Height map loss:  7.052866
2024-12-06 07:18:23,376 INFO ===> New TaichiEnv created.
2024-12-06 07:18:23,376 INFO ===> Specifications: horizon = 300, dt = 0.01, n_substeps = 20, dt_sub = 0.0005
2024-12-06 07:18:23,398 DEBUG loaded <trimesh.Trimesh(vertices.shape=(916, 3), faces.shape=(856, 3))> using `load_obj` in 0.0029s
2024-12-06 07:18:23,540 DEBUG loaded <trimesh.Trimesh(vertices.shape=(48, 3), faces.shape=(28, 3))> using `load_obj` in 0.0007s
2024-12-06 07:18:32,133 INFO ==> EMD Loss: 14.131714
2024-12-06 07:18:32,133 INFO ==> Height map loss:  7.052845
2024-12-06 07:18:32,466 INFO ===> New TaichiEnv created.
2024-12-06 07:18:32,466 INFO ===> Specifications: horizon = 300, dt = 0.01, n_substeps = 20, dt_sub = 0.0005
2024-12-06 07:18:32,487 DEBUG loaded <trimesh.Trimesh(vertices.shape=(916, 3), faces.shape=(856, 3))> using `load_obj` in 0.0029s
2024-12-06 07:18:32,632 DEBUG loaded <trimesh.Trimesh(vertices.shape=(48, 3), faces.shape=(28, 3))> using `load_obj` in 0.0007s
2024-12-06 07:18:41,814 INFO ==> EMD Loss: 14.131651
2024-12-06 07:18:41,815 INFO ==> Height map loss:  7.052804
2024-12-06 07:18:41,815 INFO =====> Best alpha: 0.1, Best loss info: {'particle_has_naninf': False, 'height_map_loss': 7.052730560302734, 'emd_loss': 14.131654739379883, 'total_loss': 14.131654739379883}
2024-12-06 07:18:42,142 INFO ===> New TaichiEnv created.
2024-12-06 07:18:42,142 INFO ===> Specifications: horizon = 300, dt = 0.01, n_substeps = 20, dt_sub = 0.0005
2024-12-06 07:18:42,163 DEBUG loaded <trimesh.Trimesh(vertices.shape=(916, 3), faces.shape=(856, 3))> using `load_obj` in 0.0029s
2024-12-06 07:18:42,305 DEBUG loaded <trimesh.Trimesh(vertices.shape=(48, 3), faces.shape=(28, 3))> using `load_obj` in 0.0007s
2024-12-06 07:19:08,230 INFO =====> Epoch: 26
2024-12-06 07:19:08,230 INFO =====> EMD Loss: 14.131680
2024-12-06 07:19:08,230 INFO =====> Height map loss:  7.052868
2024-12-06 07:19:08,230 INFO =====> Num. aborted data so far: 0
2024-12-06 07:19:08,580 INFO ===> New TaichiEnv created.
2024-12-06 07:19:08,581 INFO ===> Specifications: horizon = 300, dt = 0.01, n_substeps = 20, dt_sub = 0.0005
2024-12-06 07:19:08,602 DEBUG loaded <trimesh.Trimesh(vertices.shape=(916, 3), faces.shape=(856, 3))> using `load_obj` in 0.0029s
2024-12-06 07:19:08,746 DEBUG loaded <trimesh.Trimesh(vertices.shape=(48, 3), faces.shape=(28, 3))> using `load_obj` in 0.0008s
2024-12-06 07:19:17,338 INFO ==> EMD Loss: 14.131667
2024-12-06 07:19:17,338 INFO ==> Height map loss:  7.052810
2024-12-06 07:19:17,662 INFO ===> New TaichiEnv created.
2024-12-06 07:19:17,662 INFO ===> Specifications: horizon = 300, dt = 0.01, n_substeps = 20, dt_sub = 0.0005
2024-12-06 07:19:17,684 DEBUG loaded <trimesh.Trimesh(vertices.shape=(916, 3), faces.shape=(856, 3))> using `load_obj` in 0.0029s
2024-12-06 07:19:17,827 DEBUG loaded <trimesh.Trimesh(vertices.shape=(48, 3), faces.shape=(28, 3))> using `load_obj` in 0.0007s
2024-12-06 07:19:27,010 INFO ==> EMD Loss: 14.131677
2024-12-06 07:19:27,010 INFO ==> Height map loss:  7.052767
2024-12-06 07:19:27,339 INFO ===> New TaichiEnv created.
2024-12-06 07:19:27,339 INFO ===> Specifications: horizon = 300, dt = 0.01, n_substeps = 20, dt_sub = 0.0005
2024-12-06 07:19:27,360 DEBUG loaded <trimesh.Trimesh(vertices.shape=(916, 3), faces.shape=(856, 3))> using `load_obj` in 0.0030s
2024-12-06 07:19:27,505 DEBUG loaded <trimesh.Trimesh(vertices.shape=(48, 3), faces.shape=(28, 3))> using `load_obj` in 0.0007s
2024-12-06 07:19:36,114 INFO ==> EMD Loss: 14.131732
2024-12-06 07:19:36,114 INFO ==> Height map loss:  7.052741
2024-12-06 07:19:36,438 INFO ===> New TaichiEnv created.
2024-12-06 07:19:36,438 INFO ===> Specifications: horizon = 300, dt = 0.01, n_substeps = 20, dt_sub = 0.0005
2024-12-06 07:19:36,460 DEBUG loaded <trimesh.Trimesh(vertices.shape=(916, 3), faces.shape=(856, 3))> using `load_obj` in 0.0029s
2024-12-06 07:19:36,602 DEBUG loaded <trimesh.Trimesh(vertices.shape=(48, 3), faces.shape=(28, 3))> using `load_obj` in 0.0007s
2024-12-06 07:19:45,797 INFO ==> EMD Loss: 14.131762
2024-12-06 07:19:45,797 INFO ==> Height map loss:  7.052796
2024-12-06 07:19:46,127 INFO ===> New TaichiEnv created.
2024-12-06 07:19:46,127 INFO ===> Specifications: horizon = 300, dt = 0.01, n_substeps = 20, dt_sub = 0.0005
2024-12-06 07:19:46,150 DEBUG loaded <trimesh.Trimesh(vertices.shape=(916, 3), faces.shape=(856, 3))> using `load_obj` in 0.0029s
2024-12-06 07:19:46,293 DEBUG loaded <trimesh.Trimesh(vertices.shape=(48, 3), faces.shape=(28, 3))> using `load_obj` in 0.0007s
2024-12-06 07:19:54,894 INFO ==> EMD Loss: 14.131674
2024-12-06 07:19:54,894 INFO ==> Height map loss:  7.052783
2024-12-06 07:19:54,894 INFO =====> Best alpha: 1.0, Best loss info: {'particle_has_naninf': False, 'height_map_loss': 7.052740573883057, 'emd_loss': 14.131731986999512, 'total_loss': 14.131731986999512}
2024-12-06 07:19:55,224 INFO ===> New TaichiEnv created.
2024-12-06 07:19:55,224 INFO ===> Specifications: horizon = 300, dt = 0.01, n_substeps = 20, dt_sub = 0.0005
2024-12-06 07:19:55,246 DEBUG loaded <trimesh.Trimesh(vertices.shape=(916, 3), faces.shape=(856, 3))> using `load_obj` in 0.0029s
2024-12-06 07:19:55,389 DEBUG loaded <trimesh.Trimesh(vertices.shape=(48, 3), faces.shape=(28, 3))> using `load_obj` in 0.0007s
2024-12-06 07:20:20,944 INFO =====> Epoch: 27
2024-12-06 07:20:20,945 INFO =====> EMD Loss: 14.131660
2024-12-06 07:20:20,945 INFO =====> Height map loss:  7.052889
2024-12-06 07:20:20,945 INFO =====> Num. aborted data so far: 0
2024-12-06 07:20:21,293 INFO ===> New TaichiEnv created.
2024-12-06 07:20:21,293 INFO ===> Specifications: horizon = 300, dt = 0.01, n_substeps = 20, dt_sub = 0.0005
2024-12-06 07:20:21,314 DEBUG loaded <trimesh.Trimesh(vertices.shape=(916, 3), faces.shape=(856, 3))> using `load_obj` in 0.0029s
2024-12-06 07:20:21,460 DEBUG loaded <trimesh.Trimesh(vertices.shape=(48, 3), faces.shape=(28, 3))> using `load_obj` in 0.0007s
2024-12-06 07:20:30,665 INFO ==> EMD Loss: 14.131799
2024-12-06 07:20:30,666 INFO ==> Height map loss:  7.052639
2024-12-06 07:20:30,995 INFO ===> New TaichiEnv created.
2024-12-06 07:20:30,995 INFO ===> Specifications: horizon = 300, dt = 0.01, n_substeps = 20, dt_sub = 0.0005
2024-12-06 07:20:31,017 DEBUG loaded <trimesh.Trimesh(vertices.shape=(916, 3), faces.shape=(856, 3))> using `load_obj` in 0.0029s
2024-12-06 07:20:31,159 DEBUG loaded <trimesh.Trimesh(vertices.shape=(48, 3), faces.shape=(28, 3))> using `load_obj` in 0.0007s
2024-12-06 07:20:39,745 INFO ==> EMD Loss: 14.131679
2024-12-06 07:20:39,746 INFO ==> Height map loss:  7.052851
2024-12-06 07:20:40,076 INFO ===> New TaichiEnv created.
2024-12-06 07:20:40,076 INFO ===> Specifications: horizon = 300, dt = 0.01, n_substeps = 20, dt_sub = 0.0005
2024-12-06 07:20:40,098 DEBUG loaded <trimesh.Trimesh(vertices.shape=(916, 3), faces.shape=(856, 3))> using `load_obj` in 0.0030s
2024-12-06 07:20:40,242 DEBUG loaded <trimesh.Trimesh(vertices.shape=(48, 3), faces.shape=(28, 3))> using `load_obj` in 0.0007s
2024-12-06 07:20:49,466 INFO ==> EMD Loss: 14.131698
2024-12-06 07:20:49,466 INFO ==> Height map loss:  7.052777
2024-12-06 07:20:49,794 INFO ===> New TaichiEnv created.
2024-12-06 07:20:49,794 INFO ===> Specifications: horizon = 300, dt = 0.01, n_substeps = 20, dt_sub = 0.0005
2024-12-06 07:20:49,816 DEBUG loaded <trimesh.Trimesh(vertices.shape=(916, 3), faces.shape=(856, 3))> using `load_obj` in 0.0030s
2024-12-06 07:20:49,961 DEBUG loaded <trimesh.Trimesh(vertices.shape=(48, 3), faces.shape=(28, 3))> using `load_obj` in 0.0007s
2024-12-06 07:20:58,568 INFO ==> EMD Loss: 14.131711
2024-12-06 07:20:58,568 INFO ==> Height map loss:  7.052797
2024-12-06 07:20:58,894 INFO ===> New TaichiEnv created.
2024-12-06 07:20:58,894 INFO ===> Specifications: horizon = 300, dt = 0.01, n_substeps = 20, dt_sub = 0.0005
2024-12-06 07:20:58,916 DEBUG loaded <trimesh.Trimesh(vertices.shape=(916, 3), faces.shape=(856, 3))> using `load_obj` in 0.0029s
2024-12-06 07:20:59,059 DEBUG loaded <trimesh.Trimesh(vertices.shape=(48, 3), faces.shape=(28, 3))> using `load_obj` in 0.0007s
2024-12-06 07:21:08,269 INFO ==> EMD Loss: 14.131624
2024-12-06 07:21:08,269 INFO ==> Height map loss:  7.052903
2024-12-06 07:21:08,269 INFO =====> Best alpha: 0.1, Best loss info: {'particle_has_naninf': False, 'height_map_loss': 7.052639484405518, 'emd_loss': 14.13179874420166, 'total_loss': 14.13179874420166}
2024-12-06 07:21:08,611 INFO ===> New TaichiEnv created.
2024-12-06 07:21:08,611 INFO ===> Specifications: horizon = 300, dt = 0.01, n_substeps = 20, dt_sub = 0.0005
2024-12-06 07:21:08,634 DEBUG loaded <trimesh.Trimesh(vertices.shape=(916, 3), faces.shape=(856, 3))> using `load_obj` in 0.0031s
2024-12-06 07:21:08,778 DEBUG loaded <trimesh.Trimesh(vertices.shape=(48, 3), faces.shape=(28, 3))> using `load_obj` in 0.0007s
2024-12-06 07:21:34,300 INFO =====> Epoch: 28
2024-12-06 07:21:34,300 INFO =====> EMD Loss: 14.131577
2024-12-06 07:21:34,300 INFO =====> Height map loss:  7.052711
2024-12-06 07:21:34,300 INFO =====> Num. aborted data so far: 0
2024-12-06 07:21:34,647 INFO ===> New TaichiEnv created.
2024-12-06 07:21:34,647 INFO ===> Specifications: horizon = 300, dt = 0.01, n_substeps = 20, dt_sub = 0.0005
2024-12-06 07:21:34,669 DEBUG loaded <trimesh.Trimesh(vertices.shape=(916, 3), faces.shape=(856, 3))> using `load_obj` in 0.0030s
2024-12-06 07:21:34,813 DEBUG loaded <trimesh.Trimesh(vertices.shape=(48, 3), faces.shape=(28, 3))> using `load_obj` in 0.0007s
2024-12-06 07:21:43,407 INFO ==> EMD Loss: 14.131741
2024-12-06 07:21:43,407 INFO ==> Height map loss:  7.052743
2024-12-06 07:21:43,737 INFO ===> New TaichiEnv created.
2024-12-06 07:21:43,737 INFO ===> Specifications: horizon = 300, dt = 0.01, n_substeps = 20, dt_sub = 0.0005
2024-12-06 07:21:43,758 DEBUG loaded <trimesh.Trimesh(vertices.shape=(916, 3), faces.shape=(856, 3))> using `load_obj` in 0.0029s
2024-12-06 07:21:43,901 DEBUG loaded <trimesh.Trimesh(vertices.shape=(48, 3), faces.shape=(28, 3))> using `load_obj` in 0.0007s
2024-12-06 07:21:53,103 INFO ==> EMD Loss: 14.131641
2024-12-06 07:21:53,103 INFO ==> Height map loss:  7.052749
2024-12-06 07:21:53,437 INFO ===> New TaichiEnv created.
2024-12-06 07:21:53,437 INFO ===> Specifications: horizon = 300, dt = 0.01, n_substeps = 20, dt_sub = 0.0005
2024-12-06 07:21:53,459 DEBUG loaded <trimesh.Trimesh(vertices.shape=(916, 3), faces.shape=(856, 3))> using `load_obj` in 0.0029s
2024-12-06 07:21:53,602 DEBUG loaded <trimesh.Trimesh(vertices.shape=(48, 3), faces.shape=(28, 3))> using `load_obj` in 0.0007s
2024-12-06 07:22:02,199 INFO ==> EMD Loss: 14.131719
2024-12-06 07:22:02,199 INFO ==> Height map loss:  7.052715
2024-12-06 07:22:02,531 INFO ===> New TaichiEnv created.
2024-12-06 07:22:02,531 INFO ===> Specifications: horizon = 300, dt = 0.01, n_substeps = 20, dt_sub = 0.0005
2024-12-06 07:22:02,553 DEBUG loaded <trimesh.Trimesh(vertices.shape=(916, 3), faces.shape=(856, 3))> using `load_obj` in 0.0028s
2024-12-06 07:22:02,696 DEBUG loaded <trimesh.Trimesh(vertices.shape=(48, 3), faces.shape=(28, 3))> using `load_obj` in 0.0007s
2024-12-06 07:22:11,913 INFO ==> EMD Loss: 14.131689
2024-12-06 07:22:11,913 INFO ==> Height map loss:  7.052721
2024-12-06 07:22:12,243 INFO ===> New TaichiEnv created.
2024-12-06 07:22:12,243 INFO ===> Specifications: horizon = 300, dt = 0.01, n_substeps = 20, dt_sub = 0.0005
2024-12-06 07:22:12,265 DEBUG loaded <trimesh.Trimesh(vertices.shape=(916, 3), faces.shape=(856, 3))> using `load_obj` in 0.0029s
2024-12-06 07:22:12,406 DEBUG loaded <trimesh.Trimesh(vertices.shape=(48, 3), faces.shape=(28, 3))> using `load_obj` in 0.0007s
2024-12-06 07:22:21,010 INFO ==> EMD Loss: 14.131720
2024-12-06 07:22:21,010 INFO ==> Height map loss:  7.052754
2024-12-06 07:22:21,010 INFO =====> Best alpha: 1.0, Best loss info: {'particle_has_naninf': False, 'height_map_loss': 7.052714824676514, 'emd_loss': 14.131718635559082, 'total_loss': 14.131718635559082}
2024-12-06 07:22:21,335 INFO ===> New TaichiEnv created.
2024-12-06 07:22:21,335 INFO ===> Specifications: horizon = 300, dt = 0.01, n_substeps = 20, dt_sub = 0.0005
2024-12-06 07:22:21,357 DEBUG loaded <trimesh.Trimesh(vertices.shape=(916, 3), faces.shape=(856, 3))> using `load_obj` in 0.0029s
2024-12-06 07:22:21,499 DEBUG loaded <trimesh.Trimesh(vertices.shape=(48, 3), faces.shape=(28, 3))> using `load_obj` in 0.0007s
2024-12-06 07:22:47,053 INFO =====> Epoch: 29
2024-12-06 07:22:47,053 INFO =====> EMD Loss: 14.131721
2024-12-06 07:22:47,053 INFO =====> Height map loss:  7.052840
2024-12-06 07:22:47,053 INFO =====> Num. aborted data so far: 0
2024-12-06 07:22:47,404 INFO ===> New TaichiEnv created.
2024-12-06 07:22:47,404 INFO ===> Specifications: horizon = 300, dt = 0.01, n_substeps = 20, dt_sub = 0.0005
2024-12-06 07:22:47,426 DEBUG loaded <trimesh.Trimesh(vertices.shape=(916, 3), faces.shape=(856, 3))> using `load_obj` in 0.0030s
2024-12-06 07:22:47,569 DEBUG loaded <trimesh.Trimesh(vertices.shape=(48, 3), faces.shape=(28, 3))> using `load_obj` in 0.0007s
2024-12-06 07:22:56,779 INFO ==> EMD Loss: 14.131730
2024-12-06 07:22:56,779 INFO ==> Height map loss:  7.052672
2024-12-06 07:22:57,104 INFO ===> New TaichiEnv created.
2024-12-06 07:22:57,104 INFO ===> Specifications: horizon = 300, dt = 0.01, n_substeps = 20, dt_sub = 0.0005
2024-12-06 07:22:57,125 DEBUG loaded <trimesh.Trimesh(vertices.shape=(916, 3), faces.shape=(856, 3))> using `load_obj` in 0.0029s
2024-12-06 07:22:57,267 DEBUG loaded <trimesh.Trimesh(vertices.shape=(48, 3), faces.shape=(28, 3))> using `load_obj` in 0.0007s
2024-12-06 07:23:05,872 INFO ==> EMD Loss: 14.131693
2024-12-06 07:23:05,872 INFO ==> Height map loss:  7.052747
2024-12-06 07:23:06,198 INFO ===> New TaichiEnv created.
2024-12-06 07:23:06,198 INFO ===> Specifications: horizon = 300, dt = 0.01, n_substeps = 20, dt_sub = 0.0005
2024-12-06 07:23:06,219 DEBUG loaded <trimesh.Trimesh(vertices.shape=(916, 3), faces.shape=(856, 3))> using `load_obj` in 0.0029s
2024-12-06 07:23:06,361 DEBUG loaded <trimesh.Trimesh(vertices.shape=(48, 3), faces.shape=(28, 3))> using `load_obj` in 0.0007s
2024-12-06 07:23:15,553 INFO ==> EMD Loss: 14.131667
2024-12-06 07:23:15,554 INFO ==> Height map loss:  7.052737
2024-12-06 07:23:15,882 INFO ===> New TaichiEnv created.
2024-12-06 07:23:15,882 INFO ===> Specifications: horizon = 300, dt = 0.01, n_substeps = 20, dt_sub = 0.0005
2024-12-06 07:23:15,904 DEBUG loaded <trimesh.Trimesh(vertices.shape=(916, 3), faces.shape=(856, 3))> using `load_obj` in 0.0029s
2024-12-06 07:23:16,047 DEBUG loaded <trimesh.Trimesh(vertices.shape=(48, 3), faces.shape=(28, 3))> using `load_obj` in 0.0007s
2024-12-06 07:23:24,638 INFO ==> EMD Loss: 14.131601
2024-12-06 07:23:24,638 INFO ==> Height map loss:  7.052848
2024-12-06 07:23:24,964 INFO ===> New TaichiEnv created.
2024-12-06 07:23:24,964 INFO ===> Specifications: horizon = 300, dt = 0.01, n_substeps = 20, dt_sub = 0.0005
2024-12-06 07:23:24,986 DEBUG loaded <trimesh.Trimesh(vertices.shape=(916, 3), faces.shape=(856, 3))> using `load_obj` in 0.0029s
2024-12-06 07:23:25,129 DEBUG loaded <trimesh.Trimesh(vertices.shape=(48, 3), faces.shape=(28, 3))> using `load_obj` in 0.0008s
2024-12-06 07:23:34,318 INFO ==> EMD Loss: 14.131763
2024-12-06 07:23:34,318 INFO ==> Height map loss:  7.052797
2024-12-06 07:23:34,318 INFO =====> Best alpha: 0.1, Best loss info: {'particle_has_naninf': False, 'height_map_loss': 7.052672386169434, 'emd_loss': 14.131730079650879, 'total_loss': 14.131730079650879}
2024-12-06 07:23:34,646 INFO ===> New TaichiEnv created.
2024-12-06 07:23:34,646 INFO ===> Specifications: horizon = 300, dt = 0.01, n_substeps = 20, dt_sub = 0.0005
2024-12-06 07:23:34,667 DEBUG loaded <trimesh.Trimesh(vertices.shape=(916, 3), faces.shape=(856, 3))> using `load_obj` in 0.0029s
2024-12-06 07:23:34,810 DEBUG loaded <trimesh.Trimesh(vertices.shape=(48, 3), faces.shape=(28, 3))> using `load_obj` in 0.0007s
2024-12-06 07:24:00,278 INFO =====> Epoch: 30
2024-12-06 07:24:00,278 INFO =====> EMD Loss: 14.131738
2024-12-06 07:24:00,278 INFO =====> Height map loss:  7.052703
2024-12-06 07:24:00,278 INFO =====> Num. aborted data so far: 0
2024-12-06 07:24:00,624 INFO ===> New TaichiEnv created.
2024-12-06 07:24:00,624 INFO ===> Specifications: horizon = 300, dt = 0.01, n_substeps = 20, dt_sub = 0.0005
2024-12-06 07:24:00,646 DEBUG loaded <trimesh.Trimesh(vertices.shape=(916, 3), faces.shape=(856, 3))> using `load_obj` in 0.0030s
2024-12-06 07:24:00,789 DEBUG loaded <trimesh.Trimesh(vertices.shape=(48, 3), faces.shape=(28, 3))> using `load_obj` in 0.0007s
2024-12-06 07:24:09,376 INFO ==> EMD Loss: 14.131762
2024-12-06 07:24:09,376 INFO ==> Height map loss:  7.052755
2024-12-06 07:24:09,697 INFO ===> New TaichiEnv created.
2024-12-06 07:24:09,698 INFO ===> Specifications: horizon = 300, dt = 0.01, n_substeps = 20, dt_sub = 0.0005
2024-12-06 07:24:09,719 DEBUG loaded <trimesh.Trimesh(vertices.shape=(916, 3), faces.shape=(856, 3))> using `load_obj` in 0.0029s
2024-12-06 07:24:09,861 DEBUG loaded <trimesh.Trimesh(vertices.shape=(48, 3), faces.shape=(28, 3))> using `load_obj` in 0.0007s
2024-12-06 07:24:19,046 INFO ==> EMD Loss: 14.131679
2024-12-06 07:24:19,046 INFO ==> Height map loss:  7.052913
2024-12-06 07:24:19,397 INFO ===> New TaichiEnv created.
2024-12-06 07:24:19,397 INFO ===> Specifications: horizon = 300, dt = 0.01, n_substeps = 20, dt_sub = 0.0005
2024-12-06 07:24:19,419 DEBUG loaded <trimesh.Trimesh(vertices.shape=(916, 3), faces.shape=(856, 3))> using `load_obj` in 0.0030s
2024-12-06 07:24:19,562 DEBUG loaded <trimesh.Trimesh(vertices.shape=(48, 3), faces.shape=(28, 3))> using `load_obj` in 0.0007s
2024-12-06 07:24:28,132 INFO ==> EMD Loss: 14.131727
2024-12-06 07:24:28,132 INFO ==> Height map loss:  7.052669
2024-12-06 07:24:28,454 INFO ===> New TaichiEnv created.
2024-12-06 07:24:28,454 INFO ===> Specifications: horizon = 300, dt = 0.01, n_substeps = 20, dt_sub = 0.0005
2024-12-06 07:24:28,476 DEBUG loaded <trimesh.Trimesh(vertices.shape=(916, 3), faces.shape=(856, 3))> using `load_obj` in 0.0029s
2024-12-06 07:24:28,620 DEBUG loaded <trimesh.Trimesh(vertices.shape=(48, 3), faces.shape=(28, 3))> using `load_obj` in 0.0007s
2024-12-06 07:24:37,790 INFO ==> EMD Loss: 14.131642
2024-12-06 07:24:37,790 INFO ==> Height map loss:  7.052727
2024-12-06 07:24:38,110 INFO ===> New TaichiEnv created.
2024-12-06 07:24:38,110 INFO ===> Specifications: horizon = 300, dt = 0.01, n_substeps = 20, dt_sub = 0.0005
2024-12-06 07:24:38,132 DEBUG loaded <trimesh.Trimesh(vertices.shape=(916, 3), faces.shape=(856, 3))> using `load_obj` in 0.0028s
2024-12-06 07:24:38,272 DEBUG loaded <trimesh.Trimesh(vertices.shape=(48, 3), faces.shape=(28, 3))> using `load_obj` in 0.0007s
2024-12-06 07:24:46,825 INFO ==> EMD Loss: 14.131749
2024-12-06 07:24:46,825 INFO ==> Height map loss:  7.052647
2024-12-06 07:24:46,825 INFO =====> Best alpha: 2.0, Best loss info: {'particle_has_naninf': False, 'height_map_loss': 7.052647113800049, 'emd_loss': 14.131749153137207, 'total_loss': 14.131749153137207}
2024-12-06 07:24:47,151 INFO ===> New TaichiEnv created.
2024-12-06 07:24:47,152 INFO ===> Specifications: horizon = 300, dt = 0.01, n_substeps = 20, dt_sub = 0.0005
2024-12-06 07:24:47,173 DEBUG loaded <trimesh.Trimesh(vertices.shape=(916, 3), faces.shape=(856, 3))> using `load_obj` in 0.0029s
2024-12-06 07:24:47,314 DEBUG loaded <trimesh.Trimesh(vertices.shape=(48, 3), faces.shape=(28, 3))> using `load_obj` in 0.0007s
2024-12-06 07:25:12,815 INFO =====> Epoch: 31
2024-12-06 07:25:12,815 INFO =====> EMD Loss: 14.131678
2024-12-06 07:25:12,815 INFO =====> Height map loss:  7.052788
2024-12-06 07:25:12,815 INFO =====> Num. aborted data so far: 0
2024-12-06 07:25:13,161 INFO ===> New TaichiEnv created.
2024-12-06 07:25:13,162 INFO ===> Specifications: horizon = 300, dt = 0.01, n_substeps = 20, dt_sub = 0.0005
2024-12-06 07:25:13,183 DEBUG loaded <trimesh.Trimesh(vertices.shape=(916, 3), faces.shape=(856, 3))> using `load_obj` in 0.0030s
2024-12-06 07:25:13,326 DEBUG loaded <trimesh.Trimesh(vertices.shape=(48, 3), faces.shape=(28, 3))> using `load_obj` in 0.0007s
2024-12-06 07:25:22,508 INFO ==> EMD Loss: 14.131831
2024-12-06 07:25:22,508 INFO ==> Height map loss:  7.052736
2024-12-06 07:25:22,837 INFO ===> New TaichiEnv created.
2024-12-06 07:25:22,837 INFO ===> Specifications: horizon = 300, dt = 0.01, n_substeps = 20, dt_sub = 0.0005
2024-12-06 07:25:22,859 DEBUG loaded <trimesh.Trimesh(vertices.shape=(916, 3), faces.shape=(856, 3))> using `load_obj` in 0.0028s
2024-12-06 07:25:23,002 DEBUG loaded <trimesh.Trimesh(vertices.shape=(48, 3), faces.shape=(28, 3))> using `load_obj` in 0.0007s
2024-12-06 07:25:31,613 INFO ==> EMD Loss: 14.131693
2024-12-06 07:25:31,613 INFO ==> Height map loss:  7.052834
2024-12-06 07:25:31,939 INFO ===> New TaichiEnv created.
2024-12-06 07:25:31,939 INFO ===> Specifications: horizon = 300, dt = 0.01, n_substeps = 20, dt_sub = 0.0005
2024-12-06 07:25:31,963 DEBUG loaded <trimesh.Trimesh(vertices.shape=(916, 3), faces.shape=(856, 3))> using `load_obj` in 0.0029s
2024-12-06 07:25:32,112 DEBUG loaded <trimesh.Trimesh(vertices.shape=(48, 3), faces.shape=(28, 3))> using `load_obj` in 0.0007s
2024-12-06 07:25:41,280 INFO ==> EMD Loss: 14.131758
2024-12-06 07:25:41,280 INFO ==> Height map loss:  7.052632
2024-12-06 07:25:41,603 INFO ===> New TaichiEnv created.
2024-12-06 07:25:41,603 INFO ===> Specifications: horizon = 300, dt = 0.01, n_substeps = 20, dt_sub = 0.0005
2024-12-06 07:25:41,624 DEBUG loaded <trimesh.Trimesh(vertices.shape=(916, 3), faces.shape=(856, 3))> using `load_obj` in 0.0028s
2024-12-06 07:25:41,764 DEBUG loaded <trimesh.Trimesh(vertices.shape=(48, 3), faces.shape=(28, 3))> using `load_obj` in 0.0007s
2024-12-06 07:25:50,365 INFO ==> EMD Loss: 14.131719
2024-12-06 07:25:50,365 INFO ==> Height map loss:  7.052737
2024-12-06 07:25:50,684 INFO ===> New TaichiEnv created.
2024-12-06 07:25:50,685 INFO ===> Specifications: horizon = 300, dt = 0.01, n_substeps = 20, dt_sub = 0.0005
2024-12-06 07:25:50,706 DEBUG loaded <trimesh.Trimesh(vertices.shape=(916, 3), faces.shape=(856, 3))> using `load_obj` in 0.0030s
2024-12-06 07:25:50,847 DEBUG loaded <trimesh.Trimesh(vertices.shape=(48, 3), faces.shape=(28, 3))> using `load_obj` in 0.0007s
2024-12-06 07:26:00,012 INFO ==> EMD Loss: 14.131699
2024-12-06 07:26:00,012 INFO ==> Height map loss:  7.052829
2024-12-06 07:26:00,012 INFO =====> Best alpha: 1.0, Best loss info: {'particle_has_naninf': False, 'height_map_loss': 7.052631855010986, 'emd_loss': 14.131757736206055, 'total_loss': 14.131757736206055}
2024-12-06 07:26:00,336 INFO ===> New TaichiEnv created.
2024-12-06 07:26:00,336 INFO ===> Specifications: horizon = 300, dt = 0.01, n_substeps = 20, dt_sub = 0.0005
2024-12-06 07:26:00,357 DEBUG loaded <trimesh.Trimesh(vertices.shape=(916, 3), faces.shape=(856, 3))> using `load_obj` in 0.0029s
2024-12-06 07:26:00,500 DEBUG loaded <trimesh.Trimesh(vertices.shape=(48, 3), faces.shape=(28, 3))> using `load_obj` in 0.0007s
2024-12-06 07:26:26,012 INFO =====> Epoch: 32
2024-12-06 07:26:26,012 INFO =====> EMD Loss: 14.131725
2024-12-06 07:26:26,012 INFO =====> Height map loss:  7.052754
2024-12-06 07:26:26,012 INFO =====> Num. aborted data so far: 0
2024-12-06 07:26:26,356 INFO ===> New TaichiEnv created.
2024-12-06 07:26:26,356 INFO ===> Specifications: horizon = 300, dt = 0.01, n_substeps = 20, dt_sub = 0.0005
2024-12-06 07:26:26,377 DEBUG loaded <trimesh.Trimesh(vertices.shape=(916, 3), faces.shape=(856, 3))> using `load_obj` in 0.0030s
2024-12-06 07:26:26,519 DEBUG loaded <trimesh.Trimesh(vertices.shape=(48, 3), faces.shape=(28, 3))> using `load_obj` in 0.0007s
2024-12-06 07:26:35,104 INFO ==> EMD Loss: 14.131726
2024-12-06 07:26:35,104 INFO ==> Height map loss:  7.052603
2024-12-06 07:26:35,428 INFO ===> New TaichiEnv created.
2024-12-06 07:26:35,428 INFO ===> Specifications: horizon = 300, dt = 0.01, n_substeps = 20, dt_sub = 0.0005
2024-12-06 07:26:35,450 DEBUG loaded <trimesh.Trimesh(vertices.shape=(916, 3), faces.shape=(856, 3))> using `load_obj` in 0.0029s
2024-12-06 07:26:35,593 DEBUG loaded <trimesh.Trimesh(vertices.shape=(48, 3), faces.shape=(28, 3))> using `load_obj` in 0.0007s
2024-12-06 07:26:44,800 INFO ==> EMD Loss: 14.131666
2024-12-06 07:26:44,800 INFO ==> Height map loss:  7.052803
2024-12-06 07:26:45,124 INFO ===> New TaichiEnv created.
2024-12-06 07:26:45,124 INFO ===> Specifications: horizon = 300, dt = 0.01, n_substeps = 20, dt_sub = 0.0005
2024-12-06 07:26:45,145 DEBUG loaded <trimesh.Trimesh(vertices.shape=(916, 3), faces.shape=(856, 3))> using `load_obj` in 0.0029s
2024-12-06 07:26:45,289 DEBUG loaded <trimesh.Trimesh(vertices.shape=(48, 3), faces.shape=(28, 3))> using `load_obj` in 0.0007s
2024-12-06 07:26:53,852 INFO ==> EMD Loss: 14.131678
2024-12-06 07:26:53,852 INFO ==> Height map loss:  7.052796
2024-12-06 07:26:54,174 INFO ===> New TaichiEnv created.
2024-12-06 07:26:54,174 INFO ===> Specifications: horizon = 300, dt = 0.01, n_substeps = 20, dt_sub = 0.0005
2024-12-06 07:26:54,195 DEBUG loaded <trimesh.Trimesh(vertices.shape=(916, 3), faces.shape=(856, 3))> using `load_obj` in 0.0029s
2024-12-06 07:26:54,338 DEBUG loaded <trimesh.Trimesh(vertices.shape=(48, 3), faces.shape=(28, 3))> using `load_obj` in 0.0007s
2024-12-06 07:27:03,521 INFO ==> EMD Loss: 14.131758
2024-12-06 07:27:03,521 INFO ==> Height map loss:  7.052742
2024-12-06 07:27:03,848 INFO ===> New TaichiEnv created.
2024-12-06 07:27:03,848 INFO ===> Specifications: horizon = 300, dt = 0.01, n_substeps = 20, dt_sub = 0.0005
2024-12-06 07:27:03,869 DEBUG loaded <trimesh.Trimesh(vertices.shape=(916, 3), faces.shape=(856, 3))> using `load_obj` in 0.0027s
2024-12-06 07:27:04,007 DEBUG loaded <trimesh.Trimesh(vertices.shape=(48, 3), faces.shape=(28, 3))> using `load_obj` in 0.0007s
2024-12-06 07:27:12,573 INFO ==> EMD Loss: 14.131698
2024-12-06 07:27:12,573 INFO ==> Height map loss:  7.052733
2024-12-06 07:27:12,573 INFO =====> Best alpha: 0.1, Best loss info: {'particle_has_naninf': False, 'height_map_loss': 7.052602767944336, 'emd_loss': 14.131726264953613, 'total_loss': 14.131726264953613}
2024-12-06 07:27:12,900 INFO ===> New TaichiEnv created.
2024-12-06 07:27:12,900 INFO ===> Specifications: horizon = 300, dt = 0.01, n_substeps = 20, dt_sub = 0.0005
2024-12-06 07:27:12,922 DEBUG loaded <trimesh.Trimesh(vertices.shape=(916, 3), faces.shape=(856, 3))> using `load_obj` in 0.0029s
2024-12-06 07:27:13,065 DEBUG loaded <trimesh.Trimesh(vertices.shape=(48, 3), faces.shape=(28, 3))> using `load_obj` in 0.0007s
2024-12-06 07:27:38,565 INFO =====> Epoch: 33
2024-12-06 07:27:38,565 INFO =====> EMD Loss: 14.131693
2024-12-06 07:27:38,565 INFO =====> Height map loss:  7.052729
2024-12-06 07:27:38,565 INFO =====> Num. aborted data so far: 0
2024-12-06 07:27:38,907 INFO ===> New TaichiEnv created.
2024-12-06 07:27:38,907 INFO ===> Specifications: horizon = 300, dt = 0.01, n_substeps = 20, dt_sub = 0.0005
2024-12-06 07:27:38,929 DEBUG loaded <trimesh.Trimesh(vertices.shape=(916, 3), faces.shape=(856, 3))> using `load_obj` in 0.0029s
2024-12-06 07:27:39,070 DEBUG loaded <trimesh.Trimesh(vertices.shape=(48, 3), faces.shape=(28, 3))> using `load_obj` in 0.0007s
2024-12-06 07:27:48,238 INFO ==> EMD Loss: 14.131661
2024-12-06 07:27:48,238 INFO ==> Height map loss:  7.052728
2024-12-06 07:27:48,566 INFO ===> New TaichiEnv created.
2024-12-06 07:27:48,566 INFO ===> Specifications: horizon = 300, dt = 0.01, n_substeps = 20, dt_sub = 0.0005
2024-12-06 07:27:48,588 DEBUG loaded <trimesh.Trimesh(vertices.shape=(916, 3), faces.shape=(856, 3))> using `load_obj` in 0.0029s
2024-12-06 07:27:48,730 DEBUG loaded <trimesh.Trimesh(vertices.shape=(48, 3), faces.shape=(28, 3))> using `load_obj` in 0.0007s
2024-12-06 07:27:57,314 INFO ==> EMD Loss: 14.131655
2024-12-06 07:27:57,314 INFO ==> Height map loss:  7.052773
2024-12-06 07:27:57,636 INFO ===> New TaichiEnv created.
2024-12-06 07:27:57,636 INFO ===> Specifications: horizon = 300, dt = 0.01, n_substeps = 20, dt_sub = 0.0005
2024-12-06 07:27:57,658 DEBUG loaded <trimesh.Trimesh(vertices.shape=(916, 3), faces.shape=(856, 3))> using `load_obj` in 0.0030s
2024-12-06 07:27:57,802 DEBUG loaded <trimesh.Trimesh(vertices.shape=(48, 3), faces.shape=(28, 3))> using `load_obj` in 0.0007s
2024-12-06 07:28:07,000 INFO ==> EMD Loss: 14.131708
2024-12-06 07:28:07,000 INFO ==> Height map loss:  7.052748
2024-12-06 07:28:07,322 INFO ===> New TaichiEnv created.
2024-12-06 07:28:07,322 INFO ===> Specifications: horizon = 300, dt = 0.01, n_substeps = 20, dt_sub = 0.0005
2024-12-06 07:28:07,343 DEBUG loaded <trimesh.Trimesh(vertices.shape=(916, 3), faces.shape=(856, 3))> using `load_obj` in 0.0028s
2024-12-06 07:28:07,484 DEBUG loaded <trimesh.Trimesh(vertices.shape=(48, 3), faces.shape=(28, 3))> using `load_obj` in 0.0007s
2024-12-06 07:28:16,044 INFO ==> EMD Loss: 14.131748
2024-12-06 07:28:16,044 INFO ==> Height map loss:  7.052619
2024-12-06 07:28:16,368 INFO ===> New TaichiEnv created.
2024-12-06 07:28:16,368 INFO ===> Specifications: horizon = 300, dt = 0.01, n_substeps = 20, dt_sub = 0.0005
2024-12-06 07:28:16,389 DEBUG loaded <trimesh.Trimesh(vertices.shape=(916, 3), faces.shape=(856, 3))> using `load_obj` in 0.0029s
2024-12-06 07:28:16,532 DEBUG loaded <trimesh.Trimesh(vertices.shape=(48, 3), faces.shape=(28, 3))> using `load_obj` in 0.0007s
2024-12-06 07:28:25,717 INFO ==> EMD Loss: 14.131747
2024-12-06 07:28:25,717 INFO ==> Height map loss:  7.052773
2024-12-06 07:28:25,717 INFO =====> Best alpha: 1.5, Best loss info: {'particle_has_naninf': False, 'height_map_loss': 7.052619457244873, 'emd_loss': 14.13174819946289, 'total_loss': 14.13174819946289}
2024-12-06 07:28:26,042 INFO ===> New TaichiEnv created.
2024-12-06 07:28:26,042 INFO ===> Specifications: horizon = 300, dt = 0.01, n_substeps = 20, dt_sub = 0.0005
2024-12-06 07:28:26,063 DEBUG loaded <trimesh.Trimesh(vertices.shape=(916, 3), faces.shape=(856, 3))> using `load_obj` in 0.0029s
2024-12-06 07:28:26,205 DEBUG loaded <trimesh.Trimesh(vertices.shape=(48, 3), faces.shape=(28, 3))> using `load_obj` in 0.0007s
2024-12-06 07:28:52,089 INFO =====> Epoch: 34
2024-12-06 07:28:52,089 INFO =====> EMD Loss: 14.131618
2024-12-06 07:28:52,089 INFO =====> Height map loss:  7.052803
2024-12-06 07:28:52,089 INFO =====> Num. aborted data so far: 0
2024-12-06 07:28:52,451 INFO ===> New TaichiEnv created.
2024-12-06 07:28:52,451 INFO ===> Specifications: horizon = 300, dt = 0.01, n_substeps = 20, dt_sub = 0.0005
2024-12-06 07:28:52,473 DEBUG loaded <trimesh.Trimesh(vertices.shape=(916, 3), faces.shape=(856, 3))> using `load_obj` in 0.0029s
2024-12-06 07:28:52,614 DEBUG loaded <trimesh.Trimesh(vertices.shape=(48, 3), faces.shape=(28, 3))> using `load_obj` in 0.0007s
2024-12-06 07:29:01,270 INFO ==> EMD Loss: 14.131688
2024-12-06 07:29:01,271 INFO ==> Height map loss:  7.052945
2024-12-06 07:29:01,592 INFO ===> New TaichiEnv created.
2024-12-06 07:29:01,592 INFO ===> Specifications: horizon = 300, dt = 0.01, n_substeps = 20, dt_sub = 0.0005
2024-12-06 07:29:01,613 DEBUG loaded <trimesh.Trimesh(vertices.shape=(916, 3), faces.shape=(856, 3))> using `load_obj` in 0.0029s
2024-12-06 07:29:01,758 DEBUG loaded <trimesh.Trimesh(vertices.shape=(48, 3), faces.shape=(28, 3))> using `load_obj` in 0.0007s
2024-12-06 07:29:10,955 INFO ==> EMD Loss: 14.131767
2024-12-06 07:29:10,955 INFO ==> Height map loss:  7.052773
2024-12-06 07:29:11,280 INFO ===> New TaichiEnv created.
2024-12-06 07:29:11,280 INFO ===> Specifications: horizon = 300, dt = 0.01, n_substeps = 20, dt_sub = 0.0005
2024-12-06 07:29:11,301 DEBUG loaded <trimesh.Trimesh(vertices.shape=(916, 3), faces.shape=(856, 3))> using `load_obj` in 0.0028s
2024-12-06 07:29:11,444 DEBUG loaded <trimesh.Trimesh(vertices.shape=(48, 3), faces.shape=(28, 3))> using `load_obj` in 0.0007s
2024-12-06 07:29:20,027 INFO ==> EMD Loss: 14.131733
2024-12-06 07:29:20,027 INFO ==> Height map loss:  7.052752
2024-12-06 07:29:20,423 INFO ===> New TaichiEnv created.
2024-12-06 07:29:20,423 INFO ===> Specifications: horizon = 300, dt = 0.01, n_substeps = 20, dt_sub = 0.0005
2024-12-06 07:29:20,445 DEBUG loaded <trimesh.Trimesh(vertices.shape=(916, 3), faces.shape=(856, 3))> using `load_obj` in 0.0029s
2024-12-06 07:29:20,586 DEBUG loaded <trimesh.Trimesh(vertices.shape=(48, 3), faces.shape=(28, 3))> using `load_obj` in 0.0007s
2024-12-06 07:29:29,775 INFO ==> EMD Loss: 14.131750
2024-12-06 07:29:29,775 INFO ==> Height map loss:  7.052733
2024-12-06 07:29:30,093 INFO ===> New TaichiEnv created.
2024-12-06 07:29:30,093 INFO ===> Specifications: horizon = 300, dt = 0.01, n_substeps = 20, dt_sub = 0.0005
2024-12-06 07:29:30,115 DEBUG loaded <trimesh.Trimesh(vertices.shape=(916, 3), faces.shape=(856, 3))> using `load_obj` in 0.0028s
2024-12-06 07:29:30,256 DEBUG loaded <trimesh.Trimesh(vertices.shape=(48, 3), faces.shape=(28, 3))> using `load_obj` in 0.0007s
2024-12-06 07:29:38,832 INFO ==> EMD Loss: 14.131650
2024-12-06 07:29:38,832 INFO ==> Height map loss:  7.052865
2024-12-06 07:29:38,833 INFO =====> Best alpha: 1.5, Best loss info: {'particle_has_naninf': False, 'height_map_loss': 7.052733421325684, 'emd_loss': 14.131750106811523, 'total_loss': 14.131750106811523}
2024-12-06 07:29:39,156 INFO ===> New TaichiEnv created.
2024-12-06 07:29:39,156 INFO ===> Specifications: horizon = 300, dt = 0.01, n_substeps = 20, dt_sub = 0.0005
2024-12-06 07:29:39,178 DEBUG loaded <trimesh.Trimesh(vertices.shape=(916, 3), faces.shape=(856, 3))> using `load_obj` in 0.0029s
2024-12-06 07:29:39,319 DEBUG loaded <trimesh.Trimesh(vertices.shape=(48, 3), faces.shape=(28, 3))> using `load_obj` in 0.0007s
2024-12-06 07:30:05,171 INFO =====> Epoch: 35
2024-12-06 07:30:05,171 INFO =====> EMD Loss: 14.131641
2024-12-06 07:30:05,171 INFO =====> Height map loss:  7.052793
2024-12-06 07:30:05,171 INFO =====> Num. aborted data so far: 0
2024-12-06 07:30:05,595 INFO ===> New TaichiEnv created.
2024-12-06 07:30:05,595 INFO ===> Specifications: horizon = 300, dt = 0.01, n_substeps = 20, dt_sub = 0.0005
2024-12-06 07:30:05,617 DEBUG loaded <trimesh.Trimesh(vertices.shape=(916, 3), faces.shape=(856, 3))> using `load_obj` in 0.0029s
2024-12-06 07:30:05,757 DEBUG loaded <trimesh.Trimesh(vertices.shape=(48, 3), faces.shape=(28, 3))> using `load_obj` in 0.0007s
2024-12-06 07:30:14,929 INFO ==> EMD Loss: 14.131787
2024-12-06 07:30:14,929 INFO ==> Height map loss:  7.052771
2024-12-06 07:30:15,252 INFO ===> New TaichiEnv created.
2024-12-06 07:30:15,252 INFO ===> Specifications: horizon = 300, dt = 0.01, n_substeps = 20, dt_sub = 0.0005
2024-12-06 07:30:15,273 DEBUG loaded <trimesh.Trimesh(vertices.shape=(916, 3), faces.shape=(856, 3))> using `load_obj` in 0.0029s
2024-12-06 07:30:15,417 DEBUG loaded <trimesh.Trimesh(vertices.shape=(48, 3), faces.shape=(28, 3))> using `load_obj` in 0.0007s
2024-12-06 07:30:24,007 INFO ==> EMD Loss: 14.131686
2024-12-06 07:30:24,007 INFO ==> Height map loss:  7.052729
2024-12-06 07:30:24,330 INFO ===> New TaichiEnv created.
2024-12-06 07:30:24,330 INFO ===> Specifications: horizon = 300, dt = 0.01, n_substeps = 20, dt_sub = 0.0005
2024-12-06 07:30:24,351 DEBUG loaded <trimesh.Trimesh(vertices.shape=(916, 3), faces.shape=(856, 3))> using `load_obj` in 0.0029s
2024-12-06 07:30:24,494 DEBUG loaded <trimesh.Trimesh(vertices.shape=(48, 3), faces.shape=(28, 3))> using `load_obj` in 0.0007s
2024-12-06 07:30:33,693 INFO ==> EMD Loss: 14.131684
2024-12-06 07:30:33,693 INFO ==> Height map loss:  7.052825
2024-12-06 07:30:34,018 INFO ===> New TaichiEnv created.
2024-12-06 07:30:34,019 INFO ===> Specifications: horizon = 300, dt = 0.01, n_substeps = 20, dt_sub = 0.0005
2024-12-06 07:30:34,041 DEBUG loaded <trimesh.Trimesh(vertices.shape=(916, 3), faces.shape=(856, 3))> using `load_obj` in 0.0030s
2024-12-06 07:30:34,183 DEBUG loaded <trimesh.Trimesh(vertices.shape=(48, 3), faces.shape=(28, 3))> using `load_obj` in 0.0007s
2024-12-06 07:30:42,750 INFO ==> EMD Loss: 14.131744
2024-12-06 07:30:42,750 INFO ==> Height map loss:  7.052804
2024-12-06 07:30:43,067 INFO ===> New TaichiEnv created.
2024-12-06 07:30:43,067 INFO ===> Specifications: horizon = 300, dt = 0.01, n_substeps = 20, dt_sub = 0.0005
2024-12-06 07:30:43,089 DEBUG loaded <trimesh.Trimesh(vertices.shape=(916, 3), faces.shape=(856, 3))> using `load_obj` in 0.0030s
2024-12-06 07:30:43,232 DEBUG loaded <trimesh.Trimesh(vertices.shape=(48, 3), faces.shape=(28, 3))> using `load_obj` in 0.0007s
2024-12-06 07:30:52,419 INFO ==> EMD Loss: 14.131667
2024-12-06 07:30:52,420 INFO ==> Height map loss:  7.052774
2024-12-06 07:30:52,420 INFO =====> Best alpha: 0.5, Best loss info: {'particle_has_naninf': False, 'height_map_loss': 7.05272912979126, 'emd_loss': 14.131686210632324, 'total_loss': 14.131686210632324}
2024-12-06 07:30:52,739 INFO ===> New TaichiEnv created.
2024-12-06 07:30:52,739 INFO ===> Specifications: horizon = 300, dt = 0.01, n_substeps = 20, dt_sub = 0.0005
2024-12-06 07:30:52,761 DEBUG loaded <trimesh.Trimesh(vertices.shape=(916, 3), faces.shape=(856, 3))> using `load_obj` in 0.0029s
2024-12-06 07:30:52,903 DEBUG loaded <trimesh.Trimesh(vertices.shape=(48, 3), faces.shape=(28, 3))> using `load_obj` in 0.0007s
2024-12-06 07:31:18,438 INFO =====> Epoch: 36
2024-12-06 07:31:18,438 INFO =====> EMD Loss: 14.131787
2024-12-06 07:31:18,438 INFO =====> Height map loss:  7.052779
2024-12-06 07:31:18,438 INFO =====> Num. aborted data so far: 0
2024-12-06 07:31:18,784 INFO ===> New TaichiEnv created.
2024-12-06 07:31:18,785 INFO ===> Specifications: horizon = 300, dt = 0.01, n_substeps = 20, dt_sub = 0.0005
2024-12-06 07:31:18,806 DEBUG loaded <trimesh.Trimesh(vertices.shape=(916, 3), faces.shape=(856, 3))> using `load_obj` in 0.0029s
2024-12-06 07:31:18,951 DEBUG loaded <trimesh.Trimesh(vertices.shape=(48, 3), faces.shape=(28, 3))> using `load_obj` in 0.0007s
2024-12-06 07:31:27,504 INFO ==> EMD Loss: 14.131702
2024-12-06 07:31:27,504 INFO ==> Height map loss:  7.052751
2024-12-06 07:31:27,826 INFO ===> New TaichiEnv created.
2024-12-06 07:31:27,826 INFO ===> Specifications: horizon = 300, dt = 0.01, n_substeps = 20, dt_sub = 0.0005
2024-12-06 07:31:27,847 DEBUG loaded <trimesh.Trimesh(vertices.shape=(916, 3), faces.shape=(856, 3))> using `load_obj` in 0.0030s
2024-12-06 07:31:27,993 DEBUG loaded <trimesh.Trimesh(vertices.shape=(48, 3), faces.shape=(28, 3))> using `load_obj` in 0.0007s
2024-12-06 07:31:37,243 INFO ==> EMD Loss: 14.131680
2024-12-06 07:31:37,243 INFO ==> Height map loss:  7.052742
2024-12-06 07:31:37,563 INFO ===> New TaichiEnv created.
2024-12-06 07:31:37,563 INFO ===> Specifications: horizon = 300, dt = 0.01, n_substeps = 20, dt_sub = 0.0005
2024-12-06 07:31:37,584 DEBUG loaded <trimesh.Trimesh(vertices.shape=(916, 3), faces.shape=(856, 3))> using `load_obj` in 0.0029s
2024-12-06 07:31:37,724 DEBUG loaded <trimesh.Trimesh(vertices.shape=(48, 3), faces.shape=(28, 3))> using `load_obj` in 0.0007s
2024-12-06 07:31:46,296 INFO ==> EMD Loss: 14.131728
2024-12-06 07:31:46,296 INFO ==> Height map loss:  7.052679
2024-12-06 07:31:46,620 INFO ===> New TaichiEnv created.
2024-12-06 07:31:46,620 INFO ===> Specifications: horizon = 300, dt = 0.01, n_substeps = 20, dt_sub = 0.0005
2024-12-06 07:31:46,643 DEBUG loaded <trimesh.Trimesh(vertices.shape=(916, 3), faces.shape=(856, 3))> using `load_obj` in 0.0030s
2024-12-06 07:31:46,786 DEBUG loaded <trimesh.Trimesh(vertices.shape=(48, 3), faces.shape=(28, 3))> using `load_obj` in 0.0007s
2024-12-06 07:31:55,986 INFO ==> EMD Loss: 14.131615
2024-12-06 07:31:55,986 INFO ==> Height map loss:  7.052729
2024-12-06 07:31:56,306 INFO ===> New TaichiEnv created.
2024-12-06 07:31:56,306 INFO ===> Specifications: horizon = 300, dt = 0.01, n_substeps = 20, dt_sub = 0.0005
2024-12-06 07:31:56,327 DEBUG loaded <trimesh.Trimesh(vertices.shape=(916, 3), faces.shape=(856, 3))> using `load_obj` in 0.0028s
2024-12-06 07:31:56,468 DEBUG loaded <trimesh.Trimesh(vertices.shape=(48, 3), faces.shape=(28, 3))> using `load_obj` in 0.0007s
2024-12-06 07:32:05,046 INFO ==> EMD Loss: 14.131742
2024-12-06 07:32:05,046 INFO ==> Height map loss:  7.052806
2024-12-06 07:32:05,046 INFO =====> Best alpha: 1.0, Best loss info: {'particle_has_naninf': False, 'height_map_loss': 7.05267858505249, 'emd_loss': 14.131728172302246, 'total_loss': 14.131728172302246}
2024-12-06 07:32:05,366 INFO ===> New TaichiEnv created.
2024-12-06 07:32:05,366 INFO ===> Specifications: horizon = 300, dt = 0.01, n_substeps = 20, dt_sub = 0.0005
2024-12-06 07:32:05,388 DEBUG loaded <trimesh.Trimesh(vertices.shape=(916, 3), faces.shape=(856, 3))> using `load_obj` in 0.0029s
2024-12-06 07:32:05,529 DEBUG loaded <trimesh.Trimesh(vertices.shape=(48, 3), faces.shape=(28, 3))> using `load_obj` in 0.0007s
2024-12-06 07:32:31,100 INFO =====> Epoch: 37
2024-12-06 07:32:31,101 INFO =====> EMD Loss: 14.131664
2024-12-06 07:32:31,101 INFO =====> Height map loss:  7.052737
2024-12-06 07:32:31,101 INFO =====> Num. aborted data so far: 0
2024-12-06 07:32:31,445 INFO ===> New TaichiEnv created.
2024-12-06 07:32:31,445 INFO ===> Specifications: horizon = 300, dt = 0.01, n_substeps = 20, dt_sub = 0.0005
2024-12-06 07:32:31,466 DEBUG loaded <trimesh.Trimesh(vertices.shape=(916, 3), faces.shape=(856, 3))> using `load_obj` in 0.0029s
2024-12-06 07:32:31,607 DEBUG loaded <trimesh.Trimesh(vertices.shape=(48, 3), faces.shape=(28, 3))> using `load_obj` in 0.0007s
2024-12-06 07:32:40,164 INFO ==> EMD Loss: 14.131720
2024-12-06 07:32:40,164 INFO ==> Height map loss:  7.052766
2024-12-06 07:32:40,552 INFO ===> New TaichiEnv created.
2024-12-06 07:32:40,552 INFO ===> Specifications: horizon = 300, dt = 0.01, n_substeps = 20, dt_sub = 0.0005
2024-12-06 07:32:40,574 DEBUG loaded <trimesh.Trimesh(vertices.shape=(916, 3), faces.shape=(856, 3))> using `load_obj` in 0.0030s
2024-12-06 07:32:40,716 DEBUG loaded <trimesh.Trimesh(vertices.shape=(48, 3), faces.shape=(28, 3))> using `load_obj` in 0.0007s
2024-12-06 07:32:49,914 INFO ==> EMD Loss: 14.131743
2024-12-06 07:32:49,914 INFO ==> Height map loss:  7.052767
2024-12-06 07:32:50,233 INFO ===> New TaichiEnv created.
2024-12-06 07:32:50,233 INFO ===> Specifications: horizon = 300, dt = 0.01, n_substeps = 20, dt_sub = 0.0005
2024-12-06 07:32:50,255 DEBUG loaded <trimesh.Trimesh(vertices.shape=(916, 3), faces.shape=(856, 3))> using `load_obj` in 0.0029s
2024-12-06 07:32:50,396 DEBUG loaded <trimesh.Trimesh(vertices.shape=(48, 3), faces.shape=(28, 3))> using `load_obj` in 0.0007s
2024-12-06 07:32:58,993 INFO ==> EMD Loss: 14.131648
2024-12-06 07:32:58,993 INFO ==> Height map loss:  7.052770
2024-12-06 07:32:59,312 INFO ===> New TaichiEnv created.
2024-12-06 07:32:59,312 INFO ===> Specifications: horizon = 300, dt = 0.01, n_substeps = 20, dt_sub = 0.0005
2024-12-06 07:32:59,333 DEBUG loaded <trimesh.Trimesh(vertices.shape=(916, 3), faces.shape=(856, 3))> using `load_obj` in 0.0029s
2024-12-06 07:32:59,474 DEBUG loaded <trimesh.Trimesh(vertices.shape=(48, 3), faces.shape=(28, 3))> using `load_obj` in 0.0007s
2024-12-06 07:33:08,665 INFO ==> EMD Loss: 14.131693
2024-12-06 07:33:08,665 INFO ==> Height map loss:  7.052788
2024-12-06 07:33:08,983 INFO ===> New TaichiEnv created.
2024-12-06 07:33:08,983 INFO ===> Specifications: horizon = 300, dt = 0.01, n_substeps = 20, dt_sub = 0.0005
2024-12-06 07:33:09,004 DEBUG loaded <trimesh.Trimesh(vertices.shape=(916, 3), faces.shape=(856, 3))> using `load_obj` in 0.0029s
2024-12-06 07:33:09,147 DEBUG loaded <trimesh.Trimesh(vertices.shape=(48, 3), faces.shape=(28, 3))> using `load_obj` in 0.0007s
2024-12-06 07:33:17,711 INFO ==> EMD Loss: 14.131699
2024-12-06 07:33:17,711 INFO ==> Height map loss:  7.052672
2024-12-06 07:33:17,711 INFO =====> Best alpha: 2.0, Best loss info: {'particle_has_naninf': False, 'height_map_loss': 7.052671909332275, 'emd_loss': 14.131698608398438, 'total_loss': 14.131698608398438}
2024-12-06 07:33:18,033 INFO ===> New TaichiEnv created.
2024-12-06 07:33:18,033 INFO ===> Specifications: horizon = 300, dt = 0.01, n_substeps = 20, dt_sub = 0.0005
2024-12-06 07:33:18,055 DEBUG loaded <trimesh.Trimesh(vertices.shape=(916, 3), faces.shape=(856, 3))> using `load_obj` in 0.0028s
2024-12-06 07:33:18,195 DEBUG loaded <trimesh.Trimesh(vertices.shape=(48, 3), faces.shape=(28, 3))> using `load_obj` in 0.0007s
2024-12-06 07:33:43,722 INFO =====> Epoch: 38
2024-12-06 07:33:43,722 INFO =====> EMD Loss: 14.131726
2024-12-06 07:33:43,722 INFO =====> Height map loss:  7.052738
2024-12-06 07:33:43,722 INFO =====> Num. aborted data so far: 0
2024-12-06 07:33:44,059 INFO ===> New TaichiEnv created.
2024-12-06 07:33:44,060 INFO ===> Specifications: horizon = 300, dt = 0.01, n_substeps = 20, dt_sub = 0.0005
2024-12-06 07:33:44,081 DEBUG loaded <trimesh.Trimesh(vertices.shape=(916, 3), faces.shape=(856, 3))> using `load_obj` in 0.0029s
2024-12-06 07:33:44,221 DEBUG loaded <trimesh.Trimesh(vertices.shape=(48, 3), faces.shape=(28, 3))> using `load_obj` in 0.0007s
2024-12-06 07:33:53,427 INFO ==> EMD Loss: 14.131680
2024-12-06 07:33:53,427 INFO ==> Height map loss:  7.052813
2024-12-06 07:33:53,745 INFO ===> New TaichiEnv created.
2024-12-06 07:33:53,745 INFO ===> Specifications: horizon = 300, dt = 0.01, n_substeps = 20, dt_sub = 0.0005
2024-12-06 07:33:53,767 DEBUG loaded <trimesh.Trimesh(vertices.shape=(916, 3), faces.shape=(856, 3))> using `load_obj` in 0.0029s
2024-12-06 07:33:53,908 DEBUG loaded <trimesh.Trimesh(vertices.shape=(48, 3), faces.shape=(28, 3))> using `load_obj` in 0.0007s
2024-12-06 07:34:02,494 INFO ==> EMD Loss: 14.131824
2024-12-06 07:34:02,494 INFO ==> Height map loss:  7.052681
2024-12-06 07:34:02,814 INFO ===> New TaichiEnv created.
2024-12-06 07:34:02,814 INFO ===> Specifications: horizon = 300, dt = 0.01, n_substeps = 20, dt_sub = 0.0005
2024-12-06 07:34:02,835 DEBUG loaded <trimesh.Trimesh(vertices.shape=(916, 3), faces.shape=(856, 3))> using `load_obj` in 0.0029s
2024-12-06 07:34:02,978 DEBUG loaded <trimesh.Trimesh(vertices.shape=(48, 3), faces.shape=(28, 3))> using `load_obj` in 0.0007s
2024-12-06 07:34:12,191 INFO ==> EMD Loss: 14.131707
2024-12-06 07:34:12,191 INFO ==> Height map loss:  7.052721
2024-12-06 07:34:12,516 INFO ===> New TaichiEnv created.
2024-12-06 07:34:12,516 INFO ===> Specifications: horizon = 300, dt = 0.01, n_substeps = 20, dt_sub = 0.0005
2024-12-06 07:34:12,537 DEBUG loaded <trimesh.Trimesh(vertices.shape=(916, 3), faces.shape=(856, 3))> using `load_obj` in 0.0028s
2024-12-06 07:34:12,679 DEBUG loaded <trimesh.Trimesh(vertices.shape=(48, 3), faces.shape=(28, 3))> using `load_obj` in 0.0007s
2024-12-06 07:34:21,238 INFO ==> EMD Loss: 14.131637
2024-12-06 07:34:21,239 INFO ==> Height map loss:  7.052882
2024-12-06 07:34:21,590 INFO ===> New TaichiEnv created.
2024-12-06 07:34:21,590 INFO ===> Specifications: horizon = 300, dt = 0.01, n_substeps = 20, dt_sub = 0.0005
2024-12-06 07:34:21,611 DEBUG loaded <trimesh.Trimesh(vertices.shape=(916, 3), faces.shape=(856, 3))> using `load_obj` in 0.0029s
2024-12-06 07:34:21,752 DEBUG loaded <trimesh.Trimesh(vertices.shape=(48, 3), faces.shape=(28, 3))> using `load_obj` in 0.0007s
2024-12-06 07:34:30,960 INFO ==> EMD Loss: 14.131688
2024-12-06 07:34:30,960 INFO ==> Height map loss:  7.052780
2024-12-06 07:34:30,960 INFO =====> Best alpha: 0.5, Best loss info: {'particle_has_naninf': False, 'height_map_loss': 7.052680969238281, 'emd_loss': 14.131824493408203, 'total_loss': 14.131824493408203}
2024-12-06 07:34:31,276 INFO ===> New TaichiEnv created.
2024-12-06 07:34:31,276 INFO ===> Specifications: horizon = 300, dt = 0.01, n_substeps = 20, dt_sub = 0.0005
2024-12-06 07:34:31,297 DEBUG loaded <trimesh.Trimesh(vertices.shape=(916, 3), faces.shape=(856, 3))> using `load_obj` in 0.0028s
2024-12-06 07:34:31,440 DEBUG loaded <trimesh.Trimesh(vertices.shape=(48, 3), faces.shape=(28, 3))> using `load_obj` in 0.0007s
2024-12-06 07:34:57,012 INFO =====> Epoch: 39
2024-12-06 07:34:57,012 INFO =====> EMD Loss: 14.131641
2024-12-06 07:34:57,012 INFO =====> Height map loss:  7.052774
2024-12-06 07:34:57,012 INFO =====> Num. aborted data so far: 0
2024-12-06 07:34:57,353 INFO ===> New TaichiEnv created.
2024-12-06 07:34:57,353 INFO ===> Specifications: horizon = 300, dt = 0.01, n_substeps = 20, dt_sub = 0.0005
2024-12-06 07:34:57,375 DEBUG loaded <trimesh.Trimesh(vertices.shape=(916, 3), faces.shape=(856, 3))> using `load_obj` in 0.0029s
2024-12-06 07:34:57,517 DEBUG loaded <trimesh.Trimesh(vertices.shape=(48, 3), faces.shape=(28, 3))> using `load_obj` in 0.0007s
2024-12-06 07:35:06,100 INFO ==> EMD Loss: 14.131746
2024-12-06 07:35:06,100 INFO ==> Height map loss:  7.052754
2024-12-06 07:35:06,457 INFO ===> New TaichiEnv created.
2024-12-06 07:35:06,457 INFO ===> Specifications: horizon = 300, dt = 0.01, n_substeps = 20, dt_sub = 0.0005
2024-12-06 07:35:06,479 DEBUG loaded <trimesh.Trimesh(vertices.shape=(916, 3), faces.shape=(856, 3))> using `load_obj` in 0.0029s
2024-12-06 07:35:06,621 DEBUG loaded <trimesh.Trimesh(vertices.shape=(48, 3), faces.shape=(28, 3))> using `load_obj` in 0.0007s
2024-12-06 07:35:15,838 INFO ==> EMD Loss: 14.131661
2024-12-06 07:35:15,838 INFO ==> Height map loss:  7.052867
2024-12-06 07:35:16,155 INFO ===> New TaichiEnv created.
2024-12-06 07:35:16,155 INFO ===> Specifications: horizon = 300, dt = 0.01, n_substeps = 20, dt_sub = 0.0005
2024-12-06 07:35:16,177 DEBUG loaded <trimesh.Trimesh(vertices.shape=(916, 3), faces.shape=(856, 3))> using `load_obj` in 0.0029s
2024-12-06 07:35:16,317 DEBUG loaded <trimesh.Trimesh(vertices.shape=(48, 3), faces.shape=(28, 3))> using `load_obj` in 0.0007s
2024-12-06 07:35:24,922 INFO ==> EMD Loss: 14.131708
2024-12-06 07:35:24,922 INFO ==> Height map loss:  7.052799
2024-12-06 07:35:25,238 INFO ===> New TaichiEnv created.
2024-12-06 07:35:25,239 INFO ===> Specifications: horizon = 300, dt = 0.01, n_substeps = 20, dt_sub = 0.0005
2024-12-06 07:35:25,260 DEBUG loaded <trimesh.Trimesh(vertices.shape=(916, 3), faces.shape=(856, 3))> using `load_obj` in 0.0029s
2024-12-06 07:35:25,401 DEBUG loaded <trimesh.Trimesh(vertices.shape=(48, 3), faces.shape=(28, 3))> using `load_obj` in 0.0007s
2024-12-06 07:35:34,619 INFO ==> EMD Loss: 14.131724
2024-12-06 07:35:34,619 INFO ==> Height map loss:  7.052658
2024-12-06 07:35:34,942 INFO ===> New TaichiEnv created.
2024-12-06 07:35:34,942 INFO ===> Specifications: horizon = 300, dt = 0.01, n_substeps = 20, dt_sub = 0.0005
2024-12-06 07:35:34,963 DEBUG loaded <trimesh.Trimesh(vertices.shape=(916, 3), faces.shape=(856, 3))> using `load_obj` in 0.0028s
2024-12-06 07:35:35,107 DEBUG loaded <trimesh.Trimesh(vertices.shape=(48, 3), faces.shape=(28, 3))> using `load_obj` in 0.0007s
2024-12-06 07:35:43,697 INFO ==> EMD Loss: 14.131724
2024-12-06 07:35:43,697 INFO ==> Height map loss:  7.052689
2024-12-06 07:35:43,697 INFO =====> Best alpha: 1.5, Best loss info: {'particle_has_naninf': False, 'height_map_loss': 7.052657604217529, 'emd_loss': 14.13172435760498, 'total_loss': 14.13172435760498}
2024-12-06 07:35:44,020 INFO ===> New TaichiEnv created.
2024-12-06 07:35:44,020 INFO ===> Specifications: horizon = 300, dt = 0.01, n_substeps = 20, dt_sub = 0.0005
2024-12-06 07:35:44,042 DEBUG loaded <trimesh.Trimesh(vertices.shape=(916, 3), faces.shape=(856, 3))> using `load_obj` in 0.0029s
2024-12-06 07:35:44,183 DEBUG loaded <trimesh.Trimesh(vertices.shape=(48, 3), faces.shape=(28, 3))> using `load_obj` in 0.0007s
2024-12-06 07:36:09,751 INFO =====> Epoch: 40
2024-12-06 07:36:09,751 INFO =====> EMD Loss: 14.131755
2024-12-06 07:36:09,751 INFO =====> Height map loss:  7.052782
2024-12-06 07:36:09,751 INFO =====> Num. aborted data so far: 0
2024-12-06 07:36:10,092 INFO ===> New TaichiEnv created.
2024-12-06 07:36:10,092 INFO ===> Specifications: horizon = 300, dt = 0.01, n_substeps = 20, dt_sub = 0.0005
2024-12-06 07:36:10,114 DEBUG loaded <trimesh.Trimesh(vertices.shape=(916, 3), faces.shape=(856, 3))> using `load_obj` in 0.0029s
2024-12-06 07:36:10,257 DEBUG loaded <trimesh.Trimesh(vertices.shape=(48, 3), faces.shape=(28, 3))> using `load_obj` in 0.0007s
2024-12-06 07:36:19,474 INFO ==> EMD Loss: 14.131709
2024-12-06 07:36:19,475 INFO ==> Height map loss:  7.052790
2024-12-06 07:36:19,794 INFO ===> New TaichiEnv created.
2024-12-06 07:36:19,794 INFO ===> Specifications: horizon = 300, dt = 0.01, n_substeps = 20, dt_sub = 0.0005
2024-12-06 07:36:19,815 DEBUG loaded <trimesh.Trimesh(vertices.shape=(916, 3), faces.shape=(856, 3))> using `load_obj` in 0.0029s
2024-12-06 07:36:19,958 DEBUG loaded <trimesh.Trimesh(vertices.shape=(48, 3), faces.shape=(28, 3))> using `load_obj` in 0.0007s
2024-12-06 07:36:28,562 INFO ==> EMD Loss: 14.131728
2024-12-06 07:36:28,562 INFO ==> Height map loss:  7.052694
2024-12-06 07:36:28,882 INFO ===> New TaichiEnv created.
2024-12-06 07:36:28,882 INFO ===> Specifications: horizon = 300, dt = 0.01, n_substeps = 20, dt_sub = 0.0005
2024-12-06 07:36:28,903 DEBUG loaded <trimesh.Trimesh(vertices.shape=(916, 3), faces.shape=(856, 3))> using `load_obj` in 0.0029s
2024-12-06 07:36:29,046 DEBUG loaded <trimesh.Trimesh(vertices.shape=(48, 3), faces.shape=(28, 3))> using `load_obj` in 0.0007s
2024-12-06 07:36:38,259 INFO ==> EMD Loss: 14.131651
2024-12-06 07:36:38,259 INFO ==> Height map loss:  7.052762
2024-12-06 07:36:38,587 INFO ===> New TaichiEnv created.
2024-12-06 07:36:38,588 INFO ===> Specifications: horizon = 300, dt = 0.01, n_substeps = 20, dt_sub = 0.0005
2024-12-06 07:36:38,609 DEBUG loaded <trimesh.Trimesh(vertices.shape=(916, 3), faces.shape=(856, 3))> using `load_obj` in 0.0028s
2024-12-06 07:36:38,750 DEBUG loaded <trimesh.Trimesh(vertices.shape=(48, 3), faces.shape=(28, 3))> using `load_obj` in 0.0007s
2024-12-06 07:36:47,331 INFO ==> EMD Loss: 14.131731
2024-12-06 07:36:47,331 INFO ==> Height map loss:  7.052701
2024-12-06 07:36:47,650 INFO ===> New TaichiEnv created.
2024-12-06 07:36:47,650 INFO ===> Specifications: horizon = 300, dt = 0.01, n_substeps = 20, dt_sub = 0.0005
2024-12-06 07:36:47,672 DEBUG loaded <trimesh.Trimesh(vertices.shape=(916, 3), faces.shape=(856, 3))> using `load_obj` in 0.0029s
2024-12-06 07:36:47,814 DEBUG loaded <trimesh.Trimesh(vertices.shape=(48, 3), faces.shape=(28, 3))> using `load_obj` in 0.0007s
2024-12-06 07:36:56,367 INFO ==> EMD Loss: 14.131653
2024-12-06 07:36:56,367 INFO ==> Height map loss:  7.052769
2024-12-06 07:36:56,367 INFO =====> Best alpha: 0.5, Best loss info: {'particle_has_naninf': False, 'height_map_loss': 7.052693843841553, 'emd_loss': 14.131728172302246, 'total_loss': 14.131728172302246}
2024-12-06 07:36:56,741 INFO ===> New TaichiEnv created.
2024-12-06 07:36:56,741 INFO ===> Specifications: horizon = 300, dt = 0.01, n_substeps = 20, dt_sub = 0.0005
2024-12-06 07:36:56,763 DEBUG loaded <trimesh.Trimesh(vertices.shape=(916, 3), faces.shape=(856, 3))> using `load_obj` in 0.0028s
2024-12-06 07:36:56,904 DEBUG loaded <trimesh.Trimesh(vertices.shape=(48, 3), faces.shape=(28, 3))> using `load_obj` in 0.0007s
2024-12-06 07:37:22,761 INFO =====> Epoch: 41
2024-12-06 07:37:22,761 INFO =====> EMD Loss: 14.131647
2024-12-06 07:37:22,761 INFO =====> Height map loss:  7.052786
2024-12-06 07:37:22,761 INFO =====> Num. aborted data so far: 0
2024-12-06 07:37:23,169 INFO ===> New TaichiEnv created.
2024-12-06 07:37:23,169 INFO ===> Specifications: horizon = 300, dt = 0.01, n_substeps = 20, dt_sub = 0.0005
2024-12-06 07:37:23,192 DEBUG loaded <trimesh.Trimesh(vertices.shape=(916, 3), faces.shape=(856, 3))> using `load_obj` in 0.0030s
2024-12-06 07:37:23,334 DEBUG loaded <trimesh.Trimesh(vertices.shape=(48, 3), faces.shape=(28, 3))> using `load_obj` in 0.0007s
2024-12-06 07:37:32,517 INFO ==> EMD Loss: 14.131756
2024-12-06 07:37:32,517 INFO ==> Height map loss:  7.052733
2024-12-06 07:37:32,839 INFO ===> New TaichiEnv created.
2024-12-06 07:37:32,839 INFO ===> Specifications: horizon = 300, dt = 0.01, n_substeps = 20, dt_sub = 0.0005
2024-12-06 07:37:32,861 DEBUG loaded <trimesh.Trimesh(vertices.shape=(916, 3), faces.shape=(856, 3))> using `load_obj` in 0.0029s
2024-12-06 07:37:33,002 DEBUG loaded <trimesh.Trimesh(vertices.shape=(48, 3), faces.shape=(28, 3))> using `load_obj` in 0.0007s
2024-12-06 07:37:41,581 INFO ==> EMD Loss: 14.131844
2024-12-06 07:37:41,581 INFO ==> Height map loss:  7.052610
2024-12-06 07:37:41,897 INFO ===> New TaichiEnv created.
2024-12-06 07:37:41,897 INFO ===> Specifications: horizon = 300, dt = 0.01, n_substeps = 20, dt_sub = 0.0005
2024-12-06 07:37:41,918 DEBUG loaded <trimesh.Trimesh(vertices.shape=(916, 3), faces.shape=(856, 3))> using `load_obj` in 0.0028s
2024-12-06 07:37:42,059 DEBUG loaded <trimesh.Trimesh(vertices.shape=(48, 3), faces.shape=(28, 3))> using `load_obj` in 0.0007s
2024-12-06 07:37:51,299 INFO ==> EMD Loss: 14.131639
2024-12-06 07:37:51,299 INFO ==> Height map loss:  7.052836
2024-12-06 07:37:51,615 INFO ===> New TaichiEnv created.
2024-12-06 07:37:51,615 INFO ===> Specifications: horizon = 300, dt = 0.01, n_substeps = 20, dt_sub = 0.0005
2024-12-06 07:37:51,636 DEBUG loaded <trimesh.Trimesh(vertices.shape=(916, 3), faces.shape=(856, 3))> using `load_obj` in 0.0029s
2024-12-06 07:37:51,778 DEBUG loaded <trimesh.Trimesh(vertices.shape=(48, 3), faces.shape=(28, 3))> using `load_obj` in 0.0007s
2024-12-06 07:38:00,357 INFO ==> EMD Loss: 14.131616
2024-12-06 07:38:00,358 INFO ==> Height map loss:  7.052858
2024-12-06 07:38:00,675 INFO ===> New TaichiEnv created.
2024-12-06 07:38:00,675 INFO ===> Specifications: horizon = 300, dt = 0.01, n_substeps = 20, dt_sub = 0.0005
2024-12-06 07:38:00,696 DEBUG loaded <trimesh.Trimesh(vertices.shape=(916, 3), faces.shape=(856, 3))> using `load_obj` in 0.0029s
2024-12-06 07:38:00,837 DEBUG loaded <trimesh.Trimesh(vertices.shape=(48, 3), faces.shape=(28, 3))> using `load_obj` in 0.0007s
2024-12-06 07:38:10,050 INFO ==> EMD Loss: 14.131691
2024-12-06 07:38:10,051 INFO ==> Height map loss:  7.052807
2024-12-06 07:38:10,051 INFO =====> Best alpha: 0.5, Best loss info: {'particle_has_naninf': False, 'height_map_loss': 7.052610397338867, 'emd_loss': 14.131843566894531, 'total_loss': 14.131843566894531}
2024-12-06 07:38:10,376 INFO ===> New TaichiEnv created.
2024-12-06 07:38:10,376 INFO ===> Specifications: horizon = 300, dt = 0.01, n_substeps = 20, dt_sub = 0.0005
2024-12-06 07:38:10,398 DEBUG loaded <trimesh.Trimesh(vertices.shape=(916, 3), faces.shape=(856, 3))> using `load_obj` in 0.0029s
2024-12-06 07:38:10,540 DEBUG loaded <trimesh.Trimesh(vertices.shape=(48, 3), faces.shape=(28, 3))> using `load_obj` in 0.0007s
2024-12-06 07:38:36,086 INFO =====> Epoch: 42
2024-12-06 07:38:36,086 INFO =====> EMD Loss: 14.131690
2024-12-06 07:38:36,086 INFO =====> Height map loss:  7.052749
2024-12-06 07:38:36,086 INFO =====> Num. aborted data so far: 0
2024-12-06 07:38:36,423 INFO ===> New TaichiEnv created.
2024-12-06 07:38:36,423 INFO ===> Specifications: horizon = 300, dt = 0.01, n_substeps = 20, dt_sub = 0.0005
2024-12-06 07:38:36,444 DEBUG loaded <trimesh.Trimesh(vertices.shape=(916, 3), faces.shape=(856, 3))> using `load_obj` in 0.0029s
2024-12-06 07:38:36,586 DEBUG loaded <trimesh.Trimesh(vertices.shape=(48, 3), faces.shape=(28, 3))> using `load_obj` in 0.0007s
2024-12-06 07:38:45,175 INFO ==> EMD Loss: 14.131818
2024-12-06 07:38:45,175 INFO ==> Height map loss:  7.052678
2024-12-06 07:38:45,498 INFO ===> New TaichiEnv created.
2024-12-06 07:38:45,498 INFO ===> Specifications: horizon = 300, dt = 0.01, n_substeps = 20, dt_sub = 0.0005
2024-12-06 07:38:45,520 DEBUG loaded <trimesh.Trimesh(vertices.shape=(916, 3), faces.shape=(856, 3))> using `load_obj` in 0.0030s
2024-12-06 07:38:45,660 DEBUG loaded <trimesh.Trimesh(vertices.shape=(48, 3), faces.shape=(28, 3))> using `load_obj` in 0.0007s
2024-12-06 07:38:54,884 INFO ==> EMD Loss: 14.131664
2024-12-06 07:38:54,884 INFO ==> Height map loss:  7.052726
2024-12-06 07:38:55,208 INFO ===> New TaichiEnv created.
2024-12-06 07:38:55,208 INFO ===> Specifications: horizon = 300, dt = 0.01, n_substeps = 20, dt_sub = 0.0005
2024-12-06 07:38:55,229 DEBUG loaded <trimesh.Trimesh(vertices.shape=(916, 3), faces.shape=(856, 3))> using `load_obj` in 0.0028s
2024-12-06 07:38:55,370 DEBUG loaded <trimesh.Trimesh(vertices.shape=(48, 3), faces.shape=(28, 3))> using `load_obj` in 0.0007s
2024-12-06 07:39:04,030 INFO ==> EMD Loss: 14.131669
2024-12-06 07:39:04,030 INFO ==> Height map loss:  7.052765
2024-12-06 07:39:04,354 INFO ===> New TaichiEnv created.
2024-12-06 07:39:04,354 INFO ===> Specifications: horizon = 300, dt = 0.01, n_substeps = 20, dt_sub = 0.0005
2024-12-06 07:39:04,377 DEBUG loaded <trimesh.Trimesh(vertices.shape=(916, 3), faces.shape=(856, 3))> using `load_obj` in 0.0049s
2024-12-06 07:39:04,521 DEBUG loaded <trimesh.Trimesh(vertices.shape=(48, 3), faces.shape=(28, 3))> using `load_obj` in 0.0007s
2024-12-06 07:39:13,739 INFO ==> EMD Loss: 14.131716
2024-12-06 07:39:13,739 INFO ==> Height map loss:  7.052841
2024-12-06 07:39:14,058 INFO ===> New TaichiEnv created.
2024-12-06 07:39:14,058 INFO ===> Specifications: horizon = 300, dt = 0.01, n_substeps = 20, dt_sub = 0.0005
2024-12-06 07:39:14,080 DEBUG loaded <trimesh.Trimesh(vertices.shape=(916, 3), faces.shape=(856, 3))> using `load_obj` in 0.0029s
2024-12-06 07:39:14,221 DEBUG loaded <trimesh.Trimesh(vertices.shape=(48, 3), faces.shape=(28, 3))> using `load_obj` in 0.0007s
2024-12-06 07:39:22,836 INFO ==> EMD Loss: 14.131803
2024-12-06 07:39:22,836 INFO ==> Height map loss:  7.052721
2024-12-06 07:39:22,836 INFO =====> Best alpha: 0.1, Best loss info: {'particle_has_naninf': False, 'height_map_loss': 7.052677631378174, 'emd_loss': 14.131817817687988, 'total_loss': 14.131817817687988}
2024-12-06 07:39:23,157 INFO ===> New TaichiEnv created.
2024-12-06 07:39:23,157 INFO ===> Specifications: horizon = 300, dt = 0.01, n_substeps = 20, dt_sub = 0.0005
2024-12-06 07:39:23,178 DEBUG loaded <trimesh.Trimesh(vertices.shape=(916, 3), faces.shape=(856, 3))> using `load_obj` in 0.0029s
2024-12-06 07:39:23,319 DEBUG loaded <trimesh.Trimesh(vertices.shape=(48, 3), faces.shape=(28, 3))> using `load_obj` in 0.0007s
2024-12-06 07:39:48,904 INFO =====> Epoch: 43
2024-12-06 07:39:48,904 INFO =====> EMD Loss: 14.131716
2024-12-06 07:39:48,904 INFO =====> Height map loss:  7.052853
2024-12-06 07:39:48,904 INFO =====> Num. aborted data so far: 0
2024-12-06 07:39:49,286 INFO ===> New TaichiEnv created.
2024-12-06 07:39:49,286 INFO ===> Specifications: horizon = 300, dt = 0.01, n_substeps = 20, dt_sub = 0.0005
2024-12-06 07:39:49,307 DEBUG loaded <trimesh.Trimesh(vertices.shape=(916, 3), faces.shape=(856, 3))> using `load_obj` in 0.0029s
2024-12-06 07:39:49,448 DEBUG loaded <trimesh.Trimesh(vertices.shape=(48, 3), faces.shape=(28, 3))> using `load_obj` in 0.0007s
2024-12-06 07:39:58,651 INFO ==> EMD Loss: 14.131699
2024-12-06 07:39:58,651 INFO ==> Height map loss:  7.052731
2024-12-06 07:39:58,970 INFO ===> New TaichiEnv created.
2024-12-06 07:39:58,970 INFO ===> Specifications: horizon = 300, dt = 0.01, n_substeps = 20, dt_sub = 0.0005
2024-12-06 07:39:58,991 DEBUG loaded <trimesh.Trimesh(vertices.shape=(916, 3), faces.shape=(856, 3))> using `load_obj` in 0.0028s
2024-12-06 07:39:59,131 DEBUG loaded <trimesh.Trimesh(vertices.shape=(48, 3), faces.shape=(28, 3))> using `load_obj` in 0.0007s
2024-12-06 07:40:07,726 INFO ==> EMD Loss: 14.131742
2024-12-06 07:40:07,726 INFO ==> Height map loss:  7.052762
2024-12-06 07:40:08,043 INFO ===> New TaichiEnv created.
2024-12-06 07:40:08,044 INFO ===> Specifications: horizon = 300, dt = 0.01, n_substeps = 20, dt_sub = 0.0005
2024-12-06 07:40:08,065 DEBUG loaded <trimesh.Trimesh(vertices.shape=(916, 3), faces.shape=(856, 3))> using `load_obj` in 0.0029s
2024-12-06 07:40:08,206 DEBUG loaded <trimesh.Trimesh(vertices.shape=(48, 3), faces.shape=(28, 3))> using `load_obj` in 0.0007s
2024-12-06 07:40:17,425 INFO ==> EMD Loss: 14.131685
2024-12-06 07:40:17,425 INFO ==> Height map loss:  7.052680
2024-12-06 07:40:17,751 INFO ===> New TaichiEnv created.
2024-12-06 07:40:17,751 INFO ===> Specifications: horizon = 300, dt = 0.01, n_substeps = 20, dt_sub = 0.0005
2024-12-06 07:40:17,773 DEBUG loaded <trimesh.Trimesh(vertices.shape=(916, 3), faces.shape=(856, 3))> using `load_obj` in 0.0028s
2024-12-06 07:40:17,915 DEBUG loaded <trimesh.Trimesh(vertices.shape=(48, 3), faces.shape=(28, 3))> using `load_obj` in 0.0007s
2024-12-06 07:40:26,536 INFO ==> EMD Loss: 14.131828
2024-12-06 07:40:26,536 INFO ==> Height map loss:  7.052751
2024-12-06 07:40:26,870 INFO ===> New TaichiEnv created.
2024-12-06 07:40:26,870 INFO ===> Specifications: horizon = 300, dt = 0.01, n_substeps = 20, dt_sub = 0.0005
2024-12-06 07:40:26,893 DEBUG loaded <trimesh.Trimesh(vertices.shape=(916, 3), faces.shape=(856, 3))> using `load_obj` in 0.0031s
2024-12-06 07:40:27,037 DEBUG loaded <trimesh.Trimesh(vertices.shape=(48, 3), faces.shape=(28, 3))> using `load_obj` in 0.0007s
2024-12-06 07:40:36,280 INFO ==> EMD Loss: 14.131711
2024-12-06 07:40:36,280 INFO ==> Height map loss:  7.052730
2024-12-06 07:40:36,280 INFO =====> Best alpha: 1.0, Best loss info: {'particle_has_naninf': False, 'height_map_loss': 7.052680015563965, 'emd_loss': 14.131685256958008, 'total_loss': 14.131685256958008}
2024-12-06 07:40:36,598 INFO ===> New TaichiEnv created.
2024-12-06 07:40:36,598 INFO ===> Specifications: horizon = 300, dt = 0.01, n_substeps = 20, dt_sub = 0.0005
2024-12-06 07:40:36,619 DEBUG loaded <trimesh.Trimesh(vertices.shape=(916, 3), faces.shape=(856, 3))> using `load_obj` in 0.0028s
2024-12-06 07:40:36,765 DEBUG loaded <trimesh.Trimesh(vertices.shape=(48, 3), faces.shape=(28, 3))> using `load_obj` in 0.0021s
2024-12-06 07:41:01,654 INFO =====> Epoch: 44
2024-12-06 07:41:01,655 INFO =====> EMD Loss: 14.131805
2024-12-06 07:41:01,655 INFO =====> Height map loss:  7.052713
2024-12-06 07:41:01,655 INFO =====> Num. aborted data so far: 0
2024-12-06 07:41:01,993 INFO ===> New TaichiEnv created.
2024-12-06 07:41:01,994 INFO ===> Specifications: horizon = 300, dt = 0.01, n_substeps = 20, dt_sub = 0.0005
2024-12-06 07:41:02,015 DEBUG loaded <trimesh.Trimesh(vertices.shape=(916, 3), faces.shape=(856, 3))> using `load_obj` in 0.0030s
2024-12-06 07:41:02,158 DEBUG loaded <trimesh.Trimesh(vertices.shape=(48, 3), faces.shape=(28, 3))> using `load_obj` in 0.0007s
2024-12-06 07:41:11,376 INFO ==> EMD Loss: 14.131713
2024-12-06 07:41:11,376 INFO ==> Height map loss:  7.052830
2024-12-06 07:41:11,698 INFO ===> New TaichiEnv created.
2024-12-06 07:41:11,698 INFO ===> Specifications: horizon = 300, dt = 0.01, n_substeps = 20, dt_sub = 0.0005
2024-12-06 07:41:11,719 DEBUG loaded <trimesh.Trimesh(vertices.shape=(916, 3), faces.shape=(856, 3))> using `load_obj` in 0.0030s
2024-12-06 07:41:11,861 DEBUG loaded <trimesh.Trimesh(vertices.shape=(48, 3), faces.shape=(28, 3))> using `load_obj` in 0.0007s
2024-12-06 07:41:20,455 INFO ==> EMD Loss: 14.131686
2024-12-06 07:41:20,455 INFO ==> Height map loss:  7.052718
2024-12-06 07:41:20,776 INFO ===> New TaichiEnv created.
2024-12-06 07:41:20,776 INFO ===> Specifications: horizon = 300, dt = 0.01, n_substeps = 20, dt_sub = 0.0005
2024-12-06 07:41:20,798 DEBUG loaded <trimesh.Trimesh(vertices.shape=(916, 3), faces.shape=(856, 3))> using `load_obj` in 0.0029s
2024-12-06 07:41:20,942 DEBUG loaded <trimesh.Trimesh(vertices.shape=(48, 3), faces.shape=(28, 3))> using `load_obj` in 0.0007s
2024-12-06 07:41:30,181 INFO ==> EMD Loss: 14.131696
2024-12-06 07:41:30,182 INFO ==> Height map loss:  7.052773
2024-12-06 07:41:30,500 INFO ===> New TaichiEnv created.
2024-12-06 07:41:30,500 INFO ===> Specifications: horizon = 300, dt = 0.01, n_substeps = 20, dt_sub = 0.0005
2024-12-06 07:41:30,521 DEBUG loaded <trimesh.Trimesh(vertices.shape=(916, 3), faces.shape=(856, 3))> using `load_obj` in 0.0029s
2024-12-06 07:41:30,664 DEBUG loaded <trimesh.Trimesh(vertices.shape=(48, 3), faces.shape=(28, 3))> using `load_obj` in 0.0007s
2024-12-06 07:41:39,252 INFO ==> EMD Loss: 14.131737
2024-12-06 07:41:39,252 INFO ==> Height map loss:  7.052814
2024-12-06 07:41:39,572 INFO ===> New TaichiEnv created.
2024-12-06 07:41:39,572 INFO ===> Specifications: horizon = 300, dt = 0.01, n_substeps = 20, dt_sub = 0.0005
2024-12-06 07:41:39,593 DEBUG loaded <trimesh.Trimesh(vertices.shape=(916, 3), faces.shape=(856, 3))> using `load_obj` in 0.0030s
2024-12-06 07:41:39,735 DEBUG loaded <trimesh.Trimesh(vertices.shape=(48, 3), faces.shape=(28, 3))> using `load_obj` in 0.0007s
2024-12-06 07:41:48,939 INFO ==> EMD Loss: 14.131790
2024-12-06 07:41:48,940 INFO ==> Height map loss:  7.052646
2024-12-06 07:41:48,940 INFO =====> Best alpha: 2.0, Best loss info: {'particle_has_naninf': False, 'height_map_loss': 7.052645683288574, 'emd_loss': 14.131790161132812, 'total_loss': 14.131790161132812}
2024-12-06 07:41:49,259 INFO ===> New TaichiEnv created.
2024-12-06 07:41:49,259 INFO ===> Specifications: horizon = 300, dt = 0.01, n_substeps = 20, dt_sub = 0.0005
2024-12-06 07:41:49,281 DEBUG loaded <trimesh.Trimesh(vertices.shape=(916, 3), faces.shape=(856, 3))> using `load_obj` in 0.0029s
2024-12-06 07:41:49,422 DEBUG loaded <trimesh.Trimesh(vertices.shape=(48, 3), faces.shape=(28, 3))> using `load_obj` in 0.0007s
2024-12-06 07:42:14,985 INFO =====> Epoch: 45
2024-12-06 07:42:14,985 INFO =====> EMD Loss: 14.131695
2024-12-06 07:42:14,985 INFO =====> Height map loss:  7.052774
2024-12-06 07:42:14,985 INFO =====> Num. aborted data so far: 0
2024-12-06 07:42:15,329 INFO ===> New TaichiEnv created.
2024-12-06 07:42:15,329 INFO ===> Specifications: horizon = 300, dt = 0.01, n_substeps = 20, dt_sub = 0.0005
2024-12-06 07:42:15,350 DEBUG loaded <trimesh.Trimesh(vertices.shape=(916, 3), faces.shape=(856, 3))> using `load_obj` in 0.0030s
2024-12-06 07:42:15,493 DEBUG loaded <trimesh.Trimesh(vertices.shape=(48, 3), faces.shape=(28, 3))> using `load_obj` in 0.0007s
2024-12-06 07:42:24,085 INFO ==> EMD Loss: 14.131680
2024-12-06 07:42:24,085 INFO ==> Height map loss:  7.052794
2024-12-06 07:42:24,407 INFO ===> New TaichiEnv created.
2024-12-06 07:42:24,407 INFO ===> Specifications: horizon = 300, dt = 0.01, n_substeps = 20, dt_sub = 0.0005
2024-12-06 07:42:24,428 DEBUG loaded <trimesh.Trimesh(vertices.shape=(916, 3), faces.shape=(856, 3))> using `load_obj` in 0.0029s
2024-12-06 07:42:24,568 DEBUG loaded <trimesh.Trimesh(vertices.shape=(48, 3), faces.shape=(28, 3))> using `load_obj` in 0.0007s
2024-12-06 07:42:33,770 INFO ==> EMD Loss: 14.131690
2024-12-06 07:42:33,770 INFO ==> Height map loss:  7.052701
2024-12-06 07:42:34,097 INFO ===> New TaichiEnv created.
2024-12-06 07:42:34,097 INFO ===> Specifications: horizon = 300, dt = 0.01, n_substeps = 20, dt_sub = 0.0005
2024-12-06 07:42:34,118 DEBUG loaded <trimesh.Trimesh(vertices.shape=(916, 3), faces.shape=(856, 3))> using `load_obj` in 0.0029s
2024-12-06 07:42:34,261 DEBUG loaded <trimesh.Trimesh(vertices.shape=(48, 3), faces.shape=(28, 3))> using `load_obj` in 0.0007s
2024-12-06 07:42:42,857 INFO ==> EMD Loss: 14.131772
2024-12-06 07:42:42,857 INFO ==> Height map loss:  7.052688
2024-12-06 07:42:43,174 INFO ===> New TaichiEnv created.
2024-12-06 07:42:43,175 INFO ===> Specifications: horizon = 300, dt = 0.01, n_substeps = 20, dt_sub = 0.0005
2024-12-06 07:42:43,196 DEBUG loaded <trimesh.Trimesh(vertices.shape=(916, 3), faces.shape=(856, 3))> using `load_obj` in 0.0029s
2024-12-06 07:42:43,337 DEBUG loaded <trimesh.Trimesh(vertices.shape=(48, 3), faces.shape=(28, 3))> using `load_obj` in 0.0007s
2024-12-06 07:42:52,552 INFO ==> EMD Loss: 14.131684
2024-12-06 07:42:52,552 INFO ==> Height map loss:  7.052780
2024-12-06 07:42:52,880 INFO ===> New TaichiEnv created.
2024-12-06 07:42:52,880 INFO ===> Specifications: horizon = 300, dt = 0.01, n_substeps = 20, dt_sub = 0.0005
2024-12-06 07:42:52,901 DEBUG loaded <trimesh.Trimesh(vertices.shape=(916, 3), faces.shape=(856, 3))> using `load_obj` in 0.0028s
2024-12-06 07:42:53,042 DEBUG loaded <trimesh.Trimesh(vertices.shape=(48, 3), faces.shape=(28, 3))> using `load_obj` in 0.0007s
2024-12-06 07:43:01,636 INFO ==> EMD Loss: 14.131753
2024-12-06 07:43:01,636 INFO ==> Height map loss:  7.052840
2024-12-06 07:43:01,636 INFO =====> Best alpha: 1.0, Best loss info: {'particle_has_naninf': False, 'height_map_loss': 7.052687644958496, 'emd_loss': 14.1317720413208, 'total_loss': 14.1317720413208}
2024-12-06 07:43:02,039 INFO ===> New TaichiEnv created.
2024-12-06 07:43:02,039 INFO ===> Specifications: horizon = 300, dt = 0.01, n_substeps = 20, dt_sub = 0.0005
2024-12-06 07:43:02,061 DEBUG loaded <trimesh.Trimesh(vertices.shape=(916, 3), faces.shape=(856, 3))> using `load_obj` in 0.0030s
2024-12-06 07:43:02,205 DEBUG loaded <trimesh.Trimesh(vertices.shape=(48, 3), faces.shape=(28, 3))> using `load_obj` in 0.0007s
2024-12-06 07:43:27,805 INFO =====> Epoch: 46
2024-12-06 07:43:27,805 INFO =====> EMD Loss: 14.131788
2024-12-06 07:43:27,805 INFO =====> Height map loss:  7.052755
2024-12-06 07:43:27,805 INFO =====> Num. aborted data so far: 0
2024-12-06 07:43:28,146 INFO ===> New TaichiEnv created.
2024-12-06 07:43:28,146 INFO ===> Specifications: horizon = 300, dt = 0.01, n_substeps = 20, dt_sub = 0.0005
2024-12-06 07:43:28,167 DEBUG loaded <trimesh.Trimesh(vertices.shape=(916, 3), faces.shape=(856, 3))> using `load_obj` in 0.0029s
2024-12-06 07:43:28,311 DEBUG loaded <trimesh.Trimesh(vertices.shape=(48, 3), faces.shape=(28, 3))> using `load_obj` in 0.0007s
2024-12-06 07:43:37,532 INFO ==> EMD Loss: 14.131683
2024-12-06 07:43:37,532 INFO ==> Height map loss:  7.052716
2024-12-06 07:43:37,861 INFO ===> New TaichiEnv created.
2024-12-06 07:43:37,861 INFO ===> Specifications: horizon = 300, dt = 0.01, n_substeps = 20, dt_sub = 0.0005
2024-12-06 07:43:37,882 DEBUG loaded <trimesh.Trimesh(vertices.shape=(916, 3), faces.shape=(856, 3))> using `load_obj` in 0.0029s
2024-12-06 07:43:38,024 DEBUG loaded <trimesh.Trimesh(vertices.shape=(48, 3), faces.shape=(28, 3))> using `load_obj` in 0.0007s
2024-12-06 07:43:46,623 INFO ==> EMD Loss: 14.131699
2024-12-06 07:43:46,623 INFO ==> Height map loss:  7.052699
2024-12-06 07:43:46,950 INFO ===> New TaichiEnv created.
2024-12-06 07:43:46,950 INFO ===> Specifications: horizon = 300, dt = 0.01, n_substeps = 20, dt_sub = 0.0005
2024-12-06 07:43:46,975 DEBUG loaded <trimesh.Trimesh(vertices.shape=(916, 3), faces.shape=(856, 3))> using `load_obj` in 0.0030s
2024-12-06 07:43:47,117 DEBUG loaded <trimesh.Trimesh(vertices.shape=(48, 3), faces.shape=(28, 3))> using `load_obj` in 0.0007s
2024-12-06 07:43:56,342 INFO ==> EMD Loss: 14.131757
2024-12-06 07:43:56,342 INFO ==> Height map loss:  7.052787
2024-12-06 07:43:56,660 INFO ===> New TaichiEnv created.
2024-12-06 07:43:56,660 INFO ===> Specifications: horizon = 300, dt = 0.01, n_substeps = 20, dt_sub = 0.0005
2024-12-06 07:43:56,681 DEBUG loaded <trimesh.Trimesh(vertices.shape=(916, 3), faces.shape=(856, 3))> using `load_obj` in 0.0028s
2024-12-06 07:43:56,823 DEBUG loaded <trimesh.Trimesh(vertices.shape=(48, 3), faces.shape=(28, 3))> using `load_obj` in 0.0007s
2024-12-06 07:44:05,423 INFO ==> EMD Loss: 14.131763
2024-12-06 07:44:05,423 INFO ==> Height map loss:  7.052783
2024-12-06 07:44:05,741 INFO ===> New TaichiEnv created.
2024-12-06 07:44:05,741 INFO ===> Specifications: horizon = 300, dt = 0.01, n_substeps = 20, dt_sub = 0.0005
2024-12-06 07:44:05,763 DEBUG loaded <trimesh.Trimesh(vertices.shape=(916, 3), faces.shape=(856, 3))> using `load_obj` in 0.0029s
2024-12-06 07:44:05,903 DEBUG loaded <trimesh.Trimesh(vertices.shape=(48, 3), faces.shape=(28, 3))> using `load_obj` in 0.0007s
2024-12-06 07:44:14,484 INFO ==> EMD Loss: 14.131663
2024-12-06 07:44:14,484 INFO ==> Height map loss:  7.052669
2024-12-06 07:44:14,484 INFO =====> Best alpha: 2.0, Best loss info: {'particle_has_naninf': False, 'height_map_loss': 7.052668571472168, 'emd_loss': 14.13166332244873, 'total_loss': 14.13166332244873}
2024-12-06 07:44:14,808 INFO ===> New TaichiEnv created.
2024-12-06 07:44:14,808 INFO ===> Specifications: horizon = 300, dt = 0.01, n_substeps = 20, dt_sub = 0.0005
2024-12-06 07:44:14,830 DEBUG loaded <trimesh.Trimesh(vertices.shape=(916, 3), faces.shape=(856, 3))> using `load_obj` in 0.0029s
2024-12-06 07:44:14,972 DEBUG loaded <trimesh.Trimesh(vertices.shape=(48, 3), faces.shape=(28, 3))> using `load_obj` in 0.0007s
2024-12-06 07:44:40,538 INFO =====> Epoch: 47
2024-12-06 07:44:40,538 INFO =====> EMD Loss: 14.131823
2024-12-06 07:44:40,538 INFO =====> Height map loss:  7.052584
2024-12-06 07:44:40,538 INFO =====> Num. aborted data so far: 0
2024-12-06 07:44:40,885 INFO ===> New TaichiEnv created.
2024-12-06 07:44:40,885 INFO ===> Specifications: horizon = 300, dt = 0.01, n_substeps = 20, dt_sub = 0.0005
2024-12-06 07:44:40,907 DEBUG loaded <trimesh.Trimesh(vertices.shape=(916, 3), faces.shape=(856, 3))> using `load_obj` in 0.0030s
2024-12-06 07:44:41,050 DEBUG loaded <trimesh.Trimesh(vertices.shape=(48, 3), faces.shape=(28, 3))> using `load_obj` in 0.0007s
2024-12-06 07:44:50,290 INFO ==> EMD Loss: 14.131699
2024-12-06 07:44:50,290 INFO ==> Height map loss:  7.052740
2024-12-06 07:44:50,611 INFO ===> New TaichiEnv created.
2024-12-06 07:44:50,611 INFO ===> Specifications: horizon = 300, dt = 0.01, n_substeps = 20, dt_sub = 0.0005
2024-12-06 07:44:50,633 DEBUG loaded <trimesh.Trimesh(vertices.shape=(916, 3), faces.shape=(856, 3))> using `load_obj` in 0.0029s
2024-12-06 07:44:50,776 DEBUG loaded <trimesh.Trimesh(vertices.shape=(48, 3), faces.shape=(28, 3))> using `load_obj` in 0.0007s
2024-12-06 07:44:59,372 INFO ==> EMD Loss: 14.131812
2024-12-06 07:44:59,372 INFO ==> Height map loss:  7.052721
2024-12-06 07:44:59,692 INFO ===> New TaichiEnv created.
2024-12-06 07:44:59,692 INFO ===> Specifications: horizon = 300, dt = 0.01, n_substeps = 20, dt_sub = 0.0005
2024-12-06 07:44:59,713 DEBUG loaded <trimesh.Trimesh(vertices.shape=(916, 3), faces.shape=(856, 3))> using `load_obj` in 0.0029s
2024-12-06 07:44:59,856 DEBUG loaded <trimesh.Trimesh(vertices.shape=(48, 3), faces.shape=(28, 3))> using `load_obj` in 0.0007s
2024-12-06 07:45:09,097 INFO ==> EMD Loss: 14.131727
2024-12-06 07:45:09,097 INFO ==> Height map loss:  7.052795
2024-12-06 07:45:09,419 INFO ===> New TaichiEnv created.
2024-12-06 07:45:09,420 INFO ===> Specifications: horizon = 300, dt = 0.01, n_substeps = 20, dt_sub = 0.0005
2024-12-06 07:45:09,441 DEBUG loaded <trimesh.Trimesh(vertices.shape=(916, 3), faces.shape=(856, 3))> using `load_obj` in 0.0029s
2024-12-06 07:45:09,584 DEBUG loaded <trimesh.Trimesh(vertices.shape=(48, 3), faces.shape=(28, 3))> using `load_obj` in 0.0007s
2024-12-06 07:45:18,207 INFO ==> EMD Loss: 14.131678
2024-12-06 07:45:18,208 INFO ==> Height map loss:  7.052812
2024-12-06 07:45:18,529 INFO ===> New TaichiEnv created.
2024-12-06 07:45:18,529 INFO ===> Specifications: horizon = 300, dt = 0.01, n_substeps = 20, dt_sub = 0.0005
2024-12-06 07:45:18,551 DEBUG loaded <trimesh.Trimesh(vertices.shape=(916, 3), faces.shape=(856, 3))> using `load_obj` in 0.0030s
2024-12-06 07:45:18,695 DEBUG loaded <trimesh.Trimesh(vertices.shape=(48, 3), faces.shape=(28, 3))> using `load_obj` in 0.0007s
2024-12-06 07:45:27,919 INFO ==> EMD Loss: 14.131666
2024-12-06 07:45:27,919 INFO ==> Height map loss:  7.052689
2024-12-06 07:45:27,919 INFO =====> Best alpha: 2.0, Best loss info: {'particle_has_naninf': False, 'height_map_loss': 7.0526885986328125, 'emd_loss': 14.13166618347168, 'total_loss': 14.13166618347168}
2024-12-06 07:45:28,239 INFO ===> New TaichiEnv created.
2024-12-06 07:45:28,239 INFO ===> Specifications: horizon = 300, dt = 0.01, n_substeps = 20, dt_sub = 0.0005
2024-12-06 07:45:28,260 DEBUG loaded <trimesh.Trimesh(vertices.shape=(916, 3), faces.shape=(856, 3))> using `load_obj` in 0.0029s
2024-12-06 07:45:28,402 DEBUG loaded <trimesh.Trimesh(vertices.shape=(48, 3), faces.shape=(28, 3))> using `load_obj` in 0.0007s
2024-12-06 07:45:53,980 INFO =====> Epoch: 48
2024-12-06 07:45:53,980 INFO =====> EMD Loss: 14.131724
2024-12-06 07:45:53,980 INFO =====> Height map loss:  7.052747
2024-12-06 07:45:53,980 INFO =====> Num. aborted data so far: 0
2024-12-06 07:45:54,331 INFO ===> New TaichiEnv created.
2024-12-06 07:45:54,331 INFO ===> Specifications: horizon = 300, dt = 0.01, n_substeps = 20, dt_sub = 0.0005
2024-12-06 07:45:54,353 DEBUG loaded <trimesh.Trimesh(vertices.shape=(916, 3), faces.shape=(856, 3))> using `load_obj` in 0.0030s
2024-12-06 07:45:54,494 DEBUG loaded <trimesh.Trimesh(vertices.shape=(48, 3), faces.shape=(28, 3))> using `load_obj` in 0.0007s
2024-12-06 07:46:03,145 INFO ==> EMD Loss: 14.131729
2024-12-06 07:46:03,145 INFO ==> Height map loss:  7.052662
2024-12-06 07:46:03,464 INFO ===> New TaichiEnv created.
2024-12-06 07:46:03,464 INFO ===> Specifications: horizon = 300, dt = 0.01, n_substeps = 20, dt_sub = 0.0005
2024-12-06 07:46:03,486 DEBUG loaded <trimesh.Trimesh(vertices.shape=(916, 3), faces.shape=(856, 3))> using `load_obj` in 0.0030s
2024-12-06 07:46:03,631 DEBUG loaded <trimesh.Trimesh(vertices.shape=(48, 3), faces.shape=(28, 3))> using `load_obj` in 0.0007s
2024-12-06 07:46:12,876 INFO ==> EMD Loss: 14.131679
2024-12-06 07:46:12,876 INFO ==> Height map loss:  7.052873
2024-12-06 07:46:13,197 INFO ===> New TaichiEnv created.
2024-12-06 07:46:13,197 INFO ===> Specifications: horizon = 300, dt = 0.01, n_substeps = 20, dt_sub = 0.0005
2024-12-06 07:46:13,219 DEBUG loaded <trimesh.Trimesh(vertices.shape=(916, 3), faces.shape=(856, 3))> using `load_obj` in 0.0029s
2024-12-06 07:46:13,359 DEBUG loaded <trimesh.Trimesh(vertices.shape=(48, 3), faces.shape=(28, 3))> using `load_obj` in 0.0007s
2024-12-06 07:46:22,011 INFO ==> EMD Loss: 14.131712
2024-12-06 07:46:22,011 INFO ==> Height map loss:  7.052811
2024-12-06 07:46:22,334 INFO ===> New TaichiEnv created.
2024-12-06 07:46:22,334 INFO ===> Specifications: horizon = 300, dt = 0.01, n_substeps = 20, dt_sub = 0.0005
2024-12-06 07:46:22,356 DEBUG loaded <trimesh.Trimesh(vertices.shape=(916, 3), faces.shape=(856, 3))> using `load_obj` in 0.0030s
2024-12-06 07:46:22,500 DEBUG loaded <trimesh.Trimesh(vertices.shape=(48, 3), faces.shape=(28, 3))> using `load_obj` in 0.0007s
2024-12-06 07:46:31,747 INFO ==> EMD Loss: 14.131721
2024-12-06 07:46:31,747 INFO ==> Height map loss:  7.052859
2024-12-06 07:46:32,067 INFO ===> New TaichiEnv created.
2024-12-06 07:46:32,067 INFO ===> Specifications: horizon = 300, dt = 0.01, n_substeps = 20, dt_sub = 0.0005
2024-12-06 07:46:32,091 DEBUG loaded <trimesh.Trimesh(vertices.shape=(916, 3), faces.shape=(856, 3))> using `load_obj` in 0.0041s
2024-12-06 07:46:32,237 DEBUG loaded <trimesh.Trimesh(vertices.shape=(48, 3), faces.shape=(28, 3))> using `load_obj` in 0.0007s
2024-12-06 07:46:40,820 INFO ==> EMD Loss: 14.131738
2024-12-06 07:46:40,821 INFO ==> Height map loss:  7.052730
2024-12-06 07:46:40,821 INFO =====> Best alpha: 0.1, Best loss info: {'particle_has_naninf': False, 'height_map_loss': 7.052661895751953, 'emd_loss': 14.131729125976562, 'total_loss': 14.131729125976562}
2024-12-06 07:46:41,138 INFO ===> New TaichiEnv created.
2024-12-06 07:46:41,138 INFO ===> Specifications: horizon = 300, dt = 0.01, n_substeps = 20, dt_sub = 0.0005
2024-12-06 07:46:41,159 DEBUG loaded <trimesh.Trimesh(vertices.shape=(916, 3), faces.shape=(856, 3))> using `load_obj` in 0.0029s
2024-12-06 07:46:41,300 DEBUG loaded <trimesh.Trimesh(vertices.shape=(48, 3), faces.shape=(28, 3))> using `load_obj` in 0.0007s
2024-12-06 07:47:06,877 INFO =====> Epoch: 49
2024-12-06 07:47:06,877 INFO =====> EMD Loss: 14.131796
2024-12-06 07:47:06,877 INFO =====> Height map loss:  7.052725
2024-12-06 07:47:06,877 INFO =====> Num. aborted data so far: 0
2024-12-06 07:47:07,216 INFO ===> New TaichiEnv created.
2024-12-06 07:47:07,216 INFO ===> Specifications: horizon = 300, dt = 0.01, n_substeps = 20, dt_sub = 0.0005
2024-12-06 07:47:07,238 DEBUG loaded <trimesh.Trimesh(vertices.shape=(916, 3), faces.shape=(856, 3))> using `load_obj` in 0.0029s
2024-12-06 07:47:07,379 DEBUG loaded <trimesh.Trimesh(vertices.shape=(48, 3), faces.shape=(28, 3))> using `load_obj` in 0.0007s
2024-12-06 07:47:16,006 INFO ==> EMD Loss: 14.131712
2024-12-06 07:47:16,006 INFO ==> Height map loss:  7.052756
2024-12-06 07:47:16,328 INFO ===> New TaichiEnv created.
2024-12-06 07:47:16,328 INFO ===> Specifications: horizon = 300, dt = 0.01, n_substeps = 20, dt_sub = 0.0005
2024-12-06 07:47:16,349 DEBUG loaded <trimesh.Trimesh(vertices.shape=(916, 3), faces.shape=(856, 3))> using `load_obj` in 0.0029s
2024-12-06 07:47:16,490 DEBUG loaded <trimesh.Trimesh(vertices.shape=(48, 3), faces.shape=(28, 3))> using `load_obj` in 0.0007s
2024-12-06 07:47:25,732 INFO ==> EMD Loss: 14.131689
2024-12-06 07:47:25,732 INFO ==> Height map loss:  7.052759
2024-12-06 07:47:26,050 INFO ===> New TaichiEnv created.
2024-12-06 07:47:26,050 INFO ===> Specifications: horizon = 300, dt = 0.01, n_substeps = 20, dt_sub = 0.0005
2024-12-06 07:47:26,071 DEBUG loaded <trimesh.Trimesh(vertices.shape=(916, 3), faces.shape=(856, 3))> using `load_obj` in 0.0029s
2024-12-06 07:47:26,214 DEBUG loaded <trimesh.Trimesh(vertices.shape=(48, 3), faces.shape=(28, 3))> using `load_obj` in 0.0007s
2024-12-06 07:47:34,823 INFO ==> EMD Loss: 14.131751
2024-12-06 07:47:34,823 INFO ==> Height map loss:  7.052774
2024-12-06 07:47:35,142 INFO ===> New TaichiEnv created.
2024-12-06 07:47:35,142 INFO ===> Specifications: horizon = 300, dt = 0.01, n_substeps = 20, dt_sub = 0.0005
2024-12-06 07:47:35,164 DEBUG loaded <trimesh.Trimesh(vertices.shape=(916, 3), faces.shape=(856, 3))> using `load_obj` in 0.0029s
2024-12-06 07:47:35,305 DEBUG loaded <trimesh.Trimesh(vertices.shape=(48, 3), faces.shape=(28, 3))> using `load_obj` in 0.0007s
2024-12-06 07:47:44,540 INFO ==> EMD Loss: 14.131740
2024-12-06 07:47:44,540 INFO ==> Height map loss:  7.052685
2024-12-06 07:47:44,865 INFO ===> New TaichiEnv created.
2024-12-06 07:47:44,866 INFO ===> Specifications: horizon = 300, dt = 0.01, n_substeps = 20, dt_sub = 0.0005
2024-12-06 07:47:44,887 DEBUG loaded <trimesh.Trimesh(vertices.shape=(916, 3), faces.shape=(856, 3))> using `load_obj` in 0.0029s
2024-12-06 07:47:45,029 DEBUG loaded <trimesh.Trimesh(vertices.shape=(48, 3), faces.shape=(28, 3))> using `load_obj` in 0.0007s
2024-12-06 07:47:53,597 INFO ==> EMD Loss: 14.131751
2024-12-06 07:47:53,597 INFO ==> Height map loss:  7.052717
2024-12-06 07:47:53,597 INFO =====> Best alpha: 1.5, Best loss info: {'particle_has_naninf': False, 'height_map_loss': 7.052685260772705, 'emd_loss': 14.131739616394043, 'total_loss': 14.131739616394043}
2024-12-06 07:47:53,920 INFO ===> New TaichiEnv created.
2024-12-06 07:47:53,920 INFO ===> Specifications: horizon = 300, dt = 0.01, n_substeps = 20, dt_sub = 0.0005
2024-12-06 07:47:53,942 DEBUG loaded <trimesh.Trimesh(vertices.shape=(916, 3), faces.shape=(856, 3))> using `load_obj` in 0.0030s
2024-12-06 07:47:54,085 DEBUG loaded <trimesh.Trimesh(vertices.shape=(48, 3), faces.shape=(28, 3))> using `load_obj` in 0.0007s
2024-12-06 07:48:03,327 INFO ===========> Finished training.
2024-12-06 07:48:03,327 INFO ====> Final EMD loss: 14.131608
2024-12-06 07:48:03,327 INFO ====> Final height map loss: 7.052753
