2024-10-21 00:09:18,626 INFO ===> New TaichiEnv created.
2024-10-21 00:09:18,626 INFO ===> Specifications: horizon = 600, dt = 0.01, n_substeps = 20, dt_sub = 0.0005
2024-10-21 00:09:41,673 INFO =====> Epoch: 0
2024-10-21 00:09:41,673 INFO =====> EMD Loss: 27.098249435424805
2024-10-21 00:09:41,673 INFO =====> Height map loss: 28.766963958740234
2024-10-21 00:09:41,673 INFO =====> Insertion loss: 0.0
2024-10-21 00:09:41,673 INFO =====> Grad: [-1.4378677e+04 -2.6347770e+04 -2.3409227e-04  2.4565503e+03
  9.6520605e-05]
2024-10-21 00:09:41,673 INFO =====> Skill params: [-0.23750286  0.5942405  -0.06452061 -0.32902974 -0.51101506]
2024-10-21 00:09:41,673 INFO =====> Num. aborted data so far: 0
2024-10-21 00:09:41,942 INFO ===> New TaichiEnv created.
2024-10-21 00:09:41,942 INFO ===> Specifications: horizon = 600, dt = 0.01, n_substeps = 20, dt_sub = 0.0005
2024-10-21 00:10:05,981 INFO =====> Epoch: 1
2024-10-21 00:10:05,981 INFO =====> EMD Loss: 27.017532348632812
2024-10-21 00:10:05,981 INFO =====> Height map loss: 28.702131271362305
2024-10-21 00:10:05,981 INFO =====> Insertion loss: 0.0
2024-10-21 00:10:05,981 INFO =====> Grad: [ 7.7992432e+03 -5.1721328e+03 -4.7669225e-04  5.0088203e+03
  9.3948218e-04]
2024-10-21 00:10:05,981 INFO =====> Skill params: [-0.2688951   0.60705584 -0.01410398 -0.3863723  -0.5712806 ]
2024-10-21 00:10:05,981 INFO =====> Num. aborted data so far: 0
2024-10-21 00:10:06,265 INFO ===> New TaichiEnv created.
2024-10-21 00:10:06,265 INFO ===> Specifications: horizon = 600, dt = 0.01, n_substeps = 20, dt_sub = 0.0005
2024-10-21 00:10:30,436 INFO =====> Epoch: 2
2024-10-21 00:10:30,437 INFO =====> EMD Loss: 26.972990036010742
2024-10-21 00:10:30,437 INFO =====> Height map loss: 28.642946243286133
2024-10-21 00:10:30,437 INFO =====> Insertion loss: 0.0
2024-10-21 00:10:30,437 INFO =====> Grad: [-9.5446509e+02  1.8140361e+03 -2.2392569e-04 -1.6377002e+02
 -4.0212730e-05]
2024-10-21 00:10:30,437 INFO =====> Skill params: [-0.2648538   0.60233116  0.00911664 -0.38439694 -0.56856406]
2024-10-21 00:10:30,437 INFO =====> Num. aborted data so far: 0
2024-10-21 00:10:30,725 INFO ===> New TaichiEnv created.
2024-10-21 00:10:30,725 INFO ===> Specifications: horizon = 600, dt = 0.01, n_substeps = 20, dt_sub = 0.0005
2024-10-21 00:10:54,950 INFO =====> Epoch: 3
2024-10-21 00:10:54,950 INFO =====> EMD Loss: 26.92487144470215
2024-10-21 00:10:54,950 INFO =====> Height map loss: 28.595149993896484
2024-10-21 00:10:54,950 INFO =====> Insertion loss: 0.0
2024-10-21 00:10:54,951 INFO =====> Grad: [-3.0748849e+02  4.7351749e+02 -4.2626001e-05 -1.4754208e+03
  3.0952622e-06]
2024-10-21 00:10:54,951 INFO =====> Skill params: [-0.26348177  0.6010314   0.01376336 -0.3664126  -0.5687845 ]
2024-10-21 00:10:54,951 INFO =====> Num. aborted data so far: 0
2024-10-21 00:10:55,239 INFO ===> New TaichiEnv created.
2024-10-21 00:10:55,239 INFO ===> Specifications: horizon = 600, dt = 0.01, n_substeps = 20, dt_sub = 0.0005
2024-10-21 00:11:19,269 INFO =====> Epoch: 4
2024-10-21 00:11:19,269 INFO =====> EMD Loss: 26.96373176574707
2024-10-21 00:11:19,269 INFO =====> Height map loss: 28.597999572753906
2024-10-21 00:11:19,269 INFO =====> Insertion loss: 0.0
2024-10-21 00:11:19,269 INFO =====> Grad: [-7.9573594e+03 -2.0241868e+03  3.0172605e-04  3.6874351e+03
  3.5164878e-06]
2024-10-21 00:11:19,269 INFO =====> Skill params: [-0.2312721   0.606863   -0.01663864 -0.40433142 -0.5690484 ]
2024-10-21 00:11:19,269 INFO =====> Num. aborted data so far: 0
2024-10-21 00:11:19,568 INFO ===> New TaichiEnv created.
2024-10-21 00:11:19,568 INFO ===> Specifications: horizon = 600, dt = 0.01, n_substeps = 20, dt_sub = 0.0005
2024-10-21 00:11:43,487 INFO =====> Epoch: 5
2024-10-21 00:11:43,487 INFO =====> EMD Loss: 26.990983963012695
2024-10-21 00:11:43,487 INFO =====> Height map loss: 28.68868064880371
2024-10-21 00:11:43,487 INFO =====> Insertion loss: 0.0
2024-10-21 00:11:43,487 INFO =====> Grad: [ 9.7117500e+03  3.2710811e+03  6.4962584e-04 -7.2676929e+03
  7.8093127e-04]
2024-10-21 00:11:43,487 INFO =====> Skill params: [-0.26593277  0.5970497  -0.06326038 -0.35501313 -0.6132447 ]
2024-10-21 00:11:43,487 INFO =====> Num. aborted data so far: 0
2024-10-21 00:11:43,789 INFO ===> New TaichiEnv created.
2024-10-21 00:11:43,790 INFO ===> Specifications: horizon = 600, dt = 0.01, n_substeps = 20, dt_sub = 0.0005
2024-10-21 00:12:07,443 INFO =====> Epoch: 6
2024-10-21 00:12:07,444 INFO =====> EMD Loss: 26.944379806518555
2024-10-21 00:12:07,444 INFO =====> Height map loss: 28.61932373046875
2024-10-21 00:12:07,444 INFO =====> Insertion loss: 0.0
2024-10-21 00:12:07,444 INFO =====> Grad: [-1.2385725e+03 -4.1128397e+02  2.6383910e-05 -5.0805148e+02
 -6.2457111e-06]
2024-10-21 00:12:07,444 INFO =====> Skill params: [-0.26128587  0.59835005 -0.06525531 -0.351385   -0.6128721 ]
2024-10-21 00:12:07,444 INFO =====> Num. aborted data so far: 0
2024-10-21 00:12:07,748 INFO ===> New TaichiEnv created.
2024-10-21 00:12:07,748 INFO ===> Specifications: horizon = 600, dt = 0.01, n_substeps = 20, dt_sub = 0.0005
2024-10-21 00:12:31,466 INFO =====> Epoch: 7
2024-10-21 00:12:31,467 INFO =====> EMD Loss: 26.934364318847656
2024-10-21 00:12:31,467 INFO =====> Height map loss: 28.60401725769043
2024-10-21 00:12:31,467 INFO =====> Insertion loss: 0.0
2024-10-21 00:12:31,467 INFO =====> Grad: [ 1.6205641e+03 -1.7330522e+03 -1.4061519e-04  6.2162213e+02
  1.5781237e-05]
2024-10-21 00:12:31,467 INFO =====> Skill params: [-0.26766217  0.6041018  -0.05422003 -0.35605153 -0.61386436]
2024-10-21 00:12:31,467 INFO =====> Num. aborted data so far: 0
2024-10-21 00:12:31,773 INFO ===> New TaichiEnv created.
2024-10-21 00:12:31,773 INFO ===> Specifications: horizon = 600, dt = 0.01, n_substeps = 20, dt_sub = 0.0005
2024-10-21 00:12:55,553 INFO =====> Epoch: 8
2024-10-21 00:12:55,553 INFO =====> EMD Loss: 26.99540138244629
2024-10-21 00:12:55,553 INFO =====> Height map loss: 28.636091232299805
2024-10-21 00:12:55,553 INFO =====> Insertion loss: 0.0
2024-10-21 00:12:55,553 INFO =====> Grad: [ 4.8145405e+03 -2.2192603e+02 -1.9729705e-05  1.0700524e+03
  3.5181060e-04]
2024-10-21 00:12:55,553 INFO =====> Skill params: [-0.28670377  0.60487807 -0.05258847 -0.36444408 -0.6357411 ]
2024-10-21 00:12:55,553 INFO =====> Num. aborted data so far: 0
2024-10-21 00:12:55,867 INFO ===> New TaichiEnv created.
2024-10-21 00:12:55,868 INFO ===> Specifications: horizon = 600, dt = 0.01, n_substeps = 20, dt_sub = 0.0005
2024-10-21 00:13:19,683 INFO =====> Epoch: 9
2024-10-21 00:13:19,683 INFO =====> EMD Loss: 26.900724411010742
2024-10-21 00:13:19,683 INFO =====> Height map loss: 28.610727310180664
2024-10-21 00:13:19,683 INFO =====> Insertion loss: 0.0
2024-10-21 00:13:19,683 INFO =====> Grad: [-3.4913972e+03  7.5089752e+02  1.3147875e-04  1.6183274e+03
  2.6240622e-04]
2024-10-21 00:13:19,683 INFO =====> Skill params: [-0.27251908  0.60211194 -0.06386566 -0.3775337  -0.6523382 ]
2024-10-21 00:13:19,683 INFO =====> Num. aborted data so far: 0
2024-10-21 00:13:20,012 INFO ===> New TaichiEnv created.
2024-10-21 00:13:20,012 INFO ===> Specifications: horizon = 600, dt = 0.01, n_substeps = 20, dt_sub = 0.0005
2024-10-21 00:13:43,788 INFO =====> Epoch: 10
2024-10-21 00:13:43,788 INFO =====> EMD Loss: 26.944074630737305
2024-10-21 00:13:43,788 INFO =====> Height map loss: 28.635190963745117
2024-10-21 00:13:43,788 INFO =====> Insertion loss: 0.0
2024-10-21 00:13:43,788 INFO =====> Grad: [ 5.9136547e+04  2.5245330e+04 -1.3295561e-05 -3.7768859e+04
 -1.7611122e-03]
2024-10-21 00:13:43,789 INFO =====> Skill params: [-0.33388013  0.5489672  -0.06266381 -0.31547382 -0.5966572 ]
2024-10-21 00:13:43,789 INFO =====> Num. aborted data so far: 0
2024-10-21 00:13:44,111 INFO ===> New TaichiEnv created.
2024-10-21 00:13:44,111 INFO ===> Specifications: horizon = 600, dt = 0.01, n_substeps = 20, dt_sub = 0.0005
2024-10-21 00:14:07,386 INFO =====> Epoch: 11
2024-10-21 00:14:07,386 INFO =====> EMD Loss: 27.04833984375
2024-10-21 00:14:07,386 INFO =====> Height map loss: 28.6409854888916
2024-10-21 00:14:07,386 INFO =====> Insertion loss: 0.0
2024-10-21 00:14:07,386 INFO =====> Grad: [-7.8280988e+05 -7.1449400e+05  5.8199935e-02  8.1773756e+05
 -1.1481985e-02]
2024-10-21 00:14:07,386 INFO =====> Skill params: [-0.27080643  0.6121625  -0.12590522 -0.37865642 -0.53425837]
2024-10-21 00:14:07,386 INFO =====> Num. aborted data so far: 0
2024-10-21 00:14:07,773 INFO ===> New TaichiEnv created.
2024-10-21 00:14:07,773 INFO ===> Specifications: horizon = 600, dt = 0.01, n_substeps = 20, dt_sub = 0.0005
2024-10-21 00:14:32,084 INFO =====> Epoch: 12
2024-10-21 00:14:32,084 INFO =====> EMD Loss: 26.92684555053711
2024-10-21 00:14:32,084 INFO =====> Height map loss: 28.660737991333008
2024-10-21 00:14:32,084 INFO =====> Insertion loss: 0.0
2024-10-21 00:14:32,084 INFO =====> Grad: [-2.4055208e+03 -2.4626257e+03  1.2290868e-05  3.6815964e+03
  4.2256489e-04]
2024-10-21 00:14:32,084 INFO =====> Skill params: [-0.27060214  0.61239207 -0.1259193  -0.37895626 -0.53667724]
2024-10-21 00:14:32,084 INFO =====> Num. aborted data so far: 0
2024-10-21 00:14:32,477 INFO ===> New TaichiEnv created.
2024-10-21 00:14:32,478 INFO ===> Specifications: horizon = 600, dt = 0.01, n_substeps = 20, dt_sub = 0.0005
2024-10-21 00:14:56,653 INFO =====> Epoch: 13
2024-10-21 00:14:56,653 INFO =====> EMD Loss: 26.928892135620117
2024-10-21 00:14:56,653 INFO =====> Height map loss: 28.662982940673828
2024-10-21 00:14:56,653 INFO =====> Insertion loss: 0.0
2024-10-21 00:14:56,653 INFO =====> Grad: [-1.0976815e+04 -1.1055385e+04 -2.9556453e-05  4.1944849e+03
  7.6895329e-04]
2024-10-21 00:14:56,653 INFO =====> Skill params: [-0.26961955  0.61347836 -0.12588361 -0.37931636 -0.5413046 ]
2024-10-21 00:14:56,654 INFO =====> Num. aborted data so far: 0
2024-10-21 00:14:57,030 INFO ===> New TaichiEnv created.
2024-10-21 00:14:57,030 INFO ===> Specifications: horizon = 600, dt = 0.01, n_substeps = 20, dt_sub = 0.0005
2024-10-21 00:15:21,186 INFO =====> Epoch: 14
2024-10-21 00:15:21,186 INFO =====> EMD Loss: 26.92392349243164
2024-10-21 00:15:21,186 INFO =====> Height map loss: 28.662572860717773
2024-10-21 00:15:21,186 INFO =====> Insertion loss: 0.0
2024-10-21 00:15:21,186 INFO =====> Grad: [-3.9946219e+04 -2.8904297e+04 -7.6424633e-04 -8.0967462e+02
 -1.2828954e-04]
2024-10-21 00:15:21,187 INFO =====> Skill params: [-0.26585704  0.6164688  -0.12491109 -0.3792431  -0.54049087]
2024-10-21 00:15:21,187 INFO =====> Num. aborted data so far: 0
2024-10-21 00:15:21,536 INFO ===> New TaichiEnv created.
2024-10-21 00:15:21,536 INFO ===> Specifications: horizon = 600, dt = 0.01, n_substeps = 20, dt_sub = 0.0005
2024-10-21 00:15:45,650 INFO =====> Epoch: 15
2024-10-21 00:15:45,650 INFO =====> EMD Loss: 26.9158935546875
2024-10-21 00:15:45,650 INFO =====> Height map loss: 28.64025115966797
2024-10-21 00:15:45,650 INFO =====> Insertion loss: 0.0
2024-10-21 00:15:45,650 INFO =====> Grad: [-2.2104793e+04 -1.6541496e+04  1.9966930e-03  9.2741541e+02
 -5.0248113e-05]
2024-10-21 00:15:45,650 INFO =====> Skill params: [-0.26366368  0.618272   -0.12758696 -0.37933156 -0.54015493]
2024-10-21 00:15:45,650 INFO =====> Num. aborted data so far: 0
2024-10-21 00:15:45,972 INFO ===> New TaichiEnv created.
2024-10-21 00:15:45,972 INFO ===> Specifications: horizon = 600, dt = 0.01, n_substeps = 20, dt_sub = 0.0005
2024-10-21 00:16:10,620 INFO =====> Epoch: 16
2024-10-21 00:16:10,620 INFO =====> EMD Loss: 26.923383712768555
2024-10-21 00:16:10,620 INFO =====> Height map loss: 28.6651554107666
2024-10-21 00:16:10,620 INFO =====> Insertion loss: 0.0
2024-10-21 00:16:10,620 INFO =====> Grad: [ 2.2701350e+03  8.3375762e+03 -1.1566866e-03 -4.9363739e+02
 -3.6067151e-05]
2024-10-21 00:16:10,620 INFO =====> Skill params: [-0.2639011   0.61731404 -0.12595353 -0.37928194 -0.5399008 ]
2024-10-21 00:16:10,620 INFO =====> Num. aborted data so far: 0
2024-10-21 00:16:10,942 INFO ===> New TaichiEnv created.
2024-10-21 00:16:10,942 INFO ===> Specifications: horizon = 600, dt = 0.01, n_substeps = 20, dt_sub = 0.0005
2024-10-21 00:16:35,244 INFO =====> Epoch: 17
2024-10-21 00:16:35,244 INFO =====> EMD Loss: 26.92292594909668
2024-10-21 00:16:35,244 INFO =====> Height map loss: 28.664682388305664
2024-10-21 00:16:35,244 INFO =====> Insertion loss: 0.0
2024-10-21 00:16:35,245 INFO =====> Grad: [ 1.0775052e+03  8.5643789e+03  1.2742544e-03 -1.4785620e+03
 -1.2610402e-04]
2024-10-21 00:16:35,245 INFO =====> Skill params: [-0.2640199   0.616277   -0.12784947 -0.37912524 -0.5389641 ]
2024-10-21 00:16:35,245 INFO =====> Num. aborted data so far: 0
2024-10-21 00:16:35,603 INFO ===> New TaichiEnv created.
2024-10-21 00:16:35,603 INFO ===> Specifications: horizon = 600, dt = 0.01, n_substeps = 20, dt_sub = 0.0005
2024-10-21 00:16:59,988 INFO =====> Epoch: 18
2024-10-21 00:16:59,988 INFO =====> EMD Loss: 26.922414779663086
2024-10-21 00:16:59,988 INFO =====> Height map loss: 28.66498565673828
2024-10-21 00:16:59,988 INFO =====> Insertion loss: 0.0
2024-10-21 00:16:59,988 INFO =====> Grad: [-9.9007764e+03 -7.4204185e+03  1.9009638e-04  2.5956431e+03
 -1.0588101e-04]
2024-10-21 00:16:59,988 INFO =====> Skill params: [-0.2628695   0.61722404 -0.12814762 -0.3794152  -0.5381352 ]
2024-10-21 00:16:59,988 INFO =====> Num. aborted data so far: 0
2024-10-21 00:17:00,316 INFO ===> New TaichiEnv created.
2024-10-21 00:17:00,316 INFO ===> Specifications: horizon = 600, dt = 0.01, n_substeps = 20, dt_sub = 0.0005
2024-10-21 00:17:24,998 INFO =====> Epoch: 19
2024-10-21 00:17:24,998 INFO =====> EMD Loss: 26.93071937561035
2024-10-21 00:17:24,998 INFO =====> Height map loss: 28.663904190063477
2024-10-21 00:17:24,998 INFO =====> Insertion loss: 0.0
2024-10-21 00:17:24,998 INFO =====> Grad: [-2.8012739e+03 -1.2885295e+03 -1.3561086e-04  1.4566517e+03
  4.0573067e-07]
2024-10-21 00:17:24,998 INFO =====> Skill params: [-0.26252642  0.61739737 -0.12792343 -0.37958676 -0.5381385 ]
2024-10-21 00:17:24,998 INFO =====> Num. aborted data so far: 0
2024-10-21 00:17:25,403 INFO ===> New TaichiEnv created.
2024-10-21 00:17:25,403 INFO ===> Specifications: horizon = 600, dt = 0.01, n_substeps = 20, dt_sub = 0.0005
2024-10-21 00:17:50,357 INFO =====> Epoch: 20
2024-10-21 00:17:50,357 INFO =====> EMD Loss: 26.931407928466797
2024-10-21 00:17:50,357 INFO =====> Height map loss: 28.663814544677734
2024-10-21 00:17:50,357 INFO =====> Insertion loss: 0.0
2024-10-21 00:17:50,358 INFO =====> Grad: [-1.1626160e+04 -7.4514463e+03  2.4202147e-03  6.2920840e+03
 -3.6038255e-04]
2024-10-21 00:17:50,358 INFO =====> Skill params: [-0.26102588  0.6184539  -0.13213156 -0.38036773 -0.5350075 ]
2024-10-21 00:17:50,358 INFO =====> Num. aborted data so far: 0
2024-10-21 00:17:50,757 INFO ===> New TaichiEnv created.
2024-10-21 00:17:50,757 INFO ===> Specifications: horizon = 600, dt = 0.01, n_substeps = 20, dt_sub = 0.0005
2024-10-21 00:18:15,548 INFO =====> Epoch: 21
2024-10-21 00:18:15,548 INFO =====> EMD Loss: 26.908367156982422
2024-10-21 00:18:15,548 INFO =====> Height map loss: 28.666696548461914
2024-10-21 00:18:15,548 INFO =====> Insertion loss: 0.0
2024-10-21 00:18:15,548 INFO =====> Grad: [-2.9400449e+03  9.8410723e+03 -1.2204545e-03 -2.2498357e+03
 -7.7674061e-04]
2024-10-21 00:18:15,548 INFO =====> Skill params: [-0.2606259   0.6169835  -0.12989612 -0.38007337 -0.52793866]
2024-10-21 00:18:15,548 INFO =====> Num. aborted data so far: 0
2024-10-21 00:18:15,877 INFO ===> New TaichiEnv created.
2024-10-21 00:18:15,877 INFO ===> Specifications: horizon = 600, dt = 0.01, n_substeps = 20, dt_sub = 0.0005
2024-10-21 00:18:40,513 INFO =====> Epoch: 22
2024-10-21 00:18:40,513 INFO =====> EMD Loss: 26.922632217407227
2024-10-21 00:18:40,513 INFO =====> Height map loss: 28.662139892578125
2024-10-21 00:18:40,513 INFO =====> Insertion loss: 0.0
2024-10-21 00:18:40,513 INFO =====> Grad: [-8.4685918e+03 -7.8204424e+03 -4.0246267e-04  1.6397202e+03
  1.2133503e-04]
2024-10-21 00:18:40,513 INFO =====> Skill params: [-0.2594117   0.61821496 -0.12911913 -0.3802995  -0.52910244]
2024-10-21 00:18:40,513 INFO =====> Num. aborted data so far: 0
2024-10-21 00:18:40,924 INFO ===> New TaichiEnv created.
2024-10-21 00:18:40,924 INFO ===> Specifications: horizon = 600, dt = 0.01, n_substeps = 20, dt_sub = 0.0005
2024-10-21 00:19:05,660 INFO =====> Epoch: 23
2024-10-21 00:19:05,661 INFO =====> EMD Loss: 26.927467346191406
2024-10-21 00:19:05,661 INFO =====> Height map loss: 28.66971778869629
2024-10-21 00:19:05,661 INFO =====> Insertion loss: 0.0
2024-10-21 00:19:05,661 INFO =====> Grad: [-4.5471422e+04 -3.6207469e+04  4.2268084e-03 -1.1785935e+03
 -4.8019745e-05]
2024-10-21 00:19:05,661 INFO =====> Skill params: [-0.2525797   0.6241981  -0.1376423  -0.38012818 -0.52861696]
2024-10-21 00:19:05,661 INFO =====> Num. aborted data so far: 0
2024-10-21 00:19:06,070 INFO ===> New TaichiEnv created.
2024-10-21 00:19:06,070 INFO ===> Specifications: horizon = 600, dt = 0.01, n_substeps = 20, dt_sub = 0.0005
2024-10-21 00:19:30,838 INFO =====> Epoch: 24
2024-10-21 00:19:30,839 INFO =====> EMD Loss: 26.89472770690918
2024-10-21 00:19:30,840 INFO =====> Height map loss: 28.71133804321289
2024-10-21 00:19:30,840 INFO =====> Insertion loss: 0.0
2024-10-21 00:19:30,840 INFO =====> Grad: [-3.7613938e+03  1.0774051e+04 -1.0730608e-03  3.8961606e+02
  1.2114556e-05]
2024-10-21 00:19:30,840 INFO =====> Skill params: [-0.251984    0.62232226 -0.13536295 -0.38018787 -0.52874607]
2024-10-21 00:19:30,840 INFO =====> Num. aborted data so far: 0
2024-10-21 00:19:31,172 INFO ===> New TaichiEnv created.
2024-10-21 00:19:31,172 INFO ===> Specifications: horizon = 600, dt = 0.01, n_substeps = 20, dt_sub = 0.0005
2024-10-21 00:19:55,881 INFO =====> Epoch: 25
2024-10-21 00:19:55,882 INFO =====> EMD Loss: 26.903636932373047
2024-10-21 00:19:55,882 INFO =====> Height map loss: 28.708799362182617
2024-10-21 00:19:55,882 INFO =====> Insertion loss: 0.0
2024-10-21 00:19:55,882 INFO =====> Grad: [ 1.4075373e+01  1.8226147e+02  1.6847165e-05  8.4502313e+02
 -2.5501731e-05]
2024-10-21 00:19:55,882 INFO =====> Skill params: [-0.25198635  0.6222888  -0.13540067 -0.38032436 -0.5284596 ]
2024-10-21 00:19:55,882 INFO =====> Num. aborted data so far: 0
2024-10-21 00:19:56,244 INFO ===> New TaichiEnv created.
2024-10-21 00:19:56,244 INFO ===> Specifications: horizon = 600, dt = 0.01, n_substeps = 20, dt_sub = 0.0005
2024-10-21 00:20:20,502 INFO =====> Epoch: 26
2024-10-21 00:20:20,502 INFO =====> EMD Loss: 26.8972225189209
2024-10-21 00:20:20,502 INFO =====> Height map loss: 28.706783294677734
2024-10-21 00:20:20,502 INFO =====> Insertion loss: 0.0
2024-10-21 00:20:20,502 INFO =====> Grad: [-2.0224958e+01 -3.6369457e+01 -6.9208875e-07 -1.1060377e+03
 -1.8738327e-06]
2024-10-21 00:20:20,502 INFO =====> Skill params: [-0.2519828   0.62229586 -0.13539903 -0.38013604 -0.52843744]
2024-10-21 00:20:20,502 INFO =====> Num. aborted data so far: 0
2024-10-21 00:20:20,838 INFO ===> New TaichiEnv created.
2024-10-21 00:20:20,838 INFO ===> Specifications: horizon = 600, dt = 0.01, n_substeps = 20, dt_sub = 0.0005
2024-10-21 00:20:45,106 INFO =====> Epoch: 27
2024-10-21 00:20:45,106 INFO =====> EMD Loss: 26.906618118286133
2024-10-21 00:20:45,106 INFO =====> Height map loss: 28.709077835083008
2024-10-21 00:20:45,106 INFO =====> Insertion loss: 0.0
2024-10-21 00:20:45,106 INFO =====> Grad: [ 1.1212164e+03  1.0926648e+03 -5.8773621e-06  1.3818771e+02
 -6.7660180e-06]
2024-10-21 00:20:45,106 INFO =====> Skill params: [-0.25219077  0.62207305 -0.13538441 -0.38016084 -0.528353  ]
2024-10-21 00:20:45,106 INFO =====> Num. aborted data so far: 0
2024-10-21 00:20:45,434 INFO ===> New TaichiEnv created.
2024-10-21 00:20:45,434 INFO ===> Specifications: horizon = 600, dt = 0.01, n_substeps = 20, dt_sub = 0.0005
2024-10-21 00:21:09,878 INFO =====> Epoch: 28
2024-10-21 00:21:09,878 INFO =====> EMD Loss: 26.898618698120117
2024-10-21 00:21:09,878 INFO =====> Height map loss: 28.711267471313477
2024-10-21 00:21:09,878 INFO =====> Insertion loss: 0.0
2024-10-21 00:21:09,878 INFO =====> Grad: [6.1748539e+01 4.6265629e+01 6.6616421e-06 2.2621043e+02 3.0558876e-06]
2024-10-21 00:21:09,878 INFO =====> Skill params: [-0.25220284  0.6220631  -0.13540187 -0.38020363 -0.5283932 ]
2024-10-21 00:21:09,878 INFO =====> Num. aborted data so far: 0
2024-10-21 00:21:10,214 INFO ===> New TaichiEnv created.
2024-10-21 00:21:10,214 INFO ===> Specifications: horizon = 600, dt = 0.01, n_substeps = 20, dt_sub = 0.0005
2024-10-21 00:21:34,535 INFO =====> Epoch: 29
2024-10-21 00:21:34,535 INFO =====> EMD Loss: 26.898426055908203
2024-10-21 00:21:34,535 INFO =====> Height map loss: 28.71030616760254
2024-10-21 00:21:34,535 INFO =====> Insertion loss: 0.0
2024-10-21 00:21:34,535 INFO =====> Grad: [1.1662121e+02 1.0185808e+02 1.0429933e-05 7.1277930e+02 6.5145425e-05]
2024-10-21 00:21:34,535 INFO =====> Skill params: [-0.25222686  0.62204003 -0.13543071 -0.38034576 -0.5292965 ]
2024-10-21 00:21:34,535 INFO =====> Num. aborted data so far: 0
2024-10-21 00:21:34,874 INFO ===> New TaichiEnv created.
2024-10-21 00:21:34,874 INFO ===> Specifications: horizon = 600, dt = 0.01, n_substeps = 20, dt_sub = 0.0005
2024-10-21 00:21:59,292 INFO =====> Epoch: 30
2024-10-21 00:21:59,292 INFO =====> EMD Loss: 26.906105041503906
2024-10-21 00:21:59,292 INFO =====> Height map loss: 28.708154678344727
2024-10-21 00:21:59,292 INFO =====> Insertion loss: 0.0
2024-10-21 00:21:59,292 INFO =====> Grad: [-3.0894034e+02 -1.6759248e+02  9.4342122e-06 -7.9939862e+02
 -2.2816156e-04]
2024-10-21 00:21:59,293 INFO =====> Skill params: [-0.25215974  0.6220801  -0.1354582  -0.38017774 -0.5259662 ]
2024-10-21 00:21:59,293 INFO =====> Num. aborted data so far: 0
2024-10-21 00:21:59,629 INFO ===> New TaichiEnv created.
2024-10-21 00:21:59,629 INFO ===> Specifications: horizon = 600, dt = 0.01, n_substeps = 20, dt_sub = 0.0005
2024-10-21 00:22:23,930 INFO =====> Epoch: 31
2024-10-21 00:22:23,930 INFO =====> EMD Loss: 26.898221969604492
2024-10-21 00:22:23,930 INFO =====> Height map loss: 28.709991455078125
2024-10-21 00:22:23,930 INFO =====> Insertion loss: 0.0
2024-10-21 00:22:23,930 INFO =====> Grad: [-5.6145349e+02 -3.6185202e+02 -2.7546786e-05 -8.2954041e+01
 -1.0071793e-04]
2024-10-21 00:22:23,930 INFO =====> Skill params: [-0.25203118  0.62217116 -0.13537359 -0.38015935 -0.5244171 ]
2024-10-21 00:22:23,930 INFO =====> Num. aborted data so far: 0
2024-10-21 00:22:24,267 INFO ===> New TaichiEnv created.
2024-10-21 00:22:24,267 INFO ===> Specifications: horizon = 600, dt = 0.01, n_substeps = 20, dt_sub = 0.0005
2024-10-21 00:22:48,613 INFO =====> Epoch: 32
2024-10-21 00:22:48,613 INFO =====> EMD Loss: 26.898639678955078
2024-10-21 00:22:48,613 INFO =====> Height map loss: 28.70815086364746
2024-10-21 00:22:48,613 INFO =====> Insertion loss: 0.0
2024-10-21 00:22:48,613 INFO =====> Grad: [-6.3841193e+02 -7.3689905e+02  5.4820957e-06  2.3778691e+02
  3.0249188e-05]
2024-10-21 00:22:48,613 INFO =====> Skill params: [-0.25187707  0.6223667  -0.13539134 -0.38021487 -0.5249075 ]
2024-10-21 00:22:48,613 INFO =====> Num. aborted data so far: 0
2024-10-21 00:22:48,957 INFO ===> New TaichiEnv created.
2024-10-21 00:22:48,957 INFO ===> Specifications: horizon = 600, dt = 0.01, n_substeps = 20, dt_sub = 0.0005
2024-10-21 00:23:13,078 INFO =====> Epoch: 33
2024-10-21 00:23:13,078 INFO =====> EMD Loss: 26.898759841918945
2024-10-21 00:23:13,078 INFO =====> Height map loss: 28.710466384887695
2024-10-21 00:23:13,078 INFO =====> Insertion loss: 0.0
2024-10-21 00:23:13,078 INFO =====> Grad: [ 9.3726288e+01  1.1231195e+02  1.8337718e-05 -2.4116022e+02
 -1.2200006e-06]
2024-10-21 00:23:13,078 INFO =====> Skill params: [-0.2519009   0.6223353  -0.13545392 -0.3801555  -0.52488667]
2024-10-21 00:23:13,078 INFO =====> Num. aborted data so far: 0
2024-10-21 00:23:13,425 INFO ===> New TaichiEnv created.
2024-10-21 00:23:13,425 INFO ===> Specifications: horizon = 600, dt = 0.01, n_substeps = 20, dt_sub = 0.0005
2024-10-21 00:23:38,057 INFO =====> Epoch: 34
2024-10-21 00:23:38,057 INFO =====> EMD Loss: 26.900419235229492
2024-10-21 00:23:38,057 INFO =====> Height map loss: 28.708511352539062
2024-10-21 00:23:38,057 INFO =====> Insertion loss: 0.0
2024-10-21 00:23:38,057 INFO =====> Grad: [-3.05166550e+06  1.25002950e+06 -2.00818211e-01 -8.20394688e+04
 -1.30101135e-02]
2024-10-21 00:23:38,058 INFO =====> Skill params: [-0.18884335  0.56000084 -0.07244938 -0.35997915 -0.46382552]
2024-10-21 00:23:38,058 INFO =====> Num. aborted data so far: 0
2024-10-21 00:23:38,399 INFO ===> New TaichiEnv created.
2024-10-21 00:23:38,399 INFO ===> Specifications: horizon = 600, dt = 0.01, n_substeps = 20, dt_sub = 0.0005
2024-10-21 00:24:02,451 INFO =====> Epoch: 35
2024-10-21 00:24:02,451 INFO =====> EMD Loss: 27.134658813476562
2024-10-21 00:24:02,451 INFO =====> Height map loss: 28.90278434753418
2024-10-21 00:24:02,451 INFO =====> Insertion loss: 0.0
2024-10-21 00:24:02,451 INFO =====> Grad: [ 1.1046619e+03  1.2486503e+03  8.5539796e-06 -2.2280110e+03
  1.4068408e-05]
2024-10-21 00:24:02,451 INFO =====> Skill params: [-0.18886742  0.5599352  -0.07245221 -0.35940158 -0.4638951 ]
2024-10-21 00:24:02,451 INFO =====> Num. aborted data so far: 0
2024-10-21 00:24:02,807 INFO ===> New TaichiEnv created.
2024-10-21 00:24:02,807 INFO ===> Specifications: horizon = 600, dt = 0.01, n_substeps = 20, dt_sub = 0.0005
2024-10-21 00:24:26,309 INFO =====> Epoch: 36
2024-10-21 00:24:26,309 INFO =====> EMD Loss: 27.134660720825195
2024-10-21 00:24:26,309 INFO =====> Height map loss: 28.902685165405273
2024-10-21 00:24:26,309 INFO =====> Insertion loss: 0.0
2024-10-21 00:24:26,309 INFO =====> Grad: [ 3.1454907e+03 -3.6987617e+03  2.9299167e-04  3.0252852e+03
  2.7530204e-04]
2024-10-21 00:24:26,309 INFO =====> Skill params: [-0.18893963  0.56014013 -0.07255435 -0.36022818 -0.4653304 ]
2024-10-21 00:24:26,309 INFO =====> Num. aborted data so far: 0
2024-10-21 00:24:26,642 INFO ===> New TaichiEnv created.
2024-10-21 00:24:26,643 INFO ===> Specifications: horizon = 600, dt = 0.01, n_substeps = 20, dt_sub = 0.0005
2024-10-21 00:24:50,396 INFO =====> Epoch: 37
2024-10-21 00:24:50,397 INFO =====> EMD Loss: 27.13311767578125
2024-10-21 00:24:50,397 INFO =====> Height map loss: 28.899322509765625
2024-10-21 00:24:50,397 INFO =====> Insertion loss: 0.0
2024-10-21 00:24:50,397 INFO =====> Grad: [-4.0835305e+03 -3.1547568e+03  5.1920128e-04  6.9703896e+03
 -7.8809680e-06]
2024-10-21 00:24:50,397 INFO =====> Skill params: [-0.1888408   0.5603244  -0.07274513 -0.36223468 -0.4652871 ]
2024-10-21 00:24:50,397 INFO =====> Num. aborted data so far: 0
2024-10-21 00:24:50,732 INFO ===> New TaichiEnv created.
2024-10-21 00:24:50,732 INFO ===> Specifications: horizon = 600, dt = 0.01, n_substeps = 20, dt_sub = 0.0005
2024-10-21 00:25:14,525 INFO =====> Epoch: 38
2024-10-21 00:25:14,526 INFO =====> EMD Loss: 27.13591766357422
2024-10-21 00:25:14,526 INFO =====> Height map loss: 28.897993087768555
2024-10-21 00:25:14,526 INFO =====> Insertion loss: 0.0
2024-10-21 00:25:14,526 INFO =====> Grad: [ 2.5998018e+03 -7.4757422e+02 -2.0050780e-04 -5.4003821e+02
  7.3521514e-05]
2024-10-21 00:25:14,526 INFO =====> Skill params: [-0.18890713  0.5603704  -0.07266746 -0.36207083 -0.46571296]
2024-10-21 00:25:14,526 INFO =====> Num. aborted data so far: 0
2024-10-21 00:25:14,864 INFO ===> New TaichiEnv created.
2024-10-21 00:25:14,865 INFO ===> Specifications: horizon = 600, dt = 0.01, n_substeps = 20, dt_sub = 0.0005
2024-10-21 00:25:38,463 INFO =====> Epoch: 39
2024-10-21 00:25:38,463 INFO =====> EMD Loss: 27.135982513427734
2024-10-21 00:25:38,463 INFO =====> Height map loss: 28.896377563476562
2024-10-21 00:25:38,463 INFO =====> Insertion loss: 0.0
2024-10-21 00:25:38,464 INFO =====> Grad: [-3.6471759e+02  1.5363763e+03  9.3078037e-05 -1.4921462e+03
 -7.5142387e-05]
2024-10-21 00:25:38,464 INFO =====> Skill params: [-0.18889733  0.56027067 -0.07270547 -0.36159357 -0.46525416]
2024-10-21 00:25:38,464 INFO =====> Num. aborted data so far: 0
2024-10-21 00:25:38,807 INFO ===> New TaichiEnv created.
2024-10-21 00:25:38,807 INFO ===> Specifications: horizon = 600, dt = 0.01, n_substeps = 20, dt_sub = 0.0005
2024-10-21 00:26:02,611 INFO =====> Epoch: 40
2024-10-21 00:26:02,611 INFO =====> EMD Loss: 27.135242462158203
2024-10-21 00:26:02,611 INFO =====> Height map loss: 28.90528106689453
2024-10-21 00:26:02,611 INFO =====> Insertion loss: 0.0
2024-10-21 00:26:02,611 INFO =====> Grad: [-5.0917002e+03  4.9515088e+03  7.0157932e-04 -5.8937173e+03
  3.9365403e-03]
2024-10-21 00:26:02,611 INFO =====> Skill params: [-0.18875301  0.559932   -0.0730074  -0.35960758 -0.48877314]
2024-10-21 00:26:02,611 INFO =====> Num. aborted data so far: 0
2024-10-21 00:26:02,960 INFO ===> New TaichiEnv created.
2024-10-21 00:26:02,960 INFO ===> Specifications: horizon = 600, dt = 0.01, n_substeps = 20, dt_sub = 0.0005
2024-10-21 00:26:27,004 INFO =====> Epoch: 41
2024-10-21 00:26:27,004 INFO =====> EMD Loss: 27.13576889038086
2024-10-21 00:26:27,004 INFO =====> Height map loss: 28.906620025634766
2024-10-21 00:26:27,004 INFO =====> Insertion loss: 0.0
2024-10-21 00:26:27,004 INFO =====> Grad: [-5.2195986e+03 -1.0584382e+03  1.0195044e-04  2.9140703e+03
  1.3431271e-04]
2024-10-21 00:26:27,004 INFO =====> Skill params: [-0.18859705  0.5600083  -0.07305365 -0.3606425  -0.48961893]
2024-10-21 00:26:27,004 INFO =====> Num. aborted data so far: 0
2024-10-21 00:26:27,368 INFO ===> New TaichiEnv created.
2024-10-21 00:26:27,368 INFO ===> Specifications: horizon = 600, dt = 0.01, n_substeps = 20, dt_sub = 0.0005
2024-10-21 00:26:51,625 INFO =====> Epoch: 42
2024-10-21 00:26:51,625 INFO =====> EMD Loss: 27.13320541381836
2024-10-21 00:26:51,625 INFO =====> Height map loss: 28.909866333007812
2024-10-21 00:26:51,625 INFO =====> Insertion loss: 0.0
2024-10-21 00:26:51,625 INFO =====> Grad: [ 2.8257873e+04 -1.9462473e+04  2.1486967e-03  1.6407578e+04
  1.2407491e-02]
2024-10-21 00:26:51,625 INFO =====> Skill params: [-0.18948692  0.5614871  -0.07408097 -0.36675608 -0.53978026]
2024-10-21 00:26:51,625 INFO =====> Num. aborted data so far: 0
2024-10-21 00:26:51,962 INFO ===> New TaichiEnv created.
2024-10-21 00:26:51,962 INFO ===> Specifications: horizon = 600, dt = 0.01, n_substeps = 20, dt_sub = 0.0005
2024-10-21 00:27:15,736 INFO =====> Epoch: 43
2024-10-21 00:27:15,736 INFO =====> EMD Loss: 27.153823852539062
2024-10-21 00:27:15,736 INFO =====> Height map loss: 28.900938034057617
2024-10-21 00:27:15,736 INFO =====> Insertion loss: 0.0
2024-10-21 00:27:15,736 INFO =====> Grad: [ 5.9955361e+03 -8.4396855e+03  2.1861747e-04  8.4858525e+03
 -1.1314463e-03]
2024-10-21 00:27:15,736 INFO =====> Skill params: [-0.18968594  0.562163   -0.07419115 -0.37008438 -0.53497255]
2024-10-21 00:27:15,737 INFO =====> Num. aborted data so far: 0
2024-10-21 00:27:16,082 INFO ===> New TaichiEnv created.
2024-10-21 00:27:16,082 INFO ===> Specifications: horizon = 600, dt = 0.01, n_substeps = 20, dt_sub = 0.0005
2024-10-21 00:27:40,396 INFO =====> Epoch: 44
2024-10-21 00:27:40,397 INFO =====> EMD Loss: 27.16641616821289
2024-10-21 00:27:40,397 INFO =====> Height map loss: 28.90049171447754
2024-10-21 00:27:40,397 INFO =====> Insertion loss: 0.0
2024-10-21 00:27:40,397 INFO =====> Grad: [-6.2501245e+03  5.7301431e+03 -2.2035732e-04 -4.6937593e+03
 -1.2619119e-03]
2024-10-21 00:27:40,397 INFO =====> Skill params: [-0.18946725  0.5616793  -0.07407409 -0.36814472 -0.52934283]
2024-10-21 00:27:40,397 INFO =====> Num. aborted data so far: 0
2024-10-21 00:27:40,738 INFO ===> New TaichiEnv created.
2024-10-21 00:27:40,738 INFO ===> Specifications: horizon = 600, dt = 0.01, n_substeps = 20, dt_sub = 0.0005
2024-10-21 00:28:04,686 INFO =====> Epoch: 45
2024-10-21 00:28:04,686 INFO =====> EMD Loss: 27.154850006103516
2024-10-21 00:28:04,686 INFO =====> Height map loss: 28.902467727661133
2024-10-21 00:28:04,686 INFO =====> Insertion loss: 0.0
2024-10-21 00:28:04,686 INFO =====> Grad: [-6.5573340e+03  5.5881191e+03 -7.9356157e-04 -5.0879644e+03
 -1.9894887e-03]
2024-10-21 00:28:04,686 INFO =====> Skill params: [-0.1892254   0.5611821  -0.07362973 -0.3659298  -0.52008784]
2024-10-21 00:28:04,686 INFO =====> Num. aborted data so far: 0
2024-10-21 00:28:05,026 INFO ===> New TaichiEnv created.
2024-10-21 00:28:05,026 INFO ===> Specifications: horizon = 600, dt = 0.01, n_substeps = 20, dt_sub = 0.0005
2024-10-21 00:28:29,130 INFO =====> Epoch: 46
2024-10-21 00:28:29,130 INFO =====> EMD Loss: 27.16757583618164
2024-10-21 00:28:29,130 INFO =====> Height map loss: 28.90249252319336
2024-10-21 00:28:29,130 INFO =====> Insertion loss: 0.0
2024-10-21 00:28:29,130 INFO =====> Grad: [ 2.2757986e+03  4.2807489e+02 -6.0812425e-05 -6.3002478e+02
 -5.1675778e-04]
2024-10-21 00:28:29,131 INFO =====> Skill params: [-0.18931389  0.5611419  -0.07359383 -0.3656407  -0.5175559 ]
2024-10-21 00:28:29,131 INFO =====> Num. aborted data so far: 0
2024-10-21 00:28:29,475 INFO ===> New TaichiEnv created.
2024-10-21 00:28:29,475 INFO ===> Specifications: horizon = 600, dt = 0.01, n_substeps = 20, dt_sub = 0.0005
2024-10-21 00:28:52,865 INFO =====> Epoch: 47
2024-10-21 00:28:52,865 INFO =====> EMD Loss: 27.154470443725586
2024-10-21 00:28:52,865 INFO =====> Height map loss: 28.902036666870117
2024-10-21 00:28:52,865 INFO =====> Insertion loss: 0.0
2024-10-21 00:28:52,865 INFO =====> Grad: [-6.9361566e+02 -8.2127525e+01 -3.0034475e-05 -6.4509424e+02
 -7.6902797e-05]
2024-10-21 00:28:52,865 INFO =====> Skill params: [-0.18928546  0.56115    -0.07357515 -0.36532867 -0.51715875]
2024-10-21 00:28:52,865 INFO =====> Num. aborted data so far: 0
2024-10-21 00:28:53,219 INFO ===> New TaichiEnv created.
2024-10-21 00:28:53,219 INFO ===> Specifications: horizon = 600, dt = 0.01, n_substeps = 20, dt_sub = 0.0005
2024-10-21 00:29:17,007 INFO =====> Epoch: 48
2024-10-21 00:29:17,008 INFO =====> EMD Loss: 27.14852523803711
2024-10-21 00:29:17,008 INFO =====> Height map loss: 28.9023494720459
2024-10-21 00:29:17,008 INFO =====> Insertion loss: 0.0
2024-10-21 00:29:17,008 INFO =====> Grad: [ 4.4165327e+03 -5.0305332e+03 -1.8125674e-04  3.9426956e+03
  1.2754072e-03]
2024-10-21 00:29:17,008 INFO =====> Skill params: [-0.18947624  0.56167424 -0.07345627 -0.36733782 -0.52406055]
2024-10-21 00:29:17,008 INFO =====> Num. aborted data so far: 0
2024-10-21 00:29:17,351 INFO ===> New TaichiEnv created.
2024-10-21 00:29:17,351 INFO ===> Specifications: horizon = 600, dt = 0.01, n_substeps = 20, dt_sub = 0.0005
2024-10-21 00:29:40,819 INFO =====> Epoch: 49
2024-10-21 00:29:40,819 INFO =====> EMD Loss: 27.15423011779785
2024-10-21 00:29:40,819 INFO =====> Height map loss: 28.902814865112305
2024-10-21 00:29:40,819 INFO =====> Insertion loss: 0.0
2024-10-21 00:29:40,820 INFO =====> Grad: [-9.7330652e+02  6.0866705e+02 -2.4224864e-06  1.0602034e+03
  2.0649191e-05]
2024-10-21 00:29:40,820 INFO =====> Skill params: [-0.18943192  0.56160736 -0.0734546  -0.3679073  -0.5241783 ]
2024-10-21 00:29:40,820 INFO =====> Num. aborted data so far: 0
2024-10-21 00:29:41,174 INFO ===> New TaichiEnv created.
2024-10-21 00:29:41,174 INFO ===> Specifications: horizon = 600, dt = 0.01, n_substeps = 20, dt_sub = 0.0005
2024-10-21 00:30:04,854 INFO =====> Epoch: 50
2024-10-21 00:30:04,854 INFO =====> EMD Loss: 27.15447998046875
2024-10-21 00:30:04,854 INFO =====> Height map loss: 28.902502059936523
2024-10-21 00:30:04,854 INFO =====> Insertion loss: 0.0
2024-10-21 00:30:04,855 INFO =====> Grad: [ 4.0361433e+03 -2.9682183e+03  4.2080112e-05  2.1458391e+03
 -3.1856439e-04]
2024-10-21 00:30:04,855 INFO =====> Skill params: [-0.18962564  0.56195104 -0.07348526 -0.369122   -0.52226377]
2024-10-21 00:30:04,855 INFO =====> Num. aborted data so far: 0
2024-10-21 00:30:05,216 INFO ===> New TaichiEnv created.
2024-10-21 00:30:05,216 INFO ===> Specifications: horizon = 600, dt = 0.01, n_substeps = 20, dt_sub = 0.0005
2024-10-21 00:30:28,484 INFO =====> Epoch: 51
2024-10-21 00:30:28,484 INFO =====> EMD Loss: 27.154743194580078
2024-10-21 00:30:28,484 INFO =====> Height map loss: 28.90277671813965
2024-10-21 00:30:28,484 INFO =====> Insertion loss: 0.0
2024-10-21 00:30:28,485 INFO =====> Grad: [-4.0073098e+03  3.0799619e+03  4.3543434e-05 -3.3535950e+03
 -9.3059952e-04]
2024-10-21 00:30:28,485 INFO =====> Skill params: [-0.1894229   0.5615751  -0.07351871 -0.3671219  -0.51639384]
2024-10-21 00:30:28,485 INFO =====> Num. aborted data so far: 0
2024-10-21 00:30:28,834 INFO ===> New TaichiEnv created.
2024-10-21 00:30:28,834 INFO ===> Specifications: horizon = 600, dt = 0.01, n_substeps = 20, dt_sub = 0.0005
2024-10-21 00:30:52,340 INFO =====> Epoch: 52
2024-10-21 00:30:52,340 INFO =====> EMD Loss: 27.155414581298828
2024-10-21 00:30:52,340 INFO =====> Height map loss: 28.899503707885742
2024-10-21 00:30:52,340 INFO =====> Insertion loss: 0.0
2024-10-21 00:30:52,340 INFO =====> Grad: [ 1.5037113e+03 -2.8216050e+03 -9.9223980e-06  1.8302615e+03
 -1.8477299e-04]
2024-10-21 00:30:52,340 INFO =====> Skill params: [-0.18950309  0.5619381  -0.07351068 -0.36827233 -0.5151655 ]
2024-10-21 00:30:52,340 INFO =====> Num. aborted data so far: 0
2024-10-21 00:30:52,698 INFO ===> New TaichiEnv created.
2024-10-21 00:30:52,698 INFO ===> Specifications: horizon = 600, dt = 0.01, n_substeps = 20, dt_sub = 0.0005
2024-10-21 00:31:15,980 INFO =====> Epoch: 53
2024-10-21 00:31:15,980 INFO =====> EMD Loss: 27.15477180480957
2024-10-21 00:31:15,980 INFO =====> Height map loss: 28.90311050415039
2024-10-21 00:31:15,981 INFO =====> Insertion loss: 0.0
2024-10-21 00:31:15,981 INFO =====> Grad: [ 4.5240483e+03 -5.0582754e+03  2.1723968e-04  5.7598296e+03
  1.9650981e-03]
2024-10-21 00:31:15,981 INFO =====> Skill params: [-0.18975739  0.56262404 -0.07369608 -0.37208167 -0.5286202 ]
2024-10-21 00:31:15,981 INFO =====> Num. aborted data so far: 0
2024-10-21 00:31:16,348 INFO ===> New TaichiEnv created.
2024-10-21 00:31:16,348 INFO ===> Specifications: horizon = 600, dt = 0.01, n_substeps = 20, dt_sub = 0.0005
2024-10-21 00:31:39,865 INFO =====> Epoch: 54
2024-10-21 00:31:39,865 INFO =====> EMD Loss: 27.115345001220703
2024-10-21 00:31:39,865 INFO =====> Height map loss: 28.848461151123047
2024-10-21 00:31:39,865 INFO =====> Insertion loss: 0.0
2024-10-21 00:31:39,865 INFO =====> Grad: [-3.2170171e+03 -9.1212317e+02  6.6777808e-05  1.0845681e+03
  1.2507377e-04]
2024-10-21 00:31:39,865 INFO =====> Skill params: [-0.18956678  0.5627544  -0.07375616 -0.3728377  -0.5295228 ]
2024-10-21 00:31:39,865 INFO =====> Num. aborted data so far: 0
2024-10-21 00:31:40,232 INFO ===> New TaichiEnv created.
2024-10-21 00:31:40,233 INFO ===> Specifications: horizon = 600, dt = 0.01, n_substeps = 20, dt_sub = 0.0005
2024-10-21 00:32:03,846 INFO =====> Epoch: 55
2024-10-21 00:32:03,846 INFO =====> EMD Loss: 27.101512908935547
2024-10-21 00:32:03,846 INFO =====> Height map loss: 28.863006591796875
2024-10-21 00:32:03,846 INFO =====> Insertion loss: 0.0
2024-10-21 00:32:03,846 INFO =====> Grad: [-5.6268860e+02  2.9429299e+03  4.1854131e-04 -3.1455159e+03
  2.9318593e-05]
2024-10-21 00:32:03,846 INFO =====> Skill params: [-0.18953164  0.562311   -0.07415305 -0.37052792 -0.5297458 ]
2024-10-21 00:32:03,846 INFO =====> Num. aborted data so far: 0
2024-10-21 00:32:04,213 INFO ===> New TaichiEnv created.
2024-10-21 00:32:04,213 INFO ===> Specifications: horizon = 600, dt = 0.01, n_substeps = 20, dt_sub = 0.0005
2024-10-21 00:32:27,763 INFO =====> Epoch: 56
2024-10-21 00:32:27,763 INFO =====> EMD Loss: 27.164634704589844
2024-10-21 00:32:27,763 INFO =====> Height map loss: 28.902019500732422
2024-10-21 00:32:27,763 INFO =====> Insertion loss: 0.0
2024-10-21 00:32:27,763 INFO =====> Grad: [-2.7605999e+03  2.1991951e+03  1.6337690e-04 -1.7161927e+03
 -7.8191143e-04]
2024-10-21 00:32:27,763 INFO =====> Skill params: [-0.18934989  0.5619617  -0.07431636 -0.36919984 -0.5235069 ]
2024-10-21 00:32:27,763 INFO =====> Num. aborted data so far: 0
2024-10-21 00:32:28,212 INFO ===> New TaichiEnv created.
2024-10-21 00:32:28,212 INFO ===> Specifications: horizon = 600, dt = 0.01, n_substeps = 20, dt_sub = 0.0005
2024-10-21 00:32:51,581 INFO =====> Epoch: 57
2024-10-21 00:32:51,581 INFO =====> EMD Loss: 27.166656494140625
2024-10-21 00:32:51,581 INFO =====> Height map loss: 28.902389526367188
2024-10-21 00:32:51,581 INFO =====> Insertion loss: 0.0
2024-10-21 00:32:51,582 INFO =====> Grad: [ 1.71545374e+03  3.09542877e+02 -1.06185085e-04 -1.35872668e+03
 -4.24226833e-04]
2024-10-21 00:32:51,582 INFO =====> Skill params: [-0.18946894  0.5619099  -0.07420448 -0.36809167 -0.5199445 ]
2024-10-21 00:32:51,582 INFO =====> Num. aborted data so far: 0
2024-10-21 00:32:51,952 INFO ===> New TaichiEnv created.
2024-10-21 00:32:51,952 INFO ===> Specifications: horizon = 600, dt = 0.01, n_substeps = 20, dt_sub = 0.0005
2024-10-21 00:33:15,668 INFO =====> Epoch: 58
2024-10-21 00:33:15,668 INFO =====> EMD Loss: 27.154653549194336
2024-10-21 00:33:15,668 INFO =====> Height map loss: 28.902660369873047
2024-10-21 00:33:15,668 INFO =====> Insertion loss: 0.0
2024-10-21 00:33:15,669 INFO =====> Grad: [ 6.3878740e+03 -4.4155117e+03 -1.7414869e-04  3.4184883e+03
  7.0709846e-04]
2024-10-21 00:33:15,669 INFO =====> Skill params: [-0.1899362   0.562689   -0.07401107 -0.3710274  -0.526173  ]
2024-10-21 00:33:15,669 INFO =====> Num. aborted data so far: 0
2024-10-21 00:33:16,110 INFO ===> New TaichiEnv created.
2024-10-21 00:33:16,111 INFO ===> Specifications: horizon = 600, dt = 0.01, n_substeps = 20, dt_sub = 0.0005
2024-10-21 00:33:40,375 INFO =====> Epoch: 59
2024-10-21 00:33:40,375 INFO =====> EMD Loss: 27.114700317382812
2024-10-21 00:33:40,375 INFO =====> Height map loss: 28.848051071166992
2024-10-21 00:33:40,375 INFO =====> Insertion loss: 0.0
2024-10-21 00:33:40,375 INFO =====> Grad: [ 3.4373787e+03 -1.9507291e+03 -1.6003702e-04  4.9979282e+02
  1.8990936e-03]
2024-10-21 00:33:40,375 INFO =====> Skill params: [-0.19020125  0.5630518  -0.07382372 -0.37147984 -0.54315835]
2024-10-21 00:33:40,376 INFO =====> Num. aborted data so far: 0
2024-10-21 00:33:40,901 INFO ===> New TaichiEnv created.
2024-10-21 00:33:40,901 INFO ===> Specifications: horizon = 600, dt = 0.01, n_substeps = 20, dt_sub = 0.0005
2024-10-21 00:34:04,783 INFO =====> Epoch: 60
2024-10-21 00:34:04,783 INFO =====> EMD Loss: 27.113203048706055
2024-10-21 00:34:04,783 INFO =====> Height map loss: 28.849788665771484
2024-10-21 00:34:04,783 INFO =====> Insertion loss: 0.0
2024-10-21 00:34:04,784 INFO =====> Grad: [-2.8679641e+03  8.6332349e+02 -7.7192279e-05 -8.2631409e+01
  2.2188961e-04]
2024-10-21 00:34:04,784 INFO =====> Skill params: [-0.18996815  0.56288254 -0.07372846 -0.37140098 -0.5452491 ]
2024-10-21 00:34:04,784 INFO =====> Num. aborted data so far: 0
2024-10-21 00:34:05,165 INFO ===> New TaichiEnv created.
2024-10-21 00:34:05,166 INFO ===> Specifications: horizon = 600, dt = 0.01, n_substeps = 20, dt_sub = 0.0005
2024-10-21 00:34:28,691 INFO =====> Epoch: 61
2024-10-21 00:34:28,691 INFO =====> EMD Loss: 27.113597869873047
2024-10-21 00:34:28,691 INFO =====> Height map loss: 28.849807739257812
2024-10-21 00:34:28,691 INFO =====> Insertion loss: 0.0
2024-10-21 00:34:28,692 INFO =====> Grad: [-4.2569058e+03  7.7656116e+02  7.3535026e-05  1.1815380e+03
  4.2243834e-04]
2024-10-21 00:34:28,692 INFO =====> Skill params: [-0.18960346  0.5627221  -0.07382412 -0.37258914 -0.5494357 ]
2024-10-21 00:34:28,692 INFO =====> Num. aborted data so far: 0
2024-10-21 00:34:29,155 INFO ===> New TaichiEnv created.
2024-10-21 00:34:29,155 INFO ===> Specifications: horizon = 600, dt = 0.01, n_substeps = 20, dt_sub = 0.0005
2024-10-21 00:34:53,388 INFO =====> Epoch: 62
2024-10-21 00:34:53,388 INFO =====> EMD Loss: 27.115720748901367
2024-10-21 00:34:53,388 INFO =====> Height map loss: 28.852018356323242
2024-10-21 00:34:53,388 INFO =====> Insertion loss: 0.0
2024-10-21 00:34:53,388 INFO =====> Grad: [ 5.9136253e+01  4.7021938e+03 -1.6911935e-04 -4.2645000e+03
  1.4228681e-04]
2024-10-21 00:34:53,388 INFO =====> Skill params: [-0.1896088   0.56169796 -0.07359223 -0.36808026 -0.5509217 ]
2024-10-21 00:34:53,388 INFO =====> Num. aborted data so far: 0
2024-10-21 00:34:53,832 INFO ===> New TaichiEnv created.
2024-10-21 00:34:53,832 INFO ===> Specifications: horizon = 600, dt = 0.01, n_substeps = 20, dt_sub = 0.0005
2024-10-21 00:35:18,270 INFO =====> Epoch: 63
2024-10-21 00:35:18,270 INFO =====> EMD Loss: 27.154523849487305
2024-10-21 00:35:18,271 INFO =====> Height map loss: 28.902252197265625
2024-10-21 00:35:18,271 INFO =====> Insertion loss: 0.0
2024-10-21 00:35:18,271 INFO =====> Grad: [ 1.9567108e+03  1.0213621e+03  1.8731323e-04 -7.2887323e+02
 -3.6501988e-06]
2024-10-21 00:35:18,271 INFO =====> Skill params: [-0.18979506  0.5614635  -0.07386295 -0.367268   -0.5508815 ]
2024-10-21 00:35:18,271 INFO =====> Num. aborted data so far: 0
2024-10-21 00:35:18,775 INFO ===> New TaichiEnv created.
2024-10-21 00:35:18,775 INFO ===> Specifications: horizon = 600, dt = 0.01, n_substeps = 20, dt_sub = 0.0005
2024-10-21 00:35:42,822 INFO =====> Epoch: 64
2024-10-21 00:35:42,823 INFO =====> EMD Loss: 27.162755966186523
2024-10-21 00:35:42,823 INFO =====> Height map loss: 28.900297164916992
2024-10-21 00:35:42,823 INFO =====> Insertion loss: 0.0
2024-10-21 00:35:42,823 INFO =====> Grad: [ 1.1939974e+03 -9.3108459e+02  1.0369078e-04  8.8955621e+02
 -3.7919275e-05]
2024-10-21 00:35:42,823 INFO =====> Skill params: [-0.18991487  0.5616888  -0.07402091 -0.3683128  -0.5504415 ]
2024-10-21 00:35:42,823 INFO =====> Num. aborted data so far: 0
2024-10-21 00:35:43,185 INFO ===> New TaichiEnv created.
2024-10-21 00:35:43,185 INFO ===> Specifications: horizon = 600, dt = 0.01, n_substeps = 20, dt_sub = 0.0005
2024-10-21 00:36:06,587 INFO =====> Epoch: 65
2024-10-21 00:36:06,587 INFO =====> EMD Loss: 27.165491104125977
2024-10-21 00:36:06,587 INFO =====> Height map loss: 28.897706985473633
2024-10-21 00:36:06,587 INFO =====> Insertion loss: 0.0
2024-10-21 00:36:06,587 INFO =====> Grad: [ 3.3844175e+03 -2.2501987e+03 -2.3333490e-04  1.2173551e+03
  1.2059024e-03]
2024-10-21 00:36:06,587 INFO =====> Skill params: [-0.19027282  0.5622628  -0.07364622 -0.36981955 -0.564806  ]
2024-10-21 00:36:06,587 INFO =====> Num. aborted data so far: 0
2024-10-21 00:36:06,949 INFO ===> New TaichiEnv created.
2024-10-21 00:36:06,949 INFO ===> Specifications: horizon = 600, dt = 0.01, n_substeps = 20, dt_sub = 0.0005
2024-10-21 00:36:30,647 INFO =====> Epoch: 66
2024-10-21 00:36:30,648 INFO =====> EMD Loss: 27.182435989379883
2024-10-21 00:36:30,648 INFO =====> Height map loss: 28.894790649414062
2024-10-21 00:36:30,648 INFO =====> Insertion loss: 0.0
2024-10-21 00:36:30,648 INFO =====> Grad: [-1.4167193e+04  1.1079292e+04  4.3827220e-04 -1.0487471e+04
  1.8417109e-04]
2024-10-21 00:36:30,648 INFO =====> Skill params: [-0.1886939   0.5592872  -0.07438803 -0.35644633 -0.5671169 ]
2024-10-21 00:36:30,648 INFO =====> Num. aborted data so far: 0
2024-10-21 00:36:31,012 INFO ===> New TaichiEnv created.
2024-10-21 00:36:31,012 INFO ===> Specifications: horizon = 600, dt = 0.01, n_substeps = 20, dt_sub = 0.0005
2024-10-21 00:36:54,642 INFO =====> Epoch: 67
2024-10-21 00:36:54,642 INFO =====> EMD Loss: 27.161537170410156
2024-10-21 00:36:54,642 INFO =====> Height map loss: 28.90426254272461
2024-10-21 00:36:54,642 INFO =====> Insertion loss: 0.0
2024-10-21 00:36:54,642 INFO =====> Grad: [-5.1166235e+03  4.4400923e+03  7.6079079e-05 -5.8984604e+03
  1.5424581e-03]
2024-10-21 00:36:54,642 INFO =====> Skill params: [-0.18809283  0.5580304  -0.07452376 -0.34857956 -0.58653307]
2024-10-21 00:36:54,642 INFO =====> Num. aborted data so far: 0
2024-10-21 00:36:55,002 INFO ===> New TaichiEnv created.
2024-10-21 00:36:55,002 INFO ===> Specifications: horizon = 600, dt = 0.01, n_substeps = 20, dt_sub = 0.0005
2024-10-21 00:37:18,582 INFO =====> Epoch: 68
2024-10-21 00:37:18,583 INFO =====> EMD Loss: 27.174114227294922
2024-10-21 00:37:18,583 INFO =====> Height map loss: 28.92298126220703
2024-10-21 00:37:18,583 INFO =====> Insertion loss: 0.0
2024-10-21 00:37:18,583 INFO =====> Grad: [-4.4830024e+03  5.5941284e+02 -1.7913115e-04  3.2480808e+03
  3.1134961e-04]
2024-10-21 00:37:18,583 INFO =====> Skill params: [-0.18753773  0.55786353 -0.07418688 -0.353134   -0.5906555 ]
2024-10-21 00:37:18,583 INFO =====> Num. aborted data so far: 0
2024-10-21 00:37:19,023 INFO ===> New TaichiEnv created.
2024-10-21 00:37:19,023 INFO ===> Specifications: horizon = 600, dt = 0.01, n_substeps = 20, dt_sub = 0.0005
2024-10-21 00:37:42,341 INFO =====> Epoch: 69
2024-10-21 00:37:42,341 INFO =====> EMD Loss: 27.164365768432617
2024-10-21 00:37:42,341 INFO =====> Height map loss: 28.92986297607422
2024-10-21 00:37:42,341 INFO =====> Insertion loss: 0.0
2024-10-21 00:37:42,341 INFO =====> Grad: [ 3.0624866e+03  3.7312942e+03  8.6247188e-04 -2.6878391e+03
 -2.0732377e-04]
2024-10-21 00:37:42,341 INFO =====> Skill params: [-0.18793744  0.5566903  -0.07589597 -0.34916908 -0.587765  ]
2024-10-21 00:37:42,341 INFO =====> Num. aborted data so far: 0
2024-10-21 00:37:42,704 INFO ===> New TaichiEnv created.
2024-10-21 00:37:42,704 INFO ===> Specifications: horizon = 600, dt = 0.01, n_substeps = 20, dt_sub = 0.0005
2024-10-21 00:38:06,365 INFO =====> Epoch: 70
2024-10-21 00:38:06,365 INFO =====> EMD Loss: 27.17604637145996
2024-10-21 00:38:06,365 INFO =====> Height map loss: 28.91852569580078
2024-10-21 00:38:06,365 INFO =====> Insertion loss: 0.0
2024-10-21 00:38:06,366 INFO =====> Grad: [ 3.1082664e+04  1.0018391e+04  1.6774941e-03 -4.1099555e+04
 -2.9084095e-04]
2024-10-21 00:38:06,366 INFO =====> Skill params: [-0.192204    0.5533743  -0.07939454 -0.30421573 -0.58350044]
2024-10-21 00:38:06,366 INFO =====> Num. aborted data so far: 0
2024-10-21 00:38:06,727 INFO ===> New TaichiEnv created.
2024-10-21 00:38:06,727 INFO ===> Specifications: horizon = 600, dt = 0.01, n_substeps = 20, dt_sub = 0.0005
2024-10-21 00:38:30,151 INFO =====> Epoch: 71
2024-10-21 00:38:30,151 INFO =====> EMD Loss: 27.268150329589844
2024-10-21 00:38:30,151 INFO =====> Height map loss: 29.200836181640625
2024-10-21 00:38:30,151 INFO =====> Insertion loss: 0.0
2024-10-21 00:38:30,152 INFO =====> Grad: [ 5.4795245e+06 -1.3194141e+05  2.1511190e-01 -2.1025585e+06
 -1.2184883e-02]
2024-10-21 00:38:30,152 INFO =====> Skill params: [-0.25524926  0.5905931  -0.14208195 -0.2409917  -0.5235455 ]
2024-10-21 00:38:30,152 INFO =====> Num. aborted data so far: 0
2024-10-21 00:38:30,588 INFO ===> New TaichiEnv created.
2024-10-21 00:38:30,589 INFO ===> Specifications: horizon = 600, dt = 0.01, n_substeps = 20, dt_sub = 0.0005
2024-10-21 00:38:54,726 INFO =====> Epoch: 72
2024-10-21 00:38:54,727 INFO =====> EMD Loss: 26.901611328125
2024-10-21 00:38:54,727 INFO =====> Height map loss: 28.679088592529297
2024-10-21 00:38:54,727 INFO =====> Insertion loss: 0.0
2024-10-21 00:38:54,727 INFO =====> Grad: [ 5.2954458e+03  2.7647529e+03  2.9450265e-04 -1.9221471e+03
  1.5612990e-05]
2024-10-21 00:38:54,727 INFO =====> Skill params: [-0.2553135   0.5897711  -0.14217241 -0.24093077 -0.5236265 ]
2024-10-21 00:38:54,727 INFO =====> Num. aborted data so far: 0
2024-10-21 00:38:55,081 INFO ===> New TaichiEnv created.
2024-10-21 00:38:55,081 INFO ===> Specifications: horizon = 600, dt = 0.01, n_substeps = 20, dt_sub = 0.0005
2024-10-21 00:39:18,880 INFO =====> Epoch: 73
2024-10-21 00:39:18,880 INFO =====> EMD Loss: 26.9024658203125
2024-10-21 00:39:18,880 INFO =====> Height map loss: 28.67324447631836
2024-10-21 00:39:18,880 INFO =====> Insertion loss: 0.0
2024-10-21 00:39:18,881 INFO =====> Grad: [-5.3884980e+03 -1.7761858e+03 -4.9468433e-04  1.1499891e+03
 -2.4409253e-06]
2024-10-21 00:39:18,881 INFO =====> Skill params: [-0.2552446   0.59032774 -0.14201224 -0.24096918 -0.52361315]
2024-10-21 00:39:18,881 INFO =====> Num. aborted data so far: 0
2024-10-21 00:39:19,239 INFO ===> New TaichiEnv created.
2024-10-21 00:39:19,239 INFO ===> Specifications: horizon = 600, dt = 0.01, n_substeps = 20, dt_sub = 0.0005
2024-10-21 00:39:44,001 INFO =====> Epoch: 74
2024-10-21 00:39:44,001 INFO =====> EMD Loss: 26.892990112304688
2024-10-21 00:39:44,001 INFO =====> Height map loss: 28.672576904296875
2024-10-21 00:39:44,001 INFO =====> Insertion loss: 0.0
2024-10-21 00:39:44,001 INFO =====> Grad: [-1.3496373e+03 -1.1658331e+03 -5.4154003e-05  8.0298431e+02
 -6.4269741e-05]
2024-10-21 00:39:44,001 INFO =====> Skill params: [-0.25522643  0.59071285 -0.14199376 -0.24099746 -0.5232428 ]
2024-10-21 00:39:44,001 INFO =====> Num. aborted data so far: 0
2024-10-21 00:39:44,354 INFO ===> New TaichiEnv created.
2024-10-21 00:39:44,354 INFO ===> Specifications: horizon = 600, dt = 0.01, n_substeps = 20, dt_sub = 0.0005
2024-10-21 00:40:08,079 INFO =====> Epoch: 75
2024-10-21 00:40:08,079 INFO =====> EMD Loss: 26.892333984375
2024-10-21 00:40:08,079 INFO =====> Height map loss: 28.676054000854492
2024-10-21 00:40:08,079 INFO =====> Insertion loss: 0.0
2024-10-21 00:40:08,079 INFO =====> Grad: [ 3.0256793e+02  6.9633072e+01 -7.8517034e-05 -9.4655182e+02
  1.5230739e-05]
2024-10-21 00:40:08,079 INFO =====> Skill params: [-0.25523072  0.5906886  -0.14196551 -0.24096233 -0.5233353 ]
2024-10-21 00:40:08,079 INFO =====> Num. aborted data so far: 0
2024-10-21 00:40:08,445 INFO ===> New TaichiEnv created.
2024-10-21 00:40:08,445 INFO ===> Specifications: horizon = 600, dt = 0.01, n_substeps = 20, dt_sub = 0.0005
2024-10-21 00:40:32,140 INFO =====> Epoch: 76
2024-10-21 00:40:32,141 INFO =====> EMD Loss: 26.892162322998047
2024-10-21 00:40:32,141 INFO =====> Height map loss: 28.676244735717773
2024-10-21 00:40:32,141 INFO =====> Insertion loss: 0.0
2024-10-21 00:40:32,141 INFO =====> Grad: [ 3.2663408e+03  1.8742925e+03 -1.3763730e-04 -1.5343260e+03
 -8.0505943e-06]
2024-10-21 00:40:32,141 INFO =====> Skill params: [-0.25527963  0.5900007  -0.14191331 -0.24090229 -0.5232837 ]
2024-10-21 00:40:32,141 INFO =====> Num. aborted data so far: 0
2024-10-21 00:40:32,496 INFO ===> New TaichiEnv created.
2024-10-21 00:40:32,496 INFO ===> Specifications: horizon = 600, dt = 0.01, n_substeps = 20, dt_sub = 0.0005
2024-10-21 00:40:56,279 INFO =====> Epoch: 77
2024-10-21 00:40:56,279 INFO =====> EMD Loss: 26.902938842773438
2024-10-21 00:40:56,279 INFO =====> Height map loss: 28.672290802001953
2024-10-21 00:40:56,279 INFO =====> Insertion loss: 0.0
2024-10-21 00:40:56,279 INFO =====> Grad: [-2.5276064e+03 -1.5496180e+03 -8.9402049e-05  7.8190631e+02
  1.1565811e-05]
2024-10-21 00:40:56,280 INFO =====> Skill params: [-0.25523973  0.5906002  -0.14187758 -0.24093454 -0.5233618 ]
2024-10-21 00:40:56,280 INFO =====> Num. aborted data so far: 0
2024-10-21 00:40:56,635 INFO ===> New TaichiEnv created.
2024-10-21 00:40:56,635 INFO ===> Specifications: horizon = 600, dt = 0.01, n_substeps = 20, dt_sub = 0.0005
2024-10-21 00:41:20,318 INFO =====> Epoch: 78
2024-10-21 00:41:20,318 INFO =====> EMD Loss: 26.892181396484375
2024-10-21 00:41:20,318 INFO =====> Height map loss: 28.676265716552734
2024-10-21 00:41:20,318 INFO =====> Insertion loss: 0.0
2024-10-21 00:41:20,318 INFO =====> Grad: [-9.4332656e+03 -4.7711187e+03  3.6402122e-04  4.4085752e+03
 -6.9933944e-06]
2024-10-21 00:41:20,318 INFO =====> Skill params: [-0.2550828   0.59254485 -0.14203097 -0.24112622 -0.52331203]
2024-10-21 00:41:20,318 INFO =====> Num. aborted data so far: 0
2024-10-21 00:41:20,680 INFO ===> New TaichiEnv created.
2024-10-21 00:41:20,680 INFO ===> Specifications: horizon = 600, dt = 0.01, n_substeps = 20, dt_sub = 0.0005
2024-10-21 00:41:44,559 INFO =====> Epoch: 79
2024-10-21 00:41:44,559 INFO =====> EMD Loss: 26.924352645874023
2024-10-21 00:41:44,559 INFO =====> Height map loss: 28.68598175048828
2024-10-21 00:41:44,559 INFO =====> Insertion loss: 0.0
2024-10-21 00:41:44,559 INFO =====> Grad: [-1.7072000e+04 -9.2388125e+03  4.8950629e-04  8.9461299e+03
  4.3820866e-04]
2024-10-21 00:41:44,560 INFO =====> Skill params: [-0.25478342  0.59650636 -0.14224839 -0.24153623 -0.52659386]
2024-10-21 00:41:44,560 INFO =====> Num. aborted data so far: 0
2024-10-21 00:41:44,919 INFO ===> New TaichiEnv created.
2024-10-21 00:41:44,919 INFO ===> Specifications: horizon = 600, dt = 0.01, n_substeps = 20, dt_sub = 0.0005
2024-10-21 00:42:08,527 INFO =====> Epoch: 80
2024-10-21 00:42:08,527 INFO =====> EMD Loss: 26.90854835510254
2024-10-21 00:42:08,527 INFO =====> Height map loss: 28.694849014282227
2024-10-21 00:42:08,527 INFO =====> Insertion loss: 0.0
2024-10-21 00:42:08,527 INFO =====> Grad: [ 3.9636496e+04  2.2879703e+04 -3.5864757e-03 -2.5927154e+04
  1.0608874e-03]
2024-10-21 00:42:08,527 INFO =====> Skill params: [-0.25551605  0.5863006  -0.14056985 -0.24028395 -0.53489643]
2024-10-21 00:42:08,527 INFO =====> Num. aborted data so far: 0
2024-10-21 00:42:08,955 INFO ===> New TaichiEnv created.
2024-10-21 00:42:08,955 INFO ===> Specifications: horizon = 600, dt = 0.01, n_substeps = 20, dt_sub = 0.0005
2024-10-21 00:42:32,753 INFO =====> Epoch: 81
2024-10-21 00:42:32,754 INFO =====> EMD Loss: 26.911453247070312
2024-10-21 00:42:32,754 INFO =====> Height map loss: 28.677520751953125
2024-10-21 00:42:32,754 INFO =====> Insertion loss: 0.0
2024-10-21 00:42:32,754 INFO =====> Grad: [ 1.6658188e+03  5.4715015e+02  6.3353378e-05 -3.6137337e+01
 -1.2775931e-04]
2024-10-21 00:42:32,754 INFO =====> Skill params: [-0.2555485   0.58604336 -0.1406011  -0.24028212 -0.5338426 ]
2024-10-21 00:42:32,754 INFO =====> Num. aborted data so far: 0
2024-10-21 00:42:33,118 INFO ===> New TaichiEnv created.
2024-10-21 00:42:33,119 INFO ===> Specifications: horizon = 600, dt = 0.01, n_substeps = 20, dt_sub = 0.0005
2024-10-21 00:42:56,766 INFO =====> Epoch: 82
2024-10-21 00:42:56,766 INFO =====> EMD Loss: 26.91683006286621
2024-10-21 00:42:56,766 INFO =====> Height map loss: 28.677507400512695
2024-10-21 00:42:56,766 INFO =====> Insertion loss: 0.0
2024-10-21 00:42:56,766 INFO =====> Grad: [-1.4295249e+03 -3.8280753e+02 -5.5343844e-07 -2.1349422e+02
  2.3531189e-05]
2024-10-21 00:42:56,766 INFO =====> Skill params: [-0.25551915  0.5862331  -0.14060082 -0.24027066 -0.5340472 ]
2024-10-21 00:42:56,766 INFO =====> Num. aborted data so far: 0
2024-10-21 00:42:57,137 INFO ===> New TaichiEnv created.
2024-10-21 00:42:57,137 INFO ===> Specifications: horizon = 600, dt = 0.01, n_substeps = 20, dt_sub = 0.0005
2024-10-21 00:43:20,663 INFO =====> Epoch: 83
2024-10-21 00:43:20,663 INFO =====> EMD Loss: 26.918075561523438
2024-10-21 00:43:20,663 INFO =====> Height map loss: 28.680944442749023
2024-10-21 00:43:20,663 INFO =====> Insertion loss: 0.0
2024-10-21 00:43:20,664 INFO =====> Grad: [ 4.3277896e+02 -6.2076971e+02 -1.7802427e-05 -4.7429779e+02
  2.0140742e-05]
2024-10-21 00:43:20,664 INFO =====> Skill params: [-0.2555285   0.5865574  -0.14059106 -0.24024382 -0.5342318 ]
2024-10-21 00:43:20,664 INFO =====> Num. aborted data so far: 0
2024-10-21 00:43:21,025 INFO ===> New TaichiEnv created.
2024-10-21 00:43:21,025 INFO ===> Specifications: horizon = 600, dt = 0.01, n_substeps = 20, dt_sub = 0.0005
2024-10-21 00:43:44,482 INFO =====> Epoch: 84
2024-10-21 00:43:44,483 INFO =====> EMD Loss: 26.91526222229004
2024-10-21 00:43:44,483 INFO =====> Height map loss: 28.673709869384766
2024-10-21 00:43:44,483 INFO =====> Insertion loss: 0.0
2024-10-21 00:43:44,483 INFO =====> Grad: [ 3.1427151e+03  2.5777944e+03  3.0102045e-04 -1.3337446e+03
  1.7650977e-04]
2024-10-21 00:43:44,483 INFO =====> Skill params: [-0.2556002   0.5851382  -0.14076498 -0.2401643  -0.5359363 ]
2024-10-21 00:43:44,483 INFO =====> Num. aborted data so far: 0
2024-10-21 00:43:44,847 INFO ===> New TaichiEnv created.
2024-10-21 00:43:44,847 INFO ===> Specifications: horizon = 600, dt = 0.01, n_substeps = 20, dt_sub = 0.0005
2024-10-21 00:44:08,516 INFO =====> Epoch: 85
2024-10-21 00:44:08,516 INFO =====> EMD Loss: 26.913652420043945
2024-10-21 00:44:08,516 INFO =====> Height map loss: 28.675363540649414
2024-10-21 00:44:08,516 INFO =====> Insertion loss: 0.0
2024-10-21 00:44:08,517 INFO =====> Grad: [ 9.6891254e+02  6.1517108e+02 -2.8960094e-06 -9.3594214e+02
 -9.8893624e-06]
2024-10-21 00:44:08,517 INFO =====> Skill params: [-0.25562352  0.5847812  -0.14076322 -0.24010547 -0.5358356 ]
2024-10-21 00:44:08,517 INFO =====> Num. aborted data so far: 0
2024-10-21 00:44:08,884 INFO ===> New TaichiEnv created.
2024-10-21 00:44:08,884 INFO ===> Specifications: horizon = 600, dt = 0.01, n_substeps = 20, dt_sub = 0.0005
2024-10-21 00:44:32,468 INFO =====> Epoch: 86
2024-10-21 00:44:32,469 INFO =====> EMD Loss: 27.0242977142334
2024-10-21 00:44:32,469 INFO =====> Height map loss: 28.67242431640625
2024-10-21 00:44:32,469 INFO =====> Insertion loss: 0.0
2024-10-21 00:44:32,469 INFO =====> Grad: [-1.9467488e+03 -1.9769695e+03 -2.6338914e-04  1.2540707e+03
  7.4891133e-05]
2024-10-21 00:44:32,469 INFO =====> Skill params: [-0.25557417  0.5859903  -0.14059412 -0.24018855 -0.53663915]
2024-10-21 00:44:32,469 INFO =====> Num. aborted data so far: 0
2024-10-21 00:44:32,843 INFO ===> New TaichiEnv created.
2024-10-21 00:44:32,843 INFO ===> Specifications: horizon = 600, dt = 0.01, n_substeps = 20, dt_sub = 0.0005
2024-10-21 00:44:56,504 INFO =====> Epoch: 87
2024-10-21 00:44:56,505 INFO =====> EMD Loss: 26.914634704589844
2024-10-21 00:44:56,505 INFO =====> Height map loss: 28.670236587524414
2024-10-21 00:44:56,505 INFO =====> Insertion loss: 0.0
2024-10-21 00:44:56,505 INFO =====> Grad: [ 1.2260239e+03 -1.2405734e+02 -9.0899186e-05 -4.5275702e+02
 -1.6151482e-05]
2024-10-21 00:44:56,505 INFO =====> Skill params: [-0.25560692  0.5860703  -0.14053261 -0.24015693 -0.53645647]
2024-10-21 00:44:56,505 INFO =====> Num. aborted data so far: 0
2024-10-21 00:44:56,883 INFO ===> New TaichiEnv created.
2024-10-21 00:44:56,883 INFO ===> Specifications: horizon = 600, dt = 0.01, n_substeps = 20, dt_sub = 0.0005
2024-10-21 00:45:20,677 INFO =====> Epoch: 88
2024-10-21 00:45:20,678 INFO =====> EMD Loss: 26.914470672607422
2024-10-21 00:45:20,678 INFO =====> Height map loss: 28.672941207885742
2024-10-21 00:45:20,678 INFO =====> Insertion loss: 0.0
2024-10-21 00:45:20,678 INFO =====> Grad: [ 4.8166416e+03  1.9952012e+03 -7.0185226e-05 -2.0654749e+03
 -1.9741528e-05]
2024-10-21 00:45:20,678 INFO =====> Skill params: [-0.2557426   0.5847148  -0.14048254 -0.24000488 -0.53622115]
2024-10-21 00:45:20,678 INFO =====> Num. aborted data so far: 0
2024-10-21 00:45:21,072 INFO ===> New TaichiEnv created.
2024-10-21 00:45:21,072 INFO ===> Specifications: horizon = 600, dt = 0.01, n_substeps = 20, dt_sub = 0.0005
2024-10-21 00:45:45,377 INFO =====> Epoch: 89
2024-10-21 00:45:45,377 INFO =====> EMD Loss: 27.02042007446289
2024-10-21 00:45:45,377 INFO =====> Height map loss: 28.668487548828125
2024-10-21 00:45:45,378 INFO =====> Insertion loss: 0.0
2024-10-21 00:45:45,378 INFO =====> Grad: [-9.5713447e+03  1.0953788e+03 -6.9660461e-04 -3.2874106e+03
  9.4672461e-04]
2024-10-21 00:45:45,378 INFO =====> Skill params: [-0.25545838  0.5839304  -0.13995877 -0.23974979 -0.5479124 ]
2024-10-21 00:45:45,378 INFO =====> Num. aborted data so far: 0
2024-10-21 00:45:45,757 INFO ===> New TaichiEnv created.
2024-10-21 00:45:45,757 INFO ===> Specifications: horizon = 600, dt = 0.01, n_substeps = 20, dt_sub = 0.0005
2024-10-21 00:46:09,355 INFO =====> Epoch: 90
2024-10-21 00:46:09,356 INFO =====> EMD Loss: 27.020523071289062
2024-10-21 00:46:09,356 INFO =====> Height map loss: 28.67217445373535
2024-10-21 00:46:09,356 INFO =====> Insertion loss: 0.0
2024-10-21 00:46:09,356 INFO =====> Grad: [ 1.2342157e+03  1.3644746e+03  3.0753430e-04 -6.1376343e+02
 -1.5832380e-05]
2024-10-21 00:46:09,356 INFO =====> Skill params: [-0.255497    0.5829006  -0.1402025  -0.23969959 -0.5477063 ]
2024-10-21 00:46:09,356 INFO =====> Num. aborted data so far: 0
2024-10-21 00:46:09,740 INFO ===> New TaichiEnv created.
2024-10-21 00:46:09,740 INFO ===> Specifications: horizon = 600, dt = 0.01, n_substeps = 20, dt_sub = 0.0005
2024-10-21 00:46:33,530 INFO =====> Epoch: 91
2024-10-21 00:46:33,530 INFO =====> EMD Loss: 27.0192928314209
2024-10-21 00:46:33,530 INFO =====> Height map loss: 28.66429328918457
2024-10-21 00:46:33,530 INFO =====> Insertion loss: 0.0
2024-10-21 00:46:33,530 INFO =====> Grad: [2.2872223e+02 7.2994293e+02 1.2595719e-05 2.3520761e+01 3.0986909e-04]
2024-10-21 00:46:33,530 INFO =====> Skill params: [-0.25550455  0.5823199  -0.14021303 -0.23970161 -0.5519485 ]
2024-10-21 00:46:33,530 INFO =====> Num. aborted data so far: 0
2024-10-21 00:46:33,912 INFO ===> New TaichiEnv created.
2024-10-21 00:46:33,912 INFO ===> Specifications: horizon = 600, dt = 0.01, n_substeps = 20, dt_sub = 0.0005
2024-10-21 00:46:58,147 INFO =====> Epoch: 92
2024-10-21 00:46:58,147 INFO =====> EMD Loss: 27.0212459564209
2024-10-21 00:46:58,147 INFO =====> Height map loss: 28.666522979736328
2024-10-21 00:46:58,147 INFO =====> Insertion loss: 0.0
2024-10-21 00:46:58,147 INFO =====> Grad: [-1.47062164e+02 -5.12650574e+02  1.52088905e-05  3.91997452e+01
  1.83156328e-04]
2024-10-21 00:46:58,147 INFO =====> Skill params: [-0.25549942  0.5827498  -0.14022642 -0.23970518 -0.5545893 ]
2024-10-21 00:46:58,147 INFO =====> Num. aborted data so far: 0
2024-10-21 00:46:58,535 INFO ===> New TaichiEnv created.
2024-10-21 00:46:58,535 INFO ===> Specifications: horizon = 600, dt = 0.01, n_substeps = 20, dt_sub = 0.0005
2024-10-21 00:47:22,350 INFO =====> Epoch: 93
2024-10-21 00:47:22,350 INFO =====> EMD Loss: 27.018856048583984
2024-10-21 00:47:22,350 INFO =====> Height map loss: 28.66556167602539
2024-10-21 00:47:22,350 INFO =====> Insertion loss: 0.0
2024-10-21 00:47:22,350 INFO =====> Grad: [-5.0731113e+03  3.9827835e+02 -1.1391420e-04 -2.5372256e+03
 -2.2080774e-05]
2024-10-21 00:47:22,350 INFO =====> Skill params: [-0.25531343  0.58239776 -0.14012069 -0.2394621  -0.5542537 ]
2024-10-21 00:47:22,350 INFO =====> Num. aborted data so far: 0
2024-10-21 00:47:22,772 INFO ===> New TaichiEnv created.
2024-10-21 00:47:22,773 INFO ===> Specifications: horizon = 600, dt = 0.01, n_substeps = 20, dt_sub = 0.0005
2024-10-21 00:47:46,541 INFO =====> Epoch: 94
2024-10-21 00:47:46,541 INFO =====> EMD Loss: 27.018314361572266
2024-10-21 00:47:46,541 INFO =====> Height map loss: 28.677059173583984
2024-10-21 00:47:46,541 INFO =====> Insertion loss: 0.0
2024-10-21 00:47:46,541 INFO =====> Grad: [-1.3494015e+03 -5.7277161e+02  7.2312258e-05  8.9034070e+02
  6.4866945e-05]
2024-10-21 00:47:46,541 INFO =====> Skill params: [-0.25526127  0.5829314  -0.14019144 -0.23955202 -0.5552927 ]
2024-10-21 00:47:46,542 INFO =====> Num. aborted data so far: 0
2024-10-21 00:47:46,982 INFO ===> New TaichiEnv created.
2024-10-21 00:47:46,982 INFO ===> Specifications: horizon = 600, dt = 0.01, n_substeps = 20, dt_sub = 0.0005
2024-10-21 00:48:10,966 INFO =====> Epoch: 95
2024-10-21 00:48:10,966 INFO =====> EMD Loss: 27.016983032226562
2024-10-21 00:48:10,966 INFO =====> Height map loss: 28.6732234954834
2024-10-21 00:48:10,966 INFO =====> Insertion loss: 0.0
2024-10-21 00:48:10,967 INFO =====> Grad: [ 2.1386458e+03 -1.7108093e+03  2.0051628e-04  4.2813579e+03
 -2.2764938e-04]
2024-10-21 00:48:10,967 INFO =====> Skill params: [-0.25534838  0.5846109  -0.14039825 -0.24000773 -0.5514561 ]
2024-10-21 00:48:10,967 INFO =====> Num. aborted data so far: 0
2024-10-21 00:48:11,354 INFO ===> New TaichiEnv created.
2024-10-21 00:48:11,354 INFO ===> Specifications: horizon = 600, dt = 0.01, n_substeps = 20, dt_sub = 0.0005
2024-10-21 00:48:35,405 INFO =====> Epoch: 96
2024-10-21 00:48:35,405 INFO =====> EMD Loss: 27.022031784057617
2024-10-21 00:48:35,405 INFO =====> Height map loss: 28.668968200683594
2024-10-21 00:48:35,405 INFO =====> Insertion loss: 0.0
2024-10-21 00:48:35,405 INFO =====> Grad: [ 2.8393074e+03 -6.0872455e+02 -2.1571724e-04  3.6533445e+03
  2.2419077e-05]
2024-10-21 00:48:35,405 INFO =====> Skill params: [-0.2554703   0.5852408  -0.14016373 -0.24041761 -0.5518544 ]
2024-10-21 00:48:35,405 INFO =====> Num. aborted data so far: 0
2024-10-21 00:48:35,940 INFO ===> New TaichiEnv created.
2024-10-21 00:48:35,941 INFO ===> Specifications: horizon = 600, dt = 0.01, n_substeps = 20, dt_sub = 0.0005
2024-10-21 00:49:00,173 INFO =====> Epoch: 97
2024-10-21 00:49:00,173 INFO =====> EMD Loss: 26.91457176208496
2024-10-21 00:49:00,173 INFO =====> Height map loss: 28.67784881591797
2024-10-21 00:49:00,173 INFO =====> Insertion loss: 0.0
2024-10-21 00:49:00,173 INFO =====> Grad: [-1.00784485e+03 -5.48975983e+01  2.42437272e-05 -6.67888428e+02
  8.83397934e-06]
2024-10-21 00:49:00,173 INFO =====> Skill params: [-0.25542468  0.5853007  -0.14019151 -0.24033862 -0.5520198 ]
2024-10-21 00:49:00,173 INFO =====> Num. aborted data so far: 0
2024-10-21 00:49:00,542 INFO ===> New TaichiEnv created.
2024-10-21 00:49:00,542 INFO ===> Specifications: horizon = 600, dt = 0.01, n_substeps = 20, dt_sub = 0.0005
2024-10-21 00:49:24,369 INFO =====> Epoch: 98
2024-10-21 00:49:24,369 INFO =====> EMD Loss: 26.91630744934082
2024-10-21 00:49:24,369 INFO =====> Height map loss: 28.67525863647461
2024-10-21 00:49:24,369 INFO =====> Insertion loss: 0.0
2024-10-21 00:49:24,369 INFO =====> Grad: [-3.8375958e+02  4.5865692e+01  5.8219593e-06  3.9610489e+02
  4.1044164e-05]
2024-10-21 00:49:24,369 INFO =====> Skill params: [-0.25540638  0.58524793 -0.14019854 -0.240388   -0.55282986]
2024-10-21 00:49:24,369 INFO =====> Num. aborted data so far: 0
2024-10-21 00:49:24,740 INFO ===> New TaichiEnv created.
2024-10-21 00:49:24,740 INFO ===> Specifications: horizon = 600, dt = 0.01, n_substeps = 20, dt_sub = 0.0005
2024-10-21 00:49:48,637 INFO =====> Epoch: 99
2024-10-21 00:49:48,637 INFO =====> EMD Loss: 26.914722442626953
2024-10-21 00:49:48,637 INFO =====> Height map loss: 28.6737003326416
2024-10-21 00:49:48,637 INFO =====> Insertion loss: 0.0
2024-10-21 00:49:48,637 INFO =====> Grad: [ 1.0992581e+03  6.7595312e+02  7.3452156e-07 -4.6125229e+02
 -4.9499860e-05]
2024-10-21 00:49:48,637 INFO =====> Skill params: [-0.25546166  0.5844288  -0.14019948 -0.24032739 -0.5518002 ]
2024-10-21 00:49:48,637 INFO =====> Num. aborted data so far: 0
2024-10-21 00:49:48,999 INFO ===> New TaichiEnv created.
2024-10-21 00:49:48,999 INFO ===> Specifications: horizon = 600, dt = 0.01, n_substeps = 20, dt_sub = 0.0005
2024-10-21 00:50:12,722 INFO =====> Epoch: 100
2024-10-21 00:50:12,722 INFO =====> EMD Loss: 27.022592544555664
2024-10-21 00:50:12,722 INFO =====> Height map loss: 28.669963836669922
2024-10-21 00:50:12,722 INFO =====> Insertion loss: 0.0
2024-10-21 00:50:12,723 INFO =====> Grad: [-3.5150906e+02  7.8186316e+02 -2.0921871e-04  9.4627155e+02
  1.3674148e-04]
2024-10-21 00:50:12,723 INFO =====> Skill params: [-0.25544304  0.5834302  -0.13991867 -0.24045846 -0.5547951 ]
2024-10-21 00:50:12,723 INFO =====> Num. aborted data so far: 0
2024-10-21 00:50:13,090 INFO ===> New TaichiEnv created.
2024-10-21 00:50:13,090 INFO ===> Specifications: horizon = 600, dt = 0.01, n_substeps = 20, dt_sub = 0.0005
2024-10-21 00:50:36,801 INFO =====> Epoch: 101
2024-10-21 00:50:36,801 INFO =====> EMD Loss: 27.018993377685547
2024-10-21 00:50:36,801 INFO =====> Height map loss: 28.669923782348633
2024-10-21 00:50:36,801 INFO =====> Insertion loss: 0.0
2024-10-21 00:50:36,801 INFO =====> Grad: [ 4.6153024e+02  7.4051331e+02 -2.4271038e-05 -2.5119228e+02
 -1.3822380e-04]
2024-10-21 00:50:36,801 INFO =====> Skill params: [-0.25546882  0.58243334 -0.13988434 -0.24042179 -0.55160797]
2024-10-21 00:50:36,801 INFO =====> Num. aborted data so far: 0
2024-10-21 00:50:37,176 INFO ===> New TaichiEnv created.
2024-10-21 00:50:37,176 INFO ===> Specifications: horizon = 600, dt = 0.01, n_substeps = 20, dt_sub = 0.0005
2024-10-21 00:51:01,071 INFO =====> Epoch: 102
2024-10-21 00:51:01,071 INFO =====> EMD Loss: 27.017093658447266
2024-10-21 00:51:01,071 INFO =====> Height map loss: 28.6658935546875
2024-10-21 00:51:01,071 INFO =====> Insertion loss: 0.0
2024-10-21 00:51:01,071 INFO =====> Grad: [ 2.9405045e+02 -6.8504962e+02  1.0397471e-04  1.3126222e+03
 -2.4448350e-04]
2024-10-21 00:51:01,071 INFO =====> Skill params: [-0.25548613  0.58340526 -0.1400394  -0.2406238  -0.5456919 ]
2024-10-21 00:51:01,071 INFO =====> Num. aborted data so far: 0
2024-10-21 00:51:01,431 INFO ===> New TaichiEnv created.
2024-10-21 00:51:01,431 INFO ===> Specifications: horizon = 600, dt = 0.01, n_substeps = 20, dt_sub = 0.0005
2024-10-21 00:51:25,204 INFO =====> Epoch: 103
2024-10-21 00:51:25,204 INFO =====> EMD Loss: 27.01904296875
2024-10-21 00:51:25,205 INFO =====> Height map loss: 28.669511795043945
2024-10-21 00:51:25,205 INFO =====> Insertion loss: 0.0
2024-10-21 00:51:25,206 INFO =====> Grad: [ 1.17643835e+03 -1.14031018e+03 -2.68174481e-05  1.71877429e+03
  1.04166626e-04]
2024-10-21 00:51:25,206 INFO =====> Skill params: [-0.25555918  0.58510995 -0.13999724 -0.24090263 -0.5483466 ]
2024-10-21 00:51:25,206 INFO =====> Num. aborted data so far: 0
2024-10-21 00:51:25,629 INFO ===> New TaichiEnv created.
2024-10-21 00:51:25,629 INFO ===> Specifications: horizon = 600, dt = 0.01, n_substeps = 20, dt_sub = 0.0005
2024-10-21 00:51:49,669 INFO =====> Epoch: 104
2024-10-21 00:51:49,669 INFO =====> EMD Loss: 26.92227554321289
2024-10-21 00:51:49,669 INFO =====> Height map loss: 28.67551612854004
2024-10-21 00:51:49,669 INFO =====> Insertion loss: 0.0
2024-10-21 00:51:49,670 INFO =====> Grad: [ 1.2882455e+03  4.7406027e+02 -1.1374281e-04  1.7124114e+03
 -4.9736012e-05]
2024-10-21 00:51:49,670 INFO =====> Skill params: [-0.2556435   0.584363   -0.13980877 -0.24119546 -0.54701084]
2024-10-21 00:51:49,670 INFO =====> Num. aborted data so far: 0
2024-10-21 00:51:50,026 INFO ===> New TaichiEnv created.
2024-10-21 00:51:50,026 INFO ===> Specifications: horizon = 600, dt = 0.01, n_substeps = 20, dt_sub = 0.0005
2024-10-21 00:52:13,906 INFO =====> Epoch: 105
2024-10-21 00:52:13,906 INFO =====> EMD Loss: 27.020084381103516
2024-10-21 00:52:13,906 INFO =====> Height map loss: 28.667837142944336
2024-10-21 00:52:13,906 INFO =====> Insertion loss: 0.0
2024-10-21 00:52:13,906 INFO =====> Grad: [ 2.3142115e+04 -4.9952314e+03  3.7038932e-04  1.3265231e+04
 -1.1873139e-03]
2024-10-21 00:52:13,906 INFO =====> Skill params: [-0.2572394   0.5925893  -0.14045566 -0.24358478 -0.51732963]
2024-10-21 00:52:13,906 INFO =====> Num. aborted data so far: 0
2024-10-21 00:52:14,263 INFO ===> New TaichiEnv created.
2024-10-21 00:52:14,263 INFO ===> Specifications: horizon = 600, dt = 0.01, n_substeps = 20, dt_sub = 0.0005
2024-10-21 00:52:38,502 INFO =====> Epoch: 106
2024-10-21 00:52:38,502 INFO =====> EMD Loss: 26.927547454833984
2024-10-21 00:52:38,502 INFO =====> Height map loss: 28.68731117248535
2024-10-21 00:52:38,502 INFO =====> Insertion loss: 0.0
2024-10-21 00:52:38,502 INFO =====> Grad: [ 2.4114191e+04  1.3096938e+04 -1.8329977e-04 -1.3616351e+04
 -1.8434094e-04]
2024-10-21 00:52:38,502 INFO =====> Skill params: [-0.25899163  0.5711944  -0.14011821 -0.2410017  -0.51248634]
2024-10-21 00:52:38,502 INFO =====> Num. aborted data so far: 0
2024-10-21 00:52:38,857 INFO ===> New TaichiEnv created.
2024-10-21 00:52:38,857 INFO ===> Specifications: horizon = 600, dt = 0.01, n_substeps = 20, dt_sub = 0.0005
2024-10-21 00:53:02,577 INFO =====> Epoch: 107
2024-10-21 00:53:02,577 INFO =====> EMD Loss: 26.957752227783203
2024-10-21 00:53:02,577 INFO =====> Height map loss: 28.66457748413086
2024-10-21 00:53:02,577 INFO =====> Insertion loss: 0.0
2024-10-21 00:53:02,577 INFO =====> Grad: [-1.4920156e+03  7.1534344e+02 -2.4905821e-05 -9.8314642e+02
 -4.9866847e-04]
2024-10-21 00:53:02,577 INFO =====> Skill params: [-0.25887734  0.56996286 -0.14006989 -0.2408051  -0.4989938 ]
2024-10-21 00:53:02,577 INFO =====> Num. aborted data so far: 0
2024-10-21 00:53:02,927 INFO ===> New TaichiEnv created.
2024-10-21 00:53:02,927 INFO ===> Specifications: horizon = 600, dt = 0.01, n_substeps = 20, dt_sub = 0.0005
2024-10-21 00:53:26,866 INFO =====> Epoch: 108
2024-10-21 00:53:26,866 INFO =====> EMD Loss: 27.066316604614258
2024-10-21 00:53:26,866 INFO =====> Height map loss: 28.647417068481445
2024-10-21 00:53:26,866 INFO =====> Insertion loss: 0.0
2024-10-21 00:53:26,867 INFO =====> Grad: [-3.9223788e+02 -1.6282546e+03 -4.0555594e-04  2.9960967e+03
  9.1684924e-05]
2024-10-21 00:53:26,867 INFO =====> Skill params: [-0.25884566  0.5729145  -0.13924038 -0.2414366  -0.5016065 ]
2024-10-21 00:53:26,867 INFO =====> Num. aborted data so far: 0
2024-10-21 00:53:27,226 INFO ===> New TaichiEnv created.
2024-10-21 00:53:27,227 INFO ===> Specifications: horizon = 600, dt = 0.01, n_substeps = 20, dt_sub = 0.0005
2024-10-21 00:53:51,303 INFO =====> Epoch: 109
2024-10-21 00:53:51,303 INFO =====> EMD Loss: 26.959257125854492
2024-10-21 00:53:51,303 INFO =====> Height map loss: 28.664857864379883
2024-10-21 00:53:51,303 INFO =====> Insertion loss: 0.0
2024-10-21 00:53:51,303 INFO =====> Grad: [ 1.4076228e+03 -4.9013168e+02  5.2906380e-05  1.9467910e+03
  1.2008743e-04]
2024-10-21 00:53:51,303 INFO =====> Skill params: [-0.25896546  0.5738509  -0.13935445 -0.2418691  -0.50520784]
2024-10-21 00:53:51,303 INFO =====> Num. aborted data so far: 0
2024-10-21 00:53:51,663 INFO ===> New TaichiEnv created.
2024-10-21 00:53:51,663 INFO ===> Specifications: horizon = 600, dt = 0.01, n_substeps = 20, dt_sub = 0.0005
2024-10-21 00:54:16,312 INFO =====> Epoch: 110
2024-10-21 00:54:16,313 INFO =====> EMD Loss: 26.96040153503418
2024-10-21 00:54:16,313 INFO =====> Height map loss: 28.658864974975586
2024-10-21 00:54:16,313 INFO =====> Insertion loss: 0.0
2024-10-21 00:54:16,313 INFO =====> Grad: [-1.5296351e+03  1.4147345e+02  1.6614464e-04 -1.6569307e+03
 -5.7919649e-05]
2024-10-21 00:54:16,313 INFO =====> Skill params: [-0.25882825  0.573566   -0.13973203 -0.24148108 -0.5033777 ]
2024-10-21 00:54:16,313 INFO =====> Num. aborted data so far: 0
2024-10-21 00:54:16,676 INFO ===> New TaichiEnv created.
2024-10-21 00:54:16,676 INFO ===> Specifications: horizon = 600, dt = 0.01, n_substeps = 20, dt_sub = 0.0005
2024-10-21 00:54:40,758 INFO =====> Epoch: 111
2024-10-21 00:54:40,759 INFO =====> EMD Loss: 26.95951271057129
2024-10-21 00:54:40,759 INFO =====> Height map loss: 28.66036605834961
2024-10-21 00:54:40,759 INFO =====> Insertion loss: 0.0
2024-10-21 00:54:40,759 INFO =====> Grad: [ 7.6943738e+02 -1.8872180e+03 -2.8651563e-04  1.8121006e+03
  1.2559157e-03]
2024-10-21 00:54:40,759 INFO =====> Skill params: [-0.258901    0.57756436 -0.13904573 -0.24192838 -0.5382675 ]
2024-10-21 00:54:40,759 INFO =====> Num. aborted data so far: 0
2024-10-21 00:54:41,120 INFO ===> New TaichiEnv created.
2024-10-21 00:54:41,120 INFO ===> Specifications: horizon = 600, dt = 0.01, n_substeps = 20, dt_sub = 0.0005
2024-10-21 00:55:05,160 INFO =====> Epoch: 112
2024-10-21 00:55:05,160 INFO =====> EMD Loss: 27.007253646850586
2024-10-21 00:55:05,160 INFO =====> Height map loss: 28.669166564941406
2024-10-21 00:55:05,160 INFO =====> Insertion loss: 0.0
2024-10-21 00:55:05,160 INFO =====> Grad: [-3.7894819e+03 -2.0604590e+03  3.8977218e-04  4.6227129e+03
  2.3591687e-05]
2024-10-21 00:55:05,160 INFO =====> Skill params: [-0.2585233   0.58215374 -0.14002976 -0.24313097 -0.5389583 ]
2024-10-21 00:55:05,160 INFO =====> Num. aborted data so far: 0
2024-10-21 00:55:05,527 INFO ===> New TaichiEnv created.
2024-10-21 00:55:05,527 INFO ===> Specifications: horizon = 600, dt = 0.01, n_substeps = 20, dt_sub = 0.0005
2024-10-21 00:55:29,636 INFO =====> Epoch: 113
2024-10-21 00:55:29,636 INFO =====> EMD Loss: 27.01333999633789
2024-10-21 00:55:29,636 INFO =====> Height map loss: 28.66100311279297
2024-10-21 00:55:29,636 INFO =====> Insertion loss: 0.0
2024-10-21 00:55:29,636 INFO =====> Grad: [ 1.1052438e+03  2.4171924e+03  4.5939873e-04 -1.8392994e+03
 -3.4206285e-05]
2024-10-21 00:55:29,636 INFO =====> Skill params: [-0.2586394   0.57650125 -0.14125207 -0.2426266  -0.53790265]
2024-10-21 00:55:29,636 INFO =====> Num. aborted data so far: 0
2024-10-21 00:55:30,003 INFO ===> New TaichiEnv created.
2024-10-21 00:55:30,003 INFO ===> Specifications: horizon = 600, dt = 0.01, n_substeps = 20, dt_sub = 0.0005
2024-10-21 00:55:54,550 INFO =====> Epoch: 114
2024-10-21 00:55:54,550 INFO =====> EMD Loss: 26.972000122070312
2024-10-21 00:55:54,550 INFO =====> Height map loss: 28.65581512451172
2024-10-21 00:55:54,550 INFO =====> Insertion loss: 0.0
2024-10-21 00:55:54,550 INFO =====> Grad: [ 4.7079010e+02  8.0532990e+02  1.4101912e-04 -2.7838035e+03
  2.4687918e-04]
2024-10-21 00:55:54,550 INFO =====> Skill params: [-0.25869152  0.57451713 -0.14164756 -0.24182203 -0.5458697 ]
2024-10-21 00:55:54,550 INFO =====> Num. aborted data so far: 0
2024-10-21 00:55:54,918 INFO ===> New TaichiEnv created.
2024-10-21 00:55:54,918 INFO ===> Specifications: horizon = 600, dt = 0.01, n_substeps = 20, dt_sub = 0.0005
2024-10-21 00:56:18,634 INFO =====> Epoch: 115
2024-10-21 00:56:18,634 INFO =====> EMD Loss: 26.96082305908203
2024-10-21 00:56:18,634 INFO =====> Height map loss: 28.658557891845703
2024-10-21 00:56:18,634 INFO =====> Insertion loss: 0.0
2024-10-21 00:56:18,634 INFO =====> Grad: [ 1.5259786e+03 -5.9459343e+00 -1.0412025e-04 -1.6147890e+02
  8.0890639e-04]
2024-10-21 00:56:18,634 INFO =====> Skill params: [-0.25886965  0.57453257 -0.14133976 -0.24177285 -0.5711014 ]
2024-10-21 00:56:18,634 INFO =====> Num. aborted data so far: 0
2024-10-21 00:56:18,996 INFO ===> New TaichiEnv created.
2024-10-21 00:56:18,996 INFO ===> Specifications: horizon = 600, dt = 0.01, n_substeps = 20, dt_sub = 0.0005
2024-10-21 00:56:42,799 INFO =====> Epoch: 116
2024-10-21 00:56:42,800 INFO =====> EMD Loss: 26.96329689025879
2024-10-21 00:56:42,800 INFO =====> Height map loss: 28.658954620361328
2024-10-21 00:56:42,800 INFO =====> Insertion loss: 0.0
2024-10-21 00:56:42,800 INFO =====> Grad: [ 6.0009399e+03 -1.3648585e+03 -2.8168861e-04  4.4381631e+03
  1.0272752e-03]
2024-10-21 00:56:42,800 INFO =====> Skill params: [-0.25960803  0.5782623  -0.14046207 -0.24319772 -0.60089517]
2024-10-21 00:56:42,800 INFO =====> Num. aborted data so far: 0
2024-10-21 00:56:43,168 INFO ===> New TaichiEnv created.
2024-10-21 00:56:43,168 INFO ===> Specifications: horizon = 600, dt = 0.01, n_substeps = 20, dt_sub = 0.0005
2024-10-21 00:57:06,599 INFO =====> Epoch: 117
2024-10-21 00:57:06,599 INFO =====> EMD Loss: 26.99673080444336
2024-10-21 00:57:06,599 INFO =====> Height map loss: 28.66254997253418
2024-10-21 00:57:06,599 INFO =====> Insertion loss: 0.0
2024-10-21 00:57:06,599 INFO =====> Grad: [-8.3156543e+03 -2.6823625e+03  2.6296213e-05  4.5626694e+03
 -4.4922235e-05]
2024-10-21 00:57:06,599 INFO =====> Skill params: [-0.25852966  0.5859319  -0.14054844 -0.24474135 -0.5995222 ]
2024-10-21 00:57:06,599 INFO =====> Num. aborted data so far: 0
2024-10-21 00:57:06,976 INFO ===> New TaichiEnv created.
2024-10-21 00:57:06,976 INFO ===> Specifications: horizon = 600, dt = 0.01, n_substeps = 20, dt_sub = 0.0005
2024-10-21 00:57:30,511 INFO =====> Epoch: 118
2024-10-21 00:57:30,511 INFO =====> EMD Loss: 26.916278839111328
2024-10-21 00:57:30,511 INFO =====> Height map loss: 28.676559448242188
2024-10-21 00:57:30,511 INFO =====> Insertion loss: 0.0
2024-10-21 00:57:30,511 INFO =====> Grad: [ 3.66337677e+02 -1.35917358e+02 -4.29287829e-05 -1.97029602e+03
  1.02348036e-04]
2024-10-21 00:57:30,511 INFO =====> Skill params: [-0.25857973  0.58634156 -0.14039981 -0.24403875 -0.6028151 ]
2024-10-21 00:57:30,511 INFO =====> Num. aborted data so far: 0
2024-10-21 00:57:30,886 INFO ===> New TaichiEnv created.
2024-10-21 00:57:30,886 INFO ===> Specifications: horizon = 600, dt = 0.01, n_substeps = 20, dt_sub = 0.0005
2024-10-21 00:57:54,523 INFO =====> Epoch: 119
2024-10-21 00:57:54,523 INFO =====> EMD Loss: 26.917879104614258
2024-10-21 00:57:54,523 INFO =====> Height map loss: 28.674991607666016
2024-10-21 00:57:54,523 INFO =====> Insertion loss: 0.0
2024-10-21 00:57:54,524 INFO =====> Grad: [-2.8681931e+02 -6.7924731e+02 -1.4752333e-04  7.0975250e+02
  9.2233910e-05]
2024-10-21 00:57:54,524 INFO =====> Skill params: [-0.2585384   0.5884982  -0.13986148 -0.24430552 -0.6059393 ]
2024-10-21 00:57:54,524 INFO =====> Num. aborted data so far: 0
2024-10-21 00:57:54,891 INFO ===> New TaichiEnv created.
2024-10-21 00:57:54,891 INFO ===> Specifications: horizon = 600, dt = 0.01, n_substeps = 20, dt_sub = 0.0005
2024-10-21 00:58:18,717 INFO =====> Epoch: 120
2024-10-21 00:58:18,717 INFO =====> EMD Loss: 26.91156005859375
2024-10-21 00:58:18,717 INFO =====> Height map loss: 28.67523193359375
2024-10-21 00:58:18,717 INFO =====> Insertion loss: 0.0
2024-10-21 00:58:18,717 INFO =====> Grad: [-1.9475463e+03 -1.4779170e+02  4.6639998e-05 -2.4514395e+02
  7.4094889e-05]
2024-10-21 00:58:18,717 INFO =====> Skill params: [-0.2582426   0.5889928  -0.14004089 -0.2442084  -0.60858256]
2024-10-21 00:58:18,717 INFO =====> Num. aborted data so far: 0
2024-10-21 00:58:19,096 INFO ===> New TaichiEnv created.
2024-10-21 00:58:19,096 INFO ===> Specifications: horizon = 600, dt = 0.01, n_substeps = 20, dt_sub = 0.0005
2024-10-21 00:58:42,719 INFO =====> Epoch: 121
2024-10-21 00:58:42,719 INFO =====> EMD Loss: 26.91536521911621
2024-10-21 00:58:42,719 INFO =====> Height map loss: 28.674602508544922
2024-10-21 00:58:42,719 INFO =====> Insertion loss: 0.0
2024-10-21 00:58:42,719 INFO =====> Grad: [-1.5942772e+04  5.8244058e+03  1.5209013e-03 -1.0825421e+04
  3.1703711e-04]
2024-10-21 00:58:42,719 INFO =====> Skill params: [-0.25569227  0.5694513  -0.14617845 -0.23969871 -0.62029797]
2024-10-21 00:58:42,719 INFO =====> Num. aborted data so far: 0
2024-10-21 00:58:43,103 INFO ===> New TaichiEnv created.
2024-10-21 00:58:43,104 INFO ===> Specifications: horizon = 600, dt = 0.01, n_substeps = 20, dt_sub = 0.0005
2024-10-21 00:59:06,258 INFO =====> Epoch: 122
2024-10-21 00:59:06,258 INFO =====> EMD Loss: 27.102060317993164
2024-10-21 00:59:06,258 INFO =====> Height map loss: 28.62105369567871
2024-10-21 00:59:06,258 INFO =====> Insertion loss: 0.0
2024-10-21 00:59:06,258 INFO =====> Grad: [ 3.3703555e+02  6.0199512e+02 -2.1545638e-05 -4.8127234e+02
  3.3578439e-05]
2024-10-21 00:59:06,258 INFO =====> Skill params: [-0.2557491   0.56732345 -0.1460868  -0.23948738 -0.62160563]
2024-10-21 00:59:06,258 INFO =====> Num. aborted data so far: 0
2024-10-21 00:59:06,697 INFO ===> New TaichiEnv created.
2024-10-21 00:59:06,697 INFO ===> Specifications: horizon = 600, dt = 0.01, n_substeps = 20, dt_sub = 0.0005
2024-10-21 00:59:29,978 INFO =====> Epoch: 123
2024-10-21 00:59:29,978 INFO =====> EMD Loss: 27.096284866333008
2024-10-21 00:59:29,978 INFO =====> Height map loss: 28.61900520324707
2024-10-21 00:59:29,978 INFO =====> Insertion loss: 0.0
2024-10-21 00:59:29,978 INFO =====> Grad: [-9.9210559e+02 -5.9067767e+02 -2.0135521e-05 -1.1435487e+03
 -4.2967946e-05]
2024-10-21 00:59:29,978 INFO =====> Skill params: [-0.25557277  0.56952286 -0.14599651 -0.23895809 -0.61984247]
2024-10-21 00:59:29,978 INFO =====> Num. aborted data so far: 0
2024-10-21 00:59:30,367 INFO ===> New TaichiEnv created.
2024-10-21 00:59:30,367 INFO ===> Specifications: horizon = 600, dt = 0.01, n_substeps = 20, dt_sub = 0.0005
2024-10-21 00:59:53,837 INFO =====> Epoch: 124
2024-10-21 00:59:53,837 INFO =====> EMD Loss: 27.09699821472168
2024-10-21 00:59:53,837 INFO =====> Height map loss: 28.620357513427734
2024-10-21 00:59:53,838 INFO =====> Insertion loss: 0.0
2024-10-21 00:59:53,838 INFO =====> Grad: [ 2.4618953e+03 -1.9627812e+02 -8.0753352e-06 -3.2497775e+02
  2.0889558e-05]
2024-10-21 00:59:53,838 INFO =====> Skill params: [-0.25603402  0.5702932  -0.14595835 -0.23879954 -0.6207459 ]
2024-10-21 00:59:53,838 INFO =====> Num. aborted data so far: 0
2024-10-21 00:59:54,289 INFO ===> New TaichiEnv created.
2024-10-21 00:59:54,289 INFO ===> Specifications: horizon = 600, dt = 0.01, n_substeps = 20, dt_sub = 0.0005
2024-10-21 01:00:17,815 INFO =====> Epoch: 125
2024-10-21 01:00:17,815 INFO =====> EMD Loss: 26.961483001708984
2024-10-21 01:00:17,815 INFO =====> Height map loss: 28.66258430480957
2024-10-21 01:00:17,815 INFO =====> Insertion loss: 0.0
2024-10-21 01:00:17,815 INFO =====> Grad: [ 7.51115088e+03 -7.29148245e+00 -1.70743035e-04  1.17153206e+02
 -2.88720534e-04]
2024-10-21 01:00:17,815 INFO =====> Skill params: [-0.25751695  0.57032335 -0.14510778 -0.23885979 -0.60785973]
2024-10-21 01:00:17,815 INFO =====> Num. aborted data so far: 0
2024-10-21 01:00:18,271 INFO ===> New TaichiEnv created.
2024-10-21 01:00:18,271 INFO ===> Specifications: horizon = 600, dt = 0.01, n_substeps = 20, dt_sub = 0.0005
2024-10-21 01:00:41,881 INFO =====> Epoch: 126
2024-10-21 01:00:41,882 INFO =====> EMD Loss: 26.96921157836914
2024-10-21 01:00:41,882 INFO =====> Height map loss: 28.673982620239258
2024-10-21 01:00:41,882 INFO =====> Insertion loss: 0.0
2024-10-21 01:00:41,882 INFO =====> Grad: [-2.9610356e+03 -1.1536704e+03 -3.7741615e-04 -7.7652649e+01
  5.1043008e-04]
2024-10-21 01:00:41,882 INFO =====> Skill params: [-0.25690076  0.57533836 -0.1431269  -0.23881769 -0.6303097 ]
2024-10-21 01:00:41,882 INFO =====> Num. aborted data so far: 0
2024-10-21 01:00:42,248 INFO ===> New TaichiEnv created.
2024-10-21 01:00:42,248 INFO ===> Specifications: horizon = 600, dt = 0.01, n_substeps = 20, dt_sub = 0.0005
2024-10-21 01:01:05,799 INFO =====> Epoch: 127
2024-10-21 01:01:05,799 INFO =====> EMD Loss: 26.96113395690918
2024-10-21 01:01:05,799 INFO =====> Height map loss: 28.657695770263672
2024-10-21 01:01:05,799 INFO =====> Insertion loss: 0.0
2024-10-21 01:01:05,799 INFO =====> Grad: [-1.1159813e+04 -2.1043086e+03 -3.1815065e-04  9.9727307e+02
  9.0251846e-04]
2024-10-21 01:01:05,799 INFO =====> Skill params: [-0.2544546   0.58487046 -0.14136745 -0.23938753 -0.665206  ]
2024-10-21 01:01:05,799 INFO =====> Num. aborted data so far: 0
2024-10-21 01:01:06,174 INFO ===> New TaichiEnv created.
2024-10-21 01:01:06,174 INFO ===> Specifications: horizon = 600, dt = 0.01, n_substeps = 20, dt_sub = 0.0005
2024-10-21 01:01:29,920 INFO =====> Epoch: 128
2024-10-21 01:01:29,920 INFO =====> EMD Loss: 27.025514602661133
2024-10-21 01:01:29,920 INFO =====> Height map loss: 28.674936294555664
2024-10-21 01:01:29,920 INFO =====> Insertion loss: 0.0
2024-10-21 01:01:29,920 INFO =====> Grad: [ 6.6330426e+02  1.5918405e+02 -1.9875690e-05  1.0457666e+02
  3.9248687e-05]
2024-10-21 01:01:29,920 INFO =====> Skill params: [-0.25460786  0.58411044 -0.1412516  -0.23945051 -0.66680515]
2024-10-21 01:01:29,920 INFO =====> Num. aborted data so far: 0
2024-10-21 01:01:30,290 INFO ===> New TaichiEnv created.
2024-10-21 01:01:30,290 INFO ===> Specifications: horizon = 600, dt = 0.01, n_substeps = 20, dt_sub = 0.0005
2024-10-21 01:01:53,516 INFO =====> Epoch: 129
2024-10-21 01:01:53,516 INFO =====> EMD Loss: 27.02122688293457
2024-10-21 01:01:53,516 INFO =====> Height map loss: 28.67060089111328
2024-10-21 01:01:53,516 INFO =====> Insertion loss: 0.0
2024-10-21 01:01:53,516 INFO =====> Grad: [ 2.5764700e+03  1.5701639e+03 -1.3911189e-04 -2.7570584e+02
  3.5385241e-05]
2024-10-21 01:01:53,516 INFO =====> Skill params: [-0.2552353   0.5762692  -0.14039686 -0.23927547 -0.6683244 ]
2024-10-21 01:01:53,516 INFO =====> Num. aborted data so far: 0
2024-10-21 01:01:53,880 INFO ===> New TaichiEnv created.
2024-10-21 01:01:53,880 INFO ===> Specifications: horizon = 600, dt = 0.01, n_substeps = 20, dt_sub = 0.0005
2024-10-21 01:02:17,114 INFO =====> Epoch: 130
2024-10-21 01:02:17,114 INFO =====> EMD Loss: 26.971811294555664
2024-10-21 01:02:17,114 INFO =====> Height map loss: 28.65690803527832
2024-10-21 01:02:17,114 INFO =====> Insertion loss: 0.0
2024-10-21 01:02:17,114 INFO =====> Grad: [-1.9822980e+04 -1.4371642e+03  5.3402240e-05 -7.0887836e+02
 -1.0934101e-03]
2024-10-21 01:02:17,115 INFO =====> Skill params: [-0.250163    0.58378094 -0.14074272 -0.23880109 -0.6293512 ]
2024-10-21 01:02:17,115 INFO =====> Num. aborted data so far: 0
2024-10-21 01:02:17,480 INFO ===> New TaichiEnv created.
2024-10-21 01:02:17,480 INFO ===> Specifications: horizon = 600, dt = 0.01, n_substeps = 20, dt_sub = 0.0005
2024-10-21 01:02:41,152 INFO =====> Epoch: 131
2024-10-21 01:02:41,152 INFO =====> EMD Loss: 27.009559631347656
2024-10-21 01:02:41,152 INFO =====> Height map loss: 28.697629928588867
2024-10-21 01:02:41,152 INFO =====> Insertion loss: 0.0
2024-10-21 01:02:41,153 INFO =====> Grad: [ 1.2198757e+02  1.9921295e+02 -6.9383328e-05 -7.6643335e+02
  5.2061223e-05]
2024-10-21 01:02:41,153 INFO =====> Skill params: [-0.2501959   0.58268356 -0.14026907 -0.23826046 -0.6313063 ]
2024-10-21 01:02:41,153 INFO =====> Num. aborted data so far: 0
2024-10-21 01:02:41,515 INFO ===> New TaichiEnv created.
2024-10-21 01:02:41,515 INFO ===> Specifications: horizon = 600, dt = 0.01, n_substeps = 20, dt_sub = 0.0005
2024-10-21 01:03:05,242 INFO =====> Epoch: 132
2024-10-21 01:03:05,242 INFO =====> EMD Loss: 27.0278377532959
2024-10-21 01:03:05,242 INFO =====> Height map loss: 28.677387237548828
2024-10-21 01:03:05,242 INFO =====> Insertion loss: 0.0
2024-10-21 01:03:05,242 INFO =====> Grad: [-2.8866840e+02 -1.5461565e+02  3.1537261e-06  4.0300058e+02
 -4.1768719e-05]
2024-10-21 01:03:05,242 INFO =====> Skill params: [-0.25011382  0.58358127 -0.14029177 -0.23856011 -0.62965345]
2024-10-21 01:03:05,242 INFO =====> Num. aborted data so far: 0
2024-10-21 01:03:05,615 INFO ===> New TaichiEnv created.
2024-10-21 01:03:05,615 INFO ===> Specifications: horizon = 600, dt = 0.01, n_substeps = 20, dt_sub = 0.0005
2024-10-21 01:03:29,824 INFO =====> Epoch: 133
2024-10-21 01:03:29,825 INFO =====> EMD Loss: 27.011180877685547
2024-10-21 01:03:29,825 INFO =====> Height map loss: 28.696533203125
2024-10-21 01:03:29,825 INFO =====> Insertion loss: 0.0
2024-10-21 01:03:29,825 INFO =====> Grad: [4.0916339e+02 5.1595245e+02 8.8591150e-05 8.7140854e+01 8.8138477e-06]
2024-10-21 01:03:29,825 INFO =====> Skill params: [-0.25023645  0.58042747 -0.14096369 -0.2386284  -0.6300211 ]
2024-10-21 01:03:29,825 INFO =====> Num. aborted data so far: 0
2024-10-21 01:03:30,220 INFO ===> New TaichiEnv created.
2024-10-21 01:03:30,220 INFO ===> Specifications: horizon = 600, dt = 0.01, n_substeps = 20, dt_sub = 0.0005
2024-10-21 01:03:53,996 INFO =====> Epoch: 134
2024-10-21 01:03:53,996 INFO =====> EMD Loss: 27.022228240966797
2024-10-21 01:03:53,996 INFO =====> Height map loss: 28.683820724487305
2024-10-21 01:03:53,996 INFO =====> Insertion loss: 0.0
2024-10-21 01:03:53,996 INFO =====> Grad: [ 1.9294919e+03  1.2678381e+03 -5.8471094e-05 -4.2451727e+02
  3.9398788e-06]
2024-10-21 01:03:53,996 INFO =====> Skill params: [-0.25084594  0.5723259  -0.14049622 -0.2382777  -0.6301943 ]
2024-10-21 01:03:53,996 INFO =====> Num. aborted data so far: 0
2024-10-21 01:03:54,437 INFO ===> New TaichiEnv created.
2024-10-21 01:03:54,437 INFO ===> Specifications: horizon = 600, dt = 0.01, n_substeps = 20, dt_sub = 0.0005
2024-10-21 01:04:18,705 INFO =====> Epoch: 135
2024-10-21 01:04:18,705 INFO =====> EMD Loss: 26.95325469970703
2024-10-21 01:04:18,705 INFO =====> Height map loss: 28.66554069519043
2024-10-21 01:04:18,705 INFO =====> Insertion loss: 0.0
2024-10-21 01:04:18,705 INFO =====> Grad: [-1.2878203e+04 -1.4356599e+02 -3.2193362e-04 -2.4769155e+03
 -2.8405890e-03]
2024-10-21 01:04:18,705 INFO =====> Skill params: [-0.24656765  0.5732928  -0.13778575 -0.23612203 -0.57318646]
2024-10-21 01:04:18,705 INFO =====> Num. aborted data so far: 0
2024-10-21 01:04:19,071 INFO ===> New TaichiEnv created.
2024-10-21 01:04:19,071 INFO ===> Specifications: horizon = 600, dt = 0.01, n_substeps = 20, dt_sub = 0.0005
2024-10-21 01:04:43,103 INFO =====> Epoch: 136
2024-10-21 01:04:43,103 INFO =====> EMD Loss: 26.951904296875
2024-10-21 01:04:43,103 INFO =====> Height map loss: 28.67328643798828
2024-10-21 01:04:43,103 INFO =====> Insertion loss: 0.0
2024-10-21 01:04:43,103 INFO =====> Grad: [ 4.4462969e+03  2.1897852e+03  5.9237762e-05 -5.2794224e+03
 -3.8489190e-04]
2024-10-21 01:04:43,103 INFO =====> Skill params: [-0.2481242   0.5581963  -0.13831145 -0.2312929  -0.56511086]
2024-10-21 01:04:43,103 INFO =====> Num. aborted data so far: 0
2024-10-21 01:04:43,465 INFO ===> New TaichiEnv created.
2024-10-21 01:04:43,466 INFO ===> Specifications: horizon = 600, dt = 0.01, n_substeps = 20, dt_sub = 0.0005
2024-10-21 01:05:06,982 INFO =====> Epoch: 137
2024-10-21 01:05:06,982 INFO =====> EMD Loss: 27.116056442260742
2024-10-21 01:05:06,982 INFO =====> Height map loss: 28.624746322631836
2024-10-21 01:05:06,982 INFO =====> Insertion loss: 0.0
2024-10-21 01:05:06,982 INFO =====> Grad: [-2.2825408e+03  7.0121527e+02 -2.8482993e-04 -4.2971973e+03
  9.4106421e-05]
2024-10-21 01:05:06,982 INFO =====> Skill params: [-0.24728198  0.55311704 -0.13564935 -0.22715847 -0.567191  ]
2024-10-21 01:05:06,982 INFO =====> Num. aborted data so far: 0
2024-10-21 01:05:07,344 INFO ===> New TaichiEnv created.
2024-10-21 01:05:07,344 INFO ===> Specifications: horizon = 600, dt = 0.01, n_substeps = 20, dt_sub = 0.0005
2024-10-21 01:05:30,545 INFO =====> Epoch: 138
2024-10-21 01:05:30,546 INFO =====> EMD Loss: 27.079166412353516
2024-10-21 01:05:30,546 INFO =====> Height map loss: 28.705116271972656
2024-10-21 01:05:30,546 INFO =====> Insertion loss: 0.0
2024-10-21 01:05:30,546 INFO =====> Grad: [ 4.2947781e+02  1.2726206e+03  1.7718985e-04 -3.7487170e+03
  2.5180494e-05]
2024-10-21 01:05:30,546 INFO =====> Skill params: [-0.24744903  0.5435129  -0.13739432 -0.2233635  -0.5677777 ]
2024-10-21 01:05:30,546 INFO =====> Num. aborted data so far: 0
2024-10-21 01:05:30,919 INFO ===> New TaichiEnv created.
2024-10-21 01:05:30,919 INFO ===> Specifications: horizon = 600, dt = 0.01, n_substeps = 20, dt_sub = 0.0005
2024-10-21 01:05:54,118 INFO =====> Epoch: 139
2024-10-21 01:05:54,119 INFO =====> EMD Loss: 27.120952606201172
2024-10-21 01:05:54,119 INFO =====> Height map loss: 28.826801300048828
2024-10-21 01:05:54,119 INFO =====> Insertion loss: 0.0
2024-10-21 01:05:54,119 INFO =====> Grad: [-7.6388940e+03 -6.6086725e+02 -9.2335933e-05  1.4073124e+03
  2.8240474e-04]
2024-10-21 01:05:54,119 INFO =====> Skill params: [-0.2443211   0.548752   -0.13643591 -0.22486483 -0.57467204]
2024-10-21 01:05:54,119 INFO =====> Num. aborted data so far: 0
2024-10-21 01:05:54,487 INFO ===> New TaichiEnv created.
2024-10-21 01:05:54,487 INFO ===> Specifications: horizon = 600, dt = 0.01, n_substeps = 20, dt_sub = 0.0005
2024-10-21 01:06:17,776 INFO =====> Epoch: 140
2024-10-21 01:06:17,777 INFO =====> EMD Loss: 27.095966339111328
2024-10-21 01:06:17,777 INFO =====> Height map loss: 28.70098304748535
2024-10-21 01:06:17,777 INFO =====> Insertion loss: 0.0
2024-10-21 01:06:17,777 INFO =====> Grad: [ 4.5059085e+02  3.0245953e+02 -2.2952112e-04 -1.0553517e+03
 -7.1287045e-06]
2024-10-21 01:06:17,777 INFO =====> Skill params: [-0.24451558  0.5462265  -0.13392669 -0.22367829 -0.5744886 ]
2024-10-21 01:06:17,777 INFO =====> Num. aborted data so far: 0
2024-10-21 01:06:18,225 INFO ===> New TaichiEnv created.
2024-10-21 01:06:18,225 INFO ===> Specifications: horizon = 600, dt = 0.01, n_substeps = 20, dt_sub = 0.0005
2024-10-21 01:06:41,370 INFO =====> Epoch: 141
2024-10-21 01:06:41,370 INFO =====> EMD Loss: 27.145048141479492
2024-10-21 01:06:41,370 INFO =====> Height map loss: 28.780269622802734
2024-10-21 01:06:41,370 INFO =====> Insertion loss: 0.0
2024-10-21 01:06:41,370 INFO =====> Grad: [ 6.88436562e+05  4.16453906e+05  1.14222206e-01 -9.61432688e+05
  2.68990248e-02]
2024-10-21 01:06:41,370 INFO =====> Skill params: [-0.3065099   0.48299035 -0.19709933 -0.16052994 -0.6374978 ]
2024-10-21 01:06:41,370 INFO =====> Num. aborted data so far: 0
2024-10-21 01:06:41,758 INFO ===> New TaichiEnv created.
2024-10-21 01:06:41,758 INFO ===> Specifications: horizon = 600, dt = 0.01, n_substeps = 20, dt_sub = 0.0005
2024-10-21 01:07:03,853 INFO =====> Epoch: 142
2024-10-21 01:07:03,853 INFO =====> EMD Loss: 27.325069427490234
2024-10-21 01:07:03,854 INFO =====> Height map loss: 29.043874740600586
2024-10-21 01:07:03,854 INFO =====> Insertion loss: 0.0
2024-10-21 01:07:03,854 INFO =====> Grad: [ 1.4858630e+02  2.8551514e+03 -9.3973962e-05  2.5784128e+03
 -1.9668076e-04]
2024-10-21 01:07:03,854 INFO =====> Skill params: [-0.306524    0.48253337 -0.19704454 -0.16070846 -0.6370122 ]
2024-10-21 01:07:03,854 INFO =====> Num. aborted data so far: 0
2024-10-21 01:07:04,278 INFO ===> New TaichiEnv created.
2024-10-21 01:07:04,278 INFO ===> Specifications: horizon = 600, dt = 0.01, n_substeps = 20, dt_sub = 0.0005
2024-10-21 01:07:26,213 INFO =====> Epoch: 143
2024-10-21 01:07:26,213 INFO =====> EMD Loss: 27.316375732421875
2024-10-21 01:07:26,214 INFO =====> Height map loss: 29.045835494995117
2024-10-21 01:07:26,214 INFO =====> Insertion loss: 0.0
2024-10-21 01:07:26,214 INFO =====> Grad: [ 6.2464834e+03  5.6109355e+03 -4.9622060e-04 -3.1424702e+03
 -1.0614083e-04]
2024-10-21 01:07:26,214 INFO =====> Skill params: [-0.307149    0.48158684 -0.1967396  -0.16047913 -0.6367359 ]
2024-10-21 01:07:26,214 INFO =====> Num. aborted data so far: 0
2024-10-21 01:07:26,588 INFO ===> New TaichiEnv created.
2024-10-21 01:07:26,588 INFO ===> Specifications: horizon = 600, dt = 0.01, n_substeps = 20, dt_sub = 0.0005
2024-10-21 01:07:48,640 INFO =====> Epoch: 144
2024-10-21 01:07:48,640 INFO =====> EMD Loss: 27.3269100189209
2024-10-21 01:07:48,640 INFO =====> Height map loss: 29.02981185913086
2024-10-21 01:07:48,640 INFO =====> Insertion loss: 0.0
2024-10-21 01:07:48,640 INFO =====> Grad: [-2.2959131e+03 -3.0091069e+03  7.9193254e-05  2.3188308e+03
  2.2697751e-04]
2024-10-21 01:07:48,640 INFO =====> Skill params: [-0.30690685  0.48212188 -0.1967909  -0.16065751 -0.63735855]
2024-10-21 01:07:48,640 INFO =====> Num. aborted data so far: 0
2024-10-21 01:07:49,010 INFO ===> New TaichiEnv created.
2024-10-21 01:07:49,010 INFO ===> Specifications: horizon = 600, dt = 0.01, n_substeps = 20, dt_sub = 0.0005
2024-10-21 01:08:11,176 INFO =====> Epoch: 145
2024-10-21 01:08:11,176 INFO =====> EMD Loss: 27.322040557861328
2024-10-21 01:08:11,176 INFO =====> Height map loss: 29.036048889160156
2024-10-21 01:08:11,176 INFO =====> Insertion loss: 0.0
2024-10-21 01:08:11,176 INFO =====> Grad: [ 2.3680334e+04  5.8630422e+04 -1.6761654e-04 -1.9829717e+03
 -2.4823710e-05]
2024-10-21 01:08:11,177 INFO =====> Skill params: [-0.30953705  0.47129503 -0.19667646 -0.16049671 -0.6372868 ]
2024-10-21 01:08:11,177 INFO =====> Num. aborted data so far: 0
2024-10-21 01:08:11,547 INFO ===> New TaichiEnv created.
2024-10-21 01:08:11,547 INFO ===> Specifications: horizon = 600, dt = 0.01, n_substeps = 20, dt_sub = 0.0005
2024-10-21 01:08:33,101 INFO =====> Epoch: 146
2024-10-21 01:08:33,102 INFO =====> EMD Loss: 27.525522232055664
2024-10-21 01:08:33,102 INFO =====> Height map loss: 29.135265350341797
2024-10-21 01:08:33,102 INFO =====> Insertion loss: 0.0
2024-10-21 01:08:33,102 INFO =====> Grad: [ 3.0476019e+02  3.5656537e+02 -6.5245666e-05  3.1035618e+03
 -7.7041448e-05]
2024-10-21 01:08:33,102 INFO =====> Skill params: [-0.30957273  0.47122562 -0.19662951 -0.16076198 -0.63705194]
2024-10-21 01:08:33,102 INFO =====> Num. aborted data so far: 0
2024-10-21 01:08:33,462 INFO ===> New TaichiEnv created.
2024-10-21 01:08:33,462 INFO ===> Specifications: horizon = 600, dt = 0.01, n_substeps = 20, dt_sub = 0.0005
2024-10-21 01:08:55,403 INFO =====> Epoch: 147
2024-10-21 01:08:55,404 INFO =====> EMD Loss: 27.5251522064209
2024-10-21 01:08:55,404 INFO =====> Height map loss: 29.134660720825195
2024-10-21 01:08:55,404 INFO =====> Insertion loss: 0.0
2024-10-21 01:08:55,404 INFO =====> Grad: [-2.1030083e+03 -1.2939066e+03  1.0855939e-04  1.0399044e+03
  2.8126908e-04]
2024-10-21 01:08:55,404 INFO =====> Skill params: [-0.30931318  0.4714911  -0.19671187 -0.16085567 -0.63795555]
2024-10-21 01:08:55,404 INFO =====> Num. aborted data so far: 0
2024-10-21 01:08:55,767 INFO ===> New TaichiEnv created.
2024-10-21 01:08:55,767 INFO ===> Specifications: horizon = 600, dt = 0.01, n_substeps = 20, dt_sub = 0.0005
2024-10-21 01:09:18,443 INFO =====> Epoch: 148
2024-10-21 01:09:18,443 INFO =====> EMD Loss: 27.525127410888672
2024-10-21 01:09:18,443 INFO =====> Height map loss: 29.135570526123047
2024-10-21 01:09:18,443 INFO =====> Insertion loss: 0.0
2024-10-21 01:09:18,443 INFO =====> Grad: [-2.0674600e+02  2.5191173e+02  1.5898790e-05 -1.6699794e+03
  1.3636702e-04]
2024-10-21 01:09:18,444 INFO =====> Skill params: [-0.3092863   0.47143662 -0.19672458 -0.16069707 -0.6384173 ]
2024-10-21 01:09:18,444 INFO =====> Num. aborted data so far: 0
2024-10-21 01:09:18,815 INFO ===> New TaichiEnv created.
2024-10-21 01:09:18,815 INFO ===> Specifications: horizon = 600, dt = 0.01, n_substeps = 20, dt_sub = 0.0005
2024-10-21 01:09:41,094 INFO =====> Epoch: 149
2024-10-21 01:09:41,094 INFO =====> EMD Loss: 27.529083251953125
2024-10-21 01:09:41,094 INFO =====> Height map loss: 29.1348876953125
2024-10-21 01:09:41,094 INFO =====> Insertion loss: 0.0
2024-10-21 01:09:41,095 INFO =====> Grad: [-7.7565131e+02 -1.1261951e+03  7.3363888e-05  9.3317853e+02
  4.3403087e-04]
2024-10-21 01:09:41,095 INFO =====> Skill params: [-0.30917993  0.47169337 -0.19678642 -0.16079049 -0.6399661 ]
2024-10-21 01:09:41,095 INFO =====> Num. aborted data so far: 0
2024-10-21 01:09:41,097 INFO ====> Finished training.
2024-10-21 01:09:41,097 INFO ====> Final EMD loss: 27.529083251953125
2024-10-21 01:09:41,097 INFO ====> Final height map loss: 29.1348876953125
2024-10-21 01:09:41,097 INFO ====> Final insertion loss: 0.0
2024-10-21 01:09:41,097 INFO ====> Final skill params: [-0.30917993  0.47169337 -0.19678642 -0.16079049 -0.6399661 ]
