2024-10-08 14:25:46,541 INFO ===> New TaichiEnv created.
2024-10-08 14:25:46,541 INFO ===> Specifications: horizon = 600, dt = 0.01, n_substeps = 20, dt_sub = 0.0005
2024-10-08 14:26:41,298 INFO =====> Epoch: 0
2024-10-08 14:26:41,298 INFO =====> EMD Loss: 27.540372848510742
2024-10-08 14:26:41,298 INFO =====> Height map loss: 28.28099250793457
2024-10-08 14:26:41,298 INFO =====> Insertion loss: 0.0
2024-10-08 14:26:41,299 INFO =====> Grad: [ 1.9090936e+03  9.9716772e+02  1.7141644e-04 -9.8340137e+03
 -2.2292347e-04]
2024-10-08 14:26:41,299 INFO =====> Skill params: [ 0.9908713   0.44087127  0.79318523  0.00912871 -0.09247008]
2024-10-08 14:26:41,299 INFO =====> Num. aborted data so far: 0
2024-10-08 14:26:41,772 INFO ===> New TaichiEnv created.
2024-10-08 14:26:41,772 INFO ===> Specifications: horizon = 600, dt = 0.01, n_substeps = 20, dt_sub = 0.0005
2024-10-08 14:27:09,713 INFO =====> Epoch: 1
2024-10-08 14:27:09,713 INFO =====> EMD Loss: 27.61241912841797
2024-10-08 14:27:09,713 INFO =====> Height map loss: 28.657224655151367
2024-10-08 14:27:09,713 INFO =====> Insertion loss: 0.0
2024-10-08 14:27:09,713 INFO =====> Grad: [-4.0655757e+03 -1.4987312e+04 -3.1723257e-03  4.7552996e+04
  2.8803076e-03]
2024-10-08 14:27:09,713 INFO =====> Skill params: [ 9.9936783e-01  4.4998586e-01  8.0229717e-01  1.3364851e-04
 -1.0157073e-01]
2024-10-08 14:27:09,713 INFO =====> Num. aborted data so far: 0
2024-10-08 14:27:10,003 INFO ===> New TaichiEnv created.
2024-10-08 14:27:10,003 INFO ===> Specifications: horizon = 600, dt = 0.01, n_substeps = 20, dt_sub = 0.0005
2024-10-08 14:27:38,080 INFO =====> Epoch: 2
2024-10-08 14:27:38,081 INFO =====> EMD Loss: 27.650192260742188
2024-10-08 14:27:38,081 INFO =====> Height map loss: 28.64494514465332
2024-10-08 14:27:38,081 INFO =====> Insertion loss: 0.0
2024-10-08 14:27:38,081 INFO =====> Grad: [-1.5839955e+04  3.5971367e+04  6.4120378e-04 -1.0853887e+03
  2.2355700e-04]
2024-10-08 14:27:38,081 INFO =====> Skill params: [ 1.0000000e+00  4.4136733e-01  8.0015719e-01  3.7895309e-04
 -1.0241140e-01]
2024-10-08 14:27:38,081 INFO =====> Num. aborted data so far: 0
2024-10-08 14:27:38,375 INFO ===> New TaichiEnv created.
2024-10-08 14:27:38,375 INFO ===> Specifications: horizon = 600, dt = 0.01, n_substeps = 20, dt_sub = 0.0005
2024-10-08 14:28:06,470 INFO =====> Epoch: 3
2024-10-08 14:28:06,470 INFO =====> EMD Loss: 27.82331657409668
2024-10-08 14:28:06,470 INFO =====> Height map loss: 28.978364944458008
2024-10-08 14:28:06,470 INFO =====> Insertion loss: 0.0
2024-10-08 14:28:06,470 INFO =====> Grad: [ 7.4003403e+03 -1.6685223e+04  7.4566342e-05 -1.0555484e+04
  2.6148287e-04]
2024-10-08 14:28:06,471 INFO =====> Skill params: [ 0.995637    0.44560063  0.7998599   0.00310062 -0.10357703]
2024-10-08 14:28:06,471 INFO =====> Num. aborted data so far: 0
2024-10-08 14:28:06,835 INFO ===> New TaichiEnv created.
2024-10-08 14:28:06,835 INFO ===> Specifications: horizon = 600, dt = 0.01, n_substeps = 20, dt_sub = 0.0005
2024-10-08 14:28:45,431 INFO =====> Epoch: 4
2024-10-08 14:28:45,432 INFO =====> EMD Loss: 27.346521377563477
2024-10-08 14:28:45,432 INFO =====> Height map loss: 28.378049850463867
2024-10-08 14:28:45,432 INFO =====> Insertion loss: 0.0
2024-10-08 14:28:45,432 INFO =====> Grad: [-3.1634412e+03  2.1250562e+04  2.7745962e-04  2.9083765e+03
  5.7133852e-04]
2024-10-08 14:28:45,432 INFO =====> Skill params: [ 0.99780256  0.44033602  0.7985514   0.0022086  -0.1064648 ]
2024-10-08 14:28:45,432 INFO =====> Num. aborted data so far: 0
2024-10-08 14:28:45,779 INFO ===> New TaichiEnv created.
2024-10-08 14:28:45,780 INFO ===> Specifications: horizon = 600, dt = 0.01, n_substeps = 20, dt_sub = 0.0005
2024-10-08 14:29:13,972 INFO =====> Epoch: 5
2024-10-08 14:29:13,973 INFO =====> EMD Loss: 27.421039581298828
2024-10-08 14:29:13,973 INFO =====> Height map loss: 28.143728256225586
2024-10-08 14:29:13,973 INFO =====> Insertion loss: 0.0
2024-10-08 14:29:13,973 INFO =====> Grad: [-4.9391333e+03  7.9790293e+03  4.8043180e-04  3.7904555e+04
 -2.8263620e-04]
2024-10-08 14:29:13,973 INFO =====> Skill params: [ 1.          0.43804875  0.7959552  -0.00542093 -0.10478646]
2024-10-08 14:29:13,973 INFO =====> Num. aborted data so far: 0
2024-10-08 14:29:14,273 INFO ===> New TaichiEnv created.
2024-10-08 14:29:14,273 INFO ===> Specifications: horizon = 600, dt = 0.01, n_substeps = 20, dt_sub = 0.0005
2024-10-08 14:29:42,095 INFO =====> Epoch: 6
2024-10-08 14:29:42,095 INFO =====> EMD Loss: 27.472803115844727
2024-10-08 14:29:42,095 INFO =====> Height map loss: 28.09486961364746
2024-10-08 14:29:42,095 INFO =====> Insertion loss: 0.0
2024-10-08 14:29:42,095 INFO =====> Grad: [ 1.7458260e+04 -2.0924730e+04  4.0449668e-06 -1.9198688e+04
 -4.0554008e-04]
2024-10-08 14:29:42,095 INFO =====> Skill params: [ 0.9921196   0.44368708  0.7959291  -0.00129963 -0.10204137]
2024-10-08 14:29:42,095 INFO =====> Num. aborted data so far: 0
2024-10-08 14:29:42,399 INFO ===> New TaichiEnv created.
2024-10-08 14:29:42,399 INFO ===> Specifications: horizon = 600, dt = 0.01, n_substeps = 20, dt_sub = 0.0005
2024-10-08 14:30:10,159 INFO =====> Epoch: 7
2024-10-08 14:30:10,160 INFO =====> EMD Loss: 27.413057327270508
2024-10-08 14:30:10,160 INFO =====> Height map loss: 28.287425994873047
2024-10-08 14:30:10,160 INFO =====> Insertion loss: 0.0
2024-10-08 14:30:10,160 INFO =====> Grad: [-9.8199219e+04  2.5280747e+05  6.2930002e-03  5.0023735e+03
 -1.8807855e-03]
2024-10-08 14:30:10,160 INFO =====> Skill params: [ 1.          0.43461522  0.7869574  -0.00257061 -0.09421335]
2024-10-08 14:30:10,160 INFO =====> Num. aborted data so far: 0
2024-10-08 14:30:10,500 INFO ===> New TaichiEnv created.
2024-10-08 14:30:10,500 INFO ===> Specifications: horizon = 600, dt = 0.01, n_substeps = 20, dt_sub = 0.0005
2024-10-08 14:30:48,708 INFO =====> Epoch: 8
2024-10-08 14:30:48,708 INFO =====> EMD Loss: 27.976694107055664
2024-10-08 14:30:48,708 INFO =====> Height map loss: 29.106101989746094
2024-10-08 14:30:48,708 INFO =====> Insertion loss: 0.0
2024-10-08 14:30:48,708 INFO =====> Grad: [-3.1944287e+03  8.0938398e+03 -5.9454772e-04 -1.5299712e+04
 -1.2739309e-03]
2024-10-08 14:30:48,708 INFO =====> Skill params: [ 1.          0.43426833  0.7879643   0.00157011 -0.0890075 ]
2024-10-08 14:30:48,708 INFO =====> Num. aborted data so far: 0
2024-10-08 14:30:49,051 INFO ===> New TaichiEnv created.
2024-10-08 14:30:49,051 INFO ===> Specifications: horizon = 600, dt = 0.01, n_substeps = 20, dt_sub = 0.0005
2024-10-08 14:31:16,756 INFO =====> Epoch: 9
2024-10-08 14:31:16,756 INFO =====> EMD Loss: 27.87892723083496
2024-10-08 14:31:16,756 INFO =====> Height map loss: 28.93206024169922
2024-10-08 14:31:16,756 INFO =====> Insertion loss: 0.0
2024-10-08 14:31:16,757 INFO =====> Grad: [-7.8763447e+03  1.8955029e+04 -1.7282061e-04 -3.4516906e+04
 -1.2529148e-04]
2024-10-08 14:31:16,757 INFO =====> Skill params: [ 1.          0.43330276  0.78831387  0.00863741 -0.08839691]
2024-10-08 14:31:16,757 INFO =====> Num. aborted data so far: 0
2024-10-08 14:31:17,058 INFO ===> New TaichiEnv created.
2024-10-08 14:31:17,058 INFO ===> Specifications: horizon = 600, dt = 0.01, n_substeps = 20, dt_sub = 0.0005
2024-10-08 14:31:55,542 INFO =====> Epoch: 10
2024-10-08 14:31:55,542 INFO =====> EMD Loss: 27.702049255371094
2024-10-08 14:31:55,542 INFO =====> Height map loss: 28.58551788330078
2024-10-08 14:31:55,542 INFO =====> Insertion loss: 0.0
2024-10-08 14:31:55,542 INFO =====> Grad: [-1.2388461e+04  2.5815424e+04 -4.7792710e-05  1.4868523e+04
 -1.5124131e-03]
2024-10-08 14:31:55,542 INFO =====> Skill params: [ 1.          0.4317538   0.7884294   0.00525737 -0.08205789]
2024-10-08 14:31:55,542 INFO =====> Num. aborted data so far: 0
2024-10-08 14:31:55,897 INFO ===> New TaichiEnv created.
2024-10-08 14:31:55,897 INFO ===> Specifications: horizon = 600, dt = 0.01, n_substeps = 20, dt_sub = 0.0005
2024-10-08 14:32:24,948 INFO =====> Epoch: 11
2024-10-08 14:32:24,948 INFO =====> EMD Loss: 27.688501358032227
2024-10-08 14:32:24,948 INFO =====> Height map loss: 28.55210304260254
2024-10-08 14:32:24,948 INFO =====> Insertion loss: 0.0
2024-10-08 14:32:24,948 INFO =====> Grad: [3.5532163e+03 1.8010801e+04 2.1199347e-03 5.2467625e+04 2.9663407e-04]
2024-10-08 14:32:24,949 INFO =====> Skill params: [ 0.99935615  0.4304749   0.783343   -0.00243028 -0.08352459]
2024-10-08 14:32:24,949 INFO =====> Num. aborted data so far: 0
2024-10-08 14:32:25,260 INFO ===> New TaichiEnv created.
2024-10-08 14:32:25,260 INFO ===> Specifications: horizon = 600, dt = 0.01, n_substeps = 20, dt_sub = 0.0005
2024-10-08 14:32:53,767 INFO =====> Epoch: 12
2024-10-08 14:32:53,767 INFO =====> EMD Loss: 27.76949691772461
2024-10-08 14:32:53,767 INFO =====> Height map loss: 28.400800704956055
2024-10-08 14:32:53,767 INFO =====> Insertion loss: 0.0
2024-10-08 14:32:53,767 INFO =====> Grad: [-5.0379131e+03  1.7054375e+03 -1.3633719e-02  2.0026871e+04
 -1.4797876e-03]
2024-10-08 14:32:53,768 INFO =====> Skill params: [ 1.          0.4303302   0.79223263 -0.00570421 -0.07720957]
2024-10-08 14:32:53,768 INFO =====> Num. aborted data so far: 0
2024-10-08 14:32:54,092 INFO ===> New TaichiEnv created.
2024-10-08 14:32:54,092 INFO ===> Specifications: horizon = 600, dt = 0.01, n_substeps = 20, dt_sub = 0.0005
2024-10-08 14:33:23,040 INFO =====> Epoch: 13
2024-10-08 14:33:23,040 INFO =====> EMD Loss: 27.898160934448242
2024-10-08 14:33:23,040 INFO =====> Height map loss: 28.790821075439453
2024-10-08 14:33:23,040 INFO =====> Insertion loss: 0.0
2024-10-08 14:33:23,041 INFO =====> Grad: [ 9.7220055e+01  4.3749551e+03 -4.4754120e-03 -1.2639852e+05
 -1.1631629e-03]
2024-10-08 14:33:23,041 INFO =====> Skill params: [ 0.999975    0.42988697  0.79549074  0.00285831 -0.07223499]
2024-10-08 14:33:23,041 INFO =====> Num. aborted data so far: 0
2024-10-08 14:33:23,348 INFO ===> New TaichiEnv created.
2024-10-08 14:33:23,348 INFO ===> Specifications: horizon = 600, dt = 0.01, n_substeps = 20, dt_sub = 0.0005
2024-10-08 14:33:51,105 INFO =====> Epoch: 14
2024-10-08 14:33:51,105 INFO =====> EMD Loss: 27.962604522705078
2024-10-08 14:33:51,105 INFO =====> Height map loss: 28.872154235839844
2024-10-08 14:33:51,105 INFO =====> Insertion loss: 0.0
2024-10-08 14:33:51,106 INFO =====> Grad: [ 1.4425787e+04 -3.3920797e+04  4.5959136e-04  2.2990510e+04
 -2.1354631e-04]
2024-10-08 14:33:51,106 INFO =====> Skill params: [ 0.99598825  0.4336326   0.7950912   0.00103436 -0.07115112]
2024-10-08 14:33:51,106 INFO =====> Num. aborted data so far: 0
2024-10-08 14:33:51,415 INFO ===> New TaichiEnv created.
2024-10-08 14:33:51,415 INFO ===> Specifications: horizon = 600, dt = 0.01, n_substeps = 20, dt_sub = 0.0005
2024-10-08 14:34:19,463 INFO =====> Epoch: 15
2024-10-08 14:34:19,464 INFO =====> EMD Loss: 28.02998924255371
2024-10-08 14:34:19,464 INFO =====> Height map loss: 28.825275421142578
2024-10-08 14:34:19,464 INFO =====> Insertion loss: 0.0
2024-10-08 14:34:19,464 INFO =====> Grad: [ 1.2162498e+04 -2.7029539e+04 -6.8059075e-05  2.5890215e+04
  4.5949942e-04]
2024-10-08 14:34:19,464 INFO =====> Skill params: [ 0.9923111   0.4369553   0.7951619  -0.0013364  -0.07381712]
2024-10-08 14:34:19,464 INFO =====> Num. aborted data so far: 0
2024-10-08 14:34:19,775 INFO ===> New TaichiEnv created.
2024-10-08 14:34:19,775 INFO ===> Specifications: horizon = 600, dt = 0.01, n_substeps = 20, dt_sub = 0.0005
2024-10-08 14:34:47,509 INFO =====> Epoch: 16
2024-10-08 14:34:47,509 INFO =====> EMD Loss: 27.835657119750977
2024-10-08 14:34:47,509 INFO =====> Height map loss: 29.01507568359375
2024-10-08 14:34:47,509 INFO =====> Insertion loss: 0.0
2024-10-08 14:34:47,509 INFO =====> Grad: [ 4.8528228e+03 -2.0306006e+04 -2.5608740e-03 -9.5313320e+03
  8.1118767e-04]
2024-10-08 14:34:47,509 INFO =====> Skill params: [ 9.9058902e-01  4.3979117e-01  7.9816502e-01 -2.9997225e-04
 -7.8606158e-02]
2024-10-08 14:34:47,509 INFO =====> Num. aborted data so far: 0
2024-10-08 14:34:47,828 INFO ===> New TaichiEnv created.
2024-10-08 14:34:47,828 INFO ===> Specifications: horizon = 600, dt = 0.01, n_substeps = 20, dt_sub = 0.0005
2024-10-08 14:35:15,524 INFO =====> Epoch: 17
2024-10-08 14:35:15,524 INFO =====> EMD Loss: 27.913501739501953
2024-10-08 14:35:15,524 INFO =====> Height map loss: 28.98798179626465
2024-10-08 14:35:15,524 INFO =====> Insertion loss: 0.0
2024-10-08 14:35:15,524 INFO =====> Grad: [ 5.8774644e+03 -1.3664416e+04  2.6717433e-04 -2.2052749e+03
  8.1791906e-05]
2024-10-08 14:35:15,524 INFO =====> Skill params: [ 9.8818415e-01  4.4200405e-01  7.9779088e-01 -1.3498298e-05
 -7.9182155e-02]
2024-10-08 14:35:15,524 INFO =====> Num. aborted data so far: 0
2024-10-08 14:35:15,855 INFO ===> New TaichiEnv created.
2024-10-08 14:35:15,855 INFO ===> Specifications: horizon = 600, dt = 0.01, n_substeps = 20, dt_sub = 0.0005
2024-10-08 14:35:43,364 INFO =====> Epoch: 18
2024-10-08 14:35:43,364 INFO =====> EMD Loss: 27.965145111083984
2024-10-08 14:35:43,364 INFO =====> Height map loss: 29.034440994262695
2024-10-08 14:35:43,364 INFO =====> Insertion loss: 0.0
2024-10-08 14:35:43,364 INFO =====> Grad: [ 9.1259117e+04 -1.5587972e+05  3.1678542e-02  1.3530626e+04
  1.0935134e-02]
2024-10-08 14:35:43,364 INFO =====> Skill params: [ 0.9792406   0.4507416   0.7887945  -0.00206081 -0.08826628]
2024-10-08 14:35:43,364 INFO =====> Num. aborted data so far: 0
2024-10-08 14:35:43,687 INFO ===> New TaichiEnv created.
2024-10-08 14:35:43,687 INFO ===> Specifications: horizon = 600, dt = 0.01, n_substeps = 20, dt_sub = 0.0005
2024-10-08 14:36:11,427 INFO =====> Epoch: 19
2024-10-08 14:36:11,427 INFO =====> EMD Loss: 27.88123321533203
2024-10-08 14:36:11,427 INFO =====> Height map loss: 28.81209945678711
2024-10-08 14:36:11,427 INFO =====> Insertion loss: 0.0
2024-10-08 14:36:11,427 INFO =====> Grad: [-2.3417448e+02  2.4119546e+03  9.7592303e-04  1.3956425e+04
  5.3528952e-04]
2024-10-08 14:36:11,427 INFO =====> Skill params: [ 0.979268    0.45058003  0.7884635  -0.00449356 -0.08879688]
2024-10-08 14:36:11,427 INFO =====> Num. aborted data so far: 0
2024-10-08 14:36:11,752 INFO ===> New TaichiEnv created.
2024-10-08 14:36:11,752 INFO ===> Specifications: horizon = 600, dt = 0.01, n_substeps = 20, dt_sub = 0.0005
2024-10-08 14:36:39,764 INFO =====> Epoch: 20
2024-10-08 14:36:39,764 INFO =====> EMD Loss: 27.84393310546875
2024-10-08 14:36:39,764 INFO =====> Height map loss: 28.86736488342285
2024-10-08 14:36:39,764 INFO =====> Insertion loss: 0.0
2024-10-08 14:36:39,764 INFO =====> Grad: [ 5.8057492e+04 -1.3473005e+05 -2.9248265e-03  1.7239475e+05
  7.6895207e-04]
2024-10-08 14:36:39,764 INFO =====> Skill params: [ 0.9731975   0.45754835  0.7896394  -0.01334097 -0.08970339]
2024-10-08 14:36:39,764 INFO =====> Num. aborted data so far: 0
2024-10-08 14:36:40,097 INFO ===> New TaichiEnv created.
2024-10-08 14:36:40,097 INFO ===> Specifications: horizon = 600, dt = 0.01, n_substeps = 20, dt_sub = 0.0005
2024-10-08 14:37:07,981 INFO =====> Epoch: 21
2024-10-08 14:37:07,981 INFO =====> EMD Loss: 27.769622802734375
2024-10-08 14:37:07,981 INFO =====> Height map loss: 28.836856842041016
2024-10-08 14:37:07,981 INFO =====> Insertion loss: 0.0
2024-10-08 14:37:07,981 INFO =====> Grad: [ 3.2024333e+03 -7.3104897e+03 -2.0974290e-04 -2.3183768e+04
 -1.3507083e-04]
2024-10-08 14:37:07,981 INFO =====> Skill params: [ 0.9727977   0.4579997   0.7897402  -0.01193583 -0.08951311]
2024-10-08 14:37:07,981 INFO =====> Num. aborted data so far: 0
2024-10-08 14:37:08,318 INFO ===> New TaichiEnv created.
2024-10-08 14:37:08,318 INFO ===> Specifications: horizon = 600, dt = 0.01, n_substeps = 20, dt_sub = 0.0005
2024-10-08 14:37:36,387 INFO =====> Epoch: 22
2024-10-08 14:37:36,388 INFO =====> EMD Loss: 27.761445999145508
2024-10-08 14:37:36,388 INFO =====> Height map loss: 29.03264808654785
2024-10-08 14:37:36,388 INFO =====> Insertion loss: 0.0
2024-10-08 14:37:36,388 INFO =====> Grad: [ 1.1960260e+03 -9.8606042e+02 -4.6174449e-05  2.0559893e+04
  2.5191214e-03]
2024-10-08 14:37:36,388 INFO =====> Skill params: [ 0.97261924  0.45807248  0.7897667  -0.01340578 -0.09335975]
2024-10-08 14:37:36,388 INFO =====> Num. aborted data so far: 0
2024-10-08 14:37:36,724 INFO ===> New TaichiEnv created.
2024-10-08 14:37:36,724 INFO ===> Specifications: horizon = 600, dt = 0.01, n_substeps = 20, dt_sub = 0.0005
2024-10-08 14:38:05,064 INFO =====> Epoch: 23
2024-10-08 14:38:05,065 INFO =====> EMD Loss: 27.757535934448242
2024-10-08 14:38:05,065 INFO =====> Height map loss: 28.878196716308594
2024-10-08 14:38:05,065 INFO =====> Insertion loss: 0.0
2024-10-08 14:38:05,065 INFO =====> Grad: [ 2.32504346e+03 -5.42469873e+03 -1.06063286e-04  8.47999609e+03
 -4.90153325e-04]
2024-10-08 14:38:05,065 INFO =====> Skill params: [ 0.97220504  0.45855027  0.7898395  -0.01412816 -0.09246945]
2024-10-08 14:38:05,065 INFO =====> Num. aborted data so far: 0
2024-10-08 14:38:05,401 INFO ===> New TaichiEnv created.
2024-10-08 14:38:05,401 INFO ===> Specifications: horizon = 600, dt = 0.01, n_substeps = 20, dt_sub = 0.0005
2024-10-08 14:38:33,345 INFO =====> Epoch: 24
2024-10-08 14:38:33,345 INFO =====> EMD Loss: 27.79129981994629
2024-10-08 14:38:33,345 INFO =====> Height map loss: 28.82801628112793
2024-10-08 14:38:33,345 INFO =====> Insertion loss: 0.0
2024-10-08 14:38:33,345 INFO =====> Grad: [ 2.3894023e+03 -7.1759600e+03 -3.0398351e-04  1.1809759e+04
 -1.1742741e-03]
2024-10-08 14:38:33,345 INFO =====> Skill params: [ 0.9716971   0.45930314  0.79008883 -0.0153203  -0.09001406]
2024-10-08 14:38:33,345 INFO =====> Num. aborted data so far: 0
2024-10-08 14:38:33,690 INFO ===> New TaichiEnv created.
2024-10-08 14:38:33,690 INFO ===> Specifications: horizon = 600, dt = 0.01, n_substeps = 20, dt_sub = 0.0005
2024-10-08 14:39:01,683 INFO =====> Epoch: 25
2024-10-08 14:39:01,683 INFO =====> EMD Loss: 27.708280563354492
2024-10-08 14:39:01,683 INFO =====> Height map loss: 28.834529876708984
2024-10-08 14:39:01,683 INFO =====> Insertion loss: 0.0
2024-10-08 14:39:01,683 INFO =====> Grad: [ 1.2308307e+04 -2.7883139e+04 -2.3194996e-04  5.9044014e+03
  5.9105613e-04]
2024-10-08 14:39:01,683 INFO =====> Skill params: [ 0.9687384   0.46256834  0.7903161  -0.01603052 -0.09147226]
2024-10-08 14:39:01,683 INFO =====> Num. aborted data so far: 0
2024-10-08 14:39:02,027 INFO ===> New TaichiEnv created.
2024-10-08 14:39:02,027 INFO ===> Specifications: horizon = 600, dt = 0.01, n_substeps = 20, dt_sub = 0.0005
2024-10-08 14:39:30,466 INFO =====> Epoch: 26
2024-10-08 14:39:30,466 INFO =====> EMD Loss: 27.736743927001953
2024-10-08 14:39:30,466 INFO =====> Height map loss: 28.93274688720703
2024-10-08 14:39:30,466 INFO =====> Insertion loss: 0.0
2024-10-08 14:39:30,466 INFO =====> Grad: [ 4.6291685e+03 -5.5176177e+03 -6.5797759e-04 -1.4972558e+04
  5.1909603e-05]
2024-10-08 14:39:30,467 INFO =====> Skill params: [ 0.96742225  0.46333787  0.79108405 -0.01393537 -0.09162531]
2024-10-08 14:39:30,467 INFO =====> Num. aborted data so far: 0
2024-10-08 14:39:30,800 INFO ===> New TaichiEnv created.
2024-10-08 14:39:30,800 INFO ===> Specifications: horizon = 600, dt = 0.01, n_substeps = 20, dt_sub = 0.0005
2024-10-08 14:39:59,466 INFO =====> Epoch: 27
2024-10-08 14:39:59,466 INFO =====> EMD Loss: 27.756685256958008
2024-10-08 14:39:59,466 INFO =====> Height map loss: 28.93927574157715
2024-10-08 14:39:59,466 INFO =====> Insertion loss: 0.0
2024-10-08 14:39:59,466 INFO =====> Grad: [-6.0804502e+03  1.1928746e+04 -7.8700989e-04  2.9902602e+04
 -2.5401328e-04]
2024-10-08 14:39:59,466 INFO =====> Skill params: [ 0.9694375   0.46139497  0.79217404 -0.0183215  -0.09073445]
2024-10-08 14:39:59,466 INFO =====> Num. aborted data so far: 0
2024-10-08 14:39:59,800 INFO ===> New TaichiEnv created.
2024-10-08 14:39:59,800 INFO ===> Specifications: horizon = 600, dt = 0.01, n_substeps = 20, dt_sub = 0.0005
2024-10-08 14:40:28,410 INFO =====> Epoch: 28
2024-10-08 14:40:28,410 INFO =====> EMD Loss: 27.762439727783203
2024-10-08 14:40:28,410 INFO =====> Height map loss: 28.93964385986328
2024-10-08 14:40:28,410 INFO =====> Insertion loss: 0.0
2024-10-08 14:40:28,410 INFO =====> Grad: [ 1.9659576e+04 -3.3422859e+04  6.2023610e-04 -4.6071748e+03
  3.4935330e-04]
2024-10-08 14:40:28,410 INFO =====> Skill params: [ 0.9635127   0.4666934   0.7911538  -0.01751693 -0.09218039]
2024-10-08 14:40:28,410 INFO =====> Num. aborted data so far: 0
2024-10-08 14:40:28,764 INFO ===> New TaichiEnv created.
2024-10-08 14:40:28,764 INFO ===> Specifications: horizon = 600, dt = 0.01, n_substeps = 20, dt_sub = 0.0005
2024-10-08 14:40:57,362 INFO =====> Epoch: 29
2024-10-08 14:40:57,362 INFO =====> EMD Loss: 27.84490394592285
2024-10-08 14:40:57,362 INFO =====> Height map loss: 29.23480224609375
2024-10-08 14:40:57,362 INFO =====> Insertion loss: 0.0
2024-10-08 14:40:57,362 INFO =====> Grad: [-4.1117227e+03  8.7486904e+03  1.2353964e-03  1.7178977e+04
 -2.3699733e-03]
2024-10-08 14:40:57,362 INFO =====> Skill params: [ 0.96497464  0.4650624   0.7888065  -0.02085443 -0.08497761]
2024-10-08 14:40:57,362 INFO =====> Num. aborted data so far: 0
2024-10-08 14:40:57,699 INFO ===> New TaichiEnv created.
2024-10-08 14:40:57,699 INFO ===> Specifications: horizon = 600, dt = 0.01, n_substeps = 20, dt_sub = 0.0005
2024-10-08 14:41:26,461 INFO =====> Epoch: 30
2024-10-08 14:41:26,461 INFO =====> EMD Loss: 27.865825653076172
2024-10-08 14:41:26,461 INFO =====> Height map loss: 29.25688934326172
2024-10-08 14:41:26,461 INFO =====> Insertion loss: 0.0
2024-10-08 14:41:26,461 INFO =====> Grad: [-7.2061060e+03  1.6062059e+04 -4.8262998e-05  4.8902363e+04
 -6.3326879e-04]
2024-10-08 14:41:26,461 INFO =====> Skill params: [ 0.967878    0.46173036  0.7889161  -0.02796918 -0.08274699]
2024-10-08 14:41:26,461 INFO =====> Num. aborted data so far: 0
2024-10-08 14:41:26,879 INFO ===> New TaichiEnv created.
2024-10-08 14:41:26,879 INFO ===> Specifications: horizon = 600, dt = 0.01, n_substeps = 20, dt_sub = 0.0005
2024-10-08 14:41:55,746 INFO =====> Epoch: 31
2024-10-08 14:41:55,746 INFO =====> EMD Loss: 27.861801147460938
2024-10-08 14:41:55,746 INFO =====> Height map loss: 29.152706146240234
2024-10-08 14:41:55,746 INFO =====> Insertion loss: 0.0
2024-10-08 14:41:55,746 INFO =====> Grad: [ 9.3174434e+03 -1.0402712e+04 -7.8155077e-04 -1.2569625e+03
 -7.9389079e-05]
2024-10-08 14:41:55,746 INFO =====> Skill params: [ 0.9638512   0.46421254  0.7909823  -0.02775067 -0.08241298]
2024-10-08 14:41:55,746 INFO =====> Num. aborted data so far: 0
2024-10-08 14:41:56,140 INFO ===> New TaichiEnv created.
2024-10-08 14:41:56,140 INFO ===> Specifications: horizon = 600, dt = 0.01, n_substeps = 20, dt_sub = 0.0005
2024-10-08 14:42:24,420 INFO =====> Epoch: 32
2024-10-08 14:42:24,420 INFO =====> EMD Loss: 27.88951301574707
2024-10-08 14:42:24,420 INFO =====> Height map loss: 29.266260147094727
2024-10-08 14:42:24,420 INFO =====> Insertion loss: 0.0
2024-10-08 14:42:24,421 INFO =====> Grad: [-2.0298885e+03  2.6896975e+03  3.5671704e-04  1.4826150e+04
 -1.7400342e-04]
2024-10-08 14:42:24,421 INFO =====> Skill params: [ 0.9648929   0.46344817  0.78986365 -0.03066955 -0.08154198]
2024-10-08 14:42:24,421 INFO =====> Num. aborted data so far: 0
2024-10-08 14:42:24,763 INFO ===> New TaichiEnv created.
2024-10-08 14:42:24,763 INFO ===> Specifications: horizon = 600, dt = 0.01, n_substeps = 20, dt_sub = 0.0005
2024-10-08 14:42:53,083 INFO =====> Epoch: 33
2024-10-08 14:42:53,083 INFO =====> EMD Loss: 27.87847900390625
2024-10-08 14:42:53,083 INFO =====> Height map loss: 29.173856735229492
2024-10-08 14:42:53,083 INFO =====> Insertion loss: 0.0
2024-10-08 14:42:53,083 INFO =====> Grad: [-5.4924663e+03  1.6236206e+04  1.6113435e-03 -1.5894766e+04
  8.6877693e-04]
2024-10-08 14:42:53,083 INFO =====> Skill params: [ 0.96805346  0.45872775  0.78482664 -0.02720859 -0.08605889]
2024-10-08 14:42:53,083 INFO =====> Num. aborted data so far: 0
2024-10-08 14:42:53,504 INFO ===> New TaichiEnv created.
2024-10-08 14:42:53,504 INFO ===> Specifications: horizon = 600, dt = 0.01, n_substeps = 20, dt_sub = 0.0005
2024-10-08 14:43:22,257 INFO =====> Epoch: 34
2024-10-08 14:43:22,257 INFO =====> EMD Loss: 27.915843963623047
2024-10-08 14:43:22,257 INFO =====> Height map loss: 29.189617156982422
2024-10-08 14:43:22,257 INFO =====> Insertion loss: 0.0
2024-10-08 14:43:22,257 INFO =====> Grad: [ 4.0670105e+03 -1.0727869e+04  1.7376416e-04 -9.8544805e+03
  1.7932447e-03]
2024-10-08 14:43:22,257 INFO =====> Skill params: [ 0.96537906  0.46217895  0.78417903 -0.02473954 -0.0931206 ]
2024-10-08 14:43:22,257 INFO =====> Num. aborted data so far: 0
2024-10-08 14:43:22,598 INFO ===> New TaichiEnv created.
2024-10-08 14:43:22,598 INFO ===> Specifications: horizon = 600, dt = 0.01, n_substeps = 20, dt_sub = 0.0005
2024-10-08 14:43:51,255 INFO =====> Epoch: 35
2024-10-08 14:43:51,255 INFO =====> EMD Loss: 27.879741668701172
2024-10-08 14:43:51,255 INFO =====> Height map loss: 29.20512580871582
2024-10-08 14:43:51,255 INFO =====> Insertion loss: 0.0
2024-10-08 14:43:51,255 INFO =====> Grad: [ 1.5522515e+04 -2.6345891e+04 -1.0079278e-03  1.2210213e+04
  5.6175290e-05]
2024-10-08 14:43:51,255 INFO =====> Skill params: [ 0.9580699   0.46896043  0.7882078  -0.0281339  -0.0933849 ]
2024-10-08 14:43:51,255 INFO =====> Num. aborted data so far: 0
2024-10-08 14:43:51,608 INFO ===> New TaichiEnv created.
2024-10-08 14:43:51,608 INFO ===> Specifications: horizon = 600, dt = 0.01, n_substeps = 20, dt_sub = 0.0005
2024-10-08 14:44:20,183 INFO =====> Epoch: 36
2024-10-08 14:44:20,183 INFO =====> EMD Loss: 27.769906997680664
2024-10-08 14:44:20,183 INFO =====> Height map loss: 29.18356704711914
2024-10-08 14:44:20,183 INFO =====> Insertion loss: 0.0
2024-10-08 14:44:20,183 INFO =====> Grad: [-2.8985850e+03  5.2429810e+03  2.4696114e-04 -1.6600883e+04
  1.3049843e-04]
2024-10-08 14:44:20,183 INFO =====> Skill params: [ 0.9596758   0.46737203  0.78703773 -0.02341289 -0.09411637]
2024-10-08 14:44:20,183 INFO =====> Num. aborted data so far: 0
2024-10-08 14:44:20,606 INFO ===> New TaichiEnv created.
2024-10-08 14:44:20,606 INFO ===> Specifications: horizon = 600, dt = 0.01, n_substeps = 20, dt_sub = 0.0005
2024-10-08 14:44:49,121 INFO =====> Epoch: 37
2024-10-08 14:44:49,121 INFO =====> EMD Loss: 27.805742263793945
2024-10-08 14:44:49,121 INFO =====> Height map loss: 29.243022918701172
2024-10-08 14:44:49,121 INFO =====> Insertion loss: 0.0
2024-10-08 14:44:49,121 INFO =====> Grad: [ 2.1762124e+03 -5.9066772e+03 -8.8998396e-04 -1.8444867e+04
 -8.3316401e-05]
2024-10-08 14:44:49,121 INFO =====> Skill params: [ 0.9582524   0.4694545   0.79144996 -0.01824487 -0.09355924]
2024-10-08 14:44:49,121 INFO =====> Num. aborted data so far: 0
2024-10-08 14:44:49,465 INFO ===> New TaichiEnv created.
2024-10-08 14:44:49,465 INFO ===> Specifications: horizon = 600, dt = 0.01, n_substeps = 20, dt_sub = 0.0005
2024-10-08 14:45:17,876 INFO =====> Epoch: 38
2024-10-08 14:45:17,876 INFO =====> EMD Loss: 27.87238121032715
2024-10-08 14:45:17,876 INFO =====> Height map loss: 29.210765838623047
2024-10-08 14:45:17,876 INFO =====> Insertion loss: 0.0
2024-10-08 14:45:17,876 INFO =====> Grad: [-3.3094117e+04  8.6910156e+04 -1.2558303e-07  4.5612676e+03
  1.1302360e-03]
2024-10-08 14:45:17,877 INFO =====> Skill params: [ 0.96686095  0.4605968   0.7914507  -0.01975144 -0.09998021]
2024-10-08 14:45:17,877 INFO =====> Num. aborted data so far: 0
2024-10-08 14:45:18,221 INFO ===> New TaichiEnv created.
2024-10-08 14:45:18,221 INFO ===> Specifications: horizon = 600, dt = 0.01, n_substeps = 20, dt_sub = 0.0005
2024-10-08 14:45:46,630 INFO =====> Epoch: 39
2024-10-08 14:45:46,630 INFO =====> EMD Loss: 27.808494567871094
2024-10-08 14:45:46,630 INFO =====> Height map loss: 29.033954620361328
2024-10-08 14:45:46,630 INFO =====> Insertion loss: 0.0
2024-10-08 14:45:46,630 INFO =====> Grad: [-2.9004008e+04  7.5471805e+04 -2.7125599e-04 -2.9254662e+04
  2.2598100e-04]
2024-10-08 14:45:46,630 INFO =====> Skill params: [ 0.97327626  0.454119    0.7933306  -0.01258978 -0.10149343]
2024-10-08 14:45:46,630 INFO =====> Num. aborted data so far: 0
2024-10-08 14:45:47,056 INFO ===> New TaichiEnv created.
2024-10-08 14:45:47,056 INFO ===> Specifications: horizon = 600, dt = 0.01, n_substeps = 20, dt_sub = 0.0005
2024-10-08 14:46:15,879 INFO =====> Epoch: 40
2024-10-08 14:46:15,879 INFO =====> EMD Loss: 27.686182022094727
2024-10-08 14:46:15,879 INFO =====> Height map loss: 28.67449378967285
2024-10-08 14:46:15,879 INFO =====> Insertion loss: 0.0
2024-10-08 14:46:15,879 INFO =====> Grad: [ 1.1527494e+03 -1.5227853e+02  2.0520361e-05  1.7161043e+04
  1.8445705e-04]
2024-10-08 14:46:15,879 INFO =====> Skill params: [ 0.9729717  0.4541346  0.7931607 -0.0169894 -0.1029508]
2024-10-08 14:46:15,879 INFO =====> Num. aborted data so far: 0
2024-10-08 14:46:16,306 INFO ===> New TaichiEnv created.
2024-10-08 14:46:16,306 INFO ===> Specifications: horizon = 600, dt = 0.01, n_substeps = 20, dt_sub = 0.0005
2024-10-08 14:46:44,449 INFO =====> Epoch: 41
2024-10-08 14:46:44,449 INFO =====> EMD Loss: 27.613191604614258
2024-10-08 14:46:44,449 INFO =====> Height map loss: 28.682889938354492
2024-10-08 14:46:44,449 INFO =====> Insertion loss: 0.0
2024-10-08 14:46:44,449 INFO =====> Grad: [-8.7468623e+03  2.7760799e+04  1.2963238e-03 -8.9355137e+03
 -1.5914198e-03]
2024-10-08 14:46:44,450 INFO =====> Skill params: [ 0.9756156   0.45094523  0.7857222  -0.01436678 -0.09514874]
2024-10-08 14:46:44,450 INFO =====> Num. aborted data so far: 0
2024-10-08 14:46:44,902 INFO ===> New TaichiEnv created.
2024-10-08 14:46:44,902 INFO ===> Specifications: horizon = 600, dt = 0.01, n_substeps = 20, dt_sub = 0.0005
2024-10-08 14:47:14,695 INFO =====> Epoch: 42
2024-10-08 14:47:14,695 INFO =====> EMD Loss: 27.80534553527832
2024-10-08 14:47:14,695 INFO =====> Height map loss: 28.95635986328125
2024-10-08 14:47:14,695 INFO =====> Insertion loss: 0.0
2024-10-08 14:47:14,695 INFO =====> Grad: [-1.2919435e+03  8.9880918e+03  1.2049030e-03  1.6535277e+04
 -2.6288870e-04]
2024-10-08 14:47:14,695 INFO =====> Skill params: [ 0.9760818   0.44972214  0.77959585 -0.01926265 -0.09362977]
2024-10-08 14:47:14,695 INFO =====> Num. aborted data so far: 0
2024-10-08 14:47:15,101 INFO ===> New TaichiEnv created.
2024-10-08 14:47:15,101 INFO ===> Specifications: horizon = 600, dt = 0.01, n_substeps = 20, dt_sub = 0.0005
2024-10-08 14:47:43,420 INFO =====> Epoch: 43
2024-10-08 14:47:43,420 INFO =====> EMD Loss: 27.79364013671875
2024-10-08 14:47:43,420 INFO =====> Height map loss: 28.526201248168945
2024-10-08 14:47:43,420 INFO =====> Insertion loss: 0.0
2024-10-08 14:47:43,420 INFO =====> Grad: [ 2.7837686e+03 -1.0320046e+04  2.2540251e-03 -1.5017355e+04
  2.1362940e-03]
2024-10-08 14:47:43,420 INFO =====> Skill params: [ 0.97489154  0.45137298  0.7719995  -0.01466978 -0.10139257]
2024-10-08 14:47:43,420 INFO =====> Num. aborted data so far: 0
2024-10-08 14:47:43,770 INFO ===> New TaichiEnv created.
2024-10-08 14:47:43,770 INFO ===> Specifications: horizon = 600, dt = 0.01, n_substeps = 20, dt_sub = 0.0005
2024-10-08 14:48:12,784 INFO =====> Epoch: 44
2024-10-08 14:48:12,784 INFO =====> EMD Loss: 27.58260726928711
2024-10-08 14:48:12,784 INFO =====> Height map loss: 28.722633361816406
2024-10-08 14:48:12,784 INFO =====> Insertion loss: 0.0
2024-10-08 14:48:12,784 INFO =====> Grad: [-5.1417715e+03  1.0934973e+04  1.4273168e-03  5.2988184e+03
  8.9285552e-04]
2024-10-08 14:48:12,784 INFO =====> Skill params: [ 0.9774167   0.44933504  0.7671346  -0.01656456 -0.10496172]
2024-10-08 14:48:12,784 INFO =====> Num. aborted data so far: 0
2024-10-08 14:48:13,190 INFO ===> New TaichiEnv created.
2024-10-08 14:48:13,190 INFO ===> Specifications: horizon = 600, dt = 0.01, n_substeps = 20, dt_sub = 0.0005
2024-10-08 14:48:42,208 INFO =====> Epoch: 45
2024-10-08 14:48:42,208 INFO =====> EMD Loss: 27.655044555664062
2024-10-08 14:48:42,209 INFO =====> Height map loss: 28.42539405822754
2024-10-08 14:48:42,209 INFO =====> Insertion loss: 0.0
2024-10-08 14:48:42,210 INFO =====> Grad: [-1.1545904e+04  2.1468736e+04 -1.9674495e-04  2.2348391e+03
  7.2278565e-04]
2024-10-08 14:48:42,210 INFO =====> Skill params: [ 0.98285824  0.44509888  0.767933   -0.01751453 -0.1081917 ]
2024-10-08 14:48:42,210 INFO =====> Num. aborted data so far: 0
2024-10-08 14:48:42,661 INFO ===> New TaichiEnv created.
2024-10-08 14:48:42,662 INFO ===> Specifications: horizon = 600, dt = 0.01, n_substeps = 20, dt_sub = 0.0005
2024-10-08 14:49:10,369 INFO =====> Epoch: 46
2024-10-08 14:49:10,369 INFO =====> EMD Loss: 27.63004493713379
2024-10-08 14:49:10,369 INFO =====> Height map loss: 28.42849349975586
2024-10-08 14:49:10,369 INFO =====> Insertion loss: 0.0
2024-10-08 14:49:10,370 INFO =====> Grad: [-1.0588853e+03  6.2747040e+02 -6.3418323e-05 -5.7798950e+02
  8.0821442e-04]
2024-10-08 14:49:10,370 INFO =====> Skill params: [ 0.98345345  0.4449509   0.76824045 -0.01722103 -0.11209419]
2024-10-08 14:49:10,370 INFO =====> Num. aborted data so far: 0
2024-10-08 14:49:10,800 INFO ===> New TaichiEnv created.
2024-10-08 14:49:10,800 INFO ===> Specifications: horizon = 600, dt = 0.01, n_substeps = 20, dt_sub = 0.0005
2024-10-08 14:49:39,037 INFO =====> Epoch: 47
2024-10-08 14:49:39,037 INFO =====> EMD Loss: 27.629117965698242
2024-10-08 14:49:39,037 INFO =====> Height map loss: 28.43990707397461
2024-10-08 14:49:39,037 INFO =====> Insertion loss: 0.0
2024-10-08 14:49:39,037 INFO =====> Grad: [ 8.9561289e+03 -6.6362695e+03  3.3229466e-05  2.2432379e+04
 -3.4790501e-04]
2024-10-08 14:49:39,038 INFO =====> Skill params: [ 0.9784295   0.44678324  0.7680479  -0.02480317 -0.11013324]
2024-10-08 14:49:39,038 INFO =====> Num. aborted data so far: 0
2024-10-08 14:49:39,393 INFO ===> New TaichiEnv created.
2024-10-08 14:49:39,393 INFO ===> Specifications: horizon = 600, dt = 0.01, n_substeps = 20, dt_sub = 0.0005
2024-10-08 14:50:08,006 INFO =====> Epoch: 48
2024-10-08 14:50:08,006 INFO =====> EMD Loss: 27.518938064575195
2024-10-08 14:50:08,006 INFO =====> Height map loss: 28.378278732299805
2024-10-08 14:50:08,006 INFO =====> Insertion loss: 0.0
2024-10-08 14:50:08,007 INFO =====> Grad: [-1.0128595e+04  2.0860574e+04 -3.6440385e-04  7.2759565e+03
  9.9693798e-04]
2024-10-08 14:50:08,007 INFO =====> Skill params: [ 0.9838781   0.44128677  0.7704798  -0.0276011  -0.11554305]
2024-10-08 14:50:08,007 INFO =====> Num. aborted data so far: 0
2024-10-08 14:50:08,347 INFO ===> New TaichiEnv created.
2024-10-08 14:50:08,347 INFO ===> Specifications: horizon = 600, dt = 0.01, n_substeps = 20, dt_sub = 0.0005
2024-10-08 14:50:37,295 INFO =====> Epoch: 49
2024-10-08 14:50:37,295 INFO =====> EMD Loss: 27.51510238647461
2024-10-08 14:50:37,295 INFO =====> Height map loss: 28.391939163208008
2024-10-08 14:50:37,295 INFO =====> Insertion loss: 0.0
2024-10-08 14:50:37,295 INFO =====> Grad: [ 8.1118438e+04 -1.8418077e+05 -1.6487795e-03  1.7527766e+04
 -9.7607839e-04]
2024-10-08 14:50:37,295 INFO =====> Skill params: [ 0.97488606  0.45030448  0.77797896 -0.03364141 -0.11034092]
2024-10-08 14:50:37,295 INFO =====> Num. aborted data so far: 0
2024-10-08 14:50:37,646 INFO ===> New TaichiEnv created.
2024-10-08 14:50:37,647 INFO ===> Specifications: horizon = 600, dt = 0.01, n_substeps = 20, dt_sub = 0.0005
2024-10-08 14:51:05,825 INFO =====> Epoch: 50
2024-10-08 14:51:05,825 INFO =====> EMD Loss: 27.518253326416016
2024-10-08 14:51:05,825 INFO =====> Height map loss: 28.48206329345703
2024-10-08 14:51:05,825 INFO =====> Insertion loss: 0.0
2024-10-08 14:51:05,826 INFO =====> Grad: [ 5.2744775e+03 -1.1663986e+04 -2.3894860e-04 -5.4542363e+03
 -9.4034025e-05]
2024-10-08 14:51:05,826 INFO =====> Skill params: [ 0.9741893   0.45098516  0.779265   -0.03145994 -0.10974319]
2024-10-08 14:51:05,826 INFO =====> Num. aborted data so far: 0
2024-10-08 14:51:06,172 INFO ===> New TaichiEnv created.
2024-10-08 14:51:06,172 INFO ===> Specifications: horizon = 600, dt = 0.01, n_substeps = 20, dt_sub = 0.0005
2024-10-08 14:51:34,416 INFO =====> Epoch: 51
2024-10-08 14:51:34,417 INFO =====> EMD Loss: 27.560758590698242
2024-10-08 14:51:34,417 INFO =====> Height map loss: 28.563005447387695
2024-10-08 14:51:34,417 INFO =====> Insertion loss: 0.0
2024-10-08 14:51:34,417 INFO =====> Grad: [-3.3473578e+04  8.1884305e+04 -6.9835340e-04 -1.2018228e+04
 -2.8509945e-03]
2024-10-08 14:51:34,417 INFO =====> Skill params: [ 0.9787633   0.44614333  0.7832957  -0.02659755 -0.10133108]
2024-10-08 14:51:34,417 INFO =====> Num. aborted data so far: 0
2024-10-08 14:51:34,767 INFO ===> New TaichiEnv created.
2024-10-08 14:51:34,767 INFO ===> Specifications: horizon = 600, dt = 0.01, n_substeps = 20, dt_sub = 0.0005
2024-10-08 14:52:03,037 INFO =====> Epoch: 52
2024-10-08 14:52:03,037 INFO =====> EMD Loss: 27.556108474731445
2024-10-08 14:52:03,037 INFO =====> Height map loss: 28.407081604003906
2024-10-08 14:52:03,037 INFO =====> Insertion loss: 0.0
2024-10-08 14:52:03,037 INFO =====> Grad: [-2.7234148e+03  6.7571851e+03 -1.0951143e-04  1.7102594e+04
  7.9790334e-04]
2024-10-08 14:52:03,037 INFO =====> Skill params: [ 0.9792076   0.44566643  0.78404856 -0.03272661 -0.10402013]
2024-10-08 14:52:03,037 INFO =====> Num. aborted data so far: 0
2024-10-08 14:52:03,398 INFO ===> New TaichiEnv created.
2024-10-08 14:52:03,399 INFO ===> Specifications: horizon = 600, dt = 0.01, n_substeps = 20, dt_sub = 0.0005
2024-10-08 14:52:31,787 INFO =====> Epoch: 53
2024-10-08 14:52:31,787 INFO =====> EMD Loss: 27.493396759033203
2024-10-08 14:52:31,787 INFO =====> Height map loss: 28.38509178161621
2024-10-08 14:52:31,787 INFO =====> Insertion loss: 0.0
2024-10-08 14:52:31,787 INFO =====> Grad: [ 5.2189758e+02  1.6691566e+03 -1.6294585e-03 -4.7141758e+04
  3.9357395e-04]
2024-10-08 14:52:31,787 INFO =====> Skill params: [ 0.97910583  0.44552565  0.79159105 -0.02440845 -0.1055821 ]
2024-10-08 14:52:31,787 INFO =====> Num. aborted data so far: 0
2024-10-08 14:52:32,145 INFO ===> New TaichiEnv created.
2024-10-08 14:52:32,145 INFO ===> Specifications: horizon = 600, dt = 0.01, n_substeps = 20, dt_sub = 0.0005
2024-10-08 14:53:00,418 INFO =====> Epoch: 54
2024-10-08 14:53:00,418 INFO =====> EMD Loss: 27.525217056274414
2024-10-08 14:53:00,418 INFO =====> Height map loss: 28.37940788269043
2024-10-08 14:53:00,418 INFO =====> Insertion loss: 0.0
2024-10-08 14:53:00,419 INFO =====> Grad: [-8.4671982e+03  1.4193361e+04  2.7072223e-05 -3.5548071e+03
 -3.4166654e-04]
2024-10-08 14:53:00,419 INFO =====> Skill params: [ 0.9810344   0.44411203  0.79144126 -0.02366126 -0.10398637]
2024-10-08 14:53:00,419 INFO =====> Num. aborted data so far: 0
2024-10-08 14:53:00,771 INFO ===> New TaichiEnv created.
2024-10-08 14:53:00,771 INFO ===> Specifications: horizon = 600, dt = 0.01, n_substeps = 20, dt_sub = 0.0005
2024-10-08 14:53:28,938 INFO =====> Epoch: 55
2024-10-08 14:53:28,938 INFO =====> EMD Loss: 27.564233779907227
2024-10-08 14:53:28,938 INFO =====> Height map loss: 28.355621337890625
2024-10-08 14:53:28,938 INFO =====> Insertion loss: 0.0
2024-10-08 14:53:28,938 INFO =====> Grad: [ 6.4486221e+01 -2.4418955e+03 -1.0249106e-04  6.8992622e+03
 -4.4424739e-04]
2024-10-08 14:53:28,938 INFO =====> Skill params: [ 0.9810168   0.44440258  0.79211706 -0.02536411 -0.10159321]
2024-10-08 14:53:28,938 INFO =====> Num. aborted data so far: 0
2024-10-08 14:53:29,285 INFO ===> New TaichiEnv created.
2024-10-08 14:53:29,285 INFO ===> Specifications: horizon = 600, dt = 0.01, n_substeps = 20, dt_sub = 0.0005
2024-10-08 14:53:58,052 INFO =====> Epoch: 56
2024-10-08 14:53:58,052 INFO =====> EMD Loss: 27.524551391601562
2024-10-08 14:53:58,052 INFO =====> Height map loss: 28.318571090698242
2024-10-08 14:53:58,052 INFO =====> Insertion loss: 0.0
2024-10-08 14:53:58,052 INFO =====> Grad: [ 3.4788977e+03  2.3546007e+02 -2.2045408e-04 -1.1239743e+04
 -1.4607117e-03]
2024-10-08 14:53:58,052 INFO =====> Skill params: [ 0.97989345  0.44436908  0.7938238  -0.02224758 -0.09504274]
2024-10-08 14:53:58,052 INFO =====> Num. aborted data so far: 0
2024-10-08 14:53:58,397 INFO ===> New TaichiEnv created.
2024-10-08 14:53:58,397 INFO ===> Specifications: horizon = 600, dt = 0.01, n_substeps = 20, dt_sub = 0.0005
2024-10-08 14:54:27,091 INFO =====> Epoch: 57
2024-10-08 14:54:27,091 INFO =====> EMD Loss: 27.723426818847656
2024-10-08 14:54:27,091 INFO =====> Height map loss: 28.519027709960938
2024-10-08 14:54:27,091 INFO =====> Insertion loss: 0.0
2024-10-08 14:54:27,091 INFO =====> Grad: [-1.5292222e+04  2.2357994e+04  3.0426244e-04 -2.5674559e+04
 -2.3806621e-03]
2024-10-08 14:54:27,091 INFO =====> Skill params: [ 0.9848498   0.44086072  0.7911334  -0.01602333 -0.08761837]
2024-10-08 14:54:27,091 INFO =====> Num. aborted data so far: 0
2024-10-08 14:54:27,437 INFO ===> New TaichiEnv created.
2024-10-08 14:54:27,437 INFO ===> Specifications: horizon = 600, dt = 0.01, n_substeps = 20, dt_sub = 0.0005
2024-10-08 14:54:55,820 INFO =====> Epoch: 58
2024-10-08 14:54:55,820 INFO =====> EMD Loss: 27.6845703125
2024-10-08 14:54:55,820 INFO =====> Height map loss: 28.63142204284668
2024-10-08 14:54:55,820 INFO =====> Insertion loss: 0.0
2024-10-08 14:54:55,820 INFO =====> Grad: [ 1.2464811e+05 -2.7561025e+05 -6.7900342e-04  2.1206695e+04
 -3.1653109e-03]
2024-10-08 14:54:55,820 INFO =====> Skill params: [ 0.97587997  0.44985032  0.796775   -0.02112086 -0.08039842]
2024-10-08 14:54:55,820 INFO =====> Num. aborted data so far: 0
2024-10-08 14:54:56,163 INFO ===> New TaichiEnv created.
2024-10-08 14:54:56,163 INFO ===> Specifications: horizon = 600, dt = 0.01, n_substeps = 20, dt_sub = 0.0005
2024-10-08 14:55:24,074 INFO =====> Epoch: 59
2024-10-08 14:55:24,074 INFO =====> EMD Loss: 27.761587142944336
2024-10-08 14:55:24,074 INFO =====> Height map loss: 28.602195739746094
2024-10-08 14:55:24,074 INFO =====> Insertion loss: 0.0
2024-10-08 14:55:24,074 INFO =====> Grad: [ 2.1660211e+04 -5.8019414e+04  5.7364559e-06  2.8410188e+04
 -7.7020656e-04]
2024-10-08 14:55:24,074 INFO =====> Skill params: [ 0.9740546   0.4520458   0.796718   -0.02720556 -0.07835206]
2024-10-08 14:55:24,074 INFO =====> Num. aborted data so far: 0
2024-10-08 14:55:24,427 INFO ===> New TaichiEnv created.
2024-10-08 14:55:24,427 INFO ===> Specifications: horizon = 600, dt = 0.01, n_substeps = 20, dt_sub = 0.0005
2024-10-08 14:55:52,992 INFO =====> Epoch: 60
2024-10-08 14:55:52,992 INFO =====> EMD Loss: 28.02054786682129
2024-10-08 14:55:52,992 INFO =====> Height map loss: 29.318172454833984
2024-10-08 14:55:52,992 INFO =====> Insertion loss: 0.0
2024-10-08 14:55:52,992 INFO =====> Grad: [-3.6321863e+02 -1.4908876e+03  4.4068560e-04  2.6130246e+04
  2.5485895e-04]
2024-10-08 14:55:52,992 INFO =====> Skill params: [ 0.9740912   0.45211324  0.79217964 -0.03260111 -0.07915822]
2024-10-08 14:55:52,992 INFO =====> Num. aborted data so far: 0
2024-10-08 14:55:53,339 INFO ===> New TaichiEnv created.
2024-10-08 14:55:53,339 INFO ===> Specifications: horizon = 600, dt = 0.01, n_substeps = 20, dt_sub = 0.0005
2024-10-08 14:56:22,934 INFO =====> Epoch: 61
2024-10-08 14:56:22,934 INFO =====> EMD Loss: 27.99449348449707
2024-10-08 14:56:22,934 INFO =====> Height map loss: 29.267900466918945
2024-10-08 14:56:22,934 INFO =====> Insertion loss: 0.0
2024-10-08 14:56:22,934 INFO =====> Grad: [-5.0670047e+02  3.5766746e+03  3.8867074e-05  1.5680530e+04
 -3.8702242e-04]
2024-10-08 14:56:22,935 INFO =====> Skill params: [ 0.97415215  0.45191994  0.7917019  -0.0361641  -0.07771344]
2024-10-08 14:56:22,935 INFO =====> Num. aborted data so far: 0
2024-10-08 14:56:23,282 INFO ===> New TaichiEnv created.
2024-10-08 14:56:23,282 INFO ===> Specifications: horizon = 600, dt = 0.01, n_substeps = 20, dt_sub = 0.0005
2024-10-08 14:56:52,014 INFO =====> Epoch: 62
2024-10-08 14:56:52,015 INFO =====> EMD Loss: 27.922414779663086
2024-10-08 14:56:52,015 INFO =====> Height map loss: 29.289215087890625
2024-10-08 14:56:52,015 INFO =====> Insertion loss: 0.0
2024-10-08 14:56:52,015 INFO =====> Grad: [ 1.1085811e+04 -2.2420314e+04  8.4830492e-05 -2.8773599e+03
  1.8831441e-03]
2024-10-08 14:56:52,015 INFO =====> Skill params: [ 0.97258085  0.4533503   0.7904671  -0.0353855  -0.08389564]
2024-10-08 14:56:52,015 INFO =====> Num. aborted data so far: 0
2024-10-08 14:56:52,367 INFO ===> New TaichiEnv created.
2024-10-08 14:56:52,367 INFO ===> Specifications: horizon = 600, dt = 0.01, n_substeps = 20, dt_sub = 0.0005
2024-10-08 14:57:20,949 INFO =====> Epoch: 63
2024-10-08 14:57:20,949 INFO =====> EMD Loss: 27.976457595825195
2024-10-08 14:57:20,949 INFO =====> Height map loss: 29.171823501586914
2024-10-08 14:57:20,949 INFO =====> Insertion loss: 0.0
2024-10-08 14:57:20,949 INFO =====> Grad: [ 3.8580530e+02 -1.8769838e+03  3.2256859e-05  1.9308307e+04
 -1.4424331e-04]
2024-10-08 14:57:20,949 INFO =====> Skill params: [ 0.97251546  0.45349342  0.7899069  -0.04053965 -0.08333074]
2024-10-08 14:57:20,949 INFO =====> Num. aborted data so far: 0
2024-10-08 14:57:21,298 INFO ===> New TaichiEnv created.
2024-10-08 14:57:21,298 INFO ===> Specifications: horizon = 600, dt = 0.01, n_substeps = 20, dt_sub = 0.0005
2024-10-08 14:57:49,592 INFO =====> Epoch: 64
2024-10-08 14:57:49,593 INFO =====> EMD Loss: 27.93792724609375
2024-10-08 14:57:49,593 INFO =====> Height map loss: 29.19904327392578
2024-10-08 14:57:49,593 INFO =====> Insertion loss: 0.0
2024-10-08 14:57:49,593 INFO =====> Grad: [ 1.01088525e+03 -4.11340234e+03 -2.18106841e-04 -1.67860684e+04
 -7.11752800e-05]
2024-10-08 14:57:49,593 INFO =====> Skill params: [ 0.97231084  0.45386794  0.7939626  -0.03592029 -0.08299779]
2024-10-08 14:57:49,593 INFO =====> Num. aborted data so far: 0
2024-10-08 14:57:49,945 INFO ===> New TaichiEnv created.
2024-10-08 14:57:49,945 INFO ===> Specifications: horizon = 600, dt = 0.01, n_substeps = 20, dt_sub = 0.0005
2024-10-08 14:58:20,034 INFO =====> Epoch: 65
2024-10-08 14:58:20,034 INFO =====> EMD Loss: 27.985620498657227
2024-10-08 14:58:20,034 INFO =====> Height map loss: 29.194595336914062
2024-10-08 14:58:20,034 INFO =====> Insertion loss: 0.0
2024-10-08 14:58:20,034 INFO =====> Grad: [-5.2071509e+02  2.3332510e+03  5.0473329e-05 -1.3771094e+04
 -1.9637700e-04]
2024-10-08 14:58:20,034 INFO =====> Skill params: [ 0.97243685  0.45361412  0.7928492  -0.03186279 -0.0819077 ]
2024-10-08 14:58:20,034 INFO =====> Num. aborted data so far: 0
2024-10-08 14:58:20,382 INFO ===> New TaichiEnv created.
2024-10-08 14:58:20,382 INFO ===> Specifications: horizon = 600, dt = 0.01, n_substeps = 20, dt_sub = 0.0005
2024-10-08 14:58:48,938 INFO =====> Epoch: 66
2024-10-08 14:58:48,939 INFO =====> EMD Loss: 27.880727767944336
2024-10-08 14:58:48,939 INFO =====> Height map loss: 29.102697372436523
2024-10-08 14:58:48,939 INFO =====> Insertion loss: 0.0
2024-10-08 14:58:48,939 INFO =====> Grad: [-4.4638145e+03  9.7020684e+03 -1.8113106e-03 -4.5314121e+04
  1.2061840e-03]
2024-10-08 14:58:48,939 INFO =====> Skill params: [ 0.9737149   0.4523645   0.80181545 -0.02393898 -0.08792537]
2024-10-08 14:58:48,939 INFO =====> Num. aborted data so far: 0
2024-10-08 14:58:49,289 INFO ===> New TaichiEnv created.
2024-10-08 14:58:49,289 INFO ===> Specifications: horizon = 600, dt = 0.01, n_substeps = 20, dt_sub = 0.0005
2024-10-08 14:59:17,696 INFO =====> Epoch: 67
2024-10-08 14:59:17,697 INFO =====> EMD Loss: 27.849931716918945
2024-10-08 14:59:17,697 INFO =====> Height map loss: 29.042726516723633
2024-10-08 14:59:17,697 INFO =====> Insertion loss: 0.0
2024-10-08 14:59:17,697 INFO =====> Grad: [-1.7764534e+03  4.6748296e+03  3.0846093e-04  3.4970645e+04
  1.1634695e-03]
2024-10-08 14:59:17,697 INFO =====> Skill params: [ 0.9743215   0.45164707  0.8000258  -0.02964449 -0.09344897]
2024-10-08 14:59:17,697 INFO =====> Num. aborted data so far: 0
2024-10-08 14:59:18,049 INFO ===> New TaichiEnv created.
2024-10-08 14:59:18,049 INFO ===> Specifications: horizon = 600, dt = 0.01, n_substeps = 20, dt_sub = 0.0005
2024-10-08 14:59:46,534 INFO =====> Epoch: 68
2024-10-08 14:59:46,534 INFO =====> EMD Loss: 27.838544845581055
2024-10-08 14:59:46,534 INFO =====> Height map loss: 28.939088821411133
2024-10-08 14:59:46,534 INFO =====> Insertion loss: 0.0
2024-10-08 14:59:46,535 INFO =====> Grad: [-1.1296726e+04  2.1602287e+04  1.5623834e-03 -3.2594021e+04
 -3.7368990e-03]
2024-10-08 14:59:46,535 INFO =====> Skill params: [ 0.97843677  0.44801223  0.7930448  -0.02442835 -0.08506428]
2024-10-08 14:59:46,535 INFO =====> Num. aborted data so far: 0
2024-10-08 14:59:46,887 INFO ===> New TaichiEnv created.
2024-10-08 14:59:46,888 INFO ===> Specifications: horizon = 600, dt = 0.01, n_substeps = 20, dt_sub = 0.0005
2024-10-08 15:00:15,069 INFO =====> Epoch: 69
2024-10-08 15:00:15,069 INFO =====> EMD Loss: 27.745805740356445
2024-10-08 15:00:15,069 INFO =====> Height map loss: 28.585630416870117
2024-10-08 15:00:15,069 INFO =====> Insertion loss: 0.0
2024-10-08 15:00:15,069 INFO =====> Grad: [ 5.0053252e+03 -9.1295020e+03 -2.4860358e-04 -2.3379336e+04
 -2.1434569e-05]
2024-10-08 15:00:15,069 INFO =====> Skill params: [ 0.976317    0.44981223  0.7943587  -0.02041241 -0.0850068 ]
2024-10-08 15:00:15,069 INFO =====> Num. aborted data so far: 0
2024-10-08 15:00:15,415 INFO ===> New TaichiEnv created.
2024-10-08 15:00:15,415 INFO ===> Specifications: horizon = 600, dt = 0.01, n_substeps = 20, dt_sub = 0.0005
2024-10-08 15:00:43,289 INFO =====> Epoch: 70
2024-10-08 15:00:43,289 INFO =====> EMD Loss: 27.749637603759766
2024-10-08 15:00:43,289 INFO =====> Height map loss: 28.530776977539062
2024-10-08 15:00:43,289 INFO =====> Insertion loss: 0.0
2024-10-08 15:00:43,289 INFO =====> Grad: [-4.2556875e+03  5.0440649e+03 -1.3654912e-03  2.6587671e+03
  2.4446786e-05]
2024-10-08 15:00:43,290 INFO =====> Skill params: [ 0.9784136   0.44863352  0.80062807 -0.0209573  -0.08508515]
2024-10-08 15:00:43,290 INFO =====> Num. aborted data so far: 0
2024-10-08 15:00:43,639 INFO ===> New TaichiEnv created.
2024-10-08 15:00:43,639 INFO ===> Specifications: horizon = 600, dt = 0.01, n_substeps = 20, dt_sub = 0.0005
2024-10-08 15:01:11,646 INFO =====> Epoch: 71
2024-10-08 15:01:11,646 INFO =====> EMD Loss: 27.908775329589844
2024-10-08 15:01:11,646 INFO =====> Height map loss: 28.87407875061035
2024-10-08 15:01:11,646 INFO =====> Insertion loss: 0.0
2024-10-08 15:01:11,647 INFO =====> Grad: [ 3.0704119e+05 -6.3120275e+05 -3.6519398e-03  6.6956950e+05
  1.5284277e-01]
2024-10-08 15:01:11,647 INFO =====> Skill params: [ 0.9692965   0.45775002  0.80893546 -0.0300719  -0.09421276]
2024-10-08 15:01:11,647 INFO =====> Num. aborted data so far: 0
2024-10-08 15:01:11,993 INFO ===> New TaichiEnv created.
2024-10-08 15:01:11,993 INFO ===> Specifications: horizon = 600, dt = 0.01, n_substeps = 20, dt_sub = 0.0005
2024-10-08 15:01:40,020 INFO =====> Epoch: 72
2024-10-08 15:01:40,020 INFO =====> EMD Loss: 28.034984588623047
2024-10-08 15:01:40,020 INFO =====> Height map loss: 29.231855392456055
2024-10-08 15:01:40,020 INFO =====> Insertion loss: 0.0
2024-10-08 15:01:40,020 INFO =====> Grad: [-8.2799199e+03  1.8287029e+04 -3.6124568e-04 -9.1026211e+03
 -1.4873553e-03]
2024-10-08 15:01:40,020 INFO =====> Skill params: [ 0.96959025  0.45743454  0.809912   -0.02992382 -0.0941066 ]
2024-10-08 15:01:40,020 INFO =====> Num. aborted data so far: 0
2024-10-08 15:01:40,369 INFO ===> New TaichiEnv created.
2024-10-08 15:01:40,369 INFO ===> Specifications: horizon = 600, dt = 0.01, n_substeps = 20, dt_sub = 0.0005
2024-10-08 15:02:08,239 INFO =====> Epoch: 73
2024-10-08 15:02:08,239 INFO =====> EMD Loss: 28.03921127319336
2024-10-08 15:02:08,239 INFO =====> Height map loss: 29.09902000427246
2024-10-08 15:02:08,239 INFO =====> Insertion loss: 0.0
2024-10-08 15:02:08,239 INFO =====> Grad: [-3.18901733e+03  6.32646533e+03  1.18779615e-04 -5.63815527e+03
 -3.97088443e-04]
2024-10-08 15:02:08,239 INFO =====> Skill params: [ 0.96972543  0.4573041   0.8095286  -0.0298142  -0.09407272]
2024-10-08 15:02:08,239 INFO =====> Num. aborted data so far: 0
2024-10-08 15:02:08,593 INFO ===> New TaichiEnv created.
2024-10-08 15:02:08,593 INFO ===> Specifications: horizon = 600, dt = 0.01, n_substeps = 20, dt_sub = 0.0005
2024-10-08 15:02:36,964 INFO =====> Epoch: 74
2024-10-08 15:02:36,964 INFO =====> EMD Loss: 28.031129837036133
2024-10-08 15:02:36,964 INFO =====> Height map loss: 29.09176254272461
2024-10-08 15:02:36,964 INFO =====> Insertion loss: 0.0
2024-10-08 15:02:36,964 INFO =====> Grad: [-1.2837722e+05 -3.8017207e+04  1.6730905e-02  4.3245928e+05
  2.0509686e-02]
2024-10-08 15:02:36,964 INFO =====> Skill params: [ 0.97502285  0.4582361   0.80048984 -0.03657135 -0.0961111 ]
2024-10-08 15:02:36,964 INFO =====> Num. aborted data so far: 0
2024-10-08 15:02:37,319 INFO ===> New TaichiEnv created.
2024-10-08 15:02:37,319 INFO ===> Specifications: horizon = 600, dt = 0.01, n_substeps = 20, dt_sub = 0.0005
2024-10-08 15:03:05,479 INFO =====> Epoch: 75
2024-10-08 15:03:05,479 INFO =====> EMD Loss: 27.95663833618164
2024-10-08 15:03:05,479 INFO =====> Height map loss: 29.17929458618164
2024-10-08 15:03:05,479 INFO =====> Insertion loss: 0.0
2024-10-08 15:03:05,479 INFO =====> Grad: [ 4.1125723e+04 -6.7676172e+04  9.6263760e-04  5.1322379e+04
  1.1108571e-02]
2024-10-08 15:03:05,479 INFO =====> Skill params: [ 0.9730428   0.4601739   0.7998697  -0.03752458 -0.09741711]
2024-10-08 15:03:05,479 INFO =====> Num. aborted data so far: 0
2024-10-08 15:03:05,845 INFO ===> New TaichiEnv created.
2024-10-08 15:03:05,845 INFO ===> Specifications: horizon = 600, dt = 0.01, n_substeps = 20, dt_sub = 0.0005
2024-10-08 15:03:34,134 INFO =====> Epoch: 76
2024-10-08 15:03:34,134 INFO =====> EMD Loss: 27.856922149658203
2024-10-08 15:03:34,134 INFO =====> Height map loss: 29.239952087402344
2024-10-08 15:03:34,134 INFO =====> Insertion loss: 0.0
2024-10-08 15:03:34,134 INFO =====> Grad: [ 3.9927895e+04 -8.8647539e+04 -9.8905317e-04 -2.6169365e+03
 -1.8526167e-04]
2024-10-08 15:03:34,134 INFO =====> Skill params: [ 0.9708146   0.4630529   0.80062866 -0.03746649 -0.09739108]
2024-10-08 15:03:34,134 INFO =====> Num. aborted data so far: 0
2024-10-08 15:03:34,489 INFO ===> New TaichiEnv created.
2024-10-08 15:03:34,489 INFO ===> Specifications: horizon = 600, dt = 0.01, n_substeps = 20, dt_sub = 0.0005
2024-10-08 15:04:02,529 INFO =====> Epoch: 77
2024-10-08 15:04:02,529 INFO =====> EMD Loss: 28.007614135742188
2024-10-08 15:04:02,529 INFO =====> Height map loss: 29.343252182006836
2024-10-08 15:04:02,529 INFO =====> Insertion loss: 0.0
2024-10-08 15:04:02,529 INFO =====> Grad: [-2.5112913e+03  6.4538540e+03 -1.2337186e-04 -8.8549131e+03
  5.1877153e-04]
2024-10-08 15:04:02,529 INFO =====> Skill params: [ 0.9709821   0.46280247  0.8007418  -0.03723162 -0.0974782 ]
2024-10-08 15:04:02,529 INFO =====> Num. aborted data so far: 0
2024-10-08 15:04:02,902 INFO ===> New TaichiEnv created.
2024-10-08 15:04:02,902 INFO ===> Specifications: horizon = 600, dt = 0.01, n_substeps = 20, dt_sub = 0.0005
2024-10-08 15:04:31,489 INFO =====> Epoch: 78
2024-10-08 15:04:31,490 INFO =====> EMD Loss: 28.001314163208008
2024-10-08 15:04:31,490 INFO =====> Height map loss: 29.310598373413086
2024-10-08 15:04:31,490 INFO =====> Insertion loss: 0.0
2024-10-08 15:04:31,490 INFO =====> Grad: [ 3.6598984e+03 -4.1975962e+03 -5.8096921e-06 -1.3007789e+04
  2.2197841e-05]
2024-10-08 15:04:31,490 INFO =====> Skill params: [ 0.9706905   0.4629971   0.80074817 -0.03681967 -0.09748266]
2024-10-08 15:04:31,490 INFO =====> Num. aborted data so far: 0
2024-10-08 15:04:31,856 INFO ===> New TaichiEnv created.
2024-10-08 15:04:31,857 INFO ===> Specifications: horizon = 600, dt = 0.01, n_substeps = 20, dt_sub = 0.0005
2024-10-08 15:05:00,330 INFO =====> Epoch: 79
2024-10-08 15:05:00,330 INFO =====> EMD Loss: 28.00115394592285
2024-10-08 15:05:00,330 INFO =====> Height map loss: 29.267066955566406
2024-10-08 15:05:00,330 INFO =====> Insertion loss: 0.0
2024-10-08 15:05:00,330 INFO =====> Grad: [-1.6248767e+03  1.2006356e+03  3.2119009e-05 -2.7751086e+04
  7.8179082e-04]
2024-10-08 15:05:00,330 INFO =====> Skill params: [ 0.97084516  0.46293056  0.8007061  -0.0357761  -0.09767019]
2024-10-08 15:05:00,330 INFO =====> Num. aborted data so far: 0
2024-10-08 15:05:00,702 INFO ===> New TaichiEnv created.
2024-10-08 15:05:00,702 INFO ===> Specifications: horizon = 600, dt = 0.01, n_substeps = 20, dt_sub = 0.0005
2024-10-08 15:05:28,886 INFO =====> Epoch: 80
2024-10-08 15:05:28,886 INFO =====> EMD Loss: 27.994815826416016
2024-10-08 15:05:28,886 INFO =====> Height map loss: 29.26341438293457
2024-10-08 15:05:28,886 INFO =====> Insertion loss: 0.0
2024-10-08 15:05:28,887 INFO =====> Grad: [ 9.8768811e+02 -5.4250751e+02  1.2783118e-04 -5.0108428e+03
  2.0604946e-04]
2024-10-08 15:05:28,887 INFO =====> Skill params: [ 0.97073275  0.4629665   0.800506   -0.03555095 -0.09772927]
2024-10-08 15:05:28,887 INFO =====> Num. aborted data so far: 0
2024-10-08 15:05:29,262 INFO ===> New TaichiEnv created.
2024-10-08 15:05:29,262 INFO ===> Specifications: horizon = 600, dt = 0.01, n_substeps = 20, dt_sub = 0.0005
2024-10-08 15:05:57,563 INFO =====> Epoch: 81
2024-10-08 15:05:57,563 INFO =====> EMD Loss: 27.98535919189453
2024-10-08 15:05:57,563 INFO =====> Height map loss: 29.260236740112305
2024-10-08 15:05:57,563 INFO =====> Insertion loss: 0.0
2024-10-08 15:05:57,563 INFO =====> Grad: [-1.0507484e+04  2.1390951e+04  6.0025835e-05 -2.1803328e+04
  1.8077445e-03]
2024-10-08 15:05:57,563 INFO =====> Skill params: [ 0.9721446   0.46130142  0.8003937  -0.03438953 -0.0983473 ]
2024-10-08 15:05:57,563 INFO =====> Num. aborted data so far: 0
2024-10-08 15:05:57,940 INFO ===> New TaichiEnv created.
2024-10-08 15:05:57,940 INFO ===> Specifications: horizon = 600, dt = 0.01, n_substeps = 20, dt_sub = 0.0005
2024-10-08 15:06:26,219 INFO =====> Epoch: 82
2024-10-08 15:06:26,219 INFO =====> EMD Loss: 27.965639114379883
2024-10-08 15:06:26,219 INFO =====> Height map loss: 29.221660614013672
2024-10-08 15:06:26,219 INFO =====> Insertion loss: 0.0
2024-10-08 15:06:26,219 INFO =====> Grad: [-3.4538188e+03 -4.8766046e+02 -4.9963157e-05 -2.5213176e+03
  5.8158953e-04]
2024-10-08 15:06:26,219 INFO =====> Skill params: [ 0.9726983   0.46134678  0.8005054  -0.03422903 -0.09858487]
2024-10-08 15:06:26,219 INFO =====> Num. aborted data so far: 0
2024-10-08 15:06:26,601 INFO ===> New TaichiEnv created.
2024-10-08 15:06:26,601 INFO ===> Specifications: horizon = 600, dt = 0.01, n_substeps = 20, dt_sub = 0.0005
2024-10-08 15:06:55,483 INFO =====> Epoch: 83
2024-10-08 15:06:55,483 INFO =====> EMD Loss: 27.99329376220703
2024-10-08 15:06:55,483 INFO =====> Height map loss: 29.220619201660156
2024-10-08 15:06:55,483 INFO =====> Insertion loss: 0.0
2024-10-08 15:06:55,483 INFO =====> Grad: [-3.6362589e+02  7.3591196e+03 -4.6045257e-04  1.2747814e+04
  8.9965994e-05]
2024-10-08 15:06:55,483 INFO =====> Skill params: [ 0.97276795  0.4605317   0.801725   -0.03519352 -0.09862879]
2024-10-08 15:06:55,483 INFO =====> Num. aborted data so far: 0
2024-10-08 15:06:55,863 INFO ===> New TaichiEnv created.
2024-10-08 15:06:55,863 INFO ===> Specifications: horizon = 600, dt = 0.01, n_substeps = 20, dt_sub = 0.0005
2024-10-08 15:07:24,462 INFO =====> Epoch: 84
2024-10-08 15:07:24,462 INFO =====> EMD Loss: 27.97650718688965
2024-10-08 15:07:24,462 INFO =====> Height map loss: 29.234634399414062
2024-10-08 15:07:24,462 INFO =====> Insertion loss: 0.0
2024-10-08 15:07:24,462 INFO =====> Grad: [-7.8980933e+02  1.6748607e+02 -7.5590739e-05 -1.2015760e+04
 -2.4771389e-05]
2024-10-08 15:07:24,462 INFO =====> Skill params: [ 0.9729488   0.46050954  0.80196416 -0.03411455 -0.09861434]
2024-10-08 15:07:24,462 INFO =====> Num. aborted data so far: 0
2024-10-08 15:07:24,847 INFO ===> New TaichiEnv created.
2024-10-08 15:07:24,847 INFO ===> Specifications: horizon = 600, dt = 0.01, n_substeps = 20, dt_sub = 0.0005
2024-10-08 15:07:52,979 INFO =====> Epoch: 85
2024-10-08 15:07:52,979 INFO =====> EMD Loss: 28.012922286987305
2024-10-08 15:07:52,979 INFO =====> Height map loss: 29.200057983398438
2024-10-08 15:07:52,979 INFO =====> Insertion loss: 0.0
2024-10-08 15:07:52,979 INFO =====> Grad: [-2.9949702e+03  6.0379736e+03  2.7296503e-05  3.5458018e+03
 -2.5795337e-03]
2024-10-08 15:07:52,979 INFO =====> Skill params: [ 0.9737651   0.45955938  0.8018609  -0.03449478 -0.09684915]
2024-10-08 15:07:52,979 INFO =====> Num. aborted data so far: 0
2024-10-08 15:07:53,354 INFO ===> New TaichiEnv created.
2024-10-08 15:07:53,354 INFO ===> Specifications: horizon = 600, dt = 0.01, n_substeps = 20, dt_sub = 0.0005
2024-10-08 15:08:21,964 INFO =====> Epoch: 86
2024-10-08 15:08:21,964 INFO =====> EMD Loss: 27.981760025024414
2024-10-08 15:08:21,964 INFO =====> Height map loss: 29.20667266845703
2024-10-08 15:08:21,964 INFO =====> Insertion loss: 0.0
2024-10-08 15:08:21,964 INFO =====> Grad: [ 1.9783213e+04 -4.4740684e+04 -2.8697532e-04  2.2978180e+04
 -1.8576048e-03]
2024-10-08 15:08:21,964 INFO =====> Skill params: [ 0.96850026  0.4657466   0.8031453  -0.03729763 -0.09535044]
2024-10-08 15:08:21,964 INFO =====> Num. aborted data so far: 0
2024-10-08 15:08:22,344 INFO ===> New TaichiEnv created.
2024-10-08 15:08:22,344 INFO ===> Specifications: horizon = 600, dt = 0.01, n_substeps = 20, dt_sub = 0.0005
2024-10-08 15:08:50,904 INFO =====> Epoch: 87
2024-10-08 15:08:50,904 INFO =====> EMD Loss: 28.103981018066406
2024-10-08 15:08:50,904 INFO =====> Height map loss: 29.230804443359375
2024-10-08 15:08:50,904 INFO =====> Insertion loss: 0.0
2024-10-08 15:08:50,904 INFO =====> Grad: [ 5.3482529e+03 -1.2587222e+04  1.2452694e-04  2.9580119e+04
 -5.6852389e-04]
2024-10-08 15:08:50,904 INFO =====> Skill params: [ 0.96682787  0.46777514  0.80248094 -0.04119697 -0.09480319]
2024-10-08 15:08:50,904 INFO =====> Num. aborted data so far: 0
2024-10-08 15:08:51,282 INFO ===> New TaichiEnv created.
2024-10-08 15:08:51,282 INFO ===> Specifications: horizon = 600, dt = 0.01, n_substeps = 20, dt_sub = 0.0005
2024-10-08 15:09:20,009 INFO =====> Epoch: 88
2024-10-08 15:09:20,009 INFO =====> EMD Loss: 28.071741104125977
2024-10-08 15:09:20,009 INFO =====> Height map loss: 29.26905632019043
2024-10-08 15:09:20,009 INFO =====> Insertion loss: 0.0
2024-10-08 15:09:20,010 INFO =====> Grad: [ 2.04157837e+03 -3.58303711e+03  1.04913044e-04  2.00907500e+04
 -3.42623093e-06]
2024-10-08 15:09:20,010 INFO =====> Skill params: [ 0.9660675   0.46846333  0.8018137  -0.04418773 -0.09479925]
2024-10-08 15:09:20,010 INFO =====> Num. aborted data so far: 0
2024-10-08 15:09:20,388 INFO ===> New TaichiEnv created.
2024-10-08 15:09:20,389 INFO ===> Specifications: horizon = 600, dt = 0.01, n_substeps = 20, dt_sub = 0.0005
2024-10-08 15:09:49,078 INFO =====> Epoch: 89
2024-10-08 15:09:49,078 INFO =====> EMD Loss: 28.034339904785156
2024-10-08 15:09:49,078 INFO =====> Height map loss: 29.26710319519043
2024-10-08 15:09:49,078 INFO =====> Insertion loss: 0.0
2024-10-08 15:09:49,078 INFO =====> Grad: [-9.7494019e+01 -1.5873182e+03  1.6339764e-04 -6.5504424e+03
  3.1935392e-04]
2024-10-08 15:09:49,078 INFO =====> Skill params: [ 0.9661109   0.46882743  0.80058306 -0.04303163 -0.09523789]
2024-10-08 15:09:49,078 INFO =====> Num. aborted data so far: 0
2024-10-08 15:09:49,524 INFO ===> New TaichiEnv created.
2024-10-08 15:09:49,524 INFO ===> Specifications: horizon = 600, dt = 0.01, n_substeps = 20, dt_sub = 0.0005
2024-10-08 15:10:17,976 INFO =====> Epoch: 90
2024-10-08 15:10:17,976 INFO =====> EMD Loss: 28.060495376586914
2024-10-08 15:10:17,976 INFO =====> Height map loss: 29.253637313842773
2024-10-08 15:10:17,976 INFO =====> Insertion loss: 0.0
2024-10-08 15:10:17,976 INFO =====> Grad: [-9.1518213e+03  1.6834303e+04 -3.2323420e-05 -1.9877889e+04
  1.3121602e-04]
2024-10-08 15:10:17,977 INFO =====> Skill params: [ 0.9704072   0.4647085   0.8008739  -0.03922118 -0.09545324]
2024-10-08 15:10:17,977 INFO =====> Num. aborted data so far: 0
2024-10-08 15:10:18,341 INFO ===> New TaichiEnv created.
2024-10-08 15:10:18,341 INFO ===> Specifications: horizon = 600, dt = 0.01, n_substeps = 20, dt_sub = 0.0005
2024-10-08 15:10:47,100 INFO =====> Epoch: 91
2024-10-08 15:10:47,100 INFO =====> EMD Loss: 28.041074752807617
2024-10-08 15:10:47,100 INFO =====> Height map loss: 29.30141830444336
2024-10-08 15:10:47,100 INFO =====> Insertion loss: 0.0
2024-10-08 15:10:47,100 INFO =====> Grad: [-3.1577866e+03  1.1897949e+04 -1.9658873e-04 -2.6193613e+03
 -9.0239843e-04]
2024-10-08 15:10:47,100 INFO =====> Skill params: [ 0.9721466   0.46145722  0.8029335  -0.03862234 -0.09371544]
2024-10-08 15:10:47,100 INFO =====> Num. aborted data so far: 0
2024-10-08 15:10:47,470 INFO ===> New TaichiEnv created.
2024-10-08 15:10:47,470 INFO ===> Specifications: horizon = 600, dt = 0.01, n_substeps = 20, dt_sub = 0.0005
2024-10-08 15:11:16,352 INFO =====> Epoch: 92
2024-10-08 15:11:16,352 INFO =====> EMD Loss: 28.003952026367188
2024-10-08 15:11:16,352 INFO =====> Height map loss: 29.33026123046875
2024-10-08 15:11:16,352 INFO =====> Insertion loss: 0.0
2024-10-08 15:11:16,352 INFO =====> Grad: [ 1.0421986e+03 -6.2646611e+03  2.2032423e-04  1.5848840e+04
  5.8889028e-04]
2024-10-08 15:11:16,352 INFO =====> Skill params: [ 0.97146237  0.4634538   0.80029255 -0.04253514 -0.0950562 ]
2024-10-08 15:11:16,352 INFO =====> Num. aborted data so far: 0
2024-10-08 15:11:16,718 INFO ===> New TaichiEnv created.
2024-10-08 15:11:16,718 INFO ===> Specifications: horizon = 600, dt = 0.01, n_substeps = 20, dt_sub = 0.0005
2024-10-08 15:11:45,293 INFO =====> Epoch: 93
2024-10-08 15:11:45,293 INFO =====> EMD Loss: 27.960491180419922
2024-10-08 15:11:45,294 INFO =====> Height map loss: 29.403156280517578
2024-10-08 15:11:45,294 INFO =====> Insertion loss: 0.0
2024-10-08 15:11:45,294 INFO =====> Grad: [-5.0613530e+03  7.3757554e+03 -1.0075530e-03  1.7165350e+04
 -8.6367269e-05]
2024-10-08 15:11:45,295 INFO =====> Skill params: [ 0.97510415  0.4607685   0.8080079  -0.04696419 -0.09482125]
2024-10-08 15:11:45,295 INFO =====> Num. aborted data so far: 0
2024-10-08 15:11:45,743 INFO ===> New TaichiEnv created.
2024-10-08 15:11:45,743 INFO ===> Specifications: horizon = 600, dt = 0.01, n_substeps = 20, dt_sub = 0.0005
2024-10-08 15:12:14,541 INFO =====> Epoch: 94
2024-10-08 15:12:14,542 INFO =====> EMD Loss: 28.006576538085938
2024-10-08 15:12:14,542 INFO =====> Height map loss: 29.341392517089844
2024-10-08 15:12:14,542 INFO =====> Insertion loss: 0.0
2024-10-08 15:12:14,542 INFO =====> Grad: [ 1.7813663e+03 -6.3638607e+01  1.9523024e-05  9.5745908e+03
  7.1750394e-05]
2024-10-08 15:12:14,542 INFO =====> Skill params: [ 0.9735933   0.46079618  0.80782926 -0.04977365 -0.09505446]
2024-10-08 15:12:14,542 INFO =====> Num. aborted data so far: 0
2024-10-08 15:12:14,907 INFO ===> New TaichiEnv created.
2024-10-08 15:12:14,907 INFO ===> Specifications: horizon = 600, dt = 0.01, n_substeps = 20, dt_sub = 0.0005
2024-10-08 15:12:43,607 INFO =====> Epoch: 95
2024-10-08 15:12:43,607 INFO =====> EMD Loss: 27.959623336791992
2024-10-08 15:12:43,607 INFO =====> Height map loss: 29.33255958557129
2024-10-08 15:12:43,607 INFO =====> Insertion loss: 0.0
2024-10-08 15:12:43,608 INFO =====> Grad: [ 4.8629767e+02 -8.4981836e+02 -1.2955132e-03 -2.4768080e+04
  2.3788369e-04]
2024-10-08 15:12:43,608 INFO =====> Skill params: [ 0.973101    0.46123764  0.8155032  -0.04348084 -0.09597392]
2024-10-08 15:12:43,608 INFO =====> Num. aborted data so far: 0
2024-10-08 15:12:43,969 INFO ===> New TaichiEnv created.
2024-10-08 15:12:43,969 INFO ===> Specifications: horizon = 600, dt = 0.01, n_substeps = 20, dt_sub = 0.0005
2024-10-08 15:13:12,610 INFO =====> Epoch: 96
2024-10-08 15:13:12,610 INFO =====> EMD Loss: 27.950063705444336
2024-10-08 15:13:12,610 INFO =====> Height map loss: 29.326831817626953
2024-10-08 15:13:12,610 INFO =====> Insertion loss: 0.0
2024-10-08 15:13:12,610 INFO =====> Grad: [ 2.1932180e+03 -5.4170791e+03  4.0777138e-04 -2.3652570e+02
 -3.1270398e-04]
2024-10-08 15:13:12,610 INFO =====> Skill params: [ 0.970553    0.46439376  0.8127506  -0.04340902 -0.09454706]
2024-10-08 15:13:12,610 INFO =====> Num. aborted data so far: 0
2024-10-08 15:13:12,976 INFO ===> New TaichiEnv created.
2024-10-08 15:13:12,976 INFO ===> Specifications: horizon = 600, dt = 0.01, n_substeps = 20, dt_sub = 0.0005
2024-10-08 15:13:41,842 INFO =====> Epoch: 97
2024-10-08 15:13:41,842 INFO =====> EMD Loss: 27.946407318115234
2024-10-08 15:13:41,842 INFO =====> Height map loss: 29.330617904663086
2024-10-08 15:13:41,842 INFO =====> Insertion loss: 0.0
2024-10-08 15:13:41,842 INFO =====> Grad: [ 2.2800217e+03 -1.2834885e+03 -7.4375101e-05 -2.4261316e+03
  6.2639260e-04]
2024-10-08 15:13:41,842 INFO =====> Skill params: [ 0.9675618   0.4652833   0.81334937 -0.04253253 -0.09774656]
2024-10-08 15:13:41,842 INFO =====> Num. aborted data so far: 0
2024-10-08 15:13:42,207 INFO ===> New TaichiEnv created.
2024-10-08 15:13:42,207 INFO ===> Specifications: horizon = 600, dt = 0.01, n_substeps = 20, dt_sub = 0.0005
2024-10-08 15:14:11,514 INFO =====> Epoch: 98
2024-10-08 15:14:11,514 INFO =====> EMD Loss: 28.080093383789062
2024-10-08 15:14:11,514 INFO =====> Height map loss: 29.187131881713867
2024-10-08 15:14:11,514 INFO =====> Insertion loss: 0.0
2024-10-08 15:14:11,514 INFO =====> Grad: [ 1.0455708e+04 -2.7621541e+04 -1.7380418e-04 -1.1427960e+04
  1.4664171e-03]
2024-10-08 15:14:11,514 INFO =====> Skill params: [ 0.959586    0.4737621   0.8149944  -0.03819159 -0.10413829]
2024-10-08 15:14:11,514 INFO =====> Num. aborted data so far: 0
2024-10-08 15:14:11,886 INFO ===> New TaichiEnv created.
2024-10-08 15:14:11,886 INFO ===> Specifications: horizon = 600, dt = 0.01, n_substeps = 20, dt_sub = 0.0005
2024-10-08 15:14:41,032 INFO =====> Epoch: 99
2024-10-08 15:14:41,033 INFO =====> EMD Loss: 27.834482192993164
2024-10-08 15:14:41,033 INFO =====> Height map loss: 29.19375228881836
2024-10-08 15:14:41,033 INFO =====> Insertion loss: 0.0
2024-10-08 15:14:41,033 INFO =====> Grad: [-2.3010286e+03  4.9842551e+02  7.5830452e-05  1.8171505e+03
  5.7441579e-05]
2024-10-08 15:14:41,033 INFO =====> Skill params: [ 0.96163064  0.47357926  0.8141403  -0.03901324 -0.10443738]
2024-10-08 15:14:41,033 INFO =====> Num. aborted data so far: 0
2024-10-08 15:14:41,399 INFO ===> New TaichiEnv created.
2024-10-08 15:14:41,399 INFO ===> Specifications: horizon = 600, dt = 0.01, n_substeps = 20, dt_sub = 0.0005
2024-10-08 15:15:10,483 INFO =====> Epoch: 100
2024-10-08 15:15:10,484 INFO =====> EMD Loss: 27.82871437072754
2024-10-08 15:15:10,484 INFO =====> Height map loss: 29.18087387084961
2024-10-08 15:15:10,484 INFO =====> Insertion loss: 0.0
2024-10-08 15:15:10,484 INFO =====> Grad: [-4.2988052e+03  2.3457075e+03  6.5641198e-04 -1.7670705e+04
  1.6079370e-03]
2024-10-08 15:15:10,484 INFO =====> Skill params: [ 0.965714    0.4725573   0.8077912  -0.03241435 -0.11118146]
2024-10-08 15:15:10,484 INFO =====> Num. aborted data so far: 0
2024-10-08 15:15:10,879 INFO ===> New TaichiEnv created.
2024-10-08 15:15:10,879 INFO ===> Specifications: horizon = 600, dt = 0.01, n_substeps = 20, dt_sub = 0.0005
2024-10-08 15:15:39,926 INFO =====> Epoch: 101
2024-10-08 15:15:39,926 INFO =====> EMD Loss: 27.874797821044922
2024-10-08 15:15:39,926 INFO =====> Height map loss: 29.175508499145508
2024-10-08 15:15:39,926 INFO =====> Insertion loss: 0.0
2024-10-08 15:15:39,926 INFO =====> Grad: [-3.1699866e+03  1.5500385e+03  5.3102494e-04 -2.9851010e+04
  1.2705130e-04]
2024-10-08 15:15:39,926 INFO =====> Skill params: [ 0.9690621   0.4717533   0.80269694 -0.02488364 -0.11181683]
2024-10-08 15:15:39,926 INFO =====> Num. aborted data so far: 0
2024-10-08 15:15:40,310 INFO ===> New TaichiEnv created.
2024-10-08 15:15:40,310 INFO ===> Specifications: horizon = 600, dt = 0.01, n_substeps = 20, dt_sub = 0.0005
2024-10-08 15:16:09,025 INFO =====> Epoch: 102
2024-10-08 15:16:09,025 INFO =====> EMD Loss: 27.771671295166016
2024-10-08 15:16:09,025 INFO =====> Height map loss: 29.083131790161133
2024-10-08 15:16:09,025 INFO =====> Insertion loss: 0.0
2024-10-08 15:16:09,025 INFO =====> Grad: [ 5.1353745e+03 -1.9522754e+03 -6.2061596e-04  3.5762603e+03
  8.6196105e-04]
2024-10-08 15:16:09,025 INFO =====> Skill params: [ 0.96377647  0.47295317  0.8083092  -0.02595453 -0.11630367]
2024-10-08 15:16:09,025 INFO =====> Num. aborted data so far: 0
2024-10-08 15:16:09,395 INFO ===> New TaichiEnv created.
2024-10-08 15:16:09,395 INFO ===> Specifications: horizon = 600, dt = 0.01, n_substeps = 20, dt_sub = 0.0005
2024-10-08 15:16:38,626 INFO =====> Epoch: 103
2024-10-08 15:16:38,626 INFO =====> EMD Loss: 27.894569396972656
2024-10-08 15:16:38,626 INFO =====> Height map loss: 29.12074089050293
2024-10-08 15:16:38,626 INFO =====> Insertion loss: 0.0
2024-10-08 15:16:38,626 INFO =====> Grad: [ 5.6893818e+03 -6.8905312e+03  1.2044940e-05 -3.0185479e+04
 -7.0347218e-04]
2024-10-08 15:16:38,626 INFO =====> Skill params: [ 0.9582221   0.4773799   0.808179   -0.01898173 -0.1123571 ]
2024-10-08 15:16:38,626 INFO =====> Num. aborted data so far: 0
2024-10-08 15:16:38,994 INFO ===> New TaichiEnv created.
2024-10-08 15:16:38,994 INFO ===> Specifications: horizon = 600, dt = 0.01, n_substeps = 20, dt_sub = 0.0005
2024-10-08 15:17:07,872 INFO =====> Epoch: 104
2024-10-08 15:17:07,873 INFO =====> EMD Loss: 27.88184928894043
2024-10-08 15:17:07,873 INFO =====> Height map loss: 29.07196617126465
2024-10-08 15:17:07,873 INFO =====> Insertion loss: 0.0
2024-10-08 15:17:07,873 INFO =====> Grad: [ 7.4663003e+03 -6.9311750e+04 -7.7175791e-04 -3.5836512e+04
  1.9682420e-05]
2024-10-08 15:17:07,873 INFO =====> Skill params: [ 0.95191956  0.4863772   0.8149115  -0.0122724  -0.11248907]
2024-10-08 15:17:07,873 INFO =====> Num. aborted data so far: 0
2024-10-08 15:17:08,238 INFO ===> New TaichiEnv created.
2024-10-08 15:17:08,238 INFO ===> Specifications: horizon = 600, dt = 0.01, n_substeps = 20, dt_sub = 0.0005
2024-10-08 15:17:37,240 INFO =====> Epoch: 105
2024-10-08 15:17:37,241 INFO =====> EMD Loss: 27.895544052124023
2024-10-08 15:17:37,241 INFO =====> Height map loss: 29.3090763092041
2024-10-08 15:17:37,241 INFO =====> Insertion loss: 0.0
2024-10-08 15:17:37,241 INFO =====> Grad: [ 1.5488286e+03  5.4144346e+03 -2.0622187e-03 -8.4357938e+04
 -1.7108339e-03]
2024-10-08 15:17:37,241 INFO =====> Skill params: [ 0.9503793   0.4855407   0.82331425 -0.00405421 -0.10489067]
2024-10-08 15:17:37,241 INFO =====> Num. aborted data so far: 0
2024-10-08 15:17:37,609 INFO ===> New TaichiEnv created.
2024-10-08 15:17:37,609 INFO ===> Specifications: horizon = 600, dt = 0.01, n_substeps = 20, dt_sub = 0.0005
2024-10-08 15:18:06,878 INFO =====> Epoch: 106
2024-10-08 15:18:06,878 INFO =====> EMD Loss: 27.84267234802246
2024-10-08 15:18:06,878 INFO =====> Height map loss: 29.347579956054688
2024-10-08 15:18:06,878 INFO =====> Insertion loss: 0.0
2024-10-08 15:18:06,878 INFO =====> Grad: [ 2.8491340e+03 -1.1584451e+03 -7.2488090e-04 -2.6886846e+03
  3.4646664e-04]
2024-10-08 15:18:06,878 INFO =====> Skill params: [ 0.94720423  0.48575455  0.82660687 -0.00374133 -0.10669363]
2024-10-08 15:18:06,878 INFO =====> Num. aborted data so far: 0
2024-10-08 15:18:07,246 INFO ===> New TaichiEnv created.
2024-10-08 15:18:07,246 INFO ===> Specifications: horizon = 600, dt = 0.01, n_substeps = 20, dt_sub = 0.0005
2024-10-08 15:18:36,349 INFO =====> Epoch: 107
2024-10-08 15:18:36,349 INFO =====> EMD Loss: 27.811756134033203
2024-10-08 15:18:36,349 INFO =====> Height map loss: 29.35820770263672
2024-10-08 15:18:36,349 INFO =====> Insertion loss: 0.0
2024-10-08 15:18:36,349 INFO =====> Grad: [ 2.4617717e+03 -5.6891273e+04 -3.2945762e-03 -9.6018477e+04
 -2.9350279e-03]
2024-10-08 15:18:36,349 INFO =====> Skill params: [ 0.94411826  0.4931375   0.8347378   0.00379505 -0.09852889]
2024-10-08 15:18:36,349 INFO =====> Num. aborted data so far: 0
2024-10-08 15:18:36,724 INFO ===> New TaichiEnv created.
2024-10-08 15:18:36,724 INFO ===> Specifications: horizon = 600, dt = 0.01, n_substeps = 20, dt_sub = 0.0005
2024-10-08 15:19:05,949 INFO =====> Epoch: 108
2024-10-08 15:19:05,949 INFO =====> EMD Loss: 28.210899353027344
2024-10-08 15:19:05,949 INFO =====> Height map loss: 29.93507957458496
2024-10-08 15:19:05,949 INFO =====> Insertion loss: 0.0
2024-10-08 15:19:05,949 INFO =====> Grad: [ 5.6302953e+04 -2.6422078e+05 -4.4155942e-04  1.1840558e+04
 -1.8612779e-03]
2024-10-08 15:19:05,949 INFO =====> Skill params: [ 0.93504256  0.50204784  0.8360272   0.0026924  -0.09340645]
2024-10-08 15:19:05,949 INFO =====> Num. aborted data so far: 0
2024-10-08 15:19:06,311 INFO ===> New TaichiEnv created.
2024-10-08 15:19:06,312 INFO ===> Specifications: horizon = 600, dt = 0.01, n_substeps = 20, dt_sub = 0.0005
2024-10-08 15:19:35,771 INFO =====> Epoch: 109
2024-10-08 15:19:35,771 INFO =====> EMD Loss: 28.345184326171875
2024-10-08 15:19:35,771 INFO =====> Height map loss: 30.025833129882812
2024-10-08 15:19:35,771 INFO =====> Insertion loss: 0.0
2024-10-08 15:19:35,771 INFO =====> Grad: [ 9.0367070e+03 -2.1947535e+04 -2.0884792e-04  2.7874277e+04
 -1.6396076e-03]
2024-10-08 15:19:35,771 INFO =====> Skill params: [ 9.3333232e-01  5.0292838e-01  8.3675385e-01 -2.4515158e-04
 -8.8762999e-02]
2024-10-08 15:19:35,771 INFO =====> Num. aborted data so far: 0
2024-10-08 15:19:36,130 INFO ===> New TaichiEnv created.
2024-10-08 15:19:36,130 INFO ===> Specifications: horizon = 600, dt = 0.01, n_substeps = 20, dt_sub = 0.0005
2024-10-08 15:20:06,330 INFO =====> Epoch: 110
2024-10-08 15:20:06,330 INFO =====> EMD Loss: 28.5061092376709
2024-10-08 15:20:06,330 INFO =====> Height map loss: 30.13954734802246
2024-10-08 15:20:06,330 INFO =====> Insertion loss: 0.0
2024-10-08 15:20:06,330 INFO =====> Grad: [ 6.8895312e+04 -2.8573238e+05 -1.9729417e-04  6.2846258e+04
 -5.3709666e-03]
2024-10-08 15:20:06,330 INFO =====> Skill params: [ 0.9254555   0.5105253   0.837571   -0.00622579 -0.08060497]
2024-10-08 15:20:06,330 INFO =====> Num. aborted data so far: 0
2024-10-08 15:20:06,697 INFO ===> New TaichiEnv created.
2024-10-08 15:20:06,697 INFO ===> Specifications: horizon = 600, dt = 0.01, n_substeps = 20, dt_sub = 0.0005
2024-10-08 15:20:36,827 INFO =====> Epoch: 111
2024-10-08 15:20:36,827 INFO =====> EMD Loss: 28.575511932373047
2024-10-08 15:20:36,827 INFO =====> Height map loss: 30.232969284057617
2024-10-08 15:20:36,827 INFO =====> Insertion loss: 0.0
2024-10-08 15:20:36,827 INFO =====> Grad: [ 2.45403344e+05 -1.03930344e+06  4.32958035e-03  1.25430500e+05
 -1.65250357e-02]
2024-10-08 15:20:36,828 INFO =====> Skill params: [ 0.9166473   0.51932406  0.8291724  -0.01391512 -0.07187163]
2024-10-08 15:20:36,828 INFO =====> Num. aborted data so far: 0
2024-10-08 15:20:37,191 INFO ===> New TaichiEnv created.
2024-10-08 15:20:37,191 INFO ===> Specifications: horizon = 600, dt = 0.01, n_substeps = 20, dt_sub = 0.0005
2024-10-08 15:21:07,444 INFO =====> Epoch: 112
2024-10-08 15:21:07,444 INFO =====> EMD Loss: 28.795215606689453
2024-10-08 15:21:07,444 INFO =====> Height map loss: 30.799741744995117
2024-10-08 15:21:07,444 INFO =====> Insertion loss: 0.0
2024-10-08 15:21:07,445 INFO =====> Grad: [-4.2767500e+03  1.8869869e+04  2.8240320e-04 -1.8304238e+04
 -2.2364640e-05]
2024-10-08 15:21:07,445 INFO =====> Skill params: [ 0.9168308   0.51913315  0.8285193  -0.01258818 -0.0718575 ]
2024-10-08 15:21:07,445 INFO =====> Num. aborted data so far: 0
2024-10-08 15:21:07,811 INFO ===> New TaichiEnv created.
2024-10-08 15:21:07,811 INFO ===> Specifications: horizon = 600, dt = 0.01, n_substeps = 20, dt_sub = 0.0005
2024-10-08 15:21:38,233 INFO =====> Epoch: 113
2024-10-08 15:21:38,233 INFO =====> EMD Loss: 28.78085708618164
2024-10-08 15:21:38,233 INFO =====> Height map loss: 30.804235458374023
2024-10-08 15:21:38,233 INFO =====> Insertion loss: 0.0
2024-10-08 15:21:38,233 INFO =====> Grad: [-8.1088096e+03  3.8025375e+04  2.3973096e-04  2.7232576e+04
 -9.9994603e-04]
2024-10-08 15:21:38,233 INFO =====> Skill params: [ 0.91724604  0.51867396  0.8278584  -0.0148727  -0.07110513]
2024-10-08 15:21:38,233 INFO =====> Num. aborted data so far: 0
2024-10-08 15:21:38,608 INFO ===> New TaichiEnv created.
2024-10-08 15:21:38,609 INFO ===> Specifications: horizon = 600, dt = 0.01, n_substeps = 20, dt_sub = 0.0005
2024-10-08 15:22:08,902 INFO =====> Epoch: 114
2024-10-08 15:22:08,902 INFO =====> EMD Loss: 28.778846740722656
2024-10-08 15:22:08,902 INFO =====> Height map loss: 30.75973892211914
2024-10-08 15:22:08,902 INFO =====> Insertion loss: 0.0
2024-10-08 15:22:08,902 INFO =====> Grad: [-1.1260391e+04  3.7703254e+04 -2.5795745e-05 -5.5135711e+04
 -4.8468527e-04]
2024-10-08 15:22:08,902 INFO =====> Skill params: [ 0.91793334  0.5181307   0.8279434  -0.01014394 -0.07066974]
2024-10-08 15:22:08,902 INFO =====> Num. aborted data so far: 0
2024-10-08 15:22:09,262 INFO ===> New TaichiEnv created.
2024-10-08 15:22:09,262 INFO ===> Specifications: horizon = 600, dt = 0.01, n_substeps = 20, dt_sub = 0.0005
2024-10-08 15:22:39,957 INFO =====> Epoch: 115
2024-10-08 15:22:39,957 INFO =====> EMD Loss: 28.812040328979492
2024-10-08 15:22:39,957 INFO =====> Height map loss: 30.7836856842041
2024-10-08 15:22:39,957 INFO =====> Insertion loss: 0.0
2024-10-08 15:22:39,957 INFO =====> Grad: [-3.1881881e+05  1.3225091e+06 -2.1559782e-03 -6.0715994e+05
  2.9105324e-02]
2024-10-08 15:22:39,957 INFO =====> Skill params: [ 0.92643094  0.5096573   0.83416045 -0.00111187 -0.07943221]
2024-10-08 15:22:39,957 INFO =====> Num. aborted data so far: 0
2024-10-08 15:22:40,402 INFO ===> New TaichiEnv created.
2024-10-08 15:22:40,402 INFO ===> Specifications: horizon = 600, dt = 0.01, n_substeps = 20, dt_sub = 0.0005
2024-10-08 15:23:10,216 INFO =====> Epoch: 116
2024-10-08 15:23:10,216 INFO =====> EMD Loss: 28.86383819580078
2024-10-08 15:23:10,216 INFO =====> Height map loss: 30.49400520324707
2024-10-08 15:23:10,216 INFO =====> Insertion loss: 0.0
2024-10-08 15:23:10,216 INFO =====> Grad: [-8.8322100e+03  1.9222555e+04  2.5770664e-03 -2.4114496e+04
  4.9695669e-04]
2024-10-08 15:23:10,217 INFO =====> Skill params: [ 9.2671216e-01  5.0951016e-01  8.2779443e-01 -6.8358053e-04
 -7.9611003e-02]
2024-10-08 15:23:10,217 INFO =====> Num. aborted data so far: 0
2024-10-08 15:23:10,588 INFO ===> New TaichiEnv created.
2024-10-08 15:23:10,588 INFO ===> Specifications: horizon = 600, dt = 0.01, n_substeps = 20, dt_sub = 0.0005
2024-10-08 15:23:40,644 INFO =====> Epoch: 117
2024-10-08 15:23:40,644 INFO =====> EMD Loss: 28.834148406982422
2024-10-08 15:23:40,644 INFO =====> Height map loss: 30.557254791259766
2024-10-08 15:23:40,644 INFO =====> Insertion loss: 0.0
2024-10-08 15:23:40,645 INFO =====> Grad: [ 9.3242517e+02 -2.6935787e+01  1.9319785e-04 -3.9082495e+03
 -3.8618041e-04]
2024-10-08 15:23:40,645 INFO =====> Skill params: [ 9.2667669e-01  5.0951040e-01  8.2722515e-01 -6.0061982e-04
 -7.9444975e-02]
2024-10-08 15:23:40,645 INFO =====> Num. aborted data so far: 0
2024-10-08 15:23:41,094 INFO ===> New TaichiEnv created.
2024-10-08 15:23:41,094 INFO ===> Specifications: horizon = 600, dt = 0.01, n_substeps = 20, dt_sub = 0.0005
2024-10-08 15:24:11,199 INFO =====> Epoch: 118
2024-10-08 15:24:11,199 INFO =====> EMD Loss: 28.857643127441406
2024-10-08 15:24:11,199 INFO =====> Height map loss: 30.565418243408203
2024-10-08 15:24:11,199 INFO =====> Insertion loss: 0.0
2024-10-08 15:24:11,199 INFO =====> Grad: [7.9824811e+02 4.6132227e+03 7.2822731e-04 7.4210225e+03 3.6967598e-05]
2024-10-08 15:24:11,199 INFO =====> Skill params: [ 9.266404e-01  5.094599e-01  8.247559e-01 -7.888600e-04 -7.946397e-02]
2024-10-08 15:24:11,199 INFO =====> Num. aborted data so far: 0
2024-10-08 15:24:11,568 INFO ===> New TaichiEnv created.
2024-10-08 15:24:11,568 INFO ===> Specifications: horizon = 600, dt = 0.01, n_substeps = 20, dt_sub = 0.0005
2024-10-08 15:24:41,462 INFO =====> Epoch: 119
2024-10-08 15:24:41,462 INFO =====> EMD Loss: 28.828401565551758
2024-10-08 15:24:41,462 INFO =====> Height map loss: 30.558116912841797
2024-10-08 15:24:41,462 INFO =====> Insertion loss: 0.0
2024-10-08 15:24:41,462 INFO =====> Grad: [ 4.0139590e+04 -1.6992722e+05  9.7262638e-04  3.9566781e+04
  4.5298436e-03]
2024-10-08 15:24:41,462 INFO =====> Skill params: [ 0.92451787  0.5116185   0.8211371  -0.00197822 -0.0821253 ]
2024-10-08 15:24:41,462 INFO =====> Num. aborted data so far: 0
2024-10-08 15:24:41,840 INFO ===> New TaichiEnv created.
2024-10-08 15:24:41,840 INFO ===> Specifications: horizon = 600, dt = 0.01, n_substeps = 20, dt_sub = 0.0005
2024-10-08 15:25:11,805 INFO =====> Epoch: 120
2024-10-08 15:25:11,805 INFO =====> EMD Loss: 28.84298324584961
2024-10-08 15:25:11,805 INFO =====> Height map loss: 30.46112632751465
2024-10-08 15:25:11,805 INFO =====> Insertion loss: 0.0
2024-10-08 15:25:11,805 INFO =====> Grad: [ 1.9494482e+04 -7.8119344e+04  1.9736779e-03  3.3484801e+04
 -2.7124330e-03]
2024-10-08 15:25:11,805 INFO =====> Skill params: [ 0.92329687  0.5127947   0.8148101  -0.00317095 -0.08026076]
2024-10-08 15:25:11,805 INFO =====> Num. aborted data so far: 0
2024-10-08 15:25:12,197 INFO ===> New TaichiEnv created.
2024-10-08 15:25:12,197 INFO ===> Specifications: horizon = 600, dt = 0.01, n_substeps = 20, dt_sub = 0.0005
2024-10-08 15:25:42,283 INFO =====> Epoch: 121
2024-10-08 15:25:42,283 INFO =====> EMD Loss: 28.826801300048828
2024-10-08 15:25:42,283 INFO =====> Height map loss: 30.389856338500977
2024-10-08 15:25:42,283 INFO =====> Insertion loss: 0.0
2024-10-08 15:25:42,283 INFO =====> Grad: [ 3.9161694e+05 -1.7713735e+06 -1.1006119e-02 -2.1137180e+04
 -2.3172167e-06]
2024-10-08 15:25:42,283 INFO =====> Skill params: [ 0.91458094  0.5215706   0.82373214 -0.00227539 -0.08025885]
2024-10-08 15:25:42,283 INFO =====> Num. aborted data so far: 0
2024-10-08 15:25:42,672 INFO ===> New TaichiEnv created.
2024-10-08 15:25:42,672 INFO ===> Specifications: horizon = 600, dt = 0.01, n_substeps = 20, dt_sub = 0.0005
2024-10-08 15:26:12,885 INFO =====> Epoch: 122
2024-10-08 15:26:12,885 INFO =====> EMD Loss: 28.83417320251465
2024-10-08 15:26:12,885 INFO =====> Height map loss: 30.606258392333984
2024-10-08 15:26:12,885 INFO =====> Insertion loss: 0.0
2024-10-08 15:26:12,886 INFO =====> Grad: [-3.6551758e+04  1.4491938e+05 -2.9468059e-04 -5.6887711e+04
  1.8189149e-04]
2024-10-08 15:26:12,886 INFO =====> Skill params: [ 9.1554779e-01  5.2071625e-01  8.2401752e-01  4.7186413e-04
 -8.0437437e-02]
2024-10-08 15:26:12,886 INFO =====> Num. aborted data so far: 0
2024-10-08 15:26:13,262 INFO ===> New TaichiEnv created.
2024-10-08 15:26:13,262 INFO ===> Specifications: horizon = 600, dt = 0.01, n_substeps = 20, dt_sub = 0.0005
2024-10-08 15:26:42,907 INFO =====> Epoch: 123
2024-10-08 15:26:42,907 INFO =====> EMD Loss: 28.849422454833984
2024-10-08 15:26:42,907 INFO =====> Height map loss: 30.6198787689209
2024-10-08 15:26:42,907 INFO =====> Insertion loss: 0.0
2024-10-08 15:26:42,907 INFO =====> Grad: [ 6.6248237e+03 -2.1294562e+04 -8.1547914e-05  4.2416105e+04
  2.2055677e-04]
2024-10-08 15:26:42,907 INFO =====> Skill params: [ 0.9153384   0.5208663   0.82411194 -0.00189285 -0.08069616]
2024-10-08 15:26:42,907 INFO =====> Num. aborted data so far: 0
2024-10-08 15:26:43,274 INFO ===> New TaichiEnv created.
2024-10-08 15:26:43,274 INFO ===> Specifications: horizon = 600, dt = 0.01, n_substeps = 20, dt_sub = 0.0005
2024-10-08 15:27:12,971 INFO =====> Epoch: 124
2024-10-08 15:27:12,971 INFO =====> EMD Loss: 28.780200958251953
2024-10-08 15:27:12,971 INFO =====> Height map loss: 30.582216262817383
2024-10-08 15:27:12,971 INFO =====> Insertion loss: 0.0
2024-10-08 15:27:12,971 INFO =====> Grad: [-1.6112204e+04  6.1946730e+04  1.4531654e-03 -3.4755113e+04
 -3.1098371e-04]
2024-10-08 15:27:12,971 INFO =====> Skill params: [ 9.1594577e-01  5.2034545e-01  8.2214868e-01  3.5192678e-04
 -8.0260649e-02]
2024-10-08 15:27:12,971 INFO =====> Num. aborted data so far: 0
2024-10-08 15:27:13,336 INFO ===> New TaichiEnv created.
2024-10-08 15:27:13,336 INFO ===> Specifications: horizon = 600, dt = 0.01, n_substeps = 20, dt_sub = 0.0005
2024-10-08 15:27:43,074 INFO =====> Epoch: 125
2024-10-08 15:27:43,075 INFO =====> EMD Loss: 28.9288272857666
2024-10-08 15:27:43,075 INFO =====> Height map loss: 30.584030151367188
2024-10-08 15:27:43,075 INFO =====> Insertion loss: 0.0
2024-10-08 15:27:43,075 INFO =====> Grad: [-1.3786756e+04  6.0884633e+04  1.2966513e-04  2.3696929e+03
 -2.4018921e-04]
2024-10-08 15:27:43,075 INFO =====> Skill params: [ 9.1656548e-01  5.1973498e-01  8.2193935e-01  1.6902784e-04
 -7.9859003e-02]
2024-10-08 15:27:43,075 INFO =====> Num. aborted data so far: 0
2024-10-08 15:27:43,441 INFO ===> New TaichiEnv created.
2024-10-08 15:27:43,441 INFO ===> Specifications: horizon = 600, dt = 0.01, n_substeps = 20, dt_sub = 0.0005
2024-10-08 15:28:13,038 INFO =====> Epoch: 126
2024-10-08 15:28:13,038 INFO =====> EMD Loss: 28.928916931152344
2024-10-08 15:28:13,038 INFO =====> Height map loss: 30.811248779296875
2024-10-08 15:28:13,038 INFO =====> Insertion loss: 0.0
2024-10-08 15:28:13,038 INFO =====> Grad: [-1.3404118e+04  6.2210020e+04 -3.2106604e-04 -9.7370586e+03
 -1.4633304e-04]
2024-10-08 15:28:13,039 INFO =====> Skill params: [ 0.91728336  0.51899195  0.82255745  0.00106296 -0.07956668]
2024-10-08 15:28:13,039 INFO =====> Num. aborted data so far: 0
2024-10-08 15:28:13,409 INFO ===> New TaichiEnv created.
2024-10-08 15:28:13,409 INFO ===> Specifications: horizon = 600, dt = 0.01, n_substeps = 20, dt_sub = 0.0005
2024-10-08 15:28:43,407 INFO =====> Epoch: 127
2024-10-08 15:28:43,407 INFO =====> EMD Loss: 28.825929641723633
2024-10-08 15:28:43,407 INFO =====> Height map loss: 30.79832649230957
2024-10-08 15:28:43,407 INFO =====> Insertion loss: 0.0
2024-10-08 15:28:43,407 INFO =====> Grad: [-9.1413799e+03  3.9176230e+04  2.1276119e-05 -1.5888393e+04
 -4.2986469e-03]
2024-10-08 15:28:43,407 INFO =====> Skill params: [ 0.91786736  0.51843375  0.8225085   0.00277546 -0.0727456 ]
2024-10-08 15:28:43,407 INFO =====> Num. aborted data so far: 0
2024-10-08 15:28:43,770 INFO ===> New TaichiEnv created.
2024-10-08 15:28:43,770 INFO ===> Specifications: horizon = 600, dt = 0.01, n_substeps = 20, dt_sub = 0.0005
2024-10-08 15:29:13,634 INFO =====> Epoch: 128
2024-10-08 15:29:13,634 INFO =====> EMD Loss: 28.822532653808594
2024-10-08 15:29:13,634 INFO =====> Height map loss: 30.64979362487793
2024-10-08 15:29:13,634 INFO =====> Insertion loss: 0.0
2024-10-08 15:29:13,634 INFO =====> Grad: [-2.76269141e+04  1.30647766e+05 -7.94973399e-04  1.11269795e+04
  1.98622677e-03]
2024-10-08 15:29:13,634 INFO =====> Skill params: [ 0.91992265  0.516272    0.8246347   0.00135937 -0.07622781]
2024-10-08 15:29:13,634 INFO =====> Num. aborted data so far: 0
2024-10-08 15:29:13,999 INFO ===> New TaichiEnv created.
2024-10-08 15:29:13,999 INFO ===> Specifications: horizon = 600, dt = 0.01, n_substeps = 20, dt_sub = 0.0005
2024-10-08 15:29:43,679 INFO =====> Epoch: 129
2024-10-08 15:29:43,679 INFO =====> EMD Loss: 28.869823455810547
2024-10-08 15:29:43,679 INFO =====> Height map loss: 30.660192489624023
2024-10-08 15:29:43,679 INFO =====> Insertion loss: 0.0
2024-10-08 15:29:43,679 INFO =====> Grad: [-3.3083684e+04  1.4859914e+05 -1.0593352e-03  2.4412200e+03
  5.0283276e-04]
2024-10-08 15:29:43,679 INFO =====> Skill params: [ 0.92272264  0.5134746   0.8278095   0.00098834 -0.07727452]
2024-10-08 15:29:43,679 INFO =====> Num. aborted data so far: 0
2024-10-08 15:29:44,040 INFO ===> New TaichiEnv created.
2024-10-08 15:29:44,040 INFO ===> Specifications: horizon = 600, dt = 0.01, n_substeps = 20, dt_sub = 0.0005
2024-10-08 15:30:14,194 INFO =====> Epoch: 130
2024-10-08 15:30:14,194 INFO =====> EMD Loss: 28.985851287841797
2024-10-08 15:30:14,194 INFO =====> Height map loss: 30.596017837524414
2024-10-08 15:30:14,194 INFO =====> Insertion loss: 0.0
2024-10-08 15:30:14,194 INFO =====> Grad: [ 1.5858762e+05 -7.2390356e+05 -3.6581387e-03  3.9067966e+03
  3.0302638e-04]
2024-10-08 15:30:14,194 INFO =====> Skill params: [ 9.1478854e-01  5.2143788e-01  8.3529985e-01  2.8077920e-04
 -7.8025892e-02]
2024-10-08 15:30:14,194 INFO =====> Num. aborted data so far: 0
2024-10-08 15:30:14,556 INFO ===> New TaichiEnv created.
2024-10-08 15:30:14,556 INFO ===> Specifications: horizon = 600, dt = 0.01, n_substeps = 20, dt_sub = 0.0005
2024-10-08 15:30:45,720 INFO =====> Epoch: 131
2024-10-08 15:30:45,720 INFO =====> EMD Loss: 29.146780014038086
2024-10-08 15:30:45,720 INFO =====> Height map loss: 31.473684310913086
2024-10-08 15:30:45,720 INFO =====> Insertion loss: 0.0
2024-10-08 15:30:45,721 INFO =====> Grad: [-3.3207061e+03  1.6254895e+04  5.8120920e-04 -1.7654305e+04
  4.2914200e-04]
2024-10-08 15:30:45,721 INFO =====> Skill params: [ 0.9149871   0.5212242   0.8338944   0.00380595 -0.07928555]
2024-10-08 15:30:45,721 INFO =====> Num. aborted data so far: 0
2024-10-08 15:30:46,089 INFO ===> New TaichiEnv created.
2024-10-08 15:30:46,089 INFO ===> Specifications: horizon = 600, dt = 0.01, n_substeps = 20, dt_sub = 0.0005
2024-10-08 15:31:16,313 INFO =====> Epoch: 132
2024-10-08 15:31:16,313 INFO =====> EMD Loss: 29.213638305664062
2024-10-08 15:31:16,313 INFO =====> Height map loss: 31.617351531982422
2024-10-08 15:31:16,313 INFO =====> Insertion loss: 0.0
2024-10-08 15:31:16,313 INFO =====> Grad: [-3.5989312e+04  1.5718773e+05 -2.8660471e-04 -6.3776305e+04
 -5.3007435e-04]
2024-10-08 15:31:16,313 INFO =====> Skill params: [ 0.91746235  0.5188404   0.83471936  0.01163463 -0.07746329]
2024-10-08 15:31:16,313 INFO =====> Num. aborted data so far: 0
2024-10-08 15:31:16,679 INFO ===> New TaichiEnv created.
2024-10-08 15:31:16,679 INFO ===> Specifications: horizon = 600, dt = 0.01, n_substeps = 20, dt_sub = 0.0005
2024-10-08 15:31:46,590 INFO =====> Epoch: 133
2024-10-08 15:31:46,590 INFO =====> EMD Loss: 28.816144943237305
2024-10-08 15:31:46,591 INFO =====> Height map loss: 30.676246643066406
2024-10-08 15:31:46,591 INFO =====> Insertion loss: 0.0
2024-10-08 15:31:46,591 INFO =====> Grad: [-5.7933989e+03  2.5862592e+04 -4.2973843e-04  1.9829754e+04
  1.9377540e-04]
2024-10-08 15:31:46,591 INFO =====> Skill params: [ 0.91793793  0.5183722   0.8361788   0.00886264 -0.07825648]
2024-10-08 15:31:46,591 INFO =====> Num. aborted data so far: 0
2024-10-08 15:31:46,955 INFO ===> New TaichiEnv created.
2024-10-08 15:31:46,955 INFO ===> Specifications: horizon = 600, dt = 0.01, n_substeps = 20, dt_sub = 0.0005
2024-10-08 15:32:17,612 INFO =====> Epoch: 134
2024-10-08 15:32:17,612 INFO =====> EMD Loss: 28.91741180419922
2024-10-08 15:32:17,612 INFO =====> Height map loss: 30.65822410583496
2024-10-08 15:32:17,612 INFO =====> Insertion loss: 0.0
2024-10-08 15:32:17,613 INFO =====> Grad: [-1.13813336e+05  4.48248969e+05  1.57707860e-03 -1.59041703e+05
  1.28769921e-02]
2024-10-08 15:32:17,613 INFO =====> Skill params: [ 0.9250057   0.5117249   0.8309375   0.01749611 -0.08729083]
2024-10-08 15:32:17,613 INFO =====> Num. aborted data so far: 0
2024-10-08 15:32:17,978 INFO ===> New TaichiEnv created.
2024-10-08 15:32:17,978 INFO ===> Specifications: horizon = 600, dt = 0.01, n_substeps = 20, dt_sub = 0.0005
2024-10-08 15:32:48,083 INFO =====> Epoch: 135
2024-10-08 15:32:48,083 INFO =====> EMD Loss: 28.795194625854492
2024-10-08 15:32:48,083 INFO =====> Height map loss: 30.374990463256836
2024-10-08 15:32:48,083 INFO =====> Insertion loss: 0.0
2024-10-08 15:32:48,083 INFO =====> Grad: [-2.36119219e+04  1.02010664e+05 -8.49061762e-05  2.39761914e+04
  3.46016139e-04]
2024-10-08 15:32:48,083 INFO =====> Skill params: [ 0.9267268   0.50995123  0.83127457  0.01596259 -0.08758084]
2024-10-08 15:32:48,083 INFO =====> Num. aborted data so far: 0
2024-10-08 15:32:48,457 INFO ===> New TaichiEnv created.
2024-10-08 15:32:48,457 INFO ===> Specifications: horizon = 600, dt = 0.01, n_substeps = 20, dt_sub = 0.0005
2024-10-08 15:33:18,220 INFO =====> Epoch: 136
2024-10-08 15:33:18,220 INFO =====> EMD Loss: 28.79452133178711
2024-10-08 15:33:18,220 INFO =====> Height map loss: 30.416337966918945
2024-10-08 15:33:18,220 INFO =====> Insertion loss: 0.0
2024-10-08 15:33:18,220 INFO =====> Grad: [-1.981100e+04  7.687339e+04 -9.988617e-04  1.680736e+04 -9.870190e-04]
2024-10-08 15:33:18,220 INFO =====> Skill params: [ 0.92842275  0.5083776   0.83548063  0.01469026 -0.08659783]
2024-10-08 15:33:18,220 INFO =====> Num. aborted data so far: 0
2024-10-08 15:33:18,588 INFO ===> New TaichiEnv created.
2024-10-08 15:33:18,588 INFO ===> Specifications: horizon = 600, dt = 0.01, n_substeps = 20, dt_sub = 0.0005
2024-10-08 15:33:48,319 INFO =====> Epoch: 137
2024-10-08 15:33:48,319 INFO =====> EMD Loss: 28.746767044067383
2024-10-08 15:33:48,319 INFO =====> Height map loss: 30.402626037597656
2024-10-08 15:33:48,319 INFO =====> Insertion loss: 0.0
2024-10-08 15:33:48,319 INFO =====> Grad: [-2.7573873e+04  1.0841911e+05  1.3345502e-03  1.3272850e+04
  5.9669776e-05]
2024-10-08 15:33:48,319 INFO =====> Skill params: [ 0.93111825  0.50583035  0.8300706   0.01349959 -0.08666886]
2024-10-08 15:33:48,319 INFO =====> Num. aborted data so far: 0
2024-10-08 15:33:48,690 INFO ===> New TaichiEnv created.
2024-10-08 15:33:48,690 INFO ===> Specifications: horizon = 600, dt = 0.01, n_substeps = 20, dt_sub = 0.0005
2024-10-08 15:34:18,513 INFO =====> Epoch: 138
2024-10-08 15:34:18,513 INFO =====> EMD Loss: 28.541934967041016
2024-10-08 15:34:18,513 INFO =====> Height map loss: 30.267066955566406
2024-10-08 15:34:18,513 INFO =====> Insertion loss: 0.0
2024-10-08 15:34:18,513 INFO =====> Grad: [ 5.6156167e+03 -3.1170688e+04 -3.4495213e-04 -1.0871755e+04
  6.6701010e-05]
2024-10-08 15:34:18,513 INFO =====> Skill params: [ 0.9304638   0.50670165  0.8317147   0.01465587 -0.08676375]
2024-10-08 15:34:18,513 INFO =====> Num. aborted data so far: 0
2024-10-08 15:34:18,889 INFO ===> New TaichiEnv created.
2024-10-08 15:34:18,889 INFO ===> Specifications: horizon = 600, dt = 0.01, n_substeps = 20, dt_sub = 0.0005
2024-10-08 15:34:48,895 INFO =====> Epoch: 139
2024-10-08 15:34:48,895 INFO =====> EMD Loss: 28.65149688720703
2024-10-08 15:34:48,895 INFO =====> Height map loss: 30.308881759643555
2024-10-08 15:34:48,895 INFO =====> Insertion loss: 0.0
2024-10-08 15:34:48,895 INFO =====> Grad: [-3.6540874e+03  2.0550935e+03  3.5198152e-04 -3.0038654e+04
 -4.7122475e-04]
2024-10-08 15:34:48,895 INFO =====> Skill params: [ 0.930972    0.506633    0.8297563   0.01817862 -0.08596555]
2024-10-08 15:34:48,895 INFO =====> Num. aborted data so far: 0
2024-10-08 15:34:49,264 INFO ===> New TaichiEnv created.
2024-10-08 15:34:49,264 INFO ===> Specifications: horizon = 600, dt = 0.01, n_substeps = 20, dt_sub = 0.0005
2024-10-08 15:35:19,576 INFO =====> Epoch: 140
2024-10-08 15:35:19,576 INFO =====> EMD Loss: 28.711467742919922
2024-10-08 15:35:19,576 INFO =====> Height map loss: 30.38234519958496
2024-10-08 15:35:19,576 INFO =====> Insertion loss: 0.0
2024-10-08 15:35:19,576 INFO =====> Grad: [-8.4745225e+03  3.6547852e+04 -1.4873603e-04 -8.9818872e+02
 -1.1340019e-03]
2024-10-08 15:35:19,576 INFO =====> Skill params: [ 0.9323642   0.50519186  0.8307397   0.01830451 -0.08373903]
2024-10-08 15:35:19,576 INFO =====> Num. aborted data so far: 0
2024-10-08 15:35:19,948 INFO ===> New TaichiEnv created.
2024-10-08 15:35:19,948 INFO ===> Specifications: horizon = 600, dt = 0.01, n_substeps = 20, dt_sub = 0.0005
2024-10-08 15:35:49,587 INFO =====> Epoch: 141
2024-10-08 15:35:49,589 INFO =====> EMD Loss: 28.52051544189453
2024-10-08 15:35:49,589 INFO =====> Height map loss: 30.303035736083984
2024-10-08 15:35:49,589 INFO =====> Insertion loss: 0.0
2024-10-08 15:35:49,589 INFO =====> Grad: [-1.4711802e+05  7.0006312e+05  5.4414184e-03 -9.4083750e+04
  1.7595921e-02]
2024-10-08 15:35:49,589 INFO =====> Skill params: [ 0.94106865  0.4963937   0.82181     0.02620384 -0.09265251]
2024-10-08 15:35:49,589 INFO =====> Num. aborted data so far: 0
2024-10-08 15:35:49,962 INFO ===> New TaichiEnv created.
2024-10-08 15:35:49,962 INFO ===> Specifications: horizon = 600, dt = 0.01, n_substeps = 20, dt_sub = 0.0005
2024-10-08 15:36:19,549 INFO =====> Epoch: 142
2024-10-08 15:36:19,549 INFO =====> EMD Loss: 28.35263442993164
2024-10-08 15:36:19,549 INFO =====> Height map loss: 29.993221282958984
2024-10-08 15:36:19,549 INFO =====> Insertion loss: 0.0
2024-10-08 15:36:19,549 INFO =====> Grad: [-1.5308275e+04  4.3815918e+04 -6.2942272e-04 -6.0569797e+04
 -3.0192800e-04]
2024-10-08 15:36:19,549 INFO =====> Skill params: [ 0.9421437   0.49573725  0.82303345  0.03126322 -0.09246974]
2024-10-08 15:36:19,549 INFO =====> Num. aborted data so far: 0
2024-10-08 15:36:19,921 INFO ===> New TaichiEnv created.
2024-10-08 15:36:19,921 INFO ===> Specifications: horizon = 600, dt = 0.01, n_substeps = 20, dt_sub = 0.0005
2024-10-08 15:36:49,814 INFO =====> Epoch: 143
2024-10-08 15:36:49,814 INFO =====> EMD Loss: 28.27243423461914
2024-10-08 15:36:49,814 INFO =====> Height map loss: 29.969188690185547
2024-10-08 15:36:49,814 INFO =====> Insertion loss: 0.0
2024-10-08 15:36:49,814 INFO =====> Grad: [-9.5555449e+03  1.5327329e+04 -4.2261000e-04 -3.6493148e+04
 -7.3087453e-05]
2024-10-08 15:36:49,814 INFO =====> Skill params: [ 0.9429426   0.4954629   0.82400966  0.03464705 -0.09241687]
2024-10-08 15:36:49,814 INFO =====> Num. aborted data so far: 0
2024-10-08 15:36:50,182 INFO ===> New TaichiEnv created.
2024-10-08 15:36:50,183 INFO ===> Specifications: horizon = 600, dt = 0.01, n_substeps = 20, dt_sub = 0.0005
2024-10-08 15:37:19,906 INFO =====> Epoch: 144
2024-10-08 15:37:19,906 INFO =====> EMD Loss: 28.32549285888672
2024-10-08 15:37:19,906 INFO =====> Height map loss: 29.914073944091797
2024-10-08 15:37:19,906 INFO =====> Insertion loss: 0.0
2024-10-08 15:37:19,906 INFO =====> Grad: [ 4.6776883e+02 -3.0088992e+03  1.2578657e-06 -5.4521538e+03
  5.6496693e-04]
2024-10-08 15:37:19,906 INFO =====> Skill params: [ 0.9428959   0.49552727  0.8240062   0.03524997 -0.09290473]
2024-10-08 15:37:19,906 INFO =====> Num. aborted data so far: 0
2024-10-08 15:37:20,318 INFO ===> New TaichiEnv created.
2024-10-08 15:37:20,318 INFO ===> Specifications: horizon = 600, dt = 0.01, n_substeps = 20, dt_sub = 0.0005
2024-10-08 15:37:50,231 INFO =====> Epoch: 145
2024-10-08 15:37:50,232 INFO =====> EMD Loss: 28.302480697631836
2024-10-08 15:37:50,232 INFO =====> Height map loss: 29.911378860473633
2024-10-08 15:37:50,232 INFO =====> Insertion loss: 0.0
2024-10-08 15:37:50,232 INFO =====> Grad: [-1.2597337e+04  2.0267066e+04  2.6554565e-04 -2.3960682e+04
 -1.4501996e-04]
2024-10-08 15:37:50,232 INFO =====> Skill params: [ 0.9443806   0.49500987  0.82313395  0.03824203 -0.09275508]
2024-10-08 15:37:50,232 INFO =====> Num. aborted data so far: 0
2024-10-08 15:37:50,605 INFO ===> New TaichiEnv created.
2024-10-08 15:37:50,605 INFO ===> Specifications: horizon = 600, dt = 0.01, n_substeps = 20, dt_sub = 0.0005
2024-10-08 15:38:20,379 INFO =====> Epoch: 146
2024-10-08 15:38:20,379 INFO =====> EMD Loss: 28.3455753326416
2024-10-08 15:38:20,379 INFO =====> Height map loss: 29.913379669189453
2024-10-08 15:38:20,379 INFO =====> Insertion loss: 0.0
2024-10-08 15:38:20,379 INFO =====> Grad: [-2.4717925e+03  7.7885610e+03 -3.9093167e-04 -2.8214553e+04
 -4.0930670e-04]
2024-10-08 15:38:20,379 INFO =====> Skill params: [ 0.9447285   0.49477232  0.8246475   0.04206587 -0.092251  ]
2024-10-08 15:38:20,379 INFO =====> Num. aborted data so far: 0
2024-10-08 15:38:20,751 INFO ===> New TaichiEnv created.
2024-10-08 15:38:20,751 INFO ===> Specifications: horizon = 600, dt = 0.01, n_substeps = 20, dt_sub = 0.0005
2024-10-08 15:38:50,663 INFO =====> Epoch: 147
2024-10-08 15:38:50,663 INFO =====> EMD Loss: 28.38665199279785
2024-10-08 15:38:50,663 INFO =====> Height map loss: 29.85660743713379
2024-10-08 15:38:50,663 INFO =====> Insertion loss: 0.0
2024-10-08 15:38:50,663 INFO =====> Grad: [ 2.4538145e+04 -1.3933188e+05  1.1152017e-03  1.5168159e+04
  8.0770631e-05]
2024-10-08 15:38:50,663 INFO =====> Skill params: [ 0.9409669   0.49921104  0.820155    0.03969328 -0.09236988]
2024-10-08 15:38:50,663 INFO =====> Num. aborted data so far: 0
2024-10-08 15:38:51,056 INFO ===> New TaichiEnv created.
2024-10-08 15:38:51,056 INFO ===> Specifications: horizon = 600, dt = 0.01, n_substeps = 20, dt_sub = 0.0005
2024-10-08 15:39:20,823 INFO =====> Epoch: 148
2024-10-08 15:39:20,823 INFO =====> EMD Loss: 28.37090301513672
2024-10-08 15:39:20,823 INFO =====> Height map loss: 30.018470764160156
2024-10-08 15:39:20,823 INFO =====> Insertion loss: 0.0
2024-10-08 15:39:20,823 INFO =====> Grad: [ 4.2644941e+03 -2.1265201e+04 -5.6361681e-04 -4.1831000e+04
  2.1235273e-05]
2024-10-08 15:39:20,824 INFO =====> Skill params: [ 0.9401884   0.5000176   0.82275623  0.0456324  -0.09240723]
2024-10-08 15:39:20,824 INFO =====> Num. aborted data so far: 0
2024-10-08 15:39:21,214 INFO ===> New TaichiEnv created.
2024-10-08 15:39:21,214 INFO ===> Specifications: horizon = 600, dt = 0.01, n_substeps = 20, dt_sub = 0.0005
2024-10-08 15:39:50,926 INFO =====> Epoch: 149
2024-10-08 15:39:50,926 INFO =====> EMD Loss: 28.361295700073242
2024-10-08 15:39:50,926 INFO =====> Height map loss: 29.961593627929688
2024-10-08 15:39:50,926 INFO =====> Insertion loss: 0.0
2024-10-08 15:39:50,926 INFO =====> Grad: [-1.0325454e+03  8.3129111e+03 -2.4741999e-04 -3.4686312e+04
 -2.1330254e-04]
2024-10-08 15:39:50,926 INFO =====> Skill params: [ 0.94041365  0.49964106  0.82410604  0.05057936 -0.09195928]
2024-10-08 15:39:50,926 INFO =====> Num. aborted data so far: 0
2024-10-08 15:39:50,928 INFO ====> Finished training.
2024-10-08 15:39:50,928 INFO ====> Final EMD loss: 28.361295700073242
2024-10-08 15:39:50,928 INFO ====> Final height map loss: 29.961593627929688
2024-10-08 15:39:50,928 INFO ====> Final insertion loss: 0.0
2024-10-08 15:39:50,928 INFO ====> Final skill params: [ 0.94041365  0.49964106  0.82410604  0.05057936 -0.09195928]
